window,roundNo,homeTeam,awayTeam,actual,temperature,rawPrediction,calibratedPrediction,rawProbA,rawProbD,rawProbH,calibratedProbA,calibratedProbD,calibratedProbH
1,1559,山口,0,D,2.450000000000002,A,A,0.5564064946857737,0.2050251844320634,0.23856832088216282,0.42139441168206737,0.28035952204152925,0.2982460662764033
1,1559,セレッソ大阪,3,H,2.450000000000002,H,H,0.21132089725118502,0.2979956750749455,0.49068342767386935,0.28082285822997227,0.32311563379065245,0.3960615079793753
1,1560,ファジアーノ岡山,柏レイソル,H,2.450000000000002,A,A,0.5450416385288761,0.1673389228385082,0.28761943863261563,0.4187755632543565,0.25861985088537215,0.32260458586027124
1,1560,清水エスパルス,横浜F・マリノス,A,2.450000000000002,H,H,0.2500875452124175,0.16017010037571194,0.5897423544118705,0.3074088626582215,0.2562904710373952,0.4363006663043832
1,1560,町田,セレッソ大阪,H,2.450000000000002,A,A,0.6154784981542374,0.21831152238811447,0.16620997945764815,0.4462100407174497,0.2922875159220138,0.2615024433605366
1,1560,モンテディオ山形,いわきFC,H,2.450000000000002,A,A,0.5081600034803893,0.13387319234321915,0.3579668041763915,0.4086782845320674,0.23709903274393235,0.3542226827240003
1,1560,愛媛FC,大宮,A,2.450000000000002,A,A,0.7210341282236984,0.11194158992109543,0.16702428185520612,0.49553653241965145,0.23167872085326502,0.27278474672708347
1,1560,京都サンガF.C.,東京ヴェルディ,H,2.450000000000002,H,H,0.2520118130947568,0.15850770134580588,0.5894804855594373,0.3084353137780441,0.255253697956347,0.43631098826560893
1,1560,アルビレックス新潟,川崎フロンターレ,A,2.450000000000002,H,H,0.35580543871060255,0.14489760398414922,0.4992969573052482,0.3519459308474209,0.24391049514168123,0.40414357401089784
1,1560,ヴィッセル神戸,横浜FC,A,2.450000000000002,A,A,0.37977626881785675,0.2983141808067509,0.3219095503753924,0.35200027828535424,0.31896680377407155,0.3290329179405741
1,1560,浦和レッズ,名古屋グランパス,H,2.450000000000002,H,H,0.2953482029912804,0.1953227835943167,0.5093290134144027,0.32322719674141,0.2730293616674288,0.4037434415911612
1,1560,山口,ベガルタ仙台,D,2.450000000000002,A,A,0.4964678886135482,0.3062990311413955,0.19723308024505634,0.3988594708868385,0.32749862734034857,0.27364190177281306
1,1560,サンフレッチェ広島,ガンバ大阪,H,2.450000000000002,H,H,0.3087320708797847,0.14000942267385977,0.5512585064463554,0.3343237895748954,0.24209957288868364,0.423576637536421
1,1560,湘南ベルマーレ,FC東京,D,2.450000000000002,H,H,0.26486670985173116,0.3653216599585844,0.3698116301896844,0.304303325139898,0.3469811644849368,0.34871551037516524
1,1560,鹿島アントラーズ,アビスパ福岡,H,2.450000000000002,A,A,0.6214062677431855,0.21649767595576974,0.16209605630104468,0.44881460108808596,0.2918501218280214,0.2593352770838926
1,1561,サンフレッチェ広島,0,D,2.450000000000002,H,H,0.16300178870859316,0.17471050947237077,0.6622877018190361,0.26309451055186617,0.2706502188281148,0.466255270620019
1,1561,町田,3,H,2.450000000000002,H,H,0.29201758305859815,0.24242393532016698,0.46555848162123475,0.3188216566818662,0.2954980006289199,0.385680342689214
1,1562,横浜F・マリノス,町田,D,2.450000000000002,A,A,0.5951791196637479,0.17143157408665313,0.2333893062495988,0.4378086798785205,0.26342009910813935,0.2987712210133402
1,1562,アビスパ福岡,清水エスパルス,H,2.450000000000002,H,H,0.20358463466258062,0.22999080449458015,0.5664245608428392,0.28015601962355,0.29445471969333803,0.42538926068311195
1,1562,ファジアーノ岡山,湘南ベルマーレ,H,2.450000000000002,H,H,0.16240480794971596,0.19113465446233602,0.6464605375879481,0.2613585978192026,0.27932543694597445,0.4593159652348229
1,1562,徳島ヴォルティス,モンテディオ山形,H,2.450000000000002,H,H,0.29758243905458337,0.13453515637799243,0.5678824045674242,0.33057278166874327,0.2390804290160012,0.43034678931525555
1,1562,名古屋グランパス,川崎フロンターレ,A,2.450000000000002,A,A,0.5150326980964768,0.14369211563284814,0.341275186270675,0.4099579805252184,0.24347415676410625,0.3465678627106753
1,1562,東京ヴェルディ,サンフレッチェ広島,A,2.450000000000002,H,H,0.34499143269625476,0.1405884263434409,0.5144201409603044,0.34839037644197707,0.2415127891681902,0.41009683438983274
1,1562,アルビレックス新潟,鹿島アントラーズ,A,2.450000000000002,A,A,0.6212045076584353,0.12082590631384735,0.25796958602771747,0.4522497968158131,0.23181624967030517,0.3159339535138818
1,1562,ガンバ大阪,横浜FC,H,2.450000000000002,H,H,0.292676425053985,0.20329249371998181,0.5040310812260332,0.32152341394007433,0.2770856754750494,0.4013909105848762
1,1562,FC東京,京都サンガF.C.,A,2.450000000000002,H,H,0.4134049692866707,0.12616473075117166,0.4604302999621577,0.3757977301872918,0.231510880502089,0.3926913893106192
1,1562,ヴァンフォーレ甲府,北海道コンサドーレ札幌,A,2.450000000000002,H,H,0.26765234762343754,0.12140288442893926,0.6109447679476232,0.3200253804438107,0.231763376629856,0.44821124292633324
1,1562,ブラウブリッツ秋田,FC今治,A,2.450000000000002,A,A,0.7451963617637906,0.1319749938388349,0.12282864439737448,0.5069865484851757,0.2501196627437074,0.2428937887711168
1,1562,セレッソ大阪,ヴィッセル神戸,D,2.450000000000002,H,H,0.3362265998659402,0.24474670578654933,0.4190266943475104,0.3364228703331259,0.29552456578659175,0.36805256388028224
1,1562,ベガルタ仙台,ジェフユナイテッド千葉,H,2.450000000000002,A,A,0.5526650880224651,0.12505619148536481,0.3222787204921701,0.42595776136873603,0.2322499257583326,0.3417923128729314
1,1563,FC東京,2,A,2.450000000000002,H,H,0.2279907309582883,0.325367237595206,0.4466420314465057,0.2880133126548127,0.33300908695688736,0.3789776003883
1,1563,町田,3,H,2.450000000000002,H,H,0.3096509652376456,0.2044365108730435,0.48591252388931083,0.32829661396919985,0.2771206324330442,0.394582753597756
1,1563,名古屋グランパス,2,A,2.450000000000002,H,H,0.23330386588112034,0.27801215939928525,0.48868397471959424,0.2918468979941414,0.31349700065174124,0.39465610135411733
1,1564,徳島ヴォルティス,ブラウブリッツ秋田,D,2.450000000000002,A,A,0.43525375580036174,0.38744995292119766,0.17729629127844057,0.3778250279821511,0.3603026801044535,0.2618722919133954
1,1564,ヴィッセル神戸,横浜F・マリノス,H,2.450000000000002,H,H,0.2357962752432073,0.20066498254681892,0.5635387422099738,0.2973238281170804,0.27837588725587176,0.4243002846270479
1,1564,京都サンガF.C.,ファジアーノ岡山,H,2.450000000000002,A,A,0.5142536326714416,0.2590267713979162,0.22671959593064217,0.40458009253545196,0.3058018691227679,0.2896180383417802
1,1564,川崎フロンターレ,町田,H,2.450000000000002,A,A,0.5583916891705601,0.10853320747995139,0.33307510334948837,0.43060790257833215,0.22066035832612665,0.3487317390955412
1,1564,清水エスパルス,鹿島アントラーズ,D,2.450000000000002,A,A,0.5055233941672324,0.1789939290698043,0.31548267676296327,0.40330509770316947,0.2639925604176669,0.3327023418791636
1,1564,湘南ベルマーレ,ガンバ大阪,A,2.450000000000002,A,A,0.4232757967687658,0.2606193147942264,0.31610488843700785,0.3692655046154935,0.30295120438192213,0.32778329100258424
1,1564,横浜FC,東京ヴェルディ,H,2.450000000000002,H,H,0.20080407990749338,0.2245116754628423,0.5746842446296643,0.2791268079780923,0.2921351080823113,0.4287380839395964
1,1564,柏レイソル,アビスパ福岡,H,2.450000000000002,A,A,0.6280415175646841,0.2231219086259253,0.14883657380939053,0.4522640348329361,0.2964453549207147,0.2512906102463492
1,1564,セレッソ大阪,サンフレッチェ広島,D,2.450000000000002,H,H,0.30138549917886664,0.1436962585938093,0.5549182422273241,0.3309021390474149,0.24456983121896683,0.42452802973361825
1,1564,富山,熊本,A,2.450000000000002,H,H,0.20862633430088412,0.32361035613063266,0.4677633095684832,0.2788162160588311,0.3335306085558119,0.387653175385357
1,1564,モンテディオ山形,サガン鳥栖,H,2.450000000000002,H,H,0.4152359918810399,0.14883494994725283,0.43592905817170735,0.3734272519375666,0.24565890570060997,0.38091384236182346
1,1564,浦和レッズ,アルビレックス新潟,H,2.450000000000002,A,A,0.3716213776040967,0.30524157467080215,0.3231370477251011,0.3487526006331571,0.321837795791829,0.32940960357501403
1,1564,名古屋グランパス,FC東京,A,2.450000000000002,H,H,0.24472602428038898,0.2477886462454299,0.5074853294741811,0.2983447718733627,0.29986309750733336,0.4017921306193039
1,1565,横浜F・マリノス,1,H,2.450000000000002,H,H,0.22414123874031777,0.3508603214531004,0.42499843980658175,0.28578649633046577,0.34314318118901443,0.3710703224805197
1,1565,横浜FC,2,A,2.450000000000002,H,H,0.18249705562402366,0.15084390648667034,0.6666590378893059,0.2760844949568545,0.2554320855885253,0.4684834194546202
1,1565,浦和レッズ,1,H,2.450000000000002,H,H,0.169029715073869,0.1754724141627621,0.655497870763369,0.2663697574636352,0.2704679757661689,0.463162266770196
1,1566,川崎フロンターレ,浦和レッズ,D,2.450000000000002,A,A,0.4947985080659243,0.1888248922307554,0.3163765997033202,0.39871619748875237,0.26909211131829397,0.3321916911929536
1,1566,サンフレッチェ広島,湘南ベルマーレ,H,2.450000000000002,H,H,0.293478540827641,0.319018732295779,0.38750272687657994,0.31698069647325133,0.32796279897666086,0.3550565045500878
1,1566,柏レイソル,横浜F・マリノス,A,2.450000000000002,A,A,0.5309564309113488,0.23032910108431287,0.23871446800433838,0.41105990427449557,0.2923211167570646,0.29661897896843975
1,1566,FC琉球,群馬,H,2.450000000000002,A,A,0.5347081634723604,0.1550514927453362,0.3102403437823033,0.4159577617149132,0.2509596976344568,0.33308254065063003
1,1566,奈良,讃岐,H,2.450000000000002,A,A,0.43552100987823195,0.2426785177348164,0.32180047238695164,0.3743267618748234,0.2948400516781998,0.33083318644697685
1,1566,八戸,沼津,H,2.450000000000002,H,H,0.3666319173540293,0.21159299707763646,0.4217750855683342,0.3499097442476303,0.2795861391367534,0.37050411661561633
1,1566,鳥取,福島,A,2.450000000000002,A,A,0.4617556226737969,0.21570962129884702,0.322534756027356,0.3850999645336169,0.2822656956641583,0.33263433980222484
1,1566,相模原,長野,H,2.450000000000002,A,A,0.5280771098270389,0.2421912032508523,0.22973168692210866,0.4099293867094303,0.2982152703771593,0.2918553429134104
1,1566,金沢,FC大阪,H,2.450000000000002,A,A,0.4659900245374665,0.11082506499470665,0.42318491046782664,0.3971614611144134,0.22099370642991015,0.38184483245567635
1,1566,栃木シティ,松本,H,2.450000000000002,H,H,0.22907571747967204,0.2931227312357887,0.4778015512845391,0.2893683621972646,0.3200024238776494,0.3906292139250861
1,1566,北九州,岐阜,A,2.450000000000002,H,H,0.3791991073649908,0.19175096984130707,0.42904992279370213,0.356028221983893,0.2695349858518279,0.37443679216427905
1,1566,鹿児島,高知,H,2.450000000000002,A,A,0.5173081401049816,0.10802200291964095,0.3746698569753775,0.41592369700836473,0.2194653056723668,0.36461099731926855
1,1566,ヴィッセル神戸,横浜FC,H,2.450000000000002,H,H,0.3208417860914099,0.29599593249235745,0.3831622814162326,0.3286469490233553,0.31801073120537415,0.35334231977127056
1,1567,ﾍﾟﾙｰ,ﾊﾟﾗｸﾞｱ,A,2.450000000000002,A,A,0.3728167462674469,0.2568827721638839,0.3703004815686691,0.35011500097913084,0.3007364386983134,0.3491485603225558
1,1567,ｷﾞﾘｼｬ,ﾃﾞﾝﾏｰｸ,A,2.450000000000002,A,A,0.3728167462674469,0.2568827721638839,0.3703004815686691,0.35011500097913084,0.3007364386983134,0.3491485603225558
1,1567,ﾊﾝｶﾞﾘｰ,ﾎﾟﾙﾄｶﾞ,A,2.450000000000002,A,A,0.3728167462674469,0.2568827721638839,0.3703004815686691,0.35011500097913084,0.3007364386983134,0.3491485603225558
1,1567,ｴｸｱﾄﾞﾙ,ｱﾙｾﾞﾝﾁ,H,2.450000000000002,A,A,0.3728167462674469,0.2568827721638839,0.3703004815686691,0.35011500097913084,0.3007364386983134,0.3491485603225558
1,1567,ﾎﾞｽﾆｱ,ｵｰｽﾄﾘｱ,A,2.450000000000002,A,A,0.3728167462674469,0.2568827721638839,0.3703004815686691,0.35011500097913084,0.3007364386983134,0.3491485603225558
1,1567,ｾﾙﾋﾞｱ,ｲﾝｸﾞﾗﾝ,A,2.450000000000002,A,A,0.3728167462674469,0.2568827721638839,0.3703004815686691,0.35011500097913084,0.3007364386983134,0.3491485603225558
1,1567,ｽｲｽ,ｽﾛﾍﾞﾆｱ,H,2.450000000000002,A,A,0.3728167462674469,0.2568827721638839,0.3703004815686691,0.35011500097913084,0.3007364386983134,0.3491485603225558
1,1567,ﾁﾘ,ｳﾙｸﾞｱｲ,D,2.450000000000002,A,A,0.3728167462674469,0.2568827721638839,0.3703004815686691,0.35011500097913084,0.3007364386983134,0.3491485603225558
1,1567,ﾎﾞﾘﾋﾞｱ,ﾌﾞﾗｼﾞﾙ,H,2.450000000000002,A,A,0.3728167462674469,0.2568827721638839,0.3703004815686691,0.35011500097913084,0.3007364386983134,0.3491485603225558
1,1567,ﾌﾗﾝｽ,ｱｲｽﾗﾝ,H,2.450000000000002,A,A,0.3728167462674469,0.2568827721638839,0.3703004815686691,0.35011500097913084,0.3007364386983134,0.3491485603225558
1,1567,ｺｿﾎﾞ,ｽｳｪﾃﾞﾝ,H,2.450000000000002,A,A,0.3728167462674469,0.2568827721638839,0.3703004815686691,0.35011500097913084,0.3007364386983134,0.3491485603225558
1,1567,ﾍﾞﾈｽﾞｴ,ｺﾛﾝﾋﾞｱ,A,2.450000000000002,A,A,0.3728167462674469,0.2568827721638839,0.3703004815686691,0.35011500097913084,0.3007364386983134,0.3491485603225558
1,1567,ｸﾛｱﾁｱ,ﾓﾝﾃﾈｸﾞ,H,2.450000000000002,A,A,0.3728167462674469,0.2568827721638839,0.3703004815686691,0.35011500097913084,0.3007364386983134,0.3491485603225558
1,1568,ヴァンフォーレ甲府,サガン鳥栖,A,2.450000000000002,H,H,0.3416115562444699,0.24165994686664272,0.4167284968888873,0.3386670946102528,0.29404559948054176,0.36728730590920544
1,1568,モンテディオ山形,富山,H,2.450000000000002,H,H,0.2253333154558126,0.15684801667356676,0.6178186678706207,0.2965699460741543,0.2558021131922534,0.4476279407335923
1,1568,藤枝MYFC,大分,D,2.450000000000002,A,A,0.41169981109503895,0.2519658814831778,0.3363343074217833,0.3650722488479694,0.29877380837591744,0.33615394277611305
1,1568,山口,ジェフユナイテッド千葉,H,2.450000000000002,A,A,0.4728694762069786,0.20173178910763953,0.3253987346853819,0.3898916596550479,0.2753829388935503,0.3347254014514018
1,1568,ブラウブリッツ秋田,愛媛FC,H,2.450000000000002,H,H,0.31188276482164,0.2776268140284745,0.4104904211498855,0.32549098287423517,0.3103948348314818,0.364114182294283
1,1568,ベガルタ仙台,水戸ホーリーホック,D,2.450000000000002,H,H,0.41592013845063014,0.15636227322076546,0.4277175883286043,0.3728196334239538,0.2500801344365255,0.37710023213952076
1,1568,鹿島アントラーズ,湘南ベルマーレ,H,2.450000000000002,A,A,0.35366075490482923,0.31496680915672776,0.33137243593844296,0.3415782224911355,0.325799602563302,0.33262217494556245
1,1568,横浜F・マリノス,川崎フロンターレ,A,2.450000000000002,A,A,0.5598917209793233,0.18625289695203595,0.2538553820686408,0.42333480274081753,0.27013541288396525,0.30652978437521716
1,1568,アビスパ福岡,セレッソ大阪,H,2.450000000000002,H,H,0.17495804854440603,0.1422519480227931,0.6827900034328008,0.2730534072790624,0.25093638634864296,0.47601020637229474
1,1568,大宮,V・ファーレン長崎,A,2.450000000000002,A,A,0.5425999665729695,0.12662468558649542,0.33077534784053503,0.4220774672873661,0.23304980632726438,0.3448727263853696
1,1568,アルビレックス新潟,清水エスパルス,A,2.450000000000002,H,H,0.23807619641542288,0.32338066609216465,0.43854313749241236,0.2927131733623426,0.33168604272777064,0.37560078390988677
1,1568,ファジアーノ岡山,名古屋グランパス,A,2.450000000000002,H,H,0.1771543813989433,0.25907680736580774,0.563768811235249,0.2651237251750521,0.3096184364499799,0.425257838374968
1,1568,ガンバ大阪,浦和レッズ,H,2.450000000000002,H,H,0.33199746720917545,0.12350491460540133,0.5444976181854232,0.34582089832965685,0.23097517439219176,0.4232039272781514
2,1570,横浜FC,アルビレックス新潟,A,1.1000000000000005,H,H,0.17972408048073743,0.24487056617865072,0.5754053533406118,0.192125940277524,0.2545097792292344,0.5533642804932417
2,1570,ベガルタ仙台,モンテディオ山形,H,1.1000000000000005,A,A,0.541707779067686,0.11540519152048477,0.3428870294118292,0.5249237669506727,0.1287080103044771,0.3463682227448502
2,1570,愛媛FC,ジェフユナイテッド千葉,A,1.1000000000000005,A,A,0.6674606099114796,0.12323348505644673,0.2093059050320735,0.6394963708464341,0.137670501010939,0.22283312814262707
2,1570,セレッソ大阪,柏レイソル,D,1.1000000000000005,A,A,0.4410409095888284,0.14320781764692572,0.4157512727642457,0.43338858455387325,0.1558746583376962,0.41073675710843055
2,1570,いわきFC,水戸ホーリーホック,D,1.1000000000000005,A,A,0.5067353118188922,0.20726403103667929,0.28600065714442857,0.4906357795372027,0.2176697602241159,0.29169446023868145
2,1570,徳島ヴォルティス,北海道コンサドーレ札幌,A,1.1000000000000005,A,A,0.4780424861704464,0.1016714901185648,0.4202860237109888,0.4685258603668529,0.11470476750294296,0.41676937213020404
2,1570,京都サンガF.C.,清水エスパルス,A,1.1000000000000005,D,D,0.319822217899862,0.39016775943384974,0.2900100226662882,0.3212347470283993,0.38487165171799476,0.29389360125360586
2,1570,名古屋グランパス,湘南ベルマーレ,H,1.1000000000000005,H,H,0.22190769052335935,0.17934709156327805,0.5987452179133624,0.2331344493403801,0.1921036113115209,0.5747619393480989
2,1570,ヴァンフォーレ甲府,ブラウブリッツ秋田,D,1.1000000000000005,H,H,0.2835883938917379,0.26659126271082495,0.4498203433974372,0.2884847203921833,0.2727222086678172,0.4387930709399995
2,1570,東京ヴェルディ,ファジアーノ岡山,H,1.1000000000000005,H,H,0.2336959093345422,0.25946014471850964,0.5068439459469481,0.24264982303063914,0.26685200782653234,0.49049816914282846
2,1570,浦和レッズ,鹿島アントラーズ,A,1.1000000000000005,A,A,0.4536642943315133,0.1090248530322863,0.4373108526362003,0.446278329723243,0.12209234771292225,0.43162932256383485
2,1570,横浜F・マリノス,アビスパ福岡,H,1.1000000000000005,H,H,0.27682436177449254,0.08770260232080071,0.6354730359047067,0.287334338595693,0.10105941464855907,0.6116062467557479
2,1570,川崎フロンターレ,FC東京,A,1.1000000000000005,A,A,0.4530615737627208,0.3172218043240714,0.22971662191320785,0.4419777872631109,0.3196527499067542,0.23836946283013505
2,1571,ガンバ大阪,横浜F・マリノス,H,1.1000000000000005,H,H,0.31833985413799537,0.168388407698818,0.5132717381631866,0.32213319690535147,0.1805511210125279,0.49731568208212074
2,1571,FC東京,アビスパ福岡,A,1.1000000000000005,H,H,0.33062603394522855,0.13267166624651208,0.5367022998082593,0.3345202135679232,0.14585264428747124,0.5196271421446055
2,1571,京都サンガF.C.,町田,D,1.1000000000000005,A,A,0.4879372664036311,0.1487812482990542,0.36328148529731463,0.47518405959405424,0.1614129658636725,0.3634029745422733
2,1571,柏レイソル,サンフレッチェ広島,D,1.1000000000000005,A,A,0.6051759165071876,0.08275832632807033,0.312065757164742,0.5842738938937994,0.0957410876532171,0.3199850184529836
2,1571,アルビレックス新潟,名古屋グランパス,H,1.1000000000000005,H,H,0.2573715714574085,0.18205015408116,0.5605782744614316,0.26601119762570596,0.1941781466921224,0.5398106556821717
2,1572,ヴィッセル神戸,清水エスパルス,H,1.1000000000000005,H,H,0.3053326600411218,0.15757882907702778,0.5370885108818503,0.3106486812911691,0.17025899552860327,0.5190923231802276
2,1572,セレッソ大阪,京都サンガF.C.,A,1.1000000000000005,H,H,0.282583692338931,0.17373526412202714,0.5436810435390419,0.28939752753357734,0.18596922191223003,0.5246332505541927
2,1572,FC今治,サガン鳥栖,D,1.1000000000000005,A,A,0.47149079469471966,0.09541446449714759,0.4330947408081327,0.4630300554316697,0.10834983948275768,0.42862010508557263
2,1572,富山,徳島ヴォルティス,A,1.1000000000000005,A,A,0.5842279311691958,0.13303375828512434,0.2827383105456798,0.5626022107727853,0.14655512830406034,0.29084266092315436
2,1572,ブラウブリッツ秋田,V・ファーレン長崎,D,1.1000000000000005,A,A,0.5579980885549755,0.16982540225475365,0.27217650919027087,0.5376992531217297,0.18233739377793,0.2799633531003403
2,1572,FC東京,横浜F・マリノス,A,1.1000000000000005,H,H,0.2202955412279646,0.20975889080195154,0.5699455679700838,0.23097765513834556,0.22091218374632374,0.5481101611153307
2,1572,川崎フロンターレ,柏レイソル,D,1.1000000000000005,A,A,0.5284761471263222,0.11412370056012475,0.35740015231355304,0.5130835926106112,0.1273656092663153,0.35955079812307356
2,1572,横浜FC,湘南ベルマーレ,H,1.1000000000000005,H,H,0.19205251888972885,0.2497919587046506,0.5581555224056204,0.20376718310239264,0.2587704297740631,0.5374623871235442
2,1572,アビスパ福岡,サンフレッチェ広島,A,1.1000000000000005,A,A,0.526610319795739,0.19244827883123072,0.2809414013730301,0.5088235150312856,0.20376756314854363,0.2874089218201707
2,1572,東京ヴェルディ,浦和レッズ,D,1.1000000000000005,H,H,0.23414287355749866,0.17844828778802546,0.5874088386544759,0.24457614684808326,0.19106007960012608,0.5643637735517907
2,1572,名古屋グランパス,鹿島アントラーズ,A,1.1000000000000005,A,A,0.47955839866124683,0.15635403833549075,0.3640875630032624,0.46740449549714314,0.16873644166266175,0.363859062840195
2,1572,町田,ファジアーノ岡山,H,1.1000000000000005,H,H,0.25546897494617277,0.22183536785810634,0.522695657195721,0.2633889101591027,0.2316666432471849,0.5049444465937124
2,1572,ガンバ大阪,アルビレックス新潟,H,1.1000000000000005,A,A,0.4215480576011147,0.3442705926227243,0.23418134977616092,0.4135858580671062,0.34404378093086696,0.24237036100202683
2,1574,熊本,いわきFC,A,1.1000000000000005,H,H,0.3126259409090855,0.1558126862732108,0.5315613728177035,0.3173413609831231,0.1684990319595286,0.5141596070573483
2,1574,徳島ヴォルティス,FC今治,H,1.1000000000000005,A,A,0.4923692703373648,0.14597089989239107,0.36165982977024413,0.4792629611266631,0.15869069181032425,0.36204634706301275
2,1574,ブラウブリッツ秋田,大分,D,1.1000000000000005,H,H,0.23190187314287325,0.14281024294131167,0.6252878839158149,0.24346183373264685,0.15668464409910704,0.5998535221682461
2,1574,北海道コンサドーレ札幌,モンテディオ山形,A,1.1000000000000005,H,H,0.3971650839264995,0.20190582083105058,0.40092909524244996,0.3922756334842596,0.2120704811924998,0.3956538853232406
2,1574,浦和レッズ,ヴィッセル神戸,H,1.1000000000000005,A,A,0.3709147301312465,0.2861507925440294,0.342934477324724,0.36750300969745786,0.2902854909648572,0.3422114993376849
2,1574,アビスパ福岡,横浜FC,H,1.1000000000000005,H,H,0.3350183503385271,0.17146331870487969,0.49351833095659314,0.33714641283146973,0.18338608886303573,0.47946749830549446
2,1574,名古屋グランパス,セレッソ大阪,H,1.1000000000000005,H,H,0.29640446025700345,0.14352180178140406,0.5600737379615924,0.3029788555650436,0.15670354262093983,0.5403176018140166
2,1574,京都サンガF.C.,川崎フロンターレ,D,1.1000000000000005,H,H,0.4417297807681547,0.08643285535000918,0.47183736388183617,0.4369246221848526,0.0991598302141674,0.4639155476009799
2,1574,柏レイソル,横浜F・マリノス,H,1.1000000000000005,A,A,0.5518416290533938,0.20280428284002605,0.24535408810658,0.5315965285541453,0.21397664581715872,0.254426825628696
2,1574,サンフレッチェ広島,町田,H,1.1000000000000005,A,A,0.6006591776809616,0.07142126895828463,0.32791955336075385,0.5810184483216632,0.08384209947531435,0.3351394522030225
2,1574,アルビレックス新潟,ファジアーノ岡山,A,1.1000000000000005,H,H,0.19726662526151953,0.21796699682945214,0.5847663779090282,0.2091847135787108,0.2290484365118921,0.5617668499093972
2,1574,清水エスパルス,FC東京,H,1.1000000000000005,H,H,0.3519105583372411,0.22976592947904667,0.4183235121837121,0.35101317246521474,0.23823647961005456,0.41075034792473075
2,1574,鹿島アントラーズ,ガンバ大阪,D,1.1000000000000005,A,A,0.5842350653303295,0.24412319672885446,0.17164173794081597,0.5615630998066328,0.2540227357252418,0.18441416446812536
2,1575,横浜FC,0,D,1.1000000000000005,H,H,0.1416795180432109,0.21208219761315372,0.6462382843436354,0.15584889256289478,0.22489191968312094,0.6192591877539843
2,1575,川崎フロンターレ,3,H,1.1000000000000005,H,H,0.3266481694767285,0.1620485460738867,0.5113032844493848,0.3298631136717128,0.1744112848350906,0.4957256014931967
2,1576,ｺｿﾎﾞ,ｽﾛﾍﾞﾆｱ,D,1.1000000000000005,A,A,0.3754143145112117,0.2568332982006592,0.367752387288129,0.3718048743300959,0.26329511826756796,0.36490000740233625
2,1576,ﾏﾙﾀ,ｵﾗﾝﾀﾞ,A,1.1000000000000005,A,A,0.3754143145112117,0.2568332982006592,0.367752387288129,0.3718048743300959,0.26329511826756796,0.36490000740233625
2,1576,ﾌｪﾛｰ,ﾓﾝﾃﾈｸﾞ,H,1.1000000000000005,A,A,0.3754143145112117,0.2568332982006592,0.367752387288129,0.3718048743300959,0.26329511826756796,0.36490000740233625
2,1576,ﾍﾞﾙｷﾞｰ,北マケ,D,1.1000000000000005,A,A,0.3754143145112117,0.2568332982006592,0.367752387288129,0.3718048743300959,0.26329511826756796,0.36490000740233625
2,1576,ｵｰｽﾄﾘｱ,ｻﾝﾏﾘﾉ,H,1.1000000000000005,A,A,0.3754143145112117,0.2568332982006592,0.367752387288129,0.3718048743300959,0.26329511826756796,0.36490000740233625
2,1576,ﾄﾞｲﾂ,ﾙｸｾﾝﾌﾞ,H,1.1000000000000005,A,A,0.3754143145112117,0.2568332982006592,0.367752387288129,0.3718048743300959,0.26329511826756796,0.36490000740233625
2,1576,ﾌｨﾝﾗﾝ,ﾘﾄｱﾆｱ,H,1.1000000000000005,A,A,0.3754143145112117,0.2568332982006592,0.367752387288129,0.3718048743300959,0.26329511826756796,0.36490000740233625
2,1576,ﾌﾗﾝｽ,ｱｾﾞﾙﾊﾞ,H,1.1000000000000005,A,A,0.3754143145112117,0.2568332982006592,0.367752387288129,0.3718048743300959,0.26329511826756796,0.36490000740233625
2,1576,ｽｳｪﾃﾞﾝ,ｽｲｽ,A,1.1000000000000005,A,A,0.3754143145112117,0.2568332982006592,0.367752387288129,0.3718048743300959,0.26329511826756796,0.36490000740233625
2,1576,ｷﾌﾟﾛｽ,ﾎﾞｽﾆｱ,D,1.1000000000000005,A,A,0.3754143145112117,0.2568332982006592,0.367752387288129,0.3718048743300959,0.26329511826756796,0.36490000740233625
2,1576,ｽｺｯﾄﾗﾝ,ｷﾞﾘｼｬ,A,1.1000000000000005,A,A,0.3754143145112117,0.2568332982006592,0.367752387288129,0.3718048743300959,0.26329511826756796,0.36490000740233625
2,1576,ﾁｪｺ,ｸﾛｱﾁｱ,H,1.1000000000000005,A,A,0.3754143145112117,0.2568332982006592,0.367752387288129,0.3718048743300959,0.26329511826756796,0.36490000740233625
2,1576,北アイ,ｽﾛﾊﾞｷｱ,H,1.1000000000000005,A,A,0.3754143145112117,0.2568332982006592,0.367752387288129,0.3718048743300959,0.26329511826756796,0.36490000740233625
2,1577,北九州,鹿児島,D,1.1000000000000005,H,H,0.26936816083119663,0.2953409109676808,0.43529092820112236,0.2751588220795638,0.2991758173656891,0.42566536055474713
2,1577,柏レイソル,川崎フロンターレ,A,1.1000000000000005,A,A,0.5849478251725391,0.07912451458685589,0.335927660240605,0.5661771361725867,0.09186046206731635,0.3419624017600969
2,1577,サンフレッチェ広島,横浜FC,H,1.1000000000000005,D,D,0.30324267848176983,0.42416495369161145,0.2725923678266187,0.30633409677458695,0.41561412708463313,0.2780517761407799
2,1577,栃木SC,福島,H,1.1000000000000005,H,H,0.35667181683477533,0.1493682088653993,0.4939599742998253,0.3574257365510337,0.16200924641646341,0.4805650170325028
2,1578,北マケ,ｶｻﾞﾌ,D,1.1000000000000005,A,A,0.3754143145112117,0.2568332982006592,0.367752387288129,0.3718048743300959,0.26329511826756796,0.36490000740233625
2,1578,ﾘﾄｱﾆｱ,ﾎﾟｰﾗﾝ,A,1.1000000000000005,A,A,0.3754143145112117,0.2568332982006592,0.367752387288129,0.3718048743300959,0.26329511826756796,0.36490000740233625
2,1578,ﾌｪﾛｰ,ﾁｪｺ,H,1.1000000000000005,A,A,0.3754143145112117,0.2568332982006592,0.367752387288129,0.3718048743300959,0.26329511826756796,0.36490000740233625
2,1578,ｸﾛｱﾁｱ,ｼﾞﾌﾞﾗﾙ,H,1.1000000000000005,A,A,0.3754143145112117,0.2568332982006592,0.367752387288129,0.3718048743300959,0.26329511826756796,0.36490000740233625
2,1578,北アイ,ﾄﾞｲﾂ,A,1.1000000000000005,A,A,0.3754143145112117,0.2568332982006592,0.367752387288129,0.3718048743300959,0.26329511826756796,0.36490000740233625
2,1578,ｽｳｪﾃﾞﾝ,ｺｿﾎﾞ,A,1.1000000000000005,A,A,0.3754143145112117,0.2568332982006592,0.367752387288129,0.3718048743300959,0.26329511826756796,0.36490000740233625
2,1578,ｱｲｽﾗﾝ,ﾌﾗﾝｽ,D,1.1000000000000005,A,A,0.3754143145112117,0.2568332982006592,0.367752387288129,0.3718048743300959,0.26329511826756796,0.36490000740233625
2,1578,ｽﾛﾍﾞﾆｱ,ｽｲｽ,D,1.1000000000000005,A,A,0.3754143145112117,0.2568332982006592,0.367752387288129,0.3718048743300959,0.26329511826756796,0.36490000740233625
2,1578,ｳｪｰﾙｽﾞ,ﾍﾞﾙｷﾞｰ,A,1.1000000000000005,A,A,0.3754143145112117,0.2568332982006592,0.367752387288129,0.3718048743300959,0.26329511826756796,0.36490000740233625
2,1578,ﾃﾞﾝﾏｰｸ,ｷﾞﾘｼｬ,H,1.1000000000000005,A,A,0.3754143145112117,0.2568332982006592,0.367752387288129,0.3718048743300959,0.26329511826756796,0.36490000740233625
2,1578,ﾙｰﾏﾆｱ,ｵｰｽﾄﾘｱ,A,1.1000000000000005,A,A,0.3754143145112117,0.2568332982006592,0.367752387288129,0.3718048743300959,0.26329511826756796,0.36490000740233625
2,1578,ｵﾗﾝﾀﾞ,ﾌｨﾝﾗﾝ,H,1.1000000000000005,A,A,0.3754143145112117,0.2568332982006592,0.367752387288129,0.3718048743300959,0.26329511826756796,0.36490000740233625
2,1578,ｽﾛﾊﾞｷｱ,ﾙｸｾﾝﾌﾞ,H,1.1000000000000005,A,A,0.3754143145112117,0.2568332982006592,0.367752387288129,0.3718048743300959,0.26329511826756796,0.36490000740233625
2,1579,サンフレッチェ広島,0,D,1.1000000000000005,H,H,0.2375276172735655,0.36680375938367105,0.3956686233427635,0.24541618818679634,0.36430618036075896,0.39027763145244476
2,1579,ヴィッセル神戸,0,H,1.1000000000000005,H,H,0.09779388951908874,0.19516133912987194,0.7070447713510392,0.11218219405260131,0.21024506541142457,0.677572740535974
2,1580,サガン鳥栖,ブラウブリッツ秋田,H,1.1000000000000005,H,H,0.3736792538643334,0.17421331615455019,0.4521074299811163,0.3719119805793262,0.18584522435740244,0.4422427950632714
2,1580,富山,北海道コンサドーレ札幌,A,1.1000000000000005,A,A,0.5803521256057022,0.2215954041202231,0.19805247027407477,0.5577070478320656,0.23242733140639427,0.20986562076154008
2,1580,モンテディオ山形,熊本,D,1.1000000000000005,D,D,0.27595967261621623,0.39871240935271657,0.3253279180310672,0.2810033508065918,0.3926422889757744,0.32635436021763375
2,1580,大分,ベガルタ仙台,D,1.1000000000000005,A,A,0.576800387285675,0.19692317129117873,0.22627644142314632,0.5544550750742088,0.20872166219224764,0.2368232627335436
2,1580,FC今治,山口,D,1.1000000000000005,A,A,0.467215540887706,0.11418955087580812,0.41859490823648576,0.45814135633056907,0.12727263296265565,0.4145860107067753
2,1580,横浜F・マリノス,浦和レッズ,H,1.1000000000000005,H,H,0.2706777391628063,0.09555498661819786,0.6337672742189957,0.2812767776534513,0.10915501922650428,0.6095682031200444
2,1580,町田,アビスパ福岡,D,1.1000000000000005,A,A,0.512566149274629,0.12830507324343385,0.3591287774819372,0.4981107429755066,0.14141718502128725,0.36047207200320625
2,1580,横浜FC,名古屋グランパス,D,1.1000000000000005,H,H,0.298667672252247,0.2377686943935366,0.4635636333542164,0.3026568188351971,0.24599142499778598,0.45135175616701706
2,1580,川崎フロンターレ,清水エスパルス,H,1.1000000000000005,A,A,0.5348743052897122,0.22466695254091937,0.2404587421693685,0.5160085689000705,0.23452598425483873,0.24946544684509073
2,1580,ファジアーノ岡山,セレッソ大阪,A,1.1000000000000005,H,H,0.2964275266495629,0.1867820523388618,0.5167904210115754,0.30169371128985606,0.19825206683482516,0.5000542218753188
2,1580,ガンバ大阪,柏レイソル,A,1.1000000000000005,A,A,0.4310794498100521,0.13874708842895325,0.4301734617609947,0.4246485322777743,0.15151435152338785,0.4238371161988378
2,1580,東京ヴェルディ,アルビレックス新潟,H,1.1000000000000005,A,A,0.3734989489854664,0.2778181939079023,0.3486828571066312,0.369888044924479,0.28263505216386603,0.34747690291165484
2,1580,湘南ベルマーレ,京都サンガF.C.,D,1.1000000000000005,A,A,0.6225868125878682,0.11935018180082929,0.25806300561130247,0.5981531639170506,0.1332452228334168,0.2686016132495325
3,1582,山口,富山,H,2.3000000000000016,H,H,0.31507981618433994,0.20750791356121046,0.4774122702544495,0.3298185534302611,0.27504999360944493,0.39513145296029406
3,1582,北海道コンサドーレ札幌,水戸ホーリーホック,A,2.3000000000000016,H,H,0.3168201048812489,0.26689082417815924,0.4162890709405918,0.3274181148798703,0.3038928558096808,0.36868902931044883
3,1582,アビスパ福岡,湘南ベルマーレ,H,2.3000000000000016,H,H,0.2696344048497111,0.30322811226620683,0.42713748288408204,0.3054553873010899,0.32145424199559136,0.3730903707033188
3,1582,アルビレックス新潟,ヴィッセル神戸,D,2.3000000000000016,A,A,0.4771640565280882,0.23764776179170188,0.28518818168020993,0.39400648233695246,0.2909912241776177,0.3150022934854299
3,1582,京都サンガF.C.,鹿島アントラーズ,D,2.3000000000000016,H,H,0.31638528334224353,0.20140464088140192,0.48221007577635444,0.33081955953616066,0.27183787179579527,0.3973425686680441
3,1582,横浜F・マリノス,サンフレッチェ広島,H,2.3000000000000016,A,A,0.5822283508087481,0.25254397808408696,0.16522767110716474,0.4397936164770473,0.3058642910846355,0.25434209243831724
3,1582,FC東京,ファジアーノ岡山,H,2.3000000000000016,H,H,0.27838980916935685,0.21375703607715119,0.5078531547534918,0.31345917382082544,0.27944549252114126,0.4070953336580333
3,1582,ブラウブリッツ秋田,ジェフユナイテッド千葉,D,2.3000000000000016,H,H,0.402349312054307,0.14529994360512194,0.45235074434057104,0.37113165897042794,0.2383456404863225,0.3905227005432495
3,1582,名古屋グランパス,ガンバ大阪,A,2.3000000000000016,H,H,0.26808653637379226,0.21829839369907983,0.5136150699271278,0.308524922608255,0.2821610137288854,0.40931406366285955
3,1582,柏レイソル,横浜FC,H,2.3000000000000016,H,H,0.3691036019420284,0.1934411344114666,0.437455263646505,0.35313756649203065,0.26665157779279663,0.38021085571517266
3,1582,清水エスパルス,東京ヴェルディ,A,2.3000000000000016,H,H,0.2705737725856556,0.2043235175600655,0.5251027098542788,0.310637176439083,0.27493127845089044,0.4144315451100265
3,1582,浦和レッズ,町田,H,2.3000000000000016,H,H,0.4143135781965462,0.15768147566205076,0.4280049461414031,0.37435383910651776,0.24596306936027862,0.3796830915332036
3,1582,セレッソ大阪,川崎フロンターレ,H,2.3000000000000016,A,A,0.591207498816988,0.18512359186150829,0.22366890932150377,0.44268665906860555,0.26720529359656714,0.29010804733482726
3,1583,八戸,北九州,A,2.3000000000000016,A,A,0.5972503716110258,0.11586960227740067,0.2868800261115734,0.4510216655087757,0.2210807456731093,0.327897588818115
3,1583,ジェフユナイテッド千葉,北海道コンサドーレ札幌,H,2.3000000000000016,A,A,0.4291748363634559,0.1767363133874218,0.39408885024912216,0.3782801202444081,0.25721014938427805,0.3645097303713138
3,1583,栃木SC,岐阜,A,2.3000000000000016,A,A,0.4534999830695137,0.1493996750196633,0.397100341910823,0.39047772327209224,0.24095285625703364,0.3685694204708742
3,1583,サガン鳥栖,徳島ヴォルティス,D,2.3000000000000016,H,H,0.3952494255027765,0.12565281436496553,0.47909776013225797,0.37108054744955044,0.22546405175329842,0.4034554007971511
3,1583,FC今治,ベガルタ仙台,H,2.3000000000000016,H,H,0.36066849947906504,0.10678398481738283,0.5325475157035522,0.36052665888023977,0.21237842134453824,0.4270949197752219
3,1583,富山,愛媛FC,D,2.3000000000000016,A,A,0.4204208605416295,0.17492812630966065,0.40465101314870977,0.37502056794414196,0.2561410401112543,0.3688383919446038
3,1583,大宮,ブラウブリッツ秋田,H,2.3000000000000016,H,H,0.3485230500164618,0.2521641273920298,0.3993128225915084,0.3413345626985843,0.29653253638828087,0.36213290091313494
3,1583,大分,モンテディオ山形,A,2.3000000000000016,A,A,0.5694317906053991,0.12813097461839898,0.30243723477620194,0.4381533840379758,0.22907589729176697,0.3327707186702573
3,1583,ジュビロ磐田,V・ファーレン長崎,H,2.3000000000000016,A,A,0.5499904113869883,0.10318431329067385,0.34682527532233776,0.4345117722184312,0.2099070418142607,0.3555811859673081
3,1583,ヴァンフォーレ甲府,水戸ホーリーホック,A,2.3000000000000016,A,A,0.5858624804339907,0.1739395267482184,0.24019799281779092,0.4408333037647041,0.25999870129350594,0.29916799494179
3,1583,熊本,山口,A,2.3000000000000016,H,H,0.34064967276562186,0.15291238734199514,0.506437939892383,0.3455323555963741,0.2439174859364688,0.41055015846715726
3,1583,いわきFC,藤枝MYFC,A,2.3000000000000016,H,H,0.28089961793974944,0.23142081021190697,0.48767957184834354,0.31345314506013444,0.288128503496938,0.39841835144292764
3,1583,柏レイソル,サンフレッチェ広島,H,2.3000000000000016,A,A,0.48487016690921836,0.14311290929213183,0.3720169237986497,0.4033102415918735,0.23726171330303875,0.3594280451050877
3,1585,鹿島アントラーズ,横浜FC,H,2.3000000000000016,H,H,0.30558899461642514,0.2555875608743318,0.4388234445092429,0.32303540130518016,0.29889032677908095,0.37807427191573895
3,1585,京都サンガF.C.,横浜F・マリノス,A,2.3000000000000016,A,A,0.4126770089627118,0.20811610866676525,0.37920688237052286,0.36948603899381327,0.2743690841460163,0.3561448768601703
3,1585,サンフレッチェ広島,浦和レッズ,H,2.3000000000000016,H,H,0.28108886145832085,0.11680640945418787,0.6021047290874912,0.3251750852238354,0.221973531855659,0.45285138292050564
3,1585,町田,FC東京,A,2.3000000000000016,H,H,0.3704206401675022,0.14638575884451968,0.48319360098797803,0.3583747415076252,0.23935066146036182,0.4022745970320129
3,1585,ガンバ大阪,ヴィッセル神戸,D,2.3000000000000016,H,H,0.342918702430361,0.13122552927794684,0.5258557682916921,0.349298498928771,0.23004734439693342,0.4206541566742956
3,1585,湘南ベルマーレ,アルビレックス新潟,A,2.3000000000000016,A,A,0.47950674743799016,0.18005667120557406,0.3404365813564358,0.3976398401119098,0.2597404989987204,0.34261966088936974
3,1585,川崎フロンターレ,ファジアーノ岡山,D,2.3000000000000016,A,A,0.48285914050744294,0.1486091571893004,0.36853170230325677,0.40188943734194443,0.2407663406486245,0.35734422200943106
3,1585,ベガルタ仙台,熊本,H,2.3000000000000016,A,A,0.4514530678301501,0.22437265167740902,0.324174280492441,0.38405936216858366,0.2833869168735701,0.3325537209578463
3,1585,清水エスパルス,セレッソ大阪,A,2.3000000000000016,A,A,0.47376424861654565,0.14984241437627943,0.3763933370071748,0.3982410888118085,0.2414272425910526,0.3603316685971389
3,1585,柏レイソル,名古屋グランパス,H,2.3000000000000016,A,A,0.45278173948087735,0.2788732091907056,0.2683450513284171,0.3836468800834548,0.31075470315860754,0.3055984167579376
3,1585,北海道コンサドーレ札幌,大分,H,2.3000000000000016,H,H,0.14324685988319727,0.15536400640949302,0.7013891337073097,0.24808072055516162,0.2569956393578892,0.4949236400869492
3,1585,東京ヴェルディ,アビスパ福岡,D,2.3000000000000016,H,H,0.29584010412809064,0.1046292841202693,0.5995306117516401,0.33379102876147926,0.2124281864438339,0.45378078479468675
3,1585,徳島ヴォルティス,ヴァンフォーレ甲府,H,2.3000000000000016,D,D,0.267525902326649,0.3668693761174925,0.36560472155585855,0.30370923568960134,0.34840672631315495,0.3478840379972438
3,1586,ﾓﾙﾄﾞﾊﾞ,ｲﾀﾘｱ,A,2.3000000000000016,A,A,0.3826054735380386,0.24082977563564756,0.3765647508263139,0.355770762046995,0.2909116573858624,0.3533175805671426
3,1586,ｼﾞﾌﾞﾗﾙ,ﾓﾝﾃﾈｸﾞ,A,2.3000000000000016,A,A,0.3826054735380386,0.24082977563564756,0.3765647508263139,0.355770762046995,0.2909116573858624,0.3533175805671426
3,1586,ｸﾛｱﾁｱ,ﾌｪﾛｰ,H,2.3000000000000016,A,A,0.3826054735380386,0.24082977563564756,0.3765647508263139,0.355770762046995,0.2909116573858624,0.3533175805671426
3,1586,ｱｾﾞﾙﾊﾞ,ｱｲｽﾗﾝ,A,2.3000000000000016,A,A,0.3826054735380386,0.24082977563564756,0.3765647508263139,0.355770762046995,0.2909116573858624,0.3533175805671426
3,1586,ﾉﾙｳｪｰ,ｴｽﾄﾆｱ,H,2.3000000000000016,A,A,0.3826054735380386,0.24082977563564756,0.3765647508263139,0.355770762046995,0.2909116573858624,0.3533175805671426
3,1586,ｱﾙﾒﾆｱ,ﾊﾝｶﾞﾘｰ,A,2.3000000000000016,A,A,0.3826054735380386,0.24082977563564756,0.3765647508263139,0.355770762046995,0.2909116573858624,0.3533175805671426
3,1586,ｲﾝｸﾞﾗﾝ,ｾﾙﾋﾞｱ,H,2.3000000000000016,A,A,0.3826054735380386,0.24082977563564756,0.3765647508263139,0.355770762046995,0.2909116573858624,0.3533175805671426
3,1586,ｱｲﾙﾗﾝ,ﾎﾟﾙﾄｶﾞ,A,2.3000000000000016,A,A,0.3826054735380386,0.24082977563564756,0.3765647508263139,0.355770762046995,0.2909116573858624,0.3533175805671426
3,1586,ﾎﾟｰﾗﾝ,ｵﾗﾝﾀﾞ,D,2.3000000000000016,A,A,0.3826054735380386,0.24082977563564756,0.3765647508263139,0.355770762046995,0.2909116573858624,0.3533175805671426
3,1586,ﾙｸｾﾝﾌﾞ,ﾄﾞｲﾂ,A,2.3000000000000016,A,A,0.3826054735380386,0.24082977563564756,0.3765647508263139,0.355770762046995,0.2909116573858624,0.3533175805671426
3,1586,ｽﾛﾊﾞｷｱ,北アイ,H,2.3000000000000016,A,A,0.3826054735380386,0.24082977563564756,0.3765647508263139,0.355770762046995,0.2909116573858624,0.3533175805671426
3,1586,ﾌｨﾝﾗﾝ,ﾏﾙﾀ,A,2.3000000000000016,A,A,0.3826054735380386,0.24082977563564756,0.3765647508263139,0.355770762046995,0.2909116573858624,0.3533175805671426
3,1586,ｱﾝﾄﾞﾗ,ｱﾙﾊﾞﾆｱ,A,2.3000000000000016,A,A,0.3826054735380386,0.24082977563564756,0.3765647508263139,0.355770762046995,0.2909116573858624,0.3533175805671426
3,1587,沼津,群馬,A,2.3000000000000016,H,H,0.3278075323343289,0.1481761417085052,0.5240163259571659,0.3407966036686975,0.2413040117266905,0.417899384604612
3,1587,ヴィッセル神戸,サンフレッチェ広島,A,2.3000000000000016,H,H,0.30040333376547723,0.2559271046704267,0.4436695615640959,0.3207728732036684,0.29918635313136016,0.3800407736649714
3,1587,高知,八戸,D,2.3000000000000016,H,H,0.38532064266459864,0.13318395852120193,0.4814953988141995,0.3660564656247376,0.23064937109267597,0.4032941632825863
3,1587,長野,宮崎,A,2.3000000000000016,A,A,0.4975179044353726,0.1131180152191536,0.38936408034547376,0.4125246804676293,0.21665280253384994,0.37082251699852076
3,1587,町田,FC東京,H,2.3000000000000016,H,H,0.3280744098392209,0.20021930538184046,0.47170628477893856,0.3358184965372612,0.2709307813692242,0.3932507220935145
3,1588,ｳｪｰﾙｽﾞ,北マケ,H,2.3000000000000016,A,A,0.3826054735380386,0.24082977563564756,0.3765647508263139,0.355770762046995,0.2909116573858624,0.3533175805671426
3,1588,ﾓﾝﾃﾈｸﾞ,ｸﾛｱﾁｱ,A,2.3000000000000016,A,A,0.3826054735380386,0.24082977563564756,0.3765647508263139,0.355770762046995,0.2909116573858624,0.3533175805671426
3,1588,ｺｿﾎﾞ,ｽｲｽ,D,2.3000000000000016,A,A,0.3826054735380386,0.24082977563564756,0.3765647508263139,0.355770762046995,0.2909116573858624,0.3533175805671426
3,1588,ｵﾗﾝﾀﾞ,ﾘﾄｱﾆｱ,H,2.3000000000000016,A,A,0.3826054735380386,0.24082977563564756,0.3765647508263139,0.355770762046995,0.2909116573858624,0.3533175805671426
3,1588,ｽﾍﾟｲﾝ,ﾄﾙｺ,A,2.3000000000000016,A,A,0.3826054735380386,0.24082977563564756,0.3765647508263139,0.355770762046995,0.2909116573858624,0.3533175805671426
3,1588,ｽｺｯﾄﾗﾝ,ﾃﾞﾝﾏｰｸ,H,2.3000000000000016,A,A,0.3826054735380386,0.24082977563564756,0.3765647508263139,0.355770762046995,0.2909116573858624,0.3533175805671426
3,1588,ﾄﾞｲﾂ,ｽﾛﾊﾞｷｱ,H,2.3000000000000016,A,A,0.3826054735380386,0.24082977563564756,0.3765647508263139,0.355770762046995,0.2909116573858624,0.3533175805671426
3,1588,ｵｰｽﾄﾘｱ,ﾎﾞｽﾆｱ,D,2.3000000000000016,A,A,0.3826054735380386,0.24082977563564756,0.3765647508263139,0.355770762046995,0.2909116573858624,0.3533175805671426
3,1588,ﾙｰﾏﾆｱ,ｻﾝﾏﾘﾉ,H,2.3000000000000016,A,A,0.3826054735380386,0.24082977563564756,0.3765647508263139,0.355770762046995,0.2909116573858624,0.3533175805671426
3,1588,ﾌﾞﾙｶﾞﾘ,ｼﾞｮｼﾞｱ,H,2.3000000000000016,A,A,0.3826054735380386,0.24082977563564756,0.3765647508263139,0.355770762046995,0.2909116573858624,0.3533175805671426
3,1588,ｽｳｪﾃﾞﾝ,ｽﾛﾍﾞﾆｱ,D,2.3000000000000016,A,A,0.3826054735380386,0.24082977563564756,0.3765647508263139,0.355770762046995,0.2909116573858624,0.3533175805671426
3,1588,ﾏﾙﾀ,ﾎﾟｰﾗﾝ,A,2.3000000000000016,A,A,0.3826054735380386,0.24082977563564756,0.3765647508263139,0.355770762046995,0.2909116573858624,0.3533175805671426
3,1588,北アイ,ﾙｸｾﾝﾌﾞ,H,2.3000000000000016,A,A,0.3826054735380386,0.24082977563564756,0.3765647508263139,0.355770762046995,0.2909116573858624,0.3533175805671426
3,1589,群馬,松本,H,2.3000000000000016,H,H,0.25096983279544394,0.12660536340333328,0.6224248038012228,0.3098931440064569,0.23014835426523217,0.459958501728311
3,1589,鹿児島,FC琉球,D,2.3000000000000016,H,H,0.40687387749435305,0.13140178030497549,0.4617243422006715,0.3747722110165233,0.22927178720533004,0.3959560017781467
3,1589,愛媛FC,熊本,D,2.3000000000000016,H,H,0.2651981636330318,0.16995990285957657,0.5648419335073916,0.3112051224185559,0.2564698308777528,0.43232504670369126
3,1589,大分,ジェフユナイテッド千葉,H,2.3000000000000016,H,H,0.3030369011888912,0.33944842371176415,0.3575146750993447,0.3199901483809169,0.3361723165855475,0.34383753503353554
3,1589,いわきFC,山口,A,2.3000000000000016,H,H,0.2582138760123438,0.08400215089058198,0.6577839730970741,0.3209911505262868,0.1969945855582868,0.48201426391542646
3,1589,藤枝MYFC,サガン鳥栖,D,2.3000000000000016,A,A,0.42144243255024144,0.28449836683082025,0.29405920061893825,0.37063158437843285,0.31242306305731904,0.31694535256424805
3,1589,大宮,徳島ヴォルティス,A,2.3000000000000016,H,H,0.35136095762842884,0.1591199713982815,0.4895190709732896,0.3491956485296347,0.24745206344764376,0.40335228802272155
3,1589,ヴァンフォーレ甲府,富山,A,2.3000000000000016,H,H,0.37338296031109613,0.20675099518361528,0.41986604450528847,0.3538934962279709,0.27369123658652594,0.37241526718550316
3,1589,ブラウブリッツ秋田,ベガルタ仙台,D,2.3000000000000016,A,A,0.5585528297417668,0.14254619577939115,0.298900974478842,0.4321123316330148,0.2386290681030383,0.329258600263947
3,1589,V・ファーレン長崎,水戸ホーリーホック,H,2.3000000000000016,A,A,0.4721317129395447,0.1097142265435607,0.4181540605168944,0.4034247983005027,0.21389334605150123,0.38268185564799606
3,1589,八戸,讃岐,A,2.3000000000000016,H,H,0.3572912283784077,0.129769201510039,0.5129395701115532,0.3553574817368643,0.22878419514737486,0.4158583231157608
3,1589,ジュビロ磐田,モンテディオ山形,D,2.3000000000000016,A,A,0.42749590153039563,0.19054472439158304,0.3819593740780213,0.3765114420462997,0.2649706264432272,0.3585179315104731
3,1589,FC今治,北海道コンサドーレ札幌,D,2.3000000000000016,H,H,0.3515816005199691,0.21646339166868062,0.43195500781135027,0.3444102649855759,0.27892840783292094,0.37666132718150314
3,1591,川崎フロンターレ,サンフレッチェ広島,A,2.3000000000000016,H,H,0.39581825709899227,0.12993129120958752,0.4742504516914202,0.3706608386387411,0.2283687498893211,0.40097041147193785
3,1591,町田,名古屋グランパス,H,2.3000000000000016,H,H,0.3253472986182032,0.31379444538515744,0.3608582559966394,0.3299814896654368,0.32483486947132645,0.3451836408632368
3,1591,アルビレックス新潟,柏レイソル,A,2.3000000000000016,A,A,0.4452147875412256,0.26418825368217347,0.29059695877660086,0.380562151412612,0.30330493267390174,0.3161329159134863
3,1591,ファジアーノ岡山,浦和レッズ,A,2.3000000000000016,A,A,0.3503895977087017,0.30480526400968666,0.34480513828161147,0.34080355358736925,0.32076521856715945,0.33843122784547125
3,1591,東京ヴェルディ,鹿島アントラーズ,A,2.3000000000000016,A,A,0.49303565327954224,0.2639020145899792,0.24306233213047845,0.4004275983480779,0.3051465859058576,0.2944258157460645
3,1591,湘南ベルマーレ,清水エスパルス,H,2.3000000000000016,A,A,0.39759105196695815,0.22060083535156522,0.3818081126814765,0.362766468493065,0.28079989556650276,0.3564336359404322
3,1591,北海道コンサドーレ札幌,愛媛FC,H,2.3000000000000016,H,H,0.31954610380888127,0.2343603495500682,0.4460935466410505,0.33003371159423917,0.2884131718191886,0.38155311658657215
3,1591,ベガルタ仙台,いわきFC,A,2.3000000000000016,A,A,0.45411618672028486,0.25088116237599517,0.2950026509037198,0.3843802648576993,0.2969737540981427,0.3186459810441579
3,1591,横浜FC,京都サンガF.C.,A,2.3000000000000016,A,A,0.4797539592344805,0.18562160353502125,0.33462443723049823,0.397334085685504,0.26293948163334496,0.33972643268115116
3,1591,横浜F・マリノス,セレッソ大阪,H,2.3000000000000016,H,H,0.39958252408352773,0.17694645278910545,0.4234710231273668,0.36665923203303064,0.2573071875972759,0.3760335803696934
3,1591,徳島ヴォルティス,V・ファーレン長崎,D,2.3000000000000016,H,H,0.3162226932694504,0.13859756503555432,0.5451797416949953,0.3371738207870323,0.23555831644515485,0.4272678627678129
3,1591,ヴィッセル神戸,FC東京,D,2.3000000000000016,H,H,0.27111593317028654,0.2092797103684922,0.519604356461221,0.3105170167580304,0.277462121504949,0.41202086173702074
3,1591,アビスパ福岡,ガンバ大阪,H,2.3000000000000016,H,H,0.3122071344910029,0.15901078315659106,0.5287820823524059,0.33297583179946727,0.24832151223925875,0.4187026559612739
3,1592,FC東京,アルビレックス新潟,H,2.3000000000000016,H,H,0.2825699645383558,0.2131057483475116,0.5043242871141326,0.3153597923515591,0.2789536484647812,0.4056865591836598
3,1592,名古屋グランパス,アビスパ福岡,A,2.3000000000000016,A,A,0.44579553217622214,0.24851835275465933,0.3056861150691186,0.38104704424903857,0.29555660173295245,0.3233963540180091
3,1592,鹿島アントラーズ,横浜F・マリノス,H,2.3000000000000016,A,A,0.5549379628487076,0.26326872930179956,0.18179330784949282,0.42759417136482164,0.30919291510848973,0.2632129135266885
3,1592,サンフレッチェ広島,湘南ベルマーレ,H,2.3000000000000016,H,H,0.2145635826366879,0.31488354948192104,0.470552867881391,0.27867092516011904,0.3292485083015292,0.3920805665383518
3,1592,ガンバ大阪,東京ヴェルディ,H,2.3000000000000016,H,H,0.38024060199572146,0.20135253750665016,0.4184068604976283,0.3570198846852098,0.27079979194736453,0.3721803233674256
3,1593,ﾏﾝC,ｻﾝﾀﾞｰ,H,2.3000000000000016,A,A,0.3826054735380386,0.24082977563564756,0.3765647508263139,0.355770762046995,0.2909116573858624,0.3533175805671426
3,1593,ﾎﾞﾝﾏｳｽ,ﾁｪﾙｼｰ,D,2.3000000000000016,A,A,0.3826054735380386,0.24082977563564756,0.3765647508263139,0.355770762046995,0.2909116573858624,0.3533175805671426
3,1593,ｹﾙﾝ,ﾊﾟｳﾘ,D,2.3000000000000016,A,A,0.3826054735380386,0.24082977563564756,0.3765647508263139,0.355770762046995,0.2909116573858624,0.3533175805671426
3,1593,ﾗｲﾌﾟﾂｨ,ﾌﾗﾝｸﾌﾙ,H,2.3000000000000016,A,A,0.3826054735380386,0.24082977563564756,0.3765647508263139,0.355770762046995,0.2909116573858624,0.3533175805671426
3,1593,ｱｳｸﾞｽ,ﾚｳﾞｧｰ,H,2.3000000000000016,A,A,0.3826054735380386,0.24082977563564756,0.3765647508263139,0.355770762046995,0.2909116573858624,0.3533175805671426
3,1593,ｼｭﾂｯﾄ,ﾊﾞｲｴﾙﾝ,H,2.3000000000000016,A,A,0.3826054735380386,0.24082977563564756,0.3765647508263139,0.355770762046995,0.2909116573858624,0.3533175805671426
3,1593,ﾊｲﾃﾞﾝﾊ,ﾌﾗｲﾌﾞﾙ,A,2.3000000000000016,A,A,0.3826054735380386,0.24082977563564756,0.3765647508263139,0.355770762046995,0.2909116573858624,0.3533175805671426
3,1593,ﾄﾃﾅﾑ,ﾌﾞﾚﾝﾄ,H,2.3000000000000016,A,A,0.3826054735380386,0.24082977563564756,0.3765647508263139,0.355770762046995,0.2909116573858624,0.3533175805671426
3,1593,ｱｽﾄﾝ,ｱｰｾﾅﾙ,H,2.3000000000000016,A,A,0.3826054735380386,0.24082977563564756,0.3765647508263139,0.355770762046995,0.2909116573858624,0.3533175805671426
3,1593,ｳﾞｫﾙﾌｽ,ｳﾆｵﾝ,H,2.3000000000000016,A,A,0.3826054735380386,0.24082977563564756,0.3765647508263139,0.355770762046995,0.2909116573858624,0.3533175805671426
3,1593,ﾆｭｶｯｽﾙ,ﾊﾞｰﾝﾘｰ,H,2.3000000000000016,A,A,0.3826054735380386,0.24082977563564756,0.3765647508263139,0.355770762046995,0.2909116573858624,0.3533175805671426
3,1593,ｴｳﾞｧﾄﾝ,ﾉｯﾃｨﾝ,H,2.3000000000000016,A,A,0.3826054735380386,0.24082977563564756,0.3765647508263139,0.355770762046995,0.2909116573858624,0.3533175805671426
3,1593,ﾘｰｽﾞ,ﾘｳﾞｧﾌﾟ,D,2.3000000000000016,A,A,0.3826054735380386,0.24082977563564756,0.3765647508263139,0.355770762046995,0.2909116573858624,0.3533175805671426
4,1595,ﾊﾟｳﾘ,ﾊｲﾃﾞﾝﾊ,H,2.0500000000000016,H,H,0.36916029822183616,0.24405383472839898,0.3867858670497648,0.35208665987804455,0.2877244150310483,0.3601889250909073
4,1595,ﾚｳﾞｧｰ,ｹﾙﾝ,H,2.0500000000000016,H,H,0.36916029822183616,0.24405383472839898,0.3867858670497648,0.35208665987804455,0.2877244150310483,0.3601889250909073
4,1595,ﾌﾗﾝｸﾌﾙ,ｱｳｸﾞｽ,H,2.0500000000000016,H,H,0.36916029822183616,0.24405383472839898,0.3867858670497648,0.35208665987804455,0.2877244150310483,0.3601889250909073
4,1595,ﾌﾞﾚｰﾒﾝ,ｼｭﾂｯﾄ,A,2.0500000000000016,H,H,0.36916029822183616,0.24405383472839898,0.3867858670497648,0.35208665987804455,0.2877244150310483,0.3601889250909073
4,1595,ﾎｯﾌｪﾝ,ﾊﾝﾌﾞﾙｶ,A,2.0500000000000016,H,H,0.36916029822183616,0.24405383472839898,0.3867858670497648,0.35208665987804455,0.2877244150310483,0.3601889250909073
4,1595,ﾌﾗｲﾌﾞﾙ,ﾄﾞﾙﾄ,D,2.0500000000000016,H,H,0.36916029822183616,0.24405383472839898,0.3867858670497648,0.35208665987804455,0.2877244150310483,0.3601889250909073
4,1595,ﾊﾞｲｴﾙﾝ,ﾏｲﾝﾂ,D,2.0500000000000016,H,H,0.36916029822183616,0.24405383472839898,0.3867858670497648,0.35208665987804455,0.2877244150310483,0.3601889250909073
4,1595,ﾌﾞﾚﾝﾄ,ﾘｰｽﾞ,D,2.0500000000000016,H,H,0.36916029822183616,0.24405383472839898,0.3867858670497648,0.35208665987804455,0.2877244150310483,0.3601889250909073
4,1595,ﾉｯﾃｨﾝ,ﾄﾃﾅﾑ,H,2.0500000000000016,H,H,0.36916029822183616,0.24405383472839898,0.3867858670497648,0.35208665987804455,0.2877244150310483,0.3601889250909073
4,1595,ﾒﾝﾍﾝ,ｳﾞｫﾙﾌｽ,A,2.0500000000000016,H,H,0.36916029822183616,0.24405383472839898,0.3867858670497648,0.35208665987804455,0.2877244150310483,0.3601889250909073
4,1595,ﾘｳﾞｧﾌﾟ,ﾌﾞﾗｲﾄﾝ,H,2.0500000000000016,H,H,0.36916029822183616,0.24405383472839898,0.3867858670497648,0.35208665987804455,0.2877244150310483,0.3601889250909073
4,1595,ｸﾘｽﾀﾙ,ﾏﾝC,A,2.0500000000000016,H,H,0.36916029822183616,0.24405383472839898,0.3867858670497648,0.35208665987804455,0.2877244150310483,0.3601889250909073
4,1595,ｱｰｾﾅﾙ,ｳﾙｳﾞｧｰ,H,2.0500000000000016,H,H,0.36916029822183616,0.24405383472839898,0.3867858670497648,0.35208665987804455,0.2877244150310483,0.3601889250909073
4,1596,ｼｭﾂｯﾄ,ﾎｯﾌｪﾝ,H,2.0500000000000016,H,H,0.36916029822183616,0.24405383472839898,0.3867858670497648,0.35208665987804455,0.2877244150310483,0.3601889250909073
4,1596,ｳﾞｫﾙﾌｽ,ﾌﾗｲﾌﾞﾙ,A,2.0500000000000016,H,H,0.36916029822183616,0.24405383472839898,0.3867858670497648,0.35208665987804455,0.2877244150310483,0.3601889250909073
4,1596,ﾎﾞﾝﾏｳｽ,ﾊﾞｰﾝﾘｰ,D,2.0500000000000016,H,H,0.36916029822183616,0.24405383472839898,0.3867858670497648,0.35208665987804455,0.2877244150310483,0.3601889250909073
4,1596,ｴｳﾞｧﾄﾝ,ｱｰｾﾅﾙ,A,2.0500000000000016,H,H,0.36916029822183616,0.24405383472839898,0.3867858670497648,0.35208665987804455,0.2877244150310483,0.3601889250909073
4,1596,ﾊﾝﾌﾞﾙｶ,ﾌﾗﾝｸﾌﾙ,D,2.0500000000000016,H,H,0.36916029822183616,0.24405383472839898,0.3867858670497648,0.35208665987804455,0.2877244150310483,0.3601889250909073
4,1596,ｱｳｸﾞｽ,ﾌﾞﾚｰﾒﾝ,A,2.0500000000000016,H,H,0.36916029822183616,0.24405383472839898,0.3867858670497648,0.35208665987804455,0.2877244150310483,0.3601889250909073
4,1596,ﾗｲﾌﾟﾂｨ,ﾚｳﾞｧｰ,A,2.0500000000000016,H,H,0.36916029822183616,0.24405383472839898,0.3867858670497648,0.35208665987804455,0.2877244150310483,0.3601889250909073
4,1596,ﾄﾃﾅﾑ,ﾘｳﾞｧﾌﾟ,A,2.0500000000000016,H,H,0.36916029822183616,0.24405383472839898,0.3867858670497648,0.35208665987804455,0.2877244150310483,0.3601889250909073
4,1596,ﾌﾞﾗｲﾄﾝ,ｻﾝﾀﾞｰ,D,2.0500000000000016,H,H,0.36916029822183616,0.24405383472839898,0.3867858670497648,0.35208665987804455,0.2877244150310483,0.3601889250909073
4,1596,ｹﾙﾝ,ｳﾆｵﾝ,A,2.0500000000000016,H,H,0.36916029822183616,0.24405383472839898,0.3867858670497648,0.35208665987804455,0.2877244150310483,0.3601889250909073
4,1596,ﾆｭｶｯｽﾙ,ﾁｪﾙｼｰ,D,2.0500000000000016,H,H,0.36916029822183616,0.24405383472839898,0.3867858670497648,0.35208665987804455,0.2877244150310483,0.3601889250909073
4,1596,ﾘｰｽﾞ,ｸﾘｽﾀﾙ,H,2.0500000000000016,H,H,0.36916029822183616,0.24405383472839898,0.3867858670497648,0.35208665987804455,0.2877244150310483,0.3601889250909073
4,1596,ﾏﾝC,ｳｪｽﾄﾊﾑ,H,2.0500000000000016,H,H,0.36916029822183616,0.24405383472839898,0.3867858670497648,0.35208665987804455,0.2877244150310483,0.3601889250909073
4,1597,ﾏﾝU,ﾆｭｶｯｽﾙ,H,2.0500000000000016,H,H,0.36916029822183616,0.24405383472839898,0.3867858670497648,0.35208665987804455,0.2877244150310483,0.3601889250909073
4,1597,ﾉｯﾃｨﾝ,ﾏﾝC,A,2.0500000000000016,H,H,0.36916029822183616,0.24405383472839898,0.3867858670497648,0.35208665987804455,0.2877244150310483,0.3601889250909073
4,1597,ﾘｳﾞｧﾌﾟ,ｳﾙｳﾞｧｰ,H,2.0500000000000016,H,H,0.36916029822183616,0.24405383472839898,0.3867858670497648,0.35208665987804455,0.2877244150310483,0.3601889250909073
4,1597,ﾌﾞﾚﾝﾄ,ﾎﾞﾝﾏｳｽ,H,2.0500000000000016,H,H,0.36916029822183616,0.24405383472839898,0.3867858670497648,0.35208665987804455,0.2877244150310483,0.3601889250909073
4,1597,ｱｰｾﾅﾙ,ﾌﾞﾗｲﾄﾝ,H,2.0500000000000016,H,H,0.36916029822183616,0.24405383472839898,0.3867858670497648,0.35208665987804455,0.2877244150310483,0.3601889250909073
4,1598,ﾊﾞｰﾝﾘｰ,ﾆｭｶｯｽﾙ,A,2.0500000000000016,H,H,0.36916029822183616,0.24405383472839898,0.3867858670497648,0.35208665987804455,0.2877244150310483,0.3601889250909073
4,1598,ﾁｪﾙｼｰ,ﾎﾞﾝﾏｳｽ,H,2.0500000000000016,H,H,0.36916029822183616,0.24405383472839898,0.3867858670497648,0.35208665987804455,0.2877244150310483,0.3601889250909073
4,1598,ｳｪｽﾄﾊﾑ,ﾌﾞﾗｲﾄﾝ,A,2.0500000000000016,H,H,0.36916029822183616,0.24405383472839898,0.3867858670497648,0.35208665987804455,0.2877244150310483,0.3601889250909073
4,1598,ｱｰｾﾅﾙ,ｱｽﾄﾝ,H,2.0500000000000016,H,H,0.36916029822183616,0.24405383472839898,0.3867858670497648,0.35208665987804455,0.2877244150310483,0.3601889250909073
4,1598,ﾏﾝU,ｳﾙｳﾞｧｰ,D,2.0500000000000016,H,H,0.36916029822183616,0.24405383472839898,0.3867858670497648,0.35208665987804455,0.2877244150310483,0.3601889250909073
4,1599,ﾌﾞﾚﾝﾄ,0,D,2.0500000000000016,H,H,0.36916029822183616,0.24405383472839898,0.3867858670497648,0.35208665987804455,0.2877244150310483,0.3601889250909073
4,1599,ﾘｳﾞｧﾌﾟ,0,D,2.0500000000000016,H,H,0.36916029822183616,0.24405383472839898,0.3867858670497648,0.35208665987804455,0.2877244150310483,0.3601889250909073
4,1599,ｸﾘｽﾀﾙ,1,H,2.0500000000000016,H,H,0.36916029822183616,0.24405383472839898,0.3867858670497648,0.35208665987804455,0.2877244150310483,0.3601889250909073
4,1600,ﾆｭｶｯｽﾙ,ｸﾘｽﾀﾙ,H,2.0500000000000016,H,H,0.36916029822183616,0.24405383472839898,0.3867858670497648,0.35208665987804455,0.2877244150310483,0.3601889250909073
4,1600,ﾘｰｽﾞ,ﾏﾝU,H,2.0500000000000016,H,H,0.36916029822183616,0.24405383472839898,0.3867858670497648,0.35208665987804455,0.2877244150310483,0.3601889250909073
4,1600,ﾌﾗﾑ,ﾘｳﾞｧﾌﾟ,A,2.0500000000000016,H,H,0.36916029822183616,0.24405383472839898,0.3867858670497648,0.35208665987804455,0.2877244150310483,0.3601889250909073
4,1600,ﾄﾃﾅﾑ,ｻﾝﾀﾞｰ,D,2.0500000000000016,H,H,0.36916029822183616,0.24405383472839898,0.3867858670497648,0.35208665987804455,0.2877244150310483,0.3601889250909073
4,1600,ﾏﾝC,ﾁｪﾙｼｰ,D,2.0500000000000016,H,H,0.36916029822183616,0.24405383472839898,0.3867858670497648,0.35208665987804455,0.2877244150310483,0.3601889250909073
4,1601,ｸﾘｽﾀﾙ,ｱｽﾄﾝ,A,2.0500000000000016,H,H,0.36916029822183616,0.24405383472839898,0.3867858670497648,0.35208665987804455,0.2877244150310483,0.3601889250909073
4,1601,ﾎﾞﾝﾏｳｽ,ﾄﾃﾅﾑ,H,2.0500000000000016,H,H,0.36916029822183616,0.24405383472839898,0.3867858670497648,0.35208665987804455,0.2877244150310483,0.3601889250909073
4,1601,ﾆｭｶｯｽﾙ,ﾘｰｽﾞ,H,2.0500000000000016,H,H,0.36916029822183616,0.24405383472839898,0.3867858670497648,0.35208665987804455,0.2877244150310483,0.3601889250909073
4,1601,ﾏﾝC,ﾌﾞﾗｲﾄﾝ,D,2.0500000000000016,H,H,0.36916029822183616,0.24405383472839898,0.3867858670497648,0.35208665987804455,0.2877244150310483,0.3601889250909073
4,1601,ﾌﾗﾑ,ﾁｪﾙｼｰ,H,2.0500000000000016,H,H,0.36916029822183616,0.24405383472839898,0.3867858670497648,0.35208665987804455,0.2877244150310483,0.3601889250909073
4,1602,ﾌﾗﾝｸﾌﾙ,ﾄﾞﾙﾄ,H,2.0500000000000016,H,H,0.36916029822183616,0.24405383472839898,0.3867858670497648,0.35208665987804455,0.2877244150310483,0.3601889250909073
4,1602,ﾌﾞﾚｰﾒﾝ,ﾎｯﾌｪﾝ,A,2.0500000000000016,H,H,0.36916029822183616,0.24405383472839898,0.3867858670497648,0.35208665987804455,0.2877244150310483,0.3601889250909073
4,1602,ﾊﾞｲｴﾙﾝ,ｳﾞｫﾙﾌｽ,H,2.0500000000000016,H,H,0.36916029822183616,0.24405383472839898,0.3867858670497648,0.35208665987804455,0.2877244150310483,0.3601889250909073
4,1602,ﾌﾗｲﾌﾞﾙ,ﾊﾝﾌﾞﾙｶ,H,2.0500000000000016,H,H,0.36916029822183616,0.24405383472839898,0.3867858670497648,0.35208665987804455,0.2877244150310483,0.3601889250909073
4,1603,ﾁｪﾙｼｰ,ﾌﾞﾚﾝﾄ,H,2.0500000000000016,H,H,0.36916029822183616,0.24405383472839898,0.3867858670497648,0.35208665987804455,0.2877244150310483,0.3601889250909073
4,1603,ﾏﾝU,ﾏﾝC,H,2.0500000000000016,H,H,0.36916029822183616,0.24405383472839898,0.3867858670497648,0.35208665987804455,0.2877244150310483,0.3601889250909073
4,1603,ﾊﾝﾌﾞﾙｶ,ﾒﾝﾍﾝ,A,2.0500000000000016,H,H,0.36916029822183616,0.24405383472839898,0.3867858670497648,0.35208665987804455,0.2877244150310483,0.3601889250909073
4,1603,ﾄﾞﾙﾄ,ﾊﾟｳﾘ,H,2.0500000000000016,H,H,0.36916029822183616,0.24405383472839898,0.3867858670497648,0.35208665987804455,0.2877244150310483,0.3601889250909073
4,1603,ｹﾙﾝ,ﾏｲﾝﾂ,H,2.0500000000000016,H,H,0.36916029822183616,0.24405383472839898,0.3867858670497648,0.35208665987804455,0.2877244150310483,0.3601889250909073
4,1603,ﾗｲﾌﾟﾂｨ,ﾊﾞｲｴﾙﾝ,A,2.0500000000000016,H,H,0.36916029822183616,0.24405383472839898,0.3867858670497648,0.35208665987804455,0.2877244150310483,0.3601889250909073
4,1603,ﾎｯﾌｪﾝ,ﾚｳﾞｧｰ,H,2.0500000000000016,H,H,0.36916029822183616,0.24405383472839898,0.3867858670497648,0.35208665987804455,0.2877244150310483,0.3601889250909073
4,1603,ｻﾝﾀﾞｰ,ｸﾘｽﾀﾙ,H,2.0500000000000016,H,H,0.36916029822183616,0.24405383472839898,0.3867858670497648,0.35208665987804455,0.2877244150310483,0.3601889250909073
4,1603,ﾘｳﾞｧﾌﾟ,ﾊﾞｰﾝﾘｰ,D,2.0500000000000016,H,H,0.36916029822183616,0.24405383472839898,0.3867858670497648,0.35208665987804455,0.2877244150310483,0.3601889250909073
4,1603,ｳﾞｫﾙﾌｽ,ﾊｲﾃﾞﾝﾊ,D,2.0500000000000016,H,H,0.36916029822183616,0.24405383472839898,0.3867858670497648,0.35208665987804455,0.2877244150310483,0.3601889250909073
4,1603,ﾄﾃﾅﾑ,ｳｪｽﾄﾊﾑ,A,2.0500000000000016,H,H,0.36916029822183616,0.24405383472839898,0.3867858670497648,0.35208665987804455,0.2877244150310483,0.3601889250909073
4,1603,ﾘｰｽﾞ,ﾌﾗﾑ,H,2.0500000000000016,H,H,0.36916029822183616,0.24405383472839898,0.3867858670497648,0.35208665987804455,0.2877244150310483,0.3601889250909073
4,1603,ﾉｯﾃｨﾝ,ｱｰｾﾅﾙ,D,2.0500000000000016,H,H,0.36916029822183616,0.24405383472839898,0.3867858670497648,0.35208665987804455,0.2877244150310483,0.3601889250909073
4,1604,ﾌﾗﾑ,ﾌﾞﾗｲﾄﾝ,H,2.0500000000000016,H,H,0.36916029822183616,0.24405383472839898,0.3867858670497648,0.35208665987804455,0.2877244150310483,0.3601889250909073
4,1604,ﾎﾞﾝﾏｳｽ,ﾘｳﾞｧﾌﾟ,H,2.0500000000000016,H,H,0.36916029822183616,0.24405383472839898,0.3867858670497648,0.35208665987804455,0.2877244150310483,0.3601889250909073
4,1604,ﾚｳﾞｧｰ,ﾌﾞﾚｰﾒﾝ,H,2.0500000000000016,H,H,0.36916029822183616,0.24405383472839898,0.3867858670497648,0.35208665987804455,0.2877244150310483,0.3601889250909073
4,1604,ﾌﾗｲﾌﾞﾙ,ｹﾙﾝ,H,2.0500000000000016,H,H,0.36916029822183616,0.24405383472839898,0.3867858670497648,0.35208665987804455,0.2877244150310483,0.3601889250909073
4,1604,ﾒﾝﾍﾝ,ｼｭﾂｯﾄ,A,2.0500000000000016,H,H,0.36916029822183616,0.24405383472839898,0.3867858670497648,0.35208665987804455,0.2877244150310483,0.3601889250909073
4,1604,ﾊﾞｰﾝﾘｰ,ﾄﾃﾅﾑ,D,2.0500000000000016,H,H,0.36916029822183616,0.24405383472839898,0.3867858670497648,0.35208665987804455,0.2877244150310483,0.3601889250909073
4,1604,ｸﾘｽﾀﾙ,ﾁｪﾙｼｰ,A,2.0500000000000016,H,H,0.36916029822183616,0.24405383472839898,0.3867858670497648,0.35208665987804455,0.2877244150310483,0.3601889250909073
4,1604,ｱｰｾﾅﾙ,ﾏﾝU,A,2.0500000000000016,H,H,0.36916029822183616,0.24405383472839898,0.3867858670497648,0.35208665987804455,0.2877244150310483,0.3601889250909073
4,1604,ﾏｲﾝﾂ,ｳﾞｫﾙﾌｽ,H,2.0500000000000016,H,H,0.36916029822183616,0.24405383472839898,0.3867858670497648,0.35208665987804455,0.2877244150310483,0.3601889250909073
4,1604,ﾊｲﾃﾞﾝﾊ,ﾗｲﾌﾟﾂｨ,A,2.0500000000000016,H,H,0.36916029822183616,0.24405383472839898,0.3867858670497648,0.35208665987804455,0.2877244150310483,0.3601889250909073
4,1604,ｳﾆｵﾝ,ﾄﾞﾙﾄ,A,2.0500000000000016,H,H,0.36916029822183616,0.24405383472839898,0.3867858670497648,0.35208665987804455,0.2877244150310483,0.3601889250909073
4,1604,ﾌﾗﾝｸﾌﾙ,ﾎｯﾌｪﾝ,A,2.0500000000000016,H,H,0.36916029822183616,0.24405383472839898,0.3867858670497648,0.35208665987804455,0.2877244150310483,0.3601889250909073
4,1604,ﾊﾞｲｴﾙﾝ,ｱｳｸﾞｽ,H,2.0500000000000016,H,H,0.36916029822183616,0.24405383472839898,0.3867858670497648,0.35208665987804455,0.2877244150310483,0.3601889250909073
5,1605,ﾅﾎﾟﾘ,ﾁｪﾙｼｰ,A,0.7000000000000002,H,H,0.35558923341516296,0.2374230458020843,0.40698772078275264,0.3604544459938155,0.20241477021514354,0.437130783791041
5,1605,ﾊﾞﾙｾﾛﾅ,ｺﾍﾟﾝﾊｰ,H,0.7000000000000002,H,H,0.35558923341516296,0.2374230458020843,0.40698772078275264,0.3604544459938155,0.20241477021514354,0.437130783791041
5,1605,ﾄﾞﾙﾄ,ｲﾝﾃﾙ,A,0.7000000000000002,H,H,0.35558923341516296,0.2374230458020843,0.40698772078275264,0.3604544459938155,0.20241477021514354,0.437130783791041
5,1605,ﾘｳﾞｧﾌﾟ,ｶﾗﾊﾞﾌ,H,0.7000000000000002,H,H,0.35558923341516296,0.2374230458020843,0.40698772078275264,0.3604544459938155,0.20241477021514354,0.437130783791041
5,1605,ﾊﾟﾌｫｽ,ｽﾗｳﾞｨｱ,H,0.7000000000000002,H,H,0.35558923341516296,0.2374230458020843,0.40698772078275264,0.3604544459938155,0.20241477021514354,0.437130783791041
5,1605,ﾌﾗﾝｸﾌﾙ,ﾄﾃﾅﾑ,A,0.7000000000000002,H,H,0.35558923341516296,0.2374230458020843,0.40698772078275264,0.3604544459938155,0.20241477021514354,0.437130783791041
5,1605,ｱｲﾝﾄﾎｰ,ﾊﾞｲｴﾙﾝ,A,0.7000000000000002,H,H,0.35558923341516296,0.2374230458020843,0.40698772078275264,0.3604544459938155,0.20241477021514354,0.437130783791041
5,1605,ﾋﾞﾙﾊﾞｵ,ｽﾎﾟﾙﾃｨ,A,0.7000000000000002,H,H,0.35558923341516296,0.2374230458020843,0.40698772078275264,0.3604544459938155,0.20241477021514354,0.437130783791041
5,1605,ｻﾝｼﾞﾛﾜ,ｱﾀﾗﾝﾀ,H,0.7000000000000002,H,H,0.35558923341516296,0.2374230458020843,0.40698772078275264,0.3604544459938155,0.20241477021514354,0.437130783791041
5,1605,ﾍﾞﾝﾌｨｶ,Rﾏﾄﾞﾘｰ,H,0.7000000000000002,H,H,0.35558923341516296,0.2374230458020843,0.40698772078275264,0.3604544459938155,0.20241477021514354,0.437130783791041
5,1605,ﾊﾟﾘSG,ﾆｭｶｯｽﾙ,D,0.7000000000000002,H,H,0.35558923341516296,0.2374230458020843,0.40698772078275264,0.3604544459938155,0.20241477021514354,0.437130783791041
5,1605,ｱｰｾﾅﾙ,ｶｲﾗﾄ,H,0.7000000000000002,H,H,0.35558923341516296,0.2374230458020843,0.40698772078275264,0.3604544459938155,0.20241477021514354,0.437130783791041
5,1605,ﾓﾅｺ,ﾕｳﾞｪﾝﾄ,D,0.7000000000000002,H,H,0.35558923341516296,0.2374230458020843,0.40698772078275264,0.3604544459938155,0.20241477021514354,0.437130783791041
5,1606,ﾗｲﾌﾟﾂｨ,ﾏｲﾝﾂ,A,0.7000000000000002,H,H,0.35558923341516296,0.2374230458020843,0.40698772078275264,0.3604544459938155,0.20241477021514354,0.437130783791041
5,1606,ｱｳｸﾞｽ,ﾊﾟｳﾘ,H,0.7000000000000002,H,H,0.35558923341516296,0.2374230458020843,0.40698772078275264,0.3604544459938155,0.20241477021514354,0.437130783791041
5,1606,ﾄﾞﾙﾄ,ﾊｲﾃﾞﾝﾊ,H,0.7000000000000002,H,H,0.35558923341516296,0.2374230458020843,0.40698772078275264,0.3604544459938155,0.20241477021514354,0.437130783791041
5,1606,ｼｭﾂｯﾄ,ﾌﾗｲﾌﾞﾙ,H,0.7000000000000002,H,H,0.35558923341516296,0.2374230458020843,0.40698772078275264,0.3604544459938155,0.20241477021514354,0.437130783791041
5,1606,ﾘｳﾞｧﾌﾟ,ﾆｭｶｯｽﾙ,H,0.7000000000000002,H,H,0.35558923341516296,0.2374230458020843,0.40698772078275264,0.3604544459938155,0.20241477021514354,0.437130783791041
5,1606,ﾌﾞﾗｲﾄﾝ,ｴｳﾞｧﾄﾝ,D,0.7000000000000002,H,H,0.35558923341516296,0.2374230458020843,0.40698772078275264,0.3604544459938155,0.20241477021514354,0.437130783791041
5,1606,ﾄﾃﾅﾑ,ﾏﾝC,D,0.7000000000000002,H,H,0.35558923341516296,0.2374230458020843,0.40698772078275264,0.3604544459938155,0.20241477021514354,0.437130783791041
5,1606,ﾉｯﾃｨﾝ,ｸﾘｽﾀﾙ,D,0.7000000000000002,H,H,0.35558923341516296,0.2374230458020843,0.40698772078275264,0.3604544459938155,0.20241477021514354,0.437130783791041
5,1606,ﾌﾗﾝｸﾌﾙ,ﾚｳﾞｧｰ,A,0.7000000000000002,H,H,0.35558923341516296,0.2374230458020843,0.40698772078275264,0.3604544459938155,0.20241477021514354,0.437130783791041
5,1606,ﾎｯﾌｪﾝ,ｳﾆｵﾝ,H,0.7000000000000002,H,H,0.35558923341516296,0.2374230458020843,0.40698772078275264,0.3604544459938155,0.20241477021514354,0.437130783791041
5,1606,ﾊﾝﾌﾞﾙｶ,ﾊﾞｲｴﾙﾝ,D,0.7000000000000002,H,H,0.35558923341516296,0.2374230458020843,0.40698772078275264,0.3604544459938155,0.20241477021514354,0.437130783791041
5,1606,ﾌﾞﾚｰﾒﾝ,ﾒﾝﾍﾝ,H,0.7000000000000002,H,H,0.35558923341516296,0.2374230458020843,0.40698772078275264,0.3604544459938155,0.20241477021514354,0.437130783791041
5,1606,ﾘｰｽﾞ,ｱｰｾﾅﾙ,A,0.7000000000000002,H,H,0.35558923341516296,0.2374230458020843,0.40698772078275264,0.3604544459938155,0.20241477021514354,0.437130783791041
5,1607,横浜F・マリノス,2,H,0.7000000000000002,H,H,0.1394782571939833,0.315989877423244,0.5445318653827725,0.08916401296296131,0.28679432061064813,0.6240416664263906
5,1607,京都サンガF.C.,1,H,0.7000000000000002,H,H,0.20549751288145435,0.1805711816416105,0.6139313054769351,0.15135848467787966,0.1258290365150059,0.7228124788071144
5,1607,V・ファーレン長崎,1,H,0.7000000000000002,H,H,0.12386053237036937,0.1151142464655851,0.7610252211640455,0.06545217784384731,0.05895084104612185,0.8755969811100308
5,1608,川崎フロンターレ,柏レイソル,H,0.7000000000000002,H,H,0.31477460460083745,0.3364491336892239,0.34877626170993864,0.30697307084819153,0.33760912388728775,0.3554178052645208
5,1608,東京ヴェルディ,水戸ホーリーホック,H,0.7000000000000002,A,A,0.4497939263935632,0.2761364410547824,0.2740696325516544,0.5022991908068117,0.2501858097396891,0.2475149994534992
5,1608,栃木シティ,ベガルタ仙台,A,0.7000000000000002,A,A,0.5857107885167419,0.1898490573523708,0.22444015413088722,0.6877432626961689,0.13755056395844703,0.17470617334538413
5,1608,名古屋グランパス,清水エスパルス,H,0.7000000000000002,H,H,0.29367242946657324,0.21670823808482076,0.48961933244860595,0.2685737365405501,0.17398411798741287,0.5574421454720371
5,1608,いわきFC,北海道コンサドーレ札幌,H,0.7000000000000002,A,A,0.4207586273414006,0.1925415167692294,0.38669985588936995,0.4517258944700935,0.1478640653144523,0.4004100402154543
5,1608,愛媛FC,アルビレックス新潟,A,0.7000000000000002,H,H,0.2870887437197962,0.31470045792309853,0.3982107983571053,0.2676629425199831,0.30518374998279635,0.42715330749722047
5,1608,横浜FC,モンテディオ山形,A,0.7000000000000002,A,A,0.5611170774887138,0.18572968172283896,0.25315324078844725,0.654944929932893,0.134972265860018,0.21008280420708897
5,1608,湘南ベルマーレ,ブラウブリッツ秋田,A,0.7000000000000002,A,A,0.5627847558465542,0.13461532924943753,0.30259991490400817,0.6486333555774063,0.08404316717826599,0.2673234772443278
5,1608,FC東京,鹿島アントラーズ,A,0.7000000000000002,A,A,0.47308936455868,0.30578702112183415,0.22112361431948574,0.5337614735559894,0.2861531011737648,0.1800854252702458
5,1608,セレッソ大阪,ガンバ大阪,D,0.7000000000000002,H,H,0.3669587825129407,0.1357104654046798,0.4973307520823793,0.3590230944135515,0.08669097570663675,0.5542859298798118
5,1608,アビスパ福岡,ファジアーノ岡山,D,0.7000000000000002,H,H,0.23282159305616745,0.3139430385213974,0.45323536842243517,0.1952111178731629,0.29920755106452873,0.5055813310623083
5,1608,ジェフユナイテッド千葉,浦和レッズ,H,0.7000000000000002,A,A,0.4109328917730105,0.22527866345302824,0.3637884447739612,0.44170792687544846,0.18715671628830355,0.371135356836248
5,1608,FC琉球,サガン鳥栖,D,0.7000000000000002,A,A,0.4872821178553096,0.21302652027854377,0.29969136186614664,0.5537037473929328,0.16979499728024494,0.2765012553268223
5,1609,徳島ヴォルティス,アルビレックス新潟,H,0.7000000000000002,A,A,0.532702273110813,0.2232540122110411,0.24404371467814592,0.6185963144314645,0.17858991552643255,0.2028137700421029
5,1609,大宮,北海道コンサドーレ札幌,H,0.7000000000000002,A,A,0.39995617206647716,0.2790908539739786,0.32095297395954414,0.42949224911788336,0.2568721655204823,0.3136355853616344
5,1609,栃木シティ,ブラウブリッツ秋田,A,0.7000000000000002,H,H,0.35845292268618256,0.1917280976722669,0.4498189796415506,0.3581404420566863,0.1465022436670328,0.4953573142762808
5,1609,ガンバ大阪,名古屋グランパス,D,0.7000000000000002,H,H,0.32369080663021255,0.2174179986051314,0.458891194764656,0.31125637770093423,0.1762833520310625,0.5124602702680032
5,1609,町田,水戸ホーリーホック,A,0.7000000000000002,H,H,0.2989340455904357,0.2528184873440918,0.4482474670654724,0.28003883565801724,0.22042763822483138,0.49953352611715146
5,1609,ジェフユナイテッド千葉,川崎フロンターレ,D,0.7000000000000002,A,A,0.4887682175932066,0.24164380434293492,0.2695879780638584,0.5577304529953291,0.20388504325992837,0.23838450374474263
5,1609,FC東京,浦和レッズ,D,0.7000000000000002,H,H,0.3183254934432993,0.18622583610119053,0.4954486704555101,0.2988405023830751,0.13893864087029592,0.562220856746629
5,1609,サンフレッチェ広島,ファジアーノ岡山,D,0.7000000000000002,H,H,0.1978492293974531,0.38900303095119004,0.41314773965135676,0.15408478611761095,0.4047761676943175,0.4411390461880714
5,1609,アビスパ福岡,セレッソ大阪,A,0.7000000000000002,H,H,0.36134004206284565,0.20514736666505523,0.433512591272099,0.36462361382384206,0.16241655684444198,0.4729598293317161
5,1609,柏レイソル,東京ヴェルディ,A,0.7000000000000002,H,H,0.3774787217647526,0.20204827979287984,0.4204729984423675,0.3881865959766925,0.15895454028864497,0.4528588637346625
5,1609,鹿島アントラーズ,横浜F・マリノス,H,0.7000000000000002,D,D,0.3373172742681001,0.35997460479694565,0.3027081209349543,0.3385200249145774,0.37146476308095205,0.29001521200447067
5,1609,清水エスパルス,京都サンガF.C.,H,0.7000000000000002,A,A,0.6363907876783281,0.20099243126537905,0.16261678105629282,0.7489979083879799,0.14435023316232773,0.10665185844969251
5,1609,横浜FC,ベガルタ仙台,A,0.7000000000000002,A,A,0.7274734253922434,0.1593109943816678,0.11321558022608877,0.8443497340949512,0.09644451546786105,0.059205750437187746
5,1610,徳島ヴォルティス,富山,A,0.7000000000000002,A,A,0.44558261636616914,0.2569828505785563,0.29743453305527456,0.4958103642424664,0.22586690719876998,0.2783227285587636
5,1610,名古屋グランパス,V・ファーレン長崎,A,0.7000000000000002,A,A,0.5134160466679898,0.20110625850192335,0.28547769483008695,0.5901443454694338,0.1546917074004878,0.2551639471300784
5,1610,京都サンガF.C.,アビスパ福岡,H,0.7000000000000002,A,A,0.5363450003734936,0.20531723305146768,0.25833776657503854,0.6227217360199436,0.15796207641093812,0.21931618756911822
5,1610,水戸ホーリーホック,ジェフユナイテッド千葉,D,0.7000000000000002,H,H,0.35217101467937734,0.15189375257319188,0.49593523274743073,0.3411173015069563,0.10260532362551533,0.5562773748675284
5,1610,東京ヴェルディ,町田,D,0.7000000000000002,H,H,0.3448456008919429,0.12937175375098514,0.5257826453570719,0.32538940241697506,0.08019343151959396,0.594417166063431
5,1610,藤枝MYFC,ヴァンフォーレ甲府,D,0.7000000000000002,A,A,0.47103690640627127,0.28904762449957894,0.23991546909414974,0.5321393582729395,0.2648780989641799,0.20298254276288058
5,1610,鹿島アントラーズ,柏レイソル,H,0.7000000000000002,A,A,0.37450423891132345,0.3476463488465743,0.27784941224210224,0.3918557296041974,0.3523352606240552,0.2558090097717474
5,1610,川崎フロンターレ,FC東京,A,0.7000000000000002,H,H,0.30078568035126746,0.22179445693555977,0.4774198627131727,0.2791801482279584,0.18066552714897732,0.5401543246230642
5,1610,横浜F・マリノス,浦和レッズ,H,0.7000000000000002,H,H,0.38165140533951236,0.15844639947259376,0.4599021951878938,0.3860793564688624,0.10996897187040139,0.5039516716607362
5,1610,清水エスパルス,ヴィッセル神戸,A,0.7000000000000002,A,A,0.4227807179605486,0.22575626354642653,0.3514630184930249,0.4595349079291077,0.18752880597593374,0.35293628609495853
5,1610,ファジアーノ岡山,ガンバ大阪,A,0.7000000000000002,A,A,0.6244386228400747,0.1816193345854087,0.19394204257451658,0.735568945764225,0.12602043956133638,0.13841061467443866
5,1610,セレッソ大阪,サンフレッチェ広島,A,0.7000000000000002,A,A,0.5592091136208723,0.21835482520391825,0.22243606117520953,0.6540681040165602,0.17067819699169776,0.175253698991742
5,1610,宮崎,サガン鳥栖,H,0.7000000000000002,H,H,0.31895980443681304,0.16728424003654305,0.5137559555266439,0.2964241035180962,0.11789956111551009,0.5856763353663937
5,1611,ﾊﾟﾘSG,ﾓﾅｺ,D,0.7000000000000002,H,H,0.35558923341516296,0.2374230458020843,0.40698772078275264,0.3604544459938155,0.20241477021514354,0.437130783791041
5,1611,ｱﾀﾗﾝﾀ,ﾄﾞﾙﾄ,H,0.7000000000000002,H,H,0.35558923341516296,0.2374230458020843,0.40698772078275264,0.3604544459938155,0.20241477021514354,0.437130783791041
5,1611,Rﾏﾄﾞﾘｰ,ﾍﾞﾝﾌｨｶ,H,0.7000000000000002,H,H,0.35558923341516296,0.2374230458020843,0.40698772078275264,0.3604544459938155,0.20241477021514354,0.437130783791041
5,1611,ｲﾝﾃﾙ,ｸﾞﾘﾑﾄ,A,0.7000000000000002,H,H,0.35558923341516296,0.2374230458020843,0.40698772078275264,0.3604544459938155,0.20241477021514354,0.437130783791041
5,1611,Aﾏﾄﾞﾘｰ,ﾌﾞﾙｯﾍ,H,0.7000000000000002,H,H,0.35558923341516296,0.2374230458020843,0.40698772078275264,0.3604544459938155,0.20241477021514354,0.437130783791041
5,1612,町田,2,H,0.7000000000000002,H,H,0.13077909253417247,0.1583638174756421,0.7108570899901853,0.07383545406773946,0.09705198883305469,0.829112557099206
5,1612,ヴィッセル神戸,2,A,0.7000000000000002,H,H,0.2223055659202779,0.09976506619682275,0.6779293678828993,0.16035777312514218,0.05104901728516055,0.7885932095896973
5,1612,サンフレッチェ広島,1,H,0.7000000000000002,H,H,0.1326799173995612,0.3928013336737922,0.4745187489266464,0.08411157367906986,0.3964955107381583,0.5193929155827718
5,1613,北海道コンサドーレ札幌,岐阜,A,0.7000000000000002,H,H,0.3601045936519348,0.22200744223851848,0.41788796410954665,0.3652335344308447,0.18301358153114441,0.45175288403801095
5,1613,FC今治,アルビレックス新潟,A,0.7000000000000002,A,A,0.572834603526028,0.19950062713307165,0.22766476934090035,0.6714857129953602,0.1488091593050195,0.1797051276996203
5,1613,V・ファーレン長崎,セレッソ大阪,H,0.7000000000000002,H,H,0.40716635687484315,0.18169145577241025,0.41114218735274655,0.4292302836777298,0.1355393893335487,0.43523032698872144
5,1613,ガンバ大阪,清水エスパルス,A,0.7000000000000002,H,H,0.30931267249280714,0.18773583375347605,0.5029514937537167,0.28631131614819966,0.140298178016591,0.5733905058352093
5,1613,横浜F・マリノス,東京ヴェルディ,H,0.7000000000000002,H,H,0.3189917668717066,0.15136235179724483,0.5296458813310485,0.2934170692460448,0.10115067686017154,0.6054322538937836
5,1613,ベガルタ仙台,八戸,D,0.7000000000000002,H,H,0.29523344255869255,0.22927880071761159,0.4754877567236958,0.27230512263128537,0.18975634759265098,0.5379385297760637
5,1613,FC東京,柏レイソル,A,0.7000000000000002,H,H,0.2852649523960954,0.17047193873665167,0.5442631088672528,0.2502634600800504,0.11994310219112787,0.6297934377288218
5,1613,浦和レッズ,鹿島アントラーズ,A,0.7000000000000002,A,A,0.4122926698625197,0.37354322780263355,0.21416410233484665,0.4423212444153311,0.38415142351224424,0.17352733207242474
5,1613,川崎フロンターレ,水戸ホーリーホック,D,0.7000000000000002,A,A,0.40682741743375406,0.2231965030293065,0.36997607953693945,0.435289355244444,0.1846362046318084,0.38007444012374747
5,1613,栃木シティ,湘南ベルマーレ,A,0.7000000000000002,A,A,0.3812721008564821,0.25503601727028286,0.3636918818732351,0.4003513836811303,0.22540569851906575,0.37424291779980384
5,1613,いわきFC,藤枝MYFC,A,0.7000000000000002,H,H,0.30298833698071237,0.28466235739176715,0.4123493056275205,0.28836509995371246,0.2637754133636107,0.4478594866826768
5,1613,ファジアーノ岡山,名古屋グランパス,D,0.7000000000000002,H,H,0.3265639925240316,0.17809238844428482,0.4953436190316836,0.3092228882850966,0.13004570270860127,0.5607314090063021
5,1613,富山,FC大阪,D,0.7000000000000002,H,H,0.3531776799227044,0.25963980928818586,0.38718251078910965,0.3591091401661826,0.23138645562116472,0.40950440421265266
5,1614,藤枝MYFC,ジュビロ磐田,D,0.7000000000000002,A,A,0.47910136736345343,0.27540857199355784,0.24549006064298876,0.5440264555924575,0.24667212839757804,0.20930141600996435
5,1614,八戸,横浜FC,D,0.7000000000000002,H,H,0.2625102134506259,0.33248846212396554,0.40500132442540854,0.23477280542045173,0.32905054141355683,0.43617665316599147
5,1614,モンテディオ山形,ブラウブリッツ秋田,A,0.7000000000000002,H,H,0.35841473817123753,0.1801310452785142,0.4614542165502482,0.3560005845660521,0.133228592220893,0.5107708232130548
5,1614,ベガルタ仙台,湘南ベルマーレ,D,0.7000000000000002,H,H,0.23013676957730192,0.28791667553648526,0.48194655488621285,0.1904107425613261,0.2622189217882892,0.5473703356503847
5,1614,セレッソ大阪,清水エスパルス,D,0.7000000000000002,H,H,0.3349043688981731,0.1620759660528052,0.5030196650490217,0.31820602990203606,0.11282869274380643,0.5689652773541576
5,1614,ジェフユナイテッド千葉,柏レイソル,H,0.7000000000000002,A,A,0.4041825879487534,0.20891869532634388,0.38689871672490284,0.4293629126290037,0.1672613258875141,0.40337576148348214
5,1614,FC東京,横浜F・マリノス,H,0.7000000000000002,H,H,0.4007625115065554,0.19522449251928115,0.40401299597416335,0.42202579585087885,0.1510500002609757,0.4269242038881455
5,1614,浦和レッズ,水戸ホーリーホック,H,0.7000000000000002,A,A,0.48587101144709177,0.16688900859244626,0.3472399799604619,0.5446258773299615,0.11833355449621917,0.33704056817381944
5,1614,アビスパ福岡,名古屋グランパス,A,0.7000000000000002,A,A,0.405840059473502,0.21443492676152032,0.3797250137649776,0.43265052538385057,0.17391542730840825,0.39343404730774123
5,1614,ファジアーノ岡山,京都サンガF.C.,H,0.7000000000000002,A,A,0.5673038877227532,0.20046834469381122,0.23222776758343544,0.6642644731124092,0.15029875219866648,0.18543677468892425
5,1614,鹿島アントラーズ,東京ヴェルディ,A,0.7000000000000002,H,H,0.22489789158881202,0.36723095794029936,0.40787115047088857,0.18672707089151613,0.3762072355822115,0.4370656935262722
5,1614,ガンバ大阪,V・ファーレン長崎,H,0.7000000000000002,H,H,0.387438840492569,0.1600517504147596,0.45250940909267134,0.39508123631395875,0.11173694484286367,0.4931818188431776
5,1614,いわきFC,大宮,D,0.7000000000000002,H,H,0.30245961305727476,0.32153784558197673,0.3760025413607485,0.2893517052539297,0.3157734595245638,0.39487483522150657
6,1615,Aﾏﾄﾞﾘｰ,ﾄﾃﾅﾑ,A,1.4000000000000008,H,H,0.3404381662470138,0.2419965196907083,0.4175653140622779,0.3400566034094705,0.26648530664313747,0.393458089947392
6,1615,Rﾏﾄﾞﾘｰ,ﾏﾝC,H,1.4000000000000008,H,H,0.3404381662470138,0.2419965196907083,0.4175653140622779,0.3400566034094705,0.26648530664313747,0.393458089947392
6,1615,ｱﾀﾗﾝﾀ,ﾊﾞｲｴﾙﾝ,H,1.4000000000000008,H,H,0.3404381662470138,0.2419965196907083,0.4175653140622779,0.3400566034094705,0.26648530664313747,0.393458089947392
6,1615,ﾊﾟﾘSG,ﾁｪﾙｼｰ,H,1.4000000000000008,H,H,0.3404381662470138,0.2419965196907083,0.4175653140622779,0.3400566034094705,0.26648530664313747,0.393458089947392
6,1615,ｸﾞﾘﾑﾄ,ｽﾎﾟﾙﾃｨ,H,1.4000000000000008,H,H,0.3404381662470138,0.2419965196907083,0.4175653140622779,0.3400566034094705,0.26648530664313747,0.393458089947392
6,1616,サンフレッチェ広島,ガンバ大阪,H,1.4000000000000008,A,A,0.4010547808889695,0.30641302840653184,0.29253219070449865,0.38119778995230935,0.31452335168812656,0.3042788583595641
6,1616,V・ファーレン長崎,アビスパ福岡,H,1.4000000000000008,H,H,0.3538290919818712,0.11855886937880904,0.5276120386393197,0.35865068746852574,0.16424279175631587,0.47710652077515836
6,1616,水戸ホーリーホック,FC東京,D,1.4000000000000008,H,H,0.3471093152641563,0.16099655049605008,0.49189413423979356,0.34959748994335904,0.2019515045446186,0.4484510055120222
6,1616,横浜F・マリノス,ジェフユナイテッド千葉,H,1.4000000000000008,H,H,0.3169106009380488,0.21741113025166803,0.4656782688102832,0.3246298597317308,0.24802304805659975,0.4273470922116694
6,1616,東京ヴェルディ,浦和レッズ,H,1.4000000000000008,A,A,0.4976894440198804,0.1259559321951425,0.3763546237849771,0.4558260735554618,0.17082697365085162,0.37334695279368657
6,1616,京都サンガF.C.,セレッソ大阪,A,1.4000000000000008,A,A,0.44954737382299403,0.12429400631325793,0.42615861986374803,0.42341299512135816,0.16902868500092852,0.4075583198777134
6,1616,鹿島アントラーズ,川崎フロンターレ,H,1.4000000000000008,H,H,0.296234276998364,0.24576888639570904,0.4579968366059269,0.30862209858293943,0.27008001151157357,0.4212978899054871
6,1616,名古屋グランパス,ヴィッセル神戸,A,1.4000000000000008,A,A,0.4352126742562521,0.20084945831160103,0.3639378674321467,0.4072204491376574,0.23439610248272288,0.35838344837961966
6,1616,柏レイソル,町田,A,1.4000000000000008,H,H,0.20873855658173546,0.13548751927792094,0.6557739241403435,0.2500251570106899,0.18361572098862475,0.5663591220006854
6,1616,清水エスパルス,ファジアーノ岡山,D,1.4000000000000008,H,H,0.3114142297126392,0.14674675525162703,0.5418390150357337,0.3257835665093572,0.19033649565706512,0.4838799378335777
6,1616,ジュビロ磐田,北海道コンサドーレ札幌,A,1.4000000000000008,A,A,0.5096887629539845,0.18345473930084294,0.30685649774517265,0.45914930841995466,0.22129468809633282,0.3195560034837125
6,1616,八戸,栃木シティ,A,1.4000000000000008,D,D,0.22649658289489877,0.39154323761565013,0.38196017948945105,0.2543941512823307,0.3761020894198901,0.36950375929777923
6,1616,宮崎,大分,H,1.4000000000000008,H,H,0.2788865544326397,0.25484041451233663,0.4662730310550237,0.2957534966343644,0.27730581582650077,0.4269406875391348
6,1617,町田,鹿島アントラーズ,A,1.4000000000000008,A,A,0.4186930811667131,0.2925534618361744,0.28875345699711236,0.39354766924561985,0.3046420254203943,0.3018103053339859
6,1617,セレッソ大阪,ファジアーノ岡山,H,1.4000000000000008,H,H,0.3323680898391338,0.1345422286076216,0.5330896815532445,0.34181753736038173,0.17916409534019934,0.479018367299419
6,1617,ジェフユナイテッド千葉,FC東京,A,1.4000000000000008,A,A,0.524676237226553,0.15435051204016537,0.32097325073328153,0.4714169752223171,0.19671872554272096,0.331864299234962
6,1617,アビスパ福岡,清水エスパルス,A,1.4000000000000008,H,H,0.3986902166625037,0.15747379806513886,0.44383598527235746,0.3854055167403684,0.19849774917095972,0.41609673408867204
6,1617,名古屋グランパス,サンフレッチェ広島,H,1.4000000000000008,A,A,0.665273265361106,0.17437465588881101,0.16035207875008287,0.572673679640447,0.220058498962358,0.20726782139719505
6,1618,清水エスパルス,サンフレッチェ広島,A,1.4000000000000008,A,A,0.3898274934452425,0.3705093833397558,0.23966312321500166,0.374417650403116,0.3610685845137035,0.2645137650831806
6,1618,ファジアーノ岡山,V・ファーレン長崎,H,1.4000000000000008,A,A,0.4128372671463373,0.21413814045578247,0.3730245923978803,0.3912625288988918,0.24481397720425763,0.36392349389685064
6,1618,アビスパ福岡,ガンバ大阪,D,1.4000000000000008,A,A,0.4712082763558932,0.20397185033419907,0.3248198733099076,0.4316846201121295,0.23736780225577245,0.330947577632098
6,1618,鹿島アントラーズ,ジェフユナイテッド千葉,H,1.4000000000000008,H,H,0.26248871111270133,0.3334603749974351,0.40405091388986347,0.28190855095896333,0.3344618115580307,0.383629637483006
6,1618,セレッソ大阪,ヴィッセル神戸,D,1.4000000000000008,A,A,0.41924575378305884,0.21345321353586383,0.3673010326810773,0.39568152681053276,0.24431014802514947,0.36000832516431763
6,1618,柏レイソル,水戸ホーリーホック,H,1.4000000000000008,H,H,0.328540441428435,0.22455702088125618,0.4469025376903088,0.3324696293484407,0.2533422083317933,0.4141881623197659
6,1618,川崎フロンターレ,横浜F・マリノス,A,1.4000000000000008,H,H,0.33124889287936465,0.19371851621282404,0.47503259090781136,0.3360905558296042,0.22910768919060406,0.43480175497979184
6,1618,北海道コンサドーレ札幌,ヴァンフォーレ甲府,H,1.4000000000000008,H,H,0.2610880953171614,0.2946520254363728,0.4442598792464659,0.28152827107791495,0.30692904297441337,0.41154268594767174
6,1618,FC今治,徳島ヴォルティス,H,1.4000000000000008,A,A,0.546424499798952,0.19321740121013775,0.2603580989909103,0.48431341158445307,0.23048251086714933,0.28520407754839766
6,1618,ブラウブリッツ秋田,八戸,H,1.4000000000000008,A,A,0.46087448596480896,0.2187852257508337,0.3203402882843572,0.42399398942476507,0.2490244990638021,0.32698151151143284
6,1618,東京ヴェルディ,FC東京,D,1.4000000000000008,H,H,0.36006869265801855,0.21245450961575846,0.42747679772622293,0.3550588745995259,0.24358113638618895,0.4013599890142852
6,1618,京都サンガF.C.,名古屋グランパス,D,1.4000000000000008,H,H,0.3869708281120673,0.1782194184079499,0.4348097534799828,0.3757171648659323,0.21594565080442105,0.40833718432964666
6,1618,浦和レッズ,町田,A,1.4000000000000008,H,H,0.34989490838487736,0.1406302829633029,0.5094748086518197,0.35343858596743777,0.1843137330017849,0.46224768103077724
6,1619,滋賀,宮崎,H,1.4000000000000008,H,H,0.2700738916308612,0.30951578142263725,0.4204103269465014,0.28785032370484076,0.3172872172712621,0.3948624590238972
6,1619,富山,FC今治,D,1.4000000000000008,A,A,0.48385766182010603,0.3734499735190906,0.1426923646608033,0.44461729915073117,0.36952156817982906,0.18586113266943977
6,1619,八戸,相模原,D,1.4000000000000008,A,A,0.5020995332738315,0.2739029881056022,0.22399747862056632,0.45239088543710104,0.2934396611120578,0.254169453450841
6,1619,ヴァンフォーレ甲府,大宮,A,1.4000000000000008,A,A,0.5682521404306459,0.22471344033612337,0.20703441923323063,0.4995900439580824,0.25752504207049076,0.242884913971427
6,1619,ブラウブリッツ秋田,ベガルタ仙台,D,1.4000000000000008,A,A,0.4140609096114991,0.29782171585552625,0.2881173745329746,0.390308407678275,0.3084522901814482,0.3012393021402767
6,1619,藤枝MYFC,北海道コンサドーレ札幌,D,1.4000000000000008,A,A,0.5550044181382302,0.23603168177259579,0.2089639000891739,0.4900338183948837,0.26606827621582396,0.24389790538929232
6,1619,いわきFC,ジュビロ磐田,H,1.4000000000000008,A,A,0.42159352794824156,0.22116416753622878,0.35724230451552974,0.39695200453069734,0.2503859875799631,0.35266200788933955
6,1619,モンテディオ山形,栃木シティ,A,1.4000000000000008,H,H,0.30455886374111774,0.3034909523441798,0.3919501839147024,0.3129946538016094,0.3122103385139823,0.3747950076844083
6,1619,鳥取,サガン鳥栖,A,1.4000000000000008,H,H,0.36320538489529686,0.13941571605208825,0.49737889905261484,0.3627921614932113,0.18307495426442688,0.4541328842423618
6,1619,山口,大分,H,1.4000000000000008,H,H,0.242622993497091,0.18542069894160096,0.571956307561308,0.27245224340051954,0.22484362156656998,0.5027041350329104
6,1619,FC大阪,アルビレックス新潟,D,1.4000000000000008,A,A,0.3671685294716733,0.35072389765541456,0.28210757287291205,0.35762590614566864,0.34611037693871705,0.29626371691561426
6,1619,徳島ヴォルティス,高知,H,1.4000000000000008,H,H,0.38955359601960393,0.17318568405766224,0.43726071992273363,0.3778626574506975,0.21177074005074073,0.41036660249856177
6,1619,横浜FC,湘南ベルマーレ,H,1.4000000000000008,H,H,0.3507506583431023,0.1889219793620505,0.46032736229484705,0.3500052160678631,0.22497512980879483,0.4250196541233421
6,1620,ジェフユナイテッド千葉,東京ヴェルディ,H,1.4000000000000008,A,A,0.4572920787351386,0.18285099556815912,0.35985692569670213,0.4233228272332678,0.21994654929072113,0.356730623476011
6,1620,柏レイソル,横浜F・マリノス,H,1.4000000000000008,H,H,0.29512544395488033,0.16298871833968784,0.5418858377054317,0.3127103608373472,0.20462765903866537,0.4826619801239874
6,1620,名古屋グランパス,セレッソ大阪,A,1.4000000000000008,A,A,0.5063525100858124,0.17875102043879473,0.3148964694753929,0.45711857953510615,0.21728297748340272,0.32559844298149115
6,1620,ガンバ大阪,京都サンガF.C.,H,1.4000000000000008,A,A,0.38951087815356855,0.2293828837889328,0.38110623805749866,0.37458463148011123,0.25662196411107857,0.36879340440881025
6,1620,サンフレッチェ広島,アビスパ福岡,A,1.4000000000000008,H,H,0.30521750066564135,0.2684413490550829,0.4263411502792757,0.3142677157735817,0.28672871204529216,0.3990035721811262
6,1620,ジュビロ磐田,ヴァンフォーレ甲府,H,1.4000000000000008,H,H,0.34438882596978143,0.24268784292089216,0.4129233311093264,0.34279240527783117,0.2669678886500542,0.39023970607211456
6,1620,水戸ホーリーホック,鹿島アントラーズ,D,1.4000000000000008,A,A,0.4421877535795493,0.31641344578904756,0.24139880063140304,0.4104497162743474,0.32317462948981013,0.2663756542358424
6,1620,V・ファーレン長崎,清水エスパルス,A,1.4000000000000008,H,H,0.3637926734647421,0.2001406401341582,0.4360666864010997,0.35832527474496784,0.23383362820952494,0.40784109704550725
6,1620,ファジアーノ岡山,ヴィッセル神戸,A,1.4000000000000008,A,A,0.4704623840922297,0.2256302747777303,0.30390734113004003,0.43038284375493324,0.2546283249829614,0.3149888312621055
6,1620,FC東京,町田,D,1.4000000000000008,H,H,0.3407098958116626,0.19961887708180193,0.45967122710653546,0.34233694045851676,0.23367307052214642,0.42398998901933693
6,1620,八戸,モンテディオ山形,A,1.4000000000000008,A,A,0.35799291105958714,0.35504737968358424,0.2869597092568285,0.351125661853997,0.34905963603588275,0.29981470211012023
6,1620,川崎フロンターレ,浦和レッズ,H,1.4000000000000008,H,H,0.4027797726673602,0.17470574150394585,0.42251448582869394,0.3867843929282764,0.21298759855135432,0.4002280085203694
6,1620,サガン鳥栖,大分,A,1.4000000000000008,H,H,0.2852519924139966,0.15072455799508097,0.5640234495909224,0.30661974198060143,0.19440662715792087,0.4989736308614776
6,1621,ガンバ大阪,セレッソ大阪,A,1.4000000000000008,H,H,0.4026457461781848,0.15286122399701896,0.4444930298247961,0.38852271431368895,0.19452231375129234,0.4169549719350186
6,1621,アビスパ福岡,V・ファーレン長崎,H,1.4000000000000008,H,H,0.28530656617041006,0.28518890661945473,0.42950452721013516,0.2994850528037534,0.2993968285231783,0.40111811867306835
6,1621,ヴィッセル神戸,名古屋グランパス,H,1.4000000000000008,H,H,0.33218153266949835,0.2685604995028281,0.3992579678276735,0.33338845681516915,0.2864165881072554,0.3801949550775754
6,1621,横浜F・マリノス,FC東京,A,1.4000000000000008,H,H,0.35177878990836153,0.14465056007026983,0.5035706500213686,0.35434537686962825,0.1878228968012501,0.4578317263291217
6,1621,京都サンガF.C.,ファジアーノ岡山,H,1.4000000000000008,H,H,0.35753131145430544,0.16580592626700896,0.47666276227868554,0.35642405719223363,0.20587321334338815,0.4377027294643782
6,1621,町田,柏レイソル,H,1.4000000000000008,H,H,0.4213359553007925,0.13276962597582398,0.4458944187233835,0.4032927605439932,0.17676035365263673,0.4199468858033701
6,1621,モンテディオ山形,横浜FC,H,1.4000000000000008,H,H,0.33964242226458086,0.23437496667904373,0.4259826110563754,0.3398084497043311,0.2607084442384463,0.39948310605722265
6,1621,ブラウブリッツ秋田,湘南ベルマーレ,A,1.4000000000000008,H,H,0.3116800281071195,0.33714075684070866,0.3511792150521718,0.3177976347540874,0.3361316707780524,0.3460706944678602
6,1621,ヴァンフォーレ甲府,北海道コンサドーレ札幌,H,1.4000000000000008,A,A,0.7043820286813619,0.18094204753265258,0.11467592378598551,0.6052392886906244,0.22924853269671958,0.16551217861265605
6,1621,ジェフユナイテッド千葉,水戸ホーリーホック,H,1.4000000000000008,A,A,0.39378572389371774,0.2167171759676584,0.3894971001386239,0.37807961538655305,0.2467864897105571,0.37513389490288984
6,1621,浦和レッズ,東京ヴェルディ,D,1.4000000000000008,A,A,0.443724472141915,0.18244391496873363,0.37383161288935135,0.41411363755363334,0.219490979624386,0.36639538282198064
6,1621,サンフレッチェ広島,清水エスパルス,A,1.4000000000000008,A,A,0.4467329837908752,0.19753070779354026,0.3557363084155845,0.41526073320809764,0.23182936116608294,0.3529099056258194
6,1621,川崎フロンターレ,鹿島アントラーズ,A,1.4000000000000008,A,A,0.5125321958623692,0.23311374878677932,0.2543540553508514,0.45957978920994863,0.2617976437979509,0.2786225669921005
6,1622,鹿島アントラーズ,浦和レッズ,H,1.4000000000000008,H,H,0.20861909084849362,0.270161795063119,0.5212191140883873,0.24235963610013186,0.2915097376602736,0.4661306262395945
6,1622,名古屋グランパス,アビスパ福岡,D,1.4000000000000008,A,A,0.5732260522008433,0.19838042834824246,0.22839351945091407,0.5032989446256838,0.23586516685009812,0.26083588852421796
6,1622,水戸ホーリーホック,柏レイソル,H,1.4000000000000008,H,H,0.3991963261986309,0.19336781175780274,0.40743586204356635,0.38306019060354213,0.22824863903699938,0.38869117035945855
6,1622,横浜F・マリノス,川崎フロンターレ,H,1.4000000000000008,H,H,0.3624754885063143,0.14902592432932574,0.48849858716436,0.3613316114651538,0.19150479749591845,0.44716359103892767
6,1622,ガンバ大阪,ファジアーノ岡山,D,1.4000000000000008,H,H,0.31184286033191505,0.2320602836557312,0.4560968560123537,0.32033366533503305,0.2593789545993083,0.42028738006565863
6,1622,東京ヴェルディ,ジェフユナイテッド千葉,H,1.4000000000000008,H,H,0.4029678144402729,0.1564132529409736,0.4406189326187535,0.3884180199824037,0.19757419396522813,0.41400778605236804
6,1622,ベガルタ仙台,栃木シティ,H,1.4000000000000008,A,A,0.48493587345712497,0.19869366626795046,0.31637046027492444,0.4413500783150595,0.23334434863102446,0.3253055730539161
6,1622,ヴァンフォーレ甲府,藤枝MYFC,A,1.4000000000000008,A,A,0.6218656365444416,0.14104776673689262,0.23708659671866572,0.5409105483833334,0.18745174611420015,0.2716377055024665
6,1622,ブラウブリッツ秋田,横浜FC,A,1.4000000000000008,A,A,0.4946286156378322,0.19092154359258903,0.3144498407695787,0.4483890169639097,0.2271704792081685,0.32444050382792183
6,1622,モンテディオ山形,八戸,H,1.4000000000000008,H,H,0.2615976490429081,0.2175079745563066,0.5208943764007852,0.2847382620533996,0.24956843152645233,0.4656933064201482
6,1622,大宮,ジュビロ磐田,A,1.4000000000000008,H,H,0.3894196974903346,0.19183524874137559,0.41874505376828974,0.37646428943843196,0.227032705826929,0.39650300473463906
6,1622,アルビレックス新潟,FC今治,H,1.4000000000000008,H,H,0.37429343963111456,0.22976428482093242,0.395942275547953,0.36407550043406506,0.2569289858605069,0.3789955137054281
6,1622,セレッソ大阪,京都サンガF.C.,A,1.4000000000000008,H,H,0.3623686828348667,0.2619604325865686,0.3756708845785647,0.3547081470745892,0.28133102069925625,0.36396083222615455
6,1624,清水エスパルス,名古屋グランパス,A,1.4000000000000008,H,H,0.30614242375475975,0.17591295082749406,0.5179446254177462,0.3195897695043521,0.21513811876658684,0.46527211172906097
6,1624,ファジアーノ岡山,アビスパ福岡,H,1.4000000000000008,A,A,0.38812820197794645,0.31533719396011595,0.29653460406193755,0.3721324742652541,0.3208255872722165,0.3070419384625294
6,1624,藤枝MYFC,大宮,D,1.4000000000000008,A,A,0.48457170040160374,0.24958254023419452,0.2658457593642016,0.4397848476174868,0.27379356005103805,0.28642159233147513
6,1624,相模原,湘南ベルマーレ,D,1.4000000000000008,A,A,0.5571294029591499,0.15582499464207433,0.28704560239877575,0.4937758711273887,0.19874766555501214,0.3074764633175992
6,1624,ベガルタ仙台,モンテディオ山形,H,1.4000000000000008,A,A,0.5072696609983125,0.22161751448095224,0.27111282452073526,0.4560543350575684,0.25242628862921496,0.29151937631321667
6,1624,北海道コンサドーレ札幌,いわきFC,H,1.4000000000000008,H,H,0.2985207226608189,0.22831668405354633,0.47316259328563465,0.3110135657823236,0.25680895519710495,0.43217747902057146
6,1624,アルビレックス新潟,FC大阪,H,1.4000000000000008,H,H,0.36677183373106614,0.18582594162524407,0.4474022246436898,0.3612980751303704,0.222302568369674,0.41639935649995563
6,1624,V・ファーレン長崎,ガンバ大阪,D,1.4000000000000008,A,A,0.4626474163134806,0.17237760247257722,0.3649749812139422,0.42768015957207073,0.21127850446186708,0.36104133596606214
6,1624,川崎フロンターレ,ジェフユナイテッド千葉,H,1.4000000000000008,H,H,0.331532933259417,0.16321761330669673,0.5052494534338863,0.3385314955995156,0.20406604910492082,0.45740245529556356
6,1624,浦和レッズ,横浜F・マリノス,A,1.4000000000000008,H,H,0.3953187891282254,0.17586091179375707,0.42882029907801755,0.3816030318561356,0.21396449816117533,0.40443246998268906
6,1624,宮崎,鹿児島,H,1.4000000000000008,A,A,0.3842229239921704,0.3536505895836971,0.2621264864241325,0.3698933378185249,0.3486228718989367,0.28148379028253845
6,1624,福島,ヴァンフォーレ甲府,A,1.4000000000000008,H,H,0.35455762529825796,0.25351377134036324,0.3919286033613787,0.34951139515467267,0.2750428944209127,0.37544571042441466
6,1624,FC今治,富山,A,1.4000000000000008,A,A,0.5442752734560627,0.1534474222654683,0.30227730427846905,0.48501358849906623,0.1963348849980788,0.318651526502855
6,1625,東京ヴェルディ,鹿島アントラーズ,H,1.4000000000000008,A,A,0.563774900230088,0.22524445184574907,0.21098064792416282,0.49631981296014727,0.2577230736488395,0.24595711339101325
6,1625,清水エスパルス,V・ファーレン長崎,H,1.4000000000000008,H,H,0.28137924093273126,0.17724773925816795,0.5413730198091008,0.3016832175581882,0.21686322001535477,0.48145356242645704
6,1625,水戸ホーリーホック,町田,D,1.4000000000000008,H,H,0.3870265855923509,0.11951192648797279,0.49346148791967626,0.3814610605342274,0.1647893359581586,0.4537496035076141
6,1625,京都サンガF.C.,ガンバ大阪,D,1.4000000000000008,H,H,0.3034304927979312,0.18040506466349476,0.516164442538574,0.31732943457959656,0.2188855771737347,0.4637849882466687
6,1625,名古屋グランパス,ファジアーノ岡山,D,1.4000000000000008,H,H,0.34033975133294603,0.1734132234019063,0.4862470252651475,0.34387493138051567,0.2124398069020349,0.4436852617174495
6,1625,ジェフユナイテッド千葉,横浜F・マリノス,A,1.4000000000000008,A,A,0.42543834510472905,0.18739333387535956,0.3871683210199113,0.4013434725639854,0.22344547604588474,0.3752110513901299
6,1625,富山,アルビレックス新潟,H,1.4000000000000008,D,D,0.2939732473763987,0.4048256810296407,0.3012010715939605,0.3054110987576852,0.38383284364329584,0.31075605759901886
6,1625,アビスパ福岡,サンフレッチェ広島,D,1.4000000000000008,A,A,0.3946489001807604,0.34965814775796733,0.2556929520612723,0.37727144824720404,0.3460237493666717,0.2767048023861242
6,1625,浦和レッズ,川崎フロンターレ,H,1.4000000000000008,A,A,0.5536957450066251,0.14378428880236516,0.3025199661910098,0.49234849353461674,0.18793845286725128,0.319713053598132
6,1625,ヴィッセル神戸,セレッソ大阪,A,1.4000000000000008,H,H,0.3244205418806237,0.20448534396684226,0.471094114152534,0.3306366394461443,0.23777990561077655,0.4315834549430792
6,1625,北海道コンサドーレ札幌,藤枝MYFC,H,1.4000000000000008,H,H,0.41837238342641836,0.14838116386910916,0.4332464527044724,0.3996513228168316,0.19059920562072027,0.40974947156244806
6,1625,ブラウブリッツ秋田,モンテディオ山形,H,1.4000000000000008,H,H,0.32126250228078373,0.18436537094678923,0.49437212677242703,0.3296966504658112,0.22173927145522176,0.448564078078967
6,1625,柏レイソル,FC東京,A,1.4000000000000008,H,H,0.4014340696795802,0.1451661715179879,0.45339975880243194,0.38843711569294886,0.1878390399802525,0.42372384432679855
7,1626,ベガルタ仙台,ブラウブリッツ秋田,A,1.1500000000000006,A,A,0.5772476515504055,0.1657090567569614,0.2570432916926332,0.5456529469335373,0.18433096874376603,0.27001608432269675
7,1626,浦和レッズ,ジェフユナイテッド千葉,H,1.1500000000000006,H,H,0.3943501929785596,0.16847887226807037,0.43717093475337,0.3889339984872156,0.18565798737264416,0.4254080141401401
7,1626,ファジアーノ岡山,サンフレッチェ広島,H,1.1500000000000006,A,A,0.46167493745838717,0.24165724490505694,0.2966678176365558,0.4443852150495484,0.25310055510094737,0.30251422984950416
7,1626,ガンバ大阪,ヴィッセル神戸,H,1.1500000000000006,A,A,0.4268634239248098,0.19727570710774486,0.3758608689674452,0.4155659542173229,0.212396993351446,0.3720370524312311
7,1626,京都サンガF.C.,清水エスパルス,A,1.1500000000000006,A,A,0.3669486331443652,0.2946878084965041,0.33836355835913073,0.3625438635436039,0.2995990742516378,0.33785706220475825
7,1626,ジュビロ磐田,いわきFC,D,1.1500000000000006,A,A,0.42619487700499115,0.255162238073663,0.3186428849213459,0.41379056151103233,0.2648796298714507,0.3213298086175168
7,1626,サガン鳥栖,宮崎,D,1.1500000000000006,H,H,0.36362361509012986,0.26915335272012875,0.36722303218974134,0.35991649040487544,0.277070993304869,0.36301251629025555
7,1626,V・ファーレン長崎,名古屋グランパス,A,1.1500000000000006,H,H,0.3352695530162245,0.12276336273555738,0.5419670842482179,0.34062424951866294,0.14218776384655452,0.5171879866347826
7,1626,鹿島アントラーズ,町田,D,1.1500000000000006,H,H,0.38816215996944103,0.20702455789557506,0.4048132821349839,0.38224601347510656,0.22128868068122126,0.3964653058436723
7,1626,FC東京,川崎フロンターレ,A,1.1500000000000006,H,H,0.31669495224591127,0.19264368130663512,0.4906613664474536,0.32129924202831706,0.2085366634271732,0.47016409454450975
7,1626,横浜F・マリノス,水戸ホーリーホック,D,1.1500000000000006,H,H,0.3349926516652184,0.2727070358235056,0.39230031251127606,0.3351876396654172,0.28028635932522344,0.3845260010093593
7,1626,セレッソ大阪,アビスパ福岡,D,1.1500000000000006,H,H,0.3020156048337692,0.16478523442420567,0.5331991607420251,0.30961737573910597,0.1828239442035753,0.5075586800573187
7,1626,東京ヴェルディ,柏レイソル,H,1.1500000000000006,H,H,0.37196455760704045,0.20422256530183272,0.42381287709112686,0.3684786779964495,0.21876581764240274,0.4127555043611478
7,1627,FC東京,ジェフユナイテッド千葉,A,1.1500000000000006,H,H,0.2796823551511879,0.33456858502562636,0.3857490598231858,0.2864342822741556,0.33473000243468715,0.3788357152911572
7,1627,清水エスパルス,セレッソ大阪,H,1.1500000000000006,H,H,0.27466479986608805,0.18844981732913116,0.5368853828047808,0.2847598656817415,0.20521616884498456,0.5100239654732739
7,1627,V・ファーレン長崎,ファジアーノ岡山,H,1.1500000000000006,H,H,0.36454145132979265,0.17721175122733038,0.45824679744287694,0.3630854249779321,0.1939160180115922,0.4429985570104758
7,1627,鹿島アントラーズ,水戸ホーリーホック,H,1.1500000000000006,A,A,0.342873743837128,0.31728640095873695,0.33983985520413496,0.34163694423902863,0.31935628127401805,0.3390067744869533
7,1627,アビスパ福岡,京都サンガF.C.,A,1.1500000000000006,H,H,0.3820255387543658,0.1749648044873507,0.4430096567582835,0.37813651777881013,0.1917532765010003,0.4301102057201896
7,1627,町田,横浜F・マリノス,H,1.1500000000000006,H,H,0.345581406506011,0.16213500615733767,0.49228358733665134,0.34745133180941623,0.17992473495088795,0.4726239332396958
7,1627,サンフレッチェ広島,ヴィッセル神戸,D,1.1500000000000006,H,H,0.3881497323599207,0.18575485435641384,0.4260954132836654,0.38294560163952135,0.20175523317685487,0.4152991651836238
7,1627,名古屋グランパス,ガンバ大阪,H,1.1500000000000006,A,A,0.5482862625500139,0.24447765431418886,0.20723608313579725,0.5196031600955645,0.2574281064760945,0.222968733428341
7,1627,柏レイソル,浦和レッズ,A,1.1500000000000006,A,A,0.4013747293023606,0.22343734282159997,0.37518792787603933,0.3930973071366244,0.23620422524712537,0.3706984676162503
7,1627,八戸,湘南ベルマーレ,A,1.1500000000000006,H,H,0.3028601363393977,0.33270094632721847,0.36443891733338374,0.3067702387001201,0.33289084583062717,0.36033891546925273
7,1627,ヴァンフォーレ甲府,ジュビロ磐田,A,1.1500000000000006,A,A,0.6668550764411929,0.18372022922077375,0.14942469433803324,0.6256654769735326,0.2039364314425418,0.17039809158392555
7,1627,川崎フロンターレ,東京ヴェルディ,H,1.1500000000000006,H,H,0.31683779690217606,0.14065610189377567,0.5425061012040482,0.32364596552219194,0.15973251198749772,0.5166215224903103
7,1627,アルビレックス新潟,徳島ヴォルティス,H,1.1500000000000006,A,A,0.4976721387386587,0.17193633287486754,0.3303915283864738,0.47683407725081556,0.18923311499355752,0.33393280775562684
7,1628,横浜F・マリノス,鹿島アントラーズ,A,1.1500000000000006,A,A,0.40660368313513806,0.2078355749656551,0.38556074189920686,0.3979699896684467,0.22203135304835186,0.37999865728320137
7,1628,名古屋グランパス,京都サンガF.C.,H,1.1500000000000006,H,H,0.24129455435818886,0.2950608144512703,0.46364463119054083,0.25279740898380654,0.30112119698414247,0.44608139403205094
7,1628,ガンバ大阪,サンフレッチェ広島,A,1.1500000000000006,H,H,0.28905154458147986,0.3371521968853449,0.3737962585331753,0.2946587097205293,0.336860683727416,0.36848060655205467
7,1628,ジェフユナイテッド千葉,町田,A,1.1500000000000006,A,A,0.4921579877679142,0.18497208788490516,0.3228699243471806,0.4716716385202179,0.20140766271846391,0.32692069876131813
7,1628,柏レイソル,川崎フロンターレ,H,1.1500000000000006,A,A,0.38702468352921016,0.23138189721242378,0.381593419258366,0.38064429483782486,0.24336066315758004,0.3759950420045952
7,1628,いわきFC,ヴァンフォーレ甲府,A,1.1500000000000006,D,D,0.2931397808794996,0.41103239850591555,0.2958278206145848,0.2985375426608656,0.40054586707183143,0.300916590267303
7,1628,清水エスパルス,アビスパ福岡,D,1.1500000000000006,H,H,0.3489916044505209,0.16223909109188583,0.4887693044575932,0.350380144709523,0.17999911885659645,0.4696207364338805
7,1628,水戸ホーリーホック,浦和レッズ,H,1.1500000000000006,A,A,0.40797058518214613,0.2028506968899269,0.3891787179279269,0.39928329729695416,0.21747509882704355,0.3832416038760023
7,1628,ヴィッセル神戸,ファジアーノ岡山,A,1.1500000000000006,A,A,0.43649357236825925,0.19983062648400568,0.363675801147735,0.42369795514441494,0.21478262609256044,0.3615194187630246
7,1628,セレッソ大阪,V・ファーレン長崎,H,1.1500000000000006,H,H,0.3054227624829468,0.2696661819951115,0.4249110555219417,0.30960113867394157,0.277831116648806,0.4125677446772524
7,1628,FC東京,東京ヴェルディ,H,1.1500000000000006,H,H,0.24771363305456784,0.24343351502703836,0.5088528519183938,0.25940002428715325,0.25549817640976175,0.48510179930308495
7,1628,大分,サガン鳥栖,A,1.1500000000000006,H,H,0.29074812770242847,0.281466969862601,0.42778490243497047,0.2966272523243725,0.28837613664785333,0.41499661102777413
7,1628,北海道コンサドーレ札幌,大宮,H,1.1500000000000006,H,H,0.3178731317306833,0.27779709401864494,0.40432977425067174,0.32029604876721884,0.2848782552955443,0.394825695937237
7,1630,ファジアーノ岡山,清水エスパルス,H,1.1500000000000006,A,A,0.4649776578497169,0.17481571768344395,0.36020662446683915,0.4488247719991001,0.19170817726210915,0.35946705073879087
7,1630,セレッソ大阪,名古屋グランパス,H,1.1500000000000006,H,H,0.39719905342428263,0.1723218727767567,0.43047907379896067,0.3911996551627125,0.18924968260821962,0.41955066222906784
7,1630,川崎フロンターレ,町田,D,1.1500000000000006,H,H,0.35307183976286044,0.19696965655746412,0.44995850367967527,0.3525180403096918,0.21221598015332108,0.4352659795369872
7,1630,FC琉球,鳥取,A,1.1500000000000006,H,H,0.4049970439188476,0.15825395365756112,0.4367490024235913,0.3984792250869296,0.1760104609285112,0.4255103139845593
7,1630,富山,徳島ヴォルティス,D,1.1500000000000006,A,A,0.3681761582763698,0.2965173979605449,0.33530644376308516,0.36359269697673435,0.30121129596407425,0.3351960070591913
7,1630,大分,宮崎,A,1.1500000000000006,D,D,0.3627395782497543,0.3815302282703886,0.255730193479857,0.35935273793709566,0.37548622494597017,0.2651610371169342
7,1630,京都サンガF.C.,サンフレッチェ広島,A,1.1500000000000006,A,A,0.43157840099872213,0.2670667596623706,0.3013548393389073,0.4183149356322407,0.27558229652425137,0.306102767843508
7,1630,浦和レッズ,FC東京,D,1.1500000000000006,A,A,0.5014585065853328,0.1936331287815799,0.30490836463308724,0.47939188198653154,0.20957438765203792,0.31103373036143056
7,1630,V・ファーレン長崎,ヴィッセル神戸,D,1.1500000000000006,A,A,0.4457538318660577,0.19814459188558925,0.35610157624835304,0.43164483400576636,0.21327573643932707,0.35507942955490657
7,1630,横浜F・マリノス,柏レイソル,A,1.1500000000000006,H,H,0.24736637469063497,0.20605613998051703,0.5465774853288479,0.260037219443292,0.2218355143849007,0.5181272661718073
7,1630,水戸ホーリーホック,東京ヴェルディ,H,1.1500000000000006,H,H,0.29457411227761926,0.22778218987710638,0.4776436978452743,0.3010199812127467,0.24070593058149153,0.45827408820576176
7,1630,ジュビロ磐田,藤枝MYFC,A,1.1500000000000006,A,A,0.4848279822749729,0.2437783657225005,0.27139365200252663,0.4643018714652397,0.255361116081345,0.28033701245341525
7,1630,ジェフユナイテッド千葉,鹿島アントラーズ,A,1.1500000000000006,A,A,0.5942366913911096,0.20049173058235156,0.2052715780265387,0.5600446326851584,0.21772434251798262,0.22223102479685902
7,1631,東京ヴェルディ,横浜F・マリノス,A,1.1500000000000006,H,H,0.28152840406065677,0.27259403196794685,0.4458775639713963,0.28868977569419274,0.2807064432011151,0.43060378110469216
7,1631,北海道コンサドーレ札幌,ジュビロ磐田,A,1.1500000000000006,A,A,0.40743489586846315,0.2319869364256444,0.36057816770589235,0.3980895182318034,0.24394375546747918,0.3579667263007174
7,1631,水戸ホーリーホック,川崎フロンターレ,A,1.1500000000000006,H,H,0.37598083227695933,0.19429601912046815,0.4297231486025725,0.37224054943142554,0.20966105434792312,0.41809839622065137
7,1631,清水エスパルス,ガンバ大阪,A,1.1500000000000006,H,H,0.3399148876601068,0.26859510635617173,0.39149000598372147,0.33949705745250475,0.2766328568563459,0.3838700856911492
7,1631,アビスパ福岡,ヴィッセル神戸,H,1.1500000000000006,A,A,0.4105665722067845,0.23461541646746242,0.354818011325753,0.4007155404995708,0.2463249049965319,0.35295955450389727
7,1631,ファジアーノ岡山,セレッソ大阪,A,1.1500000000000006,A,A,0.5100624792912228,0.17905470763838052,0.3108828130703965,0.4871953708356328,0.1960496540540817,0.31675497511028544
7,1631,サンフレッチェ広島,名古屋グランパス,H,1.1500000000000006,A,A,0.4225968813496469,0.18754667083436538,0.38985644781598777,0.41225481647188683,0.2034081777953701,0.3843370057327431
7,1631,柏レイソル,ジェフユナイテッド千葉,H,1.1500000000000006,H,H,0.314164564765405,0.16389500565334345,0.5219404295812514,0.3202240341978365,0.18185372596295052,0.4979222398392128
7,1631,鹿島アントラーズ,FC東京,A,1.1500000000000006,A,A,0.42710892668009226,0.2673533411615786,0.3055377321583292,0.4144712183422789,0.2757901158785606,0.3097386657791606
7,1631,京都サンガF.C.,V・ファーレン長崎,H,1.1500000000000006,H,H,0.31272476447533376,0.2599416717717251,0.42733356375294107,0.3161103951264852,0.2691686931556577,0.4147209117178572
7,1631,藤枝MYFC,いわきFC,D,1.1500000000000006,A,A,0.45085431496148126,0.22611141059447132,0.3230342744440473,0.4353326534671663,0.23889144136348409,0.3257759051693497
7,1631,徳島ヴォルティス,FC今治,D,1.1500000000000006,H,H,0.35023128807172743,0.21110245061576594,0.43866626131250663,0.3496315660813683,0.22512647833500038,0.4252419555836313
7,1631,ベガルタ仙台,横浜FC,A,1.1500000000000006,A,A,0.5524221833839462,0.17965563335106896,0.2679221832649847,0.5236886597597359,0.19718457305464035,0.2791267671856237
7,1632,清水エスパルス,横浜F・マリノス,D,1.1500000000000006,H,H,0.34823614859644164,0.21376116405136075,0.4380026873521975,0.347839333683088,0.22755094905185594,0.4246097172650561
7,1632,ベガルタ仙台,ヴァンフォーレ甲府,H,1.1500000000000006,A,A,0.38300319842787633,0.24833815475252005,0.3686586468196037,0.3768684942271941,0.25856715288554744,0.36456435288725847
7,1632,ガンバ大阪,東京ヴェルディ,D,1.1500000000000006,H,H,0.2793136531172737,0.3014029030203209,0.41928344386240535,0.28636233148526746,0.30595644020251306,0.4076812283122194
7,1632,富山,宮崎,H,1.1500000000000006,A,A,0.5972106523535552,0.192494888809615,0.21029445883682965,0.5627139686763916,0.210239939955623,0.22704609136798543
7,1632,ブラウブリッツ秋田,北海道コンサドーレ札幌,D,1.1500000000000006,A,A,0.44727193133078036,0.2385225238646418,0.31420554480457785,0.43206546021093706,0.25010450089040964,0.3178300388986532
7,1632,ファジアーノ岡山,浦和レッズ,D,1.1500000000000006,H,H,0.35894266639049,0.21986831476195373,0.4211890188475563,0.3568654429093785,0.23302725739065647,0.4101072996999651
7,1632,ヴィッセル神戸,鹿島アントラーズ,H,1.1500000000000006,A,A,0.46443761832994,0.22085224172359055,0.3147101399464693,0.44705898599580773,0.23423238219354203,0.31870863181065034
7,1632,アビスパ福岡,ジェフユナイテッド千葉,D,1.1500000000000006,H,H,0.3415542292452336,0.15620121750901242,0.502244553245754,0.3442577529795391,0.1743520219799228,0.4813902250405381
7,1632,V・ファーレン長崎,水戸ホーリーホック,H,1.1500000000000006,H,H,0.38469795927133266,0.17418999803586468,0.4411120426928026,0.3804516244264604,0.1910226865270675,0.4285256890464721
7,1632,セレッソ大阪,FC東京,D,1.1500000000000006,H,H,0.2549125680158332,0.3195438189544585,0.4255436130297082,0.26465037760696075,0.3221149853373216,0.41323463705571767
7,1632,サンフレッチェ広島,川崎フロンターレ,A,1.1500000000000006,A,A,0.45235697510182726,0.17368323142565253,0.3739597934725202,0.4381193189609859,0.19058722852327167,0.3712934525157425
7,1632,京都サンガF.C.,柏レイソル,A,1.1500000000000006,H,H,0.27897034566813,0.1881531344514582,0.5328765198804117,0.2885556819922965,0.20487712513966302,0.5065671928680404
7,1632,名古屋グランパス,町田,H,1.1500000000000006,A,A,0.4743049730264372,0.1833155764209327,0.34237945055263,0.4564710188055292,0.19971283833109796,0.3438161428633728
