window,roundNo,homeTeam,awayTeam,model,actual,prediction,correct,probA,probD,probH
1,1549,横浜F・マリノス,0,RandomForest,D,H,False,0.3100185061591851,0.2153260715282193,0.4746554223125955
1,1549,川崎フロンターレ,3,RandomForest,H,H,True,0.2101085948650462,0.19001792023429345,0.5998734849006604
1,1550,FC東京,横浜FC,RandomForest,H,H,True,0.30764882541615757,0.263190208219323,0.42916096636451956
1,1550,鹿島アントラーズ,ファジアーノ岡山,RandomForest,H,H,True,0.32458852681739414,0.17003403274151277,0.5053774404410931
1,1550,京都サンガF.C.,ガンバ大阪,RandomForest,H,H,True,0.37892204229139237,0.1667837874247332,0.4542941702838744
1,1550,清水エスパルス,柏レイソル,RandomForest,A,A,True,0.4863628755843857,0.21239420929235292,0.3012429151232614
1,1550,アビスパ福岡,ヴィッセル神戸,RandomForest,D,H,False,0.38008171365945553,0.1365452597607511,0.4833730265797934
1,1550,湘南ベルマーレ,横浜F・マリノス,RandomForest,D,A,False,0.44419286605313185,0.253165304838185,0.3026418291086831
1,1550,サンフレッチェ広島,名古屋グランパス,RandomForest,A,H,False,0.31817530408951383,0.11519640629637473,0.5666282896141115
1,1550,モンテディオ山形,V・ファーレン長崎,RandomForest,A,A,True,0.46166755818246163,0.12367100526037197,0.4146614365571663
1,1550,アルビレックス新潟,町田,RandomForest,A,H,False,0.35695884410273776,0.15062578434880905,0.49241537154845316
1,1550,東京ヴェルディ,川崎フロンターレ,RandomForest,H,A,False,0.5792253391212576,0.16704327014831294,0.2537313907304296
1,1550,大分,大宮,RandomForest,D,A,False,0.5788630293872762,0.1325795651565869,0.288557405456137
1,1550,富山,ジェフユナイテッド千葉,RandomForest,H,A,False,0.5336346194710615,0.19859692799227627,0.26776845253666226
1,1550,山口,ブラウブリッツ秋田,RandomForest,D,H,False,0.32753149707654367,0.20393426826711256,0.4685342346563438
1,1551,徳島ヴォルティス,藤枝MYFC,RandomForest,A,A,True,0.42875930756406233,0.2596547702469536,0.3115859221889841
1,1551,柏レイソル,FC東京,RandomForest,H,A,False,0.5202288725331078,0.26904295320187055,0.21072817426502158
1,1551,京都サンガF.C.,アルビレックス新潟,RandomForest,H,H,True,0.39347080618122876,0.19280194075845147,0.4137272530603198
1,1551,町田,清水エスパルス,RandomForest,H,A,False,0.3882297224250751,0.2271923176413989,0.384577959933526
1,1551,川崎フロンターレ,鹿島アントラーズ,RandomForest,H,H,True,0.38042391620341187,0.1463430862521712,0.47323299754441683
1,1551,セレッソ大阪,ガンバ大阪,RandomForest,A,H,False,0.3286296870033451,0.17170523098181234,0.4996650820148426
1,1551,横浜FC,横浜F・マリノス,RandomForest,A,H,False,0.27241703485276697,0.2672302442607255,0.46035272088650747
1,1551,ブラウブリッツ秋田,水戸ホーリーホック,RandomForest,A,A,True,0.6268037092819633,0.15265088900506874,0.2205454017129679
1,1551,ヴィッセル神戸,湘南ベルマーレ,RandomForest,H,H,True,0.3564983854378744,0.13130792730515528,0.5121936872569705
1,1551,ベガルタ仙台,富山,RandomForest,A,A,True,0.42669778684916926,0.3105173603387975,0.26278485281203323
1,1551,ファジアーノ岡山,サンフレッチェ広島,RandomForest,A,H,False,0.3016378967268377,0.15634155966527188,0.5420205436078904
1,1551,名古屋グランパス,東京ヴェルディ,RandomForest,D,H,False,0.3113363518925817,0.1769763551201339,0.5116872929872843
1,1551,FC今治,ヴァンフォーレ甲府,RandomForest,A,A,True,0.5132415650014641,0.20791874214990144,0.2788396928486344
1,1552,いわきFC,V・ファーレン長崎,RandomForest,D,A,False,0.7348779816439476,0.09650526314232817,0.1686167552137244
1,1552,相模原,福島,RandomForest,A,H,False,0.3468920965925229,0.23211845137785786,0.42098945202961935
1,1552,水戸ホーリーホック,富山,RandomForest,A,A,True,0.42570574264304045,0.25739152628053363,0.3169027310764259
1,1552,ブラウブリッツ秋田,熊本,RandomForest,H,H,True,0.2642300295745279,0.2462177671713879,0.4895522032540843
1,1552,讃岐,栃木SC,RandomForest,H,A,False,0.4324101773088008,0.23629276308667468,0.3312970596045245
1,1552,FC大阪,宮崎,RandomForest,D,A,False,0.5092473204091964,0.16488181444490352,0.3258708651459001
1,1552,FC今治,愛媛FC,RandomForest,H,A,False,0.49029324562560733,0.20344061623696152,0.30626613813743125
1,1552,ジュビロ磐田,北海道コンサドーレ札幌,RandomForest,H,H,True,0.29001503776590565,0.1534437739179405,0.5565411883161538
1,1552,山口,徳島ヴォルティス,RandomForest,D,A,False,0.6385272260707107,0.18183089212045367,0.1796418818088355
1,1552,ヴァンフォーレ甲府,大宮,RandomForest,H,A,False,0.5477053024051468,0.18328252831056385,0.2690121692842894
1,1552,藤枝MYFC,ベガルタ仙台,RandomForest,D,A,False,0.566567723051069,0.2089885123532622,0.22444376459566875
1,1552,モンテディオ山形,ジェフユナイテッド千葉,RandomForest,A,A,True,0.4209548192411746,0.18212306513546714,0.39692211562335816
1,1552,サガン鳥栖,大分,RandomForest,H,H,True,0.2335422633974782,0.18839658463541192,0.57806115196711
1,1553,川崎フロンターレ,相模原,RandomForest,D,A,False,0.41364263858708467,0.24827294704880182,0.3380844143641136
1,1553,名古屋グランパス,熊本,RandomForest,H,A,False,0.3921337814559209,0.25060876871550253,0.3572574498285765
1,1553,アビスパ福岡,北九州,RandomForest,D,A,False,0.43218621867509194,0.20604916377351587,0.3617646175513922
1,1553,京都サンガF.C.,横浜FC,RandomForest,D,H,False,0.3460545431371447,0.2953628931612824,0.35858256370157293
1,1553,湘南ベルマーレ,清水エスパルス,RandomForest,A,H,False,0.2663241906579885,0.1828777946019575,0.550798014740054
1,1553,ガンバ大阪,モンテディオ山形,RandomForest,D,H,False,0.3125011595563311,0.1886306551733143,0.49886818527035454
1,1553,東京ヴェルディ,サガン鳥栖,RandomForest,H,A,False,0.451912436879396,0.13559891782732614,0.4124886452932779
1,1553,サンフレッチェ広島,藤枝MYFC,RandomForest,H,A,False,0.5136003361644598,0.19831421344504802,0.2880854503904922
1,1553,ヴィッセル神戸,ヴァンフォーレ甲府,RandomForest,D,A,False,0.5411681087363716,0.12641070024577558,0.33242119101785295
1,1553,鹿島アントラーズ,V・ファーレン長崎,RandomForest,H,A,False,0.5725808021359337,0.14873249861168505,0.27868669925238126
1,1553,FC東京,大分,RandomForest,H,H,True,0.27722581461848195,0.20383646262299662,0.5189377227585215
1,1553,町田,富山,RandomForest,H,A,False,0.6727452202086295,0.15544218395873413,0.17181259583263644
1,1553,セレッソ大阪,徳島ヴォルティス,RandomForest,H,A,False,0.543050055955843,0.17517786693521292,0.28177207710894403
1,1554,ファジアーノ岡山,ヴィッセル神戸,RandomForest,A,H,False,0.3517270901618705,0.1605661514364587,0.4877067584016708
1,1554,FC東京,浦和レッズ,RandomForest,H,A,False,0.4799714662427461,0.18954495710424432,0.33048357665300954
1,1554,讃岐,高知,RandomForest,A,H,False,0.4065647686190356,0.1649718482969743,0.42846338308399
1,1554,長野,松本,RandomForest,H,A,False,0.5134958405263521,0.17902369720248784,0.30748046227116
1,1554,鹿島アントラーズ,柏レイソル,RandomForest,H,A,False,0.5197071007715884,0.1352454484559283,0.3450474507724834
1,1554,東京ヴェルディ,町田,RandomForest,A,A,True,0.5174371991863083,0.13007931139447945,0.35248348941921226
1,1554,清水エスパルス,横浜FC,RandomForest,H,H,True,0.2891185125344192,0.15107730974615105,0.5598041777194297
1,1554,横浜F・マリノス,名古屋グランパス,RandomForest,H,A,False,0.4412539421036044,0.20019250460629473,0.35855355329010086
1,1554,ガンバ大阪,川崎フロンターレ,RandomForest,H,A,False,0.4999475329166373,0.1980460146170325,0.3020064524663302
1,1554,鳥取,沼津,RandomForest,H,H,True,0.3469641313599403,0.23503292938776782,0.4180029392522918
1,1554,福島,FC琉球,RandomForest,D,H,False,0.37426501992216427,0.1832799701074676,0.4424550099703681
1,1554,アルビレックス新潟,サンフレッチェ広島,RandomForest,A,H,False,0.3389481794858971,0.16614918317704955,0.49490263733705325
1,1554,湘南ベルマーレ,セレッソ大阪,RandomForest,A,H,False,0.30592279272187095,0.1907609285975903,0.5033162786805389
1,1555,鹿児島,2,RandomForest,A,A,True,0.4271278431332239,0.25916451518972955,0.3137076416770466
1,1555,岐阜,1,RandomForest,H,A,False,0.46435083305826447,0.23267436749702985,0.3029747994447056
1,1555,アビスパ福岡,2,RandomForest,H,H,True,0.2513924119894578,0.18754912344483066,0.5610584645657116
1,1556,高知,福島,RandomForest,H,A,False,0.5721662837034291,0.15592152225871483,0.2719121940378561
1,1556,富山,大宮,RandomForest,A,A,True,0.4615841163798316,0.19744360583157614,0.3409722777885922
1,1556,北海道コンサドーレ札幌,サガン鳥栖,RandomForest,H,H,True,0.3593423813880526,0.19187209250727982,0.4487855261046676
1,1556,ジュビロ磐田,ブラウブリッツ秋田,RandomForest,A,H,False,0.2829461851220478,0.1723225559443324,0.54473125893362
1,1556,ヴァンフォーレ甲府,モンテディオ山形,RandomForest,A,H,False,0.26195214528212907,0.12178046971950102,0.6162673849983699
1,1556,大分,FC今治,RandomForest,A,A,True,0.6418912530946537,0.1173885023272089,0.24072024457813734
1,1556,栃木シティ,栃木SC,RandomForest,H,H,True,0.28986697567686726,0.23347167348738068,0.4766613508357521
1,1556,藤枝MYFC,山口,RandomForest,D,H,False,0.28873544084441166,0.15550880963014796,0.5557557495254405
1,1556,ジェフユナイテッド千葉,いわきFC,RandomForest,D,H,False,0.3473495181426587,0.17793007575556097,0.4747204061017804
1,1556,徳島ヴォルティス,愛媛FC,RandomForest,H,A,False,0.35389442496313017,0.3052404912362122,0.3408650838006576
1,1556,相模原,宮崎,RandomForest,H,A,False,0.469542159556361,0.1642594131337742,0.36619842730986457
1,1556,八戸,鳥取,RandomForest,H,A,False,0.49052118956365204,0.17421821453864392,0.335260595897704
1,1556,V・ファーレン長崎,ベガルタ仙台,RandomForest,A,A,True,0.5633109651977948,0.18725922263219483,0.24942981217001042
1,1557,FC東京,セレッソ大阪,RandomForest,H,H,True,0.37845439397617187,0.16155064288942958,0.45999496313439836
1,1557,鹿島アントラーズ,アビスパ福岡,RandomForest,D,A,False,0.5282563757581034,0.24189510292787442,0.22984852131402214
1,1557,サンフレッチェ広島,清水エスパルス,RandomForest,H,A,False,0.42573332093154387,0.192731483984188,0.3815351950842682
1,1557,町田,京都サンガF.C.,RandomForest,A,A,True,0.5549323219648392,0.28127938738574587,0.16378829064941494
1,1557,モンテディオ山形,浦和レッズ,RandomForest,A,H,False,0.23291788987356155,0.22679758787586804,0.5402845222505706
1,1558,FC今治,熊本,RandomForest,H,A,False,0.34298341983739866,0.3244766699891393,0.33253991017346207
1,1558,サンフレッチェ広島,清水エスパルス,RandomForest,D,A,False,0.39213819296994695,0.30903059452736115,0.2988312125026919
1,1558,愛媛FC,サガン鳥栖,RandomForest,A,A,True,0.5551038239109292,0.15700181173236322,0.2878943643567076
1,1558,ベガルタ仙台,徳島ヴォルティス,RandomForest,A,A,True,0.44126219592490445,0.18347799350483202,0.37525981057026353
1,1558,ガンバ大阪,ファジアーノ岡山,RandomForest,A,A,True,0.35906248468796537,0.2885782566453888,0.3523592586666459
1,1558,名古屋グランパス,京都サンガF.C.,RandomForest,A,H,False,0.3425088513395767,0.11772666669563844,0.5397644819647849
1,1558,柏レイソル,湘南ベルマーレ,RandomForest,H,A,False,0.4567203741028643,0.280718684657309,0.26256094123982676
1,1558,町田,ヴィッセル神戸,RandomForest,H,A,False,0.4739427334644348,0.13561408564681182,0.3904431808887535
1,1558,FC東京,鹿島アントラーズ,RandomForest,A,A,True,0.4909371992961619,0.18885277213855142,0.3202100285652867
1,1558,東京ヴェルディ,横浜F・マリノス,RandomForest,H,H,True,0.3910620741006409,0.17635249768876593,0.4325854282105933
1,1558,横浜FC,浦和レッズ,RandomForest,H,A,False,0.47244101246105796,0.23533958704837563,0.2922194004905663
1,1558,モンテディオ山形,水戸ホーリーホック,RandomForest,A,A,True,0.5533943479812787,0.19924428346639583,0.2473613685523254
1,1558,川崎フロンターレ,アビスパ福岡,RandomForest,A,A,True,0.6008981231854964,0.1635841526230723,0.23551772419143135
1,1549,横浜F・マリノス,0,LightGBM,D,H,False,0.23323745189082584,0.31422756946263736,0.4525349786465369
1,1549,川崎フロンターレ,3,LightGBM,H,H,True,0.10641937224754962,0.10859073758730092,0.7849898901651494
1,1550,FC東京,横浜FC,LightGBM,H,H,True,0.3143944117204048,0.2911013782173964,0.3945042100621989
1,1550,鹿島アントラーズ,ファジアーノ岡山,LightGBM,H,H,True,0.19360464321131826,0.1942783404237488,0.6121170163649329
1,1550,京都サンガF.C.,ガンバ大阪,LightGBM,H,A,False,0.42658775494284346,0.2836148497703383,0.2897973952868182
1,1550,清水エスパルス,柏レイソル,LightGBM,A,H,False,0.15095459377626316,0.33836178834231084,0.510683617881426
1,1550,アビスパ福岡,ヴィッセル神戸,LightGBM,D,H,False,0.4090589431392119,0.052982526025842476,0.5379585308349457
1,1550,湘南ベルマーレ,横浜F・マリノス,LightGBM,D,A,False,0.419589168839581,0.21492797766546523,0.36548285349495385
1,1550,サンフレッチェ広島,名古屋グランパス,LightGBM,A,H,False,0.3533141932326478,0.006891946747102382,0.6397938600202498
1,1550,モンテディオ山形,V・ファーレン長崎,LightGBM,A,H,False,0.42034676199498483,0.04184038685707646,0.5378128511479388
1,1550,アルビレックス新潟,町田,LightGBM,A,A,True,0.4451679204051638,0.13753336456542722,0.41729871502940896
1,1550,東京ヴェルディ,川崎フロンターレ,LightGBM,H,A,False,0.7375578976856179,0.10723794765801256,0.15520415465636955
1,1550,大分,大宮,LightGBM,D,A,False,0.628258930557047,0.0478875586138799,0.32385351082907315
1,1550,富山,ジェフユナイテッド千葉,LightGBM,H,D,False,0.32277207746936687,0.4751777312605994,0.20205019127003376
1,1550,山口,ブラウブリッツ秋田,LightGBM,D,D,True,0.2742124896652777,0.36522568462982785,0.3605618257048945
1,1551,徳島ヴォルティス,藤枝MYFC,LightGBM,A,H,False,0.3373434220777004,0.18705881923557288,0.4755977586867267
1,1551,柏レイソル,FC東京,LightGBM,H,A,False,0.710042474973341,0.18167622944134343,0.10828129558531557
1,1551,京都サンガF.C.,アルビレックス新潟,LightGBM,H,A,False,0.8221989403172891,0.06579149865244158,0.11200956103026931
1,1551,町田,清水エスパルス,LightGBM,H,A,False,0.3758591511105011,0.352768095203522,0.2713727536859768
1,1551,川崎フロンターレ,鹿島アントラーズ,LightGBM,H,A,False,0.5262104402585952,0.1049491516457312,0.3688404080956736
1,1551,セレッソ大阪,ガンバ大阪,LightGBM,A,D,False,0.3616754184645823,0.3718201839756747,0.2665043975597429
1,1551,横浜FC,横浜F・マリノス,LightGBM,A,H,False,0.11036867903784041,0.36275514511960666,0.526876175842553
1,1551,ブラウブリッツ秋田,水戸ホーリーホック,LightGBM,A,A,True,0.8384185724276225,0.082152455224591,0.07942897234778647
1,1551,ヴィッセル神戸,湘南ベルマーレ,LightGBM,H,H,True,0.426347543071196,0.04051789527007436,0.5331345616587296
1,1551,ベガルタ仙台,富山,LightGBM,A,D,False,0.3318205878234689,0.33904408667326313,0.329135325503268
1,1551,ファジアーノ岡山,サンフレッチェ広島,LightGBM,A,H,False,0.17608769898512414,0.2593833275979133,0.5645289734169626
1,1551,名古屋グランパス,東京ヴェルディ,LightGBM,D,H,False,0.32510073632564596,0.3366339424816528,0.3382653211927013
1,1551,FC今治,ヴァンフォーレ甲府,LightGBM,A,A,True,0.666032997913879,0.18400126517080284,0.14996573691531817
1,1552,いわきFC,V・ファーレン長崎,LightGBM,D,A,False,0.8001047701653581,0.09439704655326805,0.10549818328137389
1,1552,相模原,福島,LightGBM,A,D,False,0.31110785398920204,0.34485271872623763,0.3440394272845603
1,1552,水戸ホーリーホック,富山,LightGBM,A,A,True,0.4777586217318946,0.4511014134448734,0.0711399648232321
1,1552,ブラウブリッツ秋田,熊本,LightGBM,H,H,True,0.11700099315795645,0.14440640308736832,0.7385926037546752
1,1552,讃岐,栃木SC,LightGBM,H,A,False,0.49747624586577527,0.16446039729441347,0.33806335683981137
1,1552,FC大阪,宮崎,LightGBM,D,A,False,0.5844058280578526,0.13171117077437042,0.2838830011677769
1,1552,FC今治,愛媛FC,LightGBM,H,A,False,0.5936878775950898,0.1392709942043835,0.2670411282005267
1,1552,ジュビロ磐田,北海道コンサドーレ札幌,LightGBM,H,H,True,0.0404596879095789,0.11317768419564044,0.8463626278947807
1,1552,山口,徳島ヴォルティス,LightGBM,D,A,False,0.78282200670362,0.18236630577833837,0.03481168751804166
1,1552,ヴァンフォーレ甲府,大宮,LightGBM,H,A,False,0.7567748289589808,0.16475717993606553,0.0784679911049536
1,1552,藤枝MYFC,ベガルタ仙台,LightGBM,D,A,False,0.8245679093607259,0.09956945032978289,0.07586264030949118
1,1552,モンテディオ山形,ジェフユナイテッド千葉,LightGBM,A,A,True,0.598603994098559,0.061654954744346374,0.3397410511570947
1,1552,サガン鳥栖,大分,LightGBM,H,H,True,0.07243523842142185,0.11245107187391554,0.8151136897046627
1,1553,川崎フロンターレ,相模原,LightGBM,D,A,False,0.5563941071143029,0.10649164723465557,0.3371142456510416
1,1553,名古屋グランパス,熊本,LightGBM,H,H,True,0.3556240220605939,0.06717644829644814,0.577199529642958
1,1553,アビスパ福岡,北九州,LightGBM,D,A,False,0.7230460130060044,0.10756777785154571,0.16938620914245003
1,1553,京都サンガF.C.,横浜FC,LightGBM,D,H,False,0.19770469422316989,0.32250703762216454,0.4797882681546655
1,1553,湘南ベルマーレ,清水エスパルス,LightGBM,A,H,False,0.21544520623487678,0.0985342549787224,0.6860205387864008
1,1553,ガンバ大阪,モンテディオ山形,LightGBM,D,H,False,0.3964949910768211,0.1405487681992899,0.4629562407238889
1,1553,東京ヴェルディ,サガン鳥栖,LightGBM,H,H,True,0.327252093241272,0.11274022259532052,0.5600076841634074
1,1553,サンフレッチェ広島,藤枝MYFC,LightGBM,H,A,False,0.3869619839086544,0.3239411922177618,0.28909682387358376
1,1553,ヴィッセル神戸,ヴァンフォーレ甲府,LightGBM,D,A,False,0.6156088814445849,0.10969962242154124,0.27469149613387395
1,1553,鹿島アントラーズ,V・ファーレン長崎,LightGBM,H,A,False,0.5947197410803567,0.17782491421571253,0.2274553447039308
1,1553,FC東京,大分,LightGBM,H,H,True,0.19854833405243205,0.2838526721213343,0.5175989938262336
1,1553,町田,富山,LightGBM,H,A,False,0.7986410937258737,0.08027559629460379,0.12108330997952252
1,1553,セレッソ大阪,徳島ヴォルティス,LightGBM,H,A,False,0.53683393844806,0.2950771462959695,0.16808891525597053
1,1554,ファジアーノ岡山,ヴィッセル神戸,LightGBM,A,H,False,0.22736395744039553,0.3548173439607276,0.41781869859887694
1,1554,FC東京,浦和レッズ,LightGBM,H,D,False,0.2823824799115665,0.49034856791949066,0.22726895216894272
1,1554,讃岐,高知,LightGBM,A,A,True,0.6911364903246298,0.13572776796407054,0.17313574171129978
1,1554,長野,松本,LightGBM,H,A,False,0.45255599474446334,0.2804920379441622,0.26695196731137455
1,1554,鹿島アントラーズ,柏レイソル,LightGBM,H,A,False,0.5290199586817559,0.10443975088405986,0.3665402904341843
1,1554,東京ヴェルディ,町田,LightGBM,A,A,True,0.5379491474644674,0.1459590791243365,0.31609177341119615
1,1554,清水エスパルス,横浜FC,LightGBM,H,H,True,0.16383156380363498,0.10153850504592525,0.7346299311504397
1,1554,横浜F・マリノス,名古屋グランパス,LightGBM,H,A,False,0.45073854632301286,0.13377101828884222,0.41549043538814484
1,1554,ガンバ大阪,川崎フロンターレ,LightGBM,H,D,False,0.254969645270862,0.5793766656630771,0.16565368906606087
1,1554,鳥取,沼津,LightGBM,H,D,False,0.2016823093067998,0.6792234142632885,0.11909427642991172
1,1554,福島,FC琉球,LightGBM,D,A,False,0.43563230283123583,0.26629608088313367,0.2980716162856305
1,1554,アルビレックス新潟,サンフレッチェ広島,LightGBM,A,H,False,0.39642255613357413,0.1809544082700602,0.42262303559636566
1,1554,湘南ベルマーレ,セレッソ大阪,LightGBM,A,H,False,0.2966283647962167,0.34814817011988025,0.3552234650839032
1,1555,鹿児島,2,LightGBM,A,A,True,0.582543542420562,0.18298016258644062,0.2344762949929973
1,1555,岐阜,1,LightGBM,H,A,False,0.6615664066291076,0.14113579540753468,0.1972977979633578
1,1555,アビスパ福岡,2,LightGBM,H,H,True,0.12157525482899688,0.052511709683068356,0.8259130354879348
1,1556,高知,福島,LightGBM,H,A,False,0.8079643166948894,0.060218238825716384,0.13181744447939417
1,1556,富山,大宮,LightGBM,A,A,True,0.4164424886004805,0.3790918798109622,0.20446563158855743
1,1556,北海道コンサドーレ札幌,サガン鳥栖,LightGBM,H,D,False,0.17698459867351707,0.4917080984016939,0.331307302924789
1,1556,ジュビロ磐田,ブラウブリッツ秋田,LightGBM,A,H,False,0.1764042995393192,0.16707449152590195,0.6565212089347789
1,1556,ヴァンフォーレ甲府,モンテディオ山形,LightGBM,A,H,False,0.05917235585577016,0.01174870940683454,0.9290789347373953
1,1556,大分,FC今治,LightGBM,A,A,True,0.7975981974439543,0.030192620287016022,0.17220918226902976
1,1556,栃木シティ,栃木SC,LightGBM,H,H,True,0.14218420992241002,0.4237756827710646,0.4340401073065255
1,1556,藤枝MYFC,山口,LightGBM,D,H,False,0.2416111725755856,0.09260416349285516,0.6657846639315593
1,1556,ジェフユナイテッド千葉,いわきFC,LightGBM,D,D,True,0.22984401468304838,0.5878857682202806,0.18227021709667113
1,1556,徳島ヴォルティス,愛媛FC,LightGBM,H,D,False,0.19089627748780738,0.7365070415042437,0.07259668100794893
1,1556,相模原,宮崎,LightGBM,H,H,True,0.15844135823838867,0.30501765628643973,0.5365409854751716
1,1556,八戸,鳥取,LightGBM,H,A,False,0.35456900539550684,0.33209685453063054,0.3133341400738626
1,1556,V・ファーレン長崎,ベガルタ仙台,LightGBM,A,A,True,0.8229602594946845,0.11424664604106911,0.06279309446424637
1,1557,FC東京,セレッソ大阪,LightGBM,H,H,True,0.21521635348028942,0.14265094064938072,0.6421327058703299
1,1557,鹿島アントラーズ,アビスパ福岡,LightGBM,D,A,False,0.41935432109760745,0.3648933671759749,0.21575231172641757
1,1557,サンフレッチェ広島,清水エスパルス,LightGBM,H,A,False,0.5242147908116427,0.2981985245650686,0.17758668462328875
1,1557,町田,京都サンガF.C.,LightGBM,A,A,True,0.6527697492455691,0.31288634793211645,0.034343902822314545
1,1557,モンテディオ山形,浦和レッズ,LightGBM,A,D,False,0.052997803894210674,0.723611572255217,0.2233906238505723
1,1558,FC今治,熊本,LightGBM,H,A,False,0.4336846408334738,0.28094756983005836,0.28536778933646784
1,1558,サンフレッチェ広島,清水エスパルス,LightGBM,D,D,True,0.27992324883120046,0.5315174104761131,0.18855934069268643
1,1558,愛媛FC,サガン鳥栖,LightGBM,A,A,True,0.5913084078720259,0.07604375385258601,0.33264783827538824
1,1558,ベガルタ仙台,徳島ヴォルティス,LightGBM,A,A,True,0.45518946476420286,0.3694848756457262,0.17532565959007088
1,1558,ガンバ大阪,ファジアーノ岡山,LightGBM,A,H,False,0.3268301506877489,0.13595940552415142,0.5372104437880997
1,1558,名古屋グランパス,京都サンガF.C.,LightGBM,A,H,False,0.19639354149928137,0.0839644118179467,0.719642046682772
1,1558,柏レイソル,湘南ベルマーレ,LightGBM,H,D,False,0.2988584188086617,0.48044867606435127,0.22069290512698697
1,1558,町田,ヴィッセル神戸,LightGBM,H,A,False,0.5041984008957996,0.12087903405123987,0.3749225650529605
1,1558,FC東京,鹿島アントラーズ,LightGBM,A,A,True,0.5414451193235772,0.06179294114690811,0.3967619395295146
1,1558,東京ヴェルディ,横浜F・マリノス,LightGBM,H,H,True,0.30200701751648706,0.09883359748045681,0.5991593850030561
1,1558,横浜FC,浦和レッズ,LightGBM,H,D,False,0.42677194016779463,0.4500243018862824,0.12320375794592299
1,1558,モンテディオ山形,水戸ホーリーホック,LightGBM,A,A,True,0.8386283820579543,0.08875408481749512,0.07261753312455066
1,1558,川崎フロンターレ,アビスパ福岡,LightGBM,A,A,True,0.8068105277881342,0.07108553625156275,0.12210393596030289
1,1549,横浜F・マリノス,0,Ensemble,D,H,False,0.2869841898786773,0.24499652090854473,0.4680192892127779
1,1549,川崎フロンターレ,3,Ensemble,H,H,True,0.17900182807979723,0.16558976544019569,0.6554084064800071
1,1550,FC東京,横浜FC,Ensemble,H,H,True,0.30967250130743174,0.271563559218745,0.41876393947382334
1,1550,鹿島アントラーズ,ファジアーノ岡山,Ensemble,H,H,True,0.28529336173557135,0.17730732504618357,0.537399313218245
1,1550,京都サンガF.C.,ガンバ大阪,Ensemble,H,H,True,0.39322175608682763,0.20183310612841474,0.40494513778475755
1,1550,清水エスパルス,柏レイソル,Ensemble,A,A,True,0.3857403910419489,0.25018448300734025,0.3640751259507108
1,1550,アビスパ福岡,ヴィッセル神戸,Ensemble,D,H,False,0.3887748825033824,0.11147643964027851,0.4997486778563391
1,1550,湘南ベルマーレ,横浜F・マリノス,Ensemble,D,A,False,0.4368117568890666,0.24169410668636904,0.3214941364245643
1,1550,サンフレッチェ広島,名古屋グランパス,Ensemble,A,H,False,0.328716970832454,0.08270506843159302,0.5885779607359529
1,1550,モンテディオ山形,V・ファーレン長崎,Ensemble,A,H,False,0.44927131932621855,0.0991218197393833,0.451606860934398
1,1550,アルビレックス新潟,町田,Ensemble,A,H,False,0.3834215669934655,0.1466980584137945,0.4698803745927399
1,1550,東京ヴェルディ,川崎フロンターレ,Ensemble,H,A,False,0.6267251066905657,0.14910167340122282,0.22417321990821157
1,1550,大分,大宮,Ensemble,D,A,False,0.5936817997382073,0.10717196319377478,0.29914623706801785
1,1550,富山,ジェフユナイテッド千葉,Ensemble,H,A,False,0.4703758568705531,0.28157116897277323,0.2480529741566737
1,1550,山口,ブラウブリッツ秋田,Ensemble,D,H,False,0.31153579485316385,0.2523216931759271,0.436142511970909
1,1551,徳島ヴォルティス,藤枝MYFC,Ensemble,A,A,True,0.4013345419181537,0.23787598494353937,0.3607894731383069
1,1551,柏レイソル,FC東京,Ensemble,H,A,False,0.5771729532651777,0.2428329360737124,0.17999411066110976
1,1551,京都サンガF.C.,アルビレックス新潟,Ensemble,H,A,False,0.5220892464220468,0.1546988081266485,0.3232119454513046
1,1551,町田,清水エスパルス,Ensemble,H,A,False,0.38451855103070287,0.2648650509100358,0.35061639805926126
1,1551,川崎フロンターレ,鹿島アントラーズ,Ensemble,H,H,True,0.42415987341996686,0.1339249058702392,0.44191522070979383
1,1551,セレッソ大阪,ガンバ大阪,Ensemble,A,H,False,0.33854340644171627,0.23173971687997102,0.42971687667831265
1,1551,横浜FC,横浜F・マリノス,Ensemble,A,H,False,0.223802528108289,0.29588771451838985,0.4803097573733211
1,1551,ブラウブリッツ秋田,水戸ホーリーホック,Ensemble,A,A,True,0.690288168225661,0.1315013588709254,0.17821047290341346
1,1551,ヴィッセル神戸,湘南ベルマーレ,Ensemble,H,H,True,0.37745313272787084,0.104070917694631,0.5184759495774982
1,1551,ベガルタ仙台,富山,Ensemble,A,A,True,0.39823462714145913,0.3190753782391372,0.28268999461940364
1,1551,ファジアーノ岡山,サンフレッチェ広島,Ensemble,A,H,False,0.26397283740432365,0.1872540900450643,0.548773072550612
1,1551,名古屋グランパス,東京ヴェルディ,Ensemble,D,H,False,0.3154656672225009,0.22487363132858956,0.4596607014489094
1,1551,FC今治,ヴァンフォーレ甲府,Ensemble,A,A,True,0.5590789948751886,0.20074349905617186,0.24017750606863952
1,1552,いわきFC,V・ファーレン長崎,Ensemble,D,A,False,0.7544460182003707,0.09587279816561013,0.14968118363401925
1,1552,相模原,福島,Ensemble,A,H,False,0.3361568238115266,0.2659387315823718,0.3979044446061016
1,1552,水戸ホーリーホック,富山,Ensemble,A,A,True,0.44132160636969664,0.3155044924298356,0.24317390120046775
1,1552,ブラウブリッツ秋田,熊本,Ensemble,H,H,True,0.22006131864955647,0.215674357946182,0.5642643234042616
1,1552,讃岐,栃木SC,Ensemble,H,A,False,0.45192999787589316,0.2147430533489963,0.33332694877511054
1,1552,FC大阪,宮崎,Ensemble,D,A,False,0.5317948727037932,0.15493062134374358,0.3132745059524631
1,1552,FC今治,愛媛FC,Ensemble,H,A,False,0.5213116352164521,0.1841897296271881,0.2944986351563599
1,1552,ジュビロ磐田,北海道コンサドーレ札幌,Ensemble,H,H,True,0.2151484328090076,0.1413639470012505,0.6434876201897418
1,1552,山口,徳島ヴォルティス,Ensemble,D,A,False,0.6818156602605834,0.1819915162178191,0.13619282352159734
1,1552,ヴァンフォーレ甲府,大宮,Ensemble,H,A,False,0.610426160371297,0.17772492379821433,0.21184891583048865
1,1552,藤枝MYFC,ベガルタ仙台,Ensemble,D,A,False,0.643967778943966,0.1761627937462184,0.17986942730981545
1,1552,モンテディオ山形,ジェフユナイテッド千葉,Ensemble,A,A,True,0.4742495716983899,0.1459826320181309,0.3797677962834791
1,1552,サガン鳥栖,大分,Ensemble,H,H,True,0.18521015590466128,0.165612930806963,0.6491769132883758
1,1553,川崎フロンターレ,相模原,Ensemble,D,A,False,0.4564680791452501,0.20573855710455793,0.337793363750192
1,1553,名古屋グランパス,熊本,Ensemble,H,H,True,0.3811808536373228,0.19557907258978618,0.4232400737728909
1,1553,アビスパ福岡,北九州,Ensemble,D,A,False,0.5194441569743656,0.17650474799692484,0.3040510950287096
1,1553,京都サンガF.C.,横浜FC,Ensemble,D,H,False,0.3015495884629522,0.303506136499547,0.39494427503750074
1,1553,湘南ベルマーレ,清水エスパルス,Ensemble,A,H,False,0.25106049533105496,0.15757473271498695,0.591364771953958
1,1553,ガンバ大阪,モンテディオ山形,Ensemble,D,H,False,0.33769930901247813,0.17420608908110696,0.48809460190641485
1,1553,東京ヴェルディ,サガン鳥栖,Ensemble,H,H,True,0.41451433378795877,0.12874130925772445,0.4567443569543167
1,1553,サンフレッチェ広島,藤枝MYFC,Ensemble,H,A,False,0.4756088304877182,0.23600230707686215,0.28838886243541967
1,1553,ヴィッセル神戸,ヴァンフォーレ甲府,Ensemble,D,A,False,0.5635003405488356,0.12139737689850527,0.31510228255265926
1,1553,鹿島アントラーズ,V・ファーレン長崎,Ensemble,H,A,False,0.5792224838192606,0.15746022329289328,0.2633172928878461
1,1553,FC東京,大分,Ensemble,H,H,True,0.253622570448667,0.2278413254724979,0.5185361040788351
1,1553,町田,富山,Ensemble,H,A,False,0.7105139822638027,0.13289220765949503,0.15659381007670226
1,1553,セレッソ大阪,徳島ヴォルティス,Ensemble,H,A,False,0.541185220703508,0.21114765074343989,0.24766712855305195
1,1554,ファジアーノ岡山,ヴィッセル神戸,Ensemble,A,H,False,0.31441815034542797,0.21884150919373935,0.4667403404608326
1,1554,FC東京,浦和レッズ,Ensemble,H,A,False,0.4206947703433922,0.2797860403488182,0.2995191893077895
1,1554,讃岐,高知,Ensemble,A,A,True,0.49193628513071386,0.15619862419710318,0.3518650906721829
1,1554,長野,松本,Ensemble,H,A,False,0.49521388679178546,0.20946419942499014,0.29532191378322437
1,1554,鹿島アントラーズ,柏レイソル,Ensemble,H,A,False,0.5225009581446387,0.12600373918436777,0.35149530267099366
1,1554,東京ヴェルディ,町田,Ensemble,A,A,True,0.523590783669756,0.13484324171343656,0.34156597461680743
1,1554,清水エスパルス,横浜FC,Ensemble,H,H,True,0.25153242791518393,0.1362156683360833,0.6122519037487326
1,1554,横浜F・マリノス,名古屋グランパス,Ensemble,H,A,False,0.4440993233694269,0.18026605871105897,0.375634617919514
1,1554,ガンバ大阪,川崎フロンターレ,Ensemble,H,A,False,0.4264541666229047,0.3124452099308459,0.2611006234462494
1,1554,鳥取,沼津,Ensemble,H,D,False,0.3033795847439981,0.368290074850424,0.32833034040557774
1,1554,福島,FC琉球,Ensemble,D,H,False,0.3926752047948857,0.20818480334016742,0.39913999186494675
1,1554,アルビレックス新潟,サンフレッチェ広島,Ensemble,A,H,False,0.3561904924802002,0.17059075070495275,0.47321875681484693
1,1554,湘南ベルマーレ,セレッソ大阪,Ensemble,A,H,False,0.3031344643441747,0.23797710105427727,0.4588884346015481
1,1555,鹿児島,2,Ensemble,A,A,True,0.4737525529194253,0.23630920940874287,0.2899382376718318
1,1555,岐阜,1,Ensemble,H,A,False,0.5235155051295174,0.2052127958701813,0.2712716990003013
1,1555,アビスパ福岡,2,Ensemble,H,H,True,0.21244726484131948,0.14703789931630196,0.6405148358423786
1,1556,高知,福島,Ensemble,H,A,False,0.6429056936008672,0.12721053722881528,0.2298837691703175
1,1556,富山,大宮,Ensemble,A,A,True,0.44804162804602626,0.25193808802539197,0.3000202839285817
1,1556,北海道コンサドーレ札幌,サガン鳥栖,Ensemble,H,H,True,0.3046350465736919,0.28182289427560403,0.41354205915070397
1,1556,ジュビロ磐田,ブラウブリッツ秋田,Ensemble,A,H,False,0.2509836194472292,0.17074813661880325,0.5782682439339676
1,1556,ヴァンフォーレ甲府,モンテディオ山形,Ensemble,A,H,False,0.20111820845422138,0.08877094162570107,0.7101108499200774
1,1556,大分,FC今治,Ensemble,A,A,True,0.6886033363994438,0.09122973771515103,0.22016692588540504
1,1556,栃木シティ,栃木SC,Ensemble,H,H,True,0.24556214595053008,0.29056287627248584,0.4638749777769841
1,1556,藤枝MYFC,山口,Ensemble,D,H,False,0.27459816036376383,0.13663741578896013,0.5887644238472761
1,1556,ジェフユナイテッド千葉,いわきFC,Ensemble,D,H,False,0.3120978671047756,0.30091678349497686,0.3869853494002476
1,1556,徳島ヴォルティス,愛媛FC,Ensemble,H,D,False,0.3049949807205333,0.43462045631662166,0.260384562962845
1,1556,相模原,宮崎,Ensemble,H,H,True,0.3762119191609693,0.20648688607957383,0.4173011947594566
1,1556,八戸,鳥取,Ensemble,H,A,False,0.44973553431320845,0.22158180653623988,0.3286826591505516
1,1556,V・ファーレン長崎,ベガルタ仙台,Ensemble,A,A,True,0.6412057534868617,0.1653554496548571,0.1934387968582812
1,1557,FC東京,セレッソ大阪,Ensemble,H,H,True,0.3294829818274071,0.1558807322174149,0.5146362859551779
1,1557,鹿島アントラーズ,アビスパ福岡,Ensemble,D,A,False,0.4955857593599545,0.2787945822023046,0.2256196584377408
1,1557,サンフレッチェ広島,清水エスパルス,Ensemble,H,A,False,0.45527776189557345,0.22437159615845215,0.32035064194597435
1,1557,町田,京都サンガF.C.,Ensemble,A,A,True,0.5842835501490582,0.29076147554965703,0.12495497430128481
1,1557,モンテディオ山形,浦和レッズ,Ensemble,A,H,False,0.17894186407975626,0.3758417831896727,0.44521635273057103
1,1558,FC今治,熊本,Ensemble,H,A,False,0.3701937861362212,0.31141793994141503,0.3183882739223638
1,1558,サンフレッチェ広島,清水エスパルス,Ensemble,D,D,True,0.35847370972832293,0.3757766393119867,0.2657496509596902
1,1558,愛媛FC,サガン鳥栖,Ensemble,A,A,True,0.5659651990992581,0.13271439436843005,0.3013204065323118
1,1558,ベガルタ仙台,徳島ヴォルティス,Ensemble,A,A,True,0.445440376576694,0.23928005814710024,0.3152795652762057
1,1558,ガンバ大阪,ファジアーノ岡山,Ensemble,A,H,False,0.3493927844879004,0.24279260130901756,0.40781461420308207
1,1558,名古屋グランパス,京都サンガF.C.,Ensemble,A,H,False,0.29867425838748807,0.10759799023233091,0.593727751380181
1,1558,柏レイソル,湘南ベルマーレ,Ensemble,H,A,False,0.4093617875146035,0.3406376820794217,0.2500005304059748
1,1558,町田,ヴィッセル神戸,Ensemble,H,A,False,0.48301943369384415,0.13119357016814023,0.3857869961380156
1,1558,FC東京,鹿島アントラーズ,Ensemble,A,A,True,0.5060895753043865,0.15073482284105844,0.34317560185455503
1,1558,東京ヴェルディ,横浜F・マリノス,Ensemble,H,H,True,0.36434555712539474,0.1530968276262732,0.4825576152483321
1,1558,横浜FC,浦和レッズ,Ensemble,H,A,False,0.45874029077307893,0.29974500149974764,0.24151470772717326
1,1558,モンテディオ山形,水戸ホーリーホック,Ensemble,A,A,True,0.6389645582042813,0.1660972238717256,0.19493821792399296
1,1558,川崎フロンターレ,アビスパ福岡,Ensemble,A,A,True,0.6626718445662877,0.13583456771161942,0.2014935877220928
2,1559,山口,0,RandomForest,D,A,False,0.4019951188165008,0.2232671030552241,0.374737778128275
2,1559,セレッソ大阪,3,RandomForest,H,H,True,0.16392995967359647,0.22683031351174057,0.6092397268146631
2,1560,ファジアーノ岡山,柏レイソル,RandomForest,H,A,False,0.523106145952259,0.2285423079187565,0.24835154612898458
2,1560,清水エスパルス,横浜F・マリノス,RandomForest,A,H,False,0.34515885486657666,0.1823837903552353,0.47245735477818807
2,1560,町田,セレッソ大阪,RandomForest,H,A,False,0.4872419690049429,0.2158223043704169,0.2969357266246403
2,1560,モンテディオ山形,いわきFC,RandomForest,H,H,True,0.39748143899880917,0.15102912894758214,0.45148943205360875
2,1560,愛媛FC,大宮,RandomForest,A,A,True,0.6264598695805631,0.17384167475712473,0.19969845566231223
2,1560,京都サンガF.C.,東京ヴェルディ,RandomForest,H,H,True,0.29149781467272395,0.16953807878874863,0.5389641065385274
2,1560,アルビレックス新潟,川崎フロンターレ,RandomForest,A,H,False,0.37187699170643235,0.1636290509673124,0.46449395732625526
2,1560,ヴィッセル神戸,横浜FC,RandomForest,A,H,False,0.3529021215255771,0.18857721162478758,0.45852066684963527
2,1560,浦和レッズ,名古屋グランパス,RandomForest,H,H,True,0.37419989159479106,0.19290073257938195,0.43289937582582694
2,1560,山口,ベガルタ仙台,RandomForest,D,A,False,0.40480823937919713,0.32842420711813225,0.2667675535026707
2,1560,サンフレッチェ広島,ガンバ大阪,RandomForest,H,H,True,0.35196046504481815,0.1612201678754086,0.48681936707977325
2,1560,湘南ベルマーレ,FC東京,RandomForest,D,H,False,0.3278062983035948,0.27311079524676074,0.3990829064496444
2,1560,鹿島アントラーズ,アビスパ福岡,RandomForest,H,A,False,0.4666292863303769,0.3022332423168839,0.2311374713527393
2,1561,サンフレッチェ広島,0,RandomForest,D,H,False,0.1935827967171876,0.19492548587383393,0.6114917174089787
2,1561,町田,3,RandomForest,H,H,True,0.29148061997302976,0.21376486530288613,0.49475451472408427
2,1562,横浜F・マリノス,町田,RandomForest,D,A,False,0.5660139241635384,0.1948433542267152,0.23914272160974642
2,1562,アビスパ福岡,清水エスパルス,RandomForest,H,H,True,0.28033211605925384,0.18118438877638043,0.5384834951643658
2,1562,ファジアーノ岡山,湘南ベルマーレ,RandomForest,H,H,True,0.2470494877670755,0.15022986759827053,0.602720644634654
2,1562,徳島ヴォルティス,モンテディオ山形,RandomForest,H,H,True,0.37521322920038547,0.16422043639381573,0.4605663344057989
2,1562,名古屋グランパス,川崎フロンターレ,RandomForest,A,A,True,0.4545712588214177,0.14340861361092525,0.40202012756765715
2,1562,東京ヴェルディ,サンフレッチェ広島,RandomForest,A,H,False,0.3483139469720173,0.1264968429863488,0.525189210041634
2,1562,アルビレックス新潟,鹿島アントラーズ,RandomForest,A,A,True,0.5477919627567702,0.16579341520439578,0.28641462203883394
2,1562,ガンバ大阪,横浜FC,RandomForest,H,H,True,0.3246831437144201,0.16099375545823885,0.5143231008273409
2,1562,FC東京,京都サンガF.C.,RandomForest,A,H,False,0.38805188765611043,0.17090297262014098,0.44104513972374854
2,1562,ヴァンフォーレ甲府,北海道コンサドーレ札幌,RandomForest,A,H,False,0.2985147853556666,0.13768265728646795,0.5638025573578654
2,1562,ブラウブリッツ秋田,FC今治,RandomForest,A,A,True,0.5501405843675602,0.1913788121378365,0.2584806034946033
2,1562,セレッソ大阪,ヴィッセル神戸,RandomForest,D,H,False,0.388825527517115,0.18909661148232532,0.42207786100055983
2,1562,ベガルタ仙台,ジェフユナイテッド千葉,RandomForest,H,A,False,0.4274236593829544,0.1540565094866554,0.41851983113039015
2,1563,FC東京,2,RandomForest,A,H,False,0.2002304388081532,0.23828876262757867,0.5614807985642681
2,1563,町田,3,RandomForest,H,H,True,0.28785696387422666,0.2104902701594674,0.501652765966306
2,1563,名古屋グランパス,2,RandomForest,A,H,False,0.2533835312025686,0.2559834019285649,0.49063306686886643
2,1564,徳島ヴォルティス,ブラウブリッツ秋田,RandomForest,D,A,False,0.38429139721417815,0.30708006831965434,0.3086285344661675
2,1564,ヴィッセル神戸,横浜F・マリノス,RandomForest,H,H,True,0.28614553947177346,0.18693471942197165,0.526919741106255
2,1564,京都サンガF.C.,ファジアーノ岡山,RandomForest,H,A,False,0.40310560264048917,0.21641521318707016,0.3804791841724406
2,1564,川崎フロンターレ,町田,RandomForest,H,A,False,0.546286361144579,0.11487469883381156,0.33883894002160936
2,1564,清水エスパルス,鹿島アントラーズ,RandomForest,D,A,False,0.5057005486957616,0.17562480577225822,0.31867464553198016
2,1564,湘南ベルマーレ,ガンバ大阪,RandomForest,A,H,False,0.38752177621528955,0.16033516965426034,0.4521430541304502
2,1564,横浜FC,東京ヴェルディ,RandomForest,H,H,True,0.2555455094786748,0.18750410415620836,0.5569503863651168
2,1564,柏レイソル,アビスパ福岡,RandomForest,H,A,False,0.5958226957708425,0.15577317159272075,0.24840413263643685
2,1564,セレッソ大阪,サンフレッチェ広島,RandomForest,D,H,False,0.33961143916764314,0.1855103510388554,0.4748782097935016
2,1564,富山,熊本,RandomForest,A,H,False,0.24976157265173357,0.2462741693129469,0.5039642580353194
2,1564,モンテディオ山形,サガン鳥栖,RandomForest,H,A,False,0.436077394710994,0.14774631825078172,0.41617628703822435
2,1564,浦和レッズ,アルビレックス新潟,RandomForest,H,A,False,0.3453259873801242,0.31496254914900157,0.3397114634708742
2,1564,名古屋グランパス,FC東京,RandomForest,A,H,False,0.368222446595713,0.18595398101611627,0.4458235723881706
2,1565,横浜F・マリノス,1,RandomForest,H,H,True,0.1900927296305559,0.25655073305504233,0.5533565373144018
2,1565,横浜FC,2,RandomForest,A,H,False,0.16933529135336228,0.189862018578258,0.6408026900683798
2,1565,浦和レッズ,1,RandomForest,H,H,True,0.17819102380643723,0.18531865157108343,0.6364903246224793
2,1566,川崎フロンターレ,浦和レッズ,RandomForest,D,A,False,0.5412395728246829,0.13128086304706982,0.3274795641282472
2,1566,サンフレッチェ広島,湘南ベルマーレ,RandomForest,H,D,False,0.25542479792795925,0.39514880352507153,0.34942639854696916
2,1566,柏レイソル,横浜F・マリノス,RandomForest,A,A,True,0.4180229164385893,0.26829539655087964,0.3136816870105311
2,1566,FC琉球,群馬,RandomForest,H,H,True,0.33414329675353127,0.1798366026960717,0.48602010055039707
2,1566,奈良,讃岐,RandomForest,H,H,True,0.37745718162588837,0.19468902738902866,0.4278537909850829
2,1566,八戸,沼津,RandomForest,H,H,True,0.3869661955426777,0.1904168791141776,0.4226169253431447
2,1566,鳥取,福島,RandomForest,A,H,False,0.3856609466851315,0.1726296814735013,0.4417093718413672
2,1566,相模原,長野,RandomForest,H,A,False,0.4141270365712783,0.17181731172146833,0.41405565170725334
2,1566,金沢,FC大阪,RandomForest,H,H,True,0.38648205973064836,0.15871317186944353,0.4548047683999082
2,1566,栃木シティ,松本,RandomForest,H,H,True,0.27379474697962897,0.2398653990075628,0.48633985401280827
2,1566,北九州,岐阜,RandomForest,A,H,False,0.4080259009567493,0.1657301888564457,0.4262439101868049
2,1566,鹿児島,高知,RandomForest,H,A,False,0.4810215281835488,0.17003702858346625,0.34894144323298504
2,1566,ヴィッセル神戸,横浜FC,RandomForest,H,H,True,0.37607096157597414,0.19124371947792929,0.4326853189460966
2,1567,ﾍﾟﾙｰ,ﾊﾟﾗｸﾞｱ,RandomForest,A,H,False,0.3918227025491492,0.21455498451816604,0.3936223129326847
2,1567,ｷﾞﾘｼｬ,ﾃﾞﾝﾏｰｸ,RandomForest,A,H,False,0.3918227025491492,0.21455498451816604,0.3936223129326847
2,1567,ﾊﾝｶﾞﾘｰ,ﾎﾟﾙﾄｶﾞ,RandomForest,A,H,False,0.3918227025491492,0.21455498451816604,0.3936223129326847
2,1567,ｴｸｱﾄﾞﾙ,ｱﾙｾﾞﾝﾁ,RandomForest,H,H,True,0.3918227025491492,0.21455498451816604,0.3936223129326847
2,1567,ﾎﾞｽﾆｱ,ｵｰｽﾄﾘｱ,RandomForest,A,H,False,0.3918227025491492,0.21455498451816604,0.3936223129326847
2,1567,ｾﾙﾋﾞｱ,ｲﾝｸﾞﾗﾝ,RandomForest,A,H,False,0.3918227025491492,0.21455498451816604,0.3936223129326847
2,1567,ｽｲｽ,ｽﾛﾍﾞﾆｱ,RandomForest,H,H,True,0.3918227025491492,0.21455498451816604,0.3936223129326847
2,1567,ﾁﾘ,ｳﾙｸﾞｱｲ,RandomForest,D,H,False,0.3918227025491492,0.21455498451816604,0.3936223129326847
2,1567,ﾎﾞﾘﾋﾞｱ,ﾌﾞﾗｼﾞﾙ,RandomForest,H,H,True,0.3918227025491492,0.21455498451816604,0.3936223129326847
2,1567,ﾌﾗﾝｽ,ｱｲｽﾗﾝ,RandomForest,H,H,True,0.3918227025491492,0.21455498451816604,0.3936223129326847
2,1567,ｺｿﾎﾞ,ｽｳｪﾃﾞﾝ,RandomForest,H,H,True,0.3918227025491492,0.21455498451816604,0.3936223129326847
2,1567,ﾍﾞﾈｽﾞｴ,ｺﾛﾝﾋﾞｱ,RandomForest,A,H,False,0.3918227025491492,0.21455498451816604,0.3936223129326847
2,1567,ｸﾛｱﾁｱ,ﾓﾝﾃﾈｸﾞ,RandomForest,H,H,True,0.3918227025491492,0.21455498451816604,0.3936223129326847
2,1568,ヴァンフォーレ甲府,サガン鳥栖,RandomForest,A,H,False,0.33982006990745794,0.1705488133781534,0.4896311167143887
2,1568,モンテディオ山形,富山,RandomForest,H,H,True,0.27584342267453044,0.20594928221725398,0.5182072951082156
2,1568,藤枝MYFC,大分,RandomForest,D,H,False,0.3295546004661545,0.19921090357265747,0.47123449596118805
2,1568,山口,ジェフユナイテッド千葉,RandomForest,H,A,False,0.3767657380147785,0.32482988942986235,0.29840437255535923
2,1568,ブラウブリッツ秋田,愛媛FC,RandomForest,H,H,True,0.2624886359970868,0.2645143327974391,0.47299703120547404
2,1568,ベガルタ仙台,水戸ホーリーホック,RandomForest,D,A,False,0.48694413828272587,0.14250147989701,0.3705543818202641
2,1568,鹿島アントラーズ,湘南ベルマーレ,RandomForest,H,H,True,0.2929045998962143,0.3530499854699611,0.3540454146338248
2,1568,横浜F・マリノス,川崎フロンターレ,RandomForest,A,A,True,0.5427678149138678,0.17676029210578442,0.2804718929803477
2,1568,アビスパ福岡,セレッソ大阪,RandomForest,H,H,True,0.30162726631310355,0.16628464366284237,0.5320880900240542
2,1568,大宮,V・ファーレン長崎,RandomForest,A,A,True,0.4361422240360996,0.17980644465480794,0.38405133130909247
2,1568,アルビレックス新潟,清水エスパルス,RandomForest,A,H,False,0.3290090597946576,0.19989196808659432,0.471098972118748
2,1568,ファジアーノ岡山,名古屋グランパス,RandomForest,A,H,False,0.2551906889825011,0.19925405401834534,0.5455552569991536
2,1568,ガンバ大阪,浦和レッズ,RandomForest,H,H,True,0.3726007235571266,0.12261206990513619,0.5047872065377373
2,1559,山口,0,LightGBM,D,D,True,0.27866042828422277,0.5884724087923777,0.13286716292339945
2,1559,セレッソ大阪,3,LightGBM,H,H,True,0.12334429708852619,0.29078537147200506,0.5858703314394688
2,1560,ファジアーノ岡山,柏レイソル,LightGBM,H,A,False,0.3887494061709023,0.2904273338693059,0.32082325995979183
2,1560,清水エスパルス,横浜F・マリノス,LightGBM,A,A,True,0.4976979055263337,0.172055690182492,0.3302464042911743
2,1560,町田,セレッソ大阪,LightGBM,H,A,False,0.8151633808375619,0.11044001743550237,0.07439660172693584
2,1560,モンテディオ山形,いわきFC,LightGBM,H,A,False,0.7112275193612846,0.03599670596337861,0.2527757746753369
2,1560,愛媛FC,大宮,LightGBM,A,A,True,0.6407370221423621,0.13864795023987944,0.2206150276177585
2,1560,京都サンガF.C.,東京ヴェルディ,LightGBM,H,H,True,0.08737693246985843,0.34414802563639496,0.5684750418937466
2,1560,アルビレックス新潟,川崎フロンターレ,LightGBM,A,H,False,0.12299167884180601,0.04936591114106488,0.8276424100171291
2,1560,ヴィッセル神戸,横浜FC,LightGBM,A,H,False,0.19720556642892553,0.1959163957151617,0.6068780378559128
2,1560,浦和レッズ,名古屋グランパス,LightGBM,H,A,False,0.5813802576106781,0.06210507299869027,0.35651466939063164
2,1560,山口,ベガルタ仙台,LightGBM,D,D,True,0.1857771468113204,0.7236180293368016,0.09060482385187793
2,1560,サンフレッチェ広島,ガンバ大阪,LightGBM,H,H,True,0.24985722844392766,0.16584594532642835,0.5842968262296441
2,1560,湘南ベルマーレ,FC東京,LightGBM,D,D,True,0.1749304843910145,0.6830977989970831,0.14197171661190244
2,1560,鹿島アントラーズ,アビスパ福岡,LightGBM,H,D,False,0.40912389581324754,0.5174805725681271,0.07339553161862548
2,1561,サンフレッチェ広島,0,LightGBM,D,H,False,0.0683762845857053,0.3779859567430235,0.5536377586712713
2,1561,町田,3,LightGBM,H,A,False,0.4655347204052943,0.24353124011281854,0.2909340394818871
2,1562,横浜F・マリノス,町田,LightGBM,D,A,False,0.6446846513644423,0.2595044248663684,0.09581092376918945
2,1562,アビスパ福岡,清水エスパルス,LightGBM,H,H,True,0.2792354916814836,0.33980015760506904,0.3809643507134474
2,1562,ファジアーノ岡山,湘南ベルマーレ,LightGBM,H,H,True,0.039440552644445695,0.2346124222461127,0.7259470251094416
2,1562,徳島ヴォルティス,モンテディオ山形,LightGBM,H,H,True,0.3225098586504453,0.14257135441489627,0.5349187869346586
2,1562,名古屋グランパス,川崎フロンターレ,LightGBM,A,H,False,0.4579177076988491,0.058927506963586763,0.4831547853375642
2,1562,東京ヴェルディ,サンフレッチェ広島,LightGBM,A,H,False,0.2781193838374859,0.069121138834802,0.6527594773277121
2,1562,アルビレックス新潟,鹿島アントラーズ,LightGBM,A,A,True,0.6738416508235769,0.1291443665573097,0.1970139826191133
2,1562,ガンバ大阪,横浜FC,LightGBM,H,H,True,0.3158486934387578,0.31234323246207046,0.3718080740991717
2,1562,FC東京,京都サンガF.C.,LightGBM,A,H,False,0.3897020197082459,0.20165555054752793,0.4086424297442263
2,1562,ヴァンフォーレ甲府,北海道コンサドーレ札幌,LightGBM,A,H,False,0.45382418006209807,0.045946582011985655,0.5002292379259163
2,1562,ブラウブリッツ秋田,FC今治,LightGBM,A,A,True,0.6257543651757375,0.24551640068895678,0.12872923413530588
2,1562,セレッソ大阪,ヴィッセル神戸,LightGBM,D,A,False,0.555642868203685,0.18398427428543823,0.26037285751087674
2,1562,ベガルタ仙台,ジェフユナイテッド千葉,LightGBM,H,A,False,0.6445626805174537,0.12676179205459379,0.2286755274279525
2,1563,FC東京,2,LightGBM,A,H,False,0.07547259987004767,0.2985509801690267,0.6259764199609256
2,1563,町田,3,LightGBM,H,A,False,0.47961193404722136,0.19621444689338802,0.3241736190593906
2,1563,名古屋グランパス,2,LightGBM,A,H,False,0.08726929886731448,0.2425699127975553,0.6701607883351303
2,1564,徳島ヴォルティス,ブラウブリッツ秋田,LightGBM,D,A,False,0.5317980077757204,0.3814815790958405,0.08672041312843921
2,1564,ヴィッセル神戸,横浜F・マリノス,LightGBM,H,H,True,0.09977247190737351,0.3511524085506144,0.549075119542012
2,1564,京都サンガF.C.,ファジアーノ岡山,LightGBM,H,D,False,0.27684813343396397,0.48371963003199986,0.2394322365340362
2,1564,川崎フロンターレ,町田,LightGBM,H,A,False,0.8684710614184085,0.03969047273907567,0.09183846584251586
2,1564,清水エスパルス,鹿島アントラーズ,LightGBM,D,A,False,0.38641654468144454,0.2522672074810985,0.36131624783745697
2,1564,湘南ベルマーレ,ガンバ大阪,LightGBM,A,A,True,0.6273483968668563,0.09811551824192928,0.2745360848912145
2,1564,横浜FC,東京ヴェルディ,LightGBM,H,H,True,0.1118475226894752,0.2460283540583169,0.6421241232522079
2,1564,柏レイソル,アビスパ福岡,LightGBM,H,A,False,0.8617166827559525,0.07835983717182864,0.059923480072218795
2,1564,セレッソ大阪,サンフレッチェ広島,LightGBM,D,H,False,0.23998543634096015,0.12942372039664649,0.6305908432623933
2,1564,富山,熊本,LightGBM,A,H,False,0.06521626530156556,0.3922538172693889,0.5425299174290455
2,1564,モンテディオ山形,サガン鳥栖,LightGBM,H,H,True,0.43905457309658635,0.0588687607406097,0.502076666162804
2,1564,浦和レッズ,アルビレックス新潟,LightGBM,H,D,False,0.2138462869082711,0.6828951270361667,0.10325858605556215
2,1564,名古屋グランパス,FC東京,LightGBM,A,A,True,0.5505163998497329,0.18253332301798275,0.26695027713228436
2,1565,横浜F・マリノス,1,LightGBM,H,H,True,0.08436820870103875,0.39232544824906207,0.5233063430498992
2,1565,横浜FC,2,LightGBM,A,H,False,0.018061905319084276,0.07648178733781491,0.9054563073431008
2,1565,浦和レッズ,1,LightGBM,H,H,True,0.038430036322301825,0.2450421828760101,0.7165277808016881
2,1566,川崎フロンターレ,浦和レッズ,LightGBM,D,A,False,0.7765315619097476,0.05464223195651838,0.16882620613373403
2,1566,サンフレッチェ広島,湘南ベルマーレ,LightGBM,H,D,False,0.04272588464091473,0.7386565527389664,0.21861756262011892
2,1566,柏レイソル,横浜F・マリノス,LightGBM,A,A,True,0.4686886419284619,0.27825790102606335,0.25305345704547483
2,1566,FC琉球,群馬,LightGBM,H,H,True,0.10211537243063415,0.1296632415933668,0.7682213859759991
2,1566,奈良,讃岐,LightGBM,H,H,True,0.2791295543489218,0.19725790960848139,0.5236125360425968
2,1566,八戸,沼津,LightGBM,H,A,False,0.6436320188937968,0.10551093985423786,0.25085704125196534
2,1566,鳥取,福島,LightGBM,A,A,True,0.49335864815122676,0.1316659618476559,0.3749753900011174
2,1566,相模原,長野,LightGBM,H,A,False,0.5712253786773557,0.24917447640452378,0.1796001449181206
2,1566,金沢,FC大阪,LightGBM,H,H,True,0.27282246031678903,0.02681003476632244,0.7003675049168886
2,1566,栃木シティ,松本,LightGBM,H,D,False,0.11395638436673203,0.4840793278371315,0.4019642877961366
2,1566,北九州,岐阜,LightGBM,A,A,True,0.5120178153276911,0.04353060145470985,0.44445158321759914
2,1566,鹿児島,高知,LightGBM,H,H,True,0.3403905738501806,0.05269546852883509,0.6069139576209842
2,1566,ヴィッセル神戸,横浜FC,LightGBM,H,D,False,0.20337970518246076,0.4723915143644635,0.32422878045307574
2,1567,ﾍﾟﾙｰ,ﾊﾟﾗｸﾞｱ,LightGBM,A,D,False,0.3371280757560247,0.35548269679314315,0.30738922745083225
2,1567,ｷﾞﾘｼｬ,ﾃﾞﾝﾏｰｸ,LightGBM,A,D,False,0.3371280757560247,0.35548269679314315,0.30738922745083225
2,1567,ﾊﾝｶﾞﾘｰ,ﾎﾟﾙﾄｶﾞ,LightGBM,A,D,False,0.3371280757560247,0.35548269679314315,0.30738922745083225
2,1567,ｴｸｱﾄﾞﾙ,ｱﾙｾﾞﾝﾁ,LightGBM,H,D,False,0.3371280757560247,0.35548269679314315,0.30738922745083225
2,1567,ﾎﾞｽﾆｱ,ｵｰｽﾄﾘｱ,LightGBM,A,D,False,0.3371280757560247,0.35548269679314315,0.30738922745083225
2,1567,ｾﾙﾋﾞｱ,ｲﾝｸﾞﾗﾝ,LightGBM,A,D,False,0.3371280757560247,0.35548269679314315,0.30738922745083225
2,1567,ｽｲｽ,ｽﾛﾍﾞﾆｱ,LightGBM,H,D,False,0.3371280757560247,0.35548269679314315,0.30738922745083225
2,1567,ﾁﾘ,ｳﾙｸﾞｱｲ,LightGBM,D,D,True,0.3371280757560247,0.35548269679314315,0.30738922745083225
2,1567,ﾎﾞﾘﾋﾞｱ,ﾌﾞﾗｼﾞﾙ,LightGBM,H,D,False,0.3371280757560247,0.35548269679314315,0.30738922745083225
2,1567,ﾌﾗﾝｽ,ｱｲｽﾗﾝ,LightGBM,H,D,False,0.3371280757560247,0.35548269679314315,0.30738922745083225
2,1567,ｺｿﾎﾞ,ｽｳｪﾃﾞﾝ,LightGBM,H,D,False,0.3371280757560247,0.35548269679314315,0.30738922745083225
2,1567,ﾍﾞﾈｽﾞｴ,ｺﾛﾝﾋﾞｱ,LightGBM,A,D,False,0.3371280757560247,0.35548269679314315,0.30738922745083225
2,1567,ｸﾛｱﾁｱ,ﾓﾝﾃﾈｸﾞ,LightGBM,H,D,False,0.3371280757560247,0.35548269679314315,0.30738922745083225
2,1568,ヴァンフォーレ甲府,サガン鳥栖,LightGBM,A,A,True,0.38929775908010794,0.22378504153133633,0.3869171993885558
2,1568,モンテディオ山形,富山,LightGBM,H,H,True,0.3166421020203012,0.1518836489765699,0.5314742490031289
2,1568,藤枝MYFC,大分,LightGBM,D,D,True,0.17691320292319357,0.5012891137970829,0.3217976832797236
2,1568,山口,ジェフユナイテッド千葉,LightGBM,H,D,False,0.1318375737810519,0.664329827923491,0.2038325982954571
2,1568,ブラウブリッツ秋田,愛媛FC,LightGBM,H,D,False,0.24079567199564741,0.5530851481380223,0.20611917986633038
2,1568,ベガルタ仙台,水戸ホーリーホック,LightGBM,D,H,False,0.39551887012934994,0.12287951301850825,0.48160161685214176
2,1568,鹿島アントラーズ,湘南ベルマーレ,LightGBM,H,D,False,0.14741226912112998,0.583567001638275,0.26902072924059506
2,1568,横浜F・マリノス,川崎フロンターレ,LightGBM,A,A,True,0.5843211186188404,0.22539199024443402,0.19028689113672564
2,1568,アビスパ福岡,セレッソ大阪,LightGBM,H,H,True,0.16942344375768326,0.1957780151469902,0.6347985410953266
2,1568,大宮,V・ファーレン長崎,LightGBM,A,A,True,0.6721062725297701,0.04623547997944093,0.281658247490789
2,1568,アルビレックス新潟,清水エスパルス,LightGBM,A,H,False,0.2690844413325123,0.2968228544193284,0.4340927042481593
2,1568,ファジアーノ岡山,名古屋グランパス,LightGBM,A,H,False,0.2037507476985464,0.1969584714206579,0.5992907808807958
2,1568,ガンバ大阪,浦和レッズ,LightGBM,H,H,True,0.1496584128848649,0.03729905606218923,0.8130425310529459
2,1559,山口,0,Ensemble,D,A,False,0.36499471165681735,0.33282869477637017,0.3021765935668123
2,1559,セレッソ大阪,3,Ensemble,H,H,True,0.15175426089807537,0.2460168308998199,0.6022289082021047
2,1560,ファジアーノ岡山,柏レイソル,Ensemble,H,A,False,0.48279912401785197,0.24710781570392132,0.27009306027822677
2,1560,清水エスパルス,横浜F・マリノス,Ensemble,A,H,False,0.39092057006450376,0.1792853603034123,0.4297940696320839
2,1560,町田,セレッソ大阪,Ensemble,H,A,False,0.5856183925547286,0.18420761828994253,0.23017398915532897
2,1560,モンテディオ山形,いわきFC,Ensemble,H,A,False,0.49160526310755176,0.11651940205232107,0.3918753348401272
2,1560,愛媛FC,大宮,Ensemble,A,A,True,0.6307430153491027,0.16328355740195113,0.2059734272489461
2,1560,京都サンガF.C.,東京ヴェルディ,Ensemble,H,H,True,0.23026155001186427,0.22192106284304253,0.5478173871450932
2,1560,アルビレックス新潟,川崎フロンターレ,Ensemble,A,H,False,0.2972113978470444,0.12935010901943814,0.5734384931335174
2,1560,ヴィッセル神戸,横浜FC,Ensemble,A,H,False,0.3061931549965816,0.1907789668518998,0.5030278781515185
2,1560,浦和レッズ,名古屋グランパス,Ensemble,H,A,False,0.43635400139955716,0.15366203470517442,0.4099839638952683
2,1560,山口,ベガルタ仙台,Ensemble,D,D,True,0.3390989116088341,0.4469823537837331,0.21391873460743283
2,1560,サンフレッチェ広島,ガンバ大阪,Ensemble,H,H,True,0.321329494064551,0.16260790111071452,0.5160626048247345
2,1560,湘南ベルマーレ,FC東京,Ensemble,D,D,True,0.2819435541298207,0.3961068963718575,0.3219495494983218
2,1560,鹿島アントラーズ,アビスパ福岡,Ensemble,H,A,False,0.449377669175238,0.36680744139225685,0.18381488943250515
2,1561,サンフレッチェ広島,0,Ensemble,D,H,False,0.1560208430777429,0.24984362713459077,0.5941355297876664
2,1561,町田,3,Ensemble,H,H,True,0.3436968501027091,0.22269477774586582,0.4336083721514251
2,1562,横浜F・マリノス,町田,Ensemble,D,A,False,0.5896151423238095,0.21424167541861117,0.19614318225757932
2,1562,アビスパ福岡,清水エスパルス,Ensemble,H,H,True,0.28000312874592276,0.228769119424987,0.4912277518290903
2,1562,ファジアーノ岡山,湘南ベルマーレ,Ensemble,H,H,True,0.18476680723028654,0.17554463399262316,0.6396885587770903
2,1562,徳島ヴォルティス,モンテディオ山形,Ensemble,H,H,True,0.3594022180354034,0.1577257118001399,0.48287207016445677
2,1562,名古屋グランパス,川崎フロンターレ,Ensemble,A,A,True,0.4555751934846471,0.11806428161672369,0.42636052489862925
2,1562,東京ヴェルディ,サンフレッチェ広島,Ensemble,A,H,False,0.32725557803165783,0.10928413174088475,0.5634602902274574
2,1562,アルビレックス新潟,鹿島アントラーズ,Ensemble,A,A,True,0.5856068691768122,0.15479870061026996,0.2595944302129177
2,1562,ガンバ大阪,横浜FC,Ensemble,H,H,True,0.3220328086317214,0.2063985985593883,0.47156859280889013
2,1562,FC東京,京都サンガF.C.,Ensemble,A,H,False,0.38854692727175105,0.18012874599835704,0.43132432672989185
2,1562,ヴァンフォーレ甲府,北海道コンサドーレ札幌,Ensemble,A,H,False,0.3451076037675961,0.11016183470412325,0.5447305615282807
2,1562,ブラウブリッツ秋田,FC今治,Ensemble,A,A,True,0.5728247186100133,0.20762008870317256,0.21955519268681406
2,1562,セレッソ大阪,ヴィッセル神戸,Ensemble,D,A,False,0.43887072972308605,0.1875629103232592,0.3735663599536549
2,1562,ベガルタ仙台,ジェフユナイテッド千葉,Ensemble,H,A,False,0.49256536572330417,0.1458680942570369,0.3615665400196588
2,1563,FC東京,2,Ensemble,A,H,False,0.16280308712672154,0.2563674278900131,0.5808294849832654
2,1563,町田,3,Ensemble,H,H,True,0.34538345492612504,0.20620752317964358,0.4484090218942314
2,1563,名古屋グランパス,2,Ensemble,A,H,False,0.20354926150199237,0.251959355189262,0.5444913833087456
2,1564,徳島ヴォルティス,ブラウブリッツ秋田,Ensemble,D,A,False,0.42854338038264084,0.32940052155251015,0.24205609806484898
2,1564,ヴィッセル神戸,横浜F・マリノス,Ensemble,H,H,True,0.23023361920245344,0.23620002616056446,0.533566354636982
2,1564,京都サンガF.C.,ファジアーノ岡山,Ensemble,H,A,False,0.3652283618785316,0.29660653824054906,0.33816509988091925
2,1564,川崎フロンターレ,町田,Ensemble,H,A,False,0.6429417712267278,0.09231943100539079,0.2647387977678813
2,1564,清水エスパルス,鹿島アントラーズ,Ensemble,D,A,False,0.4699153474914665,0.1986175262849103,0.3314671262236232
2,1564,湘南ベルマーレ,ガンバ大阪,Ensemble,A,A,True,0.45946976241075954,0.141669274230561,0.39886096335867943
2,1564,横浜FC,東京ヴェルディ,Ensemble,H,H,True,0.21243611344191493,0.20506137912684091,0.5825025074312442
2,1564,柏レイソル,アビスパ福岡,Ensemble,H,A,False,0.6755908918663754,0.1325491712664531,0.19185993686717143
2,1564,セレッソ大阪,サンフレッチェ広島,Ensemble,D,H,False,0.30972363831963823,0.16868436184619273,0.521591999834169
2,1564,富山,熊本,Ensemble,A,H,False,0.19439798044668316,0.2900680636998795,0.5155339558534372
2,1564,モンテディオ山形,サガン鳥栖,Ensemble,H,H,True,0.4369705482266717,0.1210830509977301,0.4419464007755982
2,1564,浦和レッズ,アルビレックス新潟,Ensemble,H,D,False,0.30588207723856825,0.4253423225151511,0.26877560024628055
2,1564,名古屋グランパス,FC東京,Ensemble,A,A,True,0.42291063257191897,0.1849277836166762,0.3921615838114047
2,1565,横浜F・マリノス,1,Ensemble,H,H,True,0.15837537335170077,0.29728314761324826,0.544341479035051
2,1565,横浜FC,2,Ensemble,A,H,False,0.12395327554307888,0.15584794920612507,0.7201987752507961
2,1565,浦和レッズ,1,Ensemble,H,H,True,0.13626272756119662,0.20323571096256143,0.660501561476242
2,1566,川崎フロンターレ,浦和レッズ,Ensemble,D,A,False,0.6118271695502022,0.10828927371990438,0.27988355672989323
2,1566,サンフレッチェ広島,湘南ベルマーレ,Ensemble,H,D,False,0.19161512394184588,0.4982011282892399,0.31018374776891405
2,1566,柏レイソル,横浜F・マリノス,Ensemble,A,A,True,0.43322263408555106,0.27128414789343475,0.29549321802101425
2,1566,FC琉球,群馬,Ensemble,H,H,True,0.2645349194566621,0.16478459436526025,0.5706804861780777
2,1566,奈良,讃岐,Ensemble,H,H,True,0.34795889344279834,0.19545969205486446,0.456581414502337
2,1566,八戸,沼津,Ensemble,H,A,False,0.46396594254801343,0.16494509733619567,0.37108896011579084
2,1566,鳥取,福島,Ensemble,A,H,False,0.41797025712496005,0.16034056558574766,0.4216891772892922
2,1566,相模原,長野,Ensemble,H,A,False,0.4612565392031015,0.19502446112638494,0.3437189996705135
2,1566,金沢,FC大阪,Ensemble,H,H,True,0.3523841799064905,0.1191422307385072,0.5284735893550023
2,1566,栃木シティ,松本,Ensemble,H,H,True,0.22584323819575988,0.31312957765643334,0.46102718414780675
2,1566,北九州,岐阜,Ensemble,A,A,True,0.4392234752680318,0.12907031263592494,0.4317062120960431
2,1566,鹿児島,高知,Ensemble,H,A,False,0.4388322418835383,0.13483456056707688,0.4263331975493848
2,1566,ヴィッセル神戸,横浜FC,Ensemble,H,H,True,0.3242635846579201,0.2755880579438895,0.4001483573981903
2,1567,ﾍﾟﾙｰ,ﾊﾟﾗｸﾞｱ,Ensemble,A,A,True,0.3754143145112118,0.25683329820065914,0.3677523872881289
2,1567,ｷﾞﾘｼｬ,ﾃﾞﾝﾏｰｸ,Ensemble,A,A,True,0.3754143145112118,0.25683329820065914,0.3677523872881289
2,1567,ﾊﾝｶﾞﾘｰ,ﾎﾟﾙﾄｶﾞ,Ensemble,A,A,True,0.3754143145112118,0.25683329820065914,0.3677523872881289
2,1567,ｴｸｱﾄﾞﾙ,ｱﾙｾﾞﾝﾁ,Ensemble,H,A,False,0.3754143145112118,0.25683329820065914,0.3677523872881289
2,1567,ﾎﾞｽﾆｱ,ｵｰｽﾄﾘｱ,Ensemble,A,A,True,0.3754143145112118,0.25683329820065914,0.3677523872881289
2,1567,ｾﾙﾋﾞｱ,ｲﾝｸﾞﾗﾝ,Ensemble,A,A,True,0.3754143145112118,0.25683329820065914,0.3677523872881289
2,1567,ｽｲｽ,ｽﾛﾍﾞﾆｱ,Ensemble,H,A,False,0.3754143145112118,0.25683329820065914,0.3677523872881289
2,1567,ﾁﾘ,ｳﾙｸﾞｱｲ,Ensemble,D,A,False,0.3754143145112118,0.25683329820065914,0.3677523872881289
2,1567,ﾎﾞﾘﾋﾞｱ,ﾌﾞﾗｼﾞﾙ,Ensemble,H,A,False,0.3754143145112118,0.25683329820065914,0.3677523872881289
2,1567,ﾌﾗﾝｽ,ｱｲｽﾗﾝ,Ensemble,H,A,False,0.3754143145112118,0.25683329820065914,0.3677523872881289
2,1567,ｺｿﾎﾞ,ｽｳｪﾃﾞﾝ,Ensemble,H,A,False,0.3754143145112118,0.25683329820065914,0.3677523872881289
2,1567,ﾍﾞﾈｽﾞｴ,ｺﾛﾝﾋﾞｱ,Ensemble,A,A,True,0.3754143145112118,0.25683329820065914,0.3677523872881289
2,1567,ｸﾛｱﾁｱ,ﾓﾝﾃﾈｸﾞ,Ensemble,H,A,False,0.3754143145112118,0.25683329820065914,0.3677523872881289
2,1568,ヴァンフォーレ甲府,サガン鳥栖,Ensemble,A,H,False,0.3546633766592529,0.18651968182410827,0.4588169415166388
2,1568,モンテディオ山形,富山,Ensemble,H,H,True,0.2880830264782617,0.18972959224504873,0.5221873812766896
2,1568,藤枝MYFC,大分,Ensemble,D,H,False,0.2837621812032662,0.2898343666399851,0.4264034521567487
2,1568,山口,ジェフユナイテッド千葉,Ensemble,H,D,False,0.3032872887446605,0.4266798709779509,0.2700328402773886
2,1568,ブラウブリッツ秋田,愛媛FC,Ensemble,H,H,True,0.255980746796655,0.35108557739961405,0.3929336758037309
2,1568,ベガルタ仙台,水戸ホーリーホック,Ensemble,D,A,False,0.4595165578367131,0.13661488983345949,0.40386855232982743
2,1568,鹿島アントラーズ,湘南ベルマーレ,Ensemble,H,D,False,0.249256900663689,0.4222050903204553,0.32853800901585584
2,1568,横浜F・マリノス,川崎フロンターレ,Ensemble,A,A,True,0.5552338060253595,0.1913498015473793,0.25341639242726105
2,1568,アビスパ福岡,セレッソ大阪,Ensemble,H,H,True,0.26196611954647747,0.1751326551080867,0.562901225345436
2,1568,大宮,V・ファーレン長崎,Ensemble,A,A,True,0.5069314385842008,0.13973515525219785,0.3533334061636014
2,1568,アルビレックス新潟,清水エスパルス,Ensemble,A,H,False,0.31103167425601397,0.22897123398641453,0.4599970917575714
2,1568,ファジアーノ岡山,名古屋グランパス,Ensemble,A,H,False,0.23975870659731466,0.1985653792390391,0.5616759141636463
2,1568,ガンバ大阪,浦和レッズ,Ensemble,H,H,True,0.3057180303554481,0.0970181657522521,0.5972638038922999
3,1570,横浜FC,アルビレックス新潟,RandomForest,A,H,False,0.2852976541727188,0.16794947930843815,0.546752866518843
3,1570,ベガルタ仙台,モンテディオ山形,RandomForest,H,A,False,0.5190547094281505,0.16728835774759215,0.3136569328242573
3,1570,愛媛FC,ジェフユナイテッド千葉,RandomForest,A,A,True,0.6564174425016663,0.12278559800251788,0.2207969594958157
3,1570,セレッソ大阪,柏レイソル,RandomForest,D,A,False,0.46064183223646743,0.19224974549077234,0.3471084222727603
3,1570,いわきFC,水戸ホーリーホック,RandomForest,D,A,False,0.5254032997179179,0.1788426043530505,0.2957540959290316
3,1570,徳島ヴォルティス,北海道コンサドーレ札幌,RandomForest,A,H,False,0.36136082992476665,0.1321820667877467,0.5064571032874866
3,1570,京都サンガF.C.,清水エスパルス,RandomForest,A,H,False,0.3100286250847848,0.2915173120665733,0.39845406284864193
3,1570,名古屋グランパス,湘南ベルマーレ,RandomForest,H,H,True,0.3029184128315444,0.17502674230649426,0.5220548448619612
3,1570,ヴァンフォーレ甲府,ブラウブリッツ秋田,RandomForest,D,H,False,0.3402109601859359,0.1917132107604979,0.46807582905356615
3,1570,東京ヴェルディ,ファジアーノ岡山,RandomForest,H,H,True,0.3524526217388737,0.21108058968577273,0.4364667885753537
3,1570,浦和レッズ,鹿島アントラーズ,RandomForest,A,A,True,0.46983419511394403,0.1635345693474041,0.366631235538652
3,1570,横浜F・マリノス,アビスパ福岡,RandomForest,H,H,True,0.3645963447322483,0.10945003606586966,0.525953619201882
3,1570,川崎フロンターレ,FC東京,RandomForest,A,A,True,0.4825019935806235,0.21759939149502125,0.2998986149243552
3,1571,ガンバ大阪,横浜F・マリノス,RandomForest,H,H,True,0.3077677537283764,0.18341368561683125,0.5088185606547924
3,1571,FC東京,アビスパ福岡,RandomForest,A,H,False,0.34644116040372797,0.12167767094671617,0.5318811686495558
3,1571,京都サンガF.C.,町田,RandomForest,D,H,False,0.42544181023165334,0.13939317093419032,0.4351650188341564
3,1571,柏レイソル,サンフレッチェ広島,RandomForest,D,H,False,0.42228660955097563,0.12904278135099087,0.4486706090980335
3,1571,アルビレックス新潟,名古屋グランパス,RandomForest,H,H,True,0.289441729833878,0.15592642052693517,0.554631849639187
3,1572,ヴィッセル神戸,清水エスパルス,RandomForest,H,H,True,0.300035088912714,0.12977145644557847,0.5701934546417077
3,1572,セレッソ大阪,京都サンガF.C.,RandomForest,A,H,False,0.3412308047847661,0.22704002461957196,0.4317291705956619
3,1572,FC今治,サガン鳥栖,RandomForest,D,A,False,0.4370552216297483,0.1681386008773327,0.3948061774929191
3,1572,富山,徳島ヴォルティス,RandomForest,A,A,True,0.6075714650723514,0.1475275698670145,0.24490096506063405
3,1572,ブラウブリッツ秋田,V・ファーレン長崎,RandomForest,D,A,False,0.47233902022038593,0.2099810401510772,0.317679939628537
3,1572,FC東京,横浜F・マリノス,RandomForest,A,H,False,0.3186278466241766,0.146699963249937,0.5346721901258865
3,1572,川崎フロンターレ,柏レイソル,RandomForest,D,H,False,0.3414204118683494,0.16354487468609302,0.49503471344555755
3,1572,横浜FC,湘南ベルマーレ,RandomForest,H,H,True,0.2961927702678646,0.17935046376423697,0.5244567659678984
3,1572,アビスパ福岡,サンフレッチェ広島,RandomForest,A,A,True,0.4723180284177254,0.2638401794184496,0.263841792163825
3,1572,東京ヴェルディ,浦和レッズ,RandomForest,D,H,False,0.31079954979895563,0.16312223232528827,0.5260782178757561
3,1572,名古屋グランパス,鹿島アントラーズ,RandomForest,A,A,True,0.47275663504704485,0.24490964668880222,0.28233371826415293
3,1572,町田,ファジアーノ岡山,RandomForest,H,H,True,0.2943787432040933,0.2078168012276662,0.4978044555682406
3,1572,ガンバ大阪,アルビレックス新潟,RandomForest,H,H,True,0.36526654439872175,0.26826871168622884,0.3664647439150496
3,1574,熊本,いわきFC,RandomForest,A,H,False,0.3110697625757682,0.1296433647441532,0.5592868726800787
3,1574,徳島ヴォルティス,FC今治,RandomForest,H,H,True,0.38777714264725094,0.14827136233908395,0.46395149501366517
3,1574,ブラウブリッツ秋田,大分,RandomForest,D,H,False,0.313544130613866,0.2123216555379306,0.4741342138482034
3,1574,北海道コンサドーレ札幌,モンテディオ山形,RandomForest,A,H,False,0.3352088371545351,0.24835947505998976,0.41643168778547507
3,1574,浦和レッズ,ヴィッセル神戸,RandomForest,H,H,True,0.38077806936983466,0.17275622054993017,0.4464657100802351
3,1574,アビスパ福岡,横浜FC,RandomForest,H,H,True,0.3320352142499068,0.13905342279538682,0.5289113629547064
3,1574,名古屋グランパス,セレッソ大阪,RandomForest,H,H,True,0.3445058497584018,0.14018140047835026,0.5153127497632479
3,1574,京都サンガF.C.,川崎フロンターレ,RandomForest,D,H,False,0.36133877329000874,0.11930362821572976,0.5193575984942614
3,1574,柏レイソル,横浜F・マリノス,RandomForest,H,A,False,0.48514312631671963,0.2102122487347069,0.3046446249485735
3,1574,サンフレッチェ広島,町田,RandomForest,H,H,True,0.4235326970881529,0.12109061972646737,0.45537668318537966
3,1574,アルビレックス新潟,ファジアーノ岡山,RandomForest,A,H,False,0.3032561599823629,0.1542387997934643,0.5425050402241728
3,1574,清水エスパルス,FC東京,RandomForest,H,H,True,0.3892134790359237,0.16881234245593957,0.44197417850813675
3,1574,鹿島アントラーズ,ガンバ大阪,RandomForest,D,A,False,0.5046424804731482,0.2204956620954695,0.2748618574313823
3,1575,横浜FC,0,RandomForest,D,H,False,0.32376032885378,0.18041423394403508,0.49582543720218497
3,1575,川崎フロンターレ,3,RandomForest,H,H,True,0.2917225135416826,0.18872777813884212,0.5195497083194753
3,1576,ｺｿﾎﾞ,ｽﾛﾍﾞﾆｱ,RandomForest,D,H,False,0.3998651130216152,0.19743177399114406,0.4027031129872406
3,1576,ﾏﾙﾀ,ｵﾗﾝﾀﾞ,RandomForest,A,H,False,0.3998651130216152,0.19743177399114406,0.4027031129872406
3,1576,ﾌｪﾛｰ,ﾓﾝﾃﾈｸﾞ,RandomForest,H,H,True,0.3998651130216152,0.19743177399114406,0.4027031129872406
3,1576,ﾍﾞﾙｷﾞｰ,北マケ,RandomForest,D,H,False,0.3998651130216152,0.19743177399114406,0.4027031129872406
3,1576,ｵｰｽﾄﾘｱ,ｻﾝﾏﾘﾉ,RandomForest,H,H,True,0.3998651130216152,0.19743177399114406,0.4027031129872406
3,1576,ﾄﾞｲﾂ,ﾙｸｾﾝﾌﾞ,RandomForest,H,H,True,0.3998651130216152,0.19743177399114406,0.4027031129872406
3,1576,ﾌｨﾝﾗﾝ,ﾘﾄｱﾆｱ,RandomForest,H,H,True,0.3998651130216152,0.19743177399114406,0.4027031129872406
3,1576,ﾌﾗﾝｽ,ｱｾﾞﾙﾊﾞ,RandomForest,H,H,True,0.3998651130216152,0.19743177399114406,0.4027031129872406
3,1576,ｽｳｪﾃﾞﾝ,ｽｲｽ,RandomForest,A,H,False,0.3998651130216152,0.19743177399114406,0.4027031129872406
3,1576,ｷﾌﾟﾛｽ,ﾎﾞｽﾆｱ,RandomForest,D,H,False,0.3998651130216152,0.19743177399114406,0.4027031129872406
3,1576,ｽｺｯﾄﾗﾝ,ｷﾞﾘｼｬ,RandomForest,A,H,False,0.3998651130216152,0.19743177399114406,0.4027031129872406
3,1576,ﾁｪｺ,ｸﾛｱﾁｱ,RandomForest,H,H,True,0.3998651130216152,0.19743177399114406,0.4027031129872406
3,1576,北アイ,ｽﾛﾊﾞｷｱ,RandomForest,H,H,True,0.3998651130216152,0.19743177399114406,0.4027031129872406
3,1577,北九州,鹿児島,RandomForest,D,H,False,0.3137063094840157,0.17216540770118924,0.5141282828147952
3,1577,柏レイソル,川崎フロンターレ,RandomForest,A,A,True,0.47635609685007735,0.1399189431054755,0.3837249600444472
3,1577,サンフレッチェ広島,横浜FC,RandomForest,H,H,True,0.28705605299475967,0.30313872690471727,0.40980522010052284
3,1577,栃木SC,福島,RandomForest,H,H,True,0.31548320953008796,0.12862528165551232,0.5558915088143999
3,1578,北マケ,ｶｻﾞﾌ,RandomForest,D,H,False,0.3998651130216152,0.19743177399114406,0.4027031129872406
3,1578,ﾘﾄｱﾆｱ,ﾎﾟｰﾗﾝ,RandomForest,A,H,False,0.3998651130216152,0.19743177399114406,0.4027031129872406
3,1578,ﾌｪﾛｰ,ﾁｪｺ,RandomForest,H,H,True,0.3998651130216152,0.19743177399114406,0.4027031129872406
3,1578,ｸﾛｱﾁｱ,ｼﾞﾌﾞﾗﾙ,RandomForest,H,H,True,0.3998651130216152,0.19743177399114406,0.4027031129872406
3,1578,北アイ,ﾄﾞｲﾂ,RandomForest,A,H,False,0.3998651130216152,0.19743177399114406,0.4027031129872406
3,1578,ｽｳｪﾃﾞﾝ,ｺｿﾎﾞ,RandomForest,A,H,False,0.3998651130216152,0.19743177399114406,0.4027031129872406
3,1578,ｱｲｽﾗﾝ,ﾌﾗﾝｽ,RandomForest,D,H,False,0.3998651130216152,0.19743177399114406,0.4027031129872406
3,1578,ｽﾛﾍﾞﾆｱ,ｽｲｽ,RandomForest,D,H,False,0.3998651130216152,0.19743177399114406,0.4027031129872406
3,1578,ｳｪｰﾙｽﾞ,ﾍﾞﾙｷﾞｰ,RandomForest,A,H,False,0.3998651130216152,0.19743177399114406,0.4027031129872406
3,1578,ﾃﾞﾝﾏｰｸ,ｷﾞﾘｼｬ,RandomForest,H,H,True,0.3998651130216152,0.19743177399114406,0.4027031129872406
3,1578,ﾙｰﾏﾆｱ,ｵｰｽﾄﾘｱ,RandomForest,A,H,False,0.3998651130216152,0.19743177399114406,0.4027031129872406
3,1578,ｵﾗﾝﾀﾞ,ﾌｨﾝﾗﾝ,RandomForest,H,H,True,0.3998651130216152,0.19743177399114406,0.4027031129872406
3,1578,ｽﾛﾊﾞｷｱ,ﾙｸｾﾝﾌﾞ,RandomForest,H,H,True,0.3998651130216152,0.19743177399114406,0.4027031129872406
3,1579,サンフレッチェ広島,0,RandomForest,D,H,False,0.13479106779198172,0.2559132813723016,0.6092956508357167
3,1579,ヴィッセル神戸,0,RandomForest,H,H,True,0.19580926683557415,0.14656323648588737,0.6576274966785385
3,1580,サガン鳥栖,ブラウブリッツ秋田,RandomForest,H,H,True,0.37944967788361683,0.147444276699382,0.47310604541700124
3,1580,富山,北海道コンサドーレ札幌,RandomForest,A,A,True,0.6287414560358698,0.18111625828433023,0.19014228567979982
3,1580,モンテディオ山形,熊本,RandomForest,D,H,False,0.2928519331138296,0.2881057406682343,0.41904232621793597
3,1580,大分,ベガルタ仙台,RandomForest,D,A,False,0.5242010179591464,0.2214135189091631,0.2543854631316905
3,1580,FC今治,山口,RandomForest,D,H,False,0.4072415883634811,0.13342305522464715,0.45933535641187173
3,1580,横浜F・マリノス,浦和レッズ,RandomForest,H,H,True,0.3360042290301573,0.12421444963941111,0.5397813213304316
3,1580,町田,アビスパ福岡,RandomForest,D,A,False,0.46288207622676586,0.14366131931754125,0.3934566044556929
3,1580,横浜FC,名古屋グランパス,RandomForest,D,H,False,0.33868743621397535,0.1708364989672883,0.49047606481873635
3,1580,川崎フロンターレ,清水エスパルス,RandomForest,H,A,False,0.5235065957730101,0.17386944645807756,0.30262395776891227
3,1580,ファジアーノ岡山,セレッソ大阪,RandomForest,A,H,False,0.2975456138157674,0.18072869758363946,0.5217256886005931
3,1580,ガンバ大阪,柏レイソル,RandomForest,A,H,False,0.37783016742877995,0.14409466937886356,0.4780751631923565
3,1580,東京ヴェルディ,アルビレックス新潟,RandomForest,H,H,True,0.3416072015457139,0.2236929461045521,0.43469985234973413
3,1580,湘南ベルマーレ,京都サンガF.C.,RandomForest,D,A,False,0.6473211426584771,0.1445514128674638,0.20812744447405904
3,1570,横浜FC,アルビレックス新潟,LightGBM,A,H,False,0.24143467821235476,0.24980968782086657,0.5087556339667787
3,1570,ベガルタ仙台,モンテディオ山形,LightGBM,H,A,False,0.6967204690031767,0.13502330867569456,0.1682562223211287
3,1570,愛媛FC,ジェフユナイテッド千葉,LightGBM,A,A,True,0.8309352096321176,0.04127922629207749,0.12778556407580483
3,1570,セレッソ大阪,柏レイソル,LightGBM,D,A,False,0.40716609605347404,0.3395273466570754,0.25330655728945056
3,1570,いわきFC,水戸ホーリーホック,LightGBM,D,A,False,0.5032676016500063,0.1813644221373225,0.3153679762126712
3,1570,徳島ヴォルティス,北海道コンサドーレ札幌,LightGBM,A,A,True,0.5198424994231717,0.08575551243904843,0.39440198813777994
3,1570,京都サンガF.C.,清水エスパルス,LightGBM,A,H,False,0.2842483847317303,0.3399596917016223,0.37579192356664737
3,1570,名古屋グランパス,湘南ベルマーレ,LightGBM,H,H,True,0.2942788853706075,0.1644842299956924,0.5412368846337001
3,1570,ヴァンフォーレ甲府,ブラウブリッツ秋田,LightGBM,D,H,False,0.3871656605723473,0.10042408966311528,0.5124102497645374
3,1570,東京ヴェルディ,ファジアーノ岡山,LightGBM,H,H,True,0.1411459876869628,0.34942317949048096,0.5094308328225562
3,1570,浦和レッズ,鹿島アントラーズ,LightGBM,A,A,True,0.500657103501557,0.10954465743073248,0.3897982390677105
3,1570,横浜F・マリノス,アビスパ福岡,LightGBM,H,H,True,0.2677379018811633,0.05775757777611404,0.6745045203427227
3,1570,川崎フロンターレ,FC東京,LightGBM,A,D,False,0.3976977177527406,0.41348094941601377,0.18882133283124555
3,1571,ガンバ大阪,横浜F・マリノス,LightGBM,H,H,True,0.32393432369709263,0.12397983328618926,0.552085843016718
3,1571,FC東京,アビスパ福岡,LightGBM,A,A,True,0.5924369905304699,0.0739165157416039,0.3336464937279261
3,1571,京都サンガF.C.,町田,LightGBM,D,A,False,0.5706477479293135,0.11358073516032582,0.3157715169103607
3,1571,柏レイソル,サンフレッチェ広島,LightGBM,D,A,False,0.6245606034110581,0.08222100871466717,0.2932183878742747
3,1571,アルビレックス新潟,名古屋グランパス,LightGBM,H,H,True,0.1809246478700386,0.07864442448813717,0.7404309276418242
3,1572,ヴィッセル神戸,清水エスパルス,LightGBM,H,H,True,0.14329515851858604,0.2775269765799387,0.5791778649014754
3,1572,セレッソ大阪,京都サンガF.C.,LightGBM,A,H,False,0.32210008808351204,0.2869142254669519,0.3909856864495362
3,1572,FC今治,サガン鳥栖,LightGBM,D,A,False,0.6866870073905023,0.10080121245748645,0.2125117801520112
3,1572,富山,徳島ヴォルティス,LightGBM,A,A,True,0.8621747152460497,0.0409046776992108,0.09692060705473947
3,1572,ブラウブリッツ秋田,V・ファーレン長崎,LightGBM,D,A,False,0.6969474528956436,0.16936019999382115,0.13369234711053526
3,1572,FC東京,横浜F・マリノス,LightGBM,A,H,False,0.2326199204271556,0.2744539345087652,0.49292614506407917
3,1572,川崎フロンターレ,柏レイソル,LightGBM,D,H,False,0.3121428293197388,0.08167813483192364,0.6061790358483375
3,1572,横浜FC,湘南ベルマーレ,LightGBM,H,H,True,0.1331551289770428,0.24234871693892468,0.6244961540840326
3,1572,アビスパ福岡,サンフレッチェ広島,LightGBM,A,A,True,0.6001541945887876,0.14069426328924492,0.25915154212196756
3,1572,東京ヴェルディ,浦和レッズ,LightGBM,D,H,False,0.17162046171417816,0.20764886595615523,0.6207306723296666
3,1572,名古屋グランパス,鹿島アントラーズ,LightGBM,A,A,True,0.599364882714998,0.15411089305756692,0.2465242242274351
3,1572,町田,ファジアーノ岡山,LightGBM,H,H,True,0.19998950712759653,0.12006829805067597,0.6799421948217276
3,1572,ガンバ大阪,アルビレックス新潟,LightGBM,H,D,False,0.3135028778521161,0.46938200868254926,0.2171151134653347
3,1574,熊本,いわきFC,LightGBM,A,A,True,0.5125793529604414,0.09361602260321737,0.39380462443634123
3,1574,徳島ヴォルティス,FC今治,LightGBM,H,H,True,0.28688858605653356,0.1563820153837158,0.5567293985597507
3,1574,ブラウブリッツ秋田,大分,LightGBM,D,H,False,0.14269247079751088,0.16622090576561147,0.6910866234368777
3,1574,北海道コンサドーレ札幌,モンテディオ山形,LightGBM,A,H,False,0.33199665160498154,0.32012942558538127,0.3478739228096372
3,1574,浦和レッズ,ヴィッセル神戸,LightGBM,H,D,False,0.11875229098918633,0.7193070865552091,0.16194062245560464
3,1574,アビスパ福岡,横浜FC,LightGBM,H,H,True,0.3846462500860289,0.10689950226998846,0.5084542476439826
3,1574,名古屋グランパス,セレッソ大阪,LightGBM,H,H,True,0.27945251067470267,0.17750572894589564,0.5430417603794017
3,1574,京都サンガF.C.,川崎フロンターレ,LightGBM,D,A,False,0.5203776342716397,0.06745364277729607,0.41216872295106427
3,1574,柏レイソル,横浜F・マリノス,LightGBM,H,A,False,0.5722174635322798,0.2951800673867283,0.13260246908099182
3,1574,サンフレッチェ広島,町田,LightGBM,H,A,False,0.8119645425788385,0.025885761351195892,0.1621496960699656
3,1574,アルビレックス新潟,ファジアーノ岡山,LightGBM,A,H,False,0.16893517195258545,0.25950927455145484,0.5715555534959598
3,1574,清水エスパルス,FC東京,LightGBM,H,D,False,0.3525674615325352,0.35494159302539585,0.29249094544206905
3,1574,鹿島アントラーズ,ガンバ大阪,LightGBM,D,A,False,0.6255842863968629,0.30188341062980484,0.07253230297333224
3,1575,横浜FC,0,LightGBM,D,D,True,0.31561362795940656,0.388283663863341,0.2961027081772524
3,1575,川崎フロンターレ,3,LightGBM,H,H,True,0.12639094432469805,0.29512104998085226,0.5784880056944497
3,1576,ｺｿﾎﾞ,ｽﾛﾍﾞﾆｱ,LightGBM,D,A,False,0.3423329814096931,0.3420917794728221,0.3155752391174848
3,1576,ﾏﾙﾀ,ｵﾗﾝﾀﾞ,LightGBM,A,A,True,0.3423329814096931,0.3420917794728221,0.3155752391174848
3,1576,ﾌｪﾛｰ,ﾓﾝﾃﾈｸﾞ,LightGBM,H,A,False,0.3423329814096931,0.3420917794728221,0.3155752391174848
3,1576,ﾍﾞﾙｷﾞｰ,北マケ,LightGBM,D,A,False,0.3423329814096931,0.3420917794728221,0.3155752391174848
3,1576,ｵｰｽﾄﾘｱ,ｻﾝﾏﾘﾉ,LightGBM,H,A,False,0.3423329814096931,0.3420917794728221,0.3155752391174848
3,1576,ﾄﾞｲﾂ,ﾙｸｾﾝﾌﾞ,LightGBM,H,A,False,0.3423329814096931,0.3420917794728221,0.3155752391174848
3,1576,ﾌｨﾝﾗﾝ,ﾘﾄｱﾆｱ,LightGBM,H,A,False,0.3423329814096931,0.3420917794728221,0.3155752391174848
3,1576,ﾌﾗﾝｽ,ｱｾﾞﾙﾊﾞ,LightGBM,H,A,False,0.3423329814096931,0.3420917794728221,0.3155752391174848
3,1576,ｽｳｪﾃﾞﾝ,ｽｲｽ,LightGBM,A,A,True,0.3423329814096931,0.3420917794728221,0.3155752391174848
3,1576,ｷﾌﾟﾛｽ,ﾎﾞｽﾆｱ,LightGBM,D,A,False,0.3423329814096931,0.3420917794728221,0.3155752391174848
3,1576,ｽｺｯﾄﾗﾝ,ｷﾞﾘｼｬ,LightGBM,A,A,True,0.3423329814096931,0.3420917794728221,0.3155752391174848
3,1576,ﾁｪｺ,ｸﾛｱﾁｱ,LightGBM,H,A,False,0.3423329814096931,0.3420917794728221,0.3155752391174848
3,1576,北アイ,ｽﾛﾊﾞｷｱ,LightGBM,H,A,False,0.3423329814096931,0.3420917794728221,0.3155752391174848
3,1577,北九州,鹿児島,LightGBM,D,H,False,0.25865210080745005,0.28227578858947894,0.459072110603071
3,1577,柏レイソル,川崎フロンターレ,LightGBM,A,A,True,0.6927119011959351,0.084700626022397,0.222587472781668
3,1577,サンフレッチェ広島,横浜FC,LightGBM,H,D,False,0.15953462712604205,0.472147144085142,0.36831822878881587
3,1577,栃木SC,福島,LightGBM,H,H,True,0.12253098926218821,0.03636523704249545,0.8411037736953163
3,1578,北マケ,ｶｻﾞﾌ,LightGBM,D,A,False,0.3423329814096931,0.3420917794728221,0.3155752391174848
3,1578,ﾘﾄｱﾆｱ,ﾎﾟｰﾗﾝ,LightGBM,A,A,True,0.3423329814096931,0.3420917794728221,0.3155752391174848
3,1578,ﾌｪﾛｰ,ﾁｪｺ,LightGBM,H,A,False,0.3423329814096931,0.3420917794728221,0.3155752391174848
3,1578,ｸﾛｱﾁｱ,ｼﾞﾌﾞﾗﾙ,LightGBM,H,A,False,0.3423329814096931,0.3420917794728221,0.3155752391174848
3,1578,北アイ,ﾄﾞｲﾂ,LightGBM,A,A,True,0.3423329814096931,0.3420917794728221,0.3155752391174848
3,1578,ｽｳｪﾃﾞﾝ,ｺｿﾎﾞ,LightGBM,A,A,True,0.3423329814096931,0.3420917794728221,0.3155752391174848
3,1578,ｱｲｽﾗﾝ,ﾌﾗﾝｽ,LightGBM,D,A,False,0.3423329814096931,0.3420917794728221,0.3155752391174848
3,1578,ｽﾛﾍﾞﾆｱ,ｽｲｽ,LightGBM,D,A,False,0.3423329814096931,0.3420917794728221,0.3155752391174848
3,1578,ｳｪｰﾙｽﾞ,ﾍﾞﾙｷﾞｰ,LightGBM,A,A,True,0.3423329814096931,0.3420917794728221,0.3155752391174848
3,1578,ﾃﾞﾝﾏｰｸ,ｷﾞﾘｼｬ,LightGBM,H,A,False,0.3423329814096931,0.3420917794728221,0.3155752391174848
3,1578,ﾙｰﾏﾆｱ,ｵｰｽﾄﾘｱ,LightGBM,A,A,True,0.3423329814096931,0.3420917794728221,0.3155752391174848
3,1578,ｵﾗﾝﾀﾞ,ﾌｨﾝﾗﾝ,LightGBM,H,A,False,0.3423329814096931,0.3420917794728221,0.3155752391174848
3,1578,ｽﾛﾊﾞｷｱ,ﾙｸｾﾝﾌﾞ,LightGBM,H,A,False,0.3423329814096931,0.3420917794728221,0.3155752391174848
3,1579,サンフレッチェ広島,0,LightGBM,D,H,False,0.05749580372065123,0.429803734643507,0.5127004616358418
3,1579,ヴィッセル神戸,0,LightGBM,H,H,True,0.24308455547893346,0.22812134996674038,0.5287940945543262
3,1580,サガン鳥栖,ブラウブリッツ秋田,LightGBM,H,H,True,0.2224845331704151,0.3670129819449333,0.4105024848846515
3,1580,富山,北海道コンサドーレ札幌,LightGBM,A,A,True,0.6902983357254575,0.21394840123261732,0.09575326304192511
3,1580,モンテディオ山形,熊本,LightGBM,D,D,True,0.109865478280408,0.7340995384359305,0.15603498328366153
3,1580,大分,ベガルタ仙台,LightGBM,D,A,False,0.5105128421129325,0.25377675298665336,0.23571040490041426
3,1580,FC今治,山口,LightGBM,D,H,False,0.2556288702548655,0.05091566694513089,0.6934554628000037
3,1580,横浜F・マリノス,浦和レッズ,LightGBM,H,H,True,0.3914096867827601,0.03002425080671216,0.5785660624105278
3,1580,町田,アビスパ福岡,LightGBM,D,A,False,0.5480991792059821,0.032250881041016095,0.41964993975300174
3,1580,横浜FC,名古屋グランパス,LightGBM,D,H,False,0.3688662604786701,0.26158587900281116,0.3695478605185188
3,1580,川崎フロンターレ,清水エスパルス,LightGBM,H,A,False,0.5666071002302097,0.3175815746521832,0.11581132511760728
3,1580,ファジアーノ岡山,セレッソ大阪,LightGBM,A,A,True,0.4718133299472862,0.167342090576646,0.3608445794760678
3,1580,ガンバ大阪,柏レイソル,LightGBM,A,H,False,0.29828934173254984,0.2244068655735332,0.477303792693917
3,1580,東京ヴェルディ,アルビレックス新潟,LightGBM,H,D,False,0.33901943185909833,0.36286853384926,0.29811203429164174
3,1580,湘南ベルマーレ,京都サンガF.C.,LightGBM,D,A,False,0.8150519281433999,0.06577773736425054,0.11917033449234955
3,1570,横浜FC,アルビレックス新潟,Ensemble,A,H,False,0.2721387613846096,0.19250754186216668,0.5353536967532238
3,1570,ベガルタ仙台,モンテディオ山形,Ensemble,H,A,False,0.5723544373006583,0.15760884302602288,0.27003671967331866
3,1570,愛媛FC,ジェフユナイテッド千葉,Ensemble,A,A,True,0.7087727726408017,0.09833368648938576,0.19289354086981245
3,1570,セレッソ大阪,柏レイソル,Ensemble,D,A,False,0.4445991113815694,0.23643302584066325,0.31896786277776734
3,1570,いわきFC,水戸ホーリーホック,Ensemble,D,A,False,0.5187625902975443,0.17959914968833207,0.30163826001412347
3,1570,徳島ヴォルティス,北海道コンサドーレ札幌,Ensemble,A,H,False,0.40890533077428814,0.1182541004831372,0.4728405687425746
3,1570,京都サンガF.C.,清水エスパルス,Ensemble,A,H,False,0.3022945529788684,0.30605002595708797,0.39165542106404355
3,1570,名古屋グランパス,湘南ベルマーレ,Ensemble,H,H,True,0.3003265545932633,0.1718639886132537,0.5278094567934828
3,1570,ヴァンフォーレ甲府,ブラウブリッツ秋田,Ensemble,D,H,False,0.3542973703018593,0.1643264744312831,0.4813761552668575
3,1570,東京ヴェルディ,ファジアーノ岡山,Ensemble,H,H,True,0.2890606315233004,0.25258336662718517,0.4583560018495144
3,1570,浦和レッズ,鹿島アントラーズ,Ensemble,A,A,True,0.47908106763022784,0.1473375957724026,0.37358133659736953
3,1570,横浜F・マリノス,アビスパ福岡,Ensemble,H,H,True,0.3355388118769228,0.09394229857894297,0.5705188895441342
3,1570,川崎フロンターレ,FC東京,Ensemble,A,A,True,0.45706071083225863,0.276363858871319,0.2665754302964223
3,1571,ガンバ大阪,横浜F・マリノス,Ensemble,H,H,True,0.31261772471899124,0.16558352991763864,0.5217987453633701
3,1571,FC東京,アビスパ福岡,Ensemble,A,H,False,0.42023990944175055,0.10734932438518248,0.4724107661730669
3,1571,京都サンガF.C.,町田,Ensemble,D,A,False,0.4690035915409514,0.13164944020203095,0.3993469682570177
3,1571,柏レイソル,サンフレッチェ広島,Ensemble,D,A,False,0.48296880770900036,0.11499624956009374,0.40203494273090584
3,1571,アルビレックス新潟,名古屋グランパス,Ensemble,H,H,True,0.2568866052447262,0.13274182171529575,0.6103715730399781
3,1572,ヴィッセル神戸,清水エスパルス,Ensemble,H,H,True,0.2530131097944756,0.17409811248588652,0.572888777719638
3,1572,セレッソ大阪,京都サンガF.C.,Ensemble,A,H,False,0.33549158977438986,0.24500228487378595,0.4195061253518242
3,1572,FC今治,サガン鳥栖,Ensemble,D,A,False,0.5119447573579745,0.14793738435137882,0.34011785829064667
3,1572,富山,徳島ヴォルティス,Ensemble,A,A,True,0.6839524401244608,0.1155407022166734,0.20050685765886567
3,1572,ブラウブリッツ秋田,V・ファーレン長崎,Ensemble,D,A,False,0.5397215500229632,0.1977947881039004,0.2624836618731365
3,1572,FC東京,横浜F・マリノス,Ensemble,A,H,False,0.29282546876507026,0.18502615462758545,0.5221483766073443
3,1572,川崎フロンターレ,柏レイソル,Ensemble,D,H,False,0.3326371371037662,0.1389848527298422,0.5283780101663915
3,1572,横浜FC,湘南ベルマーレ,Ensemble,H,H,True,0.24728147788061805,0.1982499397166433,0.5544685824027387
3,1572,アビスパ福岡,サンフレッチェ広島,Ensemble,A,A,True,0.5106688782690441,0.2268964045796882,0.26243471715126776
3,1572,東京ヴェルディ,浦和レッズ,Ensemble,D,H,False,0.2690458233735224,0.17648022241454836,0.5544739542119292
3,1572,名古屋グランパス,鹿島アントラーズ,Ensemble,A,A,True,0.5107391093474307,0.21767002059943164,0.2715908700531376
3,1572,町田,ファジアーノ岡山,Ensemble,H,H,True,0.26606197238114426,0.1814922502745691,0.5524457773442867
3,1572,ガンバ大阪,アルビレックス新潟,Ensemble,H,A,False,0.34973744443474003,0.328602700785125,0.3216598547801351
3,1574,熊本,いわきFC,Ensemble,A,H,False,0.37152263969117016,0.11883516210187245,0.5096421982069574
3,1574,徳島ヴォルティス,FC今治,Ensemble,H,H,True,0.35751057567003575,0.15070455825247348,0.4917848660774908
3,1574,ブラウブリッツ秋田,大分,Ensemble,D,H,False,0.2622886326689594,0.19849143060623484,0.5392199367248056
3,1574,北海道コンサドーレ札幌,モンテディオ山形,Ensemble,A,H,False,0.33424518148966903,0.2698904602176072,0.3958643582927237
3,1574,浦和レッズ,ヴィッセル神戸,Ensemble,H,H,True,0.3021703358556402,0.33672148035151384,0.361108183792846
3,1574,アビスパ福岡,横浜FC,Ensemble,H,H,True,0.3478185250007434,0.12940724663776731,0.5227742283614892
3,1574,名古屋グランパス,セレッソ大阪,Ensemble,H,H,True,0.32498984803329206,0.15137869901861387,0.523631452948094
3,1574,京都サンガF.C.,川崎フロンターレ,Ensemble,D,H,False,0.40905043158449805,0.10374863258419965,0.4872009358313023
3,1574,柏レイソル,横浜F・マリノス,Ensemble,H,A,False,0.5112654274813876,0.23570259433031332,0.253031978188299
3,1574,サンフレッチェ広島,町田,Ensemble,H,A,False,0.5400622507353585,0.09252916221388591,0.3674085870507554
3,1574,アルビレックス新潟,ファジアーノ岡山,Ensemble,A,H,False,0.26295986357342965,0.18581994222086146,0.5512201942057089
3,1574,清水エスパルス,FC東京,Ensemble,H,H,True,0.3782196737849071,0.22465111762677642,0.39712920858831646
3,1574,鹿島アントラーズ,ガンバ大阪,Ensemble,D,A,False,0.5409250222502626,0.24491198665577008,0.21416299109396728
3,1575,横浜FC,0,Ensemble,D,H,False,0.32131631858546794,0.24277506291982684,0.4359086184947052
3,1575,川崎フロンターレ,3,Ensemble,H,H,True,0.24212304277658725,0.22064575969144512,0.5372311975319677
3,1576,ｺｿﾎﾞ,ｽﾛﾍﾞﾆｱ,Ensemble,D,A,False,0.3826054735380386,0.24082977563564745,0.37656475082631385
3,1576,ﾏﾙﾀ,ｵﾗﾝﾀﾞ,Ensemble,A,A,True,0.3826054735380386,0.24082977563564745,0.37656475082631385
3,1576,ﾌｪﾛｰ,ﾓﾝﾃﾈｸﾞ,Ensemble,H,A,False,0.3826054735380386,0.24082977563564745,0.37656475082631385
3,1576,ﾍﾞﾙｷﾞｰ,北マケ,Ensemble,D,A,False,0.3826054735380386,0.24082977563564745,0.37656475082631385
3,1576,ｵｰｽﾄﾘｱ,ｻﾝﾏﾘﾉ,Ensemble,H,A,False,0.3826054735380386,0.24082977563564745,0.37656475082631385
3,1576,ﾄﾞｲﾂ,ﾙｸｾﾝﾌﾞ,Ensemble,H,A,False,0.3826054735380386,0.24082977563564745,0.37656475082631385
3,1576,ﾌｨﾝﾗﾝ,ﾘﾄｱﾆｱ,Ensemble,H,A,False,0.3826054735380386,0.24082977563564745,0.37656475082631385
3,1576,ﾌﾗﾝｽ,ｱｾﾞﾙﾊﾞ,Ensemble,H,A,False,0.3826054735380386,0.24082977563564745,0.37656475082631385
3,1576,ｽｳｪﾃﾞﾝ,ｽｲｽ,Ensemble,A,A,True,0.3826054735380386,0.24082977563564745,0.37656475082631385
3,1576,ｷﾌﾟﾛｽ,ﾎﾞｽﾆｱ,Ensemble,D,A,False,0.3826054735380386,0.24082977563564745,0.37656475082631385
3,1576,ｽｺｯﾄﾗﾝ,ｷﾞﾘｼｬ,Ensemble,A,A,True,0.3826054735380386,0.24082977563564745,0.37656475082631385
3,1576,ﾁｪｺ,ｸﾛｱﾁｱ,Ensemble,H,A,False,0.3826054735380386,0.24082977563564745,0.37656475082631385
3,1576,北アイ,ｽﾛﾊﾞｷｱ,Ensemble,H,A,False,0.3826054735380386,0.24082977563564745,0.37656475082631385
3,1577,北九州,鹿児島,Ensemble,D,H,False,0.297190046881046,0.20519852196767613,0.49761143115127787
3,1577,柏レイソル,川崎フロンターレ,Ensemble,A,A,True,0.5412628381538347,0.12335344798055195,0.3353837138656134
3,1577,サンフレッチェ広島,横浜FC,Ensemble,H,H,True,0.2487996252341444,0.3538412520588447,0.39735912270701074
3,1577,栃木SC,福島,Ensemble,H,H,True,0.257597543449718,0.10094726827160726,0.6414551882786748
3,1578,北マケ,ｶｻﾞﾌ,Ensemble,D,A,False,0.3826054735380386,0.24082977563564745,0.37656475082631385
3,1578,ﾘﾄｱﾆｱ,ﾎﾟｰﾗﾝ,Ensemble,A,A,True,0.3826054735380386,0.24082977563564745,0.37656475082631385
3,1578,ﾌｪﾛｰ,ﾁｪｺ,Ensemble,H,A,False,0.3826054735380386,0.24082977563564745,0.37656475082631385
3,1578,ｸﾛｱﾁｱ,ｼﾞﾌﾞﾗﾙ,Ensemble,H,A,False,0.3826054735380386,0.24082977563564745,0.37656475082631385
3,1578,北アイ,ﾄﾞｲﾂ,Ensemble,A,A,True,0.3826054735380386,0.24082977563564745,0.37656475082631385
3,1578,ｽｳｪﾃﾞﾝ,ｺｿﾎﾞ,Ensemble,A,A,True,0.3826054735380386,0.24082977563564745,0.37656475082631385
3,1578,ｱｲｽﾗﾝ,ﾌﾗﾝｽ,Ensemble,D,A,False,0.3826054735380386,0.24082977563564745,0.37656475082631385
3,1578,ｽﾛﾍﾞﾆｱ,ｽｲｽ,Ensemble,D,A,False,0.3826054735380386,0.24082977563564745,0.37656475082631385
3,1578,ｳｪｰﾙｽﾞ,ﾍﾞﾙｷﾞｰ,Ensemble,A,A,True,0.3826054735380386,0.24082977563564745,0.37656475082631385
3,1578,ﾃﾞﾝﾏｰｸ,ｷﾞﾘｼｬ,Ensemble,H,A,False,0.3826054735380386,0.24082977563564745,0.37656475082631385
3,1578,ﾙｰﾏﾆｱ,ｵｰｽﾄﾘｱ,Ensemble,A,A,True,0.3826054735380386,0.24082977563564745,0.37656475082631385
3,1578,ｵﾗﾝﾀﾞ,ﾌｨﾝﾗﾝ,Ensemble,H,A,False,0.3826054735380386,0.24082977563564745,0.37656475082631385
3,1578,ｽﾛﾊﾞｷｱ,ﾙｸｾﾝﾌﾞ,Ensemble,H,A,False,0.3826054735380386,0.24082977563564745,0.37656475082631385
3,1579,サンフレッチェ広島,0,Ensemble,D,H,False,0.11160248857058257,0.3080804173536632,0.5803170940757543
3,1579,ヴィッセル神戸,0,Ensemble,H,H,True,0.2099918534285819,0.17103067053014326,0.6189774760412747
3,1580,サガン鳥栖,ブラウブリッツ秋田,Ensemble,H,H,True,0.3323601344696563,0.2133148882730474,0.4543249772572963
3,1580,富山,北海道コンサドーレ札幌,Ensemble,A,A,True,0.6472085199427461,0.19096590116881634,0.1618255788884374
3,1580,モンテディオ山形,熊本,Ensemble,D,D,True,0.23795599666380313,0.4219038799985432,0.34014012333765364
3,1580,大分,ベガルタ仙台,Ensemble,D,A,False,0.5200945652052822,0.23112248913241018,0.24878294566230763
3,1580,FC今治,山口,Ensemble,D,H,False,0.36175777293089645,0.10867083874079225,0.5295713883283113
3,1580,横浜F・マリノス,浦和レッズ,Ensemble,H,H,True,0.3526258663559381,0.09595738998960143,0.5514167436544604
3,1580,町田,アビスパ福岡,Ensemble,D,A,False,0.4884472071205307,0.1102381878345837,0.4013146050448856
3,1580,横浜FC,名古屋グランパス,Ensemble,D,H,False,0.34774108349338373,0.19806131297794516,0.45419760352867106
3,1580,川崎フロンターレ,清水エスパルス,Ensemble,H,A,False,0.53643674711017,0.21698308491630924,0.24658016797352075
3,1580,ファジアーノ岡山,セレッソ大阪,Ensemble,A,H,False,0.349825928655223,0.17671271548154144,0.4734613558632355
3,1580,ガンバ大阪,柏レイソル,Ensemble,A,H,False,0.3539679197199109,0.16818832823726443,0.4778437520428246
3,1580,東京ヴェルディ,アルビレックス新潟,Ensemble,H,H,True,0.34083087063972917,0.26544562242796443,0.3937235069323064
3,1580,湘南ベルマーレ,京都サンガF.C.,Ensemble,D,A,False,0.6976403783039539,0.12091931021649983,0.1814403114795462
4,1582,山口,富山,RandomForest,H,H,True,0.3350927814294445,0.2083988111503753,0.4565084074201802
4,1582,北海道コンサドーレ札幌,水戸ホーリーホック,RandomForest,A,H,False,0.3209597077183797,0.24916671403981894,0.4298735782418014
4,1582,アビスパ福岡,湘南ベルマーレ,RandomForest,H,H,True,0.2707304098038446,0.24376298179275038,0.4855066084034049
4,1582,アルビレックス新潟,ヴィッセル神戸,RandomForest,D,A,False,0.5164366435466188,0.21449667209259748,0.2690666843607838
4,1582,京都サンガF.C.,鹿島アントラーズ,RandomForest,D,H,False,0.3356229774439275,0.20249092132951865,0.46188610122655377
4,1582,横浜F・マリノス,サンフレッチェ広島,RandomForest,H,A,False,0.6125386588732582,0.21217500184437807,0.17528633928236367
4,1582,FC東京,ファジアーノ岡山,RandomForest,H,H,True,0.3516910805864167,0.18492724009651063,0.46338167931707264
4,1582,ブラウブリッツ秋田,ジェフユナイテッド千葉,RandomForest,D,H,False,0.36471436901225485,0.19770399503899688,0.4375816359487482
4,1582,名古屋グランパス,ガンバ大阪,RandomForest,A,H,False,0.2808551836737363,0.1769759656832656,0.5421688506429981
4,1582,柏レイソル,横浜FC,RandomForest,H,H,True,0.29936970488604153,0.1818647395664219,0.5187655555475367
4,1582,清水エスパルス,東京ヴェルディ,RandomForest,A,H,False,0.26821628184418767,0.14533182042911413,0.5864518977266981
4,1582,浦和レッズ,町田,RandomForest,H,H,True,0.42191669454939834,0.1529285467274392,0.4251547587231625
4,1582,セレッソ大阪,川崎フロンターレ,RandomForest,H,A,False,0.5101589851965184,0.2523995723498622,0.2374414424536194
4,1583,八戸,北九州,RandomForest,A,A,True,0.4937010385266008,0.16865242307151662,0.3376465384018826
4,1583,ジェフユナイテッド千葉,北海道コンサドーレ札幌,RandomForest,H,A,False,0.3964897702124668,0.22529135102292158,0.3782188787646115
4,1583,栃木SC,岐阜,RandomForest,A,H,False,0.38035574769683295,0.1740598160578228,0.44558443624534433
4,1583,サガン鳥栖,徳島ヴォルティス,RandomForest,D,H,False,0.4024260059896661,0.14724016066574003,0.45033383334459387
4,1583,FC今治,ベガルタ仙台,RandomForest,H,H,True,0.3640661635745441,0.1876871000940096,0.4482467363314464
4,1583,富山,愛媛FC,RandomForest,D,H,False,0.3502938235422513,0.1740591847731547,0.4756469916845939
4,1583,大宮,ブラウブリッツ秋田,RandomForest,H,H,True,0.33047717249981423,0.23588344457312294,0.4336393829270628
4,1583,大分,モンテディオ山形,RandomForest,A,A,True,0.491438393850094,0.18643337721688177,0.3221282289330242
4,1583,ジュビロ磐田,V・ファーレン長崎,RandomForest,H,A,False,0.4534894059967432,0.1606697162643687,0.385840877738888
4,1583,ヴァンフォーレ甲府,水戸ホーリーホック,RandomForest,A,A,True,0.5085858254671264,0.27952653134733235,0.21188764318554132
4,1583,熊本,山口,RandomForest,A,H,False,0.36807925377721246,0.16389904855472862,0.468021697668059
4,1583,いわきFC,藤枝MYFC,RandomForest,A,H,False,0.33983158302886873,0.1998610638458316,0.4603073531252997
4,1583,柏レイソル,サンフレッチェ広島,RandomForest,H,A,False,0.42549529216774595,0.17798679137490697,0.3965179164573472
4,1585,鹿島アントラーズ,横浜FC,RandomForest,H,H,True,0.3302174567104977,0.21152693262922898,0.45825561066027337
4,1585,京都サンガF.C.,横浜F・マリノス,RandomForest,A,H,False,0.35871641970022217,0.17284438207746497,0.46843919822231295
4,1585,サンフレッチェ広島,浦和レッズ,RandomForest,H,H,True,0.2862357984024068,0.151570883593079,0.5621933180045142
4,1585,町田,FC東京,RandomForest,A,H,False,0.3343729152822615,0.1879361987133123,0.4776908860044261
4,1585,ガンバ大阪,ヴィッセル神戸,RandomForest,D,H,False,0.35030899538910754,0.17400120553281148,0.47568979907808095
4,1585,湘南ベルマーレ,アルビレックス新潟,RandomForest,A,A,True,0.394827219701595,0.24001727888538826,0.3651555014130169
4,1585,川崎フロンターレ,ファジアーノ岡山,RandomForest,D,H,False,0.40139523694248275,0.14580259433391868,0.4528021687235987
4,1585,ベガルタ仙台,熊本,RandomForest,H,A,False,0.4048017395388683,0.216605990778785,0.3785922696823467
4,1585,清水エスパルス,セレッソ大阪,RandomForest,A,H,False,0.4118444546028978,0.16200183817549657,0.42615370722160567
4,1585,柏レイソル,名古屋グランパス,RandomForest,H,A,False,0.4082058488550566,0.24243968202173302,0.34935446912321033
4,1585,北海道コンサドーレ札幌,大分,RandomForest,H,H,True,0.16229541990690882,0.17891495422393447,0.6587896258691567
4,1585,東京ヴェルディ,アビスパ福岡,RandomForest,D,H,False,0.29088175297532426,0.10847378239020337,0.6006444646344724
4,1585,徳島ヴォルティス,ヴァンフォーレ甲府,RandomForest,H,H,True,0.32992566364440806,0.27008848083854864,0.39998585551704324
4,1586,ﾓﾙﾄﾞﾊﾞ,ｲﾀﾘｱ,RandomForest,A,H,False,0.3810591994152319,0.20545611873658814,0.4134846818481799
4,1586,ｼﾞﾌﾞﾗﾙ,ﾓﾝﾃﾈｸﾞ,RandomForest,A,H,False,0.3810591994152319,0.20545611873658814,0.4134846818481799
4,1586,ｸﾛｱﾁｱ,ﾌｪﾛｰ,RandomForest,H,H,True,0.3810591994152319,0.20545611873658814,0.4134846818481799
4,1586,ｱｾﾞﾙﾊﾞ,ｱｲｽﾗﾝ,RandomForest,A,H,False,0.3810591994152319,0.20545611873658814,0.4134846818481799
4,1586,ﾉﾙｳｪｰ,ｴｽﾄﾆｱ,RandomForest,H,H,True,0.3810591994152319,0.20545611873658814,0.4134846818481799
4,1586,ｱﾙﾒﾆｱ,ﾊﾝｶﾞﾘｰ,RandomForest,A,H,False,0.3810591994152319,0.20545611873658814,0.4134846818481799
4,1586,ｲﾝｸﾞﾗﾝ,ｾﾙﾋﾞｱ,RandomForest,H,H,True,0.3810591994152319,0.20545611873658814,0.4134846818481799
4,1586,ｱｲﾙﾗﾝ,ﾎﾟﾙﾄｶﾞ,RandomForest,A,H,False,0.3810591994152319,0.20545611873658814,0.4134846818481799
4,1586,ﾎﾟｰﾗﾝ,ｵﾗﾝﾀﾞ,RandomForest,D,H,False,0.3810591994152319,0.20545611873658814,0.4134846818481799
4,1586,ﾙｸｾﾝﾌﾞ,ﾄﾞｲﾂ,RandomForest,A,H,False,0.3810591994152319,0.20545611873658814,0.4134846818481799
4,1586,ｽﾛﾊﾞｷｱ,北アイ,RandomForest,H,H,True,0.3810591994152319,0.20545611873658814,0.4134846818481799
4,1586,ﾌｨﾝﾗﾝ,ﾏﾙﾀ,RandomForest,A,H,False,0.3810591994152319,0.20545611873658814,0.4134846818481799
4,1586,ｱﾝﾄﾞﾗ,ｱﾙﾊﾞﾆｱ,RandomForest,A,H,False,0.3810591994152319,0.20545611873658814,0.4134846818481799
4,1587,沼津,群馬,RandomForest,A,H,False,0.31044681477815206,0.1636297328943831,0.5259234523274648
4,1587,ヴィッセル神戸,サンフレッチェ広島,RandomForest,A,H,False,0.3616836133362068,0.19863361741318705,0.43968276925060623
4,1587,高知,八戸,RandomForest,D,H,False,0.37663096813213565,0.17569609325585822,0.447672938612006
4,1587,長野,宮崎,RandomForest,A,H,False,0.416185149081185,0.16395312371660664,0.4198617272022084
4,1587,町田,FC東京,RandomForest,H,H,True,0.29250330789062434,0.17474817967326242,0.5327485124361133
4,1588,ｳｪｰﾙｽﾞ,北マケ,RandomForest,H,H,True,0.3810591994152319,0.20545611873658814,0.4134846818481799
4,1588,ﾓﾝﾃﾈｸﾞ,ｸﾛｱﾁｱ,RandomForest,A,H,False,0.3810591994152319,0.20545611873658814,0.4134846818481799
4,1588,ｺｿﾎﾞ,ｽｲｽ,RandomForest,D,H,False,0.3810591994152319,0.20545611873658814,0.4134846818481799
4,1588,ｵﾗﾝﾀﾞ,ﾘﾄｱﾆｱ,RandomForest,H,H,True,0.3810591994152319,0.20545611873658814,0.4134846818481799
4,1588,ｽﾍﾟｲﾝ,ﾄﾙｺ,RandomForest,A,H,False,0.3810591994152319,0.20545611873658814,0.4134846818481799
4,1588,ｽｺｯﾄﾗﾝ,ﾃﾞﾝﾏｰｸ,RandomForest,H,H,True,0.3810591994152319,0.20545611873658814,0.4134846818481799
4,1588,ﾄﾞｲﾂ,ｽﾛﾊﾞｷｱ,RandomForest,H,H,True,0.3810591994152319,0.20545611873658814,0.4134846818481799
4,1588,ｵｰｽﾄﾘｱ,ﾎﾞｽﾆｱ,RandomForest,D,H,False,0.3810591994152319,0.20545611873658814,0.4134846818481799
4,1588,ﾙｰﾏﾆｱ,ｻﾝﾏﾘﾉ,RandomForest,H,H,True,0.3810591994152319,0.20545611873658814,0.4134846818481799
4,1588,ﾌﾞﾙｶﾞﾘ,ｼﾞｮｼﾞｱ,RandomForest,H,H,True,0.3810591994152319,0.20545611873658814,0.4134846818481799
4,1588,ｽｳｪﾃﾞﾝ,ｽﾛﾍﾞﾆｱ,RandomForest,D,H,False,0.3810591994152319,0.20545611873658814,0.4134846818481799
4,1588,ﾏﾙﾀ,ﾎﾟｰﾗﾝ,RandomForest,A,H,False,0.3810591994152319,0.20545611873658814,0.4134846818481799
4,1588,北アイ,ﾙｸｾﾝﾌﾞ,RandomForest,H,H,True,0.3810591994152319,0.20545611873658814,0.4134846818481799
4,1589,群馬,松本,RandomForest,H,H,True,0.317353040583068,0.16053919930214833,0.5221077601147837
4,1589,鹿児島,FC琉球,RandomForest,D,H,False,0.3428643717985517,0.18121038021603625,0.47592524798541214
4,1589,愛媛FC,熊本,RandomForest,D,H,False,0.3210363726327611,0.16777271069359315,0.5111909166736457
4,1589,大分,ジェフユナイテッド千葉,RandomForest,H,H,True,0.3327589011419969,0.26206096154661246,0.40518013731139074
4,1589,いわきFC,山口,RandomForest,A,H,False,0.31048090525487476,0.1337991208987516,0.5557199738463736
4,1589,藤枝MYFC,サガン鳥栖,RandomForest,D,A,False,0.460061099818257,0.2035889707379312,0.33634992944381187
4,1589,大宮,徳島ヴォルティス,RandomForest,A,A,True,0.4080120057679584,0.19168135882343446,0.40030663540860717
4,1589,ヴァンフォーレ甲府,富山,RandomForest,A,H,False,0.36051762187401376,0.23033515384163555,0.4091472242843508
4,1589,ブラウブリッツ秋田,ベガルタ仙台,RandomForest,D,A,False,0.518603990543886,0.22063170883474761,0.2607643006213666
4,1589,V・ファーレン長崎,水戸ホーリーホック,RandomForest,H,A,False,0.4524145955454978,0.21936457142540522,0.3282208330290969
4,1589,八戸,讃岐,RandomForest,A,H,False,0.3553728554228411,0.1779160148812323,0.4667111296959266
4,1589,ジュビロ磐田,モンテディオ山形,RandomForest,D,H,False,0.3885222975131971,0.1696260126747372,0.4418516898120657
4,1589,FC今治,北海道コンサドーレ札幌,RandomForest,D,H,False,0.3615533853137697,0.23579978027115228,0.402646834415078
4,1591,川崎フロンターレ,サンフレッチェ広島,RandomForest,A,H,False,0.3944813180653509,0.18547415949214907,0.42004452244250007
4,1591,町田,名古屋グランパス,RandomForest,H,H,True,0.2951630469962259,0.19347190498871453,0.5113650480150594
4,1591,アルビレックス新潟,柏レイソル,RandomForest,A,A,True,0.5154443743169115,0.2578741696342954,0.22668145604879325
4,1591,ファジアーノ岡山,浦和レッズ,RandomForest,A,H,False,0.36639993671332044,0.24096852046375025,0.39263154282292934
4,1591,東京ヴェルディ,鹿島アントラーズ,RandomForest,A,A,True,0.5015278649219864,0.25886526031016455,0.2396068747678491
4,1591,湘南ベルマーレ,清水エスパルス,RandomForest,H,H,True,0.3555538339102838,0.24638285015798708,0.3980633159317292
4,1591,北海道コンサドーレ札幌,愛媛FC,RandomForest,H,H,True,0.35408231117563604,0.22393564866251925,0.42198204016184476
4,1591,ベガルタ仙台,いわきFC,RandomForest,A,A,True,0.45375731232181704,0.17654240063264792,0.3697002870455351
4,1591,横浜FC,京都サンガF.C.,RandomForest,A,A,True,0.4797112258875068,0.21599669413813807,0.30429207997435515
4,1591,横浜F・マリノス,セレッソ大阪,RandomForest,H,H,True,0.3822983309390573,0.1555310790274746,0.46217059003346794
4,1591,徳島ヴォルティス,V・ファーレン長崎,RandomForest,D,H,False,0.4063467002610988,0.1416162926915359,0.4520370070473654
4,1591,ヴィッセル神戸,FC東京,RandomForest,D,H,False,0.2716516382344389,0.15243996367567786,0.5759083980898833
4,1591,アビスパ福岡,ガンバ大阪,RandomForest,H,H,True,0.3224651661251644,0.1433953034647391,0.5341395304100964
4,1592,FC東京,アルビレックス新潟,RandomForest,H,H,True,0.32554072305335263,0.1702866359123888,0.5041726410342586
4,1592,名古屋グランパス,アビスパ福岡,RandomForest,A,H,False,0.37533039920578615,0.24337683978124178,0.3812927610129721
4,1592,鹿島アントラーズ,横浜F・マリノス,RandomForest,H,A,False,0.4777520307229136,0.2702879761962774,0.2519599930808089
4,1592,サンフレッチェ広島,湘南ベルマーレ,RandomForest,H,H,True,0.2566159611973673,0.2885309455742837,0.45485309322834894
4,1592,ガンバ大阪,東京ヴェルディ,RandomForest,H,H,True,0.33663444740472664,0.16866415968175358,0.4947013929135197
4,1593,ﾏﾝC,ｻﾝﾀﾞｰ,RandomForest,H,H,True,0.3810591994152319,0.20545611873658814,0.4134846818481799
4,1593,ﾎﾞﾝﾏｳｽ,ﾁｪﾙｼｰ,RandomForest,D,H,False,0.3810591994152319,0.20545611873658814,0.4134846818481799
4,1593,ｹﾙﾝ,ﾊﾟｳﾘ,RandomForest,D,H,False,0.3810591994152319,0.20545611873658814,0.4134846818481799
4,1593,ﾗｲﾌﾟﾂｨ,ﾌﾗﾝｸﾌﾙ,RandomForest,H,H,True,0.3810591994152319,0.20545611873658814,0.4134846818481799
4,1593,ｱｳｸﾞｽ,ﾚｳﾞｧｰ,RandomForest,H,H,True,0.3810591994152319,0.20545611873658814,0.4134846818481799
4,1593,ｼｭﾂｯﾄ,ﾊﾞｲｴﾙﾝ,RandomForest,H,H,True,0.3810591994152319,0.20545611873658814,0.4134846818481799
4,1593,ﾊｲﾃﾞﾝﾊ,ﾌﾗｲﾌﾞﾙ,RandomForest,A,H,False,0.3810591994152319,0.20545611873658814,0.4134846818481799
4,1593,ﾄﾃﾅﾑ,ﾌﾞﾚﾝﾄ,RandomForest,H,H,True,0.3810591994152319,0.20545611873658814,0.4134846818481799
4,1593,ｱｽﾄﾝ,ｱｰｾﾅﾙ,RandomForest,H,H,True,0.3810591994152319,0.20545611873658814,0.4134846818481799
4,1593,ｳﾞｫﾙﾌｽ,ｳﾆｵﾝ,RandomForest,H,H,True,0.3810591994152319,0.20545611873658814,0.4134846818481799
4,1593,ﾆｭｶｯｽﾙ,ﾊﾞｰﾝﾘｰ,RandomForest,H,H,True,0.3810591994152319,0.20545611873658814,0.4134846818481799
4,1593,ｴｳﾞｧﾄﾝ,ﾉｯﾃｨﾝ,RandomForest,H,H,True,0.3810591994152319,0.20545611873658814,0.4134846818481799
4,1593,ﾘｰｽﾞ,ﾘｳﾞｧﾌﾟ,RandomForest,D,H,False,0.3810591994152319,0.20545611873658814,0.4134846818481799
4,1582,山口,富山,LightGBM,H,D,False,0.26066481279115994,0.5099358696505052,0.2293993175583349
4,1582,北海道コンサドーレ札幌,水戸ホーリーホック,LightGBM,A,D,False,0.10876754079676995,0.5065786113855606,0.3846538478176694
4,1582,アビスパ福岡,湘南ベルマーレ,LightGBM,H,H,True,0.18196062656024448,0.35390932953759413,0.4641300439021614
4,1582,アルビレックス新潟,ヴィッセル神戸,LightGBM,D,A,False,0.5031452878748921,0.2656961195689151,0.23115859255619284
4,1582,京都サンガF.C.,鹿島アントラーズ,LightGBM,D,H,False,0.12150514594773612,0.26990839756370844,0.6085864564885556
4,1582,横浜F・マリノス,サンフレッチェ広島,LightGBM,H,A,False,0.8333505330149951,0.15025370761389073,0.016395759371114205
4,1582,FC東京,ファジアーノ岡山,LightGBM,H,D,False,0.17385994361595022,0.4263657389517503,0.3997743174322995
4,1582,ブラウブリッツ秋田,ジェフユナイテッド千葉,LightGBM,D,A,False,0.47305498783812816,0.18515262118642858,0.34179239097544334
4,1582,名古屋グランパス,ガンバ大阪,LightGBM,A,H,False,0.2919128159845744,0.21687499511881947,0.49121218889660617
4,1582,柏レイソル,横浜FC,LightGBM,H,H,True,0.21032465789691068,0.16466815619124825,0.625007185911841
4,1582,清水エスパルス,東京ヴェルディ,LightGBM,A,H,False,0.06923046211346853,0.28208055698875173,0.6486889808977797
4,1582,浦和レッズ,町田,LightGBM,H,H,True,0.3837850850729393,0.1300521126634996,0.48616280226356107
4,1582,セレッソ大阪,川崎フロンターレ,LightGBM,H,A,False,0.6878724575026867,0.222138013826774,0.08998952867053932
4,1583,八戸,北九州,LightGBM,A,A,True,0.7485023012854884,0.08966067462070924,0.16183702409380227
4,1583,ジェフユナイテッド千葉,北海道コンサドーレ札幌,LightGBM,H,H,True,0.30199440330788285,0.2623236102504374,0.4356819864416797
4,1583,栃木SC,岐阜,LightGBM,A,A,True,0.6405882158821905,0.09352827597310158,0.265883508144708
4,1583,サガン鳥栖,徳島ヴォルティス,LightGBM,D,A,False,0.4870472712748381,0.039051480705707686,0.47390124801945416
4,1583,FC今治,ベガルタ仙台,LightGBM,H,H,True,0.20973907368019418,0.05769175846726392,0.7325691678525419
4,1583,富山,愛媛FC,LightGBM,D,A,False,0.7116671342981178,0.11640639316309244,0.17192647253878982
4,1583,大宮,ブラウブリッツ秋田,LightGBM,H,D,False,0.2922946272841691,0.4649268183360027,0.2427785543798282
4,1583,大分,モンテディオ山形,LightGBM,A,A,True,0.6389424602731982,0.1556791688132767,0.20537837091352518
4,1583,ジュビロ磐田,V・ファーレン長崎,LightGBM,H,A,False,0.5098127226957582,0.21266562170631595,0.2775216555979259
4,1583,ヴァンフォーレ甲府,水戸ホーリーホック,LightGBM,A,D,False,0.36520322783720655,0.4198789470279301,0.21491782513486332
4,1583,熊本,山口,LightGBM,A,A,True,0.38487251913798565,0.29638991517862123,0.3187375656833932
4,1583,いわきFC,藤枝MYFC,LightGBM,A,D,False,0.14338962502255043,0.5215229750952168,0.33508739988223274
4,1583,柏レイソル,サンフレッチェ広島,LightGBM,H,A,False,0.3542805337510344,0.3076273901679789,0.33809207608098674
4,1585,鹿島アントラーズ,横浜FC,LightGBM,H,D,False,0.3260563516243052,0.34247856288279765,0.3314650854928972
4,1585,京都サンガF.C.,横浜F・マリノス,LightGBM,A,H,False,0.394943091648631,0.126052850972239,0.47900405737912993
4,1585,サンフレッチェ広島,浦和レッズ,LightGBM,H,H,True,0.20469818561853428,0.05500869284273738,0.7402931215387284
4,1585,町田,FC東京,LightGBM,A,H,False,0.09988316801514986,0.10399641650829287,0.7961204154765573
4,1585,ガンバ大阪,ヴィッセル神戸,LightGBM,D,H,False,0.38522999980547784,0.07902925011458795,0.5357407500799343
4,1585,湘南ベルマーレ,アルビレックス新潟,LightGBM,A,A,True,0.4114080810917167,0.2662736282536606,0.32231829065462275
4,1585,川崎フロンターレ,ファジアーノ岡山,LightGBM,D,H,False,0.332259993911552,0.0814757818451833,0.5862642242432647
4,1585,ベガルタ仙台,熊本,LightGBM,H,A,False,0.43126722275680496,0.34240281424002666,0.22632996300316843
4,1585,清水エスパルス,セレッソ大阪,LightGBM,A,A,True,0.5255769907807231,0.218757823950264,0.255665185269013
4,1585,柏レイソル,名古屋グランパス,LightGBM,H,D,False,0.3218310761052047,0.5330011269471008,0.14516779694769455
4,1585,北海道コンサドーレ札幌,大分,LightGBM,H,H,True,0.03367410714413636,0.2287700901457565,0.7375558027101071
4,1585,東京ヴェルディ,アビスパ福岡,LightGBM,D,H,False,0.28229842288265733,0.04449938487365994,0.6732021922436827
4,1585,徳島ヴォルティス,ヴァンフォーレ甲府,LightGBM,H,D,False,0.37093415649185135,0.4045124666659403,0.2245533768422083
4,1586,ﾓﾙﾄﾞﾊﾞ,ｲﾀﾘｱ,LightGBM,A,A,True,0.3413961954372459,0.3341151720426243,0.3244886325201297
4,1586,ｼﾞﾌﾞﾗﾙ,ﾓﾝﾃﾈｸﾞ,LightGBM,A,A,True,0.3413961954372459,0.3341151720426243,0.3244886325201297
4,1586,ｸﾛｱﾁｱ,ﾌｪﾛｰ,LightGBM,H,A,False,0.3413961954372459,0.3341151720426243,0.3244886325201297
4,1586,ｱｾﾞﾙﾊﾞ,ｱｲｽﾗﾝ,LightGBM,A,A,True,0.3413961954372459,0.3341151720426243,0.3244886325201297
4,1586,ﾉﾙｳｪｰ,ｴｽﾄﾆｱ,LightGBM,H,A,False,0.3413961954372459,0.3341151720426243,0.3244886325201297
4,1586,ｱﾙﾒﾆｱ,ﾊﾝｶﾞﾘｰ,LightGBM,A,A,True,0.3413961954372459,0.3341151720426243,0.3244886325201297
4,1586,ｲﾝｸﾞﾗﾝ,ｾﾙﾋﾞｱ,LightGBM,H,A,False,0.3413961954372459,0.3341151720426243,0.3244886325201297
4,1586,ｱｲﾙﾗﾝ,ﾎﾟﾙﾄｶﾞ,LightGBM,A,A,True,0.3413961954372459,0.3341151720426243,0.3244886325201297
4,1586,ﾎﾟｰﾗﾝ,ｵﾗﾝﾀﾞ,LightGBM,D,A,False,0.3413961954372459,0.3341151720426243,0.3244886325201297
4,1586,ﾙｸｾﾝﾌﾞ,ﾄﾞｲﾂ,LightGBM,A,A,True,0.3413961954372459,0.3341151720426243,0.3244886325201297
4,1586,ｽﾛﾊﾞｷｱ,北アイ,LightGBM,H,A,False,0.3413961954372459,0.3341151720426243,0.3244886325201297
4,1586,ﾌｨﾝﾗﾝ,ﾏﾙﾀ,LightGBM,A,A,True,0.3413961954372459,0.3341151720426243,0.3244886325201297
4,1586,ｱﾝﾄﾞﾗ,ｱﾙﾊﾞﾆｱ,LightGBM,A,A,True,0.3413961954372459,0.3341151720426243,0.3244886325201297
4,1587,沼津,群馬,LightGBM,A,H,False,0.2604931081436963,0.09520875101379918,0.6442981408425045
4,1587,ヴィッセル神戸,サンフレッチェ広島,LightGBM,A,H,False,0.25922621193261947,0.19906199771404393,0.5417117903533367
4,1587,高知,八戸,LightGBM,D,H,False,0.3972220102358924,0.059270184436805734,0.5435078053273019
4,1587,長野,宮崎,LightGBM,A,A,True,0.6662031531151026,0.06922233913181422,0.26457450775308317
4,1587,町田,FC東京,LightGBM,H,H,True,0.2307880533432261,0.32622362277116385,0.4429883238856101
4,1588,ｳｪｰﾙｽﾞ,北マケ,LightGBM,H,A,False,0.3413961954372459,0.3341151720426243,0.3244886325201297
4,1588,ﾓﾝﾃﾈｸﾞ,ｸﾛｱﾁｱ,LightGBM,A,A,True,0.3413961954372459,0.3341151720426243,0.3244886325201297
4,1588,ｺｿﾎﾞ,ｽｲｽ,LightGBM,D,A,False,0.3413961954372459,0.3341151720426243,0.3244886325201297
4,1588,ｵﾗﾝﾀﾞ,ﾘﾄｱﾆｱ,LightGBM,H,A,False,0.3413961954372459,0.3341151720426243,0.3244886325201297
4,1588,ｽﾍﾟｲﾝ,ﾄﾙｺ,LightGBM,A,A,True,0.3413961954372459,0.3341151720426243,0.3244886325201297
4,1588,ｽｺｯﾄﾗﾝ,ﾃﾞﾝﾏｰｸ,LightGBM,H,A,False,0.3413961954372459,0.3341151720426243,0.3244886325201297
4,1588,ﾄﾞｲﾂ,ｽﾛﾊﾞｷｱ,LightGBM,H,A,False,0.3413961954372459,0.3341151720426243,0.3244886325201297
4,1588,ｵｰｽﾄﾘｱ,ﾎﾞｽﾆｱ,LightGBM,D,A,False,0.3413961954372459,0.3341151720426243,0.3244886325201297
4,1588,ﾙｰﾏﾆｱ,ｻﾝﾏﾘﾉ,LightGBM,H,A,False,0.3413961954372459,0.3341151720426243,0.3244886325201297
4,1588,ﾌﾞﾙｶﾞﾘ,ｼﾞｮｼﾞｱ,LightGBM,H,A,False,0.3413961954372459,0.3341151720426243,0.3244886325201297
4,1588,ｽｳｪﾃﾞﾝ,ｽﾛﾍﾞﾆｱ,LightGBM,D,A,False,0.3413961954372459,0.3341151720426243,0.3244886325201297
4,1588,ﾏﾙﾀ,ﾎﾟｰﾗﾝ,LightGBM,A,A,True,0.3413961954372459,0.3341151720426243,0.3244886325201297
4,1588,北アイ,ﾙｸｾﾝﾌﾞ,LightGBM,H,A,False,0.3413961954372459,0.3341151720426243,0.3244886325201297
4,1589,群馬,松本,LightGBM,H,H,True,0.19084308886020393,0.19373422254481923,0.6154226885949768
4,1589,鹿児島,FC琉球,LightGBM,D,A,False,0.6684758749332264,0.06110144477376566,0.27042268029300803
4,1589,愛媛FC,熊本,LightGBM,D,H,False,0.3114949427450316,0.14121868308523386,0.5472863741697346
4,1589,大分,ジェフユナイテッド千葉,LightGBM,H,H,True,0.2270485400075724,0.2620855044090841,0.5108659555833435
4,1589,いわきFC,山口,LightGBM,A,H,False,0.17496017323251992,0.053916629728678826,0.7711231970388013
4,1589,藤枝MYFC,サガン鳥栖,LightGBM,D,D,True,0.20844507183182281,0.6711718813013343,0.12038304686684285
4,1589,大宮,徳島ヴォルティス,LightGBM,A,A,True,0.48984215605505127,0.253032657241071,0.25712518670387763
4,1589,ヴァンフォーレ甲府,富山,LightGBM,A,A,True,0.47972760818004695,0.20008170768329353,0.3201906841366596
4,1589,ブラウブリッツ秋田,ベガルタ仙台,LightGBM,D,A,False,0.37995221518535255,0.37184358102357135,0.24820420379107608
4,1589,V・ファーレン長崎,水戸ホーリーホック,LightGBM,H,H,True,0.36653073238120576,0.21961024569090382,0.4138590219278904
4,1589,八戸,讃岐,LightGBM,A,H,False,0.27662144803058125,0.07804267003701068,0.6453358819324081
4,1589,ジュビロ磐田,モンテディオ山形,LightGBM,D,A,False,0.4151577877465646,0.22365316883566436,0.361189043417771
4,1589,FC今治,北海道コンサドーレ札幌,LightGBM,D,A,False,0.3769471124942283,0.24733038191709122,0.3757225055886805
4,1591,川崎フロンターレ,サンフレッチェ広島,LightGBM,A,A,True,0.6270976243363521,0.0796095042866984,0.2932928713769496
4,1591,町田,名古屋グランパス,LightGBM,H,H,True,0.2602201623082273,0.29661689927387486,0.4431629384178979
4,1591,アルビレックス新潟,柏レイソル,LightGBM,A,H,False,0.3773885802121326,0.2004579402889291,0.4221534794989383
4,1591,ファジアーノ岡山,浦和レッズ,LightGBM,A,A,True,0.42782533865048983,0.23483376371233436,0.33734089763717584
4,1591,東京ヴェルディ,鹿島アントラーズ,LightGBM,A,A,True,0.7385940223622676,0.19776519526343478,0.06364078237429774
4,1591,湘南ベルマーレ,清水エスパルス,LightGBM,H,A,False,0.4408259423239349,0.18545381118984897,0.37372024648621616
4,1591,北海道コンサドーレ札幌,愛媛FC,LightGBM,H,H,True,0.2851671128448743,0.34970569034219623,0.36512719681292954
4,1591,ベガルタ仙台,いわきFC,LightGBM,A,A,True,0.5815141812509874,0.180717450503417,0.23776836824559563
4,1591,横浜FC,京都サンガF.C.,LightGBM,A,A,True,0.4748469505242374,0.23596592717197562,0.28918712230378696
4,1591,横浜F・マリノス,セレッソ大阪,LightGBM,H,H,True,0.319840916458058,0.2656200182008512,0.4145390653410907
4,1591,徳島ヴォルティス,V・ファーレン長崎,LightGBM,D,H,False,0.2975070897908502,0.056240244822804805,0.646252665386345
4,1591,ヴィッセル神戸,FC東京,LightGBM,D,H,False,0.13265855022939754,0.254003444084981,0.6133380056856216
4,1591,アビスパ福岡,ガンバ大阪,LightGBM,H,H,True,0.25593119659145414,0.09329523439706162,0.6507735690114843
4,1592,FC東京,アルビレックス新潟,LightGBM,H,H,True,0.28235642554117923,0.16973950424992323,0.5479040702088975
4,1592,名古屋グランパス,アビスパ福岡,LightGBM,A,D,False,0.3030954206029179,0.4120301509888562,0.284874428408226
4,1592,鹿島アントラーズ,横浜F・マリノス,LightGBM,H,A,False,0.6187089327139782,0.2944372660858059,0.08685380120021592
4,1592,サンフレッチェ広島,湘南ベルマーレ,LightGBM,H,D,False,0.15319738186375506,0.6042673028009363,0.24253531533530862
4,1592,ガンバ大阪,東京ヴェルディ,LightGBM,H,H,True,0.2829386376316653,0.33807070431149355,0.3789906580568411
4,1593,ﾏﾝC,ｻﾝﾀﾞｰ,LightGBM,H,A,False,0.3413961954372459,0.3341151720426243,0.3244886325201297
4,1593,ﾎﾞﾝﾏｳｽ,ﾁｪﾙｼｰ,LightGBM,D,A,False,0.3413961954372459,0.3341151720426243,0.3244886325201297
4,1593,ｹﾙﾝ,ﾊﾟｳﾘ,LightGBM,D,A,False,0.3413961954372459,0.3341151720426243,0.3244886325201297
4,1593,ﾗｲﾌﾟﾂｨ,ﾌﾗﾝｸﾌﾙ,LightGBM,H,A,False,0.3413961954372459,0.3341151720426243,0.3244886325201297
4,1593,ｱｳｸﾞｽ,ﾚｳﾞｧｰ,LightGBM,H,A,False,0.3413961954372459,0.3341151720426243,0.3244886325201297
4,1593,ｼｭﾂｯﾄ,ﾊﾞｲｴﾙﾝ,LightGBM,H,A,False,0.3413961954372459,0.3341151720426243,0.3244886325201297
4,1593,ﾊｲﾃﾞﾝﾊ,ﾌﾗｲﾌﾞﾙ,LightGBM,A,A,True,0.3413961954372459,0.3341151720426243,0.3244886325201297
4,1593,ﾄﾃﾅﾑ,ﾌﾞﾚﾝﾄ,LightGBM,H,A,False,0.3413961954372459,0.3341151720426243,0.3244886325201297
4,1593,ｱｽﾄﾝ,ｱｰｾﾅﾙ,LightGBM,H,A,False,0.3413961954372459,0.3341151720426243,0.3244886325201297
4,1593,ｳﾞｫﾙﾌｽ,ｳﾆｵﾝ,LightGBM,H,A,False,0.3413961954372459,0.3341151720426243,0.3244886325201297
4,1593,ﾆｭｶｯｽﾙ,ﾊﾞｰﾝﾘｰ,LightGBM,H,A,False,0.3413961954372459,0.3341151720426243,0.3244886325201297
4,1593,ｴｳﾞｧﾄﾝ,ﾉｯﾃｨﾝ,LightGBM,H,A,False,0.3413961954372459,0.3341151720426243,0.3244886325201297
4,1593,ﾘｰｽﾞ,ﾘｳﾞｧﾌﾟ,LightGBM,D,A,False,0.3413961954372459,0.3341151720426243,0.3244886325201297
4,1582,山口,富山,Ensemble,H,H,True,0.3127643908379591,0.2988599287004143,0.38837568046162657
4,1582,北海道コンサドーレ札幌,水戸ホーリーホック,Ensemble,A,H,False,0.2573020576418968,0.3263902832435414,0.41630765911456175
4,1582,アビスパ福岡,湘南ベルマーレ,Ensemble,H,H,True,0.24409947483076455,0.2768068861162035,0.4790936390530318
4,1582,アルビレックス新潟,ヴィッセル神戸,Ensemble,D,A,False,0.5124492368451008,0.22985650633549276,0.2576942568194065
4,1582,京都サンガF.C.,鹿島アントラーズ,Ensemble,D,H,False,0.2713876279950701,0.22271616419977558,0.5058962078051543
4,1582,横浜F・マリノス,サンフレッチェ広島,Ensemble,H,A,False,0.6787822211157792,0.19359861357523186,0.1276191653089888
4,1582,FC東京,ファジアーノ岡山,Ensemble,H,H,True,0.29834173949527676,0.2573587897530825,0.44429947075164067
4,1582,ブラウブリッツ秋田,ジェフユナイテッド千葉,Ensemble,D,H,False,0.3972165546600168,0.19393858288322638,0.4088448624567567
4,1582,名古屋グランパス,ガンバ大阪,Ensemble,A,H,False,0.2841724733669877,0.18894567451393174,0.5268818521190806
4,1582,柏レイソル,横浜FC,Ensemble,H,H,True,0.27265619078930226,0.1767057645538698,0.550638044656828
4,1582,清水エスパルス,東京ヴェルディ,Ensemble,A,H,False,0.2085205359249719,0.1863564413970054,0.6051230226780226
4,1582,浦和レッズ,町田,Ensemble,H,H,True,0.4104772117064606,0.1460656165082573,0.443457171785282
4,1582,セレッソ大阪,川崎フロンターレ,Ensemble,H,A,False,0.5634730268883689,0.24332110479293573,0.19320586831869538
4,1583,八戸,北九州,Ensemble,A,A,True,0.570141417354267,0.1449548985362744,0.28490368410945843
4,1583,ジェフユナイテッド千葉,北海道コンサドーレ札幌,Ensemble,H,H,True,0.3681411601410916,0.2364010287911763,0.3954578110677319
4,1583,栃木SC,岐阜,Ensemble,A,A,True,0.4584254881524402,0.14990035403240642,0.3916741578151534
4,1583,サガン鳥栖,徳島ヴォルティス,Ensemble,D,H,False,0.42781238557521767,0.11478355667773033,0.45740405774705195
4,1583,FC今治,ベガルタ仙台,Ensemble,H,H,True,0.3177680366062391,0.14868849760598588,0.533543465787775
4,1583,富山,愛媛FC,Ensemble,D,A,False,0.45870581676901123,0.15676334729013602,0.38453083594085263
4,1583,大宮,ブラウブリッツ秋田,Ensemble,H,H,True,0.3190224089351207,0.3045964567019869,0.3763811343628924
4,1583,大分,モンテディオ山形,Ensemble,A,A,True,0.5356896137770253,0.17720711469580025,0.28710327152717446
4,1583,ジュビロ磐田,V・ファーレン長崎,Ensemble,H,A,False,0.4703864010064477,0.17626848789695287,0.35334511109659933
4,1583,ヴァンフォーレ甲府,水戸ホーリーホック,Ensemble,A,A,True,0.4655710461781504,0.3216322560515117,0.2127966977703379
4,1583,熊本,山口,Ensemble,A,H,False,0.37311723338544445,0.2036463085418964,0.42323645807265925
4,1583,いわきFC,藤枝MYFC,Ensemble,A,H,False,0.28089899562697324,0.2963596372206472,0.4227413671523796
4,1583,柏レイソル,サンフレッチェ広島,Ensemble,H,A,False,0.40413086464273246,0.21687897101282855,0.37899016434443905
4,1585,鹿島アントラーズ,横浜FC,Ensemble,H,H,True,0.32896912518463994,0.2508124217052996,0.4202184531100605
4,1585,京都サンガF.C.,横浜F・マリノス,Ensemble,A,H,False,0.3695844212847448,0.15880692274589717,0.471608655969358
4,1585,サンフレッチェ広島,浦和レッズ,Ensemble,H,H,True,0.26177451456724504,0.12260222636797649,0.6156232590647784
4,1585,町田,FC東京,Ensemble,A,H,False,0.264025991102128,0.16275426405180646,0.5732197448460654
4,1585,ガンバ大阪,ヴィッセル神戸,Ensemble,D,H,False,0.3607852967140186,0.1455096189073444,0.4937050843786369
4,1585,湘南ベルマーレ,アルビレックス新潟,Ensemble,A,A,True,0.39980147811863154,0.24789418369586996,0.3523043381854986
4,1585,川崎フロンターレ,ファジアーノ岡山,Ensemble,D,H,False,0.38065466403320347,0.12650455058729804,0.4928407853794985
4,1585,ベガルタ仙台,熊本,Ensemble,H,A,False,0.41274138450424924,0.2543450378171575,0.3329135776785932
4,1585,清水エスパルス,セレッソ大阪,Ensemble,A,A,True,0.44596421545624537,0.17902863390792678,0.37500715063582785
4,1585,柏レイソル,名古屋グランパス,Ensemble,H,A,False,0.38229341703010106,0.3296081154993433,0.28809846747055556
4,1585,北海道コンサドーレ札幌,大分,Ensemble,H,H,True,0.12370902607807707,0.19387149500048106,0.6824194789214417
4,1585,東京ヴェルディ,アビスパ福岡,Ensemble,D,H,False,0.28830675394752414,0.08928146313524034,0.6224117829172354
4,1585,徳島ヴォルティス,ヴァンフォーレ甲府,Ensemble,H,H,True,0.342228211498641,0.3104156765867661,0.34735611191459276
4,1586,ﾓﾙﾄﾞﾊﾞ,ｲﾀﾘｱ,Ensemble,A,H,False,0.3691602982218361,0.24405383472839898,0.3867858670497648
4,1586,ｼﾞﾌﾞﾗﾙ,ﾓﾝﾃﾈｸﾞ,Ensemble,A,H,False,0.3691602982218361,0.24405383472839898,0.3867858670497648
4,1586,ｸﾛｱﾁｱ,ﾌｪﾛｰ,Ensemble,H,H,True,0.3691602982218361,0.24405383472839898,0.3867858670497648
4,1586,ｱｾﾞﾙﾊﾞ,ｱｲｽﾗﾝ,Ensemble,A,H,False,0.3691602982218361,0.24405383472839898,0.3867858670497648
4,1586,ﾉﾙｳｪｰ,ｴｽﾄﾆｱ,Ensemble,H,H,True,0.3691602982218361,0.24405383472839898,0.3867858670497648
4,1586,ｱﾙﾒﾆｱ,ﾊﾝｶﾞﾘｰ,Ensemble,A,H,False,0.3691602982218361,0.24405383472839898,0.3867858670497648
4,1586,ｲﾝｸﾞﾗﾝ,ｾﾙﾋﾞｱ,Ensemble,H,H,True,0.3691602982218361,0.24405383472839898,0.3867858670497648
4,1586,ｱｲﾙﾗﾝ,ﾎﾟﾙﾄｶﾞ,Ensemble,A,H,False,0.3691602982218361,0.24405383472839898,0.3867858670497648
4,1586,ﾎﾟｰﾗﾝ,ｵﾗﾝﾀﾞ,Ensemble,D,H,False,0.3691602982218361,0.24405383472839898,0.3867858670497648
4,1586,ﾙｸｾﾝﾌﾞ,ﾄﾞｲﾂ,Ensemble,A,H,False,0.3691602982218361,0.24405383472839898,0.3867858670497648
4,1586,ｽﾛﾊﾞｷｱ,北アイ,Ensemble,H,H,True,0.3691602982218361,0.24405383472839898,0.3867858670497648
4,1586,ﾌｨﾝﾗﾝ,ﾏﾙﾀ,Ensemble,A,H,False,0.3691602982218361,0.24405383472839898,0.3867858670497648
4,1586,ｱﾝﾄﾞﾗ,ｱﾙﾊﾞﾆｱ,Ensemble,A,H,False,0.3691602982218361,0.24405383472839898,0.3867858670497648
4,1587,沼津,群馬,Ensemble,A,H,False,0.29546070278781533,0.14310343833020792,0.5614358588819767
4,1587,ヴィッセル神戸,サンフレッチェ広島,Ensemble,A,H,False,0.33094639291513056,0.1987621315034441,0.47029147558142537
4,1587,高知,八戸,Ensemble,D,H,False,0.3828082807632626,0.14076832061014247,0.4764233986265948
4,1587,長野,宮崎,Ensemble,A,A,True,0.4911905502913603,0.13553388834116892,0.37327556136747075
4,1587,町田,FC東京,Ensemble,H,H,True,0.27398873152640485,0.22019081260263285,0.5058204558709622
4,1588,ｳｪｰﾙｽﾞ,北マケ,Ensemble,H,H,True,0.3691602982218361,0.24405383472839898,0.3867858670497648
4,1588,ﾓﾝﾃﾈｸﾞ,ｸﾛｱﾁｱ,Ensemble,A,H,False,0.3691602982218361,0.24405383472839898,0.3867858670497648
4,1588,ｺｿﾎﾞ,ｽｲｽ,Ensemble,D,H,False,0.3691602982218361,0.24405383472839898,0.3867858670497648
4,1588,ｵﾗﾝﾀﾞ,ﾘﾄｱﾆｱ,Ensemble,H,H,True,0.3691602982218361,0.24405383472839898,0.3867858670497648
4,1588,ｽﾍﾟｲﾝ,ﾄﾙｺ,Ensemble,A,H,False,0.3691602982218361,0.24405383472839898,0.3867858670497648
4,1588,ｽｺｯﾄﾗﾝ,ﾃﾞﾝﾏｰｸ,Ensemble,H,H,True,0.3691602982218361,0.24405383472839898,0.3867858670497648
4,1588,ﾄﾞｲﾂ,ｽﾛﾊﾞｷｱ,Ensemble,H,H,True,0.3691602982218361,0.24405383472839898,0.3867858670497648
4,1588,ｵｰｽﾄﾘｱ,ﾎﾞｽﾆｱ,Ensemble,D,H,False,0.3691602982218361,0.24405383472839898,0.3867858670497648
4,1588,ﾙｰﾏﾆｱ,ｻﾝﾏﾘﾉ,Ensemble,H,H,True,0.3691602982218361,0.24405383472839898,0.3867858670497648
4,1588,ﾌﾞﾙｶﾞﾘ,ｼﾞｮｼﾞｱ,Ensemble,H,H,True,0.3691602982218361,0.24405383472839898,0.3867858670497648
4,1588,ｽｳｪﾃﾞﾝ,ｽﾛﾍﾞﾆｱ,Ensemble,D,H,False,0.3691602982218361,0.24405383472839898,0.3867858670497648
4,1588,ﾏﾙﾀ,ﾎﾟｰﾗﾝ,Ensemble,A,H,False,0.3691602982218361,0.24405383472839898,0.3867858670497648
4,1588,北アイ,ﾙｸｾﾝﾌﾞ,Ensemble,H,H,True,0.3691602982218361,0.24405383472839898,0.3867858670497648
4,1589,群馬,松本,Ensemble,H,H,True,0.2794000550662088,0.1704977062749496,0.5501022386588416
4,1589,鹿児島,FC琉球,Ensemble,D,A,False,0.4405478227389541,0.14517769958335508,0.4142744776776909
4,1589,愛媛FC,熊本,Ensemble,D,H,False,0.3181739436664422,0.15980650241108535,0.5220195539224723
4,1589,大分,ジェフユナイテッド千葉,Ensemble,H,H,True,0.30104579280166954,0.26206832440535394,0.4368858827929766
4,1589,いわきFC,山口,Ensemble,A,H,False,0.2698246856481683,0.10983437354772976,0.6203409408041018
4,1589,藤枝MYFC,サガン鳥栖,Ensemble,D,A,False,0.3845762914223267,0.3438638439069521,0.27155986467072113
4,1589,大宮,徳島ヴォルティス,Ensemble,A,A,True,0.4325610508540862,0.2100867483487254,0.35735220079718827
4,1589,ヴァンフォーレ甲府,富山,Ensemble,A,A,True,0.3962806177658237,0.22125911999413295,0.3824602622400434
4,1589,ブラウブリッツ秋田,ベガルタ仙台,Ensemble,D,A,False,0.4770084579363259,0.2659952704913947,0.25699627157227944
4,1589,V・ファーレン長崎,水戸ホーリーホック,Ensemble,H,A,False,0.4266494365962102,0.21943827370505478,0.35391228969873495
4,1589,八戸,讃岐,Ensemble,A,H,False,0.3317474332051631,0.1479540114279658,0.5202985553668711
4,1589,ジュビロ磐田,モンテディオ山形,Ensemble,D,H,False,0.3965129445832073,0.18583415952301535,0.41765289589377724
4,1589,FC今治,北海道コンサドーレ札幌,Ensemble,D,H,False,0.3661715034679072,0.23925896076493397,0.3945695357671587
4,1591,川崎フロンターレ,サンフレッチェ広島,Ensemble,A,A,True,0.46426620994665124,0.15371476293051384,0.38201902712283486
4,1591,町田,名古屋グランパス,Ensemble,H,H,True,0.28468018158982633,0.22441540327426263,0.490904415135911
4,1591,アルビレックス新潟,柏レイソル,Ensemble,A,A,True,0.47402763608547777,0.2406493008306855,0.2853230630838367
4,1591,ファジアーノ岡山,浦和レッズ,Ensemble,A,A,True,0.38482755729447127,0.23912809343832547,0.3760443492672033
4,1591,東京ヴェルディ,鹿島アントラーズ,Ensemble,A,A,True,0.5726477121540707,0.2405352407961456,0.18681704704978366
4,1591,湘南ベルマーレ,清水エスパルス,Ensemble,H,H,True,0.3811354664343791,0.22810413846754563,0.39076039509807525
4,1591,北海道コンサドーレ札幌,愛媛FC,Ensemble,H,H,True,0.3334077516764075,0.26166666116642234,0.4049255871571702
4,1591,ベガルタ仙台,いわきFC,Ensemble,A,A,True,0.4920843730005681,0.17779491559387864,0.3301207114055532
4,1591,横浜FC,京都サンガF.C.,Ensemble,A,A,True,0.47825194327852594,0.2219874640482893,0.29976059267318467
4,1591,横浜F・マリノス,セレッソ大阪,Ensemble,H,H,True,0.3635611065947575,0.18855776077948755,0.4478811326257547
4,1591,徳島ヴォルティス,V・ファーレン長崎,Ensemble,D,H,False,0.37369481712002417,0.11600347833091655,0.5103017045490592
4,1591,ヴィッセル神戸,FC東京,Ensemble,D,H,False,0.22995371183292648,0.1829090077984688,0.5871372803686048
4,1591,アビスパ福岡,ガンバ大阪,Ensemble,H,H,True,0.30250497526505127,0.12836528274443587,0.5691297419905128
4,1592,FC東京,アルビレックス新潟,Ensemble,H,H,True,0.3125854337997006,0.17012249641364913,0.5172920697866502
4,1592,名古屋グランパス,アビスパ福岡,Ensemble,A,A,True,0.35365990562492566,0.29397283314352607,0.35236726123154827
4,1592,鹿島アントラーズ,横浜F・マリノス,Ensemble,H,A,False,0.520039101320233,0.2775327631631359,0.20242813551663102
4,1592,サンフレッチェ広島,湘南ベルマーレ,Ensemble,H,H,True,0.22559038739728363,0.38325185274227946,0.3911577598604368
4,1592,ガンバ大阪,東京ヴェルディ,Ensemble,H,H,True,0.32052570447280826,0.21948612307067555,0.45998817245651613
4,1593,ﾏﾝC,ｻﾝﾀﾞｰ,Ensemble,H,H,True,0.3691602982218361,0.24405383472839898,0.3867858670497648
4,1593,ﾎﾞﾝﾏｳｽ,ﾁｪﾙｼｰ,Ensemble,D,H,False,0.3691602982218361,0.24405383472839898,0.3867858670497648
4,1593,ｹﾙﾝ,ﾊﾟｳﾘ,Ensemble,D,H,False,0.3691602982218361,0.24405383472839898,0.3867858670497648
4,1593,ﾗｲﾌﾟﾂｨ,ﾌﾗﾝｸﾌﾙ,Ensemble,H,H,True,0.3691602982218361,0.24405383472839898,0.3867858670497648
4,1593,ｱｳｸﾞｽ,ﾚｳﾞｧｰ,Ensemble,H,H,True,0.3691602982218361,0.24405383472839898,0.3867858670497648
4,1593,ｼｭﾂｯﾄ,ﾊﾞｲｴﾙﾝ,Ensemble,H,H,True,0.3691602982218361,0.24405383472839898,0.3867858670497648
4,1593,ﾊｲﾃﾞﾝﾊ,ﾌﾗｲﾌﾞﾙ,Ensemble,A,H,False,0.3691602982218361,0.24405383472839898,0.3867858670497648
4,1593,ﾄﾃﾅﾑ,ﾌﾞﾚﾝﾄ,Ensemble,H,H,True,0.3691602982218361,0.24405383472839898,0.3867858670497648
4,1593,ｱｽﾄﾝ,ｱｰｾﾅﾙ,Ensemble,H,H,True,0.3691602982218361,0.24405383472839898,0.3867858670497648
4,1593,ｳﾞｫﾙﾌｽ,ｳﾆｵﾝ,Ensemble,H,H,True,0.3691602982218361,0.24405383472839898,0.3867858670497648
4,1593,ﾆｭｶｯｽﾙ,ﾊﾞｰﾝﾘｰ,Ensemble,H,H,True,0.3691602982218361,0.24405383472839898,0.3867858670497648
4,1593,ｴｳﾞｧﾄﾝ,ﾉｯﾃｨﾝ,Ensemble,H,H,True,0.3691602982218361,0.24405383472839898,0.3867858670497648
4,1593,ﾘｰｽﾞ,ﾘｳﾞｧﾌﾟ,Ensemble,D,H,False,0.3691602982218361,0.24405383472839898,0.3867858670497648
5,1595,ﾊﾟｳﾘ,ﾊｲﾃﾞﾝﾊ,RandomForest,H,H,True,0.36396732033172763,0.19886222180529625,0.4371704578629761
5,1595,ﾚｳﾞｧｰ,ｹﾙﾝ,RandomForest,H,H,True,0.36396732033172763,0.19886222180529625,0.4371704578629761
5,1595,ﾌﾗﾝｸﾌﾙ,ｱｳｸﾞｽ,RandomForest,H,H,True,0.36396732033172763,0.19886222180529625,0.4371704578629761
5,1595,ﾌﾞﾚｰﾒﾝ,ｼｭﾂｯﾄ,RandomForest,A,H,False,0.36396732033172763,0.19886222180529625,0.4371704578629761
5,1595,ﾎｯﾌｪﾝ,ﾊﾝﾌﾞﾙｶ,RandomForest,A,H,False,0.36396732033172763,0.19886222180529625,0.4371704578629761
5,1595,ﾌﾗｲﾌﾞﾙ,ﾄﾞﾙﾄ,RandomForest,D,H,False,0.36396732033172763,0.19886222180529625,0.4371704578629761
5,1595,ﾊﾞｲｴﾙﾝ,ﾏｲﾝﾂ,RandomForest,D,H,False,0.36396732033172763,0.19886222180529625,0.4371704578629761
5,1595,ﾌﾞﾚﾝﾄ,ﾘｰｽﾞ,RandomForest,D,H,False,0.36396732033172763,0.19886222180529625,0.4371704578629761
5,1595,ﾉｯﾃｨﾝ,ﾄﾃﾅﾑ,RandomForest,H,H,True,0.36396732033172763,0.19886222180529625,0.4371704578629761
5,1595,ﾒﾝﾍﾝ,ｳﾞｫﾙﾌｽ,RandomForest,A,H,False,0.36396732033172763,0.19886222180529625,0.4371704578629761
5,1595,ﾘｳﾞｧﾌﾟ,ﾌﾞﾗｲﾄﾝ,RandomForest,H,H,True,0.36396732033172763,0.19886222180529625,0.4371704578629761
5,1595,ｸﾘｽﾀﾙ,ﾏﾝC,RandomForest,A,H,False,0.36396732033172763,0.19886222180529625,0.4371704578629761
5,1595,ｱｰｾﾅﾙ,ｳﾙｳﾞｧｰ,RandomForest,H,H,True,0.36396732033172763,0.19886222180529625,0.4371704578629761
5,1596,ｼｭﾂｯﾄ,ﾎｯﾌｪﾝ,RandomForest,H,H,True,0.36396732033172763,0.19886222180529625,0.4371704578629761
5,1596,ｳﾞｫﾙﾌｽ,ﾌﾗｲﾌﾞﾙ,RandomForest,A,H,False,0.36396732033172763,0.19886222180529625,0.4371704578629761
5,1596,ﾎﾞﾝﾏｳｽ,ﾊﾞｰﾝﾘｰ,RandomForest,D,H,False,0.36396732033172763,0.19886222180529625,0.4371704578629761
5,1596,ｴｳﾞｧﾄﾝ,ｱｰｾﾅﾙ,RandomForest,A,H,False,0.36396732033172763,0.19886222180529625,0.4371704578629761
5,1596,ﾊﾝﾌﾞﾙｶ,ﾌﾗﾝｸﾌﾙ,RandomForest,D,H,False,0.36396732033172763,0.19886222180529625,0.4371704578629761
5,1596,ｱｳｸﾞｽ,ﾌﾞﾚｰﾒﾝ,RandomForest,A,H,False,0.36396732033172763,0.19886222180529625,0.4371704578629761
5,1596,ﾗｲﾌﾟﾂｨ,ﾚｳﾞｧｰ,RandomForest,A,H,False,0.36396732033172763,0.19886222180529625,0.4371704578629761
5,1596,ﾄﾃﾅﾑ,ﾘｳﾞｧﾌﾟ,RandomForest,A,H,False,0.36396732033172763,0.19886222180529625,0.4371704578629761
5,1596,ﾌﾞﾗｲﾄﾝ,ｻﾝﾀﾞｰ,RandomForest,D,H,False,0.36396732033172763,0.19886222180529625,0.4371704578629761
5,1596,ｹﾙﾝ,ｳﾆｵﾝ,RandomForest,A,H,False,0.36396732033172763,0.19886222180529625,0.4371704578629761
5,1596,ﾆｭｶｯｽﾙ,ﾁｪﾙｼｰ,RandomForest,D,H,False,0.36396732033172763,0.19886222180529625,0.4371704578629761
5,1596,ﾘｰｽﾞ,ｸﾘｽﾀﾙ,RandomForest,H,H,True,0.36396732033172763,0.19886222180529625,0.4371704578629761
5,1596,ﾏﾝC,ｳｪｽﾄﾊﾑ,RandomForest,H,H,True,0.36396732033172763,0.19886222180529625,0.4371704578629761
5,1597,ﾏﾝU,ﾆｭｶｯｽﾙ,RandomForest,H,H,True,0.36396732033172763,0.19886222180529625,0.4371704578629761
5,1597,ﾉｯﾃｨﾝ,ﾏﾝC,RandomForest,A,H,False,0.36396732033172763,0.19886222180529625,0.4371704578629761
5,1597,ﾘｳﾞｧﾌﾟ,ｳﾙｳﾞｧｰ,RandomForest,H,H,True,0.36396732033172763,0.19886222180529625,0.4371704578629761
5,1597,ﾌﾞﾚﾝﾄ,ﾎﾞﾝﾏｳｽ,RandomForest,H,H,True,0.36396732033172763,0.19886222180529625,0.4371704578629761
5,1597,ｱｰｾﾅﾙ,ﾌﾞﾗｲﾄﾝ,RandomForest,H,H,True,0.36396732033172763,0.19886222180529625,0.4371704578629761
5,1598,ﾊﾞｰﾝﾘｰ,ﾆｭｶｯｽﾙ,RandomForest,A,H,False,0.36396732033172763,0.19886222180529625,0.4371704578629761
5,1598,ﾁｪﾙｼｰ,ﾎﾞﾝﾏｳｽ,RandomForest,H,H,True,0.36396732033172763,0.19886222180529625,0.4371704578629761
5,1598,ｳｪｽﾄﾊﾑ,ﾌﾞﾗｲﾄﾝ,RandomForest,A,H,False,0.36396732033172763,0.19886222180529625,0.4371704578629761
5,1598,ｱｰｾﾅﾙ,ｱｽﾄﾝ,RandomForest,H,H,True,0.36396732033172763,0.19886222180529625,0.4371704578629761
5,1598,ﾏﾝU,ｳﾙｳﾞｧｰ,RandomForest,D,H,False,0.36396732033172763,0.19886222180529625,0.4371704578629761
5,1599,ﾌﾞﾚﾝﾄ,0,RandomForest,D,H,False,0.36396732033172763,0.19886222180529625,0.4371704578629761
5,1599,ﾘｳﾞｧﾌﾟ,0,RandomForest,D,H,False,0.36396732033172763,0.19886222180529625,0.4371704578629761
5,1599,ｸﾘｽﾀﾙ,1,RandomForest,H,H,True,0.36396732033172763,0.19886222180529625,0.4371704578629761
5,1600,ﾆｭｶｯｽﾙ,ｸﾘｽﾀﾙ,RandomForest,H,H,True,0.36396732033172763,0.19886222180529625,0.4371704578629761
5,1600,ﾘｰｽﾞ,ﾏﾝU,RandomForest,H,H,True,0.36396732033172763,0.19886222180529625,0.4371704578629761
5,1600,ﾌﾗﾑ,ﾘｳﾞｧﾌﾟ,RandomForest,A,H,False,0.36396732033172763,0.19886222180529625,0.4371704578629761
5,1600,ﾄﾃﾅﾑ,ｻﾝﾀﾞｰ,RandomForest,D,H,False,0.36396732033172763,0.19886222180529625,0.4371704578629761
5,1600,ﾏﾝC,ﾁｪﾙｼｰ,RandomForest,D,H,False,0.36396732033172763,0.19886222180529625,0.4371704578629761
5,1601,ｸﾘｽﾀﾙ,ｱｽﾄﾝ,RandomForest,A,H,False,0.36396732033172763,0.19886222180529625,0.4371704578629761
5,1601,ﾎﾞﾝﾏｳｽ,ﾄﾃﾅﾑ,RandomForest,H,H,True,0.36396732033172763,0.19886222180529625,0.4371704578629761
5,1601,ﾆｭｶｯｽﾙ,ﾘｰｽﾞ,RandomForest,H,H,True,0.36396732033172763,0.19886222180529625,0.4371704578629761
5,1601,ﾏﾝC,ﾌﾞﾗｲﾄﾝ,RandomForest,D,H,False,0.36396732033172763,0.19886222180529625,0.4371704578629761
5,1601,ﾌﾗﾑ,ﾁｪﾙｼｰ,RandomForest,H,H,True,0.36396732033172763,0.19886222180529625,0.4371704578629761
5,1602,ﾌﾗﾝｸﾌﾙ,ﾄﾞﾙﾄ,RandomForest,H,H,True,0.36396732033172763,0.19886222180529625,0.4371704578629761
5,1602,ﾌﾞﾚｰﾒﾝ,ﾎｯﾌｪﾝ,RandomForest,A,H,False,0.36396732033172763,0.19886222180529625,0.4371704578629761
5,1602,ﾊﾞｲｴﾙﾝ,ｳﾞｫﾙﾌｽ,RandomForest,H,H,True,0.36396732033172763,0.19886222180529625,0.4371704578629761
5,1602,ﾌﾗｲﾌﾞﾙ,ﾊﾝﾌﾞﾙｶ,RandomForest,H,H,True,0.36396732033172763,0.19886222180529625,0.4371704578629761
5,1603,ﾁｪﾙｼｰ,ﾌﾞﾚﾝﾄ,RandomForest,H,H,True,0.36396732033172763,0.19886222180529625,0.4371704578629761
5,1603,ﾏﾝU,ﾏﾝC,RandomForest,H,H,True,0.36396732033172763,0.19886222180529625,0.4371704578629761
5,1603,ﾊﾝﾌﾞﾙｶ,ﾒﾝﾍﾝ,RandomForest,A,H,False,0.36396732033172763,0.19886222180529625,0.4371704578629761
5,1603,ﾄﾞﾙﾄ,ﾊﾟｳﾘ,RandomForest,H,H,True,0.36396732033172763,0.19886222180529625,0.4371704578629761
5,1603,ｹﾙﾝ,ﾏｲﾝﾂ,RandomForest,H,H,True,0.36396732033172763,0.19886222180529625,0.4371704578629761
5,1603,ﾗｲﾌﾟﾂｨ,ﾊﾞｲｴﾙﾝ,RandomForest,A,H,False,0.36396732033172763,0.19886222180529625,0.4371704578629761
5,1603,ﾎｯﾌｪﾝ,ﾚｳﾞｧｰ,RandomForest,H,H,True,0.36396732033172763,0.19886222180529625,0.4371704578629761
5,1603,ｻﾝﾀﾞｰ,ｸﾘｽﾀﾙ,RandomForest,H,H,True,0.36396732033172763,0.19886222180529625,0.4371704578629761
5,1603,ﾘｳﾞｧﾌﾟ,ﾊﾞｰﾝﾘｰ,RandomForest,D,H,False,0.36396732033172763,0.19886222180529625,0.4371704578629761
5,1603,ｳﾞｫﾙﾌｽ,ﾊｲﾃﾞﾝﾊ,RandomForest,D,H,False,0.36396732033172763,0.19886222180529625,0.4371704578629761
5,1603,ﾄﾃﾅﾑ,ｳｪｽﾄﾊﾑ,RandomForest,A,H,False,0.36396732033172763,0.19886222180529625,0.4371704578629761
5,1603,ﾘｰｽﾞ,ﾌﾗﾑ,RandomForest,H,H,True,0.36396732033172763,0.19886222180529625,0.4371704578629761
5,1603,ﾉｯﾃｨﾝ,ｱｰｾﾅﾙ,RandomForest,D,H,False,0.36396732033172763,0.19886222180529625,0.4371704578629761
5,1604,ﾌﾗﾑ,ﾌﾞﾗｲﾄﾝ,RandomForest,H,H,True,0.36396732033172763,0.19886222180529625,0.4371704578629761
5,1604,ﾎﾞﾝﾏｳｽ,ﾘｳﾞｧﾌﾟ,RandomForest,H,H,True,0.36396732033172763,0.19886222180529625,0.4371704578629761
5,1604,ﾚｳﾞｧｰ,ﾌﾞﾚｰﾒﾝ,RandomForest,H,H,True,0.36396732033172763,0.19886222180529625,0.4371704578629761
5,1604,ﾌﾗｲﾌﾞﾙ,ｹﾙﾝ,RandomForest,H,H,True,0.36396732033172763,0.19886222180529625,0.4371704578629761
5,1604,ﾒﾝﾍﾝ,ｼｭﾂｯﾄ,RandomForest,A,H,False,0.36396732033172763,0.19886222180529625,0.4371704578629761
5,1604,ﾊﾞｰﾝﾘｰ,ﾄﾃﾅﾑ,RandomForest,D,H,False,0.36396732033172763,0.19886222180529625,0.4371704578629761
5,1604,ｸﾘｽﾀﾙ,ﾁｪﾙｼｰ,RandomForest,A,H,False,0.36396732033172763,0.19886222180529625,0.4371704578629761
5,1604,ｱｰｾﾅﾙ,ﾏﾝU,RandomForest,A,H,False,0.36396732033172763,0.19886222180529625,0.4371704578629761
5,1604,ﾏｲﾝﾂ,ｳﾞｫﾙﾌｽ,RandomForest,H,H,True,0.36396732033172763,0.19886222180529625,0.4371704578629761
5,1604,ﾊｲﾃﾞﾝﾊ,ﾗｲﾌﾟﾂｨ,RandomForest,A,H,False,0.36396732033172763,0.19886222180529625,0.4371704578629761
5,1604,ｳﾆｵﾝ,ﾄﾞﾙﾄ,RandomForest,A,H,False,0.36396732033172763,0.19886222180529625,0.4371704578629761
5,1604,ﾌﾗﾝｸﾌﾙ,ﾎｯﾌｪﾝ,RandomForest,A,H,False,0.36396732033172763,0.19886222180529625,0.4371704578629761
5,1604,ﾊﾞｲｴﾙﾝ,ｱｳｸﾞｽ,RandomForest,H,H,True,0.36396732033172763,0.19886222180529625,0.4371704578629761
5,1595,ﾊﾟｳﾘ,ﾊｲﾃﾞﾝﾊ,LightGBM,H,H,True,0.33604036394317904,0.3273983017945896,0.3365613342622313
5,1595,ﾚｳﾞｧｰ,ｹﾙﾝ,LightGBM,H,H,True,0.33604036394317904,0.3273983017945896,0.3365613342622313
5,1595,ﾌﾗﾝｸﾌﾙ,ｱｳｸﾞｽ,LightGBM,H,H,True,0.33604036394317904,0.3273983017945896,0.3365613342622313
5,1595,ﾌﾞﾚｰﾒﾝ,ｼｭﾂｯﾄ,LightGBM,A,H,False,0.33604036394317904,0.3273983017945896,0.3365613342622313
5,1595,ﾎｯﾌｪﾝ,ﾊﾝﾌﾞﾙｶ,LightGBM,A,H,False,0.33604036394317904,0.3273983017945896,0.3365613342622313
5,1595,ﾌﾗｲﾌﾞﾙ,ﾄﾞﾙﾄ,LightGBM,D,H,False,0.33604036394317904,0.3273983017945896,0.3365613342622313
5,1595,ﾊﾞｲｴﾙﾝ,ﾏｲﾝﾂ,LightGBM,D,H,False,0.33604036394317904,0.3273983017945896,0.3365613342622313
5,1595,ﾌﾞﾚﾝﾄ,ﾘｰｽﾞ,LightGBM,D,H,False,0.33604036394317904,0.3273983017945896,0.3365613342622313
5,1595,ﾉｯﾃｨﾝ,ﾄﾃﾅﾑ,LightGBM,H,H,True,0.33604036394317904,0.3273983017945896,0.3365613342622313
5,1595,ﾒﾝﾍﾝ,ｳﾞｫﾙﾌｽ,LightGBM,A,H,False,0.33604036394317904,0.3273983017945896,0.3365613342622313
5,1595,ﾘｳﾞｧﾌﾟ,ﾌﾞﾗｲﾄﾝ,LightGBM,H,H,True,0.33604036394317904,0.3273983017945896,0.3365613342622313
5,1595,ｸﾘｽﾀﾙ,ﾏﾝC,LightGBM,A,H,False,0.33604036394317904,0.3273983017945896,0.3365613342622313
5,1595,ｱｰｾﾅﾙ,ｳﾙｳﾞｧｰ,LightGBM,H,H,True,0.33604036394317904,0.3273983017945896,0.3365613342622313
5,1596,ｼｭﾂｯﾄ,ﾎｯﾌｪﾝ,LightGBM,H,H,True,0.33604036394317904,0.3273983017945896,0.3365613342622313
5,1596,ｳﾞｫﾙﾌｽ,ﾌﾗｲﾌﾞﾙ,LightGBM,A,H,False,0.33604036394317904,0.3273983017945896,0.3365613342622313
5,1596,ﾎﾞﾝﾏｳｽ,ﾊﾞｰﾝﾘｰ,LightGBM,D,H,False,0.33604036394317904,0.3273983017945896,0.3365613342622313
5,1596,ｴｳﾞｧﾄﾝ,ｱｰｾﾅﾙ,LightGBM,A,H,False,0.33604036394317904,0.3273983017945896,0.3365613342622313
5,1596,ﾊﾝﾌﾞﾙｶ,ﾌﾗﾝｸﾌﾙ,LightGBM,D,H,False,0.33604036394317904,0.3273983017945896,0.3365613342622313
5,1596,ｱｳｸﾞｽ,ﾌﾞﾚｰﾒﾝ,LightGBM,A,H,False,0.33604036394317904,0.3273983017945896,0.3365613342622313
5,1596,ﾗｲﾌﾟﾂｨ,ﾚｳﾞｧｰ,LightGBM,A,H,False,0.33604036394317904,0.3273983017945896,0.3365613342622313
5,1596,ﾄﾃﾅﾑ,ﾘｳﾞｧﾌﾟ,LightGBM,A,H,False,0.33604036394317904,0.3273983017945896,0.3365613342622313
5,1596,ﾌﾞﾗｲﾄﾝ,ｻﾝﾀﾞｰ,LightGBM,D,H,False,0.33604036394317904,0.3273983017945896,0.3365613342622313
5,1596,ｹﾙﾝ,ｳﾆｵﾝ,LightGBM,A,H,False,0.33604036394317904,0.3273983017945896,0.3365613342622313
5,1596,ﾆｭｶｯｽﾙ,ﾁｪﾙｼｰ,LightGBM,D,H,False,0.33604036394317904,0.3273983017945896,0.3365613342622313
5,1596,ﾘｰｽﾞ,ｸﾘｽﾀﾙ,LightGBM,H,H,True,0.33604036394317904,0.3273983017945896,0.3365613342622313
5,1596,ﾏﾝC,ｳｪｽﾄﾊﾑ,LightGBM,H,H,True,0.33604036394317904,0.3273983017945896,0.3365613342622313
5,1597,ﾏﾝU,ﾆｭｶｯｽﾙ,LightGBM,H,H,True,0.33604036394317904,0.3273983017945896,0.3365613342622313
5,1597,ﾉｯﾃｨﾝ,ﾏﾝC,LightGBM,A,H,False,0.33604036394317904,0.3273983017945896,0.3365613342622313
5,1597,ﾘｳﾞｧﾌﾟ,ｳﾙｳﾞｧｰ,LightGBM,H,H,True,0.33604036394317904,0.3273983017945896,0.3365613342622313
5,1597,ﾌﾞﾚﾝﾄ,ﾎﾞﾝﾏｳｽ,LightGBM,H,H,True,0.33604036394317904,0.3273983017945896,0.3365613342622313
5,1597,ｱｰｾﾅﾙ,ﾌﾞﾗｲﾄﾝ,LightGBM,H,H,True,0.33604036394317904,0.3273983017945896,0.3365613342622313
5,1598,ﾊﾞｰﾝﾘｰ,ﾆｭｶｯｽﾙ,LightGBM,A,H,False,0.33604036394317904,0.3273983017945896,0.3365613342622313
5,1598,ﾁｪﾙｼｰ,ﾎﾞﾝﾏｳｽ,LightGBM,H,H,True,0.33604036394317904,0.3273983017945896,0.3365613342622313
5,1598,ｳｪｽﾄﾊﾑ,ﾌﾞﾗｲﾄﾝ,LightGBM,A,H,False,0.33604036394317904,0.3273983017945896,0.3365613342622313
5,1598,ｱｰｾﾅﾙ,ｱｽﾄﾝ,LightGBM,H,H,True,0.33604036394317904,0.3273983017945896,0.3365613342622313
5,1598,ﾏﾝU,ｳﾙｳﾞｧｰ,LightGBM,D,H,False,0.33604036394317904,0.3273983017945896,0.3365613342622313
5,1599,ﾌﾞﾚﾝﾄ,0,LightGBM,D,H,False,0.33604036394317904,0.3273983017945896,0.3365613342622313
5,1599,ﾘｳﾞｧﾌﾟ,0,LightGBM,D,H,False,0.33604036394317904,0.3273983017945896,0.3365613342622313
5,1599,ｸﾘｽﾀﾙ,1,LightGBM,H,H,True,0.33604036394317904,0.3273983017945896,0.3365613342622313
5,1600,ﾆｭｶｯｽﾙ,ｸﾘｽﾀﾙ,LightGBM,H,H,True,0.33604036394317904,0.3273983017945896,0.3365613342622313
5,1600,ﾘｰｽﾞ,ﾏﾝU,LightGBM,H,H,True,0.33604036394317904,0.3273983017945896,0.3365613342622313
5,1600,ﾌﾗﾑ,ﾘｳﾞｧﾌﾟ,LightGBM,A,H,False,0.33604036394317904,0.3273983017945896,0.3365613342622313
5,1600,ﾄﾃﾅﾑ,ｻﾝﾀﾞｰ,LightGBM,D,H,False,0.33604036394317904,0.3273983017945896,0.3365613342622313
5,1600,ﾏﾝC,ﾁｪﾙｼｰ,LightGBM,D,H,False,0.33604036394317904,0.3273983017945896,0.3365613342622313
5,1601,ｸﾘｽﾀﾙ,ｱｽﾄﾝ,LightGBM,A,H,False,0.33604036394317904,0.3273983017945896,0.3365613342622313
5,1601,ﾎﾞﾝﾏｳｽ,ﾄﾃﾅﾑ,LightGBM,H,H,True,0.33604036394317904,0.3273983017945896,0.3365613342622313
5,1601,ﾆｭｶｯｽﾙ,ﾘｰｽﾞ,LightGBM,H,H,True,0.33604036394317904,0.3273983017945896,0.3365613342622313
5,1601,ﾏﾝC,ﾌﾞﾗｲﾄﾝ,LightGBM,D,H,False,0.33604036394317904,0.3273983017945896,0.3365613342622313
5,1601,ﾌﾗﾑ,ﾁｪﾙｼｰ,LightGBM,H,H,True,0.33604036394317904,0.3273983017945896,0.3365613342622313
5,1602,ﾌﾗﾝｸﾌﾙ,ﾄﾞﾙﾄ,LightGBM,H,H,True,0.33604036394317904,0.3273983017945896,0.3365613342622313
5,1602,ﾌﾞﾚｰﾒﾝ,ﾎｯﾌｪﾝ,LightGBM,A,H,False,0.33604036394317904,0.3273983017945896,0.3365613342622313
5,1602,ﾊﾞｲｴﾙﾝ,ｳﾞｫﾙﾌｽ,LightGBM,H,H,True,0.33604036394317904,0.3273983017945896,0.3365613342622313
5,1602,ﾌﾗｲﾌﾞﾙ,ﾊﾝﾌﾞﾙｶ,LightGBM,H,H,True,0.33604036394317904,0.3273983017945896,0.3365613342622313
5,1603,ﾁｪﾙｼｰ,ﾌﾞﾚﾝﾄ,LightGBM,H,H,True,0.33604036394317904,0.3273983017945896,0.3365613342622313
5,1603,ﾏﾝU,ﾏﾝC,LightGBM,H,H,True,0.33604036394317904,0.3273983017945896,0.3365613342622313
5,1603,ﾊﾝﾌﾞﾙｶ,ﾒﾝﾍﾝ,LightGBM,A,H,False,0.33604036394317904,0.3273983017945896,0.3365613342622313
5,1603,ﾄﾞﾙﾄ,ﾊﾟｳﾘ,LightGBM,H,H,True,0.33604036394317904,0.3273983017945896,0.3365613342622313
5,1603,ｹﾙﾝ,ﾏｲﾝﾂ,LightGBM,H,H,True,0.33604036394317904,0.3273983017945896,0.3365613342622313
5,1603,ﾗｲﾌﾟﾂｨ,ﾊﾞｲｴﾙﾝ,LightGBM,A,H,False,0.33604036394317904,0.3273983017945896,0.3365613342622313
5,1603,ﾎｯﾌｪﾝ,ﾚｳﾞｧｰ,LightGBM,H,H,True,0.33604036394317904,0.3273983017945896,0.3365613342622313
5,1603,ｻﾝﾀﾞｰ,ｸﾘｽﾀﾙ,LightGBM,H,H,True,0.33604036394317904,0.3273983017945896,0.3365613342622313
5,1603,ﾘｳﾞｧﾌﾟ,ﾊﾞｰﾝﾘｰ,LightGBM,D,H,False,0.33604036394317904,0.3273983017945896,0.3365613342622313
5,1603,ｳﾞｫﾙﾌｽ,ﾊｲﾃﾞﾝﾊ,LightGBM,D,H,False,0.33604036394317904,0.3273983017945896,0.3365613342622313
5,1603,ﾄﾃﾅﾑ,ｳｪｽﾄﾊﾑ,LightGBM,A,H,False,0.33604036394317904,0.3273983017945896,0.3365613342622313
5,1603,ﾘｰｽﾞ,ﾌﾗﾑ,LightGBM,H,H,True,0.33604036394317904,0.3273983017945896,0.3365613342622313
5,1603,ﾉｯﾃｨﾝ,ｱｰｾﾅﾙ,LightGBM,D,H,False,0.33604036394317904,0.3273983017945896,0.3365613342622313
5,1604,ﾌﾗﾑ,ﾌﾞﾗｲﾄﾝ,LightGBM,H,H,True,0.33604036394317904,0.3273983017945896,0.3365613342622313
5,1604,ﾎﾞﾝﾏｳｽ,ﾘｳﾞｧﾌﾟ,LightGBM,H,H,True,0.33604036394317904,0.3273983017945896,0.3365613342622313
5,1604,ﾚｳﾞｧｰ,ﾌﾞﾚｰﾒﾝ,LightGBM,H,H,True,0.33604036394317904,0.3273983017945896,0.3365613342622313
5,1604,ﾌﾗｲﾌﾞﾙ,ｹﾙﾝ,LightGBM,H,H,True,0.33604036394317904,0.3273983017945896,0.3365613342622313
5,1604,ﾒﾝﾍﾝ,ｼｭﾂｯﾄ,LightGBM,A,H,False,0.33604036394317904,0.3273983017945896,0.3365613342622313
5,1604,ﾊﾞｰﾝﾘｰ,ﾄﾃﾅﾑ,LightGBM,D,H,False,0.33604036394317904,0.3273983017945896,0.3365613342622313
5,1604,ｸﾘｽﾀﾙ,ﾁｪﾙｼｰ,LightGBM,A,H,False,0.33604036394317904,0.3273983017945896,0.3365613342622313
5,1604,ｱｰｾﾅﾙ,ﾏﾝU,LightGBM,A,H,False,0.33604036394317904,0.3273983017945896,0.3365613342622313
5,1604,ﾏｲﾝﾂ,ｳﾞｫﾙﾌｽ,LightGBM,H,H,True,0.33604036394317904,0.3273983017945896,0.3365613342622313
5,1604,ﾊｲﾃﾞﾝﾊ,ﾗｲﾌﾟﾂｨ,LightGBM,A,H,False,0.33604036394317904,0.3273983017945896,0.3365613342622313
5,1604,ｳﾆｵﾝ,ﾄﾞﾙﾄ,LightGBM,A,H,False,0.33604036394317904,0.3273983017945896,0.3365613342622313
5,1604,ﾌﾗﾝｸﾌﾙ,ﾎｯﾌｪﾝ,LightGBM,A,H,False,0.33604036394317904,0.3273983017945896,0.3365613342622313
5,1604,ﾊﾞｲｴﾙﾝ,ｱｳｸﾞｽ,LightGBM,H,H,True,0.33604036394317904,0.3273983017945896,0.3365613342622313
5,1595,ﾊﾟｳﾘ,ﾊｲﾃﾞﾝﾊ,Ensemble,H,H,True,0.355589233415163,0.23742304580208423,0.40698772078275264
5,1595,ﾚｳﾞｧｰ,ｹﾙﾝ,Ensemble,H,H,True,0.355589233415163,0.23742304580208423,0.40698772078275264
5,1595,ﾌﾗﾝｸﾌﾙ,ｱｳｸﾞｽ,Ensemble,H,H,True,0.355589233415163,0.23742304580208423,0.40698772078275264
5,1595,ﾌﾞﾚｰﾒﾝ,ｼｭﾂｯﾄ,Ensemble,A,H,False,0.355589233415163,0.23742304580208423,0.40698772078275264
5,1595,ﾎｯﾌｪﾝ,ﾊﾝﾌﾞﾙｶ,Ensemble,A,H,False,0.355589233415163,0.23742304580208423,0.40698772078275264
5,1595,ﾌﾗｲﾌﾞﾙ,ﾄﾞﾙﾄ,Ensemble,D,H,False,0.355589233415163,0.23742304580208423,0.40698772078275264
5,1595,ﾊﾞｲｴﾙﾝ,ﾏｲﾝﾂ,Ensemble,D,H,False,0.355589233415163,0.23742304580208423,0.40698772078275264
5,1595,ﾌﾞﾚﾝﾄ,ﾘｰｽﾞ,Ensemble,D,H,False,0.355589233415163,0.23742304580208423,0.40698772078275264
5,1595,ﾉｯﾃｨﾝ,ﾄﾃﾅﾑ,Ensemble,H,H,True,0.355589233415163,0.23742304580208423,0.40698772078275264
5,1595,ﾒﾝﾍﾝ,ｳﾞｫﾙﾌｽ,Ensemble,A,H,False,0.355589233415163,0.23742304580208423,0.40698772078275264
5,1595,ﾘｳﾞｧﾌﾟ,ﾌﾞﾗｲﾄﾝ,Ensemble,H,H,True,0.355589233415163,0.23742304580208423,0.40698772078275264
5,1595,ｸﾘｽﾀﾙ,ﾏﾝC,Ensemble,A,H,False,0.355589233415163,0.23742304580208423,0.40698772078275264
5,1595,ｱｰｾﾅﾙ,ｳﾙｳﾞｧｰ,Ensemble,H,H,True,0.355589233415163,0.23742304580208423,0.40698772078275264
5,1596,ｼｭﾂｯﾄ,ﾎｯﾌｪﾝ,Ensemble,H,H,True,0.355589233415163,0.23742304580208423,0.40698772078275264
5,1596,ｳﾞｫﾙﾌｽ,ﾌﾗｲﾌﾞﾙ,Ensemble,A,H,False,0.355589233415163,0.23742304580208423,0.40698772078275264
5,1596,ﾎﾞﾝﾏｳｽ,ﾊﾞｰﾝﾘｰ,Ensemble,D,H,False,0.355589233415163,0.23742304580208423,0.40698772078275264
5,1596,ｴｳﾞｧﾄﾝ,ｱｰｾﾅﾙ,Ensemble,A,H,False,0.355589233415163,0.23742304580208423,0.40698772078275264
5,1596,ﾊﾝﾌﾞﾙｶ,ﾌﾗﾝｸﾌﾙ,Ensemble,D,H,False,0.355589233415163,0.23742304580208423,0.40698772078275264
5,1596,ｱｳｸﾞｽ,ﾌﾞﾚｰﾒﾝ,Ensemble,A,H,False,0.355589233415163,0.23742304580208423,0.40698772078275264
5,1596,ﾗｲﾌﾟﾂｨ,ﾚｳﾞｧｰ,Ensemble,A,H,False,0.355589233415163,0.23742304580208423,0.40698772078275264
5,1596,ﾄﾃﾅﾑ,ﾘｳﾞｧﾌﾟ,Ensemble,A,H,False,0.355589233415163,0.23742304580208423,0.40698772078275264
5,1596,ﾌﾞﾗｲﾄﾝ,ｻﾝﾀﾞｰ,Ensemble,D,H,False,0.355589233415163,0.23742304580208423,0.40698772078275264
5,1596,ｹﾙﾝ,ｳﾆｵﾝ,Ensemble,A,H,False,0.355589233415163,0.23742304580208423,0.40698772078275264
5,1596,ﾆｭｶｯｽﾙ,ﾁｪﾙｼｰ,Ensemble,D,H,False,0.355589233415163,0.23742304580208423,0.40698772078275264
5,1596,ﾘｰｽﾞ,ｸﾘｽﾀﾙ,Ensemble,H,H,True,0.355589233415163,0.23742304580208423,0.40698772078275264
5,1596,ﾏﾝC,ｳｪｽﾄﾊﾑ,Ensemble,H,H,True,0.355589233415163,0.23742304580208423,0.40698772078275264
5,1597,ﾏﾝU,ﾆｭｶｯｽﾙ,Ensemble,H,H,True,0.355589233415163,0.23742304580208423,0.40698772078275264
5,1597,ﾉｯﾃｨﾝ,ﾏﾝC,Ensemble,A,H,False,0.355589233415163,0.23742304580208423,0.40698772078275264
5,1597,ﾘｳﾞｧﾌﾟ,ｳﾙｳﾞｧｰ,Ensemble,H,H,True,0.355589233415163,0.23742304580208423,0.40698772078275264
5,1597,ﾌﾞﾚﾝﾄ,ﾎﾞﾝﾏｳｽ,Ensemble,H,H,True,0.355589233415163,0.23742304580208423,0.40698772078275264
5,1597,ｱｰｾﾅﾙ,ﾌﾞﾗｲﾄﾝ,Ensemble,H,H,True,0.355589233415163,0.23742304580208423,0.40698772078275264
5,1598,ﾊﾞｰﾝﾘｰ,ﾆｭｶｯｽﾙ,Ensemble,A,H,False,0.355589233415163,0.23742304580208423,0.40698772078275264
5,1598,ﾁｪﾙｼｰ,ﾎﾞﾝﾏｳｽ,Ensemble,H,H,True,0.355589233415163,0.23742304580208423,0.40698772078275264
5,1598,ｳｪｽﾄﾊﾑ,ﾌﾞﾗｲﾄﾝ,Ensemble,A,H,False,0.355589233415163,0.23742304580208423,0.40698772078275264
5,1598,ｱｰｾﾅﾙ,ｱｽﾄﾝ,Ensemble,H,H,True,0.355589233415163,0.23742304580208423,0.40698772078275264
5,1598,ﾏﾝU,ｳﾙｳﾞｧｰ,Ensemble,D,H,False,0.355589233415163,0.23742304580208423,0.40698772078275264
5,1599,ﾌﾞﾚﾝﾄ,0,Ensemble,D,H,False,0.355589233415163,0.23742304580208423,0.40698772078275264
5,1599,ﾘｳﾞｧﾌﾟ,0,Ensemble,D,H,False,0.355589233415163,0.23742304580208423,0.40698772078275264
5,1599,ｸﾘｽﾀﾙ,1,Ensemble,H,H,True,0.355589233415163,0.23742304580208423,0.40698772078275264
5,1600,ﾆｭｶｯｽﾙ,ｸﾘｽﾀﾙ,Ensemble,H,H,True,0.355589233415163,0.23742304580208423,0.40698772078275264
5,1600,ﾘｰｽﾞ,ﾏﾝU,Ensemble,H,H,True,0.355589233415163,0.23742304580208423,0.40698772078275264
5,1600,ﾌﾗﾑ,ﾘｳﾞｧﾌﾟ,Ensemble,A,H,False,0.355589233415163,0.23742304580208423,0.40698772078275264
5,1600,ﾄﾃﾅﾑ,ｻﾝﾀﾞｰ,Ensemble,D,H,False,0.355589233415163,0.23742304580208423,0.40698772078275264
5,1600,ﾏﾝC,ﾁｪﾙｼｰ,Ensemble,D,H,False,0.355589233415163,0.23742304580208423,0.40698772078275264
5,1601,ｸﾘｽﾀﾙ,ｱｽﾄﾝ,Ensemble,A,H,False,0.355589233415163,0.23742304580208423,0.40698772078275264
5,1601,ﾎﾞﾝﾏｳｽ,ﾄﾃﾅﾑ,Ensemble,H,H,True,0.355589233415163,0.23742304580208423,0.40698772078275264
5,1601,ﾆｭｶｯｽﾙ,ﾘｰｽﾞ,Ensemble,H,H,True,0.355589233415163,0.23742304580208423,0.40698772078275264
5,1601,ﾏﾝC,ﾌﾞﾗｲﾄﾝ,Ensemble,D,H,False,0.355589233415163,0.23742304580208423,0.40698772078275264
5,1601,ﾌﾗﾑ,ﾁｪﾙｼｰ,Ensemble,H,H,True,0.355589233415163,0.23742304580208423,0.40698772078275264
5,1602,ﾌﾗﾝｸﾌﾙ,ﾄﾞﾙﾄ,Ensemble,H,H,True,0.355589233415163,0.23742304580208423,0.40698772078275264
5,1602,ﾌﾞﾚｰﾒﾝ,ﾎｯﾌｪﾝ,Ensemble,A,H,False,0.355589233415163,0.23742304580208423,0.40698772078275264
5,1602,ﾊﾞｲｴﾙﾝ,ｳﾞｫﾙﾌｽ,Ensemble,H,H,True,0.355589233415163,0.23742304580208423,0.40698772078275264
5,1602,ﾌﾗｲﾌﾞﾙ,ﾊﾝﾌﾞﾙｶ,Ensemble,H,H,True,0.355589233415163,0.23742304580208423,0.40698772078275264
5,1603,ﾁｪﾙｼｰ,ﾌﾞﾚﾝﾄ,Ensemble,H,H,True,0.355589233415163,0.23742304580208423,0.40698772078275264
5,1603,ﾏﾝU,ﾏﾝC,Ensemble,H,H,True,0.355589233415163,0.23742304580208423,0.40698772078275264
5,1603,ﾊﾝﾌﾞﾙｶ,ﾒﾝﾍﾝ,Ensemble,A,H,False,0.355589233415163,0.23742304580208423,0.40698772078275264
5,1603,ﾄﾞﾙﾄ,ﾊﾟｳﾘ,Ensemble,H,H,True,0.355589233415163,0.23742304580208423,0.40698772078275264
5,1603,ｹﾙﾝ,ﾏｲﾝﾂ,Ensemble,H,H,True,0.355589233415163,0.23742304580208423,0.40698772078275264
5,1603,ﾗｲﾌﾟﾂｨ,ﾊﾞｲｴﾙﾝ,Ensemble,A,H,False,0.355589233415163,0.23742304580208423,0.40698772078275264
5,1603,ﾎｯﾌｪﾝ,ﾚｳﾞｧｰ,Ensemble,H,H,True,0.355589233415163,0.23742304580208423,0.40698772078275264
5,1603,ｻﾝﾀﾞｰ,ｸﾘｽﾀﾙ,Ensemble,H,H,True,0.355589233415163,0.23742304580208423,0.40698772078275264
5,1603,ﾘｳﾞｧﾌﾟ,ﾊﾞｰﾝﾘｰ,Ensemble,D,H,False,0.355589233415163,0.23742304580208423,0.40698772078275264
5,1603,ｳﾞｫﾙﾌｽ,ﾊｲﾃﾞﾝﾊ,Ensemble,D,H,False,0.355589233415163,0.23742304580208423,0.40698772078275264
5,1603,ﾄﾃﾅﾑ,ｳｪｽﾄﾊﾑ,Ensemble,A,H,False,0.355589233415163,0.23742304580208423,0.40698772078275264
5,1603,ﾘｰｽﾞ,ﾌﾗﾑ,Ensemble,H,H,True,0.355589233415163,0.23742304580208423,0.40698772078275264
5,1603,ﾉｯﾃｨﾝ,ｱｰｾﾅﾙ,Ensemble,D,H,False,0.355589233415163,0.23742304580208423,0.40698772078275264
5,1604,ﾌﾗﾑ,ﾌﾞﾗｲﾄﾝ,Ensemble,H,H,True,0.355589233415163,0.23742304580208423,0.40698772078275264
5,1604,ﾎﾞﾝﾏｳｽ,ﾘｳﾞｧﾌﾟ,Ensemble,H,H,True,0.355589233415163,0.23742304580208423,0.40698772078275264
5,1604,ﾚｳﾞｧｰ,ﾌﾞﾚｰﾒﾝ,Ensemble,H,H,True,0.355589233415163,0.23742304580208423,0.40698772078275264
5,1604,ﾌﾗｲﾌﾞﾙ,ｹﾙﾝ,Ensemble,H,H,True,0.355589233415163,0.23742304580208423,0.40698772078275264
5,1604,ﾒﾝﾍﾝ,ｼｭﾂｯﾄ,Ensemble,A,H,False,0.355589233415163,0.23742304580208423,0.40698772078275264
5,1604,ﾊﾞｰﾝﾘｰ,ﾄﾃﾅﾑ,Ensemble,D,H,False,0.355589233415163,0.23742304580208423,0.40698772078275264
5,1604,ｸﾘｽﾀﾙ,ﾁｪﾙｼｰ,Ensemble,A,H,False,0.355589233415163,0.23742304580208423,0.40698772078275264
5,1604,ｱｰｾﾅﾙ,ﾏﾝU,Ensemble,A,H,False,0.355589233415163,0.23742304580208423,0.40698772078275264
5,1604,ﾏｲﾝﾂ,ｳﾞｫﾙﾌｽ,Ensemble,H,H,True,0.355589233415163,0.23742304580208423,0.40698772078275264
5,1604,ﾊｲﾃﾞﾝﾊ,ﾗｲﾌﾟﾂｨ,Ensemble,A,H,False,0.355589233415163,0.23742304580208423,0.40698772078275264
5,1604,ｳﾆｵﾝ,ﾄﾞﾙﾄ,Ensemble,A,H,False,0.355589233415163,0.23742304580208423,0.40698772078275264
5,1604,ﾌﾗﾝｸﾌﾙ,ﾎｯﾌｪﾝ,Ensemble,A,H,False,0.355589233415163,0.23742304580208423,0.40698772078275264
5,1604,ﾊﾞｲｴﾙﾝ,ｱｳｸﾞｽ,Ensemble,H,H,True,0.355589233415163,0.23742304580208423,0.40698772078275264
6,1605,ﾅﾎﾟﾘ,ﾁｪﾙｼｰ,RandomForest,A,H,False,0.34834932772446675,0.20277972803968278,0.4488709442358505
6,1605,ﾊﾞﾙｾﾛﾅ,ｺﾍﾟﾝﾊｰ,RandomForest,H,H,True,0.34834932772446675,0.20277972803968278,0.4488709442358505
6,1605,ﾄﾞﾙﾄ,ｲﾝﾃﾙ,RandomForest,A,H,False,0.34834932772446675,0.20277972803968278,0.4488709442358505
6,1605,ﾘｳﾞｧﾌﾟ,ｶﾗﾊﾞﾌ,RandomForest,H,H,True,0.34834932772446675,0.20277972803968278,0.4488709442358505
6,1605,ﾊﾟﾌｫｽ,ｽﾗｳﾞｨｱ,RandomForest,H,H,True,0.34834932772446675,0.20277972803968278,0.4488709442358505
6,1605,ﾌﾗﾝｸﾌﾙ,ﾄﾃﾅﾑ,RandomForest,A,H,False,0.34834932772446675,0.20277972803968278,0.4488709442358505
6,1605,ｱｲﾝﾄﾎｰ,ﾊﾞｲｴﾙﾝ,RandomForest,A,H,False,0.34834932772446675,0.20277972803968278,0.4488709442358505
6,1605,ﾋﾞﾙﾊﾞｵ,ｽﾎﾟﾙﾃｨ,RandomForest,A,H,False,0.34834932772446675,0.20277972803968278,0.4488709442358505
6,1605,ｻﾝｼﾞﾛﾜ,ｱﾀﾗﾝﾀ,RandomForest,H,H,True,0.34834932772446675,0.20277972803968278,0.4488709442358505
6,1605,ﾍﾞﾝﾌｨｶ,Rﾏﾄﾞﾘｰ,RandomForest,H,H,True,0.34834932772446675,0.20277972803968278,0.4488709442358505
6,1605,ﾊﾟﾘSG,ﾆｭｶｯｽﾙ,RandomForest,D,H,False,0.34834932772446675,0.20277972803968278,0.4488709442358505
6,1605,ｱｰｾﾅﾙ,ｶｲﾗﾄ,RandomForest,H,H,True,0.34834932772446675,0.20277972803968278,0.4488709442358505
6,1605,ﾓﾅｺ,ﾕｳﾞｪﾝﾄ,RandomForest,D,H,False,0.34834932772446675,0.20277972803968278,0.4488709442358505
6,1606,ﾗｲﾌﾟﾂｨ,ﾏｲﾝﾂ,RandomForest,A,H,False,0.34834932772446675,0.20277972803968278,0.4488709442358505
6,1606,ｱｳｸﾞｽ,ﾊﾟｳﾘ,RandomForest,H,H,True,0.34834932772446675,0.20277972803968278,0.4488709442358505
6,1606,ﾄﾞﾙﾄ,ﾊｲﾃﾞﾝﾊ,RandomForest,H,H,True,0.34834932772446675,0.20277972803968278,0.4488709442358505
6,1606,ｼｭﾂｯﾄ,ﾌﾗｲﾌﾞﾙ,RandomForest,H,H,True,0.34834932772446675,0.20277972803968278,0.4488709442358505
6,1606,ﾘｳﾞｧﾌﾟ,ﾆｭｶｯｽﾙ,RandomForest,H,H,True,0.34834932772446675,0.20277972803968278,0.4488709442358505
6,1606,ﾌﾞﾗｲﾄﾝ,ｴｳﾞｧﾄﾝ,RandomForest,D,H,False,0.34834932772446675,0.20277972803968278,0.4488709442358505
6,1606,ﾄﾃﾅﾑ,ﾏﾝC,RandomForest,D,H,False,0.34834932772446675,0.20277972803968278,0.4488709442358505
6,1606,ﾉｯﾃｨﾝ,ｸﾘｽﾀﾙ,RandomForest,D,H,False,0.34834932772446675,0.20277972803968278,0.4488709442358505
6,1606,ﾌﾗﾝｸﾌﾙ,ﾚｳﾞｧｰ,RandomForest,A,H,False,0.34834932772446675,0.20277972803968278,0.4488709442358505
6,1606,ﾎｯﾌｪﾝ,ｳﾆｵﾝ,RandomForest,H,H,True,0.34834932772446675,0.20277972803968278,0.4488709442358505
6,1606,ﾊﾝﾌﾞﾙｶ,ﾊﾞｲｴﾙﾝ,RandomForest,D,H,False,0.34834932772446675,0.20277972803968278,0.4488709442358505
6,1606,ﾌﾞﾚｰﾒﾝ,ﾒﾝﾍﾝ,RandomForest,H,H,True,0.34834932772446675,0.20277972803968278,0.4488709442358505
6,1606,ﾘｰｽﾞ,ｱｰｾﾅﾙ,RandomForest,A,H,False,0.34834932772446675,0.20277972803968278,0.4488709442358505
6,1607,横浜F・マリノス,2,RandomForest,H,H,True,0.14079678009368257,0.18660423218553507,0.6725989877207824
6,1607,京都サンガF.C.,1,RandomForest,H,H,True,0.2522384455060053,0.14634447256275598,0.6014170819312388
6,1607,V・ファーレン長崎,1,RandomForest,H,H,True,0.1717174119179474,0.1467432754366587,0.6815393126453938
6,1608,川崎フロンターレ,柏レイソル,RandomForest,H,A,False,0.3636463535148159,0.2746466402657095,0.36170700621947444
6,1608,東京ヴェルディ,水戸ホーリーホック,RandomForest,H,A,False,0.42807951110979625,0.2551578302068141,0.31676265868338954
6,1608,栃木シティ,ベガルタ仙台,RandomForest,A,A,True,0.5305910031378288,0.2225316310643327,0.2468773657978385
6,1608,名古屋グランパス,清水エスパルス,RandomForest,H,H,True,0.3211470752440294,0.19161974707780433,0.48723317767816626
6,1608,いわきFC,北海道コンサドーレ札幌,RandomForest,H,A,False,0.41314348489808667,0.1877704529848873,0.3990860621170262
6,1608,愛媛FC,アルビレックス新潟,RandomForest,A,H,False,0.3114465655161563,0.2690685624901702,0.4194848719936734
6,1608,横浜FC,モンテディオ山形,RandomForest,A,A,True,0.5491132649168878,0.20472760558846212,0.2461591294946501
6,1608,湘南ベルマーレ,ブラウブリッツ秋田,RandomForest,A,A,True,0.4680171254107255,0.16968521020460192,0.36229766438467254
6,1608,FC東京,鹿島アントラーズ,RandomForest,A,A,True,0.49926812039645047,0.27556366518475145,0.22516821441879806
6,1608,セレッソ大阪,ガンバ大阪,RandomForest,D,H,False,0.3615174015729918,0.1486784133091446,0.48980418511786367
6,1608,アビスパ福岡,ファジアーノ岡山,RandomForest,D,H,False,0.27075311367465715,0.2443769331228272,0.4848699532025157
6,1608,ジェフユナイテッド千葉,浦和レッズ,RandomForest,H,A,False,0.4065732313985631,0.2265999084927564,0.3668268601086806
6,1608,FC琉球,サガン鳥栖,RandomForest,D,A,False,0.5026248374309266,0.20613206273012086,0.2912430998389526
6,1609,徳島ヴォルティス,アルビレックス新潟,RandomForest,H,A,False,0.4596467252458191,0.24042216204449443,0.2999311127096864
6,1609,大宮,北海道コンサドーレ札幌,RandomForest,H,H,True,0.3833449736739584,0.23291834265955697,0.38373668366648467
6,1609,栃木シティ,ブラウブリッツ秋田,RandomForest,A,H,False,0.368123157394227,0.18060801781913882,0.45126882478663416
6,1609,ガンバ大阪,名古屋グランパス,RandomForest,D,H,False,0.353175553744526,0.17426667891196645,0.47255776734350746
6,1609,町田,水戸ホーリーホック,RandomForest,A,H,False,0.2941689609210665,0.24117627249457418,0.46465476658435934
6,1609,ジェフユナイテッド千葉,川崎フロンターレ,RandomForest,D,A,False,0.423109573814386,0.2468422818746282,0.3300481443109857
6,1609,FC東京,浦和レッズ,RandomForest,D,H,False,0.3245549953346848,0.17127737559413084,0.5041676290711844
6,1609,サンフレッチェ広島,ファジアーノ岡山,RandomForest,D,H,False,0.21402239870790848,0.27265281297238747,0.5133247883197041
6,1609,アビスパ福岡,セレッソ大阪,RandomForest,A,H,False,0.39075649671546325,0.18641172415887786,0.4228317791256588
6,1609,柏レイソル,東京ヴェルディ,RandomForest,A,H,False,0.3966952423891225,0.17491447548062852,0.42839028213024893
6,1609,鹿島アントラーズ,横浜F・マリノス,RandomForest,H,A,False,0.36773106739804506,0.29619513759938,0.3360737950025749
6,1609,清水エスパルス,京都サンガF.C.,RandomForest,H,A,False,0.5953108548901271,0.214379408694538,0.19030973641533483
6,1609,横浜FC,ベガルタ仙台,RandomForest,A,A,True,0.6599938249530815,0.18570592028085836,0.15430025476606019
6,1610,徳島ヴォルティス,富山,RandomForest,A,A,True,0.4285913749374198,0.22669675976692236,0.34471186529565795
6,1610,名古屋グランパス,V・ファーレン長崎,RandomForest,A,A,True,0.44319841163670204,0.23046885588020666,0.32633273248309114
6,1610,京都サンガF.C.,アビスパ福岡,RandomForest,H,A,False,0.4433337467078387,0.21176243755045057,0.34490381574171075
6,1610,水戸ホーリーホック,ジェフユナイテッド千葉,RandomForest,D,H,False,0.3675144276087256,0.1604390247880558,0.4720465476032185
6,1610,東京ヴェルディ,町田,RandomForest,D,H,False,0.36356166233963294,0.15076962072140918,0.48566871693895786
6,1610,藤枝MYFC,ヴァンフォーレ甲府,RandomForest,D,A,False,0.4617691398611206,0.24047062403916997,0.2977602360997094
6,1610,鹿島アントラーズ,柏レイソル,RandomForest,H,A,False,0.4029781177001717,0.25435503711499613,0.34266684518483204
6,1610,川崎フロンターレ,FC東京,RandomForest,A,H,False,0.30397185589711917,0.17426036274858836,0.5217677813542926
6,1610,横浜F・マリノス,浦和レッズ,RandomForest,H,H,True,0.3097896387438607,0.15277257125780402,0.5374377899983352
6,1610,清水エスパルス,ヴィッセル神戸,RandomForest,A,A,True,0.4185122164127931,0.22085446328387717,0.3606333203033296
6,1610,ファジアーノ岡山,ガンバ大阪,RandomForest,A,A,True,0.5471715283280474,0.2270282369998004,0.22580023467215224
6,1610,セレッソ大阪,サンフレッチェ広島,RandomForest,A,A,True,0.5323423873245374,0.2264401617943008,0.24121745088116187
6,1610,宮崎,サガン鳥栖,RandomForest,H,H,True,0.35326051085793003,0.1922316637299506,0.4545078254121194
6,1611,ﾊﾟﾘSG,ﾓﾅｺ,RandomForest,D,H,False,0.34834932772446675,0.20277972803968278,0.4488709442358505
6,1611,ｱﾀﾗﾝﾀ,ﾄﾞﾙﾄ,RandomForest,H,H,True,0.34834932772446675,0.20277972803968278,0.4488709442358505
6,1611,Rﾏﾄﾞﾘｰ,ﾍﾞﾝﾌｨｶ,RandomForest,H,H,True,0.34834932772446675,0.20277972803968278,0.4488709442358505
6,1611,ｲﾝﾃﾙ,ｸﾞﾘﾑﾄ,RandomForest,A,H,False,0.34834932772446675,0.20277972803968278,0.4488709442358505
6,1611,Aﾏﾄﾞﾘｰ,ﾌﾞﾙｯﾍ,RandomForest,H,H,True,0.34834932772446675,0.20277972803968278,0.4488709442358505
6,1612,町田,2,RandomForest,H,H,True,0.177152518288784,0.16373833690136708,0.659109144809849
6,1612,ヴィッセル神戸,2,RandomForest,A,H,False,0.2679516739625111,0.12481530846880927,0.6072330175686795
6,1612,サンフレッチェ広島,1,RandomForest,H,H,True,0.19017108474012534,0.2844543247927122,0.5253745904671625
6,1613,北海道コンサドーレ札幌,岐阜,RandomForest,A,A,True,0.4141027949750285,0.20008485118809893,0.3858123538368725
6,1613,FC今治,アルビレックス新潟,RandomForest,A,A,True,0.4843131257583235,0.21482520094810567,0.3008616732935707
6,1613,V・ファーレン長崎,セレッソ大阪,RandomForest,H,H,True,0.3892792829767444,0.1883959827261171,0.4223247342971386
6,1613,ガンバ大阪,清水エスパルス,RandomForest,A,H,False,0.3457798134123824,0.1844433682054859,0.46977681838213176
6,1613,横浜F・マリノス,東京ヴェルディ,RandomForest,H,H,True,0.28779120785923024,0.15622443620030502,0.5559843559404647
6,1613,ベガルタ仙台,八戸,RandomForest,D,H,False,0.28822757517705144,0.1943170500118467,0.5174553748111018
6,1613,FC東京,柏レイソル,RandomForest,A,H,False,0.3189789308808587,0.19618213019524805,0.4848389389238933
6,1613,浦和レッズ,鹿島アントラーズ,RandomForest,A,A,True,0.481841102629816,0.28913425673861337,0.22902464063157066
6,1613,川崎フロンターレ,水戸ホーリーホック,RandomForest,D,A,False,0.4105618025994944,0.1980913533191807,0.3913468440813249
6,1613,栃木シティ,湘南ベルマーレ,RandomForest,A,H,False,0.386655468160519,0.2209484834242979,0.3923960484151831
6,1613,いわきFC,藤枝MYFC,RandomForest,A,H,False,0.36028870729734147,0.2128656016791717,0.42684569102348685
6,1613,ファジアーノ岡山,名古屋グランパス,RandomForest,D,H,False,0.30798080433704594,0.20803649296649826,0.4839827026964559
6,1613,富山,FC大阪,RandomForest,D,H,False,0.3165195795093607,0.2328871605841711,0.45059325990646804
6,1614,藤枝MYFC,ジュビロ磐田,RandomForest,D,A,False,0.4584469813703662,0.22977470511127068,0.31177831351836305
6,1614,八戸,横浜FC,RandomForest,D,H,False,0.2878394790421003,0.2621296785976078,0.45003084236029206
6,1614,モンテディオ山形,ブラウブリッツ秋田,RandomForest,A,H,False,0.34929514114991805,0.16535489928290162,0.4853499595671803
6,1614,ベガルタ仙台,湘南ベルマーレ,RandomForest,D,H,False,0.25692283662208315,0.2287418718248884,0.5143352915530285
6,1614,セレッソ大阪,清水エスパルス,RandomForest,D,H,False,0.31829727770424054,0.164331410667131,0.5173713116286285
6,1614,ジェフユナイテッド千葉,柏レイソル,RandomForest,H,A,False,0.4048428325751756,0.21038935117912538,0.38476781624569917
6,1614,FC東京,横浜F・マリノス,RandomForest,H,A,False,0.419162913858856,0.19921112692045043,0.38162595922069353
6,1614,浦和レッズ,水戸ホーリーホック,RandomForest,H,A,False,0.454627774700616,0.17213371481551756,0.3732385104838665
6,1614,アビスパ福岡,名古屋グランパス,RandomForest,A,H,False,0.39568605007326935,0.15748541492517382,0.4468285350015568
6,1614,ファジアーノ岡山,京都サンガF.C.,RandomForest,H,A,False,0.5340774577999801,0.24185071611230619,0.22407182608771367
6,1614,鹿島アントラーズ,東京ヴェルディ,RandomForest,A,H,False,0.26514207418003854,0.27643833087652175,0.45841959494343965
6,1614,ガンバ大阪,V・ファーレン長崎,RandomForest,H,H,True,0.38532574905164263,0.1659595745830204,0.4487146763653369
6,1614,いわきFC,大宮,RandomForest,D,H,False,0.3347150562039363,0.23729922851466906,0.4279857152813947
6,1605,ﾅﾎﾟﾘ,ﾁｪﾙｼｰ,LightGBM,A,H,False,0.3219787894662901,0.3335023668764346,0.34451884365727536
6,1605,ﾊﾞﾙｾﾛﾅ,ｺﾍﾟﾝﾊｰ,LightGBM,H,H,True,0.3219787894662901,0.3335023668764346,0.34451884365727536
6,1605,ﾄﾞﾙﾄ,ｲﾝﾃﾙ,LightGBM,A,H,False,0.3219787894662901,0.3335023668764346,0.34451884365727536
6,1605,ﾘｳﾞｧﾌﾟ,ｶﾗﾊﾞﾌ,LightGBM,H,H,True,0.3219787894662901,0.3335023668764346,0.34451884365727536
6,1605,ﾊﾟﾌｫｽ,ｽﾗｳﾞｨｱ,LightGBM,H,H,True,0.3219787894662901,0.3335023668764346,0.34451884365727536
6,1605,ﾌﾗﾝｸﾌﾙ,ﾄﾃﾅﾑ,LightGBM,A,H,False,0.3219787894662901,0.3335023668764346,0.34451884365727536
6,1605,ｱｲﾝﾄﾎｰ,ﾊﾞｲｴﾙﾝ,LightGBM,A,H,False,0.3219787894662901,0.3335023668764346,0.34451884365727536
6,1605,ﾋﾞﾙﾊﾞｵ,ｽﾎﾟﾙﾃｨ,LightGBM,A,H,False,0.3219787894662901,0.3335023668764346,0.34451884365727536
6,1605,ｻﾝｼﾞﾛﾜ,ｱﾀﾗﾝﾀ,LightGBM,H,H,True,0.3219787894662901,0.3335023668764346,0.34451884365727536
6,1605,ﾍﾞﾝﾌｨｶ,Rﾏﾄﾞﾘｰ,LightGBM,H,H,True,0.3219787894662901,0.3335023668764346,0.34451884365727536
6,1605,ﾊﾟﾘSG,ﾆｭｶｯｽﾙ,LightGBM,D,H,False,0.3219787894662901,0.3335023668764346,0.34451884365727536
6,1605,ｱｰｾﾅﾙ,ｶｲﾗﾄ,LightGBM,H,H,True,0.3219787894662901,0.3335023668764346,0.34451884365727536
6,1605,ﾓﾅｺ,ﾕｳﾞｪﾝﾄ,LightGBM,D,H,False,0.3219787894662901,0.3335023668764346,0.34451884365727536
6,1606,ﾗｲﾌﾟﾂｨ,ﾏｲﾝﾂ,LightGBM,A,H,False,0.3219787894662901,0.3335023668764346,0.34451884365727536
6,1606,ｱｳｸﾞｽ,ﾊﾟｳﾘ,LightGBM,H,H,True,0.3219787894662901,0.3335023668764346,0.34451884365727536
6,1606,ﾄﾞﾙﾄ,ﾊｲﾃﾞﾝﾊ,LightGBM,H,H,True,0.3219787894662901,0.3335023668764346,0.34451884365727536
6,1606,ｼｭﾂｯﾄ,ﾌﾗｲﾌﾞﾙ,LightGBM,H,H,True,0.3219787894662901,0.3335023668764346,0.34451884365727536
6,1606,ﾘｳﾞｧﾌﾟ,ﾆｭｶｯｽﾙ,LightGBM,H,H,True,0.3219787894662901,0.3335023668764346,0.34451884365727536
6,1606,ﾌﾞﾗｲﾄﾝ,ｴｳﾞｧﾄﾝ,LightGBM,D,H,False,0.3219787894662901,0.3335023668764346,0.34451884365727536
6,1606,ﾄﾃﾅﾑ,ﾏﾝC,LightGBM,D,H,False,0.3219787894662901,0.3335023668764346,0.34451884365727536
6,1606,ﾉｯﾃｨﾝ,ｸﾘｽﾀﾙ,LightGBM,D,H,False,0.3219787894662901,0.3335023668764346,0.34451884365727536
6,1606,ﾌﾗﾝｸﾌﾙ,ﾚｳﾞｧｰ,LightGBM,A,H,False,0.3219787894662901,0.3335023668764346,0.34451884365727536
6,1606,ﾎｯﾌｪﾝ,ｳﾆｵﾝ,LightGBM,H,H,True,0.3219787894662901,0.3335023668764346,0.34451884365727536
6,1606,ﾊﾝﾌﾞﾙｶ,ﾊﾞｲｴﾙﾝ,LightGBM,D,H,False,0.3219787894662901,0.3335023668764346,0.34451884365727536
6,1606,ﾌﾞﾚｰﾒﾝ,ﾒﾝﾍﾝ,LightGBM,H,H,True,0.3219787894662901,0.3335023668764346,0.34451884365727536
6,1606,ﾘｰｽﾞ,ｱｰｾﾅﾙ,LightGBM,A,H,False,0.3219787894662901,0.3335023668764346,0.34451884365727536
6,1607,横浜F・マリノス,2,LightGBM,H,D,False,0.10725351735816087,0.5891292213812906,0.30361726126054844
6,1607,京都サンガF.C.,1,LightGBM,H,H,True,0.1711381869294415,0.24507044418879345,0.5837913688817651
6,1607,V・ファーレン長崎,1,LightGBM,H,H,True,0.03501980676700855,0.06984245447586208,0.8951377387571294
6,1608,川崎フロンターレ,柏レイソル,LightGBM,H,D,False,0.24522969601713515,0.4652907067669518,0.2894795972159132
6,1608,東京ヴェルディ,水戸ホーリーホック,LightGBM,H,A,False,0.4915881708190499,0.33267885486348703,0.1757329743174631
6,1608,栃木シティ,ベガルタ仙台,LightGBM,A,A,True,0.7442456812124857,0.11315479720942635,0.142599521578088
6,1608,名古屋グランパス,清水エスパルス,LightGBM,H,H,True,0.2013566560146534,0.2357498810776749,0.5628934629076717
6,1608,いわきFC,北海道コンサドーレ札幌,LightGBM,H,A,False,0.5254516797789862,0.18680031820343523,0.28774800201757855
6,1608,愛媛FC,アルビレックス新潟,LightGBM,A,D,False,0.2503779560686198,0.47938627264834077,0.27023577128303955
6,1608,横浜FC,モンテディオ山形,LightGBM,A,A,True,0.6314103049067504,0.15042967057269194,0.21816002452055763
6,1608,湘南ベルマーレ,ブラウブリッツ秋田,LightGBM,A,A,True,0.7394779752331705,0.0669372108491278,0.19358481391770174
6,1608,FC東京,鹿島アントラーズ,LightGBM,A,A,True,0.4330313888071578,0.3887592113826533,0.17820939981018888
6,1608,セレッソ大阪,ガンバ大阪,LightGBM,D,A,False,0.4691399890195663,0.07954622702559289,0.45131378395484095
6,1608,アビスパ福岡,ファジアーノ岡山,LightGBM,D,D,True,0.14791597726939687,0.4380719577712807,0.41401206495932247
6,1608,ジェフユナイテッド千葉,浦和レッズ,LightGBM,H,A,False,0.5004532192627686,0.19042568513335892,0.3091210956038724
6,1608,FC琉球,サガン鳥栖,LightGBM,D,A,False,0.49143453184049546,0.27194696775890803,0.23661850040059654
6,1609,徳島ヴォルティス,アルビレックス新潟,LightGBM,H,A,False,0.8063519052258009,0.1382227859257899,0.055425308848409106
6,1609,大宮,北海道コンサドーレ札幌,LightGBM,H,D,False,0.4206444011130464,0.4237462461776393,0.15560935270931436
6,1609,栃木シティ,ブラウブリッツ秋田,LightGBM,A,H,False,0.3942601305098069,0.19171947684106783,0.41402039264912527
6,1609,ガンバ大阪,名古屋グランパス,LightGBM,D,H,False,0.2768152989502881,0.32902065402694464,0.39416404702276725
6,1609,町田,水戸ホーリーホック,LightGBM,A,H,False,0.22794092224787935,0.3770236044850581,0.3950354732670626
6,1609,ジェフユナイテッド千葉,川崎フロンターレ,LightGBM,D,A,False,0.6028855585110563,0.2925241878126533,0.1045902536762904
6,1609,FC東京,浦和レッズ,LightGBM,D,H,False,0.33079333805274175,0.23454657162873793,0.4346600903185204
6,1609,サンフレッチェ広島,ファジアーノ岡山,LightGBM,D,D,True,0.1549657203411013,0.6733852719658255,0.17164900769307323
6,1609,アビスパ福岡,セレッソ大阪,LightGBM,A,A,True,0.38013003318670385,0.24342102930399068,0.37644893750930547
6,1609,柏レイソル,東京ヴェルディ,LightGBM,A,A,True,0.4004050485516499,0.21981140262070703,0.3797835488276431
6,1609,鹿島アントラーズ,横浜F・マリノス,LightGBM,H,D,False,0.2832124026271006,0.5337305986700771,0.18305699870282235
6,1609,清水エスパルス,京都サンガF.C.,LightGBM,H,A,False,0.7825769404255536,0.1414897697996864,0.07593328977476001
6,1609,横浜FC,ベガルタ仙台,LightGBM,A,A,True,0.8320668499725961,0.09103019129373421,0.07690295873366979
6,1610,徳島ヴォルティス,富山,LightGBM,A,A,True,0.48685470081260135,0.31726313333817485,0.19588216584922383
6,1610,名古屋グランパス,V・ファーレン長崎,LightGBM,A,A,True,0.5968547723248501,0.17787441179079055,0.22527081588435946
6,1610,京都サンガF.C.,アビスパ福岡,LightGBM,H,A,False,0.6807732358487698,0.2241215071615154,0.09510525698971489
6,1610,水戸ホーリーホック,ジェフユナイテッド千葉,LightGBM,D,H,False,0.3182131252119778,0.1409965597148026,0.5407903150732196
6,1610,東京ヴェルディ,町田,LightGBM,D,H,False,0.3177487402818346,0.09217052310946447,0.590080736608701
6,1610,藤枝MYFC,ヴァンフォーレ甲府,LightGBM,D,A,False,0.6371173433912948,0.31833094706857357,0.0445517095401317
6,1610,鹿島アントラーズ,柏レイソル,LightGBM,H,D,False,0.3473260440560926,0.52435691057297,0.12831704537093744
6,1610,川崎フロンターレ,FC東京,LightGBM,A,H,False,0.25918843500679745,0.35296198617814967,0.3878495788150529
6,1610,横浜F・マリノス,浦和レッズ,LightGBM,H,A,False,0.5289470629942531,0.12683385535440825,0.34421908165133863
6,1610,清水エスパルス,ヴィッセル神戸,LightGBM,A,A,True,0.4301598409025247,0.25636852387479475,0.3134716352226805
6,1610,ファジアーノ岡山,ガンバ大阪,LightGBM,A,A,True,0.8142562472572753,0.08007245089638641,0.10567130184633838
6,1610,セレッソ大阪,サンフレッチェ広島,LightGBM,A,A,True,0.6270611049720232,0.19575050228350338,0.17718839274447348
6,1610,宮崎,サガン鳥栖,LightGBM,H,H,True,0.28917982482620286,0.1557153198949291,0.555104855278868
6,1611,ﾊﾟﾘSG,ﾓﾅｺ,LightGBM,D,H,False,0.3219787894662901,0.3335023668764346,0.34451884365727536
6,1611,ｱﾀﾗﾝﾀ,ﾄﾞﾙﾄ,LightGBM,H,H,True,0.3219787894662901,0.3335023668764346,0.34451884365727536
6,1611,Rﾏﾄﾞﾘｰ,ﾍﾞﾝﾌｨｶ,LightGBM,H,H,True,0.3219787894662901,0.3335023668764346,0.34451884365727536
6,1611,ｲﾝﾃﾙ,ｸﾞﾘﾑﾄ,LightGBM,A,H,False,0.3219787894662901,0.3335023668764346,0.34451884365727536
6,1611,Aﾏﾄﾞﾘｰ,ﾌﾞﾙｯﾍ,LightGBM,H,H,True,0.3219787894662901,0.3335023668764346,0.34451884365727536
6,1612,町田,2,LightGBM,H,H,True,0.05180406833046583,0.0931095060950078,0.8550864255745264
6,1612,ヴィッセル神戸,2,LightGBM,A,H,False,0.18520889927813167,0.043084633728961666,0.7717064669929067
6,1612,サンフレッチェ広島,1,LightGBM,H,D,False,0.033981568965568684,0.5249449063535774,0.4410735246808539
6,1613,北海道コンサドーレ札幌,岐阜,LightGBM,A,H,False,0.244145990440197,0.3224380956883278,0.4334159138714752
6,1613,FC今治,アルビレックス新潟,LightGBM,A,A,True,0.8262201965407261,0.10263209647816765,0.07114770698110631
6,1613,V・ファーレン長崎,セレッソ大阪,LightGBM,H,A,False,0.42674558525170314,0.15163343806699822,0.42162097668129855
6,1613,ガンバ大阪,清水エスパルス,LightGBM,A,H,False,0.18684416759717776,0.16711490737529566,0.6460409250275266
6,1613,横浜F・マリノス,東京ヴェルディ,LightGBM,H,H,True,0.32019524035312596,0.1919249794579255,0.48787978018894856
6,1613,ベガルタ仙台,八戸,LightGBM,D,H,False,0.2965300364583035,0.29668107744371,0.40678888609798647
6,1613,FC東京,柏レイソル,LightGBM,A,H,False,0.24559369994588381,0.11495276206695061,0.6394535379871656
6,1613,浦和レッズ,鹿島アントラーズ,LightGBM,A,D,False,0.38943439073957975,0.4351967495366862,0.1753688597237341
6,1613,川崎フロンターレ,水戸ホーリーホック,LightGBM,D,A,False,0.38080683364804907,0.37557675878399427,0.24361640756795672
6,1613,栃木シティ,湘南ベルマーレ,LightGBM,A,A,True,0.3636256383651909,0.34140710126667995,0.2949672603681292
6,1613,いわきFC,藤枝MYFC,LightGBM,A,D,False,0.21130808550429664,0.41253957634025773,0.37615233815544563
6,1613,ファジアーノ岡山,名古屋グランパス,LightGBM,D,H,False,0.33689292115695646,0.15482920035654985,0.5082778784864938
6,1613,富山,FC大阪,LightGBM,D,D,True,0.3997258268158283,0.4304118536786452,0.1698623195055265
6,1614,藤枝MYFC,ジュビロ磐田,LightGBM,D,A,False,0.5776771767812258,0.3402081243201057,0.0821146988986684
6,1614,八戸,横浜FC,LightGBM,D,D,True,0.23514064453862443,0.4232656938580747,0.34159366160330085
6,1614,モンテディオ山形,ブラウブリッツ秋田,LightGBM,A,A,True,0.39259568943441053,0.2199701634843706,0.38743414708121887
6,1614,ベガルタ仙台,湘南ベルマーレ,LightGBM,D,H,False,0.1837369118060644,0.4073981917493449,0.4088648964445908
6,1614,セレッソ大阪,清水エスパルス,LightGBM,D,H,False,0.39567230226817085,0.18100462129420158,0.4233230764376276
6,1614,ジェフユナイテッド千葉,柏レイソル,LightGBM,H,A,False,0.4287508564036894,0.16307767639301204,0.4081714672032986
6,1614,FC東京,横浜F・マリノス,LightGBM,H,H,True,0.37757044283161934,0.24192202414098393,0.38050753302739676
6,1614,浦和レッズ,水戸ホーリーホック,LightGBM,H,A,False,0.5744637103482876,0.12561908149219522,0.2999172081595172
6,1614,アビスパ福岡,名古屋グランパス,LightGBM,A,A,True,0.4675045523236502,0.25877712777365175,0.2737183199026982
6,1614,ファジアーノ岡山,京都サンガF.C.,LightGBM,H,A,False,0.6671697241386122,0.11229114894626603,0.22053912691512176
6,1614,鹿島アントラーズ,東京ヴェルディ,LightGBM,A,D,False,0.12397030276900757,0.5640257141813906,0.31200398304960186
6,1614,ガンバ大阪,V・ファーレン長崎,LightGBM,H,H,True,0.41233734728426175,0.12130003376390135,0.4663626189518369
6,1614,いわきFC,大宮,LightGBM,D,D,True,0.23293308097826357,0.49165931364397913,0.2754076053777574
6,1605,ﾅﾎﾟﾘ,ﾁｪﾙｼｰ,Ensemble,A,H,False,0.34043816624701373,0.24199651969070832,0.4175653140622779
6,1605,ﾊﾞﾙｾﾛﾅ,ｺﾍﾟﾝﾊｰ,Ensemble,H,H,True,0.34043816624701373,0.24199651969070832,0.4175653140622779
6,1605,ﾄﾞﾙﾄ,ｲﾝﾃﾙ,Ensemble,A,H,False,0.34043816624701373,0.24199651969070832,0.4175653140622779
6,1605,ﾘｳﾞｧﾌﾟ,ｶﾗﾊﾞﾌ,Ensemble,H,H,True,0.34043816624701373,0.24199651969070832,0.4175653140622779
6,1605,ﾊﾟﾌｫｽ,ｽﾗｳﾞｨｱ,Ensemble,H,H,True,0.34043816624701373,0.24199651969070832,0.4175653140622779
6,1605,ﾌﾗﾝｸﾌﾙ,ﾄﾃﾅﾑ,Ensemble,A,H,False,0.34043816624701373,0.24199651969070832,0.4175653140622779
6,1605,ｱｲﾝﾄﾎｰ,ﾊﾞｲｴﾙﾝ,Ensemble,A,H,False,0.34043816624701373,0.24199651969070832,0.4175653140622779
6,1605,ﾋﾞﾙﾊﾞｵ,ｽﾎﾟﾙﾃｨ,Ensemble,A,H,False,0.34043816624701373,0.24199651969070832,0.4175653140622779
6,1605,ｻﾝｼﾞﾛﾜ,ｱﾀﾗﾝﾀ,Ensemble,H,H,True,0.34043816624701373,0.24199651969070832,0.4175653140622779
6,1605,ﾍﾞﾝﾌｨｶ,Rﾏﾄﾞﾘｰ,Ensemble,H,H,True,0.34043816624701373,0.24199651969070832,0.4175653140622779
6,1605,ﾊﾟﾘSG,ﾆｭｶｯｽﾙ,Ensemble,D,H,False,0.34043816624701373,0.24199651969070832,0.4175653140622779
6,1605,ｱｰｾﾅﾙ,ｶｲﾗﾄ,Ensemble,H,H,True,0.34043816624701373,0.24199651969070832,0.4175653140622779
6,1605,ﾓﾅｺ,ﾕｳﾞｪﾝﾄ,Ensemble,D,H,False,0.34043816624701373,0.24199651969070832,0.4175653140622779
6,1606,ﾗｲﾌﾟﾂｨ,ﾏｲﾝﾂ,Ensemble,A,H,False,0.34043816624701373,0.24199651969070832,0.4175653140622779
6,1606,ｱｳｸﾞｽ,ﾊﾟｳﾘ,Ensemble,H,H,True,0.34043816624701373,0.24199651969070832,0.4175653140622779
6,1606,ﾄﾞﾙﾄ,ﾊｲﾃﾞﾝﾊ,Ensemble,H,H,True,0.34043816624701373,0.24199651969070832,0.4175653140622779
6,1606,ｼｭﾂｯﾄ,ﾌﾗｲﾌﾞﾙ,Ensemble,H,H,True,0.34043816624701373,0.24199651969070832,0.4175653140622779
6,1606,ﾘｳﾞｧﾌﾟ,ﾆｭｶｯｽﾙ,Ensemble,H,H,True,0.34043816624701373,0.24199651969070832,0.4175653140622779
6,1606,ﾌﾞﾗｲﾄﾝ,ｴｳﾞｧﾄﾝ,Ensemble,D,H,False,0.34043816624701373,0.24199651969070832,0.4175653140622779
6,1606,ﾄﾃﾅﾑ,ﾏﾝC,Ensemble,D,H,False,0.34043816624701373,0.24199651969070832,0.4175653140622779
6,1606,ﾉｯﾃｨﾝ,ｸﾘｽﾀﾙ,Ensemble,D,H,False,0.34043816624701373,0.24199651969070832,0.4175653140622779
6,1606,ﾌﾗﾝｸﾌﾙ,ﾚｳﾞｧｰ,Ensemble,A,H,False,0.34043816624701373,0.24199651969070832,0.4175653140622779
6,1606,ﾎｯﾌｪﾝ,ｳﾆｵﾝ,Ensemble,H,H,True,0.34043816624701373,0.24199651969070832,0.4175653140622779
6,1606,ﾊﾝﾌﾞﾙｶ,ﾊﾞｲｴﾙﾝ,Ensemble,D,H,False,0.34043816624701373,0.24199651969070832,0.4175653140622779
6,1606,ﾌﾞﾚｰﾒﾝ,ﾒﾝﾍﾝ,Ensemble,H,H,True,0.34043816624701373,0.24199651969070832,0.4175653140622779
6,1606,ﾘｰｽﾞ,ｱｰｾﾅﾙ,Ensemble,A,H,False,0.34043816624701373,0.24199651969070832,0.4175653140622779
6,1607,横浜F・マリノス,2,Ensemble,H,H,True,0.13073380127302606,0.3073617289442617,0.5619044697827121
6,1607,京都サンガF.C.,1,Ensemble,H,H,True,0.22790836793303618,0.1759622640505672,0.5961293680163966
6,1607,V・ファーレン長崎,1,Ensemble,H,H,True,0.13070813037266574,0.1236730291484197,0.7456188404789145
6,1608,川崎フロンターレ,柏レイソル,Ensemble,H,H,True,0.32812135626551164,0.33183986021608214,0.340038783518406
6,1608,東京ヴェルディ,水戸ホーリーホック,Ensemble,H,A,False,0.44713210902257233,0.27841413760381595,0.2744537533736116
6,1608,栃木シティ,ベガルタ仙台,Ensemble,A,A,True,0.5946874065602258,0.1897185809078608,0.21559401253191335
6,1608,名古屋グランパス,清水エスパルス,Ensemble,H,H,True,0.2852099494752166,0.2048587872777655,0.5099312632470179
6,1608,いわきFC,北海道コンサドーレ札幌,Ensemble,H,A,False,0.4468359433623565,0.18747941255045164,0.36568464408719187
6,1608,愛媛FC,アルビレックス新潟,Ensemble,A,H,False,0.2931259826818953,0.33216387553762133,0.37471014178048323
6,1608,横浜FC,モンテディオ山形,Ensemble,A,A,True,0.5738023769138466,0.18843822508373104,0.23775939800242235
6,1608,湘南ベルマーレ,ブラウブリッツ秋田,Ensemble,A,A,True,0.549455380357459,0.13886081039795967,0.3116838092445813
6,1608,FC東京,鹿島アントラーズ,Ensemble,A,A,True,0.47939710091966264,0.30952232904412197,0.21108057003621528
6,1608,セレッソ大阪,ガンバ大阪,Ensemble,D,H,False,0.3938041778069641,0.1279387574240791,0.4782570647689568
6,1608,アビスパ福岡,ファジアーノ岡山,Ensemble,D,H,False,0.23390197275307906,0.30248544051736326,0.4636125867295577
6,1608,ジェフユナイテッド千葉,浦和レッズ,Ensemble,H,A,False,0.43473722775782475,0.21574764148493716,0.3495151307572381
6,1608,FC琉球,サガン鳥栖,Ensemble,D,A,False,0.4992677457537972,0.22587653423875698,0.27485572000744574
6,1609,徳島ヴォルティス,アルビレックス新潟,Ensemble,H,A,False,0.5636582792398136,0.20976234920888306,0.22657937155130323
6,1609,大宮,北海道コンサドーレ札幌,Ensemble,H,A,False,0.3945348019056848,0.2901667137149816,0.31529848437933355
6,1609,栃木シティ,ブラウブリッツ秋田,Ensemble,A,H,False,0.37596424932890093,0.18394145552571753,0.44009429514538145
6,1609,ガンバ大阪,名古屋グランパス,Ensemble,D,H,False,0.3302674773062546,0.2206928714464599,0.4490396512472854
6,1609,町田,水戸ホーリーホック,Ensemble,A,H,False,0.2743005493191103,0.28193047209171934,0.4437689785891703
6,1609,ジェフユナイテッド千葉,川崎フロンターレ,Ensemble,D,A,False,0.47704236922338705,0.2605468536560357,0.26241077712057714
6,1609,FC東京,浦和レッズ,Ensemble,D,H,False,0.3264264981501019,0.19025813440451295,0.48331536744538517
6,1609,サンフレッチェ広島,ファジアーノ岡山,Ensemble,D,H,False,0.1963053951978663,0.3928725506704189,0.4108220541317148
6,1609,アビスパ福岡,セレッソ大阪,Ensemble,A,H,False,0.3875685576568354,0.2035145157024117,0.40891692664075274
6,1609,柏レイソル,東京ヴェルディ,Ensemble,A,H,False,0.3978081842378807,0.18838355362265208,0.4138082621394672
6,1609,鹿島アントラーズ,横浜F・マリノス,Ensemble,H,D,False,0.3423754679667617,0.3674557759205891,0.29016875611264914
6,1609,清水エスパルス,京都サンガF.C.,Ensemble,H,A,False,0.651490680550755,0.19251251702608252,0.15599680242316236
6,1609,横浜FC,ベガルタ仙台,Ensemble,A,A,True,0.7116157324589358,0.1573032015847211,0.13108106595634306
6,1610,徳島ヴォルティス,富山,Ensemble,A,A,True,0.44607037269997424,0.2538666718382981,0.3000629554617277
6,1610,名古屋グランパス,V・ファーレン長崎,Ensemble,A,A,True,0.48929531984314645,0.21469052265338182,0.2960141575034716
6,1610,京都サンガF.C.,アビスパ福岡,Ensemble,H,A,False,0.514565593450118,0.21547015843377004,0.26996424811611197
6,1610,水戸ホーリーホック,ジェフユナイテッド千葉,Ensemble,D,H,False,0.3527240368897012,0.15460628526607983,0.49266967784421883
6,1610,東京ヴェルディ,町田,Ensemble,D,H,False,0.34981778572229344,0.13318989143782575,0.5169923228398807
6,1610,藤枝MYFC,ヴァンフォーレ甲府,Ensemble,D,A,False,0.5143736009201728,0.26382872094799104,0.2217976781318361
6,1610,鹿島アントラーズ,柏レイソル,Ensemble,H,A,False,0.38628249560694794,0.3353555991523883,0.2783619052406636
6,1610,川崎フロンターレ,FC東京,Ensemble,A,H,False,0.29053682963002264,0.22787084977745675,0.48159232059252066
6,1610,横浜F・マリノス,浦和レッズ,Ensemble,H,H,True,0.3755368660189784,0.14499095648678528,0.4794721774942362
6,1610,清水エスパルス,ヴィッセル神戸,Ensemble,A,A,True,0.4220065037597126,0.23150868146115244,0.3464848147791349
6,1610,ファジアーノ岡山,ガンバ大阪,Ensemble,A,A,True,0.6272969440068157,0.1829415011687762,0.18976155482440807
6,1610,セレッソ大阪,サンフレッチェ広島,Ensemble,A,A,True,0.5607580026187831,0.21723326394106157,0.22200873344015534
6,1610,宮崎,サガン鳥栖,Ensemble,H,H,True,0.33403630504841186,0.18127676057944414,0.48468693437214394
6,1611,ﾊﾟﾘSG,ﾓﾅｺ,Ensemble,D,H,False,0.34043816624701373,0.24199651969070832,0.4175653140622779
6,1611,ｱﾀﾗﾝﾀ,ﾄﾞﾙﾄ,Ensemble,H,H,True,0.34043816624701373,0.24199651969070832,0.4175653140622779
6,1611,Rﾏﾄﾞﾘｰ,ﾍﾞﾝﾌｨｶ,Ensemble,H,H,True,0.34043816624701373,0.24199651969070832,0.4175653140622779
6,1611,ｲﾝﾃﾙ,ｸﾞﾘﾑﾄ,Ensemble,A,H,False,0.34043816624701373,0.24199651969070832,0.4175653140622779
6,1611,Aﾏﾄﾞﾘｰ,ﾌﾞﾙｯﾍ,Ensemble,H,H,True,0.34043816624701373,0.24199651969070832,0.4175653140622779
6,1612,町田,2,Ensemble,H,H,True,0.13954798330128854,0.14254968765945927,0.7179023290392521
6,1612,ヴィッセル神戸,2,Ensemble,A,H,False,0.24312884155719727,0.10029610604685499,0.6565750523959476
6,1612,サンフレッチェ広島,1,Ensemble,H,H,True,0.14331423000775834,0.35660149926097173,0.5000842707312699
6,1613,北海道コンサドーレ札幌,岐阜,Ensemble,A,H,False,0.36311575361457904,0.23679082453816758,0.40009342184725327
6,1613,FC今治,アルビレックス新潟,Ensemble,A,A,True,0.5868852469930442,0.18116726960712426,0.2319474833998314
6,1613,V・ファーレン長崎,セレッソ大阪,Ensemble,H,H,True,0.40051917365923206,0.17736721932838143,0.4221136070123866
6,1613,ガンバ大阪,清水エスパルス,Ensemble,A,H,False,0.298099119667821,0.17924482995642882,0.5226560503757502
6,1613,横浜F・マリノス,東京ヴェルディ,Ensemble,H,H,True,0.29751241760739894,0.16693459917759115,0.5355529832150099
6,1613,ベガルタ仙台,八戸,Ensemble,D,H,False,0.290718313561427,0.22502625824140565,0.48425542819716716
6,1613,FC東京,柏レイソル,Ensemble,A,H,False,0.29696336160036624,0.1718133197567588,0.531223318642875
6,1613,浦和レッズ,鹿島アントラーズ,Ensemble,A,A,True,0.4541190890627451,0.3329530045780352,0.21292790635921968
6,1613,川崎フロンターレ,水戸ホーリーホック,Ensemble,D,A,False,0.40163531191406077,0.2513369749586248,0.3470277131273144
6,1613,栃木シティ,湘南ベルマーレ,Ensemble,A,A,True,0.37974651922192054,0.2570860687770125,0.3631674120010669
6,1613,いわきFC,藤枝MYFC,Ensemble,A,H,False,0.315594520759428,0.2727677940774975,0.4116376851630745
6,1613,ファジアーノ岡山,名古屋グランパス,Ensemble,D,H,False,0.31665443938301907,0.1920743051835137,0.4912712554334673
6,1613,富山,FC大阪,Ensemble,D,H,False,0.34148145370130095,0.29214456851251336,0.3663739777861856
6,1614,藤枝MYFC,ジュビロ磐田,Ensemble,D,A,False,0.49421603999362407,0.2629047308739212,0.24287922913245463
6,1614,八戸,横浜FC,Ensemble,D,H,False,0.2720298286910575,0.3104704831757478,0.4174996881331947
6,1614,モンテディオ山形,ブラウブリッツ秋田,Ensemble,A,H,False,0.3622853056352658,0.18173947854334233,0.45597521582139183
6,1614,ベガルタ仙台,湘南ベルマーレ,Ensemble,D,H,False,0.23496705917727753,0.28233876780222533,0.4826941730204971
6,1614,セレッソ大阪,清水エスパルス,Ensemble,D,H,False,0.3415097850734196,0.16933337385525216,0.4891568410713282
6,1614,ジェフユナイテッド千葉,柏レイソル,Ensemble,H,A,False,0.41201523972372966,0.19619584874329138,0.39178891153297896
6,1614,FC東京,横浜F・マリノス,Ensemble,H,A,False,0.406685172550685,0.21202439608661047,0.38129043136270446
6,1614,浦和レッズ,水戸ホーリーホック,Ensemble,H,A,False,0.49057855539491746,0.15817932481852087,0.3512421197865617
6,1614,アビスパ福岡,名古屋グランパス,Ensemble,A,A,True,0.4172316007483836,0.18787292877971717,0.3948954704718992
6,1614,ファジアーノ岡山,京都サンガF.C.,Ensemble,H,A,False,0.5740051377015697,0.2029828459624941,0.2230120163359361
6,1614,鹿島アントラーズ,東京ヴェルディ,Ensemble,A,H,False,0.22279054275672924,0.36271454586798235,0.41449491137528827
6,1614,ガンバ大阪,V・ファーレン長崎,Ensemble,H,H,True,0.39342922852142836,0.1525617123372847,0.45400905914128686
6,1614,いわきFC,大宮,Ensemble,D,H,False,0.30418046363623447,0.31360725405346207,0.38221228231030346
7,1615,Aﾏﾄﾞﾘｰ,ﾄﾃﾅﾑ,RandomForest,A,H,False,0.3404876536791902,0.20639605572169814,0.45311629059911157
7,1615,Rﾏﾄﾞﾘｰ,ﾏﾝC,RandomForest,H,H,True,0.3404876536791902,0.20639605572169814,0.45311629059911157
7,1615,ｱﾀﾗﾝﾀ,ﾊﾞｲｴﾙﾝ,RandomForest,H,H,True,0.3404876536791902,0.20639605572169814,0.45311629059911157
7,1615,ﾊﾟﾘSG,ﾁｪﾙｼｰ,RandomForest,H,H,True,0.3404876536791902,0.20639605572169814,0.45311629059911157
7,1615,ｸﾞﾘﾑﾄ,ｽﾎﾟﾙﾃｨ,RandomForest,H,H,True,0.3404876536791902,0.20639605572169814,0.45311629059911157
7,1616,サンフレッチェ広島,ガンバ大阪,RandomForest,H,H,True,0.35838626298860776,0.23538077940238797,0.4062329576090043
7,1616,V・ファーレン長崎,アビスパ福岡,RandomForest,H,H,True,0.3536659188744288,0.1807810971915056,0.46555298393406574
7,1616,水戸ホーリーホック,FC東京,RandomForest,D,H,False,0.31678280944759546,0.20764685052586532,0.4755703400265392
7,1616,横浜F・マリノス,ジェフユナイテッド千葉,RandomForest,H,H,True,0.3407813037285898,0.1914506434967774,0.4677680527746329
7,1616,東京ヴェルディ,浦和レッズ,RandomForest,H,H,True,0.3616400032746757,0.15628150578833275,0.4820784909369915
7,1616,京都サンガF.C.,セレッソ大阪,RandomForest,A,A,True,0.4312659189519737,0.13763300258185726,0.431101078466169
7,1616,鹿島アントラーズ,川崎フロンターレ,RandomForest,H,H,True,0.34372666622002457,0.23291015267171608,0.4233631811082594
7,1616,名古屋グランパス,ヴィッセル神戸,RandomForest,A,A,True,0.4705221603566844,0.19897353469978626,0.33050430494352934
7,1616,柏レイソル,町田,RandomForest,A,H,False,0.25024086334800266,0.15349722144537192,0.5962619152066254
7,1616,清水エスパルス,ファジアーノ岡山,RandomForest,D,H,False,0.30529560777119485,0.20560036654486186,0.4891040256839434
7,1616,ジュビロ磐田,北海道コンサドーレ札幌,RandomForest,A,A,True,0.4245204866391235,0.22636675008223733,0.3491127632786392
7,1616,八戸,栃木シティ,RandomForest,A,H,False,0.2888691350876625,0.3135433809375029,0.39758748397483457
7,1616,宮崎,大分,RandomForest,H,H,True,0.2623453983013495,0.19021370423128675,0.5474408974673638
7,1617,町田,鹿島アントラーズ,RandomForest,A,A,True,0.45436927501296515,0.2461839700477057,0.29944675493932926
7,1617,セレッソ大阪,ファジアーノ岡山,RandomForest,H,H,True,0.3302387676559312,0.18017937387292002,0.4895818584711487
7,1617,ジェフユナイテッド千葉,FC東京,RandomForest,A,A,True,0.43548942336015506,0.17594993003881707,0.3885606466010279
7,1617,アビスパ福岡,清水エスパルス,RandomForest,A,H,False,0.3542355978386046,0.19159624742645712,0.45416815473493827
7,1617,名古屋グランパス,サンフレッチェ広島,RandomForest,H,A,False,0.6216034379342825,0.16991284926499275,0.20848371280072486
7,1618,清水エスパルス,サンフレッチェ広島,RandomForest,A,A,True,0.4689142722237244,0.287669063488695,0.24341666428758066
7,1618,ファジアーノ岡山,V・ファーレン長崎,RandomForest,H,A,False,0.47965301581978437,0.1779593190309867,0.342387665149229
7,1618,アビスパ福岡,ガンバ大阪,RandomForest,D,A,False,0.45862979613274707,0.21474262468738867,0.32662757917986424
7,1618,鹿島アントラーズ,ジェフユナイテッド千葉,RandomForest,H,H,True,0.3364209436586099,0.2439547465555023,0.4196243097858879
7,1618,セレッソ大阪,ヴィッセル神戸,RandomForest,D,H,False,0.3892595713034286,0.21633890929427618,0.3944015194022953
7,1618,柏レイソル,水戸ホーリーホック,RandomForest,H,H,True,0.33922608954615463,0.1984397856139602,0.46233412483988523
7,1618,川崎フロンターレ,横浜F・マリノス,RandomForest,A,H,False,0.33160250027782906,0.19785725449971553,0.4705402452224555
7,1618,北海道コンサドーレ札幌,ヴァンフォーレ甲府,RandomForest,H,H,True,0.28642630094274774,0.28381617968287665,0.4297575193743756
7,1618,FC今治,徳島ヴォルティス,RandomForest,H,A,False,0.4684953226925868,0.2186823324746811,0.3128223448327322
7,1618,ブラウブリッツ秋田,八戸,RandomForest,H,A,False,0.42805910047030005,0.24036671397293005,0.33157418555676993
7,1618,東京ヴェルディ,FC東京,RandomForest,D,H,False,0.3375756672964683,0.18454460628952807,0.4778797264140035
7,1618,京都サンガF.C.,名古屋グランパス,RandomForest,D,H,False,0.3579988883936884,0.1859978888007402,0.45600322280557143
7,1618,浦和レッズ,町田,RandomForest,A,H,False,0.33150798645675894,0.17117396233655563,0.49731805120668554
7,1619,滋賀,宮崎,RandomForest,H,H,True,0.3107840921228182,0.2605554846428934,0.4286604232342883
7,1619,富山,FC今治,RandomForest,D,A,False,0.5100985552420516,0.3002657668596921,0.18963567789825625
7,1619,八戸,相模原,RandomForest,D,A,False,0.5271354651142811,0.20706394386514662,0.26580059102057224
7,1619,ヴァンフォーレ甲府,大宮,RandomForest,A,A,True,0.548217829483247,0.23886497581346544,0.2129171947032874
7,1619,ブラウブリッツ秋田,ベガルタ仙台,RandomForest,D,A,False,0.3868003266031204,0.2957773728309077,0.3174223005659717
7,1619,藤枝MYFC,北海道コンサドーレ札幌,RandomForest,D,A,False,0.41785290243935597,0.302580555332562,0.2795665422280821
7,1619,いわきFC,ジュビロ磐田,RandomForest,H,H,True,0.3348899178071473,0.3005081494875794,0.3646019327052732
7,1619,モンテディオ山形,栃木シティ,RandomForest,A,H,False,0.3158393217809965,0.27198949044756787,0.41217118777143563
7,1619,鳥取,サガン鳥栖,RandomForest,A,A,True,0.44767988172872186,0.17267518784676933,0.3796449304245088
7,1619,山口,大分,RandomForest,H,H,True,0.21070735519447942,0.19503038191544886,0.5942622628900718
7,1619,FC大阪,アルビレックス新潟,RandomForest,D,A,False,0.41699914798520477,0.2605989713476646,0.32240188066713066
7,1619,徳島ヴォルティス,高知,RandomForest,H,H,True,0.3656687721455513,0.19633071456119922,0.43800051329324946
7,1619,横浜FC,湘南ベルマーレ,RandomForest,H,H,True,0.3297263135934521,0.21989653707028192,0.450377149336266
7,1620,ジェフユナイテッド千葉,東京ヴェルディ,RandomForest,H,H,True,0.3881095411883545,0.20142832950658346,0.410462129305062
7,1620,柏レイソル,横浜F・マリノス,RandomForest,H,H,True,0.30358340057816285,0.17132595323111507,0.5250906461907221
7,1620,名古屋グランパス,セレッソ大阪,RandomForest,A,A,True,0.4865783042790422,0.17554759013849552,0.3378741055824624
7,1620,ガンバ大阪,京都サンガF.C.,RandomForest,H,H,True,0.3763180798416701,0.18278166821785424,0.44090025194047555
7,1620,サンフレッチェ広島,アビスパ福岡,RandomForest,A,H,False,0.3102704164215428,0.2044546667224844,0.48527491685597274
7,1620,ジュビロ磐田,ヴァンフォーレ甲府,RandomForest,H,A,False,0.3989097644614157,0.24731009291975428,0.35378014261883
7,1620,水戸ホーリーホック,鹿島アントラーズ,RandomForest,D,A,False,0.5212680482696948,0.23906577351092606,0.23966617821937905
7,1620,V・ファーレン長崎,清水エスパルス,RandomForest,A,H,False,0.3689378282831788,0.17411322617791025,0.45694894553891097
7,1620,ファジアーノ岡山,ヴィッセル神戸,RandomForest,A,A,True,0.4822369230210156,0.17273230896858227,0.3450307680104021
7,1620,FC東京,町田,RandomForest,D,H,False,0.3110605483203417,0.21736185601991911,0.4715775956597392
7,1620,八戸,モンテディオ山形,RandomForest,A,H,False,0.3252674570210245,0.2796521694483531,0.3950803735306224
7,1620,川崎フロンターレ,浦和レッズ,RandomForest,H,H,True,0.3692718343752072,0.195981450655748,0.4347467149690447
7,1620,サガン鳥栖,大分,RandomForest,A,H,False,0.2942292631591133,0.15719702454335868,0.5485737122975279
7,1621,ガンバ大阪,セレッソ大阪,RandomForest,A,H,False,0.3625513909533882,0.160500201810608,0.4769484072360039
7,1621,アビスパ福岡,V・ファーレン長崎,RandomForest,H,H,True,0.30933553770386835,0.23337420920225743,0.4572902530938742
7,1621,ヴィッセル神戸,名古屋グランパス,RandomForest,H,A,False,0.37645416301819545,0.2777771415017209,0.34576869548008365
7,1621,横浜F・マリノス,FC東京,RandomForest,A,H,False,0.34415254428823344,0.1642906922874334,0.49155676342433313
7,1621,京都サンガF.C.,ファジアーノ岡山,RandomForest,H,H,True,0.35253215859878456,0.19723813707160587,0.4502297043296097
7,1621,町田,柏レイソル,RandomForest,H,H,True,0.33802042043461183,0.15667365660333707,0.5053059229620511
7,1621,モンテディオ山形,横浜FC,RandomForest,H,A,False,0.4111203828393932,0.18917139847288403,0.3997082186877229
7,1621,ブラウブリッツ秋田,湘南ベルマーレ,RandomForest,A,A,True,0.37672657793025854,0.3262585902846046,0.2970148317851368
7,1621,ヴァンフォーレ甲府,北海道コンサドーレ札幌,RandomForest,H,A,False,0.6723961156362666,0.1747453823359781,0.15285850202775544
7,1621,ジェフユナイテッド千葉,水戸ホーリーホック,RandomForest,H,H,True,0.33415612544686213,0.22329554024315817,0.44254833430997975
7,1621,浦和レッズ,東京ヴェルディ,RandomForest,D,A,False,0.45449685508429,0.17410965164172584,0.3713934932739841
7,1621,サンフレッチェ広島,清水エスパルス,RandomForest,A,A,True,0.4153778383573231,0.19493319480068097,0.38968896684199605
7,1621,川崎フロンターレ,鹿島アントラーズ,RandomForest,A,A,True,0.5300937581287073,0.20242417408111174,0.2674820677901809
7,1622,鹿島アントラーズ,浦和レッズ,RandomForest,H,H,True,0.226480084289222,0.2719697497804893,0.5015501659302887
7,1622,名古屋グランパス,アビスパ福岡,RandomForest,D,A,False,0.5428285019199841,0.20444211218087066,0.2527293858991452
7,1622,水戸ホーリーホック,柏レイソル,RandomForest,H,H,True,0.3420588952598406,0.19468563153888552,0.46325547320127386
7,1622,横浜F・マリノス,川崎フロンターレ,RandomForest,H,H,True,0.3266800125912018,0.17143227700492691,0.5018877104038714
7,1622,ガンバ大阪,ファジアーノ岡山,RandomForest,D,H,False,0.37571966315795546,0.2075323956875908,0.4167479411544536
7,1622,東京ヴェルディ,ジェフユナイテッド千葉,RandomForest,H,H,True,0.32559842325888283,0.1625222094580442,0.511879367283073
7,1622,ベガルタ仙台,栃木シティ,RandomForest,H,A,False,0.42729530148501804,0.23349756215841266,0.3392071363565693
7,1622,ヴァンフォーレ甲府,藤枝MYFC,RandomForest,A,A,True,0.5839125036428803,0.16403226684339312,0.2520552295137267
7,1622,ブラウブリッツ秋田,横浜FC,RandomForest,A,A,True,0.46170351922087133,0.22604706146485593,0.3122494193142727
7,1622,モンテディオ山形,八戸,RandomForest,H,H,True,0.2939587458835786,0.2677335154984133,0.43830773861800815
7,1622,大宮,ジュビロ磐田,RandomForest,A,A,True,0.4078998129874394,0.21398893894684212,0.37811124806571866
7,1622,アルビレックス新潟,FC今治,RandomForest,H,A,False,0.46416775637304575,0.1975382543101437,0.3382939893168106
7,1622,セレッソ大阪,京都サンガF.C.,RandomForest,A,H,False,0.3535749727185918,0.24223577353701928,0.4041892537443889
7,1624,清水エスパルス,名古屋グランパス,RandomForest,A,H,False,0.3241826308266831,0.1989140526013894,0.47690331657192747
7,1624,ファジアーノ岡山,アビスパ福岡,RandomForest,H,A,False,0.4386020391563569,0.1957772318960594,0.3656207289475836
7,1624,藤枝MYFC,大宮,RandomForest,D,A,False,0.38725029370707803,0.2887759106672152,0.32397379562570683
7,1624,相模原,湘南ベルマーレ,RandomForest,D,A,False,0.4998776748753022,0.1957449955564405,0.3043773295682572
7,1624,ベガルタ仙台,モンテディオ山形,RandomForest,H,A,False,0.3967958816561783,0.244153365323161,0.35905075302066075
7,1624,北海道コンサドーレ札幌,いわきFC,RandomForest,H,H,True,0.29018052418199414,0.23655454807961987,0.473264927738386
7,1624,アルビレックス新潟,FC大阪,RandomForest,H,A,False,0.3606676832601453,0.2927684910162691,0.3465638257235857
7,1624,V・ファーレン長崎,ガンバ大阪,RandomForest,D,A,False,0.3953112637699823,0.21448931456458656,0.39019942166543115
7,1624,川崎フロンターレ,ジェフユナイテッド千葉,RandomForest,H,H,True,0.31286933694148744,0.19231534487296278,0.49481531818554986
7,1624,浦和レッズ,横浜F・マリノス,RandomForest,A,A,True,0.43713392905793497,0.17608427681357847,0.38678179412848657
7,1624,宮崎,鹿児島,RandomForest,H,A,False,0.3857368005906357,0.3460376133378041,0.26822558607156033
7,1624,福島,ヴァンフォーレ甲府,RandomForest,A,A,True,0.45874848527172574,0.22156353308334448,0.3196879816449297
7,1624,FC今治,富山,RandomForest,A,A,True,0.43135972241216197,0.19313626638250483,0.3755040112053332
7,1625,東京ヴェルディ,鹿島アントラーズ,RandomForest,H,A,False,0.6103770464231996,0.1775550593734289,0.21206789420337138
7,1625,清水エスパルス,V・ファーレン長崎,RandomForest,H,H,True,0.28701064308626234,0.2298627775958726,0.48312657931786507
7,1625,水戸ホーリーホック,町田,RandomForest,D,H,False,0.3218510683387309,0.1712080126229617,0.5069409190383074
7,1625,京都サンガF.C.,ガンバ大阪,RandomForest,D,H,False,0.3548600857016686,0.19356794204720934,0.45157197225112194
7,1625,名古屋グランパス,ファジアーノ岡山,RandomForest,D,H,False,0.30147275206277696,0.22094445656457598,0.47758279137264714
7,1625,ジェフユナイテッド千葉,横浜F・マリノス,RandomForest,A,H,False,0.4085569575207009,0.1814063604723327,0.4100366820069665
7,1625,富山,アルビレックス新潟,RandomForest,H,H,True,0.30743654910433715,0.28713826002088494,0.4054251908747781
7,1625,アビスパ福岡,サンフレッチェ広島,RandomForest,D,A,False,0.423073877753932,0.2395041878227095,0.33742193442335844
7,1625,浦和レッズ,川崎フロンターレ,RandomForest,H,A,False,0.5100148459682916,0.16098442569307655,0.329000728338632
7,1625,ヴィッセル神戸,セレッソ大阪,RandomForest,A,H,False,0.35371257440275655,0.18728092388366602,0.45900650171357743
7,1625,北海道コンサドーレ札幌,藤枝MYFC,RandomForest,H,A,False,0.4485729890735328,0.16459733835545526,0.3868296725710118
7,1625,ブラウブリッツ秋田,モンテディオ山形,RandomForest,H,H,True,0.2985814635662217,0.20438121349740837,0.49703732293637004
7,1625,柏レイソル,FC東京,RandomForest,A,H,False,0.34671232536671365,0.1623668378845152,0.49092083674877107
7,1615,Aﾏﾄﾞﾘｰ,ﾄﾃﾅﾑ,LightGBM,A,H,False,0.3192558425729968,0.32628462278311,0.3544595346438932
7,1615,Rﾏﾄﾞﾘｰ,ﾏﾝC,LightGBM,H,H,True,0.3192558425729968,0.32628462278311,0.3544595346438932
7,1615,ｱﾀﾗﾝﾀ,ﾊﾞｲｴﾙﾝ,LightGBM,H,H,True,0.3192558425729968,0.32628462278311,0.3544595346438932
7,1615,ﾊﾟﾘSG,ﾁｪﾙｼｰ,LightGBM,H,H,True,0.3192558425729968,0.32628462278311,0.3544595346438932
7,1615,ｸﾞﾘﾑﾄ,ｽﾎﾟﾙﾃｨ,LightGBM,H,H,True,0.3192558425729968,0.32628462278311,0.3544595346438932
7,1616,サンフレッチェ広島,ガンバ大阪,LightGBM,H,H,True,0.24434485203490255,0.22518685232568186,0.5304682956394157
7,1616,V・ファーレン長崎,アビスパ福岡,LightGBM,H,H,True,0.3130133523513831,0.1296084244038801,0.5573782232447368
7,1616,水戸ホーリーホック,FC東京,LightGBM,D,H,False,0.21564000201229094,0.17384309372665985,0.6105169042610493
7,1616,横浜F・マリノス,ジェフユナイテッド千葉,LightGBM,H,H,True,0.18341418504524928,0.1581254244355835,0.6584603905191673
7,1616,東京ヴェルディ,浦和レッズ,LightGBM,H,A,False,0.4810935091241503,0.2185287328841866,0.30037775799166316
7,1616,京都サンガF.C.,セレッソ大阪,LightGBM,A,A,True,0.5188880608328885,0.12361530721777605,0.3574966319493354
7,1616,鹿島アントラーズ,川崎フロンターレ,LightGBM,H,H,True,0.24949323519096753,0.23967969979847292,0.5108270650105596
7,1616,名古屋グランパス,ヴィッセル神戸,LightGBM,A,A,True,0.47980255947497036,0.07577499725614577,0.44442244326888386
7,1616,柏レイソル,町田,LightGBM,A,H,False,0.20487558682533136,0.14241494762292944,0.6527094655517393
7,1616,清水エスパルス,ファジアーノ岡山,LightGBM,D,H,False,0.30267319362932477,0.1452094518894425,0.5521173544812328
7,1616,ジュビロ磐田,北海道コンサドーレ札幌,LightGBM,A,D,False,0.3392222222464528,0.4653146417222845,0.19546313603126259
7,1616,八戸,栃木シティ,LightGBM,A,D,False,0.15565059874465006,0.5963853920847973,0.24796400917055264
7,1616,宮崎,大分,LightGBM,H,D,False,0.10979818617958,0.5912410864075602,0.29896072741285984
7,1617,町田,鹿島アントラーズ,LightGBM,A,A,True,0.693979947672587,0.13057427549275918,0.1754457768346539
7,1617,セレッソ大阪,ファジアーノ岡山,LightGBM,H,H,True,0.36712416940166565,0.1772269242317563,0.455648906366578
7,1617,ジェフユナイテッド千葉,FC東京,LightGBM,A,A,True,0.48490465202550903,0.13621374179922374,0.3788816061752673
7,1617,アビスパ福岡,清水エスパルス,LightGBM,A,A,True,0.5391616225655282,0.15047269804767968,0.3103656793867921
7,1617,名古屋グランパス,サンフレッチェ広島,LightGBM,H,A,False,0.7913060452717405,0.08249346017664555,0.12620049455161403
7,1618,清水エスパルス,サンフレッチェ広島,LightGBM,A,D,False,0.3526521949717202,0.37451115906336485,0.2728366459649149
7,1618,ファジアーノ岡山,V・ファーレン長崎,LightGBM,H,A,False,0.5925053784068405,0.1456348734610346,0.26185974813212504
7,1618,アビスパ福岡,ガンバ大阪,LightGBM,D,A,False,0.4156933776681668,0.30808492025472867,0.27622170207710456
7,1618,鹿島アントラーズ,ジェフユナイテッド千葉,LightGBM,H,D,False,0.24767754238666,0.4997516350526319,0.25257082256070806
7,1618,セレッソ大阪,ヴィッセル神戸,LightGBM,D,D,True,0.32538840036892963,0.5366528467010324,0.13795875293003793
7,1618,柏レイソル,水戸ホーリーホック,LightGBM,H,H,True,0.30420796120103577,0.24865195626821243,0.44714008253075177
7,1618,川崎フロンターレ,横浜F・マリノス,LightGBM,A,H,False,0.190258955628392,0.15615475725970826,0.6535862871118997
7,1618,北海道コンサドーレ札幌,ヴァンフォーレ甲府,LightGBM,H,D,False,0.12605212442767222,0.6533130370303383,0.22063483854198948
7,1618,FC今治,徳島ヴォルティス,LightGBM,H,A,False,0.5281943555396724,0.2192918440328184,0.2525138004275092
7,1618,ブラウブリッツ秋田,八戸,LightGBM,H,A,False,0.6454681147119956,0.25432689069615055,0.10020499459185385
7,1618,東京ヴェルディ,FC東京,LightGBM,D,H,False,0.29583899182004475,0.29980817078171557,0.4043528373982397
7,1618,京都サンガF.C.,名古屋グランパス,LightGBM,D,A,False,0.41185744684978765,0.3068098042940671,0.28133274885614523
7,1618,浦和レッズ,町田,LightGBM,A,H,False,0.40978684198165233,0.16833252462532827,0.42188063339301946
7,1619,滋賀,宮崎,LightGBM,H,H,True,0.2530273967385448,0.3597270998387241,0.3872455034227311
7,1619,富山,FC今治,LightGBM,D,A,False,0.5571930995203186,0.4108275618253909,0.031979338654290625
7,1619,八戸,相模原,LightGBM,D,A,False,0.5881080714922529,0.20377732246540278,0.20811460604234436
7,1619,ヴァンフォーレ甲府,大宮,LightGBM,A,A,True,0.6733324841995181,0.1334810324305898,0.19318648336989205
7,1619,ブラウブリッツ秋田,ベガルタ仙台,LightGBM,D,D,True,0.34902596138269426,0.3942188948933133,0.25675514372399244
7,1619,藤枝MYFC,北海道コンサドーレ札幌,LightGBM,D,A,False,0.5284964376236815,0.33103696706945135,0.14046659530686714
7,1619,いわきFC,ジュビロ磐田,LightGBM,H,D,False,0.3471216227498925,0.46712242948585275,0.18575594776425486
7,1619,モンテディオ山形,栃木シティ,LightGBM,A,D,False,0.23929552222619827,0.4746333377676947,0.28607114000610717
7,1619,鳥取,サガン鳥栖,LightGBM,A,H,False,0.45306639040108326,0.06293858947757856,0.4839950201213383
7,1619,山口,大分,LightGBM,H,H,True,0.17266414784689527,0.1781650777834132,0.6491707743696915
7,1619,FC大阪,アルビレックス新潟,LightGBM,D,A,False,0.42459240066011594,0.26756533597224363,0.30784226336764053
7,1619,徳島ヴォルティス,高知,LightGBM,H,H,True,0.3000425246196361,0.18064175698871382,0.51931571839165
7,1619,横浜FC,湘南ベルマーレ,LightGBM,H,H,True,0.2633044294686343,0.3499715081290536,0.3867240624023121
7,1620,ジェフユナイテッド千葉,東京ヴェルディ,LightGBM,H,A,False,0.39785235940483205,0.2891409660258319,0.3130066745693362
7,1620,柏レイソル,横浜F・マリノス,LightGBM,H,H,True,0.18278681637401106,0.22971953905614068,0.5874936445698482
7,1620,名古屋グランパス,セレッソ大阪,LightGBM,A,H,False,0.37840160035794046,0.1477727953743343,0.47382560426772524
7,1620,ガンバ大阪,京都サンガF.C.,LightGBM,H,H,True,0.38839347504582034,0.20294888694027155,0.4086576380139081
7,1620,サンフレッチェ広島,アビスパ福岡,LightGBM,A,D,False,0.30233051939329686,0.38537064880797983,0.3122988317987233
7,1620,ジュビロ磐田,ヴァンフォーレ甲府,LightGBM,H,A,False,0.5637483444346735,0.13510298501731602,0.3011486705480105
7,1620,水戸ホーリーホック,鹿島アントラーズ,LightGBM,D,A,False,0.605747024647264,0.2386583017541131,0.15559467359862286
7,1620,V・ファーレン長崎,清水エスパルス,LightGBM,A,H,False,0.3795357091679728,0.22875879428215412,0.391705496549873
7,1620,ファジアーノ岡山,ヴィッセル神戸,LightGBM,A,A,True,0.5049882806220191,0.20533498487292876,0.28967673450505227
7,1620,FC東京,町田,LightGBM,D,A,False,0.35518741945809645,0.34530134836354615,0.29951123217835746
7,1620,八戸,モンテディオ山形,LightGBM,A,A,True,0.4292547661227369,0.3615465450236393,0.20919868885362375
7,1620,川崎フロンターレ,浦和レッズ,LightGBM,H,A,False,0.5870420944192416,0.15841222609910716,0.2545456794816513
7,1620,サガン鳥栖,大分,LightGBM,A,H,False,0.2828420515296193,0.0890485022548596,0.6281094462155211
7,1621,ガンバ大阪,セレッソ大阪,LightGBM,A,H,False,0.3595547481986061,0.14667668854296892,0.4937685632584251
7,1621,アビスパ福岡,V・ファーレン長崎,LightGBM,H,D,False,0.27572030889116206,0.46192236314750695,0.2623573279613311
7,1621,ヴィッセル神戸,名古屋グランパス,LightGBM,H,D,False,0.1972857294614949,0.5028569098401782,0.2998573606983269
7,1621,横浜F・マリノス,FC東京,LightGBM,A,H,False,0.3338406485952431,0.1384617885445267,0.5276975628602302
7,1621,京都サンガF.C.,ファジアーノ岡山,LightGBM,H,H,True,0.3460878759551289,0.24713310388969328,0.4067790201551779
7,1621,町田,柏レイソル,LightGBM,H,H,True,0.429263705111851,0.09230948428187256,0.4784268106062764
7,1621,モンテディオ山形,横浜FC,LightGBM,H,D,False,0.26436718069875625,0.41806658905760496,0.31756623024363884
7,1621,ブラウブリッツ秋田,湘南ベルマーレ,LightGBM,A,D,False,0.3367695963226268,0.562738119164602,0.10049228451277123
7,1621,ヴァンフォーレ甲府,北海道コンサドーレ札幌,LightGBM,H,A,False,0.8784778384767801,0.061183419042240714,0.06033874248097932
7,1621,ジェフユナイテッド千葉,水戸ホーリーホック,LightGBM,H,H,True,0.3261474732925998,0.2766269427976257,0.39722558390977464
7,1621,浦和レッズ,東京ヴェルディ,LightGBM,D,A,False,0.6137218710005629,0.14767595693339614,0.23860217206604095
7,1621,サンフレッチェ広島,清水エスパルス,LightGBM,A,A,True,0.47207404155995847,0.14707288043513025,0.38085307800491136
7,1621,川崎フロンターレ,鹿島アントラーズ,LightGBM,A,A,True,0.6731880859540927,0.10671826146941794,0.22009365257648927
7,1622,鹿島アントラーズ,浦和レッズ,LightGBM,H,H,True,0.24425930716458197,0.2999542082734079,0.45578648456201015
7,1622,名古屋グランパス,アビスパ福岡,LightGBM,D,A,False,0.6725915537927637,0.1886168411183157,0.13879160508892066
7,1622,水戸ホーリーホック,柏レイソル,LightGBM,H,H,True,0.2819798679494218,0.17545219221483557,0.5425679398357427
7,1622,横浜F・マリノス,川崎フロンターレ,LightGBM,H,H,True,0.29643885270997494,0.1742358091172039,0.5293253381728211
7,1622,ガンバ大阪,ファジアーノ岡山,LightGBM,D,H,False,0.336900226494529,0.26282653978389603,0.4002732337215749
7,1622,東京ヴェルディ,ジェフユナイテッド千葉,LightGBM,H,A,False,0.43485294032772365,0.25877932005677695,0.30636773961549946
7,1622,ベガルタ仙台,栃木シティ,LightGBM,H,A,False,0.531937192730191,0.3111842476662718,0.15687855960353722
7,1622,ヴァンフォーレ甲府,藤枝MYFC,LightGBM,A,A,True,0.7097767715046,0.03835476233032487,0.25186846616507524
7,1622,ブラウブリッツ秋田,横浜FC,LightGBM,A,A,True,0.47931488789420373,0.38601009711738443,0.13467501498841183
7,1622,モンテディオ山形,八戸,LightGBM,H,D,False,0.25256786499489564,0.43117855910910013,0.3162535758960043
7,1622,大宮,ジュビロ磐田,LightGBM,A,A,True,0.3755569406018676,0.3182388571746574,0.306204202223475
7,1622,アルビレックス新潟,FC今治,LightGBM,H,A,False,0.4874545403917939,0.2389274077803785,0.27361805182782767
7,1622,セレッソ大阪,京都サンガF.C.,LightGBM,A,D,False,0.30785420833857363,0.5730673903630497,0.11907840129837677
7,1624,清水エスパルス,名古屋グランパス,LightGBM,A,H,False,0.3165284009938921,0.1830687125188611,0.5004028864872467
7,1624,ファジアーノ岡山,アビスパ福岡,LightGBM,H,D,False,0.20255128924595947,0.4865132391417074,0.31093547161233315
7,1624,藤枝MYFC,大宮,LightGBM,D,D,True,0.2982364339374108,0.5510700958885955,0.15069347017399365
7,1624,相模原,湘南ベルマーレ,LightGBM,D,A,False,0.6642221356860194,0.08017052870469957,0.25560733560928117
7,1624,ベガルタ仙台,モンテディオ山形,LightGBM,H,A,False,0.5068148717138128,0.24262372340175486,0.2505614048844324
7,1624,北海道コンサドーレ札幌,いわきFC,LightGBM,H,D,False,0.25670587907028836,0.4779073652943895,0.2653867556353222
7,1624,アルビレックス新潟,FC大阪,LightGBM,H,D,False,0.3870280650005053,0.4664531594150656,0.14651877558442908
7,1624,V・ファーレン長崎,ガンバ大阪,LightGBM,D,A,False,0.46191544502240517,0.17397133520146446,0.36411321977613026
7,1624,川崎フロンターレ,ジェフユナイテッド千葉,LightGBM,H,H,True,0.2901132147335019,0.18530776556253836,0.5245790197039597
7,1624,浦和レッズ,横浜F・マリノス,LightGBM,A,H,False,0.4019116944763692,0.13140422256319953,0.4666840829604313
7,1624,宮崎,鹿児島,LightGBM,H,D,False,0.22679747919882426,0.6725046791171481,0.10069784168402761
7,1624,福島,ヴァンフォーレ甲府,LightGBM,A,A,True,0.49508377900401856,0.236463611441714,0.2684526095542674
7,1624,FC今治,富山,LightGBM,A,A,True,0.6568338422440856,0.20390937521904337,0.13925678253687102
7,1625,東京ヴェルディ,鹿島アントラーズ,LightGBM,H,A,False,0.8843942876269769,0.07397084958768384,0.04163486278533931
7,1625,清水エスパルス,V・ファーレン長崎,LightGBM,H,D,False,0.1786557896100957,0.5426942150723749,0.27864999531752943
7,1625,水戸ホーリーホック,町田,LightGBM,D,H,False,0.22597065525044333,0.10895752387163625,0.6650718208779204
7,1625,京都サンガF.C.,ガンバ大阪,LightGBM,D,H,False,0.2903574541439936,0.26725715772678615,0.44238538812922024
7,1625,名古屋グランパス,ファジアーノ岡山,LightGBM,D,H,False,0.36940530205809646,0.23814274905817034,0.39245194888373325
7,1625,ジェフユナイテッド千葉,横浜F・マリノス,LightGBM,A,A,True,0.36029370674764916,0.2924419913173419,0.34726430193500907
7,1625,富山,アルビレックス新潟,LightGBM,H,D,False,0.21551742676815913,0.6395436057591822,0.1449389674726587
7,1625,アビスパ福岡,サンフレッチェ広島,LightGBM,D,D,True,0.3182115184215372,0.4329058801402695,0.24888260143819335
7,1625,浦和レッズ,川崎フロンターレ,LightGBM,H,A,False,0.5491752932654497,0.14120811750064277,0.30961658923390756
7,1625,ヴィッセル神戸,セレッソ大阪,LightGBM,A,H,False,0.2563681375198916,0.2497162218967538,0.4939156405833547
7,1625,北海道コンサドーレ札幌,藤枝MYFC,LightGBM,H,H,True,0.39223124823711203,0.07657718498377401,0.5311915667791139
7,1625,ブラウブリッツ秋田,モンテディオ山形,LightGBM,H,H,True,0.17269820830595073,0.15687077117214504,0.6704310205219043
7,1625,柏レイソル,FC東京,LightGBM,A,A,True,0.5396023391722728,0.12791250319032466,0.33248515763740255
7,1615,Aﾏﾄﾞﾘｰ,ﾄﾃﾅﾑ,Ensemble,A,H,False,0.33411811034733213,0.2423626258401217,0.423519263812546
7,1615,Rﾏﾄﾞﾘｰ,ﾏﾝC,Ensemble,H,H,True,0.33411811034733213,0.2423626258401217,0.423519263812546
7,1615,ｱﾀﾗﾝﾀ,ﾊﾞｲｴﾙﾝ,Ensemble,H,H,True,0.33411811034733213,0.2423626258401217,0.423519263812546
7,1615,ﾊﾟﾘSG,ﾁｪﾙｼｰ,Ensemble,H,H,True,0.33411811034733213,0.2423626258401217,0.423519263812546
7,1615,ｸﾞﾘﾑﾄ,ｽﾎﾟﾙﾃｨ,Ensemble,H,H,True,0.33411811034733213,0.2423626258401217,0.423519263812546
7,1616,サンフレッチェ広島,ガンバ大阪,Ensemble,H,H,True,0.3241738397024962,0.2323226012793761,0.44350355901812766
7,1616,V・ファーレン長崎,アビスパ福岡,Ensemble,H,H,True,0.34147014891751504,0.16542929535521794,0.493100555727267
7,1616,水戸ホーリーホック,FC東京,Ensemble,D,H,False,0.2864399672170041,0.19750572348610368,0.5160543092968922
7,1616,横浜F・マリノス,ジェフユナイテッド千葉,Ensemble,H,H,True,0.2935711681235876,0.18145307777841924,0.5249757540979932
7,1616,東京ヴェルディ,浦和レッズ,Ensemble,H,H,True,0.39747605502951805,0.17495567391708888,0.42756827105339296
7,1616,京都サンガF.C.,セレッソ大阪,Ensemble,A,A,True,0.4575525615162481,0.13342769397263288,0.4090197445111189
7,1616,鹿島アントラーズ,川崎フロンターレ,Ensemble,H,H,True,0.31545663691130743,0.23494101680974314,0.44960234627894946
7,1616,名古屋グランパス,ヴィッセル神戸,Ensemble,A,A,True,0.4733062800921702,0.1620139734666941,0.36467974644113565
7,1616,柏レイソル,町田,Ensemble,A,H,False,0.23663128039120124,0.15017253929863916,0.6131961803101595
7,1616,清水エスパルス,ファジアーノ岡山,Ensemble,D,H,False,0.3045088835286338,0.18748309214823602,0.5080080243231302
7,1616,ジュビロ磐田,北海道コンサドーレ札幌,Ensemble,A,A,True,0.3989310073213223,0.29805111757425146,0.3030178751044262
7,1616,八戸,栃木シティ,Ensemble,A,D,False,0.24890357418475872,0.3983959842816912,0.35270044153354996
7,1616,宮崎,大分,Ensemble,H,H,True,0.21658123466481866,0.3105219188841688,0.4728968464510126
7,1617,町田,鹿島アントラーズ,Ensemble,A,A,True,0.5262524768108516,0.21150106168122174,0.26224646150792663
7,1617,セレッソ大阪,ファジアーノ岡山,Ensemble,H,H,True,0.3413043881796515,0.17929363898057088,0.4794019728397775
7,1617,ジェフユナイテッド千葉,FC東京,Ensemble,A,A,True,0.45031399195976124,0.16402907356693908,0.38565693447329974
7,1617,アビスパ福岡,清水エスパルス,Ensemble,A,H,False,0.40971340525668165,0.17925918261282386,0.4110274121304944
7,1617,名古屋グランパス,サンフレッチェ広島,Ensemble,H,A,False,0.6725142201355199,0.14368703253848858,0.1837987473259916
7,1618,清水エスパルス,サンフレッチェ広島,Ensemble,A,A,True,0.43403564904812314,0.3137216921610959,0.2522426587907809
7,1618,ファジアーノ岡山,V・ファーレン長崎,Ensemble,H,A,False,0.5135087245959011,0.16826198536000106,0.31822929004409783
7,1618,アビスパ福岡,ガンバ大阪,Ensemble,D,A,False,0.445748870593373,0.24274531335759067,0.3115058160490363
7,1618,鹿島アントラーズ,ジェフユナイテッド千葉,Ensemble,H,H,True,0.30979792327702493,0.3206938131046412,0.3695082636183339
7,1618,セレッソ大阪,ヴィッセル神戸,Ensemble,D,A,False,0.3700982200230789,0.312433090516303,0.317468689460618
7,1618,柏レイソル,水戸ホーリーホック,Ensemble,H,H,True,0.32872065104261894,0.21350343681023584,0.4577759121471452
7,1618,川崎フロンターレ,横浜F・マリノス,Ensemble,A,H,False,0.28919943688299793,0.18534650532771335,0.5254540577892888
7,1618,北海道コンサドーレ札幌,ヴァンフォーレ甲府,Ensemble,H,D,False,0.2383140479882251,0.3946652368871151,0.3670207151246598
7,1618,FC今治,徳島ヴォルティス,Ensemble,H,A,False,0.4864050325467125,0.2188651859421223,0.29472978151116525
7,1618,ブラウブリッツ秋田,八戸,Ensemble,H,A,False,0.4932818047428087,0.2445547669898962,0.2621634282672951
7,1618,東京ヴェルディ,FC東京,Ensemble,D,H,False,0.3250546646535412,0.2191236756371843,0.45582165970927435
7,1618,京都サンガF.C.,名古屋グランパス,Ensemble,D,H,False,0.37415645593051816,0.22224146344873827,0.40360208062074354
7,1618,浦和レッズ,町田,Ensemble,A,H,False,0.35499164311422693,0.17032153102318742,0.4746868258625857
7,1619,滋賀,宮崎,Ensemble,H,H,True,0.2934570835075362,0.2903069692016426,0.41623594729082114
7,1619,富山,FC今治,Ensemble,D,A,False,0.5242269185255317,0.33343430534940166,0.14233877612506657
7,1619,八戸,相模原,Ensemble,D,A,False,0.5454272470276726,0.20607795744522348,0.24849479552710385
7,1619,ヴァンフォーレ甲府,大宮,Ensemble,A,A,True,0.5857522258981283,0.20724979279860273,0.2069979813032688
7,1619,ブラウブリッツ秋田,ベガルタ仙台,Ensemble,D,A,False,0.37546801703699256,0.3253098294496294,0.2992221535133779
7,1619,藤枝MYFC,北海道コンサドーレ札幌,Ensemble,D,A,False,0.4510459629946536,0.3111174788536288,0.2378365581517176
7,1619,いわきFC,ジュビロ磐田,Ensemble,H,D,False,0.33855942928997085,0.3504924334870614,0.3109481372229677
7,1619,モンテディオ山形,栃木シティ,Ensemble,A,H,False,0.292876181914557,0.3327826446436059,0.3743411734418371
7,1619,鳥取,サガン鳥栖,Ensemble,A,A,True,0.44929583433043024,0.1397542083360121,0.41094995733355766
7,1619,山口,大分,Ensemble,H,H,True,0.19929439299020416,0.18997079067583814,0.6107348163339577
7,1619,FC大阪,アルビレックス新潟,Ensemble,D,A,False,0.4192771237876781,0.26268888073503827,0.3180339954772836
7,1619,徳島ヴォルティス,高知,Ensemble,H,H,True,0.34598089788777675,0.1916240272894536,0.46239507482276965
7,1619,横浜FC,湘南ベルマーレ,Ensemble,H,H,True,0.30979974835600677,0.2589190283879134,0.43128122325607976
7,1620,ジェフユナイテッド千葉,東京ヴェルディ,Ensemble,H,A,False,0.39103238665329776,0.22774212046235798,0.38122549288434426
7,1620,柏レイソル,横浜F・マリノス,Ensemble,H,H,True,0.2673444253169173,0.18884402897862274,0.5438115457044599
7,1620,名古屋グランパス,セレッソ大阪,Ensemble,A,A,True,0.45412529310271166,0.16721515170924714,0.37865955518804123
7,1620,ガンバ大阪,京都サンガF.C.,Ensemble,H,H,True,0.3799406984029151,0.1888318338345794,0.43122746776250526
7,1620,サンフレッチェ広島,アビスパ福岡,Ensemble,A,H,False,0.307888447313069,0.258729461348133,0.4333820913387979
7,1620,ジュビロ磐田,ヴァンフォーレ甲府,Ensemble,H,A,False,0.448361338453393,0.2136479605490228,0.3379907009975841
7,1620,水戸ホーリーホック,鹿島アントラーズ,Ensemble,D,A,False,0.5466117411829655,0.23894353198388216,0.2144447268331522
7,1620,V・ファーレン長崎,清水エスパルス,Ensemble,A,H,False,0.37211719254861697,0.1905068966091834,0.43737591084219957
7,1620,ファジアーノ岡山,ヴィッセル神戸,Ensemble,A,A,True,0.48906233030131663,0.1825131117398862,0.3284245579587971
7,1620,FC東京,町田,Ensemble,D,H,False,0.3242986096616681,0.25574370372300725,0.4199576866153246
7,1620,八戸,モンテディオ山形,Ensemble,A,A,True,0.3564636497515382,0.30422048212093894,0.3393158681275228
7,1620,川崎フロンターレ,浦和レッズ,Ensemble,H,A,False,0.43460291238841753,0.18471068328875573,0.38068640432282663
7,1620,サガン鳥栖,大分,Ensemble,A,H,False,0.2908130996702651,0.13675246785680895,0.5724344324729259
7,1621,ガンバ大阪,セレッソ大阪,Ensemble,A,H,False,0.36165239812695354,0.15635314783031629,0.4819944540427302
7,1621,アビスパ福岡,V・ファーレン長崎,Ensemble,H,H,True,0.29925096906005644,0.3019386553858323,0.3988103755541113
7,1621,ヴィッセル神戸,名古屋グランパス,Ensemble,H,D,False,0.32270363295118526,0.34530107200325805,0.3319952950455566
7,1621,横浜F・マリノス,FC東京,Ensemble,A,H,False,0.3410589755803363,0.15654202116456137,0.5023990032551022
7,1621,京都サンガF.C.,ファジアーノ岡山,Ensemble,H,H,True,0.3505988738056879,0.2122066271170321,0.43719449907728014
7,1621,町田,柏レイソル,Ensemble,H,H,True,0.36539340583778357,0.1373644049068977,0.4972421892553187
7,1621,モンテディオ山形,横浜FC,Ensemble,H,H,True,0.3670944221972021,0.2578399556483003,0.3750656221544976
7,1621,ブラウブリッツ秋田,湘南ベルマーレ,Ensemble,A,D,False,0.36473948344796897,0.3972024489486038,0.23805806760342713
7,1621,ヴァンフォーレ甲府,北海道コンサドーレ札幌,Ensemble,H,A,False,0.7342206324884206,0.14067679334785688,0.1251025741637226
7,1621,ジェフユナイテッド千葉,水戸ホーリーホック,Ensemble,H,H,True,0.3317535298005834,0.23929496100949843,0.4289515091899182
7,1621,浦和レッズ,東京ヴェルディ,Ensemble,D,A,False,0.5022643598591718,0.16617954322922693,0.33155609691160115
7,1621,サンフレッチェ広島,清水エスパルス,Ensemble,A,A,True,0.4323866993181137,0.18057510049101577,0.3870382001908706
7,1621,川崎フロンターレ,鹿島アントラーズ,Ensemble,A,A,True,0.5730220564763229,0.1737124002976036,0.2532655432260734
7,1622,鹿島アントラーズ,浦和レッズ,Ensemble,H,H,True,0.23181385115183,0.2803650873283649,0.4878210615198051
7,1622,名古屋グランパス,アビスパ福岡,Ensemble,D,A,False,0.581757417481818,0.19969453086210417,0.21854805165607782
7,1622,水戸ホーリーホック,柏レイソル,Ensemble,H,H,True,0.32403518706671497,0.18891559974167052,0.4870492131916145
7,1622,横浜F・マリノス,川崎フロンターレ,Ensemble,H,H,True,0.3176076646268337,0.17227333663861,0.5101189987345562
7,1622,ガンバ大阪,ファジアーノ岡山,Ensemble,D,H,False,0.3640738321589275,0.22412063891648237,0.41180552892459
7,1622,東京ヴェルディ,ジェフユナイテッド千葉,Ensemble,H,H,True,0.3583747783795351,0.191399342637664,0.4502258789828009
7,1622,ベガルタ仙台,栃木シティ,Ensemble,H,A,False,0.4586878688585699,0.2568035678107704,0.28450856333065966
7,1622,ヴァンフォーレ甲府,藤枝MYFC,Ensemble,A,A,True,0.6216717840013961,0.12632901548947265,0.25199920050913127
7,1622,ブラウブリッツ秋田,横浜FC,Ensemble,A,A,True,0.46698692982287104,0.2740359721606145,0.2589770980165144
7,1622,モンテディオ山形,八戸,Ensemble,H,H,True,0.2815414816169737,0.3167670285816193,0.40169148980140695
7,1622,大宮,ジュビロ磐田,Ensemble,A,A,True,0.3981969512717678,0.2452639144151867,0.3565391343130455
7,1622,アルビレックス新潟,FC今治,Ensemble,H,A,False,0.4711537915786702,0.20995500035121412,0.3188912080701157
7,1622,セレッソ大阪,京都サンガF.C.,Ensemble,A,D,False,0.3398587434045863,0.34148525858482837,0.31865599801058525
7,1624,清水エスパルス,名古屋グランパス,Ensemble,A,H,False,0.3218863618768458,0.1941604505766309,0.4839531875465232
7,1624,ファジアーノ岡山,アビスパ福岡,Ensemble,H,A,False,0.36778681418323766,0.28299803406975377,0.34921515174700846
7,1624,藤枝MYFC,大宮,Ensemble,D,D,True,0.3605461357761779,0.36746416623362926,0.27198969799019285
7,1624,相模原,湘南ベルマーレ,Ensemble,D,A,False,0.5491810131185173,0.1610726555009182,0.2897463313805644
7,1624,ベガルタ仙台,モンテディオ山形,Ensemble,H,A,False,0.4298015786734686,0.24369447274673914,0.3265039485797922
7,1624,北海道コンサドーレ札幌,いわきFC,Ensemble,H,H,True,0.28013813064848236,0.3089603932440508,0.41090147610746686
7,1624,アルビレックス新潟,FC大阪,Ensemble,H,A,False,0.36857579778225324,0.3448738915359081,0.28655031068183867
7,1624,V・ファーレン長崎,ガンバ大阪,Ensemble,D,A,False,0.41529251814570917,0.2023339207556499,0.38237356109864085
7,1624,川崎フロンターレ,ジェフユナイテッド千葉,Ensemble,H,H,True,0.30604250027909174,0.19021307107983546,0.5037444286410728
7,1624,浦和レッズ,横浜F・マリノス,Ensemble,A,A,True,0.42656725868346523,0.16268026053846477,0.41075248077807
7,1624,宮崎,鹿児島,Ensemble,H,D,False,0.33805500417309226,0.44397773307160726,0.2179672627553005
7,1624,福島,ヴァンフォーレ甲府,Ensemble,A,A,True,0.46964907339141354,0.22603355659085533,0.30431737001773096
7,1624,FC今治,富山,Ensemble,A,A,True,0.49900195836173905,0.19636819903346636,0.30462984260479453
7,1625,東京ヴェルディ,鹿島アントラーズ,Ensemble,H,A,False,0.6925822187843327,0.14647979643770537,0.16093798477796176
7,1625,清水エスパルス,V・ファーレン長崎,Ensemble,H,H,True,0.2545041870434124,0.32371220883882323,0.42178360411776433
7,1625,水戸ホーリーホック,町田,Ensemble,D,H,False,0.2930869444122446,0.15253286599756405,0.5543801895901913
7,1625,京都サンガF.C.,ガンバ大阪,Ensemble,D,H,False,0.3355092962343661,0.21567470675108236,0.4488159970145514
7,1625,名古屋グランパス,ファジアーノ岡山,Ensemble,D,H,False,0.3218525170613728,0.2261039443126543,0.45204353862597296
7,1625,ジェフユナイテッド千葉,横浜F・マリノス,Ensemble,A,A,True,0.3940779822887854,0.21471704972583544,0.3912049679853793
7,1625,富山,アルビレックス新潟,Ensemble,H,D,False,0.2798608124034837,0.39285986374237414,0.3272793238541422
7,1625,アビスパ福岡,サンフレッチェ広島,Ensemble,D,A,False,0.3916151699542136,0.29752469551797744,0.3108601345278089
7,1625,浦和レッズ,川崎フロンターレ,Ensemble,H,A,False,0.521762980157439,0.15505153323534643,0.32318548660721463
7,1625,ヴィッセル神戸,セレッソ大阪,Ensemble,A,H,False,0.32450924333789705,0.20601151328759237,0.4694792433745106
7,1625,北海道コンサドーレ札幌,藤枝MYFC,Ensemble,H,A,False,0.43167046682260657,0.13819129234395086,0.43013824083344243
7,1625,ブラウブリッツ秋田,モンテディオ山形,Ensemble,H,H,True,0.2608164869881404,0.19012808079982935,0.5490554322120303
7,1625,柏レイソル,FC東京,Ensemble,A,H,False,0.4045793295083814,0.15203053747625803,0.4433901330153605
8,1626,ベガルタ仙台,ブラウブリッツ秋田,RandomForest,A,A,True,0.41945537234641733,0.18259620710588023,0.3979484205477026
8,1626,浦和レッズ,ジェフユナイテッド千葉,RandomForest,H,H,True,0.3406587941418134,0.15016707583530703,0.5091741300228795
8,1626,ファジアーノ岡山,サンフレッチェ広島,RandomForest,H,A,False,0.4628291686115171,0.24033006936289275,0.29684076202559023
8,1626,ガンバ大阪,ヴィッセル神戸,RandomForest,H,H,True,0.30025920176773796,0.20440115776306622,0.49533964046919576
8,1626,京都サンガF.C.,清水エスパルス,RandomForest,A,A,True,0.3667300489925595,0.27478832729868685,0.3584816237087535
8,1626,ジュビロ磐田,いわきFC,RandomForest,D,A,False,0.45833001745720703,0.2205849625475999,0.3210850199951929
8,1626,サガン鳥栖,宮崎,RandomForest,D,H,False,0.33390832344258936,0.28090695952866235,0.3851847170287483
8,1626,V・ファーレン長崎,名古屋グランパス,RandomForest,A,H,False,0.33001315189325936,0.14569833787713676,0.524288510229604
8,1626,鹿島アントラーズ,町田,RandomForest,D,A,False,0.4147137628199505,0.19140259574807447,0.39388364143197513
8,1626,FC東京,川崎フロンターレ,RandomForest,A,H,False,0.33561006240370866,0.21245496586432402,0.4519349717319672
8,1626,横浜F・マリノス,水戸ホーリーホック,RandomForest,D,H,False,0.3577354825026628,0.2001847270949173,0.44207979040241996
8,1626,セレッソ大阪,アビスパ福岡,RandomForest,D,H,False,0.29167023241010376,0.15136609457887182,0.5569636730110245
8,1626,東京ヴェルディ,柏レイソル,RandomForest,H,H,True,0.35581523738907894,0.17309759229079155,0.4710871703201296
8,1627,FC東京,ジェフユナイテッド千葉,RandomForest,A,H,False,0.2521379846122141,0.2438064109729032,0.5040556044148827
8,1627,清水エスパルス,セレッソ大阪,RandomForest,H,H,True,0.3022452807864792,0.20476608897579582,0.49298863023772493
8,1627,V・ファーレン長崎,ファジアーノ岡山,RandomForest,H,H,True,0.308450676754385,0.18214636692099517,0.50940295632462
8,1627,鹿島アントラーズ,水戸ホーリーホック,RandomForest,H,H,True,0.33703754263866537,0.23221007858853876,0.4307523787727958
8,1627,アビスパ福岡,京都サンガF.C.,RandomForest,A,H,False,0.3231227698934771,0.21586906408043305,0.46100816602608985
8,1627,町田,横浜F・マリノス,RandomForest,H,H,True,0.3597622788398985,0.18764628850553972,0.45259143265456186
8,1627,サンフレッチェ広島,ヴィッセル神戸,RandomForest,D,H,False,0.3385451152466998,0.17219215861876944,0.4892627261345308
8,1627,名古屋グランパス,ガンバ大阪,RandomForest,H,A,False,0.5052838307883293,0.2361251092448439,0.25859105996682685
8,1627,柏レイソル,浦和レッズ,RandomForest,A,H,False,0.3376373961183912,0.1961895776767435,0.46617302620486517
8,1627,八戸,湘南ベルマーレ,RandomForest,A,H,False,0.30225912572878527,0.26713486463776376,0.43060600963345097
8,1627,ヴァンフォーレ甲府,ジュビロ磐田,RandomForest,A,A,True,0.6245889170320582,0.20779882612369335,0.16761225684424846
8,1627,川崎フロンターレ,東京ヴェルディ,RandomForest,H,H,True,0.2997928997447037,0.15309030269774873,0.5471167975575477
8,1627,アルビレックス新潟,徳島ヴォルティス,RandomForest,H,A,False,0.4479466717176778,0.23925837636773645,0.31279495191458584
8,1628,横浜F・マリノス,鹿島アントラーズ,RandomForest,A,A,True,0.45773688855301653,0.21333592875517446,0.32892718269180904
8,1628,名古屋グランパス,京都サンガF.C.,RandomForest,H,H,True,0.28582263193813756,0.2506254904468062,0.46355187761505623
8,1628,ガンバ大阪,サンフレッチェ広島,RandomForest,A,H,False,0.28850638196825334,0.2398469758979728,0.47164664213377394
8,1628,ジェフユナイテッド千葉,町田,RandomForest,A,H,False,0.40814778338801067,0.18278663414249666,0.4090655824694927
8,1628,柏レイソル,川崎フロンターレ,RandomForest,H,H,True,0.34676951001824524,0.24686741869766204,0.4063630712840926
8,1628,いわきFC,ヴァンフォーレ甲府,RandomForest,A,H,False,0.3318958818607439,0.30870362125862455,0.3594004968806315
8,1628,清水エスパルス,アビスパ福岡,RandomForest,D,H,False,0.2824356522992706,0.16514100787365826,0.5524233398270711
8,1628,水戸ホーリーホック,浦和レッズ,RandomForest,H,H,True,0.33920384751032834,0.21007705037960847,0.4507191021100633
8,1628,ヴィッセル神戸,ファジアーノ岡山,RandomForest,A,H,False,0.3834621088162247,0.18949200378645667,0.4270458873973185
8,1628,セレッソ大阪,V・ファーレン長崎,RandomForest,H,H,True,0.28450989281177747,0.19385823097755928,0.5216318762106632
8,1628,FC東京,東京ヴェルディ,RandomForest,H,H,True,0.2646559735363561,0.21484765568604983,0.520496370777594
8,1628,大分,サガン鳥栖,RandomForest,A,H,False,0.2857221417582653,0.24177532903536414,0.4725025292063704
8,1628,北海道コンサドーレ札幌,大宮,RandomForest,H,H,True,0.30481126945531656,0.1935161737180048,0.5016725568266787
8,1630,ファジアーノ岡山,清水エスパルス,RandomForest,H,A,False,0.41739312679426416,0.1880528035977767,0.39455406960795925
8,1630,セレッソ大阪,名古屋グランパス,RandomForest,H,H,True,0.38376047377633543,0.18153453626876784,0.4347049899548968
8,1630,川崎フロンターレ,町田,RandomForest,D,H,False,0.3299899779747567,0.19320598974223313,0.47680403228301016
8,1630,FC琉球,鳥取,RandomForest,A,H,False,0.4068747972247543,0.1827689639248311,0.41035623885041445
8,1630,富山,徳島ヴォルティス,RandomForest,D,A,False,0.3718406651603863,0.2777684871821167,0.350390847657497
8,1630,大分,宮崎,RandomForest,A,D,False,0.32860449524899743,0.3388962279860109,0.3324992767649918
8,1630,京都サンガF.C.,サンフレッチェ広島,RandomForest,A,A,True,0.45258395411125674,0.2508770894603089,0.2965389564284345
8,1630,浦和レッズ,FC東京,RandomForest,D,A,False,0.45904118187257703,0.22433018378486175,0.3166286343425612
8,1630,V・ファーレン長崎,ヴィッセル神戸,RandomForest,D,H,False,0.40310761280745794,0.17783931562071426,0.41905307157182775
8,1630,横浜F・マリノス,柏レイソル,RandomForest,A,H,False,0.2788636487644704,0.16554473441750583,0.5555916168180238
8,1630,水戸ホーリーホック,東京ヴェルディ,RandomForest,H,H,True,0.27396980380481917,0.2066830432763616,0.5193471529188193
8,1630,ジュビロ磐田,藤枝MYFC,RandomForest,A,A,True,0.41480172466697113,0.27668921039823224,0.30850906493479663
8,1630,ジェフユナイテッド千葉,鹿島アントラーズ,RandomForest,A,A,True,0.48221604393423906,0.22829758451931492,0.2894863715464461
8,1631,東京ヴェルディ,横浜F・マリノス,RandomForest,A,H,False,0.33140329670032603,0.22615388699324693,0.442442816306427
8,1631,北海道コンサドーレ札幌,ジュビロ磐田,RandomForest,A,H,False,0.3734959544131438,0.21530443131350777,0.4111996142733484
8,1631,水戸ホーリーホック,川崎フロンターレ,RandomForest,A,H,False,0.3567294266048499,0.19937694572932363,0.4438936276658263
8,1631,清水エスパルス,ガンバ大阪,RandomForest,A,H,False,0.3383772495419109,0.2241246965513872,0.4374980539067018
8,1631,アビスパ福岡,ヴィッセル神戸,RandomForest,H,H,True,0.34106071751533446,0.1960789445494538,0.4628603379352117
8,1631,ファジアーノ岡山,セレッソ大阪,RandomForest,A,A,True,0.4595075397507159,0.20037354615471414,0.34011891409456996
8,1631,サンフレッチェ広島,名古屋グランパス,RandomForest,H,H,True,0.400749652560747,0.1792710809462257,0.4199792664930273
8,1631,柏レイソル,ジェフユナイテッド千葉,RandomForest,H,H,True,0.28113501018920306,0.16070506473879773,0.5581599250719992
8,1631,鹿島アントラーズ,FC東京,RandomForest,A,H,False,0.3867595980549304,0.20945168380141974,0.40378871814364986
8,1631,京都サンガF.C.,V・ファーレン長崎,RandomForest,H,H,True,0.2801682171661136,0.2304184387169645,0.48941334411692183
8,1631,藤枝MYFC,いわきFC,RandomForest,D,A,False,0.43803150176873795,0.21861852680866364,0.34334997142259843
8,1631,徳島ヴォルティス,FC今治,RandomForest,D,H,False,0.3108987358124557,0.1446716301177574,0.544429634069787
8,1631,ベガルタ仙台,横浜FC,RandomForest,A,A,True,0.5035991706008274,0.19838795101459028,0.2980128783845823
8,1632,清水エスパルス,横浜F・マリノス,RandomForest,D,H,False,0.30583392110857677,0.209658181951871,0.4845078969395522
8,1632,ベガルタ仙台,ヴァンフォーレ甲府,RandomForest,H,A,False,0.3848815733055557,0.2588120497266362,0.3563063769678081
8,1632,ガンバ大阪,東京ヴェルディ,RandomForest,D,H,False,0.33596489776978283,0.20717692179417863,0.45685818043603865
8,1632,富山,宮崎,RandomForest,H,A,False,0.42107950748675016,0.27695583126268974,0.3019646612505601
8,1632,ブラウブリッツ秋田,北海道コンサドーレ札幌,RandomForest,D,A,False,0.4066252896030476,0.21948761482034,0.37388709557661237
8,1632,ファジアーノ岡山,浦和レッズ,RandomForest,D,H,False,0.32218209510380613,0.1852914276107894,0.4925264772854044
8,1632,ヴィッセル神戸,鹿島アントラーズ,RandomForest,H,A,False,0.41792067962820395,0.25323632835159765,0.3288429920201985
8,1632,アビスパ福岡,ジェフユナイテッド千葉,RandomForest,D,H,False,0.31783740901679114,0.1437721886125983,0.5383904023706105
8,1632,V・ファーレン長崎,水戸ホーリーホック,RandomForest,H,H,True,0.3390262385138859,0.19394350568397847,0.46703025580213564
8,1632,セレッソ大阪,FC東京,RandomForest,D,H,False,0.2739557604097703,0.3334045392219295,0.3926397003683002
8,1632,サンフレッチェ広島,川崎フロンターレ,RandomForest,A,H,False,0.4181149741331452,0.1574812213913247,0.4244038044755301
8,1632,京都サンガF.C.,柏レイソル,RandomForest,A,H,False,0.2740091787551714,0.17046572733945917,0.5555250939053694
8,1632,名古屋グランパス,町田,RandomForest,H,A,False,0.4308629568603547,0.19896651620350544,0.37017052693613983
8,1626,ベガルタ仙台,ブラウブリッツ秋田,LightGBM,A,A,True,0.6943031557549807,0.11771940554063894,0.18797743870438033
8,1626,浦和レッズ,ジェフユナイテッド千葉,LightGBM,H,A,False,0.4657690324577495,0.17662949155672647,0.3576014759855241
8,1626,ファジアーノ岡山,サンフレッチェ広島,LightGBM,H,A,False,0.4294594417383639,0.2644704780310731,0.306070080230563
8,1626,ガンバ大阪,ヴィッセル神戸,LightGBM,H,H,True,0.31884671785090685,0.25104727612986344,0.43010600601922977
8,1626,京都サンガF.C.,清水エスパルス,LightGBM,A,D,False,0.22240954077832475,0.659539689664237,0.11805076955743816
8,1626,ジュビロ磐田,いわきFC,LightGBM,D,A,False,0.5983403871147212,0.1875574501673197,0.21410216271795923
8,1626,サガン鳥栖,宮崎,LightGBM,D,A,False,0.4174022640228154,0.2751529972312071,0.3074447387459776
8,1626,V・ファーレン長崎,名古屋グランパス,LightGBM,A,H,False,0.39713110736251855,0.09808773341704863,0.5047811592204329
8,1626,鹿島アントラーズ,町田,LightGBM,D,H,False,0.2285962999059364,0.07753293687219313,0.6938707632218705
8,1626,FC東京,川崎フロンターレ,LightGBM,A,H,False,0.23516759937773082,0.29342880269389887,0.4714035979283703
8,1626,横浜F・マリノス,水戸ホーリーホック,LightGBM,D,H,False,0.2326631661496633,0.17900967316254962,0.5883271606877871
8,1626,セレッソ大阪,アビスパ福岡,LightGBM,D,H,False,0.3156897056672736,0.1435766480126589,0.5407336463200675
8,1626,東京ヴェルディ,柏レイソル,LightGBM,H,A,False,0.4710993532199799,0.25500041113374833,0.27390023564627186
8,1627,FC東京,ジェフユナイテッド千葉,LightGBM,A,H,False,0.1552933204142237,0.28834652373821257,0.5563601558475638
8,1627,清水エスパルス,セレッソ大阪,LightGBM,H,H,True,0.28446618077738056,0.11233447191654512,0.6031993473060744
8,1627,V・ファーレン長崎,ファジアーノ岡山,LightGBM,H,H,True,0.30083412925409697,0.18378630344444433,0.5153795673014587
8,1627,鹿島アントラーズ,水戸ホーリーホック,LightGBM,H,H,True,0.18525618783046616,0.1989543753957977,0.6157894367737362
8,1627,アビスパ福岡,京都サンガF.C.,LightGBM,A,A,True,0.516938132492423,0.19452877399861118,0.2885330935089659
8,1627,町田,横浜F・マリノス,LightGBM,H,H,True,0.30265178767102624,0.14840449638090203,0.5489437159480717
8,1627,サンフレッチェ広島,ヴィッセル神戸,LightGBM,D,H,False,0.2717202043647096,0.19842804776896347,0.5298517478663269
8,1627,名古屋グランパス,ガンバ大阪,LightGBM,H,A,False,0.5288885268081003,0.3534938320676259,0.1176176411242738
8,1627,柏レイソル,浦和レッズ,LightGBM,A,D,False,0.2965179314240673,0.3944790065843596,0.309003061991573
8,1627,八戸,湘南ベルマーレ,LightGBM,A,D,False,0.2365178258914323,0.39726788705052135,0.3662142870580464
8,1627,ヴァンフォーレ甲府,ジュビロ磐田,LightGBM,A,A,True,0.7134774785708953,0.22367190693235914,0.0628506144967455
8,1627,川崎フロンターレ,東京ヴェルディ,LightGBM,H,H,True,0.29308184949778093,0.0641169574534415,0.6428011930487776
8,1627,アルビレックス新潟,徳島ヴォルティス,LightGBM,H,A,False,0.44171006090157444,0.1915124364680169,0.3667775026304086
8,1628,横浜F・マリノス,鹿島アントラーズ,LightGBM,A,H,False,0.42182421895713973,0.1447178722016244,0.4334579088412359
8,1628,名古屋グランパス,京都サンガF.C.,LightGBM,H,H,True,0.25836493723220905,0.3168223180902382,0.42481274467755287
8,1628,ガンバ大阪,サンフレッチェ広島,LightGBM,A,H,False,0.17943090903222936,0.30400280138212155,0.5165662895856491
8,1628,ジェフユナイテッド千葉,町田,LightGBM,A,A,True,0.6973879458655562,0.1748702632066333,0.1277417909278106
8,1628,柏レイソル,川崎フロンターレ,LightGBM,H,D,False,0.2709260309477652,0.48269500196600956,0.2463789670862253
8,1628,いわきFC,ヴァンフォーレ甲府,LightGBM,A,D,False,0.25738428229039656,0.454702461828312,0.28791325588129146
8,1628,清水エスパルス,アビスパ福岡,LightGBM,D,H,False,0.4158028757625288,0.07588140905372204,0.5083157151837492
8,1628,水戸ホーリーホック,浦和レッズ,LightGBM,H,D,False,0.1986258698552037,0.43987709675599546,0.3614970333888008
8,1628,ヴィッセル神戸,ファジアーノ岡山,LightGBM,A,A,True,0.4364820298613797,0.23962653992098526,0.32389143021763506
8,1628,セレッソ大阪,V・ファーレン長崎,LightGBM,H,D,False,0.13991649738685905,0.45496950837726124,0.4051139942358796
8,1628,FC東京,東京ヴェルディ,LightGBM,H,H,True,0.12261179340919434,0.2825063809121624,0.5948818256786433
8,1628,大分,サガン鳥栖,LightGBM,A,H,False,0.17506553666952335,0.28590402199482884,0.5390304413356479
8,1628,北海道コンサドーレ札幌,大宮,LightGBM,H,D,False,0.20095881393295179,0.44505094765427566,0.35399023841277255
8,1630,ファジアーノ岡山,清水エスパルス,LightGBM,H,A,False,0.6522507928861154,0.11843170322384167,0.229317503890043
8,1630,セレッソ大阪,名古屋グランパス,LightGBM,H,A,False,0.5516072468953577,0.13658091606385017,0.31181183704079224
8,1630,川崎フロンターレ,町田,LightGBM,D,A,False,0.3879736855688717,0.31738699609015353,0.29463931834097484
8,1630,FC琉球,鳥取,LightGBM,A,A,True,0.4562737590597949,0.2287845892781971,0.31494165166200805
8,1630,富山,徳島ヴォルティス,LightGBM,D,D,True,0.2789318938833485,0.5038185043119772,0.21724960180467448
8,1630,大分,宮崎,LightGBM,A,D,False,0.16342186881047274,0.6119391609338012,0.22463897025572613
8,1630,京都サンガF.C.,サンフレッチェ広島,LightGBM,A,A,True,0.44588219205959934,0.3100142812557601,0.2441035266846406
8,1630,浦和レッズ,FC東京,LightGBM,D,A,False,0.49072572692982364,0.19284098750921774,0.31643328556095873
8,1630,V・ファーレン長崎,ヴィッセル神戸,LightGBM,D,A,False,0.39189463500985366,0.3409061578198881,0.26719920717025836
8,1630,横浜F・マリノス,柏レイソル,LightGBM,A,H,False,0.1535467674041924,0.2686189038776306,0.577834328718177
8,1630,水戸ホーリーホック,東京ヴェルディ,LightGBM,H,H,True,0.2298435730707725,0.3353769033875464,0.4347795235416811
8,1630,ジュビロ磐田,藤枝MYFC,LightGBM,A,A,True,0.6409538450256882,0.12526979892347426,0.23377635605083769
8,1630,ジェフユナイテッド千葉,鹿島アントラーズ,LightGBM,A,A,True,0.4561720759527085,0.1660239531379281,0.3778039709093634
8,1631,東京ヴェルディ,横浜F・マリノス,LightGBM,A,H,False,0.23956921342240528,0.3531755809131514,0.4072552056644434
8,1631,北海道コンサドーレ札幌,ジュビロ磐田,LightGBM,A,H,False,0.3545217275837251,0.24980160402024376,0.39567666839603116
8,1631,水戸ホーリーホック,川崎フロンターレ,LightGBM,A,A,True,0.45878511168414415,0.26342706235731667,0.27778782595853924
8,1631,清水エスパルス,ガンバ大阪,LightGBM,A,D,False,0.25153282086528356,0.429388965904018,0.31907821323069835
8,1631,アビスパ福岡,ヴィッセル神戸,LightGBM,H,A,False,0.3707473129826436,0.30394284312417275,0.3253098438931837
8,1631,ファジアーノ岡山,セレッソ大阪,LightGBM,A,A,True,0.628246982145348,0.11295403945037406,0.25879897840427796
8,1631,サンフレッチェ広島,名古屋グランパス,LightGBM,H,A,False,0.5448636946274867,0.17259000176797953,0.28254630360453376
8,1631,柏レイソル,ジェフユナイテッド千葉,LightGBM,H,H,True,0.3176573132823707,0.20765879118276398,0.4746838955348654
8,1631,鹿島アントラーズ,FC東京,LightGBM,A,A,True,0.6764571304957762,0.152385313497754,0.1711575560064698
8,1631,京都サンガF.C.,V・ファーレン長崎,LightGBM,H,H,True,0.28708361449117376,0.3474459874473289,0.3654703980614973
8,1631,藤枝MYFC,いわきFC,LightGBM,D,A,False,0.5547707396495736,0.25922941479833717,0.18599984555208926
8,1631,徳島ヴォルティス,FC今治,LightGBM,D,H,False,0.2494440939834392,0.23453147755713596,0.5160244284594249
8,1631,ベガルタ仙台,横浜FC,LightGBM,A,A,True,0.5888371186662331,0.26431788017224706,0.1468450011615199
8,1632,清水エスパルス,横浜F・マリノス,LightGBM,D,A,False,0.34710292683162813,0.32318824894568493,0.3297088242226869
8,1632,ベガルタ仙台,ヴァンフォーレ甲府,LightGBM,H,D,False,0.20783603887671154,0.6127300212161046,0.17943393990718384
8,1632,ガンバ大阪,東京ヴェルディ,LightGBM,D,D,True,0.2248002973586826,0.5505005750578752,0.22469912758344235
8,1632,富山,宮崎,LightGBM,H,A,False,0.5856706961249734,0.22931092322442373,0.185018380650603
8,1632,ブラウブリッツ秋田,北海道コンサドーレ札幌,LightGBM,D,A,False,0.37815445409215254,0.320208683602465,0.30163686230538234
8,1632,ファジアーノ岡山,浦和レッズ,LightGBM,D,H,False,0.3389089530689763,0.21673493074754557,0.4443561161834781
8,1632,ヴィッセル神戸,鹿島アントラーズ,LightGBM,H,H,True,0.31373845556512914,0.24906367632747484,0.43719786810739597
8,1632,アビスパ福岡,ジェフユナイテッド千葉,LightGBM,D,H,False,0.3379140865459503,0.08771099139680677,0.5743749220572429
8,1632,V・ファーレン長崎,水戸ホーリーホック,LightGBM,H,H,True,0.3543842193363214,0.21036147326335686,0.4352543074003217
8,1632,セレッソ大阪,FC東京,LightGBM,D,D,True,0.13771419226751555,0.6177443730288261,0.24454143470365844
8,1632,サンフレッチェ広島,川崎フロンターレ,LightGBM,A,A,True,0.5231967867136675,0.20125003859256016,0.2755531746937722
8,1632,京都サンガF.C.,柏レイソル,LightGBM,A,H,False,0.13892597592354444,0.3243513512538793,0.5367226728225764
8,1632,名古屋グランパス,町田,LightGBM,H,A,False,0.6360275895504701,0.19396821370936795,0.17000419674016198
8,1626,ベガルタ仙台,ブラウブリッツ秋田,Ensemble,A,A,True,0.5019097073689863,0.16313316663630784,0.3349571259947059
8,1626,浦和レッズ,ジェフユナイテッド千葉,Ensemble,H,H,True,0.37819186563659424,0.15810580055173284,0.46370233381167286
8,1626,ファジアーノ岡山,サンフレッチェ広島,Ensemble,H,A,False,0.45281825054957114,0.24757219196334684,0.29960955748708207
8,1626,ガンバ大阪,ヴィッセル神戸,Ensemble,H,H,True,0.3058354565926886,0.21839499327310535,0.47576955013420597
8,1626,京都サンガF.C.,清水エスパルス,Ensemble,A,D,False,0.3234338965282891,0.39021373600835185,0.2863523674633589
8,1626,ジュビロ磐田,いわきFC,Ensemble,D,A,False,0.5003331283544612,0.21067670883351583,0.2889901628120228
8,1626,サガン鳥栖,宮崎,Ensemble,D,H,False,0.35895650561665715,0.2791807708394258,0.3618627235439171
8,1626,V・ファーレン長崎,名古屋グランパス,Ensemble,A,H,False,0.3501485385340371,0.13141515653911032,0.5184363049268526
8,1626,鹿島アントラーズ,町田,Ensemble,D,H,False,0.3588785239457462,0.15724169808531005,0.4838797779689437
8,1626,FC東京,川崎フロンターレ,Ensemble,A,H,False,0.3054773234959153,0.23674711691319647,0.4577755595908881
8,1626,横浜F・マリノス,水戸ホーリーホック,Ensemble,D,H,False,0.32021378759676294,0.19383221091520697,0.4859540014880301
8,1626,セレッソ大阪,アビスパ福岡,Ensemble,D,H,False,0.2988760743872547,0.14902926060900795,0.5520946650037374
8,1626,東京ヴェルディ,柏レイソル,Ensemble,H,H,True,0.3904004721383492,0.19766843794367858,0.4119310899179722
8,1627,FC東京,ジェフユナイテッド千葉,Ensemble,A,H,False,0.22308458535281697,0.257168444802496,0.519746969844687
8,1627,清水エスパルス,セレッソ大阪,Ensemble,H,H,True,0.29691155078374964,0.1770366038580206,0.5260518453582298
8,1627,V・ファーレン長崎,ファジアーノ岡山,Ensemble,H,H,True,0.3061657125042986,0.1826383478780299,0.5111959396176716
8,1627,鹿島アントラーズ,水戸ホーリーホック,Ensemble,H,H,True,0.2915031361962056,0.2222333676307164,0.4862634961730779
8,1627,アビスパ福岡,京都サンガF.C.,Ensemble,A,H,False,0.38126737867316085,0.20946697705588646,0.40926564427095263
8,1627,町田,横浜F・マリノス,Ensemble,H,H,True,0.3426291314892368,0.17587375086814838,0.48149711764261477
8,1627,サンフレッチェ広島,ヴィッセル神戸,Ensemble,D,H,False,0.31849764198210273,0.18006292536382765,0.5014394326540697
8,1627,名古屋グランパス,ガンバ大阪,Ensemble,H,A,False,0.5123652395942606,0.2713357260916785,0.21629903431406092
8,1627,柏レイソル,浦和レッズ,Ensemble,A,H,False,0.32530155671009403,0.25567640634902833,0.4190220369408775
8,1627,八戸,湘南ベルマーレ,Ensemble,A,H,False,0.2825367357775794,0.306174771361591,0.4112884928608295
8,1627,ヴァンフォーレ甲府,ジュビロ磐田,Ensemble,A,A,True,0.6512554854937094,0.21256075036629307,0.13618376413999755
8,1627,川崎フロンターレ,東京ヴェルディ,Ensemble,H,H,True,0.2977795846706268,0.12639829912445655,0.5758221162049166
8,1627,アルビレックス新潟,徳島ヴォルティス,Ensemble,H,A,False,0.44607568847284673,0.22493459439782057,0.32898971712933267
8,1628,横浜F・マリノス,鹿島アントラーズ,Ensemble,A,A,True,0.44696308767425347,0.19275051178910943,0.3602864005366371
8,1628,名古屋グランパス,京都サンガF.C.,Ensemble,H,H,True,0.277585323526359,0.2704845387398358,0.4519301377338052
8,1628,ガンバ大阪,サンフレッチェ広島,Ensemble,A,H,False,0.25578374008744614,0.2590937235432174,0.48512253636933644
8,1628,ジェフユナイテッド千葉,町田,Ensemble,A,A,True,0.49491983213127433,0.18041172286173762,0.32466844500698805
8,1628,柏レイソル,川崎フロンターレ,Ensemble,H,H,True,0.3240164662971012,0.3176156936781663,0.3583678400247324
8,1628,いわきFC,ヴァンフォーレ甲府,Ensemble,A,D,False,0.30954240198963967,0.35250327342953075,0.3379543245808295
8,1628,清水エスパルス,アビスパ福岡,Ensemble,D,H,False,0.322445819338248,0.13836312822767738,0.5391910524340746
8,1628,水戸ホーリーホック,浦和レッズ,Ensemble,H,H,True,0.29703045421379093,0.27901706429252454,0.4239524814936845
8,1628,ヴィッセル神戸,ファジアーノ岡山,Ensemble,A,A,True,0.3993680851297712,0.20453236462681523,0.3960995502434135
8,1628,セレッソ大阪,V・ファーレン長崎,Ensemble,H,H,True,0.24113187418430193,0.27219161419746984,0.4866765116182281
8,1628,FC東京,東京ヴェルディ,Ensemble,H,H,True,0.22204271949820756,0.23514527325388357,0.5428120072479088
8,1628,大分,サガン鳥栖,Ensemble,A,H,False,0.25252516023164273,0.25501393692320357,0.49246090284515365
8,1628,北海道コンサドーレ札幌,大宮,Ensemble,H,H,True,0.2736555327986071,0.26897660589888606,0.45736786130250684
8,1630,ファジアーノ岡山,清水エスパルス,Ensemble,H,A,False,0.48785042662181954,0.16716647348559616,0.34498309989258436
8,1630,セレッソ大阪,名古屋グランパス,Ensemble,H,A,False,0.43411450571204213,0.16804845020729253,0.3978370440806654
8,1630,川崎フロンターレ,町田,Ensemble,D,H,False,0.34738509025299114,0.23046029164660925,0.42215461810039956
8,1630,FC琉球,鳥取,Ensemble,A,A,True,0.4216944857752664,0.1965736515308409,0.3817318626938925
8,1630,富山,徳島ヴォルティス,Ensemble,D,D,True,0.3439680337772749,0.3455834923210748,0.31044847390165026
8,1630,大分,宮崎,Ensemble,A,D,False,0.27904970731744,0.420809107870348,0.3001411848122121
8,1630,京都サンガF.C.,サンフレッチェ広島,Ensemble,A,A,True,0.4505734254957595,0.2686182469989442,0.2808083275052963
8,1630,浦和レッズ,FC東京,Ensemble,D,A,False,0.46854654538975105,0.21488342490216855,0.31657002970808046
8,1630,V・ファーレン長崎,ヴィッセル神戸,Ensemble,D,A,False,0.3997437194681766,0.2267593682804664,0.3734969122513569
8,1630,横浜F・マリノス,柏レイソル,Ensemble,A,H,False,0.24126858435638698,0.19646698525554324,0.5622644303880697
8,1630,水戸ホーリーホック,東京ヴェルディ,Ensemble,H,H,True,0.26073193458460514,0.24529120130971704,0.4939768641056778
8,1630,ジュビロ磐田,藤枝MYFC,Ensemble,A,A,True,0.4826473607745862,0.23126338695580484,0.2860892522696089
8,1630,ジェフユナイテッド千葉,鹿島アントラーズ,Ensemble,A,A,True,0.47440285353977985,0.20961549510489885,0.31598165135532125
8,1631,東京ヴェルディ,横浜F・マリノス,Ensemble,A,H,False,0.3038530717169498,0.26426039516921823,0.4318865331138319
8,1631,北海道コンサドーレ札幌,ジュビロ磐田,Ensemble,A,H,False,0.36780368636431815,0.22565358312552852,0.40654273051015316
8,1631,水戸ホーリーホック,川崎フロンターレ,Ensemble,A,H,False,0.38734613212863817,0.2185919807177215,0.39406188715364016
8,1631,清水エスパルス,ガンバ大阪,Ensemble,A,H,False,0.3123239209389227,0.28570397735717645,0.40197210170390074
8,1631,アビスパ福岡,ヴィッセル神戸,Ensemble,H,H,True,0.34996669615552717,0.22843811412186948,0.42159518972260324
8,1631,ファジアーノ岡山,セレッソ大阪,Ensemble,A,A,True,0.5101293724691055,0.17414769414341208,0.31572293338748236
8,1631,サンフレッチェ広島,名古屋グランパス,Ensemble,H,A,False,0.4439838651807689,0.17726675719275184,0.3787493776264792
8,1631,柏レイソル,ジェフユナイテッド千葉,Ensemble,H,H,True,0.2920917011171533,0.1747911826719876,0.533117116210859
8,1631,鹿島アントラーズ,FC東京,Ensemble,A,A,True,0.4736688577871841,0.19233177271032,0.33399936950249587
8,1631,京都サンガF.C.,V・ファーレン長崎,Ensemble,H,H,True,0.2822428363636316,0.2655267033360738,0.45223046030029446
8,1631,藤枝MYFC,いわきFC,Ensemble,D,A,False,0.4730532731329886,0.23080179320556568,0.2961449336614457
8,1631,徳島ヴォルティス,FC今治,Ensemble,D,H,False,0.29246234326375076,0.17162958434957098,0.5359080723866783
8,1631,ベガルタ仙台,横浜FC,Ensemble,A,A,True,0.5291705550204491,0.2181669297618873,0.2526625152176636
8,1632,清水エスパルス,横浜F・マリノス,Ensemble,D,H,False,0.3182146228254922,0.24371720205001518,0.4380681751244926
8,1632,ベガルタ仙台,ヴァンフォーレ甲府,Ensemble,H,D,False,0.33176791297690245,0.3649874411734767,0.3032446458496208
8,1632,ガンバ大阪,東京ヴェルディ,Ensemble,D,H,False,0.3026155176464528,0.31017401777328757,0.38721046458025976
8,1632,富山,宮崎,Ensemble,H,A,False,0.4704568640782171,0.2626623588512099,0.26688077707057295
8,1632,ブラウブリッツ秋田,北海道コンサドーレ札幌,Ensemble,D,A,False,0.39808403894977906,0.2497039354549775,0.35221202559524334
8,1632,ファジアーノ岡山,浦和レッズ,Ensemble,D,H,False,0.32720015249335715,0.19472447855181624,0.47807536895482644
8,1632,ヴィッセル神戸,鹿島アントラーズ,Ensemble,H,A,False,0.38666601240928145,0.2519845327443608,0.3613494548463577
8,1632,アビスパ福岡,ジェフユナイテッド千葉,Ensemble,D,H,False,0.32386041227553886,0.12695382944786082,0.5491857582766002
8,1632,V・ファーレン長崎,水戸ホーリーホック,Ensemble,H,H,True,0.34363363276061654,0.19886889595779197,0.45749747128159146
8,1632,セレッソ大阪,FC東京,Ensemble,D,D,True,0.23308328996709388,0.41870648936399846,0.34821022066890767
8,1632,サンフレッチェ広島,川崎フロンターレ,Ensemble,A,A,True,0.44963951790730183,0.17061186655169533,0.37974861554100275
8,1632,京都サンガF.C.,柏レイソル,Ensemble,A,H,False,0.23348421790568327,0.2166314145137852,0.5498843675805315
8,1632,名古屋グランパス,町田,Ensemble,H,A,False,0.4924123466673893,0.19746702545526418,0.31012062787734646
