"FullName","Length","LastWriteTime"
"C:\Users\81805\toto-edge-git\ml\analyze_errors.py","3987","2026/07/10 14:50:34"
"C:\Users\81805\toto-edge-git\ml\analyze_training_dataset.py","9280","2026/07/13 15:04:40"
"C:\Users\81805\toto-edge-git\ml\analyze_uncertainty.py","3856","2026/07/08 21:56:37"
"C:\Users\81805\toto-edge-git\ml\audit_feature_usage.py","541","2026/07/10 14:56:57"
"C:\Users\81805\toto-edge-git\ml\budget_optimizer.py","4216","2026/07/10 15:43:47"
"C:\Users\81805\toto-edge-git\ml\budget_optimizer_beam.py","11924","2026/07/12 0:12:52"
"C:\Users\81805\toto-edge-git\ml\budget_optimizer_prize_beam.py","14306","2026/07/12 0:58:18"
"C:\Users\81805\toto-edge-git\ml\budget_optimizer_v2.py","5328","2026/07/10 16:21:45"
"C:\Users\81805\toto-edge-git\ml\budget_optimizer_v3.py","6614","2026/07/10 18:30:32"
"C:\Users\81805\toto-edge-git\ml\compare_models.py","13637","2026/07/11 9:56:15"
"C:\Users\81805\toto-edge-git\ml\compare_round_models.py","7221","2026/07/11 11:50:25"
"C:\Users\81805\toto-edge-git\ml\dashboard.py","9613","2026/07/12 0:13:18"
"C:\Users\81805\toto-edge-git\ml\diagnose_player_matching.py","11362","2026/07/13 14:50:59"
"C:\Users\81805\toto-edge-git\ml\expected_value.py","8273","2026/07/11 11:49:20"
"C:\Users\81805\toto-edge-git\ml\feature_ablation_v5.py","13248","2026/07/14 10:34:20"
"C:\Users\81805\toto-edge-git\ml\feature_importance_analyzer.py","17979","2026/07/14 1:13:29"
"C:\Users\81805\toto-edge-git\ml\loss_calculator.py","1333","2026/07/10 15:49:25"
"C:\Users\81805\toto-edge-git\ml\match_difficulty.py","2281","2026/07/11 23:47:15"
"C:\Users\81805\toto-edge-git\ml\monte_carlo_optimizer.py","20695","2026/07/12 9:13:15"
"C:\Users\81805\toto-edge-git\ml\monte_carlo_ticket_evaluator.py","14099","2026/07/12 9:12:41"
"C:\Users\81805\toto-edge-git\ml\predict_round.py","9425","2026/07/12 0:12:33"
"C:\Users\81805\toto-edge-git\ml\probability_estimator.py","6678","2026/07/11 11:48:54"
"C:\Users\81805\toto-edge-git\ml\run_all.py","2907","2026/07/11 11:50:04"
"C:\Users\81805\toto-edge-git\ml\run_experiment.py","3597","2026/07/10 21:38:38"
"C:\Users\81805\toto-edge-git\ml\run_round_pipeline.py","3037","2026/07/11 11:49:45"
"C:\Users\81805\toto-edge-git\ml\ticket_optimizer.py","1988","2026/07/10 15:24:51"
"C:\Users\81805\toto-edge-git\ml\training_dataset_generator_v2.py","19276","2026/07/14 0:10:29"
"C:\Users\81805\toto-edge-git\ml\training_dataset_v2.csv","4110777","2026/07/14 0:11:02"
"C:\Users\81805\toto-edge-git\ml\train_lightgbm_v5.py","15608","2026/07/14 0:36:52"
"C:\Users\81805\toto-edge-git\ml\train_random_forest_v5.py","15399","2026/07/14 0:36:16"
"C:\Users\81805\toto-edge-git\ml\common\dataset.py","270","2026/07/08 21:19:58"
"C:\Users\81805\toto-edge-git\ml\common\draw_dynamic.py","2952","2026/07/11 11:23:49"
"C:\Users\81805\toto-edge-git\ml\common\features.py","1414","2026/07/10 14:49:15"
"C:\Users\81805\toto-edge-git\ml\common\match_difficulty.py","4994","2026/07/12 0:12:07"
"C:\Users\81805\toto-edge-git\ml\common\models.py","262","2026/07/08 21:20:20"
"C:\Users\81805\toto-edge-git\ml\common\predictor.py","4082","2026/07/11 8:33:59"
"C:\Users\81805\toto-edge-git\ml\comparison_round_1632\predictions_dynamic.csv","2760","2026/07/11 11:58:22"
"C:\Users\81805\toto-edge-git\ml\comparison_round_1632\predictions_ensemble.csv","2439","2026/07/11 11:58:19"
"C:\Users\81805\toto-edge-git\ml\comparison_round_1632\predictions_rf.csv","2359","2026/07/11 11:58:17"
"C:\Users\81805\toto-edge-git\ml\comparison_round_1632\probability_dynamic.json","953","2026/07/11 11:58:23"
"C:\Users\81805\toto-edge-git\ml\comparison_round_1632\probability_ensemble.json","950","2026/07/11 11:58:20"
"C:\Users\81805\toto-edge-git\ml\comparison_round_1632\probability_rf.json","951","2026/07/11 11:58:17"
"C:\Users\81805\toto-edge-git\ml\comparison_round_1632\ticket_plan_dynamic.csv","3127","2026/07/11 11:58:23"
"C:\Users\81805\toto-edge-git\ml\comparison_round_1632\ticket_plan_ensemble.csv","3131","2026/07/11 11:58:20"
"C:\Users\81805\toto-edge-git\ml\comparison_round_1632\ticket_plan_rf.csv","3127","2026/07/11 11:58:17"
"C:\Users\81805\toto-edge-git\ml\diagnostics\competition_matching_report.csv","359","2026/07/13 14:51:28"
"C:\Users\81805\toto-edge-git\ml\diagnostics\player_matching_diagnosis.csv","110629","2026/07/13 14:51:28"
"C:\Users\81805\toto-edge-git\ml\diagnostics\player_matching_report.json","273","2026/07/13 14:51:28"
"C:\Users\81805\toto-edge-git\ml\diagnostics\player_matching_summary.csv","204","2026/07/13 14:51:28"
"C:\Users\81805\toto-edge-git\ml\diagnostics\unmatched_team_names.csv","5565","2026/07/13 14:51:28"
"C:\Users\81805\toto-edge-git\ml\diagnostics\training_dataset_v2\feature_columns.json","2204","2026/07/14 0:11:02"
"C:\Users\81805\toto-edge-git\ml\diagnostics\training_dataset_v2\feature_registry.csv","2615","2026/07/14 0:11:02"
"C:\Users\81805\toto-edge-git\ml\diagnostics\training_dataset_v2\generation_report.json","429","2026/07/14 0:11:02"
"C:\Users\81805\toto-edge-git\ml\diagnostics\training_dataset_v2\missing_values.csv","2116","2026/07/14 0:11:02"
"C:\Users\81805\toto-edge-git\ml\feature_ablation_v5\feature_ablation_predictions.csv","1919154","2026/07/14 10:36:33"
"C:\Users\81805\toto-edge-git\ml\feature_ablation_v5\feature_ablation_results.csv","1747","2026/07/14 10:36:33"
"C:\Users\81805\toto-edge-git\ml\feature_ablation_v5\feature_ablation_summary.json","252","2026/07/14 10:36:33"
"C:\Users\81805\toto-edge-git\ml\feature_ablation_v5\selected_features_v5.csv","2053","2026/07/14 10:36:33"
"C:\Users\81805\toto-edge-git\ml\feature_ablation_v5\selected_features_v5.json","2035","2026/07/14 10:36:33"
"C:\Users\81805\toto-edge-git\ml\feature_importance_analysis\analysis_summary.json","226","2026/07/14 1:13:56"
"C:\Users\81805\toto-edge-git\ml\feature_importance_analysis\feature_family_summary.csv","524","2026/07/14 1:13:56"
"C:\Users\81805\toto-edge-git\ml\feature_importance_analysis\feature_importance_comparison.csv","16099","2026/07/14 1:13:56"
"C:\Users\81805\toto-edge-git\ml\feature_importance_analysis\feature_importance_report.md","6559","2026/07/14 1:13:56"
"C:\Users\81805\toto-edge-git\ml\feature_importance_analysis\feature_position_summary.csv","429","2026/07/14 1:13:56"
"C:\Users\81805\toto-edge-git\ml\feature_importance_analysis\feature_side_summary.csv","363","2026/07/14 1:13:56"
"C:\Users\81805\toto-edge-git\ml\feature_importance_analysis\high_disagreement_features.csv","2476","2026/07/14 1:13:56"
"C:\Users\81805\toto-edge-git\ml\feature_importance_analysis\low_importance_candidates.csv","5496","2026/07/14 1:13:56"
"C:\Users\81805\toto-edge-git\ml\feature_importance_analysis\recommended_core_features.csv","7809","2026/07/14 1:13:56"
"C:\Users\81805\toto-edge-git\ml\head_to_head\models.py","8746","2026/07/14 10:58:39"
"C:\Users\81805\toto-edge-git\ml\head_to_head\repository.py","6404","2026/07/14 11:16:28"
"C:\Users\81805\toto-edge-git\ml\lgbm_v5\lightgbm_v5.joblib","2476104","2026/07/14 0:46:48"
"C:\Users\81805\toto-edge-git\ml\lgbm_v5\lightgbm_v5_feature_importance.csv","3327","2026/07/14 0:46:47"
"C:\Users\81805\toto-edge-git\ml\lgbm_v5\lightgbm_v5_predictions.csv","509478","2026/07/14 0:46:47"
"C:\Users\81805\toto-edge-git\ml\lgbm_v5\lightgbm_v5_summary.csv","427","2026/07/14 0:46:47"
"C:\Users\81805\toto-edge-git\ml\lgbm_v5\lightgbm_v5_summary.json","532","2026/07/14 0:46:47"
"C:\Users\81805\toto-edge-git\ml\lgbm_v5\lightgbm_v5_windows.csv","5054","2026/07/14 0:46:47"
"C:\Users\81805\toto-edge-git\ml\matching\matching_engine.py","16704","2026/07/13 20:09:08"
"C:\Users\81805\toto-edge-git\ml\model\feature_selector.py","5162","2026/07/13 8:46:13"
"C:\Users\81805\toto-edge-git\ml\model\lightgbm_model.py","2219","2026/07/13 9:27:39"
"C:\Users\81805\toto-edge-git\ml\model\metrics.py","2400","2026/07/13 8:46:13"
"C:\Users\81805\toto-edge-git\ml\model\random_forest_model.py","1815","2026/07/13 8:46:13"
"C:\Users\81805\toto-edge-git\ml\model\rolling_backtest.py","6319","2026/07/13 8:46:13"
"C:\Users\81805\toto-edge-git\ml\model\__init__.py","51","2026/07/13 8:46:13"
"C:\Users\81805\toto-edge-git\ml\player_engine\collector\jleague_collector.py","15118","2026/07/12 15:33:26"
"C:\Users\81805\toto-edge-git\ml\player_engine\collector\jleague_match_id_collector.py","9074","2026/07/12 18:28:14"
"C:\Users\81805\toto-edge-git\ml\player_engine\collector\jleague_parser.py","18589","2026/07/12 15:55:32"
"C:\Users\81805\toto-edge-git\ml\player_engine\collector\validation.py","7799","2026/07/12 15:55:37"
"C:\Users\81805\toto-edge-git\ml\player_engine\data\players.csv","75","2026/07/12 15:19:23"
"C:\Users\81805\toto-edge-git\ml\player_engine\data\processed\goals.csv","1299796","2026/07/13 18:57:04"
"C:\Users\81805\toto-edge-git\ml\player_engine\data\processed\historical_position_features.csv","1186347","2026/07/13 18:51:24"
"C:\Users\81805\toto-edge-git\ml\player_engine\data\processed\historical_team_features.csv","675589","2026/07/13 18:50:06"
"C:\Users\81805\toto-edge-git\ml\player_engine\data\processed\matches.csv","1401916","2026/07/13 18:57:02"
"C:\Users\81805\toto-edge-git\ml\player_engine\data\processed\match_card_ids.csv","865630","2026/07/13 17:05:51"
"C:\Users\81805\toto-edge-git\ml\player_engine\data\processed\parser_summary.json","104","2026/07/13 18:57:04"
"C:\Users\81805\toto-edge-git\ml\player_engine\data\processed\player_core_scores.csv","3265","2026/07/12 18:01:47"
"C:\Users\81805\toto-edge-git\ml\player_engine\data\processed\player_match_history.csv","22747997","2026/07/13 18:57:03"
"C:\Users\81805\toto-edge-git\ml\player_engine\data\processed\player_momentum.csv","3103","2026/07/12 17:44:27"
"C:\Users\81805\toto-edge-git\ml\player_engine\data\processed\player_suspension_features.csv","120","2026/07/12 17:27:02"
"C:\Users\81805\toto-edge-git\ml\player_engine\data\processed\substitutions.csv","3088793","2026/07/13 18:57:04"
"C:\Users\81805\toto-edge-git\ml\player_engine\data\processed\suspensions.csv","91","2026/07/12 17:27:02"
"C:\Users\81805\toto-edge-git\ml\player_engine\data\processed\team_features.csv","209","2026/07/12 18:07:18"
"C:\Users\81805\toto-edge-git\ml\player_engine\data\raw\matches\metadata\match_24973.json","597","2026/07/12 15:33:56"
"C:\Users\81805\toto-edge-git\ml\player_engine\data\raw\matches\metadata\match_24974.json","605","2026/07/13 10:07:16"
"C:\Users\81805\toto-edge-git\ml\player_engine\data\raw\matches\metadata\match_24975.json","605","2026/07/13 10:07:18"
"C:\Users\81805\toto-edge-git\ml\player_engine\data\raw\matches\metadata\match_24976.json","605","2026/07/13 10:07:20"
"C:\Users\81805\toto-edge-git\ml\player_engine\data\raw\matches\metadata\match_24977.json","605","2026/07/13 10:07:22"
"C:\Users\81805\toto-edge-git\ml\player_engine\data\raw\matches\metadata\match_24978.json","605","2026/07/13 10:07:25"
"C:\Users\81805\toto-edge-git\ml\player_engine\data\raw\matches\metadata\match_24979.json","605","2026/07/13 10:07:27"
"C:\Users\81805\toto-edge-git\ml\player_engine\data\raw\matches\metadata\match_24980.json","605","2026/07/13 10:07:29"
"C:\Users\81805\toto-edge-git\ml\player_engine\data\raw\matches\metadata\match_24981.json","605","2026/07/13 10:07:31"
"C:\Users\81805\toto-edge-git\ml\player_engine\data\raw\matches\metadata\match_24982.json","605","2026/07/13 10:07:33"
"C:\Users\81805\toto-edge-git\ml\player_engine\data\raw\matches\metadata\match_24983.json","605","2026/07/13 10:07:35"
"C:\Users\81805\toto-edge-git\ml\player_engine\data\raw\matches\metadata\match_24984.json","605","2026/07/13 10:07:37"
"C:\Users\81805\toto-edge-git\ml\player_engine\data\raw\matches\metadata\match_24985.json","605","2026/07/13 10:07:40"
"C:\Users\81805\toto-edge-git\ml\player_engine\data\raw\matches\metadata\match_24986.json","605","2026/07/13 10:07:42"
"C:\Users\81805\toto-edge-git\ml\player_engine\data\raw\matches\metadata\match_24987.json","605","2026/07/13 10:07:44"
"C:\Users\81805\toto-edge-git\ml\player_engine\data\raw\matches\metadata\match_24988.json","605","2026/07/13 10:07:46"
"C:\Users\81805\toto-edge-git\ml\player_engine\data\raw\matches\metadata\match_24989.json","605","2026/07/13 10:07:48"
"C:\Users\81805\toto-edge-git\ml\player_engine\data\raw\matches\metadata\match_24990.json","605","2026/07/13 10:07:50"
"C:\Users\81805\toto-edge-git\ml\player_engine\data\raw\matches\metadata\match_24991.json","605","2026/07/13 10:07:52"
"C:\Users\81805\toto-edge-git\ml\player_engine\data\raw\matches\metadata\match_24992.json","605","2026/07/13 10:07:54"
"C:\Users\81805\toto-edge-git\ml\player_engine\data\raw\matches\metadata\match_24993.json","605","2026/07/13 10:07:57"
"C:\Users\81805\toto-edge-git\ml\player_engine\data\raw\matches\metadata\match_24994.json","605","2026/07/13 10:07:59"
"C:\Users\81805\toto-edge-git\ml\player_engine\data\raw\matches\metadata\match_24995.json","605","2026/07/13 10:08:01"
"C:\Users\81805\toto-edge-git\ml\player_engine\data\raw\matches\metadata\match_24996.json","605","2026/07/13 10:08:03"
"C:\Users\81805\toto-edge-git\ml\player_engine\data\raw\matches\metadata\match_24997.json","605","2026/07/13 10:08:05"
"C:\Users\81805\toto-edge-git\ml\player_engine\data\raw\matches\metadata\match_24998.json","605","2026/07/13 10:08:07"
"C:\Users\81805\toto-edge-git\ml\player_engine\data\raw\matches\metadata\match_24999.json","605","2026/07/13 10:08:09"
"C:\Users\81805\toto-edge-git\ml\player_engine\data\raw\matches\metadata\match_25000.json","605","2026/07/13 10:08:11"
"C:\Users\81805\toto-edge-git\ml\player_engine\data\raw\matches\metadata\match_25001.json","605","2026/07/13 10:08:14"
"C:\Users\81805\toto-edge-git\ml\player_engine\data\raw\matches\metadata\match_25002.json","605","2026/07/13 10:08:16"
"C:\Users\81805\toto-edge-git\ml\player_engine\data\raw\matches\metadata\match_25003.json","605","2026/07/13 10:08:18"
"C:\Users\81805\toto-edge-git\ml\player_engine\data\raw\matches\metadata\match_25004.json","605","2026/07/13 10:08:20"
"C:\Users\81805\toto-edge-git\ml\player_engine\data\raw\matches\metadata\match_25005.json","605","2026/07/13 10:08:22"
"C:\Users\81805\toto-edge-git\ml\player_engine\data\raw\matches\metadata\match_25006.json","605","2026/07/13 10:08:25"
"C:\Users\81805\toto-edge-git\ml\player_engine\data\raw\matches\metadata\match_25007.json","605","2026/07/13 10:08:27"
"C:\Users\81805\toto-edge-git\ml\player_engine\data\raw\matches\metadata\match_25008.json","605","2026/07/13 10:08:29"
"C:\Users\81805\toto-edge-git\ml\player_engine\data\raw\matches\metadata\match_25009.json","605","2026/07/13 10:08:31"
"C:\Users\81805\toto-edge-git\ml\player_engine\data\raw\matches\metadata\match_25010.json","605","2026/07/13 10:08:33"
"C:\Users\81805\toto-edge-git\ml\player_engine\data\raw\matches\metadata\match_25011.json","605","2026/07/13 10:08:35"
"C:\Users\81805\toto-edge-git\ml\player_engine\data\raw\matches\metadata\match_25012.json","605","2026/07/13 10:08:37"
"C:\Users\81805\toto-edge-git\ml\player_engine\data\raw\matches\metadata\match_25013.json","605","2026/07/13 10:08:39"
"C:\Users\81805\toto-edge-git\ml\player_engine\data\raw\matches\metadata\match_25014.json","605","2026/07/13 10:08:42"
"C:\Users\81805\toto-edge-git\ml\player_engine\data\raw\matches\metadata\match_25015.json","605","2026/07/13 10:08:44"
"C:\Users\81805\toto-edge-git\ml\player_engine\data\raw\matches\metadata\match_25016.json","605","2026/07/13 10:08:46"
"C:\Users\81805\toto-edge-git\ml\player_engine\data\raw\matches\metadata\match_25017.json","605","2026/07/13 10:08:48"
"C:\Users\81805\toto-edge-git\ml\player_engine\data\raw\matches\metadata\match_25018.json","605","2026/07/13 10:08:50"
"C:\Users\81805\toto-edge-git\ml\player_engine\data\raw\matches\metadata\match_25019.json","605","2026/07/13 10:08:52"
"C:\Users\81805\toto-edge-git\ml\player_engine\data\raw\matches\metadata\match_25020.json","605","2026/07/13 10:08:54"
"C:\Users\81805\toto-edge-git\ml\player_engine\data\raw\matches\metadata\match_25021.json","605","2026/07/13 10:08:57"
"C:\Users\81805\toto-edge-git\ml\player_engine\data\raw\matches\metadata\match_25022.json","605","2026/07/13 10:08:59"
"C:\Users\81805\toto-edge-git\ml\player_engine\data\raw\matches\metadata\match_25023.json","605","2026/07/13 10:09:01"
"C:\Users\81805\toto-edge-git\ml\player_engine\data\raw\matches\metadata\match_25024.json","605","2026/07/13 10:09:03"
"C:\Users\81805\toto-edge-git\ml\player_engine\data\raw\matches\metadata\match_25025.json","605","2026/07/13 10:09:05"
"C:\Users\81805\toto-edge-git\ml\player_engine\data\raw\matches\metadata\match_25026.json","605","2026/07/13 10:09:07"
"C:\Users\81805\toto-edge-git\ml\player_engine\data\raw\matches\metadata\match_25027.json","605","2026/07/13 10:09:09"
"C:\Users\81805\toto-edge-git\ml\player_engine\data\raw\matches\metadata\match_25028.json","605","2026/07/13 10:09:12"
"C:\Users\81805\toto-edge-git\ml\player_engine\data\raw\matches\metadata\match_25029.json","605","2026/07/13 10:09:14"
"C:\Users\81805\toto-edge-git\ml\player_engine\data\raw\matches\metadata\match_25030.json","605","2026/07/13 10:09:16"
"C:\Users\81805\toto-edge-git\ml\player_engine\data\raw\matches\metadata\match_25031.json","605","2026/07/13 10:09:18"
"C:\Users\81805\toto-edge-git\ml\player_engine\data\raw\matches\metadata\match_25032.json","605","2026/07/13 10:09:20"
"C:\Users\81805\toto-edge-git\ml\player_engine\data\raw\matches\metadata\match_25033.json","605","2026/07/13 10:09:22"
"C:\Users\81805\toto-edge-git\ml\player_engine\data\raw\matches\metadata\match_25034.json","605","2026/07/13 10:09:24"
"C:\Users\81805\toto-edge-git\ml\player_engine\data\raw\matches\metadata\match_25035.json","605","2026/07/13 10:09:26"
"C:\Users\81805\toto-edge-git\ml\player_engine\data\raw\matches\metadata\match_25036.json","605","2026/07/13 10:09:29"
"C:\Users\81805\toto-edge-git\ml\player_engine\data\raw\matches\metadata\match_25037.json","605","2026/07/13 10:09:31"
"C:\Users\81805\toto-edge-git\ml\player_engine\data\raw\matches\metadata\match_25038.json","605","2026/07/13 10:09:33"
"C:\Users\81805\toto-edge-git\ml\player_engine\data\raw\matches\metadata\match_25039.json","605","2026/07/13 10:09:35"
"C:\Users\81805\toto-edge-git\ml\player_engine\data\raw\matches\metadata\match_25040.json","605","2026/07/13 10:09:37"
"C:\Users\81805\toto-edge-git\ml\player_engine\data\raw\matches\metadata\match_25041.json","605","2026/07/13 10:09:39"
"C:\Users\81805\toto-edge-git\ml\player_engine\data\raw\matches\metadata\match_25042.json","605","2026/07/13 10:09:41"
"C:\Users\81805\toto-edge-git\ml\player_engine\data\raw\matches\metadata\match_25043.json","605","2026/07/13 10:09:44"
"C:\Users\81805\toto-edge-git\ml\player_engine\data\raw\matches\metadata\match_25044.json","605","2026/07/13 10:09:46"
"C:\Users\81805\toto-edge-git\ml\player_engine\data\raw\matches\metadata\match_25045.json","605","2026/07/13 10:09:48"
"C:\Users\81805\toto-edge-git\ml\player_engine\data\raw\matches\metadata\match_25046.json","605","2026/07/13 10:09:50"
"C:\Users\81805\toto-edge-git\ml\player_engine\data\raw\matches\metadata\match_25047.json","605","2026/07/13 10:09:52"
"C:\Users\81805\toto-edge-git\ml\player_engine\data\raw\matches\metadata\match_25048.json","605","2026/07/13 10:09:54"
"C:\Users\81805\toto-edge-git\ml\player_engine\data\raw\matches\metadata\match_25049.json","605","2026/07/13 10:09:56"
"C:\Users\81805\toto-edge-git\ml\player_engine\data\raw\matches\metadata\match_25050.json","605","2026/07/13 10:09:59"
"C:\Users\81805\toto-edge-git\ml\player_engine\data\raw\matches\metadata\match_25051.json","605","2026/07/13 10:10:01"
"C:\Users\81805\toto-edge-git\ml\player_engine\data\raw\matches\metadata\match_25052.json","605","2026/07/13 10:10:03"
"C:\Users\81805\toto-edge-git\ml\player_engine\data\raw\matches\metadata\match_25053.json","605","2026/07/13 10:10:05"
"C:\Users\81805\toto-edge-git\ml\player_engine\data\raw\matches\metadata\match_25054.json","605","2026/07/13 10:10:07"
"C:\Users\81805\toto-edge-git\ml\player_engine\data\raw\matches\metadata\match_25055.json","605","2026/07/13 10:10:09"
"C:\Users\81805\toto-edge-git\ml\player_engine\data\raw\matches\metadata\match_25056.json","605","2026/07/13 10:10:11"
"C:\Users\81805\toto-edge-git\ml\player_engine\data\raw\matches\metadata\match_25057.json","605","2026/07/13 10:10:14"
"C:\Users\81805\toto-edge-git\ml\player_engine\data\raw\matches\metadata\match_25058.json","605","2026/07/13 10:10:16"
"C:\Users\81805\toto-edge-git\ml\player_engine\data\raw\matches\metadata\match_25059.json","605","2026/07/13 10:10:18"
"C:\Users\81805\toto-edge-git\ml\player_engine\data\raw\matches\metadata\match_25060.json","605","2026/07/13 10:10:20"
"C:\Users\81805\toto-edge-git\ml\player_engine\data\raw\matches\metadata\match_25061.json","605","2026/07/13 10:10:22"
"C:\Users\81805\toto-edge-git\ml\player_engine\data\raw\matches\metadata\match_25062.json","605","2026/07/13 10:10:24"
"C:\Users\81805\toto-edge-git\ml\player_engine\data\raw\matches\metadata\match_25063.json","605","2026/07/13 10:10:26"
"C:\Users\81805\toto-edge-git\ml\player_engine\data\raw\matches\metadata\match_25064.json","605","2026/07/13 10:10:29"
"C:\Users\81805\toto-edge-git\ml\player_engine\data\raw\matches\metadata\match_25065.json","605","2026/07/13 10:10:31"
"C:\Users\81805\toto-edge-git\ml\player_engine\data\raw\matches\metadata\match_25066.json","605","2026/07/13 10:10:33"
"C:\Users\81805\toto-edge-git\ml\player_engine\data\raw\matches\metadata\match_25067.json","605","2026/07/13 10:10:35"
"C:\Users\81805\toto-edge-git\ml\player_engine\data\raw\matches\metadata\match_25068.json","605","2026/07/13 10:10:37"
"C:\Users\81805\toto-edge-git\ml\player_engine\data\raw\matches\metadata\match_25069.json","605","2026/07/13 10:10:39"
"C:\Users\81805\toto-edge-git\ml\player_engine\data\raw\matches\metadata\match_25070.json","605","2026/07/13 10:10:41"
"C:\Users\81805\toto-edge-git\ml\player_engine\data\raw\matches\metadata\match_25071.json","605","2026/07/13 10:10:44"
"C:\Users\81805\toto-edge-git\ml\player_engine\data\raw\matches\metadata\match_25072.json","605","2026/07/13 10:10:46"
"C:\Users\81805\toto-edge-git\ml\player_engine\data\raw\matches\metadata\match_25073.json","605","2026/07/13 10:10:48"
"C:\Users\81805\toto-edge-git\ml\player_engine\data\raw\matches\metadata\match_25074.json","605","2026/07/13 10:10:50"
"C:\Users\81805\toto-edge-git\ml\player_engine\data\raw\matches\metadata\match_25075.json","605","2026/07/13 10:10:52"
"C:\Users\81805\toto-edge-git\ml\player_engine\data\raw\matches\metadata\match_25076.json","605","2026/07/13 10:10:54"
"C:\Users\81805\toto-edge-git\ml\player_engine\data\raw\matches\metadata\match_25077.json","605","2026/07/13 10:10:57"
"C:\Users\81805\toto-edge-git\ml\player_engine\data\raw\matches\metadata\match_25078.json","605","2026/07/13 10:10:59"
"C:\Users\81805\toto-edge-git\ml\player_engine\data\raw\matches\metadata\match_25079.json","605","2026/07/13 10:11:01"
"C:\Users\81805\toto-edge-git\ml\player_engine\data\raw\matches\metadata\match_25080.json","605","2026/07/13 10:11:03"
"C:\Users\81805\toto-edge-git\ml\player_engine\data\raw\matches\metadata\match_25081.json","605","2026/07/13 10:11:05"
"C:\Users\81805\toto-edge-git\ml\player_engine\data\raw\matches\metadata\match_25082.json","605","2026/07/13 10:11:07"
"C:\Users\81805\toto-edge-git\ml\player_engine\data\raw\matches\metadata\match_25083.json","605","2026/07/13 10:11:09"
"C:\Users\81805\toto-edge-git\ml\player_engine\data\raw\matches\metadata\match_25084.json","605","2026/07/13 10:11:12"
"C:\Users\81805\toto-edge-git\ml\player_engine\data\raw\matches\metadata\match_25085.json","605","2026/07/13 10:11:14"
"C:\Users\81805\toto-edge-git\ml\player_engine\data\raw\matches\metadata\match_25086.json","605","2026/07/13 10:11:16"
"C:\Users\81805\toto-edge-git\ml\player_engine\data\raw\matches\metadata\match_25087.json","605","2026/07/13 10:11:18"
"C:\Users\81805\toto-edge-git\ml\player_engine\data\raw\matches\metadata\match_25088.json","605","2026/07/13 10:11:20"
"C:\Users\81805\toto-edge-git\ml\player_engine\data\raw\matches\metadata\match_25089.json","605","2026/07/13 10:11:22"
"C:\Users\81805\toto-edge-git\ml\player_engine\data\raw\matches\metadata\match_25090.json","605","2026/07/13 10:11:24"
"C:\Users\81805\toto-edge-git\ml\player_engine\data\raw\matches\metadata\match_25091.json","605","2026/07/13 10:11:27"
"C:\Users\81805\toto-edge-git\ml\player_engine\data\raw\matches\metadata\match_25092.json","605","2026/07/13 10:11:29"
"C:\Users\81805\toto-edge-git\ml\player_engine\data\raw\matches\metadata\match_25093.json","605","2026/07/13 10:11:31"
"C:\Users\81805\toto-edge-git\ml\player_engine\data\raw\matches\metadata\match_25094.json","605","2026/07/13 10:11:33"
"C:\Users\81805\toto-edge-git\ml\player_engine\data\raw\matches\metadata\match_25095.json","605","2026/07/13 10:11:35"
"C:\Users\81805\toto-edge-git\ml\player_engine\data\raw\matches\metadata\match_25096.json","605","2026/07/13 10:11:37"
"C:\Users\81805\toto-edge-git\ml\player_engine\data\raw\matches\metadata\match_25097.json","605","2026/07/13 10:11:39"
"C:\Users\81805\toto-edge-git\ml\player_engine\data\raw\matches\metadata\match_25098.json","605","2026/07/13 10:11:42"
"C:\Users\81805\toto-edge-git\ml\player_engine\data\raw\matches\metadata\match_25099.json","605","2026/07/13 10:11:44"
"C:\Users\81805\toto-edge-git\ml\player_engine\data\raw\matches\metadata\match_25100.json","605","2026/07/13 10:11:46"
"C:\Users\81805\toto-edge-git\ml\player_engine\data\raw\matches\metadata\match_25101.json","605","2026/07/13 10:11:48"
"C:\Users\81805\toto-edge-git\ml\player_engine\data\raw\matches\metadata\match_25102.json","605","2026/07/13 10:11:50"
"C:\Users\81805\toto-edge-git\ml\player_engine\data\raw\matches\metadata\match_25103.json","605","2026/07/13 10:11:52"
"C:\Users\81805\toto-edge-git\ml\player_engine\data\raw\matches\metadata\match_25104.json","605","2026/07/13 10:11:54"
"C:\Users\81805\toto-edge-git\ml\player_engine\data\raw\matches\metadata\match_25105.json","605","2026/07/13 10:11:57"
"C:\Users\81805\toto-edge-git\ml\player_engine\data\raw\matches\metadata\match_25106.json","605","2026/07/13 10:11:59"
"C:\Users\81805\toto-edge-git\ml\player_engine\data\raw\matches\metadata\match_25107.json","605","2026/07/13 10:12:01"
"C:\Users\81805\toto-edge-git\ml\player_engine\data\raw\matches\metadata\match_25108.json","605","2026/07/13 10:12:03"
"C:\Users\81805\toto-edge-git\ml\player_engine\data\raw\matches\metadata\match_25109.json","605","2026/07/13 10:12:05"
"C:\Users\81805\toto-edge-git\ml\player_engine\data\raw\matches\metadata\match_25110.json","605","2026/07/13 10:12:07"
"C:\Users\81805\toto-edge-git\ml\player_engine\data\raw\matches\metadata\match_25111.json","605","2026/07/13 10:12:09"
"C:\Users\81805\toto-edge-git\ml\player_engine\data\raw\matches\metadata\match_25112.json","605","2026/07/13 10:12:12"
"C:\Users\81805\toto-edge-git\ml\player_engine\data\raw\matches\metadata\match_25113.json","605","2026/07/13 10:12:14"
"C:\Users\81805\toto-edge-git\ml\player_engine\data\raw\matches\metadata\match_25114.json","605","2026/07/13 10:12:16"
"C:\Users\81805\toto-edge-git\ml\player_engine\data\raw\matches\metadata\match_25115.json","605","2026/07/13 10:12:18"
"C:\Users\81805\toto-edge-git\ml\player_engine\data\raw\matches\metadata\match_25116.json","605","2026/07/13 10:12:20"
"C:\Users\81805\toto-edge-git\ml\player_engine\data\raw\matches\metadata\match_25117.json","605","2026/07/13 10:12:22"
"C:\Users\81805\toto-edge-git\ml\player_engine\data\raw\matches\metadata\match_25118.json","605","2026/07/13 10:12:24"
"C:\Users\81805\toto-edge-git\ml\player_engine\data\raw\matches\metadata\match_25119.json","605","2026/07/13 10:12:26"
"C:\Users\81805\toto-edge-git\ml\player_engine\data\raw\matches\metadata\match_25120.json","605","2026/07/13 10:12:29"
"C:\Users\81805\toto-edge-git\ml\player_engine\data\raw\matches\metadata\match_25121.json","605","2026/07/13 10:12:31"
"C:\Users\81805\toto-edge-git\ml\player_engine\data\raw\matches\metadata\match_25122.json","605","2026/07/13 10:12:33"
"C:\Users\81805\toto-edge-git\ml\player_engine\data\raw\matches\metadata\match_25123.json","605","2026/07/13 10:12:35"
"C:\Users\81805\toto-edge-git\ml\player_engine\data\raw\matches\metadata\match_25124.json","605","2026/07/13 10:12:37"
"C:\Users\81805\toto-edge-git\ml\player_engine\data\raw\matches\metadata\match_25125.json","605","2026/07/13 10:12:39"
"C:\Users\81805\toto-edge-git\ml\player_engine\data\raw\matches\metadata\match_25126.json","605","2026/07/13 10:12:42"
"C:\Users\81805\toto-edge-git\ml\player_engine\data\raw\matches\metadata\match_25127.json","605","2026/07/13 10:12:44"
"C:\Users\81805\toto-edge-git\ml\player_engine\data\raw\matches\metadata\match_25128.json","605","2026/07/13 10:12:46"
"C:\Users\81805\toto-edge-git\ml\player_engine\data\raw\matches\metadata\match_25129.json","605","2026/07/13 10:12:48"
"C:\Users\81805\toto-edge-git\ml\player_engine\data\raw\matches\metadata\match_25130.json","605","2026/07/13 10:12:50"
"C:\Users\81805\toto-edge-git\ml\player_engine\data\raw\matches\metadata\match_25131.json","605","2026/07/13 10:12:52"
"C:\Users\81805\toto-edge-git\ml\player_engine\data\raw\matches\metadata\match_25132.json","605","2026/07/13 10:12:54"
"C:\Users\81805\toto-edge-git\ml\player_engine\data\raw\matches\metadata\match_25133.json","605","2026/07/13 10:12:56"
"C:\Users\81805\toto-edge-git\ml\player_engine\data\raw\matches\metadata\match_25134.json","605","2026/07/13 10:12:59"
"C:\Users\81805\toto-edge-git\ml\player_engine\data\raw\matches\metadata\match_25135.json","605","2026/07/13 10:13:01"
"C:\Users\81805\toto-edge-git\ml\player_engine\data\raw\matches\metadata\match_25136.json","605","2026/07/13 10:13:03"
"C:\Users\81805\toto-edge-git\ml\player_engine\data\raw\matches\metadata\match_25137.json","605","2026/07/13 10:13:05"
"C:\Users\81805\toto-edge-git\ml\player_engine\data\raw\matches\metadata\match_25138.json","605","2026/07/13 10:13:07"
"C:\Users\81805\toto-edge-git\ml\player_engine\data\raw\matches\metadata\match_25139.json","605","2026/07/13 10:13:09"
"C:\Users\81805\toto-edge-git\ml\player_engine\data\raw\matches\metadata\match_25140.json","605","2026/07/13 10:13:12"
"C:\Users\81805\toto-edge-git\ml\player_engine\data\raw\matches\metadata\match_25141.json","605","2026/07/13 10:13:14"
"C:\Users\81805\toto-edge-git\ml\player_engine\data\raw\matches\metadata\match_25142.json","605","2026/07/13 10:13:16"
"C:\Users\81805\toto-edge-git\ml\player_engine\data\raw\matches\metadata\match_25143.json","605","2026/07/13 10:13:18"
"C:\Users\81805\toto-edge-git\ml\player_engine\data\raw\matches\metadata\match_25144.json","605","2026/07/13 10:13:20"
"C:\Users\81805\toto-edge-git\ml\player_engine\data\raw\matches\metadata\match_25145.json","605","2026/07/13 10:13:22"
"C:\Users\81805\toto-edge-git\ml\player_engine\data\raw\matches\metadata\match_25146.json","605","2026/07/13 10:13:24"
"C:\Users\81805\toto-edge-git\ml\player_engine\data\raw\matches\metadata\match_25147.json","605","2026/07/13 10:13:27"
"C:\Users\81805\toto-edge-git\ml\player_engine\data\raw\matches\metadata\match_25148.json","605","2026/07/13 10:13:29"
"C:\Users\81805\toto-edge-git\ml\player_engine\data\raw\matches\metadata\match_25149.json","605","2026/07/13 10:13:31"
"C:\Users\81805\toto-edge-git\ml\player_engine\data\raw\matches\metadata\match_25150.json","605","2026/07/13 10:13:33"
"C:\Users\81805\toto-edge-git\ml\player_engine\data\raw\matches\metadata\match_25151.json","605","2026/07/13 10:13:35"
"C:\Users\81805\toto-edge-git\ml\player_engine\data\raw\matches\metadata\match_25152.json","605","2026/07/13 10:13:37"
"C:\Users\81805\toto-edge-git\ml\player_engine\data\raw\matches\metadata\match_25153.json","605","2026/07/13 10:13:39"
"C:\Users\81805\toto-edge-git\ml\player_engine\data\raw\matches\metadata\match_25154.json","605","2026/07/13 10:13:42"
"C:\Users\81805\toto-edge-git\ml\player_engine\data\raw\matches\metadata\match_25155.json","605","2026/07/13 10:13:44"
"C:\Users\81805\toto-edge-git\ml\player_engine\data\raw\matches\metadata\match_25156.json","605","2026/07/13 10:13:46"
"C:\Users\81805\toto-edge-git\ml\player_engine\data\raw\matches\metadata\match_25157.json","605","2026/07/13 10:13:48"
"C:\Users\81805\toto-edge-git\ml\player_engine\data\raw\matches\metadata\match_25158.json","605","2026/07/13 10:13:50"
"C:\Users\81805\toto-edge-git\ml\player_engine\data\raw\matches\metadata\match_25159.json","605","2026/07/13 10:13:52"
"C:\Users\81805\toto-edge-git\ml\player_engine\data\raw\matches\metadata\match_25160.json","605","2026/07/13 10:13:54"
"C:\Users\81805\toto-edge-git\ml\player_engine\data\raw\matches\metadata\match_25161.json","605","2026/07/13 10:13:57"
"C:\Users\81805\toto-edge-git\ml\player_engine\data\raw\matches\metadata\match_25162.json","605","2026/07/13 10:13:59"
"C:\Users\81805\toto-edge-git\ml\player_engine\data\raw\matches\metadata\match_25163.json","605","2026/07/13 10:14:01"
"C:\Users\81805\toto-edge-git\ml\player_engine\data\raw\matches\metadata\match_25164.json","605","2026/07/13 10:14:03"
"C:\Users\81805\toto-edge-git\ml\player_engine\data\raw\matches\metadata\match_25165.json","605","2026/07/13 10:14:05"
"C:\Users\81805\toto-edge-git\ml\player_engine\data\raw\matches\metadata\match_25166.json","605","2026/07/13 10:14:07"
"C:\Users\81805\toto-edge-git\ml\player_engine\data\raw\matches\metadata\match_25167.json","605","2026/07/13 10:14:09"
"C:\Users\81805\toto-edge-git\ml\player_engine\data\raw\matches\metadata\match_25168.json","605","2026/07/13 10:14:12"
"C:\Users\81805\toto-edge-git\ml\player_engine\data\raw\matches\metadata\match_25169.json","605","2026/07/13 10:14:14"
"C:\Users\81805\toto-edge-git\ml\player_engine\data\raw\matches\metadata\match_25170.json","605","2026/07/13 10:14:16"
"C:\Users\81805\toto-edge-git\ml\player_engine\data\raw\matches\metadata\match_25171.json","605","2026/07/13 10:14:18"
"C:\Users\81805\toto-edge-git\ml\player_engine\data\raw\matches\metadata\match_25172.json","605","2026/07/13 10:14:20"
"C:\Users\81805\toto-edge-git\ml\player_engine\data\raw\matches\metadata\match_25173.json","605","2026/07/13 10:14:22"
"C:\Users\81805\toto-edge-git\ml\player_engine\data\raw\matches\metadata\match_25174.json","605","2026/07/13 10:14:24"
"C:\Users\81805\toto-edge-git\ml\player_engine\data\raw\matches\metadata\match_25175.json","605","2026/07/13 10:14:26"
"C:\Users\81805\toto-edge-git\ml\player_engine\data\raw\matches\metadata\match_25176.json","605","2026/07/13 10:14:29"
"C:\Users\81805\toto-edge-git\ml\player_engine\data\raw\matches\metadata\match_25177.json","605","2026/07/13 10:14:31"
"C:\Users\81805\toto-edge-git\ml\player_engine\data\raw\matches\metadata\match_25178.json","605","2026/07/13 10:14:33"
"C:\Users\81805\toto-edge-git\ml\player_engine\data\raw\matches\metadata\match_25179.json","605","2026/07/13 10:14:35"
"C:\Users\81805\toto-edge-git\ml\player_engine\data\raw\matches\metadata\match_25180.json","605","2026/07/13 10:14:37"
"C:\Users\81805\toto-edge-git\ml\player_engine\data\raw\matches\metadata\match_25181.json","605","2026/07/13 10:14:39"
"C:\Users\81805\toto-edge-git\ml\player_engine\data\raw\matches\metadata\match_25182.json","605","2026/07/13 10:14:42"
"C:\Users\81805\toto-edge-git\ml\player_engine\data\raw\matches\metadata\match_25183.json","605","2026/07/13 10:14:44"
"C:\Users\81805\toto-edge-git\ml\player_engine\data\raw\matches\metadata\match_25184.json","605","2026/07/13 10:14:46"
"C:\Users\81805\toto-edge-git\ml\player_engine\data\raw\matches\metadata\match_25185.json","605","2026/07/13 10:14:48"
"C:\Users\81805\toto-edge-git\ml\player_engine\data\raw\matches\metadata\match_25186.json","605","2026/07/13 10:14:50"
"C:\Users\81805\toto-edge-git\ml\player_engine\data\raw\matches\metadata\match_25187.json","605","2026/07/13 10:14:52"
"C:\Users\81805\toto-edge-git\ml\player_engine\data\raw\matches\metadata\match_25188.json","605","2026/07/13 10:14:54"
"C:\Users\81805\toto-edge-git\ml\player_engine\data\raw\matches\metadata\match_25189.json","605","2026/07/13 10:14:57"
"C:\Users\81805\toto-edge-git\ml\player_engine\data\raw\matches\metadata\match_25190.json","605","2026/07/13 10:14:59"
"C:\Users\81805\toto-edge-git\ml\player_engine\data\raw\matches\metadata\match_25191.json","605","2026/07/13 10:15:01"
"C:\Users\81805\toto-edge-git\ml\player_engine\data\raw\matches\metadata\match_25192.json","605","2026/07/13 10:15:03"
"C:\Users\81805\toto-edge-git\ml\player_engine\data\raw\matches\metadata\match_25193.json","605","2026/07/13 10:15:05"
"C:\Users\81805\toto-edge-git\ml\player_engine\data\raw\matches\metadata\match_25194.json","605","2026/07/13 10:15:07"
"C:\Users\81805\toto-edge-git\ml\player_engine\data\raw\matches\metadata\match_25195.json","605","2026/07/13 10:15:09"
"C:\Users\81805\toto-edge-git\ml\player_engine\data\raw\matches\metadata\match_25196.json","605","2026/07/13 10:15:12"
"C:\Users\81805\toto-edge-git\ml\player_engine\data\raw\matches\metadata\match_25197.json","605","2026/07/13 10:15:14"
"C:\Users\81805\toto-edge-git\ml\player_engine\data\raw\matches\metadata\match_25198.json","605","2026/07/13 10:15:16"
"C:\Users\81805\toto-edge-git\ml\player_engine\data\raw\matches\metadata\match_25199.json","605","2026/07/13 10:15:18"
"C:\Users\81805\toto-edge-git\ml\player_engine\data\raw\matches\metadata\match_25200.json","605","2026/07/13 10:15:20"
"C:\Users\81805\toto-edge-git\ml\player_engine\data\raw\matches\metadata\match_25201.json","605","2026/07/13 10:15:22"
"C:\Users\81805\toto-edge-git\ml\player_engine\data\raw\matches\metadata\match_25202.json","605","2026/07/13 10:15:24"
"C:\Users\81805\toto-edge-git\ml\player_engine\data\raw\matches\metadata\match_25203.json","605","2026/07/13 10:15:27"
"C:\Users\81805\toto-edge-git\ml\player_engine\data\raw\matches\metadata\match_25204.json","605","2026/07/13 10:15:29"
"C:\Users\81805\toto-edge-git\ml\player_engine\data\raw\matches\metadata\match_25205.json","605","2026/07/13 10:15:31"
"C:\Users\81805\toto-edge-git\ml\player_engine\data\raw\matches\metadata\match_25206.json","605","2026/07/13 10:15:33"
"C:\Users\81805\toto-edge-git\ml\player_engine\data\raw\matches\metadata\match_25207.json","605","2026/07/13 10:15:35"
"C:\Users\81805\toto-edge-git\ml\player_engine\data\raw\matches\metadata\match_25208.json","605","2026/07/13 10:15:37"
"C:\Users\81805\toto-edge-git\ml\player_engine\data\raw\matches\metadata\match_25209.json","605","2026/07/13 10:15:39"
"C:\Users\81805\toto-edge-git\ml\player_engine\data\raw\matches\metadata\match_25210.json","605","2026/07/13 10:15:42"
"C:\Users\81805\toto-edge-git\ml\player_engine\data\raw\matches\metadata\match_25211.json","605","2026/07/13 10:15:44"
"C:\Users\81805\toto-edge-git\ml\player_engine\data\raw\matches\metadata\match_25212.json","605","2026/07/13 10:15:46"
"C:\Users\81805\toto-edge-git\ml\player_engine\data\raw\matches\metadata\match_25213.json","605","2026/07/13 10:15:48"
"C:\Users\81805\toto-edge-git\ml\player_engine\data\raw\matches\metadata\match_25214.json","605","2026/07/13 10:15:50"
"C:\Users\81805\toto-edge-git\ml\player_engine\data\raw\matches\metadata\match_25215.json","605","2026/07/13 10:15:52"
"C:\Users\81805\toto-edge-git\ml\player_engine\data\raw\matches\metadata\match_25216.json","605","2026/07/13 10:15:54"
"C:\Users\81805\toto-edge-git\ml\player_engine\data\raw\matches\metadata\match_25217.json","605","2026/07/13 10:15:57"
"C:\Users\81805\toto-edge-git\ml\player_engine\data\raw\matches\metadata\match_25218.json","605","2026/07/13 10:15:59"
"C:\Users\81805\toto-edge-git\ml\player_engine\data\raw\matches\metadata\match_25219.json","605","2026/07/13 10:16:01"
"C:\Users\81805\toto-edge-git\ml\player_engine\data\raw\matches\metadata\match_25220.json","605","2026/07/13 10:16:03"
"C:\Users\81805\toto-edge-git\ml\player_engine\data\raw\matches\metadata\match_25221.json","605","2026/07/13 10:16:05"
"C:\Users\81805\toto-edge-git\ml\player_engine\data\raw\matches\metadata\match_25222.json","605","2026/07/13 10:16:07"
"C:\Users\81805\toto-edge-git\ml\player_engine\data\raw\matches\metadata\match_25223.json","605","2026/07/13 10:16:09"
"C:\Users\81805\toto-edge-git\ml\player_engine\data\raw\matches\metadata\match_25224.json","605","2026/07/13 10:16:12"
"C:\Users\81805\toto-edge-git\ml\player_engine\data\raw\matches\metadata\match_25225.json","605","2026/07/13 10:16:14"
"C:\Users\81805\toto-edge-git\ml\player_engine\data\raw\matches\metadata\match_25226.json","605","2026/07/13 10:16:16"
"C:\Users\81805\toto-edge-git\ml\player_engine\data\raw\matches\metadata\match_25227.json","605","2026/07/13 10:16:18"
"C:\Users\81805\toto-edge-git\ml\player_engine\data\raw\matches\metadata\match_25228.json","605","2026/07/13 10:16:20"
"C:\Users\81805\toto-edge-git\ml\player_engine\data\raw\matches\metadata\match_25229.json","605","2026/07/13 10:16:22"
"C:\Users\81805\toto-edge-git\ml\player_engine\data\raw\matches\metadata\match_25230.json","605","2026/07/13 10:16:25"
"C:\Users\81805\toto-edge-git\ml\player_engine\data\raw\matches\metadata\match_25231.json","605","2026/07/13 10:16:27"
"C:\Users\81805\toto-edge-git\ml\player_engine\data\raw\matches\metadata\match_25232.json","605","2026/07/13 10:16:29"
"C:\Users\81805\toto-edge-git\ml\player_engine\data\raw\matches\metadata\match_25233.json","605","2026/07/13 10:16:31"
"C:\Users\81805\toto-edge-git\ml\player_engine\data\raw\matches\metadata\match_25234.json","605","2026/07/13 10:16:33"
"C:\Users\81805\toto-edge-git\ml\player_engine\data\raw\matches\metadata\match_25235.json","605","2026/07/13 10:16:35"
"C:\Users\81805\toto-edge-git\ml\player_engine\data\raw\matches\metadata\match_25236.json","605","2026/07/13 10:16:37"
"C:\Users\81805\toto-edge-git\ml\player_engine\data\raw\matches\metadata\match_25237.json","605","2026/07/13 10:16:40"
"C:\Users\81805\toto-edge-git\ml\player_engine\data\raw\matches\metadata\match_25238.json","605","2026/07/13 10:16:42"
"C:\Users\81805\toto-edge-git\ml\player_engine\data\raw\matches\metadata\match_25239.json","605","2026/07/13 10:16:44"
"C:\Users\81805\toto-edge-git\ml\player_engine\data\raw\matches\metadata\match_25240.json","605","2026/07/13 10:16:46"
"C:\Users\81805\toto-edge-git\ml\player_engine\data\raw\matches\metadata\match_25241.json","605","2026/07/13 10:16:48"
"C:\Users\81805\toto-edge-git\ml\player_engine\data\raw\matches\metadata\match_25242.json","605","2026/07/13 10:16:50"
"C:\Users\81805\toto-edge-git\ml\player_engine\data\raw\matches\metadata\match_25243.json","605","2026/07/13 10:16:52"
"C:\Users\81805\toto-edge-git\ml\player_engine\data\raw\matches\metadata\match_25244.json","605","2026/07/13 10:16:55"
"C:\Users\81805\toto-edge-git\ml\player_engine\data\raw\matches\metadata\match_25245.json","605","2026/07/13 10:16:57"
"C:\Users\81805\toto-edge-git\ml\player_engine\data\raw\matches\metadata\match_25246.json","605","2026/07/13 10:16:59"
"C:\Users\81805\toto-edge-git\ml\player_engine\data\raw\matches\metadata\match_25247.json","605","2026/07/13 10:17:01"
"C:\Users\81805\toto-edge-git\ml\player_engine\data\raw\matches\metadata\match_25248.json","605","2026/07/13 10:17:03"
"C:\Users\81805\toto-edge-git\ml\player_engine\data\raw\matches\metadata\match_25249.json","605","2026/07/13 10:17:05"
"C:\Users\81805\toto-edge-git\ml\player_engine\data\raw\matches\metadata\match_25250.json","605","2026/07/13 10:17:07"
"C:\Users\81805\toto-edge-git\ml\player_engine\data\raw\matches\metadata\match_25251.json","605","2026/07/13 10:17:10"
"C:\Users\81805\toto-edge-git\ml\player_engine\data\raw\matches\metadata\match_25252.json","605","2026/07/13 10:17:12"
"C:\Users\81805\toto-edge-git\ml\player_engine\data\raw\matches\metadata\match_25253.json","605","2026/07/13 10:17:14"
"C:\Users\81805\toto-edge-git\ml\player_engine\data\raw\matches\metadata\match_25254.json","605","2026/07/13 10:17:16"
"C:\Users\81805\toto-edge-git\ml\player_engine\data\raw\matches\metadata\match_25255.json","605","2026/07/13 10:17:18"
"C:\Users\81805\toto-edge-git\ml\player_engine\data\raw\matches\metadata\match_25256.json","605","2026/07/13 10:17:20"
"C:\Users\81805\toto-edge-git\ml\player_engine\data\raw\matches\metadata\match_25257.json","605","2026/07/13 10:17:22"
"C:\Users\81805\toto-edge-git\ml\player_engine\data\raw\matches\metadata\match_25258.json","605","2026/07/13 10:17:25"
"C:\Users\81805\toto-edge-git\ml\player_engine\data\raw\matches\metadata\match_25259.json","605","2026/07/13 10:17:27"
"C:\Users\81805\toto-edge-git\ml\player_engine\data\raw\matches\metadata\match_25260.json","605","2026/07/13 10:17:29"
"C:\Users\81805\toto-edge-git\ml\player_engine\data\raw\matches\metadata\match_25261.json","605","2026/07/13 10:17:31"
"C:\Users\81805\toto-edge-git\ml\player_engine\data\raw\matches\metadata\match_25262.json","605","2026/07/13 10:17:33"
"C:\Users\81805\toto-edge-git\ml\player_engine\data\raw\matches\metadata\match_25263.json","605","2026/07/13 10:17:35"
"C:\Users\81805\toto-edge-git\ml\player_engine\data\raw\matches\metadata\match_25264.json","605","2026/07/13 10:17:37"
"C:\Users\81805\toto-edge-git\ml\player_engine\data\raw\matches\metadata\match_25265.json","605","2026/07/13 10:17:40"
"C:\Users\81805\toto-edge-git\ml\player_engine\data\raw\matches\metadata\match_25266.json","605","2026/07/13 10:17:42"
"C:\Users\81805\toto-edge-git\ml\player_engine\data\raw\matches\metadata\match_25267.json","605","2026/07/13 10:17:44"
"C:\Users\81805\toto-edge-git\ml\player_engine\data\raw\matches\metadata\match_25268.json","605","2026/07/13 10:17:46"
"C:\Users\81805\toto-edge-git\ml\player_engine\data\raw\matches\metadata\match_25269.json","605","2026/07/13 10:17:48"
"C:\Users\81805\toto-edge-git\ml\player_engine\data\raw\matches\metadata\match_25270.json","605","2026/07/13 10:17:50"
"C:\Users\81805\toto-edge-git\ml\player_engine\data\raw\matches\metadata\match_25271.json","605","2026/07/13 10:17:52"
"C:\Users\81805\toto-edge-git\ml\player_engine\data\raw\matches\metadata\match_25272.json","605","2026/07/13 10:17:55"
"C:\Users\81805\toto-edge-git\ml\player_engine\data\raw\matches\metadata\match_25273.json","605","2026/07/13 10:17:57"
"C:\Users\81805\toto-edge-git\ml\player_engine\data\raw\matches\metadata\match_25274.json","605","2026/07/13 10:17:59"
"C:\Users\81805\toto-edge-git\ml\player_engine\data\raw\matches\metadata\match_25275.json","605","2026/07/13 10:18:01"
"C:\Users\81805\toto-edge-git\ml\player_engine\data\raw\matches\metadata\match_25276.json","605","2026/07/13 10:18:03"
"C:\Users\81805\toto-edge-git\ml\player_engine\data\raw\matches\metadata\match_25277.json","605","2026/07/13 10:18:05"
"C:\Users\81805\toto-edge-git\ml\player_engine\data\raw\matches\metadata\match_25278.json","605","2026/07/13 10:18:07"
"C:\Users\81805\toto-edge-git\ml\player_engine\data\raw\matches\metadata\match_25279.json","605","2026/07/13 10:18:09"
"C:\Users\81805\toto-edge-git\ml\player_engine\data\raw\matches\metadata\match_25280.json","605","2026/07/13 10:18:12"
"C:\Users\81805\toto-edge-git\ml\player_engine\data\raw\matches\metadata\match_25281.json","605","2026/07/13 10:18:14"
"C:\Users\81805\toto-edge-git\ml\player_engine\data\raw\matches\metadata\match_25282.json","605","2026/07/13 10:18:16"
"C:\Users\81805\toto-edge-git\ml\player_engine\data\raw\matches\metadata\match_25283.json","605","2026/07/13 10:18:18"
"C:\Users\81805\toto-edge-git\ml\player_engine\data\raw\matches\metadata\match_25284.json","605","2026/07/13 10:18:20"
"C:\Users\81805\toto-edge-git\ml\player_engine\data\raw\matches\metadata\match_25285.json","605","2026/07/13 10:18:22"
"C:\Users\81805\toto-edge-git\ml\player_engine\data\raw\matches\metadata\match_25286.json","605","2026/07/13 10:18:25"
"C:\Users\81805\toto-edge-git\ml\player_engine\data\raw\matches\metadata\match_25287.json","605","2026/07/13 10:18:27"
"C:\Users\81805\toto-edge-git\ml\player_engine\data\raw\matches\metadata\match_25288.json","605","2026/07/13 10:18:29"
"C:\Users\81805\toto-edge-git\ml\player_engine\data\raw\matches\metadata\match_25289.json","605","2026/07/13 10:18:31"
"C:\Users\81805\toto-edge-git\ml\player_engine\data\raw\matches\metadata\match_25290.json","605","2026/07/13 10:18:33"
"C:\Users\81805\toto-edge-git\ml\player_engine\data\raw\matches\metadata\match_25291.json","605","2026/07/13 10:18:35"
"C:\Users\81805\toto-edge-git\ml\player_engine\data\raw\matches\metadata\match_25292.json","605","2026/07/13 10:18:37"
"C:\Users\81805\toto-edge-git\ml\player_engine\data\raw\matches\metadata\match_25293.json","605","2026/07/13 10:18:40"
"C:\Users\81805\toto-edge-git\ml\player_engine\data\raw\matches\metadata\match_25294.json","605","2026/07/13 10:18:42"
"C:\Users\81805\toto-edge-git\ml\player_engine\data\raw\matches\metadata\match_25295.json","605","2026/07/13 10:18:44"
"C:\Users\81805\toto-edge-git\ml\player_engine\data\raw\matches\metadata\match_25296.json","605","2026/07/13 10:18:46"
"C:\Users\81805\toto-edge-git\ml\player_engine\data\raw\matches\metadata\match_25297.json","605","2026/07/13 10:18:48"
"C:\Users\81805\toto-edge-git\ml\player_engine\data\raw\matches\metadata\match_25298.json","605","2026/07/13 10:18:50"
"C:\Users\81805\toto-edge-git\ml\player_engine\data\raw\matches\metadata\match_25299.json","605","2026/07/13 10:18:52"
"C:\Users\81805\toto-edge-git\ml\player_engine\data\raw\matches\metadata\match_25300.json","605","2026/07/13 10:18:55"
"C:\Users\81805\toto-edge-git\ml\player_engine\data\raw\matches\metadata\match_25301.json","605","2026/07/13 10:18:57"
"C:\Users\81805\toto-edge-git\ml\player_engine\data\raw\matches\metadata\match_25302.json","605","2026/07/13 10:18:59"
"C:\Users\81805\toto-edge-git\ml\player_engine\data\raw\matches\metadata\match_25303.json","605","2026/07/13 10:19:01"
"C:\Users\81805\toto-edge-git\ml\player_engine\data\raw\matches\metadata\match_25304.json","605","2026/07/13 10:19:03"
"C:\Users\81805\toto-edge-git\ml\player_engine\data\raw\matches\metadata\match_25305.json","605","2026/07/13 10:19:05"
"C:\Users\81805\toto-edge-git\ml\player_engine\data\raw\matches\metadata\match_25306.json","605","2026/07/13 10:19:07"
"C:\Users\81805\toto-edge-git\ml\player_engine\data\raw\matches\metadata\match_25307.json","605","2026/07/13 10:19:10"
"C:\Users\81805\toto-edge-git\ml\player_engine\data\raw\matches\metadata\match_25308.json","605","2026/07/13 10:19:12"
"C:\Users\81805\toto-edge-git\ml\player_engine\data\raw\matches\metadata\match_25309.json","605","2026/07/13 10:19:14"
"C:\Users\81805\toto-edge-git\ml\player_engine\data\raw\matches\metadata\match_25310.json","605","2026/07/13 10:19:16"
"C:\Users\81805\toto-edge-git\ml\player_engine\data\raw\matches\metadata\match_25311.json","605","2026/07/13 10:19:18"
"C:\Users\81805\toto-edge-git\ml\player_engine\data\raw\matches\metadata\match_25312.json","605","2026/07/13 10:19:20"
"C:\Users\81805\toto-edge-git\ml\player_engine\data\raw\matches\metadata\match_25313.json","605","2026/07/13 10:19:22"
"C:\Users\81805\toto-edge-git\ml\player_engine\data\raw\matches\metadata\match_25314.json","605","2026/07/13 10:19:25"
"C:\Users\81805\toto-edge-git\ml\player_engine\data\raw\matches\metadata\match_25315.json","605","2026/07/13 10:19:27"
"C:\Users\81805\toto-edge-git\ml\player_engine\data\raw\matches\metadata\match_25316.json","605","2026/07/13 10:19:29"
"C:\Users\81805\toto-edge-git\ml\player_engine\data\raw\matches\metadata\match_25317.json","605","2026/07/13 10:19:31"
"C:\Users\81805\toto-edge-git\ml\player_engine\data\raw\matches\metadata\match_25318.json","605","2026/07/13 10:19:33"
"C:\Users\81805\toto-edge-git\ml\player_engine\data\raw\matches\metadata\match_25319.json","605","2026/07/13 10:19:35"
"C:\Users\81805\toto-edge-git\ml\player_engine\data\raw\matches\metadata\match_25320.json","605","2026/07/13 10:19:38"
"C:\Users\81805\toto-edge-git\ml\player_engine\data\raw\matches\metadata\match_25321.json","605","2026/07/13 10:19:40"
"C:\Users\81805\toto-edge-git\ml\player_engine\data\raw\matches\metadata\match_25322.json","605","2026/07/13 10:19:42"
"C:\Users\81805\toto-edge-git\ml\player_engine\data\raw\matches\metadata\match_25323.json","605","2026/07/13 10:19:44"
"C:\Users\81805\toto-edge-git\ml\player_engine\data\raw\matches\metadata\match_25324.json","605","2026/07/13 10:19:46"
"C:\Users\81805\toto-edge-git\ml\player_engine\data\raw\matches\metadata\match_25325.json","605","2026/07/13 10:19:48"
"C:\Users\81805\toto-edge-git\ml\player_engine\data\raw\matches\metadata\match_25326.json","605","2026/07/13 10:19:50"
"C:\Users\81805\toto-edge-git\ml\player_engine\data\raw\matches\metadata\match_25327.json","605","2026/07/13 10:19:53"
"C:\Users\81805\toto-edge-git\ml\player_engine\data\raw\matches\metadata\match_25328.json","605","2026/07/13 10:19:55"
"C:\Users\81805\toto-edge-git\ml\player_engine\data\raw\matches\metadata\match_25329.json","605","2026/07/13 10:19:57"
"C:\Users\81805\toto-edge-git\ml\player_engine\data\raw\matches\metadata\match_25330.json","605","2026/07/13 10:19:59"
"C:\Users\81805\toto-edge-git\ml\player_engine\data\raw\matches\metadata\match_25331.json","605","2026/07/13 10:20:01"
"C:\Users\81805\toto-edge-git\ml\player_engine\data\raw\matches\metadata\match_25332.json","605","2026/07/13 10:20:03"
"C:\Users\81805\toto-edge-git\ml\player_engine\data\raw\matches\metadata\match_25333.json","605","2026/07/13 10:20:05"
"C:\Users\81805\toto-edge-git\ml\player_engine\data\raw\matches\metadata\match_25334.json","605","2026/07/13 10:20:08"
"C:\Users\81805\toto-edge-git\ml\player_engine\data\raw\matches\metadata\match_25335.json","605","2026/07/13 10:20:10"
"C:\Users\81805\toto-edge-git\ml\player_engine\data\raw\matches\metadata\match_25336.json","605","2026/07/13 10:20:12"
"C:\Users\81805\toto-edge-git\ml\player_engine\data\raw\matches\metadata\match_25337.json","605","2026/07/13 10:20:14"
"C:\Users\81805\toto-edge-git\ml\player_engine\data\raw\matches\metadata\match_25338.json","605","2026/07/13 10:20:16"
"C:\Users\81805\toto-edge-git\ml\player_engine\data\raw\matches\metadata\match_25339.json","605","2026/07/13 10:20:18"
"C:\Users\81805\toto-edge-git\ml\player_engine\data\raw\matches\metadata\match_25340.json","605","2026/07/13 10:20:20"
"C:\Users\81805\toto-edge-git\ml\player_engine\data\raw\matches\metadata\match_25341.json","605","2026/07/13 10:20:23"
"C:\Users\81805\toto-edge-git\ml\player_engine\data\raw\matches\metadata\match_25342.json","605","2026/07/13 10:20:25"
"C:\Users\81805\toto-edge-git\ml\player_engine\data\raw\matches\metadata\match_25343.json","605","2026/07/13 10:20:27"
"C:\Users\81805\toto-edge-git\ml\player_engine\data\raw\matches\metadata\match_25344.json","605","2026/07/13 10:20:29"
"C:\Users\81805\toto-edge-git\ml\player_engine\data\raw\matches\metadata\match_25345.json","605","2026/07/13 10:20:31"
"C:\Users\81805\toto-edge-git\ml\player_engine\data\raw\matches\metadata\match_25346.json","605","2026/07/13 10:20:33"
"C:\Users\81805\toto-edge-git\ml\player_engine\data\raw\matches\metadata\match_25347.json","605","2026/07/13 10:20:36"
"C:\Users\81805\toto-edge-git\ml\player_engine\data\raw\matches\metadata\match_25348.json","605","2026/07/13 10:20:38"
"C:\Users\81805\toto-edge-git\ml\player_engine\data\raw\matches\metadata\match_25349.json","605","2026/07/13 10:20:40"
"C:\Users\81805\toto-edge-git\ml\player_engine\data\raw\matches\metadata\match_25350.json","605","2026/07/13 10:20:42"
"C:\Users\81805\toto-edge-git\ml\player_engine\data\raw\matches\metadata\match_25351.json","605","2026/07/13 10:20:44"
"C:\Users\81805\toto-edge-git\ml\player_engine\data\raw\matches\metadata\match_25352.json","605","2026/07/13 10:20:46"
"C:\Users\81805\toto-edge-git\ml\player_engine\data\raw\matches\metadata\match_25353.json","605","2026/07/13 10:20:48"
"C:\Users\81805\toto-edge-git\ml\player_engine\data\raw\matches\metadata\match_25354.json","605","2026/07/13 15:16:27"
"C:\Users\81805\toto-edge-git\ml\player_engine\data\raw\matches\metadata\match_25355.json","605","2026/07/13 15:16:29"
"C:\Users\81805\toto-edge-git\ml\player_engine\data\raw\matches\metadata\match_25356.json","605","2026/07/13 15:16:31"
"C:\Users\81805\toto-edge-git\ml\player_engine\data\raw\matches\metadata\match_25357.json","605","2026/07/13 15:16:33"
"C:\Users\81805\toto-edge-git\ml\player_engine\data\raw\matches\metadata\match_25358.json","605","2026/07/13 15:16:36"
"C:\Users\81805\toto-edge-git\ml\player_engine\data\raw\matches\metadata\match_25359.json","605","2026/07/13 15:16:38"
"C:\Users\81805\toto-edge-git\ml\player_engine\data\raw\matches\metadata\match_25360.json","605","2026/07/13 15:16:40"
"C:\Users\81805\toto-edge-git\ml\player_engine\data\raw\matches\metadata\match_25361.json","605","2026/07/13 15:16:42"
"C:\Users\81805\toto-edge-git\ml\player_engine\data\raw\matches\metadata\match_25362.json","605","2026/07/13 15:16:44"
"C:\Users\81805\toto-edge-git\ml\player_engine\data\raw\matches\metadata\match_25363.json","605","2026/07/13 15:16:46"
"C:\Users\81805\toto-edge-git\ml\player_engine\data\raw\matches\metadata\match_25364.json","605","2026/07/13 15:16:48"
"C:\Users\81805\toto-edge-git\ml\player_engine\data\raw\matches\metadata\match_25365.json","605","2026/07/13 15:16:51"
"C:\Users\81805\toto-edge-git\ml\player_engine\data\raw\matches\metadata\match_25366.json","605","2026/07/13 15:16:53"
"C:\Users\81805\toto-edge-git\ml\player_engine\data\raw\matches\metadata\match_25367.json","605","2026/07/13 15:16:55"
"C:\Users\81805\toto-edge-git\ml\player_engine\data\raw\matches\metadata\match_25368.json","605","2026/07/13 15:16:57"
"C:\Users\81805\toto-edge-git\ml\player_engine\data\raw\matches\metadata\match_25369.json","605","2026/07/13 15:16:59"
"C:\Users\81805\toto-edge-git\ml\player_engine\data\raw\matches\metadata\match_25370.json","605","2026/07/13 15:17:01"
"C:\Users\81805\toto-edge-git\ml\player_engine\data\raw\matches\metadata\match_25371.json","605","2026/07/13 15:17:03"
"C:\Users\81805\toto-edge-git\ml\player_engine\data\raw\matches\metadata\match_25372.json","605","2026/07/13 15:17:05"
"C:\Users\81805\toto-edge-git\ml\player_engine\data\raw\matches\metadata\match_25373.json","605","2026/07/13 15:17:07"
"C:\Users\81805\toto-edge-git\ml\player_engine\data\raw\matches\metadata\match_25374.json","605","2026/07/13 15:17:10"
"C:\Users\81805\toto-edge-git\ml\player_engine\data\raw\matches\metadata\match_25375.json","605","2026/07/13 15:17:12"
"C:\Users\81805\toto-edge-git\ml\player_engine\data\raw\matches\metadata\match_25376.json","605","2026/07/13 15:17:14"
"C:\Users\81805\toto-edge-git\ml\player_engine\data\raw\matches\metadata\match_25377.json","605","2026/07/13 15:17:16"
"C:\Users\81805\toto-edge-git\ml\player_engine\data\raw\matches\metadata\match_25378.json","605","2026/07/13 15:17:18"
"C:\Users\81805\toto-edge-git\ml\player_engine\data\raw\matches\metadata\match_25379.json","605","2026/07/13 15:17:20"
"C:\Users\81805\toto-edge-git\ml\player_engine\data\raw\matches\metadata\match_25380.json","605","2026/07/13 15:17:22"
"C:\Users\81805\toto-edge-git\ml\player_engine\data\raw\matches\metadata\match_25381.json","605","2026/07/13 15:17:24"
"C:\Users\81805\toto-edge-git\ml\player_engine\data\raw\matches\metadata\match_25382.json","605","2026/07/13 15:17:27"
"C:\Users\81805\toto-edge-git\ml\player_engine\data\raw\matches\metadata\match_25383.json","605","2026/07/13 15:17:29"
"C:\Users\81805\toto-edge-git\ml\player_engine\data\raw\matches\metadata\match_25384.json","605","2026/07/13 15:17:31"
"C:\Users\81805\toto-edge-git\ml\player_engine\data\raw\matches\metadata\match_25385.json","605","2026/07/13 15:17:33"
"C:\Users\81805\toto-edge-git\ml\player_engine\data\raw\matches\metadata\match_25386.json","605","2026/07/13 15:17:35"
"C:\Users\81805\toto-edge-git\ml\player_engine\data\raw\matches\metadata\match_25387.json","605","2026/07/13 15:17:37"
"C:\Users\81805\toto-edge-git\ml\player_engine\data\raw\matches\metadata\match_25388.json","605","2026/07/13 15:17:39"
"C:\Users\81805\toto-edge-git\ml\player_engine\data\raw\matches\metadata\match_25389.json","605","2026/07/13 15:17:42"
"C:\Users\81805\toto-edge-git\ml\player_engine\data\raw\matches\metadata\match_25390.json","605","2026/07/13 15:17:44"
"C:\Users\81805\toto-edge-git\ml\player_engine\data\raw\matches\metadata\match_25391.json","605","2026/07/13 15:17:46"
"C:\Users\81805\toto-edge-git\ml\player_engine\data\raw\matches\metadata\match_25392.json","605","2026/07/13 15:17:48"
"C:\Users\81805\toto-edge-git\ml\player_engine\data\raw\matches\metadata\match_25393.json","605","2026/07/13 15:17:50"
"C:\Users\81805\toto-edge-git\ml\player_engine\data\raw\matches\metadata\match_25394.json","605","2026/07/13 15:17:52"
"C:\Users\81805\toto-edge-git\ml\player_engine\data\raw\matches\metadata\match_25395.json","605","2026/07/13 15:17:54"
"C:\Users\81805\toto-edge-git\ml\player_engine\data\raw\matches\metadata\match_25396.json","605","2026/07/13 15:17:56"
"C:\Users\81805\toto-edge-git\ml\player_engine\data\raw\matches\metadata\match_25397.json","605","2026/07/13 15:17:59"
"C:\Users\81805\toto-edge-git\ml\player_engine\data\raw\matches\metadata\match_25398.json","605","2026/07/13 15:18:01"
"C:\Users\81805\toto-edge-git\ml\player_engine\data\raw\matches\metadata\match_25399.json","605","2026/07/13 15:18:03"
"C:\Users\81805\toto-edge-git\ml\player_engine\data\raw\matches\metadata\match_25400.json","605","2026/07/13 15:18:05"
"C:\Users\81805\toto-edge-git\ml\player_engine\data\raw\matches\metadata\match_25401.json","605","2026/07/13 15:18:07"
"C:\Users\81805\toto-edge-git\ml\player_engine\data\raw\matches\metadata\match_25402.json","605","2026/07/13 15:18:09"
"C:\Users\81805\toto-edge-git\ml\player_engine\data\raw\matches\metadata\match_25403.json","605","2026/07/13 15:18:11"
"C:\Users\81805\toto-edge-git\ml\player_engine\data\raw\matches\metadata\match_25404.json","605","2026/07/13 15:18:13"
"C:\Users\81805\toto-edge-git\ml\player_engine\data\raw\matches\metadata\match_25405.json","605","2026/07/13 15:18:16"
"C:\Users\81805\toto-edge-git\ml\player_engine\data\raw\matches\metadata\match_25406.json","605","2026/07/13 15:18:18"
"C:\Users\81805\toto-edge-git\ml\player_engine\data\raw\matches\metadata\match_25407.json","605","2026/07/13 15:18:20"
"C:\Users\81805\toto-edge-git\ml\player_engine\data\raw\matches\metadata\match_25408.json","605","2026/07/13 15:18:22"
"C:\Users\81805\toto-edge-git\ml\player_engine\data\raw\matches\metadata\match_25409.json","605","2026/07/13 15:18:24"
"C:\Users\81805\toto-edge-git\ml\player_engine\data\raw\matches\metadata\match_25410.json","605","2026/07/13 15:18:26"
"C:\Users\81805\toto-edge-git\ml\player_engine\data\raw\matches\metadata\match_25411.json","605","2026/07/13 15:18:28"
"C:\Users\81805\toto-edge-git\ml\player_engine\data\raw\matches\metadata\match_25412.json","605","2026/07/13 15:18:31"
"C:\Users\81805\toto-edge-git\ml\player_engine\data\raw\matches\metadata\match_25413.json","605","2026/07/13 15:18:33"
"C:\Users\81805\toto-edge-git\ml\player_engine\data\raw\matches\metadata\match_25414.json","605","2026/07/13 15:18:35"
"C:\Users\81805\toto-edge-git\ml\player_engine\data\raw\matches\metadata\match_25415.json","605","2026/07/13 15:18:37"
"C:\Users\81805\toto-edge-git\ml\player_engine\data\raw\matches\metadata\match_25416.json","605","2026/07/13 15:18:39"
"C:\Users\81805\toto-edge-git\ml\player_engine\data\raw\matches\metadata\match_25417.json","605","2026/07/13 15:18:41"
"C:\Users\81805\toto-edge-git\ml\player_engine\data\raw\matches\metadata\match_25418.json","605","2026/07/13 15:18:43"
"C:\Users\81805\toto-edge-git\ml\player_engine\data\raw\matches\metadata\match_25419.json","605","2026/07/13 15:18:45"
"C:\Users\81805\toto-edge-git\ml\player_engine\data\raw\matches\metadata\match_25420.json","605","2026/07/13 15:18:48"
"C:\Users\81805\toto-edge-git\ml\player_engine\data\raw\matches\metadata\match_25421.json","605","2026/07/13 15:18:50"
"C:\Users\81805\toto-edge-git\ml\player_engine\data\raw\matches\metadata\match_25422.json","605","2026/07/13 15:18:52"
"C:\Users\81805\toto-edge-git\ml\player_engine\data\raw\matches\metadata\match_25423.json","605","2026/07/13 15:18:54"
"C:\Users\81805\toto-edge-git\ml\player_engine\data\raw\matches\metadata\match_25424.json","605","2026/07/13 15:18:56"
"C:\Users\81805\toto-edge-git\ml\player_engine\data\raw\matches\metadata\match_25425.json","605","2026/07/13 15:18:58"
"C:\Users\81805\toto-edge-git\ml\player_engine\data\raw\matches\metadata\match_25426.json","605","2026/07/13 15:19:00"
"C:\Users\81805\toto-edge-git\ml\player_engine\data\raw\matches\metadata\match_25427.json","605","2026/07/13 15:19:02"
"C:\Users\81805\toto-edge-git\ml\player_engine\data\raw\matches\metadata\match_25428.json","605","2026/07/13 15:19:05"
"C:\Users\81805\toto-edge-git\ml\player_engine\data\raw\matches\metadata\match_25429.json","605","2026/07/13 15:19:07"
"C:\Users\81805\toto-edge-git\ml\player_engine\data\raw\matches\metadata\match_25430.json","605","2026/07/13 15:19:09"
"C:\Users\81805\toto-edge-git\ml\player_engine\data\raw\matches\metadata\match_25431.json","605","2026/07/13 15:19:11"
"C:\Users\81805\toto-edge-git\ml\player_engine\data\raw\matches\metadata\match_25432.json","605","2026/07/13 15:19:13"
"C:\Users\81805\toto-edge-git\ml\player_engine\data\raw\matches\metadata\match_25433.json","605","2026/07/13 15:19:15"
"C:\Users\81805\toto-edge-git\ml\player_engine\data\raw\matches\metadata\match_25434.json","605","2026/07/13 15:19:17"
"C:\Users\81805\toto-edge-git\ml\player_engine\data\raw\matches\metadata\match_25435.json","605","2026/07/13 15:19:20"
"C:\Users\81805\toto-edge-git\ml\player_engine\data\raw\matches\metadata\match_25436.json","605","2026/07/13 15:19:22"
"C:\Users\81805\toto-edge-git\ml\player_engine\data\raw\matches\metadata\match_25437.json","605","2026/07/13 15:19:24"
"C:\Users\81805\toto-edge-git\ml\player_engine\data\raw\matches\metadata\match_25438.json","605","2026/07/13 15:19:26"
"C:\Users\81805\toto-edge-git\ml\player_engine\data\raw\matches\metadata\match_25439.json","605","2026/07/13 15:19:28"
"C:\Users\81805\toto-edge-git\ml\player_engine\data\raw\matches\metadata\match_25440.json","605","2026/07/13 15:19:30"
"C:\Users\81805\toto-edge-git\ml\player_engine\data\raw\matches\metadata\match_25441.json","605","2026/07/13 15:19:33"
"C:\Users\81805\toto-edge-git\ml\player_engine\data\raw\matches\metadata\match_25442.json","605","2026/07/13 15:19:35"
"C:\Users\81805\toto-edge-git\ml\player_engine\data\raw\matches\metadata\match_25443.json","605","2026/07/13 15:19:37"
"C:\Users\81805\toto-edge-git\ml\player_engine\data\raw\matches\metadata\match_25444.json","605","2026/07/13 15:19:39"
"C:\Users\81805\toto-edge-git\ml\player_engine\data\raw\matches\metadata\match_25445.json","605","2026/07/13 15:19:41"
"C:\Users\81805\toto-edge-git\ml\player_engine\data\raw\matches\metadata\match_25446.json","605","2026/07/13 15:19:43"
"C:\Users\81805\toto-edge-git\ml\player_engine\data\raw\matches\metadata\match_25447.json","605","2026/07/13 15:19:45"
"C:\Users\81805\toto-edge-git\ml\player_engine\data\raw\matches\metadata\match_25448.json","605","2026/07/13 15:19:47"
"C:\Users\81805\toto-edge-git\ml\player_engine\data\raw\matches\metadata\match_25449.json","605","2026/07/13 15:19:50"
"C:\Users\81805\toto-edge-git\ml\player_engine\data\raw\matches\metadata\match_25450.json","605","2026/07/13 15:19:52"
"C:\Users\81805\toto-edge-git\ml\player_engine\data\raw\matches\metadata\match_25451.json","605","2026/07/13 15:19:54"
"C:\Users\81805\toto-edge-git\ml\player_engine\data\raw\matches\metadata\match_25452.json","605","2026/07/13 15:19:56"
"C:\Users\81805\toto-edge-git\ml\player_engine\data\raw\matches\metadata\match_25453.json","605","2026/07/13 15:19:58"
"C:\Users\81805\toto-edge-git\ml\player_engine\data\raw\matches\metadata\match_25454.json","605","2026/07/13 15:20:00"
"C:\Users\81805\toto-edge-git\ml\player_engine\data\raw\matches\metadata\match_25455.json","605","2026/07/13 15:20:02"
"C:\Users\81805\toto-edge-git\ml\player_engine\data\raw\matches\metadata\match_25456.json","605","2026/07/13 15:20:05"
"C:\Users\81805\toto-edge-git\ml\player_engine\data\raw\matches\metadata\match_25457.json","605","2026/07/13 15:20:07"
"C:\Users\81805\toto-edge-git\ml\player_engine\data\raw\matches\metadata\match_25458.json","605","2026/07/13 15:20:09"
"C:\Users\81805\toto-edge-git\ml\player_engine\data\raw\matches\metadata\match_25459.json","605","2026/07/13 15:20:11"
"C:\Users\81805\toto-edge-git\ml\player_engine\data\raw\matches\metadata\match_25460.json","605","2026/07/13 15:20:13"
"C:\Users\81805\toto-edge-git\ml\player_engine\data\raw\matches\metadata\match_25461.json","605","2026/07/13 15:20:15"
"C:\Users\81805\toto-edge-git\ml\player_engine\data\raw\matches\metadata\match_25462.json","605","2026/07/13 15:20:17"
"C:\Users\81805\toto-edge-git\ml\player_engine\data\raw\matches\metadata\match_25463.json","605","2026/07/13 15:20:19"
"C:\Users\81805\toto-edge-git\ml\player_engine\data\raw\matches\metadata\match_25464.json","605","2026/07/13 15:20:22"
"C:\Users\81805\toto-edge-git\ml\player_engine\data\raw\matches\metadata\match_25465.json","605","2026/07/13 15:20:24"
"C:\Users\81805\toto-edge-git\ml\player_engine\data\raw\matches\metadata\match_25466.json","605","2026/07/13 15:20:26"
"C:\Users\81805\toto-edge-git\ml\player_engine\data\raw\matches\metadata\match_25467.json","605","2026/07/13 15:20:28"
"C:\Users\81805\toto-edge-git\ml\player_engine\data\raw\matches\metadata\match_25468.json","605","2026/07/13 15:20:30"
"C:\Users\81805\toto-edge-git\ml\player_engine\data\raw\matches\metadata\match_25469.json","605","2026/07/13 15:20:32"
"C:\Users\81805\toto-edge-git\ml\player_engine\data\raw\matches\metadata\match_25470.json","605","2026/07/13 15:20:35"
"C:\Users\81805\toto-edge-git\ml\player_engine\data\raw\matches\metadata\match_25471.json","605","2026/07/13 15:20:37"
"C:\Users\81805\toto-edge-git\ml\player_engine\data\raw\matches\metadata\match_25472.json","605","2026/07/13 15:20:39"
"C:\Users\81805\toto-edge-git\ml\player_engine\data\raw\matches\metadata\match_25473.json","605","2026/07/13 15:20:41"
"C:\Users\81805\toto-edge-git\ml\player_engine\data\raw\matches\metadata\match_25474.json","605","2026/07/13 15:20:43"
"C:\Users\81805\toto-edge-git\ml\player_engine\data\raw\matches\metadata\match_25475.json","605","2026/07/13 15:20:45"
"C:\Users\81805\toto-edge-git\ml\player_engine\data\raw\matches\metadata\match_25476.json","605","2026/07/13 15:20:47"
"C:\Users\81805\toto-edge-git\ml\player_engine\data\raw\matches\metadata\match_25477.json","605","2026/07/13 15:20:49"
"C:\Users\81805\toto-edge-git\ml\player_engine\data\raw\matches\metadata\match_25478.json","605","2026/07/13 15:20:52"
"C:\Users\81805\toto-edge-git\ml\player_engine\data\raw\matches\metadata\match_25479.json","605","2026/07/13 15:20:54"
"C:\Users\81805\toto-edge-git\ml\player_engine\data\raw\matches\metadata\match_25480.json","605","2026/07/13 15:20:56"
"C:\Users\81805\toto-edge-git\ml\player_engine\data\raw\matches\metadata\match_25481.json","605","2026/07/13 15:20:58"
"C:\Users\81805\toto-edge-git\ml\player_engine\data\raw\matches\metadata\match_25482.json","605","2026/07/13 15:21:00"
"C:\Users\81805\toto-edge-git\ml\player_engine\data\raw\matches\metadata\match_25483.json","605","2026/07/13 15:21:02"
"C:\Users\81805\toto-edge-git\ml\player_engine\data\raw\matches\metadata\match_25484.json","605","2026/07/13 15:21:04"
"C:\Users\81805\toto-edge-git\ml\player_engine\data\raw\matches\metadata\match_25485.json","605","2026/07/13 15:21:06"
"C:\Users\81805\toto-edge-git\ml\player_engine\data\raw\matches\metadata\match_25486.json","605","2026/07/13 15:21:09"
"C:\Users\81805\toto-edge-git\ml\player_engine\data\raw\matches\metadata\match_25487.json","605","2026/07/13 15:21:11"
"C:\Users\81805\toto-edge-git\ml\player_engine\data\raw\matches\metadata\match_25488.json","605","2026/07/13 15:21:13"
"C:\Users\81805\toto-edge-git\ml\player_engine\data\raw\matches\metadata\match_25489.json","605","2026/07/13 15:21:15"
"C:\Users\81805\toto-edge-git\ml\player_engine\data\raw\matches\metadata\match_25490.json","605","2026/07/13 15:21:17"
"C:\Users\81805\toto-edge-git\ml\player_engine\data\raw\matches\metadata\match_25491.json","605","2026/07/13 15:21:19"
"C:\Users\81805\toto-edge-git\ml\player_engine\data\raw\matches\metadata\match_25492.json","605","2026/07/13 15:21:21"
"C:\Users\81805\toto-edge-git\ml\player_engine\data\raw\matches\metadata\match_25493.json","605","2026/07/13 15:21:23"
"C:\Users\81805\toto-edge-git\ml\player_engine\data\raw\matches\metadata\match_25494.json","605","2026/07/13 15:21:26"
"C:\Users\81805\toto-edge-git\ml\player_engine\data\raw\matches\metadata\match_25495.json","605","2026/07/13 15:21:28"
"C:\Users\81805\toto-edge-git\ml\player_engine\data\raw\matches\metadata\match_25496.json","605","2026/07/13 15:21:30"
"C:\Users\81805\toto-edge-git\ml\player_engine\data\raw\matches\metadata\match_25497.json","605","2026/07/13 15:21:32"
"C:\Users\81805\toto-edge-git\ml\player_engine\data\raw\matches\metadata\match_25498.json","605","2026/07/13 15:21:34"
"C:\Users\81805\toto-edge-git\ml\player_engine\data\raw\matches\metadata\match_25499.json","605","2026/07/13 15:21:36"
"C:\Users\81805\toto-edge-git\ml\player_engine\data\raw\matches\metadata\match_25500.json","605","2026/07/13 15:21:39"
"C:\Users\81805\toto-edge-git\ml\player_engine\data\raw\matches\metadata\match_25501.json","605","2026/07/13 15:22:08"
"C:\Users\81805\toto-edge-git\ml\player_engine\data\raw\matches\metadata\match_25502.json","605","2026/07/13 15:22:08"
"C:\Users\81805\toto-edge-git\ml\player_engine\data\raw\matches\metadata\match_25503.json","605","2026/07/13 15:22:11"
"C:\Users\81805\toto-edge-git\ml\player_engine\data\raw\matches\metadata\match_25504.json","605","2026/07/13 15:22:13"
"C:\Users\81805\toto-edge-git\ml\player_engine\data\raw\matches\metadata\match_25505.json","605","2026/07/13 15:22:15"
"C:\Users\81805\toto-edge-git\ml\player_engine\data\raw\matches\metadata\match_25506.json","605","2026/07/13 15:22:17"
"C:\Users\81805\toto-edge-git\ml\player_engine\data\raw\matches\metadata\match_25507.json","605","2026/07/13 15:22:19"
"C:\Users\81805\toto-edge-git\ml\player_engine\data\raw\matches\metadata\match_25508.json","605","2026/07/13 15:22:21"
"C:\Users\81805\toto-edge-git\ml\player_engine\data\raw\matches\metadata\match_25509.json","605","2026/07/13 15:22:23"
"C:\Users\81805\toto-edge-git\ml\player_engine\data\raw\matches\metadata\match_25510.json","605","2026/07/13 15:22:26"
"C:\Users\81805\toto-edge-git\ml\player_engine\data\raw\matches\metadata\match_25511.json","605","2026/07/13 15:22:28"
"C:\Users\81805\toto-edge-git\ml\player_engine\data\raw\matches\metadata\match_25512.json","605","2026/07/13 15:22:30"
"C:\Users\81805\toto-edge-git\ml\player_engine\data\raw\matches\metadata\match_25513.json","605","2026/07/13 15:22:32"
"C:\Users\81805\toto-edge-git\ml\player_engine\data\raw\matches\metadata\match_25514.json","605","2026/07/13 15:22:34"
"C:\Users\81805\toto-edge-git\ml\player_engine\data\raw\matches\metadata\match_25515.json","605","2026/07/13 15:22:36"
"C:\Users\81805\toto-edge-git\ml\player_engine\data\raw\matches\metadata\match_25516.json","605","2026/07/13 15:22:38"
"C:\Users\81805\toto-edge-git\ml\player_engine\data\raw\matches\metadata\match_25517.json","605","2026/07/13 15:22:41"
"C:\Users\81805\toto-edge-git\ml\player_engine\data\raw\matches\metadata\match_25518.json","605","2026/07/13 15:22:43"
"C:\Users\81805\toto-edge-git\ml\player_engine\data\raw\matches\metadata\match_25519.json","605","2026/07/13 15:22:45"
"C:\Users\81805\toto-edge-git\ml\player_engine\data\raw\matches\metadata\match_25520.json","605","2026/07/13 15:22:47"
"C:\Users\81805\toto-edge-git\ml\player_engine\data\raw\matches\metadata\match_25521.json","605","2026/07/13 15:22:49"
"C:\Users\81805\toto-edge-git\ml\player_engine\data\raw\matches\metadata\match_25522.json","605","2026/07/13 15:22:51"
"C:\Users\81805\toto-edge-git\ml\player_engine\data\raw\matches\metadata\match_25523.json","605","2026/07/13 15:22:53"
"C:\Users\81805\toto-edge-git\ml\player_engine\data\raw\matches\metadata\match_25524.json","605","2026/07/13 15:22:55"
"C:\Users\81805\toto-edge-git\ml\player_engine\data\raw\matches\metadata\match_25525.json","605","2026/07/13 15:22:58"
"C:\Users\81805\toto-edge-git\ml\player_engine\data\raw\matches\metadata\match_25526.json","605","2026/07/13 15:23:00"
"C:\Users\81805\toto-edge-git\ml\player_engine\data\raw\matches\metadata\match_25527.json","605","2026/07/13 15:23:02"
"C:\Users\81805\toto-edge-git\ml\player_engine\data\raw\matches\metadata\match_25528.json","605","2026/07/13 15:23:04"
"C:\Users\81805\toto-edge-git\ml\player_engine\data\raw\matches\metadata\match_25529.json","605","2026/07/13 15:23:06"
"C:\Users\81805\toto-edge-git\ml\player_engine\data\raw\matches\metadata\match_25530.json","605","2026/07/13 15:23:08"
"C:\Users\81805\toto-edge-git\ml\player_engine\data\raw\matches\metadata\match_25531.json","605","2026/07/13 15:23:10"
"C:\Users\81805\toto-edge-git\ml\player_engine\data\raw\matches\metadata\match_25532.json","605","2026/07/13 15:23:13"
"C:\Users\81805\toto-edge-git\ml\player_engine\data\raw\matches\metadata\match_25533.json","605","2026/07/13 15:23:15"
"C:\Users\81805\toto-edge-git\ml\player_engine\data\raw\matches\metadata\match_25534.json","605","2026/07/13 15:23:17"
"C:\Users\81805\toto-edge-git\ml\player_engine\data\raw\matches\metadata\match_25535.json","605","2026/07/13 15:23:19"
"C:\Users\81805\toto-edge-git\ml\player_engine\data\raw\matches\metadata\match_25536.json","605","2026/07/13 15:23:21"
"C:\Users\81805\toto-edge-git\ml\player_engine\data\raw\matches\metadata\match_25537.json","605","2026/07/13 15:23:23"
"C:\Users\81805\toto-edge-git\ml\player_engine\data\raw\matches\metadata\match_25538.json","605","2026/07/13 15:23:25"
"C:\Users\81805\toto-edge-git\ml\player_engine\data\raw\matches\metadata\match_25539.json","605","2026/07/13 15:23:27"
"C:\Users\81805\toto-edge-git\ml\player_engine\data\raw\matches\metadata\match_25540.json","605","2026/07/13 15:23:30"
"C:\Users\81805\toto-edge-git\ml\player_engine\data\raw\matches\metadata\match_25541.json","605","2026/07/13 15:23:32"
"C:\Users\81805\toto-edge-git\ml\player_engine\data\raw\matches\metadata\match_25542.json","605","2026/07/13 15:23:34"
"C:\Users\81805\toto-edge-git\ml\player_engine\data\raw\matches\metadata\match_25543.json","605","2026/07/13 15:23:36"
"C:\Users\81805\toto-edge-git\ml\player_engine\data\raw\matches\metadata\match_25544.json","605","2026/07/13 15:23:38"
"C:\Users\81805\toto-edge-git\ml\player_engine\data\raw\matches\metadata\match_25545.json","605","2026/07/13 15:23:40"
"C:\Users\81805\toto-edge-git\ml\player_engine\data\raw\matches\metadata\match_25546.json","605","2026/07/13 15:23:42"
"C:\Users\81805\toto-edge-git\ml\player_engine\data\raw\matches\metadata\match_25547.json","605","2026/07/13 15:23:45"
"C:\Users\81805\toto-edge-git\ml\player_engine\data\raw\matches\metadata\match_25548.json","605","2026/07/13 15:23:47"
"C:\Users\81805\toto-edge-git\ml\player_engine\data\raw\matches\metadata\match_25549.json","605","2026/07/13 15:23:49"
"C:\Users\81805\toto-edge-git\ml\player_engine\data\raw\matches\metadata\match_25550.json","605","2026/07/13 15:23:51"
"C:\Users\81805\toto-edge-git\ml\player_engine\data\raw\matches\metadata\match_25551.json","605","2026/07/13 15:23:53"
"C:\Users\81805\toto-edge-git\ml\player_engine\data\raw\matches\metadata\match_25552.json","605","2026/07/13 15:23:55"
"C:\Users\81805\toto-edge-git\ml\player_engine\data\raw\matches\metadata\match_25553.json","605","2026/07/13 15:23:57"
"C:\Users\81805\toto-edge-git\ml\player_engine\data\raw\matches\metadata\match_25554.json","605","2026/07/13 15:24:00"
"C:\Users\81805\toto-edge-git\ml\player_engine\data\raw\matches\metadata\match_25555.json","605","2026/07/13 15:24:02"
"C:\Users\81805\toto-edge-git\ml\player_engine\data\raw\matches\metadata\match_25556.json","605","2026/07/13 15:24:04"
"C:\Users\81805\toto-edge-git\ml\player_engine\data\raw\matches\metadata\match_25557.json","605","2026/07/13 15:24:06"
"C:\Users\81805\toto-edge-git\ml\player_engine\data\raw\matches\metadata\match_25558.json","605","2026/07/13 15:24:08"
"C:\Users\81805\toto-edge-git\ml\player_engine\data\raw\matches\metadata\match_25559.json","605","2026/07/13 15:24:10"
"C:\Users\81805\toto-edge-git\ml\player_engine\data\raw\matches\metadata\match_25560.json","605","2026/07/13 15:24:12"
"C:\Users\81805\toto-edge-git\ml\player_engine\data\raw\matches\metadata\match_25561.json","605","2026/07/13 15:24:15"
"C:\Users\81805\toto-edge-git\ml\player_engine\data\raw\matches\metadata\match_25562.json","605","2026/07/13 15:24:17"
"C:\Users\81805\toto-edge-git\ml\player_engine\data\raw\matches\metadata\match_25563.json","605","2026/07/13 15:24:19"
"C:\Users\81805\toto-edge-git\ml\player_engine\data\raw\matches\metadata\match_25564.json","605","2026/07/13 15:24:21"
"C:\Users\81805\toto-edge-git\ml\player_engine\data\raw\matches\metadata\match_25565.json","605","2026/07/13 15:24:23"
"C:\Users\81805\toto-edge-git\ml\player_engine\data\raw\matches\metadata\match_25566.json","605","2026/07/13 15:24:25"
"C:\Users\81805\toto-edge-git\ml\player_engine\data\raw\matches\metadata\match_25567.json","605","2026/07/13 15:24:27"
"C:\Users\81805\toto-edge-git\ml\player_engine\data\raw\matches\metadata\match_25568.json","605","2026/07/13 15:24:30"
"C:\Users\81805\toto-edge-git\ml\player_engine\data\raw\matches\metadata\match_25569.json","605","2026/07/13 15:24:32"
"C:\Users\81805\toto-edge-git\ml\player_engine\data\raw\matches\metadata\match_25570.json","605","2026/07/13 15:24:34"
"C:\Users\81805\toto-edge-git\ml\player_engine\data\raw\matches\metadata\match_25571.json","605","2026/07/13 15:24:36"
"C:\Users\81805\toto-edge-git\ml\player_engine\data\raw\matches\metadata\match_25572.json","605","2026/07/13 15:24:38"
"C:\Users\81805\toto-edge-git\ml\player_engine\data\raw\matches\metadata\match_25573.json","605","2026/07/13 15:24:40"
"C:\Users\81805\toto-edge-git\ml\player_engine\data\raw\matches\metadata\match_25574.json","605","2026/07/13 15:24:42"
"C:\Users\81805\toto-edge-git\ml\player_engine\data\raw\matches\metadata\match_25575.json","605","2026/07/13 15:24:44"
"C:\Users\81805\toto-edge-git\ml\player_engine\data\raw\matches\metadata\match_25576.json","605","2026/07/13 15:24:47"
"C:\Users\81805\toto-edge-git\ml\player_engine\data\raw\matches\metadata\match_25577.json","605","2026/07/13 15:24:49"
"C:\Users\81805\toto-edge-git\ml\player_engine\data\raw\matches\metadata\match_25578.json","605","2026/07/13 15:24:51"
"C:\Users\81805\toto-edge-git\ml\player_engine\data\raw\matches\metadata\match_25579.json","605","2026/07/13 15:24:53"
"C:\Users\81805\toto-edge-git\ml\player_engine\data\raw\matches\metadata\match_25580.json","605","2026/07/13 15:24:55"
"C:\Users\81805\toto-edge-git\ml\player_engine\data\raw\matches\metadata\match_25581.json","605","2026/07/13 15:24:57"
"C:\Users\81805\toto-edge-git\ml\player_engine\data\raw\matches\metadata\match_25582.json","605","2026/07/13 15:24:59"
"C:\Users\81805\toto-edge-git\ml\player_engine\data\raw\matches\metadata\match_25583.json","605","2026/07/13 15:25:02"
"C:\Users\81805\toto-edge-git\ml\player_engine\data\raw\matches\metadata\match_25584.json","605","2026/07/13 15:25:04"
"C:\Users\81805\toto-edge-git\ml\player_engine\data\raw\matches\metadata\match_25585.json","605","2026/07/13 15:25:06"
"C:\Users\81805\toto-edge-git\ml\player_engine\data\raw\matches\metadata\match_25586.json","605","2026/07/13 15:25:08"
"C:\Users\81805\toto-edge-git\ml\player_engine\data\raw\matches\metadata\match_25587.json","605","2026/07/13 15:25:10"
"C:\Users\81805\toto-edge-git\ml\player_engine\data\raw\matches\metadata\match_25588.json","605","2026/07/13 15:25:12"
"C:\Users\81805\toto-edge-git\ml\player_engine\data\raw\matches\metadata\match_25589.json","605","2026/07/13 15:25:14"
"C:\Users\81805\toto-edge-git\ml\player_engine\data\raw\matches\metadata\match_25590.json","605","2026/07/13 15:25:17"
"C:\Users\81805\toto-edge-git\ml\player_engine\data\raw\matches\metadata\match_25591.json","605","2026/07/13 15:25:19"
"C:\Users\81805\toto-edge-git\ml\player_engine\data\raw\matches\metadata\match_25592.json","605","2026/07/13 15:25:21"
"C:\Users\81805\toto-edge-git\ml\player_engine\data\raw\matches\metadata\match_25593.json","605","2026/07/13 15:25:23"
"C:\Users\81805\toto-edge-git\ml\player_engine\data\raw\matches\metadata\match_25594.json","605","2026/07/13 15:25:25"
"C:\Users\81805\toto-edge-git\ml\player_engine\data\raw\matches\metadata\match_25595.json","605","2026/07/13 15:25:27"
"C:\Users\81805\toto-edge-git\ml\player_engine\data\raw\matches\metadata\match_25596.json","605","2026/07/13 15:25:29"
"C:\Users\81805\toto-edge-git\ml\player_engine\data\raw\matches\metadata\match_25597.json","605","2026/07/13 15:25:31"
"C:\Users\81805\toto-edge-git\ml\player_engine\data\raw\matches\metadata\match_25598.json","605","2026/07/13 15:25:34"
"C:\Users\81805\toto-edge-git\ml\player_engine\data\raw\matches\metadata\match_25599.json","605","2026/07/13 15:25:36"
"C:\Users\81805\toto-edge-git\ml\player_engine\data\raw\matches\metadata\match_25600.json","605","2026/07/13 15:25:38"
"C:\Users\81805\toto-edge-git\ml\player_engine\data\raw\matches\metadata\match_25601.json","605","2026/07/13 15:25:40"
"C:\Users\81805\toto-edge-git\ml\player_engine\data\raw\matches\metadata\match_25602.json","605","2026/07/13 15:25:42"
"C:\Users\81805\toto-edge-git\ml\player_engine\data\raw\matches\metadata\match_25603.json","605","2026/07/13 15:25:44"
"C:\Users\81805\toto-edge-git\ml\player_engine\data\raw\matches\metadata\match_25604.json","605","2026/07/13 15:25:46"
"C:\Users\81805\toto-edge-git\ml\player_engine\data\raw\matches\metadata\match_25605.json","605","2026/07/13 15:25:49"
"C:\Users\81805\toto-edge-git\ml\player_engine\data\raw\matches\metadata\match_25606.json","605","2026/07/13 15:25:51"
"C:\Users\81805\toto-edge-git\ml\player_engine\data\raw\matches\metadata\match_25607.json","605","2026/07/13 15:25:53"
"C:\Users\81805\toto-edge-git\ml\player_engine\data\raw\matches\metadata\match_25608.json","605","2026/07/13 15:25:55"
"C:\Users\81805\toto-edge-git\ml\player_engine\data\raw\matches\metadata\match_25609.json","605","2026/07/13 15:25:57"
"C:\Users\81805\toto-edge-git\ml\player_engine\data\raw\matches\metadata\match_25610.json","605","2026/07/13 15:25:59"
"C:\Users\81805\toto-edge-git\ml\player_engine\data\raw\matches\metadata\match_25611.json","605","2026/07/13 15:26:01"
"C:\Users\81805\toto-edge-git\ml\player_engine\data\raw\matches\metadata\match_25612.json","605","2026/07/13 15:26:04"
"C:\Users\81805\toto-edge-git\ml\player_engine\data\raw\matches\metadata\match_25613.json","605","2026/07/13 15:26:06"
"C:\Users\81805\toto-edge-git\ml\player_engine\data\raw\matches\metadata\match_25614.json","605","2026/07/13 15:26:08"
"C:\Users\81805\toto-edge-git\ml\player_engine\data\raw\matches\metadata\match_25615.json","605","2026/07/13 15:26:10"
"C:\Users\81805\toto-edge-git\ml\player_engine\data\raw\matches\metadata\match_25616.json","605","2026/07/13 15:26:12"
"C:\Users\81805\toto-edge-git\ml\player_engine\data\raw\matches\metadata\match_25617.json","605","2026/07/13 15:26:14"
"C:\Users\81805\toto-edge-git\ml\player_engine\data\raw\matches\metadata\match_25618.json","605","2026/07/13 15:26:16"
"C:\Users\81805\toto-edge-git\ml\player_engine\data\raw\matches\metadata\match_25619.json","605","2026/07/13 15:26:18"
"C:\Users\81805\toto-edge-git\ml\player_engine\data\raw\matches\metadata\match_25620.json","605","2026/07/13 15:26:21"
"C:\Users\81805\toto-edge-git\ml\player_engine\data\raw\matches\metadata\match_25621.json","605","2026/07/13 15:26:23"
"C:\Users\81805\toto-edge-git\ml\player_engine\data\raw\matches\metadata\match_25622.json","605","2026/07/13 15:26:25"
"C:\Users\81805\toto-edge-git\ml\player_engine\data\raw\matches\metadata\match_25623.json","605","2026/07/13 15:26:27"
"C:\Users\81805\toto-edge-git\ml\player_engine\data\raw\matches\metadata\match_25624.json","605","2026/07/13 15:26:29"
"C:\Users\81805\toto-edge-git\ml\player_engine\data\raw\matches\metadata\match_25625.json","605","2026/07/13 15:26:31"
"C:\Users\81805\toto-edge-git\ml\player_engine\data\raw\matches\metadata\match_25626.json","605","2026/07/13 15:26:33"
"C:\Users\81805\toto-edge-git\ml\player_engine\data\raw\matches\metadata\match_25627.json","605","2026/07/13 15:26:36"
"C:\Users\81805\toto-edge-git\ml\player_engine\data\raw\matches\metadata\match_25628.json","605","2026/07/13 15:26:38"
"C:\Users\81805\toto-edge-git\ml\player_engine\data\raw\matches\metadata\match_25629.json","605","2026/07/13 15:26:40"
"C:\Users\81805\toto-edge-git\ml\player_engine\data\raw\matches\metadata\match_25630.json","605","2026/07/13 15:26:42"
"C:\Users\81805\toto-edge-git\ml\player_engine\data\raw\matches\metadata\match_25631.json","605","2026/07/13 15:26:44"
"C:\Users\81805\toto-edge-git\ml\player_engine\data\raw\matches\metadata\match_25632.json","605","2026/07/13 15:26:46"
"C:\Users\81805\toto-edge-git\ml\player_engine\data\raw\matches\metadata\match_25633.json","605","2026/07/13 15:26:48"
"C:\Users\81805\toto-edge-git\ml\player_engine\data\raw\matches\metadata\match_25634.json","605","2026/07/13 15:26:51"
"C:\Users\81805\toto-edge-git\ml\player_engine\data\raw\matches\metadata\match_25635.json","605","2026/07/13 15:26:53"
"C:\Users\81805\toto-edge-git\ml\player_engine\data\raw\matches\metadata\match_25636.json","605","2026/07/13 15:26:55"
"C:\Users\81805\toto-edge-git\ml\player_engine\data\raw\matches\metadata\match_25637.json","605","2026/07/13 15:26:57"
"C:\Users\81805\toto-edge-git\ml\player_engine\data\raw\matches\metadata\match_25638.json","605","2026/07/13 15:26:59"
"C:\Users\81805\toto-edge-git\ml\player_engine\data\raw\matches\metadata\match_25639.json","605","2026/07/13 15:27:01"
"C:\Users\81805\toto-edge-git\ml\player_engine\data\raw\matches\metadata\match_25640.json","605","2026/07/13 15:27:03"
"C:\Users\81805\toto-edge-git\ml\player_engine\data\raw\matches\metadata\match_25641.json","605","2026/07/13 15:27:05"
"C:\Users\81805\toto-edge-git\ml\player_engine\data\raw\matches\metadata\match_25642.json","605","2026/07/13 15:27:08"
"C:\Users\81805\toto-edge-git\ml\player_engine\data\raw\matches\metadata\match_25643.json","605","2026/07/13 15:27:10"
"C:\Users\81805\toto-edge-git\ml\player_engine\data\raw\matches\metadata\match_25644.json","605","2026/07/13 15:27:12"
"C:\Users\81805\toto-edge-git\ml\player_engine\data\raw\matches\metadata\match_25645.json","605","2026/07/13 15:27:14"
"C:\Users\81805\toto-edge-git\ml\player_engine\data\raw\matches\metadata\match_25646.json","605","2026/07/13 15:27:16"
"C:\Users\81805\toto-edge-git\ml\player_engine\data\raw\matches\metadata\match_25647.json","605","2026/07/13 15:27:18"
"C:\Users\81805\toto-edge-git\ml\player_engine\data\raw\matches\metadata\match_25648.json","605","2026/07/13 15:27:20"
"C:\Users\81805\toto-edge-git\ml\player_engine\data\raw\matches\metadata\match_25649.json","605","2026/07/13 15:27:22"
"C:\Users\81805\toto-edge-git\ml\player_engine\data\raw\matches\metadata\match_25650.json","605","2026/07/13 15:27:25"
"C:\Users\81805\toto-edge-git\ml\player_engine\data\raw\matches\metadata\match_25651.json","605","2026/07/13 15:27:27"
"C:\Users\81805\toto-edge-git\ml\player_engine\data\raw\matches\metadata\match_25652.json","605","2026/07/13 15:27:29"
"C:\Users\81805\toto-edge-git\ml\player_engine\data\raw\matches\metadata\match_25653.json","605","2026/07/13 15:27:31"
"C:\Users\81805\toto-edge-git\ml\player_engine\data\raw\matches\metadata\match_25654.json","605","2026/07/13 15:27:33"
"C:\Users\81805\toto-edge-git\ml\player_engine\data\raw\matches\metadata\match_25655.json","605","2026/07/13 15:27:35"
"C:\Users\81805\toto-edge-git\ml\player_engine\data\raw\matches\metadata\match_25656.json","605","2026/07/13 15:27:37"
"C:\Users\81805\toto-edge-git\ml\player_engine\data\raw\matches\metadata\match_25657.json","605","2026/07/13 15:27:40"
"C:\Users\81805\toto-edge-git\ml\player_engine\data\raw\matches\metadata\match_25658.json","605","2026/07/13 15:27:42"
"C:\Users\81805\toto-edge-git\ml\player_engine\data\raw\matches\metadata\match_25659.json","605","2026/07/13 15:27:44"
"C:\Users\81805\toto-edge-git\ml\player_engine\data\raw\matches\metadata\match_25660.json","605","2026/07/13 15:27:46"
"C:\Users\81805\toto-edge-git\ml\player_engine\data\raw\matches\metadata\match_25661.json","605","2026/07/13 15:27:48"
"C:\Users\81805\toto-edge-git\ml\player_engine\data\raw\matches\metadata\match_25662.json","605","2026/07/13 15:27:50"
"C:\Users\81805\toto-edge-git\ml\player_engine\data\raw\matches\metadata\match_25663.json","605","2026/07/13 15:27:52"
"C:\Users\81805\toto-edge-git\ml\player_engine\data\raw\matches\metadata\match_25664.json","605","2026/07/13 15:27:55"
"C:\Users\81805\toto-edge-git\ml\player_engine\data\raw\matches\metadata\match_25665.json","605","2026/07/13 15:27:57"
"C:\Users\81805\toto-edge-git\ml\player_engine\data\raw\matches\metadata\match_25666.json","605","2026/07/13 15:27:59"
"C:\Users\81805\toto-edge-git\ml\player_engine\data\raw\matches\metadata\match_25667.json","605","2026/07/13 15:28:01"
"C:\Users\81805\toto-edge-git\ml\player_engine\data\raw\matches\metadata\match_25668.json","605","2026/07/13 15:28:03"
"C:\Users\81805\toto-edge-git\ml\player_engine\data\raw\matches\metadata\match_25669.json","605","2026/07/13 15:28:05"
"C:\Users\81805\toto-edge-git\ml\player_engine\data\raw\matches\metadata\match_25670.json","605","2026/07/13 15:28:07"
"C:\Users\81805\toto-edge-git\ml\player_engine\data\raw\matches\metadata\match_25671.json","605","2026/07/13 15:28:09"
"C:\Users\81805\toto-edge-git\ml\player_engine\data\raw\matches\metadata\match_25672.json","605","2026/07/13 15:28:12"
"C:\Users\81805\toto-edge-git\ml\player_engine\data\raw\matches\metadata\match_25673.json","605","2026/07/13 15:28:14"
"C:\Users\81805\toto-edge-git\ml\player_engine\data\raw\matches\metadata\match_25674.json","605","2026/07/13 15:28:16"
"C:\Users\81805\toto-edge-git\ml\player_engine\data\raw\matches\metadata\match_25675.json","605","2026/07/13 15:28:18"
"C:\Users\81805\toto-edge-git\ml\player_engine\data\raw\matches\metadata\match_25676.json","605","2026/07/13 15:28:20"
"C:\Users\81805\toto-edge-git\ml\player_engine\data\raw\matches\metadata\match_25677.json","605","2026/07/13 15:28:22"
"C:\Users\81805\toto-edge-git\ml\player_engine\data\raw\matches\metadata\match_25678.json","605","2026/07/13 15:28:24"
"C:\Users\81805\toto-edge-git\ml\player_engine\data\raw\matches\metadata\match_25679.json","605","2026/07/13 15:28:26"
"C:\Users\81805\toto-edge-git\ml\player_engine\data\raw\matches\metadata\match_25680.json","605","2026/07/13 15:28:29"
"C:\Users\81805\toto-edge-git\ml\player_engine\data\raw\matches\metadata\match_25681.json","605","2026/07/13 15:28:31"
"C:\Users\81805\toto-edge-git\ml\player_engine\data\raw\matches\metadata\match_25682.json","605","2026/07/13 15:28:33"
"C:\Users\81805\toto-edge-git\ml\player_engine\data\raw\matches\metadata\match_25683.json","605","2026/07/13 15:28:35"
"C:\Users\81805\toto-edge-git\ml\player_engine\data\raw\matches\metadata\match_25684.json","605","2026/07/13 15:28:37"
"C:\Users\81805\toto-edge-git\ml\player_engine\data\raw\matches\metadata\match_25685.json","605","2026/07/13 15:28:39"
"C:\Users\81805\toto-edge-git\ml\player_engine\data\raw\matches\metadata\match_25686.json","605","2026/07/13 15:28:41"
"C:\Users\81805\toto-edge-git\ml\player_engine\data\raw\matches\metadata\match_25687.json","605","2026/07/13 15:28:44"
"C:\Users\81805\toto-edge-git\ml\player_engine\data\raw\matches\metadata\match_25688.json","605","2026/07/13 15:28:46"
"C:\Users\81805\toto-edge-git\ml\player_engine\data\raw\matches\metadata\match_25689.json","605","2026/07/13 15:28:48"
"C:\Users\81805\toto-edge-git\ml\player_engine\data\raw\matches\metadata\match_25690.json","605","2026/07/13 15:28:50"
"C:\Users\81805\toto-edge-git\ml\player_engine\data\raw\matches\metadata\match_25691.json","605","2026/07/13 15:28:52"
"C:\Users\81805\toto-edge-git\ml\player_engine\data\raw\matches\metadata\match_25692.json","605","2026/07/13 15:28:54"
"C:\Users\81805\toto-edge-git\ml\player_engine\data\raw\matches\metadata\match_25693.json","605","2026/07/13 15:28:56"
"C:\Users\81805\toto-edge-git\ml\player_engine\data\raw\matches\metadata\match_25694.json","605","2026/07/13 15:28:59"
"C:\Users\81805\toto-edge-git\ml\player_engine\data\raw\matches\metadata\match_25695.json","605","2026/07/13 15:29:01"
"C:\Users\81805\toto-edge-git\ml\player_engine\data\raw\matches\metadata\match_25696.json","605","2026/07/13 15:29:03"
"C:\Users\81805\toto-edge-git\ml\player_engine\data\raw\matches\metadata\match_25697.json","605","2026/07/13 15:29:05"
"C:\Users\81805\toto-edge-git\ml\player_engine\data\raw\matches\metadata\match_25698.json","605","2026/07/13 15:29:07"
"C:\Users\81805\toto-edge-git\ml\player_engine\data\raw\matches\metadata\match_25699.json","605","2026/07/13 15:29:09"
"C:\Users\81805\toto-edge-git\ml\player_engine\data\raw\matches\metadata\match_25700.json","605","2026/07/13 15:29:11"
"C:\Users\81805\toto-edge-git\ml\player_engine\data\raw\matches\metadata\match_25701.json","605","2026/07/13 15:29:14"
"C:\Users\81805\toto-edge-git\ml\player_engine\data\raw\matches\metadata\match_25702.json","605","2026/07/13 15:29:16"
"C:\Users\81805\toto-edge-git\ml\player_engine\data\raw\matches\metadata\match_25703.json","605","2026/07/13 15:29:18"
"C:\Users\81805\toto-edge-git\ml\player_engine\data\raw\matches\metadata\match_25704.json","605","2026/07/13 15:29:20"
"C:\Users\81805\toto-edge-git\ml\player_engine\data\raw\matches\metadata\match_25705.json","605","2026/07/13 15:29:22"
"C:\Users\81805\toto-edge-git\ml\player_engine\data\raw\matches\metadata\match_25706.json","605","2026/07/13 15:29:24"
"C:\Users\81805\toto-edge-git\ml\player_engine\data\raw\matches\metadata\match_25707.json","605","2026/07/13 15:29:27"
"C:\Users\81805\toto-edge-git\ml\player_engine\data\raw\matches\metadata\match_25708.json","605","2026/07/13 15:29:29"
"C:\Users\81805\toto-edge-git\ml\player_engine\data\raw\matches\metadata\match_25709.json","605","2026/07/13 15:29:31"
"C:\Users\81805\toto-edge-git\ml\player_engine\data\raw\matches\metadata\match_25710.json","605","2026/07/13 15:29:33"
"C:\Users\81805\toto-edge-git\ml\player_engine\data\raw\matches\metadata\match_25711.json","605","2026/07/13 15:29:35"
"C:\Users\81805\toto-edge-git\ml\player_engine\data\raw\matches\metadata\match_25712.json","605","2026/07/13 15:29:37"
"C:\Users\81805\toto-edge-git\ml\player_engine\data\raw\matches\metadata\match_25713.json","605","2026/07/13 15:29:39"
"C:\Users\81805\toto-edge-git\ml\player_engine\data\raw\matches\metadata\match_25714.json","605","2026/07/13 15:29:41"
"C:\Users\81805\toto-edge-git\ml\player_engine\data\raw\matches\metadata\match_25715.json","605","2026/07/13 15:29:44"
"C:\Users\81805\toto-edge-git\ml\player_engine\data\raw\matches\metadata\match_25716.json","605","2026/07/13 15:29:46"
"C:\Users\81805\toto-edge-git\ml\player_engine\data\raw\matches\metadata\match_25717.json","605","2026/07/13 15:29:48"
"C:\Users\81805\toto-edge-git\ml\player_engine\data\raw\matches\metadata\match_25718.json","605","2026/07/13 15:29:50"
"C:\Users\81805\toto-edge-git\ml\player_engine\data\raw\matches\metadata\match_25719.json","605","2026/07/13 15:29:52"
"C:\Users\81805\toto-edge-git\ml\player_engine\data\raw\matches\metadata\match_25720.json","605","2026/07/13 15:29:54"
"C:\Users\81805\toto-edge-git\ml\player_engine\data\raw\matches\metadata\match_25721.json","605","2026/07/13 15:29:56"
"C:\Users\81805\toto-edge-git\ml\player_engine\data\raw\matches\metadata\match_25722.json","605","2026/07/13 15:29:59"
"C:\Users\81805\toto-edge-git\ml\player_engine\data\raw\matches\metadata\match_25723.json","605","2026/07/13 15:30:01"
"C:\Users\81805\toto-edge-git\ml\player_engine\data\raw\matches\metadata\match_25724.json","605","2026/07/13 15:30:03"
"C:\Users\81805\toto-edge-git\ml\player_engine\data\raw\matches\metadata\match_25725.json","605","2026/07/13 15:30:05"
"C:\Users\81805\toto-edge-git\ml\player_engine\data\raw\matches\metadata\match_25726.json","605","2026/07/13 15:30:07"
"C:\Users\81805\toto-edge-git\ml\player_engine\data\raw\matches\metadata\match_25727.json","605","2026/07/13 15:30:09"
"C:\Users\81805\toto-edge-git\ml\player_engine\data\raw\matches\metadata\match_25728.json","605","2026/07/13 15:30:12"
"C:\Users\81805\toto-edge-git\ml\player_engine\data\raw\matches\metadata\match_25729.json","605","2026/07/13 15:30:14"
"C:\Users\81805\toto-edge-git\ml\player_engine\data\raw\matches\metadata\match_25730.json","605","2026/07/13 15:30:16"
"C:\Users\81805\toto-edge-git\ml\player_engine\data\raw\matches\metadata\match_25731.json","605","2026/07/13 15:30:18"
"C:\Users\81805\toto-edge-git\ml\player_engine\data\raw\matches\metadata\match_25732.json","605","2026/07/13 15:30:20"
"C:\Users\81805\toto-edge-git\ml\player_engine\data\raw\matches\metadata\match_25733.json","605","2026/07/13 15:30:22"
"C:\Users\81805\toto-edge-git\ml\player_engine\data\raw\matches\metadata\match_25734.json","605","2026/07/13 15:30:24"
"C:\Users\81805\toto-edge-git\ml\player_engine\data\raw\matches\metadata\match_25735.json","605","2026/07/13 15:30:27"
"C:\Users\81805\toto-edge-git\ml\player_engine\data\raw\matches\metadata\match_25736.json","605","2026/07/13 15:30:29"
"C:\Users\81805\toto-edge-git\ml\player_engine\data\raw\matches\metadata\match_25737.json","605","2026/07/13 15:30:31"
"C:\Users\81805\toto-edge-git\ml\player_engine\data\raw\matches\metadata\match_25738.json","605","2026/07/13 15:30:33"
"C:\Users\81805\toto-edge-git\ml\player_engine\data\raw\matches\metadata\match_25739.json","605","2026/07/13 15:30:35"
"C:\Users\81805\toto-edge-git\ml\player_engine\data\raw\matches\metadata\match_25740.json","605","2026/07/13 15:30:37"
"C:\Users\81805\toto-edge-git\ml\player_engine\data\raw\matches\metadata\match_25741.json","605","2026/07/13 15:30:39"
"C:\Users\81805\toto-edge-git\ml\player_engine\data\raw\matches\metadata\match_25742.json","605","2026/07/13 15:30:42"
"C:\Users\81805\toto-edge-git\ml\player_engine\data\raw\matches\metadata\match_25743.json","605","2026/07/13 15:30:44"
"C:\Users\81805\toto-edge-git\ml\player_engine\data\raw\matches\metadata\match_25744.json","605","2026/07/13 15:30:46"
"C:\Users\81805\toto-edge-git\ml\player_engine\data\raw\matches\metadata\match_25745.json","605","2026/07/13 15:30:48"
"C:\Users\81805\toto-edge-git\ml\player_engine\data\raw\matches\metadata\match_25746.json","605","2026/07/13 15:30:50"
"C:\Users\81805\toto-edge-git\ml\player_engine\data\raw\matches\metadata\match_25747.json","605","2026/07/13 15:30:52"
"C:\Users\81805\toto-edge-git\ml\player_engine\data\raw\matches\metadata\match_25748.json","605","2026/07/13 15:30:54"
"C:\Users\81805\toto-edge-git\ml\player_engine\data\raw\matches\metadata\match_25749.json","605","2026/07/13 15:30:57"
"C:\Users\81805\toto-edge-git\ml\player_engine\data\raw\matches\metadata\match_25750.json","605","2026/07/13 15:30:59"
"C:\Users\81805\toto-edge-git\ml\player_engine\data\raw\matches\metadata\match_25751.json","605","2026/07/13 15:31:01"
"C:\Users\81805\toto-edge-git\ml\player_engine\data\raw\matches\metadata\match_25752.json","605","2026/07/13 15:31:03"
"C:\Users\81805\toto-edge-git\ml\player_engine\data\raw\matches\metadata\match_25753.json","605","2026/07/13 15:31:05"
"C:\Users\81805\toto-edge-git\ml\player_engine\data\raw\matches\metadata\match_25754.json","605","2026/07/13 15:31:07"
"C:\Users\81805\toto-edge-git\ml\player_engine\data\raw\matches\metadata\match_25755.json","605","2026/07/13 15:31:09"
"C:\Users\81805\toto-edge-git\ml\player_engine\data\raw\matches\metadata\match_25756.json","605","2026/07/13 15:31:11"
"C:\Users\81805\toto-edge-git\ml\player_engine\data\raw\matches\metadata\match_25757.json","605","2026/07/13 15:31:14"
"C:\Users\81805\toto-edge-git\ml\player_engine\data\raw\matches\metadata\match_25758.json","605","2026/07/13 15:31:16"
"C:\Users\81805\toto-edge-git\ml\player_engine\data\raw\matches\metadata\match_25759.json","605","2026/07/13 15:31:18"
"C:\Users\81805\toto-edge-git\ml\player_engine\data\raw\matches\metadata\match_25760.json","605","2026/07/13 15:31:20"
"C:\Users\81805\toto-edge-git\ml\player_engine\data\raw\matches\metadata\match_25761.json","605","2026/07/13 15:31:22"
"C:\Users\81805\toto-edge-git\ml\player_engine\data\raw\matches\metadata\match_25762.json","605","2026/07/13 15:31:24"
"C:\Users\81805\toto-edge-git\ml\player_engine\data\raw\matches\metadata\match_25763.json","605","2026/07/13 15:31:26"
"C:\Users\81805\toto-edge-git\ml\player_engine\data\raw\matches\metadata\match_25764.json","605","2026/07/13 15:31:29"
"C:\Users\81805\toto-edge-git\ml\player_engine\data\raw\matches\metadata\match_25765.json","605","2026/07/13 15:31:31"
"C:\Users\81805\toto-edge-git\ml\player_engine\data\raw\matches\metadata\match_25766.json","605","2026/07/13 15:31:33"
"C:\Users\81805\toto-edge-git\ml\player_engine\data\raw\matches\metadata\match_25767.json","605","2026/07/13 15:31:35"
"C:\Users\81805\toto-edge-git\ml\player_engine\data\raw\matches\metadata\match_25768.json","605","2026/07/13 15:31:37"
"C:\Users\81805\toto-edge-git\ml\player_engine\data\raw\matches\metadata\match_25769.json","605","2026/07/13 15:31:39"
"C:\Users\81805\toto-edge-git\ml\player_engine\data\raw\matches\metadata\match_25770.json","605","2026/07/13 15:31:41"
"C:\Users\81805\toto-edge-git\ml\player_engine\data\raw\matches\metadata\match_25771.json","605","2026/07/13 15:31:43"
"C:\Users\81805\toto-edge-git\ml\player_engine\data\raw\matches\metadata\match_25772.json","605","2026/07/13 15:31:46"
"C:\Users\81805\toto-edge-git\ml\player_engine\data\raw\matches\metadata\match_25773.json","605","2026/07/13 15:31:48"
"C:\Users\81805\toto-edge-git\ml\player_engine\data\raw\matches\metadata\match_25774.json","605","2026/07/13 15:31:50"
"C:\Users\81805\toto-edge-git\ml\player_engine\data\raw\matches\metadata\match_25775.json","605","2026/07/13 15:31:52"
"C:\Users\81805\toto-edge-git\ml\player_engine\data\raw\matches\metadata\match_25776.json","605","2026/07/13 15:31:54"
"C:\Users\81805\toto-edge-git\ml\player_engine\data\raw\matches\metadata\match_25777.json","605","2026/07/13 15:31:56"
"C:\Users\81805\toto-edge-git\ml\player_engine\data\raw\matches\metadata\match_25778.json","605","2026/07/13 15:31:58"
"C:\Users\81805\toto-edge-git\ml\player_engine\data\raw\matches\metadata\match_25779.json","605","2026/07/13 15:32:01"
"C:\Users\81805\toto-edge-git\ml\player_engine\data\raw\matches\metadata\match_25780.json","605","2026/07/13 15:32:03"
"C:\Users\81805\toto-edge-git\ml\player_engine\data\raw\matches\metadata\match_25781.json","605","2026/07/13 15:32:05"
"C:\Users\81805\toto-edge-git\ml\player_engine\data\raw\matches\metadata\match_25782.json","605","2026/07/13 15:32:07"
"C:\Users\81805\toto-edge-git\ml\player_engine\data\raw\matches\metadata\match_25783.json","605","2026/07/13 15:32:09"
"C:\Users\81805\toto-edge-git\ml\player_engine\data\raw\matches\metadata\match_25784.json","605","2026/07/13 15:32:11"
"C:\Users\81805\toto-edge-git\ml\player_engine\data\raw\matches\metadata\match_25785.json","605","2026/07/13 15:32:13"
"C:\Users\81805\toto-edge-git\ml\player_engine\data\raw\matches\metadata\match_25786.json","605","2026/07/13 15:32:15"
"C:\Users\81805\toto-edge-git\ml\player_engine\data\raw\matches\metadata\match_25787.json","605","2026/07/13 15:32:18"
"C:\Users\81805\toto-edge-git\ml\player_engine\data\raw\matches\metadata\match_25788.json","605","2026/07/13 15:32:20"
"C:\Users\81805\toto-edge-git\ml\player_engine\data\raw\matches\metadata\match_25789.json","605","2026/07/13 15:32:22"
"C:\Users\81805\toto-edge-git\ml\player_engine\data\raw\matches\metadata\match_25790.json","605","2026/07/13 15:32:24"
"C:\Users\81805\toto-edge-git\ml\player_engine\data\raw\matches\metadata\match_25791.json","605","2026/07/13 15:32:26"
"C:\Users\81805\toto-edge-git\ml\player_engine\data\raw\matches\metadata\match_25792.json","605","2026/07/13 15:32:28"
"C:\Users\81805\toto-edge-git\ml\player_engine\data\raw\matches\metadata\match_25793.json","605","2026/07/13 15:32:31"
"C:\Users\81805\toto-edge-git\ml\player_engine\data\raw\matches\metadata\match_25794.json","605","2026/07/13 15:32:33"
"C:\Users\81805\toto-edge-git\ml\player_engine\data\raw\matches\metadata\match_25795.json","605","2026/07/13 15:32:35"
"C:\Users\81805\toto-edge-git\ml\player_engine\data\raw\matches\metadata\match_25796.json","605","2026/07/13 15:32:37"
"C:\Users\81805\toto-edge-git\ml\player_engine\data\raw\matches\metadata\match_25797.json","605","2026/07/13 15:32:39"
"C:\Users\81805\toto-edge-git\ml\player_engine\data\raw\matches\metadata\match_25798.json","605","2026/07/13 15:32:41"
"C:\Users\81805\toto-edge-git\ml\player_engine\data\raw\matches\metadata\match_25799.json","605","2026/07/13 15:32:43"
"C:\Users\81805\toto-edge-git\ml\player_engine\data\raw\matches\metadata\match_25800.json","605","2026/07/13 15:32:45"
"C:\Users\81805\toto-edge-git\ml\player_engine\data\raw\matches\metadata\match_25801.json","605","2026/07/13 15:32:48"
"C:\Users\81805\toto-edge-git\ml\player_engine\data\raw\matches\metadata\match_25802.json","605","2026/07/13 15:32:50"
"C:\Users\81805\toto-edge-git\ml\player_engine\data\raw\matches\metadata\match_25803.json","605","2026/07/13 15:32:52"
"C:\Users\81805\toto-edge-git\ml\player_engine\data\raw\matches\metadata\match_25804.json","605","2026/07/13 15:32:54"
"C:\Users\81805\toto-edge-git\ml\player_engine\data\raw\matches\metadata\match_25805.json","605","2026/07/13 15:32:56"
"C:\Users\81805\toto-edge-git\ml\player_engine\data\raw\matches\metadata\match_25806.json","605","2026/07/13 15:32:58"
"C:\Users\81805\toto-edge-git\ml\player_engine\data\raw\matches\metadata\match_25807.json","605","2026/07/13 15:33:00"
"C:\Users\81805\toto-edge-git\ml\player_engine\data\raw\matches\metadata\match_25808.json","605","2026/07/13 15:33:02"
"C:\Users\81805\toto-edge-git\ml\player_engine\data\raw\matches\metadata\match_25809.json","605","2026/07/13 15:33:05"
"C:\Users\81805\toto-edge-git\ml\player_engine\data\raw\matches\metadata\match_25810.json","605","2026/07/13 15:33:07"
"C:\Users\81805\toto-edge-git\ml\player_engine\data\raw\matches\metadata\match_25811.json","605","2026/07/13 15:33:09"
"C:\Users\81805\toto-edge-git\ml\player_engine\data\raw\matches\metadata\match_25812.json","605","2026/07/13 15:33:11"
"C:\Users\81805\toto-edge-git\ml\player_engine\data\raw\matches\metadata\match_25813.json","605","2026/07/13 15:33:13"
"C:\Users\81805\toto-edge-git\ml\player_engine\data\raw\matches\metadata\match_25814.json","605","2026/07/13 15:33:15"
"C:\Users\81805\toto-edge-git\ml\player_engine\data\raw\matches\metadata\match_25815.json","605","2026/07/13 15:33:17"
"C:\Users\81805\toto-edge-git\ml\player_engine\data\raw\matches\metadata\match_25816.json","605","2026/07/13 15:33:19"
"C:\Users\81805\toto-edge-git\ml\player_engine\data\raw\matches\metadata\match_25817.json","605","2026/07/13 15:33:22"
"C:\Users\81805\toto-edge-git\ml\player_engine\data\raw\matches\metadata\match_25818.json","605","2026/07/13 15:33:24"
"C:\Users\81805\toto-edge-git\ml\player_engine\data\raw\matches\metadata\match_25819.json","605","2026/07/13 15:33:26"
"C:\Users\81805\toto-edge-git\ml\player_engine\data\raw\matches\metadata\match_25820.json","605","2026/07/13 15:33:28"
"C:\Users\81805\toto-edge-git\ml\player_engine\data\raw\matches\metadata\match_25821.json","605","2026/07/13 15:33:30"
"C:\Users\81805\toto-edge-git\ml\player_engine\data\raw\matches\metadata\match_25822.json","605","2026/07/13 15:33:32"
"C:\Users\81805\toto-edge-git\ml\player_engine\data\raw\matches\metadata\match_25823.json","605","2026/07/13 15:33:34"
"C:\Users\81805\toto-edge-git\ml\player_engine\data\raw\matches\metadata\match_25824.json","605","2026/07/13 15:33:37"
"C:\Users\81805\toto-edge-git\ml\player_engine\data\raw\matches\metadata\match_25825.json","605","2026/07/13 15:33:39"
"C:\Users\81805\toto-edge-git\ml\player_engine\data\raw\matches\metadata\match_25826.json","605","2026/07/13 15:33:41"
"C:\Users\81805\toto-edge-git\ml\player_engine\data\raw\matches\metadata\match_25827.json","605","2026/07/13 15:33:43"
"C:\Users\81805\toto-edge-git\ml\player_engine\data\raw\matches\metadata\match_25828.json","605","2026/07/13 15:33:45"
"C:\Users\81805\toto-edge-git\ml\player_engine\data\raw\matches\metadata\match_25829.json","605","2026/07/13 15:33:47"
"C:\Users\81805\toto-edge-git\ml\player_engine\data\raw\matches\metadata\match_25830.json","605","2026/07/13 15:33:49"
"C:\Users\81805\toto-edge-git\ml\player_engine\data\raw\matches\metadata\match_25831.json","605","2026/07/13 15:33:51"
"C:\Users\81805\toto-edge-git\ml\player_engine\data\raw\matches\metadata\match_25832.json","605","2026/07/13 15:33:54"
"C:\Users\81805\toto-edge-git\ml\player_engine\data\raw\matches\metadata\match_25833.json","605","2026/07/13 15:33:56"
"C:\Users\81805\toto-edge-git\ml\player_engine\data\raw\matches\metadata\match_25834.json","605","2026/07/13 15:33:58"
"C:\Users\81805\toto-edge-git\ml\player_engine\data\raw\matches\metadata\match_25835.json","605","2026/07/13 15:34:00"
"C:\Users\81805\toto-edge-git\ml\player_engine\data\raw\matches\metadata\match_25836.json","605","2026/07/13 15:34:02"
"C:\Users\81805\toto-edge-git\ml\player_engine\data\raw\matches\metadata\match_25837.json","605","2026/07/13 15:34:04"
"C:\Users\81805\toto-edge-git\ml\player_engine\data\raw\matches\metadata\match_25838.json","605","2026/07/13 15:34:06"
"C:\Users\81805\toto-edge-git\ml\player_engine\data\raw\matches\metadata\match_25839.json","605","2026/07/13 15:34:09"
"C:\Users\81805\toto-edge-git\ml\player_engine\data\raw\matches\metadata\match_25840.json","605","2026/07/13 15:34:11"
"C:\Users\81805\toto-edge-git\ml\player_engine\data\raw\matches\metadata\match_25841.json","605","2026/07/13 15:34:13"
"C:\Users\81805\toto-edge-git\ml\player_engine\data\raw\matches\metadata\match_25842.json","605","2026/07/13 15:34:15"
"C:\Users\81805\toto-edge-git\ml\player_engine\data\raw\matches\metadata\match_25843.json","605","2026/07/13 15:34:17"
"C:\Users\81805\toto-edge-git\ml\player_engine\data\raw\matches\metadata\match_25844.json","605","2026/07/13 15:34:19"
"C:\Users\81805\toto-edge-git\ml\player_engine\data\raw\matches\metadata\match_25845.json","605","2026/07/13 15:34:21"
"C:\Users\81805\toto-edge-git\ml\player_engine\data\raw\matches\metadata\match_25846.json","605","2026/07/13 15:34:23"
"C:\Users\81805\toto-edge-git\ml\player_engine\data\raw\matches\metadata\match_25847.json","605","2026/07/13 15:34:26"
"C:\Users\81805\toto-edge-git\ml\player_engine\data\raw\matches\metadata\match_25848.json","605","2026/07/13 15:34:28"
"C:\Users\81805\toto-edge-git\ml\player_engine\data\raw\matches\metadata\match_25849.json","605","2026/07/13 15:34:30"
"C:\Users\81805\toto-edge-git\ml\player_engine\data\raw\matches\metadata\match_25850.json","605","2026/07/13 15:34:32"
"C:\Users\81805\toto-edge-git\ml\player_engine\data\raw\matches\metadata\match_25851.json","605","2026/07/13 15:34:34"
"C:\Users\81805\toto-edge-git\ml\player_engine\data\raw\matches\metadata\match_25852.json","605","2026/07/13 15:34:36"
"C:\Users\81805\toto-edge-git\ml\player_engine\data\raw\matches\metadata\match_25853.json","605","2026/07/13 15:34:38"
"C:\Users\81805\toto-edge-git\ml\player_engine\data\raw\matches\metadata\match_25854.json","605","2026/07/13 15:34:40"
"C:\Users\81805\toto-edge-git\ml\player_engine\data\raw\matches\metadata\match_25855.json","605","2026/07/13 15:34:43"
"C:\Users\81805\toto-edge-git\ml\player_engine\data\raw\matches\metadata\match_25856.json","605","2026/07/13 15:34:45"
"C:\Users\81805\toto-edge-git\ml\player_engine\data\raw\matches\metadata\match_25857.json","605","2026/07/13 15:34:47"
"C:\Users\81805\toto-edge-git\ml\player_engine\data\raw\matches\metadata\match_25858.json","605","2026/07/13 15:34:49"
"C:\Users\81805\toto-edge-git\ml\player_engine\data\raw\matches\metadata\match_25859.json","605","2026/07/13 15:34:51"
"C:\Users\81805\toto-edge-git\ml\player_engine\data\raw\matches\metadata\match_25860.json","605","2026/07/13 15:34:53"
"C:\Users\81805\toto-edge-git\ml\player_engine\data\raw\matches\metadata\match_25861.json","605","2026/07/13 15:34:55"
"C:\Users\81805\toto-edge-git\ml\player_engine\data\raw\matches\metadata\match_25862.json","605","2026/07/13 15:34:58"
"C:\Users\81805\toto-edge-git\ml\player_engine\data\raw\matches\metadata\match_25863.json","605","2026/07/13 15:35:00"
"C:\Users\81805\toto-edge-git\ml\player_engine\data\raw\matches\metadata\match_25864.json","605","2026/07/13 15:35:02"
"C:\Users\81805\toto-edge-git\ml\player_engine\data\raw\matches\metadata\match_25865.json","605","2026/07/13 15:35:04"
"C:\Users\81805\toto-edge-git\ml\player_engine\data\raw\matches\metadata\match_25866.json","605","2026/07/13 15:35:06"
"C:\Users\81805\toto-edge-git\ml\player_engine\data\raw\matches\metadata\match_25867.json","605","2026/07/13 15:35:08"
"C:\Users\81805\toto-edge-git\ml\player_engine\data\raw\matches\metadata\match_25868.json","605","2026/07/13 15:35:10"
"C:\Users\81805\toto-edge-git\ml\player_engine\data\raw\matches\metadata\match_25869.json","605","2026/07/13 15:35:12"
"C:\Users\81805\toto-edge-git\ml\player_engine\data\raw\matches\metadata\match_25870.json","605","2026/07/13 15:35:15"
"C:\Users\81805\toto-edge-git\ml\player_engine\data\raw\matches\metadata\match_25871.json","605","2026/07/13 15:35:17"
"C:\Users\81805\toto-edge-git\ml\player_engine\data\raw\matches\metadata\match_25872.json","605","2026/07/13 15:35:19"
"C:\Users\81805\toto-edge-git\ml\player_engine\data\raw\matches\metadata\match_25873.json","605","2026/07/13 15:35:21"
"C:\Users\81805\toto-edge-git\ml\player_engine\data\raw\matches\metadata\match_25874.json","605","2026/07/13 15:35:23"
"C:\Users\81805\toto-edge-git\ml\player_engine\data\raw\matches\metadata\match_25875.json","605","2026/07/13 15:35:25"
"C:\Users\81805\toto-edge-git\ml\player_engine\data\raw\matches\metadata\match_25876.json","605","2026/07/13 15:35:27"
"C:\Users\81805\toto-edge-git\ml\player_engine\data\raw\matches\metadata\match_25877.json","605","2026/07/13 15:35:30"
"C:\Users\81805\toto-edge-git\ml\player_engine\data\raw\matches\metadata\match_25878.json","605","2026/07/13 15:35:32"
"C:\Users\81805\toto-edge-git\ml\player_engine\data\raw\matches\metadata\match_25879.json","605","2026/07/13 15:35:34"
"C:\Users\81805\toto-edge-git\ml\player_engine\data\raw\matches\metadata\match_25880.json","605","2026/07/13 15:35:36"
"C:\Users\81805\toto-edge-git\ml\player_engine\data\raw\matches\metadata\match_25881.json","605","2026/07/13 15:35:38"
"C:\Users\81805\toto-edge-git\ml\player_engine\data\raw\matches\metadata\match_25882.json","605","2026/07/13 15:35:40"
"C:\Users\81805\toto-edge-git\ml\player_engine\data\raw\matches\metadata\match_25883.json","605","2026/07/13 15:35:42"
"C:\Users\81805\toto-edge-git\ml\player_engine\data\raw\matches\metadata\match_25884.json","605","2026/07/13 15:35:45"
"C:\Users\81805\toto-edge-git\ml\player_engine\data\raw\matches\metadata\match_25885.json","605","2026/07/13 15:35:47"
"C:\Users\81805\toto-edge-git\ml\player_engine\data\raw\matches\metadata\match_25886.json","605","2026/07/13 15:35:49"
"C:\Users\81805\toto-edge-git\ml\player_engine\data\raw\matches\metadata\match_25887.json","605","2026/07/13 15:35:51"
"C:\Users\81805\toto-edge-git\ml\player_engine\data\raw\matches\metadata\match_25888.json","605","2026/07/13 15:35:53"
"C:\Users\81805\toto-edge-git\ml\player_engine\data\raw\matches\metadata\match_25889.json","605","2026/07/13 15:35:55"
"C:\Users\81805\toto-edge-git\ml\player_engine\data\raw\matches\metadata\match_25890.json","605","2026/07/13 15:35:58"
"C:\Users\81805\toto-edge-git\ml\player_engine\data\raw\matches\metadata\match_25891.json","605","2026/07/13 15:36:00"
"C:\Users\81805\toto-edge-git\ml\player_engine\data\raw\matches\metadata\match_25892.json","605","2026/07/13 15:36:02"
"C:\Users\81805\toto-edge-git\ml\player_engine\data\raw\matches\metadata\match_25893.json","605","2026/07/13 15:36:04"
"C:\Users\81805\toto-edge-git\ml\player_engine\data\raw\matches\metadata\match_25894.json","605","2026/07/13 15:36:06"
"C:\Users\81805\toto-edge-git\ml\player_engine\data\raw\matches\metadata\match_25895.json","605","2026/07/13 15:36:08"
"C:\Users\81805\toto-edge-git\ml\player_engine\data\raw\matches\metadata\match_25896.json","605","2026/07/13 15:36:10"
"C:\Users\81805\toto-edge-git\ml\player_engine\data\raw\matches\metadata\match_25897.json","605","2026/07/13 15:36:12"
"C:\Users\81805\toto-edge-git\ml\player_engine\data\raw\matches\metadata\match_25898.json","605","2026/07/13 15:36:14"
"C:\Users\81805\toto-edge-git\ml\player_engine\data\raw\matches\metadata\match_25899.json","605","2026/07/13 15:36:17"
"C:\Users\81805\toto-edge-git\ml\player_engine\data\raw\matches\metadata\match_25900.json","605","2026/07/13 15:36:19"
"C:\Users\81805\toto-edge-git\ml\player_engine\data\raw\matches\metadata\match_25901.json","605","2026/07/13 15:36:21"
"C:\Users\81805\toto-edge-git\ml\player_engine\data\raw\matches\metadata\match_25902.json","605","2026/07/13 15:36:23"
"C:\Users\81805\toto-edge-git\ml\player_engine\data\raw\matches\metadata\match_25903.json","605","2026/07/13 15:36:25"
"C:\Users\81805\toto-edge-git\ml\player_engine\data\raw\matches\metadata\match_25904.json","605","2026/07/13 15:36:27"
"C:\Users\81805\toto-edge-git\ml\player_engine\data\raw\matches\metadata\match_25905.json","605","2026/07/13 15:36:29"
"C:\Users\81805\toto-edge-git\ml\player_engine\data\raw\matches\metadata\match_25906.json","605","2026/07/13 15:36:32"
"C:\Users\81805\toto-edge-git\ml\player_engine\data\raw\matches\metadata\match_25907.json","605","2026/07/13 15:36:34"
"C:\Users\81805\toto-edge-git\ml\player_engine\data\raw\matches\metadata\match_25908.json","605","2026/07/13 15:36:36"
"C:\Users\81805\toto-edge-git\ml\player_engine\data\raw\matches\metadata\match_25909.json","605","2026/07/13 15:36:38"
"C:\Users\81805\toto-edge-git\ml\player_engine\data\raw\matches\metadata\match_25910.json","605","2026/07/13 15:36:40"
"C:\Users\81805\toto-edge-git\ml\player_engine\data\raw\matches\metadata\match_25911.json","605","2026/07/13 15:36:42"
"C:\Users\81805\toto-edge-git\ml\player_engine\data\raw\matches\metadata\match_25912.json","605","2026/07/13 15:36:44"
"C:\Users\81805\toto-edge-git\ml\player_engine\data\raw\matches\metadata\match_25913.json","605","2026/07/13 15:36:47"
"C:\Users\81805\toto-edge-git\ml\player_engine\data\raw\matches\metadata\match_25914.json","605","2026/07/13 15:36:49"
"C:\Users\81805\toto-edge-git\ml\player_engine\data\raw\matches\metadata\match_25915.json","605","2026/07/13 15:36:51"
"C:\Users\81805\toto-edge-git\ml\player_engine\data\raw\matches\metadata\match_25916.json","605","2026/07/13 15:36:53"
"C:\Users\81805\toto-edge-git\ml\player_engine\data\raw\matches\metadata\match_25917.json","605","2026/07/13 15:36:55"
"C:\Users\81805\toto-edge-git\ml\player_engine\data\raw\matches\metadata\match_25918.json","605","2026/07/13 15:36:57"
"C:\Users\81805\toto-edge-git\ml\player_engine\data\raw\matches\metadata\match_25919.json","605","2026/07/13 15:36:59"
"C:\Users\81805\toto-edge-git\ml\player_engine\data\raw\matches\metadata\match_25920.json","605","2026/07/13 15:37:01"
"C:\Users\81805\toto-edge-git\ml\player_engine\data\raw\matches\metadata\match_25921.json","605","2026/07/13 15:37:04"
"C:\Users\81805\toto-edge-git\ml\player_engine\data\raw\matches\metadata\match_25922.json","605","2026/07/13 15:37:06"
"C:\Users\81805\toto-edge-git\ml\player_engine\data\raw\matches\metadata\match_25923.json","605","2026/07/13 15:37:08"
"C:\Users\81805\toto-edge-git\ml\player_engine\data\raw\matches\metadata\match_25924.json","605","2026/07/13 15:37:10"
"C:\Users\81805\toto-edge-git\ml\player_engine\data\raw\matches\metadata\match_25925.json","605","2026/07/13 15:37:12"
"C:\Users\81805\toto-edge-git\ml\player_engine\data\raw\matches\metadata\match_25926.json","605","2026/07/13 15:37:14"
"C:\Users\81805\toto-edge-git\ml\player_engine\data\raw\matches\metadata\match_25927.json","605","2026/07/13 15:37:16"
"C:\Users\81805\toto-edge-git\ml\player_engine\data\raw\matches\metadata\match_25928.json","605","2026/07/13 15:37:18"
"C:\Users\81805\toto-edge-git\ml\player_engine\data\raw\matches\metadata\match_25929.json","605","2026/07/13 15:37:21"
"C:\Users\81805\toto-edge-git\ml\player_engine\data\raw\matches\metadata\match_25930.json","605","2026/07/13 15:37:51"
"C:\Users\81805\toto-edge-git\ml\player_engine\data\raw\matches\metadata\match_25931.json","605","2026/07/13 15:37:51"
"C:\Users\81805\toto-edge-git\ml\player_engine\data\raw\matches\metadata\match_25932.json","605","2026/07/13 15:37:53"
"C:\Users\81805\toto-edge-git\ml\player_engine\data\raw\matches\metadata\match_25933.json","605","2026/07/13 15:37:55"
"C:\Users\81805\toto-edge-git\ml\player_engine\data\raw\matches\metadata\match_25934.json","605","2026/07/13 15:37:58"
"C:\Users\81805\toto-edge-git\ml\player_engine\data\raw\matches\metadata\match_25935.json","605","2026/07/13 15:38:00"
"C:\Users\81805\toto-edge-git\ml\player_engine\data\raw\matches\metadata\match_25936.json","605","2026/07/13 15:38:02"
"C:\Users\81805\toto-edge-git\ml\player_engine\data\raw\matches\metadata\match_25937.json","605","2026/07/13 15:38:04"
"C:\Users\81805\toto-edge-git\ml\player_engine\data\raw\matches\metadata\match_25938.json","605","2026/07/13 15:38:06"
"C:\Users\81805\toto-edge-git\ml\player_engine\data\raw\matches\metadata\match_25939.json","605","2026/07/13 15:38:08"
"C:\Users\81805\toto-edge-git\ml\player_engine\data\raw\matches\metadata\match_25940.json","605","2026/07/13 15:38:10"
"C:\Users\81805\toto-edge-git\ml\player_engine\data\raw\matches\metadata\match_25941.json","605","2026/07/13 15:38:12"
"C:\Users\81805\toto-edge-git\ml\player_engine\data\raw\matches\metadata\match_25942.json","605","2026/07/13 15:38:15"
"C:\Users\81805\toto-edge-git\ml\player_engine\data\raw\matches\metadata\match_25943.json","605","2026/07/13 15:38:17"
"C:\Users\81805\toto-edge-git\ml\player_engine\data\raw\matches\metadata\match_25944.json","605","2026/07/13 15:38:19"
"C:\Users\81805\toto-edge-git\ml\player_engine\data\raw\matches\metadata\match_25945.json","605","2026/07/13 15:38:21"
"C:\Users\81805\toto-edge-git\ml\player_engine\data\raw\matches\metadata\match_25946.json","605","2026/07/13 15:38:23"
"C:\Users\81805\toto-edge-git\ml\player_engine\data\raw\matches\metadata\match_25947.json","605","2026/07/13 15:38:25"
"C:\Users\81805\toto-edge-git\ml\player_engine\data\raw\matches\metadata\match_25948.json","605","2026/07/13 15:38:27"
"C:\Users\81805\toto-edge-git\ml\player_engine\data\raw\matches\metadata\match_25949.json","605","2026/07/13 15:38:30"
"C:\Users\81805\toto-edge-git\ml\player_engine\data\raw\matches\metadata\match_25950.json","605","2026/07/13 15:38:32"
"C:\Users\81805\toto-edge-git\ml\player_engine\data\raw\matches\metadata\match_25951.json","605","2026/07/13 15:38:34"
"C:\Users\81805\toto-edge-git\ml\player_engine\data\raw\matches\metadata\match_25952.json","605","2026/07/13 15:38:36"
"C:\Users\81805\toto-edge-git\ml\player_engine\data\raw\matches\metadata\match_25953.json","605","2026/07/13 15:38:38"
"C:\Users\81805\toto-edge-git\ml\player_engine\data\raw\matches\metadata\match_25954.json","605","2026/07/13 15:38:40"
"C:\Users\81805\toto-edge-git\ml\player_engine\data\raw\matches\metadata\match_25955.json","605","2026/07/13 15:38:42"
"C:\Users\81805\toto-edge-git\ml\player_engine\data\raw\matches\metadata\match_25956.json","605","2026/07/13 15:38:44"
"C:\Users\81805\toto-edge-git\ml\player_engine\data\raw\matches\metadata\match_25957.json","605","2026/07/13 15:38:47"
"C:\Users\81805\toto-edge-git\ml\player_engine\data\raw\matches\metadata\match_25958.json","605","2026/07/13 15:38:49"
"C:\Users\81805\toto-edge-git\ml\player_engine\data\raw\matches\metadata\match_25959.json","605","2026/07/13 15:38:51"
"C:\Users\81805\toto-edge-git\ml\player_engine\data\raw\matches\metadata\match_25960.json","605","2026/07/13 15:38:53"
"C:\Users\81805\toto-edge-git\ml\player_engine\data\raw\matches\metadata\match_25961.json","605","2026/07/13 15:38:55"
"C:\Users\81805\toto-edge-git\ml\player_engine\data\raw\matches\metadata\match_25962.json","605","2026/07/13 15:38:57"
"C:\Users\81805\toto-edge-git\ml\player_engine\data\raw\matches\metadata\match_25963.json","605","2026/07/13 15:38:59"
"C:\Users\81805\toto-edge-git\ml\player_engine\data\raw\matches\metadata\match_25964.json","605","2026/07/13 15:39:02"
"C:\Users\81805\toto-edge-git\ml\player_engine\data\raw\matches\metadata\match_25965.json","605","2026/07/13 15:39:04"
"C:\Users\81805\toto-edge-git\ml\player_engine\data\raw\matches\metadata\match_25966.json","605","2026/07/13 15:39:06"
"C:\Users\81805\toto-edge-git\ml\player_engine\data\raw\matches\metadata\match_25967.json","605","2026/07/13 15:39:08"
"C:\Users\81805\toto-edge-git\ml\player_engine\data\raw\matches\metadata\match_25968.json","605","2026/07/13 15:39:10"
"C:\Users\81805\toto-edge-git\ml\player_engine\data\raw\matches\metadata\match_25969.json","605","2026/07/13 15:39:12"
"C:\Users\81805\toto-edge-git\ml\player_engine\data\raw\matches\metadata\match_25970.json","605","2026/07/13 15:39:14"
"C:\Users\81805\toto-edge-git\ml\player_engine\data\raw\matches\metadata\match_25971.json","605","2026/07/13 15:39:16"
"C:\Users\81805\toto-edge-git\ml\player_engine\data\raw\matches\metadata\match_25972.json","605","2026/07/13 15:39:19"
"C:\Users\81805\toto-edge-git\ml\player_engine\data\raw\matches\metadata\match_25973.json","605","2026/07/13 15:39:21"
"C:\Users\81805\toto-edge-git\ml\player_engine\data\raw\matches\metadata\match_25974.json","605","2026/07/13 15:39:23"
"C:\Users\81805\toto-edge-git\ml\player_engine\data\raw\matches\metadata\match_25975.json","605","2026/07/13 15:39:25"
"C:\Users\81805\toto-edge-git\ml\player_engine\data\raw\matches\metadata\match_25976.json","605","2026/07/13 15:39:27"
"C:\Users\81805\toto-edge-git\ml\player_engine\data\raw\matches\metadata\match_25977.json","605","2026/07/13 15:39:29"
"C:\Users\81805\toto-edge-git\ml\player_engine\data\raw\matches\metadata\match_25978.json","605","2026/07/13 15:39:31"
"C:\Users\81805\toto-edge-git\ml\player_engine\data\raw\matches\metadata\match_25979.json","605","2026/07/13 15:39:33"
"C:\Users\81805\toto-edge-git\ml\player_engine\data\raw\matches\metadata\match_25980.json","605","2026/07/13 15:39:36"
"C:\Users\81805\toto-edge-git\ml\player_engine\data\raw\matches\metadata\match_25981.json","605","2026/07/13 15:39:38"
"C:\Users\81805\toto-edge-git\ml\player_engine\data\raw\matches\metadata\match_25982.json","605","2026/07/13 15:39:40"
"C:\Users\81805\toto-edge-git\ml\player_engine\data\raw\matches\metadata\match_25983.json","605","2026/07/13 15:39:42"
"C:\Users\81805\toto-edge-git\ml\player_engine\data\raw\matches\metadata\match_25984.json","605","2026/07/13 15:39:44"
"C:\Users\81805\toto-edge-git\ml\player_engine\data\raw\matches\metadata\match_25985.json","605","2026/07/13 15:39:46"
"C:\Users\81805\toto-edge-git\ml\player_engine\data\raw\matches\metadata\match_25986.json","605","2026/07/13 15:39:48"
"C:\Users\81805\toto-edge-git\ml\player_engine\data\raw\matches\metadata\match_25987.json","605","2026/07/13 15:39:50"
"C:\Users\81805\toto-edge-git\ml\player_engine\data\raw\matches\metadata\match_25988.json","605","2026/07/13 15:39:53"
"C:\Users\81805\toto-edge-git\ml\player_engine\data\raw\matches\metadata\match_25989.json","605","2026/07/13 15:39:55"
"C:\Users\81805\toto-edge-git\ml\player_engine\data\raw\matches\metadata\match_25990.json","605","2026/07/13 15:39:57"
"C:\Users\81805\toto-edge-git\ml\player_engine\data\raw\matches\metadata\match_25991.json","605","2026/07/13 15:39:59"
"C:\Users\81805\toto-edge-git\ml\player_engine\data\raw\matches\metadata\match_25992.json","605","2026/07/13 15:40:01"
"C:\Users\81805\toto-edge-git\ml\player_engine\data\raw\matches\metadata\match_25993.json","605","2026/07/13 15:40:03"
"C:\Users\81805\toto-edge-git\ml\player_engine\data\raw\matches\metadata\match_25994.json","605","2026/07/13 15:40:06"
"C:\Users\81805\toto-edge-git\ml\player_engine\data\raw\matches\metadata\match_25995.json","605","2026/07/13 15:40:08"
"C:\Users\81805\toto-edge-git\ml\player_engine\data\raw\matches\metadata\match_25996.json","605","2026/07/13 15:40:10"
"C:\Users\81805\toto-edge-git\ml\player_engine\data\raw\matches\metadata\match_25997.json","605","2026/07/13 15:40:12"
"C:\Users\81805\toto-edge-git\ml\player_engine\data\raw\matches\metadata\match_25998.json","605","2026/07/13 15:40:14"
"C:\Users\81805\toto-edge-git\ml\player_engine\data\raw\matches\metadata\match_25999.json","605","2026/07/13 15:40:16"
"C:\Users\81805\toto-edge-git\ml\player_engine\data\raw\matches\metadata\match_26000.json","605","2026/07/13 15:40:18"
"C:\Users\81805\toto-edge-git\ml\player_engine\data\raw\matches\metadata\match_26001.json","605","2026/07/13 15:40:20"
"C:\Users\81805\toto-edge-git\ml\player_engine\data\raw\matches\metadata\match_26002.json","605","2026/07/13 15:40:23"
"C:\Users\81805\toto-edge-git\ml\player_engine\data\raw\matches\metadata\match_26003.json","605","2026/07/13 15:40:25"
"C:\Users\81805\toto-edge-git\ml\player_engine\data\raw\matches\metadata\match_26004.json","605","2026/07/13 15:40:27"
"C:\Users\81805\toto-edge-git\ml\player_engine\data\raw\matches\metadata\match_26005.json","605","2026/07/13 15:40:29"
"C:\Users\81805\toto-edge-git\ml\player_engine\data\raw\matches\metadata\match_26006.json","605","2026/07/13 15:40:31"
"C:\Users\81805\toto-edge-git\ml\player_engine\data\raw\matches\metadata\match_26007.json","605","2026/07/13 15:40:33"
"C:\Users\81805\toto-edge-git\ml\player_engine\data\raw\matches\metadata\match_26008.json","605","2026/07/13 15:40:35"
"C:\Users\81805\toto-edge-git\ml\player_engine\data\raw\matches\metadata\match_26009.json","605","2026/07/13 15:40:38"
"C:\Users\81805\toto-edge-git\ml\player_engine\data\raw\matches\metadata\match_26010.json","605","2026/07/13 15:40:40"
"C:\Users\81805\toto-edge-git\ml\player_engine\data\raw\matches\metadata\match_26011.json","605","2026/07/13 15:40:42"
"C:\Users\81805\toto-edge-git\ml\player_engine\data\raw\matches\metadata\match_26012.json","605","2026/07/13 15:40:44"
"C:\Users\81805\toto-edge-git\ml\player_engine\data\raw\matches\metadata\match_26013.json","605","2026/07/13 15:40:46"
"C:\Users\81805\toto-edge-git\ml\player_engine\data\raw\matches\metadata\match_26014.json","605","2026/07/13 15:40:48"
"C:\Users\81805\toto-edge-git\ml\player_engine\data\raw\matches\metadata\match_26015.json","605","2026/07/13 15:40:50"
"C:\Users\81805\toto-edge-git\ml\player_engine\data\raw\matches\metadata\match_26016.json","605","2026/07/13 15:40:53"
"C:\Users\81805\toto-edge-git\ml\player_engine\data\raw\matches\metadata\match_26017.json","605","2026/07/13 15:40:55"
"C:\Users\81805\toto-edge-git\ml\player_engine\data\raw\matches\metadata\match_26018.json","605","2026/07/13 15:40:57"
"C:\Users\81805\toto-edge-git\ml\player_engine\data\raw\matches\metadata\match_26019.json","605","2026/07/13 15:40:59"
"C:\Users\81805\toto-edge-git\ml\player_engine\data\raw\matches\metadata\match_26020.json","605","2026/07/13 15:41:01"
"C:\Users\81805\toto-edge-git\ml\player_engine\data\raw\matches\metadata\match_26021.json","605","2026/07/13 15:41:03"
"C:\Users\81805\toto-edge-git\ml\player_engine\data\raw\matches\metadata\match_26022.json","605","2026/07/13 15:41:05"
"C:\Users\81805\toto-edge-git\ml\player_engine\data\raw\matches\metadata\match_26023.json","605","2026/07/13 15:41:08"
"C:\Users\81805\toto-edge-git\ml\player_engine\data\raw\matches\metadata\match_26024.json","605","2026/07/13 15:41:10"
"C:\Users\81805\toto-edge-git\ml\player_engine\data\raw\matches\metadata\match_26025.json","605","2026/07/13 15:41:12"
"C:\Users\81805\toto-edge-git\ml\player_engine\data\raw\matches\metadata\match_26512.json","605","2026/07/13 15:41:13"
"C:\Users\81805\toto-edge-git\ml\player_engine\data\raw\matches\metadata\match_26513.json","605","2026/07/13 15:41:15"
"C:\Users\81805\toto-edge-git\ml\player_engine\data\raw\matches\metadata\match_26514.json","605","2026/07/13 15:41:17"
"C:\Users\81805\toto-edge-git\ml\player_engine\data\raw\matches\metadata\match_26515.json","605","2026/07/13 15:41:20"
"C:\Users\81805\toto-edge-git\ml\player_engine\data\raw\matches\metadata\match_26516.json","605","2026/07/13 15:41:22"
"C:\Users\81805\toto-edge-git\ml\player_engine\data\raw\matches\metadata\match_26517.json","605","2026/07/13 15:41:24"
"C:\Users\81805\toto-edge-git\ml\player_engine\data\raw\matches\metadata\match_26518.json","605","2026/07/13 15:41:26"
"C:\Users\81805\toto-edge-git\ml\player_engine\data\raw\matches\metadata\match_26519.json","605","2026/07/13 15:41:28"
"C:\Users\81805\toto-edge-git\ml\player_engine\data\raw\matches\metadata\match_26520.json","605","2026/07/13 15:41:30"
"C:\Users\81805\toto-edge-git\ml\player_engine\data\raw\matches\metadata\match_26521.json","605","2026/07/13 15:41:32"
"C:\Users\81805\toto-edge-git\ml\player_engine\data\raw\matches\metadata\match_26522.json","605","2026/07/13 15:41:34"
"C:\Users\81805\toto-edge-git\ml\player_engine\data\raw\matches\metadata\match_26523.json","605","2026/07/13 15:41:37"
"C:\Users\81805\toto-edge-git\ml\player_engine\data\raw\matches\metadata\match_26524.json","605","2026/07/13 15:41:39"
"C:\Users\81805\toto-edge-git\ml\player_engine\data\raw\matches\metadata\match_26525.json","605","2026/07/13 15:41:41"
"C:\Users\81805\toto-edge-git\ml\player_engine\data\raw\matches\metadata\match_26526.json","605","2026/07/13 15:41:43"
"C:\Users\81805\toto-edge-git\ml\player_engine\data\raw\matches\metadata\match_26527.json","605","2026/07/13 15:41:45"
"C:\Users\81805\toto-edge-git\ml\player_engine\data\raw\matches\metadata\match_26528.json","605","2026/07/13 15:41:47"
"C:\Users\81805\toto-edge-git\ml\player_engine\data\raw\matches\metadata\match_26529.json","605","2026/07/13 15:41:49"
"C:\Users\81805\toto-edge-git\ml\player_engine\data\raw\matches\metadata\match_26530.json","605","2026/07/13 15:41:51"
"C:\Users\81805\toto-edge-git\ml\player_engine\data\raw\matches\metadata\match_26531.json","605","2026/07/13 15:41:54"
"C:\Users\81805\toto-edge-git\ml\player_engine\data\raw\matches\metadata\match_26532.json","605","2026/07/13 15:41:56"
"C:\Users\81805\toto-edge-git\ml\player_engine\data\raw\matches\metadata\match_26533.json","605","2026/07/13 15:41:58"
"C:\Users\81805\toto-edge-git\ml\player_engine\data\raw\matches\metadata\match_26534.json","605","2026/07/13 15:42:00"
"C:\Users\81805\toto-edge-git\ml\player_engine\data\raw\matches\metadata\match_26535.json","605","2026/07/13 15:42:02"
"C:\Users\81805\toto-edge-git\ml\player_engine\data\raw\matches\metadata\match_26536.json","605","2026/07/13 15:42:04"
"C:\Users\81805\toto-edge-git\ml\player_engine\data\raw\matches\metadata\match_26537.json","605","2026/07/13 15:42:06"
"C:\Users\81805\toto-edge-git\ml\player_engine\data\raw\matches\metadata\match_26538.json","605","2026/07/13 15:42:09"
"C:\Users\81805\toto-edge-git\ml\player_engine\data\raw\matches\metadata\match_26539.json","605","2026/07/13 15:42:11"
"C:\Users\81805\toto-edge-git\ml\player_engine\data\raw\matches\metadata\match_26540.json","605","2026/07/13 15:42:13"
"C:\Users\81805\toto-edge-git\ml\player_engine\data\raw\matches\metadata\match_26541.json","605","2026/07/13 15:42:15"
"C:\Users\81805\toto-edge-git\ml\player_engine\data\raw\matches\metadata\match_26542.json","605","2026/07/13 15:42:17"
"C:\Users\81805\toto-edge-git\ml\player_engine\data\raw\matches\metadata\match_26543.json","605","2026/07/13 15:42:19"
"C:\Users\81805\toto-edge-git\ml\player_engine\data\raw\matches\metadata\match_26544.json","605","2026/07/13 15:42:21"
"C:\Users\81805\toto-edge-git\ml\player_engine\data\raw\matches\metadata\match_26545.json","605","2026/07/13 15:42:23"
"C:\Users\81805\toto-edge-git\ml\player_engine\data\raw\matches\metadata\match_26546.json","605","2026/07/13 15:42:26"
"C:\Users\81805\toto-edge-git\ml\player_engine\data\raw\matches\metadata\match_26547.json","605","2026/07/13 15:42:28"
"C:\Users\81805\toto-edge-git\ml\player_engine\data\raw\matches\metadata\match_26548.json","605","2026/07/13 15:42:30"
"C:\Users\81805\toto-edge-git\ml\player_engine\data\raw\matches\metadata\match_26549.json","605","2026/07/13 15:42:32"
"C:\Users\81805\toto-edge-git\ml\player_engine\data\raw\matches\metadata\match_26550.json","605","2026/07/13 15:42:34"
"C:\Users\81805\toto-edge-git\ml\player_engine\data\raw\matches\metadata\match_26551.json","605","2026/07/13 15:42:36"
"C:\Users\81805\toto-edge-git\ml\player_engine\data\raw\matches\metadata\match_26552.json","605","2026/07/13 15:42:38"
"C:\Users\81805\toto-edge-git\ml\player_engine\data\raw\matches\metadata\match_26553.json","605","2026/07/13 15:42:40"
"C:\Users\81805\toto-edge-git\ml\player_engine\data\raw\matches\metadata\match_26554.json","605","2026/07/13 15:42:43"
"C:\Users\81805\toto-edge-git\ml\player_engine\data\raw\matches\metadata\match_26555.json","605","2026/07/13 15:42:45"
"C:\Users\81805\toto-edge-git\ml\player_engine\data\raw\matches\metadata\match_26556.json","605","2026/07/13 15:42:47"
"C:\Users\81805\toto-edge-git\ml\player_engine\data\raw\matches\metadata\match_26557.json","605","2026/07/13 15:42:49"
"C:\Users\81805\toto-edge-git\ml\player_engine\data\raw\matches\metadata\match_26558.json","605","2026/07/13 15:42:51"
"C:\Users\81805\toto-edge-git\ml\player_engine\data\raw\matches\metadata\match_26559.json","605","2026/07/13 15:42:53"
"C:\Users\81805\toto-edge-git\ml\player_engine\data\raw\matches\metadata\match_26560.json","605","2026/07/13 15:42:55"
"C:\Users\81805\toto-edge-git\ml\player_engine\data\raw\matches\metadata\match_26561.json","605","2026/07/13 15:42:57"
"C:\Users\81805\toto-edge-git\ml\player_engine\data\raw\matches\metadata\match_26562.json","605","2026/07/13 15:43:00"
"C:\Users\81805\toto-edge-git\ml\player_engine\data\raw\matches\metadata\match_26563.json","605","2026/07/13 15:43:02"
"C:\Users\81805\toto-edge-git\ml\player_engine\data\raw\matches\metadata\match_26564.json","605","2026/07/13 15:43:04"
"C:\Users\81805\toto-edge-git\ml\player_engine\data\raw\matches\metadata\match_26565.json","605","2026/07/13 15:43:06"
"C:\Users\81805\toto-edge-git\ml\player_engine\data\raw\matches\metadata\match_26566.json","605","2026/07/13 15:43:08"
"C:\Users\81805\toto-edge-git\ml\player_engine\data\raw\matches\metadata\match_26567.json","605","2026/07/13 15:43:10"
"C:\Users\81805\toto-edge-git\ml\player_engine\data\raw\matches\metadata\match_26568.json","605","2026/07/13 15:43:12"
"C:\Users\81805\toto-edge-git\ml\player_engine\data\raw\matches\metadata\match_26569.json","605","2026/07/13 15:43:15"
"C:\Users\81805\toto-edge-git\ml\player_engine\data\raw\matches\metadata\match_26570.json","605","2026/07/13 15:43:17"
"C:\Users\81805\toto-edge-git\ml\player_engine\data\raw\matches\metadata\match_26571.json","605","2026/07/13 15:43:19"
"C:\Users\81805\toto-edge-git\ml\player_engine\data\raw\matches\metadata\match_26572.json","605","2026/07/13 15:43:21"
"C:\Users\81805\toto-edge-git\ml\player_engine\data\raw\matches\metadata\match_26573.json","605","2026/07/13 15:43:23"
"C:\Users\81805\toto-edge-git\ml\player_engine\data\raw\matches\metadata\match_26574.json","605","2026/07/13 15:43:25"
"C:\Users\81805\toto-edge-git\ml\player_engine\data\raw\matches\metadata\match_26575.json","605","2026/07/13 15:43:27"
"C:\Users\81805\toto-edge-git\ml\player_engine\data\raw\matches\metadata\match_26576.json","605","2026/07/13 15:43:30"
"C:\Users\81805\toto-edge-git\ml\player_engine\data\raw\matches\metadata\match_26577.json","605","2026/07/13 15:43:32"
"C:\Users\81805\toto-edge-git\ml\player_engine\data\raw\matches\metadata\match_26578.json","605","2026/07/13 15:43:34"
"C:\Users\81805\toto-edge-git\ml\player_engine\data\raw\matches\metadata\match_26579.json","605","2026/07/13 15:43:36"
"C:\Users\81805\toto-edge-git\ml\player_engine\data\raw\matches\metadata\match_26580.json","605","2026/07/13 15:43:38"
"C:\Users\81805\toto-edge-git\ml\player_engine\data\raw\matches\metadata\match_26581.json","605","2026/07/13 15:43:40"
"C:\Users\81805\toto-edge-git\ml\player_engine\data\raw\matches\metadata\match_26582.json","605","2026/07/13 15:43:42"
"C:\Users\81805\toto-edge-git\ml\player_engine\data\raw\matches\metadata\match_26583.json","605","2026/07/13 15:43:44"
"C:\Users\81805\toto-edge-git\ml\player_engine\data\raw\matches\metadata\match_26584.json","605","2026/07/13 15:43:46"
"C:\Users\81805\toto-edge-git\ml\player_engine\data\raw\matches\metadata\match_26585.json","605","2026/07/13 15:43:49"
"C:\Users\81805\toto-edge-git\ml\player_engine\data\raw\matches\metadata\match_26586.json","605","2026/07/13 15:43:51"
"C:\Users\81805\toto-edge-git\ml\player_engine\data\raw\matches\metadata\match_26587.json","605","2026/07/13 15:43:53"
"C:\Users\81805\toto-edge-git\ml\player_engine\data\raw\matches\metadata\match_26588.json","605","2026/07/13 15:43:55"
"C:\Users\81805\toto-edge-git\ml\player_engine\data\raw\matches\metadata\match_26589.json","605","2026/07/13 15:43:57"
"C:\Users\81805\toto-edge-git\ml\player_engine\data\raw\matches\metadata\match_26590.json","605","2026/07/13 15:43:59"
"C:\Users\81805\toto-edge-git\ml\player_engine\data\raw\matches\metadata\match_26591.json","605","2026/07/13 15:44:02"
"C:\Users\81805\toto-edge-git\ml\player_engine\data\raw\matches\metadata\match_26592.json","605","2026/07/13 15:44:04"
"C:\Users\81805\toto-edge-git\ml\player_engine\data\raw\matches\metadata\match_26593.json","605","2026/07/13 15:44:06"
"C:\Users\81805\toto-edge-git\ml\player_engine\data\raw\matches\metadata\match_26594.json","605","2026/07/13 15:44:08"
"C:\Users\81805\toto-edge-git\ml\player_engine\data\raw\matches\metadata\match_26595.json","605","2026/07/13 15:44:10"
"C:\Users\81805\toto-edge-git\ml\player_engine\data\raw\matches\metadata\match_26596.json","605","2026/07/13 15:44:12"
"C:\Users\81805\toto-edge-git\ml\player_engine\data\raw\matches\metadata\match_26597.json","605","2026/07/13 15:44:14"
"C:\Users\81805\toto-edge-git\ml\player_engine\data\raw\matches\metadata\match_26598.json","605","2026/07/13 15:44:17"
"C:\Users\81805\toto-edge-git\ml\player_engine\data\raw\matches\metadata\match_26599.json","605","2026/07/13 15:44:19"
"C:\Users\81805\toto-edge-git\ml\player_engine\data\raw\matches\metadata\match_26600.json","605","2026/07/13 15:44:21"
"C:\Users\81805\toto-edge-git\ml\player_engine\data\raw\matches\metadata\match_26601.json","605","2026/07/13 15:44:23"
"C:\Users\81805\toto-edge-git\ml\player_engine\data\raw\matches\metadata\match_26602.json","605","2026/07/13 15:44:25"
"C:\Users\81805\toto-edge-git\ml\player_engine\data\raw\matches\metadata\match_26603.json","605","2026/07/13 15:44:27"
"C:\Users\81805\toto-edge-git\ml\player_engine\data\raw\matches\metadata\match_26604.json","605","2026/07/13 15:44:29"
"C:\Users\81805\toto-edge-git\ml\player_engine\data\raw\matches\metadata\match_26605.json","605","2026/07/13 15:44:32"
"C:\Users\81805\toto-edge-git\ml\player_engine\data\raw\matches\metadata\match_26606.json","605","2026/07/13 15:44:34"
"C:\Users\81805\toto-edge-git\ml\player_engine\data\raw\matches\metadata\match_26607.json","605","2026/07/13 15:44:36"
"C:\Users\81805\toto-edge-git\ml\player_engine\data\raw\matches\metadata\match_26608.json","605","2026/07/13 15:44:38"
"C:\Users\81805\toto-edge-git\ml\player_engine\data\raw\matches\metadata\match_26609.json","605","2026/07/13 15:44:40"
"C:\Users\81805\toto-edge-git\ml\player_engine\data\raw\matches\metadata\match_26610.json","605","2026/07/13 15:44:42"
"C:\Users\81805\toto-edge-git\ml\player_engine\data\raw\matches\metadata\match_26611.json","605","2026/07/13 15:44:44"
"C:\Users\81805\toto-edge-git\ml\player_engine\data\raw\matches\metadata\match_26612.json","605","2026/07/13 15:44:46"
"C:\Users\81805\toto-edge-git\ml\player_engine\data\raw\matches\metadata\match_26613.json","605","2026/07/13 15:44:48"
"C:\Users\81805\toto-edge-git\ml\player_engine\data\raw\matches\metadata\match_26614.json","605","2026/07/13 15:44:51"
"C:\Users\81805\toto-edge-git\ml\player_engine\data\raw\matches\metadata\match_26615.json","605","2026/07/13 15:44:53"
"C:\Users\81805\toto-edge-git\ml\player_engine\data\raw\matches\metadata\match_26616.json","605","2026/07/13 15:44:55"
"C:\Users\81805\toto-edge-git\ml\player_engine\data\raw\matches\metadata\match_26617.json","605","2026/07/13 15:44:57"
"C:\Users\81805\toto-edge-git\ml\player_engine\data\raw\matches\metadata\match_26618.json","605","2026/07/13 15:44:59"
"C:\Users\81805\toto-edge-git\ml\player_engine\data\raw\matches\metadata\match_26619.json","605","2026/07/13 15:45:01"
"C:\Users\81805\toto-edge-git\ml\player_engine\data\raw\matches\metadata\match_26620.json","605","2026/07/13 15:45:03"
"C:\Users\81805\toto-edge-git\ml\player_engine\data\raw\matches\metadata\match_26621.json","605","2026/07/13 15:45:06"
"C:\Users\81805\toto-edge-git\ml\player_engine\data\raw\matches\metadata\match_26622.json","605","2026/07/13 15:45:08"
"C:\Users\81805\toto-edge-git\ml\player_engine\data\raw\matches\metadata\match_26623.json","605","2026/07/13 15:45:10"
"C:\Users\81805\toto-edge-git\ml\player_engine\data\raw\matches\metadata\match_26624.json","605","2026/07/13 15:45:12"
"C:\Users\81805\toto-edge-git\ml\player_engine\data\raw\matches\metadata\match_26625.json","605","2026/07/13 15:45:14"
"C:\Users\81805\toto-edge-git\ml\player_engine\data\raw\matches\metadata\match_26626.json","605","2026/07/13 15:45:16"
"C:\Users\81805\toto-edge-git\ml\player_engine\data\raw\matches\metadata\match_26627.json","605","2026/07/13 15:45:18"
"C:\Users\81805\toto-edge-git\ml\player_engine\data\raw\matches\metadata\match_26628.json","605","2026/07/13 15:45:21"
"C:\Users\81805\toto-edge-git\ml\player_engine\data\raw\matches\metadata\match_26629.json","605","2026/07/13 15:45:23"
"C:\Users\81805\toto-edge-git\ml\player_engine\data\raw\matches\metadata\match_26630.json","605","2026/07/13 15:45:25"
"C:\Users\81805\toto-edge-git\ml\player_engine\data\raw\matches\metadata\match_26631.json","605","2026/07/13 15:45:27"
"C:\Users\81805\toto-edge-git\ml\player_engine\data\raw\matches\metadata\match_26632.json","605","2026/07/13 15:45:29"
"C:\Users\81805\toto-edge-git\ml\player_engine\data\raw\matches\metadata\match_26633.json","605","2026/07/13 15:45:31"
"C:\Users\81805\toto-edge-git\ml\player_engine\data\raw\matches\metadata\match_26634.json","605","2026/07/13 15:45:33"
"C:\Users\81805\toto-edge-git\ml\player_engine\data\raw\matches\metadata\match_26635.json","605","2026/07/13 15:45:36"
"C:\Users\81805\toto-edge-git\ml\player_engine\data\raw\matches\metadata\match_26636.json","605","2026/07/13 15:45:38"
"C:\Users\81805\toto-edge-git\ml\player_engine\data\raw\matches\metadata\match_26637.json","605","2026/07/13 15:45:40"
"C:\Users\81805\toto-edge-git\ml\player_engine\data\raw\matches\metadata\match_26638.json","605","2026/07/13 15:45:42"
"C:\Users\81805\toto-edge-git\ml\player_engine\data\raw\matches\metadata\match_26639.json","605","2026/07/13 15:45:44"
"C:\Users\81805\toto-edge-git\ml\player_engine\data\raw\matches\metadata\match_26640.json","605","2026/07/13 15:45:46"
"C:\Users\81805\toto-edge-git\ml\player_engine\data\raw\matches\metadata\match_26641.json","605","2026/07/13 15:45:48"
"C:\Users\81805\toto-edge-git\ml\player_engine\data\raw\matches\metadata\match_26642.json","605","2026/07/13 15:45:50"
"C:\Users\81805\toto-edge-git\ml\player_engine\data\raw\matches\metadata\match_26643.json","605","2026/07/13 15:45:53"
"C:\Users\81805\toto-edge-git\ml\player_engine\data\raw\matches\metadata\match_26644.json","605","2026/07/13 15:45:55"
"C:\Users\81805\toto-edge-git\ml\player_engine\data\raw\matches\metadata\match_26645.json","605","2026/07/13 15:45:57"
"C:\Users\81805\toto-edge-git\ml\player_engine\data\raw\matches\metadata\match_26646.json","605","2026/07/13 15:45:59"
"C:\Users\81805\toto-edge-git\ml\player_engine\data\raw\matches\metadata\match_26647.json","605","2026/07/13 15:46:01"
"C:\Users\81805\toto-edge-git\ml\player_engine\data\raw\matches\metadata\match_26648.json","605","2026/07/13 15:46:03"
"C:\Users\81805\toto-edge-git\ml\player_engine\data\raw\matches\metadata\match_26649.json","605","2026/07/13 15:46:05"
"C:\Users\81805\toto-edge-git\ml\player_engine\data\raw\matches\metadata\match_26650.json","605","2026/07/13 15:46:08"
"C:\Users\81805\toto-edge-git\ml\player_engine\data\raw\matches\metadata\match_26651.json","605","2026/07/13 15:46:10"
"C:\Users\81805\toto-edge-git\ml\player_engine\data\raw\matches\metadata\match_26652.json","605","2026/07/13 15:46:12"
"C:\Users\81805\toto-edge-git\ml\player_engine\data\raw\matches\metadata\match_26653.json","605","2026/07/13 15:46:14"
"C:\Users\81805\toto-edge-git\ml\player_engine\data\raw\matches\metadata\match_26654.json","605","2026/07/13 15:46:16"
"C:\Users\81805\toto-edge-git\ml\player_engine\data\raw\matches\metadata\match_26655.json","605","2026/07/13 15:46:18"
"C:\Users\81805\toto-edge-git\ml\player_engine\data\raw\matches\metadata\match_26656.json","605","2026/07/13 15:46:20"
"C:\Users\81805\toto-edge-git\ml\player_engine\data\raw\matches\metadata\match_26657.json","605","2026/07/13 15:46:23"
"C:\Users\81805\toto-edge-git\ml\player_engine\data\raw\matches\metadata\match_26658.json","605","2026/07/13 15:46:25"
"C:\Users\81805\toto-edge-git\ml\player_engine\data\raw\matches\metadata\match_26659.json","605","2026/07/13 15:46:27"
"C:\Users\81805\toto-edge-git\ml\player_engine\data\raw\matches\metadata\match_26660.json","605","2026/07/13 15:46:29"
"C:\Users\81805\toto-edge-git\ml\player_engine\data\raw\matches\metadata\match_26661.json","605","2026/07/13 15:46:31"
"C:\Users\81805\toto-edge-git\ml\player_engine\data\raw\matches\metadata\match_26662.json","605","2026/07/13 15:46:33"
"C:\Users\81805\toto-edge-git\ml\player_engine\data\raw\matches\metadata\match_26663.json","605","2026/07/13 15:46:35"
"C:\Users\81805\toto-edge-git\ml\player_engine\data\raw\matches\metadata\match_26664.json","605","2026/07/13 15:46:37"
"C:\Users\81805\toto-edge-git\ml\player_engine\data\raw\matches\metadata\match_26665.json","605","2026/07/13 15:46:40"
"C:\Users\81805\toto-edge-git\ml\player_engine\data\raw\matches\metadata\match_26666.json","605","2026/07/13 15:46:42"
"C:\Users\81805\toto-edge-git\ml\player_engine\data\raw\matches\metadata\match_26667.json","605","2026/07/13 15:46:44"
"C:\Users\81805\toto-edge-git\ml\player_engine\data\raw\matches\metadata\match_26668.json","605","2026/07/13 15:46:46"
"C:\Users\81805\toto-edge-git\ml\player_engine\data\raw\matches\metadata\match_26669.json","605","2026/07/13 15:46:48"
"C:\Users\81805\toto-edge-git\ml\player_engine\data\raw\matches\metadata\match_26670.json","605","2026/07/13 15:46:50"
"C:\Users\81805\toto-edge-git\ml\player_engine\data\raw\matches\metadata\match_26671.json","605","2026/07/13 15:46:52"
"C:\Users\81805\toto-edge-git\ml\player_engine\data\raw\matches\metadata\match_26672.json","605","2026/07/13 15:46:54"
"C:\Users\81805\toto-edge-git\ml\player_engine\data\raw\matches\metadata\match_26673.json","605","2026/07/13 15:46:57"
"C:\Users\81805\toto-edge-git\ml\player_engine\data\raw\matches\metadata\match_26674.json","605","2026/07/13 15:46:59"
"C:\Users\81805\toto-edge-git\ml\player_engine\data\raw\matches\metadata\match_26675.json","605","2026/07/13 15:47:01"
"C:\Users\81805\toto-edge-git\ml\player_engine\data\raw\matches\metadata\match_26676.json","605","2026/07/13 15:47:03"
"C:\Users\81805\toto-edge-git\ml\player_engine\data\raw\matches\metadata\match_26677.json","605","2026/07/13 15:47:05"
"C:\Users\81805\toto-edge-git\ml\player_engine\data\raw\matches\metadata\match_26678.json","605","2026/07/13 15:47:07"
"C:\Users\81805\toto-edge-git\ml\player_engine\data\raw\matches\metadata\match_26679.json","605","2026/07/13 15:47:09"
"C:\Users\81805\toto-edge-git\ml\player_engine\data\raw\matches\metadata\match_26680.json","605","2026/07/13 15:47:11"
"C:\Users\81805\toto-edge-git\ml\player_engine\data\raw\matches\metadata\match_26681.json","605","2026/07/13 15:47:14"
"C:\Users\81805\toto-edge-git\ml\player_engine\data\raw\matches\metadata\match_26682.json","605","2026/07/13 15:47:16"
"C:\Users\81805\toto-edge-git\ml\player_engine\data\raw\matches\metadata\match_26683.json","605","2026/07/13 15:47:18"
"C:\Users\81805\toto-edge-git\ml\player_engine\data\raw\matches\metadata\match_26684.json","605","2026/07/13 15:47:20"
"C:\Users\81805\toto-edge-git\ml\player_engine\data\raw\matches\metadata\match_26685.json","605","2026/07/13 15:47:22"
"C:\Users\81805\toto-edge-git\ml\player_engine\data\raw\matches\metadata\match_26686.json","605","2026/07/13 15:47:24"
"C:\Users\81805\toto-edge-git\ml\player_engine\data\raw\matches\metadata\match_26687.json","605","2026/07/13 15:47:26"
"C:\Users\81805\toto-edge-git\ml\player_engine\data\raw\matches\metadata\match_26688.json","605","2026/07/13 15:47:29"
"C:\Users\81805\toto-edge-git\ml\player_engine\data\raw\matches\metadata\match_26689.json","605","2026/07/13 15:47:31"
"C:\Users\81805\toto-edge-git\ml\player_engine\data\raw\matches\metadata\match_26690.json","605","2026/07/13 15:47:33"
"C:\Users\81805\toto-edge-git\ml\player_engine\data\raw\matches\metadata\match_26691.json","605","2026/07/13 15:47:35"
"C:\Users\81805\toto-edge-git\ml\player_engine\data\raw\matches\metadata\match_26692.json","605","2026/07/13 15:47:37"
"C:\Users\81805\toto-edge-git\ml\player_engine\data\raw\matches\metadata\match_26693.json","605","2026/07/13 15:47:39"
"C:\Users\81805\toto-edge-git\ml\player_engine\data\raw\matches\metadata\match_26694.json","605","2026/07/13 15:47:41"
"C:\Users\81805\toto-edge-git\ml\player_engine\data\raw\matches\metadata\match_26695.json","605","2026/07/13 15:47:43"
"C:\Users\81805\toto-edge-git\ml\player_engine\data\raw\matches\metadata\match_26696.json","605","2026/07/13 15:47:46"
"C:\Users\81805\toto-edge-git\ml\player_engine\data\raw\matches\metadata\match_26697.json","605","2026/07/13 15:47:48"
"C:\Users\81805\toto-edge-git\ml\player_engine\data\raw\matches\metadata\match_26698.json","605","2026/07/13 15:47:50"
"C:\Users\81805\toto-edge-git\ml\player_engine\data\raw\matches\metadata\match_26699.json","605","2026/07/13 15:47:52"
"C:\Users\81805\toto-edge-git\ml\player_engine\data\raw\matches\metadata\match_26700.json","605","2026/07/13 15:47:54"
"C:\Users\81805\toto-edge-git\ml\player_engine\data\raw\matches\metadata\match_26701.json","605","2026/07/13 15:47:56"
"C:\Users\81805\toto-edge-git\ml\player_engine\data\raw\matches\metadata\match_26702.json","605","2026/07/13 15:47:58"
"C:\Users\81805\toto-edge-git\ml\player_engine\data\raw\matches\metadata\match_26703.json","605","2026/07/13 15:48:01"
"C:\Users\81805\toto-edge-git\ml\player_engine\data\raw\matches\metadata\match_26704.json","605","2026/07/13 15:48:03"
"C:\Users\81805\toto-edge-git\ml\player_engine\data\raw\matches\metadata\match_26705.json","605","2026/07/13 15:48:05"
"C:\Users\81805\toto-edge-git\ml\player_engine\data\raw\matches\metadata\match_26706.json","605","2026/07/13 15:48:07"
"C:\Users\81805\toto-edge-git\ml\player_engine\data\raw\matches\metadata\match_26707.json","605","2026/07/13 15:48:09"
"C:\Users\81805\toto-edge-git\ml\player_engine\data\raw\matches\metadata\match_26708.json","605","2026/07/13 15:48:11"
"C:\Users\81805\toto-edge-git\ml\player_engine\data\raw\matches\metadata\match_26709.json","605","2026/07/13 15:48:13"
"C:\Users\81805\toto-edge-git\ml\player_engine\data\raw\matches\metadata\match_26710.json","605","2026/07/13 15:48:16"
"C:\Users\81805\toto-edge-git\ml\player_engine\data\raw\matches\metadata\match_26711.json","605","2026/07/13 15:48:18"
"C:\Users\81805\toto-edge-git\ml\player_engine\data\raw\matches\metadata\match_26712.json","605","2026/07/13 15:48:20"
"C:\Users\81805\toto-edge-git\ml\player_engine\data\raw\matches\metadata\match_26713.json","605","2026/07/13 15:48:22"
"C:\Users\81805\toto-edge-git\ml\player_engine\data\raw\matches\metadata\match_26714.json","605","2026/07/13 15:48:24"
"C:\Users\81805\toto-edge-git\ml\player_engine\data\raw\matches\metadata\match_26715.json","605","2026/07/13 15:48:26"
"C:\Users\81805\toto-edge-git\ml\player_engine\data\raw\matches\metadata\match_26716.json","605","2026/07/13 15:48:28"
"C:\Users\81805\toto-edge-git\ml\player_engine\data\raw\matches\metadata\match_26717.json","605","2026/07/13 15:48:31"
"C:\Users\81805\toto-edge-git\ml\player_engine\data\raw\matches\metadata\match_26718.json","605","2026/07/13 15:48:33"
"C:\Users\81805\toto-edge-git\ml\player_engine\data\raw\matches\metadata\match_26719.json","605","2026/07/13 15:48:35"
"C:\Users\81805\toto-edge-git\ml\player_engine\data\raw\matches\metadata\match_26720.json","605","2026/07/13 15:48:37"
"C:\Users\81805\toto-edge-git\ml\player_engine\data\raw\matches\metadata\match_26721.json","605","2026/07/13 15:48:39"
"C:\Users\81805\toto-edge-git\ml\player_engine\data\raw\matches\metadata\match_26722.json","605","2026/07/13 15:48:41"
"C:\Users\81805\toto-edge-git\ml\player_engine\data\raw\matches\metadata\match_26723.json","605","2026/07/13 15:48:44"
"C:\Users\81805\toto-edge-git\ml\player_engine\data\raw\matches\metadata\match_26724.json","605","2026/07/13 15:48:47"
"C:\Users\81805\toto-edge-git\ml\player_engine\data\raw\matches\metadata\match_26725.json","605","2026/07/13 15:48:49"
"C:\Users\81805\toto-edge-git\ml\player_engine\data\raw\matches\metadata\match_26726.json","605","2026/07/13 15:48:51"
"C:\Users\81805\toto-edge-git\ml\player_engine\data\raw\matches\metadata\match_26727.json","605","2026/07/13 15:48:53"
"C:\Users\81805\toto-edge-git\ml\player_engine\data\raw\matches\metadata\match_26728.json","605","2026/07/13 15:48:55"
"C:\Users\81805\toto-edge-git\ml\player_engine\data\raw\matches\metadata\match_26729.json","605","2026/07/13 15:48:57"
"C:\Users\81805\toto-edge-git\ml\player_engine\data\raw\matches\metadata\match_26730.json","605","2026/07/13 15:48:59"
"C:\Users\81805\toto-edge-git\ml\player_engine\data\raw\matches\metadata\match_26731.json","605","2026/07/13 15:49:02"
"C:\Users\81805\toto-edge-git\ml\player_engine\data\raw\matches\metadata\match_26732.json","605","2026/07/13 15:49:04"
"C:\Users\81805\toto-edge-git\ml\player_engine\data\raw\matches\metadata\match_26733.json","605","2026/07/13 15:49:06"
"C:\Users\81805\toto-edge-git\ml\player_engine\data\raw\matches\metadata\match_26734.json","605","2026/07/13 15:49:08"
"C:\Users\81805\toto-edge-git\ml\player_engine\data\raw\matches\metadata\match_26735.json","605","2026/07/13 15:49:10"
"C:\Users\81805\toto-edge-git\ml\player_engine\data\raw\matches\metadata\match_26736.json","605","2026/07/13 15:49:12"
"C:\Users\81805\toto-edge-git\ml\player_engine\data\raw\matches\metadata\match_26737.json","605","2026/07/13 15:49:14"
"C:\Users\81805\toto-edge-git\ml\player_engine\data\raw\matches\metadata\match_26738.json","605","2026/07/13 15:49:17"
"C:\Users\81805\toto-edge-git\ml\player_engine\data\raw\matches\metadata\match_26739.json","605","2026/07/13 15:49:19"
"C:\Users\81805\toto-edge-git\ml\player_engine\data\raw\matches\metadata\match_26740.json","605","2026/07/13 15:49:21"
"C:\Users\81805\toto-edge-git\ml\player_engine\data\raw\matches\metadata\match_26741.json","605","2026/07/13 15:49:23"
"C:\Users\81805\toto-edge-git\ml\player_engine\data\raw\matches\metadata\match_26742.json","605","2026/07/13 15:49:25"
"C:\Users\81805\toto-edge-git\ml\player_engine\data\raw\matches\metadata\match_26743.json","605","2026/07/13 15:49:27"
"C:\Users\81805\toto-edge-git\ml\player_engine\data\raw\matches\metadata\match_26744.json","605","2026/07/13 15:49:29"
"C:\Users\81805\toto-edge-git\ml\player_engine\data\raw\matches\metadata\match_26745.json","605","2026/07/13 15:49:31"
"C:\Users\81805\toto-edge-git\ml\player_engine\data\raw\matches\metadata\match_26746.json","605","2026/07/13 15:49:34"
"C:\Users\81805\toto-edge-git\ml\player_engine\data\raw\matches\metadata\match_26747.json","605","2026/07/13 15:49:36"
"C:\Users\81805\toto-edge-git\ml\player_engine\data\raw\matches\metadata\match_26748.json","605","2026/07/13 15:49:38"
"C:\Users\81805\toto-edge-git\ml\player_engine\data\raw\matches\metadata\match_26749.json","605","2026/07/13 15:49:40"
"C:\Users\81805\toto-edge-git\ml\player_engine\data\raw\matches\metadata\match_26750.json","605","2026/07/13 15:49:42"
"C:\Users\81805\toto-edge-git\ml\player_engine\data\raw\matches\metadata\match_26751.json","605","2026/07/13 15:49:44"
"C:\Users\81805\toto-edge-git\ml\player_engine\data\raw\matches\metadata\match_26752.json","605","2026/07/13 15:49:46"
"C:\Users\81805\toto-edge-git\ml\player_engine\data\raw\matches\metadata\match_26753.json","605","2026/07/13 15:49:48"
"C:\Users\81805\toto-edge-git\ml\player_engine\data\raw\matches\metadata\match_26754.json","605","2026/07/13 15:49:51"
"C:\Users\81805\toto-edge-git\ml\player_engine\data\raw\matches\metadata\match_26755.json","605","2026/07/13 15:49:53"
"C:\Users\81805\toto-edge-git\ml\player_engine\data\raw\matches\metadata\match_26756.json","605","2026/07/13 15:49:55"
"C:\Users\81805\toto-edge-git\ml\player_engine\data\raw\matches\metadata\match_26757.json","605","2026/07/13 15:49:57"
"C:\Users\81805\toto-edge-git\ml\player_engine\data\raw\matches\metadata\match_26758.json","605","2026/07/13 15:49:59"
"C:\Users\81805\toto-edge-git\ml\player_engine\data\raw\matches\metadata\match_26759.json","605","2026/07/13 15:50:01"
"C:\Users\81805\toto-edge-git\ml\player_engine\data\raw\matches\metadata\match_26760.json","605","2026/07/13 15:50:03"
"C:\Users\81805\toto-edge-git\ml\player_engine\data\raw\matches\metadata\match_26761.json","605","2026/07/13 15:50:05"
"C:\Users\81805\toto-edge-git\ml\player_engine\data\raw\matches\metadata\match_26762.json","605","2026/07/13 15:50:08"
"C:\Users\81805\toto-edge-git\ml\player_engine\data\raw\matches\metadata\match_26763.json","605","2026/07/13 15:50:10"
"C:\Users\81805\toto-edge-git\ml\player_engine\data\raw\matches\metadata\match_26764.json","605","2026/07/13 15:50:12"
"C:\Users\81805\toto-edge-git\ml\player_engine\data\raw\matches\metadata\match_26765.json","605","2026/07/13 15:50:14"
"C:\Users\81805\toto-edge-git\ml\player_engine\data\raw\matches\metadata\match_26766.json","605","2026/07/13 15:50:16"
"C:\Users\81805\toto-edge-git\ml\player_engine\data\raw\matches\metadata\match_26767.json","605","2026/07/13 15:50:18"
"C:\Users\81805\toto-edge-git\ml\player_engine\data\raw\matches\metadata\match_26768.json","605","2026/07/13 15:50:20"
"C:\Users\81805\toto-edge-git\ml\player_engine\data\raw\matches\metadata\match_26769.json","605","2026/07/13 15:50:23"
"C:\Users\81805\toto-edge-git\ml\player_engine\data\raw\matches\metadata\match_26770.json","605","2026/07/13 15:50:25"
"C:\Users\81805\toto-edge-git\ml\player_engine\data\raw\matches\metadata\match_26771.json","605","2026/07/13 15:50:27"
"C:\Users\81805\toto-edge-git\ml\player_engine\data\raw\matches\metadata\match_26772.json","605","2026/07/13 15:50:29"
"C:\Users\81805\toto-edge-git\ml\player_engine\data\raw\matches\metadata\match_26773.json","605","2026/07/13 15:50:31"
"C:\Users\81805\toto-edge-git\ml\player_engine\data\raw\matches\metadata\match_26774.json","605","2026/07/13 15:50:33"
"C:\Users\81805\toto-edge-git\ml\player_engine\data\raw\matches\metadata\match_26775.json","605","2026/07/13 15:50:35"
"C:\Users\81805\toto-edge-git\ml\player_engine\data\raw\matches\metadata\match_26776.json","605","2026/07/13 15:50:38"
"C:\Users\81805\toto-edge-git\ml\player_engine\data\raw\matches\metadata\match_26777.json","605","2026/07/13 15:50:41"
"C:\Users\81805\toto-edge-git\ml\player_engine\data\raw\matches\metadata\match_26778.json","605","2026/07/13 15:50:43"
"C:\Users\81805\toto-edge-git\ml\player_engine\data\raw\matches\metadata\match_26779.json","605","2026/07/13 15:50:45"
"C:\Users\81805\toto-edge-git\ml\player_engine\data\raw\matches\metadata\match_26780.json","605","2026/07/13 15:50:47"
"C:\Users\81805\toto-edge-git\ml\player_engine\data\raw\matches\metadata\match_26781.json","605","2026/07/13 15:50:49"
"C:\Users\81805\toto-edge-git\ml\player_engine\data\raw\matches\metadata\match_26782.json","605","2026/07/13 15:50:51"
"C:\Users\81805\toto-edge-git\ml\player_engine\data\raw\matches\metadata\match_26783.json","605","2026/07/13 15:50:53"
"C:\Users\81805\toto-edge-git\ml\player_engine\data\raw\matches\metadata\match_26784.json","605","2026/07/13 15:50:55"
"C:\Users\81805\toto-edge-git\ml\player_engine\data\raw\matches\metadata\match_26785.json","605","2026/07/13 15:50:58"
"C:\Users\81805\toto-edge-git\ml\player_engine\data\raw\matches\metadata\match_26786.json","605","2026/07/13 15:51:00"
"C:\Users\81805\toto-edge-git\ml\player_engine\data\raw\matches\metadata\match_26787.json","605","2026/07/13 15:51:02"
"C:\Users\81805\toto-edge-git\ml\player_engine\data\raw\matches\metadata\match_26788.json","605","2026/07/13 15:51:04"
"C:\Users\81805\toto-edge-git\ml\player_engine\data\raw\matches\metadata\match_26789.json","605","2026/07/13 15:51:06"
"C:\Users\81805\toto-edge-git\ml\player_engine\data\raw\matches\metadata\match_26790.json","605","2026/07/13 15:51:08"
"C:\Users\81805\toto-edge-git\ml\player_engine\data\raw\matches\metadata\match_26791.json","605","2026/07/13 15:51:10"
"C:\Users\81805\toto-edge-git\ml\player_engine\data\raw\matches\metadata\match_26792.json","605","2026/07/13 15:51:12"
"C:\Users\81805\toto-edge-git\ml\player_engine\data\raw\matches\metadata\match_26793.json","605","2026/07/13 15:51:15"
"C:\Users\81805\toto-edge-git\ml\player_engine\data\raw\matches\metadata\match_26794.json","605","2026/07/13 15:51:17"
"C:\Users\81805\toto-edge-git\ml\player_engine\data\raw\matches\metadata\match_26795.json","605","2026/07/13 15:51:19"
"C:\Users\81805\toto-edge-git\ml\player_engine\data\raw\matches\metadata\match_26796.json","605","2026/07/13 15:51:21"
"C:\Users\81805\toto-edge-git\ml\player_engine\data\raw\matches\metadata\match_26797.json","605","2026/07/13 15:51:23"
"C:\Users\81805\toto-edge-git\ml\player_engine\data\raw\matches\metadata\match_26798.json","605","2026/07/13 15:51:25"
"C:\Users\81805\toto-edge-git\ml\player_engine\data\raw\matches\metadata\match_26799.json","605","2026/07/13 15:51:27"
"C:\Users\81805\toto-edge-git\ml\player_engine\data\raw\matches\metadata\match_26800.json","605","2026/07/13 15:51:30"
"C:\Users\81805\toto-edge-git\ml\player_engine\data\raw\matches\metadata\match_26801.json","605","2026/07/13 15:51:32"
"C:\Users\81805\toto-edge-git\ml\player_engine\data\raw\matches\metadata\match_26802.json","605","2026/07/13 15:51:34"
"C:\Users\81805\toto-edge-git\ml\player_engine\data\raw\matches\metadata\match_26803.json","605","2026/07/13 15:51:36"
"C:\Users\81805\toto-edge-git\ml\player_engine\data\raw\matches\metadata\match_26804.json","605","2026/07/13 15:51:38"
"C:\Users\81805\toto-edge-git\ml\player_engine\data\raw\matches\metadata\match_26805.json","605","2026/07/13 15:51:40"
"C:\Users\81805\toto-edge-git\ml\player_engine\data\raw\matches\metadata\match_26806.json","605","2026/07/13 15:51:42"
"C:\Users\81805\toto-edge-git\ml\player_engine\data\raw\matches\metadata\match_26807.json","605","2026/07/13 15:51:44"
"C:\Users\81805\toto-edge-git\ml\player_engine\data\raw\matches\metadata\match_26808.json","605","2026/07/13 15:51:47"
"C:\Users\81805\toto-edge-git\ml\player_engine\data\raw\matches\metadata\match_26809.json","605","2026/07/13 15:51:49"
"C:\Users\81805\toto-edge-git\ml\player_engine\data\raw\matches\metadata\match_26810.json","605","2026/07/13 15:51:51"
"C:\Users\81805\toto-edge-git\ml\player_engine\data\raw\matches\metadata\match_26811.json","605","2026/07/13 15:51:53"
"C:\Users\81805\toto-edge-git\ml\player_engine\data\raw\matches\metadata\match_26812.json","605","2026/07/13 15:51:55"
"C:\Users\81805\toto-edge-git\ml\player_engine\data\raw\matches\metadata\match_26813.json","605","2026/07/13 15:51:57"
"C:\Users\81805\toto-edge-git\ml\player_engine\data\raw\matches\metadata\match_26814.json","605","2026/07/13 15:51:59"
"C:\Users\81805\toto-edge-git\ml\player_engine\data\raw\matches\metadata\match_26815.json","605","2026/07/13 15:52:01"
"C:\Users\81805\toto-edge-git\ml\player_engine\data\raw\matches\metadata\match_26816.json","605","2026/07/13 15:52:04"
"C:\Users\81805\toto-edge-git\ml\player_engine\data\raw\matches\metadata\match_26817.json","605","2026/07/13 15:52:06"
"C:\Users\81805\toto-edge-git\ml\player_engine\data\raw\matches\metadata\match_26818.json","605","2026/07/13 15:52:08"
"C:\Users\81805\toto-edge-git\ml\player_engine\data\raw\matches\metadata\match_26819.json","605","2026/07/13 15:52:10"
"C:\Users\81805\toto-edge-git\ml\player_engine\data\raw\matches\metadata\match_26820.json","605","2026/07/13 15:52:12"
"C:\Users\81805\toto-edge-git\ml\player_engine\data\raw\matches\metadata\match_26821.json","605","2026/07/13 15:52:14"
"C:\Users\81805\toto-edge-git\ml\player_engine\data\raw\matches\metadata\match_26822.json","605","2026/07/13 15:52:16"
"C:\Users\81805\toto-edge-git\ml\player_engine\data\raw\matches\metadata\match_26823.json","605","2026/07/13 15:52:18"
"C:\Users\81805\toto-edge-git\ml\player_engine\data\raw\matches\metadata\match_26824.json","605","2026/07/13 15:52:21"
"C:\Users\81805\toto-edge-git\ml\player_engine\data\raw\matches\metadata\match_26825.json","605","2026/07/13 15:52:23"
"C:\Users\81805\toto-edge-git\ml\player_engine\data\raw\matches\metadata\match_26826.json","605","2026/07/13 15:52:25"
"C:\Users\81805\toto-edge-git\ml\player_engine\data\raw\matches\metadata\match_26827.json","605","2026/07/13 15:52:27"
"C:\Users\81805\toto-edge-git\ml\player_engine\data\raw\matches\metadata\match_26828.json","605","2026/07/13 15:52:29"
"C:\Users\81805\toto-edge-git\ml\player_engine\data\raw\matches\metadata\match_26829.json","605","2026/07/13 15:52:31"
"C:\Users\81805\toto-edge-git\ml\player_engine\data\raw\matches\metadata\match_26830.json","605","2026/07/13 15:52:33"
"C:\Users\81805\toto-edge-git\ml\player_engine\data\raw\matches\metadata\match_26831.json","605","2026/07/13 15:52:36"
"C:\Users\81805\toto-edge-git\ml\player_engine\data\raw\matches\metadata\match_26832.json","605","2026/07/13 15:52:38"
"C:\Users\81805\toto-edge-git\ml\player_engine\data\raw\matches\metadata\match_26833.json","605","2026/07/13 15:52:40"
"C:\Users\81805\toto-edge-git\ml\player_engine\data\raw\matches\metadata\match_26834.json","605","2026/07/13 15:52:42"
"C:\Users\81805\toto-edge-git\ml\player_engine\data\raw\matches\metadata\match_26835.json","605","2026/07/13 15:52:44"
"C:\Users\81805\toto-edge-git\ml\player_engine\data\raw\matches\metadata\match_26836.json","605","2026/07/13 15:52:46"
"C:\Users\81805\toto-edge-git\ml\player_engine\data\raw\matches\metadata\match_26837.json","605","2026/07/13 15:52:48"
"C:\Users\81805\toto-edge-git\ml\player_engine\data\raw\matches\metadata\match_26838.json","605","2026/07/13 15:52:51"
"C:\Users\81805\toto-edge-git\ml\player_engine\data\raw\matches\metadata\match_26839.json","605","2026/07/13 15:52:53"
"C:\Users\81805\toto-edge-git\ml\player_engine\data\raw\matches\metadata\match_26840.json","605","2026/07/13 15:52:55"
"C:\Users\81805\toto-edge-git\ml\player_engine\data\raw\matches\metadata\match_26841.json","605","2026/07/13 15:52:57"
"C:\Users\81805\toto-edge-git\ml\player_engine\data\raw\matches\metadata\match_26842.json","605","2026/07/13 15:52:59"
"C:\Users\81805\toto-edge-git\ml\player_engine\data\raw\matches\metadata\match_26843.json","605","2026/07/13 15:53:01"
"C:\Users\81805\toto-edge-git\ml\player_engine\data\raw\matches\metadata\match_26844.json","605","2026/07/13 15:53:03"
"C:\Users\81805\toto-edge-git\ml\player_engine\data\raw\matches\metadata\match_26845.json","605","2026/07/13 15:53:06"
"C:\Users\81805\toto-edge-git\ml\player_engine\data\raw\matches\metadata\match_26846.json","605","2026/07/13 15:53:08"
"C:\Users\81805\toto-edge-git\ml\player_engine\data\raw\matches\metadata\match_26847.json","605","2026/07/13 15:53:10"
"C:\Users\81805\toto-edge-git\ml\player_engine\data\raw\matches\metadata\match_26848.json","605","2026/07/13 15:53:12"
"C:\Users\81805\toto-edge-git\ml\player_engine\data\raw\matches\metadata\match_26849.json","605","2026/07/13 15:53:14"
"C:\Users\81805\toto-edge-git\ml\player_engine\data\raw\matches\metadata\match_26850.json","605","2026/07/13 15:53:16"
"C:\Users\81805\toto-edge-git\ml\player_engine\data\raw\matches\metadata\match_26851.json","605","2026/07/13 15:53:18"
"C:\Users\81805\toto-edge-git\ml\player_engine\data\raw\matches\metadata\match_26852.json","605","2026/07/13 15:53:20"
"C:\Users\81805\toto-edge-git\ml\player_engine\data\raw\matches\metadata\match_26853.json","605","2026/07/13 15:53:23"
"C:\Users\81805\toto-edge-git\ml\player_engine\data\raw\matches\metadata\match_26854.json","605","2026/07/13 15:53:25"
"C:\Users\81805\toto-edge-git\ml\player_engine\data\raw\matches\metadata\match_26855.json","605","2026/07/13 15:53:27"
"C:\Users\81805\toto-edge-git\ml\player_engine\data\raw\matches\metadata\match_26856.json","605","2026/07/13 15:53:29"
"C:\Users\81805\toto-edge-git\ml\player_engine\data\raw\matches\metadata\match_26857.json","605","2026/07/13 15:53:31"
"C:\Users\81805\toto-edge-git\ml\player_engine\data\raw\matches\metadata\match_26858.json","605","2026/07/13 15:53:33"
"C:\Users\81805\toto-edge-git\ml\player_engine\data\raw\matches\metadata\match_26859.json","605","2026/07/13 15:53:35"
"C:\Users\81805\toto-edge-git\ml\player_engine\data\raw\matches\metadata\match_26860.json","605","2026/07/13 15:53:38"
"C:\Users\81805\toto-edge-git\ml\player_engine\data\raw\matches\metadata\match_26861.json","605","2026/07/13 15:53:40"
"C:\Users\81805\toto-edge-git\ml\player_engine\data\raw\matches\metadata\match_26862.json","605","2026/07/13 15:53:42"
"C:\Users\81805\toto-edge-git\ml\player_engine\data\raw\matches\metadata\match_26863.json","605","2026/07/13 15:53:44"
"C:\Users\81805\toto-edge-git\ml\player_engine\data\raw\matches\metadata\match_26864.json","605","2026/07/13 15:53:46"
"C:\Users\81805\toto-edge-git\ml\player_engine\data\raw\matches\metadata\match_26865.json","605","2026/07/13 15:53:48"
"C:\Users\81805\toto-edge-git\ml\player_engine\data\raw\matches\metadata\match_26866.json","605","2026/07/13 15:53:50"
"C:\Users\81805\toto-edge-git\ml\player_engine\data\raw\matches\metadata\match_26867.json","605","2026/07/13 15:53:52"
"C:\Users\81805\toto-edge-git\ml\player_engine\data\raw\matches\metadata\match_26868.json","605","2026/07/13 15:53:55"
"C:\Users\81805\toto-edge-git\ml\player_engine\data\raw\matches\metadata\match_26869.json","605","2026/07/13 15:53:57"
"C:\Users\81805\toto-edge-git\ml\player_engine\data\raw\matches\metadata\match_26870.json","605","2026/07/13 15:53:59"
"C:\Users\81805\toto-edge-git\ml\player_engine\data\raw\matches\metadata\match_26871.json","605","2026/07/13 15:54:01"
"C:\Users\81805\toto-edge-git\ml\player_engine\data\raw\matches\metadata\match_26872.json","605","2026/07/13 15:54:03"
"C:\Users\81805\toto-edge-git\ml\player_engine\data\raw\matches\metadata\match_26873.json","605","2026/07/13 15:54:06"
"C:\Users\81805\toto-edge-git\ml\player_engine\data\raw\matches\metadata\match_26874.json","605","2026/07/13 15:54:08"
"C:\Users\81805\toto-edge-git\ml\player_engine\data\raw\matches\metadata\match_26875.json","605","2026/07/13 15:54:10"
"C:\Users\81805\toto-edge-git\ml\player_engine\data\raw\matches\metadata\match_26876.json","605","2026/07/13 15:54:12"
"C:\Users\81805\toto-edge-git\ml\player_engine\data\raw\matches\metadata\match_26877.json","605","2026/07/13 15:54:14"
"C:\Users\81805\toto-edge-git\ml\player_engine\data\raw\matches\metadata\match_26878.json","605","2026/07/13 15:54:16"
"C:\Users\81805\toto-edge-git\ml\player_engine\data\raw\matches\metadata\match_26879.json","605","2026/07/13 15:54:18"
"C:\Users\81805\toto-edge-git\ml\player_engine\data\raw\matches\metadata\match_26880.json","605","2026/07/13 15:54:21"
"C:\Users\81805\toto-edge-git\ml\player_engine\data\raw\matches\metadata\match_26881.json","605","2026/07/13 15:54:23"
"C:\Users\81805\toto-edge-git\ml\player_engine\data\raw\matches\metadata\match_26882.json","605","2026/07/13 15:54:25"
"C:\Users\81805\toto-edge-git\ml\player_engine\data\raw\matches\metadata\match_26883.json","605","2026/07/13 15:54:27"
"C:\Users\81805\toto-edge-git\ml\player_engine\data\raw\matches\metadata\match_26884.json","605","2026/07/13 15:54:29"
"C:\Users\81805\toto-edge-git\ml\player_engine\data\raw\matches\metadata\match_26885.json","605","2026/07/13 15:54:31"
"C:\Users\81805\toto-edge-git\ml\player_engine\data\raw\matches\metadata\match_26886.json","605","2026/07/13 15:54:33"
"C:\Users\81805\toto-edge-git\ml\player_engine\data\raw\matches\metadata\match_26887.json","605","2026/07/13 15:54:35"
"C:\Users\81805\toto-edge-git\ml\player_engine\data\raw\matches\metadata\match_26888.json","605","2026/07/13 15:54:38"
"C:\Users\81805\toto-edge-git\ml\player_engine\data\raw\matches\metadata\match_26889.json","605","2026/07/13 15:54:40"
"C:\Users\81805\toto-edge-git\ml\player_engine\data\raw\matches\metadata\match_26890.json","605","2026/07/13 15:54:42"
"C:\Users\81805\toto-edge-git\ml\player_engine\data\raw\matches\metadata\match_26891.json","605","2026/07/13 15:54:44"
"C:\Users\81805\toto-edge-git\ml\player_engine\data\raw\matches\metadata\match_26892.json","605","2026/07/13 15:54:46"
"C:\Users\81805\toto-edge-git\ml\player_engine\data\raw\matches\metadata\match_26893.json","605","2026/07/13 15:54:48"
"C:\Users\81805\toto-edge-git\ml\player_engine\data\raw\matches\metadata\match_26894.json","605","2026/07/13 15:54:50"
"C:\Users\81805\toto-edge-git\ml\player_engine\data\raw\matches\metadata\match_26895.json","605","2026/07/13 15:54:53"
"C:\Users\81805\toto-edge-git\ml\player_engine\data\raw\matches\metadata\match_26896.json","605","2026/07/13 15:54:55"
"C:\Users\81805\toto-edge-git\ml\player_engine\data\raw\matches\metadata\match_26897.json","605","2026/07/13 15:54:57"
"C:\Users\81805\toto-edge-git\ml\player_engine\data\raw\matches\metadata\match_26898.json","605","2026/07/13 15:54:59"
"C:\Users\81805\toto-edge-git\ml\player_engine\data\raw\matches\metadata\match_26899.json","605","2026/07/13 15:55:01"
"C:\Users\81805\toto-edge-git\ml\player_engine\data\raw\matches\metadata\match_26900.json","605","2026/07/13 15:55:03"
"C:\Users\81805\toto-edge-git\ml\player_engine\data\raw\matches\metadata\match_26901.json","605","2026/07/13 15:55:05"
"C:\Users\81805\toto-edge-git\ml\player_engine\data\raw\matches\metadata\match_26902.json","605","2026/07/13 15:55:08"
"C:\Users\81805\toto-edge-git\ml\player_engine\data\raw\matches\metadata\match_26903.json","605","2026/07/13 15:55:10"
"C:\Users\81805\toto-edge-git\ml\player_engine\data\raw\matches\metadata\match_26904.json","605","2026/07/13 15:55:12"
"C:\Users\81805\toto-edge-git\ml\player_engine\data\raw\matches\metadata\match_26905.json","605","2026/07/13 15:55:14"
"C:\Users\81805\toto-edge-git\ml\player_engine\data\raw\matches\metadata\match_26906.json","605","2026/07/13 15:55:16"
"C:\Users\81805\toto-edge-git\ml\player_engine\data\raw\matches\metadata\match_26907.json","605","2026/07/13 15:55:18"
"C:\Users\81805\toto-edge-git\ml\player_engine\data\raw\matches\metadata\match_26908.json","605","2026/07/13 15:55:20"
"C:\Users\81805\toto-edge-git\ml\player_engine\data\raw\matches\metadata\match_26909.json","605","2026/07/13 15:55:23"
"C:\Users\81805\toto-edge-git\ml\player_engine\data\raw\matches\metadata\match_26910.json","605","2026/07/13 15:55:25"
"C:\Users\81805\toto-edge-git\ml\player_engine\data\raw\matches\metadata\match_26911.json","605","2026/07/13 15:55:27"
"C:\Users\81805\toto-edge-git\ml\player_engine\data\raw\matches\metadata\match_26912.json","605","2026/07/13 15:55:29"
"C:\Users\81805\toto-edge-git\ml\player_engine\data\raw\matches\metadata\match_26913.json","605","2026/07/13 15:55:31"
"C:\Users\81805\toto-edge-git\ml\player_engine\data\raw\matches\metadata\match_26914.json","605","2026/07/13 15:55:33"
"C:\Users\81805\toto-edge-git\ml\player_engine\data\raw\matches\metadata\match_26915.json","605","2026/07/13 15:55:35"
"C:\Users\81805\toto-edge-git\ml\player_engine\data\raw\matches\metadata\match_26916.json","605","2026/07/13 15:55:38"
"C:\Users\81805\toto-edge-git\ml\player_engine\data\raw\matches\metadata\match_26917.json","605","2026/07/13 15:55:40"
"C:\Users\81805\toto-edge-git\ml\player_engine\data\raw\matches\metadata\match_26918.json","605","2026/07/13 15:55:42"
"C:\Users\81805\toto-edge-git\ml\player_engine\data\raw\matches\metadata\match_26919.json","605","2026/07/13 15:55:44"
"C:\Users\81805\toto-edge-git\ml\player_engine\data\raw\matches\metadata\match_26920.json","605","2026/07/13 15:55:46"
"C:\Users\81805\toto-edge-git\ml\player_engine\data\raw\matches\metadata\match_26921.json","605","2026/07/13 15:55:48"
"C:\Users\81805\toto-edge-git\ml\player_engine\data\raw\matches\metadata\match_26922.json","605","2026/07/13 15:55:50"
"C:\Users\81805\toto-edge-git\ml\player_engine\data\raw\matches\metadata\match_26923.json","605","2026/07/13 15:55:53"
"C:\Users\81805\toto-edge-git\ml\player_engine\data\raw\matches\metadata\match_26924.json","605","2026/07/13 15:55:55"
"C:\Users\81805\toto-edge-git\ml\player_engine\data\raw\matches\metadata\match_26925.json","605","2026/07/13 15:55:57"
"C:\Users\81805\toto-edge-git\ml\player_engine\data\raw\matches\metadata\match_26926.json","605","2026/07/13 15:55:59"
"C:\Users\81805\toto-edge-git\ml\player_engine\data\raw\matches\metadata\match_26927.json","605","2026/07/13 15:56:01"
"C:\Users\81805\toto-edge-git\ml\player_engine\data\raw\matches\metadata\match_26928.json","605","2026/07/13 15:56:03"
"C:\Users\81805\toto-edge-git\ml\player_engine\data\raw\matches\metadata\match_26929.json","605","2026/07/13 15:56:05"
"C:\Users\81805\toto-edge-git\ml\player_engine\data\raw\matches\metadata\match_26930.json","605","2026/07/13 15:56:08"
"C:\Users\81805\toto-edge-git\ml\player_engine\data\raw\matches\metadata\match_26931.json","605","2026/07/13 15:56:10"
"C:\Users\81805\toto-edge-git\ml\player_engine\data\raw\matches\metadata\match_26932.json","605","2026/07/13 15:56:12"
"C:\Users\81805\toto-edge-git\ml\player_engine\data\raw\matches\metadata\match_26933.json","605","2026/07/13 15:56:14"
"C:\Users\81805\toto-edge-git\ml\player_engine\data\raw\matches\metadata\match_26934.json","605","2026/07/13 15:56:16"
"C:\Users\81805\toto-edge-git\ml\player_engine\data\raw\matches\metadata\match_26935.json","605","2026/07/13 15:56:18"
"C:\Users\81805\toto-edge-git\ml\player_engine\data\raw\matches\metadata\match_26936.json","605","2026/07/13 15:56:20"
"C:\Users\81805\toto-edge-git\ml\player_engine\data\raw\matches\metadata\match_26937.json","605","2026/07/13 15:56:22"
"C:\Users\81805\toto-edge-git\ml\player_engine\data\raw\matches\metadata\match_26938.json","605","2026/07/13 15:56:25"
"C:\Users\81805\toto-edge-git\ml\player_engine\data\raw\matches\metadata\match_26939.json","605","2026/07/13 15:56:27"
"C:\Users\81805\toto-edge-git\ml\player_engine\data\raw\matches\metadata\match_26940.json","605","2026/07/13 15:56:29"
"C:\Users\81805\toto-edge-git\ml\player_engine\data\raw\matches\metadata\match_26941.json","605","2026/07/13 15:56:31"
"C:\Users\81805\toto-edge-git\ml\player_engine\data\raw\matches\metadata\match_26942.json","605","2026/07/13 15:56:33"
"C:\Users\81805\toto-edge-git\ml\player_engine\data\raw\matches\metadata\match_26943.json","605","2026/07/13 15:56:35"
"C:\Users\81805\toto-edge-git\ml\player_engine\data\raw\matches\metadata\match_26944.json","605","2026/07/13 15:56:38"
"C:\Users\81805\toto-edge-git\ml\player_engine\data\raw\matches\metadata\match_26945.json","605","2026/07/13 15:56:40"
"C:\Users\81805\toto-edge-git\ml\player_engine\data\raw\matches\metadata\match_26946.json","605","2026/07/13 15:56:42"
"C:\Users\81805\toto-edge-git\ml\player_engine\data\raw\matches\metadata\match_26947.json","605","2026/07/13 15:56:44"
"C:\Users\81805\toto-edge-git\ml\player_engine\data\raw\matches\metadata\match_26948.json","605","2026/07/13 15:56:46"
"C:\Users\81805\toto-edge-git\ml\player_engine\data\raw\matches\metadata\match_26949.json","605","2026/07/13 15:56:48"
"C:\Users\81805\toto-edge-git\ml\player_engine\data\raw\matches\metadata\match_26950.json","605","2026/07/13 15:56:50"
"C:\Users\81805\toto-edge-git\ml\player_engine\data\raw\matches\metadata\match_26951.json","605","2026/07/13 15:56:53"
"C:\Users\81805\toto-edge-git\ml\player_engine\data\raw\matches\metadata\match_26952.json","605","2026/07/13 15:56:55"
"C:\Users\81805\toto-edge-git\ml\player_engine\data\raw\matches\metadata\match_26953.json","605","2026/07/13 15:56:57"
"C:\Users\81805\toto-edge-git\ml\player_engine\data\raw\matches\metadata\match_26954.json","605","2026/07/13 15:56:59"
"C:\Users\81805\toto-edge-git\ml\player_engine\data\raw\matches\metadata\match_26955.json","605","2026/07/13 15:57:01"
"C:\Users\81805\toto-edge-git\ml\player_engine\data\raw\matches\metadata\match_26956.json","605","2026/07/13 15:57:05"
"C:\Users\81805\toto-edge-git\ml\player_engine\data\raw\matches\metadata\match_26957.json","605","2026/07/13 15:57:07"
"C:\Users\81805\toto-edge-git\ml\player_engine\data\raw\matches\metadata\match_26958.json","605","2026/07/13 15:57:09"
"C:\Users\81805\toto-edge-git\ml\player_engine\data\raw\matches\metadata\match_26959.json","605","2026/07/13 15:57:11"
"C:\Users\81805\toto-edge-git\ml\player_engine\data\raw\matches\metadata\match_26960.json","605","2026/07/13 15:57:13"
"C:\Users\81805\toto-edge-git\ml\player_engine\data\raw\matches\metadata\match_26961.json","605","2026/07/13 15:57:15"
"C:\Users\81805\toto-edge-git\ml\player_engine\data\raw\matches\metadata\match_26962.json","605","2026/07/13 15:57:17"
"C:\Users\81805\toto-edge-git\ml\player_engine\data\raw\matches\metadata\match_26963.json","605","2026/07/13 15:57:20"
"C:\Users\81805\toto-edge-git\ml\player_engine\data\raw\matches\metadata\match_26964.json","605","2026/07/13 15:57:22"
"C:\Users\81805\toto-edge-git\ml\player_engine\data\raw\matches\metadata\match_26965.json","605","2026/07/13 15:57:24"
"C:\Users\81805\toto-edge-git\ml\player_engine\data\raw\matches\metadata\match_26966.json","605","2026/07/13 15:57:26"
"C:\Users\81805\toto-edge-git\ml\player_engine\data\raw\matches\metadata\match_26967.json","605","2026/07/13 15:57:28"
"C:\Users\81805\toto-edge-git\ml\player_engine\data\raw\matches\metadata\match_26968.json","605","2026/07/13 15:57:30"
"C:\Users\81805\toto-edge-git\ml\player_engine\data\raw\matches\metadata\match_26969.json","605","2026/07/13 15:57:33"
"C:\Users\81805\toto-edge-git\ml\player_engine\data\raw\matches\metadata\match_26970.json","605","2026/07/13 15:57:36"
"C:\Users\81805\toto-edge-git\ml\player_engine\data\raw\matches\metadata\match_26971.json","605","2026/07/13 15:57:38"
"C:\Users\81805\toto-edge-git\ml\player_engine\data\raw\matches\metadata\match_26972.json","605","2026/07/13 15:57:40"
"C:\Users\81805\toto-edge-git\ml\player_engine\data\raw\matches\metadata\match_26973.json","605","2026/07/13 15:57:42"
"C:\Users\81805\toto-edge-git\ml\player_engine\data\raw\matches\metadata\match_26974.json","605","2026/07/13 15:57:44"
"C:\Users\81805\toto-edge-git\ml\player_engine\data\raw\matches\metadata\match_26975.json","605","2026/07/13 15:57:46"
"C:\Users\81805\toto-edge-git\ml\player_engine\data\raw\matches\metadata\match_26976.json","605","2026/07/13 15:57:48"
"C:\Users\81805\toto-edge-git\ml\player_engine\data\raw\matches\metadata\match_26977.json","605","2026/07/13 15:57:51"
"C:\Users\81805\toto-edge-git\ml\player_engine\data\raw\matches\metadata\match_26978.json","605","2026/07/13 15:57:53"
"C:\Users\81805\toto-edge-git\ml\player_engine\data\raw\matches\metadata\match_26979.json","605","2026/07/13 15:57:55"
"C:\Users\81805\toto-edge-git\ml\player_engine\data\raw\matches\metadata\match_26980.json","605","2026/07/13 15:57:57"
"C:\Users\81805\toto-edge-git\ml\player_engine\data\raw\matches\metadata\match_26981.json","605","2026/07/13 15:57:59"
"C:\Users\81805\toto-edge-git\ml\player_engine\data\raw\matches\metadata\match_26982.json","605","2026/07/13 15:58:01"
"C:\Users\81805\toto-edge-git\ml\player_engine\data\raw\matches\metadata\match_26983.json","605","2026/07/13 15:58:03"
"C:\Users\81805\toto-edge-git\ml\player_engine\data\raw\matches\metadata\match_26984.json","605","2026/07/13 15:58:06"
"C:\Users\81805\toto-edge-git\ml\player_engine\data\raw\matches\metadata\match_26985.json","605","2026/07/13 15:58:08"
"C:\Users\81805\toto-edge-git\ml\player_engine\data\raw\matches\metadata\match_26986.json","605","2026/07/13 15:58:10"
"C:\Users\81805\toto-edge-git\ml\player_engine\data\raw\matches\metadata\match_26987.json","605","2026/07/13 15:58:12"
"C:\Users\81805\toto-edge-git\ml\player_engine\data\raw\matches\metadata\match_26988.json","605","2026/07/13 15:58:14"
"C:\Users\81805\toto-edge-git\ml\player_engine\data\raw\matches\metadata\match_26989.json","605","2026/07/13 15:58:16"
"C:\Users\81805\toto-edge-git\ml\player_engine\data\raw\matches\metadata\match_26990.json","605","2026/07/13 15:58:18"
"C:\Users\81805\toto-edge-git\ml\player_engine\data\raw\matches\metadata\match_26991.json","605","2026/07/13 15:58:20"
"C:\Users\81805\toto-edge-git\ml\player_engine\data\raw\matches\metadata\match_26992.json","605","2026/07/13 15:58:23"
"C:\Users\81805\toto-edge-git\ml\player_engine\data\raw\matches\metadata\match_26993.json","605","2026/07/13 15:58:25"
"C:\Users\81805\toto-edge-git\ml\player_engine\data\raw\matches\metadata\match_26994.json","605","2026/07/13 15:58:27"
"C:\Users\81805\toto-edge-git\ml\player_engine\data\raw\matches\metadata\match_26995.json","605","2026/07/13 15:58:29"
"C:\Users\81805\toto-edge-git\ml\player_engine\data\raw\matches\metadata\match_26996.json","605","2026/07/13 15:58:31"
"C:\Users\81805\toto-edge-git\ml\player_engine\data\raw\matches\metadata\match_26997.json","605","2026/07/13 15:58:33"
"C:\Users\81805\toto-edge-git\ml\player_engine\data\raw\matches\metadata\match_26998.json","605","2026/07/13 15:58:35"
"C:\Users\81805\toto-edge-git\ml\player_engine\data\raw\matches\metadata\match_26999.json","605","2026/07/13 15:58:38"
"C:\Users\81805\toto-edge-git\ml\player_engine\data\raw\matches\metadata\match_27000.json","605","2026/07/13 15:58:40"
"C:\Users\81805\toto-edge-git\ml\player_engine\data\raw\matches\metadata\match_27001.json","605","2026/07/13 15:58:42"
"C:\Users\81805\toto-edge-git\ml\player_engine\data\raw\matches\metadata\match_27002.json","605","2026/07/13 15:58:44"
"C:\Users\81805\toto-edge-git\ml\player_engine\data\raw\matches\metadata\match_27003.json","605","2026/07/13 15:58:46"
"C:\Users\81805\toto-edge-git\ml\player_engine\data\raw\matches\metadata\match_27004.json","605","2026/07/13 15:58:48"
"C:\Users\81805\toto-edge-git\ml\player_engine\data\raw\matches\metadata\match_27005.json","605","2026/07/13 15:58:50"
"C:\Users\81805\toto-edge-git\ml\player_engine\data\raw\matches\metadata\match_27006.json","605","2026/07/13 15:58:53"
"C:\Users\81805\toto-edge-git\ml\player_engine\data\raw\matches\metadata\match_27007.json","605","2026/07/13 15:58:55"
"C:\Users\81805\toto-edge-git\ml\player_engine\data\raw\matches\metadata\match_27008.json","605","2026/07/13 15:58:57"
"C:\Users\81805\toto-edge-git\ml\player_engine\data\raw\matches\metadata\match_27009.json","605","2026/07/13 15:58:59"
"C:\Users\81805\toto-edge-git\ml\player_engine\data\raw\matches\metadata\match_27010.json","605","2026/07/13 15:59:01"
"C:\Users\81805\toto-edge-git\ml\player_engine\data\raw\matches\metadata\match_27011.json","605","2026/07/13 15:59:03"
"C:\Users\81805\toto-edge-git\ml\player_engine\data\raw\matches\metadata\match_27012.json","605","2026/07/13 15:59:05"
"C:\Users\81805\toto-edge-git\ml\player_engine\data\raw\matches\metadata\match_27013.json","605","2026/07/13 15:59:07"
"C:\Users\81805\toto-edge-git\ml\player_engine\data\raw\matches\metadata\match_27014.json","605","2026/07/13 15:59:10"
"C:\Users\81805\toto-edge-git\ml\player_engine\data\raw\matches\metadata\match_27015.json","605","2026/07/13 15:59:12"
"C:\Users\81805\toto-edge-git\ml\player_engine\data\raw\matches\metadata\match_27016.json","605","2026/07/13 15:59:14"
"C:\Users\81805\toto-edge-git\ml\player_engine\data\raw\matches\metadata\match_27017.json","605","2026/07/13 15:59:16"
"C:\Users\81805\toto-edge-git\ml\player_engine\data\raw\matches\metadata\match_27018.json","605","2026/07/13 15:59:18"
"C:\Users\81805\toto-edge-git\ml\player_engine\data\raw\matches\metadata\match_27019.json","605","2026/07/13 15:59:20"
"C:\Users\81805\toto-edge-git\ml\player_engine\data\raw\matches\metadata\match_27020.json","605","2026/07/13 15:59:22"
"C:\Users\81805\toto-edge-git\ml\player_engine\data\raw\matches\metadata\match_27021.json","605","2026/07/13 15:59:24"
"C:\Users\81805\toto-edge-git\ml\player_engine\data\raw\matches\metadata\match_27022.json","605","2026/07/13 15:59:27"
"C:\Users\81805\toto-edge-git\ml\player_engine\data\raw\matches\metadata\match_27023.json","605","2026/07/13 15:59:29"
"C:\Users\81805\toto-edge-git\ml\player_engine\data\raw\matches\metadata\match_27024.json","605","2026/07/13 15:59:31"
"C:\Users\81805\toto-edge-git\ml\player_engine\data\raw\matches\metadata\match_27025.json","605","2026/07/13 15:59:33"
"C:\Users\81805\toto-edge-git\ml\player_engine\data\raw\matches\metadata\match_27026.json","605","2026/07/13 15:59:35"
"C:\Users\81805\toto-edge-git\ml\player_engine\data\raw\matches\metadata\match_27027.json","605","2026/07/13 15:59:37"
"C:\Users\81805\toto-edge-git\ml\player_engine\data\raw\matches\metadata\match_27028.json","605","2026/07/13 15:59:39"
"C:\Users\81805\toto-edge-git\ml\player_engine\data\raw\matches\metadata\match_27029.json","605","2026/07/13 15:59:42"
"C:\Users\81805\toto-edge-git\ml\player_engine\data\raw\matches\metadata\match_27030.json","605","2026/07/13 15:59:44"
"C:\Users\81805\toto-edge-git\ml\player_engine\data\raw\matches\metadata\match_27031.json","605","2026/07/13 15:59:46"
"C:\Users\81805\toto-edge-git\ml\player_engine\data\raw\matches\metadata\match_27032.json","605","2026/07/13 15:59:48"
"C:\Users\81805\toto-edge-git\ml\player_engine\data\raw\matches\metadata\match_27033.json","605","2026/07/13 15:59:50"
"C:\Users\81805\toto-edge-git\ml\player_engine\data\raw\matches\metadata\match_27034.json","605","2026/07/13 15:59:52"
"C:\Users\81805\toto-edge-git\ml\player_engine\data\raw\matches\metadata\match_27035.json","605","2026/07/13 15:59:55"
"C:\Users\81805\toto-edge-git\ml\player_engine\data\raw\matches\metadata\match_27036.json","605","2026/07/13 15:59:57"
"C:\Users\81805\toto-edge-git\ml\player_engine\data\raw\matches\metadata\match_27037.json","605","2026/07/13 15:59:59"
"C:\Users\81805\toto-edge-git\ml\player_engine\data\raw\matches\metadata\match_27038.json","605","2026/07/13 16:00:01"
"C:\Users\81805\toto-edge-git\ml\player_engine\data\raw\matches\metadata\match_27039.json","605","2026/07/13 16:00:03"
"C:\Users\81805\toto-edge-git\ml\player_engine\data\raw\matches\metadata\match_27040.json","605","2026/07/13 16:00:05"
"C:\Users\81805\toto-edge-git\ml\player_engine\data\raw\matches\metadata\match_27041.json","605","2026/07/13 16:00:07"
"C:\Users\81805\toto-edge-git\ml\player_engine\data\raw\matches\metadata\match_27042.json","605","2026/07/13 16:00:10"
"C:\Users\81805\toto-edge-git\ml\player_engine\data\raw\matches\metadata\match_27043.json","605","2026/07/13 16:00:12"
"C:\Users\81805\toto-edge-git\ml\player_engine\data\raw\matches\metadata\match_27044.json","605","2026/07/13 16:00:14"
"C:\Users\81805\toto-edge-git\ml\player_engine\data\raw\matches\metadata\match_27045.json","605","2026/07/13 16:00:16"
"C:\Users\81805\toto-edge-git\ml\player_engine\data\raw\matches\metadata\match_27046.json","605","2026/07/13 16:00:18"
"C:\Users\81805\toto-edge-git\ml\player_engine\data\raw\matches\metadata\match_27047.json","605","2026/07/13 16:00:20"
"C:\Users\81805\toto-edge-git\ml\player_engine\data\raw\matches\metadata\match_27048.json","605","2026/07/13 16:00:22"
"C:\Users\81805\toto-edge-git\ml\player_engine\data\raw\matches\metadata\match_27049.json","605","2026/07/13 16:00:25"
"C:\Users\81805\toto-edge-git\ml\player_engine\data\raw\matches\metadata\match_27050.json","605","2026/07/13 16:00:27"
"C:\Users\81805\toto-edge-git\ml\player_engine\data\raw\matches\metadata\match_27051.json","605","2026/07/13 16:00:29"
"C:\Users\81805\toto-edge-git\ml\player_engine\data\raw\matches\metadata\match_27052.json","605","2026/07/13 16:00:31"
"C:\Users\81805\toto-edge-git\ml\player_engine\data\raw\matches\metadata\match_27053.json","605","2026/07/13 16:00:33"
"C:\Users\81805\toto-edge-git\ml\player_engine\data\raw\matches\metadata\match_27054.json","605","2026/07/13 16:00:35"
"C:\Users\81805\toto-edge-git\ml\player_engine\data\raw\matches\metadata\match_27055.json","605","2026/07/13 16:00:37"
"C:\Users\81805\toto-edge-git\ml\player_engine\data\raw\matches\metadata\match_27056.json","605","2026/07/13 16:00:39"
"C:\Users\81805\toto-edge-git\ml\player_engine\data\raw\matches\metadata\match_27057.json","605","2026/07/13 16:00:42"
"C:\Users\81805\toto-edge-git\ml\player_engine\data\raw\matches\metadata\match_27058.json","605","2026/07/13 16:00:44"
"C:\Users\81805\toto-edge-git\ml\player_engine\data\raw\matches\metadata\match_27059.json","605","2026/07/13 16:00:46"
"C:\Users\81805\toto-edge-git\ml\player_engine\data\raw\matches\metadata\match_27060.json","605","2026/07/13 16:00:48"
"C:\Users\81805\toto-edge-git\ml\player_engine\data\raw\matches\metadata\match_27061.json","605","2026/07/13 16:00:50"
"C:\Users\81805\toto-edge-git\ml\player_engine\data\raw\matches\metadata\match_27062.json","605","2026/07/13 16:00:52"
"C:\Users\81805\toto-edge-git\ml\player_engine\data\raw\matches\metadata\match_27063.json","605","2026/07/13 16:00:54"
"C:\Users\81805\toto-edge-git\ml\player_engine\data\raw\matches\metadata\match_27064.json","605","2026/07/13 16:00:57"
"C:\Users\81805\toto-edge-git\ml\player_engine\data\raw\matches\metadata\match_27065.json","605","2026/07/13 16:00:59"
"C:\Users\81805\toto-edge-git\ml\player_engine\data\raw\matches\metadata\match_27066.json","605","2026/07/13 16:01:01"
"C:\Users\81805\toto-edge-git\ml\player_engine\data\raw\matches\metadata\match_27067.json","605","2026/07/13 16:01:03"
"C:\Users\81805\toto-edge-git\ml\player_engine\data\raw\matches\metadata\match_27068.json","605","2026/07/13 16:01:05"
"C:\Users\81805\toto-edge-git\ml\player_engine\data\raw\matches\metadata\match_27069.json","605","2026/07/13 16:01:07"
"C:\Users\81805\toto-edge-git\ml\player_engine\data\raw\matches\metadata\match_27070.json","605","2026/07/13 16:01:09"
"C:\Users\81805\toto-edge-git\ml\player_engine\data\raw\matches\metadata\match_27071.json","605","2026/07/13 16:01:12"
"C:\Users\81805\toto-edge-git\ml\player_engine\data\raw\matches\metadata\match_27072.json","605","2026/07/13 16:01:14"
"C:\Users\81805\toto-edge-git\ml\player_engine\data\raw\matches\metadata\match_27073.json","605","2026/07/13 16:01:16"
"C:\Users\81805\toto-edge-git\ml\player_engine\data\raw\matches\metadata\match_27074.json","605","2026/07/13 16:01:18"
"C:\Users\81805\toto-edge-git\ml\player_engine\data\raw\matches\metadata\match_27075.json","605","2026/07/13 16:01:20"
"C:\Users\81805\toto-edge-git\ml\player_engine\data\raw\matches\metadata\match_27076.json","605","2026/07/13 16:01:22"
"C:\Users\81805\toto-edge-git\ml\player_engine\data\raw\matches\metadata\match_27077.json","605","2026/07/13 16:01:24"
"C:\Users\81805\toto-edge-git\ml\player_engine\data\raw\matches\metadata\match_27078.json","605","2026/07/13 16:01:27"
"C:\Users\81805\toto-edge-git\ml\player_engine\data\raw\matches\metadata\match_27079.json","605","2026/07/13 16:01:29"
"C:\Users\81805\toto-edge-git\ml\player_engine\data\raw\matches\metadata\match_27080.json","605","2026/07/13 16:01:31"
"C:\Users\81805\toto-edge-git\ml\player_engine\data\raw\matches\metadata\match_27081.json","605","2026/07/13 16:01:33"
"C:\Users\81805\toto-edge-git\ml\player_engine\data\raw\matches\metadata\match_27082.json","605","2026/07/13 16:01:35"
"C:\Users\81805\toto-edge-git\ml\player_engine\data\raw\matches\metadata\match_27083.json","605","2026/07/13 16:01:37"
"C:\Users\81805\toto-edge-git\ml\player_engine\data\raw\matches\metadata\match_27084.json","605","2026/07/13 16:01:39"
"C:\Users\81805\toto-edge-git\ml\player_engine\data\raw\matches\metadata\match_27085.json","605","2026/07/13 16:01:42"
"C:\Users\81805\toto-edge-git\ml\player_engine\data\raw\matches\metadata\match_27086.json","605","2026/07/13 16:01:44"
"C:\Users\81805\toto-edge-git\ml\player_engine\data\raw\matches\metadata\match_27087.json","605","2026/07/13 16:01:46"
"C:\Users\81805\toto-edge-git\ml\player_engine\data\raw\matches\metadata\match_27088.json","605","2026/07/13 16:01:48"
"C:\Users\81805\toto-edge-git\ml\player_engine\data\raw\matches\metadata\match_27089.json","605","2026/07/13 16:01:50"
"C:\Users\81805\toto-edge-git\ml\player_engine\data\raw\matches\metadata\match_27090.json","605","2026/07/13 16:01:52"
"C:\Users\81805\toto-edge-git\ml\player_engine\data\raw\matches\metadata\match_27091.json","605","2026/07/13 16:01:54"
"C:\Users\81805\toto-edge-git\ml\player_engine\data\raw\matches\metadata\match_27092.json","605","2026/07/13 16:01:57"
"C:\Users\81805\toto-edge-git\ml\player_engine\data\raw\matches\metadata\match_27093.json","605","2026/07/13 16:01:59"
"C:\Users\81805\toto-edge-git\ml\player_engine\data\raw\matches\metadata\match_27094.json","605","2026/07/13 16:02:01"
"C:\Users\81805\toto-edge-git\ml\player_engine\data\raw\matches\metadata\match_27095.json","605","2026/07/13 16:02:03"
"C:\Users\81805\toto-edge-git\ml\player_engine\data\raw\matches\metadata\match_27096.json","605","2026/07/13 16:02:05"
"C:\Users\81805\toto-edge-git\ml\player_engine\data\raw\matches\metadata\match_27097.json","605","2026/07/13 16:02:07"
"C:\Users\81805\toto-edge-git\ml\player_engine\data\raw\matches\metadata\match_27098.json","605","2026/07/13 16:02:09"
"C:\Users\81805\toto-edge-git\ml\player_engine\data\raw\matches\metadata\match_27099.json","605","2026/07/13 16:02:12"
"C:\Users\81805\toto-edge-git\ml\player_engine\data\raw\matches\metadata\match_27100.json","605","2026/07/13 16:02:14"
"C:\Users\81805\toto-edge-git\ml\player_engine\data\raw\matches\metadata\match_27101.json","605","2026/07/13 16:02:16"
"C:\Users\81805\toto-edge-git\ml\player_engine\data\raw\matches\metadata\match_27102.json","605","2026/07/13 16:02:18"
"C:\Users\81805\toto-edge-git\ml\player_engine\data\raw\matches\metadata\match_27103.json","605","2026/07/13 16:02:20"
"C:\Users\81805\toto-edge-git\ml\player_engine\data\raw\matches\metadata\match_27104.json","605","2026/07/13 16:02:22"
"C:\Users\81805\toto-edge-git\ml\player_engine\data\raw\matches\metadata\match_27105.json","605","2026/07/13 16:02:24"
"C:\Users\81805\toto-edge-git\ml\player_engine\data\raw\matches\metadata\match_27106.json","605","2026/07/13 16:02:27"
"C:\Users\81805\toto-edge-git\ml\player_engine\data\raw\matches\metadata\match_27107.json","605","2026/07/13 16:02:29"
"C:\Users\81805\toto-edge-git\ml\player_engine\data\raw\matches\metadata\match_27108.json","605","2026/07/13 16:02:31"
"C:\Users\81805\toto-edge-git\ml\player_engine\data\raw\matches\metadata\match_27109.json","605","2026/07/13 16:02:33"
"C:\Users\81805\toto-edge-git\ml\player_engine\data\raw\matches\metadata\match_27110.json","605","2026/07/13 16:02:35"
"C:\Users\81805\toto-edge-git\ml\player_engine\data\raw\matches\metadata\match_27111.json","605","2026/07/13 16:02:37"
"C:\Users\81805\toto-edge-git\ml\player_engine\data\raw\matches\metadata\match_27112.json","605","2026/07/13 16:02:39"
"C:\Users\81805\toto-edge-git\ml\player_engine\data\raw\matches\metadata\match_27113.json","605","2026/07/13 16:02:42"
"C:\Users\81805\toto-edge-git\ml\player_engine\data\raw\matches\metadata\match_27114.json","605","2026/07/13 16:02:44"
"C:\Users\81805\toto-edge-git\ml\player_engine\data\raw\matches\metadata\match_27115.json","605","2026/07/13 16:02:46"
"C:\Users\81805\toto-edge-git\ml\player_engine\data\raw\matches\metadata\match_27116.json","605","2026/07/13 16:02:48"
"C:\Users\81805\toto-edge-git\ml\player_engine\data\raw\matches\metadata\match_27117.json","605","2026/07/13 16:02:50"
"C:\Users\81805\toto-edge-git\ml\player_engine\data\raw\matches\metadata\match_27118.json","605","2026/07/13 16:02:52"
"C:\Users\81805\toto-edge-git\ml\player_engine\data\raw\matches\metadata\match_27119.json","605","2026/07/13 16:02:55"
"C:\Users\81805\toto-edge-git\ml\player_engine\data\raw\matches\metadata\match_27120.json","605","2026/07/13 16:02:57"
"C:\Users\81805\toto-edge-git\ml\player_engine\data\raw\matches\metadata\match_27121.json","605","2026/07/13 16:02:59"
"C:\Users\81805\toto-edge-git\ml\player_engine\data\raw\matches\metadata\match_27122.json","605","2026/07/13 16:03:01"
"C:\Users\81805\toto-edge-git\ml\player_engine\data\raw\matches\metadata\match_27123.json","605","2026/07/13 16:03:03"
"C:\Users\81805\toto-edge-git\ml\player_engine\data\raw\matches\metadata\match_27124.json","605","2026/07/13 16:03:05"
"C:\Users\81805\toto-edge-git\ml\player_engine\data\raw\matches\metadata\match_27125.json","605","2026/07/13 16:03:07"
"C:\Users\81805\toto-edge-git\ml\player_engine\data\raw\matches\metadata\match_27126.json","605","2026/07/13 16:03:09"
"C:\Users\81805\toto-edge-git\ml\player_engine\data\raw\matches\metadata\match_27127.json","605","2026/07/13 16:03:12"
"C:\Users\81805\toto-edge-git\ml\player_engine\data\raw\matches\metadata\match_27128.json","605","2026/07/13 16:03:14"
"C:\Users\81805\toto-edge-git\ml\player_engine\data\raw\matches\metadata\match_27129.json","605","2026/07/13 16:03:16"
"C:\Users\81805\toto-edge-git\ml\player_engine\data\raw\matches\metadata\match_27130.json","605","2026/07/13 16:03:18"
"C:\Users\81805\toto-edge-git\ml\player_engine\data\raw\matches\metadata\match_27131.json","605","2026/07/13 16:03:20"
"C:\Users\81805\toto-edge-git\ml\player_engine\data\raw\matches\metadata\match_27132.json","605","2026/07/13 16:03:22"
"C:\Users\81805\toto-edge-git\ml\player_engine\data\raw\matches\metadata\match_27133.json","605","2026/07/13 16:03:24"
"C:\Users\81805\toto-edge-git\ml\player_engine\data\raw\matches\metadata\match_27134.json","605","2026/07/13 16:03:26"
"C:\Users\81805\toto-edge-git\ml\player_engine\data\raw\matches\metadata\match_27135.json","605","2026/07/13 16:03:29"
"C:\Users\81805\toto-edge-git\ml\player_engine\data\raw\matches\metadata\match_27136.json","605","2026/07/13 16:03:31"
"C:\Users\81805\toto-edge-git\ml\player_engine\data\raw\matches\metadata\match_27137.json","605","2026/07/13 16:03:33"
"C:\Users\81805\toto-edge-git\ml\player_engine\data\raw\matches\metadata\match_27138.json","605","2026/07/13 16:03:35"
"C:\Users\81805\toto-edge-git\ml\player_engine\data\raw\matches\metadata\match_27139.json","605","2026/07/13 16:03:37"
"C:\Users\81805\toto-edge-git\ml\player_engine\data\raw\matches\metadata\match_27140.json","605","2026/07/13 16:03:39"
"C:\Users\81805\toto-edge-git\ml\player_engine\data\raw\matches\metadata\match_27141.json","605","2026/07/13 16:03:42"
"C:\Users\81805\toto-edge-git\ml\player_engine\data\raw\matches\metadata\match_27142.json","605","2026/07/13 16:03:44"
"C:\Users\81805\toto-edge-git\ml\player_engine\data\raw\matches\metadata\match_27143.json","605","2026/07/13 16:03:46"
"C:\Users\81805\toto-edge-git\ml\player_engine\data\raw\matches\metadata\match_27144.json","605","2026/07/13 16:03:48"
"C:\Users\81805\toto-edge-git\ml\player_engine\data\raw\matches\metadata\match_27145.json","605","2026/07/13 16:03:50"
"C:\Users\81805\toto-edge-git\ml\player_engine\data\raw\matches\metadata\match_27146.json","605","2026/07/13 16:03:52"
"C:\Users\81805\toto-edge-git\ml\player_engine\data\raw\matches\metadata\match_27147.json","605","2026/07/13 16:03:54"
"C:\Users\81805\toto-edge-git\ml\player_engine\data\raw\matches\metadata\match_27148.json","605","2026/07/13 16:03:57"
"C:\Users\81805\toto-edge-git\ml\player_engine\data\raw\matches\metadata\match_27149.json","605","2026/07/13 16:03:59"
"C:\Users\81805\toto-edge-git\ml\player_engine\data\raw\matches\metadata\match_27150.json","605","2026/07/13 16:04:01"
"C:\Users\81805\toto-edge-git\ml\player_engine\data\raw\matches\metadata\match_27151.json","605","2026/07/13 16:04:03"
"C:\Users\81805\toto-edge-git\ml\player_engine\data\raw\matches\metadata\match_27152.json","605","2026/07/13 16:04:05"
"C:\Users\81805\toto-edge-git\ml\player_engine\data\raw\matches\metadata\match_27153.json","605","2026/07/13 16:04:07"
"C:\Users\81805\toto-edge-git\ml\player_engine\data\raw\matches\metadata\match_27154.json","605","2026/07/13 16:04:09"
"C:\Users\81805\toto-edge-git\ml\player_engine\data\raw\matches\metadata\match_27155.json","605","2026/07/13 16:04:12"
"C:\Users\81805\toto-edge-git\ml\player_engine\data\raw\matches\metadata\match_27156.json","605","2026/07/13 16:04:14"
"C:\Users\81805\toto-edge-git\ml\player_engine\data\raw\matches\metadata\match_27157.json","605","2026/07/13 16:04:16"
"C:\Users\81805\toto-edge-git\ml\player_engine\data\raw\matches\metadata\match_27158.json","605","2026/07/13 16:04:18"
"C:\Users\81805\toto-edge-git\ml\player_engine\data\raw\matches\metadata\match_27159.json","605","2026/07/13 16:04:20"
"C:\Users\81805\toto-edge-git\ml\player_engine\data\raw\matches\metadata\match_27160.json","605","2026/07/13 16:04:22"
"C:\Users\81805\toto-edge-git\ml\player_engine\data\raw\matches\metadata\match_27161.json","605","2026/07/13 16:04:24"
"C:\Users\81805\toto-edge-git\ml\player_engine\data\raw\matches\metadata\match_27162.json","605","2026/07/13 16:04:27"
"C:\Users\81805\toto-edge-git\ml\player_engine\data\raw\matches\metadata\match_27163.json","605","2026/07/13 16:04:29"
"C:\Users\81805\toto-edge-git\ml\player_engine\data\raw\matches\metadata\match_27164.json","605","2026/07/13 16:04:31"
"C:\Users\81805\toto-edge-git\ml\player_engine\data\raw\matches\metadata\match_27165.json","605","2026/07/13 16:04:33"
"C:\Users\81805\toto-edge-git\ml\player_engine\data\raw\matches\metadata\match_27166.json","605","2026/07/13 16:04:35"
"C:\Users\81805\toto-edge-git\ml\player_engine\data\raw\matches\metadata\match_27167.json","605","2026/07/13 16:04:37"
"C:\Users\81805\toto-edge-git\ml\player_engine\data\raw\matches\metadata\match_27168.json","605","2026/07/13 16:04:39"
"C:\Users\81805\toto-edge-git\ml\player_engine\data\raw\matches\metadata\match_27169.json","605","2026/07/13 16:04:41"
"C:\Users\81805\toto-edge-git\ml\player_engine\data\raw\matches\metadata\match_27170.json","605","2026/07/13 16:04:44"
"C:\Users\81805\toto-edge-git\ml\player_engine\data\raw\matches\metadata\match_27171.json","605","2026/07/13 16:04:46"
"C:\Users\81805\toto-edge-git\ml\player_engine\data\raw\matches\metadata\match_27172.json","605","2026/07/13 16:04:48"
"C:\Users\81805\toto-edge-git\ml\player_engine\data\raw\matches\metadata\match_27173.json","605","2026/07/13 16:04:50"
"C:\Users\81805\toto-edge-git\ml\player_engine\data\raw\matches\metadata\match_27174.json","605","2026/07/13 16:04:52"
"C:\Users\81805\toto-edge-git\ml\player_engine\data\raw\matches\metadata\match_27175.json","605","2026/07/13 16:04:54"
"C:\Users\81805\toto-edge-git\ml\player_engine\data\raw\matches\metadata\match_27176.json","605","2026/07/13 16:04:56"
"C:\Users\81805\toto-edge-git\ml\player_engine\data\raw\matches\metadata\match_27177.json","605","2026/07/13 16:04:58"
"C:\Users\81805\toto-edge-git\ml\player_engine\data\raw\matches\metadata\match_27178.json","605","2026/07/13 16:05:01"
"C:\Users\81805\toto-edge-git\ml\player_engine\data\raw\matches\metadata\match_27179.json","605","2026/07/13 16:05:03"
"C:\Users\81805\toto-edge-git\ml\player_engine\data\raw\matches\metadata\match_27180.json","605","2026/07/13 16:05:05"
"C:\Users\81805\toto-edge-git\ml\player_engine\data\raw\matches\metadata\match_27181.json","605","2026/07/13 16:05:07"
"C:\Users\81805\toto-edge-git\ml\player_engine\data\raw\matches\metadata\match_27182.json","605","2026/07/13 16:05:09"
"C:\Users\81805\toto-edge-git\ml\player_engine\data\raw\matches\metadata\match_27183.json","605","2026/07/13 16:05:11"
"C:\Users\81805\toto-edge-git\ml\player_engine\data\raw\matches\metadata\match_27184.json","605","2026/07/13 16:05:13"
"C:\Users\81805\toto-edge-git\ml\player_engine\data\raw\matches\metadata\match_27185.json","605","2026/07/13 16:05:16"
"C:\Users\81805\toto-edge-git\ml\player_engine\data\raw\matches\metadata\match_27186.json","605","2026/07/13 16:05:18"
"C:\Users\81805\toto-edge-git\ml\player_engine\data\raw\matches\metadata\match_27187.json","605","2026/07/13 16:05:20"
"C:\Users\81805\toto-edge-git\ml\player_engine\data\raw\matches\metadata\match_27188.json","605","2026/07/13 16:05:22"
"C:\Users\81805\toto-edge-git\ml\player_engine\data\raw\matches\metadata\match_27189.json","605","2026/07/13 16:05:24"
"C:\Users\81805\toto-edge-git\ml\player_engine\data\raw\matches\metadata\match_27190.json","605","2026/07/13 16:05:26"
"C:\Users\81805\toto-edge-git\ml\player_engine\data\raw\matches\metadata\match_27191.json","605","2026/07/13 16:05:28"
"C:\Users\81805\toto-edge-git\ml\player_engine\data\raw\matches\metadata\match_27192.json","605","2026/07/13 16:05:31"
"C:\Users\81805\toto-edge-git\ml\player_engine\data\raw\matches\metadata\match_27193.json","605","2026/07/13 16:05:33"
"C:\Users\81805\toto-edge-git\ml\player_engine\data\raw\matches\metadata\match_27194.json","605","2026/07/13 16:05:35"
"C:\Users\81805\toto-edge-git\ml\player_engine\data\raw\matches\metadata\match_27195.json","605","2026/07/13 16:05:37"
"C:\Users\81805\toto-edge-git\ml\player_engine\data\raw\matches\metadata\match_27196.json","605","2026/07/13 16:05:39"
"C:\Users\81805\toto-edge-git\ml\player_engine\data\raw\matches\metadata\match_27197.json","605","2026/07/13 16:05:42"
"C:\Users\81805\toto-edge-git\ml\player_engine\data\raw\matches\metadata\match_27198.json","605","2026/07/13 16:05:44"
"C:\Users\81805\toto-edge-git\ml\player_engine\data\raw\matches\metadata\match_27199.json","605","2026/07/13 16:05:46"
"C:\Users\81805\toto-edge-git\ml\player_engine\data\raw\matches\metadata\match_27200.json","605","2026/07/13 16:05:48"
"C:\Users\81805\toto-edge-git\ml\player_engine\data\raw\matches\metadata\match_27201.json","605","2026/07/13 16:05:50"
"C:\Users\81805\toto-edge-git\ml\player_engine\data\raw\matches\metadata\match_27202.json","605","2026/07/13 16:05:52"
"C:\Users\81805\toto-edge-git\ml\player_engine\data\raw\matches\metadata\match_27203.json","605","2026/07/13 16:05:54"
"C:\Users\81805\toto-edge-git\ml\player_engine\data\raw\matches\metadata\match_27204.json","605","2026/07/13 16:05:57"
"C:\Users\81805\toto-edge-git\ml\player_engine\data\raw\matches\metadata\match_27205.json","605","2026/07/13 16:05:59"
"C:\Users\81805\toto-edge-git\ml\player_engine\data\raw\matches\metadata\match_27206.json","605","2026/07/13 16:06:01"
"C:\Users\81805\toto-edge-git\ml\player_engine\data\raw\matches\metadata\match_27207.json","605","2026/07/13 16:06:03"
"C:\Users\81805\toto-edge-git\ml\player_engine\data\raw\matches\metadata\match_27208.json","605","2026/07/13 16:06:05"
"C:\Users\81805\toto-edge-git\ml\player_engine\data\raw\matches\metadata\match_27209.json","605","2026/07/13 16:06:07"
"C:\Users\81805\toto-edge-git\ml\player_engine\data\raw\matches\metadata\match_27210.json","605","2026/07/13 16:06:10"
"C:\Users\81805\toto-edge-git\ml\player_engine\data\raw\matches\metadata\match_27211.json","605","2026/07/13 16:06:12"
"C:\Users\81805\toto-edge-git\ml\player_engine\data\raw\matches\metadata\match_27212.json","605","2026/07/13 16:06:14"
"C:\Users\81805\toto-edge-git\ml\player_engine\data\raw\matches\metadata\match_27213.json","605","2026/07/13 16:06:16"
"C:\Users\81805\toto-edge-git\ml\player_engine\data\raw\matches\metadata\match_27214.json","605","2026/07/13 16:06:18"
"C:\Users\81805\toto-edge-git\ml\player_engine\data\raw\matches\metadata\match_27215.json","605","2026/07/13 16:06:20"
"C:\Users\81805\toto-edge-git\ml\player_engine\data\raw\matches\metadata\match_27216.json","605","2026/07/13 16:06:22"
"C:\Users\81805\toto-edge-git\ml\player_engine\data\raw\matches\metadata\match_27217.json","605","2026/07/13 16:06:25"
"C:\Users\81805\toto-edge-git\ml\player_engine\data\raw\matches\metadata\match_27218.json","605","2026/07/13 16:06:27"
"C:\Users\81805\toto-edge-git\ml\player_engine\data\raw\matches\metadata\match_27219.json","605","2026/07/13 16:06:29"
"C:\Users\81805\toto-edge-git\ml\player_engine\data\raw\matches\metadata\match_27220.json","605","2026/07/13 16:06:31"
"C:\Users\81805\toto-edge-git\ml\player_engine\data\raw\matches\metadata\match_27221.json","605","2026/07/13 16:06:33"
"C:\Users\81805\toto-edge-git\ml\player_engine\data\raw\matches\metadata\match_27222.json","605","2026/07/13 16:06:35"
"C:\Users\81805\toto-edge-git\ml\player_engine\data\raw\matches\metadata\match_27223.json","605","2026/07/13 16:06:37"
"C:\Users\81805\toto-edge-git\ml\player_engine\data\raw\matches\metadata\match_27224.json","605","2026/07/13 16:06:39"
"C:\Users\81805\toto-edge-git\ml\player_engine\data\raw\matches\metadata\match_27225.json","605","2026/07/13 16:06:42"
"C:\Users\81805\toto-edge-git\ml\player_engine\data\raw\matches\metadata\match_27226.json","605","2026/07/13 16:06:44"
"C:\Users\81805\toto-edge-git\ml\player_engine\data\raw\matches\metadata\match_27227.json","605","2026/07/13 16:06:46"
"C:\Users\81805\toto-edge-git\ml\player_engine\data\raw\matches\metadata\match_27228.json","605","2026/07/13 16:06:48"
"C:\Users\81805\toto-edge-git\ml\player_engine\data\raw\matches\metadata\match_27229.json","605","2026/07/13 16:06:50"
"C:\Users\81805\toto-edge-git\ml\player_engine\data\raw\matches\metadata\match_27230.json","605","2026/07/13 16:06:52"
"C:\Users\81805\toto-edge-git\ml\player_engine\data\raw\matches\metadata\match_27231.json","605","2026/07/13 16:06:55"
"C:\Users\81805\toto-edge-git\ml\player_engine\data\raw\matches\metadata\match_27232.json","605","2026/07/13 16:06:57"
"C:\Users\81805\toto-edge-git\ml\player_engine\data\raw\matches\metadata\match_27233.json","605","2026/07/13 16:06:59"
"C:\Users\81805\toto-edge-git\ml\player_engine\data\raw\matches\metadata\match_27234.json","605","2026/07/13 16:07:01"
"C:\Users\81805\toto-edge-git\ml\player_engine\data\raw\matches\metadata\match_27235.json","605","2026/07/13 16:07:03"
"C:\Users\81805\toto-edge-git\ml\player_engine\data\raw\matches\metadata\match_27236.json","605","2026/07/13 16:07:05"
"C:\Users\81805\toto-edge-git\ml\player_engine\data\raw\matches\metadata\match_27237.json","605","2026/07/13 16:07:07"
"C:\Users\81805\toto-edge-git\ml\player_engine\data\raw\matches\metadata\match_27238.json","605","2026/07/13 16:07:10"
"C:\Users\81805\toto-edge-git\ml\player_engine\data\raw\matches\metadata\match_27239.json","605","2026/07/13 16:07:12"
"C:\Users\81805\toto-edge-git\ml\player_engine\data\raw\matches\metadata\match_27240.json","605","2026/07/13 16:07:14"
"C:\Users\81805\toto-edge-git\ml\player_engine\data\raw\matches\metadata\match_27241.json","605","2026/07/13 16:07:16"
"C:\Users\81805\toto-edge-git\ml\player_engine\data\raw\matches\metadata\match_27242.json","605","2026/07/13 16:07:18"
"C:\Users\81805\toto-edge-git\ml\player_engine\data\raw\matches\metadata\match_27243.json","605","2026/07/13 16:07:20"
"C:\Users\81805\toto-edge-git\ml\player_engine\data\raw\matches\metadata\match_27244.json","605","2026/07/13 16:07:23"
"C:\Users\81805\toto-edge-git\ml\player_engine\data\raw\matches\metadata\match_27245.json","605","2026/07/13 16:07:25"
"C:\Users\81805\toto-edge-git\ml\player_engine\data\raw\matches\metadata\match_27246.json","605","2026/07/13 16:07:27"
"C:\Users\81805\toto-edge-git\ml\player_engine\data\raw\matches\metadata\match_27247.json","605","2026/07/13 16:07:29"
"C:\Users\81805\toto-edge-git\ml\player_engine\data\raw\matches\metadata\match_27248.json","605","2026/07/13 16:07:31"
"C:\Users\81805\toto-edge-git\ml\player_engine\data\raw\matches\metadata\match_27249.json","605","2026/07/13 16:07:33"
"C:\Users\81805\toto-edge-git\ml\player_engine\data\raw\matches\metadata\match_27250.json","605","2026/07/13 16:07:35"
"C:\Users\81805\toto-edge-git\ml\player_engine\data\raw\matches\metadata\match_27251.json","605","2026/07/13 16:07:38"
"C:\Users\81805\toto-edge-git\ml\player_engine\data\raw\matches\metadata\match_27252.json","605","2026/07/13 16:07:40"
"C:\Users\81805\toto-edge-git\ml\player_engine\data\raw\matches\metadata\match_27253.json","605","2026/07/13 16:07:42"
"C:\Users\81805\toto-edge-git\ml\player_engine\data\raw\matches\metadata\match_27254.json","605","2026/07/13 16:07:44"
"C:\Users\81805\toto-edge-git\ml\player_engine\data\raw\matches\metadata\match_27255.json","605","2026/07/13 16:07:46"
"C:\Users\81805\toto-edge-git\ml\player_engine\data\raw\matches\metadata\match_27256.json","605","2026/07/13 16:07:48"
"C:\Users\81805\toto-edge-git\ml\player_engine\data\raw\matches\metadata\match_27257.json","605","2026/07/13 16:07:50"
"C:\Users\81805\toto-edge-git\ml\player_engine\data\raw\matches\metadata\match_27258.json","605","2026/07/13 16:07:52"
"C:\Users\81805\toto-edge-git\ml\player_engine\data\raw\matches\metadata\match_27259.json","605","2026/07/13 16:07:55"
"C:\Users\81805\toto-edge-git\ml\player_engine\data\raw\matches\metadata\match_27260.json","605","2026/07/13 16:07:57"
"C:\Users\81805\toto-edge-git\ml\player_engine\data\raw\matches\metadata\match_27261.json","605","2026/07/13 16:07:59"
"C:\Users\81805\toto-edge-git\ml\player_engine\data\raw\matches\metadata\match_27262.json","605","2026/07/13 16:08:01"
"C:\Users\81805\toto-edge-git\ml\player_engine\data\raw\matches\metadata\match_27263.json","605","2026/07/13 16:08:03"
"C:\Users\81805\toto-edge-git\ml\player_engine\data\raw\matches\metadata\match_27264.json","605","2026/07/13 16:08:05"
"C:\Users\81805\toto-edge-git\ml\player_engine\data\raw\matches\metadata\match_27265.json","605","2026/07/13 16:08:07"
"C:\Users\81805\toto-edge-git\ml\player_engine\data\raw\matches\metadata\match_27266.json","605","2026/07/13 16:08:10"
"C:\Users\81805\toto-edge-git\ml\player_engine\data\raw\matches\metadata\match_27267.json","605","2026/07/13 16:08:12"
"C:\Users\81805\toto-edge-git\ml\player_engine\data\raw\matches\metadata\match_27268.json","605","2026/07/13 16:08:14"
"C:\Users\81805\toto-edge-git\ml\player_engine\data\raw\matches\metadata\match_27269.json","605","2026/07/13 16:08:16"
"C:\Users\81805\toto-edge-git\ml\player_engine\data\raw\matches\metadata\match_27270.json","605","2026/07/13 16:08:18"
"C:\Users\81805\toto-edge-git\ml\player_engine\data\raw\matches\metadata\match_27271.json","605","2026/07/13 16:08:20"
"C:\Users\81805\toto-edge-git\ml\player_engine\data\raw\matches\metadata\match_27272.json","605","2026/07/13 16:08:22"
"C:\Users\81805\toto-edge-git\ml\player_engine\data\raw\matches\metadata\match_27273.json","605","2026/07/13 16:08:24"
"C:\Users\81805\toto-edge-git\ml\player_engine\data\raw\matches\metadata\match_27274.json","605","2026/07/13 16:08:26"
"C:\Users\81805\toto-edge-git\ml\player_engine\data\raw\matches\metadata\match_27275.json","605","2026/07/13 16:08:29"
"C:\Users\81805\toto-edge-git\ml\player_engine\data\raw\matches\metadata\match_27276.json","605","2026/07/13 16:08:31"
"C:\Users\81805\toto-edge-git\ml\player_engine\data\raw\matches\metadata\match_27277.json","605","2026/07/13 16:08:33"
"C:\Users\81805\toto-edge-git\ml\player_engine\data\raw\matches\metadata\match_27278.json","605","2026/07/13 16:08:35"
"C:\Users\81805\toto-edge-git\ml\player_engine\data\raw\matches\metadata\match_27279.json","605","2026/07/13 16:08:37"
"C:\Users\81805\toto-edge-git\ml\player_engine\data\raw\matches\metadata\match_27328.json","605","2026/07/13 10:20:49"
"C:\Users\81805\toto-edge-git\ml\player_engine\data\raw\matches\metadata\match_27329.json","605","2026/07/13 10:20:51"
"C:\Users\81805\toto-edge-git\ml\player_engine\data\raw\matches\metadata\match_27330.json","605","2026/07/13 10:20:53"
"C:\Users\81805\toto-edge-git\ml\player_engine\data\raw\matches\metadata\match_27331.json","605","2026/07/13 10:20:56"
"C:\Users\81805\toto-edge-git\ml\player_engine\data\raw\matches\metadata\match_27332.json","605","2026/07/13 10:20:58"
"C:\Users\81805\toto-edge-git\ml\player_engine\data\raw\matches\metadata\match_27333.json","605","2026/07/13 10:21:00"
"C:\Users\81805\toto-edge-git\ml\player_engine\data\raw\matches\metadata\match_27334.json","605","2026/07/13 10:21:02"
"C:\Users\81805\toto-edge-git\ml\player_engine\data\raw\matches\metadata\match_27335.json","605","2026/07/13 10:21:04"
"C:\Users\81805\toto-edge-git\ml\player_engine\data\raw\matches\metadata\match_27336.json","605","2026/07/13 10:21:06"
"C:\Users\81805\toto-edge-git\ml\player_engine\data\raw\matches\metadata\match_27337.json","605","2026/07/13 10:21:09"
"C:\Users\81805\toto-edge-git\ml\player_engine\data\raw\matches\metadata\match_27338.json","605","2026/07/13 10:21:11"
"C:\Users\81805\toto-edge-git\ml\player_engine\data\raw\matches\metadata\match_27339.json","605","2026/07/13 10:21:13"
"C:\Users\81805\toto-edge-git\ml\player_engine\data\raw\matches\metadata\match_27340.json","605","2026/07/13 10:21:15"
"C:\Users\81805\toto-edge-git\ml\player_engine\data\raw\matches\metadata\match_27341.json","605","2026/07/13 10:21:17"
"C:\Users\81805\toto-edge-git\ml\player_engine\data\raw\matches\metadata\match_27342.json","605","2026/07/13 10:21:19"
"C:\Users\81805\toto-edge-git\ml\player_engine\data\raw\matches\metadata\match_27343.json","605","2026/07/13 10:21:21"
"C:\Users\81805\toto-edge-git\ml\player_engine\data\raw\matches\metadata\match_27344.json","605","2026/07/13 10:21:24"
"C:\Users\81805\toto-edge-git\ml\player_engine\data\raw\matches\metadata\match_27345.json","605","2026/07/13 10:21:26"
"C:\Users\81805\toto-edge-git\ml\player_engine\data\raw\matches\metadata\match_27346.json","605","2026/07/13 10:21:28"
"C:\Users\81805\toto-edge-git\ml\player_engine\data\raw\matches\metadata\match_27347.json","605","2026/07/13 10:21:30"
"C:\Users\81805\toto-edge-git\ml\player_engine\data\raw\matches\metadata\match_27348.json","605","2026/07/13 10:21:32"
"C:\Users\81805\toto-edge-git\ml\player_engine\data\raw\matches\metadata\match_27349.json","605","2026/07/13 10:21:34"
"C:\Users\81805\toto-edge-git\ml\player_engine\data\raw\matches\metadata\match_27350.json","605","2026/07/13 10:21:37"
"C:\Users\81805\toto-edge-git\ml\player_engine\data\raw\matches\metadata\match_27351.json","605","2026/07/13 10:21:39"
"C:\Users\81805\toto-edge-git\ml\player_engine\data\raw\matches\metadata\match_27352.json","605","2026/07/13 10:21:41"
"C:\Users\81805\toto-edge-git\ml\player_engine\data\raw\matches\metadata\match_27353.json","605","2026/07/13 10:21:43"
"C:\Users\81805\toto-edge-git\ml\player_engine\data\raw\matches\metadata\match_27354.json","605","2026/07/13 10:21:45"
"C:\Users\81805\toto-edge-git\ml\player_engine\data\raw\matches\metadata\match_27355.json","605","2026/07/13 10:21:47"
"C:\Users\81805\toto-edge-git\ml\player_engine\data\raw\matches\metadata\match_27356.json","605","2026/07/13 10:21:49"
"C:\Users\81805\toto-edge-git\ml\player_engine\data\raw\matches\metadata\match_27357.json","605","2026/07/13 10:21:51"
"C:\Users\81805\toto-edge-git\ml\player_engine\data\raw\matches\metadata\match_27358.json","605","2026/07/13 10:21:54"
"C:\Users\81805\toto-edge-git\ml\player_engine\data\raw\matches\metadata\match_27359.json","605","2026/07/13 10:21:56"
"C:\Users\81805\toto-edge-git\ml\player_engine\data\raw\matches\metadata\match_27360.json","605","2026/07/13 10:21:58"
"C:\Users\81805\toto-edge-git\ml\player_engine\data\raw\matches\metadata\match_27361.json","605","2026/07/13 10:22:00"
"C:\Users\81805\toto-edge-git\ml\player_engine\data\raw\matches\metadata\match_27362.json","605","2026/07/13 10:22:02"
"C:\Users\81805\toto-edge-git\ml\player_engine\data\raw\matches\metadata\match_27363.json","605","2026/07/13 10:22:04"
"C:\Users\81805\toto-edge-git\ml\player_engine\data\raw\matches\metadata\match_27364.json","605","2026/07/13 10:22:07"
"C:\Users\81805\toto-edge-git\ml\player_engine\data\raw\matches\metadata\match_27365.json","605","2026/07/13 10:22:09"
"C:\Users\81805\toto-edge-git\ml\player_engine\data\raw\matches\metadata\match_27366.json","605","2026/07/13 10:22:11"
"C:\Users\81805\toto-edge-git\ml\player_engine\data\raw\matches\metadata\match_27367.json","605","2026/07/13 10:22:13"
"C:\Users\81805\toto-edge-git\ml\player_engine\data\raw\matches\metadata\match_27368.json","605","2026/07/13 10:22:15"
"C:\Users\81805\toto-edge-git\ml\player_engine\data\raw\matches\metadata\match_27369.json","605","2026/07/13 10:22:17"
"C:\Users\81805\toto-edge-git\ml\player_engine\data\raw\matches\metadata\match_27370.json","605","2026/07/13 10:22:19"
"C:\Users\81805\toto-edge-git\ml\player_engine\data\raw\matches\metadata\match_27371.json","605","2026/07/13 10:22:21"
"C:\Users\81805\toto-edge-git\ml\player_engine\data\raw\matches\metadata\match_27372.json","605","2026/07/13 10:22:24"
"C:\Users\81805\toto-edge-git\ml\player_engine\data\raw\matches\metadata\match_27373.json","605","2026/07/13 10:22:26"
"C:\Users\81805\toto-edge-git\ml\player_engine\data\raw\matches\metadata\match_27374.json","605","2026/07/13 10:22:28"
"C:\Users\81805\toto-edge-git\ml\player_engine\data\raw\matches\metadata\match_27375.json","605","2026/07/13 10:22:30"
"C:\Users\81805\toto-edge-git\ml\player_engine\data\raw\matches\metadata\match_27376.json","605","2026/07/13 10:22:32"
"C:\Users\81805\toto-edge-git\ml\player_engine\data\raw\matches\metadata\match_27377.json","605","2026/07/13 10:22:34"
"C:\Users\81805\toto-edge-git\ml\player_engine\data\raw\matches\metadata\match_27378.json","605","2026/07/13 10:22:37"
"C:\Users\81805\toto-edge-git\ml\player_engine\data\raw\matches\metadata\match_27379.json","605","2026/07/13 10:22:39"
"C:\Users\81805\toto-edge-git\ml\player_engine\data\raw\matches\metadata\match_27380.json","605","2026/07/13 10:22:41"
"C:\Users\81805\toto-edge-git\ml\player_engine\data\raw\matches\metadata\match_27381.json","605","2026/07/13 10:22:43"
"C:\Users\81805\toto-edge-git\ml\player_engine\data\raw\matches\metadata\match_27382.json","605","2026/07/13 10:22:45"
"C:\Users\81805\toto-edge-git\ml\player_engine\data\raw\matches\metadata\match_27383.json","605","2026/07/13 10:22:47"
"C:\Users\81805\toto-edge-git\ml\player_engine\data\raw\matches\metadata\match_27384.json","605","2026/07/13 10:22:49"
"C:\Users\81805\toto-edge-git\ml\player_engine\data\raw\matches\metadata\match_27385.json","605","2026/07/13 10:22:51"
"C:\Users\81805\toto-edge-git\ml\player_engine\data\raw\matches\metadata\match_27386.json","605","2026/07/13 10:22:54"
"C:\Users\81805\toto-edge-git\ml\player_engine\data\raw\matches\metadata\match_27387.json","605","2026/07/13 10:22:56"
"C:\Users\81805\toto-edge-git\ml\player_engine\data\raw\matches\metadata\match_27388.json","605","2026/07/13 10:22:58"
"C:\Users\81805\toto-edge-git\ml\player_engine\data\raw\matches\metadata\match_27389.json","605","2026/07/13 10:23:00"
"C:\Users\81805\toto-edge-git\ml\player_engine\data\raw\matches\metadata\match_27390.json","605","2026/07/13 10:23:02"
"C:\Users\81805\toto-edge-git\ml\player_engine\data\raw\matches\metadata\match_27391.json","605","2026/07/13 10:23:04"
"C:\Users\81805\toto-edge-git\ml\player_engine\data\raw\matches\metadata\match_27392.json","605","2026/07/13 10:23:07"
"C:\Users\81805\toto-edge-git\ml\player_engine\data\raw\matches\metadata\match_27393.json","605","2026/07/13 10:23:09"
"C:\Users\81805\toto-edge-git\ml\player_engine\data\raw\matches\metadata\match_27394.json","605","2026/07/13 10:23:11"
"C:\Users\81805\toto-edge-git\ml\player_engine\data\raw\matches\metadata\match_27395.json","605","2026/07/13 10:23:13"
"C:\Users\81805\toto-edge-git\ml\player_engine\data\raw\matches\metadata\match_27396.json","605","2026/07/13 10:23:15"
"C:\Users\81805\toto-edge-git\ml\player_engine\data\raw\matches\metadata\match_27397.json","605","2026/07/13 10:23:17"
"C:\Users\81805\toto-edge-git\ml\player_engine\data\raw\matches\metadata\match_27398.json","605","2026/07/13 10:23:19"
"C:\Users\81805\toto-edge-git\ml\player_engine\data\raw\matches\metadata\match_27399.json","605","2026/07/13 10:23:21"
"C:\Users\81805\toto-edge-git\ml\player_engine\data\raw\matches\metadata\match_27400.json","605","2026/07/13 10:23:24"
"C:\Users\81805\toto-edge-git\ml\player_engine\data\raw\matches\metadata\match_27401.json","605","2026/07/13 10:23:26"
"C:\Users\81805\toto-edge-git\ml\player_engine\data\raw\matches\metadata\match_27402.json","605","2026/07/13 10:23:28"
"C:\Users\81805\toto-edge-git\ml\player_engine\data\raw\matches\metadata\match_27403.json","605","2026/07/13 10:23:30"
"C:\Users\81805\toto-edge-git\ml\player_engine\data\raw\matches\metadata\match_27404.json","605","2026/07/13 10:23:32"
"C:\Users\81805\toto-edge-git\ml\player_engine\data\raw\matches\metadata\match_27405.json","605","2026/07/13 10:23:35"
"C:\Users\81805\toto-edge-git\ml\player_engine\data\raw\matches\metadata\match_27406.json","605","2026/07/13 10:23:37"
"C:\Users\81805\toto-edge-git\ml\player_engine\data\raw\matches\metadata\match_27407.json","605","2026/07/13 10:23:39"
"C:\Users\81805\toto-edge-git\ml\player_engine\data\raw\matches\metadata\match_27408.json","605","2026/07/13 10:23:41"
"C:\Users\81805\toto-edge-git\ml\player_engine\data\raw\matches\metadata\match_27409.json","605","2026/07/13 10:23:43"
"C:\Users\81805\toto-edge-git\ml\player_engine\data\raw\matches\metadata\match_27410.json","605","2026/07/13 10:23:45"
"C:\Users\81805\toto-edge-git\ml\player_engine\data\raw\matches\metadata\match_27411.json","605","2026/07/13 10:23:47"
"C:\Users\81805\toto-edge-git\ml\player_engine\data\raw\matches\metadata\match_27412.json","605","2026/07/13 10:23:49"
"C:\Users\81805\toto-edge-git\ml\player_engine\data\raw\matches\metadata\match_27413.json","605","2026/07/13 10:23:52"
"C:\Users\81805\toto-edge-git\ml\player_engine\data\raw\matches\metadata\match_27414.json","605","2026/07/13 10:23:54"
"C:\Users\81805\toto-edge-git\ml\player_engine\data\raw\matches\metadata\match_27415.json","605","2026/07/13 10:23:56"
"C:\Users\81805\toto-edge-git\ml\player_engine\data\raw\matches\metadata\match_27416.json","605","2026/07/13 10:23:58"
"C:\Users\81805\toto-edge-git\ml\player_engine\data\raw\matches\metadata\match_27417.json","605","2026/07/13 10:24:00"
"C:\Users\81805\toto-edge-git\ml\player_engine\data\raw\matches\metadata\match_27418.json","605","2026/07/13 10:24:02"
"C:\Users\81805\toto-edge-git\ml\player_engine\data\raw\matches\metadata\match_27419.json","605","2026/07/13 10:24:04"
"C:\Users\81805\toto-edge-git\ml\player_engine\data\raw\matches\metadata\match_27420.json","605","2026/07/13 10:24:07"
"C:\Users\81805\toto-edge-git\ml\player_engine\data\raw\matches\metadata\match_27421.json","605","2026/07/13 10:24:09"
"C:\Users\81805\toto-edge-git\ml\player_engine\data\raw\matches\metadata\match_27422.json","605","2026/07/13 10:24:11"
"C:\Users\81805\toto-edge-git\ml\player_engine\data\raw\matches\metadata\match_27423.json","605","2026/07/13 10:24:13"
"C:\Users\81805\toto-edge-git\ml\player_engine\data\raw\matches\metadata\match_27424.json","605","2026/07/13 10:24:15"
"C:\Users\81805\toto-edge-git\ml\player_engine\data\raw\matches\metadata\match_27425.json","605","2026/07/13 10:24:17"
"C:\Users\81805\toto-edge-git\ml\player_engine\data\raw\matches\metadata\match_27426.json","605","2026/07/13 10:24:20"
"C:\Users\81805\toto-edge-git\ml\player_engine\data\raw\matches\metadata\match_27427.json","605","2026/07/13 10:24:22"
"C:\Users\81805\toto-edge-git\ml\player_engine\data\raw\matches\metadata\match_27428.json","605","2026/07/13 10:24:24"
"C:\Users\81805\toto-edge-git\ml\player_engine\data\raw\matches\metadata\match_27429.json","605","2026/07/13 10:24:26"
"C:\Users\81805\toto-edge-git\ml\player_engine\data\raw\matches\metadata\match_27430.json","605","2026/07/13 10:24:28"
"C:\Users\81805\toto-edge-git\ml\player_engine\data\raw\matches\metadata\match_27431.json","605","2026/07/13 10:24:30"
"C:\Users\81805\toto-edge-git\ml\player_engine\data\raw\matches\metadata\match_27432.json","605","2026/07/13 10:24:32"
"C:\Users\81805\toto-edge-git\ml\player_engine\data\raw\matches\metadata\match_27433.json","605","2026/07/13 10:24:35"
"C:\Users\81805\toto-edge-git\ml\player_engine\data\raw\matches\metadata\match_27434.json","605","2026/07/13 10:24:37"
"C:\Users\81805\toto-edge-git\ml\player_engine\data\raw\matches\metadata\match_27435.json","605","2026/07/13 10:24:39"
"C:\Users\81805\toto-edge-git\ml\player_engine\data\raw\matches\metadata\match_27436.json","605","2026/07/13 10:24:41"
"C:\Users\81805\toto-edge-git\ml\player_engine\data\raw\matches\metadata\match_27437.json","605","2026/07/13 10:24:43"
"C:\Users\81805\toto-edge-git\ml\player_engine\data\raw\matches\metadata\match_27438.json","605","2026/07/13 10:24:45"
"C:\Users\81805\toto-edge-git\ml\player_engine\data\raw\matches\metadata\match_27439.json","605","2026/07/13 10:24:47"
"C:\Users\81805\toto-edge-git\ml\player_engine\data\raw\matches\metadata\match_27440.json","605","2026/07/13 10:24:49"
"C:\Users\81805\toto-edge-git\ml\player_engine\data\raw\matches\metadata\match_27441.json","605","2026/07/13 10:24:52"
"C:\Users\81805\toto-edge-git\ml\player_engine\data\raw\matches\metadata\match_27442.json","605","2026/07/13 10:24:54"
"C:\Users\81805\toto-edge-git\ml\player_engine\data\raw\matches\metadata\match_27443.json","605","2026/07/13 10:24:56"
"C:\Users\81805\toto-edge-git\ml\player_engine\data\raw\matches\metadata\match_27444.json","605","2026/07/13 10:24:58"
"C:\Users\81805\toto-edge-git\ml\player_engine\data\raw\matches\metadata\match_27445.json","605","2026/07/13 10:25:00"
"C:\Users\81805\toto-edge-git\ml\player_engine\data\raw\matches\metadata\match_27446.json","605","2026/07/13 10:25:02"
"C:\Users\81805\toto-edge-git\ml\player_engine\data\raw\matches\metadata\match_27447.json","605","2026/07/13 10:25:05"
"C:\Users\81805\toto-edge-git\ml\player_engine\data\raw\matches\metadata\match_27448.json","605","2026/07/13 10:25:07"
"C:\Users\81805\toto-edge-git\ml\player_engine\data\raw\matches\metadata\match_27449.json","605","2026/07/13 10:25:09"
"C:\Users\81805\toto-edge-git\ml\player_engine\data\raw\matches\metadata\match_27450.json","605","2026/07/13 10:25:11"
"C:\Users\81805\toto-edge-git\ml\player_engine\data\raw\matches\metadata\match_27451.json","605","2026/07/13 10:25:13"
"C:\Users\81805\toto-edge-git\ml\player_engine\data\raw\matches\metadata\match_27452.json","605","2026/07/13 10:25:15"
"C:\Users\81805\toto-edge-git\ml\player_engine\data\raw\matches\metadata\match_27453.json","605","2026/07/13 10:25:17"
"C:\Users\81805\toto-edge-git\ml\player_engine\data\raw\matches\metadata\match_27454.json","605","2026/07/13 10:25:19"
"C:\Users\81805\toto-edge-git\ml\player_engine\data\raw\matches\metadata\match_27455.json","605","2026/07/13 10:25:22"
"C:\Users\81805\toto-edge-git\ml\player_engine\data\raw\matches\metadata\match_27456.json","605","2026/07/13 10:25:24"
"C:\Users\81805\toto-edge-git\ml\player_engine\data\raw\matches\metadata\match_27457.json","605","2026/07/13 10:25:26"
"C:\Users\81805\toto-edge-git\ml\player_engine\data\raw\matches\metadata\match_27458.json","605","2026/07/13 10:25:28"
"C:\Users\81805\toto-edge-git\ml\player_engine\data\raw\matches\metadata\match_27459.json","605","2026/07/13 10:25:30"
"C:\Users\81805\toto-edge-git\ml\player_engine\data\raw\matches\metadata\match_27460.json","605","2026/07/13 10:25:32"
"C:\Users\81805\toto-edge-git\ml\player_engine\data\raw\matches\metadata\match_27461.json","605","2026/07/13 10:25:34"
"C:\Users\81805\toto-edge-git\ml\player_engine\data\raw\matches\metadata\match_27462.json","605","2026/07/13 10:25:37"
"C:\Users\81805\toto-edge-git\ml\player_engine\data\raw\matches\metadata\match_27463.json","605","2026/07/13 10:25:39"
"C:\Users\81805\toto-edge-git\ml\player_engine\data\raw\matches\metadata\match_27464.json","605","2026/07/13 10:25:41"
"C:\Users\81805\toto-edge-git\ml\player_engine\data\raw\matches\metadata\match_27465.json","605","2026/07/13 10:25:43"
"C:\Users\81805\toto-edge-git\ml\player_engine\data\raw\matches\metadata\match_27466.json","605","2026/07/13 10:25:45"
"C:\Users\81805\toto-edge-git\ml\player_engine\data\raw\matches\metadata\match_27467.json","605","2026/07/13 10:25:47"
"C:\Users\81805\toto-edge-git\ml\player_engine\data\raw\matches\metadata\match_27468.json","605","2026/07/13 10:25:49"
"C:\Users\81805\toto-edge-git\ml\player_engine\data\raw\matches\metadata\match_27469.json","605","2026/07/13 10:25:52"
"C:\Users\81805\toto-edge-git\ml\player_engine\data\raw\matches\metadata\match_27470.json","605","2026/07/13 10:25:54"
"C:\Users\81805\toto-edge-git\ml\player_engine\data\raw\matches\metadata\match_27471.json","605","2026/07/13 10:25:56"
"C:\Users\81805\toto-edge-git\ml\player_engine\data\raw\matches\metadata\match_27472.json","605","2026/07/13 10:25:58"
"C:\Users\81805\toto-edge-git\ml\player_engine\data\raw\matches\metadata\match_27473.json","605","2026/07/13 10:26:00"
"C:\Users\81805\toto-edge-git\ml\player_engine\data\raw\matches\metadata\match_27474.json","605","2026/07/13 10:26:02"
"C:\Users\81805\toto-edge-git\ml\player_engine\data\raw\matches\metadata\match_27475.json","605","2026/07/13 10:26:04"
"C:\Users\81805\toto-edge-git\ml\player_engine\data\raw\matches\metadata\match_27476.json","605","2026/07/13 10:26:07"
"C:\Users\81805\toto-edge-git\ml\player_engine\data\raw\matches\metadata\match_27477.json","605","2026/07/13 10:26:09"
"C:\Users\81805\toto-edge-git\ml\player_engine\data\raw\matches\metadata\match_27478.json","605","2026/07/13 10:26:11"
"C:\Users\81805\toto-edge-git\ml\player_engine\data\raw\matches\metadata\match_27479.json","605","2026/07/13 10:26:13"
"C:\Users\81805\toto-edge-git\ml\player_engine\data\raw\matches\metadata\match_27480.json","605","2026/07/13 10:26:15"
"C:\Users\81805\toto-edge-git\ml\player_engine\data\raw\matches\metadata\match_27481.json","605","2026/07/13 10:26:17"
"C:\Users\81805\toto-edge-git\ml\player_engine\data\raw\matches\metadata\match_27482.json","605","2026/07/13 10:26:19"
"C:\Users\81805\toto-edge-git\ml\player_engine\data\raw\matches\metadata\match_27483.json","605","2026/07/13 10:26:22"
"C:\Users\81805\toto-edge-git\ml\player_engine\data\raw\matches\metadata\match_27484.json","605","2026/07/13 10:26:24"
"C:\Users\81805\toto-edge-git\ml\player_engine\data\raw\matches\metadata\match_27485.json","605","2026/07/13 10:26:26"
"C:\Users\81805\toto-edge-git\ml\player_engine\data\raw\matches\metadata\match_27486.json","605","2026/07/13 10:26:28"
"C:\Users\81805\toto-edge-git\ml\player_engine\data\raw\matches\metadata\match_27487.json","605","2026/07/13 10:26:30"
"C:\Users\81805\toto-edge-git\ml\player_engine\data\raw\matches\metadata\match_27488.json","605","2026/07/13 10:26:32"
"C:\Users\81805\toto-edge-git\ml\player_engine\data\raw\matches\metadata\match_27489.json","605","2026/07/13 10:26:34"
"C:\Users\81805\toto-edge-git\ml\player_engine\data\raw\matches\metadata\match_27490.json","605","2026/07/13 10:26:37"
"C:\Users\81805\toto-edge-git\ml\player_engine\data\raw\matches\metadata\match_27491.json","605","2026/07/13 10:26:39"
"C:\Users\81805\toto-edge-git\ml\player_engine\data\raw\matches\metadata\match_27492.json","605","2026/07/13 10:26:41"
"C:\Users\81805\toto-edge-git\ml\player_engine\data\raw\matches\metadata\match_27493.json","605","2026/07/13 10:26:43"
"C:\Users\81805\toto-edge-git\ml\player_engine\data\raw\matches\metadata\match_27494.json","605","2026/07/13 10:26:45"
"C:\Users\81805\toto-edge-git\ml\player_engine\data\raw\matches\metadata\match_27495.json","605","2026/07/13 10:26:47"
"C:\Users\81805\toto-edge-git\ml\player_engine\data\raw\matches\metadata\match_27496.json","605","2026/07/13 10:26:49"
"C:\Users\81805\toto-edge-git\ml\player_engine\data\raw\matches\metadata\match_27497.json","605","2026/07/13 10:26:52"
"C:\Users\81805\toto-edge-git\ml\player_engine\data\raw\matches\metadata\match_27498.json","605","2026/07/13 10:26:54"
"C:\Users\81805\toto-edge-git\ml\player_engine\data\raw\matches\metadata\match_27499.json","605","2026/07/13 10:26:56"
"C:\Users\81805\toto-edge-git\ml\player_engine\data\raw\matches\metadata\match_27500.json","605","2026/07/13 10:26:58"
"C:\Users\81805\toto-edge-git\ml\player_engine\data\raw\matches\metadata\match_27501.json","605","2026/07/13 10:27:00"
"C:\Users\81805\toto-edge-git\ml\player_engine\data\raw\matches\metadata\match_27502.json","605","2026/07/13 10:27:02"
"C:\Users\81805\toto-edge-git\ml\player_engine\data\raw\matches\metadata\match_27503.json","605","2026/07/13 10:27:04"
"C:\Users\81805\toto-edge-git\ml\player_engine\data\raw\matches\metadata\match_27504.json","605","2026/07/13 10:27:06"
"C:\Users\81805\toto-edge-git\ml\player_engine\data\raw\matches\metadata\match_27505.json","605","2026/07/13 10:27:09"
"C:\Users\81805\toto-edge-git\ml\player_engine\data\raw\matches\metadata\match_27506.json","605","2026/07/13 10:27:11"
"C:\Users\81805\toto-edge-git\ml\player_engine\data\raw\matches\metadata\match_27507.json","605","2026/07/13 10:27:13"
"C:\Users\81805\toto-edge-git\ml\player_engine\data\raw\matches\metadata\match_27508.json","605","2026/07/13 10:27:15"
"C:\Users\81805\toto-edge-git\ml\player_engine\data\raw\matches\metadata\match_27509.json","605","2026/07/13 10:27:17"
"C:\Users\81805\toto-edge-git\ml\player_engine\data\raw\matches\metadata\match_27510.json","605","2026/07/13 10:27:19"
"C:\Users\81805\toto-edge-git\ml\player_engine\data\raw\matches\metadata\match_27511.json","605","2026/07/13 10:27:21"
"C:\Users\81805\toto-edge-git\ml\player_engine\data\raw\matches\metadata\match_27512.json","605","2026/07/13 10:27:24"
"C:\Users\81805\toto-edge-git\ml\player_engine\data\raw\matches\metadata\match_27513.json","605","2026/07/13 10:27:26"
"C:\Users\81805\toto-edge-git\ml\player_engine\data\raw\matches\metadata\match_27514.json","605","2026/07/13 10:27:28"
"C:\Users\81805\toto-edge-git\ml\player_engine\data\raw\matches\metadata\match_27515.json","605","2026/07/13 10:27:30"
"C:\Users\81805\toto-edge-git\ml\player_engine\data\raw\matches\metadata\match_27516.json","605","2026/07/13 10:27:32"
"C:\Users\81805\toto-edge-git\ml\player_engine\data\raw\matches\metadata\match_27517.json","605","2026/07/13 10:27:34"
"C:\Users\81805\toto-edge-git\ml\player_engine\data\raw\matches\metadata\match_27518.json","605","2026/07/13 10:27:36"
"C:\Users\81805\toto-edge-git\ml\player_engine\data\raw\matches\metadata\match_27519.json","605","2026/07/13 10:27:38"
"C:\Users\81805\toto-edge-git\ml\player_engine\data\raw\matches\metadata\match_27520.json","605","2026/07/13 10:27:41"
"C:\Users\81805\toto-edge-git\ml\player_engine\data\raw\matches\metadata\match_27521.json","605","2026/07/13 10:27:43"
"C:\Users\81805\toto-edge-git\ml\player_engine\data\raw\matches\metadata\match_27522.json","605","2026/07/13 10:27:45"
"C:\Users\81805\toto-edge-git\ml\player_engine\data\raw\matches\metadata\match_27523.json","605","2026/07/13 10:27:47"
"C:\Users\81805\toto-edge-git\ml\player_engine\data\raw\matches\metadata\match_27524.json","605","2026/07/13 10:27:49"
"C:\Users\81805\toto-edge-git\ml\player_engine\data\raw\matches\metadata\match_27525.json","605","2026/07/13 10:27:51"
"C:\Users\81805\toto-edge-git\ml\player_engine\data\raw\matches\metadata\match_27526.json","605","2026/07/13 10:27:53"
"C:\Users\81805\toto-edge-git\ml\player_engine\data\raw\matches\metadata\match_27527.json","605","2026/07/13 10:27:56"
"C:\Users\81805\toto-edge-git\ml\player_engine\data\raw\matches\metadata\match_27528.json","605","2026/07/13 10:27:58"
"C:\Users\81805\toto-edge-git\ml\player_engine\data\raw\matches\metadata\match_27529.json","605","2026/07/13 10:28:00"
"C:\Users\81805\toto-edge-git\ml\player_engine\data\raw\matches\metadata\match_27530.json","605","2026/07/13 10:28:02"
"C:\Users\81805\toto-edge-git\ml\player_engine\data\raw\matches\metadata\match_27531.json","605","2026/07/13 10:28:04"
"C:\Users\81805\toto-edge-git\ml\player_engine\data\raw\matches\metadata\match_27532.json","605","2026/07/13 10:28:06"
"C:\Users\81805\toto-edge-git\ml\player_engine\data\raw\matches\metadata\match_27533.json","605","2026/07/13 10:28:08"
"C:\Users\81805\toto-edge-git\ml\player_engine\data\raw\matches\metadata\match_27534.json","605","2026/07/13 10:28:10"
"C:\Users\81805\toto-edge-git\ml\player_engine\data\raw\matches\metadata\match_27535.json","605","2026/07/13 10:28:13"
"C:\Users\81805\toto-edge-git\ml\player_engine\data\raw\matches\metadata\match_27536.json","605","2026/07/13 10:28:15"
"C:\Users\81805\toto-edge-git\ml\player_engine\data\raw\matches\metadata\match_27537.json","605","2026/07/13 10:28:17"
"C:\Users\81805\toto-edge-git\ml\player_engine\data\raw\matches\metadata\match_27538.json","605","2026/07/13 10:28:19"
"C:\Users\81805\toto-edge-git\ml\player_engine\data\raw\matches\metadata\match_27539.json","605","2026/07/13 10:28:21"
"C:\Users\81805\toto-edge-git\ml\player_engine\data\raw\matches\metadata\match_27540.json","605","2026/07/13 10:28:23"
"C:\Users\81805\toto-edge-git\ml\player_engine\data\raw\matches\metadata\match_27541.json","605","2026/07/13 10:28:25"
"C:\Users\81805\toto-edge-git\ml\player_engine\data\raw\matches\metadata\match_27542.json","605","2026/07/13 10:28:28"
"C:\Users\81805\toto-edge-git\ml\player_engine\data\raw\matches\metadata\match_27543.json","605","2026/07/13 10:28:30"
"C:\Users\81805\toto-edge-git\ml\player_engine\data\raw\matches\metadata\match_27544.json","605","2026/07/13 10:28:32"
"C:\Users\81805\toto-edge-git\ml\player_engine\data\raw\matches\metadata\match_27545.json","605","2026/07/13 10:28:34"
"C:\Users\81805\toto-edge-git\ml\player_engine\data\raw\matches\metadata\match_27546.json","605","2026/07/13 10:28:36"
"C:\Users\81805\toto-edge-git\ml\player_engine\data\raw\matches\metadata\match_27547.json","605","2026/07/13 10:28:38"
"C:\Users\81805\toto-edge-git\ml\player_engine\data\raw\matches\metadata\match_27548.json","605","2026/07/13 10:28:40"
"C:\Users\81805\toto-edge-git\ml\player_engine\data\raw\matches\metadata\match_27549.json","605","2026/07/13 10:28:42"
"C:\Users\81805\toto-edge-git\ml\player_engine\data\raw\matches\metadata\match_27550.json","605","2026/07/13 10:28:45"
"C:\Users\81805\toto-edge-git\ml\player_engine\data\raw\matches\metadata\match_27551.json","605","2026/07/13 10:28:47"
"C:\Users\81805\toto-edge-git\ml\player_engine\data\raw\matches\metadata\match_27552.json","605","2026/07/13 10:28:49"
"C:\Users\81805\toto-edge-git\ml\player_engine\data\raw\matches\metadata\match_27553.json","605","2026/07/13 10:28:51"
"C:\Users\81805\toto-edge-git\ml\player_engine\data\raw\matches\metadata\match_27554.json","605","2026/07/13 10:28:53"
"C:\Users\81805\toto-edge-git\ml\player_engine\data\raw\matches\metadata\match_27555.json","605","2026/07/13 10:28:55"
"C:\Users\81805\toto-edge-git\ml\player_engine\data\raw\matches\metadata\match_27556.json","605","2026/07/13 10:28:57"
"C:\Users\81805\toto-edge-git\ml\player_engine\data\raw\matches\metadata\match_27557.json","605","2026/07/13 10:29:00"
"C:\Users\81805\toto-edge-git\ml\player_engine\data\raw\matches\metadata\match_27558.json","605","2026/07/13 10:29:02"
"C:\Users\81805\toto-edge-git\ml\player_engine\data\raw\matches\metadata\match_27559.json","605","2026/07/13 10:29:04"
"C:\Users\81805\toto-edge-git\ml\player_engine\data\raw\matches\metadata\match_27560.json","605","2026/07/13 10:29:06"
"C:\Users\81805\toto-edge-git\ml\player_engine\data\raw\matches\metadata\match_27561.json","605","2026/07/13 10:29:08"
"C:\Users\81805\toto-edge-git\ml\player_engine\data\raw\matches\metadata\match_27562.json","605","2026/07/13 10:29:10"
"C:\Users\81805\toto-edge-git\ml\player_engine\data\raw\matches\metadata\match_27563.json","605","2026/07/13 10:29:12"
"C:\Users\81805\toto-edge-git\ml\player_engine\data\raw\matches\metadata\match_27564.json","605","2026/07/13 10:29:14"
"C:\Users\81805\toto-edge-git\ml\player_engine\data\raw\matches\metadata\match_27565.json","605","2026/07/13 10:29:17"
"C:\Users\81805\toto-edge-git\ml\player_engine\data\raw\matches\metadata\match_27566.json","605","2026/07/13 10:29:19"
"C:\Users\81805\toto-edge-git\ml\player_engine\data\raw\matches\metadata\match_27567.json","605","2026/07/13 10:29:21"
"C:\Users\81805\toto-edge-git\ml\player_engine\data\raw\matches\metadata\match_27568.json","605","2026/07/13 10:29:23"
"C:\Users\81805\toto-edge-git\ml\player_engine\data\raw\matches\metadata\match_27569.json","605","2026/07/13 10:29:25"
"C:\Users\81805\toto-edge-git\ml\player_engine\data\raw\matches\metadata\match_27570.json","605","2026/07/13 10:29:27"
"C:\Users\81805\toto-edge-git\ml\player_engine\data\raw\matches\metadata\match_27571.json","605","2026/07/13 10:29:30"
"C:\Users\81805\toto-edge-git\ml\player_engine\data\raw\matches\metadata\match_27572.json","605","2026/07/13 10:29:32"
"C:\Users\81805\toto-edge-git\ml\player_engine\data\raw\matches\metadata\match_27573.json","605","2026/07/13 10:29:34"
"C:\Users\81805\toto-edge-git\ml\player_engine\data\raw\matches\metadata\match_27574.json","605","2026/07/13 10:29:36"
"C:\Users\81805\toto-edge-git\ml\player_engine\data\raw\matches\metadata\match_27575.json","605","2026/07/13 10:29:38"
"C:\Users\81805\toto-edge-git\ml\player_engine\data\raw\matches\metadata\match_27576.json","605","2026/07/13 10:29:40"
"C:\Users\81805\toto-edge-git\ml\player_engine\data\raw\matches\metadata\match_27577.json","605","2026/07/13 10:29:42"
"C:\Users\81805\toto-edge-git\ml\player_engine\data\raw\matches\metadata\match_27578.json","605","2026/07/13 10:29:44"
"C:\Users\81805\toto-edge-git\ml\player_engine\data\raw\matches\metadata\match_27579.json","605","2026/07/13 10:30:15"
"C:\Users\81805\toto-edge-git\ml\player_engine\data\raw\matches\metadata\match_27580.json","605","2026/07/13 10:30:15"
"C:\Users\81805\toto-edge-git\ml\player_engine\data\raw\matches\metadata\match_27581.json","605","2026/07/13 10:30:17"
"C:\Users\81805\toto-edge-git\ml\player_engine\data\raw\matches\metadata\match_27582.json","605","2026/07/13 10:30:19"
"C:\Users\81805\toto-edge-git\ml\player_engine\data\raw\matches\metadata\match_27583.json","605","2026/07/13 10:30:22"
"C:\Users\81805\toto-edge-git\ml\player_engine\data\raw\matches\metadata\match_27584.json","605","2026/07/13 10:30:24"
"C:\Users\81805\toto-edge-git\ml\player_engine\data\raw\matches\metadata\match_27585.json","605","2026/07/13 10:30:26"
"C:\Users\81805\toto-edge-git\ml\player_engine\data\raw\matches\metadata\match_27586.json","605","2026/07/13 10:30:28"
"C:\Users\81805\toto-edge-git\ml\player_engine\data\raw\matches\metadata\match_27587.json","605","2026/07/13 10:30:30"
"C:\Users\81805\toto-edge-git\ml\player_engine\data\raw\matches\metadata\match_27588.json","605","2026/07/13 10:30:32"
"C:\Users\81805\toto-edge-git\ml\player_engine\data\raw\matches\metadata\match_27589.json","605","2026/07/13 10:30:35"
"C:\Users\81805\toto-edge-git\ml\player_engine\data\raw\matches\metadata\match_27590.json","605","2026/07/13 10:30:37"
"C:\Users\81805\toto-edge-git\ml\player_engine\data\raw\matches\metadata\match_27591.json","605","2026/07/13 10:30:39"
"C:\Users\81805\toto-edge-git\ml\player_engine\data\raw\matches\metadata\match_27592.json","605","2026/07/13 10:30:41"
"C:\Users\81805\toto-edge-git\ml\player_engine\data\raw\matches\metadata\match_27593.json","605","2026/07/13 10:30:43"
"C:\Users\81805\toto-edge-git\ml\player_engine\data\raw\matches\metadata\match_27594.json","605","2026/07/13 10:30:45"
"C:\Users\81805\toto-edge-git\ml\player_engine\data\raw\matches\metadata\match_27595.json","605","2026/07/13 10:30:47"
"C:\Users\81805\toto-edge-git\ml\player_engine\data\raw\matches\metadata\match_27596.json","605","2026/07/13 10:30:50"
"C:\Users\81805\toto-edge-git\ml\player_engine\data\raw\matches\metadata\match_27597.json","605","2026/07/13 10:30:52"
"C:\Users\81805\toto-edge-git\ml\player_engine\data\raw\matches\metadata\match_27598.json","605","2026/07/13 10:30:54"
"C:\Users\81805\toto-edge-git\ml\player_engine\data\raw\matches\metadata\match_27599.json","605","2026/07/13 10:30:56"
"C:\Users\81805\toto-edge-git\ml\player_engine\data\raw\matches\metadata\match_27600.json","605","2026/07/13 10:30:58"
"C:\Users\81805\toto-edge-git\ml\player_engine\data\raw\matches\metadata\match_27601.json","605","2026/07/13 10:31:00"
"C:\Users\81805\toto-edge-git\ml\player_engine\data\raw\matches\metadata\match_27602.json","605","2026/07/13 10:31:02"
"C:\Users\81805\toto-edge-git\ml\player_engine\data\raw\matches\metadata\match_27603.json","605","2026/07/13 10:31:04"
"C:\Users\81805\toto-edge-git\ml\player_engine\data\raw\matches\metadata\match_27604.json","605","2026/07/13 10:31:07"
"C:\Users\81805\toto-edge-git\ml\player_engine\data\raw\matches\metadata\match_27605.json","605","2026/07/13 10:31:09"
"C:\Users\81805\toto-edge-git\ml\player_engine\data\raw\matches\metadata\match_27606.json","605","2026/07/13 10:31:11"
"C:\Users\81805\toto-edge-git\ml\player_engine\data\raw\matches\metadata\match_27607.json","605","2026/07/13 10:31:13"
"C:\Users\81805\toto-edge-git\ml\player_engine\data\raw\matches\metadata\match_27608.json","605","2026/07/13 10:31:15"
"C:\Users\81805\toto-edge-git\ml\player_engine\data\raw\matches\metadata\match_27609.json","605","2026/07/13 10:31:17"
"C:\Users\81805\toto-edge-git\ml\player_engine\data\raw\matches\metadata\match_27610.json","605","2026/07/13 10:31:20"
"C:\Users\81805\toto-edge-git\ml\player_engine\data\raw\matches\metadata\match_27611.json","605","2026/07/13 10:31:22"
"C:\Users\81805\toto-edge-git\ml\player_engine\data\raw\matches\metadata\match_27612.json","605","2026/07/13 10:31:24"
"C:\Users\81805\toto-edge-git\ml\player_engine\data\raw\matches\metadata\match_27613.json","605","2026/07/13 10:31:26"
"C:\Users\81805\toto-edge-git\ml\player_engine\data\raw\matches\metadata\match_27614.json","605","2026/07/13 10:31:28"
"C:\Users\81805\toto-edge-git\ml\player_engine\data\raw\matches\metadata\match_27615.json","605","2026/07/13 10:31:30"
"C:\Users\81805\toto-edge-git\ml\player_engine\data\raw\matches\metadata\match_27616.json","605","2026/07/13 10:31:32"
"C:\Users\81805\toto-edge-git\ml\player_engine\data\raw\matches\metadata\match_27617.json","605","2026/07/13 10:31:34"
"C:\Users\81805\toto-edge-git\ml\player_engine\data\raw\matches\metadata\match_27618.json","605","2026/07/13 10:31:37"
"C:\Users\81805\toto-edge-git\ml\player_engine\data\raw\matches\metadata\match_27619.json","605","2026/07/13 10:31:39"
"C:\Users\81805\toto-edge-git\ml\player_engine\data\raw\matches\metadata\match_27620.json","605","2026/07/13 10:31:41"
"C:\Users\81805\toto-edge-git\ml\player_engine\data\raw\matches\metadata\match_27621.json","605","2026/07/13 10:31:43"
"C:\Users\81805\toto-edge-git\ml\player_engine\data\raw\matches\metadata\match_27622.json","605","2026/07/13 10:31:45"
"C:\Users\81805\toto-edge-git\ml\player_engine\data\raw\matches\metadata\match_27623.json","605","2026/07/13 10:31:47"
"C:\Users\81805\toto-edge-git\ml\player_engine\data\raw\matches\metadata\match_27624.json","605","2026/07/13 10:31:50"
"C:\Users\81805\toto-edge-git\ml\player_engine\data\raw\matches\metadata\match_27625.json","605","2026/07/13 10:31:52"
"C:\Users\81805\toto-edge-git\ml\player_engine\data\raw\matches\metadata\match_27626.json","605","2026/07/13 10:31:54"
"C:\Users\81805\toto-edge-git\ml\player_engine\data\raw\matches\metadata\match_27627.json","605","2026/07/13 10:31:56"
"C:\Users\81805\toto-edge-git\ml\player_engine\data\raw\matches\metadata\match_27628.json","605","2026/07/13 10:31:58"
"C:\Users\81805\toto-edge-git\ml\player_engine\data\raw\matches\metadata\match_27629.json","605","2026/07/13 10:32:00"
"C:\Users\81805\toto-edge-git\ml\player_engine\data\raw\matches\metadata\match_27630.json","605","2026/07/13 10:32:02"
"C:\Users\81805\toto-edge-git\ml\player_engine\data\raw\matches\metadata\match_27631.json","605","2026/07/13 10:32:05"
"C:\Users\81805\toto-edge-git\ml\player_engine\data\raw\matches\metadata\match_27632.json","605","2026/07/13 10:32:07"
"C:\Users\81805\toto-edge-git\ml\player_engine\data\raw\matches\metadata\match_27633.json","605","2026/07/13 10:32:09"
"C:\Users\81805\toto-edge-git\ml\player_engine\data\raw\matches\metadata\match_28163.json","605","2026/07/13 10:32:10"
"C:\Users\81805\toto-edge-git\ml\player_engine\data\raw\matches\metadata\match_28164.json","605","2026/07/13 10:32:12"
"C:\Users\81805\toto-edge-git\ml\player_engine\data\raw\matches\metadata\match_28165.json","605","2026/07/13 10:32:14"
"C:\Users\81805\toto-edge-git\ml\player_engine\data\raw\matches\metadata\match_28166.json","605","2026/07/13 10:32:16"
"C:\Users\81805\toto-edge-git\ml\player_engine\data\raw\matches\metadata\match_28167.json","605","2026/07/13 10:32:18"
"C:\Users\81805\toto-edge-git\ml\player_engine\data\raw\matches\metadata\match_28168.json","605","2026/07/13 10:32:20"
"C:\Users\81805\toto-edge-git\ml\player_engine\data\raw\matches\metadata\match_28169.json","605","2026/07/13 10:32:23"
"C:\Users\81805\toto-edge-git\ml\player_engine\data\raw\matches\metadata\match_28170.json","605","2026/07/13 10:32:25"
"C:\Users\81805\toto-edge-git\ml\player_engine\data\raw\matches\metadata\match_28171.json","605","2026/07/13 10:32:27"
"C:\Users\81805\toto-edge-git\ml\player_engine\data\raw\matches\metadata\match_28172.json","605","2026/07/13 10:32:29"
"C:\Users\81805\toto-edge-git\ml\player_engine\data\raw\matches\metadata\match_28173.json","605","2026/07/13 10:32:31"
"C:\Users\81805\toto-edge-git\ml\player_engine\data\raw\matches\metadata\match_28174.json","605","2026/07/13 10:32:33"
"C:\Users\81805\toto-edge-git\ml\player_engine\data\raw\matches\metadata\match_28175.json","605","2026/07/13 10:32:35"
"C:\Users\81805\toto-edge-git\ml\player_engine\data\raw\matches\metadata\match_28176.json","605","2026/07/13 10:32:38"
"C:\Users\81805\toto-edge-git\ml\player_engine\data\raw\matches\metadata\match_28177.json","605","2026/07/13 10:32:40"
"C:\Users\81805\toto-edge-git\ml\player_engine\data\raw\matches\metadata\match_28178.json","605","2026/07/13 10:32:42"
"C:\Users\81805\toto-edge-git\ml\player_engine\data\raw\matches\metadata\match_28179.json","605","2026/07/13 10:32:44"
"C:\Users\81805\toto-edge-git\ml\player_engine\data\raw\matches\metadata\match_28180.json","605","2026/07/13 10:32:46"
"C:\Users\81805\toto-edge-git\ml\player_engine\data\raw\matches\metadata\match_28181.json","605","2026/07/13 10:32:48"
"C:\Users\81805\toto-edge-git\ml\player_engine\data\raw\matches\metadata\match_28182.json","605","2026/07/13 10:32:50"
"C:\Users\81805\toto-edge-git\ml\player_engine\data\raw\matches\metadata\match_28183.json","605","2026/07/13 10:32:53"
"C:\Users\81805\toto-edge-git\ml\player_engine\data\raw\matches\metadata\match_28184.json","605","2026/07/13 10:32:55"
"C:\Users\81805\toto-edge-git\ml\player_engine\data\raw\matches\metadata\match_28185.json","605","2026/07/13 10:32:57"
"C:\Users\81805\toto-edge-git\ml\player_engine\data\raw\matches\metadata\match_28186.json","605","2026/07/13 10:32:59"
"C:\Users\81805\toto-edge-git\ml\player_engine\data\raw\matches\metadata\match_28187.json","605","2026/07/13 10:33:01"
"C:\Users\81805\toto-edge-git\ml\player_engine\data\raw\matches\metadata\match_28188.json","605","2026/07/13 10:33:03"
"C:\Users\81805\toto-edge-git\ml\player_engine\data\raw\matches\metadata\match_28189.json","605","2026/07/13 10:33:05"
"C:\Users\81805\toto-edge-git\ml\player_engine\data\raw\matches\metadata\match_28190.json","605","2026/07/13 10:33:08"
"C:\Users\81805\toto-edge-git\ml\player_engine\data\raw\matches\metadata\match_28191.json","605","2026/07/13 10:33:10"
"C:\Users\81805\toto-edge-git\ml\player_engine\data\raw\matches\metadata\match_28192.json","605","2026/07/13 10:33:12"
"C:\Users\81805\toto-edge-git\ml\player_engine\data\raw\matches\metadata\match_28193.json","605","2026/07/13 10:33:14"
"C:\Users\81805\toto-edge-git\ml\player_engine\data\raw\matches\metadata\match_28194.json","605","2026/07/13 10:33:16"
"C:\Users\81805\toto-edge-git\ml\player_engine\data\raw\matches\metadata\match_28195.json","605","2026/07/13 10:33:18"
"C:\Users\81805\toto-edge-git\ml\player_engine\data\raw\matches\metadata\match_28196.json","605","2026/07/13 10:33:20"
"C:\Users\81805\toto-edge-git\ml\player_engine\data\raw\matches\metadata\match_28197.json","605","2026/07/13 10:33:23"
"C:\Users\81805\toto-edge-git\ml\player_engine\data\raw\matches\metadata\match_28198.json","605","2026/07/13 10:33:25"
"C:\Users\81805\toto-edge-git\ml\player_engine\data\raw\matches\metadata\match_28199.json","605","2026/07/13 10:33:27"
"C:\Users\81805\toto-edge-git\ml\player_engine\data\raw\matches\metadata\match_28200.json","605","2026/07/13 10:33:29"
"C:\Users\81805\toto-edge-git\ml\player_engine\data\raw\matches\metadata\match_28201.json","605","2026/07/13 10:33:31"
"C:\Users\81805\toto-edge-git\ml\player_engine\data\raw\matches\metadata\match_28202.json","605","2026/07/13 10:33:33"
"C:\Users\81805\toto-edge-git\ml\player_engine\data\raw\matches\metadata\match_28203.json","605","2026/07/13 10:33:35"
"C:\Users\81805\toto-edge-git\ml\player_engine\data\raw\matches\metadata\match_28204.json","605","2026/07/13 10:33:38"
"C:\Users\81805\toto-edge-git\ml\player_engine\data\raw\matches\metadata\match_28205.json","605","2026/07/13 10:33:40"
"C:\Users\81805\toto-edge-git\ml\player_engine\data\raw\matches\metadata\match_28206.json","605","2026/07/13 10:33:42"
"C:\Users\81805\toto-edge-git\ml\player_engine\data\raw\matches\metadata\match_28207.json","605","2026/07/13 10:33:44"
"C:\Users\81805\toto-edge-git\ml\player_engine\data\raw\matches\metadata\match_28208.json","605","2026/07/13 10:33:46"
"C:\Users\81805\toto-edge-git\ml\player_engine\data\raw\matches\metadata\match_28209.json","605","2026/07/13 10:33:48"
"C:\Users\81805\toto-edge-git\ml\player_engine\data\raw\matches\metadata\match_28210.json","605","2026/07/13 10:33:50"
"C:\Users\81805\toto-edge-git\ml\player_engine\data\raw\matches\metadata\match_28211.json","605","2026/07/13 10:33:53"
"C:\Users\81805\toto-edge-git\ml\player_engine\data\raw\matches\metadata\match_28212.json","605","2026/07/13 10:33:55"
"C:\Users\81805\toto-edge-git\ml\player_engine\data\raw\matches\metadata\match_28213.json","605","2026/07/13 10:33:57"
"C:\Users\81805\toto-edge-git\ml\player_engine\data\raw\matches\metadata\match_28214.json","605","2026/07/13 10:33:59"
"C:\Users\81805\toto-edge-git\ml\player_engine\data\raw\matches\metadata\match_28215.json","605","2026/07/13 10:34:01"
"C:\Users\81805\toto-edge-git\ml\player_engine\data\raw\matches\metadata\match_28216.json","605","2026/07/13 10:34:03"
"C:\Users\81805\toto-edge-git\ml\player_engine\data\raw\matches\metadata\match_28217.json","605","2026/07/13 10:34:05"
"C:\Users\81805\toto-edge-git\ml\player_engine\data\raw\matches\metadata\match_28218.json","605","2026/07/13 10:34:08"
"C:\Users\81805\toto-edge-git\ml\player_engine\data\raw\matches\metadata\match_28219.json","605","2026/07/13 10:34:10"
"C:\Users\81805\toto-edge-git\ml\player_engine\data\raw\matches\metadata\match_28220.json","605","2026/07/13 10:34:12"
"C:\Users\81805\toto-edge-git\ml\player_engine\data\raw\matches\metadata\match_28221.json","605","2026/07/13 10:34:14"
"C:\Users\81805\toto-edge-git\ml\player_engine\data\raw\matches\metadata\match_28222.json","605","2026/07/13 10:34:16"
"C:\Users\81805\toto-edge-git\ml\player_engine\data\raw\matches\metadata\match_28223.json","605","2026/07/13 10:34:18"
"C:\Users\81805\toto-edge-git\ml\player_engine\data\raw\matches\metadata\match_28224.json","605","2026/07/13 10:34:20"
"C:\Users\81805\toto-edge-git\ml\player_engine\data\raw\matches\metadata\match_28225.json","605","2026/07/13 10:34:23"
"C:\Users\81805\toto-edge-git\ml\player_engine\data\raw\matches\metadata\match_28226.json","605","2026/07/13 10:34:25"
"C:\Users\81805\toto-edge-git\ml\player_engine\data\raw\matches\metadata\match_28227.json","605","2026/07/13 10:34:27"
"C:\Users\81805\toto-edge-git\ml\player_engine\data\raw\matches\metadata\match_28228.json","605","2026/07/13 10:34:29"
"C:\Users\81805\toto-edge-git\ml\player_engine\data\raw\matches\metadata\match_28229.json","605","2026/07/13 10:34:31"
"C:\Users\81805\toto-edge-git\ml\player_engine\data\raw\matches\metadata\match_28230.json","605","2026/07/13 10:34:33"
"C:\Users\81805\toto-edge-git\ml\player_engine\data\raw\matches\metadata\match_28231.json","605","2026/07/13 10:34:35"
"C:\Users\81805\toto-edge-git\ml\player_engine\data\raw\matches\metadata\match_28232.json","605","2026/07/13 10:34:37"
"C:\Users\81805\toto-edge-git\ml\player_engine\data\raw\matches\metadata\match_28233.json","605","2026/07/13 10:34:40"
"C:\Users\81805\toto-edge-git\ml\player_engine\data\raw\matches\metadata\match_28234.json","605","2026/07/13 10:34:42"
"C:\Users\81805\toto-edge-git\ml\player_engine\data\raw\matches\metadata\match_28235.json","605","2026/07/13 10:34:44"
"C:\Users\81805\toto-edge-git\ml\player_engine\data\raw\matches\metadata\match_28236.json","605","2026/07/13 10:34:46"
"C:\Users\81805\toto-edge-git\ml\player_engine\data\raw\matches\metadata\match_28237.json","605","2026/07/13 10:34:48"
"C:\Users\81805\toto-edge-git\ml\player_engine\data\raw\matches\metadata\match_28238.json","605","2026/07/13 10:34:50"
"C:\Users\81805\toto-edge-git\ml\player_engine\data\raw\matches\metadata\match_28239.json","605","2026/07/13 10:34:53"
"C:\Users\81805\toto-edge-git\ml\player_engine\data\raw\matches\metadata\match_28240.json","605","2026/07/13 10:34:55"
"C:\Users\81805\toto-edge-git\ml\player_engine\data\raw\matches\metadata\match_28241.json","605","2026/07/13 10:34:57"
"C:\Users\81805\toto-edge-git\ml\player_engine\data\raw\matches\metadata\match_28242.json","605","2026/07/13 10:34:59"
"C:\Users\81805\toto-edge-git\ml\player_engine\data\raw\matches\metadata\match_28243.json","605","2026/07/13 10:35:01"
"C:\Users\81805\toto-edge-git\ml\player_engine\data\raw\matches\metadata\match_28244.json","605","2026/07/13 10:35:03"
"C:\Users\81805\toto-edge-git\ml\player_engine\data\raw\matches\metadata\match_28245.json","605","2026/07/13 10:35:05"
"C:\Users\81805\toto-edge-git\ml\player_engine\data\raw\matches\metadata\match_28246.json","605","2026/07/13 10:35:07"
"C:\Users\81805\toto-edge-git\ml\player_engine\data\raw\matches\metadata\match_28247.json","605","2026/07/13 10:35:10"
"C:\Users\81805\toto-edge-git\ml\player_engine\data\raw\matches\metadata\match_28248.json","605","2026/07/13 10:35:12"
"C:\Users\81805\toto-edge-git\ml\player_engine\data\raw\matches\metadata\match_28249.json","605","2026/07/13 10:35:14"
"C:\Users\81805\toto-edge-git\ml\player_engine\data\raw\matches\metadata\match_28250.json","605","2026/07/13 10:35:16"
"C:\Users\81805\toto-edge-git\ml\player_engine\data\raw\matches\metadata\match_28251.json","605","2026/07/13 10:35:18"
"C:\Users\81805\toto-edge-git\ml\player_engine\data\raw\matches\metadata\match_28252.json","605","2026/07/13 10:35:20"
"C:\Users\81805\toto-edge-git\ml\player_engine\data\raw\matches\metadata\match_28253.json","605","2026/07/13 10:35:22"
"C:\Users\81805\toto-edge-git\ml\player_engine\data\raw\matches\metadata\match_28254.json","605","2026/07/13 10:35:24"
"C:\Users\81805\toto-edge-git\ml\player_engine\data\raw\matches\metadata\match_28255.json","605","2026/07/13 10:35:27"
"C:\Users\81805\toto-edge-git\ml\player_engine\data\raw\matches\metadata\match_28256.json","605","2026/07/13 10:35:29"
"C:\Users\81805\toto-edge-git\ml\player_engine\data\raw\matches\metadata\match_28257.json","605","2026/07/13 10:35:31"
"C:\Users\81805\toto-edge-git\ml\player_engine\data\raw\matches\metadata\match_28258.json","605","2026/07/13 10:35:33"
"C:\Users\81805\toto-edge-git\ml\player_engine\data\raw\matches\metadata\match_28259.json","605","2026/07/13 10:35:35"
"C:\Users\81805\toto-edge-git\ml\player_engine\data\raw\matches\metadata\match_28260.json","605","2026/07/13 10:35:37"
"C:\Users\81805\toto-edge-git\ml\player_engine\data\raw\matches\metadata\match_28261.json","605","2026/07/13 10:35:39"
"C:\Users\81805\toto-edge-git\ml\player_engine\data\raw\matches\metadata\match_28262.json","605","2026/07/13 10:35:42"
"C:\Users\81805\toto-edge-git\ml\player_engine\data\raw\matches\metadata\match_28263.json","605","2026/07/13 10:35:44"
"C:\Users\81805\toto-edge-git\ml\player_engine\data\raw\matches\metadata\match_28264.json","605","2026/07/13 10:35:46"
"C:\Users\81805\toto-edge-git\ml\player_engine\data\raw\matches\metadata\match_28265.json","605","2026/07/13 10:35:48"
"C:\Users\81805\toto-edge-git\ml\player_engine\data\raw\matches\metadata\match_28266.json","605","2026/07/13 10:35:50"
"C:\Users\81805\toto-edge-git\ml\player_engine\data\raw\matches\metadata\match_28267.json","605","2026/07/13 10:35:52"
"C:\Users\81805\toto-edge-git\ml\player_engine\data\raw\matches\metadata\match_28268.json","605","2026/07/13 10:35:54"
"C:\Users\81805\toto-edge-git\ml\player_engine\data\raw\matches\metadata\match_28269.json","605","2026/07/13 10:35:57"
"C:\Users\81805\toto-edge-git\ml\player_engine\data\raw\matches\metadata\match_28270.json","605","2026/07/13 10:35:59"
"C:\Users\81805\toto-edge-git\ml\player_engine\data\raw\matches\metadata\match_28271.json","605","2026/07/13 10:36:01"
"C:\Users\81805\toto-edge-git\ml\player_engine\data\raw\matches\metadata\match_28272.json","605","2026/07/13 10:36:03"
"C:\Users\81805\toto-edge-git\ml\player_engine\data\raw\matches\metadata\match_28273.json","605","2026/07/13 10:36:05"
"C:\Users\81805\toto-edge-git\ml\player_engine\data\raw\matches\metadata\match_28274.json","605","2026/07/13 10:36:07"
"C:\Users\81805\toto-edge-git\ml\player_engine\data\raw\matches\metadata\match_28275.json","605","2026/07/13 10:36:09"
"C:\Users\81805\toto-edge-git\ml\player_engine\data\raw\matches\metadata\match_28276.json","605","2026/07/13 10:36:11"
"C:\Users\81805\toto-edge-git\ml\player_engine\data\raw\matches\metadata\match_28277.json","605","2026/07/13 10:36:14"
"C:\Users\81805\toto-edge-git\ml\player_engine\data\raw\matches\metadata\match_28278.json","605","2026/07/13 10:36:16"
"C:\Users\81805\toto-edge-git\ml\player_engine\data\raw\matches\metadata\match_28279.json","605","2026/07/13 10:36:18"
"C:\Users\81805\toto-edge-git\ml\player_engine\data\raw\matches\metadata\match_28280.json","605","2026/07/13 10:36:20"
"C:\Users\81805\toto-edge-git\ml\player_engine\data\raw\matches\metadata\match_28281.json","605","2026/07/13 10:36:22"
"C:\Users\81805\toto-edge-git\ml\player_engine\data\raw\matches\metadata\match_28282.json","605","2026/07/13 10:36:24"
"C:\Users\81805\toto-edge-git\ml\player_engine\data\raw\matches\metadata\match_28283.json","605","2026/07/13 10:36:26"
"C:\Users\81805\toto-edge-git\ml\player_engine\data\raw\matches\metadata\match_28284.json","605","2026/07/13 10:36:29"
"C:\Users\81805\toto-edge-git\ml\player_engine\data\raw\matches\metadata\match_28285.json","605","2026/07/13 10:36:31"
"C:\Users\81805\toto-edge-git\ml\player_engine\data\raw\matches\metadata\match_28286.json","605","2026/07/13 10:36:33"
"C:\Users\81805\toto-edge-git\ml\player_engine\data\raw\matches\metadata\match_28287.json","605","2026/07/13 10:36:35"
"C:\Users\81805\toto-edge-git\ml\player_engine\data\raw\matches\metadata\match_28288.json","605","2026/07/13 10:36:37"
"C:\Users\81805\toto-edge-git\ml\player_engine\data\raw\matches\metadata\match_28289.json","605","2026/07/13 10:36:39"
"C:\Users\81805\toto-edge-git\ml\player_engine\data\raw\matches\metadata\match_28290.json","605","2026/07/13 10:36:41"
"C:\Users\81805\toto-edge-git\ml\player_engine\data\raw\matches\metadata\match_28291.json","605","2026/07/13 10:36:43"
"C:\Users\81805\toto-edge-git\ml\player_engine\data\raw\matches\metadata\match_28292.json","605","2026/07/13 10:36:46"
"C:\Users\81805\toto-edge-git\ml\player_engine\data\raw\matches\metadata\match_28293.json","605","2026/07/13 10:36:48"
"C:\Users\81805\toto-edge-git\ml\player_engine\data\raw\matches\metadata\match_28294.json","605","2026/07/13 10:36:50"
"C:\Users\81805\toto-edge-git\ml\player_engine\data\raw\matches\metadata\match_28295.json","605","2026/07/13 10:36:52"
"C:\Users\81805\toto-edge-git\ml\player_engine\data\raw\matches\metadata\match_28296.json","605","2026/07/13 10:36:54"
"C:\Users\81805\toto-edge-git\ml\player_engine\data\raw\matches\metadata\match_28297.json","605","2026/07/13 10:36:56"
"C:\Users\81805\toto-edge-git\ml\player_engine\data\raw\matches\metadata\match_28298.json","605","2026/07/13 10:36:58"
"C:\Users\81805\toto-edge-git\ml\player_engine\data\raw\matches\metadata\match_28299.json","605","2026/07/13 10:37:01"
"C:\Users\81805\toto-edge-git\ml\player_engine\data\raw\matches\metadata\match_28300.json","605","2026/07/13 10:37:03"
"C:\Users\81805\toto-edge-git\ml\player_engine\data\raw\matches\metadata\match_28301.json","605","2026/07/13 10:37:05"
"C:\Users\81805\toto-edge-git\ml\player_engine\data\raw\matches\metadata\match_28302.json","605","2026/07/13 10:37:07"
"C:\Users\81805\toto-edge-git\ml\player_engine\data\raw\matches\metadata\match_28303.json","605","2026/07/13 10:37:09"
"C:\Users\81805\toto-edge-git\ml\player_engine\data\raw\matches\metadata\match_28304.json","605","2026/07/13 10:37:11"
"C:\Users\81805\toto-edge-git\ml\player_engine\data\raw\matches\metadata\match_28305.json","605","2026/07/13 10:37:13"
"C:\Users\81805\toto-edge-git\ml\player_engine\data\raw\matches\metadata\match_28306.json","605","2026/07/13 10:37:16"
"C:\Users\81805\toto-edge-git\ml\player_engine\data\raw\matches\metadata\match_28307.json","605","2026/07/13 10:37:18"
"C:\Users\81805\toto-edge-git\ml\player_engine\data\raw\matches\metadata\match_28308.json","605","2026/07/13 10:37:20"
"C:\Users\81805\toto-edge-git\ml\player_engine\data\raw\matches\metadata\match_28309.json","605","2026/07/13 10:37:22"
"C:\Users\81805\toto-edge-git\ml\player_engine\data\raw\matches\metadata\match_28310.json","605","2026/07/13 10:37:24"
"C:\Users\81805\toto-edge-git\ml\player_engine\data\raw\matches\metadata\match_28311.json","605","2026/07/13 10:37:26"
"C:\Users\81805\toto-edge-git\ml\player_engine\data\raw\matches\metadata\match_28312.json","605","2026/07/13 10:37:28"
"C:\Users\81805\toto-edge-git\ml\player_engine\data\raw\matches\metadata\match_28313.json","605","2026/07/13 10:37:30"
"C:\Users\81805\toto-edge-git\ml\player_engine\data\raw\matches\metadata\match_28314.json","605","2026/07/13 10:37:33"
"C:\Users\81805\toto-edge-git\ml\player_engine\data\raw\matches\metadata\match_28315.json","605","2026/07/13 10:37:35"
"C:\Users\81805\toto-edge-git\ml\player_engine\data\raw\matches\metadata\match_28316.json","605","2026/07/13 10:37:37"
"C:\Users\81805\toto-edge-git\ml\player_engine\data\raw\matches\metadata\match_28317.json","605","2026/07/13 10:37:39"
"C:\Users\81805\toto-edge-git\ml\player_engine\data\raw\matches\metadata\match_28318.json","605","2026/07/13 10:37:41"
"C:\Users\81805\toto-edge-git\ml\player_engine\data\raw\matches\metadata\match_28319.json","605","2026/07/13 10:37:43"
"C:\Users\81805\toto-edge-git\ml\player_engine\data\raw\matches\metadata\match_28320.json","605","2026/07/13 10:37:45"
"C:\Users\81805\toto-edge-git\ml\player_engine\data\raw\matches\metadata\match_28321.json","605","2026/07/13 10:37:47"
"C:\Users\81805\toto-edge-git\ml\player_engine\data\raw\matches\metadata\match_28322.json","605","2026/07/13 10:37:50"
"C:\Users\81805\toto-edge-git\ml\player_engine\data\raw\matches\metadata\match_28323.json","605","2026/07/13 10:37:52"
"C:\Users\81805\toto-edge-git\ml\player_engine\data\raw\matches\metadata\match_28324.json","605","2026/07/13 10:37:54"
"C:\Users\81805\toto-edge-git\ml\player_engine\data\raw\matches\metadata\match_28325.json","605","2026/07/13 10:37:56"
"C:\Users\81805\toto-edge-git\ml\player_engine\data\raw\matches\metadata\match_28326.json","605","2026/07/13 10:37:58"
"C:\Users\81805\toto-edge-git\ml\player_engine\data\raw\matches\metadata\match_28327.json","605","2026/07/13 10:38:00"
"C:\Users\81805\toto-edge-git\ml\player_engine\data\raw\matches\metadata\match_28328.json","605","2026/07/13 10:38:03"
"C:\Users\81805\toto-edge-git\ml\player_engine\data\raw\matches\metadata\match_28329.json","605","2026/07/13 10:38:05"
"C:\Users\81805\toto-edge-git\ml\player_engine\data\raw\matches\metadata\match_28330.json","605","2026/07/13 10:38:07"
"C:\Users\81805\toto-edge-git\ml\player_engine\data\raw\matches\metadata\match_28331.json","605","2026/07/13 10:38:09"
"C:\Users\81805\toto-edge-git\ml\player_engine\data\raw\matches\metadata\match_28332.json","605","2026/07/13 10:38:11"
"C:\Users\81805\toto-edge-git\ml\player_engine\data\raw\matches\metadata\match_28333.json","605","2026/07/13 10:38:13"
"C:\Users\81805\toto-edge-git\ml\player_engine\data\raw\matches\metadata\match_28334.json","605","2026/07/13 10:38:15"
"C:\Users\81805\toto-edge-git\ml\player_engine\data\raw\matches\metadata\match_28335.json","605","2026/07/13 10:38:17"
"C:\Users\81805\toto-edge-git\ml\player_engine\data\raw\matches\metadata\match_28336.json","605","2026/07/13 10:38:20"
"C:\Users\81805\toto-edge-git\ml\player_engine\data\raw\matches\metadata\match_28337.json","605","2026/07/13 10:38:22"
"C:\Users\81805\toto-edge-git\ml\player_engine\data\raw\matches\metadata\match_28338.json","605","2026/07/13 10:38:24"
"C:\Users\81805\toto-edge-git\ml\player_engine\data\raw\matches\metadata\match_28339.json","605","2026/07/13 10:38:26"
"C:\Users\81805\toto-edge-git\ml\player_engine\data\raw\matches\metadata\match_28340.json","605","2026/07/13 10:38:28"
"C:\Users\81805\toto-edge-git\ml\player_engine\data\raw\matches\metadata\match_28341.json","605","2026/07/13 10:38:30"
"C:\Users\81805\toto-edge-git\ml\player_engine\data\raw\matches\metadata\match_28342.json","605","2026/07/13 10:38:32"
"C:\Users\81805\toto-edge-git\ml\player_engine\data\raw\matches\metadata\match_28343.json","605","2026/07/13 10:38:35"
"C:\Users\81805\toto-edge-git\ml\player_engine\data\raw\matches\metadata\match_28344.json","605","2026/07/13 10:38:37"
"C:\Users\81805\toto-edge-git\ml\player_engine\data\raw\matches\metadata\match_28345.json","605","2026/07/13 10:38:39"
"C:\Users\81805\toto-edge-git\ml\player_engine\data\raw\matches\metadata\match_28346.json","605","2026/07/13 10:38:41"
"C:\Users\81805\toto-edge-git\ml\player_engine\data\raw\matches\metadata\match_28347.json","605","2026/07/13 10:38:43"
"C:\Users\81805\toto-edge-git\ml\player_engine\data\raw\matches\metadata\match_28348.json","605","2026/07/13 10:38:45"
"C:\Users\81805\toto-edge-git\ml\player_engine\data\raw\matches\metadata\match_28349.json","605","2026/07/13 10:38:47"
"C:\Users\81805\toto-edge-git\ml\player_engine\data\raw\matches\metadata\match_28350.json","605","2026/07/13 10:38:50"
"C:\Users\81805\toto-edge-git\ml\player_engine\data\raw\matches\metadata\match_28351.json","605","2026/07/13 10:38:52"
"C:\Users\81805\toto-edge-git\ml\player_engine\data\raw\matches\metadata\match_28352.json","605","2026/07/13 10:38:54"
"C:\Users\81805\toto-edge-git\ml\player_engine\data\raw\matches\metadata\match_28353.json","605","2026/07/13 10:38:56"
"C:\Users\81805\toto-edge-git\ml\player_engine\data\raw\matches\metadata\match_28354.json","605","2026/07/13 10:38:58"
"C:\Users\81805\toto-edge-git\ml\player_engine\data\raw\matches\metadata\match_28355.json","605","2026/07/13 10:39:00"
"C:\Users\81805\toto-edge-git\ml\player_engine\data\raw\matches\metadata\match_28356.json","605","2026/07/13 10:39:02"
"C:\Users\81805\toto-edge-git\ml\player_engine\data\raw\matches\metadata\match_28357.json","605","2026/07/13 10:39:05"
"C:\Users\81805\toto-edge-git\ml\player_engine\data\raw\matches\metadata\match_28358.json","605","2026/07/13 10:39:07"
"C:\Users\81805\toto-edge-git\ml\player_engine\data\raw\matches\metadata\match_28359.json","605","2026/07/13 10:39:09"
"C:\Users\81805\toto-edge-git\ml\player_engine\data\raw\matches\metadata\match_28360.json","605","2026/07/13 10:39:11"
"C:\Users\81805\toto-edge-git\ml\player_engine\data\raw\matches\metadata\match_28361.json","605","2026/07/13 10:39:13"
"C:\Users\81805\toto-edge-git\ml\player_engine\data\raw\matches\metadata\match_28362.json","605","2026/07/13 10:39:15"
"C:\Users\81805\toto-edge-git\ml\player_engine\data\raw\matches\metadata\match_28363.json","605","2026/07/13 10:39:18"
"C:\Users\81805\toto-edge-git\ml\player_engine\data\raw\matches\metadata\match_28364.json","605","2026/07/13 10:39:20"
"C:\Users\81805\toto-edge-git\ml\player_engine\data\raw\matches\metadata\match_28365.json","605","2026/07/13 10:39:22"
"C:\Users\81805\toto-edge-git\ml\player_engine\data\raw\matches\metadata\match_28366.json","605","2026/07/13 10:39:24"
"C:\Users\81805\toto-edge-git\ml\player_engine\data\raw\matches\metadata\match_28367.json","605","2026/07/13 10:39:26"
"C:\Users\81805\toto-edge-git\ml\player_engine\data\raw\matches\metadata\match_28368.json","605","2026/07/13 10:39:28"
"C:\Users\81805\toto-edge-git\ml\player_engine\data\raw\matches\metadata\match_28369.json","605","2026/07/13 10:39:31"
"C:\Users\81805\toto-edge-git\ml\player_engine\data\raw\matches\metadata\match_28370.json","605","2026/07/13 10:39:33"
"C:\Users\81805\toto-edge-git\ml\player_engine\data\raw\matches\metadata\match_28371.json","605","2026/07/13 10:39:35"
"C:\Users\81805\toto-edge-git\ml\player_engine\data\raw\matches\metadata\match_28372.json","605","2026/07/13 10:39:37"
"C:\Users\81805\toto-edge-git\ml\player_engine\data\raw\matches\metadata\match_28373.json","605","2026/07/13 10:39:39"
"C:\Users\81805\toto-edge-git\ml\player_engine\data\raw\matches\metadata\match_28374.json","605","2026/07/13 10:39:41"
"C:\Users\81805\toto-edge-git\ml\player_engine\data\raw\matches\metadata\match_28375.json","605","2026/07/13 10:39:44"
"C:\Users\81805\toto-edge-git\ml\player_engine\data\raw\matches\metadata\match_28376.json","605","2026/07/13 10:39:46"
"C:\Users\81805\toto-edge-git\ml\player_engine\data\raw\matches\metadata\match_28377.json","605","2026/07/13 10:39:48"
"C:\Users\81805\toto-edge-git\ml\player_engine\data\raw\matches\metadata\match_28378.json","605","2026/07/13 10:39:50"
"C:\Users\81805\toto-edge-git\ml\player_engine\data\raw\matches\metadata\match_28379.json","605","2026/07/13 10:39:52"
"C:\Users\81805\toto-edge-git\ml\player_engine\data\raw\matches\metadata\match_28380.json","605","2026/07/13 10:39:54"
"C:\Users\81805\toto-edge-git\ml\player_engine\data\raw\matches\metadata\match_28381.json","605","2026/07/13 10:39:56"
"C:\Users\81805\toto-edge-git\ml\player_engine\data\raw\matches\metadata\match_28382.json","605","2026/07/13 10:39:59"
"C:\Users\81805\toto-edge-git\ml\player_engine\data\raw\matches\metadata\match_28383.json","605","2026/07/13 10:40:01"
"C:\Users\81805\toto-edge-git\ml\player_engine\data\raw\matches\metadata\match_28384.json","605","2026/07/13 10:40:03"
"C:\Users\81805\toto-edge-git\ml\player_engine\data\raw\matches\metadata\match_28385.json","605","2026/07/13 10:40:05"
"C:\Users\81805\toto-edge-git\ml\player_engine\data\raw\matches\metadata\match_28386.json","605","2026/07/13 10:40:07"
"C:\Users\81805\toto-edge-git\ml\player_engine\data\raw\matches\metadata\match_28387.json","605","2026/07/13 10:40:09"
"C:\Users\81805\toto-edge-git\ml\player_engine\data\raw\matches\metadata\match_28388.json","605","2026/07/13 10:40:11"
"C:\Users\81805\toto-edge-git\ml\player_engine\data\raw\matches\metadata\match_28389.json","605","2026/07/13 10:40:14"
"C:\Users\81805\toto-edge-git\ml\player_engine\data\raw\matches\metadata\match_28390.json","605","2026/07/13 10:40:16"
"C:\Users\81805\toto-edge-git\ml\player_engine\data\raw\matches\metadata\match_28391.json","605","2026/07/13 10:40:18"
"C:\Users\81805\toto-edge-git\ml\player_engine\data\raw\matches\metadata\match_28392.json","605","2026/07/13 10:40:20"
"C:\Users\81805\toto-edge-git\ml\player_engine\data\raw\matches\metadata\match_28393.json","605","2026/07/13 10:40:22"
"C:\Users\81805\toto-edge-git\ml\player_engine\data\raw\matches\metadata\match_28394.json","605","2026/07/13 10:40:24"
"C:\Users\81805\toto-edge-git\ml\player_engine\data\raw\matches\metadata\match_28395.json","605","2026/07/13 10:40:26"
"C:\Users\81805\toto-edge-git\ml\player_engine\data\raw\matches\metadata\match_28396.json","605","2026/07/13 10:40:29"
"C:\Users\81805\toto-edge-git\ml\player_engine\data\raw\matches\metadata\match_28397.json","605","2026/07/13 10:40:31"
"C:\Users\81805\toto-edge-git\ml\player_engine\data\raw\matches\metadata\match_28398.json","605","2026/07/13 10:40:33"
"C:\Users\81805\toto-edge-git\ml\player_engine\data\raw\matches\metadata\match_28399.json","605","2026/07/13 10:40:35"
"C:\Users\81805\toto-edge-git\ml\player_engine\data\raw\matches\metadata\match_28400.json","605","2026/07/13 10:40:37"
"C:\Users\81805\toto-edge-git\ml\player_engine\data\raw\matches\metadata\match_28401.json","605","2026/07/13 10:40:39"
"C:\Users\81805\toto-edge-git\ml\player_engine\data\raw\matches\metadata\match_28402.json","605","2026/07/13 10:40:41"
"C:\Users\81805\toto-edge-git\ml\player_engine\data\raw\matches\metadata\match_28403.json","605","2026/07/13 10:40:44"
"C:\Users\81805\toto-edge-git\ml\player_engine\data\raw\matches\metadata\match_28404.json","605","2026/07/13 10:40:46"
"C:\Users\81805\toto-edge-git\ml\player_engine\data\raw\matches\metadata\match_28405.json","605","2026/07/13 10:40:48"
"C:\Users\81805\toto-edge-git\ml\player_engine\data\raw\matches\metadata\match_28406.json","605","2026/07/13 10:40:50"
"C:\Users\81805\toto-edge-git\ml\player_engine\data\raw\matches\metadata\match_28407.json","605","2026/07/13 10:40:52"
"C:\Users\81805\toto-edge-git\ml\player_engine\data\raw\matches\metadata\match_28408.json","605","2026/07/13 10:40:54"
"C:\Users\81805\toto-edge-git\ml\player_engine\data\raw\matches\metadata\match_28409.json","605","2026/07/13 10:40:56"
"C:\Users\81805\toto-edge-git\ml\player_engine\data\raw\matches\metadata\match_28410.json","605","2026/07/13 10:40:59"
"C:\Users\81805\toto-edge-git\ml\player_engine\data\raw\matches\metadata\match_28411.json","605","2026/07/13 10:41:01"
"C:\Users\81805\toto-edge-git\ml\player_engine\data\raw\matches\metadata\match_28412.json","605","2026/07/13 10:41:03"
"C:\Users\81805\toto-edge-git\ml\player_engine\data\raw\matches\metadata\match_28413.json","605","2026/07/13 10:41:05"
"C:\Users\81805\toto-edge-git\ml\player_engine\data\raw\matches\metadata\match_28414.json","605","2026/07/13 10:41:07"
"C:\Users\81805\toto-edge-git\ml\player_engine\data\raw\matches\metadata\match_28415.json","605","2026/07/13 10:41:09"
"C:\Users\81805\toto-edge-git\ml\player_engine\data\raw\matches\metadata\match_28416.json","605","2026/07/13 10:41:11"
"C:\Users\81805\toto-edge-git\ml\player_engine\data\raw\matches\metadata\match_28417.json","605","2026/07/13 10:41:14"
"C:\Users\81805\toto-edge-git\ml\player_engine\data\raw\matches\metadata\match_28418.json","605","2026/07/13 10:41:16"
"C:\Users\81805\toto-edge-git\ml\player_engine\data\raw\matches\metadata\match_28419.json","605","2026/07/13 10:41:18"
"C:\Users\81805\toto-edge-git\ml\player_engine\data\raw\matches\metadata\match_28420.json","605","2026/07/13 10:41:20"
"C:\Users\81805\toto-edge-git\ml\player_engine\data\raw\matches\metadata\match_28421.json","605","2026/07/13 10:41:22"
"C:\Users\81805\toto-edge-git\ml\player_engine\data\raw\matches\metadata\match_28422.json","605","2026/07/13 10:41:24"
"C:\Users\81805\toto-edge-git\ml\player_engine\data\raw\matches\metadata\match_28423.json","605","2026/07/13 10:41:26"
"C:\Users\81805\toto-edge-git\ml\player_engine\data\raw\matches\metadata\match_28424.json","605","2026/07/13 10:41:28"
"C:\Users\81805\toto-edge-git\ml\player_engine\data\raw\matches\metadata\match_28425.json","605","2026/07/13 10:41:31"
"C:\Users\81805\toto-edge-git\ml\player_engine\data\raw\matches\metadata\match_28426.json","605","2026/07/13 10:41:33"
"C:\Users\81805\toto-edge-git\ml\player_engine\data\raw\matches\metadata\match_28427.json","605","2026/07/13 10:41:35"
"C:\Users\81805\toto-edge-git\ml\player_engine\data\raw\matches\metadata\match_28428.json","605","2026/07/13 10:41:37"
"C:\Users\81805\toto-edge-git\ml\player_engine\data\raw\matches\metadata\match_28429.json","605","2026/07/13 10:41:39"
"C:\Users\81805\toto-edge-git\ml\player_engine\data\raw\matches\metadata\match_28430.json","605","2026/07/13 10:41:41"
"C:\Users\81805\toto-edge-git\ml\player_engine\data\raw\matches\metadata\match_28431.json","605","2026/07/13 10:41:44"
"C:\Users\81805\toto-edge-git\ml\player_engine\data\raw\matches\metadata\match_28432.json","605","2026/07/13 10:41:46"
"C:\Users\81805\toto-edge-git\ml\player_engine\data\raw\matches\metadata\match_28433.json","605","2026/07/13 10:41:48"
"C:\Users\81805\toto-edge-git\ml\player_engine\data\raw\matches\metadata\match_28434.json","605","2026/07/13 10:41:50"
"C:\Users\81805\toto-edge-git\ml\player_engine\data\raw\matches\metadata\match_28435.json","605","2026/07/13 10:41:52"
"C:\Users\81805\toto-edge-git\ml\player_engine\data\raw\matches\metadata\match_28436.json","605","2026/07/13 10:41:54"
"C:\Users\81805\toto-edge-git\ml\player_engine\data\raw\matches\metadata\match_28437.json","605","2026/07/13 10:41:56"
"C:\Users\81805\toto-edge-git\ml\player_engine\data\raw\matches\metadata\match_28438.json","605","2026/07/13 10:41:58"
"C:\Users\81805\toto-edge-git\ml\player_engine\data\raw\matches\metadata\match_28439.json","605","2026/07/13 10:42:01"
"C:\Users\81805\toto-edge-git\ml\player_engine\data\raw\matches\metadata\match_28440.json","605","2026/07/13 10:42:03"
"C:\Users\81805\toto-edge-git\ml\player_engine\data\raw\matches\metadata\match_28441.json","605","2026/07/13 10:42:05"
"C:\Users\81805\toto-edge-git\ml\player_engine\data\raw\matches\metadata\match_28442.json","605","2026/07/13 10:42:07"
"C:\Users\81805\toto-edge-git\ml\player_engine\data\raw\matches\metadata\match_28443.json","605","2026/07/13 10:42:09"
"C:\Users\81805\toto-edge-git\ml\player_engine\data\raw\matches\metadata\match_28444.json","605","2026/07/13 10:42:11"
"C:\Users\81805\toto-edge-git\ml\player_engine\data\raw\matches\metadata\match_28445.json","605","2026/07/13 10:42:13"
"C:\Users\81805\toto-edge-git\ml\player_engine\data\raw\matches\metadata\match_28446.json","605","2026/07/13 10:42:16"
"C:\Users\81805\toto-edge-git\ml\player_engine\data\raw\matches\metadata\match_28447.json","605","2026/07/13 10:42:18"
"C:\Users\81805\toto-edge-git\ml\player_engine\data\raw\matches\metadata\match_28448.json","605","2026/07/13 10:42:20"
"C:\Users\81805\toto-edge-git\ml\player_engine\data\raw\matches\metadata\match_28449.json","605","2026/07/13 10:42:22"
"C:\Users\81805\toto-edge-git\ml\player_engine\data\raw\matches\metadata\match_28450.json","605","2026/07/13 10:42:24"
"C:\Users\81805\toto-edge-git\ml\player_engine\data\raw\matches\metadata\match_28451.json","605","2026/07/13 10:42:26"
"C:\Users\81805\toto-edge-git\ml\player_engine\data\raw\matches\metadata\match_28452.json","605","2026/07/13 10:42:28"
"C:\Users\81805\toto-edge-git\ml\player_engine\data\raw\matches\metadata\match_28453.json","605","2026/07/13 10:42:31"
"C:\Users\81805\toto-edge-git\ml\player_engine\data\raw\matches\metadata\match_28454.json","605","2026/07/13 10:42:33"
"C:\Users\81805\toto-edge-git\ml\player_engine\data\raw\matches\metadata\match_28455.json","605","2026/07/13 10:42:35"
"C:\Users\81805\toto-edge-git\ml\player_engine\data\raw\matches\metadata\match_28456.json","605","2026/07/13 10:42:37"
"C:\Users\81805\toto-edge-git\ml\player_engine\data\raw\matches\metadata\match_28457.json","605","2026/07/13 10:42:39"
"C:\Users\81805\toto-edge-git\ml\player_engine\data\raw\matches\metadata\match_28458.json","605","2026/07/13 10:42:41"
"C:\Users\81805\toto-edge-git\ml\player_engine\data\raw\matches\metadata\match_28459.json","605","2026/07/13 10:42:43"
"C:\Users\81805\toto-edge-git\ml\player_engine\data\raw\matches\metadata\match_28460.json","605","2026/07/13 10:42:45"
"C:\Users\81805\toto-edge-git\ml\player_engine\data\raw\matches\metadata\match_28461.json","605","2026/07/13 10:42:48"
"C:\Users\81805\toto-edge-git\ml\player_engine\data\raw\matches\metadata\match_28462.json","605","2026/07/13 10:42:50"
"C:\Users\81805\toto-edge-git\ml\player_engine\data\raw\matches\metadata\match_28463.json","605","2026/07/13 10:42:52"
"C:\Users\81805\toto-edge-git\ml\player_engine\data\raw\matches\metadata\match_28464.json","605","2026/07/13 10:42:54"
"C:\Users\81805\toto-edge-git\ml\player_engine\data\raw\matches\metadata\match_28465.json","605","2026/07/13 10:42:56"
"C:\Users\81805\toto-edge-git\ml\player_engine\data\raw\matches\metadata\match_28466.json","605","2026/07/13 10:42:58"
"C:\Users\81805\toto-edge-git\ml\player_engine\data\raw\matches\metadata\match_28467.json","605","2026/07/13 10:43:00"
"C:\Users\81805\toto-edge-git\ml\player_engine\data\raw\matches\metadata\match_28468.json","605","2026/07/13 10:43:03"
"C:\Users\81805\toto-edge-git\ml\player_engine\data\raw\matches\metadata\match_28469.json","605","2026/07/13 16:08:38"
"C:\Users\81805\toto-edge-git\ml\player_engine\data\raw\matches\metadata\match_28470.json","605","2026/07/13 16:08:40"
"C:\Users\81805\toto-edge-git\ml\player_engine\data\raw\matches\metadata\match_28471.json","605","2026/07/13 16:08:42"
"C:\Users\81805\toto-edge-git\ml\player_engine\data\raw\matches\metadata\match_28472.json","605","2026/07/13 16:08:44"
"C:\Users\81805\toto-edge-git\ml\player_engine\data\raw\matches\metadata\match_28473.json","605","2026/07/13 16:08:47"
"C:\Users\81805\toto-edge-git\ml\player_engine\data\raw\matches\metadata\match_28474.json","605","2026/07/13 16:08:49"
"C:\Users\81805\toto-edge-git\ml\player_engine\data\raw\matches\metadata\match_28475.json","605","2026/07/13 16:08:51"
"C:\Users\81805\toto-edge-git\ml\player_engine\data\raw\matches\metadata\match_28476.json","605","2026/07/13 16:08:53"
"C:\Users\81805\toto-edge-git\ml\player_engine\data\raw\matches\metadata\match_28477.json","605","2026/07/13 16:08:55"
"C:\Users\81805\toto-edge-git\ml\player_engine\data\raw\matches\metadata\match_28478.json","605","2026/07/13 16:08:57"
"C:\Users\81805\toto-edge-git\ml\player_engine\data\raw\matches\metadata\match_28479.json","605","2026/07/13 16:08:59"
"C:\Users\81805\toto-edge-git\ml\player_engine\data\raw\matches\metadata\match_28480.json","605","2026/07/13 16:09:02"
"C:\Users\81805\toto-edge-git\ml\player_engine\data\raw\matches\metadata\match_28481.json","605","2026/07/13 16:09:04"
"C:\Users\81805\toto-edge-git\ml\player_engine\data\raw\matches\metadata\match_28482.json","605","2026/07/13 16:09:06"
"C:\Users\81805\toto-edge-git\ml\player_engine\data\raw\matches\metadata\match_28483.json","605","2026/07/13 16:09:08"
"C:\Users\81805\toto-edge-git\ml\player_engine\data\raw\matches\metadata\match_28484.json","605","2026/07/13 16:09:10"
"C:\Users\81805\toto-edge-git\ml\player_engine\data\raw\matches\metadata\match_28485.json","605","2026/07/13 16:09:12"
"C:\Users\81805\toto-edge-git\ml\player_engine\data\raw\matches\metadata\match_28486.json","605","2026/07/13 16:09:14"
"C:\Users\81805\toto-edge-git\ml\player_engine\data\raw\matches\metadata\match_28487.json","605","2026/07/13 16:09:17"
"C:\Users\81805\toto-edge-git\ml\player_engine\data\raw\matches\metadata\match_28488.json","605","2026/07/13 16:09:19"
"C:\Users\81805\toto-edge-git\ml\player_engine\data\raw\matches\metadata\match_28489.json","605","2026/07/13 16:09:21"
"C:\Users\81805\toto-edge-git\ml\player_engine\data\raw\matches\metadata\match_28490.json","605","2026/07/13 16:09:23"
"C:\Users\81805\toto-edge-git\ml\player_engine\data\raw\matches\metadata\match_28491.json","605","2026/07/13 16:09:25"
"C:\Users\81805\toto-edge-git\ml\player_engine\data\raw\matches\metadata\match_28492.json","605","2026/07/13 16:09:27"
"C:\Users\81805\toto-edge-git\ml\player_engine\data\raw\matches\metadata\match_28493.json","605","2026/07/13 16:09:29"
"C:\Users\81805\toto-edge-git\ml\player_engine\data\raw\matches\metadata\match_28494.json","605","2026/07/13 16:09:31"
"C:\Users\81805\toto-edge-git\ml\player_engine\data\raw\matches\metadata\match_28495.json","605","2026/07/13 16:09:34"
"C:\Users\81805\toto-edge-git\ml\player_engine\data\raw\matches\metadata\match_28496.json","605","2026/07/13 16:09:36"
"C:\Users\81805\toto-edge-git\ml\player_engine\data\raw\matches\metadata\match_28497.json","605","2026/07/13 16:09:38"
"C:\Users\81805\toto-edge-git\ml\player_engine\data\raw\matches\metadata\match_28498.json","605","2026/07/13 16:09:40"
"C:\Users\81805\toto-edge-git\ml\player_engine\data\raw\matches\metadata\match_28499.json","605","2026/07/13 16:09:42"
"C:\Users\81805\toto-edge-git\ml\player_engine\data\raw\matches\metadata\match_28500.json","605","2026/07/13 16:09:44"
"C:\Users\81805\toto-edge-git\ml\player_engine\data\raw\matches\metadata\match_28501.json","605","2026/07/13 16:09:46"
"C:\Users\81805\toto-edge-git\ml\player_engine\data\raw\matches\metadata\match_28502.json","605","2026/07/13 16:09:49"
"C:\Users\81805\toto-edge-git\ml\player_engine\data\raw\matches\metadata\match_28503.json","605","2026/07/13 16:09:51"
"C:\Users\81805\toto-edge-git\ml\player_engine\data\raw\matches\metadata\match_28504.json","605","2026/07/13 16:09:53"
"C:\Users\81805\toto-edge-git\ml\player_engine\data\raw\matches\metadata\match_28505.json","605","2026/07/13 16:09:55"
"C:\Users\81805\toto-edge-git\ml\player_engine\data\raw\matches\metadata\match_28506.json","605","2026/07/13 16:09:57"
"C:\Users\81805\toto-edge-git\ml\player_engine\data\raw\matches\metadata\match_28507.json","605","2026/07/13 16:09:59"
"C:\Users\81805\toto-edge-git\ml\player_engine\data\raw\matches\metadata\match_28508.json","605","2026/07/13 16:10:01"
"C:\Users\81805\toto-edge-git\ml\player_engine\data\raw\matches\metadata\match_28509.json","605","2026/07/13 16:10:04"
"C:\Users\81805\toto-edge-git\ml\player_engine\data\raw\matches\metadata\match_28510.json","605","2026/07/13 16:10:06"
"C:\Users\81805\toto-edge-git\ml\player_engine\data\raw\matches\metadata\match_28511.json","605","2026/07/13 16:10:08"
"C:\Users\81805\toto-edge-git\ml\player_engine\data\raw\matches\metadata\match_28512.json","605","2026/07/13 16:10:10"
"C:\Users\81805\toto-edge-git\ml\player_engine\data\raw\matches\metadata\match_28513.json","605","2026/07/13 16:10:12"
"C:\Users\81805\toto-edge-git\ml\player_engine\data\raw\matches\metadata\match_28514.json","605","2026/07/13 16:10:14"
"C:\Users\81805\toto-edge-git\ml\player_engine\data\raw\matches\metadata\match_28515.json","605","2026/07/13 16:10:16"
"C:\Users\81805\toto-edge-git\ml\player_engine\data\raw\matches\metadata\match_28516.json","605","2026/07/13 16:10:18"
"C:\Users\81805\toto-edge-git\ml\player_engine\data\raw\matches\metadata\match_28517.json","605","2026/07/13 16:10:21"
"C:\Users\81805\toto-edge-git\ml\player_engine\data\raw\matches\metadata\match_28518.json","605","2026/07/13 16:10:23"
"C:\Users\81805\toto-edge-git\ml\player_engine\data\raw\matches\metadata\match_28519.json","605","2026/07/13 16:10:25"
"C:\Users\81805\toto-edge-git\ml\player_engine\data\raw\matches\metadata\match_28520.json","605","2026/07/13 16:10:27"
"C:\Users\81805\toto-edge-git\ml\player_engine\data\raw\matches\metadata\match_28521.json","605","2026/07/13 16:10:29"
"C:\Users\81805\toto-edge-git\ml\player_engine\data\raw\matches\metadata\match_28522.json","605","2026/07/13 16:10:31"
"C:\Users\81805\toto-edge-git\ml\player_engine\data\raw\matches\metadata\match_28523.json","605","2026/07/13 16:10:33"
"C:\Users\81805\toto-edge-git\ml\player_engine\data\raw\matches\metadata\match_28524.json","605","2026/07/13 16:10:35"
"C:\Users\81805\toto-edge-git\ml\player_engine\data\raw\matches\metadata\match_28525.json","605","2026/07/13 16:10:38"
"C:\Users\81805\toto-edge-git\ml\player_engine\data\raw\matches\metadata\match_28526.json","605","2026/07/13 16:10:40"
"C:\Users\81805\toto-edge-git\ml\player_engine\data\raw\matches\metadata\match_28527.json","605","2026/07/13 16:10:42"
"C:\Users\81805\toto-edge-git\ml\player_engine\data\raw\matches\metadata\match_28528.json","605","2026/07/13 16:10:44"
"C:\Users\81805\toto-edge-git\ml\player_engine\data\raw\matches\metadata\match_28529.json","605","2026/07/13 16:10:46"
"C:\Users\81805\toto-edge-git\ml\player_engine\data\raw\matches\metadata\match_28530.json","605","2026/07/13 16:10:48"
"C:\Users\81805\toto-edge-git\ml\player_engine\data\raw\matches\metadata\match_28531.json","605","2026/07/13 16:10:50"
"C:\Users\81805\toto-edge-git\ml\player_engine\data\raw\matches\metadata\match_28532.json","605","2026/07/13 16:10:53"
"C:\Users\81805\toto-edge-git\ml\player_engine\data\raw\matches\metadata\match_28533.json","605","2026/07/13 16:10:55"
"C:\Users\81805\toto-edge-git\ml\player_engine\data\raw\matches\metadata\match_28534.json","605","2026/07/13 16:10:57"
"C:\Users\81805\toto-edge-git\ml\player_engine\data\raw\matches\metadata\match_28535.json","605","2026/07/13 16:10:59"
"C:\Users\81805\toto-edge-git\ml\player_engine\data\raw\matches\metadata\match_28536.json","605","2026/07/13 16:11:01"
"C:\Users\81805\toto-edge-git\ml\player_engine\data\raw\matches\metadata\match_28537.json","605","2026/07/13 16:11:03"
"C:\Users\81805\toto-edge-git\ml\player_engine\data\raw\matches\metadata\match_28538.json","605","2026/07/13 16:11:05"
"C:\Users\81805\toto-edge-git\ml\player_engine\data\raw\matches\metadata\match_28539.json","605","2026/07/13 16:11:08"
"C:\Users\81805\toto-edge-git\ml\player_engine\data\raw\matches\metadata\match_28540.json","605","2026/07/13 16:11:10"
"C:\Users\81805\toto-edge-git\ml\player_engine\data\raw\matches\metadata\match_28541.json","605","2026/07/13 16:11:12"
"C:\Users\81805\toto-edge-git\ml\player_engine\data\raw\matches\metadata\match_28542.json","605","2026/07/13 16:11:14"
"C:\Users\81805\toto-edge-git\ml\player_engine\data\raw\matches\metadata\match_28543.json","605","2026/07/13 16:11:16"
"C:\Users\81805\toto-edge-git\ml\player_engine\data\raw\matches\metadata\match_28544.json","605","2026/07/13 16:11:18"
"C:\Users\81805\toto-edge-git\ml\player_engine\data\raw\matches\metadata\match_28545.json","605","2026/07/13 16:11:20"
"C:\Users\81805\toto-edge-git\ml\player_engine\data\raw\matches\metadata\match_28546.json","605","2026/07/13 16:11:22"
"C:\Users\81805\toto-edge-git\ml\player_engine\data\raw\matches\metadata\match_28547.json","605","2026/07/13 16:11:25"
"C:\Users\81805\toto-edge-git\ml\player_engine\data\raw\matches\metadata\match_28548.json","605","2026/07/13 16:11:27"
"C:\Users\81805\toto-edge-git\ml\player_engine\data\raw\matches\metadata\match_28549.json","605","2026/07/13 16:11:29"
"C:\Users\81805\toto-edge-git\ml\player_engine\data\raw\matches\metadata\match_28550.json","605","2026/07/13 16:11:31"
"C:\Users\81805\toto-edge-git\ml\player_engine\data\raw\matches\metadata\match_28551.json","605","2026/07/13 16:11:33"
"C:\Users\81805\toto-edge-git\ml\player_engine\data\raw\matches\metadata\match_28552.json","605","2026/07/13 16:11:35"
"C:\Users\81805\toto-edge-git\ml\player_engine\data\raw\matches\metadata\match_28553.json","605","2026/07/13 16:11:37"
"C:\Users\81805\toto-edge-git\ml\player_engine\data\raw\matches\metadata\match_28554.json","605","2026/07/13 16:11:40"
"C:\Users\81805\toto-edge-git\ml\player_engine\data\raw\matches\metadata\match_28555.json","605","2026/07/13 16:11:42"
"C:\Users\81805\toto-edge-git\ml\player_engine\data\raw\matches\metadata\match_28556.json","605","2026/07/13 16:11:44"
"C:\Users\81805\toto-edge-git\ml\player_engine\data\raw\matches\metadata\match_28557.json","605","2026/07/13 16:11:46"
"C:\Users\81805\toto-edge-git\ml\player_engine\data\raw\matches\metadata\match_28558.json","605","2026/07/13 16:11:48"
"C:\Users\81805\toto-edge-git\ml\player_engine\data\raw\matches\metadata\match_28559.json","605","2026/07/13 16:11:50"
"C:\Users\81805\toto-edge-git\ml\player_engine\data\raw\matches\metadata\match_28560.json","605","2026/07/13 16:11:52"
"C:\Users\81805\toto-edge-git\ml\player_engine\data\raw\matches\metadata\match_28561.json","605","2026/07/13 16:11:55"
"C:\Users\81805\toto-edge-git\ml\player_engine\data\raw\matches\metadata\match_28562.json","605","2026/07/13 16:11:57"
"C:\Users\81805\toto-edge-git\ml\player_engine\data\raw\matches\metadata\match_28563.json","605","2026/07/13 16:11:59"
"C:\Users\81805\toto-edge-git\ml\player_engine\data\raw\matches\metadata\match_28564.json","605","2026/07/13 16:12:01"
"C:\Users\81805\toto-edge-git\ml\player_engine\data\raw\matches\metadata\match_28565.json","605","2026/07/13 16:12:03"
"C:\Users\81805\toto-edge-git\ml\player_engine\data\raw\matches\metadata\match_28566.json","605","2026/07/13 16:12:05"
"C:\Users\81805\toto-edge-git\ml\player_engine\data\raw\matches\metadata\match_28567.json","605","2026/07/13 16:12:08"
"C:\Users\81805\toto-edge-git\ml\player_engine\data\raw\matches\metadata\match_28568.json","605","2026/07/13 16:12:10"
"C:\Users\81805\toto-edge-git\ml\player_engine\data\raw\matches\metadata\match_28569.json","605","2026/07/13 16:12:12"
"C:\Users\81805\toto-edge-git\ml\player_engine\data\raw\matches\metadata\match_28570.json","605","2026/07/13 16:12:14"
"C:\Users\81805\toto-edge-git\ml\player_engine\data\raw\matches\metadata\match_28571.json","605","2026/07/13 16:12:16"
"C:\Users\81805\toto-edge-git\ml\player_engine\data\raw\matches\metadata\match_28572.json","605","2026/07/13 16:12:18"
"C:\Users\81805\toto-edge-git\ml\player_engine\data\raw\matches\metadata\match_28573.json","605","2026/07/13 16:12:20"
"C:\Users\81805\toto-edge-git\ml\player_engine\data\raw\matches\metadata\match_28574.json","605","2026/07/13 16:12:22"
"C:\Users\81805\toto-edge-git\ml\player_engine\data\raw\matches\metadata\match_28575.json","605","2026/07/13 16:12:25"
"C:\Users\81805\toto-edge-git\ml\player_engine\data\raw\matches\metadata\match_28576.json","605","2026/07/13 16:12:27"
"C:\Users\81805\toto-edge-git\ml\player_engine\data\raw\matches\metadata\match_28577.json","605","2026/07/13 16:12:29"
"C:\Users\81805\toto-edge-git\ml\player_engine\data\raw\matches\metadata\match_28578.json","605","2026/07/13 16:12:31"
"C:\Users\81805\toto-edge-git\ml\player_engine\data\raw\matches\metadata\match_28579.json","605","2026/07/13 16:12:33"
"C:\Users\81805\toto-edge-git\ml\player_engine\data\raw\matches\metadata\match_28580.json","605","2026/07/13 16:12:35"
"C:\Users\81805\toto-edge-git\ml\player_engine\data\raw\matches\metadata\match_28581.json","605","2026/07/13 16:12:37"
"C:\Users\81805\toto-edge-git\ml\player_engine\data\raw\matches\metadata\match_28582.json","605","2026/07/13 16:12:40"
"C:\Users\81805\toto-edge-git\ml\player_engine\data\raw\matches\metadata\match_28583.json","605","2026/07/13 16:12:42"
"C:\Users\81805\toto-edge-git\ml\player_engine\data\raw\matches\metadata\match_28584.json","605","2026/07/13 16:12:44"
"C:\Users\81805\toto-edge-git\ml\player_engine\data\raw\matches\metadata\match_28585.json","605","2026/07/13 16:12:46"
"C:\Users\81805\toto-edge-git\ml\player_engine\data\raw\matches\metadata\match_28586.json","605","2026/07/13 16:12:48"
"C:\Users\81805\toto-edge-git\ml\player_engine\data\raw\matches\metadata\match_28587.json","605","2026/07/13 16:12:50"
"C:\Users\81805\toto-edge-git\ml\player_engine\data\raw\matches\metadata\match_28588.json","605","2026/07/13 16:12:52"
"C:\Users\81805\toto-edge-git\ml\player_engine\data\raw\matches\metadata\match_28589.json","605","2026/07/13 16:12:55"
"C:\Users\81805\toto-edge-git\ml\player_engine\data\raw\matches\metadata\match_28590.json","605","2026/07/13 16:12:57"
"C:\Users\81805\toto-edge-git\ml\player_engine\data\raw\matches\metadata\match_28591.json","605","2026/07/13 16:12:59"
"C:\Users\81805\toto-edge-git\ml\player_engine\data\raw\matches\metadata\match_28592.json","605","2026/07/13 16:13:01"
"C:\Users\81805\toto-edge-git\ml\player_engine\data\raw\matches\metadata\match_28593.json","605","2026/07/13 16:13:03"
"C:\Users\81805\toto-edge-git\ml\player_engine\data\raw\matches\metadata\match_28594.json","605","2026/07/13 16:13:05"
"C:\Users\81805\toto-edge-git\ml\player_engine\data\raw\matches\metadata\match_28595.json","605","2026/07/13 16:13:07"
"C:\Users\81805\toto-edge-git\ml\player_engine\data\raw\matches\metadata\match_28596.json","605","2026/07/13 16:13:10"
"C:\Users\81805\toto-edge-git\ml\player_engine\data\raw\matches\metadata\match_28597.json","605","2026/07/13 16:13:12"
"C:\Users\81805\toto-edge-git\ml\player_engine\data\raw\matches\metadata\match_28598.json","605","2026/07/13 16:13:14"
"C:\Users\81805\toto-edge-git\ml\player_engine\data\raw\matches\metadata\match_28599.json","605","2026/07/13 16:13:16"
"C:\Users\81805\toto-edge-git\ml\player_engine\data\raw\matches\metadata\match_28600.json","605","2026/07/13 16:13:18"
"C:\Users\81805\toto-edge-git\ml\player_engine\data\raw\matches\metadata\match_28601.json","605","2026/07/13 16:13:20"
"C:\Users\81805\toto-edge-git\ml\player_engine\data\raw\matches\metadata\match_28602.json","605","2026/07/13 16:13:22"
"C:\Users\81805\toto-edge-git\ml\player_engine\data\raw\matches\metadata\match_28603.json","605","2026/07/13 16:13:25"
"C:\Users\81805\toto-edge-git\ml\player_engine\data\raw\matches\metadata\match_28604.json","605","2026/07/13 16:13:27"
"C:\Users\81805\toto-edge-git\ml\player_engine\data\raw\matches\metadata\match_28605.json","605","2026/07/13 16:13:29"
"C:\Users\81805\toto-edge-git\ml\player_engine\data\raw\matches\metadata\match_28606.json","605","2026/07/13 16:13:31"
"C:\Users\81805\toto-edge-git\ml\player_engine\data\raw\matches\metadata\match_28607.json","605","2026/07/13 16:13:33"
"C:\Users\81805\toto-edge-git\ml\player_engine\data\raw\matches\metadata\match_28608.json","605","2026/07/13 16:13:35"
"C:\Users\81805\toto-edge-git\ml\player_engine\data\raw\matches\metadata\match_28609.json","605","2026/07/13 16:13:37"
"C:\Users\81805\toto-edge-git\ml\player_engine\data\raw\matches\metadata\match_28610.json","605","2026/07/13 16:13:39"
"C:\Users\81805\toto-edge-git\ml\player_engine\data\raw\matches\metadata\match_28611.json","605","2026/07/13 16:13:42"
"C:\Users\81805\toto-edge-git\ml\player_engine\data\raw\matches\metadata\match_28612.json","605","2026/07/13 16:13:44"
"C:\Users\81805\toto-edge-git\ml\player_engine\data\raw\matches\metadata\match_28613.json","605","2026/07/13 16:13:46"
"C:\Users\81805\toto-edge-git\ml\player_engine\data\raw\matches\metadata\match_28614.json","605","2026/07/13 16:13:48"
"C:\Users\81805\toto-edge-git\ml\player_engine\data\raw\matches\metadata\match_28615.json","605","2026/07/13 16:13:50"
"C:\Users\81805\toto-edge-git\ml\player_engine\data\raw\matches\metadata\match_28616.json","605","2026/07/13 16:13:52"
"C:\Users\81805\toto-edge-git\ml\player_engine\data\raw\matches\metadata\match_28617.json","605","2026/07/13 16:13:54"
"C:\Users\81805\toto-edge-git\ml\player_engine\data\raw\matches\metadata\match_28618.json","605","2026/07/13 16:13:57"
"C:\Users\81805\toto-edge-git\ml\player_engine\data\raw\matches\metadata\match_28619.json","605","2026/07/13 16:13:59"
"C:\Users\81805\toto-edge-git\ml\player_engine\data\raw\matches\metadata\match_28620.json","605","2026/07/13 16:14:01"
"C:\Users\81805\toto-edge-git\ml\player_engine\data\raw\matches\metadata\match_28621.json","605","2026/07/13 16:14:03"
"C:\Users\81805\toto-edge-git\ml\player_engine\data\raw\matches\metadata\match_28622.json","605","2026/07/13 16:14:05"
"C:\Users\81805\toto-edge-git\ml\player_engine\data\raw\matches\metadata\match_28623.json","605","2026/07/13 16:14:07"
"C:\Users\81805\toto-edge-git\ml\player_engine\data\raw\matches\metadata\match_28624.json","605","2026/07/13 16:14:09"
"C:\Users\81805\toto-edge-git\ml\player_engine\data\raw\matches\metadata\match_28625.json","605","2026/07/13 16:14:11"
"C:\Users\81805\toto-edge-git\ml\player_engine\data\raw\matches\metadata\match_28626.json","605","2026/07/13 16:14:14"
"C:\Users\81805\toto-edge-git\ml\player_engine\data\raw\matches\metadata\match_28627.json","605","2026/07/13 16:14:16"
"C:\Users\81805\toto-edge-git\ml\player_engine\data\raw\matches\metadata\match_28628.json","605","2026/07/13 16:14:18"
"C:\Users\81805\toto-edge-git\ml\player_engine\data\raw\matches\metadata\match_28629.json","605","2026/07/13 16:14:20"
"C:\Users\81805\toto-edge-git\ml\player_engine\data\raw\matches\metadata\match_28630.json","605","2026/07/13 16:14:22"
"C:\Users\81805\toto-edge-git\ml\player_engine\data\raw\matches\metadata\match_28631.json","605","2026/07/13 16:14:24"
"C:\Users\81805\toto-edge-git\ml\player_engine\data\raw\matches\metadata\match_28632.json","605","2026/07/13 16:14:26"
"C:\Users\81805\toto-edge-git\ml\player_engine\data\raw\matches\metadata\match_28633.json","605","2026/07/13 16:14:29"
"C:\Users\81805\toto-edge-git\ml\player_engine\data\raw\matches\metadata\match_28634.json","605","2026/07/13 16:14:31"
"C:\Users\81805\toto-edge-git\ml\player_engine\data\raw\matches\metadata\match_28635.json","605","2026/07/13 16:14:33"
"C:\Users\81805\toto-edge-git\ml\player_engine\data\raw\matches\metadata\match_28636.json","605","2026/07/13 16:14:35"
"C:\Users\81805\toto-edge-git\ml\player_engine\data\raw\matches\metadata\match_28637.json","605","2026/07/13 16:14:37"
"C:\Users\81805\toto-edge-git\ml\player_engine\data\raw\matches\metadata\match_28638.json","605","2026/07/13 16:14:39"
"C:\Users\81805\toto-edge-git\ml\player_engine\data\raw\matches\metadata\match_28639.json","605","2026/07/13 16:14:41"
"C:\Users\81805\toto-edge-git\ml\player_engine\data\raw\matches\metadata\match_28640.json","605","2026/07/13 16:14:44"
"C:\Users\81805\toto-edge-git\ml\player_engine\data\raw\matches\metadata\match_28641.json","605","2026/07/13 16:14:46"
"C:\Users\81805\toto-edge-git\ml\player_engine\data\raw\matches\metadata\match_28642.json","605","2026/07/13 16:14:48"
"C:\Users\81805\toto-edge-git\ml\player_engine\data\raw\matches\metadata\match_28643.json","605","2026/07/13 16:14:50"
"C:\Users\81805\toto-edge-git\ml\player_engine\data\raw\matches\metadata\match_28644.json","605","2026/07/13 16:14:52"
"C:\Users\81805\toto-edge-git\ml\player_engine\data\raw\matches\metadata\match_28645.json","605","2026/07/13 16:14:54"
"C:\Users\81805\toto-edge-git\ml\player_engine\data\raw\matches\metadata\match_28646.json","605","2026/07/13 16:14:56"
"C:\Users\81805\toto-edge-git\ml\player_engine\data\raw\matches\metadata\match_28647.json","605","2026/07/13 16:14:58"
"C:\Users\81805\toto-edge-git\ml\player_engine\data\raw\matches\metadata\match_28648.json","605","2026/07/13 16:15:01"
"C:\Users\81805\toto-edge-git\ml\player_engine\data\raw\matches\metadata\match_28649.json","605","2026/07/13 16:15:03"
"C:\Users\81805\toto-edge-git\ml\player_engine\data\raw\matches\metadata\match_28650.json","605","2026/07/13 16:15:05"
"C:\Users\81805\toto-edge-git\ml\player_engine\data\raw\matches\metadata\match_28651.json","605","2026/07/13 16:15:07"
"C:\Users\81805\toto-edge-git\ml\player_engine\data\raw\matches\metadata\match_28652.json","605","2026/07/13 16:15:09"
"C:\Users\81805\toto-edge-git\ml\player_engine\data\raw\matches\metadata\match_28653.json","605","2026/07/13 16:15:11"
"C:\Users\81805\toto-edge-git\ml\player_engine\data\raw\matches\metadata\match_28654.json","605","2026/07/13 16:15:14"
"C:\Users\81805\toto-edge-git\ml\player_engine\data\raw\matches\metadata\match_28655.json","605","2026/07/13 16:15:16"
"C:\Users\81805\toto-edge-git\ml\player_engine\data\raw\matches\metadata\match_28656.json","605","2026/07/13 16:15:18"
"C:\Users\81805\toto-edge-git\ml\player_engine\data\raw\matches\metadata\match_28657.json","605","2026/07/13 16:15:20"
"C:\Users\81805\toto-edge-git\ml\player_engine\data\raw\matches\metadata\match_28658.json","605","2026/07/13 16:15:22"
"C:\Users\81805\toto-edge-git\ml\player_engine\data\raw\matches\metadata\match_28659.json","605","2026/07/13 16:15:24"
"C:\Users\81805\toto-edge-git\ml\player_engine\data\raw\matches\metadata\match_28660.json","605","2026/07/13 16:15:26"
"C:\Users\81805\toto-edge-git\ml\player_engine\data\raw\matches\metadata\match_28661.json","605","2026/07/13 16:15:29"
"C:\Users\81805\toto-edge-git\ml\player_engine\data\raw\matches\metadata\match_28662.json","605","2026/07/13 16:15:31"
"C:\Users\81805\toto-edge-git\ml\player_engine\data\raw\matches\metadata\match_28663.json","605","2026/07/13 16:15:33"
"C:\Users\81805\toto-edge-git\ml\player_engine\data\raw\matches\metadata\match_28664.json","605","2026/07/13 16:15:35"
"C:\Users\81805\toto-edge-git\ml\player_engine\data\raw\matches\metadata\match_28665.json","605","2026/07/13 16:15:37"
"C:\Users\81805\toto-edge-git\ml\player_engine\data\raw\matches\metadata\match_28666.json","605","2026/07/13 16:15:39"
"C:\Users\81805\toto-edge-git\ml\player_engine\data\raw\matches\metadata\match_28667.json","605","2026/07/13 16:15:41"
"C:\Users\81805\toto-edge-git\ml\player_engine\data\raw\matches\metadata\match_28668.json","605","2026/07/13 16:15:44"
"C:\Users\81805\toto-edge-git\ml\player_engine\data\raw\matches\metadata\match_28669.json","605","2026/07/13 16:15:46"
"C:\Users\81805\toto-edge-git\ml\player_engine\data\raw\matches\metadata\match_28670.json","605","2026/07/13 16:15:48"
"C:\Users\81805\toto-edge-git\ml\player_engine\data\raw\matches\metadata\match_28671.json","605","2026/07/13 16:15:50"
"C:\Users\81805\toto-edge-git\ml\player_engine\data\raw\matches\metadata\match_28672.json","605","2026/07/13 16:15:52"
"C:\Users\81805\toto-edge-git\ml\player_engine\data\raw\matches\metadata\match_28673.json","605","2026/07/13 16:15:54"
"C:\Users\81805\toto-edge-git\ml\player_engine\data\raw\matches\metadata\match_28674.json","605","2026/07/13 16:15:56"
"C:\Users\81805\toto-edge-git\ml\player_engine\data\raw\matches\metadata\match_28675.json","605","2026/07/13 16:15:59"
"C:\Users\81805\toto-edge-git\ml\player_engine\data\raw\matches\metadata\match_28676.json","605","2026/07/13 16:16:01"
"C:\Users\81805\toto-edge-git\ml\player_engine\data\raw\matches\metadata\match_28677.json","605","2026/07/13 16:16:03"
"C:\Users\81805\toto-edge-git\ml\player_engine\data\raw\matches\metadata\match_28678.json","605","2026/07/13 16:16:05"
"C:\Users\81805\toto-edge-git\ml\player_engine\data\raw\matches\metadata\match_28679.json","605","2026/07/13 16:16:07"
"C:\Users\81805\toto-edge-git\ml\player_engine\data\raw\matches\metadata\match_28680.json","605","2026/07/13 16:16:09"
"C:\Users\81805\toto-edge-git\ml\player_engine\data\raw\matches\metadata\match_28681.json","605","2026/07/13 16:16:11"
"C:\Users\81805\toto-edge-git\ml\player_engine\data\raw\matches\metadata\match_28682.json","605","2026/07/13 16:16:14"
"C:\Users\81805\toto-edge-git\ml\player_engine\data\raw\matches\metadata\match_28683.json","605","2026/07/13 16:16:16"
"C:\Users\81805\toto-edge-git\ml\player_engine\data\raw\matches\metadata\match_28684.json","605","2026/07/13 16:16:18"
"C:\Users\81805\toto-edge-git\ml\player_engine\data\raw\matches\metadata\match_28685.json","605","2026/07/13 16:16:20"
"C:\Users\81805\toto-edge-git\ml\player_engine\data\raw\matches\metadata\match_28686.json","605","2026/07/13 16:16:22"
"C:\Users\81805\toto-edge-git\ml\player_engine\data\raw\matches\metadata\match_28687.json","605","2026/07/13 16:16:24"
"C:\Users\81805\toto-edge-git\ml\player_engine\data\raw\matches\metadata\match_28688.json","605","2026/07/13 16:16:26"
"C:\Users\81805\toto-edge-git\ml\player_engine\data\raw\matches\metadata\match_28689.json","605","2026/07/13 16:16:29"
"C:\Users\81805\toto-edge-git\ml\player_engine\data\raw\matches\metadata\match_28690.json","605","2026/07/13 16:16:31"
"C:\Users\81805\toto-edge-git\ml\player_engine\data\raw\matches\metadata\match_28691.json","605","2026/07/13 16:16:33"
"C:\Users\81805\toto-edge-git\ml\player_engine\data\raw\matches\metadata\match_28692.json","605","2026/07/13 16:16:35"
"C:\Users\81805\toto-edge-git\ml\player_engine\data\raw\matches\metadata\match_28693.json","605","2026/07/13 16:16:37"
"C:\Users\81805\toto-edge-git\ml\player_engine\data\raw\matches\metadata\match_28694.json","605","2026/07/13 16:16:39"
"C:\Users\81805\toto-edge-git\ml\player_engine\data\raw\matches\metadata\match_28695.json","605","2026/07/13 16:16:41"
"C:\Users\81805\toto-edge-git\ml\player_engine\data\raw\matches\metadata\match_28696.json","605","2026/07/13 16:16:44"
"C:\Users\81805\toto-edge-git\ml\player_engine\data\raw\matches\metadata\match_28697.json","605","2026/07/13 16:16:46"
"C:\Users\81805\toto-edge-git\ml\player_engine\data\raw\matches\metadata\match_28698.json","605","2026/07/13 16:16:48"
"C:\Users\81805\toto-edge-git\ml\player_engine\data\raw\matches\metadata\match_28699.json","605","2026/07/13 16:16:50"
"C:\Users\81805\toto-edge-git\ml\player_engine\data\raw\matches\metadata\match_28700.json","605","2026/07/13 16:16:52"
"C:\Users\81805\toto-edge-git\ml\player_engine\data\raw\matches\metadata\match_28701.json","605","2026/07/13 16:16:54"
"C:\Users\81805\toto-edge-git\ml\player_engine\data\raw\matches\metadata\match_28702.json","605","2026/07/13 16:16:56"
"C:\Users\81805\toto-edge-git\ml\player_engine\data\raw\matches\metadata\match_28703.json","605","2026/07/13 16:16:58"
"C:\Users\81805\toto-edge-git\ml\player_engine\data\raw\matches\metadata\match_28704.json","605","2026/07/13 16:17:01"
"C:\Users\81805\toto-edge-git\ml\player_engine\data\raw\matches\metadata\match_28705.json","605","2026/07/13 16:17:03"
"C:\Users\81805\toto-edge-git\ml\player_engine\data\raw\matches\metadata\match_28706.json","605","2026/07/13 16:17:05"
"C:\Users\81805\toto-edge-git\ml\player_engine\data\raw\matches\metadata\match_28707.json","605","2026/07/13 16:17:07"
"C:\Users\81805\toto-edge-git\ml\player_engine\data\raw\matches\metadata\match_28708.json","605","2026/07/13 16:17:09"
"C:\Users\81805\toto-edge-git\ml\player_engine\data\raw\matches\metadata\match_28709.json","605","2026/07/13 16:17:11"
"C:\Users\81805\toto-edge-git\ml\player_engine\data\raw\matches\metadata\match_28710.json","605","2026/07/13 16:17:14"
"C:\Users\81805\toto-edge-git\ml\player_engine\data\raw\matches\metadata\match_28711.json","605","2026/07/13 16:17:16"
"C:\Users\81805\toto-edge-git\ml\player_engine\data\raw\matches\metadata\match_28712.json","605","2026/07/13 16:17:18"
"C:\Users\81805\toto-edge-git\ml\player_engine\data\raw\matches\metadata\match_28713.json","605","2026/07/13 16:17:20"
"C:\Users\81805\toto-edge-git\ml\player_engine\data\raw\matches\metadata\match_28714.json","605","2026/07/13 16:17:22"
"C:\Users\81805\toto-edge-git\ml\player_engine\data\raw\matches\metadata\match_28715.json","605","2026/07/13 16:17:24"
"C:\Users\81805\toto-edge-git\ml\player_engine\data\raw\matches\metadata\match_28716.json","605","2026/07/13 16:17:26"
"C:\Users\81805\toto-edge-git\ml\player_engine\data\raw\matches\metadata\match_28717.json","605","2026/07/13 16:17:28"
"C:\Users\81805\toto-edge-git\ml\player_engine\data\raw\matches\metadata\match_28718.json","605","2026/07/13 16:17:31"
"C:\Users\81805\toto-edge-git\ml\player_engine\data\raw\matches\metadata\match_28719.json","605","2026/07/13 16:17:33"
"C:\Users\81805\toto-edge-git\ml\player_engine\data\raw\matches\metadata\match_28720.json","605","2026/07/13 16:17:35"
"C:\Users\81805\toto-edge-git\ml\player_engine\data\raw\matches\metadata\match_28721.json","605","2026/07/13 16:17:37"
"C:\Users\81805\toto-edge-git\ml\player_engine\data\raw\matches\metadata\match_28722.json","605","2026/07/13 16:17:39"
"C:\Users\81805\toto-edge-git\ml\player_engine\data\raw\matches\metadata\match_28723.json","605","2026/07/13 16:17:41"
"C:\Users\81805\toto-edge-git\ml\player_engine\data\raw\matches\metadata\match_28724.json","605","2026/07/13 16:17:43"
"C:\Users\81805\toto-edge-git\ml\player_engine\data\raw\matches\metadata\match_28725.json","605","2026/07/13 16:17:46"
"C:\Users\81805\toto-edge-git\ml\player_engine\data\raw\matches\metadata\match_28726.json","605","2026/07/13 16:17:48"
"C:\Users\81805\toto-edge-git\ml\player_engine\data\raw\matches\metadata\match_28727.json","605","2026/07/13 16:17:50"
"C:\Users\81805\toto-edge-git\ml\player_engine\data\raw\matches\metadata\match_28728.json","605","2026/07/13 16:17:52"
"C:\Users\81805\toto-edge-git\ml\player_engine\data\raw\matches\metadata\match_28729.json","605","2026/07/13 16:17:54"
"C:\Users\81805\toto-edge-git\ml\player_engine\data\raw\matches\metadata\match_28730.json","605","2026/07/13 16:17:56"
"C:\Users\81805\toto-edge-git\ml\player_engine\data\raw\matches\metadata\match_28731.json","605","2026/07/13 16:17:58"
"C:\Users\81805\toto-edge-git\ml\player_engine\data\raw\matches\metadata\match_28732.json","605","2026/07/13 16:18:01"
"C:\Users\81805\toto-edge-git\ml\player_engine\data\raw\matches\metadata\match_28733.json","605","2026/07/13 16:18:03"
"C:\Users\81805\toto-edge-git\ml\player_engine\data\raw\matches\metadata\match_28734.json","605","2026/07/13 16:18:05"
"C:\Users\81805\toto-edge-git\ml\player_engine\data\raw\matches\metadata\match_28735.json","605","2026/07/13 16:18:07"
"C:\Users\81805\toto-edge-git\ml\player_engine\data\raw\matches\metadata\match_28736.json","605","2026/07/13 16:18:09"
"C:\Users\81805\toto-edge-git\ml\player_engine\data\raw\matches\metadata\match_28737.json","605","2026/07/13 16:18:11"
"C:\Users\81805\toto-edge-git\ml\player_engine\data\raw\matches\metadata\match_28738.json","605","2026/07/13 16:18:13"
"C:\Users\81805\toto-edge-git\ml\player_engine\data\raw\matches\metadata\match_28739.json","605","2026/07/13 16:18:16"
"C:\Users\81805\toto-edge-git\ml\player_engine\data\raw\matches\metadata\match_28740.json","605","2026/07/13 16:18:18"
"C:\Users\81805\toto-edge-git\ml\player_engine\data\raw\matches\metadata\match_28741.json","605","2026/07/13 16:18:20"
"C:\Users\81805\toto-edge-git\ml\player_engine\data\raw\matches\metadata\match_28742.json","605","2026/07/13 16:18:22"
"C:\Users\81805\toto-edge-git\ml\player_engine\data\raw\matches\metadata\match_28743.json","605","2026/07/13 16:18:24"
"C:\Users\81805\toto-edge-git\ml\player_engine\data\raw\matches\metadata\match_28744.json","605","2026/07/13 16:18:26"
"C:\Users\81805\toto-edge-git\ml\player_engine\data\raw\matches\metadata\match_28745.json","605","2026/07/13 16:18:28"
"C:\Users\81805\toto-edge-git\ml\player_engine\data\raw\matches\metadata\match_28746.json","605","2026/07/13 16:18:31"
"C:\Users\81805\toto-edge-git\ml\player_engine\data\raw\matches\metadata\match_28747.json","605","2026/07/13 16:18:33"
"C:\Users\81805\toto-edge-git\ml\player_engine\data\raw\matches\metadata\match_28748.json","605","2026/07/13 16:18:35"
"C:\Users\81805\toto-edge-git\ml\player_engine\data\raw\matches\metadata\match_28749.json","605","2026/07/13 16:18:37"
"C:\Users\81805\toto-edge-git\ml\player_engine\data\raw\matches\metadata\match_28750.json","605","2026/07/13 16:18:39"
"C:\Users\81805\toto-edge-git\ml\player_engine\data\raw\matches\metadata\match_28751.json","605","2026/07/13 16:18:41"
"C:\Users\81805\toto-edge-git\ml\player_engine\data\raw\matches\metadata\match_28752.json","605","2026/07/13 16:18:43"
"C:\Users\81805\toto-edge-git\ml\player_engine\data\raw\matches\metadata\match_28753.json","605","2026/07/13 16:18:46"
"C:\Users\81805\toto-edge-git\ml\player_engine\data\raw\matches\metadata\match_28754.json","605","2026/07/13 16:18:48"
"C:\Users\81805\toto-edge-git\ml\player_engine\data\raw\matches\metadata\match_28755.json","605","2026/07/13 16:18:50"
"C:\Users\81805\toto-edge-git\ml\player_engine\data\raw\matches\metadata\match_28756.json","605","2026/07/13 16:18:52"
"C:\Users\81805\toto-edge-git\ml\player_engine\data\raw\matches\metadata\match_28757.json","605","2026/07/13 16:18:54"
"C:\Users\81805\toto-edge-git\ml\player_engine\data\raw\matches\metadata\match_28758.json","605","2026/07/13 16:18:57"
"C:\Users\81805\toto-edge-git\ml\player_engine\data\raw\matches\metadata\match_28759.json","605","2026/07/13 16:19:00"
"C:\Users\81805\toto-edge-git\ml\player_engine\data\raw\matches\metadata\match_28760.json","605","2026/07/13 16:19:02"
"C:\Users\81805\toto-edge-git\ml\player_engine\data\raw\matches\metadata\match_28761.json","605","2026/07/13 16:19:04"
"C:\Users\81805\toto-edge-git\ml\player_engine\data\raw\matches\metadata\match_28762.json","605","2026/07/13 16:19:06"
"C:\Users\81805\toto-edge-git\ml\player_engine\data\raw\matches\metadata\match_28763.json","605","2026/07/13 16:19:08"
"C:\Users\81805\toto-edge-git\ml\player_engine\data\raw\matches\metadata\match_28764.json","605","2026/07/13 16:19:10"
"C:\Users\81805\toto-edge-git\ml\player_engine\data\raw\matches\metadata\match_28765.json","605","2026/07/13 16:19:13"
"C:\Users\81805\toto-edge-git\ml\player_engine\data\raw\matches\metadata\match_28766.json","605","2026/07/13 16:19:15"
"C:\Users\81805\toto-edge-git\ml\player_engine\data\raw\matches\metadata\match_28767.json","605","2026/07/13 16:19:17"
"C:\Users\81805\toto-edge-git\ml\player_engine\data\raw\matches\metadata\match_28768.json","605","2026/07/13 16:19:19"
"C:\Users\81805\toto-edge-git\ml\player_engine\data\raw\matches\metadata\match_28769.json","605","2026/07/13 16:19:21"
"C:\Users\81805\toto-edge-git\ml\player_engine\data\raw\matches\metadata\match_28770.json","605","2026/07/13 16:19:23"
"C:\Users\81805\toto-edge-git\ml\player_engine\data\raw\matches\metadata\match_28771.json","605","2026/07/13 16:19:25"
"C:\Users\81805\toto-edge-git\ml\player_engine\data\raw\matches\metadata\match_28772.json","605","2026/07/13 16:19:27"
"C:\Users\81805\toto-edge-git\ml\player_engine\data\raw\matches\metadata\match_28773.json","605","2026/07/13 16:19:30"
"C:\Users\81805\toto-edge-git\ml\player_engine\data\raw\matches\metadata\match_28774.json","605","2026/07/13 16:19:32"
"C:\Users\81805\toto-edge-git\ml\player_engine\data\raw\matches\metadata\match_28775.json","605","2026/07/13 16:19:34"
"C:\Users\81805\toto-edge-git\ml\player_engine\data\raw\matches\metadata\match_28776.json","605","2026/07/13 16:19:36"
"C:\Users\81805\toto-edge-git\ml\player_engine\data\raw\matches\metadata\match_28777.json","605","2026/07/13 16:19:38"
"C:\Users\81805\toto-edge-git\ml\player_engine\data\raw\matches\metadata\match_28778.json","605","2026/07/13 16:19:40"
"C:\Users\81805\toto-edge-git\ml\player_engine\data\raw\matches\metadata\match_28779.json","605","2026/07/13 16:19:42"
"C:\Users\81805\toto-edge-git\ml\player_engine\data\raw\matches\metadata\match_28780.json","605","2026/07/13 16:19:45"
"C:\Users\81805\toto-edge-git\ml\player_engine\data\raw\matches\metadata\match_28781.json","605","2026/07/13 16:19:47"
"C:\Users\81805\toto-edge-git\ml\player_engine\data\raw\matches\metadata\match_28782.json","605","2026/07/13 16:19:49"
"C:\Users\81805\toto-edge-git\ml\player_engine\data\raw\matches\metadata\match_28783.json","605","2026/07/13 16:19:51"
"C:\Users\81805\toto-edge-git\ml\player_engine\data\raw\matches\metadata\match_28784.json","605","2026/07/13 16:19:53"
"C:\Users\81805\toto-edge-git\ml\player_engine\data\raw\matches\metadata\match_28785.json","605","2026/07/13 16:19:55"
"C:\Users\81805\toto-edge-git\ml\player_engine\data\raw\matches\metadata\match_28786.json","605","2026/07/13 16:19:57"
"C:\Users\81805\toto-edge-git\ml\player_engine\data\raw\matches\metadata\match_28787.json","605","2026/07/13 16:20:00"
"C:\Users\81805\toto-edge-git\ml\player_engine\data\raw\matches\metadata\match_28788.json","605","2026/07/13 16:20:02"
"C:\Users\81805\toto-edge-git\ml\player_engine\data\raw\matches\metadata\match_28789.json","605","2026/07/13 16:20:04"
"C:\Users\81805\toto-edge-git\ml\player_engine\data\raw\matches\metadata\match_28790.json","605","2026/07/13 16:20:06"
"C:\Users\81805\toto-edge-git\ml\player_engine\data\raw\matches\metadata\match_28791.json","605","2026/07/13 16:20:08"
"C:\Users\81805\toto-edge-git\ml\player_engine\data\raw\matches\metadata\match_28792.json","605","2026/07/13 16:20:10"
"C:\Users\81805\toto-edge-git\ml\player_engine\data\raw\matches\metadata\match_28793.json","605","2026/07/13 16:20:13"
"C:\Users\81805\toto-edge-git\ml\player_engine\data\raw\matches\metadata\match_28794.json","605","2026/07/13 16:20:15"
"C:\Users\81805\toto-edge-git\ml\player_engine\data\raw\matches\metadata\match_28795.json","605","2026/07/13 16:20:17"
"C:\Users\81805\toto-edge-git\ml\player_engine\data\raw\matches\metadata\match_28796.json","605","2026/07/13 16:20:19"
"C:\Users\81805\toto-edge-git\ml\player_engine\data\raw\matches\metadata\match_28797.json","605","2026/07/13 16:20:21"
"C:\Users\81805\toto-edge-git\ml\player_engine\data\raw\matches\metadata\match_28798.json","605","2026/07/13 16:20:23"
"C:\Users\81805\toto-edge-git\ml\player_engine\data\raw\matches\metadata\match_28799.json","605","2026/07/13 16:20:25"
"C:\Users\81805\toto-edge-git\ml\player_engine\data\raw\matches\metadata\match_28800.json","605","2026/07/13 16:20:27"
"C:\Users\81805\toto-edge-git\ml\player_engine\data\raw\matches\metadata\match_28801.json","605","2026/07/13 16:20:30"
"C:\Users\81805\toto-edge-git\ml\player_engine\data\raw\matches\metadata\match_28802.json","605","2026/07/13 16:20:32"
"C:\Users\81805\toto-edge-git\ml\player_engine\data\raw\matches\metadata\match_28803.json","605","2026/07/13 16:20:34"
"C:\Users\81805\toto-edge-git\ml\player_engine\data\raw\matches\metadata\match_28804.json","605","2026/07/13 16:20:36"
"C:\Users\81805\toto-edge-git\ml\player_engine\data\raw\matches\metadata\match_28805.json","605","2026/07/13 16:20:38"
"C:\Users\81805\toto-edge-git\ml\player_engine\data\raw\matches\metadata\match_28806.json","605","2026/07/13 16:20:40"
"C:\Users\81805\toto-edge-git\ml\player_engine\data\raw\matches\metadata\match_28807.json","605","2026/07/13 16:20:42"
"C:\Users\81805\toto-edge-git\ml\player_engine\data\raw\matches\metadata\match_28808.json","605","2026/07/13 16:20:45"
"C:\Users\81805\toto-edge-git\ml\player_engine\data\raw\matches\metadata\match_28809.json","605","2026/07/13 16:20:47"
"C:\Users\81805\toto-edge-git\ml\player_engine\data\raw\matches\metadata\match_28810.json","605","2026/07/13 16:20:49"
"C:\Users\81805\toto-edge-git\ml\player_engine\data\raw\matches\metadata\match_28811.json","605","2026/07/13 16:20:51"
"C:\Users\81805\toto-edge-git\ml\player_engine\data\raw\matches\metadata\match_28812.json","605","2026/07/13 16:20:53"
"C:\Users\81805\toto-edge-git\ml\player_engine\data\raw\matches\metadata\match_28813.json","605","2026/07/13 16:20:55"
"C:\Users\81805\toto-edge-git\ml\player_engine\data\raw\matches\metadata\match_28814.json","605","2026/07/13 16:20:57"
"C:\Users\81805\toto-edge-git\ml\player_engine\data\raw\matches\metadata\match_28815.json","605","2026/07/13 16:21:00"
"C:\Users\81805\toto-edge-git\ml\player_engine\data\raw\matches\metadata\match_28816.json","605","2026/07/13 16:21:02"
"C:\Users\81805\toto-edge-git\ml\player_engine\data\raw\matches\metadata\match_28817.json","605","2026/07/13 16:21:04"
"C:\Users\81805\toto-edge-git\ml\player_engine\data\raw\matches\metadata\match_28818.json","605","2026/07/13 16:21:06"
"C:\Users\81805\toto-edge-git\ml\player_engine\data\raw\matches\metadata\match_28819.json","605","2026/07/13 16:21:08"
"C:\Users\81805\toto-edge-git\ml\player_engine\data\raw\matches\metadata\match_28820.json","605","2026/07/13 16:21:10"
"C:\Users\81805\toto-edge-git\ml\player_engine\data\raw\matches\metadata\match_28821.json","605","2026/07/13 16:21:12"
"C:\Users\81805\toto-edge-git\ml\player_engine\data\raw\matches\metadata\match_28822.json","605","2026/07/13 16:21:15"
"C:\Users\81805\toto-edge-git\ml\player_engine\data\raw\matches\metadata\match_28823.json","605","2026/07/13 16:21:17"
"C:\Users\81805\toto-edge-git\ml\player_engine\data\raw\matches\metadata\match_28824.json","605","2026/07/13 16:21:19"
"C:\Users\81805\toto-edge-git\ml\player_engine\data\raw\matches\metadata\match_28825.json","605","2026/07/13 16:21:21"
"C:\Users\81805\toto-edge-git\ml\player_engine\data\raw\matches\metadata\match_28826.json","605","2026/07/13 16:21:23"
"C:\Users\81805\toto-edge-git\ml\player_engine\data\raw\matches\metadata\match_28827.json","605","2026/07/13 16:21:25"
"C:\Users\81805\toto-edge-git\ml\player_engine\data\raw\matches\metadata\match_28828.json","605","2026/07/13 16:21:27"
"C:\Users\81805\toto-edge-git\ml\player_engine\data\raw\matches\metadata\match_28829.json","605","2026/07/13 16:21:30"
"C:\Users\81805\toto-edge-git\ml\player_engine\data\raw\matches\metadata\match_28830.json","605","2026/07/13 16:21:32"
"C:\Users\81805\toto-edge-git\ml\player_engine\data\raw\matches\metadata\match_28831.json","605","2026/07/13 16:21:34"
"C:\Users\81805\toto-edge-git\ml\player_engine\data\raw\matches\metadata\match_28832.json","605","2026/07/13 16:21:36"
"C:\Users\81805\toto-edge-git\ml\player_engine\data\raw\matches\metadata\match_28833.json","605","2026/07/13 16:21:38"
"C:\Users\81805\toto-edge-git\ml\player_engine\data\raw\matches\metadata\match_28834.json","605","2026/07/13 16:21:40"
"C:\Users\81805\toto-edge-git\ml\player_engine\data\raw\matches\metadata\match_28835.json","605","2026/07/13 16:21:42"
"C:\Users\81805\toto-edge-git\ml\player_engine\data\raw\matches\metadata\match_28836.json","605","2026/07/13 16:21:44"
"C:\Users\81805\toto-edge-git\ml\player_engine\data\raw\matches\metadata\match_28837.json","605","2026/07/13 16:21:47"
"C:\Users\81805\toto-edge-git\ml\player_engine\data\raw\matches\metadata\match_28838.json","605","2026/07/13 16:21:49"
"C:\Users\81805\toto-edge-git\ml\player_engine\data\raw\matches\metadata\match_28839.json","605","2026/07/13 16:21:51"
"C:\Users\81805\toto-edge-git\ml\player_engine\data\raw\matches\metadata\match_28840.json","605","2026/07/13 16:21:53"
"C:\Users\81805\toto-edge-git\ml\player_engine\data\raw\matches\metadata\match_28841.json","605","2026/07/13 16:21:55"
"C:\Users\81805\toto-edge-git\ml\player_engine\data\raw\matches\metadata\match_28842.json","605","2026/07/13 16:21:57"
"C:\Users\81805\toto-edge-git\ml\player_engine\data\raw\matches\metadata\match_28843.json","605","2026/07/13 16:21:59"
"C:\Users\81805\toto-edge-git\ml\player_engine\data\raw\matches\metadata\match_28844.json","605","2026/07/13 16:22:02"
"C:\Users\81805\toto-edge-git\ml\player_engine\data\raw\matches\metadata\match_28845.json","605","2026/07/13 16:22:04"
"C:\Users\81805\toto-edge-git\ml\player_engine\data\raw\matches\metadata\match_28846.json","605","2026/07/13 16:22:06"
"C:\Users\81805\toto-edge-git\ml\player_engine\data\raw\matches\metadata\match_28847.json","605","2026/07/13 16:22:08"
"C:\Users\81805\toto-edge-git\ml\player_engine\data\raw\matches\metadata\match_28848.json","605","2026/07/13 16:22:10"
"C:\Users\81805\toto-edge-git\ml\player_engine\data\raw\matches\metadata\match_28849.json","605","2026/07/13 16:22:12"
"C:\Users\81805\toto-edge-git\ml\player_engine\data\raw\matches\metadata\match_28850.json","605","2026/07/13 16:22:14"
"C:\Users\81805\toto-edge-git\ml\player_engine\data\raw\matches\metadata\match_28851.json","605","2026/07/13 16:22:17"
"C:\Users\81805\toto-edge-git\ml\player_engine\data\raw\matches\metadata\match_28852.json","605","2026/07/13 16:22:19"
"C:\Users\81805\toto-edge-git\ml\player_engine\data\raw\matches\metadata\match_28853.json","605","2026/07/13 16:22:21"
"C:\Users\81805\toto-edge-git\ml\player_engine\data\raw\matches\metadata\match_28854.json","605","2026/07/13 16:22:23"
"C:\Users\81805\toto-edge-git\ml\player_engine\data\raw\matches\metadata\match_28855.json","605","2026/07/13 16:22:25"
"C:\Users\81805\toto-edge-git\ml\player_engine\data\raw\matches\metadata\match_28856.json","605","2026/07/13 16:22:27"
"C:\Users\81805\toto-edge-git\ml\player_engine\data\raw\matches\metadata\match_28857.json","605","2026/07/13 16:22:29"
"C:\Users\81805\toto-edge-git\ml\player_engine\data\raw\matches\metadata\match_28858.json","605","2026/07/13 16:22:31"
"C:\Users\81805\toto-edge-git\ml\player_engine\data\raw\matches\metadata\match_28859.json","605","2026/07/13 16:22:34"
"C:\Users\81805\toto-edge-git\ml\player_engine\data\raw\matches\metadata\match_28860.json","605","2026/07/13 16:22:36"
"C:\Users\81805\toto-edge-git\ml\player_engine\data\raw\matches\metadata\match_28861.json","605","2026/07/13 16:22:38"
"C:\Users\81805\toto-edge-git\ml\player_engine\data\raw\matches\metadata\match_28862.json","605","2026/07/13 16:22:40"
"C:\Users\81805\toto-edge-git\ml\player_engine\data\raw\matches\metadata\match_28863.json","605","2026/07/13 16:22:42"
"C:\Users\81805\toto-edge-git\ml\player_engine\data\raw\matches\metadata\match_28864.json","605","2026/07/13 16:22:44"
"C:\Users\81805\toto-edge-git\ml\player_engine\data\raw\matches\metadata\match_28865.json","605","2026/07/13 16:22:46"
"C:\Users\81805\toto-edge-git\ml\player_engine\data\raw\matches\metadata\match_28866.json","605","2026/07/13 16:22:48"
"C:\Users\81805\toto-edge-git\ml\player_engine\data\raw\matches\metadata\match_28867.json","605","2026/07/13 16:22:50"
"C:\Users\81805\toto-edge-git\ml\player_engine\data\raw\matches\metadata\match_28868.json","605","2026/07/13 16:22:53"
"C:\Users\81805\toto-edge-git\ml\player_engine\data\raw\matches\metadata\match_28869.json","605","2026/07/13 16:22:55"
"C:\Users\81805\toto-edge-git\ml\player_engine\data\raw\matches\metadata\match_28870.json","605","2026/07/13 16:22:57"
"C:\Users\81805\toto-edge-git\ml\player_engine\data\raw\matches\metadata\match_28871.json","605","2026/07/13 16:22:59"
"C:\Users\81805\toto-edge-git\ml\player_engine\data\raw\matches\metadata\match_28872.json","605","2026/07/13 16:23:01"
"C:\Users\81805\toto-edge-git\ml\player_engine\data\raw\matches\metadata\match_28873.json","605","2026/07/13 16:23:03"
"C:\Users\81805\toto-edge-git\ml\player_engine\data\raw\matches\metadata\match_28874.json","605","2026/07/13 16:23:05"
"C:\Users\81805\toto-edge-git\ml\player_engine\data\raw\matches\metadata\match_28875.json","605","2026/07/13 16:23:08"
"C:\Users\81805\toto-edge-git\ml\player_engine\data\raw\matches\metadata\match_28876.json","605","2026/07/13 16:23:10"
"C:\Users\81805\toto-edge-git\ml\player_engine\data\raw\matches\metadata\match_28877.json","605","2026/07/13 16:23:12"
"C:\Users\81805\toto-edge-git\ml\player_engine\data\raw\matches\metadata\match_28878.json","605","2026/07/13 16:23:14"
"C:\Users\81805\toto-edge-git\ml\player_engine\data\raw\matches\metadata\match_28879.json","605","2026/07/13 16:23:16"
"C:\Users\81805\toto-edge-git\ml\player_engine\data\raw\matches\metadata\match_28880.json","605","2026/07/13 16:23:18"
"C:\Users\81805\toto-edge-git\ml\player_engine\data\raw\matches\metadata\match_28881.json","605","2026/07/13 16:23:20"
"C:\Users\81805\toto-edge-git\ml\player_engine\data\raw\matches\metadata\match_28882.json","605","2026/07/13 16:23:23"
"C:\Users\81805\toto-edge-git\ml\player_engine\data\raw\matches\metadata\match_28883.json","605","2026/07/13 16:23:25"
"C:\Users\81805\toto-edge-git\ml\player_engine\data\raw\matches\metadata\match_28884.json","605","2026/07/13 16:23:27"
"C:\Users\81805\toto-edge-git\ml\player_engine\data\raw\matches\metadata\match_28885.json","605","2026/07/13 16:23:29"
"C:\Users\81805\toto-edge-git\ml\player_engine\data\raw\matches\metadata\match_28886.json","605","2026/07/13 16:23:31"
"C:\Users\81805\toto-edge-git\ml\player_engine\data\raw\matches\metadata\match_28887.json","605","2026/07/13 16:23:33"
"C:\Users\81805\toto-edge-git\ml\player_engine\data\raw\matches\metadata\match_28888.json","605","2026/07/13 16:23:35"
"C:\Users\81805\toto-edge-git\ml\player_engine\data\raw\matches\metadata\match_28889.json","605","2026/07/13 16:23:38"
"C:\Users\81805\toto-edge-git\ml\player_engine\data\raw\matches\metadata\match_28890.json","605","2026/07/13 16:23:40"
"C:\Users\81805\toto-edge-git\ml\player_engine\data\raw\matches\metadata\match_28891.json","605","2026/07/13 16:23:42"
"C:\Users\81805\toto-edge-git\ml\player_engine\data\raw\matches\metadata\match_28892.json","605","2026/07/13 16:23:44"
"C:\Users\81805\toto-edge-git\ml\player_engine\data\raw\matches\metadata\match_28893.json","605","2026/07/13 16:23:46"
"C:\Users\81805\toto-edge-git\ml\player_engine\data\raw\matches\metadata\match_28894.json","605","2026/07/13 16:23:48"
"C:\Users\81805\toto-edge-git\ml\player_engine\data\raw\matches\metadata\match_28895.json","605","2026/07/13 16:23:50"
"C:\Users\81805\toto-edge-git\ml\player_engine\data\raw\matches\metadata\match_28896.json","605","2026/07/13 16:23:53"
"C:\Users\81805\toto-edge-git\ml\player_engine\data\raw\matches\metadata\match_28897.json","605","2026/07/13 16:23:55"
"C:\Users\81805\toto-edge-git\ml\player_engine\data\raw\matches\metadata\match_28898.json","605","2026/07/13 16:23:57"
"C:\Users\81805\toto-edge-git\ml\player_engine\data\raw\matches\metadata\match_28899.json","605","2026/07/13 16:23:59"
"C:\Users\81805\toto-edge-git\ml\player_engine\data\raw\matches\metadata\match_28900.json","605","2026/07/13 16:24:01"
"C:\Users\81805\toto-edge-git\ml\player_engine\data\raw\matches\metadata\match_28901.json","605","2026/07/13 16:24:03"
"C:\Users\81805\toto-edge-git\ml\player_engine\data\raw\matches\metadata\match_28902.json","605","2026/07/13 16:24:05"
"C:\Users\81805\toto-edge-git\ml\player_engine\data\raw\matches\metadata\match_28903.json","605","2026/07/13 16:24:08"
"C:\Users\81805\toto-edge-git\ml\player_engine\data\raw\matches\metadata\match_28904.json","605","2026/07/13 16:24:10"
"C:\Users\81805\toto-edge-git\ml\player_engine\data\raw\matches\metadata\match_28905.json","605","2026/07/13 16:24:12"
"C:\Users\81805\toto-edge-git\ml\player_engine\data\raw\matches\metadata\match_28906.json","605","2026/07/13 16:24:14"
"C:\Users\81805\toto-edge-git\ml\player_engine\data\raw\matches\metadata\match_28907.json","605","2026/07/13 16:24:16"
"C:\Users\81805\toto-edge-git\ml\player_engine\data\raw\matches\metadata\match_28908.json","605","2026/07/13 16:24:18"
"C:\Users\81805\toto-edge-git\ml\player_engine\data\raw\matches\metadata\match_28909.json","605","2026/07/13 16:24:20"
"C:\Users\81805\toto-edge-git\ml\player_engine\data\raw\matches\metadata\match_28910.json","605","2026/07/13 16:24:23"
"C:\Users\81805\toto-edge-git\ml\player_engine\data\raw\matches\metadata\match_28911.json","605","2026/07/13 16:24:25"
"C:\Users\81805\toto-edge-git\ml\player_engine\data\raw\matches\metadata\match_28912.json","605","2026/07/13 16:24:27"
"C:\Users\81805\toto-edge-git\ml\player_engine\data\raw\matches\metadata\match_28913.json","605","2026/07/13 16:24:29"
"C:\Users\81805\toto-edge-git\ml\player_engine\data\raw\matches\metadata\match_28914.json","605","2026/07/13 16:24:31"
"C:\Users\81805\toto-edge-git\ml\player_engine\data\raw\matches\metadata\match_28915.json","605","2026/07/13 16:24:33"
"C:\Users\81805\toto-edge-git\ml\player_engine\data\raw\matches\metadata\match_28916.json","605","2026/07/13 16:24:35"
"C:\Users\81805\toto-edge-git\ml\player_engine\data\raw\matches\metadata\match_28917.json","605","2026/07/13 16:24:38"
"C:\Users\81805\toto-edge-git\ml\player_engine\data\raw\matches\metadata\match_28918.json","605","2026/07/13 16:24:40"
"C:\Users\81805\toto-edge-git\ml\player_engine\data\raw\matches\metadata\match_28919.json","605","2026/07/13 16:24:42"
"C:\Users\81805\toto-edge-git\ml\player_engine\data\raw\matches\metadata\match_28920.json","605","2026/07/13 16:24:44"
"C:\Users\81805\toto-edge-git\ml\player_engine\data\raw\matches\metadata\match_28921.json","605","2026/07/13 16:24:46"
"C:\Users\81805\toto-edge-git\ml\player_engine\data\raw\matches\metadata\match_28922.json","605","2026/07/13 16:24:48"
"C:\Users\81805\toto-edge-git\ml\player_engine\data\raw\matches\metadata\match_28923.json","605","2026/07/13 16:24:50"
"C:\Users\81805\toto-edge-git\ml\player_engine\data\raw\matches\metadata\match_28924.json","605","2026/07/13 16:24:52"
"C:\Users\81805\toto-edge-git\ml\player_engine\data\raw\matches\metadata\match_28925.json","605","2026/07/13 16:24:55"
"C:\Users\81805\toto-edge-git\ml\player_engine\data\raw\matches\metadata\match_28926.json","605","2026/07/13 16:24:57"
"C:\Users\81805\toto-edge-git\ml\player_engine\data\raw\matches\metadata\match_28927.json","605","2026/07/13 16:24:59"
"C:\Users\81805\toto-edge-git\ml\player_engine\data\raw\matches\metadata\match_28928.json","605","2026/07/13 16:25:02"
"C:\Users\81805\toto-edge-git\ml\player_engine\data\raw\matches\metadata\match_28929.json","605","2026/07/13 16:25:04"
"C:\Users\81805\toto-edge-git\ml\player_engine\data\raw\matches\metadata\match_28930.json","605","2026/07/13 16:25:06"
"C:\Users\81805\toto-edge-git\ml\player_engine\data\raw\matches\metadata\match_28931.json","605","2026/07/13 16:25:08"
"C:\Users\81805\toto-edge-git\ml\player_engine\data\raw\matches\metadata\match_28932.json","605","2026/07/13 16:25:11"
"C:\Users\81805\toto-edge-git\ml\player_engine\data\raw\matches\metadata\match_28933.json","605","2026/07/13 16:25:13"
"C:\Users\81805\toto-edge-git\ml\player_engine\data\raw\matches\metadata\match_28934.json","605","2026/07/13 16:25:15"
"C:\Users\81805\toto-edge-git\ml\player_engine\data\raw\matches\metadata\match_28935.json","605","2026/07/13 16:25:17"
"C:\Users\81805\toto-edge-git\ml\player_engine\data\raw\matches\metadata\match_28936.json","605","2026/07/13 16:25:19"
"C:\Users\81805\toto-edge-git\ml\player_engine\data\raw\matches\metadata\match_28937.json","605","2026/07/13 16:25:21"
"C:\Users\81805\toto-edge-git\ml\player_engine\data\raw\matches\metadata\match_28938.json","605","2026/07/13 16:25:23"
"C:\Users\81805\toto-edge-git\ml\player_engine\data\raw\matches\metadata\match_28939.json","605","2026/07/13 16:25:26"
"C:\Users\81805\toto-edge-git\ml\player_engine\data\raw\matches\metadata\match_28940.json","605","2026/07/13 16:25:28"
"C:\Users\81805\toto-edge-git\ml\player_engine\data\raw\matches\metadata\match_28941.json","605","2026/07/13 16:25:30"
"C:\Users\81805\toto-edge-git\ml\player_engine\data\raw\matches\metadata\match_28942.json","605","2026/07/13 16:25:32"
"C:\Users\81805\toto-edge-git\ml\player_engine\data\raw\matches\metadata\match_28943.json","605","2026/07/13 16:25:34"
"C:\Users\81805\toto-edge-git\ml\player_engine\data\raw\matches\metadata\match_28944.json","605","2026/07/13 16:25:36"
"C:\Users\81805\toto-edge-git\ml\player_engine\data\raw\matches\metadata\match_28945.json","605","2026/07/13 16:25:38"
"C:\Users\81805\toto-edge-git\ml\player_engine\data\raw\matches\metadata\match_28946.json","605","2026/07/13 16:25:40"
"C:\Users\81805\toto-edge-git\ml\player_engine\data\raw\matches\metadata\match_28947.json","605","2026/07/13 16:25:43"
"C:\Users\81805\toto-edge-git\ml\player_engine\data\raw\matches\metadata\match_28948.json","605","2026/07/13 16:25:45"
"C:\Users\81805\toto-edge-git\ml\player_engine\data\raw\matches\metadata\match_28949.json","605","2026/07/13 16:25:47"
"C:\Users\81805\toto-edge-git\ml\player_engine\data\raw\matches\metadata\match_28950.json","605","2026/07/13 16:25:49"
"C:\Users\81805\toto-edge-git\ml\player_engine\data\raw\matches\metadata\match_28951.json","605","2026/07/13 16:25:51"
"C:\Users\81805\toto-edge-git\ml\player_engine\data\raw\matches\metadata\match_28952.json","605","2026/07/13 16:25:53"
"C:\Users\81805\toto-edge-git\ml\player_engine\data\raw\matches\metadata\match_28953.json","605","2026/07/13 16:25:56"
"C:\Users\81805\toto-edge-git\ml\player_engine\data\raw\matches\metadata\match_28954.json","605","2026/07/13 16:25:58"
"C:\Users\81805\toto-edge-git\ml\player_engine\data\raw\matches\metadata\match_28955.json","605","2026/07/13 16:26:00"
"C:\Users\81805\toto-edge-git\ml\player_engine\data\raw\matches\metadata\match_28956.json","605","2026/07/13 16:26:02"
"C:\Users\81805\toto-edge-git\ml\player_engine\data\raw\matches\metadata\match_28957.json","605","2026/07/13 16:26:04"
"C:\Users\81805\toto-edge-git\ml\player_engine\data\raw\matches\metadata\match_28958.json","605","2026/07/13 16:26:06"
"C:\Users\81805\toto-edge-git\ml\player_engine\data\raw\matches\metadata\match_28959.json","605","2026/07/13 16:26:08"
"C:\Users\81805\toto-edge-git\ml\player_engine\data\raw\matches\metadata\match_28960.json","605","2026/07/13 16:26:11"
"C:\Users\81805\toto-edge-git\ml\player_engine\data\raw\matches\metadata\match_28961.json","605","2026/07/13 16:26:13"
"C:\Users\81805\toto-edge-git\ml\player_engine\data\raw\matches\metadata\match_28962.json","605","2026/07/13 16:26:15"
"C:\Users\81805\toto-edge-git\ml\player_engine\data\raw\matches\metadata\match_28963.json","605","2026/07/13 16:26:17"
"C:\Users\81805\toto-edge-git\ml\player_engine\data\raw\matches\metadata\match_28964.json","605","2026/07/13 16:26:19"
"C:\Users\81805\toto-edge-git\ml\player_engine\data\raw\matches\metadata\match_28965.json","605","2026/07/13 16:26:21"
"C:\Users\81805\toto-edge-git\ml\player_engine\data\raw\matches\metadata\match_28966.json","605","2026/07/13 16:26:24"
"C:\Users\81805\toto-edge-git\ml\player_engine\data\raw\matches\metadata\match_28967.json","605","2026/07/13 16:26:26"
"C:\Users\81805\toto-edge-git\ml\player_engine\data\raw\matches\metadata\match_28968.json","605","2026/07/13 16:26:28"
"C:\Users\81805\toto-edge-git\ml\player_engine\data\raw\matches\metadata\match_28969.json","605","2026/07/13 16:26:30"
"C:\Users\81805\toto-edge-git\ml\player_engine\data\raw\matches\metadata\match_28970.json","605","2026/07/13 16:26:32"
"C:\Users\81805\toto-edge-git\ml\player_engine\data\raw\matches\metadata\match_28971.json","605","2026/07/13 16:26:34"
"C:\Users\81805\toto-edge-git\ml\player_engine\data\raw\matches\metadata\match_28972.json","605","2026/07/13 16:26:36"
"C:\Users\81805\toto-edge-git\ml\player_engine\data\raw\matches\metadata\match_28973.json","605","2026/07/13 16:26:38"
"C:\Users\81805\toto-edge-git\ml\player_engine\data\raw\matches\metadata\match_28974.json","605","2026/07/13 16:26:41"
"C:\Users\81805\toto-edge-git\ml\player_engine\data\raw\matches\metadata\match_28975.json","605","2026/07/13 16:26:43"
"C:\Users\81805\toto-edge-git\ml\player_engine\data\raw\matches\metadata\match_28976.json","605","2026/07/13 16:26:45"
"C:\Users\81805\toto-edge-git\ml\player_engine\data\raw\matches\metadata\match_28977.json","605","2026/07/13 16:26:47"
"C:\Users\81805\toto-edge-git\ml\player_engine\data\raw\matches\metadata\match_28978.json","605","2026/07/13 16:26:49"
"C:\Users\81805\toto-edge-git\ml\player_engine\data\raw\matches\metadata\match_28979.json","605","2026/07/13 16:26:51"
"C:\Users\81805\toto-edge-git\ml\player_engine\data\raw\matches\metadata\match_28980.json","605","2026/07/13 16:26:53"
"C:\Users\81805\toto-edge-git\ml\player_engine\data\raw\matches\metadata\match_28981.json","605","2026/07/13 16:26:55"
"C:\Users\81805\toto-edge-git\ml\player_engine\data\raw\matches\metadata\match_28982.json","605","2026/07/13 16:26:58"
"C:\Users\81805\toto-edge-git\ml\player_engine\data\raw\matches\metadata\match_28983.json","605","2026/07/13 16:27:00"
"C:\Users\81805\toto-edge-git\ml\player_engine\data\raw\matches\metadata\match_28984.json","605","2026/07/13 16:27:02"
"C:\Users\81805\toto-edge-git\ml\player_engine\data\raw\matches\metadata\match_28985.json","605","2026/07/13 16:27:04"
"C:\Users\81805\toto-edge-git\ml\player_engine\data\raw\matches\metadata\match_28986.json","605","2026/07/13 16:27:06"
"C:\Users\81805\toto-edge-git\ml\player_engine\data\raw\matches\metadata\match_28987.json","605","2026/07/13 16:27:08"
"C:\Users\81805\toto-edge-git\ml\player_engine\data\raw\matches\metadata\match_28988.json","605","2026/07/13 16:27:10"
"C:\Users\81805\toto-edge-git\ml\player_engine\data\raw\matches\metadata\match_28989.json","605","2026/07/13 16:27:13"
"C:\Users\81805\toto-edge-git\ml\player_engine\data\raw\matches\metadata\match_28990.json","605","2026/07/13 16:27:15"
"C:\Users\81805\toto-edge-git\ml\player_engine\data\raw\matches\metadata\match_28991.json","605","2026/07/13 16:27:17"
"C:\Users\81805\toto-edge-git\ml\player_engine\data\raw\matches\metadata\match_28992.json","605","2026/07/13 16:27:19"
"C:\Users\81805\toto-edge-git\ml\player_engine\data\raw\matches\metadata\match_28993.json","605","2026/07/13 16:27:21"
"C:\Users\81805\toto-edge-git\ml\player_engine\data\raw\matches\metadata\match_28994.json","605","2026/07/13 16:27:23"
"C:\Users\81805\toto-edge-git\ml\player_engine\data\raw\matches\metadata\match_28995.json","605","2026/07/13 16:27:25"
"C:\Users\81805\toto-edge-git\ml\player_engine\data\raw\matches\metadata\match_28996.json","605","2026/07/13 16:27:28"
"C:\Users\81805\toto-edge-git\ml\player_engine\data\raw\matches\metadata\match_28997.json","605","2026/07/13 16:27:30"
"C:\Users\81805\toto-edge-git\ml\player_engine\data\raw\matches\metadata\match_28998.json","605","2026/07/13 16:27:32"
"C:\Users\81805\toto-edge-git\ml\player_engine\data\raw\matches\metadata\match_28999.json","605","2026/07/13 16:27:34"
"C:\Users\81805\toto-edge-git\ml\player_engine\data\raw\matches\metadata\match_29000.json","605","2026/07/13 16:27:36"
"C:\Users\81805\toto-edge-git\ml\player_engine\data\raw\matches\metadata\match_29001.json","605","2026/07/13 16:27:38"
"C:\Users\81805\toto-edge-git\ml\player_engine\data\raw\matches\metadata\match_29002.json","605","2026/07/13 16:27:40"
"C:\Users\81805\toto-edge-git\ml\player_engine\data\raw\matches\metadata\match_29003.json","605","2026/07/13 16:27:42"
"C:\Users\81805\toto-edge-git\ml\player_engine\data\raw\matches\metadata\match_29004.json","605","2026/07/13 16:27:45"
"C:\Users\81805\toto-edge-git\ml\player_engine\data\raw\matches\metadata\match_29005.json","605","2026/07/13 16:27:47"
"C:\Users\81805\toto-edge-git\ml\player_engine\data\raw\matches\metadata\match_29006.json","605","2026/07/13 16:27:49"
"C:\Users\81805\toto-edge-git\ml\player_engine\data\raw\matches\metadata\match_29007.json","605","2026/07/13 16:27:51"
"C:\Users\81805\toto-edge-git\ml\player_engine\data\raw\matches\metadata\match_29008.json","605","2026/07/13 16:27:53"
"C:\Users\81805\toto-edge-git\ml\player_engine\data\raw\matches\metadata\match_29009.json","605","2026/07/13 16:27:55"
"C:\Users\81805\toto-edge-git\ml\player_engine\data\raw\matches\metadata\match_29010.json","605","2026/07/13 16:27:57"
"C:\Users\81805\toto-edge-git\ml\player_engine\data\raw\matches\metadata\match_29011.json","605","2026/07/13 16:28:00"
"C:\Users\81805\toto-edge-git\ml\player_engine\data\raw\matches\metadata\match_29012.json","605","2026/07/13 16:28:02"
"C:\Users\81805\toto-edge-git\ml\player_engine\data\raw\matches\metadata\match_29013.json","605","2026/07/13 16:28:04"
"C:\Users\81805\toto-edge-git\ml\player_engine\data\raw\matches\metadata\match_29014.json","605","2026/07/13 16:28:06"
"C:\Users\81805\toto-edge-git\ml\player_engine\data\raw\matches\metadata\match_29015.json","605","2026/07/13 16:28:08"
"C:\Users\81805\toto-edge-git\ml\player_engine\data\raw\matches\metadata\match_29016.json","605","2026/07/13 16:28:10"
"C:\Users\81805\toto-edge-git\ml\player_engine\data\raw\matches\metadata\match_29017.json","605","2026/07/13 16:28:12"
"C:\Users\81805\toto-edge-git\ml\player_engine\data\raw\matches\metadata\match_29018.json","605","2026/07/13 16:28:15"
"C:\Users\81805\toto-edge-git\ml\player_engine\data\raw\matches\metadata\match_29019.json","605","2026/07/13 16:28:17"
"C:\Users\81805\toto-edge-git\ml\player_engine\data\raw\matches\metadata\match_29020.json","605","2026/07/13 16:28:19"
"C:\Users\81805\toto-edge-git\ml\player_engine\data\raw\matches\metadata\match_29021.json","605","2026/07/13 16:28:21"
"C:\Users\81805\toto-edge-git\ml\player_engine\data\raw\matches\metadata\match_29022.json","605","2026/07/13 16:28:23"
"C:\Users\81805\toto-edge-git\ml\player_engine\data\raw\matches\metadata\match_29023.json","605","2026/07/13 16:28:25"
"C:\Users\81805\toto-edge-git\ml\player_engine\data\raw\matches\metadata\match_29024.json","605","2026/07/13 16:28:28"
"C:\Users\81805\toto-edge-git\ml\player_engine\data\raw\matches\metadata\match_29025.json","605","2026/07/13 16:28:30"
"C:\Users\81805\toto-edge-git\ml\player_engine\data\raw\matches\metadata\match_29026.json","605","2026/07/13 16:28:32"
"C:\Users\81805\toto-edge-git\ml\player_engine\data\raw\matches\metadata\match_29027.json","605","2026/07/13 16:28:34"
"C:\Users\81805\toto-edge-git\ml\player_engine\data\raw\matches\metadata\match_29028.json","605","2026/07/13 16:28:36"
"C:\Users\81805\toto-edge-git\ml\player_engine\data\raw\matches\metadata\match_29029.json","605","2026/07/13 16:28:38"
"C:\Users\81805\toto-edge-git\ml\player_engine\data\raw\matches\metadata\match_29030.json","605","2026/07/13 16:28:40"
"C:\Users\81805\toto-edge-git\ml\player_engine\data\raw\matches\metadata\match_29031.json","605","2026/07/13 16:28:43"
"C:\Users\81805\toto-edge-git\ml\player_engine\data\raw\matches\metadata\match_29032.json","605","2026/07/13 16:28:45"
"C:\Users\81805\toto-edge-git\ml\player_engine\data\raw\matches\metadata\match_29033.json","605","2026/07/13 16:28:47"
"C:\Users\81805\toto-edge-git\ml\player_engine\data\raw\matches\metadata\match_29034.json","605","2026/07/13 16:28:49"
"C:\Users\81805\toto-edge-git\ml\player_engine\data\raw\matches\metadata\match_29035.json","605","2026/07/13 16:28:51"
"C:\Users\81805\toto-edge-git\ml\player_engine\data\raw\matches\metadata\match_29036.json","605","2026/07/13 16:28:53"
"C:\Users\81805\toto-edge-git\ml\player_engine\data\raw\matches\metadata\match_29037.json","605","2026/07/13 16:28:55"
"C:\Users\81805\toto-edge-git\ml\player_engine\data\raw\matches\metadata\match_29038.json","605","2026/07/13 16:28:58"
"C:\Users\81805\toto-edge-git\ml\player_engine\data\raw\matches\metadata\match_29039.json","605","2026/07/13 16:29:00"
"C:\Users\81805\toto-edge-git\ml\player_engine\data\raw\matches\metadata\match_29040.json","605","2026/07/13 16:29:02"
"C:\Users\81805\toto-edge-git\ml\player_engine\data\raw\matches\metadata\match_29041.json","605","2026/07/13 16:29:04"
"C:\Users\81805\toto-edge-git\ml\player_engine\data\raw\matches\metadata\match_29042.json","605","2026/07/13 16:29:06"
"C:\Users\81805\toto-edge-git\ml\player_engine\data\raw\matches\metadata\match_29043.json","605","2026/07/13 16:29:08"
"C:\Users\81805\toto-edge-git\ml\player_engine\data\raw\matches\metadata\match_29044.json","605","2026/07/13 16:29:10"
"C:\Users\81805\toto-edge-git\ml\player_engine\data\raw\matches\metadata\match_29045.json","605","2026/07/13 16:29:12"
"C:\Users\81805\toto-edge-git\ml\player_engine\data\raw\matches\metadata\match_29046.json","605","2026/07/13 16:29:15"
"C:\Users\81805\toto-edge-git\ml\player_engine\data\raw\matches\metadata\match_29047.json","605","2026/07/13 16:29:17"
"C:\Users\81805\toto-edge-git\ml\player_engine\data\raw\matches\metadata\match_29048.json","605","2026/07/13 16:29:19"
"C:\Users\81805\toto-edge-git\ml\player_engine\data\raw\matches\metadata\match_29049.json","605","2026/07/13 16:29:21"
"C:\Users\81805\toto-edge-git\ml\player_engine\data\raw\matches\metadata\match_29050.json","605","2026/07/13 16:29:23"
"C:\Users\81805\toto-edge-git\ml\player_engine\data\raw\matches\metadata\match_29051.json","605","2026/07/13 16:29:25"
"C:\Users\81805\toto-edge-git\ml\player_engine\data\raw\matches\metadata\match_29052.json","605","2026/07/13 16:29:27"
"C:\Users\81805\toto-edge-git\ml\player_engine\data\raw\matches\metadata\match_29053.json","605","2026/07/13 16:29:29"
"C:\Users\81805\toto-edge-git\ml\player_engine\data\raw\matches\metadata\match_29054.json","605","2026/07/13 16:29:32"
"C:\Users\81805\toto-edge-git\ml\player_engine\data\raw\matches\metadata\match_29055.json","605","2026/07/13 16:29:34"
"C:\Users\81805\toto-edge-git\ml\player_engine\data\raw\matches\metadata\match_29056.json","605","2026/07/13 16:29:36"
"C:\Users\81805\toto-edge-git\ml\player_engine\data\raw\matches\metadata\match_29057.json","605","2026/07/13 16:29:38"
"C:\Users\81805\toto-edge-git\ml\player_engine\data\raw\matches\metadata\match_29058.json","605","2026/07/13 16:29:40"
"C:\Users\81805\toto-edge-git\ml\player_engine\data\raw\matches\metadata\match_29059.json","605","2026/07/13 16:29:42"
"C:\Users\81805\toto-edge-git\ml\player_engine\data\raw\matches\metadata\match_29060.json","605","2026/07/13 16:29:44"
"C:\Users\81805\toto-edge-git\ml\player_engine\data\raw\matches\metadata\match_29061.json","605","2026/07/13 16:29:47"
"C:\Users\81805\toto-edge-git\ml\player_engine\data\raw\matches\metadata\match_29062.json","605","2026/07/13 16:29:49"
"C:\Users\81805\toto-edge-git\ml\player_engine\data\raw\matches\metadata\match_29063.json","605","2026/07/13 16:29:51"
"C:\Users\81805\toto-edge-git\ml\player_engine\data\raw\matches\metadata\match_29064.json","605","2026/07/13 16:29:53"
"C:\Users\81805\toto-edge-git\ml\player_engine\data\raw\matches\metadata\match_29065.json","605","2026/07/13 16:29:55"
"C:\Users\81805\toto-edge-git\ml\player_engine\data\raw\matches\metadata\match_29066.json","605","2026/07/13 16:29:57"
"C:\Users\81805\toto-edge-git\ml\player_engine\data\raw\matches\metadata\match_29067.json","605","2026/07/13 16:30:00"
"C:\Users\81805\toto-edge-git\ml\player_engine\data\raw\matches\metadata\match_29068.json","605","2026/07/13 16:30:02"
"C:\Users\81805\toto-edge-git\ml\player_engine\data\raw\matches\metadata\match_29069.json","605","2026/07/13 16:30:04"
"C:\Users\81805\toto-edge-git\ml\player_engine\data\raw\matches\metadata\match_29070.json","605","2026/07/13 16:30:06"
"C:\Users\81805\toto-edge-git\ml\player_engine\data\raw\matches\metadata\match_29071.json","605","2026/07/13 16:30:08"
"C:\Users\81805\toto-edge-git\ml\player_engine\data\raw\matches\metadata\match_29072.json","605","2026/07/13 16:30:10"
"C:\Users\81805\toto-edge-git\ml\player_engine\data\raw\matches\metadata\match_29073.json","605","2026/07/13 16:30:12"
"C:\Users\81805\toto-edge-git\ml\player_engine\data\raw\matches\metadata\match_29074.json","605","2026/07/13 16:30:15"
"C:\Users\81805\toto-edge-git\ml\player_engine\data\raw\matches\metadata\match_29075.json","605","2026/07/13 16:30:17"
"C:\Users\81805\toto-edge-git\ml\player_engine\data\raw\matches\metadata\match_29076.json","605","2026/07/13 16:30:19"
"C:\Users\81805\toto-edge-git\ml\player_engine\data\raw\matches\metadata\match_29077.json","605","2026/07/13 16:30:21"
"C:\Users\81805\toto-edge-git\ml\player_engine\data\raw\matches\metadata\match_29078.json","605","2026/07/13 16:30:23"
"C:\Users\81805\toto-edge-git\ml\player_engine\data\raw\matches\metadata\match_29079.json","605","2026/07/13 16:30:25"
"C:\Users\81805\toto-edge-git\ml\player_engine\data\raw\matches\metadata\match_29080.json","605","2026/07/13 16:30:27"
"C:\Users\81805\toto-edge-git\ml\player_engine\data\raw\matches\metadata\match_29081.json","605","2026/07/13 16:30:30"
"C:\Users\81805\toto-edge-git\ml\player_engine\data\raw\matches\metadata\match_29082.json","605","2026/07/13 16:30:32"
"C:\Users\81805\toto-edge-git\ml\player_engine\data\raw\matches\metadata\match_29083.json","605","2026/07/13 16:30:34"
"C:\Users\81805\toto-edge-git\ml\player_engine\data\raw\matches\metadata\match_29084.json","605","2026/07/13 16:30:36"
"C:\Users\81805\toto-edge-git\ml\player_engine\data\raw\matches\metadata\match_29085.json","605","2026/07/13 16:30:38"
"C:\Users\81805\toto-edge-git\ml\player_engine\data\raw\matches\metadata\match_29086.json","605","2026/07/13 16:30:40"
"C:\Users\81805\toto-edge-git\ml\player_engine\data\raw\matches\metadata\match_29087.json","605","2026/07/13 16:30:42"
"C:\Users\81805\toto-edge-git\ml\player_engine\data\raw\matches\metadata\match_29088.json","605","2026/07/13 16:30:44"
"C:\Users\81805\toto-edge-git\ml\player_engine\data\raw\matches\metadata\match_29089.json","605","2026/07/13 16:30:47"
"C:\Users\81805\toto-edge-git\ml\player_engine\data\raw\matches\metadata\match_29090.json","605","2026/07/13 16:30:49"
"C:\Users\81805\toto-edge-git\ml\player_engine\data\raw\matches\metadata\match_29091.json","605","2026/07/13 16:30:51"
"C:\Users\81805\toto-edge-git\ml\player_engine\data\raw\matches\metadata\match_29092.json","605","2026/07/13 16:30:53"
"C:\Users\81805\toto-edge-git\ml\player_engine\data\raw\matches\metadata\match_29093.json","605","2026/07/13 16:30:55"
"C:\Users\81805\toto-edge-git\ml\player_engine\data\raw\matches\metadata\match_29094.json","605","2026/07/13 16:30:57"
"C:\Users\81805\toto-edge-git\ml\player_engine\data\raw\matches\metadata\match_29095.json","605","2026/07/13 16:31:00"
"C:\Users\81805\toto-edge-git\ml\player_engine\data\raw\matches\metadata\match_29096.json","605","2026/07/13 16:31:02"
"C:\Users\81805\toto-edge-git\ml\player_engine\data\raw\matches\metadata\match_29097.json","605","2026/07/13 16:31:04"
"C:\Users\81805\toto-edge-git\ml\player_engine\data\raw\matches\metadata\match_29098.json","605","2026/07/13 16:31:06"
"C:\Users\81805\toto-edge-git\ml\player_engine\data\raw\matches\metadata\match_29099.json","605","2026/07/13 16:31:08"
"C:\Users\81805\toto-edge-git\ml\player_engine\data\raw\matches\metadata\match_29100.json","605","2026/07/13 16:31:10"
"C:\Users\81805\toto-edge-git\ml\player_engine\data\raw\matches\metadata\match_29101.json","605","2026/07/13 16:31:12"
"C:\Users\81805\toto-edge-git\ml\player_engine\data\raw\matches\metadata\match_29102.json","605","2026/07/13 16:31:14"
"C:\Users\81805\toto-edge-git\ml\player_engine\data\raw\matches\metadata\match_29103.json","605","2026/07/13 16:31:17"
"C:\Users\81805\toto-edge-git\ml\player_engine\data\raw\matches\metadata\match_29104.json","605","2026/07/13 16:31:19"
"C:\Users\81805\toto-edge-git\ml\player_engine\data\raw\matches\metadata\match_29105.json","605","2026/07/13 16:31:21"
"C:\Users\81805\toto-edge-git\ml\player_engine\data\raw\matches\metadata\match_29106.json","605","2026/07/13 16:31:23"
"C:\Users\81805\toto-edge-git\ml\player_engine\data\raw\matches\metadata\match_29107.json","605","2026/07/13 16:31:25"
"C:\Users\81805\toto-edge-git\ml\player_engine\data\raw\matches\metadata\match_29108.json","605","2026/07/13 16:31:27"
"C:\Users\81805\toto-edge-git\ml\player_engine\data\raw\matches\metadata\match_29109.json","605","2026/07/13 16:31:29"
"C:\Users\81805\toto-edge-git\ml\player_engine\data\raw\matches\metadata\match_29110.json","605","2026/07/13 16:31:32"
"C:\Users\81805\toto-edge-git\ml\player_engine\data\raw\matches\metadata\match_29111.json","605","2026/07/13 16:31:34"
"C:\Users\81805\toto-edge-git\ml\player_engine\data\raw\matches\metadata\match_29112.json","605","2026/07/13 16:31:36"
"C:\Users\81805\toto-edge-git\ml\player_engine\data\raw\matches\metadata\match_29113.json","605","2026/07/13 16:31:38"
"C:\Users\81805\toto-edge-git\ml\player_engine\data\raw\matches\metadata\match_29114.json","605","2026/07/13 16:31:40"
"C:\Users\81805\toto-edge-git\ml\player_engine\data\raw\matches\metadata\match_29115.json","605","2026/07/13 16:31:42"
"C:\Users\81805\toto-edge-git\ml\player_engine\data\raw\matches\metadata\match_29116.json","605","2026/07/13 16:31:44"
"C:\Users\81805\toto-edge-git\ml\player_engine\data\raw\matches\metadata\match_29117.json","605","2026/07/13 16:31:47"
"C:\Users\81805\toto-edge-git\ml\player_engine\data\raw\matches\metadata\match_29118.json","605","2026/07/13 16:31:49"
"C:\Users\81805\toto-edge-git\ml\player_engine\data\raw\matches\metadata\match_29119.json","605","2026/07/13 16:31:51"
"C:\Users\81805\toto-edge-git\ml\player_engine\data\raw\matches\metadata\match_29120.json","605","2026/07/13 16:31:53"
"C:\Users\81805\toto-edge-git\ml\player_engine\data\raw\matches\metadata\match_29121.json","605","2026/07/13 16:31:55"
"C:\Users\81805\toto-edge-git\ml\player_engine\data\raw\matches\metadata\match_29122.json","605","2026/07/13 16:31:57"
"C:\Users\81805\toto-edge-git\ml\player_engine\data\raw\matches\metadata\match_29123.json","605","2026/07/13 16:31:59"
"C:\Users\81805\toto-edge-git\ml\player_engine\data\raw\matches\metadata\match_29124.json","605","2026/07/13 16:32:02"
"C:\Users\81805\toto-edge-git\ml\player_engine\data\raw\matches\metadata\match_29125.json","605","2026/07/13 16:32:04"
"C:\Users\81805\toto-edge-git\ml\player_engine\data\raw\matches\metadata\match_29126.json","605","2026/07/13 16:32:06"
"C:\Users\81805\toto-edge-git\ml\player_engine\data\raw\matches\metadata\match_29127.json","605","2026/07/13 16:32:08"
"C:\Users\81805\toto-edge-git\ml\player_engine\data\raw\matches\metadata\match_29128.json","605","2026/07/13 16:32:10"
"C:\Users\81805\toto-edge-git\ml\player_engine\data\raw\matches\metadata\match_29129.json","605","2026/07/13 16:32:12"
"C:\Users\81805\toto-edge-git\ml\player_engine\data\raw\matches\metadata\match_29130.json","605","2026/07/13 16:32:14"
"C:\Users\81805\toto-edge-git\ml\player_engine\data\raw\matches\metadata\match_29131.json","605","2026/07/13 16:32:17"
"C:\Users\81805\toto-edge-git\ml\player_engine\data\raw\matches\metadata\match_29132.json","605","2026/07/13 16:32:19"
"C:\Users\81805\toto-edge-git\ml\player_engine\data\raw\matches\metadata\match_29133.json","605","2026/07/13 16:32:21"
"C:\Users\81805\toto-edge-git\ml\player_engine\data\raw\matches\metadata\match_29134.json","605","2026/07/13 16:32:23"
"C:\Users\81805\toto-edge-git\ml\player_engine\data\raw\matches\metadata\match_29135.json","605","2026/07/13 16:32:25"
"C:\Users\81805\toto-edge-git\ml\player_engine\data\raw\matches\metadata\match_29136.json","605","2026/07/13 16:32:27"
"C:\Users\81805\toto-edge-git\ml\player_engine\data\raw\matches\metadata\match_29137.json","605","2026/07/13 16:32:29"
"C:\Users\81805\toto-edge-git\ml\player_engine\data\raw\matches\metadata\match_29138.json","605","2026/07/13 16:32:32"
"C:\Users\81805\toto-edge-git\ml\player_engine\data\raw\matches\metadata\match_29139.json","605","2026/07/13 16:32:34"
"C:\Users\81805\toto-edge-git\ml\player_engine\data\raw\matches\metadata\match_29140.json","605","2026/07/13 16:32:36"
"C:\Users\81805\toto-edge-git\ml\player_engine\data\raw\matches\metadata\match_29141.json","605","2026/07/13 16:32:38"
"C:\Users\81805\toto-edge-git\ml\player_engine\data\raw\matches\metadata\match_29142.json","605","2026/07/13 16:32:40"
"C:\Users\81805\toto-edge-git\ml\player_engine\data\raw\matches\metadata\match_29143.json","605","2026/07/13 16:32:42"
"C:\Users\81805\toto-edge-git\ml\player_engine\data\raw\matches\metadata\match_29144.json","605","2026/07/13 16:32:44"
"C:\Users\81805\toto-edge-git\ml\player_engine\data\raw\matches\metadata\match_29145.json","605","2026/07/13 16:32:46"
"C:\Users\81805\toto-edge-git\ml\player_engine\data\raw\matches\metadata\match_29146.json","605","2026/07/13 16:32:49"
"C:\Users\81805\toto-edge-git\ml\player_engine\data\raw\matches\metadata\match_29147.json","605","2026/07/13 16:32:51"
"C:\Users\81805\toto-edge-git\ml\player_engine\data\raw\matches\metadata\match_29148.json","605","2026/07/13 16:32:53"
"C:\Users\81805\toto-edge-git\ml\player_engine\data\raw\matches\metadata\match_29149.json","605","2026/07/13 16:32:55"
"C:\Users\81805\toto-edge-git\ml\player_engine\data\raw\matches\metadata\match_29150.json","605","2026/07/13 16:32:57"
"C:\Users\81805\toto-edge-git\ml\player_engine\data\raw\matches\metadata\match_29151.json","605","2026/07/13 16:32:59"
"C:\Users\81805\toto-edge-git\ml\player_engine\data\raw\matches\metadata\match_29152.json","605","2026/07/13 16:33:01"
"C:\Users\81805\toto-edge-git\ml\player_engine\data\raw\matches\metadata\match_29153.json","605","2026/07/13 16:33:03"
"C:\Users\81805\toto-edge-git\ml\player_engine\data\raw\matches\metadata\match_29154.json","605","2026/07/13 16:33:06"
"C:\Users\81805\toto-edge-git\ml\player_engine\data\raw\matches\metadata\match_29155.json","605","2026/07/13 16:33:08"
"C:\Users\81805\toto-edge-git\ml\player_engine\data\raw\matches\metadata\match_29156.json","605","2026/07/13 16:33:10"
"C:\Users\81805\toto-edge-git\ml\player_engine\data\raw\matches\metadata\match_29157.json","605","2026/07/13 16:33:12"
"C:\Users\81805\toto-edge-git\ml\player_engine\data\raw\matches\metadata\match_29158.json","605","2026/07/13 16:33:14"
"C:\Users\81805\toto-edge-git\ml\player_engine\data\raw\matches\metadata\match_29159.json","605","2026/07/13 16:33:16"
"C:\Users\81805\toto-edge-git\ml\player_engine\data\raw\matches\metadata\match_29160.json","605","2026/07/13 16:33:19"
"C:\Users\81805\toto-edge-git\ml\player_engine\data\raw\matches\metadata\match_29161.json","605","2026/07/13 16:33:21"
"C:\Users\81805\toto-edge-git\ml\player_engine\data\raw\matches\metadata\match_29162.json","605","2026/07/13 16:33:23"
"C:\Users\81805\toto-edge-git\ml\player_engine\data\raw\matches\metadata\match_29163.json","605","2026/07/13 16:33:25"
"C:\Users\81805\toto-edge-git\ml\player_engine\data\raw\matches\metadata\match_29164.json","605","2026/07/13 16:33:27"
"C:\Users\81805\toto-edge-git\ml\player_engine\data\raw\matches\metadata\match_29165.json","605","2026/07/13 16:33:29"
"C:\Users\81805\toto-edge-git\ml\player_engine\data\raw\matches\metadata\match_29166.json","605","2026/07/13 16:33:31"
"C:\Users\81805\toto-edge-git\ml\player_engine\data\raw\matches\metadata\match_29167.json","605","2026/07/13 16:33:33"
"C:\Users\81805\toto-edge-git\ml\player_engine\data\raw\matches\metadata\match_29168.json","605","2026/07/13 16:33:36"
"C:\Users\81805\toto-edge-git\ml\player_engine\data\raw\matches\metadata\match_29169.json","605","2026/07/13 16:33:38"
"C:\Users\81805\toto-edge-git\ml\player_engine\data\raw\matches\metadata\match_29170.json","605","2026/07/13 16:33:40"
"C:\Users\81805\toto-edge-git\ml\player_engine\data\raw\matches\metadata\match_29171.json","605","2026/07/13 16:33:42"
"C:\Users\81805\toto-edge-git\ml\player_engine\data\raw\matches\metadata\match_29172.json","605","2026/07/13 16:33:44"
"C:\Users\81805\toto-edge-git\ml\player_engine\data\raw\matches\metadata\match_29173.json","605","2026/07/13 16:33:46"
"C:\Users\81805\toto-edge-git\ml\player_engine\data\raw\matches\metadata\match_29174.json","605","2026/07/13 16:33:49"
"C:\Users\81805\toto-edge-git\ml\player_engine\data\raw\matches\metadata\match_29175.json","605","2026/07/13 16:33:51"
"C:\Users\81805\toto-edge-git\ml\player_engine\data\raw\matches\metadata\match_29176.json","605","2026/07/13 16:33:53"
"C:\Users\81805\toto-edge-git\ml\player_engine\data\raw\matches\metadata\match_29177.json","605","2026/07/13 16:33:55"
"C:\Users\81805\toto-edge-git\ml\player_engine\data\raw\matches\metadata\match_29178.json","605","2026/07/13 16:33:57"
"C:\Users\81805\toto-edge-git\ml\player_engine\data\raw\matches\metadata\match_29179.json","605","2026/07/13 16:34:00"
"C:\Users\81805\toto-edge-git\ml\player_engine\data\raw\matches\metadata\match_29180.json","605","2026/07/13 16:34:02"
"C:\Users\81805\toto-edge-git\ml\player_engine\data\raw\matches\metadata\match_29181.json","605","2026/07/13 16:34:04"
"C:\Users\81805\toto-edge-git\ml\player_engine\data\raw\matches\metadata\match_29182.json","605","2026/07/13 16:34:06"
"C:\Users\81805\toto-edge-git\ml\player_engine\data\raw\matches\metadata\match_29183.json","605","2026/07/13 16:34:08"
"C:\Users\81805\toto-edge-git\ml\player_engine\data\raw\matches\metadata\match_29184.json","605","2026/07/13 16:34:10"
"C:\Users\81805\toto-edge-git\ml\player_engine\data\raw\matches\metadata\match_29185.json","605","2026/07/13 16:34:12"
"C:\Users\81805\toto-edge-git\ml\player_engine\data\raw\matches\metadata\match_29186.json","605","2026/07/13 16:34:15"
"C:\Users\81805\toto-edge-git\ml\player_engine\data\raw\matches\metadata\match_29187.json","605","2026/07/13 16:34:17"
"C:\Users\81805\toto-edge-git\ml\player_engine\data\raw\matches\metadata\match_29188.json","605","2026/07/13 16:34:19"
"C:\Users\81805\toto-edge-git\ml\player_engine\data\raw\matches\metadata\match_29189.json","605","2026/07/13 16:34:21"
"C:\Users\81805\toto-edge-git\ml\player_engine\data\raw\matches\metadata\match_29190.json","605","2026/07/13 16:34:23"
"C:\Users\81805\toto-edge-git\ml\player_engine\data\raw\matches\metadata\match_29191.json","605","2026/07/13 16:34:25"
"C:\Users\81805\toto-edge-git\ml\player_engine\data\raw\matches\metadata\match_29192.json","605","2026/07/13 16:34:27"
"C:\Users\81805\toto-edge-git\ml\player_engine\data\raw\matches\metadata\match_29193.json","605","2026/07/13 16:34:30"
"C:\Users\81805\toto-edge-git\ml\player_engine\data\raw\matches\metadata\match_29194.json","605","2026/07/13 16:34:32"
"C:\Users\81805\toto-edge-git\ml\player_engine\data\raw\matches\metadata\match_29195.json","605","2026/07/13 16:34:34"
"C:\Users\81805\toto-edge-git\ml\player_engine\data\raw\matches\metadata\match_29196.json","605","2026/07/13 16:34:36"
"C:\Users\81805\toto-edge-git\ml\player_engine\data\raw\matches\metadata\match_29197.json","605","2026/07/13 16:34:38"
"C:\Users\81805\toto-edge-git\ml\player_engine\data\raw\matches\metadata\match_29198.json","605","2026/07/13 16:34:40"
"C:\Users\81805\toto-edge-git\ml\player_engine\data\raw\matches\metadata\match_29199.json","605","2026/07/13 16:34:42"
"C:\Users\81805\toto-edge-git\ml\player_engine\data\raw\matches\metadata\match_29200.json","605","2026/07/13 16:34:44"
"C:\Users\81805\toto-edge-git\ml\player_engine\data\raw\matches\metadata\match_29201.json","605","2026/07/13 16:34:47"
"C:\Users\81805\toto-edge-git\ml\player_engine\data\raw\matches\metadata\match_29202.json","605","2026/07/13 16:34:49"
"C:\Users\81805\toto-edge-git\ml\player_engine\data\raw\matches\metadata\match_29203.json","605","2026/07/13 16:34:51"
"C:\Users\81805\toto-edge-git\ml\player_engine\data\raw\matches\metadata\match_29204.json","605","2026/07/13 16:34:53"
"C:\Users\81805\toto-edge-git\ml\player_engine\data\raw\matches\metadata\match_29205.json","605","2026/07/13 16:34:55"
"C:\Users\81805\toto-edge-git\ml\player_engine\data\raw\matches\metadata\match_29206.json","605","2026/07/13 16:34:57"
"C:\Users\81805\toto-edge-git\ml\player_engine\data\raw\matches\metadata\match_29207.json","605","2026/07/13 16:34:59"
"C:\Users\81805\toto-edge-git\ml\player_engine\data\raw\matches\metadata\match_29208.json","605","2026/07/13 16:35:01"
"C:\Users\81805\toto-edge-git\ml\player_engine\data\raw\matches\metadata\match_29209.json","605","2026/07/13 16:35:04"
"C:\Users\81805\toto-edge-git\ml\player_engine\data\raw\matches\metadata\match_29210.json","605","2026/07/13 16:35:06"
"C:\Users\81805\toto-edge-git\ml\player_engine\data\raw\matches\metadata\match_29211.json","605","2026/07/13 16:35:08"
"C:\Users\81805\toto-edge-git\ml\player_engine\data\raw\matches\metadata\match_29212.json","605","2026/07/13 16:35:10"
"C:\Users\81805\toto-edge-git\ml\player_engine\data\raw\matches\metadata\match_29213.json","605","2026/07/13 16:35:12"
"C:\Users\81805\toto-edge-git\ml\player_engine\data\raw\matches\metadata\match_29214.json","605","2026/07/13 16:35:14"
"C:\Users\81805\toto-edge-git\ml\player_engine\data\raw\matches\metadata\match_29215.json","605","2026/07/13 16:35:16"
"C:\Users\81805\toto-edge-git\ml\player_engine\data\raw\matches\metadata\match_29216.json","605","2026/07/13 16:35:19"
"C:\Users\81805\toto-edge-git\ml\player_engine\data\raw\matches\metadata\match_29217.json","605","2026/07/13 16:35:21"
"C:\Users\81805\toto-edge-git\ml\player_engine\data\raw\matches\metadata\match_29218.json","605","2026/07/13 16:35:23"
"C:\Users\81805\toto-edge-git\ml\player_engine\data\raw\matches\metadata\match_29219.json","605","2026/07/13 16:35:25"
"C:\Users\81805\toto-edge-git\ml\player_engine\data\raw\matches\metadata\match_29220.json","605","2026/07/13 16:35:27"
"C:\Users\81805\toto-edge-git\ml\player_engine\data\raw\matches\metadata\match_29221.json","605","2026/07/13 16:35:29"
"C:\Users\81805\toto-edge-git\ml\player_engine\data\raw\matches\metadata\match_29222.json","605","2026/07/13 16:35:31"
"C:\Users\81805\toto-edge-git\ml\player_engine\data\raw\matches\metadata\match_29223.json","605","2026/07/13 16:35:34"
"C:\Users\81805\toto-edge-git\ml\player_engine\data\raw\matches\metadata\match_29224.json","605","2026/07/13 16:35:36"
"C:\Users\81805\toto-edge-git\ml\player_engine\data\raw\matches\metadata\match_29225.json","605","2026/07/13 16:35:38"
"C:\Users\81805\toto-edge-git\ml\player_engine\data\raw\matches\metadata\match_29226.json","605","2026/07/13 16:35:40"
"C:\Users\81805\toto-edge-git\ml\player_engine\data\raw\matches\metadata\match_29227.json","605","2026/07/13 16:35:42"
"C:\Users\81805\toto-edge-git\ml\player_engine\data\raw\matches\metadata\match_29228.json","605","2026/07/13 16:35:44"
"C:\Users\81805\toto-edge-git\ml\player_engine\data\raw\matches\metadata\match_29229.json","605","2026/07/13 16:35:47"
"C:\Users\81805\toto-edge-git\ml\player_engine\data\raw\matches\metadata\match_29230.json","605","2026/07/13 16:35:49"
"C:\Users\81805\toto-edge-git\ml\player_engine\data\raw\matches\metadata\match_29231.json","605","2026/07/13 16:35:51"
"C:\Users\81805\toto-edge-git\ml\player_engine\data\raw\matches\metadata\match_29232.json","605","2026/07/13 16:35:53"
"C:\Users\81805\toto-edge-git\ml\player_engine\data\raw\matches\metadata\match_29233.json","605","2026/07/13 16:35:55"
"C:\Users\81805\toto-edge-git\ml\player_engine\data\raw\matches\metadata\match_29234.json","605","2026/07/13 16:35:57"
"C:\Users\81805\toto-edge-git\ml\player_engine\data\raw\matches\metadata\match_29235.json","605","2026/07/13 16:35:59"
"C:\Users\81805\toto-edge-git\ml\player_engine\data\raw\matches\metadata\match_29236.json","605","2026/07/13 16:36:02"
"C:\Users\81805\toto-edge-git\ml\player_engine\data\raw\matches\metadata\match_29237.json","605","2026/07/13 16:36:04"
"C:\Users\81805\toto-edge-git\ml\player_engine\data\raw\matches\metadata\match_29238.json","605","2026/07/13 16:36:06"
"C:\Users\81805\toto-edge-git\ml\player_engine\data\raw\matches\metadata\match_29239.json","605","2026/07/13 16:36:08"
"C:\Users\81805\toto-edge-git\ml\player_engine\data\raw\matches\metadata\match_29240.json","605","2026/07/13 16:36:10"
"C:\Users\81805\toto-edge-git\ml\player_engine\data\raw\matches\metadata\match_29241.json","605","2026/07/13 16:36:12"
"C:\Users\81805\toto-edge-git\ml\player_engine\data\raw\matches\metadata\match_29242.json","605","2026/07/13 16:36:14"
"C:\Users\81805\toto-edge-git\ml\player_engine\data\raw\matches\metadata\match_29243.json","605","2026/07/13 16:36:16"
"C:\Users\81805\toto-edge-git\ml\player_engine\data\raw\matches\metadata\match_29244.json","605","2026/07/13 16:36:19"
"C:\Users\81805\toto-edge-git\ml\player_engine\data\raw\matches\metadata\match_29245.json","605","2026/07/13 16:36:21"
"C:\Users\81805\toto-edge-git\ml\player_engine\data\raw\matches\metadata\match_29246.json","605","2026/07/13 16:36:23"
"C:\Users\81805\toto-edge-git\ml\player_engine\data\raw\matches\metadata\match_29247.json","605","2026/07/13 16:36:25"
"C:\Users\81805\toto-edge-git\ml\player_engine\data\raw\matches\metadata\match_29248.json","605","2026/07/13 16:36:27"
"C:\Users\81805\toto-edge-git\ml\player_engine\data\raw\matches\metadata\match_29249.json","605","2026/07/13 16:36:30"
"C:\Users\81805\toto-edge-git\ml\player_engine\data\raw\matches\metadata\match_29250.json","605","2026/07/13 16:36:32"
"C:\Users\81805\toto-edge-git\ml\player_engine\data\raw\matches\metadata\match_29251.json","605","2026/07/13 16:36:34"
"C:\Users\81805\toto-edge-git\ml\player_engine\data\raw\matches\metadata\match_29252.json","605","2026/07/13 16:36:36"
"C:\Users\81805\toto-edge-git\ml\player_engine\data\raw\matches\metadata\match_29253.json","605","2026/07/13 16:36:38"
"C:\Users\81805\toto-edge-git\ml\player_engine\data\raw\matches\metadata\match_29254.json","605","2026/07/13 16:36:40"
"C:\Users\81805\toto-edge-git\ml\player_engine\data\raw\matches\metadata\match_29255.json","605","2026/07/13 16:36:42"
"C:\Users\81805\toto-edge-git\ml\player_engine\data\raw\matches\metadata\match_29256.json","605","2026/07/13 16:36:44"
"C:\Users\81805\toto-edge-git\ml\player_engine\data\raw\matches\metadata\match_29257.json","605","2026/07/13 16:36:47"
"C:\Users\81805\toto-edge-git\ml\player_engine\data\raw\matches\metadata\match_29258.json","605","2026/07/13 16:36:49"
"C:\Users\81805\toto-edge-git\ml\player_engine\data\raw\matches\metadata\match_29259.json","605","2026/07/13 16:36:51"
"C:\Users\81805\toto-edge-git\ml\player_engine\data\raw\matches\metadata\match_29260.json","605","2026/07/13 16:36:53"
"C:\Users\81805\toto-edge-git\ml\player_engine\data\raw\matches\metadata\match_29261.json","605","2026/07/13 16:36:55"
"C:\Users\81805\toto-edge-git\ml\player_engine\data\raw\matches\metadata\match_29262.json","605","2026/07/13 16:36:57"
"C:\Users\81805\toto-edge-git\ml\player_engine\data\raw\matches\metadata\match_29263.json","605","2026/07/13 16:36:59"
"C:\Users\81805\toto-edge-git\ml\player_engine\data\raw\matches\metadata\match_29264.json","605","2026/07/13 16:37:01"
"C:\Users\81805\toto-edge-git\ml\player_engine\data\raw\matches\metadata\match_29265.json","605","2026/07/13 16:37:04"
"C:\Users\81805\toto-edge-git\ml\player_engine\data\raw\matches\metadata\match_29266.json","605","2026/07/13 16:37:06"
"C:\Users\81805\toto-edge-git\ml\player_engine\data\raw\matches\metadata\match_29267.json","605","2026/07/13 16:37:08"
"C:\Users\81805\toto-edge-git\ml\player_engine\data\raw\matches\metadata\match_29268.json","605","2026/07/13 16:37:10"
"C:\Users\81805\toto-edge-git\ml\player_engine\data\raw\matches\metadata\match_29269.json","605","2026/07/13 16:37:12"
"C:\Users\81805\toto-edge-git\ml\player_engine\data\raw\matches\metadata\match_29270.json","605","2026/07/13 16:37:14"
"C:\Users\81805\toto-edge-git\ml\player_engine\data\raw\matches\metadata\match_29271.json","605","2026/07/13 16:37:17"
"C:\Users\81805\toto-edge-git\ml\player_engine\data\raw\matches\metadata\match_29272.json","605","2026/07/13 16:37:19"
"C:\Users\81805\toto-edge-git\ml\player_engine\data\raw\matches\metadata\match_29273.json","605","2026/07/13 16:37:21"
"C:\Users\81805\toto-edge-git\ml\player_engine\data\raw\matches\metadata\match_29274.json","605","2026/07/13 16:37:23"
"C:\Users\81805\toto-edge-git\ml\player_engine\data\raw\matches\metadata\match_29275.json","605","2026/07/13 16:37:25"
"C:\Users\81805\toto-edge-git\ml\player_engine\data\raw\matches\metadata\match_29276.json","605","2026/07/13 16:37:27"
"C:\Users\81805\toto-edge-git\ml\player_engine\data\raw\matches\metadata\match_29277.json","605","2026/07/13 16:37:29"
"C:\Users\81805\toto-edge-git\ml\player_engine\data\raw\matches\metadata\match_29278.json","605","2026/07/13 16:37:32"
"C:\Users\81805\toto-edge-git\ml\player_engine\data\raw\matches\metadata\match_29279.json","605","2026/07/13 16:37:34"
"C:\Users\81805\toto-edge-git\ml\player_engine\data\raw\matches\metadata\match_29280.json","605","2026/07/13 16:37:36"
"C:\Users\81805\toto-edge-git\ml\player_engine\data\raw\matches\metadata\match_29281.json","605","2026/07/13 16:37:38"
"C:\Users\81805\toto-edge-git\ml\player_engine\data\raw\matches\metadata\match_29282.json","605","2026/07/13 16:37:40"
"C:\Users\81805\toto-edge-git\ml\player_engine\data\raw\matches\metadata\match_29283.json","605","2026/07/13 16:37:42"
"C:\Users\81805\toto-edge-git\ml\player_engine\data\raw\matches\metadata\match_29284.json","605","2026/07/13 16:37:44"
"C:\Users\81805\toto-edge-git\ml\player_engine\data\raw\matches\metadata\match_29285.json","605","2026/07/13 16:37:47"
"C:\Users\81805\toto-edge-git\ml\player_engine\data\raw\matches\metadata\match_29286.json","605","2026/07/13 16:37:49"
"C:\Users\81805\toto-edge-git\ml\player_engine\data\raw\matches\metadata\match_29287.json","605","2026/07/13 16:37:51"
"C:\Users\81805\toto-edge-git\ml\player_engine\data\raw\matches\metadata\match_29288.json","605","2026/07/13 16:37:53"
"C:\Users\81805\toto-edge-git\ml\player_engine\data\raw\matches\metadata\match_29289.json","605","2026/07/13 16:37:55"
"C:\Users\81805\toto-edge-git\ml\player_engine\data\raw\matches\metadata\match_29290.json","605","2026/07/13 16:37:57"
"C:\Users\81805\toto-edge-git\ml\player_engine\data\raw\matches\metadata\match_29291.json","605","2026/07/13 16:37:59"
"C:\Users\81805\toto-edge-git\ml\player_engine\data\raw\matches\metadata\match_29292.json","605","2026/07/13 16:38:01"
"C:\Users\81805\toto-edge-git\ml\player_engine\data\raw\matches\metadata\match_29293.json","605","2026/07/13 16:38:04"
"C:\Users\81805\toto-edge-git\ml\player_engine\data\raw\matches\metadata\match_29294.json","605","2026/07/13 16:38:06"
"C:\Users\81805\toto-edge-git\ml\player_engine\data\raw\matches\metadata\match_29295.json","605","2026/07/13 16:38:08"
"C:\Users\81805\toto-edge-git\ml\player_engine\data\raw\matches\metadata\match_29296.json","605","2026/07/13 16:38:10"
"C:\Users\81805\toto-edge-git\ml\player_engine\data\raw\matches\metadata\match_29297.json","605","2026/07/13 16:38:12"
"C:\Users\81805\toto-edge-git\ml\player_engine\data\raw\matches\metadata\match_29298.json","605","2026/07/13 16:38:14"
"C:\Users\81805\toto-edge-git\ml\player_engine\data\raw\matches\metadata\match_29299.json","605","2026/07/13 16:38:16"
"C:\Users\81805\toto-edge-git\ml\player_engine\data\raw\matches\metadata\match_29300.json","605","2026/07/13 16:38:18"
"C:\Users\81805\toto-edge-git\ml\player_engine\data\raw\matches\metadata\match_29301.json","605","2026/07/13 16:38:21"
"C:\Users\81805\toto-edge-git\ml\player_engine\data\raw\matches\metadata\match_29302.json","605","2026/07/13 16:38:23"
"C:\Users\81805\toto-edge-git\ml\player_engine\data\raw\matches\metadata\match_29303.json","605","2026/07/13 16:38:25"
"C:\Users\81805\toto-edge-git\ml\player_engine\data\raw\matches\metadata\match_29304.json","605","2026/07/13 16:38:27"
"C:\Users\81805\toto-edge-git\ml\player_engine\data\raw\matches\metadata\match_29305.json","605","2026/07/13 16:38:29"
"C:\Users\81805\toto-edge-git\ml\player_engine\data\raw\matches\metadata\match_29306.json","605","2026/07/13 16:38:32"
"C:\Users\81805\toto-edge-git\ml\player_engine\data\raw\matches\metadata\match_29307.json","605","2026/07/13 16:38:34"
"C:\Users\81805\toto-edge-git\ml\player_engine\data\raw\matches\metadata\match_29308.json","605","2026/07/13 16:38:36"
"C:\Users\81805\toto-edge-git\ml\player_engine\data\raw\matches\metadata\match_29309.json","605","2026/07/13 16:38:38"
"C:\Users\81805\toto-edge-git\ml\player_engine\data\raw\matches\metadata\match_29310.json","605","2026/07/13 16:38:40"
"C:\Users\81805\toto-edge-git\ml\player_engine\data\raw\matches\metadata\match_29669.json","605","2026/07/13 16:38:41"
"C:\Users\81805\toto-edge-git\ml\player_engine\data\raw\matches\metadata\match_29670.json","605","2026/07/13 16:38:43"
"C:\Users\81805\toto-edge-git\ml\player_engine\data\raw\matches\metadata\match_29671.json","605","2026/07/13 16:38:46"
"C:\Users\81805\toto-edge-git\ml\player_engine\data\raw\matches\metadata\match_29672.json","605","2026/07/13 16:38:48"
"C:\Users\81805\toto-edge-git\ml\player_engine\data\raw\matches\metadata\match_29673.json","605","2026/07/13 16:38:50"
"C:\Users\81805\toto-edge-git\ml\player_engine\data\raw\matches\metadata\match_29674.json","605","2026/07/13 16:38:52"
"C:\Users\81805\toto-edge-git\ml\player_engine\data\raw\matches\metadata\match_29675.json","605","2026/07/13 16:38:54"
"C:\Users\81805\toto-edge-git\ml\player_engine\data\raw\matches\metadata\match_29676.json","605","2026/07/13 16:38:56"
"C:\Users\81805\toto-edge-git\ml\player_engine\data\raw\matches\metadata\match_29677.json","605","2026/07/13 16:38:58"
"C:\Users\81805\toto-edge-git\ml\player_engine\data\raw\matches\metadata\match_29678.json","605","2026/07/13 16:39:00"
"C:\Users\81805\toto-edge-git\ml\player_engine\data\raw\matches\metadata\match_29679.json","605","2026/07/13 16:39:03"
"C:\Users\81805\toto-edge-git\ml\player_engine\data\raw\matches\metadata\match_29680.json","605","2026/07/13 16:39:05"
"C:\Users\81805\toto-edge-git\ml\player_engine\data\raw\matches\metadata\match_29681.json","605","2026/07/13 16:39:07"
"C:\Users\81805\toto-edge-git\ml\player_engine\data\raw\matches\metadata\match_29682.json","605","2026/07/13 16:39:09"
"C:\Users\81805\toto-edge-git\ml\player_engine\data\raw\matches\metadata\match_29683.json","605","2026/07/13 16:39:11"
"C:\Users\81805\toto-edge-git\ml\player_engine\data\raw\matches\metadata\match_29684.json","605","2026/07/13 16:39:13"
"C:\Users\81805\toto-edge-git\ml\player_engine\data\raw\matches\metadata\match_29685.json","605","2026/07/13 16:39:15"
"C:\Users\81805\toto-edge-git\ml\player_engine\data\raw\matches\metadata\match_29686.json","605","2026/07/13 16:39:18"
"C:\Users\81805\toto-edge-git\ml\player_engine\data\raw\matches\metadata\match_29687.json","605","2026/07/13 16:39:20"
"C:\Users\81805\toto-edge-git\ml\player_engine\data\raw\matches\metadata\match_29688.json","605","2026/07/13 16:39:22"
"C:\Users\81805\toto-edge-git\ml\player_engine\data\raw\matches\metadata\match_29689.json","605","2026/07/13 16:39:24"
"C:\Users\81805\toto-edge-git\ml\player_engine\data\raw\matches\metadata\match_29690.json","605","2026/07/13 16:39:26"
"C:\Users\81805\toto-edge-git\ml\player_engine\data\raw\matches\metadata\match_29691.json","605","2026/07/13 16:39:28"
"C:\Users\81805\toto-edge-git\ml\player_engine\data\raw\matches\metadata\match_29692.json","605","2026/07/13 16:39:30"
"C:\Users\81805\toto-edge-git\ml\player_engine\data\raw\matches\metadata\match_29693.json","605","2026/07/13 16:39:33"
"C:\Users\81805\toto-edge-git\ml\player_engine\data\raw\matches\metadata\match_29694.json","605","2026/07/13 16:39:35"
"C:\Users\81805\toto-edge-git\ml\player_engine\data\raw\matches\metadata\match_29695.json","605","2026/07/13 16:39:37"
"C:\Users\81805\toto-edge-git\ml\player_engine\data\raw\matches\metadata\match_29696.json","605","2026/07/13 16:39:39"
"C:\Users\81805\toto-edge-git\ml\player_engine\data\raw\matches\metadata\match_29697.json","605","2026/07/13 16:39:41"
"C:\Users\81805\toto-edge-git\ml\player_engine\data\raw\matches\metadata\match_29698.json","605","2026/07/13 16:39:43"
"C:\Users\81805\toto-edge-git\ml\player_engine\data\raw\matches\metadata\match_29699.json","605","2026/07/13 16:39:45"
"C:\Users\81805\toto-edge-git\ml\player_engine\data\raw\matches\metadata\match_29700.json","605","2026/07/13 16:39:48"
"C:\Users\81805\toto-edge-git\ml\player_engine\data\raw\matches\metadata\match_29701.json","605","2026/07/13 16:39:50"
"C:\Users\81805\toto-edge-git\ml\player_engine\data\raw\matches\metadata\match_29702.json","605","2026/07/13 16:39:52"
"C:\Users\81805\toto-edge-git\ml\player_engine\data\raw\matches\metadata\match_29703.json","605","2026/07/13 16:39:54"
"C:\Users\81805\toto-edge-git\ml\player_engine\data\raw\matches\metadata\match_29704.json","605","2026/07/13 16:39:56"
"C:\Users\81805\toto-edge-git\ml\player_engine\data\raw\matches\metadata\match_29705.json","605","2026/07/13 16:39:58"
"C:\Users\81805\toto-edge-git\ml\player_engine\data\raw\matches\metadata\match_29706.json","605","2026/07/13 16:40:00"
"C:\Users\81805\toto-edge-git\ml\player_engine\data\raw\matches\metadata\match_29707.json","605","2026/07/13 16:40:03"
"C:\Users\81805\toto-edge-git\ml\player_engine\data\raw\matches\metadata\match_29708.json","605","2026/07/13 16:40:05"
"C:\Users\81805\toto-edge-git\ml\player_engine\data\raw\matches\metadata\match_29709.json","605","2026/07/13 16:40:07"
"C:\Users\81805\toto-edge-git\ml\player_engine\data\raw\matches\metadata\match_29710.json","605","2026/07/13 16:40:09"
"C:\Users\81805\toto-edge-git\ml\player_engine\data\raw\matches\metadata\match_29711.json","605","2026/07/13 16:40:11"
"C:\Users\81805\toto-edge-git\ml\player_engine\data\raw\matches\metadata\match_29712.json","605","2026/07/13 16:40:13"
"C:\Users\81805\toto-edge-git\ml\player_engine\data\raw\matches\metadata\match_29713.json","605","2026/07/13 16:40:15"
"C:\Users\81805\toto-edge-git\ml\player_engine\data\raw\matches\metadata\match_29714.json","605","2026/07/13 16:40:17"
"C:\Users\81805\toto-edge-git\ml\player_engine\data\raw\matches\metadata\match_29715.json","605","2026/07/13 16:40:20"
"C:\Users\81805\toto-edge-git\ml\player_engine\data\raw\matches\metadata\match_29716.json","605","2026/07/13 16:40:22"
"C:\Users\81805\toto-edge-git\ml\player_engine\data\raw\matches\metadata\match_29717.json","605","2026/07/13 16:40:24"
"C:\Users\81805\toto-edge-git\ml\player_engine\data\raw\matches\metadata\match_29718.json","605","2026/07/13 16:40:26"
"C:\Users\81805\toto-edge-git\ml\player_engine\data\raw\matches\metadata\match_29719.json","605","2026/07/13 16:40:28"
"C:\Users\81805\toto-edge-git\ml\player_engine\data\raw\matches\metadata\match_29720.json","605","2026/07/13 16:40:30"
"C:\Users\81805\toto-edge-git\ml\player_engine\data\raw\matches\metadata\match_29721.json","605","2026/07/13 16:40:33"
"C:\Users\81805\toto-edge-git\ml\player_engine\data\raw\matches\metadata\match_29722.json","605","2026/07/13 16:40:35"
"C:\Users\81805\toto-edge-git\ml\player_engine\data\raw\matches\metadata\match_29723.json","605","2026/07/13 16:40:37"
"C:\Users\81805\toto-edge-git\ml\player_engine\data\raw\matches\metadata\match_29724.json","605","2026/07/13 16:40:39"
"C:\Users\81805\toto-edge-git\ml\player_engine\data\raw\matches\metadata\match_29725.json","605","2026/07/13 16:40:41"
"C:\Users\81805\toto-edge-git\ml\player_engine\data\raw\matches\metadata\match_29726.json","605","2026/07/13 16:40:43"
"C:\Users\81805\toto-edge-git\ml\player_engine\data\raw\matches\metadata\match_29727.json","605","2026/07/13 16:40:45"
"C:\Users\81805\toto-edge-git\ml\player_engine\data\raw\matches\metadata\match_29728.json","605","2026/07/13 16:40:47"
"C:\Users\81805\toto-edge-git\ml\player_engine\data\raw\matches\metadata\match_29729.json","605","2026/07/13 16:40:50"
"C:\Users\81805\toto-edge-git\ml\player_engine\data\raw\matches\metadata\match_29730.json","605","2026/07/13 16:40:52"
"C:\Users\81805\toto-edge-git\ml\player_engine\data\raw\matches\metadata\match_29731.json","605","2026/07/13 16:40:54"
"C:\Users\81805\toto-edge-git\ml\player_engine\data\raw\matches\metadata\match_29732.json","605","2026/07/13 16:40:56"
"C:\Users\81805\toto-edge-git\ml\player_engine\data\raw\matches\metadata\match_29733.json","605","2026/07/13 16:40:58"
"C:\Users\81805\toto-edge-git\ml\player_engine\data\raw\matches\metadata\match_29734.json","605","2026/07/13 16:41:00"
"C:\Users\81805\toto-edge-git\ml\player_engine\data\raw\matches\metadata\match_29735.json","605","2026/07/13 16:41:02"
"C:\Users\81805\toto-edge-git\ml\player_engine\data\raw\matches\metadata\match_29736.json","605","2026/07/13 16:41:05"
"C:\Users\81805\toto-edge-git\ml\player_engine\data\raw\matches\metadata\match_29737.json","605","2026/07/13 16:41:07"
"C:\Users\81805\toto-edge-git\ml\player_engine\data\raw\matches\metadata\match_29738.json","605","2026/07/13 16:41:09"
"C:\Users\81805\toto-edge-git\ml\player_engine\data\raw\matches\metadata\match_29739.json","605","2026/07/13 16:41:11"
"C:\Users\81805\toto-edge-git\ml\player_engine\data\raw\matches\metadata\match_29740.json","605","2026/07/13 16:41:13"
"C:\Users\81805\toto-edge-git\ml\player_engine\data\raw\matches\metadata\match_29741.json","605","2026/07/13 16:41:15"
"C:\Users\81805\toto-edge-git\ml\player_engine\data\raw\matches\metadata\match_29742.json","605","2026/07/13 16:41:17"
"C:\Users\81805\toto-edge-git\ml\player_engine\data\raw\matches\metadata\match_29743.json","605","2026/07/13 16:41:20"
"C:\Users\81805\toto-edge-git\ml\player_engine\data\raw\matches\metadata\match_29744.json","605","2026/07/13 16:41:22"
"C:\Users\81805\toto-edge-git\ml\player_engine\data\raw\matches\metadata\match_29745.json","605","2026/07/13 16:41:24"
"C:\Users\81805\toto-edge-git\ml\player_engine\data\raw\matches\metadata\match_29746.json","605","2026/07/13 16:41:26"
"C:\Users\81805\toto-edge-git\ml\player_engine\data\raw\matches\metadata\match_29747.json","605","2026/07/13 16:41:28"
"C:\Users\81805\toto-edge-git\ml\player_engine\data\raw\matches\metadata\match_29748.json","605","2026/07/13 16:41:30"
"C:\Users\81805\toto-edge-git\ml\player_engine\data\raw\matches\metadata\match_29749.json","605","2026/07/13 16:41:32"
"C:\Users\81805\toto-edge-git\ml\player_engine\data\raw\matches\metadata\match_29750.json","605","2026/07/13 16:41:35"
"C:\Users\81805\toto-edge-git\ml\player_engine\data\raw\matches\metadata\match_29751.json","605","2026/07/13 16:41:37"
"C:\Users\81805\toto-edge-git\ml\player_engine\data\raw\matches\metadata\match_29752.json","605","2026/07/13 16:41:39"
"C:\Users\81805\toto-edge-git\ml\player_engine\data\raw\matches\metadata\match_29753.json","605","2026/07/13 16:41:41"
"C:\Users\81805\toto-edge-git\ml\player_engine\data\raw\matches\metadata\match_29754.json","605","2026/07/13 16:41:43"
"C:\Users\81805\toto-edge-git\ml\player_engine\data\raw\matches\metadata\match_29755.json","605","2026/07/13 16:41:45"
"C:\Users\81805\toto-edge-git\ml\player_engine\data\raw\matches\metadata\match_29756.json","605","2026/07/13 16:41:48"
"C:\Users\81805\toto-edge-git\ml\player_engine\data\raw\matches\metadata\match_29757.json","605","2026/07/13 16:41:50"
"C:\Users\81805\toto-edge-git\ml\player_engine\data\raw\matches\metadata\match_29758.json","605","2026/07/13 16:41:52"
"C:\Users\81805\toto-edge-git\ml\player_engine\data\raw\matches\metadata\match_29759.json","605","2026/07/13 16:41:54"
"C:\Users\81805\toto-edge-git\ml\player_engine\data\raw\matches\metadata\match_29760.json","605","2026/07/13 16:41:56"
"C:\Users\81805\toto-edge-git\ml\player_engine\data\raw\matches\metadata\match_29761.json","605","2026/07/13 16:41:58"
"C:\Users\81805\toto-edge-git\ml\player_engine\data\raw\matches\metadata\match_29762.json","605","2026/07/13 16:42:01"
"C:\Users\81805\toto-edge-git\ml\player_engine\data\raw\matches\metadata\match_29763.json","605","2026/07/13 16:42:03"
"C:\Users\81805\toto-edge-git\ml\player_engine\data\raw\matches\metadata\match_29764.json","605","2026/07/13 16:42:05"
"C:\Users\81805\toto-edge-git\ml\player_engine\data\raw\matches\metadata\match_29765.json","605","2026/07/13 16:42:07"
"C:\Users\81805\toto-edge-git\ml\player_engine\data\raw\matches\metadata\match_29766.json","605","2026/07/13 16:42:09"
"C:\Users\81805\toto-edge-git\ml\player_engine\data\raw\matches\metadata\match_29767.json","605","2026/07/13 16:42:11"
"C:\Users\81805\toto-edge-git\ml\player_engine\data\raw\matches\metadata\match_29768.json","605","2026/07/13 16:42:13"
"C:\Users\81805\toto-edge-git\ml\player_engine\data\raw\matches\metadata\match_29769.json","605","2026/07/13 16:42:16"
"C:\Users\81805\toto-edge-git\ml\player_engine\data\raw\matches\metadata\match_29770.json","605","2026/07/13 16:42:18"
"C:\Users\81805\toto-edge-git\ml\player_engine\data\raw\matches\metadata\match_29771.json","605","2026/07/13 16:42:20"
"C:\Users\81805\toto-edge-git\ml\player_engine\data\raw\matches\metadata\match_29772.json","605","2026/07/13 16:42:22"
"C:\Users\81805\toto-edge-git\ml\player_engine\data\raw\matches\metadata\match_29773.json","605","2026/07/13 16:42:24"
"C:\Users\81805\toto-edge-git\ml\player_engine\data\raw\matches\metadata\match_29774.json","605","2026/07/13 16:42:26"
"C:\Users\81805\toto-edge-git\ml\player_engine\data\raw\matches\metadata\match_29775.json","605","2026/07/13 16:42:28"
"C:\Users\81805\toto-edge-git\ml\player_engine\data\raw\matches\metadata\match_29776.json","605","2026/07/13 16:42:31"
"C:\Users\81805\toto-edge-git\ml\player_engine\data\raw\matches\metadata\match_29777.json","605","2026/07/13 16:42:33"
"C:\Users\81805\toto-edge-git\ml\player_engine\data\raw\matches\metadata\match_29778.json","605","2026/07/13 16:42:35"
"C:\Users\81805\toto-edge-git\ml\player_engine\data\raw\matches\metadata\match_29779.json","605","2026/07/13 16:42:37"
"C:\Users\81805\toto-edge-git\ml\player_engine\data\raw\matches\metadata\match_29780.json","605","2026/07/13 16:42:39"
"C:\Users\81805\toto-edge-git\ml\player_engine\data\raw\matches\metadata\match_29781.json","605","2026/07/13 16:42:41"
"C:\Users\81805\toto-edge-git\ml\player_engine\data\raw\matches\metadata\match_29782.json","605","2026/07/13 16:42:43"
"C:\Users\81805\toto-edge-git\ml\player_engine\data\raw\matches\metadata\match_29783.json","605","2026/07/13 16:42:45"
"C:\Users\81805\toto-edge-git\ml\player_engine\data\raw\matches\metadata\match_29784.json","605","2026/07/13 16:42:48"
"C:\Users\81805\toto-edge-git\ml\player_engine\data\raw\matches\metadata\match_29785.json","605","2026/07/13 16:42:50"
"C:\Users\81805\toto-edge-git\ml\player_engine\data\raw\matches\metadata\match_29786.json","605","2026/07/13 16:42:52"
"C:\Users\81805\toto-edge-git\ml\player_engine\data\raw\matches\metadata\match_29787.json","605","2026/07/13 16:42:54"
"C:\Users\81805\toto-edge-git\ml\player_engine\data\raw\matches\metadata\match_29788.json","605","2026/07/13 16:42:56"
"C:\Users\81805\toto-edge-git\ml\player_engine\data\raw\matches\metadata\match_29789.json","605","2026/07/13 16:42:58"
"C:\Users\81805\toto-edge-git\ml\player_engine\data\raw\matches\metadata\match_29790.json","605","2026/07/13 16:43:00"
"C:\Users\81805\toto-edge-git\ml\player_engine\data\raw\matches\metadata\match_29791.json","605","2026/07/13 16:43:03"
"C:\Users\81805\toto-edge-git\ml\player_engine\data\raw\matches\metadata\match_29792.json","605","2026/07/13 16:43:05"
"C:\Users\81805\toto-edge-git\ml\player_engine\data\raw\matches\metadata\match_29793.json","605","2026/07/13 16:43:07"
"C:\Users\81805\toto-edge-git\ml\player_engine\data\raw\matches\metadata\match_29794.json","605","2026/07/13 16:43:09"
"C:\Users\81805\toto-edge-git\ml\player_engine\data\raw\matches\metadata\match_29795.json","605","2026/07/13 16:43:11"
"C:\Users\81805\toto-edge-git\ml\player_engine\data\raw\matches\metadata\match_29796.json","605","2026/07/13 16:43:13"
"C:\Users\81805\toto-edge-git\ml\player_engine\data\raw\matches\metadata\match_29797.json","605","2026/07/13 16:43:16"
"C:\Users\81805\toto-edge-git\ml\player_engine\data\raw\matches\metadata\match_29798.json","605","2026/07/13 16:43:18"
"C:\Users\81805\toto-edge-git\ml\player_engine\data\raw\matches\metadata\match_29799.json","605","2026/07/13 16:43:20"
"C:\Users\81805\toto-edge-git\ml\player_engine\data\raw\matches\metadata\match_29800.json","605","2026/07/13 16:43:22"
"C:\Users\81805\toto-edge-git\ml\player_engine\data\raw\matches\metadata\match_29801.json","605","2026/07/13 16:43:24"
"C:\Users\81805\toto-edge-git\ml\player_engine\data\raw\matches\metadata\match_29802.json","605","2026/07/13 16:43:26"
"C:\Users\81805\toto-edge-git\ml\player_engine\data\raw\matches\metadata\match_29803.json","605","2026/07/13 16:43:28"
"C:\Users\81805\toto-edge-git\ml\player_engine\data\raw\matches\metadata\match_29804.json","605","2026/07/13 16:43:30"
"C:\Users\81805\toto-edge-git\ml\player_engine\data\raw\matches\metadata\match_29805.json","605","2026/07/13 16:43:33"
"C:\Users\81805\toto-edge-git\ml\player_engine\data\raw\matches\metadata\match_29806.json","605","2026/07/13 16:43:35"
"C:\Users\81805\toto-edge-git\ml\player_engine\data\raw\matches\metadata\match_29807.json","605","2026/07/13 16:43:37"
"C:\Users\81805\toto-edge-git\ml\player_engine\data\raw\matches\metadata\match_29808.json","605","2026/07/13 16:43:39"
"C:\Users\81805\toto-edge-git\ml\player_engine\data\raw\matches\metadata\match_29809.json","605","2026/07/13 16:43:41"
"C:\Users\81805\toto-edge-git\ml\player_engine\data\raw\matches\metadata\match_29810.json","605","2026/07/13 16:43:43"
"C:\Users\81805\toto-edge-git\ml\player_engine\data\raw\matches\metadata\match_29811.json","605","2026/07/13 16:43:45"
"C:\Users\81805\toto-edge-git\ml\player_engine\data\raw\matches\metadata\match_29812.json","605","2026/07/13 16:43:48"
"C:\Users\81805\toto-edge-git\ml\player_engine\data\raw\matches\metadata\match_29813.json","605","2026/07/13 16:43:50"
"C:\Users\81805\toto-edge-git\ml\player_engine\data\raw\matches\metadata\match_29814.json","605","2026/07/13 16:43:52"
"C:\Users\81805\toto-edge-git\ml\player_engine\data\raw\matches\metadata\match_29815.json","605","2026/07/13 16:43:54"
"C:\Users\81805\toto-edge-git\ml\player_engine\data\raw\matches\metadata\match_29816.json","605","2026/07/13 16:43:56"
"C:\Users\81805\toto-edge-git\ml\player_engine\data\raw\matches\metadata\match_29817.json","605","2026/07/13 16:43:58"
"C:\Users\81805\toto-edge-git\ml\player_engine\data\raw\matches\metadata\match_29818.json","605","2026/07/13 16:44:00"
"C:\Users\81805\toto-edge-git\ml\player_engine\data\raw\matches\metadata\match_29819.json","605","2026/07/13 16:44:03"
"C:\Users\81805\toto-edge-git\ml\player_engine\data\raw\matches\metadata\match_29820.json","605","2026/07/13 16:44:05"
"C:\Users\81805\toto-edge-git\ml\player_engine\data\raw\matches\metadata\match_29821.json","605","2026/07/13 16:44:07"
"C:\Users\81805\toto-edge-git\ml\player_engine\data\raw\matches\metadata\match_29822.json","605","2026/07/13 16:44:09"
"C:\Users\81805\toto-edge-git\ml\player_engine\data\raw\matches\metadata\match_29823.json","605","2026/07/13 16:44:11"
"C:\Users\81805\toto-edge-git\ml\player_engine\data\raw\matches\metadata\match_29824.json","605","2026/07/13 16:44:13"
"C:\Users\81805\toto-edge-git\ml\player_engine\data\raw\matches\metadata\match_29825.json","605","2026/07/13 16:44:15"
"C:\Users\81805\toto-edge-git\ml\player_engine\data\raw\matches\metadata\match_29826.json","605","2026/07/13 16:44:18"
"C:\Users\81805\toto-edge-git\ml\player_engine\data\raw\matches\metadata\match_29827.json","605","2026/07/13 16:44:20"
"C:\Users\81805\toto-edge-git\ml\player_engine\data\raw\matches\metadata\match_29828.json","605","2026/07/13 16:44:22"
"C:\Users\81805\toto-edge-git\ml\player_engine\data\raw\matches\metadata\match_29829.json","605","2026/07/13 16:44:24"
"C:\Users\81805\toto-edge-git\ml\player_engine\data\raw\matches\metadata\match_29830.json","605","2026/07/13 16:44:26"
"C:\Users\81805\toto-edge-git\ml\player_engine\data\raw\matches\metadata\match_29831.json","605","2026/07/13 16:44:28"
"C:\Users\81805\toto-edge-git\ml\player_engine\data\raw\matches\metadata\match_29832.json","605","2026/07/13 16:44:30"
"C:\Users\81805\toto-edge-git\ml\player_engine\data\raw\matches\metadata\match_29833.json","605","2026/07/13 16:44:33"
"C:\Users\81805\toto-edge-git\ml\player_engine\data\raw\matches\metadata\match_29834.json","605","2026/07/13 16:44:35"
"C:\Users\81805\toto-edge-git\ml\player_engine\data\raw\matches\metadata\match_29835.json","605","2026/07/13 16:44:37"
"C:\Users\81805\toto-edge-git\ml\player_engine\data\raw\matches\metadata\match_29836.json","605","2026/07/13 16:44:39"
"C:\Users\81805\toto-edge-git\ml\player_engine\data\raw\matches\metadata\match_29837.json","605","2026/07/13 16:44:41"
"C:\Users\81805\toto-edge-git\ml\player_engine\data\raw\matches\metadata\match_29838.json","605","2026/07/13 16:44:43"
"C:\Users\81805\toto-edge-git\ml\player_engine\data\raw\matches\metadata\match_29839.json","605","2026/07/13 16:44:45"
"C:\Users\81805\toto-edge-git\ml\player_engine\data\raw\matches\metadata\match_29840.json","605","2026/07/13 16:44:48"
"C:\Users\81805\toto-edge-git\ml\player_engine\data\raw\matches\metadata\match_29841.json","605","2026/07/13 16:44:50"
"C:\Users\81805\toto-edge-git\ml\player_engine\data\raw\matches\metadata\match_29842.json","605","2026/07/13 16:44:52"
"C:\Users\81805\toto-edge-git\ml\player_engine\data\raw\matches\metadata\match_29843.json","605","2026/07/13 16:44:54"
"C:\Users\81805\toto-edge-git\ml\player_engine\data\raw\matches\metadata\match_29844.json","605","2026/07/13 16:44:56"
"C:\Users\81805\toto-edge-git\ml\player_engine\data\raw\matches\metadata\match_29845.json","605","2026/07/13 16:44:58"
"C:\Users\81805\toto-edge-git\ml\player_engine\data\raw\matches\metadata\match_29846.json","605","2026/07/13 16:45:00"
"C:\Users\81805\toto-edge-git\ml\player_engine\data\raw\matches\metadata\match_29847.json","605","2026/07/13 16:45:03"
"C:\Users\81805\toto-edge-git\ml\player_engine\data\raw\matches\metadata\match_29848.json","605","2026/07/13 16:45:05"
"C:\Users\81805\toto-edge-git\ml\player_engine\data\raw\matches\metadata\match_29849.json","605","2026/07/13 16:45:07"
"C:\Users\81805\toto-edge-git\ml\player_engine\data\raw\matches\metadata\match_29850.json","605","2026/07/13 16:45:09"
"C:\Users\81805\toto-edge-git\ml\player_engine\data\raw\matches\metadata\match_29851.json","605","2026/07/13 16:45:11"
"C:\Users\81805\toto-edge-git\ml\player_engine\data\raw\matches\metadata\match_29852.json","605","2026/07/13 16:45:13"
"C:\Users\81805\toto-edge-git\ml\player_engine\data\raw\matches\metadata\match_29853.json","605","2026/07/13 16:45:15"
"C:\Users\81805\toto-edge-git\ml\player_engine\data\raw\matches\metadata\match_29854.json","605","2026/07/13 16:45:18"
"C:\Users\81805\toto-edge-git\ml\player_engine\data\raw\matches\metadata\match_29855.json","605","2026/07/13 16:45:20"
"C:\Users\81805\toto-edge-git\ml\player_engine\data\raw\matches\metadata\match_29856.json","605","2026/07/13 16:45:22"
"C:\Users\81805\toto-edge-git\ml\player_engine\data\raw\matches\metadata\match_29857.json","605","2026/07/13 16:45:24"
"C:\Users\81805\toto-edge-git\ml\player_engine\data\raw\matches\metadata\match_29858.json","605","2026/07/13 16:45:26"
"C:\Users\81805\toto-edge-git\ml\player_engine\data\raw\matches\metadata\match_29859.json","605","2026/07/13 16:45:28"
"C:\Users\81805\toto-edge-git\ml\player_engine\data\raw\matches\metadata\match_29860.json","605","2026/07/13 16:45:30"
"C:\Users\81805\toto-edge-git\ml\player_engine\data\raw\matches\metadata\match_29861.json","605","2026/07/13 16:45:32"
"C:\Users\81805\toto-edge-git\ml\player_engine\data\raw\matches\metadata\match_29862.json","605","2026/07/13 16:45:34"
"C:\Users\81805\toto-edge-git\ml\player_engine\data\raw\matches\metadata\match_29863.json","605","2026/07/13 16:45:37"
"C:\Users\81805\toto-edge-git\ml\player_engine\data\raw\matches\metadata\match_29864.json","605","2026/07/13 16:45:39"
"C:\Users\81805\toto-edge-git\ml\player_engine\data\raw\matches\metadata\match_29865.json","605","2026/07/13 16:45:41"
"C:\Users\81805\toto-edge-git\ml\player_engine\data\raw\matches\metadata\match_29866.json","605","2026/07/13 16:45:43"
"C:\Users\81805\toto-edge-git\ml\player_engine\data\raw\matches\metadata\match_29867.json","605","2026/07/13 16:45:45"
"C:\Users\81805\toto-edge-git\ml\player_engine\data\raw\matches\metadata\match_29868.json","605","2026/07/13 16:45:47"
"C:\Users\81805\toto-edge-git\ml\player_engine\data\raw\matches\metadata\match_29869.json","605","2026/07/13 16:45:49"
"C:\Users\81805\toto-edge-git\ml\player_engine\data\raw\matches\metadata\match_29870.json","605","2026/07/13 16:45:52"
"C:\Users\81805\toto-edge-git\ml\player_engine\data\raw\matches\metadata\match_29871.json","605","2026/07/13 16:45:54"
"C:\Users\81805\toto-edge-git\ml\player_engine\data\raw\matches\metadata\match_29872.json","605","2026/07/13 16:45:56"
"C:\Users\81805\toto-edge-git\ml\player_engine\data\raw\matches\metadata\match_29873.json","605","2026/07/13 16:45:58"
"C:\Users\81805\toto-edge-git\ml\player_engine\data\raw\matches\metadata\match_29874.json","605","2026/07/13 16:46:00"
"C:\Users\81805\toto-edge-git\ml\player_engine\data\raw\matches\metadata\match_29875.json","605","2026/07/13 16:46:02"
"C:\Users\81805\toto-edge-git\ml\player_engine\data\raw\matches\metadata\match_29876.json","605","2026/07/13 16:46:04"
"C:\Users\81805\toto-edge-git\ml\player_engine\data\raw\matches\metadata\match_29877.json","605","2026/07/13 16:46:07"
"C:\Users\81805\toto-edge-git\ml\player_engine\data\raw\matches\metadata\match_29878.json","605","2026/07/13 16:46:09"
"C:\Users\81805\toto-edge-git\ml\player_engine\data\raw\matches\metadata\match_29879.json","605","2026/07/13 16:46:11"
"C:\Users\81805\toto-edge-git\ml\player_engine\data\raw\matches\metadata\match_29880.json","605","2026/07/13 16:46:13"
"C:\Users\81805\toto-edge-git\ml\player_engine\data\raw\matches\metadata\match_29881.json","605","2026/07/13 16:46:15"
"C:\Users\81805\toto-edge-git\ml\player_engine\data\raw\matches\metadata\match_29882.json","605","2026/07/13 16:46:17"
"C:\Users\81805\toto-edge-git\ml\player_engine\data\raw\matches\metadata\match_29883.json","605","2026/07/13 16:46:19"
"C:\Users\81805\toto-edge-git\ml\player_engine\data\raw\matches\metadata\match_29884.json","605","2026/07/13 16:46:22"
"C:\Users\81805\toto-edge-git\ml\player_engine\data\raw\matches\metadata\match_29885.json","605","2026/07/13 16:46:24"
"C:\Users\81805\toto-edge-git\ml\player_engine\data\raw\matches\metadata\match_29886.json","605","2026/07/13 16:46:26"
"C:\Users\81805\toto-edge-git\ml\player_engine\data\raw\matches\metadata\match_29887.json","605","2026/07/13 16:46:28"
"C:\Users\81805\toto-edge-git\ml\player_engine\data\raw\matches\metadata\match_29888.json","605","2026/07/13 16:46:30"
"C:\Users\81805\toto-edge-git\ml\player_engine\data\raw\matches\metadata\match_29889.json","605","2026/07/13 16:46:32"
"C:\Users\81805\toto-edge-git\ml\player_engine\data\raw\matches\metadata\match_29890.json","605","2026/07/13 16:46:34"
"C:\Users\81805\toto-edge-git\ml\player_engine\data\raw\matches\metadata\match_29891.json","605","2026/07/13 16:46:37"
"C:\Users\81805\toto-edge-git\ml\player_engine\data\raw\matches\metadata\match_29892.json","605","2026/07/13 16:46:39"
"C:\Users\81805\toto-edge-git\ml\player_engine\data\raw\matches\metadata\match_29893.json","605","2026/07/13 16:46:41"
"C:\Users\81805\toto-edge-git\ml\player_engine\data\raw\matches\metadata\match_29894.json","605","2026/07/13 16:46:43"
"C:\Users\81805\toto-edge-git\ml\player_engine\data\raw\matches\metadata\match_29895.json","605","2026/07/13 16:46:45"
"C:\Users\81805\toto-edge-git\ml\player_engine\data\raw\matches\metadata\match_29896.json","605","2026/07/13 16:46:47"
"C:\Users\81805\toto-edge-git\ml\player_engine\data\raw\matches\metadata\match_29897.json","605","2026/07/13 16:46:49"
"C:\Users\81805\toto-edge-git\ml\player_engine\data\raw\matches\metadata\match_29898.json","605","2026/07/13 16:46:52"
"C:\Users\81805\toto-edge-git\ml\player_engine\data\raw\matches\metadata\match_29899.json","605","2026/07/13 16:46:54"
"C:\Users\81805\toto-edge-git\ml\player_engine\data\raw\matches\metadata\match_29900.json","605","2026/07/13 16:46:56"
"C:\Users\81805\toto-edge-git\ml\player_engine\data\raw\matches\metadata\match_29901.json","605","2026/07/13 16:46:58"
"C:\Users\81805\toto-edge-git\ml\player_engine\data\raw\matches\metadata\match_29902.json","605","2026/07/13 16:47:00"
"C:\Users\81805\toto-edge-git\ml\player_engine\data\raw\matches\metadata\match_29903.json","605","2026/07/13 16:47:02"
"C:\Users\81805\toto-edge-git\ml\player_engine\data\raw\matches\metadata\match_29904.json","605","2026/07/13 16:47:04"
"C:\Users\81805\toto-edge-git\ml\player_engine\data\raw\matches\metadata\match_29905.json","605","2026/07/13 16:47:06"
"C:\Users\81805\toto-edge-git\ml\player_engine\data\raw\matches\metadata\match_29906.json","605","2026/07/13 16:47:09"
"C:\Users\81805\toto-edge-git\ml\player_engine\data\raw\matches\metadata\match_29907.json","605","2026/07/13 16:47:11"
"C:\Users\81805\toto-edge-git\ml\player_engine\data\raw\matches\metadata\match_29908.json","605","2026/07/13 16:47:13"
"C:\Users\81805\toto-edge-git\ml\player_engine\data\raw\matches\metadata\match_29909.json","605","2026/07/13 16:47:15"
"C:\Users\81805\toto-edge-git\ml\player_engine\data\raw\matches\metadata\match_29910.json","605","2026/07/13 16:47:17"
"C:\Users\81805\toto-edge-git\ml\player_engine\data\raw\matches\metadata\match_29911.json","605","2026/07/13 16:47:19"
"C:\Users\81805\toto-edge-git\ml\player_engine\data\raw\matches\metadata\match_29912.json","605","2026/07/13 16:47:22"
"C:\Users\81805\toto-edge-git\ml\player_engine\data\raw\matches\metadata\match_29913.json","605","2026/07/13 16:47:24"
"C:\Users\81805\toto-edge-git\ml\player_engine\data\raw\matches\metadata\match_29914.json","605","2026/07/13 16:47:26"
"C:\Users\81805\toto-edge-git\ml\player_engine\data\raw\matches\metadata\match_29915.json","605","2026/07/13 16:47:28"
"C:\Users\81805\toto-edge-git\ml\player_engine\data\raw\matches\metadata\match_29916.json","605","2026/07/13 16:47:30"
"C:\Users\81805\toto-edge-git\ml\player_engine\data\raw\matches\metadata\match_29917.json","605","2026/07/13 16:47:32"
"C:\Users\81805\toto-edge-git\ml\player_engine\data\raw\matches\metadata\match_29918.json","605","2026/07/13 16:47:34"
"C:\Users\81805\toto-edge-git\ml\player_engine\data\raw\matches\metadata\match_29919.json","605","2026/07/13 16:47:36"
"C:\Users\81805\toto-edge-git\ml\player_engine\data\raw\matches\metadata\match_29920.json","605","2026/07/13 16:47:39"
"C:\Users\81805\toto-edge-git\ml\player_engine\data\raw\matches\metadata\match_29921.json","605","2026/07/13 16:47:41"
"C:\Users\81805\toto-edge-git\ml\player_engine\data\raw\matches\metadata\match_29922.json","605","2026/07/13 16:47:43"
"C:\Users\81805\toto-edge-git\ml\player_engine\data\raw\matches\metadata\match_29923.json","605","2026/07/13 16:47:45"
"C:\Users\81805\toto-edge-git\ml\player_engine\data\raw\matches\metadata\match_29924.json","605","2026/07/13 16:47:47"
"C:\Users\81805\toto-edge-git\ml\player_engine\data\raw\matches\metadata\match_29925.json","605","2026/07/13 16:47:49"
"C:\Users\81805\toto-edge-git\ml\player_engine\data\raw\matches\metadata\match_29926.json","605","2026/07/13 16:47:52"
"C:\Users\81805\toto-edge-git\ml\player_engine\data\raw\matches\metadata\match_29927.json","605","2026/07/13 16:47:54"
"C:\Users\81805\toto-edge-git\ml\player_engine\data\raw\matches\metadata\match_29928.json","605","2026/07/13 16:47:56"
"C:\Users\81805\toto-edge-git\ml\player_engine\data\raw\matches\metadata\match_29929.json","605","2026/07/13 16:47:58"
"C:\Users\81805\toto-edge-git\ml\player_engine\data\raw\matches\metadata\match_29930.json","605","2026/07/13 16:48:00"
"C:\Users\81805\toto-edge-git\ml\player_engine\data\raw\matches\metadata\match_29931.json","605","2026/07/13 16:48:02"
"C:\Users\81805\toto-edge-git\ml\player_engine\data\raw\matches\metadata\match_29932.json","605","2026/07/13 16:48:04"
"C:\Users\81805\toto-edge-git\ml\player_engine\data\raw\matches\metadata\match_29933.json","605","2026/07/13 16:48:07"
"C:\Users\81805\toto-edge-git\ml\player_engine\data\raw\matches\metadata\match_29934.json","605","2026/07/13 16:48:09"
"C:\Users\81805\toto-edge-git\ml\player_engine\data\raw\matches\metadata\match_29935.json","605","2026/07/13 16:48:11"
"C:\Users\81805\toto-edge-git\ml\player_engine\data\raw\matches\metadata\match_29936.json","605","2026/07/13 16:48:13"
"C:\Users\81805\toto-edge-git\ml\player_engine\data\raw\matches\metadata\match_29937.json","605","2026/07/13 16:48:16"
"C:\Users\81805\toto-edge-git\ml\player_engine\data\raw\matches\metadata\match_29938.json","605","2026/07/13 16:48:18"
"C:\Users\81805\toto-edge-git\ml\player_engine\data\raw\matches\metadata\match_29939.json","605","2026/07/13 16:48:21"
"C:\Users\81805\toto-edge-git\ml\player_engine\data\raw\matches\metadata\match_29940.json","605","2026/07/13 16:48:27"
"C:\Users\81805\toto-edge-git\ml\player_engine\data\raw\matches\metadata\match_29941.json","605","2026/07/13 16:48:29"
"C:\Users\81805\toto-edge-git\ml\player_engine\data\raw\matches\metadata\match_29942.json","605","2026/07/13 16:48:31"
"C:\Users\81805\toto-edge-git\ml\player_engine\data\raw\matches\metadata\match_29943.json","605","2026/07/13 16:48:33"
"C:\Users\81805\toto-edge-git\ml\player_engine\data\raw\matches\metadata\match_29944.json","605","2026/07/13 16:48:35"
"C:\Users\81805\toto-edge-git\ml\player_engine\data\raw\matches\metadata\match_29945.json","605","2026/07/13 16:48:37"
"C:\Users\81805\toto-edge-git\ml\player_engine\data\raw\matches\metadata\match_29946.json","605","2026/07/13 16:48:39"
"C:\Users\81805\toto-edge-git\ml\player_engine\data\raw\matches\metadata\match_29947.json","605","2026/07/13 16:48:42"
"C:\Users\81805\toto-edge-git\ml\player_engine\data\raw\matches\metadata\match_29948.json","605","2026/07/13 16:48:44"
"C:\Users\81805\toto-edge-git\ml\player_engine\data\raw\matches\metadata\match_29949.json","605","2026/07/13 16:48:46"
"C:\Users\81805\toto-edge-git\ml\player_engine\data\raw\matches\metadata\match_29950.json","605","2026/07/13 16:48:48"
"C:\Users\81805\toto-edge-git\ml\player_engine\data\raw\matches\metadata\match_29951.json","605","2026/07/13 16:48:50"
"C:\Users\81805\toto-edge-git\ml\player_engine\data\raw\matches\metadata\match_29952.json","605","2026/07/13 16:48:52"
"C:\Users\81805\toto-edge-git\ml\player_engine\data\raw\matches\metadata\match_29953.json","605","2026/07/13 16:48:54"
"C:\Users\81805\toto-edge-git\ml\player_engine\data\raw\matches\metadata\match_29954.json","605","2026/07/13 16:48:57"
"C:\Users\81805\toto-edge-git\ml\player_engine\data\raw\matches\metadata\match_29955.json","605","2026/07/13 16:48:59"
"C:\Users\81805\toto-edge-git\ml\player_engine\data\raw\matches\metadata\match_29956.json","605","2026/07/13 16:49:01"
"C:\Users\81805\toto-edge-git\ml\player_engine\data\raw\matches\metadata\match_29957.json","605","2026/07/13 16:49:03"
"C:\Users\81805\toto-edge-git\ml\player_engine\data\raw\matches\metadata\match_29958.json","605","2026/07/13 16:49:05"
"C:\Users\81805\toto-edge-git\ml\player_engine\data\raw\matches\metadata\match_29959.json","605","2026/07/13 16:49:07"
"C:\Users\81805\toto-edge-git\ml\player_engine\data\raw\matches\metadata\match_29960.json","605","2026/07/13 16:49:09"
"C:\Users\81805\toto-edge-git\ml\player_engine\data\raw\matches\metadata\match_29961.json","605","2026/07/13 16:49:12"
"C:\Users\81805\toto-edge-git\ml\player_engine\data\raw\matches\metadata\match_29962.json","605","2026/07/13 16:49:14"
"C:\Users\81805\toto-edge-git\ml\player_engine\data\raw\matches\metadata\match_29963.json","605","2026/07/13 16:49:16"
"C:\Users\81805\toto-edge-git\ml\player_engine\data\raw\matches\metadata\match_29964.json","605","2026/07/13 16:49:18"
"C:\Users\81805\toto-edge-git\ml\player_engine\data\raw\matches\metadata\match_29965.json","605","2026/07/13 16:49:20"
"C:\Users\81805\toto-edge-git\ml\player_engine\data\raw\matches\metadata\match_29966.json","605","2026/07/13 16:49:22"
"C:\Users\81805\toto-edge-git\ml\player_engine\data\raw\matches\metadata\match_29967.json","605","2026/07/13 16:49:24"
"C:\Users\81805\toto-edge-git\ml\player_engine\data\raw\matches\metadata\match_29968.json","605","2026/07/13 16:49:27"
"C:\Users\81805\toto-edge-git\ml\player_engine\data\raw\matches\metadata\match_29969.json","605","2026/07/13 16:49:29"
"C:\Users\81805\toto-edge-git\ml\player_engine\data\raw\matches\metadata\match_29970.json","605","2026/07/13 16:49:31"
"C:\Users\81805\toto-edge-git\ml\player_engine\data\raw\matches\metadata\match_29971.json","605","2026/07/13 16:49:33"
"C:\Users\81805\toto-edge-git\ml\player_engine\data\raw\matches\metadata\match_29972.json","605","2026/07/13 16:49:35"
"C:\Users\81805\toto-edge-git\ml\player_engine\data\raw\matches\metadata\match_29973.json","605","2026/07/13 16:49:37"
"C:\Users\81805\toto-edge-git\ml\player_engine\data\raw\matches\metadata\match_29974.json","605","2026/07/13 16:49:39"
"C:\Users\81805\toto-edge-git\ml\player_engine\data\raw\matches\metadata\match_29975.json","605","2026/07/13 16:49:42"
"C:\Users\81805\toto-edge-git\ml\player_engine\data\raw\matches\metadata\match_29976.json","605","2026/07/13 16:49:44"
"C:\Users\81805\toto-edge-git\ml\player_engine\data\raw\matches\metadata\match_29977.json","605","2026/07/13 16:49:46"
"C:\Users\81805\toto-edge-git\ml\player_engine\data\raw\matches\metadata\match_29978.json","605","2026/07/13 16:49:48"
"C:\Users\81805\toto-edge-git\ml\player_engine\data\raw\matches\metadata\match_29979.json","605","2026/07/13 16:49:50"
"C:\Users\81805\toto-edge-git\ml\player_engine\data\raw\matches\metadata\match_29980.json","605","2026/07/13 16:49:52"
"C:\Users\81805\toto-edge-git\ml\player_engine\data\raw\matches\metadata\match_29981.json","605","2026/07/13 16:49:54"
"C:\Users\81805\toto-edge-git\ml\player_engine\data\raw\matches\metadata\match_29982.json","605","2026/07/13 16:49:57"
"C:\Users\81805\toto-edge-git\ml\player_engine\data\raw\matches\metadata\match_29983.json","605","2026/07/13 16:49:59"
"C:\Users\81805\toto-edge-git\ml\player_engine\data\raw\matches\metadata\match_29984.json","605","2026/07/13 16:50:01"
"C:\Users\81805\toto-edge-git\ml\player_engine\data\raw\matches\metadata\match_29985.json","605","2026/07/13 16:50:03"
"C:\Users\81805\toto-edge-git\ml\player_engine\data\raw\matches\metadata\match_29986.json","605","2026/07/13 16:50:05"
"C:\Users\81805\toto-edge-git\ml\player_engine\data\raw\matches\metadata\match_29987.json","605","2026/07/13 16:50:07"
"C:\Users\81805\toto-edge-git\ml\player_engine\data\raw\matches\metadata\match_29988.json","605","2026/07/13 16:50:09"
"C:\Users\81805\toto-edge-git\ml\player_engine\data\raw\matches\metadata\match_29989.json","605","2026/07/13 16:50:11"
"C:\Users\81805\toto-edge-git\ml\player_engine\data\raw\matches\metadata\match_29990.json","605","2026/07/13 16:50:14"
"C:\Users\81805\toto-edge-git\ml\player_engine\data\raw\matches\metadata\match_29991.json","605","2026/07/13 16:50:16"
"C:\Users\81805\toto-edge-git\ml\player_engine\data\raw\matches\metadata\match_29992.json","605","2026/07/13 16:50:18"
"C:\Users\81805\toto-edge-git\ml\player_engine\data\raw\matches\metadata\match_29993.json","605","2026/07/13 16:50:20"
"C:\Users\81805\toto-edge-git\ml\player_engine\data\raw\matches\metadata\match_29994.json","605","2026/07/13 16:50:22"
"C:\Users\81805\toto-edge-git\ml\player_engine\data\raw\matches\metadata\match_29995.json","605","2026/07/13 16:50:24"
"C:\Users\81805\toto-edge-git\ml\player_engine\data\raw\matches\metadata\match_29996.json","605","2026/07/13 16:50:26"
"C:\Users\81805\toto-edge-git\ml\player_engine\data\raw\matches\metadata\match_29997.json","605","2026/07/13 16:50:29"
"C:\Users\81805\toto-edge-git\ml\player_engine\data\raw\matches\metadata\match_29998.json","605","2026/07/13 16:50:31"
"C:\Users\81805\toto-edge-git\ml\player_engine\data\raw\matches\metadata\match_29999.json","605","2026/07/13 16:50:33"
"C:\Users\81805\toto-edge-git\ml\player_engine\data\raw\matches\metadata\match_30000.json","605","2026/07/13 16:50:35"
"C:\Users\81805\toto-edge-git\ml\player_engine\data\raw\matches\metadata\match_30001.json","605","2026/07/13 16:50:37"
"C:\Users\81805\toto-edge-git\ml\player_engine\data\raw\matches\metadata\match_30002.json","605","2026/07/13 16:50:39"
"C:\Users\81805\toto-edge-git\ml\player_engine\data\raw\matches\metadata\match_30003.json","605","2026/07/13 16:50:41"
"C:\Users\81805\toto-edge-git\ml\player_engine\data\raw\matches\metadata\match_30004.json","605","2026/07/13 16:50:44"
"C:\Users\81805\toto-edge-git\ml\player_engine\data\raw\matches\metadata\match_30005.json","605","2026/07/13 16:50:46"
"C:\Users\81805\toto-edge-git\ml\player_engine\data\raw\matches\metadata\match_30006.json","605","2026/07/13 16:50:48"
"C:\Users\81805\toto-edge-git\ml\player_engine\data\raw\matches\metadata\match_30007.json","605","2026/07/13 16:50:50"
"C:\Users\81805\toto-edge-git\ml\player_engine\data\raw\matches\metadata\match_30008.json","605","2026/07/13 16:50:52"
"C:\Users\81805\toto-edge-git\ml\player_engine\data\raw\matches\metadata\match_30009.json","605","2026/07/13 16:50:54"
"C:\Users\81805\toto-edge-git\ml\player_engine\data\raw\matches\metadata\match_30010.json","605","2026/07/13 16:50:56"
"C:\Users\81805\toto-edge-git\ml\player_engine\data\raw\matches\metadata\match_30011.json","605","2026/07/13 16:50:59"
"C:\Users\81805\toto-edge-git\ml\player_engine\data\raw\matches\metadata\match_30012.json","605","2026/07/13 16:51:01"
"C:\Users\81805\toto-edge-git\ml\player_engine\data\raw\matches\metadata\match_30013.json","605","2026/07/13 16:51:03"
"C:\Users\81805\toto-edge-git\ml\player_engine\data\raw\matches\metadata\match_30014.json","605","2026/07/13 16:51:05"
"C:\Users\81805\toto-edge-git\ml\player_engine\data\raw\matches\metadata\match_30015.json","605","2026/07/13 16:51:07"
"C:\Users\81805\toto-edge-git\ml\player_engine\data\raw\matches\metadata\match_30016.json","605","2026/07/13 16:51:09"
"C:\Users\81805\toto-edge-git\ml\player_engine\data\raw\matches\metadata\match_30017.json","605","2026/07/13 16:51:12"
"C:\Users\81805\toto-edge-git\ml\player_engine\data\raw\matches\metadata\match_30018.json","605","2026/07/13 16:51:14"
"C:\Users\81805\toto-edge-git\ml\player_engine\data\raw\matches\metadata\match_30019.json","605","2026/07/13 16:51:16"
"C:\Users\81805\toto-edge-git\ml\player_engine\data\raw\matches\metadata\match_30020.json","605","2026/07/13 16:51:18"
"C:\Users\81805\toto-edge-git\ml\player_engine\data\raw\matches\metadata\match_30021.json","605","2026/07/13 16:51:20"
"C:\Users\81805\toto-edge-git\ml\player_engine\data\raw\matches\metadata\match_30022.json","605","2026/07/13 16:51:22"
"C:\Users\81805\toto-edge-git\ml\player_engine\data\raw\matches\metadata\match_30023.json","605","2026/07/13 16:51:24"
"C:\Users\81805\toto-edge-git\ml\player_engine\data\raw\matches\metadata\match_30024.json","605","2026/07/13 16:51:27"
"C:\Users\81805\toto-edge-git\ml\player_engine\data\raw\matches\metadata\match_30025.json","605","2026/07/13 16:51:29"
"C:\Users\81805\toto-edge-git\ml\player_engine\data\raw\matches\metadata\match_30026.json","605","2026/07/13 16:51:31"
"C:\Users\81805\toto-edge-git\ml\player_engine\data\raw\matches\metadata\match_30027.json","605","2026/07/13 16:51:33"
"C:\Users\81805\toto-edge-git\ml\player_engine\data\raw\matches\metadata\match_30028.json","605","2026/07/13 16:51:35"
"C:\Users\81805\toto-edge-git\ml\player_engine\data\raw\matches\metadata\match_30029.json","605","2026/07/13 16:51:37"
"C:\Users\81805\toto-edge-git\ml\player_engine\data\raw\matches\metadata\match_30030.json","605","2026/07/13 16:51:39"
"C:\Users\81805\toto-edge-git\ml\player_engine\data\raw\matches\metadata\match_30031.json","605","2026/07/13 16:51:42"
"C:\Users\81805\toto-edge-git\ml\player_engine\data\raw\matches\metadata\match_30032.json","605","2026/07/13 16:51:44"
"C:\Users\81805\toto-edge-git\ml\player_engine\data\raw\matches\metadata\match_30033.json","605","2026/07/13 16:51:46"
"C:\Users\81805\toto-edge-git\ml\player_engine\data\raw\matches\metadata\match_30034.json","605","2026/07/13 16:51:48"
"C:\Users\81805\toto-edge-git\ml\player_engine\data\raw\matches\metadata\match_30035.json","605","2026/07/13 16:51:50"
"C:\Users\81805\toto-edge-git\ml\player_engine\data\raw\matches\metadata\match_30036.json","605","2026/07/13 16:51:52"
"C:\Users\81805\toto-edge-git\ml\player_engine\data\raw\matches\metadata\match_30037.json","605","2026/07/13 16:51:54"
"C:\Users\81805\toto-edge-git\ml\player_engine\data\raw\matches\metadata\match_30038.json","605","2026/07/13 16:51:57"
"C:\Users\81805\toto-edge-git\ml\player_engine\data\raw\matches\metadata\match_30039.json","605","2026/07/13 16:51:59"
"C:\Users\81805\toto-edge-git\ml\player_engine\data\raw\matches\metadata\match_30040.json","605","2026/07/13 16:52:01"
"C:\Users\81805\toto-edge-git\ml\player_engine\data\raw\matches\metadata\match_30041.json","605","2026/07/13 16:52:03"
"C:\Users\81805\toto-edge-git\ml\player_engine\data\raw\matches\metadata\match_30042.json","605","2026/07/13 16:52:05"
"C:\Users\81805\toto-edge-git\ml\player_engine\data\raw\matches\metadata\match_30043.json","605","2026/07/13 16:52:07"
"C:\Users\81805\toto-edge-git\ml\player_engine\data\raw\matches\metadata\match_30044.json","605","2026/07/13 16:52:09"
"C:\Users\81805\toto-edge-git\ml\player_engine\data\raw\matches\metadata\match_30045.json","605","2026/07/13 16:52:12"
"C:\Users\81805\toto-edge-git\ml\player_engine\data\raw\matches\metadata\match_30046.json","605","2026/07/13 16:52:14"
"C:\Users\81805\toto-edge-git\ml\player_engine\data\raw\matches\metadata\match_30047.json","605","2026/07/13 16:52:16"
"C:\Users\81805\toto-edge-git\ml\player_engine\data\raw\matches\metadata\match_30048.json","605","2026/07/13 16:52:18"
"C:\Users\81805\toto-edge-git\ml\player_engine\data\raw\matches\metadata\match_30049.json","605","2026/07/13 16:52:20"
"C:\Users\81805\toto-edge-git\ml\player_engine\data\raw\matches\metadata\match_30050.json","605","2026/07/13 16:52:22"
"C:\Users\81805\toto-edge-git\ml\player_engine\data\raw\matches\metadata\match_30051.json","605","2026/07/13 16:52:24"
"C:\Users\81805\toto-edge-git\ml\player_engine\data\raw\matches\metadata\match_30052.json","605","2026/07/13 16:52:27"
"C:\Users\81805\toto-edge-git\ml\player_engine\data\raw\matches\metadata\match_30053.json","605","2026/07/13 16:52:29"
"C:\Users\81805\toto-edge-git\ml\player_engine\data\raw\matches\metadata\match_30054.json","605","2026/07/13 16:52:31"
"C:\Users\81805\toto-edge-git\ml\player_engine\data\raw\matches\metadata\match_30055.json","605","2026/07/13 16:52:33"
"C:\Users\81805\toto-edge-git\ml\player_engine\data\raw\matches\metadata\match_30056.json","605","2026/07/13 16:52:35"
"C:\Users\81805\toto-edge-git\ml\player_engine\data\raw\matches\metadata\match_30057.json","605","2026/07/13 16:52:37"
"C:\Users\81805\toto-edge-git\ml\player_engine\data\raw\matches\metadata\match_30058.json","605","2026/07/13 16:52:39"
"C:\Users\81805\toto-edge-git\ml\player_engine\data\raw\matches\metadata\match_30059.json","605","2026/07/13 16:52:42"
"C:\Users\81805\toto-edge-git\ml\player_engine\data\raw\matches\metadata\match_30060.json","605","2026/07/13 16:52:44"
"C:\Users\81805\toto-edge-git\ml\player_engine\data\raw\matches\metadata\match_30061.json","605","2026/07/13 16:52:46"
"C:\Users\81805\toto-edge-git\ml\player_engine\data\raw\matches\metadata\match_30062.json","605","2026/07/13 16:52:48"
"C:\Users\81805\toto-edge-git\ml\player_engine\data\raw\matches\metadata\match_30063.json","605","2026/07/13 16:52:50"
"C:\Users\81805\toto-edge-git\ml\player_engine\data\raw\matches\metadata\match_30064.json","605","2026/07/13 16:52:52"
"C:\Users\81805\toto-edge-git\ml\player_engine\data\raw\matches\metadata\match_30065.json","605","2026/07/13 16:52:54"
"C:\Users\81805\toto-edge-git\ml\player_engine\data\raw\matches\metadata\match_30066.json","605","2026/07/13 16:52:56"
"C:\Users\81805\toto-edge-git\ml\player_engine\data\raw\matches\metadata\match_30067.json","605","2026/07/13 16:52:59"
"C:\Users\81805\toto-edge-git\ml\player_engine\data\raw\matches\metadata\match_30068.json","605","2026/07/13 16:53:01"
"C:\Users\81805\toto-edge-git\ml\player_engine\data\raw\matches\metadata\match_30069.json","605","2026/07/13 16:53:03"
"C:\Users\81805\toto-edge-git\ml\player_engine\data\raw\matches\metadata\match_30070.json","605","2026/07/13 16:53:05"
"C:\Users\81805\toto-edge-git\ml\player_engine\data\raw\matches\metadata\match_30071.json","605","2026/07/13 16:53:07"
"C:\Users\81805\toto-edge-git\ml\player_engine\data\raw\matches\metadata\match_30072.json","605","2026/07/13 16:53:09"
"C:\Users\81805\toto-edge-git\ml\player_engine\data\raw\matches\metadata\match_30073.json","605","2026/07/13 16:53:11"
"C:\Users\81805\toto-edge-git\ml\player_engine\data\raw\matches\metadata\match_30074.json","605","2026/07/13 16:53:14"
"C:\Users\81805\toto-edge-git\ml\player_engine\data\raw\matches\metadata\match_30075.json","605","2026/07/13 16:53:16"
"C:\Users\81805\toto-edge-git\ml\player_engine\data\raw\matches\metadata\match_30076.json","605","2026/07/13 16:53:18"
"C:\Users\81805\toto-edge-git\ml\player_engine\data\raw\matches\metadata\match_30077.json","605","2026/07/13 16:53:20"
"C:\Users\81805\toto-edge-git\ml\player_engine\data\raw\matches\metadata\match_30078.json","605","2026/07/13 16:53:22"
"C:\Users\81805\toto-edge-git\ml\player_engine\data\raw\matches\metadata\match_30079.json","605","2026/07/13 16:53:24"
"C:\Users\81805\toto-edge-git\ml\player_engine\data\raw\matches\metadata\match_30080.json","605","2026/07/13 16:53:26"
"C:\Users\81805\toto-edge-git\ml\player_engine\data\raw\matches\metadata\match_30081.json","605","2026/07/13 16:53:29"
"C:\Users\81805\toto-edge-git\ml\player_engine\data\raw\matches\metadata\match_30082.json","605","2026/07/13 16:53:31"
"C:\Users\81805\toto-edge-git\ml\player_engine\data\raw\matches\metadata\match_30083.json","605","2026/07/13 16:53:33"
"C:\Users\81805\toto-edge-git\ml\player_engine\data\raw\matches\metadata\match_30084.json","605","2026/07/13 16:53:35"
"C:\Users\81805\toto-edge-git\ml\player_engine\data\raw\matches\metadata\match_30085.json","605","2026/07/13 16:53:37"
"C:\Users\81805\toto-edge-git\ml\player_engine\data\raw\matches\metadata\match_30086.json","605","2026/07/13 16:53:39"
"C:\Users\81805\toto-edge-git\ml\player_engine\data\raw\matches\metadata\match_30087.json","605","2026/07/13 16:53:41"
"C:\Users\81805\toto-edge-git\ml\player_engine\data\raw\matches\metadata\match_30088.json","605","2026/07/13 16:53:43"
"C:\Users\81805\toto-edge-git\ml\player_engine\data\raw\matches\metadata\match_30089.json","605","2026/07/13 16:53:46"
"C:\Users\81805\toto-edge-git\ml\player_engine\data\raw\matches\metadata\match_30090.json","605","2026/07/13 16:53:48"
"C:\Users\81805\toto-edge-git\ml\player_engine\data\raw\matches\metadata\match_30091.json","605","2026/07/13 16:53:50"
"C:\Users\81805\toto-edge-git\ml\player_engine\data\raw\matches\metadata\match_30092.json","605","2026/07/13 16:53:52"
"C:\Users\81805\toto-edge-git\ml\player_engine\data\raw\matches\metadata\match_30093.json","605","2026/07/13 16:53:54"
"C:\Users\81805\toto-edge-git\ml\player_engine\data\raw\matches\metadata\match_30094.json","605","2026/07/13 16:53:56"
"C:\Users\81805\toto-edge-git\ml\player_engine\data\raw\matches\metadata\match_30095.json","605","2026/07/13 16:53:58"
"C:\Users\81805\toto-edge-git\ml\player_engine\data\raw\matches\metadata\match_30096.json","605","2026/07/13 16:54:00"
"C:\Users\81805\toto-edge-git\ml\player_engine\data\raw\matches\metadata\match_30097.json","605","2026/07/13 16:54:03"
"C:\Users\81805\toto-edge-git\ml\player_engine\data\raw\matches\metadata\match_30098.json","605","2026/07/13 16:54:05"
"C:\Users\81805\toto-edge-git\ml\player_engine\data\raw\matches\metadata\match_30099.json","605","2026/07/13 16:54:07"
"C:\Users\81805\toto-edge-git\ml\player_engine\data\raw\matches\metadata\match_30100.json","605","2026/07/13 16:54:09"
"C:\Users\81805\toto-edge-git\ml\player_engine\data\raw\matches\metadata\match_30101.json","605","2026/07/13 16:54:11"
"C:\Users\81805\toto-edge-git\ml\player_engine\data\raw\matches\metadata\match_30102.json","605","2026/07/13 16:54:13"
"C:\Users\81805\toto-edge-git\ml\player_engine\data\raw\matches\metadata\match_30103.json","605","2026/07/13 16:54:15"
"C:\Users\81805\toto-edge-git\ml\player_engine\data\raw\matches\metadata\match_30104.json","605","2026/07/13 16:54:18"
"C:\Users\81805\toto-edge-git\ml\player_engine\data\raw\matches\metadata\match_30105.json","605","2026/07/13 16:54:20"
"C:\Users\81805\toto-edge-git\ml\player_engine\data\raw\matches\metadata\match_30106.json","605","2026/07/13 16:54:22"
"C:\Users\81805\toto-edge-git\ml\player_engine\data\raw\matches\metadata\match_30107.json","605","2026/07/13 16:54:24"
"C:\Users\81805\toto-edge-git\ml\player_engine\data\raw\matches\metadata\match_30108.json","605","2026/07/13 16:54:26"
"C:\Users\81805\toto-edge-git\ml\player_engine\data\raw\matches\metadata\match_30109.json","605","2026/07/13 16:54:28"
"C:\Users\81805\toto-edge-git\ml\player_engine\data\raw\matches\metadata\match_30110.json","605","2026/07/13 16:54:30"
"C:\Users\81805\toto-edge-git\ml\player_engine\data\raw\matches\metadata\match_30111.json","605","2026/07/13 16:54:32"
"C:\Users\81805\toto-edge-git\ml\player_engine\data\raw\matches\metadata\match_30112.json","605","2026/07/13 16:54:35"
"C:\Users\81805\toto-edge-git\ml\player_engine\data\raw\matches\metadata\match_30113.json","605","2026/07/13 16:54:37"
"C:\Users\81805\toto-edge-git\ml\player_engine\data\raw\matches\metadata\match_30114.json","605","2026/07/13 16:54:39"
"C:\Users\81805\toto-edge-git\ml\player_engine\data\raw\matches\metadata\match_30115.json","605","2026/07/13 16:54:41"
"C:\Users\81805\toto-edge-git\ml\player_engine\data\raw\matches\metadata\match_30116.json","605","2026/07/13 16:54:43"
"C:\Users\81805\toto-edge-git\ml\player_engine\data\raw\matches\metadata\match_30117.json","605","2026/07/13 16:54:45"
"C:\Users\81805\toto-edge-git\ml\player_engine\data\raw\matches\metadata\match_30118.json","605","2026/07/13 16:54:47"
"C:\Users\81805\toto-edge-git\ml\player_engine\data\raw\matches\metadata\match_30119.json","605","2026/07/13 16:54:50"
"C:\Users\81805\toto-edge-git\ml\player_engine\data\raw\matches\metadata\match_30120.json","605","2026/07/13 16:54:52"
"C:\Users\81805\toto-edge-git\ml\player_engine\data\raw\matches\metadata\match_30121.json","605","2026/07/13 16:54:54"
"C:\Users\81805\toto-edge-git\ml\player_engine\data\raw\matches\metadata\match_30122.json","605","2026/07/13 16:54:56"
"C:\Users\81805\toto-edge-git\ml\player_engine\data\raw\matches\metadata\match_30123.json","605","2026/07/13 16:54:58"
"C:\Users\81805\toto-edge-git\ml\player_engine\data\raw\matches\metadata\match_30124.json","605","2026/07/13 16:55:00"
"C:\Users\81805\toto-edge-git\ml\player_engine\data\raw\matches\metadata\match_30125.json","605","2026/07/13 16:55:02"
"C:\Users\81805\toto-edge-git\ml\player_engine\data\raw\matches\metadata\match_30126.json","605","2026/07/13 16:55:05"
"C:\Users\81805\toto-edge-git\ml\player_engine\data\raw\matches\metadata\match_30127.json","605","2026/07/13 16:55:07"
"C:\Users\81805\toto-edge-git\ml\player_engine\data\raw\matches\metadata\match_30128.json","605","2026/07/13 16:55:09"
"C:\Users\81805\toto-edge-git\ml\player_engine\data\raw\matches\metadata\match_30129.json","605","2026/07/13 16:55:11"
"C:\Users\81805\toto-edge-git\ml\player_engine\data\raw\matches\metadata\match_30130.json","605","2026/07/13 16:55:13"
"C:\Users\81805\toto-edge-git\ml\player_engine\data\raw\matches\metadata\match_30131.json","605","2026/07/13 16:55:15"
"C:\Users\81805\toto-edge-git\ml\player_engine\data\raw\matches\metadata\match_30132.json","605","2026/07/13 16:55:17"
"C:\Users\81805\toto-edge-git\ml\player_engine\data\raw\matches\metadata\match_30133.json","605","2026/07/13 16:55:19"
"C:\Users\81805\toto-edge-git\ml\player_engine\data\raw\matches\metadata\match_30134.json","605","2026/07/13 16:55:21"
"C:\Users\81805\toto-edge-git\ml\player_engine\data\raw\matches\metadata\match_30135.json","605","2026/07/13 16:55:24"
"C:\Users\81805\toto-edge-git\ml\player_engine\data\raw\matches\metadata\match_30136.json","605","2026/07/13 16:55:26"
"C:\Users\81805\toto-edge-git\ml\player_engine\data\raw\matches\metadata\match_30137.json","605","2026/07/13 16:55:28"
"C:\Users\81805\toto-edge-git\ml\player_engine\data\raw\matches\metadata\match_30138.json","605","2026/07/13 16:55:30"
"C:\Users\81805\toto-edge-git\ml\player_engine\data\raw\matches\metadata\match_30139.json","605","2026/07/13 16:55:32"
"C:\Users\81805\toto-edge-git\ml\player_engine\data\raw\matches\metadata\match_30140.json","605","2026/07/13 16:55:34"
"C:\Users\81805\toto-edge-git\ml\player_engine\data\raw\matches\metadata\match_30141.json","605","2026/07/13 16:55:37"
"C:\Users\81805\toto-edge-git\ml\player_engine\data\raw\matches\metadata\match_30142.json","605","2026/07/13 16:55:39"
"C:\Users\81805\toto-edge-git\ml\player_engine\data\raw\matches\metadata\match_30143.json","605","2026/07/13 16:55:41"
"C:\Users\81805\toto-edge-git\ml\player_engine\data\raw\matches\metadata\match_30144.json","605","2026/07/13 16:55:43"
"C:\Users\81805\toto-edge-git\ml\player_engine\data\raw\matches\metadata\match_30145.json","605","2026/07/13 16:55:45"
"C:\Users\81805\toto-edge-git\ml\player_engine\data\raw\matches\metadata\match_30146.json","605","2026/07/13 16:55:47"
"C:\Users\81805\toto-edge-git\ml\player_engine\data\raw\matches\metadata\match_30147.json","605","2026/07/13 16:55:49"
"C:\Users\81805\toto-edge-git\ml\player_engine\data\raw\matches\metadata\match_30148.json","605","2026/07/13 16:55:52"
"C:\Users\81805\toto-edge-git\ml\player_engine\data\raw\matches\metadata\match_30149.json","605","2026/07/13 16:55:54"
"C:\Users\81805\toto-edge-git\ml\player_engine\data\raw\matches\metadata\match_30150.json","605","2026/07/13 16:55:56"
"C:\Users\81805\toto-edge-git\ml\player_engine\data\raw\matches\metadata\match_30151.json","605","2026/07/13 16:55:58"
"C:\Users\81805\toto-edge-git\ml\player_engine\data\raw\matches\metadata\match_30152.json","605","2026/07/13 16:56:00"
"C:\Users\81805\toto-edge-git\ml\player_engine\data\raw\matches\metadata\match_30153.json","605","2026/07/13 16:56:02"
"C:\Users\81805\toto-edge-git\ml\player_engine\data\raw\matches\metadata\match_30154.json","605","2026/07/13 16:56:04"
"C:\Users\81805\toto-edge-git\ml\player_engine\data\raw\matches\metadata\match_30155.json","605","2026/07/13 16:56:06"
"C:\Users\81805\toto-edge-git\ml\player_engine\data\raw\matches\metadata\match_30156.json","605","2026/07/13 16:56:09"
"C:\Users\81805\toto-edge-git\ml\player_engine\data\raw\matches\metadata\match_30157.json","605","2026/07/13 16:56:11"
"C:\Users\81805\toto-edge-git\ml\player_engine\data\raw\matches\metadata\match_30158.json","605","2026/07/13 16:56:13"
"C:\Users\81805\toto-edge-git\ml\player_engine\data\raw\matches\metadata\match_30159.json","605","2026/07/13 16:56:15"
"C:\Users\81805\toto-edge-git\ml\player_engine\data\raw\matches\metadata\match_30160.json","605","2026/07/13 16:56:17"
"C:\Users\81805\toto-edge-git\ml\player_engine\data\raw\matches\metadata\match_30161.json","605","2026/07/13 16:56:19"
"C:\Users\81805\toto-edge-git\ml\player_engine\data\raw\matches\metadata\match_30162.json","605","2026/07/13 16:56:22"
"C:\Users\81805\toto-edge-git\ml\player_engine\data\raw\matches\metadata\match_30163.json","605","2026/07/13 16:56:24"
"C:\Users\81805\toto-edge-git\ml\player_engine\data\raw\matches\metadata\match_30164.json","605","2026/07/13 16:56:26"
"C:\Users\81805\toto-edge-git\ml\player_engine\data\raw\matches\metadata\match_30165.json","605","2026/07/13 16:56:28"
"C:\Users\81805\toto-edge-git\ml\player_engine\data\raw\matches\metadata\match_30166.json","605","2026/07/13 16:56:30"
"C:\Users\81805\toto-edge-git\ml\player_engine\data\raw\matches\metadata\match_30167.json","605","2026/07/13 16:56:32"
"C:\Users\81805\toto-edge-git\ml\player_engine\data\raw\matches\metadata\match_30168.json","605","2026/07/13 16:56:34"
"C:\Users\81805\toto-edge-git\ml\player_engine\data\raw\matches\metadata\match_30169.json","605","2026/07/13 16:56:37"
"C:\Users\81805\toto-edge-git\ml\player_engine\data\raw\matches\metadata\match_30170.json","605","2026/07/13 16:56:39"
"C:\Users\81805\toto-edge-git\ml\player_engine\data\raw\matches\metadata\match_30171.json","605","2026/07/13 16:56:41"
"C:\Users\81805\toto-edge-git\ml\player_engine\data\raw\matches\metadata\match_30172.json","605","2026/07/13 16:56:43"
"C:\Users\81805\toto-edge-git\ml\player_engine\data\raw\matches\metadata\match_30173.json","605","2026/07/13 16:56:45"
"C:\Users\81805\toto-edge-git\ml\player_engine\data\raw\matches\metadata\match_30174.json","605","2026/07/13 16:56:47"
"C:\Users\81805\toto-edge-git\ml\player_engine\data\raw\matches\metadata\match_30175.json","605","2026/07/13 16:56:49"
"C:\Users\81805\toto-edge-git\ml\player_engine\data\raw\matches\metadata\match_30176.json","605","2026/07/13 16:56:52"
"C:\Users\81805\toto-edge-git\ml\player_engine\data\raw\matches\metadata\match_30177.json","605","2026/07/13 16:56:54"
"C:\Users\81805\toto-edge-git\ml\player_engine\data\raw\matches\metadata\match_30178.json","605","2026/07/13 16:56:56"
"C:\Users\81805\toto-edge-git\ml\player_engine\data\raw\matches\metadata\match_30179.json","605","2026/07/13 16:56:58"
"C:\Users\81805\toto-edge-git\ml\player_engine\data\raw\matches\metadata\match_30180.json","605","2026/07/13 16:57:00"
"C:\Users\81805\toto-edge-git\ml\player_engine\data\raw\matches\metadata\match_30181.json","605","2026/07/13 16:57:02"
"C:\Users\81805\toto-edge-git\ml\player_engine\data\raw\matches\metadata\match_30182.json","605","2026/07/13 16:57:04"
"C:\Users\81805\toto-edge-git\ml\player_engine\data\raw\matches\metadata\match_30183.json","605","2026/07/13 16:57:06"
"C:\Users\81805\toto-edge-git\ml\player_engine\data\raw\matches\metadata\match_30184.json","605","2026/07/13 16:57:09"
"C:\Users\81805\toto-edge-git\ml\player_engine\data\raw\matches\metadata\match_30185.json","605","2026/07/13 16:57:11"
"C:\Users\81805\toto-edge-git\ml\player_engine\data\raw\matches\metadata\match_30186.json","605","2026/07/13 16:57:13"
"C:\Users\81805\toto-edge-git\ml\player_engine\data\raw\matches\metadata\match_30187.json","605","2026/07/13 16:57:15"
"C:\Users\81805\toto-edge-git\ml\player_engine\data\raw\matches\metadata\match_30188.json","605","2026/07/13 16:57:17"
"C:\Users\81805\toto-edge-git\ml\player_engine\data\raw\matches\metadata\match_30189.json","605","2026/07/13 16:57:19"
"C:\Users\81805\toto-edge-git\ml\player_engine\data\raw\matches\metadata\match_30190.json","605","2026/07/13 16:57:21"
"C:\Users\81805\toto-edge-git\ml\player_engine\data\raw\matches\metadata\match_30191.json","605","2026/07/13 16:57:23"
"C:\Users\81805\toto-edge-git\ml\player_engine\data\raw\matches\metadata\match_30192.json","605","2026/07/13 16:57:26"
"C:\Users\81805\toto-edge-git\ml\player_engine\data\raw\matches\metadata\match_30193.json","605","2026/07/13 16:57:28"
"C:\Users\81805\toto-edge-git\ml\player_engine\data\raw\matches\metadata\match_30194.json","605","2026/07/13 16:57:30"
"C:\Users\81805\toto-edge-git\ml\player_engine\data\raw\matches\metadata\match_30195.json","605","2026/07/13 16:57:32"
"C:\Users\81805\toto-edge-git\ml\player_engine\data\raw\matches\metadata\match_30196.json","605","2026/07/13 16:57:34"
"C:\Users\81805\toto-edge-git\ml\player_engine\data\raw\matches\metadata\match_30197.json","605","2026/07/13 16:57:36"
"C:\Users\81805\toto-edge-git\ml\player_engine\data\raw\matches\metadata\match_30198.json","605","2026/07/13 16:57:38"
"C:\Users\81805\toto-edge-git\ml\player_engine\data\raw\matches\metadata\match_30199.json","605","2026/07/13 16:57:41"
"C:\Users\81805\toto-edge-git\ml\player_engine\data\raw\matches\metadata\match_30200.json","605","2026/07/13 16:57:43"
"C:\Users\81805\toto-edge-git\ml\player_engine\data\raw\matches\metadata\match_30201.json","605","2026/07/13 16:57:45"
"C:\Users\81805\toto-edge-git\ml\player_engine\data\raw\matches\metadata\match_30202.json","605","2026/07/13 16:57:47"
"C:\Users\81805\toto-edge-git\ml\player_engine\data\raw\matches\metadata\match_30203.json","605","2026/07/13 16:57:49"
"C:\Users\81805\toto-edge-git\ml\player_engine\data\raw\matches\metadata\match_30204.json","605","2026/07/13 16:57:51"
"C:\Users\81805\toto-edge-git\ml\player_engine\data\raw\matches\metadata\match_30205.json","605","2026/07/13 16:57:53"
"C:\Users\81805\toto-edge-git\ml\player_engine\data\raw\matches\metadata\match_30206.json","605","2026/07/13 16:57:55"
"C:\Users\81805\toto-edge-git\ml\player_engine\data\raw\matches\metadata\match_30207.json","605","2026/07/13 16:57:58"
"C:\Users\81805\toto-edge-git\ml\player_engine\data\raw\matches\metadata\match_30208.json","605","2026/07/13 16:58:00"
"C:\Users\81805\toto-edge-git\ml\player_engine\data\raw\matches\metadata\match_30209.json","605","2026/07/13 16:58:02"
"C:\Users\81805\toto-edge-git\ml\player_engine\data\raw\matches\metadata\match_30210.json","605","2026/07/13 16:58:04"
"C:\Users\81805\toto-edge-git\ml\player_engine\data\raw\matches\metadata\match_30212.json","605","2026/07/13 16:58:06"
"C:\Users\81805\toto-edge-git\ml\player_engine\data\raw\matches\metadata\match_30213.json","605","2026/07/13 16:58:08"
"C:\Users\81805\toto-edge-git\ml\player_engine\data\raw\matches\metadata\match_30214.json","605","2026/07/13 16:58:10"
"C:\Users\81805\toto-edge-git\ml\player_engine\data\raw\matches\metadata\match_30215.json","605","2026/07/13 16:58:13"
"C:\Users\81805\toto-edge-git\ml\player_engine\data\raw\matches\metadata\match_30216.json","605","2026/07/13 16:58:15"
"C:\Users\81805\toto-edge-git\ml\player_engine\data\raw\matches\metadata\match_30217.json","605","2026/07/13 16:58:17"
"C:\Users\81805\toto-edge-git\ml\player_engine\data\raw\matches\metadata\match_30218.json","605","2026/07/13 16:58:19"
"C:\Users\81805\toto-edge-git\ml\player_engine\data\raw\matches\metadata\match_30219.json","605","2026/07/13 16:58:21"
"C:\Users\81805\toto-edge-git\ml\player_engine\data\raw\matches\metadata\match_30220.json","605","2026/07/13 16:58:23"
"C:\Users\81805\toto-edge-git\ml\player_engine\data\raw\matches\metadata\match_30221.json","605","2026/07/13 16:58:25"
"C:\Users\81805\toto-edge-git\ml\player_engine\data\raw\matches\metadata\match_30222.json","605","2026/07/13 16:58:27"
"C:\Users\81805\toto-edge-git\ml\player_engine\data\raw\matches\metadata\match_30223.json","605","2026/07/13 16:58:30"
"C:\Users\81805\toto-edge-git\ml\player_engine\data\raw\matches\metadata\match_30224.json","605","2026/07/13 16:58:32"
"C:\Users\81805\toto-edge-git\ml\player_engine\data\raw\matches\metadata\match_30225.json","605","2026/07/13 16:58:34"
"C:\Users\81805\toto-edge-git\ml\player_engine\data\raw\matches\metadata\match_30226.json","605","2026/07/13 16:58:36"
"C:\Users\81805\toto-edge-git\ml\player_engine\data\raw\matches\metadata\match_30227.json","605","2026/07/13 16:58:38"
"C:\Users\81805\toto-edge-git\ml\player_engine\data\raw\matches\metadata\match_30228.json","605","2026/07/13 16:58:40"
"C:\Users\81805\toto-edge-git\ml\player_engine\data\raw\matches\metadata\match_30229.json","605","2026/07/13 16:58:42"
"C:\Users\81805\toto-edge-git\ml\player_engine\data\raw\matches\metadata\match_30230.json","605","2026/07/13 16:58:44"
"C:\Users\81805\toto-edge-git\ml\player_engine\data\raw\matches\metadata\match_30231.json","605","2026/07/13 16:58:47"
"C:\Users\81805\toto-edge-git\ml\player_engine\data\raw\matches\metadata\match_30232.json","605","2026/07/13 16:58:49"
"C:\Users\81805\toto-edge-git\ml\player_engine\data\raw\matches\metadata\match_30233.json","605","2026/07/13 16:58:51"
"C:\Users\81805\toto-edge-git\ml\player_engine\data\raw\matches\metadata\match_30234.json","605","2026/07/13 16:58:53"
"C:\Users\81805\toto-edge-git\ml\player_engine\data\raw\matches\metadata\match_30235.json","605","2026/07/13 16:58:55"
"C:\Users\81805\toto-edge-git\ml\player_engine\data\raw\matches\metadata\match_30236.json","605","2026/07/13 16:58:57"
"C:\Users\81805\toto-edge-git\ml\player_engine\data\raw\matches\metadata\match_30237.json","605","2026/07/13 16:58:59"
"C:\Users\81805\toto-edge-git\ml\player_engine\data\raw\matches\metadata\match_30238.json","605","2026/07/13 16:59:02"
"C:\Users\81805\toto-edge-git\ml\player_engine\data\raw\matches\metadata\match_30239.json","605","2026/07/13 16:59:04"
"C:\Users\81805\toto-edge-git\ml\player_engine\data\raw\matches\metadata\match_30240.json","605","2026/07/13 16:59:06"
"C:\Users\81805\toto-edge-git\ml\player_engine\data\raw\matches\metadata\match_30241.json","605","2026/07/13 16:59:08"
"C:\Users\81805\toto-edge-git\ml\player_engine\data\raw\matches\metadata\match_30242.json","605","2026/07/13 16:59:10"
"C:\Users\81805\toto-edge-git\ml\player_engine\data\raw\matches\metadata\match_30243.json","605","2026/07/13 16:59:12"
"C:\Users\81805\toto-edge-git\ml\player_engine\data\raw\matches\metadata\match_30244.json","605","2026/07/13 16:59:14"
"C:\Users\81805\toto-edge-git\ml\player_engine\data\raw\matches\metadata\match_30245.json","605","2026/07/13 16:59:17"
"C:\Users\81805\toto-edge-git\ml\player_engine\data\raw\matches\metadata\match_30246.json","605","2026/07/13 16:59:19"
"C:\Users\81805\toto-edge-git\ml\player_engine\data\raw\matches\metadata\match_30247.json","605","2026/07/13 16:59:21"
"C:\Users\81805\toto-edge-git\ml\player_engine\data\raw\matches\metadata\match_30248.json","605","2026/07/13 16:59:23"
"C:\Users\81805\toto-edge-git\ml\player_engine\data\raw\matches\metadata\match_30249.json","605","2026/07/13 16:59:25"
"C:\Users\81805\toto-edge-git\ml\player_engine\data\raw\matches\metadata\match_30250.json","605","2026/07/13 16:59:27"
"C:\Users\81805\toto-edge-git\ml\player_engine\data\raw\matches\metadata\match_30251.json","605","2026/07/13 16:59:29"
"C:\Users\81805\toto-edge-git\ml\player_engine\data\raw\matches\metadata\match_30252.json","605","2026/07/13 16:59:32"
"C:\Users\81805\toto-edge-git\ml\player_engine\data\raw\matches\metadata\match_30253.json","605","2026/07/13 16:59:34"
"C:\Users\81805\toto-edge-git\ml\player_engine\data\raw\matches\metadata\match_30254.json","605","2026/07/13 16:59:36"
"C:\Users\81805\toto-edge-git\ml\player_engine\data\raw\matches\metadata\match_30255.json","605","2026/07/13 16:59:38"
"C:\Users\81805\toto-edge-git\ml\player_engine\data\raw\matches\metadata\match_30256.json","605","2026/07/13 16:59:40"
"C:\Users\81805\toto-edge-git\ml\player_engine\data\raw\matches\metadata\match_30257.json","605","2026/07/13 16:59:42"
"C:\Users\81805\toto-edge-git\ml\player_engine\data\raw\matches\metadata\match_30258.json","605","2026/07/13 16:59:45"
"C:\Users\81805\toto-edge-git\ml\player_engine\data\raw\matches\metadata\match_30259.json","605","2026/07/13 16:59:47"
"C:\Users\81805\toto-edge-git\ml\player_engine\data\raw\matches\metadata\match_30260.json","605","2026/07/13 16:59:49"
"C:\Users\81805\toto-edge-git\ml\player_engine\data\raw\matches\metadata\match_30261.json","605","2026/07/13 16:59:51"
"C:\Users\81805\toto-edge-git\ml\player_engine\data\raw\matches\metadata\match_30262.json","605","2026/07/13 16:59:53"
"C:\Users\81805\toto-edge-git\ml\player_engine\data\raw\matches\metadata\match_30263.json","605","2026/07/13 16:59:55"
"C:\Users\81805\toto-edge-git\ml\player_engine\data\raw\matches\metadata\match_30264.json","605","2026/07/13 16:59:57"
"C:\Users\81805\toto-edge-git\ml\player_engine\data\raw\matches\metadata\match_30265.json","605","2026/07/13 17:00:00"
"C:\Users\81805\toto-edge-git\ml\player_engine\data\raw\matches\metadata\match_30266.json","605","2026/07/13 17:00:02"
"C:\Users\81805\toto-edge-git\ml\player_engine\data\raw\matches\metadata\match_30267.json","605","2026/07/13 17:00:04"
"C:\Users\81805\toto-edge-git\ml\player_engine\data\raw\matches\metadata\match_30268.json","605","2026/07/13 17:00:06"
"C:\Users\81805\toto-edge-git\ml\player_engine\data\raw\matches\metadata\match_30269.json","605","2026/07/13 17:00:08"
"C:\Users\81805\toto-edge-git\ml\player_engine\data\raw\matches\metadata\match_30270.json","605","2026/07/13 17:00:10"
"C:\Users\81805\toto-edge-git\ml\player_engine\data\raw\matches\metadata\match_30271.json","605","2026/07/13 17:00:12"
"C:\Users\81805\toto-edge-git\ml\player_engine\data\raw\matches\metadata\match_30272.json","605","2026/07/13 17:00:15"
"C:\Users\81805\toto-edge-git\ml\player_engine\data\raw\matches\metadata\match_30273.json","605","2026/07/13 17:00:17"
"C:\Users\81805\toto-edge-git\ml\player_engine\data\raw\matches\metadata\match_30274.json","605","2026/07/13 17:00:19"
"C:\Users\81805\toto-edge-git\ml\player_engine\data\raw\matches\metadata\match_30275.json","605","2026/07/13 17:00:21"
"C:\Users\81805\toto-edge-git\ml\player_engine\data\raw\matches\metadata\match_30276.json","605","2026/07/13 17:00:23"
"C:\Users\81805\toto-edge-git\ml\player_engine\data\raw\matches\metadata\match_30277.json","605","2026/07/13 17:00:25"
"C:\Users\81805\toto-edge-git\ml\player_engine\data\raw\matches\metadata\match_30278.json","605","2026/07/13 17:00:28"
"C:\Users\81805\toto-edge-git\ml\player_engine\data\raw\matches\metadata\match_30279.json","605","2026/07/13 17:00:30"
"C:\Users\81805\toto-edge-git\ml\player_engine\data\raw\matches\metadata\match_30280.json","605","2026/07/13 17:00:32"
"C:\Users\81805\toto-edge-git\ml\player_engine\data\raw\matches\metadata\match_30281.json","605","2026/07/13 17:00:34"
"C:\Users\81805\toto-edge-git\ml\player_engine\data\raw\matches\metadata\match_30282.json","605","2026/07/13 17:00:36"
"C:\Users\81805\toto-edge-git\ml\player_engine\data\raw\matches\metadata\match_30283.json","605","2026/07/13 17:00:38"
"C:\Users\81805\toto-edge-git\ml\player_engine\data\raw\matches\metadata\match_30284.json","605","2026/07/13 17:00:40"
"C:\Users\81805\toto-edge-git\ml\player_engine\data\raw\matches\metadata\match_30285.json","605","2026/07/13 17:00:42"
"C:\Users\81805\toto-edge-git\ml\player_engine\data\raw\matches\metadata\match_30286.json","605","2026/07/13 17:00:45"
"C:\Users\81805\toto-edge-git\ml\player_engine\data\raw\matches\metadata\match_30287.json","605","2026/07/13 17:00:47"
"C:\Users\81805\toto-edge-git\ml\player_engine\data\raw\matches\metadata\match_30288.json","605","2026/07/13 17:00:49"
"C:\Users\81805\toto-edge-git\ml\player_engine\data\raw\matches\metadata\match_30289.json","605","2026/07/13 17:00:51"
"C:\Users\81805\toto-edge-git\ml\player_engine\data\raw\matches\metadata\match_30290.json","605","2026/07/13 17:00:53"
"C:\Users\81805\toto-edge-git\ml\player_engine\data\raw\matches\metadata\match_30291.json","605","2026/07/13 17:00:55"
"C:\Users\81805\toto-edge-git\ml\player_engine\data\raw\matches\metadata\match_30292.json","605","2026/07/13 17:00:57"
"C:\Users\81805\toto-edge-git\ml\player_engine\data\raw\matches\metadata\match_30293.json","605","2026/07/13 17:01:00"
"C:\Users\81805\toto-edge-git\ml\player_engine\data\raw\matches\metadata\match_30294.json","605","2026/07/13 17:01:02"
"C:\Users\81805\toto-edge-git\ml\player_engine\data\raw\matches\metadata\match_30295.json","605","2026/07/13 17:01:04"
"C:\Users\81805\toto-edge-git\ml\player_engine\data\raw\matches\metadata\match_30296.json","605","2026/07/13 17:01:06"
"C:\Users\81805\toto-edge-git\ml\player_engine\data\raw\matches\metadata\match_30297.json","605","2026/07/13 17:01:08"
"C:\Users\81805\toto-edge-git\ml\player_engine\data\raw\matches\metadata\match_30298.json","605","2026/07/13 17:01:10"
"C:\Users\81805\toto-edge-git\ml\player_engine\data\raw\matches\metadata\match_30299.json","605","2026/07/13 17:01:12"
"C:\Users\81805\toto-edge-git\ml\player_engine\data\raw\matches\metadata\match_30300.json","605","2026/07/13 17:01:15"
"C:\Users\81805\toto-edge-git\ml\player_engine\data\raw\matches\metadata\match_30301.json","605","2026/07/13 17:01:17"
"C:\Users\81805\toto-edge-git\ml\player_engine\data\raw\matches\metadata\match_30302.json","605","2026/07/13 17:01:19"
"C:\Users\81805\toto-edge-git\ml\player_engine\data\raw\matches\metadata\match_30303.json","605","2026/07/13 17:01:21"
"C:\Users\81805\toto-edge-git\ml\player_engine\data\raw\matches\metadata\match_30304.json","605","2026/07/13 17:01:23"
"C:\Users\81805\toto-edge-git\ml\player_engine\data\raw\matches\metadata\match_30305.json","605","2026/07/13 17:01:25"
"C:\Users\81805\toto-edge-git\ml\player_engine\data\raw\matches\metadata\match_30306.json","605","2026/07/13 17:01:27"
"C:\Users\81805\toto-edge-git\ml\player_engine\data\raw\matches\metadata\match_30307.json","605","2026/07/13 17:01:29"
"C:\Users\81805\toto-edge-git\ml\player_engine\data\raw\matches\metadata\match_30308.json","605","2026/07/13 17:01:32"
"C:\Users\81805\toto-edge-git\ml\player_engine\data\raw\matches\metadata\match_30309.json","605","2026/07/13 17:01:34"
"C:\Users\81805\toto-edge-git\ml\player_engine\data\raw\matches\metadata\match_30310.json","605","2026/07/13 17:01:36"
"C:\Users\81805\toto-edge-git\ml\player_engine\data\raw\matches\metadata\match_30311.json","605","2026/07/13 17:01:38"
"C:\Users\81805\toto-edge-git\ml\player_engine\data\raw\matches\metadata\match_30312.json","605","2026/07/13 17:01:40"
"C:\Users\81805\toto-edge-git\ml\player_engine\data\raw\matches\metadata\match_30313.json","605","2026/07/13 17:01:42"
"C:\Users\81805\toto-edge-git\ml\player_engine\data\raw\matches\metadata\match_30314.json","605","2026/07/13 17:01:44"
"C:\Users\81805\toto-edge-git\ml\player_engine\data\raw\matches\metadata\match_30315.json","605","2026/07/13 17:01:46"
"C:\Users\81805\toto-edge-git\ml\player_engine\data\raw\matches\metadata\match_30316.json","605","2026/07/13 17:01:49"
"C:\Users\81805\toto-edge-git\ml\player_engine\data\raw\matches\metadata\match_30317.json","605","2026/07/13 17:01:51"
"C:\Users\81805\toto-edge-git\ml\player_engine\data\raw\matches\metadata\match_30318.json","605","2026/07/13 17:01:53"
"C:\Users\81805\toto-edge-git\ml\player_engine\data\raw\matches\metadata\match_30319.json","605","2026/07/13 17:01:55"
"C:\Users\81805\toto-edge-git\ml\player_engine\data\raw\matches\metadata\match_30320.json","605","2026/07/13 17:01:57"
"C:\Users\81805\toto-edge-git\ml\player_engine\data\raw\matches\metadata\match_30321.json","605","2026/07/13 17:01:59"
"C:\Users\81805\toto-edge-git\ml\player_engine\data\raw\matches\metadata\match_30322.json","605","2026/07/13 17:02:01"
"C:\Users\81805\toto-edge-git\ml\player_engine\data\raw\matches\metadata\match_30323.json","605","2026/07/13 17:02:04"
"C:\Users\81805\toto-edge-git\ml\player_engine\data\raw\matches\metadata\match_30324.json","605","2026/07/13 17:02:06"
"C:\Users\81805\toto-edge-git\ml\player_engine\data\raw\matches\metadata\match_30325.json","605","2026/07/13 17:02:08"
"C:\Users\81805\toto-edge-git\ml\player_engine\data\raw\matches\metadata\match_30326.json","605","2026/07/13 17:02:10"
"C:\Users\81805\toto-edge-git\ml\player_engine\data\raw\matches\metadata\match_30327.json","605","2026/07/13 17:02:12"
"C:\Users\81805\toto-edge-git\ml\player_engine\data\raw\matches\metadata\match_30328.json","605","2026/07/13 17:02:14"
"C:\Users\81805\toto-edge-git\ml\player_engine\data\raw\matches\metadata\match_30329.json","605","2026/07/13 17:02:16"
"C:\Users\81805\toto-edge-git\ml\player_engine\data\raw\matches\metadata\match_30330.json","605","2026/07/13 17:02:19"
"C:\Users\81805\toto-edge-git\ml\player_engine\data\raw\matches\metadata\match_30331.json","605","2026/07/13 17:02:21"
"C:\Users\81805\toto-edge-git\ml\player_engine\data\raw\matches\metadata\match_30332.json","605","2026/07/13 17:02:23"
"C:\Users\81805\toto-edge-git\ml\player_engine\data\raw\matches\metadata\match_30333.json","605","2026/07/13 17:02:25"
"C:\Users\81805\toto-edge-git\ml\player_engine\data\raw\matches\metadata\match_30334.json","605","2026/07/13 17:02:27"
"C:\Users\81805\toto-edge-git\ml\player_engine\data\raw\matches\metadata\match_30335.json","605","2026/07/13 17:02:29"
"C:\Users\81805\toto-edge-git\ml\player_engine\data\raw\matches\metadata\match_30336.json","605","2026/07/13 17:02:31"
"C:\Users\81805\toto-edge-git\ml\player_engine\data\raw\matches\metadata\match_30337.json","605","2026/07/13 17:02:34"
"C:\Users\81805\toto-edge-git\ml\player_engine\data\raw\matches\metadata\match_30338.json","605","2026/07/13 17:02:36"
"C:\Users\81805\toto-edge-git\ml\player_engine\data\raw\matches\metadata\match_30339.json","605","2026/07/13 17:02:38"
"C:\Users\81805\toto-edge-git\ml\player_engine\data\raw\matches\metadata\match_30340.json","605","2026/07/13 17:02:40"
"C:\Users\81805\toto-edge-git\ml\player_engine\data\raw\matches\metadata\match_30341.json","605","2026/07/13 17:02:42"
"C:\Users\81805\toto-edge-git\ml\player_engine\data\raw\matches\metadata\match_30342.json","605","2026/07/13 17:02:44"
"C:\Users\81805\toto-edge-git\ml\player_engine\data\raw\matches\metadata\match_30343.json","605","2026/07/13 17:02:46"
"C:\Users\81805\toto-edge-git\ml\player_engine\data\raw\matches\metadata\match_30344.json","605","2026/07/13 17:02:49"
"C:\Users\81805\toto-edge-git\ml\player_engine\data\raw\matches\metadata\match_30345.json","605","2026/07/13 17:02:51"
"C:\Users\81805\toto-edge-git\ml\player_engine\data\raw\matches\metadata\match_30346.json","605","2026/07/13 17:02:53"
"C:\Users\81805\toto-edge-git\ml\player_engine\data\raw\matches\metadata\match_30347.json","605","2026/07/13 17:02:55"
"C:\Users\81805\toto-edge-git\ml\player_engine\data\raw\matches\metadata\match_30348.json","605","2026/07/13 17:02:57"
"C:\Users\81805\toto-edge-git\ml\player_engine\data\raw\matches\metadata\match_30349.json","605","2026/07/13 17:02:59"
"C:\Users\81805\toto-edge-git\ml\player_engine\data\raw\matches\metadata\match_30350.json","605","2026/07/13 17:03:02"
"C:\Users\81805\toto-edge-git\ml\player_engine\data\raw\matches\metadata\match_30351.json","605","2026/07/13 17:03:04"
"C:\Users\81805\toto-edge-git\ml\player_engine\data\raw\matches\metadata\match_30352.json","605","2026/07/13 17:03:06"
"C:\Users\81805\toto-edge-git\ml\player_engine\data\raw\matches\metadata\match_30353.json","605","2026/07/13 17:03:08"
"C:\Users\81805\toto-edge-git\ml\player_engine\data\raw\matches\metadata\match_30354.json","605","2026/07/13 17:03:10"
"C:\Users\81805\toto-edge-git\ml\player_engine\data\raw\matches\metadata\match_30355.json","605","2026/07/13 17:03:12"
"C:\Users\81805\toto-edge-git\ml\player_engine\data\raw\matches\metadata\match_30356.json","605","2026/07/13 17:03:14"
"C:\Users\81805\toto-edge-git\ml\player_engine\data\raw\matches\metadata\match_30357.json","605","2026/07/13 17:03:16"
"C:\Users\81805\toto-edge-git\ml\player_engine\data\raw\matches\metadata\match_30358.json","605","2026/07/13 17:03:18"
"C:\Users\81805\toto-edge-git\ml\player_engine\data\raw\matches\metadata\match_30359.json","605","2026/07/13 17:03:20"
"C:\Users\81805\toto-edge-git\ml\player_engine\data\raw\matches\metadata\match_30360.json","605","2026/07/13 17:03:23"
"C:\Users\81805\toto-edge-git\ml\player_engine\data\raw\matches\metadata\match_30361.json","605","2026/07/13 17:03:25"
"C:\Users\81805\toto-edge-git\ml\player_engine\data\raw\matches\metadata\match_30362.json","605","2026/07/13 17:03:27"
"C:\Users\81805\toto-edge-git\ml\player_engine\data\raw\matches\metadata\match_30363.json","605","2026/07/13 17:03:29"
"C:\Users\81805\toto-edge-git\ml\player_engine\data\raw\matches\metadata\match_30364.json","605","2026/07/13 17:03:31"
"C:\Users\81805\toto-edge-git\ml\player_engine\data\raw\matches\metadata\match_30365.json","605","2026/07/13 17:03:33"
"C:\Users\81805\toto-edge-git\ml\player_engine\data\raw\matches\metadata\match_30366.json","605","2026/07/13 17:03:35"
"C:\Users\81805\toto-edge-git\ml\player_engine\data\raw\matches\metadata\match_30367.json","605","2026/07/13 17:03:38"
"C:\Users\81805\toto-edge-git\ml\player_engine\data\raw\matches\metadata\match_30368.json","605","2026/07/13 17:03:40"
"C:\Users\81805\toto-edge-git\ml\player_engine\data\raw\matches\metadata\match_30369.json","605","2026/07/13 17:03:42"
"C:\Users\81805\toto-edge-git\ml\player_engine\data\raw\matches\metadata\match_30370.json","605","2026/07/13 17:03:44"
"C:\Users\81805\toto-edge-git\ml\player_engine\data\raw\matches\metadata\match_30371.json","605","2026/07/13 17:03:46"
"C:\Users\81805\toto-edge-git\ml\player_engine\data\raw\matches\metadata\match_30372.json","605","2026/07/13 17:03:48"
"C:\Users\81805\toto-edge-git\ml\player_engine\data\raw\matches\metadata\match_30373.json","605","2026/07/13 17:03:50"
"C:\Users\81805\toto-edge-git\ml\player_engine\data\raw\matches\metadata\match_30374.json","605","2026/07/13 17:03:52"
"C:\Users\81805\toto-edge-git\ml\player_engine\data\raw\matches\metadata\match_30375.json","605","2026/07/13 17:03:55"
"C:\Users\81805\toto-edge-git\ml\player_engine\data\raw\matches\metadata\match_30376.json","605","2026/07/13 17:03:57"
"C:\Users\81805\toto-edge-git\ml\player_engine\data\raw\matches\metadata\match_30377.json","605","2026/07/13 17:03:59"
"C:\Users\81805\toto-edge-git\ml\player_engine\data\raw\matches\metadata\match_30378.json","605","2026/07/13 17:04:01"
"C:\Users\81805\toto-edge-git\ml\player_engine\data\raw\matches\metadata\match_30379.json","605","2026/07/13 17:04:03"
"C:\Users\81805\toto-edge-git\ml\player_engine\data\raw\matches\metadata\match_30380.json","605","2026/07/13 17:04:05"
"C:\Users\81805\toto-edge-git\ml\player_engine\data\raw\matches\metadata\match_30381.json","605","2026/07/13 17:04:07"
"C:\Users\81805\toto-edge-git\ml\player_engine\data\raw\matches\metadata\match_30382.json","605","2026/07/13 17:04:10"
"C:\Users\81805\toto-edge-git\ml\player_engine\data\raw\matches\metadata\match_30383.json","605","2026/07/13 17:04:12"
"C:\Users\81805\toto-edge-git\ml\player_engine\data\raw\matches\metadata\match_30384.json","605","2026/07/13 17:04:14"
"C:\Users\81805\toto-edge-git\ml\player_engine\data\raw\matches\metadata\match_30385.json","605","2026/07/13 17:04:16"
"C:\Users\81805\toto-edge-git\ml\player_engine\data\raw\matches\metadata\match_30386.json","605","2026/07/13 17:04:18"
"C:\Users\81805\toto-edge-git\ml\player_engine\data\raw\matches\metadata\match_30387.json","605","2026/07/13 17:04:20"
"C:\Users\81805\toto-edge-git\ml\player_engine\data\raw\matches\metadata\match_30388.json","605","2026/07/13 17:04:22"
"C:\Users\81805\toto-edge-git\ml\player_engine\data\raw\matches\metadata\match_30389.json","605","2026/07/13 17:04:24"
"C:\Users\81805\toto-edge-git\ml\player_engine\data\raw\matches\metadata\match_30390.json","605","2026/07/13 17:04:26"
"C:\Users\81805\toto-edge-git\ml\player_engine\data\raw\matches\metadata\match_30391.json","605","2026/07/13 17:04:29"
"C:\Users\81805\toto-edge-git\ml\player_engine\data\raw\matches\metadata\match_30392.json","605","2026/07/13 17:04:31"
"C:\Users\81805\toto-edge-git\ml\player_engine\data\raw\matches\metadata\match_30393.json","605","2026/07/13 17:04:33"
"C:\Users\81805\toto-edge-git\ml\player_engine\data\raw\matches\metadata\match_30394.json","605","2026/07/13 17:04:35"
"C:\Users\81805\toto-edge-git\ml\player_engine\data\raw\matches\metadata\match_30395.json","605","2026/07/13 17:04:37"
"C:\Users\81805\toto-edge-git\ml\player_engine\data\raw\matches\metadata\match_30396.json","605","2026/07/13 17:04:39"
"C:\Users\81805\toto-edge-git\ml\player_engine\data\raw\matches\metadata\match_30397.json","605","2026/07/13 17:04:41"
"C:\Users\81805\toto-edge-git\ml\player_engine\data\raw\matches\metadata\match_30398.json","605","2026/07/13 17:04:44"
"C:\Users\81805\toto-edge-git\ml\player_engine\data\raw\matches\metadata\match_30399.json","605","2026/07/13 17:04:46"
"C:\Users\81805\toto-edge-git\ml\player_engine\data\raw\matches\metadata\match_30400.json","605","2026/07/13 17:04:48"
"C:\Users\81805\toto-edge-git\ml\player_engine\data\raw\matches\metadata\match_30401.json","605","2026/07/13 17:04:50"
"C:\Users\81805\toto-edge-git\ml\player_engine\data\raw\matches\metadata\match_30402.json","605","2026/07/13 17:04:52"
"C:\Users\81805\toto-edge-git\ml\player_engine\data\raw\matches\metadata\match_30403.json","605","2026/07/13 17:04:54"
"C:\Users\81805\toto-edge-git\ml\player_engine\data\raw\matches\metadata\match_30404.json","605","2026/07/13 17:04:56"
"C:\Users\81805\toto-edge-git\ml\player_engine\data\raw\matches\metadata\match_30405.json","605","2026/07/13 17:04:59"
"C:\Users\81805\toto-edge-git\ml\player_engine\data\raw\matches\metadata\match_30406.json","605","2026/07/13 17:05:01"
"C:\Users\81805\toto-edge-git\ml\player_engine\data\raw\matches\metadata\match_30407.json","605","2026/07/13 17:05:03"
"C:\Users\81805\toto-edge-git\ml\player_engine\data\raw\matches\metadata\match_30408.json","605","2026/07/13 17:05:05"
"C:\Users\81805\toto-edge-git\ml\player_engine\data\raw\matches\metadata\match_30409.json","605","2026/07/13 17:05:07"
"C:\Users\81805\toto-edge-git\ml\player_engine\data\raw\matches\metadata\match_30410.json","605","2026/07/13 17:05:09"
"C:\Users\81805\toto-edge-git\ml\player_engine\data\raw\matches\metadata\match_30411.json","605","2026/07/13 17:05:11"
"C:\Users\81805\toto-edge-git\ml\player_engine\data\raw\matches\metadata\match_30412.json","605","2026/07/13 17:05:13"
"C:\Users\81805\toto-edge-git\ml\player_engine\data\raw\matches\metadata\match_30413.json","605","2026/07/13 17:05:16"
"C:\Users\81805\toto-edge-git\ml\player_engine\data\raw\matches\metadata\match_30414.json","605","2026/07/13 17:05:18"
"C:\Users\81805\toto-edge-git\ml\player_engine\data\raw\matches\metadata\match_30415.json","605","2026/07/13 17:05:20"
"C:\Users\81805\toto-edge-git\ml\player_engine\data\raw\matches\metadata\match_30416.json","605","2026/07/13 17:05:22"
"C:\Users\81805\toto-edge-git\ml\player_engine\data\raw\matches\metadata\match_30417.json","605","2026/07/13 17:05:24"
"C:\Users\81805\toto-edge-git\ml\player_engine\data\raw\matches\metadata\match_30418.json","605","2026/07/13 17:05:26"
"C:\Users\81805\toto-edge-git\ml\player_engine\data\raw\matches\metadata\match_30419.json","605","2026/07/13 17:05:28"
"C:\Users\81805\toto-edge-git\ml\player_engine\data\raw\matches\metadata\match_30420.json","605","2026/07/13 17:05:31"
"C:\Users\81805\toto-edge-git\ml\player_engine\data\raw\matches\metadata\match_30421.json","605","2026/07/13 17:05:33"
"C:\Users\81805\toto-edge-git\ml\player_engine\data\raw\matches\metadata\match_30422.json","605","2026/07/13 17:05:35"
"C:\Users\81805\toto-edge-git\ml\player_engine\data\raw\matches\metadata\match_30423.json","605","2026/07/13 17:05:37"
"C:\Users\81805\toto-edge-git\ml\player_engine\data\raw\matches\metadata\match_30424.json","605","2026/07/13 17:05:39"
"C:\Users\81805\toto-edge-git\ml\player_engine\data\raw\matches\metadata\match_30425.json","605","2026/07/13 17:05:41"
"C:\Users\81805\toto-edge-git\ml\player_engine\data\raw\matches\metadata\match_30426.json","605","2026/07/13 17:05:43"
"C:\Users\81805\toto-edge-git\ml\player_engine\data\raw\matches\metadata\match_30427.json","605","2026/07/13 17:05:45"
"C:\Users\81805\toto-edge-git\ml\player_engine\data\raw\matches\metadata\match_30428.json","605","2026/07/13 17:05:48"
"C:\Users\81805\toto-edge-git\ml\player_engine\data\raw\matches\metadata\match_30429.json","605","2026/07/13 17:05:50"
"C:\Users\81805\toto-edge-git\ml\player_engine\data\raw\matches\metadata\match_30430.json","605","2026/07/13 9:39:38"
"C:\Users\81805\toto-edge-git\ml\player_engine\data\raw\matches\metadata\match_30431.json","605","2026/07/13 9:39:40"
"C:\Users\81805\toto-edge-git\ml\player_engine\data\raw\matches\metadata\match_30432.json","605","2026/07/13 9:39:42"
"C:\Users\81805\toto-edge-git\ml\player_engine\data\raw\matches\metadata\match_30433.json","605","2026/07/13 9:39:44"
"C:\Users\81805\toto-edge-git\ml\player_engine\data\raw\matches\metadata\match_30434.json","605","2026/07/13 9:39:46"
"C:\Users\81805\toto-edge-git\ml\player_engine\data\raw\matches\metadata\match_30435.json","605","2026/07/13 9:39:48"
"C:\Users\81805\toto-edge-git\ml\player_engine\data\raw\matches\metadata\match_30436.json","605","2026/07/13 9:39:51"
"C:\Users\81805\toto-edge-git\ml\player_engine\data\raw\matches\metadata\match_30437.json","605","2026/07/13 9:39:53"
"C:\Users\81805\toto-edge-git\ml\player_engine\data\raw\matches\metadata\match_30438.json","605","2026/07/13 9:39:55"
"C:\Users\81805\toto-edge-git\ml\player_engine\data\raw\matches\metadata\match_30439.json","605","2026/07/13 9:39:57"
"C:\Users\81805\toto-edge-git\ml\player_engine\data\raw\matches\metadata\match_30440.json","605","2026/07/13 9:39:59"
"C:\Users\81805\toto-edge-git\ml\player_engine\data\raw\matches\metadata\match_30441.json","605","2026/07/13 9:40:01"
"C:\Users\81805\toto-edge-git\ml\player_engine\data\raw\matches\metadata\match_30442.json","605","2026/07/13 9:40:03"
"C:\Users\81805\toto-edge-git\ml\player_engine\data\raw\matches\metadata\match_30443.json","605","2026/07/13 9:40:06"
"C:\Users\81805\toto-edge-git\ml\player_engine\data\raw\matches\metadata\match_30444.json","605","2026/07/13 9:40:08"
"C:\Users\81805\toto-edge-git\ml\player_engine\data\raw\matches\metadata\match_30445.json","605","2026/07/13 9:40:10"
"C:\Users\81805\toto-edge-git\ml\player_engine\data\raw\matches\metadata\match_30446.json","605","2026/07/13 9:40:12"
"C:\Users\81805\toto-edge-git\ml\player_engine\data\raw\matches\metadata\match_30447.json","605","2026/07/13 9:40:14"
"C:\Users\81805\toto-edge-git\ml\player_engine\data\raw\matches\metadata\match_30448.json","605","2026/07/13 9:40:16"
"C:\Users\81805\toto-edge-git\ml\player_engine\data\raw\matches\metadata\match_30449.json","605","2026/07/13 9:40:18"
"C:\Users\81805\toto-edge-git\ml\player_engine\data\raw\matches\metadata\match_30450.json","605","2026/07/13 9:40:20"
"C:\Users\81805\toto-edge-git\ml\player_engine\data\raw\matches\metadata\match_30451.json","605","2026/07/13 9:40:23"
"C:\Users\81805\toto-edge-git\ml\player_engine\data\raw\matches\metadata\match_30452.json","605","2026/07/13 9:40:25"
"C:\Users\81805\toto-edge-git\ml\player_engine\data\raw\matches\metadata\match_30453.json","605","2026/07/13 9:40:27"
"C:\Users\81805\toto-edge-git\ml\player_engine\data\raw\matches\metadata\match_30454.json","605","2026/07/13 9:40:29"
"C:\Users\81805\toto-edge-git\ml\player_engine\data\raw\matches\metadata\match_30455.json","605","2026/07/13 9:40:31"
"C:\Users\81805\toto-edge-git\ml\player_engine\data\raw\matches\metadata\match_30456.json","605","2026/07/13 9:40:33"
"C:\Users\81805\toto-edge-git\ml\player_engine\data\raw\matches\metadata\match_30457.json","605","2026/07/13 9:40:35"
"C:\Users\81805\toto-edge-git\ml\player_engine\data\raw\matches\metadata\match_30458.json","605","2026/07/13 9:40:37"
"C:\Users\81805\toto-edge-git\ml\player_engine\data\raw\matches\metadata\match_30459.json","605","2026/07/13 9:40:40"
"C:\Users\81805\toto-edge-git\ml\player_engine\data\raw\matches\metadata\match_30460.json","605","2026/07/13 9:40:42"
"C:\Users\81805\toto-edge-git\ml\player_engine\data\raw\matches\metadata\match_30461.json","605","2026/07/13 9:40:44"
"C:\Users\81805\toto-edge-git\ml\player_engine\data\raw\matches\metadata\match_30462.json","605","2026/07/13 9:40:46"
"C:\Users\81805\toto-edge-git\ml\player_engine\data\raw\matches\metadata\match_30463.json","605","2026/07/13 9:40:48"
"C:\Users\81805\toto-edge-git\ml\player_engine\data\raw\matches\metadata\match_30464.json","605","2026/07/13 9:40:50"
"C:\Users\81805\toto-edge-git\ml\player_engine\data\raw\matches\metadata\match_30465.json","605","2026/07/13 9:40:53"
"C:\Users\81805\toto-edge-git\ml\player_engine\data\raw\matches\metadata\match_30466.json","605","2026/07/13 9:40:55"
"C:\Users\81805\toto-edge-git\ml\player_engine\data\raw\matches\metadata\match_30467.json","605","2026/07/13 9:40:57"
"C:\Users\81805\toto-edge-git\ml\player_engine\data\raw\matches\metadata\match_30468.json","605","2026/07/13 9:40:59"
"C:\Users\81805\toto-edge-git\ml\player_engine\data\raw\matches\metadata\match_30469.json","605","2026/07/13 9:41:01"
"C:\Users\81805\toto-edge-git\ml\player_engine\data\raw\matches\metadata\match_30470.json","605","2026/07/13 9:41:03"
"C:\Users\81805\toto-edge-git\ml\player_engine\data\raw\matches\metadata\match_30471.json","605","2026/07/13 9:41:05"
"C:\Users\81805\toto-edge-git\ml\player_engine\data\raw\matches\metadata\match_30472.json","605","2026/07/13 9:41:08"
"C:\Users\81805\toto-edge-git\ml\player_engine\data\raw\matches\metadata\match_30473.json","605","2026/07/13 9:41:10"
"C:\Users\81805\toto-edge-git\ml\player_engine\data\raw\matches\metadata\match_30474.json","605","2026/07/13 9:41:12"
"C:\Users\81805\toto-edge-git\ml\player_engine\data\raw\matches\metadata\match_30475.json","605","2026/07/13 9:41:14"
"C:\Users\81805\toto-edge-git\ml\player_engine\data\raw\matches\metadata\match_30476.json","605","2026/07/13 9:41:16"
"C:\Users\81805\toto-edge-git\ml\player_engine\data\raw\matches\metadata\match_30477.json","605","2026/07/13 9:41:18"
"C:\Users\81805\toto-edge-git\ml\player_engine\data\raw\matches\metadata\match_30478.json","605","2026/07/13 9:41:20"
"C:\Users\81805\toto-edge-git\ml\player_engine\data\raw\matches\metadata\match_30479.json","605","2026/07/13 9:41:23"
"C:\Users\81805\toto-edge-git\ml\player_engine\data\raw\matches\metadata\match_30480.json","605","2026/07/13 9:41:25"
"C:\Users\81805\toto-edge-git\ml\player_engine\data\raw\matches\metadata\match_30481.json","605","2026/07/13 9:41:27"
"C:\Users\81805\toto-edge-git\ml\player_engine\data\raw\matches\metadata\match_30482.json","605","2026/07/13 9:41:29"
"C:\Users\81805\toto-edge-git\ml\player_engine\data\raw\matches\metadata\match_30483.json","605","2026/07/13 9:41:31"
"C:\Users\81805\toto-edge-git\ml\player_engine\data\raw\matches\metadata\match_30484.json","605","2026/07/13 9:41:33"
"C:\Users\81805\toto-edge-git\ml\player_engine\data\raw\matches\metadata\match_30485.json","605","2026/07/13 9:41:35"
"C:\Users\81805\toto-edge-git\ml\player_engine\data\raw\matches\metadata\match_30486.json","605","2026/07/13 9:41:38"
"C:\Users\81805\toto-edge-git\ml\player_engine\data\raw\matches\metadata\match_30487.json","605","2026/07/13 9:41:40"
"C:\Users\81805\toto-edge-git\ml\player_engine\data\raw\matches\metadata\match_30488.json","605","2026/07/13 9:41:42"
"C:\Users\81805\toto-edge-git\ml\player_engine\data\raw\matches\metadata\match_30489.json","605","2026/07/13 9:41:44"
"C:\Users\81805\toto-edge-git\ml\player_engine\data\raw\matches\metadata\match_30490.json","605","2026/07/13 9:41:46"
"C:\Users\81805\toto-edge-git\ml\player_engine\data\raw\matches\metadata\match_30491.json","605","2026/07/13 9:41:48"
"C:\Users\81805\toto-edge-git\ml\player_engine\data\raw\matches\metadata\match_30492.json","605","2026/07/13 9:41:50"
"C:\Users\81805\toto-edge-git\ml\player_engine\data\raw\matches\metadata\match_30493.json","605","2026/07/13 9:41:53"
"C:\Users\81805\toto-edge-git\ml\player_engine\data\raw\matches\metadata\match_30494.json","605","2026/07/13 9:41:55"
"C:\Users\81805\toto-edge-git\ml\player_engine\data\raw\matches\metadata\match_30495.json","605","2026/07/13 9:41:57"
"C:\Users\81805\toto-edge-git\ml\player_engine\data\raw\matches\metadata\match_30496.json","605","2026/07/13 9:41:59"
"C:\Users\81805\toto-edge-git\ml\player_engine\data\raw\matches\metadata\match_30497.json","605","2026/07/13 9:42:01"
"C:\Users\81805\toto-edge-git\ml\player_engine\data\raw\matches\metadata\match_30498.json","605","2026/07/13 9:42:03"
"C:\Users\81805\toto-edge-git\ml\player_engine\data\raw\matches\metadata\match_30499.json","605","2026/07/13 9:42:05"
"C:\Users\81805\toto-edge-git\ml\player_engine\data\raw\matches\metadata\match_30500.json","605","2026/07/13 9:42:08"
"C:\Users\81805\toto-edge-git\ml\player_engine\data\raw\matches\metadata\match_30501.json","605","2026/07/13 9:42:10"
"C:\Users\81805\toto-edge-git\ml\player_engine\data\raw\matches\metadata\match_30502.json","605","2026/07/13 9:42:12"
"C:\Users\81805\toto-edge-git\ml\player_engine\data\raw\matches\metadata\match_30503.json","605","2026/07/13 9:42:14"
"C:\Users\81805\toto-edge-git\ml\player_engine\data\raw\matches\metadata\match_30504.json","605","2026/07/13 9:42:16"
"C:\Users\81805\toto-edge-git\ml\player_engine\data\raw\matches\metadata\match_30505.json","605","2026/07/13 9:42:18"
"C:\Users\81805\toto-edge-git\ml\player_engine\data\raw\matches\metadata\match_30506.json","605","2026/07/13 9:42:21"
"C:\Users\81805\toto-edge-git\ml\player_engine\data\raw\matches\metadata\match_30507.json","605","2026/07/13 9:42:23"
"C:\Users\81805\toto-edge-git\ml\player_engine\data\raw\matches\metadata\match_30508.json","605","2026/07/13 9:42:25"
"C:\Users\81805\toto-edge-git\ml\player_engine\data\raw\matches\metadata\match_30509.json","605","2026/07/13 9:42:27"
"C:\Users\81805\toto-edge-git\ml\player_engine\data\raw\matches\metadata\match_30510.json","605","2026/07/13 9:42:29"
"C:\Users\81805\toto-edge-git\ml\player_engine\data\raw\matches\metadata\match_30511.json","605","2026/07/13 9:42:31"
"C:\Users\81805\toto-edge-git\ml\player_engine\data\raw\matches\metadata\match_30512.json","605","2026/07/13 9:42:33"
"C:\Users\81805\toto-edge-git\ml\player_engine\data\raw\matches\metadata\match_30513.json","605","2026/07/13 9:42:35"
"C:\Users\81805\toto-edge-git\ml\player_engine\data\raw\matches\metadata\match_30514.json","605","2026/07/13 9:42:38"
"C:\Users\81805\toto-edge-git\ml\player_engine\data\raw\matches\metadata\match_30515.json","605","2026/07/13 9:42:40"
"C:\Users\81805\toto-edge-git\ml\player_engine\data\raw\matches\metadata\match_30516.json","605","2026/07/13 9:42:42"
"C:\Users\81805\toto-edge-git\ml\player_engine\data\raw\matches\metadata\match_30517.json","605","2026/07/13 9:42:44"
"C:\Users\81805\toto-edge-git\ml\player_engine\data\raw\matches\metadata\match_30518.json","605","2026/07/13 9:42:46"
"C:\Users\81805\toto-edge-git\ml\player_engine\data\raw\matches\metadata\match_30519.json","605","2026/07/13 9:42:48"
"C:\Users\81805\toto-edge-git\ml\player_engine\data\raw\matches\metadata\match_30520.json","605","2026/07/13 9:42:51"
"C:\Users\81805\toto-edge-git\ml\player_engine\data\raw\matches\metadata\match_30521.json","605","2026/07/13 9:42:53"
"C:\Users\81805\toto-edge-git\ml\player_engine\data\raw\matches\metadata\match_30522.json","605","2026/07/13 9:42:55"
"C:\Users\81805\toto-edge-git\ml\player_engine\data\raw\matches\metadata\match_30523.json","605","2026/07/13 9:42:57"
"C:\Users\81805\toto-edge-git\ml\player_engine\data\raw\matches\metadata\match_30524.json","605","2026/07/13 9:42:59"
"C:\Users\81805\toto-edge-git\ml\player_engine\data\raw\matches\metadata\match_30525.json","605","2026/07/13 9:43:01"
"C:\Users\81805\toto-edge-git\ml\player_engine\data\raw\matches\metadata\match_30526.json","605","2026/07/13 9:43:03"
"C:\Users\81805\toto-edge-git\ml\player_engine\data\raw\matches\metadata\match_30527.json","605","2026/07/13 9:43:06"
"C:\Users\81805\toto-edge-git\ml\player_engine\data\raw\matches\metadata\match_30528.json","605","2026/07/13 9:43:08"
"C:\Users\81805\toto-edge-git\ml\player_engine\data\raw\matches\metadata\match_30529.json","605","2026/07/13 9:43:10"
"C:\Users\81805\toto-edge-git\ml\player_engine\data\raw\matches\metadata\match_30530.json","605","2026/07/13 9:43:12"
"C:\Users\81805\toto-edge-git\ml\player_engine\data\raw\matches\metadata\match_30531.json","605","2026/07/13 9:43:14"
"C:\Users\81805\toto-edge-git\ml\player_engine\data\raw\matches\metadata\match_30532.json","605","2026/07/13 9:43:16"
"C:\Users\81805\toto-edge-git\ml\player_engine\data\raw\matches\metadata\match_30533.json","605","2026/07/13 9:43:18"
"C:\Users\81805\toto-edge-git\ml\player_engine\data\raw\matches\metadata\match_30534.json","605","2026/07/13 9:43:21"
"C:\Users\81805\toto-edge-git\ml\player_engine\data\raw\matches\metadata\match_30535.json","605","2026/07/13 9:43:23"
"C:\Users\81805\toto-edge-git\ml\player_engine\data\raw\matches\metadata\match_30536.json","605","2026/07/13 9:43:25"
"C:\Users\81805\toto-edge-git\ml\player_engine\data\raw\matches\metadata\match_30537.json","605","2026/07/13 9:43:27"
"C:\Users\81805\toto-edge-git\ml\player_engine\data\raw\matches\metadata\match_30538.json","605","2026/07/13 9:43:29"
"C:\Users\81805\toto-edge-git\ml\player_engine\data\raw\matches\metadata\match_30539.json","605","2026/07/13 9:43:31"
"C:\Users\81805\toto-edge-git\ml\player_engine\data\raw\matches\metadata\match_30540.json","605","2026/07/13 9:43:33"
"C:\Users\81805\toto-edge-git\ml\player_engine\data\raw\matches\metadata\match_30541.json","605","2026/07/13 9:43:36"
"C:\Users\81805\toto-edge-git\ml\player_engine\data\raw\matches\metadata\match_30542.json","605","2026/07/13 9:43:38"
"C:\Users\81805\toto-edge-git\ml\player_engine\data\raw\matches\metadata\match_30543.json","605","2026/07/13 9:43:40"
"C:\Users\81805\toto-edge-git\ml\player_engine\data\raw\matches\metadata\match_30544.json","605","2026/07/13 9:43:42"
"C:\Users\81805\toto-edge-git\ml\player_engine\data\raw\matches\metadata\match_30545.json","605","2026/07/13 9:43:44"
"C:\Users\81805\toto-edge-git\ml\player_engine\data\raw\matches\metadata\match_30546.json","605","2026/07/13 9:43:46"
"C:\Users\81805\toto-edge-git\ml\player_engine\data\raw\matches\metadata\match_30547.json","605","2026/07/13 9:43:48"
"C:\Users\81805\toto-edge-git\ml\player_engine\data\raw\matches\metadata\match_30548.json","605","2026/07/13 9:43:51"
"C:\Users\81805\toto-edge-git\ml\player_engine\data\raw\matches\metadata\match_30549.json","605","2026/07/13 9:43:53"
"C:\Users\81805\toto-edge-git\ml\player_engine\data\raw\matches\metadata\match_30550.json","605","2026/07/13 9:43:55"
"C:\Users\81805\toto-edge-git\ml\player_engine\data\raw\matches\metadata\match_30551.json","605","2026/07/13 9:43:57"
"C:\Users\81805\toto-edge-git\ml\player_engine\data\raw\matches\metadata\match_30552.json","605","2026/07/13 9:43:59"
"C:\Users\81805\toto-edge-git\ml\player_engine\data\raw\matches\metadata\match_30553.json","605","2026/07/13 9:44:01"
"C:\Users\81805\toto-edge-git\ml\player_engine\data\raw\matches\metadata\match_30554.json","605","2026/07/13 9:44:03"
"C:\Users\81805\toto-edge-git\ml\player_engine\data\raw\matches\metadata\match_30555.json","605","2026/07/13 9:44:05"
"C:\Users\81805\toto-edge-git\ml\player_engine\data\raw\matches\metadata\match_30556.json","605","2026/07/13 9:44:08"
"C:\Users\81805\toto-edge-git\ml\player_engine\data\raw\matches\metadata\match_30557.json","605","2026/07/13 9:44:10"
"C:\Users\81805\toto-edge-git\ml\player_engine\data\raw\matches\metadata\match_30558.json","605","2026/07/13 9:44:12"
"C:\Users\81805\toto-edge-git\ml\player_engine\data\raw\matches\metadata\match_30559.json","605","2026/07/13 9:44:14"
"C:\Users\81805\toto-edge-git\ml\player_engine\data\raw\matches\metadata\match_30560.json","605","2026/07/13 9:44:16"
"C:\Users\81805\toto-edge-git\ml\player_engine\data\raw\matches\metadata\match_30561.json","605","2026/07/13 9:44:18"
"C:\Users\81805\toto-edge-git\ml\player_engine\data\raw\matches\metadata\match_30562.json","605","2026/07/13 9:44:20"
"C:\Users\81805\toto-edge-git\ml\player_engine\data\raw\matches\metadata\match_30563.json","605","2026/07/13 9:44:22"
"C:\Users\81805\toto-edge-git\ml\player_engine\data\raw\matches\metadata\match_30564.json","605","2026/07/13 9:44:25"
"C:\Users\81805\toto-edge-git\ml\player_engine\data\raw\matches\metadata\match_30565.json","605","2026/07/13 9:44:27"
"C:\Users\81805\toto-edge-git\ml\player_engine\data\raw\matches\metadata\match_30566.json","605","2026/07/13 9:44:29"
"C:\Users\81805\toto-edge-git\ml\player_engine\data\raw\matches\metadata\match_30567.json","605","2026/07/13 9:44:31"
"C:\Users\81805\toto-edge-git\ml\player_engine\data\raw\matches\metadata\match_30568.json","605","2026/07/13 9:44:33"
"C:\Users\81805\toto-edge-git\ml\player_engine\data\raw\matches\metadata\match_30569.json","605","2026/07/13 9:44:35"
"C:\Users\81805\toto-edge-git\ml\player_engine\data\raw\matches\metadata\match_30570.json","605","2026/07/13 9:44:37"
"C:\Users\81805\toto-edge-git\ml\player_engine\data\raw\matches\metadata\match_30571.json","605","2026/07/13 9:44:40"
"C:\Users\81805\toto-edge-git\ml\player_engine\data\raw\matches\metadata\match_30572.json","605","2026/07/13 9:44:42"
"C:\Users\81805\toto-edge-git\ml\player_engine\data\raw\matches\metadata\match_30573.json","605","2026/07/13 9:44:44"
"C:\Users\81805\toto-edge-git\ml\player_engine\data\raw\matches\metadata\match_30574.json","605","2026/07/13 9:44:46"
"C:\Users\81805\toto-edge-git\ml\player_engine\data\raw\matches\metadata\match_30575.json","605","2026/07/13 9:44:48"
"C:\Users\81805\toto-edge-git\ml\player_engine\data\raw\matches\metadata\match_30576.json","605","2026/07/13 9:44:50"
"C:\Users\81805\toto-edge-git\ml\player_engine\data\raw\matches\metadata\match_30577.json","605","2026/07/13 9:44:52"
"C:\Users\81805\toto-edge-git\ml\player_engine\data\raw\matches\metadata\match_30578.json","605","2026/07/13 9:44:55"
"C:\Users\81805\toto-edge-git\ml\player_engine\data\raw\matches\metadata\match_30579.json","605","2026/07/13 9:44:57"
"C:\Users\81805\toto-edge-git\ml\player_engine\data\raw\matches\metadata\match_30580.json","605","2026/07/13 9:44:59"
"C:\Users\81805\toto-edge-git\ml\player_engine\data\raw\matches\metadata\match_30581.json","605","2026/07/13 9:45:01"
"C:\Users\81805\toto-edge-git\ml\player_engine\data\raw\matches\metadata\match_30582.json","605","2026/07/13 9:45:03"
"C:\Users\81805\toto-edge-git\ml\player_engine\data\raw\matches\metadata\match_30583.json","605","2026/07/13 9:45:05"
"C:\Users\81805\toto-edge-git\ml\player_engine\data\raw\matches\metadata\match_30584.json","605","2026/07/13 9:45:07"
"C:\Users\81805\toto-edge-git\ml\player_engine\data\raw\matches\metadata\match_30585.json","605","2026/07/13 9:45:10"
"C:\Users\81805\toto-edge-git\ml\player_engine\data\raw\matches\metadata\match_30586.json","605","2026/07/13 9:45:12"
"C:\Users\81805\toto-edge-git\ml\player_engine\data\raw\matches\metadata\match_30587.json","605","2026/07/13 9:45:14"
"C:\Users\81805\toto-edge-git\ml\player_engine\data\raw\matches\metadata\match_30588.json","605","2026/07/13 9:45:16"
"C:\Users\81805\toto-edge-git\ml\player_engine\data\raw\matches\metadata\match_30589.json","605","2026/07/13 9:45:18"
"C:\Users\81805\toto-edge-git\ml\player_engine\data\raw\matches\metadata\match_30590.json","605","2026/07/13 9:45:20"
"C:\Users\81805\toto-edge-git\ml\player_engine\data\raw\matches\metadata\match_30591.json","605","2026/07/13 9:45:22"
"C:\Users\81805\toto-edge-git\ml\player_engine\data\raw\matches\metadata\match_30592.json","605","2026/07/13 9:45:25"
"C:\Users\81805\toto-edge-git\ml\player_engine\data\raw\matches\metadata\match_30593.json","605","2026/07/13 9:45:27"
"C:\Users\81805\toto-edge-git\ml\player_engine\data\raw\matches\metadata\match_30594.json","605","2026/07/13 9:45:29"
"C:\Users\81805\toto-edge-git\ml\player_engine\data\raw\matches\metadata\match_30595.json","605","2026/07/13 9:45:31"
"C:\Users\81805\toto-edge-git\ml\player_engine\data\raw\matches\metadata\match_30596.json","605","2026/07/13 9:45:33"
"C:\Users\81805\toto-edge-git\ml\player_engine\data\raw\matches\metadata\match_30597.json","605","2026/07/13 9:45:35"
"C:\Users\81805\toto-edge-git\ml\player_engine\data\raw\matches\metadata\match_30598.json","605","2026/07/13 9:45:37"
"C:\Users\81805\toto-edge-git\ml\player_engine\data\raw\matches\metadata\match_30599.json","605","2026/07/13 9:45:40"
"C:\Users\81805\toto-edge-git\ml\player_engine\data\raw\matches\metadata\match_30600.json","605","2026/07/13 9:45:42"
"C:\Users\81805\toto-edge-git\ml\player_engine\data\raw\matches\metadata\match_30601.json","605","2026/07/13 9:45:44"
"C:\Users\81805\toto-edge-git\ml\player_engine\data\raw\matches\metadata\match_30602.json","605","2026/07/13 9:45:46"
"C:\Users\81805\toto-edge-git\ml\player_engine\data\raw\matches\metadata\match_30603.json","605","2026/07/13 9:45:48"
"C:\Users\81805\toto-edge-git\ml\player_engine\data\raw\matches\metadata\match_30604.json","605","2026/07/13 9:45:50"
"C:\Users\81805\toto-edge-git\ml\player_engine\data\raw\matches\metadata\match_30605.json","605","2026/07/13 9:45:52"
"C:\Users\81805\toto-edge-git\ml\player_engine\data\raw\matches\metadata\match_30606.json","605","2026/07/13 9:45:55"
"C:\Users\81805\toto-edge-git\ml\player_engine\data\raw\matches\metadata\match_30607.json","605","2026/07/13 9:45:57"
"C:\Users\81805\toto-edge-git\ml\player_engine\data\raw\matches\metadata\match_30608.json","605","2026/07/13 9:45:59"
"C:\Users\81805\toto-edge-git\ml\player_engine\data\raw\matches\metadata\match_30609.json","605","2026/07/13 9:46:01"
"C:\Users\81805\toto-edge-git\ml\player_engine\data\raw\matches\metadata\match_30610.json","605","2026/07/13 9:46:03"
"C:\Users\81805\toto-edge-git\ml\player_engine\data\raw\matches\metadata\match_30611.json","605","2026/07/13 9:46:05"
"C:\Users\81805\toto-edge-git\ml\player_engine\data\raw\matches\metadata\match_30612.json","605","2026/07/13 9:46:07"
"C:\Users\81805\toto-edge-git\ml\player_engine\data\raw\matches\metadata\match_30613.json","605","2026/07/13 9:46:09"
"C:\Users\81805\toto-edge-git\ml\player_engine\data\raw\matches\metadata\match_30614.json","605","2026/07/13 9:46:12"
"C:\Users\81805\toto-edge-git\ml\player_engine\data\raw\matches\metadata\match_30615.json","605","2026/07/13 9:46:14"
"C:\Users\81805\toto-edge-git\ml\player_engine\data\raw\matches\metadata\match_30616.json","605","2026/07/13 9:46:16"
"C:\Users\81805\toto-edge-git\ml\player_engine\data\raw\matches\metadata\match_30617.json","605","2026/07/13 9:46:18"
"C:\Users\81805\toto-edge-git\ml\player_engine\data\raw\matches\metadata\match_30618.json","605","2026/07/13 9:46:20"
"C:\Users\81805\toto-edge-git\ml\player_engine\data\raw\matches\metadata\match_30619.json","605","2026/07/13 9:46:22"
"C:\Users\81805\toto-edge-git\ml\player_engine\data\raw\matches\metadata\match_30620.json","605","2026/07/13 9:46:24"
"C:\Users\81805\toto-edge-git\ml\player_engine\data\raw\matches\metadata\match_30621.json","605","2026/07/13 9:46:27"
"C:\Users\81805\toto-edge-git\ml\player_engine\data\raw\matches\metadata\match_30622.json","605","2026/07/13 9:46:29"
"C:\Users\81805\toto-edge-git\ml\player_engine\data\raw\matches\metadata\match_30623.json","605","2026/07/13 9:46:31"
"C:\Users\81805\toto-edge-git\ml\player_engine\data\raw\matches\metadata\match_30624.json","605","2026/07/13 9:46:33"
"C:\Users\81805\toto-edge-git\ml\player_engine\data\raw\matches\metadata\match_30625.json","605","2026/07/13 9:46:35"
"C:\Users\81805\toto-edge-git\ml\player_engine\data\raw\matches\metadata\match_30626.json","605","2026/07/13 9:46:37"
"C:\Users\81805\toto-edge-git\ml\player_engine\data\raw\matches\metadata\match_30627.json","605","2026/07/13 9:46:39"
"C:\Users\81805\toto-edge-git\ml\player_engine\data\raw\matches\metadata\match_30628.json","605","2026/07/13 9:46:42"
"C:\Users\81805\toto-edge-git\ml\player_engine\data\raw\matches\metadata\match_30629.json","605","2026/07/13 9:46:44"
"C:\Users\81805\toto-edge-git\ml\player_engine\data\raw\matches\metadata\match_30630.json","605","2026/07/13 9:46:46"
"C:\Users\81805\toto-edge-git\ml\player_engine\data\raw\matches\metadata\match_30631.json","605","2026/07/13 9:46:48"
"C:\Users\81805\toto-edge-git\ml\player_engine\data\raw\matches\metadata\match_30632.json","605","2026/07/13 9:46:50"
"C:\Users\81805\toto-edge-git\ml\player_engine\data\raw\matches\metadata\match_30633.json","605","2026/07/13 9:47:07"
"C:\Users\81805\toto-edge-git\ml\player_engine\data\raw\matches\metadata\match_30634.json","605","2026/07/13 9:47:07"
"C:\Users\81805\toto-edge-git\ml\player_engine\data\raw\matches\metadata\match_30635.json","605","2026/07/13 9:47:09"
"C:\Users\81805\toto-edge-git\ml\player_engine\data\raw\matches\metadata\match_30636.json","605","2026/07/13 9:47:11"
"C:\Users\81805\toto-edge-git\ml\player_engine\data\raw\matches\metadata\match_30637.json","605","2026/07/13 9:47:13"
"C:\Users\81805\toto-edge-git\ml\player_engine\data\raw\matches\metadata\match_30638.json","605","2026/07/13 9:47:15"
"C:\Users\81805\toto-edge-git\ml\player_engine\data\raw\matches\metadata\match_30639.json","605","2026/07/13 9:47:17"
"C:\Users\81805\toto-edge-git\ml\player_engine\data\raw\matches\metadata\match_30640.json","605","2026/07/13 9:47:20"
"C:\Users\81805\toto-edge-git\ml\player_engine\data\raw\matches\metadata\match_30641.json","605","2026/07/13 9:47:22"
"C:\Users\81805\toto-edge-git\ml\player_engine\data\raw\matches\metadata\match_30642.json","605","2026/07/13 9:47:24"
"C:\Users\81805\toto-edge-git\ml\player_engine\data\raw\matches\metadata\match_30643.json","605","2026/07/13 9:47:26"
"C:\Users\81805\toto-edge-git\ml\player_engine\data\raw\matches\metadata\match_30644.json","605","2026/07/13 9:47:28"
"C:\Users\81805\toto-edge-git\ml\player_engine\data\raw\matches\metadata\match_30645.json","605","2026/07/13 9:47:30"
"C:\Users\81805\toto-edge-git\ml\player_engine\data\raw\matches\metadata\match_30646.json","605","2026/07/13 9:47:32"
"C:\Users\81805\toto-edge-git\ml\player_engine\data\raw\matches\metadata\match_30647.json","605","2026/07/13 9:47:34"
"C:\Users\81805\toto-edge-git\ml\player_engine\data\raw\matches\metadata\match_30648.json","605","2026/07/13 9:47:37"
"C:\Users\81805\toto-edge-git\ml\player_engine\data\raw\matches\metadata\match_30649.json","605","2026/07/13 9:47:39"
"C:\Users\81805\toto-edge-git\ml\player_engine\data\raw\matches\metadata\match_30650.json","605","2026/07/13 9:47:41"
"C:\Users\81805\toto-edge-git\ml\player_engine\data\raw\matches\metadata\match_30651.json","605","2026/07/13 9:47:43"
"C:\Users\81805\toto-edge-git\ml\player_engine\data\raw\matches\metadata\match_30652.json","605","2026/07/13 9:47:45"
"C:\Users\81805\toto-edge-git\ml\player_engine\data\raw\matches\metadata\match_30653.json","605","2026/07/13 9:47:47"
"C:\Users\81805\toto-edge-git\ml\player_engine\data\raw\matches\metadata\match_30654.json","605","2026/07/13 9:47:50"
"C:\Users\81805\toto-edge-git\ml\player_engine\data\raw\matches\metadata\match_30655.json","605","2026/07/13 9:47:52"
"C:\Users\81805\toto-edge-git\ml\player_engine\data\raw\matches\metadata\match_30656.json","605","2026/07/13 9:47:54"
"C:\Users\81805\toto-edge-git\ml\player_engine\data\raw\matches\metadata\match_30657.json","605","2026/07/13 9:47:56"
"C:\Users\81805\toto-edge-git\ml\player_engine\data\raw\matches\metadata\match_30658.json","605","2026/07/13 9:47:58"
"C:\Users\81805\toto-edge-git\ml\player_engine\data\raw\matches\metadata\match_30659.json","605","2026/07/13 9:48:00"
"C:\Users\81805\toto-edge-git\ml\player_engine\data\raw\matches\metadata\match_30660.json","605","2026/07/13 9:48:02"
"C:\Users\81805\toto-edge-git\ml\player_engine\data\raw\matches\metadata\match_30661.json","605","2026/07/13 9:48:04"
"C:\Users\81805\toto-edge-git\ml\player_engine\data\raw\matches\metadata\match_30662.json","605","2026/07/13 9:48:07"
"C:\Users\81805\toto-edge-git\ml\player_engine\data\raw\matches\metadata\match_30663.json","605","2026/07/13 9:48:09"
"C:\Users\81805\toto-edge-git\ml\player_engine\data\raw\matches\metadata\match_30664.json","605","2026/07/13 9:48:11"
"C:\Users\81805\toto-edge-git\ml\player_engine\data\raw\matches\metadata\match_30665.json","605","2026/07/13 9:48:13"
"C:\Users\81805\toto-edge-git\ml\player_engine\data\raw\matches\metadata\match_30666.json","605","2026/07/13 9:48:15"
"C:\Users\81805\toto-edge-git\ml\player_engine\data\raw\matches\metadata\match_30667.json","605","2026/07/13 9:48:17"
"C:\Users\81805\toto-edge-git\ml\player_engine\data\raw\matches\metadata\match_30668.json","605","2026/07/13 9:48:19"
"C:\Users\81805\toto-edge-git\ml\player_engine\data\raw\matches\metadata\match_30669.json","605","2026/07/13 9:48:22"
"C:\Users\81805\toto-edge-git\ml\player_engine\data\raw\matches\metadata\match_30670.json","605","2026/07/13 9:48:24"
"C:\Users\81805\toto-edge-git\ml\player_engine\data\raw\matches\metadata\match_30671.json","605","2026/07/13 9:48:26"
"C:\Users\81805\toto-edge-git\ml\player_engine\data\raw\matches\metadata\match_30672.json","605","2026/07/13 9:48:28"
"C:\Users\81805\toto-edge-git\ml\player_engine\data\raw\matches\metadata\match_30673.json","605","2026/07/13 9:48:30"
"C:\Users\81805\toto-edge-git\ml\player_engine\data\raw\matches\metadata\match_30674.json","605","2026/07/13 9:48:32"
"C:\Users\81805\toto-edge-git\ml\player_engine\data\raw\matches\metadata\match_30675.json","605","2026/07/13 9:48:34"
"C:\Users\81805\toto-edge-git\ml\player_engine\data\raw\matches\metadata\match_30676.json","605","2026/07/13 9:48:37"
"C:\Users\81805\toto-edge-git\ml\player_engine\data\raw\matches\metadata\match_30677.json","605","2026/07/13 9:48:39"
"C:\Users\81805\toto-edge-git\ml\player_engine\data\raw\matches\metadata\match_30678.json","605","2026/07/13 9:48:41"
"C:\Users\81805\toto-edge-git\ml\player_engine\data\raw\matches\metadata\match_30679.json","605","2026/07/13 9:48:43"
"C:\Users\81805\toto-edge-git\ml\player_engine\data\raw\matches\metadata\match_30680.json","605","2026/07/13 9:48:45"
"C:\Users\81805\toto-edge-git\ml\player_engine\data\raw\matches\metadata\match_30681.json","605","2026/07/13 9:48:47"
"C:\Users\81805\toto-edge-git\ml\player_engine\data\raw\matches\metadata\match_30682.json","605","2026/07/13 9:48:49"
"C:\Users\81805\toto-edge-git\ml\player_engine\data\raw\matches\metadata\match_30683.json","605","2026/07/13 9:48:52"
"C:\Users\81805\toto-edge-git\ml\player_engine\data\raw\matches\metadata\match_30684.json","605","2026/07/13 9:48:54"
"C:\Users\81805\toto-edge-git\ml\player_engine\data\raw\matches\metadata\match_30685.json","605","2026/07/13 9:48:56"
"C:\Users\81805\toto-edge-git\ml\player_engine\data\raw\matches\metadata\match_30686.json","605","2026/07/13 9:48:58"
"C:\Users\81805\toto-edge-git\ml\player_engine\data\raw\matches\metadata\match_30687.json","605","2026/07/13 9:49:00"
"C:\Users\81805\toto-edge-git\ml\player_engine\data\raw\matches\metadata\match_30688.json","605","2026/07/13 9:49:02"
"C:\Users\81805\toto-edge-git\ml\player_engine\data\raw\matches\metadata\match_30689.json","605","2026/07/13 9:49:04"
"C:\Users\81805\toto-edge-git\ml\player_engine\data\raw\matches\metadata\match_30690.json","605","2026/07/13 9:49:06"
"C:\Users\81805\toto-edge-git\ml\player_engine\data\raw\matches\metadata\match_30691.json","605","2026/07/13 9:49:09"
"C:\Users\81805\toto-edge-git\ml\player_engine\data\raw\matches\metadata\match_30692.json","605","2026/07/13 9:49:11"
"C:\Users\81805\toto-edge-git\ml\player_engine\data\raw\matches\metadata\match_30693.json","605","2026/07/13 9:49:13"
"C:\Users\81805\toto-edge-git\ml\player_engine\data\raw\matches\metadata\match_30694.json","605","2026/07/13 9:49:15"
"C:\Users\81805\toto-edge-git\ml\player_engine\data\raw\matches\metadata\match_30695.json","605","2026/07/13 9:49:17"
"C:\Users\81805\toto-edge-git\ml\player_engine\data\raw\matches\metadata\match_30696.json","605","2026/07/13 9:49:19"
"C:\Users\81805\toto-edge-git\ml\player_engine\data\raw\matches\metadata\match_30697.json","605","2026/07/13 9:49:21"
"C:\Users\81805\toto-edge-git\ml\player_engine\data\raw\matches\metadata\match_30698.json","605","2026/07/13 9:49:24"
"C:\Users\81805\toto-edge-git\ml\player_engine\data\raw\matches\metadata\match_30699.json","605","2026/07/13 9:49:26"
"C:\Users\81805\toto-edge-git\ml\player_engine\data\raw\matches\metadata\match_30700.json","605","2026/07/13 9:49:28"
"C:\Users\81805\toto-edge-git\ml\player_engine\data\raw\matches\metadata\match_30701.json","605","2026/07/13 9:49:30"
"C:\Users\81805\toto-edge-git\ml\player_engine\data\raw\matches\metadata\match_30702.json","605","2026/07/13 9:49:32"
"C:\Users\81805\toto-edge-git\ml\player_engine\data\raw\matches\metadata\match_30703.json","605","2026/07/13 9:49:34"
"C:\Users\81805\toto-edge-git\ml\player_engine\data\raw\matches\metadata\match_30704.json","605","2026/07/13 9:49:36"
"C:\Users\81805\toto-edge-git\ml\player_engine\data\raw\matches\metadata\match_30705.json","605","2026/07/13 9:49:39"
"C:\Users\81805\toto-edge-git\ml\player_engine\data\raw\matches\metadata\match_30706.json","605","2026/07/13 9:49:41"
"C:\Users\81805\toto-edge-git\ml\player_engine\data\raw\matches\metadata\match_30707.json","605","2026/07/13 9:49:43"
"C:\Users\81805\toto-edge-git\ml\player_engine\data\raw\matches\metadata\match_30708.json","605","2026/07/13 9:49:45"
"C:\Users\81805\toto-edge-git\ml\player_engine\data\raw\matches\metadata\match_30709.json","605","2026/07/13 9:49:47"
"C:\Users\81805\toto-edge-git\ml\player_engine\data\raw\matches\metadata\match_30710.json","605","2026/07/13 9:49:49"
"C:\Users\81805\toto-edge-git\ml\player_engine\data\raw\matches\metadata\match_30711.json","605","2026/07/13 9:49:51"
"C:\Users\81805\toto-edge-git\ml\player_engine\data\raw\matches\metadata\match_30712.json","605","2026/07/13 9:49:53"
"C:\Users\81805\toto-edge-git\ml\player_engine\data\raw\matches\metadata\match_30713.json","605","2026/07/13 9:49:56"
"C:\Users\81805\toto-edge-git\ml\player_engine\data\raw\matches\metadata\match_30714.json","605","2026/07/13 9:49:58"
"C:\Users\81805\toto-edge-git\ml\player_engine\data\raw\matches\metadata\match_30715.json","605","2026/07/13 9:50:00"
"C:\Users\81805\toto-edge-git\ml\player_engine\data\raw\matches\metadata\match_30716.json","605","2026/07/13 9:50:02"
"C:\Users\81805\toto-edge-git\ml\player_engine\data\raw\matches\metadata\match_30717.json","605","2026/07/13 9:50:04"
"C:\Users\81805\toto-edge-git\ml\player_engine\data\raw\matches\metadata\match_30718.json","605","2026/07/13 9:50:06"
"C:\Users\81805\toto-edge-git\ml\player_engine\data\raw\matches\metadata\match_30719.json","605","2026/07/13 9:50:08"
"C:\Users\81805\toto-edge-git\ml\player_engine\data\raw\matches\metadata\match_30720.json","605","2026/07/13 9:50:11"
"C:\Users\81805\toto-edge-git\ml\player_engine\data\raw\matches\metadata\match_30721.json","605","2026/07/13 9:50:13"
"C:\Users\81805\toto-edge-git\ml\player_engine\data\raw\matches\metadata\match_30722.json","605","2026/07/13 9:50:15"
"C:\Users\81805\toto-edge-git\ml\player_engine\data\raw\matches\metadata\match_30723.json","605","2026/07/13 9:50:17"
"C:\Users\81805\toto-edge-git\ml\player_engine\data\raw\matches\metadata\match_30724.json","605","2026/07/13 9:50:19"
"C:\Users\81805\toto-edge-git\ml\player_engine\data\raw\matches\metadata\match_30725.json","605","2026/07/13 9:50:21"
"C:\Users\81805\toto-edge-git\ml\player_engine\data\raw\matches\metadata\match_30726.json","605","2026/07/13 9:50:23"
"C:\Users\81805\toto-edge-git\ml\player_engine\data\raw\matches\metadata\match_30727.json","605","2026/07/13 9:50:26"
"C:\Users\81805\toto-edge-git\ml\player_engine\data\raw\matches\metadata\match_30728.json","605","2026/07/13 9:50:28"
"C:\Users\81805\toto-edge-git\ml\player_engine\data\raw\matches\metadata\match_30729.json","605","2026/07/13 9:50:30"
"C:\Users\81805\toto-edge-git\ml\player_engine\data\raw\matches\metadata\match_30730.json","605","2026/07/13 9:50:32"
"C:\Users\81805\toto-edge-git\ml\player_engine\data\raw\matches\metadata\match_30731.json","605","2026/07/13 9:50:34"
"C:\Users\81805\toto-edge-git\ml\player_engine\data\raw\matches\metadata\match_30732.json","605","2026/07/13 9:50:36"
"C:\Users\81805\toto-edge-git\ml\player_engine\data\raw\matches\metadata\match_30733.json","605","2026/07/13 9:50:38"
"C:\Users\81805\toto-edge-git\ml\player_engine\data\raw\matches\metadata\match_30734.json","605","2026/07/13 9:50:40"
"C:\Users\81805\toto-edge-git\ml\player_engine\data\raw\matches\metadata\match_30735.json","605","2026/07/13 9:50:43"
"C:\Users\81805\toto-edge-git\ml\player_engine\data\raw\matches\metadata\match_30736.json","605","2026/07/13 9:50:45"
"C:\Users\81805\toto-edge-git\ml\player_engine\data\raw\matches\metadata\match_30737.json","605","2026/07/13 9:50:47"
"C:\Users\81805\toto-edge-git\ml\player_engine\data\raw\matches\metadata\match_30738.json","605","2026/07/13 9:50:49"
"C:\Users\81805\toto-edge-git\ml\player_engine\data\raw\matches\metadata\match_30739.json","605","2026/07/13 9:50:51"
"C:\Users\81805\toto-edge-git\ml\player_engine\data\raw\matches\metadata\match_30740.json","605","2026/07/13 9:50:53"
"C:\Users\81805\toto-edge-git\ml\player_engine\data\raw\matches\metadata\match_30741.json","605","2026/07/13 9:50:55"
"C:\Users\81805\toto-edge-git\ml\player_engine\data\raw\matches\metadata\match_30742.json","605","2026/07/13 9:50:58"
"C:\Users\81805\toto-edge-git\ml\player_engine\data\raw\matches\metadata\match_30743.json","605","2026/07/13 9:51:00"
"C:\Users\81805\toto-edge-git\ml\player_engine\data\raw\matches\metadata\match_30744.json","605","2026/07/13 9:51:02"
"C:\Users\81805\toto-edge-git\ml\player_engine\data\raw\matches\metadata\match_30745.json","605","2026/07/13 9:51:04"
"C:\Users\81805\toto-edge-git\ml\player_engine\data\raw\matches\metadata\match_30746.json","605","2026/07/13 9:51:34"
"C:\Users\81805\toto-edge-git\ml\player_engine\data\raw\matches\metadata\match_30747.json","605","2026/07/13 9:51:35"
"C:\Users\81805\toto-edge-git\ml\player_engine\data\raw\matches\metadata\match_30748.json","605","2026/07/13 9:51:37"
"C:\Users\81805\toto-edge-git\ml\player_engine\data\raw\matches\metadata\match_30749.json","605","2026/07/13 9:51:39"
"C:\Users\81805\toto-edge-git\ml\player_engine\data\raw\matches\metadata\match_30750.json","605","2026/07/13 9:51:41"
"C:\Users\81805\toto-edge-git\ml\player_engine\data\raw\matches\metadata\match_30751.json","605","2026/07/13 9:51:43"
"C:\Users\81805\toto-edge-git\ml\player_engine\data\raw\matches\metadata\match_30752.json","605","2026/07/13 9:51:45"
"C:\Users\81805\toto-edge-git\ml\player_engine\data\raw\matches\metadata\match_30753.json","605","2026/07/13 9:51:47"
"C:\Users\81805\toto-edge-git\ml\player_engine\data\raw\matches\metadata\match_30754.json","605","2026/07/13 9:51:50"
"C:\Users\81805\toto-edge-git\ml\player_engine\data\raw\matches\metadata\match_30755.json","605","2026/07/13 9:51:52"
"C:\Users\81805\toto-edge-git\ml\player_engine\data\raw\matches\metadata\match_30756.json","605","2026/07/13 9:51:54"
"C:\Users\81805\toto-edge-git\ml\player_engine\data\raw\matches\metadata\match_30757.json","605","2026/07/13 9:51:56"
"C:\Users\81805\toto-edge-git\ml\player_engine\data\raw\matches\metadata\match_30758.json","605","2026/07/13 9:51:58"
"C:\Users\81805\toto-edge-git\ml\player_engine\data\raw\matches\metadata\match_30759.json","605","2026/07/13 9:52:00"
"C:\Users\81805\toto-edge-git\ml\player_engine\data\raw\matches\metadata\match_30760.json","605","2026/07/13 9:52:02"
"C:\Users\81805\toto-edge-git\ml\player_engine\data\raw\matches\metadata\match_30761.json","605","2026/07/13 9:52:05"
"C:\Users\81805\toto-edge-git\ml\player_engine\data\raw\matches\metadata\match_30762.json","605","2026/07/13 9:52:07"
"C:\Users\81805\toto-edge-git\ml\player_engine\data\raw\matches\metadata\match_30763.json","605","2026/07/13 9:52:09"
"C:\Users\81805\toto-edge-git\ml\player_engine\data\raw\matches\metadata\match_30764.json","605","2026/07/13 9:52:11"
"C:\Users\81805\toto-edge-git\ml\player_engine\data\raw\matches\metadata\match_30765.json","605","2026/07/13 9:52:13"
"C:\Users\81805\toto-edge-git\ml\player_engine\data\raw\matches\metadata\match_30766.json","605","2026/07/13 9:52:15"
"C:\Users\81805\toto-edge-git\ml\player_engine\data\raw\matches\metadata\match_30767.json","605","2026/07/13 9:52:17"
"C:\Users\81805\toto-edge-git\ml\player_engine\data\raw\matches\metadata\match_30768.json","605","2026/07/13 9:52:20"
"C:\Users\81805\toto-edge-git\ml\player_engine\data\raw\matches\metadata\match_30769.json","605","2026/07/13 9:52:22"
"C:\Users\81805\toto-edge-git\ml\player_engine\data\raw\matches\metadata\match_30770.json","605","2026/07/13 9:52:24"
"C:\Users\81805\toto-edge-git\ml\player_engine\data\raw\matches\metadata\match_30771.json","605","2026/07/13 9:52:26"
"C:\Users\81805\toto-edge-git\ml\player_engine\data\raw\matches\metadata\match_30772.json","605","2026/07/13 9:52:28"
"C:\Users\81805\toto-edge-git\ml\player_engine\data\raw\matches\metadata\match_30773.json","605","2026/07/13 9:52:30"
"C:\Users\81805\toto-edge-git\ml\player_engine\data\raw\matches\metadata\match_30774.json","605","2026/07/13 9:52:32"
"C:\Users\81805\toto-edge-git\ml\player_engine\data\raw\matches\metadata\match_30775.json","605","2026/07/13 9:52:34"
"C:\Users\81805\toto-edge-git\ml\player_engine\data\raw\matches\metadata\match_30776.json","605","2026/07/13 9:52:37"
"C:\Users\81805\toto-edge-git\ml\player_engine\data\raw\matches\metadata\match_30777.json","605","2026/07/13 9:52:39"
"C:\Users\81805\toto-edge-git\ml\player_engine\data\raw\matches\metadata\match_30778.json","605","2026/07/13 9:52:41"
"C:\Users\81805\toto-edge-git\ml\player_engine\data\raw\matches\metadata\match_30779.json","605","2026/07/13 9:52:43"
"C:\Users\81805\toto-edge-git\ml\player_engine\data\raw\matches\metadata\match_30780.json","605","2026/07/13 9:52:45"
"C:\Users\81805\toto-edge-git\ml\player_engine\data\raw\matches\metadata\match_30781.json","605","2026/07/13 9:52:47"
"C:\Users\81805\toto-edge-git\ml\player_engine\data\raw\matches\metadata\match_30782.json","605","2026/07/13 9:52:49"
"C:\Users\81805\toto-edge-git\ml\player_engine\data\raw\matches\metadata\match_30783.json","605","2026/07/13 9:52:52"
"C:\Users\81805\toto-edge-git\ml\player_engine\data\raw\matches\metadata\match_30784.json","605","2026/07/13 9:52:54"
"C:\Users\81805\toto-edge-git\ml\player_engine\data\raw\matches\metadata\match_30785.json","605","2026/07/13 9:52:56"
"C:\Users\81805\toto-edge-git\ml\player_engine\data\raw\matches\metadata\match_30786.json","605","2026/07/13 9:52:58"
"C:\Users\81805\toto-edge-git\ml\player_engine\data\raw\matches\metadata\match_30787.json","605","2026/07/13 9:53:00"
"C:\Users\81805\toto-edge-git\ml\player_engine\data\raw\matches\metadata\match_30788.json","605","2026/07/13 9:53:02"
"C:\Users\81805\toto-edge-git\ml\player_engine\data\raw\matches\metadata\match_30789.json","605","2026/07/13 9:53:04"
"C:\Users\81805\toto-edge-git\ml\player_engine\data\raw\matches\metadata\match_30790.json","605","2026/07/13 9:53:07"
"C:\Users\81805\toto-edge-git\ml\player_engine\data\raw\matches\metadata\match_30791.json","605","2026/07/13 9:53:09"
"C:\Users\81805\toto-edge-git\ml\player_engine\data\raw\matches\metadata\match_30792.json","605","2026/07/13 9:53:11"
"C:\Users\81805\toto-edge-git\ml\player_engine\data\raw\matches\metadata\match_30793.json","605","2026/07/13 9:53:13"
"C:\Users\81805\toto-edge-git\ml\player_engine\data\raw\matches\metadata\match_30794.json","605","2026/07/13 9:53:15"
"C:\Users\81805\toto-edge-git\ml\player_engine\data\raw\matches\metadata\match_30795.json","605","2026/07/13 9:53:17"
"C:\Users\81805\toto-edge-git\ml\player_engine\data\raw\matches\metadata\match_30796.json","605","2026/07/13 9:53:19"
"C:\Users\81805\toto-edge-git\ml\player_engine\data\raw\matches\metadata\match_30797.json","605","2026/07/13 9:53:22"
"C:\Users\81805\toto-edge-git\ml\player_engine\data\raw\matches\metadata\match_30798.json","605","2026/07/13 9:53:24"
"C:\Users\81805\toto-edge-git\ml\player_engine\data\raw\matches\metadata\match_30799.json","605","2026/07/13 9:53:26"
"C:\Users\81805\toto-edge-git\ml\player_engine\data\raw\matches\metadata\match_30800.json","605","2026/07/13 9:53:28"
"C:\Users\81805\toto-edge-git\ml\player_engine\data\raw\matches\metadata\match_30801.json","605","2026/07/13 9:53:30"
"C:\Users\81805\toto-edge-git\ml\player_engine\data\raw\matches\metadata\match_30802.json","605","2026/07/13 9:53:32"
"C:\Users\81805\toto-edge-git\ml\player_engine\data\raw\matches\metadata\match_30803.json","605","2026/07/13 9:53:34"
"C:\Users\81805\toto-edge-git\ml\player_engine\data\raw\matches\metadata\match_30804.json","605","2026/07/13 9:53:37"
"C:\Users\81805\toto-edge-git\ml\player_engine\data\raw\matches\metadata\match_30805.json","605","2026/07/13 9:53:39"
"C:\Users\81805\toto-edge-git\ml\player_engine\data\raw\matches\metadata\match_30806.json","605","2026/07/13 9:53:41"
"C:\Users\81805\toto-edge-git\ml\player_engine\data\raw\matches\metadata\match_30807.json","605","2026/07/13 9:53:43"
"C:\Users\81805\toto-edge-git\ml\player_engine\data\raw\matches\metadata\match_30808.json","605","2026/07/13 9:53:45"
"C:\Users\81805\toto-edge-git\ml\player_engine\data\raw\matches\metadata\match_30809.json","605","2026/07/13 9:53:47"
"C:\Users\81805\toto-edge-git\ml\player_engine\data\raw\matches\metadata\match_31361.json","605","2026/07/12 19:13:30"
"C:\Users\81805\toto-edge-git\ml\player_engine\data\raw\matches\metadata\match_31362.json","605","2026/07/12 19:13:32"
"C:\Users\81805\toto-edge-git\ml\player_engine\data\raw\matches\metadata\match_31363.json","605","2026/07/12 19:13:34"
"C:\Users\81805\toto-edge-git\ml\player_engine\data\raw\matches\metadata\match_31364.json","605","2026/07/12 19:13:36"
"C:\Users\81805\toto-edge-git\ml\player_engine\data\raw\matches\metadata\match_31365.json","605","2026/07/12 19:13:38"
"C:\Users\81805\toto-edge-git\ml\player_engine\data\raw\matches\metadata\match_31366.json","605","2026/07/12 19:13:40"
"C:\Users\81805\toto-edge-git\ml\player_engine\data\raw\matches\metadata\match_31367.json","605","2026/07/12 19:13:42"
"C:\Users\81805\toto-edge-git\ml\player_engine\data\raw\matches\metadata\match_31368.json","605","2026/07/12 19:13:45"
"C:\Users\81805\toto-edge-git\ml\player_engine\data\raw\matches\metadata\match_31369.json","605","2026/07/12 19:13:47"
"C:\Users\81805\toto-edge-git\ml\player_engine\data\raw\matches\metadata\match_31370.json","605","2026/07/12 19:13:49"
"C:\Users\81805\toto-edge-git\ml\player_engine\data\raw\matches\metadata\match_31371.json","605","2026/07/12 19:13:51"
"C:\Users\81805\toto-edge-git\ml\player_engine\data\raw\matches\metadata\match_31372.json","605","2026/07/12 19:13:53"
"C:\Users\81805\toto-edge-git\ml\player_engine\data\raw\matches\metadata\match_31373.json","605","2026/07/12 19:13:55"
"C:\Users\81805\toto-edge-git\ml\player_engine\data\raw\matches\metadata\match_31374.json","605","2026/07/12 19:13:57"
"C:\Users\81805\toto-edge-git\ml\player_engine\data\raw\matches\metadata\match_31375.json","605","2026/07/12 19:14:14"
"C:\Users\81805\toto-edge-git\ml\player_engine\data\raw\matches\metadata\match_31376.json","605","2026/07/12 19:14:15"
"C:\Users\81805\toto-edge-git\ml\player_engine\data\raw\matches\metadata\match_31377.json","605","2026/07/12 19:14:17"
"C:\Users\81805\toto-edge-git\ml\player_engine\data\raw\matches\metadata\match_31378.json","605","2026/07/12 19:14:19"
"C:\Users\81805\toto-edge-git\ml\player_engine\data\raw\matches\metadata\match_31379.json","605","2026/07/12 19:14:21"
"C:\Users\81805\toto-edge-git\ml\player_engine\data\raw\matches\metadata\match_31380.json","605","2026/07/12 19:14:23"
"C:\Users\81805\toto-edge-git\ml\player_engine\data\raw\matches\metadata\match_31381.json","605","2026/07/12 19:14:25"
"C:\Users\81805\toto-edge-git\ml\player_engine\data\raw\matches\metadata\match_31382.json","605","2026/07/12 19:14:27"
"C:\Users\81805\toto-edge-git\ml\player_engine\data\raw\matches\metadata\match_31383.json","605","2026/07/12 19:14:29"
"C:\Users\81805\toto-edge-git\ml\player_engine\data\raw\matches\metadata\match_31384.json","605","2026/07/12 19:14:32"
"C:\Users\81805\toto-edge-git\ml\player_engine\data\raw\matches\metadata\match_31385.json","605","2026/07/12 19:14:34"
"C:\Users\81805\toto-edge-git\ml\player_engine\data\raw\matches\metadata\match_31386.json","605","2026/07/12 19:14:36"
"C:\Users\81805\toto-edge-git\ml\player_engine\data\raw\matches\metadata\match_31387.json","605","2026/07/12 19:14:38"
"C:\Users\81805\toto-edge-git\ml\player_engine\data\raw\matches\metadata\match_31388.json","605","2026/07/12 19:14:40"
"C:\Users\81805\toto-edge-git\ml\player_engine\data\raw\matches\metadata\match_31389.json","605","2026/07/12 19:14:42"
"C:\Users\81805\toto-edge-git\ml\player_engine\data\raw\matches\metadata\match_31390.json","605","2026/07/12 19:14:45"
"C:\Users\81805\toto-edge-git\ml\player_engine\data\raw\matches\metadata\match_31391.json","605","2026/07/12 19:14:47"
"C:\Users\81805\toto-edge-git\ml\player_engine\data\raw\matches\metadata\match_31392.json","605","2026/07/12 19:14:49"
"C:\Users\81805\toto-edge-git\ml\player_engine\data\raw\matches\metadata\match_31393.json","605","2026/07/12 19:14:51"
"C:\Users\81805\toto-edge-git\ml\player_engine\data\raw\matches\metadata\match_31394.json","605","2026/07/12 19:14:53"
"C:\Users\81805\toto-edge-git\ml\player_engine\data\raw\matches\metadata\match_31395.json","605","2026/07/12 19:14:55"
"C:\Users\81805\toto-edge-git\ml\player_engine\data\raw\matches\metadata\match_31396.json","605","2026/07/12 19:14:57"
"C:\Users\81805\toto-edge-git\ml\player_engine\data\raw\matches\metadata\match_31397.json","605","2026/07/12 19:14:59"
"C:\Users\81805\toto-edge-git\ml\player_engine\data\raw\matches\metadata\match_31398.json","605","2026/07/12 19:15:01"
"C:\Users\81805\toto-edge-git\ml\player_engine\data\raw\matches\metadata\match_31399.json","605","2026/07/12 19:15:04"
"C:\Users\81805\toto-edge-git\ml\player_engine\data\raw\matches\metadata\match_31400.json","605","2026/07/12 19:15:06"
"C:\Users\81805\toto-edge-git\ml\player_engine\data\raw\matches\metadata\match_31401.json","605","2026/07/12 19:15:08"
"C:\Users\81805\toto-edge-git\ml\player_engine\data\raw\matches\metadata\match_31402.json","605","2026/07/12 19:15:10"
"C:\Users\81805\toto-edge-git\ml\player_engine\data\raw\matches\metadata\match_31403.json","605","2026/07/12 19:15:12"
"C:\Users\81805\toto-edge-git\ml\player_engine\data\raw\matches\metadata\match_31404.json","605","2026/07/12 19:15:14"
"C:\Users\81805\toto-edge-git\ml\player_engine\data\raw\matches\metadata\match_31405.json","605","2026/07/12 19:15:16"
"C:\Users\81805\toto-edge-git\ml\player_engine\data\raw\matches\metadata\match_31406.json","605","2026/07/12 19:15:19"
"C:\Users\81805\toto-edge-git\ml\player_engine\data\raw\matches\metadata\match_31407.json","605","2026/07/12 19:15:21"
"C:\Users\81805\toto-edge-git\ml\player_engine\data\raw\matches\metadata\match_31408.json","605","2026/07/12 19:15:23"
"C:\Users\81805\toto-edge-git\ml\player_engine\data\raw\matches\metadata\match_31409.json","605","2026/07/12 19:15:25"
"C:\Users\81805\toto-edge-git\ml\player_engine\data\raw\matches\metadata\match_31410.json","605","2026/07/12 19:15:27"
"C:\Users\81805\toto-edge-git\ml\player_engine\data\raw\matches\metadata\match_31411.json","605","2026/07/12 19:15:29"
"C:\Users\81805\toto-edge-git\ml\player_engine\data\raw\matches\metadata\match_31412.json","605","2026/07/12 19:15:31"
"C:\Users\81805\toto-edge-git\ml\player_engine\data\raw\matches\metadata\match_31413.json","605","2026/07/12 19:15:34"
"C:\Users\81805\toto-edge-git\ml\player_engine\data\raw\matches\metadata\match_31414.json","605","2026/07/12 19:15:36"
"C:\Users\81805\toto-edge-git\ml\player_engine\data\raw\matches\metadata\match_31415.json","605","2026/07/12 19:15:38"
"C:\Users\81805\toto-edge-git\ml\player_engine\data\raw\matches\metadata\match_31416.json","605","2026/07/12 19:15:40"
"C:\Users\81805\toto-edge-git\ml\player_engine\data\raw\matches\metadata\match_31417.json","605","2026/07/12 19:15:42"
"C:\Users\81805\toto-edge-git\ml\player_engine\data\raw\matches\metadata\match_31418.json","605","2026/07/12 19:15:44"
"C:\Users\81805\toto-edge-git\ml\player_engine\data\raw\matches\metadata\match_31419.json","605","2026/07/12 19:15:46"
"C:\Users\81805\toto-edge-git\ml\player_engine\data\raw\matches\metadata\match_31420.json","605","2026/07/12 19:15:48"
"C:\Users\81805\toto-edge-git\ml\player_engine\data\raw\matches\metadata\match_31421.json","605","2026/07/12 19:15:51"
"C:\Users\81805\toto-edge-git\ml\player_engine\data\raw\matches\metadata\match_31422.json","605","2026/07/12 19:15:53"
"C:\Users\81805\toto-edge-git\ml\player_engine\data\raw\matches\metadata\match_31423.json","605","2026/07/12 19:15:55"
"C:\Users\81805\toto-edge-git\ml\player_engine\data\raw\matches\metadata\match_31424.json","605","2026/07/12 19:15:57"
"C:\Users\81805\toto-edge-git\ml\player_engine\data\raw\matches\metadata\match_31425.json","605","2026/07/12 19:15:59"
"C:\Users\81805\toto-edge-git\ml\player_engine\data\raw\matches\metadata\match_31426.json","605","2026/07/12 19:16:01"
"C:\Users\81805\toto-edge-git\ml\player_engine\data\raw\matches\metadata\match_31427.json","605","2026/07/12 19:16:03"
"C:\Users\81805\toto-edge-git\ml\player_engine\data\raw\matches\metadata\match_31428.json","605","2026/07/12 19:16:06"
"C:\Users\81805\toto-edge-git\ml\player_engine\data\raw\matches\metadata\match_31429.json","605","2026/07/12 19:16:08"
"C:\Users\81805\toto-edge-git\ml\player_engine\data\raw\matches\metadata\match_31430.json","605","2026/07/12 19:16:10"
"C:\Users\81805\toto-edge-git\ml\player_engine\data\raw\matches\metadata\match_31431.json","605","2026/07/13 17:05:51"
"C:\Users\81805\toto-edge-git\ml\player_engine\data\raw\matches\metadata\match_31432.json","605","2026/07/13 17:05:53"
"C:\Users\81805\toto-edge-git\ml\player_engine\data\raw\matches\metadata\match_31433.json","605","2026/07/13 17:05:55"
"C:\Users\81805\toto-edge-git\ml\player_engine\data\raw\matches\metadata\match_31434.json","605","2026/07/13 17:05:57"
"C:\Users\81805\toto-edge-git\ml\player_engine\data\raw\matches\metadata\match_31435.json","605","2026/07/13 17:05:59"
"C:\Users\81805\toto-edge-git\ml\player_engine\data\raw\matches\metadata\match_31436.json","605","2026/07/13 17:06:02"
"C:\Users\81805\toto-edge-git\ml\player_engine\data\raw\matches\metadata\match_31437.json","605","2026/07/13 17:06:04"
"C:\Users\81805\toto-edge-git\ml\player_engine\data\raw\matches\metadata\match_31438.json","605","2026/07/13 17:06:06"
"C:\Users\81805\toto-edge-git\ml\player_engine\data\raw\matches\metadata\match_31439.json","605","2026/07/13 17:06:08"
"C:\Users\81805\toto-edge-git\ml\player_engine\data\raw\matches\metadata\match_31440.json","605","2026/07/13 17:06:10"
"C:\Users\81805\toto-edge-git\ml\player_engine\data\raw\matches\metadata\match_31441.json","605","2026/07/13 17:06:12"
"C:\Users\81805\toto-edge-git\ml\player_engine\data\raw\matches\metadata\match_31442.json","605","2026/07/13 17:06:14"
"C:\Users\81805\toto-edge-git\ml\player_engine\data\raw\matches\metadata\match_31443.json","605","2026/07/13 17:06:17"
"C:\Users\81805\toto-edge-git\ml\player_engine\data\raw\matches\metadata\match_31444.json","605","2026/07/13 17:06:19"
"C:\Users\81805\toto-edge-git\ml\player_engine\data\raw\matches\metadata\match_31445.json","605","2026/07/13 17:06:21"
"C:\Users\81805\toto-edge-git\ml\player_engine\data\raw\matches\metadata\match_31446.json","605","2026/07/13 17:06:23"
"C:\Users\81805\toto-edge-git\ml\player_engine\data\raw\matches\metadata\match_31447.json","605","2026/07/13 17:06:25"
"C:\Users\81805\toto-edge-git\ml\player_engine\data\raw\matches\metadata\match_31448.json","605","2026/07/13 17:06:27"
"C:\Users\81805\toto-edge-git\ml\player_engine\data\raw\matches\metadata\match_31449.json","605","2026/07/13 17:06:29"
"C:\Users\81805\toto-edge-git\ml\player_engine\data\raw\matches\metadata\match_31450.json","605","2026/07/13 17:06:31"
"C:\Users\81805\toto-edge-git\ml\player_engine\data\raw\matches\metadata\match_31451.json","605","2026/07/13 17:06:34"
"C:\Users\81805\toto-edge-git\ml\player_engine\data\raw\matches\metadata\match_31452.json","605","2026/07/13 17:06:36"
"C:\Users\81805\toto-edge-git\ml\player_engine\data\raw\matches\metadata\match_31453.json","605","2026/07/13 17:06:38"
"C:\Users\81805\toto-edge-git\ml\player_engine\data\raw\matches\metadata\match_31454.json","605","2026/07/13 17:06:40"
"C:\Users\81805\toto-edge-git\ml\player_engine\data\raw\matches\metadata\match_31455.json","605","2026/07/13 17:06:42"
"C:\Users\81805\toto-edge-git\ml\player_engine\data\raw\matches\metadata\match_31456.json","605","2026/07/13 17:06:44"
"C:\Users\81805\toto-edge-git\ml\player_engine\data\raw\matches\metadata\match_31457.json","605","2026/07/13 17:06:46"
"C:\Users\81805\toto-edge-git\ml\player_engine\data\raw\matches\metadata\match_31458.json","605","2026/07/13 17:06:49"
"C:\Users\81805\toto-edge-git\ml\player_engine\data\raw\matches\metadata\match_31459.json","605","2026/07/13 17:06:51"
"C:\Users\81805\toto-edge-git\ml\player_engine\data\raw\matches\metadata\match_31460.json","605","2026/07/13 17:06:53"
"C:\Users\81805\toto-edge-git\ml\player_engine\data\raw\matches\metadata\match_31461.json","605","2026/07/13 17:06:55"
"C:\Users\81805\toto-edge-git\ml\player_engine\data\raw\matches\metadata\match_31462.json","605","2026/07/13 17:06:57"
"C:\Users\81805\toto-edge-git\ml\player_engine\data\raw\matches\metadata\match_31463.json","605","2026/07/13 17:06:59"
"C:\Users\81805\toto-edge-git\ml\player_engine\data\raw\matches\metadata\match_31464.json","605","2026/07/13 17:07:01"
"C:\Users\81805\toto-edge-git\ml\player_engine\data\raw\matches\metadata\match_31465.json","605","2026/07/13 17:07:03"
"C:\Users\81805\toto-edge-git\ml\player_engine\data\raw\matches\metadata\match_31466.json","605","2026/07/13 17:07:05"
"C:\Users\81805\toto-edge-git\ml\player_engine\data\raw\matches\metadata\match_31467.json","605","2026/07/13 17:07:08"
"C:\Users\81805\toto-edge-git\ml\player_engine\data\raw\matches\metadata\match_31468.json","605","2026/07/13 17:07:10"
"C:\Users\81805\toto-edge-git\ml\player_engine\data\raw\matches\metadata\match_31469.json","605","2026/07/13 17:07:12"
"C:\Users\81805\toto-edge-git\ml\player_engine\data\raw\matches\metadata\match_31470.json","605","2026/07/13 17:07:14"
"C:\Users\81805\toto-edge-git\ml\player_engine\data\raw\matches\metadata\match_31471.json","605","2026/07/13 17:07:16"
"C:\Users\81805\toto-edge-git\ml\player_engine\data\raw\matches\metadata\match_31472.json","605","2026/07/13 17:07:18"
"C:\Users\81805\toto-edge-git\ml\player_engine\data\raw\matches\metadata\match_31473.json","605","2026/07/13 17:07:21"
"C:\Users\81805\toto-edge-git\ml\player_engine\data\raw\matches\metadata\match_31474.json","605","2026/07/13 17:07:23"
"C:\Users\81805\toto-edge-git\ml\player_engine\data\raw\matches\metadata\match_31475.json","605","2026/07/13 17:07:25"
"C:\Users\81805\toto-edge-git\ml\player_engine\data\raw\matches\metadata\match_31476.json","605","2026/07/13 17:07:27"
"C:\Users\81805\toto-edge-git\ml\player_engine\data\raw\matches\metadata\match_31477.json","605","2026/07/13 17:07:29"
"C:\Users\81805\toto-edge-git\ml\player_engine\data\raw\matches\metadata\match_31478.json","605","2026/07/13 17:07:31"
"C:\Users\81805\toto-edge-git\ml\player_engine\data\raw\matches\metadata\match_31479.json","605","2026/07/13 17:07:33"
"C:\Users\81805\toto-edge-git\ml\player_engine\data\raw\matches\metadata\match_31480.json","605","2026/07/13 17:07:35"
"C:\Users\81805\toto-edge-git\ml\player_engine\data\raw\matches\metadata\match_31481.json","605","2026/07/13 17:07:38"
"C:\Users\81805\toto-edge-git\ml\player_engine\data\raw\matches\metadata\match_31482.json","605","2026/07/13 17:07:40"
"C:\Users\81805\toto-edge-git\ml\player_engine\data\raw\matches\metadata\match_31483.json","605","2026/07/13 17:07:42"
"C:\Users\81805\toto-edge-git\ml\player_engine\data\raw\matches\metadata\match_31484.json","605","2026/07/13 17:07:44"
"C:\Users\81805\toto-edge-git\ml\player_engine\data\raw\matches\metadata\match_31485.json","605","2026/07/13 17:07:46"
"C:\Users\81805\toto-edge-git\ml\player_engine\data\raw\matches\metadata\match_31486.json","605","2026/07/13 17:07:48"
"C:\Users\81805\toto-edge-git\ml\player_engine\data\raw\matches\metadata\match_31487.json","605","2026/07/13 17:07:50"
"C:\Users\81805\toto-edge-git\ml\player_engine\data\raw\matches\metadata\match_31488.json","605","2026/07/13 17:07:53"
"C:\Users\81805\toto-edge-git\ml\player_engine\data\raw\matches\metadata\match_31489.json","605","2026/07/13 17:07:55"
"C:\Users\81805\toto-edge-git\ml\player_engine\data\raw\matches\metadata\match_31490.json","605","2026/07/13 17:07:57"
"C:\Users\81805\toto-edge-git\ml\player_engine\data\raw\matches\metadata\match_31491.json","605","2026/07/13 17:07:59"
"C:\Users\81805\toto-edge-git\ml\player_engine\data\raw\matches\metadata\match_31492.json","605","2026/07/13 17:08:01"
"C:\Users\81805\toto-edge-git\ml\player_engine\data\raw\matches\metadata\match_31493.json","605","2026/07/13 17:08:03"
"C:\Users\81805\toto-edge-git\ml\player_engine\data\raw\matches\metadata\match_31494.json","605","2026/07/13 17:08:05"
"C:\Users\81805\toto-edge-git\ml\player_engine\data\raw\matches\metadata\match_31495.json","605","2026/07/13 17:08:08"
"C:\Users\81805\toto-edge-git\ml\player_engine\data\raw\matches\metadata\match_31496.json","605","2026/07/13 17:08:10"
"C:\Users\81805\toto-edge-git\ml\player_engine\data\raw\matches\metadata\match_31497.json","605","2026/07/13 17:08:12"
"C:\Users\81805\toto-edge-git\ml\player_engine\data\raw\matches\metadata\match_31498.json","605","2026/07/13 17:08:14"
"C:\Users\81805\toto-edge-git\ml\player_engine\data\raw\matches\metadata\match_31499.json","605","2026/07/13 17:08:16"
"C:\Users\81805\toto-edge-git\ml\player_engine\data\raw\matches\metadata\match_31500.json","605","2026/07/13 17:08:18"
"C:\Users\81805\toto-edge-git\ml\player_engine\data\raw\matches\metadata\match_31501.json","605","2026/07/13 17:08:20"
"C:\Users\81805\toto-edge-git\ml\player_engine\data\raw\matches\metadata\match_31502.json","605","2026/07/13 17:08:23"
"C:\Users\81805\toto-edge-git\ml\player_engine\data\raw\matches\metadata\match_31503.json","605","2026/07/13 17:08:25"
"C:\Users\81805\toto-edge-git\ml\player_engine\data\raw\matches\metadata\match_31504.json","605","2026/07/13 17:08:27"
"C:\Users\81805\toto-edge-git\ml\player_engine\data\raw\matches\metadata\match_31505.json","605","2026/07/13 17:08:29"
"C:\Users\81805\toto-edge-git\ml\player_engine\data\raw\matches\metadata\match_31506.json","605","2026/07/13 17:08:31"
"C:\Users\81805\toto-edge-git\ml\player_engine\data\raw\matches\metadata\match_31507.json","605","2026/07/13 17:08:33"
"C:\Users\81805\toto-edge-git\ml\player_engine\data\raw\matches\metadata\match_31508.json","605","2026/07/13 17:08:35"
"C:\Users\81805\toto-edge-git\ml\player_engine\data\raw\matches\metadata\match_31509.json","605","2026/07/13 17:08:37"
"C:\Users\81805\toto-edge-git\ml\player_engine\data\raw\matches\metadata\match_31510.json","605","2026/07/13 17:08:40"
"C:\Users\81805\toto-edge-git\ml\player_engine\data\raw\matches\metadata\match_31511.json","605","2026/07/13 17:08:42"
"C:\Users\81805\toto-edge-git\ml\player_engine\data\raw\matches\metadata\match_31512.json","605","2026/07/13 17:08:44"
"C:\Users\81805\toto-edge-git\ml\player_engine\data\raw\matches\metadata\match_31513.json","605","2026/07/13 17:08:46"
"C:\Users\81805\toto-edge-git\ml\player_engine\data\raw\matches\metadata\match_31514.json","605","2026/07/13 17:08:48"
"C:\Users\81805\toto-edge-git\ml\player_engine\data\raw\matches\metadata\match_31515.json","605","2026/07/13 17:08:50"
"C:\Users\81805\toto-edge-git\ml\player_engine\data\raw\matches\metadata\match_31516.json","605","2026/07/13 17:08:52"
"C:\Users\81805\toto-edge-git\ml\player_engine\data\raw\matches\metadata\match_31517.json","605","2026/07/13 17:08:55"
"C:\Users\81805\toto-edge-git\ml\player_engine\data\raw\matches\metadata\match_31518.json","605","2026/07/13 17:08:57"
"C:\Users\81805\toto-edge-git\ml\player_engine\data\raw\matches\metadata\match_31519.json","605","2026/07/13 17:08:59"
"C:\Users\81805\toto-edge-git\ml\player_engine\data\raw\matches\metadata\match_31520.json","605","2026/07/13 17:09:01"
"C:\Users\81805\toto-edge-git\ml\player_engine\data\raw\matches\metadata\match_31521.json","605","2026/07/13 17:09:03"
"C:\Users\81805\toto-edge-git\ml\player_engine\data\raw\matches\metadata\match_31522.json","605","2026/07/13 17:09:05"
"C:\Users\81805\toto-edge-git\ml\player_engine\data\raw\matches\metadata\match_31523.json","605","2026/07/13 17:09:07"
"C:\Users\81805\toto-edge-git\ml\player_engine\data\raw\matches\metadata\match_31524.json","605","2026/07/13 17:09:10"
"C:\Users\81805\toto-edge-git\ml\player_engine\data\raw\matches\metadata\match_31525.json","605","2026/07/13 17:09:12"
"C:\Users\81805\toto-edge-git\ml\player_engine\data\raw\matches\metadata\match_31526.json","605","2026/07/13 17:09:14"
"C:\Users\81805\toto-edge-git\ml\player_engine\data\raw\matches\metadata\match_31527.json","605","2026/07/13 17:09:16"
"C:\Users\81805\toto-edge-git\ml\player_engine\data\raw\matches\metadata\match_31528.json","605","2026/07/13 17:09:18"
"C:\Users\81805\toto-edge-git\ml\player_engine\data\raw\matches\metadata\match_31529.json","605","2026/07/13 17:09:20"
"C:\Users\81805\toto-edge-git\ml\player_engine\data\raw\matches\metadata\match_31530.json","605","2026/07/13 17:09:22"
"C:\Users\81805\toto-edge-git\ml\player_engine\data\raw\matches\metadata\match_31531.json","605","2026/07/13 17:09:25"
"C:\Users\81805\toto-edge-git\ml\player_engine\data\raw\matches\metadata\match_31532.json","605","2026/07/13 17:09:27"
"C:\Users\81805\toto-edge-git\ml\player_engine\data\raw\matches\metadata\match_31533.json","605","2026/07/13 17:09:29"
"C:\Users\81805\toto-edge-git\ml\player_engine\data\raw\matches\metadata\match_31534.json","605","2026/07/13 17:09:31"
"C:\Users\81805\toto-edge-git\ml\player_engine\data\raw\matches\metadata\match_31535.json","605","2026/07/13 17:09:33"
"C:\Users\81805\toto-edge-git\ml\player_engine\data\raw\matches\metadata\match_31536.json","605","2026/07/13 17:09:35"
"C:\Users\81805\toto-edge-git\ml\player_engine\data\raw\matches\metadata\match_31537.json","605","2026/07/13 17:09:37"
"C:\Users\81805\toto-edge-git\ml\player_engine\data\raw\matches\metadata\match_31538.json","605","2026/07/13 17:09:40"
"C:\Users\81805\toto-edge-git\ml\player_engine\data\raw\matches\metadata\match_31539.json","605","2026/07/13 17:09:42"
"C:\Users\81805\toto-edge-git\ml\player_engine\data\raw\matches\metadata\match_31540.json","605","2026/07/13 17:09:44"
"C:\Users\81805\toto-edge-git\ml\player_engine\data\raw\matches\metadata\match_31541.json","605","2026/07/13 17:09:46"
"C:\Users\81805\toto-edge-git\ml\player_engine\data\raw\matches\metadata\match_31542.json","605","2026/07/13 17:09:48"
"C:\Users\81805\toto-edge-git\ml\player_engine\data\raw\matches\metadata\match_31543.json","605","2026/07/13 17:09:50"
"C:\Users\81805\toto-edge-git\ml\player_engine\data\raw\matches\metadata\match_31544.json","605","2026/07/13 17:09:53"
"C:\Users\81805\toto-edge-git\ml\player_engine\data\raw\matches\metadata\match_31545.json","605","2026/07/13 17:09:55"
"C:\Users\81805\toto-edge-git\ml\player_engine\data\raw\matches\metadata\match_31546.json","605","2026/07/13 17:09:57"
"C:\Users\81805\toto-edge-git\ml\player_engine\data\raw\matches\metadata\match_31547.json","605","2026/07/13 17:09:59"
"C:\Users\81805\toto-edge-git\ml\player_engine\data\raw\matches\metadata\match_31548.json","605","2026/07/13 17:10:01"
"C:\Users\81805\toto-edge-git\ml\player_engine\data\raw\matches\metadata\match_31549.json","605","2026/07/13 17:10:03"
"C:\Users\81805\toto-edge-git\ml\player_engine\data\raw\matches\metadata\match_31550.json","605","2026/07/13 17:10:05"
"C:\Users\81805\toto-edge-git\ml\player_engine\data\raw\matches\metadata\match_31551.json","605","2026/07/13 17:10:08"
"C:\Users\81805\toto-edge-git\ml\player_engine\data\raw\matches\metadata\match_31552.json","605","2026/07/13 17:10:10"
"C:\Users\81805\toto-edge-git\ml\player_engine\data\raw\matches\metadata\match_31553.json","605","2026/07/13 17:10:12"
"C:\Users\81805\toto-edge-git\ml\player_engine\data\raw\matches\metadata\match_31554.json","605","2026/07/13 17:10:14"
"C:\Users\81805\toto-edge-git\ml\player_engine\data\raw\matches\metadata\match_31555.json","605","2026/07/13 17:10:16"
"C:\Users\81805\toto-edge-git\ml\player_engine\data\raw\matches\metadata\match_31556.json","605","2026/07/13 17:10:18"
"C:\Users\81805\toto-edge-git\ml\player_engine\data\raw\matches\metadata\match_31557.json","605","2026/07/13 17:10:21"
"C:\Users\81805\toto-edge-git\ml\player_engine\data\raw\matches\metadata\match_31558.json","605","2026/07/13 17:10:23"
"C:\Users\81805\toto-edge-git\ml\player_engine\data\raw\matches\metadata\match_31559.json","605","2026/07/13 17:10:25"
"C:\Users\81805\toto-edge-git\ml\player_engine\data\raw\matches\metadata\match_31560.json","605","2026/07/13 17:10:27"
"C:\Users\81805\toto-edge-git\ml\player_engine\data\raw\matches\metadata\match_31561.json","605","2026/07/13 17:10:29"
"C:\Users\81805\toto-edge-git\ml\player_engine\data\raw\matches\metadata\match_31562.json","605","2026/07/13 17:10:31"
"C:\Users\81805\toto-edge-git\ml\player_engine\data\raw\matches\metadata\match_31563.json","605","2026/07/13 17:10:33"
"C:\Users\81805\toto-edge-git\ml\player_engine\data\raw\matches\metadata\match_31564.json","605","2026/07/13 17:10:35"
"C:\Users\81805\toto-edge-git\ml\player_engine\data\raw\matches\metadata\match_31565.json","605","2026/07/13 17:10:38"
"C:\Users\81805\toto-edge-git\ml\player_engine\data\raw\matches\metadata\match_31566.json","605","2026/07/13 17:10:40"
"C:\Users\81805\toto-edge-git\ml\player_engine\data\raw\matches\metadata\match_31567.json","605","2026/07/13 17:10:42"
"C:\Users\81805\toto-edge-git\ml\player_engine\data\raw\matches\metadata\match_31568.json","605","2026/07/13 17:10:44"
"C:\Users\81805\toto-edge-git\ml\player_engine\data\raw\matches\metadata\match_31569.json","605","2026/07/13 17:10:46"
"C:\Users\81805\toto-edge-git\ml\player_engine\data\raw\matches\metadata\match_31570.json","605","2026/07/13 17:10:48"
"C:\Users\81805\toto-edge-git\ml\player_engine\data\raw\matches\metadata\match_31601.json","605","2026/07/13 17:10:50"
"C:\Users\81805\toto-edge-git\ml\player_engine\data\raw\matches\metadata\match_31602.json","605","2026/07/13 17:10:53"
"C:\Users\81805\toto-edge-git\ml\player_engine\data\raw\matches\metadata\match_31603.json","605","2026/07/13 17:10:55"
"C:\Users\81805\toto-edge-git\ml\player_engine\data\raw\matches\metadata\match_31604.json","605","2026/07/13 17:10:57"
"C:\Users\81805\toto-edge-git\ml\player_engine\data\raw\matches\metadata\match_31605.json","605","2026/07/13 17:10:59"
"C:\Users\81805\toto-edge-git\ml\player_engine\data\raw\matches\metadata\match_31606.json","605","2026/07/13 17:11:01"
"C:\Users\81805\toto-edge-git\ml\player_engine\data\raw\matches\metadata\match_31607.json","605","2026/07/13 17:11:03"
"C:\Users\81805\toto-edge-git\ml\player_engine\data\raw\matches\metadata\match_31608.json","605","2026/07/13 17:11:05"
"C:\Users\81805\toto-edge-git\ml\player_engine\data\raw\matches\metadata\match_31609.json","605","2026/07/13 17:11:08"
"C:\Users\81805\toto-edge-git\ml\player_engine\data\raw\matches\metadata\match_31610.json","605","2026/07/13 17:11:10"
"C:\Users\81805\toto-edge-git\ml\player_engine\data\raw\matches\metadata\match_31611.json","605","2026/07/13 17:11:12"
"C:\Users\81805\toto-edge-git\ml\player_engine\data\raw\matches\metadata\match_31612.json","605","2026/07/13 17:11:14"
"C:\Users\81805\toto-edge-git\ml\player_engine\data\raw\matches\metadata\match_31613.json","605","2026/07/13 17:11:16"
"C:\Users\81805\toto-edge-git\ml\player_engine\data\raw\matches\metadata\match_31614.json","605","2026/07/13 17:11:18"
"C:\Users\81805\toto-edge-git\ml\player_engine\data\raw\matches\metadata\match_31615.json","605","2026/07/13 17:11:21"
"C:\Users\81805\toto-edge-git\ml\player_engine\data\raw\matches\metadata\match_31616.json","605","2026/07/13 17:11:23"
"C:\Users\81805\toto-edge-git\ml\player_engine\data\raw\matches\metadata\match_31617.json","605","2026/07/13 17:11:25"
"C:\Users\81805\toto-edge-git\ml\player_engine\data\raw\matches\metadata\match_31618.json","605","2026/07/13 17:11:27"
"C:\Users\81805\toto-edge-git\ml\player_engine\data\raw\matches\metadata\match_31619.json","605","2026/07/13 17:11:29"
"C:\Users\81805\toto-edge-git\ml\player_engine\data\raw\matches\metadata\match_31620.json","605","2026/07/13 17:11:31"
"C:\Users\81805\toto-edge-git\ml\player_engine\data\raw\matches\metadata\match_31621.json","605","2026/07/13 17:11:34"
"C:\Users\81805\toto-edge-git\ml\player_engine\data\raw\matches\metadata\match_31622.json","605","2026/07/13 17:11:36"
"C:\Users\81805\toto-edge-git\ml\player_engine\data\raw\matches\metadata\match_31623.json","605","2026/07/13 17:11:38"
"C:\Users\81805\toto-edge-git\ml\player_engine\data\raw\matches\metadata\match_31624.json","605","2026/07/13 17:11:40"
"C:\Users\81805\toto-edge-git\ml\player_engine\data\raw\matches\metadata\match_31625.json","605","2026/07/13 17:11:42"
"C:\Users\81805\toto-edge-git\ml\player_engine\data\raw\matches\metadata\match_31626.json","605","2026/07/13 17:11:44"
"C:\Users\81805\toto-edge-git\ml\player_engine\data\raw\matches\metadata\match_31627.json","605","2026/07/13 17:11:46"
"C:\Users\81805\toto-edge-git\ml\player_engine\data\raw\matches\metadata\match_31628.json","605","2026/07/13 17:11:48"
"C:\Users\81805\toto-edge-git\ml\player_engine\data\raw\matches\metadata\match_31629.json","605","2026/07/13 17:11:51"
"C:\Users\81805\toto-edge-git\ml\player_engine\data\raw\matches\metadata\match_31630.json","605","2026/07/13 17:11:53"
"C:\Users\81805\toto-edge-git\ml\player_engine\data\raw\matches\metadata\match_31631.json","605","2026/07/13 17:11:55"
"C:\Users\81805\toto-edge-git\ml\player_engine\data\raw\matches\metadata\match_31632.json","605","2026/07/13 17:11:57"
"C:\Users\81805\toto-edge-git\ml\player_engine\data\raw\matches\metadata\match_31633.json","605","2026/07/13 17:11:59"
"C:\Users\81805\toto-edge-git\ml\player_engine\data\raw\matches\metadata\match_31634.json","605","2026/07/13 17:12:01"
"C:\Users\81805\toto-edge-git\ml\player_engine\data\raw\matches\metadata\match_31635.json","605","2026/07/13 17:12:03"
"C:\Users\81805\toto-edge-git\ml\player_engine\data\raw\matches\metadata\match_31636.json","605","2026/07/13 17:12:06"
"C:\Users\81805\toto-edge-git\ml\player_engine\data\raw\matches\metadata\match_31637.json","605","2026/07/13 17:12:08"
"C:\Users\81805\toto-edge-git\ml\player_engine\data\raw\matches\metadata\match_31638.json","605","2026/07/13 17:12:10"
"C:\Users\81805\toto-edge-git\ml\player_engine\data\raw\matches\metadata\match_31639.json","605","2026/07/13 17:12:12"
"C:\Users\81805\toto-edge-git\ml\player_engine\data\raw\matches\metadata\match_31640.json","605","2026/07/13 17:12:14"
"C:\Users\81805\toto-edge-git\ml\player_engine\data\raw\matches\metadata\match_31641.json","605","2026/07/13 17:12:16"
"C:\Users\81805\toto-edge-git\ml\player_engine\data\raw\matches\metadata\match_31642.json","605","2026/07/13 17:12:18"
"C:\Users\81805\toto-edge-git\ml\player_engine\data\raw\matches\metadata\match_31643.json","605","2026/07/13 17:12:21"
"C:\Users\81805\toto-edge-git\ml\player_engine\data\raw\matches\metadata\match_31644.json","605","2026/07/13 17:12:23"
"C:\Users\81805\toto-edge-git\ml\player_engine\data\raw\matches\metadata\match_31645.json","605","2026/07/13 17:12:25"
"C:\Users\81805\toto-edge-git\ml\player_engine\data\raw\matches\metadata\match_31646.json","605","2026/07/13 17:12:27"
"C:\Users\81805\toto-edge-git\ml\player_engine\data\raw\matches\metadata\match_31647.json","605","2026/07/13 17:12:29"
"C:\Users\81805\toto-edge-git\ml\player_engine\data\raw\matches\metadata\match_31648.json","605","2026/07/13 17:12:31"
"C:\Users\81805\toto-edge-git\ml\player_engine\data\raw\matches\metadata\match_31649.json","605","2026/07/13 17:12:33"
"C:\Users\81805\toto-edge-git\ml\player_engine\data\raw\matches\metadata\match_31650.json","605","2026/07/13 17:12:36"
"C:\Users\81805\toto-edge-git\ml\player_engine\data\raw\matches\metadata\match_31651.json","605","2026/07/13 17:12:38"
"C:\Users\81805\toto-edge-git\ml\player_engine\data\raw\matches\metadata\match_31652.json","605","2026/07/13 17:12:40"
"C:\Users\81805\toto-edge-git\ml\player_engine\data\raw\matches\metadata\match_31653.json","605","2026/07/13 17:12:42"
"C:\Users\81805\toto-edge-git\ml\player_engine\data\raw\matches\metadata\match_31654.json","605","2026/07/13 17:12:44"
"C:\Users\81805\toto-edge-git\ml\player_engine\data\raw\matches\metadata\match_31655.json","605","2026/07/13 17:12:46"
"C:\Users\81805\toto-edge-git\ml\player_engine\data\raw\matches\metadata\match_31656.json","605","2026/07/13 17:12:49"
"C:\Users\81805\toto-edge-git\ml\player_engine\data\raw\matches\metadata\match_31657.json","605","2026/07/13 17:12:51"
"C:\Users\81805\toto-edge-git\ml\player_engine\data\raw\matches\metadata\match_31658.json","605","2026/07/13 17:12:53"
"C:\Users\81805\toto-edge-git\ml\player_engine\data\raw\matches\metadata\match_31659.json","605","2026/07/13 17:12:55"
"C:\Users\81805\toto-edge-git\ml\player_engine\data\raw\matches\metadata\match_31660.json","605","2026/07/13 17:12:57"
"C:\Users\81805\toto-edge-git\ml\player_engine\data\raw\matches\metadata\match_31661.json","605","2026/07/13 17:12:59"
"C:\Users\81805\toto-edge-git\ml\player_engine\data\raw\matches\metadata\match_31662.json","605","2026/07/13 17:13:01"
"C:\Users\81805\toto-edge-git\ml\player_engine\data\raw\matches\metadata\match_31663.json","605","2026/07/13 17:13:03"
"C:\Users\81805\toto-edge-git\ml\player_engine\data\raw\matches\metadata\match_31664.json","605","2026/07/13 17:13:06"
"C:\Users\81805\toto-edge-git\ml\player_engine\data\raw\matches\metadata\match_31665.json","605","2026/07/13 17:13:08"
"C:\Users\81805\toto-edge-git\ml\player_engine\data\raw\matches\metadata\match_31666.json","605","2026/07/13 17:13:10"
"C:\Users\81805\toto-edge-git\ml\player_engine\data\raw\matches\metadata\match_31667.json","605","2026/07/13 17:13:12"
"C:\Users\81805\toto-edge-git\ml\player_engine\data\raw\matches\metadata\match_31668.json","605","2026/07/13 17:13:14"
"C:\Users\81805\toto-edge-git\ml\player_engine\data\raw\matches\metadata\match_31669.json","605","2026/07/13 17:13:16"
"C:\Users\81805\toto-edge-git\ml\player_engine\data\raw\matches\metadata\match_31670.json","605","2026/07/13 17:13:18"
"C:\Users\81805\toto-edge-git\ml\player_engine\data\raw\matches\metadata\match_31671.json","605","2026/07/13 17:13:21"
"C:\Users\81805\toto-edge-git\ml\player_engine\data\raw\matches\metadata\match_31672.json","605","2026/07/13 17:13:23"
"C:\Users\81805\toto-edge-git\ml\player_engine\data\raw\matches\metadata\match_31673.json","605","2026/07/13 17:13:25"
"C:\Users\81805\toto-edge-git\ml\player_engine\data\raw\matches\metadata\match_31674.json","605","2026/07/13 17:13:27"
"C:\Users\81805\toto-edge-git\ml\player_engine\data\raw\matches\metadata\match_31675.json","605","2026/07/13 17:13:29"
"C:\Users\81805\toto-edge-git\ml\player_engine\data\raw\matches\metadata\match_31676.json","605","2026/07/13 17:13:31"
"C:\Users\81805\toto-edge-git\ml\player_engine\data\raw\matches\metadata\match_31677.json","605","2026/07/13 17:13:33"
"C:\Users\81805\toto-edge-git\ml\player_engine\data\raw\matches\metadata\match_31678.json","605","2026/07/13 17:13:35"
"C:\Users\81805\toto-edge-git\ml\player_engine\data\raw\matches\metadata\match_31679.json","605","2026/07/13 17:13:38"
"C:\Users\81805\toto-edge-git\ml\player_engine\data\raw\matches\metadata\match_31680.json","605","2026/07/13 17:13:40"
"C:\Users\81805\toto-edge-git\ml\player_engine\data\raw\matches\metadata\match_31681.json","605","2026/07/13 17:13:42"
"C:\Users\81805\toto-edge-git\ml\player_engine\data\raw\matches\metadata\match_31682.json","605","2026/07/13 17:13:44"
"C:\Users\81805\toto-edge-git\ml\player_engine\data\raw\matches\metadata\match_31683.json","605","2026/07/13 17:13:46"
"C:\Users\81805\toto-edge-git\ml\player_engine\data\raw\matches\metadata\match_31684.json","605","2026/07/13 17:13:48"
"C:\Users\81805\toto-edge-git\ml\player_engine\data\raw\matches\metadata\match_31685.json","605","2026/07/13 17:13:51"
"C:\Users\81805\toto-edge-git\ml\player_engine\data\raw\matches\metadata\match_31686.json","605","2026/07/13 17:13:53"
"C:\Users\81805\toto-edge-git\ml\player_engine\data\raw\matches\metadata\match_31687.json","605","2026/07/13 17:13:55"
"C:\Users\81805\toto-edge-git\ml\player_engine\data\raw\matches\metadata\match_31688.json","605","2026/07/13 17:13:57"
"C:\Users\81805\toto-edge-git\ml\player_engine\data\raw\matches\metadata\match_31689.json","605","2026/07/13 17:13:59"
"C:\Users\81805\toto-edge-git\ml\player_engine\data\raw\matches\metadata\match_31690.json","605","2026/07/13 17:14:01"
"C:\Users\81805\toto-edge-git\ml\player_engine\data\raw\matches\metadata\match_31691.json","605","2026/07/13 17:14:03"
"C:\Users\81805\toto-edge-git\ml\player_engine\data\raw\matches\metadata\match_31692.json","605","2026/07/13 17:14:05"
"C:\Users\81805\toto-edge-git\ml\player_engine\data\raw\matches\metadata\match_31693.json","605","2026/07/13 17:14:08"
"C:\Users\81805\toto-edge-git\ml\player_engine\data\raw\matches\metadata\match_31694.json","605","2026/07/13 17:14:10"
"C:\Users\81805\toto-edge-git\ml\player_engine\data\raw\matches\metadata\match_31695.json","605","2026/07/13 17:14:12"
"C:\Users\81805\toto-edge-git\ml\player_engine\data\raw\matches\metadata\match_31696.json","605","2026/07/13 17:14:14"
"C:\Users\81805\toto-edge-git\ml\player_engine\data\raw\matches\metadata\match_31697.json","605","2026/07/13 17:14:16"
"C:\Users\81805\toto-edge-git\ml\player_engine\data\raw\matches\metadata\match_31698.json","605","2026/07/13 17:14:18"
"C:\Users\81805\toto-edge-git\ml\player_engine\data\raw\matches\metadata\match_31699.json","605","2026/07/13 17:14:20"
"C:\Users\81805\toto-edge-git\ml\player_engine\data\raw\matches\metadata\match_31700.json","605","2026/07/13 17:14:23"
"C:\Users\81805\toto-edge-git\ml\player_engine\data\raw\matches\metadata\match_31701.json","605","2026/07/13 17:14:25"
"C:\Users\81805\toto-edge-git\ml\player_engine\data\raw\matches\metadata\match_31702.json","605","2026/07/13 17:14:27"
"C:\Users\81805\toto-edge-git\ml\player_engine\data\raw\matches\metadata\match_31703.json","605","2026/07/13 17:14:29"
"C:\Users\81805\toto-edge-git\ml\player_engine\data\raw\matches\metadata\match_31704.json","605","2026/07/13 17:14:31"
"C:\Users\81805\toto-edge-git\ml\player_engine\data\raw\matches\metadata\match_31705.json","605","2026/07/13 17:14:33"
"C:\Users\81805\toto-edge-git\ml\player_engine\data\raw\matches\metadata\match_31706.json","605","2026/07/13 17:14:36"
"C:\Users\81805\toto-edge-git\ml\player_engine\data\raw\matches\metadata\match_31707.json","605","2026/07/13 17:14:38"
"C:\Users\81805\toto-edge-git\ml\player_engine\data\raw\matches\metadata\match_31708.json","605","2026/07/13 17:14:40"
"C:\Users\81805\toto-edge-git\ml\player_engine\data\raw\matches\metadata\match_31709.json","605","2026/07/13 17:14:42"
"C:\Users\81805\toto-edge-git\ml\player_engine\data\raw\matches\metadata\match_31710.json","605","2026/07/13 17:14:44"
"C:\Users\81805\toto-edge-git\ml\player_engine\data\raw\matches\metadata\match_31711.json","605","2026/07/13 17:14:46"
"C:\Users\81805\toto-edge-git\ml\player_engine\data\raw\matches\metadata\match_31712.json","605","2026/07/13 17:14:48"
"C:\Users\81805\toto-edge-git\ml\player_engine\data\raw\matches\metadata\match_31713.json","605","2026/07/13 17:14:50"
"C:\Users\81805\toto-edge-git\ml\player_engine\data\raw\matches\metadata\match_31714.json","605","2026/07/13 17:14:53"
"C:\Users\81805\toto-edge-git\ml\player_engine\data\raw\matches\metadata\match_31715.json","605","2026/07/13 17:14:55"
"C:\Users\81805\toto-edge-git\ml\player_engine\data\raw\matches\metadata\match_31716.json","605","2026/07/13 17:14:57"
"C:\Users\81805\toto-edge-git\ml\player_engine\data\raw\matches\metadata\match_31717.json","605","2026/07/13 17:14:59"
"C:\Users\81805\toto-edge-git\ml\player_engine\data\raw\matches\metadata\match_31718.json","605","2026/07/13 17:15:01"
"C:\Users\81805\toto-edge-git\ml\player_engine\data\raw\matches\metadata\match_31719.json","605","2026/07/13 17:15:03"
"C:\Users\81805\toto-edge-git\ml\player_engine\data\raw\matches\metadata\match_31720.json","605","2026/07/13 17:15:05"
"C:\Users\81805\toto-edge-git\ml\player_engine\data\raw\matches\metadata\match_31721.json","605","2026/07/13 17:15:07"
"C:\Users\81805\toto-edge-git\ml\player_engine\data\raw\matches\metadata\match_31722.json","605","2026/07/13 17:15:10"
"C:\Users\81805\toto-edge-git\ml\player_engine\data\raw\matches\metadata\match_31723.json","605","2026/07/13 17:15:12"
"C:\Users\81805\toto-edge-git\ml\player_engine\data\raw\matches\metadata\match_31724.json","605","2026/07/13 17:15:14"
"C:\Users\81805\toto-edge-git\ml\player_engine\data\raw\matches\metadata\match_31725.json","605","2026/07/13 17:15:16"
"C:\Users\81805\toto-edge-git\ml\player_engine\data\raw\matches\metadata\match_31726.json","605","2026/07/13 17:15:18"
"C:\Users\81805\toto-edge-git\ml\player_engine\data\raw\matches\metadata\match_31727.json","605","2026/07/13 17:15:20"
"C:\Users\81805\toto-edge-git\ml\player_engine\data\raw\matches\metadata\match_31728.json","605","2026/07/13 17:15:22"
"C:\Users\81805\toto-edge-git\ml\player_engine\data\raw\matches\metadata\match_31729.json","605","2026/07/13 17:15:25"
"C:\Users\81805\toto-edge-git\ml\player_engine\data\raw\matches\metadata\match_31730.json","605","2026/07/13 17:15:27"
"C:\Users\81805\toto-edge-git\ml\player_engine\data\raw\matches\metadata\match_31731.json","605","2026/07/13 17:15:29"
"C:\Users\81805\toto-edge-git\ml\player_engine\data\raw\matches\metadata\match_31732.json","605","2026/07/13 17:15:31"
"C:\Users\81805\toto-edge-git\ml\player_engine\data\raw\matches\metadata\match_31733.json","605","2026/07/13 17:15:33"
"C:\Users\81805\toto-edge-git\ml\player_engine\data\raw\matches\metadata\match_31734.json","605","2026/07/13 17:15:35"
"C:\Users\81805\toto-edge-git\ml\player_engine\data\raw\matches\metadata\match_31735.json","605","2026/07/13 17:15:37"
"C:\Users\81805\toto-edge-git\ml\player_engine\data\raw\matches\metadata\match_31736.json","605","2026/07/13 17:15:40"
"C:\Users\81805\toto-edge-git\ml\player_engine\data\raw\matches\metadata\match_31737.json","605","2026/07/13 17:15:42"
"C:\Users\81805\toto-edge-git\ml\player_engine\data\raw\matches\metadata\match_31738.json","605","2026/07/13 17:15:44"
"C:\Users\81805\toto-edge-git\ml\player_engine\data\raw\matches\metadata\match_31739.json","605","2026/07/13 17:15:46"
"C:\Users\81805\toto-edge-git\ml\player_engine\data\raw\matches\metadata\match_31740.json","605","2026/07/13 17:15:48"
"C:\Users\81805\toto-edge-git\ml\player_engine\data\raw\matches\metadata\match_31741.json","605","2026/07/13 17:15:50"
"C:\Users\81805\toto-edge-git\ml\player_engine\data\raw\matches\metadata\match_31742.json","605","2026/07/13 17:15:52"
"C:\Users\81805\toto-edge-git\ml\player_engine\data\raw\matches\metadata\match_31743.json","605","2026/07/13 17:15:55"
"C:\Users\81805\toto-edge-git\ml\player_engine\data\raw\matches\metadata\match_31744.json","605","2026/07/13 17:15:57"
"C:\Users\81805\toto-edge-git\ml\player_engine\data\raw\matches\metadata\match_31745.json","605","2026/07/13 17:15:59"
"C:\Users\81805\toto-edge-git\ml\player_engine\data\raw\matches\metadata\match_31746.json","605","2026/07/13 17:16:01"
"C:\Users\81805\toto-edge-git\ml\player_engine\data\raw\matches\metadata\match_31747.json","605","2026/07/13 17:16:03"
"C:\Users\81805\toto-edge-git\ml\player_engine\data\raw\matches\metadata\match_31748.json","605","2026/07/13 17:16:05"
"C:\Users\81805\toto-edge-git\ml\player_engine\data\raw\matches\metadata\match_31749.json","605","2026/07/13 17:16:07"
"C:\Users\81805\toto-edge-git\ml\player_engine\data\raw\matches\metadata\match_31750.json","605","2026/07/13 17:16:09"
"C:\Users\81805\toto-edge-git\ml\player_engine\data\raw\matches\metadata\match_31751.json","605","2026/07/13 17:16:12"
"C:\Users\81805\toto-edge-git\ml\player_engine\data\raw\matches\metadata\match_31752.json","605","2026/07/13 17:16:14"
"C:\Users\81805\toto-edge-git\ml\player_engine\data\raw\matches\metadata\match_31753.json","605","2026/07/13 17:16:16"
"C:\Users\81805\toto-edge-git\ml\player_engine\data\raw\matches\metadata\match_31754.json","605","2026/07/13 17:16:18"
"C:\Users\81805\toto-edge-git\ml\player_engine\data\raw\matches\metadata\match_31755.json","605","2026/07/13 17:16:20"
"C:\Users\81805\toto-edge-git\ml\player_engine\data\raw\matches\metadata\match_31756.json","605","2026/07/13 17:16:22"
"C:\Users\81805\toto-edge-git\ml\player_engine\data\raw\matches\metadata\match_31757.json","605","2026/07/13 17:16:24"
"C:\Users\81805\toto-edge-git\ml\player_engine\data\raw\matches\metadata\match_31758.json","605","2026/07/13 17:16:27"
"C:\Users\81805\toto-edge-git\ml\player_engine\data\raw\matches\metadata\match_31759.json","605","2026/07/13 17:16:29"
"C:\Users\81805\toto-edge-git\ml\player_engine\data\raw\matches\metadata\match_31760.json","605","2026/07/13 17:16:31"
"C:\Users\81805\toto-edge-git\ml\player_engine\data\raw\matches\metadata\match_31761.json","605","2026/07/13 17:16:33"
"C:\Users\81805\toto-edge-git\ml\player_engine\data\raw\matches\metadata\match_31762.json","605","2026/07/13 17:16:35"
"C:\Users\81805\toto-edge-git\ml\player_engine\data\raw\matches\metadata\match_31763.json","605","2026/07/13 17:16:37"
"C:\Users\81805\toto-edge-git\ml\player_engine\data\raw\matches\metadata\match_31764.json","605","2026/07/13 17:16:39"
"C:\Users\81805\toto-edge-git\ml\player_engine\data\raw\matches\metadata\match_31765.json","605","2026/07/13 17:16:42"
"C:\Users\81805\toto-edge-git\ml\player_engine\data\raw\matches\metadata\match_31766.json","605","2026/07/13 17:16:44"
"C:\Users\81805\toto-edge-git\ml\player_engine\data\raw\matches\metadata\match_31767.json","605","2026/07/13 17:16:46"
"C:\Users\81805\toto-edge-git\ml\player_engine\data\raw\matches\metadata\match_31768.json","605","2026/07/13 17:16:48"
"C:\Users\81805\toto-edge-git\ml\player_engine\data\raw\matches\metadata\match_31769.json","605","2026/07/13 17:16:50"
"C:\Users\81805\toto-edge-git\ml\player_engine\data\raw\matches\metadata\match_31770.json","605","2026/07/13 17:16:52"
"C:\Users\81805\toto-edge-git\ml\player_engine\data\raw\matches\metadata\match_31771.json","605","2026/07/13 17:16:54"
"C:\Users\81805\toto-edge-git\ml\player_engine\data\raw\matches\metadata\match_31772.json","605","2026/07/13 17:16:56"
"C:\Users\81805\toto-edge-git\ml\player_engine\data\raw\matches\metadata\match_31773.json","605","2026/07/13 17:16:59"
"C:\Users\81805\toto-edge-git\ml\player_engine\data\raw\matches\metadata\match_31774.json","605","2026/07/13 17:17:01"
"C:\Users\81805\toto-edge-git\ml\player_engine\data\raw\matches\metadata\match_31775.json","605","2026/07/13 17:17:03"
"C:\Users\81805\toto-edge-git\ml\player_engine\data\raw\matches\metadata\match_31776.json","605","2026/07/13 17:17:05"
"C:\Users\81805\toto-edge-git\ml\player_engine\data\raw\matches\metadata\match_31777.json","605","2026/07/13 17:17:07"
"C:\Users\81805\toto-edge-git\ml\player_engine\data\raw\matches\metadata\match_31778.json","605","2026/07/13 17:17:09"
"C:\Users\81805\toto-edge-git\ml\player_engine\data\raw\matches\metadata\match_31779.json","605","2026/07/13 17:17:11"
"C:\Users\81805\toto-edge-git\ml\player_engine\data\raw\matches\metadata\match_31780.json","605","2026/07/13 17:17:14"
"C:\Users\81805\toto-edge-git\ml\player_engine\data\raw\matches\metadata\match_31781.json","605","2026/07/13 17:17:16"
"C:\Users\81805\toto-edge-git\ml\player_engine\data\raw\matches\metadata\match_31782.json","605","2026/07/13 17:17:18"
"C:\Users\81805\toto-edge-git\ml\player_engine\data\raw\matches\metadata\match_31783.json","605","2026/07/13 17:17:20"
"C:\Users\81805\toto-edge-git\ml\player_engine\data\raw\matches\metadata\match_31784.json","605","2026/07/13 17:17:22"
"C:\Users\81805\toto-edge-git\ml\player_engine\data\raw\matches\metadata\match_31785.json","605","2026/07/13 17:17:24"
"C:\Users\81805\toto-edge-git\ml\player_engine\data\raw\matches\metadata\match_31786.json","605","2026/07/13 17:17:26"
"C:\Users\81805\toto-edge-git\ml\player_engine\data\raw\matches\metadata\match_31787.json","605","2026/07/13 17:17:29"
"C:\Users\81805\toto-edge-git\ml\player_engine\data\raw\matches\metadata\match_31788.json","605","2026/07/13 17:17:31"
"C:\Users\81805\toto-edge-git\ml\player_engine\data\raw\matches\metadata\match_31789.json","605","2026/07/13 17:17:33"
"C:\Users\81805\toto-edge-git\ml\player_engine\data\raw\matches\metadata\match_31790.json","605","2026/07/13 17:17:35"
"C:\Users\81805\toto-edge-git\ml\player_engine\data\raw\matches\metadata\match_31791.json","605","2026/07/13 17:17:37"
"C:\Users\81805\toto-edge-git\ml\player_engine\data\raw\matches\metadata\match_31792.json","605","2026/07/13 17:17:39"
"C:\Users\81805\toto-edge-git\ml\player_engine\data\raw\matches\metadata\match_31793.json","605","2026/07/13 17:17:41"
"C:\Users\81805\toto-edge-git\ml\player_engine\data\raw\matches\metadata\match_31794.json","605","2026/07/13 17:17:43"
"C:\Users\81805\toto-edge-git\ml\player_engine\data\raw\matches\metadata\match_31795.json","605","2026/07/13 17:17:46"
"C:\Users\81805\toto-edge-git\ml\player_engine\data\raw\matches\metadata\match_31796.json","605","2026/07/13 17:17:48"
"C:\Users\81805\toto-edge-git\ml\player_engine\data\raw\matches\metadata\match_31797.json","605","2026/07/13 17:17:50"
"C:\Users\81805\toto-edge-git\ml\player_engine\data\raw\matches\metadata\match_31798.json","605","2026/07/13 17:17:52"
"C:\Users\81805\toto-edge-git\ml\player_engine\data\raw\matches\metadata\match_31799.json","605","2026/07/13 17:17:54"
"C:\Users\81805\toto-edge-git\ml\player_engine\data\raw\matches\metadata\match_31800.json","605","2026/07/13 17:17:56"
"C:\Users\81805\toto-edge-git\ml\player_engine\data\raw\matches\metadata\match_31801.json","605","2026/07/13 17:17:58"
"C:\Users\81805\toto-edge-git\ml\player_engine\data\raw\matches\metadata\match_31802.json","605","2026/07/13 17:18:01"
"C:\Users\81805\toto-edge-git\ml\player_engine\data\raw\matches\metadata\match_31803.json","605","2026/07/13 17:18:03"
"C:\Users\81805\toto-edge-git\ml\player_engine\data\raw\matches\metadata\match_31804.json","605","2026/07/13 17:18:05"
"C:\Users\81805\toto-edge-git\ml\player_engine\data\raw\matches\metadata\match_31805.json","605","2026/07/13 17:18:07"
"C:\Users\81805\toto-edge-git\ml\player_engine\data\raw\matches\metadata\match_31806.json","605","2026/07/13 17:18:09"
"C:\Users\81805\toto-edge-git\ml\player_engine\data\raw\matches\metadata\match_31807.json","605","2026/07/13 17:18:11"
"C:\Users\81805\toto-edge-git\ml\player_engine\data\raw\matches\metadata\match_31808.json","605","2026/07/13 17:18:13"
"C:\Users\81805\toto-edge-git\ml\player_engine\data\raw\matches\metadata\match_31809.json","605","2026/07/13 17:18:15"
"C:\Users\81805\toto-edge-git\ml\player_engine\data\raw\matches\metadata\match_31810.json","605","2026/07/13 17:18:18"
"C:\Users\81805\toto-edge-git\ml\player_engine\data\raw\matches\metadata\match_31811.json","605","2026/07/13 17:18:20"
"C:\Users\81805\toto-edge-git\ml\player_engine\data\raw\matches\metadata\match_31812.json","605","2026/07/13 17:18:22"
"C:\Users\81805\toto-edge-git\ml\player_engine\data\raw\matches\metadata\match_31813.json","605","2026/07/13 17:18:24"
"C:\Users\81805\toto-edge-git\ml\player_engine\data\raw\matches\metadata\match_31814.json","605","2026/07/13 17:18:26"
"C:\Users\81805\toto-edge-git\ml\player_engine\data\raw\matches\metadata\match_31815.json","605","2026/07/13 17:18:28"
"C:\Users\81805\toto-edge-git\ml\player_engine\data\raw\matches\metadata\match_31816.json","605","2026/07/13 17:18:30"
"C:\Users\81805\toto-edge-git\ml\player_engine\data\raw\matches\metadata\match_31817.json","605","2026/07/13 17:18:33"
"C:\Users\81805\toto-edge-git\ml\player_engine\data\raw\matches\metadata\match_31818.json","605","2026/07/13 17:18:35"
"C:\Users\81805\toto-edge-git\ml\player_engine\data\raw\matches\metadata\match_31819.json","605","2026/07/13 17:18:37"
"C:\Users\81805\toto-edge-git\ml\player_engine\data\raw\matches\metadata\match_31820.json","605","2026/07/13 17:18:39"
"C:\Users\81805\toto-edge-git\ml\player_engine\data\raw\matches\metadata\match_31821.json","605","2026/07/13 17:18:41"
"C:\Users\81805\toto-edge-git\ml\player_engine\data\raw\matches\metadata\match_31822.json","605","2026/07/13 17:18:43"
"C:\Users\81805\toto-edge-git\ml\player_engine\data\raw\matches\metadata\match_31823.json","605","2026/07/13 17:18:45"
"C:\Users\81805\toto-edge-git\ml\player_engine\data\raw\matches\metadata\match_31824.json","605","2026/07/13 17:18:48"
"C:\Users\81805\toto-edge-git\ml\player_engine\data\raw\matches\metadata\match_31825.json","605","2026/07/13 17:18:50"
"C:\Users\81805\toto-edge-git\ml\player_engine\data\raw\matches\metadata\match_31826.json","605","2026/07/13 17:18:52"
"C:\Users\81805\toto-edge-git\ml\player_engine\data\raw\matches\metadata\match_31827.json","605","2026/07/13 17:18:54"
"C:\Users\81805\toto-edge-git\ml\player_engine\data\raw\matches\metadata\match_31828.json","605","2026/07/13 17:18:56"
"C:\Users\81805\toto-edge-git\ml\player_engine\data\raw\matches\metadata\match_31829.json","605","2026/07/13 17:18:58"
"C:\Users\81805\toto-edge-git\ml\player_engine\data\raw\matches\metadata\match_31830.json","605","2026/07/13 17:19:00"
"C:\Users\81805\toto-edge-git\ml\player_engine\data\raw\matches\metadata\match_31831.json","605","2026/07/13 17:19:02"
"C:\Users\81805\toto-edge-git\ml\player_engine\data\raw\matches\metadata\match_31832.json","605","2026/07/13 17:19:05"
"C:\Users\81805\toto-edge-git\ml\player_engine\data\raw\matches\metadata\match_31833.json","605","2026/07/13 17:19:07"
"C:\Users\81805\toto-edge-git\ml\player_engine\data\raw\matches\metadata\match_31834.json","605","2026/07/13 17:19:09"
"C:\Users\81805\toto-edge-git\ml\player_engine\data\raw\matches\metadata\match_31835.json","605","2026/07/13 17:19:11"
"C:\Users\81805\toto-edge-git\ml\player_engine\data\raw\matches\metadata\match_31836.json","605","2026/07/13 17:19:13"
"C:\Users\81805\toto-edge-git\ml\player_engine\data\raw\matches\metadata\match_31837.json","605","2026/07/13 17:19:15"
"C:\Users\81805\toto-edge-git\ml\player_engine\data\raw\matches\metadata\match_31838.json","605","2026/07/13 17:19:17"
"C:\Users\81805\toto-edge-git\ml\player_engine\data\raw\matches\metadata\match_31839.json","605","2026/07/13 17:19:20"
"C:\Users\81805\toto-edge-git\ml\player_engine\data\raw\matches\metadata\match_31840.json","605","2026/07/13 17:19:22"
"C:\Users\81805\toto-edge-git\ml\player_engine\data\raw\matches\metadata\match_31841.json","605","2026/07/13 17:19:24"
"C:\Users\81805\toto-edge-git\ml\player_engine\data\raw\matches\metadata\match_31842.json","605","2026/07/13 17:19:26"
"C:\Users\81805\toto-edge-git\ml\player_engine\data\raw\matches\metadata\match_31843.json","605","2026/07/13 17:19:28"
"C:\Users\81805\toto-edge-git\ml\player_engine\data\raw\matches\metadata\match_31844.json","605","2026/07/13 17:19:30"
"C:\Users\81805\toto-edge-git\ml\player_engine\data\raw\matches\metadata\match_31845.json","605","2026/07/13 17:19:32"
"C:\Users\81805\toto-edge-git\ml\player_engine\data\raw\matches\metadata\match_31846.json","605","2026/07/13 17:19:35"
"C:\Users\81805\toto-edge-git\ml\player_engine\data\raw\matches\metadata\match_31847.json","605","2026/07/13 17:19:37"
"C:\Users\81805\toto-edge-git\ml\player_engine\data\raw\matches\metadata\match_31848.json","605","2026/07/13 17:19:39"
"C:\Users\81805\toto-edge-git\ml\player_engine\data\raw\matches\metadata\match_31849.json","605","2026/07/13 17:19:41"
"C:\Users\81805\toto-edge-git\ml\player_engine\data\raw\matches\metadata\match_31850.json","605","2026/07/13 17:19:43"
"C:\Users\81805\toto-edge-git\ml\player_engine\data\raw\matches\metadata\match_31851.json","605","2026/07/13 17:19:45"
"C:\Users\81805\toto-edge-git\ml\player_engine\data\raw\matches\metadata\match_31852.json","605","2026/07/13 17:19:47"
"C:\Users\81805\toto-edge-git\ml\player_engine\data\raw\matches\metadata\match_31853.json","605","2026/07/13 17:19:49"
"C:\Users\81805\toto-edge-git\ml\player_engine\data\raw\matches\metadata\match_31854.json","605","2026/07/13 17:19:52"
"C:\Users\81805\toto-edge-git\ml\player_engine\data\raw\matches\metadata\match_31855.json","605","2026/07/13 17:19:54"
"C:\Users\81805\toto-edge-git\ml\player_engine\data\raw\matches\metadata\match_31856.json","605","2026/07/13 17:19:56"
"C:\Users\81805\toto-edge-git\ml\player_engine\data\raw\matches\metadata\match_31857.json","605","2026/07/13 17:19:58"
"C:\Users\81805\toto-edge-git\ml\player_engine\data\raw\matches\metadata\match_31858.json","605","2026/07/13 17:20:00"
"C:\Users\81805\toto-edge-git\ml\player_engine\data\raw\matches\metadata\match_31859.json","605","2026/07/13 17:20:02"
"C:\Users\81805\toto-edge-git\ml\player_engine\data\raw\matches\metadata\match_31860.json","605","2026/07/13 17:20:04"
"C:\Users\81805\toto-edge-git\ml\player_engine\data\raw\matches\metadata\match_31861.json","605","2026/07/13 17:20:06"
"C:\Users\81805\toto-edge-git\ml\player_engine\data\raw\matches\metadata\match_31862.json","605","2026/07/13 17:20:09"
"C:\Users\81805\toto-edge-git\ml\player_engine\data\raw\matches\metadata\match_31863.json","605","2026/07/13 17:20:11"
"C:\Users\81805\toto-edge-git\ml\player_engine\data\raw\matches\metadata\match_31864.json","605","2026/07/13 17:20:13"
"C:\Users\81805\toto-edge-git\ml\player_engine\data\raw\matches\metadata\match_31865.json","605","2026/07/13 17:20:15"
"C:\Users\81805\toto-edge-git\ml\player_engine\data\raw\matches\metadata\match_31866.json","605","2026/07/13 17:20:17"
"C:\Users\81805\toto-edge-git\ml\player_engine\data\raw\matches\metadata\match_31867.json","605","2026/07/13 17:20:19"
"C:\Users\81805\toto-edge-git\ml\player_engine\data\raw\matches\metadata\match_31868.json","605","2026/07/13 17:20:21"
"C:\Users\81805\toto-edge-git\ml\player_engine\data\raw\matches\metadata\match_31869.json","605","2026/07/13 17:20:24"
"C:\Users\81805\toto-edge-git\ml\player_engine\data\raw\matches\metadata\match_31870.json","605","2026/07/13 17:20:26"
"C:\Users\81805\toto-edge-git\ml\player_engine\data\raw\matches\metadata\match_31871.json","605","2026/07/13 17:20:28"
"C:\Users\81805\toto-edge-git\ml\player_engine\data\raw\matches\metadata\match_31872.json","605","2026/07/13 17:20:30"
"C:\Users\81805\toto-edge-git\ml\player_engine\data\raw\matches\metadata\match_31873.json","605","2026/07/13 17:20:32"
"C:\Users\81805\toto-edge-git\ml\player_engine\data\raw\matches\metadata\match_31874.json","605","2026/07/13 17:20:34"
"C:\Users\81805\toto-edge-git\ml\player_engine\data\raw\matches\metadata\match_31875.json","605","2026/07/13 17:20:36"
"C:\Users\81805\toto-edge-git\ml\player_engine\data\raw\matches\metadata\match_31876.json","605","2026/07/13 17:20:38"
"C:\Users\81805\toto-edge-git\ml\player_engine\data\raw\matches\metadata\match_31877.json","605","2026/07/13 17:20:40"
"C:\Users\81805\toto-edge-git\ml\player_engine\data\raw\matches\metadata\match_31878.json","605","2026/07/13 17:20:43"
"C:\Users\81805\toto-edge-git\ml\player_engine\data\raw\matches\metadata\match_31879.json","605","2026/07/13 17:20:45"
"C:\Users\81805\toto-edge-git\ml\player_engine\data\raw\matches\metadata\match_31880.json","605","2026/07/13 17:20:47"
"C:\Users\81805\toto-edge-git\ml\player_engine\data\raw\matches\metadata\match_31881.json","605","2026/07/13 17:20:49"
"C:\Users\81805\toto-edge-git\ml\player_engine\data\raw\matches\metadata\match_31882.json","605","2026/07/13 17:20:51"
"C:\Users\81805\toto-edge-git\ml\player_engine\data\raw\matches\metadata\match_31883.json","605","2026/07/13 17:20:53"
"C:\Users\81805\toto-edge-git\ml\player_engine\data\raw\matches\metadata\match_31884.json","605","2026/07/13 17:20:55"
"C:\Users\81805\toto-edge-git\ml\player_engine\data\raw\matches\metadata\match_31885.json","605","2026/07/13 17:20:57"
"C:\Users\81805\toto-edge-git\ml\player_engine\data\raw\matches\metadata\match_31886.json","605","2026/07/13 17:21:00"
"C:\Users\81805\toto-edge-git\ml\player_engine\data\raw\matches\metadata\match_31887.json","605","2026/07/13 17:21:02"
"C:\Users\81805\toto-edge-git\ml\player_engine\data\raw\matches\metadata\match_31888.json","605","2026/07/13 17:21:04"
"C:\Users\81805\toto-edge-git\ml\player_engine\data\raw\matches\metadata\match_31889.json","605","2026/07/13 17:21:06"
"C:\Users\81805\toto-edge-git\ml\player_engine\data\raw\matches\metadata\match_31890.json","605","2026/07/13 17:21:08"
"C:\Users\81805\toto-edge-git\ml\player_engine\data\raw\matches\metadata\match_31891.json","605","2026/07/13 17:21:10"
"C:\Users\81805\toto-edge-git\ml\player_engine\data\raw\matches\metadata\match_31892.json","605","2026/07/13 17:21:12"
"C:\Users\81805\toto-edge-git\ml\player_engine\data\raw\matches\metadata\match_31893.json","605","2026/07/13 17:21:15"
"C:\Users\81805\toto-edge-git\ml\player_engine\data\raw\matches\metadata\match_31894.json","605","2026/07/13 17:21:17"
"C:\Users\81805\toto-edge-git\ml\player_engine\data\raw\matches\metadata\match_31895.json","605","2026/07/13 17:21:19"
"C:\Users\81805\toto-edge-git\ml\player_engine\data\raw\matches\metadata\match_31896.json","605","2026/07/13 17:21:21"
"C:\Users\81805\toto-edge-git\ml\player_engine\data\raw\matches\metadata\match_31897.json","605","2026/07/13 17:21:23"
"C:\Users\81805\toto-edge-git\ml\player_engine\data\raw\matches\metadata\match_31898.json","605","2026/07/13 17:21:25"
"C:\Users\81805\toto-edge-git\ml\player_engine\data\raw\matches\metadata\match_31899.json","605","2026/07/13 17:21:27"
"C:\Users\81805\toto-edge-git\ml\player_engine\data\raw\matches\metadata\match_31900.json","605","2026/07/13 17:21:30"
"C:\Users\81805\toto-edge-git\ml\player_engine\data\raw\matches\metadata\match_31901.json","605","2026/07/13 17:21:32"
"C:\Users\81805\toto-edge-git\ml\player_engine\data\raw\matches\metadata\match_31902.json","605","2026/07/13 17:21:34"
"C:\Users\81805\toto-edge-git\ml\player_engine\data\raw\matches\metadata\match_31903.json","605","2026/07/13 17:21:36"
"C:\Users\81805\toto-edge-git\ml\player_engine\data\raw\matches\metadata\match_31904.json","605","2026/07/13 17:21:38"
"C:\Users\81805\toto-edge-git\ml\player_engine\data\raw\matches\metadata\match_31905.json","605","2026/07/13 17:21:40"
"C:\Users\81805\toto-edge-git\ml\player_engine\data\raw\matches\metadata\match_31906.json","605","2026/07/13 17:21:43"
"C:\Users\81805\toto-edge-git\ml\player_engine\data\raw\matches\metadata\match_31907.json","605","2026/07/13 17:21:45"
"C:\Users\81805\toto-edge-git\ml\player_engine\data\raw\matches\metadata\match_31908.json","605","2026/07/13 17:21:47"
"C:\Users\81805\toto-edge-git\ml\player_engine\data\raw\matches\metadata\match_31909.json","605","2026/07/13 17:21:49"
"C:\Users\81805\toto-edge-git\ml\player_engine\data\raw\matches\metadata\match_31910.json","605","2026/07/13 17:21:51"
"C:\Users\81805\toto-edge-git\ml\player_engine\data\raw\matches\metadata\match_31911.json","605","2026/07/13 17:21:53"
"C:\Users\81805\toto-edge-git\ml\player_engine\data\raw\matches\metadata\match_31912.json","605","2026/07/13 17:21:55"
"C:\Users\81805\toto-edge-git\ml\player_engine\data\raw\matches\metadata\match_31913.json","605","2026/07/13 17:21:58"
"C:\Users\81805\toto-edge-git\ml\player_engine\data\raw\matches\metadata\match_31914.json","605","2026/07/13 17:22:00"
"C:\Users\81805\toto-edge-git\ml\player_engine\data\raw\matches\metadata\match_31915.json","605","2026/07/13 17:22:02"
"C:\Users\81805\toto-edge-git\ml\player_engine\data\raw\matches\metadata\match_31916.json","605","2026/07/13 17:22:04"
"C:\Users\81805\toto-edge-git\ml\player_engine\data\raw\matches\metadata\match_31917.json","605","2026/07/13 17:22:06"
"C:\Users\81805\toto-edge-git\ml\player_engine\data\raw\matches\metadata\match_31918.json","605","2026/07/13 17:22:08"
"C:\Users\81805\toto-edge-git\ml\player_engine\data\raw\matches\metadata\match_31919.json","605","2026/07/13 17:22:10"
"C:\Users\81805\toto-edge-git\ml\player_engine\data\raw\matches\metadata\match_31920.json","605","2026/07/13 17:22:12"
"C:\Users\81805\toto-edge-git\ml\player_engine\data\raw\matches\metadata\match_31921.json","605","2026/07/13 17:22:15"
"C:\Users\81805\toto-edge-git\ml\player_engine\data\raw\matches\metadata\match_31922.json","605","2026/07/13 17:22:17"
"C:\Users\81805\toto-edge-git\ml\player_engine\data\raw\matches\metadata\match_31923.json","605","2026/07/13 17:22:19"
"C:\Users\81805\toto-edge-git\ml\player_engine\data\raw\matches\metadata\match_31924.json","605","2026/07/13 17:22:21"
"C:\Users\81805\toto-edge-git\ml\player_engine\data\raw\matches\metadata\match_31925.json","605","2026/07/13 17:22:23"
"C:\Users\81805\toto-edge-git\ml\player_engine\data\raw\matches\metadata\match_31926.json","605","2026/07/13 17:22:25"
"C:\Users\81805\toto-edge-git\ml\player_engine\data\raw\matches\metadata\match_31927.json","605","2026/07/13 17:22:28"
"C:\Users\81805\toto-edge-git\ml\player_engine\data\raw\matches\metadata\match_31928.json","605","2026/07/13 17:22:30"
"C:\Users\81805\toto-edge-git\ml\player_engine\data\raw\matches\metadata\match_31929.json","605","2026/07/13 17:22:32"
"C:\Users\81805\toto-edge-git\ml\player_engine\data\raw\matches\metadata\match_31930.json","605","2026/07/13 17:22:34"
"C:\Users\81805\toto-edge-git\ml\player_engine\data\raw\matches\metadata\match_31931.json","605","2026/07/13 17:22:36"
"C:\Users\81805\toto-edge-git\ml\player_engine\data\raw\matches\metadata\match_31932.json","605","2026/07/13 17:22:38"
"C:\Users\81805\toto-edge-git\ml\player_engine\data\raw\matches\metadata\match_31933.json","605","2026/07/13 17:22:40"
"C:\Users\81805\toto-edge-git\ml\player_engine\data\raw\matches\metadata\match_31934.json","605","2026/07/13 17:22:43"
"C:\Users\81805\toto-edge-git\ml\player_engine\data\raw\matches\metadata\match_31935.json","605","2026/07/13 17:22:45"
"C:\Users\81805\toto-edge-git\ml\player_engine\data\raw\matches\metadata\match_31936.json","605","2026/07/13 17:22:47"
"C:\Users\81805\toto-edge-git\ml\player_engine\data\raw\matches\metadata\match_31937.json","605","2026/07/13 17:22:49"
"C:\Users\81805\toto-edge-git\ml\player_engine\data\raw\matches\metadata\match_31938.json","605","2026/07/13 17:22:51"
"C:\Users\81805\toto-edge-git\ml\player_engine\data\raw\matches\metadata\match_31939.json","605","2026/07/13 17:22:53"
"C:\Users\81805\toto-edge-git\ml\player_engine\data\raw\matches\metadata\match_31940.json","605","2026/07/13 17:22:55"
"C:\Users\81805\toto-edge-git\ml\player_engine\data\raw\matches\metadata\match_31941.json","605","2026/07/13 17:22:57"
"C:\Users\81805\toto-edge-git\ml\player_engine\data\raw\matches\metadata\match_31942.json","605","2026/07/13 17:23:00"
"C:\Users\81805\toto-edge-git\ml\player_engine\data\raw\matches\metadata\match_31943.json","605","2026/07/13 17:23:02"
"C:\Users\81805\toto-edge-git\ml\player_engine\data\raw\matches\metadata\match_31944.json","605","2026/07/13 17:23:04"
"C:\Users\81805\toto-edge-git\ml\player_engine\data\raw\matches\metadata\match_31945.json","605","2026/07/13 17:23:06"
"C:\Users\81805\toto-edge-git\ml\player_engine\data\raw\matches\metadata\match_31946.json","605","2026/07/13 17:23:08"
"C:\Users\81805\toto-edge-git\ml\player_engine\data\raw\matches\metadata\match_31947.json","605","2026/07/13 17:23:10"
"C:\Users\81805\toto-edge-git\ml\player_engine\data\raw\matches\metadata\match_31948.json","605","2026/07/13 17:23:12"
"C:\Users\81805\toto-edge-git\ml\player_engine\data\raw\matches\metadata\match_31949.json","605","2026/07/13 17:23:15"
"C:\Users\81805\toto-edge-git\ml\player_engine\data\raw\matches\metadata\match_31950.json","605","2026/07/13 17:23:17"
"C:\Users\81805\toto-edge-git\ml\player_engine\data\raw\matches\metadata\match_31951.json","605","2026/07/13 17:23:19"
"C:\Users\81805\toto-edge-git\ml\player_engine\data\raw\matches\metadata\match_31952.json","605","2026/07/13 17:23:21"
"C:\Users\81805\toto-edge-git\ml\player_engine\data\raw\matches\metadata\match_31953.json","605","2026/07/13 17:23:23"
"C:\Users\81805\toto-edge-git\ml\player_engine\data\raw\matches\metadata\match_31954.json","605","2026/07/13 17:23:25"
"C:\Users\81805\toto-edge-git\ml\player_engine\data\raw\matches\metadata\match_31955.json","605","2026/07/13 17:23:28"
"C:\Users\81805\toto-edge-git\ml\player_engine\data\raw\matches\metadata\match_31956.json","605","2026/07/13 17:23:30"
"C:\Users\81805\toto-edge-git\ml\player_engine\data\raw\matches\metadata\match_31957.json","605","2026/07/13 17:23:32"
"C:\Users\81805\toto-edge-git\ml\player_engine\data\raw\matches\metadata\match_31958.json","605","2026/07/13 17:23:34"
"C:\Users\81805\toto-edge-git\ml\player_engine\data\raw\matches\metadata\match_31959.json","605","2026/07/13 17:23:36"
"C:\Users\81805\toto-edge-git\ml\player_engine\data\raw\matches\metadata\match_31960.json","605","2026/07/13 17:23:38"
"C:\Users\81805\toto-edge-git\ml\player_engine\data\raw\matches\metadata\match_31961.json","605","2026/07/13 17:23:40"
"C:\Users\81805\toto-edge-git\ml\player_engine\data\raw\matches\metadata\match_31962.json","605","2026/07/13 17:23:43"
"C:\Users\81805\toto-edge-git\ml\player_engine\data\raw\matches\metadata\match_31963.json","605","2026/07/13 17:23:45"
"C:\Users\81805\toto-edge-git\ml\player_engine\data\raw\matches\metadata\match_31964.json","605","2026/07/13 17:23:47"
"C:\Users\81805\toto-edge-git\ml\player_engine\data\raw\matches\metadata\match_31965.json","605","2026/07/13 17:23:49"
"C:\Users\81805\toto-edge-git\ml\player_engine\data\raw\matches\metadata\match_31966.json","605","2026/07/13 17:23:51"
"C:\Users\81805\toto-edge-git\ml\player_engine\data\raw\matches\metadata\match_31967.json","605","2026/07/13 17:23:53"
"C:\Users\81805\toto-edge-git\ml\player_engine\data\raw\matches\metadata\match_31968.json","605","2026/07/13 17:23:55"
"C:\Users\81805\toto-edge-git\ml\player_engine\data\raw\matches\metadata\match_31969.json","605","2026/07/13 17:23:58"
"C:\Users\81805\toto-edge-git\ml\player_engine\data\raw\matches\metadata\match_31970.json","605","2026/07/13 17:24:00"
"C:\Users\81805\toto-edge-git\ml\player_engine\data\raw\matches\metadata\match_31971.json","605","2026/07/13 17:24:02"
"C:\Users\81805\toto-edge-git\ml\player_engine\data\raw\matches\metadata\match_31972.json","605","2026/07/13 17:24:04"
"C:\Users\81805\toto-edge-git\ml\player_engine\data\raw\matches\metadata\match_31973.json","605","2026/07/13 17:24:06"
"C:\Users\81805\toto-edge-git\ml\player_engine\data\raw\matches\metadata\match_31974.json","605","2026/07/13 17:24:08"
"C:\Users\81805\toto-edge-git\ml\player_engine\data\raw\matches\metadata\match_31975.json","605","2026/07/13 17:24:10"
"C:\Users\81805\toto-edge-git\ml\player_engine\data\raw\matches\metadata\match_31976.json","605","2026/07/13 17:24:12"
"C:\Users\81805\toto-edge-git\ml\player_engine\data\raw\matches\metadata\match_31977.json","605","2026/07/13 17:24:15"
"C:\Users\81805\toto-edge-git\ml\player_engine\data\raw\matches\metadata\match_31978.json","605","2026/07/13 17:24:17"
"C:\Users\81805\toto-edge-git\ml\player_engine\data\raw\matches\metadata\match_31979.json","605","2026/07/13 17:24:19"
"C:\Users\81805\toto-edge-git\ml\player_engine\data\raw\matches\metadata\match_31980.json","605","2026/07/13 17:24:21"
"C:\Users\81805\toto-edge-git\ml\player_engine\data\raw\matches\metadata\match_31981.json","605","2026/07/13 17:24:23"
"C:\Users\81805\toto-edge-git\ml\player_engine\data\raw\matches\metadata\match_31982.json","605","2026/07/13 17:24:25"
"C:\Users\81805\toto-edge-git\ml\player_engine\data\raw\matches\metadata\match_31983.json","605","2026/07/13 17:24:27"
"C:\Users\81805\toto-edge-git\ml\player_engine\data\raw\matches\metadata\match_31984.json","605","2026/07/13 17:24:30"
"C:\Users\81805\toto-edge-git\ml\player_engine\data\raw\matches\metadata\match_31985.json","605","2026/07/13 17:24:32"
"C:\Users\81805\toto-edge-git\ml\player_engine\data\raw\matches\metadata\match_31986.json","605","2026/07/13 17:24:34"
"C:\Users\81805\toto-edge-git\ml\player_engine\data\raw\matches\metadata\match_31987.json","605","2026/07/13 17:24:36"
"C:\Users\81805\toto-edge-git\ml\player_engine\data\raw\matches\metadata\match_31988.json","605","2026/07/13 17:24:38"
"C:\Users\81805\toto-edge-git\ml\player_engine\data\raw\matches\metadata\match_31989.json","605","2026/07/13 17:24:40"
"C:\Users\81805\toto-edge-git\ml\player_engine\data\raw\matches\metadata\match_31990.json","605","2026/07/13 17:24:42"
"C:\Users\81805\toto-edge-git\ml\player_engine\data\raw\matches\metadata\match_31991.json","605","2026/07/13 17:24:45"
"C:\Users\81805\toto-edge-git\ml\player_engine\data\raw\matches\metadata\match_31992.json","605","2026/07/13 17:24:47"
"C:\Users\81805\toto-edge-git\ml\player_engine\data\raw\matches\metadata\match_31993.json","605","2026/07/13 17:24:49"
"C:\Users\81805\toto-edge-git\ml\player_engine\data\raw\matches\metadata\match_31994.json","605","2026/07/13 17:24:51"
"C:\Users\81805\toto-edge-git\ml\player_engine\data\raw\matches\metadata\match_31995.json","605","2026/07/13 17:24:53"
"C:\Users\81805\toto-edge-git\ml\player_engine\data\raw\matches\metadata\match_31996.json","605","2026/07/13 17:24:55"
"C:\Users\81805\toto-edge-git\ml\player_engine\data\raw\matches\metadata\match_31997.json","605","2026/07/13 17:24:57"
"C:\Users\81805\toto-edge-git\ml\player_engine\data\raw\matches\metadata\match_31998.json","605","2026/07/13 17:25:00"
"C:\Users\81805\toto-edge-git\ml\player_engine\data\raw\matches\metadata\match_31999.json","605","2026/07/13 17:25:02"
"C:\Users\81805\toto-edge-git\ml\player_engine\data\raw\matches\metadata\match_32000.json","605","2026/07/13 17:25:04"
"C:\Users\81805\toto-edge-git\ml\player_engine\data\raw\matches\metadata\match_32001.json","605","2026/07/13 17:25:06"
"C:\Users\81805\toto-edge-git\ml\player_engine\data\raw\matches\metadata\match_32002.json","605","2026/07/13 17:25:08"
"C:\Users\81805\toto-edge-git\ml\player_engine\data\raw\matches\metadata\match_32003.json","605","2026/07/13 17:25:10"
"C:\Users\81805\toto-edge-git\ml\player_engine\data\raw\matches\metadata\match_32004.json","605","2026/07/13 17:25:13"
"C:\Users\81805\toto-edge-git\ml\player_engine\data\raw\matches\metadata\match_32005.json","605","2026/07/13 17:25:15"
"C:\Users\81805\toto-edge-git\ml\player_engine\data\raw\matches\metadata\match_32006.json","605","2026/07/13 17:25:17"
"C:\Users\81805\toto-edge-git\ml\player_engine\data\raw\matches\metadata\match_32007.json","605","2026/07/13 17:25:19"
"C:\Users\81805\toto-edge-git\ml\player_engine\data\raw\matches\metadata\match_32008.json","605","2026/07/13 17:25:21"
"C:\Users\81805\toto-edge-git\ml\player_engine\data\raw\matches\metadata\match_32009.json","605","2026/07/13 17:25:23"
"C:\Users\81805\toto-edge-git\ml\player_engine\data\raw\matches\metadata\match_32010.json","605","2026/07/13 17:25:25"
"C:\Users\81805\toto-edge-git\ml\player_engine\data\raw\matches\metadata\match_32011.json","605","2026/07/13 17:25:28"
"C:\Users\81805\toto-edge-git\ml\player_engine\data\raw\matches\metadata\match_32012.json","605","2026/07/13 17:25:30"
"C:\Users\81805\toto-edge-git\ml\player_engine\data\raw\matches\metadata\match_32013.json","605","2026/07/13 17:25:32"
"C:\Users\81805\toto-edge-git\ml\player_engine\data\raw\matches\metadata\match_32014.json","605","2026/07/13 17:25:34"
"C:\Users\81805\toto-edge-git\ml\player_engine\data\raw\matches\metadata\match_32015.json","605","2026/07/13 17:25:36"
"C:\Users\81805\toto-edge-git\ml\player_engine\data\raw\matches\metadata\match_32016.json","605","2026/07/13 17:25:38"
"C:\Users\81805\toto-edge-git\ml\player_engine\data\raw\matches\metadata\match_32017.json","605","2026/07/13 17:25:40"
"C:\Users\81805\toto-edge-git\ml\player_engine\data\raw\matches\metadata\match_32018.json","605","2026/07/13 17:25:43"
"C:\Users\81805\toto-edge-git\ml\player_engine\data\raw\matches\metadata\match_32019.json","605","2026/07/13 17:25:45"
"C:\Users\81805\toto-edge-git\ml\player_engine\data\raw\matches\metadata\match_32020.json","605","2026/07/13 17:25:47"
"C:\Users\81805\toto-edge-git\ml\player_engine\data\raw\matches\metadata\match_32021.json","605","2026/07/13 17:25:49"
"C:\Users\81805\toto-edge-git\ml\player_engine\data\raw\matches\metadata\match_32022.json","605","2026/07/13 17:25:51"
"C:\Users\81805\toto-edge-git\ml\player_engine\data\raw\matches\metadata\match_32023.json","605","2026/07/13 17:25:53"
"C:\Users\81805\toto-edge-git\ml\player_engine\data\raw\matches\metadata\match_32024.json","605","2026/07/13 17:25:55"
"C:\Users\81805\toto-edge-git\ml\player_engine\data\raw\matches\metadata\match_32025.json","605","2026/07/13 17:25:57"
"C:\Users\81805\toto-edge-git\ml\player_engine\data\raw\matches\metadata\match_32026.json","605","2026/07/13 17:26:00"
"C:\Users\81805\toto-edge-git\ml\player_engine\data\raw\matches\metadata\match_32027.json","605","2026/07/13 17:26:02"
"C:\Users\81805\toto-edge-git\ml\player_engine\data\raw\matches\metadata\match_32028.json","605","2026/07/13 17:26:04"
"C:\Users\81805\toto-edge-git\ml\player_engine\data\raw\matches\metadata\match_32029.json","605","2026/07/13 17:26:06"
"C:\Users\81805\toto-edge-git\ml\player_engine\data\raw\matches\metadata\match_32030.json","605","2026/07/13 17:26:08"
"C:\Users\81805\toto-edge-git\ml\player_engine\data\raw\matches\metadata\match_32031.json","605","2026/07/13 17:26:10"
"C:\Users\81805\toto-edge-git\ml\player_engine\data\raw\matches\metadata\match_32032.json","605","2026/07/13 17:26:12"
"C:\Users\81805\toto-edge-git\ml\player_engine\data\raw\matches\metadata\match_32033.json","605","2026/07/13 17:26:14"
"C:\Users\81805\toto-edge-git\ml\player_engine\data\raw\matches\metadata\match_32034.json","605","2026/07/13 17:26:17"
"C:\Users\81805\toto-edge-git\ml\player_engine\data\raw\matches\metadata\match_32035.json","605","2026/07/13 17:26:19"
"C:\Users\81805\toto-edge-git\ml\player_engine\data\raw\matches\metadata\match_32036.json","605","2026/07/13 17:26:21"
"C:\Users\81805\toto-edge-git\ml\player_engine\data\raw\matches\metadata\match_32037.json","605","2026/07/13 17:26:23"
"C:\Users\81805\toto-edge-git\ml\player_engine\data\raw\matches\metadata\match_32038.json","605","2026/07/13 17:26:25"
"C:\Users\81805\toto-edge-git\ml\player_engine\data\raw\matches\metadata\match_32039.json","605","2026/07/13 17:26:27"
"C:\Users\81805\toto-edge-git\ml\player_engine\data\raw\matches\metadata\match_32040.json","605","2026/07/13 17:26:29"
"C:\Users\81805\toto-edge-git\ml\player_engine\data\raw\matches\metadata\match_32041.json","605","2026/07/13 17:26:32"
"C:\Users\81805\toto-edge-git\ml\player_engine\data\raw\matches\metadata\match_32042.json","605","2026/07/13 17:26:34"
"C:\Users\81805\toto-edge-git\ml\player_engine\data\raw\matches\metadata\match_32043.json","605","2026/07/13 17:26:36"
"C:\Users\81805\toto-edge-git\ml\player_engine\data\raw\matches\metadata\match_32044.json","605","2026/07/13 17:26:38"
"C:\Users\81805\toto-edge-git\ml\player_engine\data\raw\matches\metadata\match_32045.json","605","2026/07/13 17:26:40"
"C:\Users\81805\toto-edge-git\ml\player_engine\data\raw\matches\metadata\match_32046.json","605","2026/07/13 17:26:42"
"C:\Users\81805\toto-edge-git\ml\player_engine\data\raw\matches\metadata\match_32047.json","605","2026/07/13 17:26:44"
"C:\Users\81805\toto-edge-git\ml\player_engine\data\raw\matches\metadata\match_32048.json","605","2026/07/13 17:26:47"
"C:\Users\81805\toto-edge-git\ml\player_engine\data\raw\matches\metadata\match_32049.json","605","2026/07/13 17:26:49"
"C:\Users\81805\toto-edge-git\ml\player_engine\data\raw\matches\metadata\match_32050.json","605","2026/07/13 17:26:51"
"C:\Users\81805\toto-edge-git\ml\player_engine\data\raw\matches\metadata\match_32051.json","605","2026/07/13 17:26:53"
"C:\Users\81805\toto-edge-git\ml\player_engine\data\raw\matches\metadata\match_32052.json","605","2026/07/13 17:26:55"
"C:\Users\81805\toto-edge-git\ml\player_engine\data\raw\matches\metadata\match_32053.json","605","2026/07/13 17:26:57"
"C:\Users\81805\toto-edge-git\ml\player_engine\data\raw\matches\metadata\match_32054.json","605","2026/07/13 17:26:59"
"C:\Users\81805\toto-edge-git\ml\player_engine\data\raw\matches\metadata\match_32055.json","605","2026/07/13 17:27:02"
"C:\Users\81805\toto-edge-git\ml\player_engine\data\raw\matches\metadata\match_32056.json","605","2026/07/13 17:27:04"
"C:\Users\81805\toto-edge-git\ml\player_engine\data\raw\matches\metadata\match_32057.json","605","2026/07/13 17:27:06"
"C:\Users\81805\toto-edge-git\ml\player_engine\data\raw\matches\metadata\match_32058.json","605","2026/07/13 17:27:08"
"C:\Users\81805\toto-edge-git\ml\player_engine\data\raw\matches\metadata\match_32059.json","605","2026/07/13 17:27:10"
"C:\Users\81805\toto-edge-git\ml\player_engine\data\raw\matches\metadata\match_32060.json","605","2026/07/13 17:27:12"
"C:\Users\81805\toto-edge-git\ml\player_engine\data\raw\matches\metadata\match_32061.json","605","2026/07/13 17:27:14"
"C:\Users\81805\toto-edge-git\ml\player_engine\data\raw\matches\metadata\match_32062.json","605","2026/07/13 17:27:16"
"C:\Users\81805\toto-edge-git\ml\player_engine\data\raw\matches\metadata\match_32063.json","605","2026/07/13 17:27:19"
"C:\Users\81805\toto-edge-git\ml\player_engine\data\raw\matches\metadata\match_32064.json","605","2026/07/13 17:27:21"
"C:\Users\81805\toto-edge-git\ml\player_engine\data\raw\matches\metadata\match_32065.json","605","2026/07/13 17:27:23"
"C:\Users\81805\toto-edge-git\ml\player_engine\data\raw\matches\metadata\match_32066.json","605","2026/07/13 17:27:25"
"C:\Users\81805\toto-edge-git\ml\player_engine\data\raw\matches\metadata\match_32067.json","605","2026/07/13 17:27:27"
"C:\Users\81805\toto-edge-git\ml\player_engine\data\raw\matches\metadata\match_32068.json","605","2026/07/13 17:27:29"
"C:\Users\81805\toto-edge-git\ml\player_engine\data\raw\matches\metadata\match_32069.json","605","2026/07/13 17:27:32"
"C:\Users\81805\toto-edge-git\ml\player_engine\data\raw\matches\metadata\match_32070.json","605","2026/07/13 17:27:34"
"C:\Users\81805\toto-edge-git\ml\player_engine\data\raw\matches\metadata\match_32071.json","605","2026/07/13 17:27:36"
"C:\Users\81805\toto-edge-git\ml\player_engine\data\raw\matches\metadata\match_32072.json","605","2026/07/13 17:27:38"
"C:\Users\81805\toto-edge-git\ml\player_engine\data\raw\matches\metadata\match_32073.json","605","2026/07/13 17:27:40"
"C:\Users\81805\toto-edge-git\ml\player_engine\data\raw\matches\metadata\match_32074.json","605","2026/07/13 17:27:42"
"C:\Users\81805\toto-edge-git\ml\player_engine\data\raw\matches\metadata\match_32075.json","605","2026/07/13 17:27:44"
"C:\Users\81805\toto-edge-git\ml\player_engine\data\raw\matches\metadata\match_32076.json","605","2026/07/13 17:27:46"
"C:\Users\81805\toto-edge-git\ml\player_engine\data\raw\matches\metadata\match_32077.json","605","2026/07/13 17:27:49"
"C:\Users\81805\toto-edge-git\ml\player_engine\data\raw\matches\metadata\match_32078.json","605","2026/07/13 17:27:51"
"C:\Users\81805\toto-edge-git\ml\player_engine\data\raw\matches\metadata\match_32079.json","605","2026/07/13 17:27:53"
"C:\Users\81805\toto-edge-git\ml\player_engine\data\raw\matches\metadata\match_32080.json","605","2026/07/13 17:27:55"
"C:\Users\81805\toto-edge-git\ml\player_engine\data\raw\matches\metadata\match_32081.json","605","2026/07/13 17:27:57"
"C:\Users\81805\toto-edge-git\ml\player_engine\data\raw\matches\metadata\match_32082.json","605","2026/07/13 17:27:59"
"C:\Users\81805\toto-edge-git\ml\player_engine\data\raw\matches\metadata\match_32083.json","605","2026/07/13 17:28:02"
"C:\Users\81805\toto-edge-git\ml\player_engine\data\raw\matches\metadata\match_32084.json","605","2026/07/13 17:28:04"
"C:\Users\81805\toto-edge-git\ml\player_engine\data\raw\matches\metadata\match_32085.json","605","2026/07/13 17:28:06"
"C:\Users\81805\toto-edge-git\ml\player_engine\data\raw\matches\metadata\match_32086.json","605","2026/07/13 17:28:08"
"C:\Users\81805\toto-edge-git\ml\player_engine\data\raw\matches\metadata\match_32087.json","605","2026/07/13 17:28:10"
"C:\Users\81805\toto-edge-git\ml\player_engine\data\raw\matches\metadata\match_32088.json","605","2026/07/13 17:28:12"
"C:\Users\81805\toto-edge-git\ml\player_engine\data\raw\matches\metadata\match_32089.json","605","2026/07/13 17:28:14"
"C:\Users\81805\toto-edge-git\ml\player_engine\data\raw\matches\metadata\match_32090.json","605","2026/07/13 17:28:16"
"C:\Users\81805\toto-edge-git\ml\player_engine\data\raw\matches\metadata\match_32091.json","605","2026/07/13 17:28:19"
"C:\Users\81805\toto-edge-git\ml\player_engine\data\raw\matches\metadata\match_32092.json","605","2026/07/13 17:28:21"
"C:\Users\81805\toto-edge-git\ml\player_engine\data\raw\matches\metadata\match_32093.json","605","2026/07/13 17:28:23"
"C:\Users\81805\toto-edge-git\ml\player_engine\data\raw\matches\metadata\match_32094.json","605","2026/07/13 17:28:25"
"C:\Users\81805\toto-edge-git\ml\player_engine\data\raw\matches\metadata\match_32095.json","605","2026/07/13 17:28:27"
"C:\Users\81805\toto-edge-git\ml\player_engine\data\raw\matches\metadata\match_32096.json","605","2026/07/13 17:28:29"
"C:\Users\81805\toto-edge-git\ml\player_engine\data\raw\matches\metadata\match_32097.json","605","2026/07/13 17:28:31"
"C:\Users\81805\toto-edge-git\ml\player_engine\data\raw\matches\metadata\match_32098.json","605","2026/07/13 17:28:34"
"C:\Users\81805\toto-edge-git\ml\player_engine\data\raw\matches\metadata\match_32099.json","605","2026/07/13 17:28:36"
"C:\Users\81805\toto-edge-git\ml\player_engine\data\raw\matches\metadata\match_32100.json","605","2026/07/13 17:28:38"
"C:\Users\81805\toto-edge-git\ml\player_engine\data\raw\matches\metadata\match_32101.json","605","2026/07/13 17:28:40"
"C:\Users\81805\toto-edge-git\ml\player_engine\data\raw\matches\metadata\match_32102.json","605","2026/07/13 17:28:42"
"C:\Users\81805\toto-edge-git\ml\player_engine\data\raw\matches\metadata\match_32103.json","605","2026/07/13 17:28:44"
"C:\Users\81805\toto-edge-git\ml\player_engine\data\raw\matches\metadata\match_32104.json","605","2026/07/13 17:28:46"
"C:\Users\81805\toto-edge-git\ml\player_engine\data\raw\matches\metadata\match_32105.json","605","2026/07/13 17:28:49"
"C:\Users\81805\toto-edge-git\ml\player_engine\data\raw\matches\metadata\match_32106.json","605","2026/07/13 17:28:51"
"C:\Users\81805\toto-edge-git\ml\player_engine\data\raw\matches\metadata\match_32107.json","605","2026/07/13 17:28:53"
"C:\Users\81805\toto-edge-git\ml\player_engine\data\raw\matches\metadata\match_32108.json","605","2026/07/13 17:28:55"
"C:\Users\81805\toto-edge-git\ml\player_engine\data\raw\matches\metadata\match_32109.json","605","2026/07/13 17:28:57"
"C:\Users\81805\toto-edge-git\ml\player_engine\data\raw\matches\metadata\match_32110.json","605","2026/07/13 17:28:59"
"C:\Users\81805\toto-edge-git\ml\player_engine\data\raw\matches\metadata\match_32111.json","605","2026/07/13 17:29:01"
"C:\Users\81805\toto-edge-git\ml\player_engine\data\raw\matches\metadata\match_32112.json","605","2026/07/13 17:29:04"
"C:\Users\81805\toto-edge-git\ml\player_engine\data\raw\matches\metadata\match_32113.json","605","2026/07/13 17:29:06"
"C:\Users\81805\toto-edge-git\ml\player_engine\data\raw\matches\metadata\match_32114.json","605","2026/07/13 17:29:08"
"C:\Users\81805\toto-edge-git\ml\player_engine\data\raw\matches\metadata\match_32115.json","605","2026/07/13 17:29:10"
"C:\Users\81805\toto-edge-git\ml\player_engine\data\raw\matches\metadata\match_32116.json","605","2026/07/13 17:29:12"
"C:\Users\81805\toto-edge-git\ml\player_engine\data\raw\matches\metadata\match_32117.json","605","2026/07/13 17:29:14"
"C:\Users\81805\toto-edge-git\ml\player_engine\data\raw\matches\metadata\match_32118.json","605","2026/07/13 17:29:16"
"C:\Users\81805\toto-edge-git\ml\player_engine\data\raw\matches\metadata\match_32119.json","605","2026/07/13 17:29:18"
"C:\Users\81805\toto-edge-git\ml\player_engine\data\raw\matches\metadata\match_32120.json","605","2026/07/13 17:29:21"
"C:\Users\81805\toto-edge-git\ml\player_engine\data\raw\matches\metadata\match_32121.json","605","2026/07/13 17:29:23"
"C:\Users\81805\toto-edge-git\ml\player_engine\data\raw\matches\metadata\match_32122.json","605","2026/07/13 17:29:25"
"C:\Users\81805\toto-edge-git\ml\player_engine\data\raw\matches\metadata\match_32123.json","605","2026/07/13 17:29:27"
"C:\Users\81805\toto-edge-git\ml\player_engine\data\raw\matches\metadata\match_32124.json","605","2026/07/13 17:29:29"
"C:\Users\81805\toto-edge-git\ml\player_engine\data\raw\matches\metadata\match_32125.json","605","2026/07/13 17:29:31"
"C:\Users\81805\toto-edge-git\ml\player_engine\data\raw\matches\metadata\match_32126.json","605","2026/07/13 17:29:33"
"C:\Users\81805\toto-edge-git\ml\player_engine\data\raw\matches\metadata\match_32127.json","605","2026/07/13 17:29:36"
"C:\Users\81805\toto-edge-git\ml\player_engine\data\raw\matches\metadata\match_32128.json","605","2026/07/13 17:29:38"
"C:\Users\81805\toto-edge-git\ml\player_engine\data\raw\matches\metadata\match_32129.json","605","2026/07/13 17:29:40"
"C:\Users\81805\toto-edge-git\ml\player_engine\data\raw\matches\metadata\match_32130.json","605","2026/07/13 17:29:42"
"C:\Users\81805\toto-edge-git\ml\player_engine\data\raw\matches\metadata\match_32131.json","605","2026/07/13 17:29:44"
"C:\Users\81805\toto-edge-git\ml\player_engine\data\raw\matches\metadata\match_32132.json","605","2026/07/13 17:29:46"
"C:\Users\81805\toto-edge-git\ml\player_engine\data\raw\matches\metadata\match_32133.json","605","2026/07/13 17:29:48"
"C:\Users\81805\toto-edge-git\ml\player_engine\data\raw\matches\metadata\match_32134.json","605","2026/07/13 17:29:51"
"C:\Users\81805\toto-edge-git\ml\player_engine\data\raw\matches\metadata\match_32135.json","605","2026/07/13 17:29:53"
"C:\Users\81805\toto-edge-git\ml\player_engine\data\raw\matches\metadata\match_32136.json","605","2026/07/13 17:29:55"
"C:\Users\81805\toto-edge-git\ml\player_engine\data\raw\matches\metadata\match_32137.json","605","2026/07/13 17:29:57"
"C:\Users\81805\toto-edge-git\ml\player_engine\data\raw\matches\metadata\match_32138.json","605","2026/07/13 17:29:59"
"C:\Users\81805\toto-edge-git\ml\player_engine\data\raw\matches\metadata\match_32139.json","605","2026/07/13 17:30:01"
"C:\Users\81805\toto-edge-git\ml\player_engine\data\raw\matches\metadata\match_32140.json","605","2026/07/13 17:30:03"
"C:\Users\81805\toto-edge-git\ml\player_engine\data\raw\matches\metadata\match_32141.json","605","2026/07/13 17:30:06"
"C:\Users\81805\toto-edge-git\ml\player_engine\data\raw\matches\metadata\match_32142.json","605","2026/07/13 17:30:08"
"C:\Users\81805\toto-edge-git\ml\player_engine\data\raw\matches\metadata\match_32143.json","605","2026/07/13 17:30:10"
"C:\Users\81805\toto-edge-git\ml\player_engine\data\raw\matches\metadata\match_32144.json","605","2026/07/13 17:30:12"
"C:\Users\81805\toto-edge-git\ml\player_engine\data\raw\matches\metadata\match_32145.json","605","2026/07/13 17:30:14"
"C:\Users\81805\toto-edge-git\ml\player_engine\data\raw\matches\metadata\match_32146.json","605","2026/07/13 17:30:16"
"C:\Users\81805\toto-edge-git\ml\player_engine\data\raw\matches\metadata\match_32147.json","605","2026/07/13 17:30:18"
"C:\Users\81805\toto-edge-git\ml\player_engine\data\raw\matches\metadata\match_32148.json","605","2026/07/13 17:30:21"
"C:\Users\81805\toto-edge-git\ml\player_engine\data\raw\matches\metadata\match_32149.json","605","2026/07/13 17:30:23"
"C:\Users\81805\toto-edge-git\ml\player_engine\data\raw\matches\metadata\match_32150.json","605","2026/07/13 17:30:25"
"C:\Users\81805\toto-edge-git\ml\player_engine\data\raw\matches\metadata\match_32151.json","605","2026/07/13 17:30:27"
"C:\Users\81805\toto-edge-git\ml\player_engine\data\raw\matches\metadata\match_32152.json","605","2026/07/13 17:30:29"
"C:\Users\81805\toto-edge-git\ml\player_engine\data\raw\matches\metadata\match_32153.json","605","2026/07/13 17:30:31"
"C:\Users\81805\toto-edge-git\ml\player_engine\data\raw\matches\metadata\match_32154.json","605","2026/07/13 17:30:33"
"C:\Users\81805\toto-edge-git\ml\player_engine\data\raw\matches\metadata\match_32155.json","605","2026/07/13 17:30:35"
"C:\Users\81805\toto-edge-git\ml\player_engine\data\raw\matches\metadata\match_32156.json","605","2026/07/13 17:30:38"
"C:\Users\81805\toto-edge-git\ml\player_engine\data\raw\matches\metadata\match_32157.json","605","2026/07/13 17:30:40"
"C:\Users\81805\toto-edge-git\ml\player_engine\data\raw\matches\metadata\match_32158.json","605","2026/07/13 17:30:42"
"C:\Users\81805\toto-edge-git\ml\player_engine\data\raw\matches\metadata\match_32159.json","605","2026/07/13 17:30:44"
"C:\Users\81805\toto-edge-git\ml\player_engine\data\raw\matches\metadata\match_32160.json","605","2026/07/13 17:30:46"
"C:\Users\81805\toto-edge-git\ml\player_engine\data\raw\matches\metadata\match_32161.json","605","2026/07/13 17:30:48"
"C:\Users\81805\toto-edge-git\ml\player_engine\data\raw\matches\metadata\match_32162.json","605","2026/07/13 17:30:50"
"C:\Users\81805\toto-edge-git\ml\player_engine\data\raw\matches\metadata\match_32163.json","605","2026/07/13 17:30:53"
"C:\Users\81805\toto-edge-git\ml\player_engine\data\raw\matches\metadata\match_32164.json","605","2026/07/13 17:30:55"
"C:\Users\81805\toto-edge-git\ml\player_engine\data\raw\matches\metadata\match_32165.json","605","2026/07/13 17:30:57"
"C:\Users\81805\toto-edge-git\ml\player_engine\data\raw\matches\metadata\match_32166.json","605","2026/07/13 17:30:59"
"C:\Users\81805\toto-edge-git\ml\player_engine\data\raw\matches\metadata\match_32167.json","605","2026/07/13 17:31:01"
"C:\Users\81805\toto-edge-git\ml\player_engine\data\raw\matches\metadata\match_32168.json","605","2026/07/13 17:31:03"
"C:\Users\81805\toto-edge-git\ml\player_engine\data\raw\matches\metadata\match_32169.json","605","2026/07/13 17:31:05"
"C:\Users\81805\toto-edge-git\ml\player_engine\data\raw\matches\metadata\match_32170.json","605","2026/07/13 17:31:07"
"C:\Users\81805\toto-edge-git\ml\player_engine\data\raw\matches\metadata\match_32171.json","605","2026/07/13 17:31:10"
"C:\Users\81805\toto-edge-git\ml\player_engine\data\raw\matches\metadata\match_32172.json","605","2026/07/13 17:31:12"
"C:\Users\81805\toto-edge-git\ml\player_engine\data\raw\matches\metadata\match_32173.json","605","2026/07/13 17:31:14"
"C:\Users\81805\toto-edge-git\ml\player_engine\data\raw\matches\metadata\match_32174.json","605","2026/07/13 17:31:16"
"C:\Users\81805\toto-edge-git\ml\player_engine\data\raw\matches\metadata\match_32175.json","605","2026/07/13 17:31:18"
"C:\Users\81805\toto-edge-git\ml\player_engine\data\raw\matches\metadata\match_32176.json","605","2026/07/13 17:31:20"
"C:\Users\81805\toto-edge-git\ml\player_engine\data\raw\matches\metadata\match_32177.json","605","2026/07/13 17:31:22"
"C:\Users\81805\toto-edge-git\ml\player_engine\data\raw\matches\metadata\match_32178.json","605","2026/07/13 17:31:25"
"C:\Users\81805\toto-edge-git\ml\player_engine\data\raw\matches\metadata\match_32179.json","605","2026/07/13 17:31:27"
"C:\Users\81805\toto-edge-git\ml\player_engine\data\raw\matches\metadata\match_32180.json","605","2026/07/13 17:31:29"
"C:\Users\81805\toto-edge-git\ml\player_engine\data\raw\matches\metadata\match_32181.json","605","2026/07/13 17:31:31"
"C:\Users\81805\toto-edge-git\ml\player_engine\data\raw\matches\metadata\match_32182.json","605","2026/07/13 17:31:33"
"C:\Users\81805\toto-edge-git\ml\player_engine\data\raw\matches\metadata\match_32183.json","605","2026/07/13 17:31:35"
"C:\Users\81805\toto-edge-git\ml\player_engine\data\raw\matches\metadata\match_32184.json","605","2026/07/13 17:31:37"
"C:\Users\81805\toto-edge-git\ml\player_engine\data\raw\matches\metadata\match_32185.json","605","2026/07/13 17:31:40"
"C:\Users\81805\toto-edge-git\ml\player_engine\data\raw\matches\metadata\match_32186.json","605","2026/07/13 17:31:42"
"C:\Users\81805\toto-edge-git\ml\player_engine\data\raw\matches\metadata\match_32187.json","605","2026/07/13 17:31:44"
"C:\Users\81805\toto-edge-git\ml\player_engine\data\raw\matches\metadata\match_32188.json","605","2026/07/13 17:31:46"
"C:\Users\81805\toto-edge-git\ml\player_engine\data\raw\matches\metadata\match_32189.json","605","2026/07/13 17:31:48"
"C:\Users\81805\toto-edge-git\ml\player_engine\data\raw\matches\metadata\match_32190.json","605","2026/07/13 17:31:50"
"C:\Users\81805\toto-edge-git\ml\player_engine\data\raw\matches\metadata\match_32191.json","605","2026/07/13 17:31:52"
"C:\Users\81805\toto-edge-git\ml\player_engine\data\raw\matches\metadata\match_32192.json","605","2026/07/13 17:31:54"
"C:\Users\81805\toto-edge-git\ml\player_engine\data\raw\matches\metadata\match_32193.json","605","2026/07/13 17:31:57"
"C:\Users\81805\toto-edge-git\ml\player_engine\data\raw\matches\metadata\match_32194.json","605","2026/07/13 17:31:59"
"C:\Users\81805\toto-edge-git\ml\player_engine\data\raw\matches\metadata\match_32195.json","605","2026/07/13 17:32:01"
"C:\Users\81805\toto-edge-git\ml\player_engine\data\raw\matches\metadata\match_32196.json","605","2026/07/13 17:32:03"
"C:\Users\81805\toto-edge-git\ml\player_engine\data\raw\matches\metadata\match_32197.json","605","2026/07/13 17:32:05"
"C:\Users\81805\toto-edge-git\ml\player_engine\data\raw\matches\metadata\match_32198.json","605","2026/07/13 17:32:07"
"C:\Users\81805\toto-edge-git\ml\player_engine\data\raw\matches\metadata\match_32199.json","605","2026/07/13 17:32:10"
"C:\Users\81805\toto-edge-git\ml\player_engine\data\raw\matches\metadata\match_32200.json","605","2026/07/13 17:32:12"
"C:\Users\81805\toto-edge-git\ml\player_engine\data\raw\matches\metadata\match_32201.json","605","2026/07/13 17:32:14"
"C:\Users\81805\toto-edge-git\ml\player_engine\data\raw\matches\metadata\match_32202.json","605","2026/07/13 17:32:16"
"C:\Users\81805\toto-edge-git\ml\player_engine\data\raw\matches\metadata\match_32203.json","605","2026/07/13 17:32:18"
"C:\Users\81805\toto-edge-git\ml\player_engine\data\raw\matches\metadata\match_32204.json","605","2026/07/13 17:32:20"
"C:\Users\81805\toto-edge-git\ml\player_engine\data\raw\matches\metadata\match_32205.json","605","2026/07/13 17:32:22"
"C:\Users\81805\toto-edge-git\ml\player_engine\data\raw\matches\metadata\match_32206.json","605","2026/07/13 17:32:24"
"C:\Users\81805\toto-edge-git\ml\player_engine\data\raw\matches\metadata\match_32207.json","605","2026/07/13 17:32:27"
"C:\Users\81805\toto-edge-git\ml\player_engine\data\raw\matches\metadata\match_32208.json","605","2026/07/13 17:32:29"
"C:\Users\81805\toto-edge-git\ml\player_engine\data\raw\matches\metadata\match_32209.json","605","2026/07/13 17:32:31"
"C:\Users\81805\toto-edge-git\ml\player_engine\data\raw\matches\metadata\match_32210.json","605","2026/07/13 17:32:33"
"C:\Users\81805\toto-edge-git\ml\player_engine\data\raw\matches\metadata\match_32211.json","605","2026/07/13 17:32:35"
"C:\Users\81805\toto-edge-git\ml\player_engine\data\raw\matches\metadata\match_32212.json","605","2026/07/13 17:32:37"
"C:\Users\81805\toto-edge-git\ml\player_engine\data\raw\matches\metadata\match_32213.json","605","2026/07/13 17:32:39"
"C:\Users\81805\toto-edge-git\ml\player_engine\data\raw\matches\metadata\match_32214.json","605","2026/07/13 17:32:42"
"C:\Users\81805\toto-edge-git\ml\player_engine\data\raw\matches\metadata\match_32215.json","605","2026/07/13 17:32:44"
"C:\Users\81805\toto-edge-git\ml\player_engine\data\raw\matches\metadata\match_32216.json","605","2026/07/13 17:32:46"
"C:\Users\81805\toto-edge-git\ml\player_engine\data\raw\matches\metadata\match_32217.json","605","2026/07/13 17:32:48"
"C:\Users\81805\toto-edge-git\ml\player_engine\data\raw\matches\metadata\match_32218.json","605","2026/07/13 17:32:50"
"C:\Users\81805\toto-edge-git\ml\player_engine\data\raw\matches\metadata\match_32219.json","605","2026/07/13 17:32:52"
"C:\Users\81805\toto-edge-git\ml\player_engine\data\raw\matches\metadata\match_32220.json","605","2026/07/13 17:32:54"
"C:\Users\81805\toto-edge-git\ml\player_engine\data\raw\matches\metadata\match_32221.json","605","2026/07/12 19:16:12"
"C:\Users\81805\toto-edge-git\ml\player_engine\data\raw\matches\metadata\match_32222.json","605","2026/07/12 19:16:14"
"C:\Users\81805\toto-edge-git\ml\player_engine\data\raw\matches\metadata\match_32223.json","605","2026/07/12 19:16:16"
"C:\Users\81805\toto-edge-git\ml\player_engine\data\raw\matches\metadata\match_32224.json","605","2026/07/12 19:16:19"
"C:\Users\81805\toto-edge-git\ml\player_engine\data\raw\matches\metadata\match_32225.json","605","2026/07/12 19:16:21"
"C:\Users\81805\toto-edge-git\ml\player_engine\data\raw\matches\metadata\match_32226.json","605","2026/07/12 19:16:23"
"C:\Users\81805\toto-edge-git\ml\player_engine\data\raw\matches\metadata\match_32227.json","605","2026/07/12 19:16:25"
"C:\Users\81805\toto-edge-git\ml\player_engine\data\raw\matches\metadata\match_32228.json","605","2026/07/12 19:16:27"
"C:\Users\81805\toto-edge-git\ml\player_engine\data\raw\matches\metadata\match_32229.json","605","2026/07/12 19:16:29"
"C:\Users\81805\toto-edge-git\ml\player_engine\data\raw\matches\metadata\match_32230.json","605","2026/07/12 19:16:31"
"C:\Users\81805\toto-edge-git\ml\player_engine\data\raw\matches\metadata\match_32231.json","605","2026/07/12 19:16:34"
"C:\Users\81805\toto-edge-git\ml\player_engine\data\raw\matches\metadata\match_32232.json","605","2026/07/12 19:16:36"
"C:\Users\81805\toto-edge-git\ml\player_engine\data\raw\matches\metadata\match_32233.json","605","2026/07/12 19:16:38"
"C:\Users\81805\toto-edge-git\ml\player_engine\data\raw\matches\metadata\match_32234.json","605","2026/07/12 19:16:40"
"C:\Users\81805\toto-edge-git\ml\player_engine\data\raw\matches\metadata\match_32235.json","605","2026/07/12 19:16:42"
"C:\Users\81805\toto-edge-git\ml\player_engine\data\raw\matches\metadata\match_32236.json","605","2026/07/12 19:16:44"
"C:\Users\81805\toto-edge-git\ml\player_engine\data\raw\matches\metadata\match_32237.json","605","2026/07/12 19:16:46"
"C:\Users\81805\toto-edge-git\ml\player_engine\data\raw\matches\metadata\match_32238.json","605","2026/07/12 19:16:48"
"C:\Users\81805\toto-edge-git\ml\player_engine\data\raw\matches\metadata\match_32239.json","605","2026/07/12 19:16:51"
"C:\Users\81805\toto-edge-git\ml\player_engine\data\raw\matches\metadata\match_32240.json","605","2026/07/12 19:16:53"
"C:\Users\81805\toto-edge-git\ml\player_engine\data\raw\matches\metadata\match_32241.json","605","2026/07/12 19:16:55"
"C:\Users\81805\toto-edge-git\ml\player_engine\data\raw\matches\metadata\match_32242.json","605","2026/07/12 19:16:57"
"C:\Users\81805\toto-edge-git\ml\player_engine\data\raw\matches\metadata\match_32243.json","605","2026/07/12 19:16:59"
"C:\Users\81805\toto-edge-git\ml\player_engine\data\raw\matches\metadata\match_32244.json","605","2026/07/12 19:17:01"
"C:\Users\81805\toto-edge-git\ml\player_engine\data\raw\matches\metadata\match_32245.json","605","2026/07/12 19:17:03"
"C:\Users\81805\toto-edge-git\ml\player_engine\data\raw\matches\metadata\match_32246.json","605","2026/07/12 19:17:06"
"C:\Users\81805\toto-edge-git\ml\player_engine\data\raw\matches\metadata\match_32247.json","605","2026/07/12 19:17:08"
"C:\Users\81805\toto-edge-git\ml\player_engine\data\raw\matches\metadata\match_32248.json","605","2026/07/12 19:17:10"
"C:\Users\81805\toto-edge-git\ml\player_engine\data\raw\matches\metadata\match_32249.json","605","2026/07/12 19:17:12"
"C:\Users\81805\toto-edge-git\ml\player_engine\data\raw\matches\metadata\match_32250.json","605","2026/07/12 19:17:14"
"C:\Users\81805\toto-edge-git\ml\player_engine\data\raw\matches\metadata\match_32251.json","605","2026/07/12 19:17:16"
"C:\Users\81805\toto-edge-git\ml\player_engine\data\raw\matches\metadata\match_32252.json","605","2026/07/12 19:17:18"
"C:\Users\81805\toto-edge-git\ml\player_engine\data\raw\matches\metadata\match_32253.json","605","2026/07/12 19:17:20"
"C:\Users\81805\toto-edge-git\ml\player_engine\data\raw\matches\metadata\match_32254.json","605","2026/07/12 19:17:23"
"C:\Users\81805\toto-edge-git\ml\player_engine\data\raw\matches\metadata\match_32255.json","605","2026/07/12 19:17:25"
"C:\Users\81805\toto-edge-git\ml\player_engine\data\raw\matches\metadata\match_32256.json","605","2026/07/12 19:17:27"
"C:\Users\81805\toto-edge-git\ml\player_engine\data\raw\matches\metadata\match_32257.json","605","2026/07/12 19:17:29"
"C:\Users\81805\toto-edge-git\ml\player_engine\data\raw\matches\metadata\match_32258.json","605","2026/07/12 19:17:31"
"C:\Users\81805\toto-edge-git\ml\player_engine\data\raw\matches\metadata\match_32259.json","605","2026/07/12 19:17:33"
"C:\Users\81805\toto-edge-git\ml\player_engine\data\raw\matches\metadata\match_32260.json","605","2026/07/12 19:17:35"
"C:\Users\81805\toto-edge-git\ml\player_engine\data\raw\matches\metadata\match_32261.json","605","2026/07/12 19:17:38"
"C:\Users\81805\toto-edge-git\ml\player_engine\data\raw\matches\metadata\match_32262.json","605","2026/07/12 19:17:40"
"C:\Users\81805\toto-edge-git\ml\player_engine\data\raw\matches\metadata\match_32263.json","605","2026/07/12 19:17:42"
"C:\Users\81805\toto-edge-git\ml\player_engine\data\raw\matches\metadata\match_32264.json","605","2026/07/12 19:17:44"
"C:\Users\81805\toto-edge-git\ml\player_engine\data\raw\matches\metadata\match_32265.json","605","2026/07/12 19:17:46"
"C:\Users\81805\toto-edge-git\ml\player_engine\data\raw\matches\metadata\match_32266.json","605","2026/07/12 19:17:48"
"C:\Users\81805\toto-edge-git\ml\player_engine\data\raw\matches\metadata\match_32267.json","605","2026/07/12 19:17:50"
"C:\Users\81805\toto-edge-git\ml\player_engine\data\raw\matches\metadata\match_32268.json","605","2026/07/12 19:17:52"
"C:\Users\81805\toto-edge-git\ml\player_engine\data\raw\matches\metadata\match_32269.json","605","2026/07/12 19:17:55"
"C:\Users\81805\toto-edge-git\ml\player_engine\data\raw\matches\metadata\match_32270.json","605","2026/07/12 19:17:57"
"C:\Users\81805\toto-edge-git\ml\player_engine\data\raw\matches\metadata\match_32271.json","605","2026/07/12 19:17:59"
"C:\Users\81805\toto-edge-git\ml\player_engine\data\raw\matches\metadata\match_32272.json","605","2026/07/12 19:18:01"
"C:\Users\81805\toto-edge-git\ml\player_engine\data\raw\matches\metadata\match_32273.json","605","2026/07/12 19:18:03"
"C:\Users\81805\toto-edge-git\ml\player_engine\data\raw\matches\metadata\match_32274.json","605","2026/07/12 19:18:05"
"C:\Users\81805\toto-edge-git\ml\player_engine\data\raw\matches\metadata\match_32275.json","605","2026/07/12 19:18:07"
"C:\Users\81805\toto-edge-git\ml\player_engine\data\raw\matches\metadata\match_32276.json","605","2026/07/12 19:18:09"
"C:\Users\81805\toto-edge-git\ml\player_engine\data\raw\matches\metadata\match_32277.json","605","2026/07/12 19:18:12"
"C:\Users\81805\toto-edge-git\ml\player_engine\data\raw\matches\metadata\match_32278.json","605","2026/07/12 19:18:14"
"C:\Users\81805\toto-edge-git\ml\player_engine\data\raw\matches\metadata\match_32279.json","605","2026/07/12 19:18:16"
"C:\Users\81805\toto-edge-git\ml\player_engine\data\raw\matches\metadata\match_32280.json","605","2026/07/12 19:18:18"
"C:\Users\81805\toto-edge-git\ml\player_engine\data\raw\matches\metadata\match_32281.json","605","2026/07/12 19:18:20"
"C:\Users\81805\toto-edge-git\ml\player_engine\data\raw\matches\metadata\match_32282.json","605","2026/07/12 19:18:22"
"C:\Users\81805\toto-edge-git\ml\player_engine\data\raw\matches\metadata\match_32283.json","605","2026/07/12 19:18:24"
"C:\Users\81805\toto-edge-git\ml\player_engine\data\raw\matches\metadata\match_32284.json","605","2026/07/12 19:18:27"
"C:\Users\81805\toto-edge-git\ml\player_engine\data\raw\matches\metadata\match_32285.json","605","2026/07/12 19:18:29"
"C:\Users\81805\toto-edge-git\ml\player_engine\data\raw\matches\metadata\match_32286.json","605","2026/07/12 19:18:31"
"C:\Users\81805\toto-edge-git\ml\player_engine\data\raw\matches\metadata\match_32287.json","605","2026/07/12 19:18:33"
"C:\Users\81805\toto-edge-git\ml\player_engine\data\raw\matches\metadata\match_32288.json","605","2026/07/12 19:18:35"
"C:\Users\81805\toto-edge-git\ml\player_engine\data\raw\matches\metadata\match_32289.json","605","2026/07/12 19:18:37"
"C:\Users\81805\toto-edge-git\ml\player_engine\data\raw\matches\metadata\match_32290.json","605","2026/07/12 19:18:39"
"C:\Users\81805\toto-edge-git\ml\player_engine\data\raw\matches\metadata\match_32291.json","605","2026/07/12 19:18:42"
"C:\Users\81805\toto-edge-git\ml\player_engine\data\raw\matches\metadata\match_32292.json","605","2026/07/12 19:18:44"
"C:\Users\81805\toto-edge-git\ml\player_engine\data\raw\matches\metadata\match_32293.json","605","2026/07/12 19:18:46"
"C:\Users\81805\toto-edge-git\ml\player_engine\data\raw\matches\metadata\match_32294.json","605","2026/07/12 19:18:48"
"C:\Users\81805\toto-edge-git\ml\player_engine\data\raw\matches\metadata\match_32295.json","605","2026/07/12 19:18:50"
"C:\Users\81805\toto-edge-git\ml\player_engine\data\raw\matches\metadata\match_32296.json","605","2026/07/12 19:18:52"
"C:\Users\81805\toto-edge-git\ml\player_engine\data\raw\matches\metadata\match_32297.json","605","2026/07/12 19:18:54"
"C:\Users\81805\toto-edge-git\ml\player_engine\data\raw\matches\metadata\match_32298.json","605","2026/07/12 19:18:56"
"C:\Users\81805\toto-edge-git\ml\player_engine\data\raw\matches\metadata\match_32299.json","605","2026/07/12 19:18:58"
"C:\Users\81805\toto-edge-git\ml\player_engine\data\raw\matches\metadata\match_32300.json","605","2026/07/12 19:19:01"
"C:\Users\81805\toto-edge-git\ml\player_engine\data\raw\matches\metadata\match_32301.json","605","2026/07/12 19:19:03"
"C:\Users\81805\toto-edge-git\ml\player_engine\data\raw\matches\metadata\match_32302.json","605","2026/07/12 19:19:05"
"C:\Users\81805\toto-edge-git\ml\player_engine\data\raw\matches\metadata\match_32303.json","605","2026/07/12 19:19:07"
"C:\Users\81805\toto-edge-git\ml\player_engine\data\raw\matches\metadata\match_32304.json","605","2026/07/12 19:19:09"
"C:\Users\81805\toto-edge-git\ml\player_engine\data\raw\matches\metadata\match_32305.json","605","2026/07/12 19:19:11"
"C:\Users\81805\toto-edge-git\ml\player_engine\data\raw\matches\metadata\match_32306.json","605","2026/07/12 19:19:13"
"C:\Users\81805\toto-edge-git\ml\player_engine\data\raw\matches\metadata\match_32307.json","605","2026/07/12 19:19:15"
"C:\Users\81805\toto-edge-git\ml\player_engine\data\raw\matches\metadata\match_32308.json","605","2026/07/12 19:19:18"
"C:\Users\81805\toto-edge-git\ml\player_engine\data\raw\matches\metadata\match_32309.json","605","2026/07/12 19:19:20"
"C:\Users\81805\toto-edge-git\ml\player_engine\data\raw\matches\metadata\match_32310.json","605","2026/07/12 19:19:22"
"C:\Users\81805\toto-edge-git\ml\player_engine\data\raw\matches\metadata\match_32311.json","605","2026/07/12 19:19:24"
"C:\Users\81805\toto-edge-git\ml\player_engine\data\raw\matches\metadata\match_32312.json","605","2026/07/12 19:19:26"
"C:\Users\81805\toto-edge-git\ml\player_engine\data\raw\matches\metadata\match_32313.json","605","2026/07/12 19:19:28"
"C:\Users\81805\toto-edge-git\ml\player_engine\data\raw\matches\metadata\match_32314.json","605","2026/07/12 19:19:30"
"C:\Users\81805\toto-edge-git\ml\player_engine\data\raw\matches\metadata\match_32315.json","605","2026/07/12 19:19:32"
"C:\Users\81805\toto-edge-git\ml\player_engine\data\raw\matches\metadata\match_32316.json","605","2026/07/12 19:19:35"
"C:\Users\81805\toto-edge-git\ml\player_engine\data\raw\matches\metadata\match_32317.json","605","2026/07/12 19:19:37"
"C:\Users\81805\toto-edge-git\ml\player_engine\data\raw\matches\metadata\match_32318.json","605","2026/07/12 19:19:39"
"C:\Users\81805\toto-edge-git\ml\player_engine\data\raw\matches\metadata\match_32319.json","605","2026/07/12 19:19:41"
"C:\Users\81805\toto-edge-git\ml\player_engine\data\raw\matches\metadata\match_32320.json","605","2026/07/12 19:19:43"
"C:\Users\81805\toto-edge-git\ml\player_engine\data\raw\matches\metadata\match_32321.json","605","2026/07/12 19:19:45"
"C:\Users\81805\toto-edge-git\ml\player_engine\data\raw\matches\metadata\match_32322.json","605","2026/07/12 19:19:47"
"C:\Users\81805\toto-edge-git\ml\player_engine\data\raw\matches\metadata\match_32323.json","605","2026/07/12 19:19:49"
"C:\Users\81805\toto-edge-git\ml\player_engine\data\raw\matches\metadata\match_32324.json","605","2026/07/12 19:19:52"
"C:\Users\81805\toto-edge-git\ml\player_engine\data\raw\matches\metadata\match_32325.json","605","2026/07/12 19:19:54"
"C:\Users\81805\toto-edge-git\ml\player_engine\data\raw\matches\metadata\match_32326.json","605","2026/07/12 19:19:56"
"C:\Users\81805\toto-edge-git\ml\player_engine\data\raw\matches\metadata\match_32327.json","605","2026/07/12 19:19:58"
"C:\Users\81805\toto-edge-git\ml\player_engine\data\raw\matches\metadata\match_32328.json","605","2026/07/12 19:20:00"
"C:\Users\81805\toto-edge-git\ml\player_engine\data\raw\matches\metadata\match_32329.json","605","2026/07/12 19:20:02"
"C:\Users\81805\toto-edge-git\ml\player_engine\data\raw\matches\metadata\match_32330.json","605","2026/07/12 19:20:04"
"C:\Users\81805\toto-edge-git\ml\player_engine\data\raw\matches\metadata\match_32331.json","605","2026/07/12 19:20:07"
"C:\Users\81805\toto-edge-git\ml\player_engine\data\raw\matches\metadata\match_32332.json","605","2026/07/12 19:20:09"
"C:\Users\81805\toto-edge-git\ml\player_engine\data\raw\matches\metadata\match_32333.json","605","2026/07/12 19:20:11"
"C:\Users\81805\toto-edge-git\ml\player_engine\data\raw\matches\metadata\match_32334.json","605","2026/07/12 19:20:13"
"C:\Users\81805\toto-edge-git\ml\player_engine\data\raw\matches\metadata\match_32335.json","605","2026/07/12 19:20:15"
"C:\Users\81805\toto-edge-git\ml\player_engine\data\raw\matches\metadata\match_32336.json","605","2026/07/12 19:20:17"
"C:\Users\81805\toto-edge-git\ml\player_engine\data\raw\matches\metadata\match_32337.json","605","2026/07/12 19:20:19"
"C:\Users\81805\toto-edge-git\ml\player_engine\data\raw\matches\metadata\match_32338.json","605","2026/07/12 19:20:21"
"C:\Users\81805\toto-edge-git\ml\player_engine\data\raw\matches\metadata\match_32339.json","605","2026/07/12 19:20:23"
"C:\Users\81805\toto-edge-git\ml\player_engine\data\raw\matches\metadata\match_32340.json","605","2026/07/12 19:20:26"
"C:\Users\81805\toto-edge-git\ml\player_engine\data\raw\matches\metadata\match_32341.json","605","2026/07/12 19:20:28"
"C:\Users\81805\toto-edge-git\ml\player_engine\data\raw\matches\metadata\match_32342.json","605","2026/07/12 19:20:30"
"C:\Users\81805\toto-edge-git\ml\player_engine\data\raw\matches\metadata\match_32343.json","605","2026/07/12 19:20:32"
"C:\Users\81805\toto-edge-git\ml\player_engine\data\raw\matches\metadata\match_32344.json","605","2026/07/12 19:20:34"
"C:\Users\81805\toto-edge-git\ml\player_engine\data\raw\matches\metadata\match_32345.json","605","2026/07/12 19:20:36"
"C:\Users\81805\toto-edge-git\ml\player_engine\data\raw\matches\metadata\match_32346.json","605","2026/07/12 19:20:38"
"C:\Users\81805\toto-edge-git\ml\player_engine\data\raw\matches\metadata\match_32347.json","605","2026/07/12 19:20:41"
"C:\Users\81805\toto-edge-git\ml\player_engine\data\raw\matches\metadata\match_32348.json","605","2026/07/12 19:20:43"
"C:\Users\81805\toto-edge-git\ml\player_engine\data\raw\matches\metadata\match_32349.json","605","2026/07/12 19:20:45"
"C:\Users\81805\toto-edge-git\ml\player_engine\data\raw\matches\metadata\match_32350.json","605","2026/07/12 19:20:47"
"C:\Users\81805\toto-edge-git\ml\player_engine\data\raw\matches\metadata\match_32351.json","605","2026/07/12 19:20:49"
"C:\Users\81805\toto-edge-git\ml\player_engine\data\raw\matches\metadata\match_32352.json","605","2026/07/12 19:20:51"
"C:\Users\81805\toto-edge-git\ml\player_engine\data\raw\matches\metadata\match_32353.json","605","2026/07/12 19:20:53"
"C:\Users\81805\toto-edge-git\ml\player_engine\data\raw\matches\metadata\match_32354.json","605","2026/07/12 19:20:56"
"C:\Users\81805\toto-edge-git\ml\player_engine\data\raw\matches\metadata\match_32355.json","605","2026/07/12 19:20:58"
"C:\Users\81805\toto-edge-git\ml\player_engine\data\raw\matches\metadata\match_32356.json","605","2026/07/12 19:21:00"
"C:\Users\81805\toto-edge-git\ml\player_engine\data\raw\matches\metadata\match_32357.json","605","2026/07/12 19:21:02"
"C:\Users\81805\toto-edge-git\ml\player_engine\data\raw\matches\metadata\match_32358.json","605","2026/07/12 19:21:04"
"C:\Users\81805\toto-edge-git\ml\player_engine\data\raw\matches\metadata\match_32359.json","605","2026/07/12 19:21:06"
"C:\Users\81805\toto-edge-git\ml\player_engine\data\raw\matches\metadata\match_32360.json","605","2026/07/12 19:21:08"
"C:\Users\81805\toto-edge-git\ml\player_engine\data\raw\matches\metadata\match_32361.json","605","2026/07/12 19:21:10"
"C:\Users\81805\toto-edge-git\ml\player_engine\data\raw\matches\metadata\match_32362.json","605","2026/07/12 19:21:13"
"C:\Users\81805\toto-edge-git\ml\player_engine\data\raw\matches\metadata\match_32363.json","605","2026/07/12 19:21:15"
"C:\Users\81805\toto-edge-git\ml\player_engine\data\raw\matches\metadata\match_32364.json","605","2026/07/12 19:21:17"
"C:\Users\81805\toto-edge-git\ml\player_engine\data\raw\matches\metadata\match_32365.json","605","2026/07/12 19:21:19"
"C:\Users\81805\toto-edge-git\ml\player_engine\data\raw\matches\metadata\match_32366.json","605","2026/07/12 19:21:21"
"C:\Users\81805\toto-edge-git\ml\player_engine\data\raw\matches\metadata\match_32367.json","605","2026/07/12 19:21:23"
"C:\Users\81805\toto-edge-git\ml\player_engine\data\raw\matches\metadata\match_32368.json","605","2026/07/12 19:21:25"
"C:\Users\81805\toto-edge-git\ml\player_engine\data\raw\matches\metadata\match_32369.json","605","2026/07/12 19:21:27"
"C:\Users\81805\toto-edge-git\ml\player_engine\data\raw\matches\metadata\match_32370.json","605","2026/07/12 19:21:30"
"C:\Users\81805\toto-edge-git\ml\player_engine\data\raw\matches\metadata\match_32371.json","605","2026/07/12 19:21:32"
"C:\Users\81805\toto-edge-git\ml\player_engine\data\raw\matches\metadata\match_32372.json","605","2026/07/12 19:21:34"
"C:\Users\81805\toto-edge-git\ml\player_engine\data\raw\matches\metadata\match_32373.json","605","2026/07/12 19:21:36"
"C:\Users\81805\toto-edge-git\ml\player_engine\data\raw\matches\metadata\match_32374.json","605","2026/07/12 19:21:38"
"C:\Users\81805\toto-edge-git\ml\player_engine\data\raw\matches\metadata\match_32375.json","605","2026/07/12 19:21:40"
"C:\Users\81805\toto-edge-git\ml\player_engine\data\raw\matches\metadata\match_32376.json","605","2026/07/12 19:21:42"
"C:\Users\81805\toto-edge-git\ml\player_engine\data\raw\matches\metadata\match_32377.json","605","2026/07/12 19:21:45"
"C:\Users\81805\toto-edge-git\ml\player_engine\data\raw\matches\metadata\match_32378.json","605","2026/07/12 19:21:47"
"C:\Users\81805\toto-edge-git\ml\player_engine\data\raw\matches\metadata\match_32379.json","605","2026/07/12 19:21:49"
"C:\Users\81805\toto-edge-git\ml\player_engine\data\raw\matches\metadata\match_32380.json","605","2026/07/12 19:21:51"
"C:\Users\81805\toto-edge-git\ml\player_engine\data\raw\matches\metadata\match_32381.json","605","2026/07/12 19:21:53"
"C:\Users\81805\toto-edge-git\ml\player_engine\data\raw\matches\metadata\match_32382.json","605","2026/07/12 19:21:55"
"C:\Users\81805\toto-edge-git\ml\player_engine\data\raw\matches\metadata\match_32383.json","605","2026/07/12 19:21:57"
"C:\Users\81805\toto-edge-git\ml\player_engine\data\raw\matches\metadata\match_32384.json","605","2026/07/12 19:21:59"
"C:\Users\81805\toto-edge-git\ml\player_engine\data\raw\matches\metadata\match_32385.json","605","2026/07/12 19:22:02"
"C:\Users\81805\toto-edge-git\ml\player_engine\data\raw\matches\metadata\match_32386.json","605","2026/07/12 19:22:04"
"C:\Users\81805\toto-edge-git\ml\player_engine\data\raw\matches\metadata\match_32387.json","605","2026/07/12 19:22:06"
"C:\Users\81805\toto-edge-git\ml\player_engine\data\raw\matches\metadata\match_32388.json","605","2026/07/12 19:22:08"
"C:\Users\81805\toto-edge-git\ml\player_engine\data\raw\matches\metadata\match_32389.json","605","2026/07/12 19:22:10"
"C:\Users\81805\toto-edge-git\ml\player_engine\data\raw\matches\metadata\match_32390.json","605","2026/07/12 19:22:12"
"C:\Users\81805\toto-edge-git\ml\player_engine\data\raw\matches\metadata\match_32391.json","605","2026/07/12 19:22:14"
"C:\Users\81805\toto-edge-git\ml\player_engine\data\raw\matches\metadata\match_32392.json","605","2026/07/12 19:22:17"
"C:\Users\81805\toto-edge-git\ml\player_engine\data\raw\matches\metadata\match_32393.json","605","2026/07/12 19:22:19"
"C:\Users\81805\toto-edge-git\ml\player_engine\data\raw\matches\metadata\match_32394.json","605","2026/07/12 19:22:21"
"C:\Users\81805\toto-edge-git\ml\player_engine\data\raw\matches\metadata\match_32395.json","605","2026/07/12 19:22:23"
"C:\Users\81805\toto-edge-git\ml\player_engine\data\raw\matches\metadata\match_32396.json","605","2026/07/12 19:22:25"
"C:\Users\81805\toto-edge-git\ml\player_engine\data\raw\matches\metadata\match_32397.json","605","2026/07/12 19:22:27"
"C:\Users\81805\toto-edge-git\ml\player_engine\data\raw\matches\metadata\match_32398.json","605","2026/07/12 19:22:29"
"C:\Users\81805\toto-edge-git\ml\player_engine\data\raw\matches\metadata\match_32399.json","605","2026/07/12 19:22:31"
"C:\Users\81805\toto-edge-git\ml\player_engine\data\raw\matches\metadata\match_32400.json","605","2026/07/12 19:22:33"
"C:\Users\81805\toto-edge-git\ml\player_engine\data\raw\matches\metadata\match_32401.json","605","2026/07/12 19:22:36"
"C:\Users\81805\toto-edge-git\ml\player_engine\data\raw\matches\metadata\match_32402.json","605","2026/07/12 19:22:38"
"C:\Users\81805\toto-edge-git\ml\player_engine\data\raw\matches\metadata\match_32403.json","605","2026/07/12 19:22:40"
"C:\Users\81805\toto-edge-git\ml\player_engine\data\raw\matches\metadata\match_32404.json","605","2026/07/12 19:22:42"
"C:\Users\81805\toto-edge-git\ml\player_engine\data\raw\matches\metadata\match_32405.json","605","2026/07/12 19:22:44"
"C:\Users\81805\toto-edge-git\ml\player_engine\data\raw\matches\metadata\match_32406.json","605","2026/07/12 19:22:46"
"C:\Users\81805\toto-edge-git\ml\player_engine\data\raw\matches\metadata\match_32407.json","605","2026/07/12 19:22:48"
"C:\Users\81805\toto-edge-git\ml\player_engine\data\raw\matches\metadata\match_32408.json","605","2026/07/12 19:22:51"
"C:\Users\81805\toto-edge-git\ml\player_engine\data\raw\matches\metadata\match_32409.json","605","2026/07/12 19:22:53"
"C:\Users\81805\toto-edge-git\ml\player_engine\data\raw\matches\metadata\match_32410.json","605","2026/07/12 19:22:55"
"C:\Users\81805\toto-edge-git\ml\player_engine\data\raw\matches\metadata\match_32411.json","605","2026/07/12 19:22:57"
"C:\Users\81805\toto-edge-git\ml\player_engine\data\raw\matches\metadata\match_32412.json","605","2026/07/12 19:22:59"
"C:\Users\81805\toto-edge-git\ml\player_engine\data\raw\matches\metadata\match_32413.json","605","2026/07/12 19:23:01"
"C:\Users\81805\toto-edge-git\ml\player_engine\data\raw\matches\metadata\match_32414.json","605","2026/07/12 19:23:03"
"C:\Users\81805\toto-edge-git\ml\player_engine\data\raw\matches\metadata\match_32415.json","605","2026/07/12 19:23:06"
"C:\Users\81805\toto-edge-git\ml\player_engine\data\raw\matches\metadata\match_32416.json","605","2026/07/12 19:23:08"
"C:\Users\81805\toto-edge-git\ml\player_engine\data\raw\matches\metadata\match_32417.json","605","2026/07/12 19:23:10"
"C:\Users\81805\toto-edge-git\ml\player_engine\data\raw\matches\metadata\match_32418.json","605","2026/07/12 19:23:12"
"C:\Users\81805\toto-edge-git\ml\player_engine\data\raw\matches\metadata\match_32419.json","605","2026/07/12 19:23:14"
"C:\Users\81805\toto-edge-git\ml\player_engine\data\raw\matches\metadata\match_32420.json","605","2026/07/12 19:23:16"
"C:\Users\81805\toto-edge-git\ml\player_engine\data\raw\matches\metadata\match_32421.json","605","2026/07/12 19:23:18"
"C:\Users\81805\toto-edge-git\ml\player_engine\data\raw\matches\metadata\match_32422.json","605","2026/07/12 19:23:20"
"C:\Users\81805\toto-edge-git\ml\player_engine\data\raw\matches\metadata\match_32423.json","605","2026/07/12 19:23:23"
"C:\Users\81805\toto-edge-git\ml\player_engine\data\raw\matches\metadata\match_32424.json","605","2026/07/12 19:23:25"
"C:\Users\81805\toto-edge-git\ml\player_engine\data\raw\matches\metadata\match_32425.json","605","2026/07/12 19:23:27"
"C:\Users\81805\toto-edge-git\ml\player_engine\data\raw\matches\metadata\match_32426.json","605","2026/07/12 19:23:58"
"C:\Users\81805\toto-edge-git\ml\player_engine\data\raw\matches\metadata\match_32427.json","605","2026/07/12 19:23:59"
"C:\Users\81805\toto-edge-git\ml\player_engine\data\raw\matches\metadata\match_32428.json","605","2026/07/12 19:24:01"
"C:\Users\81805\toto-edge-git\ml\player_engine\data\raw\matches\metadata\match_32429.json","605","2026/07/12 19:24:03"
"C:\Users\81805\toto-edge-git\ml\player_engine\data\raw\matches\metadata\match_32430.json","605","2026/07/12 19:24:05"
"C:\Users\81805\toto-edge-git\ml\player_engine\data\raw\matches\metadata\match_32431.json","605","2026/07/12 19:24:07"
"C:\Users\81805\toto-edge-git\ml\player_engine\data\raw\matches\metadata\match_32432.json","605","2026/07/12 19:24:09"
"C:\Users\81805\toto-edge-git\ml\player_engine\data\raw\matches\metadata\match_32433.json","605","2026/07/12 19:24:11"
"C:\Users\81805\toto-edge-git\ml\player_engine\data\raw\matches\metadata\match_32434.json","605","2026/07/12 19:24:14"
"C:\Users\81805\toto-edge-git\ml\player_engine\data\raw\matches\metadata\match_32435.json","605","2026/07/12 19:24:16"
"C:\Users\81805\toto-edge-git\ml\player_engine\data\raw\matches\metadata\match_32436.json","605","2026/07/12 19:24:18"
"C:\Users\81805\toto-edge-git\ml\player_engine\data\raw\matches\metadata\match_32437.json","605","2026/07/12 19:24:20"
"C:\Users\81805\toto-edge-git\ml\player_engine\data\raw\matches\metadata\match_32438.json","605","2026/07/12 19:24:22"
"C:\Users\81805\toto-edge-git\ml\player_engine\data\raw\matches\metadata\match_32439.json","605","2026/07/12 19:24:24"
"C:\Users\81805\toto-edge-git\ml\player_engine\data\raw\matches\metadata\match_32440.json","605","2026/07/12 19:24:26"
"C:\Users\81805\toto-edge-git\ml\player_engine\data\raw\matches\metadata\match_32441.json","605","2026/07/12 19:24:28"
"C:\Users\81805\toto-edge-git\ml\player_engine\data\raw\matches\metadata\match_32442.json","605","2026/07/12 19:24:31"
"C:\Users\81805\toto-edge-git\ml\player_engine\data\raw\matches\metadata\match_32443.json","605","2026/07/12 19:24:33"
"C:\Users\81805\toto-edge-git\ml\player_engine\data\raw\matches\metadata\match_32444.json","605","2026/07/12 19:24:35"
"C:\Users\81805\toto-edge-git\ml\player_engine\data\raw\matches\metadata\match_32445.json","605","2026/07/12 19:24:37"
"C:\Users\81805\toto-edge-git\ml\player_engine\data\raw\matches\metadata\match_32446.json","605","2026/07/12 19:24:39"
"C:\Users\81805\toto-edge-git\ml\player_engine\data\raw\matches\metadata\match_32447.json","605","2026/07/12 19:24:41"
"C:\Users\81805\toto-edge-git\ml\player_engine\data\raw\matches\metadata\match_32448.json","605","2026/07/12 19:24:43"
"C:\Users\81805\toto-edge-git\ml\player_engine\data\raw\matches\metadata\match_32449.json","605","2026/07/12 19:24:46"
"C:\Users\81805\toto-edge-git\ml\player_engine\data\raw\matches\metadata\match_32450.json","605","2026/07/12 19:24:48"
"C:\Users\81805\toto-edge-git\ml\player_engine\data\raw\matches\metadata\match_32451.json","605","2026/07/12 19:24:50"
"C:\Users\81805\toto-edge-git\ml\player_engine\data\raw\matches\metadata\match_32452.json","605","2026/07/12 19:24:52"
"C:\Users\81805\toto-edge-git\ml\player_engine\data\raw\matches\metadata\match_32453.json","605","2026/07/12 19:24:54"
"C:\Users\81805\toto-edge-git\ml\player_engine\data\raw\matches\metadata\match_32454.json","605","2026/07/12 19:24:56"
"C:\Users\81805\toto-edge-git\ml\player_engine\data\raw\matches\metadata\match_32455.json","605","2026/07/12 19:24:58"
"C:\Users\81805\toto-edge-git\ml\player_engine\data\raw\matches\metadata\match_32456.json","605","2026/07/12 19:25:00"
"C:\Users\81805\toto-edge-git\ml\player_engine\data\raw\matches\metadata\match_32457.json","605","2026/07/12 19:25:03"
"C:\Users\81805\toto-edge-git\ml\player_engine\data\raw\matches\metadata\match_32458.json","605","2026/07/12 19:25:05"
"C:\Users\81805\toto-edge-git\ml\player_engine\data\raw\matches\metadata\match_32459.json","605","2026/07/12 19:25:07"
"C:\Users\81805\toto-edge-git\ml\player_engine\data\raw\matches\metadata\match_32460.json","605","2026/07/12 19:25:09"
"C:\Users\81805\toto-edge-git\ml\player_engine\data\raw\matches\metadata\match_32461.json","605","2026/07/12 19:25:11"
"C:\Users\81805\toto-edge-git\ml\player_engine\data\raw\matches\metadata\match_32462.json","605","2026/07/12 19:25:13"
"C:\Users\81805\toto-edge-git\ml\player_engine\data\raw\matches\metadata\match_32463.json","605","2026/07/12 19:25:15"
"C:\Users\81805\toto-edge-git\ml\player_engine\data\raw\matches\metadata\match_32464.json","605","2026/07/12 19:25:18"
"C:\Users\81805\toto-edge-git\ml\player_engine\data\raw\matches\metadata\match_32465.json","605","2026/07/12 19:25:20"
"C:\Users\81805\toto-edge-git\ml\player_engine\data\raw\matches\metadata\match_32466.json","605","2026/07/12 19:25:22"
"C:\Users\81805\toto-edge-git\ml\player_engine\data\raw\matches\metadata\match_32467.json","605","2026/07/12 19:25:24"
"C:\Users\81805\toto-edge-git\ml\player_engine\data\raw\matches\metadata\match_32468.json","605","2026/07/12 19:25:26"
"C:\Users\81805\toto-edge-git\ml\player_engine\data\raw\matches\metadata\match_32469.json","605","2026/07/12 19:25:28"
"C:\Users\81805\toto-edge-git\ml\player_engine\data\raw\matches\metadata\match_32470.json","605","2026/07/12 19:25:30"
"C:\Users\81805\toto-edge-git\ml\player_engine\data\raw\matches\metadata\match_32471.json","605","2026/07/12 19:25:32"
"C:\Users\81805\toto-edge-git\ml\player_engine\data\raw\matches\metadata\match_32472.json","605","2026/07/12 19:25:35"
"C:\Users\81805\toto-edge-git\ml\player_engine\data\raw\matches\metadata\match_32473.json","605","2026/07/12 19:25:37"
"C:\Users\81805\toto-edge-git\ml\player_engine\data\raw\matches\metadata\match_32474.json","605","2026/07/12 19:25:39"
"C:\Users\81805\toto-edge-git\ml\player_engine\data\raw\matches\metadata\match_32475.json","605","2026/07/12 19:25:41"
"C:\Users\81805\toto-edge-git\ml\player_engine\data\raw\matches\metadata\match_32476.json","605","2026/07/12 19:25:43"
"C:\Users\81805\toto-edge-git\ml\player_engine\data\raw\matches\metadata\match_32477.json","605","2026/07/12 19:25:45"
"C:\Users\81805\toto-edge-git\ml\player_engine\data\raw\matches\metadata\match_32478.json","605","2026/07/12 19:25:47"
"C:\Users\81805\toto-edge-git\ml\player_engine\data\raw\matches\metadata\match_32479.json","605","2026/07/12 19:25:49"
"C:\Users\81805\toto-edge-git\ml\player_engine\data\raw\matches\metadata\match_32480.json","605","2026/07/12 19:25:52"
"C:\Users\81805\toto-edge-git\ml\player_engine\data\raw\matches\metadata\match_32481.json","605","2026/07/12 19:25:54"
"C:\Users\81805\toto-edge-git\ml\player_engine\data\raw\matches\metadata\match_32482.json","605","2026/07/12 19:25:56"
"C:\Users\81805\toto-edge-git\ml\player_engine\data\raw\matches\metadata\match_32483.json","605","2026/07/12 19:25:58"
"C:\Users\81805\toto-edge-git\ml\player_engine\data\raw\matches\metadata\match_32484.json","605","2026/07/12 19:26:00"
"C:\Users\81805\toto-edge-git\ml\player_engine\data\raw\matches\metadata\match_32485.json","605","2026/07/12 19:26:02"
"C:\Users\81805\toto-edge-git\ml\player_engine\data\raw\matches\metadata\match_32486.json","605","2026/07/12 19:26:04"
"C:\Users\81805\toto-edge-git\ml\player_engine\data\raw\matches\metadata\match_32487.json","605","2026/07/12 19:26:07"
"C:\Users\81805\toto-edge-git\ml\player_engine\data\raw\matches\metadata\match_32488.json","605","2026/07/12 19:26:09"
"C:\Users\81805\toto-edge-git\ml\player_engine\data\raw\matches\metadata\match_32489.json","605","2026/07/12 19:26:11"
"C:\Users\81805\toto-edge-git\ml\player_engine\data\raw\matches\metadata\match_32490.json","605","2026/07/12 19:26:13"
"C:\Users\81805\toto-edge-git\ml\player_engine\data\raw\matches\metadata\match_32491.json","605","2026/07/12 19:26:15"
"C:\Users\81805\toto-edge-git\ml\player_engine\data\raw\matches\metadata\match_32492.json","605","2026/07/12 19:26:17"
"C:\Users\81805\toto-edge-git\ml\player_engine\data\raw\matches\metadata\match_32493.json","605","2026/07/12 19:26:19"
"C:\Users\81805\toto-edge-git\ml\player_engine\data\raw\matches\metadata\match_32494.json","605","2026/07/12 19:26:21"
"C:\Users\81805\toto-edge-git\ml\player_engine\data\raw\matches\metadata\match_32495.json","605","2026/07/12 19:26:23"
"C:\Users\81805\toto-edge-git\ml\player_engine\data\raw\matches\metadata\match_32496.json","605","2026/07/12 19:26:26"
"C:\Users\81805\toto-edge-git\ml\player_engine\data\raw\matches\metadata\match_32497.json","605","2026/07/12 19:26:28"
"C:\Users\81805\toto-edge-git\ml\player_engine\data\raw\matches\metadata\match_32498.json","605","2026/07/12 19:26:30"
"C:\Users\81805\toto-edge-git\ml\player_engine\data\raw\matches\metadata\match_32499.json","605","2026/07/12 19:26:32"
"C:\Users\81805\toto-edge-git\ml\player_engine\data\raw\matches\metadata\match_32500.json","605","2026/07/12 19:26:34"
"C:\Users\81805\toto-edge-git\ml\player_engine\data\raw\matches\metadata\match_32501.json","605","2026/07/12 19:26:36"
"C:\Users\81805\toto-edge-git\ml\player_engine\data\raw\matches\metadata\match_32502.json","605","2026/07/12 19:26:38"
"C:\Users\81805\toto-edge-git\ml\player_engine\data\raw\matches\metadata\match_32503.json","605","2026/07/12 19:26:40"
"C:\Users\81805\toto-edge-git\ml\player_engine\data\raw\matches\metadata\match_32504.json","605","2026/07/12 19:26:43"
"C:\Users\81805\toto-edge-git\ml\player_engine\data\raw\matches\metadata\match_32505.json","605","2026/07/12 19:26:45"
"C:\Users\81805\toto-edge-git\ml\player_engine\data\raw\matches\metadata\match_32506.json","605","2026/07/12 19:26:47"
"C:\Users\81805\toto-edge-git\ml\player_engine\data\raw\matches\metadata\match_32507.json","605","2026/07/12 19:26:49"
"C:\Users\81805\toto-edge-git\ml\player_engine\data\raw\matches\metadata\match_32508.json","605","2026/07/12 19:26:51"
"C:\Users\81805\toto-edge-git\ml\player_engine\data\raw\matches\metadata\match_32509.json","605","2026/07/12 19:26:53"
"C:\Users\81805\toto-edge-git\ml\player_engine\data\raw\matches\metadata\match_32510.json","605","2026/07/12 19:26:55"
"C:\Users\81805\toto-edge-git\ml\player_engine\data\raw\matches\metadata\match_32511.json","605","2026/07/12 19:26:57"
"C:\Users\81805\toto-edge-git\ml\player_engine\data\raw\matches\metadata\match_32512.json","605","2026/07/12 19:27:00"
"C:\Users\81805\toto-edge-git\ml\player_engine\data\raw\matches\metadata\match_32513.json","605","2026/07/12 19:27:02"
"C:\Users\81805\toto-edge-git\ml\player_engine\data\raw\matches\metadata\match_32514.json","605","2026/07/12 19:27:04"
"C:\Users\81805\toto-edge-git\ml\player_engine\data\raw\matches\metadata\match_32515.json","605","2026/07/12 19:27:06"
"C:\Users\81805\toto-edge-git\ml\player_engine\data\raw\matches\metadata\match_32516.json","605","2026/07/12 19:27:08"
"C:\Users\81805\toto-edge-git\ml\player_engine\data\raw\matches\metadata\match_32517.json","605","2026/07/12 19:27:10"
"C:\Users\81805\toto-edge-git\ml\player_engine\data\raw\matches\metadata\match_32518.json","605","2026/07/12 19:27:12"
"C:\Users\81805\toto-edge-git\ml\player_engine\data\raw\matches\metadata\match_32519.json","605","2026/07/12 19:27:15"
"C:\Users\81805\toto-edge-git\ml\player_engine\data\raw\matches\metadata\match_32520.json","605","2026/07/12 19:27:17"
"C:\Users\81805\toto-edge-git\ml\player_engine\data\raw\matches\metadata\match_32521.json","605","2026/07/12 19:27:19"
"C:\Users\81805\toto-edge-git\ml\player_engine\data\raw\matches\metadata\match_32522.json","605","2026/07/12 19:27:21"
"C:\Users\81805\toto-edge-git\ml\player_engine\data\raw\matches\metadata\match_32523.json","605","2026/07/12 19:27:23"
"C:\Users\81805\toto-edge-git\ml\player_engine\data\raw\matches\metadata\match_32524.json","605","2026/07/12 19:27:25"
"C:\Users\81805\toto-edge-git\ml\player_engine\data\raw\matches\metadata\match_32525.json","605","2026/07/12 19:27:27"
"C:\Users\81805\toto-edge-git\ml\player_engine\data\raw\matches\metadata\match_32526.json","605","2026/07/12 19:27:29"
"C:\Users\81805\toto-edge-git\ml\player_engine\data\raw\matches\metadata\match_32527.json","605","2026/07/12 19:27:32"
"C:\Users\81805\toto-edge-git\ml\player_engine\data\raw\matches\metadata\match_32528.json","605","2026/07/12 19:27:34"
"C:\Users\81805\toto-edge-git\ml\player_engine\data\raw\matches\metadata\match_32529.json","605","2026/07/12 19:27:36"
"C:\Users\81805\toto-edge-git\ml\player_engine\data\raw\matches\metadata\match_32530.json","605","2026/07/12 19:27:38"
"C:\Users\81805\toto-edge-git\ml\player_engine\features\core_player_score.py","4809","2026/07/12 18:01:33"
"C:\Users\81805\toto-edge-git\ml\player_engine\features\core_player_score_fixed.py","4639","2026/07/12 17:52:55"
"C:\Users\81805\toto-edge-git\ml\player_engine\features\historical_position_feature_generator.py","9552","2026/07/12 23:25:38"
"C:\Users\81805\toto-edge-git\ml\player_engine\features\historical_team_feature_generator.py","10053","2026/07/12 22:33:08"
"C:\Users\81805\toto-edge-git\ml\player_engine\features\momentum_engine.py","7358","2026/07/12 17:43:48"
"C:\Users\81805\toto-edge-git\ml\player_engine\features\suspension_engine.py","7869","2026/07/12 17:26:35"
"C:\Users\81805\toto-edge-git\ml\player_engine\features\team_feature_generator.py","2559","2026/07/12 17:47:53"
"C:\Users\81805\toto-edge-git\ml\player_engine\repository\player_repository.py","2523","2026/07/12 15:18:50"
"C:\Users\81805\toto-edge-git\ml\player_engine\repository\test_repository.py","370","2026/07/12 15:19:13"
"C:\Users\81805\toto-edge-git\ml\rf_v5\randomforest_v5_feature_importance.csv","3328","2026/07/14 0:46:30"
"C:\Users\81805\toto-edge-git\ml\rf_v5\randomforest_v5_predictions.csv","509161","2026/07/14 0:46:30"
"C:\Users\81805\toto-edge-git\ml\rf_v5\randomforest_v5_summary.csv","432","2026/07/14 0:46:30"
"C:\Users\81805\toto-edge-git\ml\rf_v5\randomforest_v5_summary.json","537","2026/07/14 0:46:30"
"C:\Users\81805\toto-edge-git\ml\rf_v5\randomforest_v5_windows.csv","5042","2026/07/14 0:46:30"
"C:\Users\81805\toto-edge-git\ml\rf_v5\random_forest_v5.joblib","39515511","2026/07/14 0:46:32"
