window,match_card_id,match_date,season,competition,home_team,away_team,actual,prediction,prob_away,prob_draw,prob_home
1,27328,2022-02-18,2022,,川崎F,FC東京,H,H,0.3199174009638681,0.3363551334948542,0.34372746554127775
1,26512,2022-02-19,2022,,栃木SC,秋田,H,H,0.2924640243948141,0.14901214428681303,0.5585238313183728
1,26513,2022-02-19,2022,,ザスパクサツ群馬,山形,H,A,0.5065508975777792,0.15294776765444004,0.3405013347677808
1,26514,2022-02-19,2022,,千葉,いわてグルージャ盛岡,A,A,0.5202786506281322,0.09678144610181974,0.3829399032700482
1,26515,2022-02-19,2022,,横浜FC,大宮,H,A,0.768648501576679,0.10877962189859242,0.12257187652472865
1,26516,2022-02-19,2022,,徳島,ツエーゲン金沢,D,A,0.34984767858513977,0.30221886690478744,0.34793345451007285
1,26517,2022-02-19,2022,,V・ファーレン長崎,東京V,D,A,0.4630403961596022,0.24484628743479897,0.29211331640559896
1,27329,2022-02-19,2022,,横浜FM,C大阪,D,A,0.3774799461388037,0.36408173954328105,0.25843831431791536
1,27330,2022-02-19,2022,,清水,札幌,D,D,0.2805812108927869,0.5552611823168567,0.16415760679035638
1,27331,2022-02-19,2022,,京都,浦和,H,A,0.7359499672963853,0.11689499139264045,0.14715504131097434
1,27332,2022-02-19,2022,,G大阪,鹿島,A,D,0.2842895736694132,0.4271839153134433,0.28852651101714355
1,27333,2022-02-19,2022,,広島,鳥栖,D,A,0.7359245702749988,0.09321277548674108,0.1708626542382601
1,27334,2022-02-19,2022,,湘南,柏,A,A,0.6881436816828705,0.06952610276578176,0.24233021555134776
1,27335,2022-02-19,2022,,名古屋,神戸,H,H,0.20126874879629952,0.3850158268169203,0.4137154243867802
1,27336,2022-02-19,2022,,福岡,磐田,D,D,0.30741450585830826,0.35099606291497026,0.3415894312267216
1,26519,2022-02-20,2022,,レノファ山口FC,熊本,D,A,0.5544805868177036,0.23661524538447906,0.2089041677978174
1,26520,2022-02-20,2022,,仙台,新潟,D,H,0.21743794163536592,0.29430307411491674,0.48825898424971736
1,26521,2022-02-20,2022,,町田,FC琉球,D,A,0.6873042180355525,0.23488942362542323,0.07780635833902429
1,26522,2022-02-20,2022,,岡山,甲府,H,D,0.18580553099596614,0.6497713897189168,0.16442307928511712
1,27400,2022-02-23,2022,,横浜FM,川崎F,H,H,0.2552837507121746,0.21167262732127398,0.5330436219665514
1,27401,2022-02-23,2022,,浦和,神戸,D,H,0.20829268327486042,0.07512156462570155,0.716585752099438
1,26523,2022-02-26,2022,,大宮,新潟,D,H,0.09968538459261941,0.3681137641616873,0.5322008512456933
1,26524,2022-02-26,2022,,FC琉球,千葉,A,H,0.34113801861441395,0.18099120147348313,0.47787077991210297
1,27337,2022-02-26,2022,,磐田,清水,A,H,0.24783295269604882,0.3736122817445448,0.3785547655594064
1,27338,2022-02-26,2022,,C大阪,京都,D,A,0.6464394294429372,0.1285004671594515,0.22506010339761126
1,27339,2022-02-26,2022,,札幌,広島,D,H,0.2456226476257208,0.21676539562562888,0.5376119567486504
1,27340,2022-02-26,2022,,鹿島,川崎F,A,A,0.4944129045715051,0.08712451377751836,0.41846258165097655
1,27341,2022-02-26,2022,,浦和,G大阪,A,A,0.4535287420395815,0.20698109066827977,0.3394901672921388
1,27343,2022-02-26,2022,,神戸,福岡,D,D,0.2969999448784916,0.5001403935253712,0.20285966159613722
1,27344,2022-02-26,2022,,鳥栖,湘南,D,H,0.2607316165701315,0.04842822968058112,0.6908401537492874
1,26525,2022-02-27,2022,,甲府,大分,D,H,0.25017220619010333,0.3675998920639914,0.3822279017459052
1,26526,2022-02-27,2022,,熊本,山形,A,D,0.26833564337893745,0.4408695301650315,0.2907948264560311
1,26527,2022-02-27,2022,,水戸,仙台,A,A,0.3520318780431575,0.3253321352546228,0.32263598670221977
1,26528,2022-02-27,2022,,ザスパクサツ群馬,ツエーゲン金沢,D,A,0.3999471464194538,0.2980588282783813,0.30199402530216496
1,26529,2022-02-27,2022,,東京V,栃木SC,H,D,0.13418373126284042,0.6906004465285718,0.17521582220858778
1,26530,2022-02-27,2022,,町田,いわてグルージャ盛岡,H,D,0.14959107639701716,0.6628650499235555,0.18754387367942732
1,26531,2022-02-27,2022,,横浜FC,V・ファーレン長崎,H,D,0.26629595522356564,0.4581363564502314,0.27556768832620315
1,26532,2022-02-27,2022,,岡山,徳島,D,H,0.39074167572259877,0.20504147933835137,0.4042168449390498
1,26533,2022-02-27,2022,,レノファ山口FC,秋田,H,D,0.18543170395703062,0.6521702382330428,0.16239805780992667
1,27345,2022-02-27,2022,,柏,横浜FM,H,H,0.17454700945806004,0.16539146793443274,0.6600615226075073
1,27409,2022-03-02,2022,,川崎F,浦和,H,D,0.1736889090672642,0.434109326310354,0.39220176462238193
1,27410,2022-03-02,2022,,横浜FM,神戸,H,H,0.12143049715850748,0.0824087561662278,0.7961607466752647
1,26534,2022-03-05,2022,,大宮,熊本,A,A,0.35700037235542714,0.2869142353422803,0.3560853923022926
1,26535,2022-03-05,2022,,新潟,レノファ山口FC,D,A,0.6658958813627794,0.20853881642126618,0.12556530221595436
1,26536,2022-03-05,2022,,栃木SC,岡山,A,A,0.5642292855041353,0.1991311724778333,0.2366395420180314
1,26537,2022-03-05,2022,,V・ファーレン長崎,甲府,A,D,0.36256059423335846,0.38811528359024833,0.24932412217639316
1,26538,2022-03-05,2022,,FC琉球,いわてグルージャ盛岡,A,H,0.36986838103197234,0.11067989081180048,0.5194517281562272
1,27346,2022-03-05,2022,,京都,磐田,A,D,0.37028601048070736,0.44314970318236374,0.18656428633692893
1,26539,2022-03-06,2022,,仙台,ザスパクサツ群馬,D,A,0.6277788653693809,0.23546106917525908,0.13676006545536015
1,26540,2022-03-06,2022,,水戸,秋田,A,D,0.10568587302850971,0.7825395848224305,0.11177454214905977
1,26541,2022-03-06,2022,,千葉,山形,D,H,0.21532345854352772,0.28166731221329266,0.5030092292431797
1,26542,2022-03-06,2022,,ツエーゲン金沢,町田,A,A,0.4926639315853932,0.132529243416096,0.37480682499851076
1,26543,2022-03-06,2022,,徳島,東京V,D,H,0.16580663107388036,0.1865382012364246,0.6476551676896951
1,26544,2022-03-06,2022,,大分,横浜FC,A,D,0.39163822686683153,0.49721611480765804,0.11114565832551049
1,27347,2022-03-06,2022,,横浜FM,清水,H,D,0.19532434782718303,0.6075292925248759,0.1971463596479412
1,27348,2022-03-06,2022,,名古屋,鳥栖,D,H,0.3114837818027134,0.3083714112288625,0.38014480696842406
1,27349,2022-03-06,2022,,鹿島,柏,H,H,0.1884090843003345,0.14015545419238767,0.6714354615072778
1,27350,2022-03-06,2022,,浦和,湘南,H,D,0.26538144716100676,0.38872629104081025,0.34589226179818294
1,27351,2022-03-06,2022,,C大阪,FC東京,A,D,0.18970305254430583,0.6807179048159799,0.12957904263971423
1,27352,2022-03-06,2022,,広島,神戸,D,A,0.5584921675685972,0.1543133537540566,0.2871944786773461
1,27353,2022-03-06,2022,,G大阪,川崎F,D,A,0.5249127893680507,0.3330073486719831,0.1420798619599663
1,27354,2022-03-06,2022,,福岡,札幌,D,A,0.4666196369285601,0.29947070867541203,0.2339096543960278
1,26518,2022-03-09,2022,,大分,水戸,D,A,0.6789391151551121,0.1330137008778991,0.18804718396698888
1,27355,2022-03-11,2022,,神戸,鹿島,A,H,0.2564543636472836,0.1633418244854064,0.5802038118673101
1,26545,2022-03-12,2022,,仙台,いわてグルージャ盛岡,H,A,0.6896977372442132,0.06419809354182787,0.2461041692139589
1,26546,2022-03-12,2022,,甲府,山形,D,H,0.13038052935343,0.3535315743824564,0.5160878962641137
1,26547,2022-03-12,2022,,レノファ山口FC,FC琉球,A,A,0.4550396532606907,0.27267411772126277,0.2722862290180465
1,26548,2022-03-12,2022,,徳島,熊本,D,D,0.15195933151522611,0.6313059010549835,0.21673476742979036
1,26549,2022-03-12,2022,,V・ファーレン長崎,大分,H,H,0.18902703453206343,0.12098867862692077,0.6899842868410159
1,26974,2022-03-12,2022,,Y.S.C.C.横浜,FC岐阜,D,A,0.6344322881194306,0.1433176486882441,0.22225006319232532
1,26975,2022-03-12,2022,,藤枝MYFC,ガイナーレ鳥取,H,H,0.2667788625755575,0.10450174591838506,0.6287193915060575
1,26976,2022-03-12,2022,,SC相模原,アスルクラロ沼津,H,H,0.20115890333438377,0.3717059153027514,0.4271351813628648
1,27356,2022-03-12,2022,,札幌,横浜FM,D,A,0.5388106851662818,0.10383400452327286,0.3573553103104453
1,27357,2022-03-12,2022,,清水,C大阪,A,D,0.2061763447829775,0.41575787467854597,0.3780657805384765
1,27358,2022-03-12,2022,,磐田,G大阪,D,H,0.13227973901525117,0.1754648326713492,0.6922554283133996
1,27359,2022-03-12,2022,,FC東京,広島,H,H,0.2420547534688271,0.2840478364048093,0.4738974101263637
1,27360,2022-03-12,2022,,湘南,京都,D,D,0.4120289928287703,0.513706774984773,0.07426423218645654
1,27361,2022-03-12,2022,,柏,福岡,H,D,0.2445681811723926,0.4331175703188093,0.3223142485087981
1,27362,2022-03-12,2022,,川崎F,名古屋,H,A,0.44302921181210797,0.4287922883047508,0.1281784998831413
1,26550,2022-03-13,2022,,秋田,新潟,H,D,0.27681512134466013,0.5417208914723919,0.18146398718294807
1,26551,2022-03-13,2022,,栃木SC,大宮,D,D,0.2868053156265388,0.485217837480573,0.2279768468928882
1,26552,2022-03-13,2022,,ザスパクサツ群馬,東京V,A,D,0.2591796272140441,0.38288497417948436,0.3579353986064715
1,26553,2022-03-13,2022,,町田,岡山,H,A,0.49496404339940336,0.2486383161366755,0.2563976404639212
1,26554,2022-03-13,2022,,横浜FC,水戸,H,H,0.2422130250517065,0.2887685113579241,0.4690184635903693
1,26555,2022-03-13,2022,,ツエーゲン金沢,千葉,A,A,0.34664738219840296,0.3079585212897265,0.3453940965118706
1,26977,2022-03-13,2022,,FC今治,福島ユナイテッドFC,A,D,0.19307680512506345,0.40854647208916056,0.398376722785776
1,26978,2022-03-13,2022,,テゲバジャーロ宮崎,ヴァンラーレ八戸,H,D,0.2603057795839201,0.4630658082998228,0.2766284121162571
1,26979,2022-03-13,2022,,鹿児島ユナイテッドFC,いわきFC,D,A,0.4698460411682349,0.21554512895390845,0.3146088298778566
1,26980,2022-03-13,2022,,カマタマーレ讃岐,松本山雅FC,A,D,0.3169436432815633,0.4179969998501102,0.2650593568683265
1,26981,2022-03-13,2022,,ギラヴァンツ北九州,AC長野パルセイロ,A,H,0.20446869300333953,0.3175285618984197,0.4780027450982407
1,26982,2022-03-13,2022,,愛媛FC,富山,A,H,0.19087760569620094,0.1768336042432434,0.6322887900605556
1,27363,2022-03-13,2022,,鳥栖,浦和,H,D,0.2391516294319011,0.6041393285188189,0.15670904204928005
1,27364,2022-03-18,2022,,横浜FM,鳥栖,D,D,0.057550536471442974,0.6170722969093655,0.32537716661919164
1,26556,2022-03-19,2022,,秋田,ツエーゲン金沢,A,H,0.2125939005218702,0.3414791532585716,0.4459269462195582
1,26557,2022-03-19,2022,,大宮,徳島,A,H,0.0965152791908728,0.18156100280022436,0.7219237180089029
1,26558,2022-03-19,2022,,新潟,甲府,H,D,0.2526476490921704,0.5082213688985104,0.23913098200931918
1,26559,2022-03-19,2022,,大分,レノファ山口FC,D,A,0.4540344099823862,0.28591347267518147,0.2600521173424324
1,26560,2022-03-19,2022,,FC琉球,水戸,A,H,0.32570268935503993,0.22857377602895124,0.4457235346160089
1,26983,2022-03-19,2022,,アスルクラロ沼津,福島ユナイテッドFC,A,D,0.19579284254381682,0.6352137456340607,0.1689934118221224
1,26984,2022-03-19,2022,,藤枝MYFC,AC長野パルセイロ,D,H,0.152027974500773,0.06620921460587918,0.7817628108933479
1,26985,2022-03-19,2022,,FC岐阜,愛媛FC,H,A,0.5264009315180141,0.11979183442945303,0.3538072340525328
1,27365,2022-03-19,2022,,清水,神戸,D,A,0.46453021400572775,0.12634190624395294,0.4091278797503192
1,27366,2022-03-19,2022,,京都,FC東京,A,D,0.3772716101304433,0.46296080275247875,0.15976758711707803
1,27367,2022-03-19,2022,,G大阪,福岡,A,D,0.16948881501730348,0.5173480732497839,0.3131631117329127
1,27368,2022-03-19,2022,,広島,川崎F,A,H,0.31720291442672016,0.3031864120459949,0.379610673527285
1,27369,2022-03-19,2022,,鹿島,湘南,H,H,0.29478406119674333,0.3074990513562255,0.3977168874470312
1,27370,2022-03-19,2022,,浦和,磐田,H,A,0.5842624864915537,0.2249264674785173,0.19081104602992915
1,27371,2022-03-19,2022,,C大阪,札幌,D,D,0.2199103250459631,0.5693870598712149,0.210702615082822
1,26561,2022-03-20,2022,,いわてグルージャ盛岡,栃木SC,D,D,0.18162361771886132,0.5800799770415653,0.23829640523957335
1,26562,2022-03-20,2022,,山形,仙台,A,D,0.16314412865255082,0.44686802504413886,0.38998784630331024
1,26563,2022-03-20,2022,,千葉,ザスパクサツ群馬,A,H,0.3285375433006684,0.12244889570253913,0.5490135609967925
1,26564,2022-03-20,2022,,東京V,町田,H,A,0.5083596108298596,0.3365297005351165,0.15511068863502397
1,26565,2022-03-20,2022,,岡山,横浜FC,D,H,0.31206085823679774,0.33511276492919523,0.35282637683400697
1,26986,2022-03-20,2022,,いわきFC,SC相模原,H,A,0.3731045668459952,0.29949211140491383,0.327403321749091
1,26987,2022-03-20,2022,,Y.S.C.C.横浜,松本山雅FC,A,H,0.12330958443247454,0.1666360437865479,0.7100543717809776
1,26988,2022-03-20,2022,,FC今治,富山,H,D,0.2074372400004864,0.43141597518269714,0.3611467848168165
1,26989,2022-03-20,2022,,テゲバジャーロ宮崎,ギラヴァンツ北九州,D,H,0.15362889451253484,0.13795039442545393,0.7084207110620112
1,26990,2022-03-20,2022,,鹿児島ユナイテッドFC,ヴァンラーレ八戸,H,H,0.18999363325217555,0.13496201348089215,0.6750443532669322
1,26991,2022-03-20,2022,,カマタマーレ讃岐,ガイナーレ鳥取,H,D,0.12266886118067562,0.4416703526351577,0.43566078618416676
1,27372,2022-03-20,2022,,名古屋,柏,D,D,0.2804974171716171,0.4410850140250388,0.2784175688033441
1,26566,2022-03-21,2022,,熊本,V・ファーレン長崎,H,H,0.3360878905972514,0.16350391059095332,0.5004081988117953
1,26567,2022-03-23,2022,,徳島,秋田,D,A,0.4510718897605589,0.16034528089697903,0.38858282934246213
1,26568,2022-03-23,2022,,大分,FC琉球,H,D,0.21708010848239906,0.5115298442431991,0.2713900472744019
1,26569,2022-03-26,2022,,いわてグルージャ盛岡,レノファ山口FC,D,D,0.14523562498470483,0.6317807054250436,0.2229836695902516
1,26570,2022-03-26,2022,,大宮,岡山,D,D,0.31256791320917116,0.40261358831156957,0.28481849847925933
1,26571,2022-03-26,2022,,栃木SC,千葉,H,D,0.27393338689204283,0.36489510133509484,0.3611715117728623
1,26572,2022-03-26,2022,,仙台,町田,A,H,0.3504143046129862,0.23876482441689845,0.41082087097011527
1,26573,2022-03-26,2022,,山形,東京V,D,D,0.34816988868127347,0.4696313022595273,0.1821988090591992
1,26574,2022-03-26,2022,,水戸,熊本,H,A,0.4718945629552463,0.2600573298355016,0.2680481072092521
1,26575,2022-03-26,2022,,甲府,横浜FC,A,D,0.2535889678582236,0.5170588821710412,0.22935214997073533
1,26576,2022-03-26,2022,,新潟,ザスパクサツ群馬,H,D,0.19732716164177763,0.627519585874197,0.17515325248402533
1,26577,2022-03-26,2022,,V・ファーレン長崎,ツエーゲン金沢,A,A,0.3722824989053286,0.34618982805895654,0.2815276730357148
1,26992,2022-03-26,2022,,SC相模原,テゲバジャーロ宮崎,H,A,0.7862002355907433,0.10570744298730271,0.10809232142195407
1,26993,2022-03-26,2022,,松本山雅FC,鹿児島ユナイテッドFC,A,H,0.32114503650792886,0.07039939249820613,0.608455570993865
1,26994,2022-03-27,2022,,ヴァンラーレ八戸,藤枝MYFC,H,A,0.40931557221444753,0.23910181588848675,0.35158261189706574
1,26995,2022-03-27,2022,,福島ユナイテッドFC,Y.S.C.C.横浜,H,D,0.13437997094924367,0.6691157975107551,0.19650423154000132
1,26996,2022-03-27,2022,,アスルクラロ沼津,FC岐阜,H,A,0.7157218241133309,0.1320672834369242,0.15221089244974498
1,26997,2022-03-27,2022,,ガイナーレ鳥取,FC今治,D,A,0.5625144695740849,0.24491479331384247,0.19257073711207248
1,26998,2022-03-27,2022,,AC長野パルセイロ,カマタマーレ讃岐,H,H,0.06820207339565197,0.23309471687751243,0.6987032097268356
1,26999,2022-03-27,2022,,富山,ギラヴァンツ北九州,A,H,0.10465839136023536,0.10860037605302637,0.7867412325867383
1,27000,2022-03-27,2022,,愛媛FC,いわきFC,A,D,0.31073342253345027,0.6299339840209734,0.05933259344557629
1,26578,2022-03-30,2022,,秋田,甲府,D,H,0.19947170357061583,0.2829124532832446,0.5176158431461396
1,26579,2022-03-30,2022,,仙台,大分,A,D,0.2798618092751322,0.4021699641206564,0.3179682266042114
1,26580,2022-03-30,2022,,水戸,栃木SC,A,D,0.42956896311487497,0.44832723336512026,0.12210380352000491
1,26581,2022-03-30,2022,,ザスパクサツ群馬,V・ファーレン長崎,A,D,0.3020085870287738,0.40914753061709913,0.28884388235412706
1,26582,2022-03-30,2022,,千葉,新潟,H,A,0.5861135288554093,0.26058754738847467,0.15329892375611603
1,26583,2022-03-30,2022,,町田,大宮,H,D,0.22012275563856656,0.46993182274704665,0.3099454216143869
1,26584,2022-03-30,2022,,横浜FC,山形,H,H,0.364065082176742,0.25112517792921407,0.384809739894044
1,26585,2022-03-30,2022,,ツエーゲン金沢,熊本,D,A,0.4472882788337657,0.27656577437628116,0.27614594678995324
1,26586,2022-03-30,2022,,岡山,いわてグルージャ盛岡,A,H,0.26411859910033053,0.20214869297523141,0.533732707924438
1,26587,2022-03-30,2022,,レノファ山口FC,徳島,D,H,0.22069624352905726,0.30202855249295557,0.4772752039779872
1,26588,2022-03-30,2022,,FC琉球,東京V,A,A,0.38965475618584455,0.25895114233889704,0.35139410147525846
1,27373,2022-04-01,2022,,福岡,鳥栖,D,A,0.4412777335134744,0.2887579273721583,0.2699643391143673
1,27001,2022-04-02,2022,,Y.S.C.C.横浜,愛媛FC,A,H,0.25947354154489355,0.10581024769961889,0.6347162107554876
1,27002,2022-04-02,2022,,藤枝MYFC,カマタマーレ讃岐,H,H,0.19076288971827546,0.2900969949295797,0.5191401153521449
1,27374,2022-04-02,2022,,柏,磐田,H,A,0.7467323313615859,0.13988354731675928,0.11338412132165483
1,27375,2022-04-02,2022,,川崎F,C大阪,A,H,0.1554494328407193,0.15256263217722177,0.6919879349820589
1,27376,2022-04-02,2022,,湘南,広島,A,D,0.1552817961127754,0.7179239990508999,0.12679420483632478
1,27377,2022-04-02,2022,,鹿島,清水,H,H,0.32304202749773486,0.2527669429703018,0.4241910295319634
1,27378,2022-04-02,2022,,札幌,浦和,D,H,0.3947067854678747,0.20868858625924064,0.39660462827288473
1,27379,2022-04-02,2022,,横浜FM,FC東京,H,H,0.29944802008574634,0.22503447610226535,0.4755175038119883
1,27380,2022-04-02,2022,,G大阪,名古屋,H,A,0.7227323750811827,0.17307422446327947,0.10419340045553778
1,27381,2022-04-02,2022,,神戸,京都,A,D,0.16991176084274462,0.47890546977191534,0.3511827693853401
1,26589,2022-04-03,2022,,秋田,いわてグルージャ盛岡,H,A,0.453813028781935,0.16922565832381253,0.3769613128942525
1,26590,2022-04-03,2022,,熊本,新潟,A,D,0.2271306518436817,0.42766709673592856,0.3452022514203897
1,26592,2022-04-03,2022,,栃木SC,ツエーゲン金沢,A,H,0.2914413060552527,0.3291974615802005,0.37936123236454683
1,26593,2022-04-03,2022,,ザスパクサツ群馬,水戸,H,D,0.11760320830067278,0.7383094046630583,0.144087387036269
1,26594,2022-04-03,2022,,町田,千葉,D,H,0.20535397048452853,0.245233086892848,0.5494129426226234
1,26595,2022-04-03,2022,,横浜FC,FC琉球,H,H,0.36072640570085596,0.16510838896463115,0.47416520533451295
1,26596,2022-04-03,2022,,甲府,仙台,A,H,0.16892522885401745,0.2036793087401779,0.6273954624058047
1,26597,2022-04-03,2022,,レノファ山口FC,大宮,H,H,0.21049755322388275,0.36924038377479246,0.42026206300132485
1,26598,2022-04-03,2022,,徳島,V・ファーレン長崎,D,A,0.543435573490599,0.31441133448493847,0.14215309202446252
1,26599,2022-04-03,2022,,東京V,大分,H,A,0.3612122818300351,0.3190764502152466,0.3197112679547183
1,27004,2022-04-03,2022,,福島ユナイテッドFC,AC長野パルセイロ,D,D,0.3636860122129185,0.43897552783896465,0.19733845994811677
1,27005,2022-04-03,2022,,いわきFC,富山,D,H,0.42674840131174685,0.1147494506211676,0.4585021480670856
1,27006,2022-04-03,2022,,SC相模原,松本山雅FC,A,H,0.38696362016715324,0.21507489392844967,0.39796148590439706
1,27007,2022-04-03,2022,,テゲバジャーロ宮崎,鹿児島ユナイテッドFC,D,H,0.22110462622192623,0.06662114469176292,0.7122742290863109
1,27008,2022-04-03,2022,,ギラヴァンツ北九州,FC今治,H,A,0.39204330214979527,0.37788379893351315,0.23007289891669158
2,27382,2022-04-05,2022,,C大阪,柏,A,A,0.4760279729036365,0.19273614362959066,0.3312358834667728
2,27383,2022-04-06,2022,,京都,G大阪,D,D,0.12711335896127218,0.48043175427312357,0.3924548867656043
2,27384,2022-04-06,2022,,FC東京,神戸,H,H,0.2763248028742011,0.18514717818926177,0.5385280189365372
2,27385,2022-04-06,2022,,磐田,川崎F,D,H,0.13859750746340385,0.19468604263421985,0.6667164499023763
2,27386,2022-04-06,2022,,広島,横浜FM,H,A,0.714514463101858,0.18309052925995417,0.10239500763818785
2,27387,2022-04-06,2022,,福岡,鹿島,A,H,0.23750594082645993,0.13663659032200065,0.6258574688515395
2,27388,2022-04-06,2022,,鳥栖,札幌,H,H,0.23177826684793323,0.2581534959168994,0.5100682372351674
2,27389,2022-04-06,2022,,浦和,清水,D,D,0.11190740648414298,0.6555707952532996,0.23252179826255742
2,27390,2022-04-06,2022,,名古屋,湘南,H,H,0.3034903311883531,0.2803831383621001,0.41612653044954684
2,26600,2022-04-09,2022,,いわてグルージャ盛岡,ザスパクサツ群馬,A,A,0.5577083994726921,0.2732889182258144,0.1690026823014934
2,26601,2022-04-09,2022,,大宮,甲府,A,H,0.31697595478654045,0.2171070930719337,0.4659169521415259
2,26602,2022-04-09,2022,,V・ファーレン長崎,町田,H,D,0.39344707876639545,0.557518647759946,0.049034273473658574
2,26603,2022-04-09,2022,,東京V,熊本,A,H,0.26248236908704997,0.34339806218545393,0.3941195687274961
2,26604,2022-04-09,2022,,FC琉球,岡山,D,A,0.45886933587904427,0.36516552618362663,0.1759651379373292
2,27391,2022-04-09,2022,,川崎F,柏,H,H,0.42105699729668356,0.09113784538474551,0.48780515731857094
2,26605,2022-04-10,2022,,仙台,レノファ山口FC,H,A,0.5259801043438475,0.16192583154607684,0.3120940641100757
2,26606,2022-04-10,2022,,山形,秋田,H,A,0.3944552002749081,0.25761458504722556,0.34793021467786645
2,26607,2022-04-10,2022,,千葉,横浜FC,D,A,0.45057247097148495,0.3201348666015594,0.2292926624269557
2,26608,2022-04-10,2022,,新潟,栃木SC,H,A,0.41237973213435164,0.4107983768723632,0.1768218909932852
2,26609,2022-04-10,2022,,ツエーゲン金沢,水戸,D,D,0.3314344752832599,0.4881874071026559,0.1803781176140842
2,26610,2022-04-10,2022,,大分,徳島,H,A,0.42952995476484235,0.28900675196119047,0.2814632932739672
2,27010,2022-04-10,2022,,アスルクラロ沼津,ギラヴァンツ北九州,H,D,0.3071915814439646,0.39969855318268516,0.29310986537335026
2,27011,2022-04-10,2022,,ガイナーレ鳥取,Y.S.C.C.横浜,H,H,0.17853982121905895,0.2339074034159837,0.5875527753649573
2,27012,2022-04-10,2022,,FC今治,ヴァンラーレ八戸,H,H,0.07791661518913845,0.1894521302249565,0.7326312545859052
2,27013,2022-04-10,2022,,鹿児島ユナイテッドFC,藤枝MYFC,H,H,0.2666728296737668,0.30706443496182206,0.42626273536441117
2,27014,2022-04-10,2022,,AC長野パルセイロ,いわきFC,A,D,0.1738397104375244,0.5632659708070333,0.26289431875544234
2,27015,2022-04-10,2022,,富山,FC岐阜,A,A,0.38669128201528635,0.3248292788496422,0.2884794391350714
2,27016,2022-04-10,2022,,カマタマーレ讃岐,福島ユナイテッドFC,D,D,0.14093801964015285,0.46373399500506635,0.3953279853547809
2,27017,2022-04-10,2022,,松本山雅FC,テゲバジャーロ宮崎,D,A,0.4553912129241178,0.2256139315461119,0.3189948555297702
2,27018,2022-04-10,2022,,愛媛FC,SC相模原,H,H,0.2069030732791961,0.3327403420195446,0.46035658470125923
2,27392,2022-04-10,2022,,清水,G大阪,D,A,0.4458058074088418,0.1463772333376012,0.40781695925355693
2,27393,2022-04-10,2022,,FC東京,浦和,D,D,0.3087432673772572,0.44012562076746464,0.25113111185527814
2,27394,2022-04-10,2022,,広島,福岡,H,D,0.21897701512716286,0.6540027857297942,0.127020199143043
2,27395,2022-04-10,2022,,鹿島,横浜FM,A,A,0.4572455207606341,0.13208664177067778,0.41066783746868823
2,27396,2022-04-10,2022,,湘南,磐田,D,H,0.27555746218162697,0.3364673069858772,0.38797523083249585
2,27397,2022-04-10,2022,,名古屋,札幌,A,H,0.14569752753583323,0.18204227431386516,0.6722601981503017
2,27398,2022-04-10,2022,,京都,鳥栖,H,D,0.25647427371526726,0.47964586042056345,0.2638798658641693
2,27399,2022-04-10,2022,,神戸,C大阪,A,A,0.4649793917064608,0.34658357611909124,0.18843703217444785
2,26611,2022-04-16,2022,,いわてグルージャ盛岡,大分,A,H,0.2487488054879281,0.3209014100885059,0.4303497844235659
2,26612,2022-04-16,2022,,大宮,千葉,H,D,0.2535533356345725,0.40356734461473504,0.3428793197506925
2,26613,2022-04-16,2022,,ツエーゲン金沢,甲府,A,A,0.5873900598778677,0.2159741182913138,0.19663582183081843
2,26614,2022-04-16,2022,,FC琉球,ザスパクサツ群馬,A,H,0.31480363193761995,0.27455836171520925,0.41063800634717085
2,27019,2022-04-16,2022,,Y.S.C.C.横浜,AC長野パルセイロ,A,D,0.22912117886427694,0.4746858805604125,0.2961929405753106
2,27020,2022-04-16,2022,,鹿児島ユナイテッドFC,ガイナーレ鳥取,H,H,0.08104746050325312,0.43189166300139215,0.4870608764953548
2,27402,2022-04-16,2022,,札幌,FC東京,D,D,0.237036969834316,0.4202405974098718,0.34272243275581227
2,26615,2022-04-17,2022,,秋田,V・ファーレン長崎,A,H,0.3177031533200162,0.23103378314494968,0.4512630635350341
2,26616,2022-04-17,2022,,水戸,徳島,D,D,0.34962698064901815,0.43443465115391977,0.21593836819706208
2,26617,2022-04-17,2022,,栃木SC,熊本,D,H,0.20380384658491024,0.22348290596156326,0.5727132474535265
2,26618,2022-04-17,2022,,町田,山形,D,H,0.4039732870943972,0.1826573631260394,0.41336934977956347
2,26619,2022-04-17,2022,,横浜FC,仙台,H,A,0.41827894832352613,0.23979271862570212,0.3419283330507717
2,26620,2022-04-17,2022,,岡山,新潟,D,A,0.5802984112726562,0.22956021366092014,0.19014137506642365
2,26621,2022-04-17,2022,,レノファ山口FC,東京V,H,H,0.20117302411541296,0.10631336259508727,0.6925136132894998
2,27021,2022-04-17,2022,,ヴァンラーレ八戸,カマタマーレ讃岐,A,A,0.4516689163108242,0.15126200469362375,0.39706907899555216
2,27022,2022-04-17,2022,,福島ユナイテッドFC,SC相模原,H,H,0.19042987627041252,0.22490403912444548,0.584666084605142
2,27023,2022-04-17,2022,,いわきFC,FC今治,A,D,0.28085416793691387,0.5271765506206061,0.19196928144248018
2,27024,2022-04-17,2022,,テゲバジャーロ宮崎,アスルクラロ沼津,H,D,0.07261890656615833,0.6838432066367144,0.24353788679712732
2,27025,2022-04-17,2022,,藤枝MYFC,富山,A,A,0.4302849987504132,0.25173686969093756,0.3179781315586493
2,27026,2022-04-17,2022,,FC岐阜,松本山雅FC,A,H,0.24186005933469512,0.36268758957372765,0.3954523510915772
2,27027,2022-04-17,2022,,ギラヴァンツ北九州,愛媛FC,D,H,0.39569322134462126,0.15189379734952455,0.45241298130585417
2,27403,2022-04-17,2022,,G大阪,湘南,A,D,0.16598355569183496,0.629125667275429,0.20489077703273617
2,27404,2022-04-17,2022,,鹿島,名古屋,D,H,0.22680798870514463,0.23993705882275396,0.5332549524721014
2,27405,2022-04-17,2022,,鳥栖,清水,D,H,0.31714239532276434,0.1802803338062729,0.5025772708709627
2,27406,2022-04-17,2022,,磐田,広島,D,H,0.17076749715022282,0.2580508709177915,0.5711816319319857
2,27407,2022-04-17,2022,,柏,京都,A,D,0.31054801155786843,0.3866642162831642,0.3027877721589674
2,27408,2022-04-17,2022,,福岡,C大阪,D,H,0.34782082641599865,0.08031661652388287,0.5718625570601185
2,26622,2022-04-20,2022,,徳島,いわてグルージャ盛岡,H,A,0.5974085982290541,0.1447213281062243,0.2578700736647216
2,26623,2022-04-20,2022,,大分,ツエーゲン金沢,A,A,0.535256355525849,0.23925152714935297,0.22549211732479804
2,27342,2022-04-20,2022,,FC東京,名古屋,D,H,0.19774049879313674,0.08059369307812148,0.7216658081287418
2,27003,2022-04-21,2022,,ヴァンラーレ八戸,アスルクラロ沼津,A,A,0.7690416212685813,0.07222567013748352,0.15873270859393518
2,26624,2022-04-22,2022,,熊本,岡山,D,H,0.2511573649161504,0.23765425494068174,0.5111883801431679
2,26625,2022-04-23,2022,,仙台,FC琉球,H,A,0.5851654622030724,0.030479405051506207,0.3843551327454214
2,26626,2022-04-23,2022,,山形,大宮,H,H,0.3910972142842045,0.14382008352054962,0.46508270219524583
2,26627,2022-04-23,2022,,東京V,千葉,D,A,0.6821031161229412,0.14869930561096006,0.16919757826609874
2,26628,2022-04-23,2022,,甲府,町田,H,A,0.4048415325679226,0.3364995716593405,0.258658895772737
2,26629,2022-04-23,2022,,新潟,V・ファーレン長崎,H,A,0.6439860480883287,0.2817443334860082,0.07426961842566313
2,26630,2022-04-23,2022,,水戸,レノファ山口FC,H,A,0.5900589589927685,0.32112430579752854,0.08881673520970294
2,26631,2022-04-23,2022,,栃木SC,横浜FC,D,H,0.329858507071901,0.18963621149926996,0.480505281428829
2,26632,2022-04-24,2022,,ザスパクサツ群馬,秋田,A,H,0.10233087084130744,0.3776643927489319,0.5200047364097607
2,26633,2022-04-27,2022,,秋田,岡山,A,D,0.15311223096469737,0.6577697777322088,0.18911799130309379
2,26634,2022-04-27,2022,,大宮,ザスパクサツ群馬,H,A,0.7848197503073964,0.12196919736255431,0.09321105233004937
2,26635,2022-04-27,2022,,千葉,レノファ山口FC,H,D,0.3649703569820519,0.41348051005188846,0.2215491329660597
2,26636,2022-04-27,2022,,横浜FC,町田,D,A,0.5423079850516203,0.22848639544559712,0.2292056195027827
2,26637,2022-04-27,2022,,新潟,いわてグルージャ盛岡,H,A,0.4203216277733825,0.26356738226417875,0.3161109899624388
2,26638,2022-04-27,2022,,徳島,山形,A,H,0.31500159294297775,0.331054104165103,0.3539443028919193
2,26639,2022-04-27,2022,,V・ファーレン長崎,水戸,H,H,0.30111462037160314,0.23881392298890336,0.46007145663949356
2,26640,2022-04-27,2022,,熊本,仙台,A,D,0.1936155871786781,0.5474443155717189,0.258940097249603
2,26641,2022-04-27,2022,,大分,栃木SC,D,A,0.4383835007673095,0.32277158856066984,0.2388449106720206
2,26642,2022-04-27,2022,,FC琉球,ツエーゲン金沢,D,H,0.27237265874289296,0.29411747884614986,0.4335098624109572
2,26643,2022-04-27,2022,,甲府,東京V,H,H,0.32925271647836624,0.16341073334794384,0.50733655017369
2,27411,2022-04-28,2022,,磐田,名古屋,H,H,0.15927413356368791,0.16727789625221098,0.6734479701841011
2,27028,2022-04-29,2022,,いわきFC,ヴァンラーレ八戸,H,D,0.1456938917571595,0.4952986079791958,0.35900750026364464
2,27029,2022-04-29,2022,,FC今治,テゲバジャーロ宮崎,D,H,0.24203601038717085,0.1382045981369176,0.6197593914759116
2,27030,2022-04-29,2022,,富山,ガイナーレ鳥取,H,D,0.07638408781395334,0.6788607998908796,0.24475511229516708
2,27031,2022-04-29,2022,,愛媛FC,福島ユナイテッドFC,D,A,0.7266641613990789,0.16004495937844285,0.11329087922247842
2,27032,2022-04-29,2022,,ギラヴァンツ北九州,藤枝MYFC,A,D,0.2544240740500719,0.4933727837110084,0.25220314223891965
2,27034,2022-04-29,2022,,AC長野パルセイロ,鹿児島ユナイテッドFC,H,A,0.4504992611132724,0.40950848863223516,0.13999225025449252
2,27412,2022-04-29,2022,,札幌,湘南,H,D,0.1737639065392785,0.5550135956642553,0.2712224977964662
2,27413,2022-04-29,2022,,清水,広島,D,H,0.4024239910123221,0.10978934833341257,0.4877866606542654
2,27414,2022-04-29,2022,,柏,鳥栖,A,D,0.2476181073321784,0.442025436067693,0.3103564566001286
2,27415,2022-04-29,2022,,C大阪,鹿島,A,H,0.2989487414586837,0.3311036983107566,0.36994756023055964
2,27416,2022-04-29,2022,,FC東京,G大阪,H,H,0.23432731692473135,0.33058763416808873,0.4350850489071799
2,27417,2022-04-29,2022,,京都,福岡,A,H,0.2890078292544291,0.21675826531698578,0.49423390542858514
2,26644,2022-04-30,2022,,千葉,大分,A,A,0.46674451134798634,0.2774197173564725,0.25583577129554125
2,26645,2022-04-30,2022,,レノファ山口FC,栃木SC,H,A,0.5082601055168631,0.06361479310368404,0.4281251013794529
2,26646,2022-04-30,2022,,水戸,甲府,H,H,0.35986151883920525,0.27384384462564404,0.36629463653515065
2,26647,2022-04-30,2022,,FC琉球,新潟,D,A,0.3888748828147755,0.24404604342554123,0.36707907375968335
2,27035,2022-04-30,2022,,カマタマーレ讃岐,FC岐阜,H,A,0.5375313687757368,0.13067742879878738,0.3317912024254758
2,27036,2022-04-30,2022,,松本山雅FC,アスルクラロ沼津,H,A,0.5214122259033689,0.17690009895197775,0.30168767514465344
2,26648,2022-05-01,2022,,いわてグルージャ盛岡,熊本,A,D,0.29673275652823555,0.5322456535973742,0.17102158987439026
2,26649,2022-05-01,2022,,岡山,東京V,H,H,0.31222236770539435,0.2412460861625866,0.446531546132019
2,26650,2022-05-01,2022,,山形,V・ファーレン長崎,H,A,0.8215278558981467,0.0898999476908619,0.08857219641099147
2,26651,2022-05-01,2022,,ザスパクサツ群馬,横浜FC,D,A,0.4270099949056564,0.2255660836117224,0.34742392148262125
2,26652,2022-05-01,2022,,町田,徳島,A,A,0.4805517857917587,0.1769730749466018,0.34247513926163947
2,26653,2022-05-01,2022,,ツエーゲン金沢,大宮,A,A,0.43374150705725506,0.283652290910361,0.2826062020323839
2,26654,2022-05-01,2022,,仙台,秋田,H,H,0.1811270690356229,0.27221121182509245,0.5466617191392847
2,27418,2022-05-03,2022,,名古屋,京都,D,H,0.3648069851999033,0.09223743217036297,0.5429555826297338
2,27419,2022-05-03,2022,,広島,柏,A,A,0.8109373881879287,0.061422198026286665,0.1276404137857845
2,27420,2022-05-03,2022,,鹿島,磐田,H,A,0.36814795806153855,0.2840266669835766,0.3478253749548848
2,27421,2022-05-03,2022,,湘南,清水,A,A,0.7997447471679625,0.06304390089874178,0.1372113519332957
2,27422,2022-05-03,2022,,鳥栖,C大阪,D,H,0.38552906897130973,0.0495823561079334,0.5648885749207568
2,27426,2022-05-03,2022,,福岡,FC東京,H,A,0.3580241752762597,0.3166629933844167,0.32531283133932365
2,26655,2022-05-04,2022,,いわてグルージャ盛岡,V・ファーレン長崎,A,D,0.29680178718677686,0.4668975831254492,0.236300629687774
2,26656,2022-05-04,2022,,秋田,FC琉球,H,D,0.353510964276484,0.4978436252936797,0.14864541042983637
2,26657,2022-05-04,2022,,東京V,仙台,H,D,0.3236331063951356,0.3742610253609806,0.30210586824388375
2,26658,2022-05-04,2022,,横浜FC,熊本,A,D,0.2534304716040729,0.5225343131908984,0.22403521520502884
2,26659,2022-05-04,2022,,甲府,ザスパクサツ群馬,H,A,0.5251731947200199,0.09297937477116229,0.3818474305088178
2,26660,2022-05-04,2022,,新潟,ツエーゲン金沢,H,A,0.4963621241553425,0.275959759075977,0.22767811676868055
2,26661,2022-05-04,2022,,岡山,水戸,H,D,0.1587250994833647,0.5526186705887417,0.2886562299278937
2,26662,2022-05-04,2022,,レノファ山口FC,町田,H,H,0.09980739607579941,0.27047363606673447,0.6297189678574662
2,26663,2022-05-04,2022,,徳島,千葉,H,H,0.13457481548238423,0.40575434427410284,0.4596708402435129
2,26664,2022-05-04,2022,,大分,大宮,D,D,0.2775332864423388,0.38541738155942973,0.33704933199823145
2,26665,2022-05-04,2022,,栃木SC,山形,A,A,0.5231423100813034,0.15561714300443624,0.3212405469142603
2,27037,2022-05-04,2022,,アスルクラロ沼津,AC長野パルセイロ,H,H,0.2994308658750993,0.3076729060100436,0.3928962281148571
2,27039,2022-05-04,2022,,藤枝MYFC,FC岐阜,H,A,0.4581679790002305,0.3553727423165169,0.1864592786832526
2,27040,2022-05-04,2022,,カマタマーレ讃岐,FC今治,A,D,0.2519407948096214,0.5761115536276883,0.17194765156269048
2,27041,2022-05-04,2022,,松本山雅FC,ギラヴァンツ北九州,D,A,0.4515250948138836,0.2592326040860028,0.2892423011001137
2,27042,2022-05-04,2022,,福島ユナイテッドFC,いわきFC,A,H,0.17290585535979264,0.2546608054235985,0.5724333392166089
2,27423,2022-05-04,2022,,G大阪,札幌,D,A,0.4652022870003264,0.3327709099449501,0.2020268030547234
2,27043,2022-05-05,2022,,Y.S.C.C.横浜,テゲバジャーロ宮崎,A,D,0.2974409619782921,0.5325495092113172,0.17000952881039083
2,27045,2022-05-05,2022,,鹿児島ユナイテッドFC,富山,H,D,0.09809834053406197,0.4635706469900834,0.4383310124758546
2,27427,2022-05-06,2022,,C大阪,磐田,H,H,0.17805520457173996,0.09469628886776087,0.7272485065604991
2,27428,2022-05-07,2022,,清水,川崎F,A,D,0.17901706350963473,0.4699612293036006,0.35102170718676473
2,27429,2022-05-07,2022,,広島,鹿島,H,A,0.7474472946841186,0.07906884722304568,0.17348385809283565
2,27430,2022-05-07,2022,,横浜FM,名古屋,H,H,0.3514164000390136,0.22907192156833317,0.41951167839265324
2,27431,2022-05-07,2022,,札幌,京都,H,D,0.2969965173776373,0.4103494459036685,0.2926540367186942
2,27432,2022-05-07,2022,,福岡,湘南,D,D,0.36577531529312585,0.39128307410049207,0.2429416106063821
2,26666,2022-05-08,2022,,秋田,横浜FC,H,H,0.3785070458921369,0.23640245748677258,0.38509049662109057
2,26668,2022-05-08,2022,,熊本,FC琉球,A,H,0.2707406840960046,0.1642038444395203,0.5650554714644751
2,26669,2022-05-08,2022,,山形,大分,D,H,0.21642105274310075,0.3762920377170278,0.4072869095398714
2,26670,2022-05-08,2022,,水戸,町田,D,A,0.6785985958152425,0.04779576983388949,0.273605634350868
2,26671,2022-05-08,2022,,ザスパクサツ群馬,徳島,D,H,0.29582637338905254,0.2782605881358218,0.42591303847512574
2,26672,2022-05-08,2022,,新潟,東京V,H,H,0.2796472354316625,0.2969047990452447,0.4234479655230929
2,26673,2022-05-08,2022,,ツエーゲン金沢,レノファ山口FC,H,D,0.4061981938304889,0.4319038439131263,0.16189796225638492
2,26674,2022-05-08,2022,,V・ファーレン長崎,仙台,A,H,0.20484442503614408,0.11077761557601154,0.6843779593878444
2,26675,2022-05-08,2022,,千葉,岡山,H,H,0.3289189516433085,0.33403278269273906,0.33704826566395246
2,26676,2022-05-08,2022,,栃木SC,甲府,D,A,0.825046148533529,0.07379741525168443,0.10115643621478644
2,27433,2022-05-08,2022,,G大阪,神戸,H,H,0.3445444970618373,0.2726008399696428,0.3828546629685199
2,27434,2022-05-08,2022,,FC東京,鳥栖,A,A,0.529691115327026,0.19195709876778488,0.27835178590518916
2,27435,2022-05-08,2022,,柏,浦和,D,D,0.2551839747445486,0.5195983407313475,0.22521768452410387
2,27436,2022-05-13,2022,,浦和,広島,D,H,0.17070066099732922,0.11815622209637829,0.7111431169062926
2,26678,2022-05-14,2022,,甲府,レノファ山口FC,D,A,0.48974414158829616,0.30038475232065215,0.20987110609105167
2,26679,2022-05-14,2022,,V・ファーレン長崎,大宮,D,A,0.41505531309765636,0.24098319825964185,0.34396148864270176
2,26680,2022-05-14,2022,,大分,熊本,A,D,0.21103575854333953,0.6103245834439542,0.17863965801270631
2,26681,2022-05-14,2022,,東京V,水戸,A,A,0.5498699434922771,0.2042894297688993,0.24584062673882354
2,26682,2022-05-14,2022,,FC琉球,栃木SC,H,H,0.22637092228089375,0.31605018435013915,0.457578893368967
2,27437,2022-05-14,2022,,磐田,FC東京,H,A,0.4180062674154761,0.2969833211175105,0.28501041146701334
2,27438,2022-05-14,2022,,名古屋,C大阪,H,H,0.29970577384818825,0.19433199945568397,0.5059622266961279
2,27439,2022-05-14,2022,,京都,清水,D,H,0.13653967862855612,0.24482016213073804,0.6186401592407058
2,27440,2022-05-14,2022,,鹿島,札幌,H,A,0.4381136594788665,0.26524442430011425,0.2966419162210192
2,27441,2022-05-14,2022,,神戸,鳥栖,H,D,0.29631376267256615,0.43495332254310454,0.2687329147843293
2,27442,2022-05-14,2022,,川崎F,福岡,H,H,0.25292650508720904,0.19398726336772887,0.5530862315450621
2,27443,2022-05-14,2022,,湘南,横浜FM,A,A,0.43342289431804165,0.3327738065849674,0.2338032990969909
2,27444,2022-05-14,2022,,柏,G大阪,A,H,0.336890653340134,0.13765582077188232,0.5254535258879837
2,26683,2022-05-15,2022,,仙台,ツエーゲン金沢,H,A,0.43572060850480593,0.19363973099993606,0.3706396604952581
2,26684,2022-05-15,2022,,町田,新潟,H,A,0.4121004217359819,0.41060591318560047,0.17729366507841748
2,26685,2022-05-15,2022,,横浜FC,徳島,H,A,0.5583331619163037,0.25381142603003354,0.1878554120536628
2,26686,2022-05-15,2022,,岡山,ザスパクサツ群馬,A,A,0.46264115267240147,0.4084655986852033,0.12889324864239526
2,26687,2022-05-15,2022,,千葉,秋田,A,H,0.10442856801960661,0.18489143024789723,0.7106800017324961
2,27046,2022-05-15,2022,,いわきFC,藤枝MYFC,D,H,0.2846569637202674,0.23069573788896608,0.4846472983907666
2,27047,2022-05-15,2022,,アスルクラロ沼津,愛媛FC,D,A,0.3775826726323087,0.35083992729105234,0.27157740007663905
2,27048,2022-05-15,2022,,ガイナーレ鳥取,福島ユナイテッドFC,A,A,0.4767809019397254,0.17789536957504432,0.34532372848523024
2,27049,2022-05-15,2022,,FC今治,鹿児島ユナイテッドFC,A,H,0.39541912570858445,0.17475034581302204,0.42983052847839365
2,27050,2022-05-15,2022,,テゲバジャーロ宮崎,カマタマーレ讃岐,D,D,0.03349700742610039,0.8749151214775299,0.09158787109636968
2,27051,2022-05-15,2022,,ヴァンラーレ八戸,ギラヴァンツ北九州,H,A,0.5277434347947302,0.3162511913995151,0.15600537380575472
2,27052,2022-05-15,2022,,富山,Y.S.C.C.横浜,H,A,0.45627776870725645,0.2660348805866924,0.2776873507060512
2,27053,2022-05-15,2022,,FC岐阜,SC相模原,H,D,0.33256424026023684,0.42536685049032935,0.2420689092494338
2,27054,2022-05-15,2022,,AC長野パルセイロ,松本山雅FC,D,H,0.07712950546410258,0.40565323830627464,0.5172172562296228
2,26667,2022-05-18,2022,,大宮,いわてグルージャ盛岡,A,D,0.15523715391932555,0.6568143273251268,0.18794851875554774
2,27009,2022-05-18,2022,,FC岐阜,ガイナーレ鳥取,H,D,0.3257317803453742,0.539763932630639,0.1345042870239868
2,27424,2022-05-18,2022,,神戸,川崎F,A,H,0.27159921307332985,0.35747241706692334,0.37092836985974686
2,27425,2022-05-18,2022,,浦和,横浜FM,D,D,0.2873626814376293,0.37954145062380634,0.3330958679385645
2,27033,2022-05-19,2022,,SC相模原,Y.S.C.C.横浜,D,H,0.2151446981196978,0.25373076186328253,0.5311245400170197
2,26688,2022-05-21,2022,,熊本,千葉,D,H,0.2957218377395289,0.12277433891587727,0.5815038233445938
2,26689,2022-05-21,2022,,秋田,東京V,D,D,0.33107322427960006,0.4533493675782608,0.21557740814213913
2,26690,2022-05-21,2022,,大宮,仙台,A,A,0.4093064460714897,0.3956022253751937,0.1950913285533168
2,26691,2022-05-21,2022,,新潟,横浜FC,H,D,0.3412654555010355,0.36011301364219495,0.29862153085676957
2,26692,2022-05-21,2022,,ツエーゲン金沢,山形,D,A,0.4347070506461809,0.35689293204059486,0.20840001731322425
2,26693,2022-05-21,2022,,徳島,栃木SC,A,D,0.3481201030059907,0.525289360685003,0.1265905363090063
2,26694,2022-05-21,2022,,水戸,いわてグルージャ盛岡,H,A,0.38660503463498347,0.26933793122479965,0.3440570341402169
2,26695,2022-05-21,2022,,岡山,大分,H,A,0.589793465017742,0.16488981011040355,0.2453167248718544
2,26696,2022-05-21,2022,,FC琉球,甲府,D,H,0.23197834519957758,0.347395417566664,0.4206262372337585
2,27445,2022-05-21,2022,,広島,京都,H,H,0.40477092742621107,0.1283880010403138,0.4668410715334752
2,27446,2022-05-21,2022,,清水,名古屋,A,A,0.42290241689338354,0.2839046566273068,0.29319292647930956
2,27447,2022-05-21,2022,,C大阪,G大阪,H,A,0.3699442979421047,0.272640530205978,0.35741517185191723
2,27448,2022-05-21,2022,,FC東京,柏,D,H,0.4059503884305494,0.16616083563455672,0.4278887759348939
2,27449,2022-05-21,2022,,湘南,神戸,H,A,0.44724510275920876,0.3666743546849492,0.18608054255584205
2,27450,2022-05-21,2022,,浦和,鹿島,D,D,0.35905694369202856,0.4203384265014602,0.22060462980651116
2,27451,2022-05-21,2022,,福岡,横浜FM,H,A,0.6531107429911905,0.24039876099795512,0.1064904960108544
2,27453,2022-05-21,2022,,鳥栖,川崎F,D,H,0.27815169099244386,0.31404741004212705,0.4078008989654291
2,26697,2022-05-22,2022,,町田,ザスパクサツ群馬,H,A,0.3388114532605589,0.3382840406510644,0.32290450608837673
2,26698,2022-05-22,2022,,レノファ山口FC,V・ファーレン長崎,A,A,0.6105754280366621,0.2287176128534636,0.1607069591098743
2,27452,2022-05-22,2022,,磐田,札幌,A,D,0.19147837033225512,0.4747381027957124,0.33378352687203244
2,26699,2022-05-25,2022,,いわてグルージャ盛岡,横浜FC,A,D,0.25037999149777074,0.429167471563792,0.3204525369384372
2,26700,2022-05-25,2022,,仙台,岡山,D,A,0.3954152739963529,0.25843380163724045,0.34615092436640665
2,26701,2022-05-25,2022,,山形,レノファ山口FC,H,H,0.2755585886927541,0.34711116149852883,0.377330249808717
2,26702,2022-05-25,2022,,水戸,新潟,A,A,0.38450678258481685,0.3315870577164271,0.28390615969875593
2,26703,2022-05-25,2022,,栃木SC,町田,H,D,0.3111076130506579,0.3805449685395302,0.30834741840981195
2,26704,2022-05-25,2022,,ザスパクサツ群馬,熊本,A,D,0.08548442055362226,0.8223215551834366,0.09219402426294107
2,26705,2022-05-25,2022,,大宮,FC琉球,H,D,0.28202369065970656,0.4046359351660572,0.3133403741742362
2,26706,2022-05-25,2022,,東京V,ツエーゲン金沢,A,H,0.230159235958674,0.3328268811751231,0.4370138828662029
2,26707,2022-05-25,2022,,V・ファーレン長崎,千葉,A,D,0.1722218987776885,0.6699227477474982,0.1578553534748134
2,26708,2022-05-25,2022,,大分,秋田,D,H,0.13533002567120977,0.19722562428442736,0.6674443500443629
2,26709,2022-05-25,2022,,甲府,徳島,D,A,0.6336295190635132,0.16201837424922605,0.2043521066872608
2,27044,2022-05-25,2022,,ガイナーレ鳥取,愛媛FC,A,D,0.25449352210741794,0.5308570163121175,0.21464946158046475
2,27454,2022-05-25,2022,,鹿島,鳥栖,D,H,0.2682831680180656,0.3384653665712363,0.3932514654106981
2,27456,2022-05-25,2022,,C大阪,浦和,H,H,0.30511044744567517,0.3081712446233441,0.3867183079309808
2,27457,2022-05-25,2022,,名古屋,福岡,H,A,0.39364578292645064,0.2768026833582491,0.3295515337153003
2,27458,2022-05-25,2022,,札幌,柏,A,H,0.43107960196907213,0.10132215402915198,0.4675982440017758
2,27459,2022-05-25,2022,,川崎F,湘南,A,H,0.13011515090054682,0.17293856451449818,0.696946284584955
2,27460,2022-05-25,2022,,横浜FM,京都,H,H,0.2221436707259176,0.1804989124007839,0.5973574168732986
2,27461,2022-05-25,2022,,清水,FC東京,A,H,0.26920360074255645,0.3562223255340797,0.37457407372336393
2,27462,2022-05-25,2022,,神戸,磐田,D,H,0.4052321190170994,0.1173767250397385,0.47739115594316206
2,26710,2022-05-28,2022,,熊本,甲府,D,A,0.4253589854254718,0.28328077053716894,0.2913602440373592
2,26711,2022-05-28,2022,,東京V,大宮,D,H,0.16015897016495448,0.41222056509349025,0.4276204647415553
2,27055,2022-05-28,2022,,ギラヴァンツ北九州,Y.S.C.C.横浜,A,A,0.5485131114657352,0.1406468138815025,0.3108400746527624
2,27463,2022-05-28,2022,,広島,名古屋,H,H,0.1277922958945619,0.37414465216103604,0.49806305194440204
2,27464,2022-05-28,2022,,福岡,浦和,D,H,0.2802346520496527,0.1806478528542878,0.5391174950960596
2,26712,2022-05-29,2022,,仙台,栃木SC,H,H,0.36118060616876135,0.17240991645268672,0.46640947737855193
2,26713,2022-05-29,2022,,町田,秋田,H,A,0.5253434845042317,0.0724987176017609,0.40215779789400735
2,26714,2022-05-29,2022,,横浜FC,レノファ山口FC,H,A,0.40302295759339873,0.3033905020621449,0.2935865403444564
2,26715,2022-05-29,2022,,新潟,山形,H,A,0.6532164216491723,0.2189714280352382,0.12781215031558946
2,26716,2022-05-29,2022,,V・ファーレン長崎,岡山,D,D,0.31186679605693973,0.3492352932758001,0.3388979106672602
2,26717,2022-05-29,2022,,千葉,水戸,H,D,0.244936285943217,0.41620748281767955,0.3388562312391035
2,26718,2022-05-29,2022,,ザスパクサツ群馬,大分,A,A,0.7098517693294888,0.13865733989136553,0.15149089077914576
2,26719,2022-05-29,2022,,FC琉球,徳島,D,A,0.4330393688686556,0.21025359082594516,0.3567070403053992
2,26720,2022-05-29,2022,,ツエーゲン金沢,いわてグルージャ盛岡,H,H,0.16451937347576367,0.1947671938576312,0.6407134326666051
2,27056,2022-05-29,2022,,松本山雅FC,FC今治,H,D,0.13049752620899577,0.6465940659478578,0.22290840784314644
2,27057,2022-05-29,2022,,福島ユナイテッドFC,テゲバジャーロ宮崎,D,H,0.2341106958505391,0.11471971243833771,0.6511695917111232
2,27058,2022-05-29,2022,,いわきFC,ガイナーレ鳥取,H,A,0.5201893933128248,0.20259189650020756,0.2772187101869676
2,27059,2022-05-29,2022,,SC相模原,富山,A,H,0.16544357005117485,0.30004271350963074,0.5345137164391944
2,27060,2022-05-29,2022,,AC長野パルセイロ,FC岐阜,D,A,0.5142786448529322,0.23505426951940758,0.2506670856276604
2,27061,2022-05-29,2022,,藤枝MYFC,アスルクラロ沼津,H,H,0.26971373163399837,0.19443424945404744,0.5358520189119542
2,27062,2022-05-29,2022,,カマタマーレ讃岐,鹿児島ユナイテッドFC,A,H,0.2671045441513843,0.31187485895135036,0.4210205968972654
2,27063,2022-05-29,2022,,愛媛FC,ヴァンラーレ八戸,H,A,0.48758777262923303,0.2398430805267013,0.27256914684406564
2,27465,2022-05-29,2022,,京都,川崎F,H,A,0.5599799000729337,0.08266238025105271,0.3573577196760136
2,27466,2022-05-29,2022,,神戸,札幌,H,D,0.19128173166740894,0.5875292641316698,0.22118900420092125
2,27467,2022-05-29,2022,,FC東京,鹿島,H,H,0.1892862013380644,0.30249685690988676,0.5082169417520489
2,27468,2022-05-29,2022,,湘南,C大阪,A,A,0.4839405373975289,0.2435926112072796,0.27246685139519156
2,27469,2022-05-29,2022,,柏,清水,H,H,0.18277318669614154,0.22301074491800477,0.5942160683858537
2,27470,2022-05-29,2022,,磐田,横浜FM,A,A,0.44458810832014384,0.2539118783162586,0.3015000133635976
2,27471,2022-05-29,2022,,鳥栖,G大阪,H,D,0.22480796337312245,0.45385110948210294,0.3213409271447746
2,26721,2022-06-04,2022,,岡山,ツエーゲン金沢,H,H,0.31210106958749345,0.26542010698875745,0.4224788234237491
2,26730,2022-06-04,2022,,徳島,新潟,D,A,0.5824179757148489,0.30519658829795876,0.11238543598719242
2,27064,2022-06-04,2022,,Y.S.C.C.横浜,いわきFC,A,H,0.20042639881236696,0.3750203485868761,0.424553252600757
2,27065,2022-06-04,2022,,SC相模原,ギラヴァンツ北九州,H,A,0.4302930791218878,0.3452173206621077,0.22448960021600456
2,26722,2022-06-05,2022,,秋田,熊本,D,D,0.2683113973056444,0.5479946670710971,0.1836939356232586
2,26723,2022-06-05,2022,,山形,FC琉球,H,D,0.3140989354662657,0.34696718352806677,0.3389338810056675
2,26724,2022-06-05,2022,,大宮,水戸,A,A,0.4741201796065627,0.21583041541226564,0.31004940498117173
2,26725,2022-06-05,2022,,千葉,仙台,H,H,0.30343836854356004,0.3164059304610021,0.3801557009954379
2,26726,2022-06-05,2022,,横浜FC,東京V,D,A,0.4431500055931618,0.2637721768017705,0.2930778176050677
2,26727,2022-06-05,2022,,レノファ山口FC,ザスパクサツ群馬,H,H,0.3828770391875498,0.1459087560447126,0.4712142047677378
2,26728,2022-06-05,2022,,いわてグルージャ盛岡,甲府,H,A,0.7308617888767327,0.13425588284217954,0.13488232828108776
2,26729,2022-06-05,2022,,栃木SC,V・ファーレン長崎,A,D,0.26433024859297255,0.5008055387969214,0.234864212610106
2,26731,2022-06-05,2022,,大分,町田,H,H,0.2322801584867527,0.2239656063483503,0.543754235164897
2,27066,2022-06-05,2022,,福島ユナイテッドFC,藤枝MYFC,A,H,0.24274564777733315,0.1555683457261765,0.6016860064964903
2,27067,2022-06-05,2022,,ガイナーレ鳥取,松本山雅FC,D,A,0.4052231704866579,0.22683034465353144,0.3679464848598107
2,27068,2022-06-05,2022,,FC今治,愛媛FC,H,A,0.6045986659610773,0.1883920564244349,0.2070092776144879
2,27069,2022-06-05,2022,,テゲバジャーロ宮崎,AC長野パルセイロ,H,H,0.30993951113411,0.19361026445374777,0.49645022441214237
2,27070,2022-06-05,2022,,鹿児島ユナイテッドFC,アスルクラロ沼津,H,H,0.3210312219619398,0.07814697311851185,0.6008218049195484
2,27071,2022-06-05,2022,,富山,カマタマーレ讃岐,H,H,0.24849633745123406,0.2899936153237913,0.4615100472249747
2,27072,2022-06-05,2022,,FC岐阜,ヴァンラーレ八戸,D,H,0.25972151174152036,0.2833812586483044,0.45689722961017537
2,26732,2022-06-11,2022,,甲府,千葉,D,H,0.34650741029196913,0.30391501805995486,0.349577571648076
2,26733,2022-06-11,2022,,ツエーゲン金沢,横浜FC,D,D,0.26304834069999256,0.4935930778031493,0.24335858149685813
2,26734,2022-06-11,2022,,FC琉球,V・ファーレン長崎,A,H,0.34282471529256475,0.1790308569316666,0.47814442777576865
2,26741,2022-06-11,2022,,徳島,仙台,D,D,0.2437980321497722,0.5754182432142799,0.180783724635948
2,26742,2022-06-11,2022,,大分,新潟,A,D,0.1730026096960228,0.4157399197862939,0.4112574705176834
2,27073,2022-06-11,2022,,松本山雅FC,藤枝MYFC,H,H,0.1569926781149479,0.4036425083949849,0.4393648134900671
2,26735,2022-06-12,2022,,レノファ山口FC,岡山,A,H,0.11352813109391216,0.19044205207043727,0.6960298168356506
2,26736,2022-06-12,2022,,秋田,大宮,A,H,0.3370806657751062,0.25497280044926807,0.4079465337756258
2,26737,2022-06-12,2022,,水戸,山形,H,A,0.40290445101585215,0.3488207281944747,0.24827482078967317
2,26738,2022-06-12,2022,,町田,熊本,D,A,0.5036323102995277,0.26888326038785976,0.22748442931261256
2,26739,2022-06-12,2022,,ザスパクサツ群馬,栃木SC,D,D,0.33387898277379074,0.41083884009344307,0.2552821771327663
2,26740,2022-06-12,2022,,東京V,いわてグルージャ盛岡,D,H,0.11488900391171104,0.18195329156286977,0.7031577045254193
2,27074,2022-06-12,2022,,アスルクラロ沼津,Y.S.C.C.横浜,H,H,0.2116442288117986,0.10113260417723202,0.6872231670109694
2,27075,2022-06-12,2022,,ヴァンラーレ八戸,ガイナーレ鳥取,A,H,0.3197114445289213,0.11524922103302124,0.5650393344380575
2,27076,2022-06-12,2022,,FC岐阜,鹿児島ユナイテッドFC,H,D,0.340869886310187,0.39704264754181984,0.2620874661479932
2,27077,2022-06-12,2022,,カマタマーレ讃岐,いわきFC,A,D,0.37393398498037306,0.4929553009917125,0.1331107140279144
2,27078,2022-06-12,2022,,ギラヴァンツ北九州,福島ユナイテッドFC,D,A,0.41967991679991656,0.3068850903227866,0.2734349928772969
2,27079,2022-06-12,2022,,テゲバジャーロ宮崎,富山,A,D,0.19650061308119293,0.45165371847669145,0.35184566844211557
2,27080,2022-06-12,2022,,FC今治,SC相模原,A,H,0.2751621409090366,0.24344820873229467,0.4813896503586687
2,27081,2022-06-12,2022,,AC長野パルセイロ,愛媛FC,D,H,0.14904904446916672,0.26114831271988986,0.5898026428109434
2,26677,2022-06-15,2022,,いわてグルージャ盛岡,山形,D,D,0.32063176625260664,0.46395731172072785,0.21541092202666554
2,27038,2022-06-15,2022,,ヴァンラーレ八戸,SC相模原,H,D,0.3599371838670739,0.43526479412551244,0.20479802200741365
2,26743,2022-06-18,2022,,千葉,大宮,D,A,0.46132212958420793,0.3800849410500737,0.1585929293657184
2,26744,2022-06-18,2022,,いわてグルージャ盛岡,徳島,H,A,0.42867027673850444,0.2414514077666425,0.329878315494853
2,26745,2022-06-18,2022,,仙台,横浜FC,A,D,0.11369016948821745,0.5546370541964973,0.33167277631528524
2,26746,2022-06-18,2022,,栃木SC,大分,D,H,0.21567675758974875,0.20630650608983697,0.5780167363204143
2,26747,2022-06-18,2022,,東京V,レノファ山口FC,H,H,0.23715249592373394,0.22236578849943334,0.5404817155768328
2,26748,2022-06-18,2022,,熊本,水戸,D,H,0.28968044259541287,0.28123139837127664,0.4290881590333106
2,26749,2022-06-18,2022,,山形,甲府,A,A,0.5483179863166165,0.23698078559925287,0.21470122808413064
2,26750,2022-06-18,2022,,岡山,FC琉球,H,A,0.423807081142874,0.23331892102089094,0.34287399783623507
2,26751,2022-06-18,2022,,V・ファーレン長崎,ザスパクサツ群馬,H,H,0.37119826612044327,0.21140701530416833,0.41739471857538846
2,27082,2022-06-18,2022,,福島ユナイテッドFC,FC岐阜,A,A,0.4700974232931838,0.087694454441138,0.44220812226567824
2,27083,2022-06-18,2022,,SC相模原,カマタマーレ讃岐,A,H,0.29446922830364664,0.2880029155959868,0.4175278561003665
2,27084,2022-06-18,2022,,愛媛FC,松本山雅FC,H,A,0.40734817182233507,0.2852092311968062,0.30744259698085885
2,27085,2022-06-18,2022,,鹿児島ユナイテッドFC,Y.S.C.C.横浜,H,H,0.19584315318301213,0.07339541951704065,0.7307614272999472
2,27472,2022-06-18,2022,,鹿島,京都,H,H,0.2049017230312333,0.32158142894027036,0.4735168480284963
2,27473,2022-06-18,2022,,湘南,FC東京,H,A,0.5096314861790114,0.2374713322069821,0.25289718161400654
2,27474,2022-06-18,2022,,清水,福岡,H,A,0.47055575911767555,0.09613620407209345,0.4333080368102311
2,27475,2022-06-18,2022,,磐田,鳥栖,H,H,0.16658267938172805,0.19238733014992668,0.6410299904683453
2,27476,2022-06-18,2022,,浦和,名古屋,H,D,0.21018947873290653,0.4321362412522304,0.35767428001486307
2,27477,2022-06-18,2022,,柏,神戸,H,H,0.18666397060257087,0.09390290260081997,0.7194331267966092
2,27478,2022-06-18,2022,,川崎F,札幌,H,A,0.5264518852510087,0.1090922692875762,0.3644558454614152
2,27479,2022-06-18,2022,,G大阪,横浜FM,A,A,0.6273738065584094,0.16088600956457638,0.21174018387701427
2,27480,2022-06-18,2022,,広島,C大阪,H,H,0.14831663032762094,0.15250478704079307,0.699178582631586
2,26752,2022-06-19,2022,,新潟,秋田,H,A,0.4452797389873602,0.3083224584525462,0.24639780256009366
2,26753,2022-06-19,2022,,町田,ツエーゲン金沢,H,H,0.10886090985704286,0.3924745414219384,0.4986645487210187
2,27086,2022-06-19,2022,,いわきFC,ギラヴァンツ北九州,D,H,0.1858376106388502,0.3956727814161431,0.4184896079450066
2,27087,2022-06-19,2022,,ガイナーレ鳥取,テゲバジャーロ宮崎,H,A,0.5241305046867771,0.3641365541013458,0.11173294121187703
2,27088,2022-06-19,2022,,藤枝MYFC,FC今治,A,A,0.408548334286489,0.29401748939586636,0.2974341763176446
2,27089,2022-06-19,2022,,AC長野パルセイロ,ヴァンラーレ八戸,H,H,0.3603521548151165,0.1530217235575518,0.4866261216273316
2,27090,2022-06-19,2022,,富山,アスルクラロ沼津,H,H,0.2578228334811982,0.32052550987109335,0.42165165664770854
2,26754,2022-06-25,2022,,仙台,山形,D,D,0.3390625119026082,0.45480360434283185,0.20613388375456
2,26755,2022-06-25,2022,,水戸,岡山,D,A,0.3569923920493294,0.3204304335735965,0.322577174377074
2,26756,2022-06-25,2022,,V・ファーレン長崎,秋田,D,H,0.058539254448503344,0.16709271431940204,0.7743680312320946
2,26757,2022-06-25,2022,,熊本,大分,A,H,0.13316664593972713,0.324979585299793,0.5418537687604799
2,27091,2022-06-25,2022,,Y.S.C.C.横浜,藤枝MYFC,A,H,0.15192553570984083,0.029332266093804366,0.8187421981963549
2,27092,2022-06-25,2022,,富山,AC長野パルセイロ,H,D,0.17776786227633465,0.560812779041099,0.2614193586825662
2,27093,2022-06-25,2022,,ガイナーレ鳥取,SC相模原,D,D,0.20207374772482134,0.4293044470663343,0.36862180520884436
2,27094,2022-06-25,2022,,愛媛FC,鹿児島ユナイテッドFC,H,A,0.6656355477307357,0.1421743824125007,0.19219006985676362
2,27481,2022-06-25,2022,,横浜FM,柏,H,H,0.38642318662368097,0.13969832541683144,0.47387848795948767
2,27482,2022-06-25,2022,,川崎F,磐田,D,A,0.5955409286444877,0.10787991182553094,0.29657915952998126
2,27483,2022-06-25,2022,,福岡,広島,A,H,0.1820657485936053,0.2915766073904887,0.526357644015906
2,26758,2022-06-26,2022,,千葉,東京V,H,D,0.2553264645115,0.43178915717492544,0.3128843783135746
2,26759,2022-06-26,2022,,栃木SC,いわてグルージャ盛岡,D,H,0.44335652504278533,0.05603295446965182,0.5006105204875628
2,26760,2022-06-26,2022,,横浜FC,新潟,H,A,0.6674239700350979,0.15127159100017773,0.1813044389647243
2,26761,2022-06-26,2022,,徳島,ザスパクサツ群馬,H,H,0.36489391803918714,0.20793991233584905,0.42716616962496373
2,26762,2022-06-26,2022,,FC琉球,町田,A,A,0.5762509883106816,0.2844287048425194,0.139320306846799
2,26763,2022-06-26,2022,,大宮,ツエーゲン金沢,A,A,0.367657745851644,0.30515491693903035,0.32718733720932563
2,26764,2022-06-26,2022,,レノファ山口FC,甲府,H,H,0.1863786092323046,0.239807608877741,0.5738137818899544
2,27095,2022-06-26,2022,,ヴァンラーレ八戸,福島ユナイテッドFC,H,D,0.27540108226482096,0.3843324742890738,0.34026644344610524
2,27096,2022-06-26,2022,,テゲバジャーロ宮崎,FC岐阜,A,A,0.5940889422367519,0.24738497217437683,0.1585260855888713
2,27097,2022-06-26,2022,,FC今治,アスルクラロ沼津,D,H,0.23181155867570982,0.25204875633640883,0.5161396849878813
2,27098,2022-06-26,2022,,松本山雅FC,いわきFC,H,D,0.2693299420715793,0.407162762808757,0.3235072951196637
2,27099,2022-06-26,2022,,ギラヴァンツ北九州,カマタマーレ讃岐,H,A,0.5168886238033986,0.29040829974463234,0.19270307645196905
2,27484,2022-06-26,2022,,札幌,G大阪,H,H,0.2857708186170854,0.17170243591354054,0.5425267454693741
2,27485,2022-06-26,2022,,名古屋,鹿島,D,D,0.22470144112909446,0.448159652623261,0.32713890624764463
2,27486,2022-06-26,2022,,C大阪,清水,D,D,0.12585954932772242,0.5228612467063012,0.3512792039659764
2,27487,2022-06-26,2022,,神戸,浦和,A,A,0.5197367068308263,0.12617319280073483,0.35409010036843896
2,27488,2022-06-26,2022,,京都,湘南,A,H,0.1754622809690742,0.2131656741919324,0.6113720448389934
2,27489,2022-06-26,2022,,鳥栖,FC東京,H,A,0.700303009574459,0.1047526976508885,0.19494429277465256
2,27455,2022-06-29,2022,,G大阪,広島,H,H,0.16508194337005527,0.3808839079748154,0.45403414865512937
2,26765,2022-07-02,2022,,秋田,レノファ山口FC,A,H,0.35353446171958464,0.15549855098430918,0.49096698729610627
2,26766,2022-07-02,2022,,いわてグルージャ盛岡,大宮,H,A,0.4936252965936317,0.27690011496876504,0.22947458843760316
2,26767,2022-07-02,2022,,水戸,横浜FC,A,D,0.23447539439170043,0.44009263368142354,0.32543197192687606
2,26768,2022-07-02,2022,,町田,仙台,A,H,0.24608724817524538,0.23156511901447166,0.522347632810283
2,26769,2022-07-02,2022,,甲府,V・ファーレン長崎,A,H,0.35462065647244684,0.1992244187829275,0.44615492474462576
2,26770,2022-07-02,2022,,山形,栃木SC,A,H,0.18121145615863612,0.3586359853001724,0.46015255854119147
2,26771,2022-07-02,2022,,ツエーゲン金沢,徳島,A,A,0.47020757350193443,0.31541105845096856,0.21438136804709693
2,26772,2022-07-02,2022,,岡山,熊本,A,D,0.4059906742929392,0.43069061841836365,0.16331870728869718
2,26773,2022-07-02,2022,,大分,千葉,H,H,0.2901912795982619,0.2387492189340572,0.47105950146768083
2,26774,2022-07-02,2022,,ザスパクサツ群馬,新潟,A,D,0.07457479527632553,0.55379985222687,0.3716253524968045
2,27100,2022-07-02,2022,,アスルクラロ沼津,ガイナーレ鳥取,H,H,0.2702933663451594,0.07672283609314727,0.6529837975616934
2,27101,2022-07-02,2022,,いわきFC,テゲバジャーロ宮崎,H,A,0.4111670218657568,0.22143455974506682,0.36739841838917636
2,27102,2022-07-02,2022,,福島ユナイテッドFC,富山,D,H,0.24405134986202864,0.29953619717821894,0.45641245295975247
2,27103,2022-07-02,2022,,藤枝MYFC,愛媛FC,H,A,0.4840717231314133,0.2336445379924633,0.28228373887612357
2,27104,2022-07-02,2022,,SC相模原,AC長野パルセイロ,A,H,0.3122380005409057,0.15346566082453758,0.5342963386345567
2,27105,2022-07-02,2022,,ギラヴァンツ北九州,鹿児島ユナイテッドFC,A,H,0.33120340617438787,0.27764090048489737,0.3911556933407148
2,27106,2022-07-02,2022,,ヴァンラーレ八戸,松本山雅FC,A,D,0.2204939341537303,0.45450771500528736,0.3249983508409823
2,27490,2022-07-02,2022,,FC東京,福岡,D,H,0.3050088498486682,0.2726237484997991,0.42236740165153275
2,27491,2022-07-02,2022,,柏,鹿島,A,H,0.1995028569242721,0.06788217889991244,0.7326149641758155
2,27492,2022-07-02,2022,,広島,磐田,H,D,0.28608974538006043,0.35897103419347776,0.3549392204264618
2,27493,2022-07-02,2022,,清水,横浜FM,A,A,0.39177619404467023,0.3859634348802019,0.22226037107512786
2,27494,2022-07-02,2022,,G大阪,浦和,D,H,0.19417113926360616,0.18345389512786447,0.6223749656085293
2,27495,2022-07-02,2022,,C大阪,川崎F,H,H,0.36269356563807287,0.2569707649648323,0.38033566939709484
2,27496,2022-07-02,2022,,湘南,名古屋,D,H,0.2731984014055644,0.11874498437589005,0.6080566142185455
2,27497,2022-07-02,2022,,京都,札幌,H,A,0.5026759052157992,0.10939451307057513,0.38792958171362574
2,27498,2022-07-02,2022,,鳥栖,神戸,A,A,0.43803193114050354,0.24232395518984573,0.3196441136696507
3,26775,2022-07-03,2022,,東京V,FC琉球,H,H,0.10626761434845337,0.2488275791461866,0.64490480650536
3,27107,2022-07-03,2022,,カマタマーレ讃岐,Y.S.C.C.横浜,H,A,0.44633692895213106,0.18136813922645365,0.37229493182141526
3,27108,2022-07-03,2022,,FC岐阜,FC今治,A,D,0.1275326723990781,0.6403671702687198,0.23210015733220216
3,26776,2022-07-06,2022,,いわてグルージャ盛岡,FC琉球,A,H,0.230973549253128,0.37302977653294717,0.39599667421392476
3,26777,2022-07-06,2022,,仙台,甲府,H,H,0.3291255184209437,0.205695782017406,0.4651786995616505
3,26778,2022-07-06,2022,,栃木SC,東京V,A,A,0.7019839217993206,0.15816180494232365,0.13985427325835578
3,26779,2022-07-06,2022,,町田,水戸,A,H,0.32968220189135927,0.19548384600859178,0.4748339521000489
3,26780,2022-07-06,2022,,横浜FC,秋田,D,H,0.3121022180696726,0.11919365334854161,0.5687041285817859
3,26781,2022-07-06,2022,,新潟,千葉,A,H,0.2890004728155678,0.19299254531126273,0.5180069818731695
3,26782,2022-07-06,2022,,ツエーゲン金沢,ザスパクサツ群馬,H,A,0.3859786733699158,0.2915895396840247,0.3224317869460595
3,26783,2022-07-06,2022,,岡山,大宮,H,H,0.33777472035966927,0.23627028864953886,0.4259549909907919
3,26784,2022-07-06,2022,,レノファ山口FC,大分,D,H,0.14543349633273567,0.22367760944249873,0.6308888942247657
3,26785,2022-07-06,2022,,V・ファーレン長崎,山形,D,A,0.3879307082514258,0.2505054974209856,0.3615637943275887
3,26786,2022-07-06,2022,,熊本,徳島,D,D,0.1894289990025905,0.5634186562484657,0.24715234474894393
3,27499,2022-07-06,2022,,鹿島,C大阪,D,A,0.40508569589095095,0.2897811106698356,0.3051331934392134
3,27500,2022-07-06,2022,,柏,名古屋,A,H,0.1295063834162033,0.07124262840711133,0.7992509881766854
3,27501,2022-07-06,2022,,FC東京,札幌,H,H,0.2728085988249748,0.28506843470677445,0.44212296646825083
3,27503,2022-07-06,2022,,横浜FM,広島,H,H,0.24974204075012674,0.21760797120972478,0.5326499880401485
3,27504,2022-07-06,2022,,磐田,福岡,A,H,0.22564973203250902,0.18673161101033955,0.5876186569571514
3,27505,2022-07-06,2022,,浦和,京都,D,A,0.5536804687007576,0.17160646942077834,0.27471306187846406
3,27506,2022-07-06,2022,,湘南,G大阪,H,H,0.23038108316674136,0.27706093099144874,0.4925579858418099
3,27507,2022-07-06,2022,,神戸,清水,H,H,0.19792081346258283,0.2437682611160936,0.5583109254213235
3,27109,2022-07-09,2022,,アスルクラロ沼津,カマタマーレ讃岐,H,H,0.24560248681407582,0.1251164330577687,0.6292810801281555
3,27110,2022-07-09,2022,,Y.S.C.C.横浜,ヴァンラーレ八戸,H,H,0.1640722273244337,0.2790687657571113,0.556859006918455
3,27111,2022-07-09,2022,,SC相模原,藤枝MYFC,A,A,0.4812257493401152,0.13729255907304844,0.38148169158683637
3,27112,2022-07-09,2022,,松本山雅FC,富山,H,H,0.3301100227137989,0.28349393741989315,0.38639603986630794
3,27113,2022-07-09,2022,,ガイナーレ鳥取,ギラヴァンツ北九州,A,D,0.25411364998081554,0.4294429037827729,0.31644344623641163
3,27114,2022-07-09,2022,,鹿児島ユナイテッドFC,福島ユナイテッドFC,H,D,0.2439064884563647,0.3826873565068104,0.37340615503682484
3,27508,2022-07-09,2022,,川崎F,G大阪,H,H,0.1715690117331209,0.10430421164355153,0.7241267766233276
3,27509,2022-07-09,2022,,磐田,神戸,A,A,0.5220616025754687,0.18348515032003643,0.29445324710449483
3,26787,2022-07-10,2022,,水戸,ツエーゲン金沢,D,D,0.3493583446903735,0.3574191463304259,0.29322250897920066
3,26788,2022-07-10,2022,,千葉,栃木SC,A,H,0.15682200764089888,0.21380927049103818,0.629368721868063
3,26789,2022-07-10,2022,,甲府,秋田,H,H,0.09683013306442703,0.44926728325685406,0.45390258367871905
3,26790,2022-07-10,2022,,徳島,横浜FC,D,A,0.40629656699130734,0.1960516589033595,0.3976517741053332
3,26791,2022-07-10,2022,,V・ファーレン長崎,いわてグルージャ盛岡,D,H,0.339822354827968,0.25455495587457916,0.40562268929745277
3,26792,2022-07-10,2022,,山形,熊本,A,H,0.3620158440934684,0.22952976842472742,0.40845438748180424
3,26793,2022-07-10,2022,,ザスパクサツ群馬,町田,A,H,0.20450595382016853,0.38143313090969005,0.41406091527014144
3,26794,2022-07-10,2022,,大宮,東京V,D,A,0.3654215761197797,0.306746519402684,0.3278319044775363
3,26795,2022-07-10,2022,,レノファ山口FC,新潟,A,H,0.2349838700924939,0.29923979183769583,0.46577633806981017
3,26796,2022-07-10,2022,,大分,岡山,D,H,0.32814863017975177,0.26363890451355465,0.40821246530669364
3,26797,2022-07-10,2022,,FC琉球,仙台,D,H,0.128967907941043,0.39092746883128443,0.4801046232276726
3,27115,2022-07-10,2022,,FC岐阜,いわきFC,A,D,0.27937057793630793,0.5567745388405166,0.16385488322317532
3,27116,2022-07-10,2022,,愛媛FC,テゲバジャーロ宮崎,H,A,0.4909880935683882,0.3554839236154719,0.1535279828161399
3,27117,2022-07-10,2022,,AC長野パルセイロ,FC今治,D,H,0.32958221683128835,0.2086822514117528,0.4617355317569588
3,27510,2022-07-10,2022,,名古屋,清水,A,H,0.2276523655481157,0.36277385234376563,0.40957378210811873
3,27511,2022-07-10,2022,,広島,湘南,D,A,0.4870978969233359,0.13839183620849138,0.37451026686817274
3,27512,2022-07-10,2022,,浦和,FC東京,H,D,0.2912884523804215,0.401404487869297,0.3073070597502816
3,27513,2022-07-10,2022,,C大阪,横浜FM,D,D,0.3018689370875306,0.3540250527190477,0.3441060101934217
3,27514,2022-07-10,2022,,福岡,京都,H,H,0.3789540103953707,0.22598192474226958,0.39506406486235973
3,27515,2022-07-10,2022,,鳥栖,柏,A,H,0.28079877363790706,0.22367884726937157,0.49552237909272134
3,27516,2022-07-10,2022,,札幌,鹿島,D,A,0.6357463735320866,0.1995603555736246,0.16469327089428892
3,27118,2022-07-15,2022,,富山,ヴァンラーレ八戸,H,H,0.27416486158453574,0.16548150185879243,0.5603536365566718
3,26798,2022-07-16,2022,,いわてグルージャ盛岡,仙台,A,H,0.360561306289569,0.2308172334383354,0.40862146027209567
3,26800,2022-07-16,2022,,甲府,水戸,D,H,0.08397070546581424,0.3806042687581222,0.5354250257760635
3,26801,2022-07-16,2022,,ツエーゲン金沢,新潟,A,D,0.3718630660605851,0.4175821530348922,0.2105547809045226
3,26802,2022-07-16,2022,,大分,ザスパクサツ群馬,H,H,0.26062086227277054,0.2749895524629677,0.4643895852642618
3,27119,2022-07-16,2022,,いわきFC,アスルクラロ沼津,H,A,0.3796442474714261,0.3697126239753893,0.25064312855318455
3,27120,2022-07-16,2022,,ガイナーレ鳥取,AC長野パルセイロ,A,A,0.4382081918611974,0.2485187016716918,0.3132731064671107
3,27518,2022-07-16,2022,,鹿島,神戸,D,H,0.32912611666875197,0.2871948511465647,0.3836790321846834
3,27520,2022-07-16,2022,,清水,浦和,A,D,0.2170961268749191,0.40084534470948063,0.38205852841560023
3,27522,2022-07-16,2022,,柏,札幌,H,H,0.18409294700199913,0.256877455357235,0.559029597640766
3,27523,2022-07-16,2022,,湘南,福岡,D,D,0.2266979672911934,0.4130779303728697,0.36022410233593694
3,27524,2022-07-16,2022,,G大阪,C大阪,A,A,0.398406766559703,0.30501388595161155,0.29657934748868553
3,27525,2022-07-16,2022,,鳥栖,横浜FM,D,H,0.3082840655688196,0.14324256470153496,0.5484733697296454
3,26803,2022-07-17,2022,,秋田,山形,A,A,0.7467719198474493,0.13354659464196353,0.11968148551058717
3,26804,2022-07-17,2022,,町田,V・ファーレン長崎,A,A,0.3695991486261825,0.28513007657570916,0.34527077479810836
3,26805,2022-07-17,2022,,横浜FC,千葉,H,H,0.14453684545496825,0.2215238898619761,0.6339392646830557
3,26806,2022-07-17,2022,,岡山,栃木SC,D,D,0.3929596758663591,0.4723098332571485,0.1347304908764924
3,26807,2022-07-17,2022,,FC琉球,大宮,D,H,0.2085066069745638,0.37894599672910345,0.4125473962963328
3,27121,2022-07-17,2022,,テゲバジャーロ宮崎,藤枝MYFC,A,H,0.3240026733987674,0.3311502116682902,0.34484711493294234
3,27123,2022-07-17,2022,,松本山雅FC,福島ユナイテッドFC,H,H,0.23709602280709066,0.3735754367238306,0.38932854046907867
3,27124,2022-07-17,2022,,カマタマーレ讃岐,愛媛FC,A,D,0.29181423284443747,0.37993930929071285,0.32824645786484963
3,27125,2022-07-17,2022,,ギラヴァンツ北九州,FC岐阜,H,H,0.30770835897316795,0.27450318083110864,0.41778846019572335
3,27126,2022-07-17,2022,,鹿児島ユナイテッドFC,SC相模原,A,H,0.21311108917808344,0.37244417649211153,0.4144447343298051
3,27519,2022-07-17,2022,,FC東京,磐田,H,H,0.25044282481093266,0.34307249681771446,0.40648467837135277
3,27521,2022-07-17,2022,,京都,広島,D,A,0.5546321856957013,0.2028866811337512,0.24248113317054762
3,26808,2022-07-18,2022,,熊本,レノファ山口FC,H,H,0.1604402870302643,0.316841006257312,0.5227187067124238
3,26809,2022-07-23,2022,,いわてグルージャ盛岡,町田,A,A,0.5828462438615944,0.27287491357786087,0.14427884256054463
3,26812,2022-07-23,2022,,新潟,岡山,A,H,0.37502517310269534,0.16065370123721257,0.46432112566009215
3,26813,2022-07-23,2022,,徳島,FC琉球,D,H,0.2877669096855493,0.35278803224410565,0.3594450580703451
3,26814,2022-07-23,2022,,仙台,V・ファーレン長崎,A,D,0.3456054219124316,0.3925146184911512,0.2618799595964172
3,26815,2022-07-23,2022,,山形,ザスパクサツ群馬,A,D,0.23474643612056598,0.3826847874037046,0.38256877647572946
3,26816,2022-07-23,2022,,栃木SC,レノファ山口FC,H,A,0.3773761112526615,0.3071145546388858,0.3155093341084527
3,26817,2022-07-23,2022,,大宮,秋田,D,A,0.4353290849761765,0.24465691204407222,0.32001400297975136
3,27127,2022-07-23,2022,,アスルクラロ沼津,FC今治,A,H,0.18363906403633382,0.258896924567756,0.5574640113959102
3,27129,2022-07-23,2022,,福島ユナイテッドFC,ガイナーレ鳥取,H,H,0.27335395920545863,0.07961260203960273,0.6470334387549387
3,27130,2022-07-23,2022,,藤枝MYFC,ギラヴァンツ北九州,H,D,0.28901432444647246,0.517166481680148,0.19381919387337956
3,27131,2022-07-23,2022,,SC相模原,愛媛FC,A,H,0.4446618004562226,0.10698687336392347,0.4483513261798539
3,27132,2022-07-23,2022,,ヴァンラーレ八戸,鹿児島ユナイテッドFC,A,A,0.44923968838019557,0.31571875812741823,0.23504155349238626
3,27133,2022-07-23,2022,,FC岐阜,カマタマーレ讃岐,H,H,0.24182958022941098,0.33215471602824287,0.42601570374234615
3,26818,2022-07-24,2022,,東京V,横浜FC,A,H,0.24975252973251283,0.36414845883478314,0.38609901143270403
3,26819,2022-07-24,2022,,熊本,ツエーゲン金沢,H,D,0.24712638875315407,0.601562508602641,0.15131110264420483
3,27134,2022-07-24,2022,,Y.S.C.C.横浜,富山,A,D,0.2672496981977837,0.5218298977105552,0.21092040409166118
3,27135,2022-07-24,2022,,AC長野パルセイロ,テゲバジャーロ宮崎,H,D,0.20886886832653745,0.5468048893609214,0.24432624231254124
3,26820,2022-07-30,2022,,水戸,大宮,H,H,0.28931767637382305,0.19059115234664836,0.5200911712795285
3,26821,2022-07-30,2022,,栃木SC,徳島,D,H,0.3350978274129282,0.30626411568480083,0.35863805690227096
3,26822,2022-07-30,2022,,横浜FC,いわてグルージャ盛岡,A,D,0.20908514938806827,0.41435958361834296,0.3765552669935886
3,26823,2022-07-30,2022,,FC琉球,熊本,H,H,0.3025959304895144,0.3285491621503133,0.3688549073601723
3,26824,2022-07-30,2022,,山形,町田,H,D,0.2180797751303469,0.518764477114015,0.2631557477556382
3,26825,2022-07-30,2022,,ザスパクサツ群馬,甲府,D,A,0.5089091427396386,0.3028511179434393,0.18823973931692214
3,26826,2022-07-30,2022,,岡山,千葉,D,H,0.2834275597505089,0.275212750468168,0.4413596897813231
3,26827,2022-07-30,2022,,レノファ山口FC,仙台,D,A,0.7483618377083369,0.12039835331066147,0.13123980898100163
3,26828,2022-07-30,2022,,V・ファーレン長崎,新潟,D,D,0.2786122017871001,0.4142704423142791,0.3071173558986207
3,26829,2022-07-30,2022,,大分,東京V,D,H,0.28329582286166527,0.2907325075006825,0.42597166963765226
3,27136,2022-07-30,2022,,福島ユナイテッドFC,FC今治,D,H,0.2290694092655835,0.18245653502867729,0.5884740557057393
3,27137,2022-07-30,2022,,藤枝MYFC,鹿児島ユナイテッドFC,H,H,0.16017603389794655,0.20794793945243514,0.6318760266496184
3,27138,2022-07-30,2022,,富山,いわきFC,D,D,0.3024245734039632,0.43471612761041345,0.26285929898562327
3,27139,2022-07-30,2022,,カマタマーレ讃岐,AC長野パルセイロ,A,H,0.14271244742765174,0.40027075479238045,0.4570167977799679
3,27140,2022-07-30,2022,,ギラヴァンツ北九州,アスルクラロ沼津,H,D,0.24314550820125216,0.41895999011921803,0.3378945016795299
3,27141,2022-07-30,2022,,ガイナーレ鳥取,FC岐阜,H,H,0.3167005038426798,0.2821284122837348,0.4011710838735855
3,27526,2022-07-30,2022,,札幌,名古屋,D,D,0.2524997567502224,0.41040906404758337,0.3370911792021942
3,27527,2022-07-30,2022,,浦和,川崎F,H,D,0.3459019006014821,0.4793483965127779,0.17474970288574002
3,27528,2022-07-30,2022,,横浜FM,鹿島,H,A,0.47230152871952963,0.2972854833019057,0.23041298797856472
3,27529,2022-07-30,2022,,G大阪,京都,D,A,0.4265747002525715,0.30712945922023355,0.26629584052719485
3,27530,2022-07-30,2022,,C大阪,福岡,H,H,0.2543837509502146,0.2576541558932963,0.48796209315648914
3,27531,2022-07-30,2022,,神戸,柏,A,A,0.5886424884907034,0.09466652859816935,0.31669098291112724
3,27532,2022-07-30,2022,,広島,FC東京,A,A,0.7671820999670149,0.15472409988038754,0.07809380015259748
3,27533,2022-07-30,2022,,磐田,湘南,H,H,0.16451103954303414,0.15641449028063256,0.6790744701763334
3,26830,2022-07-31,2022,,ツエーゲン金沢,秋田,A,H,0.15738453871288965,0.32036532920971894,0.5222501320773915
3,27142,2022-07-31,2022,,テゲバジャーロ宮崎,SC相模原,D,D,0.2986303339546933,0.5332655339944783,0.16810413205082844
3,27143,2022-07-31,2022,,松本山雅FC,ヴァンラーレ八戸,A,H,0.14293145659413362,0.3922451572525802,0.4648233861532863
3,27144,2022-07-31,2022,,愛媛FC,Y.S.C.C.横浜,H,D,0.14317332551112008,0.435293776994383,0.42153289749449707
3,27534,2022-07-31,2022,,清水,鳥栖,D,H,0.23699627835007714,0.2137647042605271,0.5492390173893958
3,26831,2022-08-06,2022,,いわてグルージャ盛岡,岡山,A,D,0.19534704608541892,0.65771455726335,0.14693839665123096
3,26832,2022-08-06,2022,,東京V,V・ファーレン長崎,H,A,0.594844980161139,0.17214482761690245,0.23301019222195868
3,26833,2022-08-06,2022,,甲府,FC琉球,H,A,0.4506796549013355,0.23580811438599197,0.3135122307126725
3,26834,2022-08-06,2022,,新潟,徳島,D,H,0.25589713571273237,0.24933652093429892,0.4947663433529688
3,26835,2022-08-06,2022,,大宮,横浜FC,H,A,0.5229402664446327,0.2633078620870258,0.21375187146834163
3,26836,2022-08-06,2022,,町田,大分,D,D,0.18849498279898275,0.40713207805799295,0.4043729391430244
3,26837,2022-08-06,2022,,ツエーゲン金沢,仙台,A,H,0.3645106343331052,0.19496512501808047,0.4405242406488144
3,26838,2022-08-06,2022,,レノファ山口FC,山形,A,A,0.5044236557341607,0.1373706402860604,0.3582057039797789
3,27122,2022-08-06,2022,,FC今治,Y.S.C.C.横浜,H,A,0.41677856829701054,0.3019542166931213,0.2812672150098682
3,27535,2022-08-06,2022,,鹿島,広島,A,A,0.4151887753222312,0.19754923791545717,0.38726198676231155
3,27536,2022-08-06,2022,,京都,柏,A,H,0.4082368621988145,0.15307545703192918,0.4386876807692562
3,27537,2022-08-06,2022,,名古屋,浦和,H,D,0.06739477409221221,0.5869302541439064,0.34567497176388146
3,27538,2022-08-06,2022,,C大阪,神戸,H,A,0.5442953400333779,0.22155863814591303,0.23414602182070904
3,26839,2022-08-07,2022,,秋田,水戸,D,H,0.2632516440789965,0.3012887936806646,0.4354595622403388
3,26840,2022-08-07,2022,,ザスパクサツ群馬,千葉,A,H,0.31843241517825727,0.328255118483096,0.3533124663386467
3,26841,2022-08-07,2022,,熊本,栃木SC,H,H,0.21208530983661547,0.2639382235113235,0.523976466652061
3,27128,2022-08-07,2022,,いわきFC,松本山雅FC,D,H,0.3743129055826207,0.24569040312073367,0.37999669129664565
3,27540,2022-08-07,2022,,FC東京,清水,A,H,0.11920324355067635,0.2246513813087038,0.6561453751406199
3,27541,2022-08-07,2022,,川崎F,横浜FM,H,A,0.4205878846694756,0.3017994426501716,0.2776126726803528
3,27542,2022-08-07,2022,,鳥栖,磐田,H,A,0.5055690180991286,0.22157229265971,0.27285868924116136
3,27543,2022-08-07,2022,,湘南,札幌,A,H,0.2960487374486626,0.30277511951803737,0.4011761430332999
3,26842,2022-08-13,2022,,いわてグルージャ盛岡,秋田,A,A,0.6779679022658389,0.08798634959583686,0.23404574813832435
3,26845,2022-08-13,2022,,甲府,熊本,D,A,0.42197078678744837,0.29386194020267364,0.2841672730098781
3,26846,2022-08-13,2022,,仙台,大宮,A,H,0.3311976055357601,0.1534250862710746,0.5153773081931654
3,26847,2022-08-13,2022,,山形,ツエーゲン金沢,H,H,0.14828011580570719,0.3285393251822101,0.5231805590120827
3,26848,2022-08-13,2022,,岡山,レノファ山口FC,H,D,0.22956672518141924,0.44578889512868625,0.32464437968989457
3,26849,2022-08-13,2022,,V・ファーレン長崎,FC琉球,A,A,0.3734869015455645,0.3114741338364748,0.3150389646179606
3,27147,2022-08-13,2022,,カマタマーレ讃岐,テゲバジャーロ宮崎,D,D,0.1780346706249384,0.4435383165228589,0.3784270128522027
3,27148,2022-08-13,2022,,ヴァンラーレ八戸,いわきFC,A,D,0.28596108459864916,0.58840248154109,0.1256364338602609
3,27544,2022-08-13,2022,,札幌,神戸,A,A,0.42035514787678974,0.3192353843786521,0.2604094677445582
3,27545,2022-08-13,2022,,磐田,浦和,A,D,0.28720831673395586,0.5181735770510053,0.1946181062150389
3,26850,2022-08-14,2022,,栃木SC,新潟,A,D,0.29647063700070947,0.3849256332123386,0.318603729786952
3,26851,2022-08-14,2022,,千葉,町田,A,A,0.359952261906508,0.2924589865701891,0.347588751523303
3,26852,2022-08-14,2022,,徳島,大分,D,D,0.12453403940132608,0.5153800956354854,0.36008586496318856
3,27149,2022-08-14,2022,,FC今治,FC岐阜,H,H,0.3466411342337014,0.167758765198828,0.48560010056747055
3,27150,2022-08-14,2022,,Y.S.C.C.横浜,ギラヴァンツ北九州,H,D,0.28378299371368954,0.4665708049739266,0.24964620131238377
3,27151,2022-08-14,2022,,AC長野パルセイロ,富山,H,H,0.2836798505854856,0.16644607291584132,0.549874076498673
3,27152,2022-08-14,2022,,愛媛FC,ガイナーレ鳥取,H,H,0.265341416328129,0.14233484770448623,0.5923237359673847
3,27153,2022-08-14,2022,,鹿児島ユナイテッドFC,松本山雅FC,H,D,0.12536854789228766,0.6737177402857839,0.20091371182192858
3,27549,2022-08-14,2022,,鹿島,福岡,H,D,0.1783498513488587,0.5638395582980592,0.2578105903530822
3,27550,2022-08-14,2022,,柏,広島,A,H,0.134855105880443,0.2768132987430839,0.5883315953764731
3,27551,2022-08-14,2022,,G大阪,清水,A,A,0.3817738382251875,0.27870592729497123,0.3395202344798413
3,27552,2022-08-14,2022,,鳥栖,名古屋,D,H,0.15773296498475142,0.16514064239436851,0.67712639262088
3,26844,2022-08-16,2022,,横浜FC,ザスパクサツ群馬,H,A,0.42849186118804955,0.28400078013605706,0.2875073586758934
3,26811,2022-08-17,2022,,千葉,甲府,D,D,0.11914651587548189,0.544377916476967,0.3364755676475511
3,27553,2022-08-19,2022,,名古屋,磐田,H,H,0.21216030615172107,0.11092189206781834,0.6769178017804606
3,26853,2022-08-20,2022,,千葉,徳島,D,D,0.2684690634839538,0.49315178134078186,0.2383791551752644
3,26854,2022-08-20,2022,,横浜FC,岡山,H,H,0.32482481125534235,0.2886362622900052,0.38653892645465254
3,26855,2022-08-20,2022,,新潟,熊本,H,H,0.27147831587041465,0.34952371886391226,0.37899796526567303
3,26856,2022-08-20,2022,,FC琉球,山形,D,A,0.3974722707519801,0.2649770933576506,0.3375506358903694
3,26857,2022-08-20,2022,,秋田,栃木SC,A,D,0.2501063194502151,0.39056866316939903,0.35932501738038586
3,26858,2022-08-20,2022,,ザスパクサツ群馬,仙台,H,D,0.20631417308618807,0.4417748499729312,0.3519109769408807
3,26859,2022-08-20,2022,,大宮,町田,A,H,0.2049417940702346,0.37694489144283483,0.4181133144869307
3,26861,2022-08-20,2022,,レノファ山口FC,水戸,H,H,0.29527965029646686,0.21519024060883346,0.48953010909469974
3,26862,2022-08-20,2022,,大分,いわてグルージャ盛岡,H,A,0.39682764467783355,0.27555554981236435,0.3276168055098021
3,27154,2022-08-20,2022,,いわきFC,福島ユナイテッドFC,H,D,0.19192035520609713,0.5821106116863154,0.22596903310758745
3,27155,2022-08-20,2022,,SC相模原,鹿児島ユナイテッドFC,A,A,0.4321996650321097,0.28278671414341566,0.2850136208244747
3,27156,2022-08-20,2022,,富山,愛媛FC,H,D,0.3939725599293746,0.40638100639455116,0.1996464336760742
3,27157,2022-08-20,2022,,ヴァンラーレ八戸,AC長野パルセイロ,H,D,0.31050682429424914,0.5345096930428354,0.15498348266291562
3,27554,2022-08-20,2022,,札幌,鳥栖,A,A,0.5158662962464418,0.20368253734055702,0.2804511664130012
3,27555,2022-08-20,2022,,清水,柏,D,A,0.6213429683724091,0.1092782232118158,0.2693788084157751
3,27556,2022-08-20,2022,,広島,G大阪,H,D,0.16185942265509112,0.4770788864506444,0.36106169089426454
3,27561,2022-08-20,2022,,福岡,川崎F,A,A,0.5142226115136088,0.1268842416172413,0.35889314686914986
3,26863,2022-08-21,2022,,東京V,甲府,D,A,0.5092758132532237,0.18323634811095385,0.3074878386358225
3,27159,2022-08-21,2022,,テゲバジャーロ宮崎,ガイナーレ鳥取,A,H,0.22920013499794192,0.263734785980737,0.5070650790213211
3,27160,2022-08-21,2022,,FC今治,カマタマーレ讃岐,H,D,0.24120289501011194,0.5417830649657562,0.2170140400241319
3,27161,2022-08-21,2022,,Y.S.C.C.横浜,アスルクラロ沼津,H,D,0.31865381450096203,0.43979590293451715,0.24155028256452085
3,27162,2022-08-21,2022,,ギラヴァンツ北九州,松本山雅FC,A,A,0.5503109710603995,0.2186339606903536,0.231055068249247
3,27557,2022-08-21,2022,,湘南,鹿島,D,A,0.6518354503227082,0.21698550845424255,0.13117904122304924
3,26810,2022-08-23,2022,,水戸,大分,H,D,0.19889271911451845,0.6162536025723482,0.18485367831313343
3,26799,2022-08-24,2022,,東京V,徳島,A,H,0.2611348366776145,0.3407467924491845,0.398118370873201
3,27562,2022-08-26,2022,,鳥栖,福岡,D,H,0.2056773921003108,0.09547178569166474,0.6988508222080245
3,26864,2022-08-27,2022,,いわてグルージャ盛岡,新潟,A,A,0.40385969440315106,0.28769092576502353,0.3084493798318254
3,26865,2022-08-27,2022,,水戸,FC琉球,D,A,0.38308185697886404,0.23953954275880346,0.3773786002623325
3,26866,2022-08-27,2022,,甲府,ツエーゲン金沢,D,H,0.2942900593449595,0.15422642950610116,0.5514835111489393
3,26867,2022-08-27,2022,,仙台,千葉,A,A,0.4777068853655001,0.1700346835982052,0.3522584310362947
3,26869,2022-08-27,2022,,町田,横浜FC,A,D,0.25152608100093,0.4449289213541302,0.3035449976449397
3,26870,2022-08-27,2022,,徳島,レノファ山口FC,H,A,0.41299298141743246,0.3024850763138972,0.28452194226867034
3,27163,2022-08-27,2022,,福島ユナイテッドFC,ヴァンラーレ八戸,H,A,0.41045318083151294,0.25106711605257204,0.33847970311591513
3,27164,2022-08-27,2022,,藤枝MYFC,いわきFC,A,D,0.2541468179472606,0.4088322315964693,0.33702095045627006
3,27165,2022-08-27,2022,,松本山雅FC,カマタマーレ讃岐,H,D,0.20182388277439323,0.7005334052049258,0.09764271202068107
3,27166,2022-08-27,2022,,愛媛FC,FC岐阜,D,A,0.47317654981058804,0.26121991099558156,0.26560353919383045
3,27167,2022-08-27,2022,,ガイナーレ鳥取,富山,H,H,0.3891192049909967,0.20499187792423107,0.40588891708477215
3,27171,2022-08-27,2022,,アスルクラロ沼津,SC相模原,D,H,0.15884356504287575,0.3821042123253714,0.45905222263175277
3,27563,2022-08-27,2022,,清水,京都,H,H,0.1882223449370872,0.17679632214830543,0.6349813329146073
3,27564,2022-08-27,2022,,名古屋,G大阪,A,H,0.13717631000359673,0.35842264905086957,0.5044010409455337
3,27565,2022-08-27,2022,,柏,FC東京,A,H,0.11299329450562208,0.24157705234238422,0.6454296531519936
3,27566,2022-08-27,2022,,C大阪,広島,A,H,0.21294591155213966,0.27153128881026756,0.5155227996375928
3,27568,2022-08-27,2022,,川崎F,鹿島,H,D,0.26174912650143956,0.38275050048518505,0.35550037301337545
3,26872,2022-08-28,2022,,秋田,大分,A,D,0.16490606944241074,0.4962065002118521,0.3388874303457372
3,26873,2022-08-28,2022,,熊本,東京V,H,D,0.26041645028405863,0.4289129118147725,0.3106706379011689
3,26874,2022-08-28,2022,,ザスパクサツ群馬,岡山,A,H,0.20656987413661,0.2965083645573669,0.496921761306023
3,27168,2022-08-28,2022,,テゲバジャーロ宮崎,Y.S.C.C.横浜,H,D,0.22816333206079173,0.39588059436918094,0.3759560735700273
3,27169,2022-08-28,2022,,AC長野パルセイロ,ギラヴァンツ北九州,H,D,0.2859945363519411,0.49269004942492245,0.2213154142231364
3,27170,2022-08-28,2022,,鹿児島ユナイテッドFC,FC今治,A,A,0.4260443680433504,0.34267618114278353,0.2312794508138662
3,27146,2022-08-30,2022,,SC相模原,福島ユナイテッドFC,A,A,0.5665654445894415,0.19925003765766522,0.23418451775289326
3,26591,2022-08-31,2022,,山形,岡山,A,D,0.38708627609885427,0.4315232561323998,0.18139046776874604
3,27502,2022-08-31,2022,,川崎F,鳥栖,H,D,0.29539140320851887,0.36090669118780866,0.3437019056036724
3,27539,2022-08-31,2022,,福岡,G大阪,A,A,0.3747232906158397,0.32585482156011053,0.2994218878240499
3,27571,2022-09-02,2022,,札幌,C大阪,H,A,0.5365067821072005,0.1411296949417013,0.3223635229510982
3,26875,2022-09-03,2022,,千葉,V・ファーレン長崎,A,H,0.3100625936185304,0.2493558553446128,0.44058155103685687
3,26876,2022-09-03,2022,,新潟,大分,A,D,0.2771881592995488,0.4372004441320564,0.2856113965683948
3,26877,2022-09-03,2022,,FC琉球,秋田,A,H,0.2845382270461175,0.136809343029502,0.5786524299243805
3,26878,2022-09-03,2022,,仙台,水戸,A,A,0.46903330728422843,0.11635202989560599,0.41461466282016557
3,26879,2022-09-03,2022,,山形,いわてグルージャ盛岡,H,H,0.16858026170899337,0.11983725799906221,0.7115824802919445
3,26880,2022-09-03,2022,,ツエーゲン金沢,東京V,H,H,0.3444395725522237,0.17323132245958237,0.482329104988194
3,26881,2022-09-03,2022,,レノファ山口FC,横浜FC,D,H,0.23687959644945217,0.28522876845588874,0.4778916350946591
3,26882,2022-09-03,2022,,徳島,甲府,H,D,0.2333270905471394,0.6002965569631598,0.16637635248970087
3,27172,2022-09-03,2022,,アスルクラロ沼津,鹿児島ユナイテッドFC,A,D,0.3400981101433864,0.497665888253391,0.16223600160322268
3,27173,2022-09-03,2022,,いわきFC,AC長野パルセイロ,H,H,0.35584069455230777,0.2525176479675758,0.3916416574801164
3,27174,2022-09-03,2022,,SC相模原,ガイナーレ鳥取,D,H,0.17775283870177477,0.32429279945298184,0.49795436184524344
3,27175,2022-09-03,2022,,松本山雅FC,愛媛FC,H,D,0.36887782698948446,0.3753935425205513,0.25572863048996436
3,27176,2022-09-03,2022,,富山,福島ユナイテッドFC,H,D,0.31444381618319844,0.425528676637891,0.2600275071789105
3,27177,2022-09-03,2022,,ヴァンラーレ八戸,テゲバジャーロ宮崎,A,A,0.35705936498178,0.29329496219283924,0.3496456728253808
3,27178,2022-09-03,2022,,FC岐阜,Y.S.C.C.横浜,H,H,0.2145924902875941,0.24192567065793577,0.5434818390544701
3,27572,2022-09-03,2022,,鹿島,浦和,D,D,0.09816823232555429,0.4580780510614754,0.4437537166129703
3,27573,2022-09-03,2022,,FC東京,横浜FM,D,H,0.3343074367606808,0.32509378788513765,0.3405987753541815
3,27574,2022-09-03,2022,,湘南,川崎F,H,A,0.5552484525570478,0.2417330124116293,0.20301853503132297
3,27575,2022-09-03,2022,,磐田,柏,D,A,0.5785508884676762,0.1440948296776805,0.2773542818546433
3,27576,2022-09-03,2022,,京都,神戸,H,A,0.4288257083461805,0.22262121271162919,0.3485530789421904
3,27577,2022-09-03,2022,,G大阪,鳥栖,A,D,0.1779646803145782,0.5426364367557855,0.2793988829296362
3,27578,2022-09-03,2022,,広島,清水,H,H,0.2731777197692156,0.1250289521765406,0.6017933280542439
3,27579,2022-09-03,2022,,福岡,名古屋,A,A,0.47544076112470696,0.23421099339364887,0.2903482454816442
3,26883,2022-09-04,2022,,栃木SC,ザスパクサツ群馬,D,A,0.424732067358201,0.2115787106336917,0.3636892220081072
3,26884,2022-09-04,2022,,岡山,町田,H,A,0.5020665414789014,0.20971420870113452,0.28821924981996405
3,26885,2022-09-04,2022,,熊本,大宮,H,H,0.30793833166547757,0.31109304093142565,0.3809686274030967
3,27179,2022-09-04,2022,,FC今治,ギラヴァンツ北九州,A,D,0.2916979935826859,0.4580244814046511,0.2502775250126629
3,27180,2022-09-04,2022,,カマタマーレ讃岐,藤枝MYFC,D,H,0.2414836224471102,0.3417806277383298,0.41673574981456
3,26860,2022-09-06,2022,,ツエーゲン金沢,V・ファーレン長崎,D,A,0.41238807372742975,0.2574811873460671,0.3301307389265031
3,27548,2022-09-07,2022,,横浜FM,湘南,H,D,0.3263475867648017,0.35833972141544,0.31531269181975835
3,26886,2022-09-10,2022,,いわてグルージャ盛岡,水戸,H,A,0.6005491295988721,0.1602311374491799,0.239219732951948
3,26887,2022-09-10,2022,,千葉,ツエーゲン金沢,H,D,0.1308683097051138,0.5493403701586486,0.3197913201362376
3,26888,2022-09-10,2022,,東京V,ザスパクサツ群馬,D,D,0.37944821259642236,0.45316036664735154,0.1673914207562261
3,26889,2022-09-10,2022,,町田,レノファ山口FC,A,H,0.3031382719830127,0.2997154955149297,0.39714623250205766
3,26890,2022-09-10,2022,,横浜FC,栃木SC,D,H,0.3832235701722482,0.19338742846907286,0.42338900135867896
3,26891,2022-09-10,2022,,甲府,大宮,A,H,0.11173443053916284,0.3948193924474982,0.493446177013339
3,26892,2022-09-10,2022,,新潟,FC琉球,H,A,0.3909983263904892,0.23532597548604284,0.3736756981234679
3,26893,2022-09-10,2022,,秋田,徳島,D,A,0.4440245035393076,0.2923193662585912,0.26365613020210127
3,26894,2022-09-10,2022,,岡山,山形,H,D,0.18094303281640065,0.5609525029911615,0.2581044641924378
3,26895,2022-09-10,2022,,V・ファーレン長崎,熊本,A,A,0.5809806107416471,0.26928106666632323,0.1497383225920297
3,26896,2022-09-10,2022,,大分,仙台,H,H,0.15631019791655779,0.11098823175149208,0.7327015703319502
3,27181,2022-09-10,2022,,福島ユナイテッドFC,松本山雅FC,A,A,0.5467824229146566,0.13751973534287157,0.3156978417424718
3,27182,2022-09-10,2022,,藤枝MYFC,ヴァンラーレ八戸,H,A,0.562897133304378,0.23443069586709944,0.20267217082852265
3,27183,2022-09-10,2022,,富山,テゲバジャーロ宮崎,H,H,0.3724661350291792,0.2101743569012359,0.41735950806958483
3,27184,2022-09-10,2022,,ガイナーレ鳥取,アスルクラロ沼津,H,H,0.35168914220550396,0.2793117730641911,0.36899908473030496
3,27185,2022-09-10,2022,,FC岐阜,AC長野パルセイロ,D,A,0.41302183316369556,0.33032762548681815,0.2566505413494863
3,27186,2022-09-10,2022,,愛媛FC,FC今治,H,H,0.31579535790651775,0.312193161260687,0.3720114808327952
3,27581,2022-09-10,2022,,浦和,柏,H,H,0.4592389940386577,0.059471987132933245,0.4812890188284091
3,27582,2022-09-10,2022,,川崎F,広島,H,H,0.10560929318037388,0.11486939831704272,0.7795213085025834
3,27583,2022-09-10,2022,,横浜FM,福岡,H,H,0.17504719947260983,0.394734852393691,0.4302179481336992
3,27584,2022-09-10,2022,,清水,湘南,D,A,0.41297299309821794,0.40002240430219294,0.18700460259958898
3,27585,2022-09-10,2022,,京都,鹿島,D,A,0.5838471439123111,0.07566351386439729,0.34048934222329164
3,27586,2022-09-10,2022,,G大阪,FC東京,D,A,0.5737069010967636,0.24815368327633733,0.17813941562689914
3,27587,2022-09-10,2022,,C大阪,鳥栖,H,H,0.42588016851949434,0.13577370737528346,0.43834612410522233
3,27588,2022-09-10,2022,,神戸,名古屋,D,A,0.5778789664029559,0.31212672826888627,0.10999430532815781
3,27187,2022-09-11,2022,,Y.S.C.C.横浜,SC相模原,A,D,0.0991195626590761,0.7830577993398717,0.11782263800105214
3,27188,2022-09-11,2022,,ギラヴァンツ北九州,いわきFC,A,A,0.3891873195882741,0.2686527356624416,0.34215994474928424
3,27189,2022-09-11,2022,,鹿児島ユナイテッドFC,カマタマーレ讃岐,H,H,0.3290392543113905,0.19682789190023817,0.47413285378837133
3,27580,2022-09-11,2022,,札幌,磐田,H,H,0.3635860013150331,0.16194608727935503,0.4744679114056118
3,26897,2022-09-14,2022,,いわてグルージャ盛岡,千葉,A,A,0.7634721892002335,0.14277840759641588,0.09374940320335058
3,26898,2022-09-14,2022,,山形,横浜FC,H,H,0.3318678864566258,0.15105251823960217,0.517079595303772
3,26899,2022-09-14,2022,,水戸,V・ファーレン長崎,A,H,0.2684488484114551,0.30652636960129004,0.4250247819872549
3,26900,2022-09-14,2022,,ザスパクサツ群馬,FC琉球,D,H,0.13002512190040305,0.30622751685474026,0.5637473612448567
3,26901,2022-09-14,2022,,大宮,大分,D,H,0.2317816642826074,0.30665631335648724,0.4615620223609053
3,26902,2022-09-14,2022,,東京V,秋田,A,A,0.4525113646066552,0.16115730355176142,0.3863313318415835
3,26903,2022-09-14,2022,,レノファ山口FC,ツエーゲン金沢,D,D,0.2881488563586771,0.36484681962330157,0.3470043240180213
3,26904,2022-09-14,2022,,徳島,岡山,H,A,0.6627595555734034,0.15804758530303584,0.17919285912356084
3,26905,2022-09-14,2022,,熊本,町田,D,D,0.2618714912151941,0.3991224956512456,0.33900601313356027
3,26906,2022-09-14,2022,,栃木SC,仙台,A,A,0.5392208371880234,0.19902788268239874,0.2617512801295779
3,26907,2022-09-14,2022,,甲府,新潟,A,A,0.5919826453421729,0.190093251851006,0.21792410280682115
3,27158,2022-09-14,2022,,FC岐阜,藤枝MYFC,A,H,0.2921255641804569,0.1935590920252365,0.5143153437943067
3,27517,2022-09-14,2022,,名古屋,川崎F,D,A,0.43203224397500317,0.17861159603201074,0.3893561599929861
3,27558,2022-09-14,2022,,浦和,C大阪,A,H,0.3684197665085074,0.21900432813505408,0.41257590535643857
3,27559,2022-09-14,2022,,京都,横浜FM,A,A,0.6746688185349667,0.1998854734211873,0.12544570804384597
3,27560,2022-09-14,2022,,神戸,FC東京,H,H,0.3522482158642692,0.1389263946985421,0.5088253894371887
3,27597,2022-09-16,2022,,鳥栖,鹿島,D,D,0.13956120706317143,0.5023153044648827,0.35812348847194586
3,26908,2022-09-17,2022,,岡山,V・ファーレン長崎,H,H,0.3259036778885346,0.1193372972429731,0.5547590248684923
3,27190,2022-09-17,2022,,Y.S.C.C.横浜,カマタマーレ讃岐,D,H,0.17144644253977298,0.1367478843808286,0.6918056730793984
3,27191,2022-09-17,2022,,アスルクラロ沼津,富山,H,A,0.4625699096231807,0.3176962046803392,0.21973388569648009
3,27192,2022-09-17,2022,,ヴァンラーレ八戸,FC岐阜,H,A,0.5956211263185109,0.2075367922975931,0.19684208138389597
3,27589,2022-09-17,2022,,柏,川崎F,D,A,0.48900647860196345,0.20449505824219474,0.3064984631558417
3,27592,2022-09-17,2022,,湘南,浦和,D,D,0.29183925367721114,0.5273782359095234,0.18078251041326543
3,27593,2022-09-17,2022,,磐田,C大阪,D,A,0.4699710332790103,0.37146567792422874,0.15856328879676096
3,27594,2022-09-17,2022,,名古屋,広島,D,H,0.3491824505005509,0.24061972384998112,0.410197825649468
3,27596,2022-09-17,2022,,福岡,清水,H,A,0.3768864647431375,0.2882417135997011,0.3348718216571614
3,26909,2022-09-18,2022,,仙台,徳島,D,H,0.23798233648054093,0.239841809078004,0.5221758544414551
3,26910,2022-09-18,2022,,秋田,ザスパクサツ群馬,A,H,0.24655077136860984,0.3725393808278912,0.38090984780349896
3,26911,2022-09-18,2022,,山形,千葉,H,A,0.4811344674768165,0.14043278737223275,0.3784327451509509
3,26912,2022-09-18,2022,,町田,東京V,D,D,0.18214462077503854,0.5229930307239151,0.2948623485010464
3,26913,2022-09-18,2022,,横浜FC,甲府,H,H,0.21471300085465816,0.2610093033827152,0.5242776957626267
3,26914,2022-09-18,2022,,新潟,水戸,H,A,0.50528881465794,0.23787731579848836,0.2568338695435717
3,26915,2022-09-18,2022,,ツエーゲン金沢,大分,D,H,0.27825129733918946,0.08350491343764768,0.6382437892231628
3,26916,2022-09-18,2022,,FC琉球,レノファ山口FC,A,A,0.5256168292491441,0.18743342962289467,0.28694974112796123
3,26917,2022-09-18,2022,,大宮,栃木SC,H,D,0.3003089194603511,0.37287335929892473,0.3268177212407241
3,27193,2022-09-18,2022,,藤枝MYFC,SC相模原,H,H,0.2183851427870082,0.2934938527124272,0.4881210045005647
3,27194,2022-09-18,2022,,松本山雅FC,ガイナーレ鳥取,H,H,0.2047303896360314,0.331829337680938,0.4634402726830305
3,27196,2022-09-18,2022,,FC今治,いわきFC,H,H,0.21839691195282185,0.3707081117114004,0.4108949763357778
3,27197,2022-09-18,2022,,AC長野パルセイロ,福島ユナイテッドFC,A,H,0.25704404562602606,0.31758526109892515,0.4253706932750488
3,27590,2022-09-18,2022,,FC東京,京都,H,A,0.3887609452352836,0.2905672906977026,0.3206717640670139
3,27591,2022-09-18,2022,,横浜FM,札幌,D,D,0.17549450980432535,0.5059795893110289,0.3185259008846457
3,27595,2022-09-18,2022,,神戸,G大阪,H,H,0.21834072863892762,0.2838333036263481,0.4978259677347242
3,27198,2022-09-19,2022,,鹿児島ユナイテッドFC,ギラヴァンツ北九州,H,H,0.20979631271126695,0.2805861241847525,0.5096175631039805
3,26918,2022-09-20,2022,,熊本,いわてグルージャ盛岡,H,H,0.2629192419450403,0.1588828454501389,0.5781979126048208
3,26843,2022-09-21,2022,,水戸,東京V,A,H,0.19219050782499697,0.12644959934464164,0.6813598928303615
3,26871,2022-09-21,2022,,V・ファーレン長崎,栃木SC,D,H,0.3607130405144839,0.1504153374002985,0.4888716220852176
3,27145,2022-09-21,2022,,アスルクラロ沼津,藤枝MYFC,D,A,0.45333814862680694,0.3944362104237048,0.15222564094948832
3,26919,2022-09-24,2022,,ザスパクサツ群馬,レノファ山口FC,A,H,0.2628999214271117,0.2251019658926834,0.511998112680205
3,26920,2022-09-24,2022,,東京V,山形,H,A,0.569738479888016,0.187898626883859,0.24236289322812504
3,26921,2022-09-24,2022,,V・ファーレン長崎,横浜FC,A,A,0.5450860769976107,0.29311124919128395,0.1618026738111054
3,26929,2022-09-24,2022,,大分,甲府,H,H,0.14607092386530013,0.22938890903515732,0.6245401670995425
3,27199,2022-09-24,2022,,ガイナーレ鳥取,鹿児島ユナイテッドFC,H,A,0.5128985865882024,0.26314486600186204,0.22395654740993548
3,27200,2022-09-24,2022,,愛媛FC,藤枝MYFC,A,A,0.4584898338712576,0.17083589420984452,0.37067427191889796
3,26922,2022-09-25,2022,,秋田,町田,H,A,0.5948716636673146,0.1838003557468794,0.22132798058580602
3,26923,2022-09-25,2022,,千葉,熊本,A,H,0.2884447223546669,0.19639152499040793,0.5151637526549252
3,26924,2022-09-25,2022,,新潟,大宮,H,H,0.39391202562892524,0.20689344528833503,0.3991945290827397
3,26925,2022-09-25,2022,,岡山,仙台,H,A,0.4046273973273244,0.36518210124983147,0.23019050142284408
3,26926,2022-09-25,2022,,いわてグルージャ盛岡,ツエーゲン金沢,A,A,0.4471225722057738,0.27537028350502357,0.2775071442892027
3,26927,2022-09-25,2022,,栃木SC,FC琉球,D,A,0.4420825312399144,0.2939765655757692,0.26394090318431634
3,26928,2022-09-25,2022,,徳島,水戸,D,D,0.28642086810256856,0.41010258610747286,0.30347654578995864
3,27201,2022-09-25,2022,,福島ユナイテッドFC,ギラヴァンツ北九州,H,H,0.16668794007795057,0.30425114509623435,0.5290609148258151
3,27202,2022-09-25,2022,,いわきFC,FC岐阜,H,H,0.14240876300567878,0.4200408443530274,0.4375503926412938
3,27203,2022-09-25,2022,,SC相模原,ヴァンラーレ八戸,A,A,0.514453601566685,0.40657914403105483,0.07896725440226024
3,27204,2022-09-25,2022,,カマタマーレ讃岐,富山,A,A,0.5129137776308083,0.15954303835530761,0.3275431840138842
3,27205,2022-09-25,2022,,テゲバジャーロ宮崎,FC今治,A,H,0.09831172088965878,0.4087513201282806,0.4929369589820607
3,27206,2022-09-25,2022,,松本山雅FC,Y.S.C.C.横浜,A,H,0.17352061860769094,0.3214306960948033,0.5050486852975058
3,27207,2022-09-25,2022,,AC長野パルセイロ,アスルクラロ沼津,H,D,0.2133317997050791,0.48101690130496316,0.3056512989899578
4,26930,2022-10-01,2022,,山形,新潟,D,H,0.20167090526844,0.16315646261229982,0.6351726321192601
4,26931,2022-10-01,2022,,ザスパクサツ群馬,大宮,H,A,0.7363373117890988,0.1382190828553884,0.1254436053555128
4,26932,2022-10-01,2022,,甲府,栃木SC,A,D,0.36646548876876545,0.39374352485956693,0.23979098637166757
4,26933,2022-10-01,2022,,徳島,町田,H,H,0.23358814852078935,0.24995724279439302,0.5164546086848176
4,26934,2022-10-01,2022,,FC琉球,横浜FC,A,D,0.3430802599302167,0.35255652133213955,0.3043632187376437
4,26935,2022-10-01,2022,,大分,V・ファーレン長崎,H,H,0.41104806724818427,0.1747064112448801,0.4142455215069356
4,27208,2022-10-01,2022,,藤枝MYFC,Y.S.C.C.横浜,H,H,0.21510256073769082,0.23828185504231245,0.5466155842199967
4,27216,2022-10-01,2022,,鹿児島ユナイテッドFC,AC長野パルセイロ,H,A,0.5639201723442206,0.1450336771619691,0.2910461504938102
4,27598,2022-10-01,2022,,札幌,川崎F,H,D,0.285228116637434,0.38238824418627726,0.3323836391762888
4,27599,2022-10-01,2022,,鹿島,FC東京,A,A,0.6047807426908549,0.09746244245429371,0.29775681485485145
4,27601,2022-10-01,2022,,名古屋,横浜FM,A,D,0.3093944451345168,0.44112924590537134,0.24947630896011194
4,27602,2022-10-01,2022,,G大阪,柏,D,A,0.42580781388452654,0.32507162000425127,0.24912056611122224
4,27603,2022-10-01,2022,,C大阪,湘南,D,A,0.4875875150412231,0.1717563933122583,0.3406560916465185
4,27604,2022-10-01,2022,,広島,浦和,H,D,0.20147755753109142,0.46200922242943215,0.3365132200394765
4,27605,2022-10-01,2022,,福岡,神戸,A,A,0.5223319379088911,0.28196028565369313,0.19570777643741563
4,27606,2022-10-01,2022,,鳥栖,京都,A,A,0.6279082446414563,0.2587516377883845,0.11334011757015931
4,26936,2022-10-02,2022,,熊本,秋田,A,A,0.5364475925245483,0.24529281714925577,0.21825959032619588
4,26937,2022-10-02,2022,,仙台,東京V,A,D,0.3311383554886474,0.4789665620049749,0.18989508250637763
4,26938,2022-10-02,2022,,水戸,千葉,A,A,0.5986416430738413,0.2798290687492572,0.12152928817690156
4,26939,2022-10-02,2022,,ツエーゲン金沢,岡山,H,A,0.4138262817750977,0.26652228517009036,0.31965143305481203
4,26940,2022-10-02,2022,,レノファ山口FC,いわてグルージャ盛岡,D,H,0.13301313765909664,0.32057496498767263,0.5464118973532307
4,27209,2022-10-02,2022,,ヴァンラーレ八戸,愛媛FC,H,A,0.4583992052505478,0.13498536467471683,0.40661543007473533
4,27210,2022-10-02,2022,,いわきFC,カマタマーレ讃岐,H,H,0.2238379449735009,0.20336010694840806,0.572801948078091
4,27211,2022-10-02,2022,,アスルクラロ沼津,松本山雅FC,D,D,0.1930270540549674,0.5226122728334563,0.2843606731115763
4,27212,2022-10-02,2022,,FC今治,ガイナーレ鳥取,H,H,0.3054743264116174,0.3400105645568629,0.35451510903151967
4,27213,2022-10-02,2022,,富山,SC相模原,H,D,0.19560312061392576,0.4257480717694753,0.37864880761659897
4,27214,2022-10-02,2022,,FC岐阜,福島ユナイテッドFC,D,D,0.255402004257338,0.4940804457408863,0.2505175500017758
4,27215,2022-10-02,2022,,ギラヴァンツ北九州,テゲバジャーロ宮崎,H,A,0.6125577173789358,0.16597607802092612,0.2214662046001381
4,26868,2022-10-05,2022,,大宮,山形,D,A,0.5596917050230177,0.2705033126184459,0.16980498235853647
4,26941,2022-10-08,2022,,熊本,ザスパクサツ群馬,H,H,0.24643814375778653,0.18017749061469623,0.5733843656275173
4,26942,2022-10-08,2022,,秋田,千葉,H,H,0.2926967787861398,0.2572961707510996,0.4500070504627607
4,26943,2022-10-08,2022,,新潟,仙台,H,D,0.28354049566564093,0.40373078001965124,0.31272872431470783
4,26944,2022-10-08,2022,,V・ファーレン長崎,徳島,A,A,0.4879476888564611,0.21906750352106735,0.2929848076224715
4,26945,2022-10-08,2022,,いわてグルージャ盛岡,東京V,A,H,0.3532800269400489,0.11011737983108863,0.5366025932288625
4,27217,2022-10-08,2022,,Y.S.C.C.横浜,鹿児島ユナイテッドFC,A,A,0.4920855615943926,0.3085619313771103,0.19935250702849722
4,27218,2022-10-08,2022,,SC相模原,FC今治,A,H,0.27244353467134547,0.2399121444446329,0.4876443208840217
4,27219,2022-10-08,2022,,愛媛FC,AC長野パルセイロ,D,H,0.2916829177362198,0.3145223355602114,0.3937947467035687
4,27607,2022-10-08,2022,,札幌,福岡,A,H,0.12642278137320473,0.1628132069843735,0.7107640116424219
4,27608,2022-10-08,2022,,浦和,鳥栖,H,H,0.22117197629366822,0.3766830328725229,0.4021449908338089
4,27609,2022-10-08,2022,,柏,C大阪,D,H,0.2863313391401721,0.2756419828690511,0.4380266779907768
4,27610,2022-10-08,2022,,FC東京,湘南,A,A,0.4916484349426575,0.23723835404027221,0.27111321101707037
4,27611,2022-10-08,2022,,川崎F,清水,H,H,0.30696466915846343,0.2614790941880449,0.43155623665349174
4,27612,2022-10-08,2022,,横浜FM,G大阪,A,H,0.2116231944279402,0.30436241520520085,0.48401439036685895
4,27613,2022-10-08,2022,,磐田,鹿島,D,A,0.49313822583918243,0.3148348866912114,0.1920268874696061
4,27614,2022-10-08,2022,,京都,名古屋,D,D,0.26374837210111646,0.38395804981440385,0.3522935780844797
4,27615,2022-10-08,2022,,神戸,広島,H,D,0.17899323579331064,0.5031715643563229,0.3178351998503664
4,26946,2022-10-09,2022,,大宮,レノファ山口FC,H,A,0.3944442462281274,0.21148631528181833,0.3940694384900542
4,26947,2022-10-09,2022,,山形,水戸,D,D,0.18759892354154994,0.46263399008777484,0.34976708637067516
4,26948,2022-10-09,2022,,町田,栃木SC,A,D,0.2123561978589315,0.5824502505605695,0.205193551580499
4,26949,2022-10-09,2022,,横浜FC,大分,A,A,0.5676608448175212,0.1388450979640558,0.2934940572184231
4,26950,2022-10-09,2022,,甲府,岡山,A,H,0.1390577916510189,0.19167277862146415,0.6692694297275169
4,26951,2022-10-09,2022,,ツエーゲン金沢,FC琉球,A,D,0.3538943382080727,0.3951257864707711,0.25097987532115623
4,27220,2022-10-09,2022,,ガイナーレ鳥取,いわきFC,A,A,0.42253827173143,0.27070386010060005,0.30675786816796985
4,27221,2022-10-09,2022,,テゲバジャーロ宮崎,福島ユナイテッドFC,H,H,0.22700246567849794,0.18712554390277775,0.5858719904187243
4,27222,2022-10-09,2022,,藤枝MYFC,松本山雅FC,H,A,0.5122841751731058,0.3335787960942304,0.15413702873266377
4,27223,2022-10-09,2022,,FC岐阜,富山,A,A,0.3768897561088862,0.2854266411914924,0.3376836026996215
4,27224,2022-10-09,2022,,カマタマーレ讃岐,アスルクラロ沼津,D,A,0.39817905570774764,0.32726814648049596,0.2745527978117564
4,27225,2022-10-09,2022,,ギラヴァンツ北九州,ヴァンラーレ八戸,H,A,0.44486610303497504,0.16837662850052793,0.38675726846449693
4,27546,2022-10-12,2022,,FC東京,C大阪,H,H,0.40568499373420513,0.15703501576010923,0.4372799905056856
4,27547,2022-10-12,2022,,川崎F,京都,H,H,0.2432592450830918,0.2562921787830602,0.500448576133848
4,27567,2022-10-12,2022,,浦和,札幌,D,A,0.6185972731805023,0.19891142112840052,0.18249130569109726
4,27569,2022-10-12,2022,,横浜FM,磐田,A,H,0.3645542199189485,0.19569341154141626,0.4397523685396353
4,27570,2022-10-12,2022,,神戸,湘南,H,D,0.23506898344085586,0.41746720943876714,0.34746380712037706
4,26952,2022-10-15,2022,,V・ファーレン長崎,レノファ山口FC,A,H,0.35725587647804063,0.16605241934597822,0.4766917041759812
4,26953,2022-10-15,2022,,東京V,新潟,H,A,0.5179517722294069,0.23622279393815804,0.245825433832435
4,27226,2022-10-15,2022,,Y.S.C.C.横浜,FC今治,H,A,0.6658143707556359,0.20602839824201089,0.12815723100235318
4,27227,2022-10-15,2022,,松本山雅FC,FC岐阜,H,H,0.20835234781530818,0.20874022257556676,0.582907429609125
4,26954,2022-10-16,2022,,栃木SC,水戸,A,H,0.23124618784398235,0.18451014116872627,0.5842436709872915
4,26955,2022-10-16,2022,,仙台,熊本,H,A,0.4815867936785205,0.2492943108131847,0.26911889550829476
4,26956,2022-10-16,2022,,千葉,FC琉球,H,H,0.2918449722497955,0.1642900323328861,0.5438649954173184
4,26958,2022-10-16,2022,,横浜FC,ツエーゲン金沢,A,A,0.5467745140189225,0.15505306294284546,0.29817242303823194
4,26959,2022-10-16,2022,,岡山,秋田,A,A,0.614068081200972,0.11303179614787008,0.2729001226511579
4,26960,2022-10-16,2022,,大分,山形,A,A,0.424090087347341,0.30937936502507773,0.2665305476275812
4,26961,2022-10-16,2022,,ザスパクサツ群馬,いわてグルージャ盛岡,H,H,0.3480265530575936,0.21355774945869754,0.4384156974837088
4,26962,2022-10-16,2022,,徳島,大宮,H,H,0.40109017008567555,0.1929411762827926,0.4059686536315319
4,27228,2022-10-16,2022,,福島ユナイテッドFC,カマタマーレ讃岐,A,A,0.37817417206498,0.2913111237651103,0.3305147041699096
4,27229,2022-10-16,2022,,アスルクラロ沼津,いわきFC,A,A,0.596455879101397,0.19991112535786956,0.20363299554073347
4,27230,2022-10-16,2022,,ガイナーレ鳥取,ヴァンラーレ八戸,A,A,0.35688756564143403,0.34522439666016536,0.2978880376984006
4,27231,2022-10-16,2022,,鹿児島ユナイテッドFC,テゲバジャーロ宮崎,A,A,0.4140349893544188,0.22006211685321656,0.36590289379236474
4,27232,2022-10-16,2022,,AC長野パルセイロ,SC相模原,H,H,0.19635815220286407,0.30801598777586314,0.4956258600212728
4,27233,2022-10-16,2022,,富山,藤枝MYFC,A,D,0.18915889692453797,0.42339444274003585,0.3874466603354263
4,27234,2022-10-16,2022,,愛媛FC,ギラヴァンツ北九州,D,A,0.44294369199962785,0.19354420219223786,0.36351210580813437
4,26957,2022-10-19,2022,,町田,甲府,A,D,0.3124856958088217,0.4354140691368053,0.2521002350543731
4,27235,2022-10-22,2022,,藤枝MYFC,テゲバジャーロ宮崎,D,H,0.38683362221157186,0.21247860067523613,0.40068777711319203
4,27600,2022-10-22,2022,,清水,磐田,D,H,0.3135563398483032,0.20729178504503096,0.47915187510666585
4,26963,2022-10-23,2022,,秋田,仙台,D,D,0.30538699835779803,0.4687919314109089,0.22582107023129291
4,26964,2022-10-23,2022,,山形,徳島,H,D,0.169173354836169,0.4778258231023975,0.3530008220614336
4,26965,2022-10-23,2022,,水戸,ザスパクサツ群馬,H,A,0.5203096110597799,0.2833020955301163,0.1963882934101039
4,26966,2022-10-23,2022,,大宮,V・ファーレン長崎,D,H,0.16397251729800572,0.4070585058359907,0.42896897686600366
4,26967,2022-10-23,2022,,東京V,岡山,H,H,0.29898947695721845,0.30251847479607086,0.3984920482467107
4,26968,2022-10-23,2022,,甲府,いわてグルージャ盛岡,H,A,0.5003054979552477,0.32860431423452946,0.17109018781022284
4,26969,2022-10-23,2022,,新潟,町田,H,D,0.3740463283289858,0.48099527971876144,0.14495839195225274
4,26970,2022-10-23,2022,,ツエーゲン金沢,栃木SC,D,H,0.32823951826698383,0.32492506636012036,0.34683541537289586
4,26971,2022-10-23,2022,,レノファ山口FC,千葉,A,D,0.16342402707162115,0.6124950803348707,0.2240808925935082
4,26972,2022-10-23,2022,,熊本,横浜FC,A,H,0.17251568950677607,0.4116005055060692,0.4158838049871547
4,26973,2022-10-23,2022,,FC琉球,大分,H,H,0.2737850085196148,0.2804375883138633,0.445777403166522
4,27236,2022-10-23,2022,,ヴァンラーレ八戸,富山,H,A,0.45694530065303274,0.3742838432425056,0.16877085610446166
4,27237,2022-10-23,2022,,いわきFC,愛媛FC,H,H,0.15621366773432654,0.3358431689194619,0.5079431633462115
4,27238,2022-10-23,2022,,FC今治,松本山雅FC,A,D,0.1918089844224057,0.5135464422215124,0.2946445733560819
4,27239,2022-10-23,2022,,AC長野パルセイロ,Y.S.C.C.横浜,H,H,0.24558094783194653,0.2280939944814954,0.526325057686558
4,27240,2022-10-23,2022,,カマタマーレ讃岐,SC相模原,D,A,0.4606869253170391,0.21035427931672124,0.3289587953662397
4,27241,2022-10-23,2022,,ギラヴァンツ北九州,ガイナーレ鳥取,A,H,0.09587617522342821,0.29945741641375767,0.604666408362814
4,27242,2022-10-23,2022,,FC岐阜,アスルクラロ沼津,H,H,0.3699024862063885,0.11375442368387982,0.5163430901097317
4,27243,2022-10-23,2022,,福島ユナイテッドFC,鹿児島ユナイテッドFC,D,D,0.28146680174833133,0.44556755096353856,0.27296564728813005
4,27195,2022-10-27,2022,,テゲバジャーロ宮崎,愛媛FC,D,D,0.2063166829565357,0.45665830182933803,0.33702501521412626
4,27244,2022-10-29,2022,,Y.S.C.C.横浜,福島ユナイテッドFC,H,H,0.37299229937128914,0.1780416372919129,0.448966063336798
4,27616,2022-10-29,2022,,川崎F,神戸,H,A,0.38320025571308863,0.3181888464766311,0.2986108978102802
4,27617,2022-10-29,2022,,横浜FM,浦和,H,H,0.29310964591381466,0.19669847840587018,0.5101918756803152
4,27618,2022-10-29,2022,,湘南,鳥栖,H,A,0.42661764947825104,0.38639138547759116,0.18699096504415785
4,27619,2022-10-29,2022,,清水,鹿島,A,H,0.1996080116196005,0.19339830979358147,0.6069936785868181
4,27620,2022-10-29,2022,,名古屋,FC東京,H,A,0.5319876569867305,0.1629654345949628,0.3050469084183069
4,27621,2022-10-29,2022,,京都,C大阪,D,H,0.2706992675320767,0.23389447874487734,0.495406253723046
4,27622,2022-10-29,2022,,G大阪,磐田,H,A,0.367178281127254,0.2992464952345022,0.3335752236382439
4,27623,2022-10-29,2022,,広島,札幌,A,H,0.35427233080014087,0.1620747756064216,0.48365289359343755
4,27624,2022-10-29,2022,,福岡,柏,H,A,0.3943471558179628,0.2589435371145322,0.3467093070675049
4,27245,2022-10-30,2022,,アスルクラロ沼津,ヴァンラーレ八戸,A,H,0.20926440370548424,0.33060851746344155,0.4601270788310742
4,27246,2022-10-30,2022,,ガイナーレ鳥取,藤枝MYFC,D,H,0.2558389124528511,0.055396680582226486,0.6887644069649225
4,27247,2022-10-30,2022,,テゲバジャーロ宮崎,いわきFC,H,A,0.3746256565269881,0.34771187871689885,0.2776624647561131
4,27248,2022-10-30,2022,,鹿児島ユナイテッドFC,愛媛FC,A,D,0.39050378671689967,0.41297655028946106,0.1965196629936391
4,27249,2022-10-30,2022,,SC相模原,FC岐阜,D,D,0.2402949933836297,0.5624023118023765,0.19730269481399376
4,27250,2022-10-30,2022,,富山,FC今治,A,A,0.618351670951033,0.2505675325296649,0.13108079651930205
4,27251,2022-10-30,2022,,カマタマーレ讃岐,ギラヴァンツ北九州,D,H,0.25577903988486195,0.17259838592557222,0.5716225741895659
4,27252,2022-10-30,2022,,松本山雅FC,AC長野パルセイロ,H,H,0.2612701240887222,0.22586679961473433,0.5128630762965435
4,27625,2022-11-05,2022,,札幌,清水,H,H,0.25935070202278765,0.242993847458865,0.4976554505183474
4,27626,2022-11-05,2022,,鹿島,G大阪,D,A,0.4846742551159443,0.11104455942909555,0.40428118545496017
4,27627,2022-11-05,2022,,浦和,福岡,D,H,0.26672338492535197,0.30955640300492715,0.4237202120697209
4,27628,2022-11-05,2022,,柏,湘南,A,H,0.1012534298012757,0.20395507144452643,0.6947914987541979
4,27629,2022-11-05,2022,,FC東京,川崎F,A,A,0.3994793842893931,0.3391342546324045,0.2613863610782025
4,27630,2022-11-05,2022,,磐田,京都,D,A,0.43667280053745183,0.21106152006750725,0.352265679395041
4,27631,2022-11-05,2022,,C大阪,名古屋,A,D,0.2577967969815464,0.4813813776195835,0.2608218253988701
4,27632,2022-11-05,2022,,神戸,横浜FM,A,D,0.3994733204648675,0.40222209144566273,0.19830458808946994
4,27633,2022-11-05,2022,,鳥栖,広島,D,A,0.38511065122160276,0.36555408955765006,0.24933525922074717
4,27253,2022-11-06,2022,,ヴァンラーレ八戸,Y.S.C.C.横浜,A,A,0.5364306628210201,0.13702737630717557,0.32654196087180426
4,27254,2022-11-06,2022,,福島ユナイテッドFC,アスルクラロ沼津,H,H,0.3921535610361221,0.1833383102957347,0.4245081286681432
4,27255,2022-11-06,2022,,いわきFC,鹿児島ユナイテッドFC,H,H,0.28544675937730285,0.25380227593794485,0.46075096468475235
4,27256,2022-11-06,2022,,FC今治,藤枝MYFC,H,A,0.4782955007204154,0.2842185201797486,0.23748597909983604
4,27257,2022-11-06,2022,,AC長野パルセイロ,ガイナーレ鳥取,A,H,0.20496176984560516,0.25600228630680044,0.5390359438475943
4,27258,2022-11-06,2022,,富山,松本山雅FC,H,A,0.6116266986393818,0.20321427364544156,0.18515902771517664
4,27259,2022-11-06,2022,,FC岐阜,テゲバジャーロ宮崎,A,H,0.34002932801443136,0.2815123509824835,0.3784583210030852
4,27260,2022-11-06,2022,,ギラヴァンツ北九州,SC相模原,H,A,0.47724371779921226,0.38932386424481896,0.13343241795596864
4,27261,2022-11-06,2022,,愛媛FC,カマタマーレ讃岐,D,A,0.4369343346628985,0.28709113710379447,0.2759745282333071
4,27262,2022-11-12,2022,,Y.S.C.C.横浜,ガイナーレ鳥取,A,D,0.21611382908483137,0.4432942905567397,0.34059188035842897
4,27263,2022-11-12,2022,,愛媛FC,アスルクラロ沼津,D,H,0.23544623214621926,0.2629562375367518,0.5015975303170289
4,27264,2022-11-13,2022,,FC今治,AC長野パルセイロ,D,D,0.2711107629405438,0.4983265322420754,0.23056270481738086
4,27265,2022-11-13,2022,,テゲバジャーロ宮崎,松本山雅FC,H,A,0.4746228338801095,0.36807381399197586,0.15730335212791463
4,27266,2022-11-13,2022,,鹿児島ユナイテッドFC,FC岐阜,H,D,0.12329417262170501,0.5153205238597395,0.3613853035185556
4,27267,2022-11-13,2022,,SC相模原,いわきFC,A,H,0.22570498015259655,0.10613742310827423,0.6681575967391292
4,27268,2022-11-13,2022,,藤枝MYFC,福島ユナイテッドFC,H,A,0.44580893172081415,0.1743310136956417,0.3798600545835442
4,27269,2022-11-13,2022,,カマタマーレ讃岐,ヴァンラーレ八戸,A,A,0.48759875058129454,0.21428367955696673,0.29811756986173876
4,27270,2022-11-13,2022,,ギラヴァンツ北九州,富山,A,H,0.20222847747751185,0.25962160539301626,0.5381499171294719
4,27271,2022-11-20,2022,,ヴァンラーレ八戸,FC今治,H,H,0.36733945278811114,0.20666732208153166,0.42599322513035726
4,27272,2022-11-20,2022,,福島ユナイテッドFC,愛媛FC,A,A,0.6461733343834769,0.17756566685930295,0.17626099875722012
4,27273,2022-11-20,2022,,いわきFC,Y.S.C.C.横浜,D,H,0.1958581696624349,0.4001504326087891,0.40399139772877596
4,27274,2022-11-20,2022,,松本山雅FC,SC相模原,H,A,0.392375660568274,0.27620898359425855,0.33141535583746745
4,27275,2022-11-20,2022,,AC長野パルセイロ,藤枝MYFC,D,H,0.17525540055921107,0.24694636912926948,0.5777982303115194
4,27276,2022-11-20,2022,,富山,鹿児島ユナイテッドFC,A,A,0.5692345609489378,0.10101715990972217,0.3297482791413401
4,27277,2022-11-20,2022,,アスルクラロ沼津,テゲバジャーロ宮崎,A,D,0.35511446688949677,0.4232991319365764,0.22158640117392683
4,27278,2022-11-20,2022,,FC岐阜,ギラヴァンツ北九州,A,H,0.2206150571682083,0.2682988591330561,0.5110860836987356
4,27279,2022-11-20,2022,,ガイナーレ鳥取,カマタマーレ讃岐,H,A,0.5106939777451198,0.19881845310447072,0.29048756915040935
5,28163,2023-02-17,2023,,川崎F,横浜FM,A,A,0.4550108074492856,0.3649285495700451,0.1800606429806693
5,28164,2023-02-18,2023,,FC東京,浦和,H,D,0.3095877643163969,0.5772829165912239,0.11312931909237911
5,28165,2023-02-18,2023,,横浜FC,名古屋,A,D,0.33397530983805385,0.3584663849775514,0.3075583051843948
5,28166,2023-02-18,2023,,京都,鹿島,A,D,0.11786126117338194,0.648207558829303,0.233931179997315
5,28167,2023-02-18,2023,,C大阪,新潟,D,A,0.4201421577419981,0.17486430542665524,0.4049935368313466
5,28168,2023-02-18,2023,,神戸,福岡,H,A,0.43975910764991155,0.12464629738139239,0.43559459496869596
5,28169,2023-02-18,2023,,広島,札幌,D,D,0.22820992198915682,0.4765294073401389,0.2952606706707043
5,28170,2023-02-18,2023,,柏,G大阪,D,D,0.34633983913295646,0.5117551135167464,0.14190504735029716
5,28171,2023-02-18,2023,,鳥栖,湘南,A,D,0.12104750795666647,0.8379972467141235,0.040955245329210105
5,28469,2023-02-18,2023,,甲府,山形,A,H,0.2142699023170132,0.28489255193428936,0.5008375457486974
5,28470,2023-02-18,2023,,いわきFC,藤枝MYFC,A,D,0.21071997964827963,0.4480647504509606,0.3412152699007598
5,28471,2023-02-18,2023,,ザスパクサツ群馬,秋田,D,D,0.2607409938647185,0.5881328653533152,0.15112614078196632
5,28472,2023-02-18,2023,,清水,水戸,D,D,0.30711641926431255,0.5400842098710804,0.15279937086460704
5,28473,2023-02-18,2023,,磐田,岡山,A,D,0.09385527559294536,0.6483907280079351,0.25775399639911967
5,28474,2023-02-18,2023,,レノファ山口FC,大宮,H,A,0.36399415590960715,0.28251566421069385,0.35349017987969905
5,28475,2023-02-18,2023,,V・ファーレン長崎,千葉,A,D,0.23784503597328177,0.6350879588173439,0.12706700520937428
5,28476,2023-02-19,2023,,東京V,ツエーゲン金沢,H,H,0.2125924050168991,0.2362195801170711,0.5511880148660299
5,28477,2023-02-19,2023,,町田,仙台,D,H,0.11293435894181866,0.15712710743925537,0.7299385336189259
5,28478,2023-02-19,2023,,徳島,大分,A,D,0.13759636556608382,0.813259688343327,0.04914394609058927
5,28479,2023-02-19,2023,,栃木SC,熊本,D,D,0.11824092144060235,0.6294813406129213,0.2522777379464763
5,28172,2023-02-24,2023,,湘南,横浜FC,D,A,0.42251238158158394,0.3280127416387228,0.24947487677969327
5,28173,2023-02-25,2023,,横浜FM,浦和,H,H,0.1435701200228715,0.1621975222717331,0.6942323577053954
5,28174,2023-02-25,2023,,札幌,神戸,A,D,0.23976716829589848,0.4950552513872528,0.26517758031684874
5,28175,2023-02-25,2023,,G大阪,鳥栖,D,D,0.2823447876072552,0.45027933307576856,0.2673758793169762
5,28176,2023-02-25,2023,,福岡,C大阪,H,A,0.4249382347482347,0.281619155383775,0.29344260986799026
5,28177,2023-02-25,2023,,鹿島,川崎F,A,A,0.42949657044004497,0.25775492497130903,0.31274850458864606
5,28178,2023-02-25,2023,,名古屋,京都,H,D,0.3045066384543919,0.3982444627987256,0.2972488987468825
5,28480,2023-02-25,2023,,甲府,徳島,D,D,0.14759781460260962,0.44542634895673666,0.40697583644065366
5,28481,2023-02-25,2023,,大宮,ツエーゲン金沢,H,H,0.24392033119088788,0.20231524652361657,0.5537644222854956
5,28482,2023-02-25,2023,,千葉,山形,A,A,0.41397901924561803,0.30023455306896674,0.2857864276854151
5,28483,2023-02-25,2023,,藤枝MYFC,V・ファーレン長崎,H,D,0.31949554865923374,0.363332760643587,0.31717169069717926
5,28179,2023-02-26,2023,,広島,新潟,A,A,0.48222479885045627,0.14477006723955868,0.37300513390998496
5,28180,2023-02-26,2023,,柏,FC東京,D,H,0.3414613849329102,0.20175585080471503,0.4567827642623748
5,28484,2023-02-26,2023,,岡山,清水,D,A,0.4698023039880112,0.22096484273284808,0.3092328532791408
5,28485,2023-02-26,2023,,熊本,秋田,A,A,0.4309525039328774,0.22544962352201367,0.34359787254510893
5,28486,2023-02-26,2023,,仙台,栃木SC,H,H,0.2769995524776971,0.3262357222318526,0.39676472529045037
5,28487,2023-02-26,2023,,レノファ山口FC,磐田,D,H,0.15190692553314492,0.2999538015770197,0.5481392728898354
5,28488,2023-02-26,2023,,町田,ザスパクサツ群馬,H,H,0.2501592740160969,0.23947923491924075,0.5103614910646624
5,28489,2023-02-26,2023,,水戸,いわきFC,D,D,0.1427512210324328,0.6390656018216212,0.2181831771459461
5,28490,2023-02-26,2023,,大分,東京V,H,H,0.27473429985043635,0.264775958839823,0.46048974130974063
5,28181,2023-03-03,2023,,横浜FM,広島,D,H,0.07739761671476719,0.11251075445355657,0.8100916288316762
5,28182,2023-03-04,2023,,川崎F,湘南,D,D,0.3006453432017041,0.3643219722093517,0.33503268458894425
5,28183,2023-03-04,2023,,新潟,札幌,D,D,0.19307744470780022,0.47529859765566795,0.33162395763653196
5,28184,2023-03-04,2023,,京都,FC東京,H,A,0.5518049259257015,0.2724521361786,0.1757429378956986
5,28185,2023-03-04,2023,,浦和,C大阪,H,D,0.3207603469495908,0.3417852597054372,0.3374543933449719
5,28186,2023-03-04,2023,,福岡,柏,H,D,0.34662035607657055,0.3735918003904767,0.2797878435329527
5,28187,2023-03-04,2023,,鳥栖,名古屋,H,H,0.21954267886423,0.3440002631868805,0.4364570579488895
5,28188,2023-03-04,2023,,横浜FC,鹿島,A,D,0.3310570980035463,0.4528928751105542,0.2160500268858995
5,28189,2023-03-04,2023,,神戸,G大阪,H,A,0.44917847671115213,0.2725577222595914,0.27826380102925646
5,28491,2023-03-04,2023,,磐田,山形,H,A,0.3854332527220412,0.31225831463069137,0.3023084326472674
5,28492,2023-03-04,2023,,藤枝MYFC,秋田,A,D,0.3006542193787591,0.35212704205609946,0.34721873856514157
5,28493,2023-03-04,2023,,徳島,仙台,D,H,0.21943074940367446,0.24041176045999288,0.5401574901363327
5,28494,2023-03-04,2023,,V・ファーレン長崎,清水,D,D,0.2233866924775979,0.6000566570617772,0.17655665046062477
5,28931,2023-03-04,2023,,SC相模原,ガイナーレ鳥取,A,H,0.317380079875648,0.17647820338209308,0.506141716742259
5,28932,2023-03-04,2023,,鹿児島ユナイテッドFC,FC大阪,H,D,0.1867705235180209,0.6602809021495447,0.15294857433243453
5,28933,2023-03-04,2023,,FC琉球,ヴァンラーレ八戸,H,A,0.3536914335517419,0.3030024488089958,0.3433061176392624
5,28495,2023-03-05,2023,,いわきFC,レノファ山口FC,A,A,0.41795005740123936,0.20977468855658105,0.37227525404217965
5,28496,2023-03-05,2023,,熊本,大宮,H,A,0.35752968051526207,0.3250615265144784,0.31740879297025953
5,28497,2023-03-05,2023,,千葉,ザスパクサツ群馬,D,H,0.1868469966916606,0.17857375093571784,0.6345792523726217
5,28498,2023-03-05,2023,,東京V,甲府,D,D,0.25667487884228735,0.6261825119003099,0.11714260925740269
5,28499,2023-03-05,2023,,ツエーゲン金沢,町田,A,H,0.20147425804099153,0.3851985220695281,0.4133272198894804
5,28500,2023-03-05,2023,,大分,栃木SC,H,D,0.19745273148439407,0.5372699605711488,0.2652773079444571
5,28501,2023-03-05,2023,,水戸,岡山,D,D,0.3480773580402015,0.4976100964969633,0.15431254546283507
5,28934,2023-03-05,2023,,Y.S.C.C.横浜,富山,A,H,0.4302246765311685,0.10998226849329991,0.4597930549755317
5,28935,2023-03-05,2023,,奈良クラブ,松本山雅FC,A,H,0.15486472119266773,0.3107063257675666,0.5344289530397657
5,28936,2023-03-05,2023,,FC今治,福島ユナイテッドFC,H,A,0.4972138762216802,0.3072427941320824,0.19554332964623747
5,28937,2023-03-05,2023,,テゲバジャーロ宮崎,AC長野パルセイロ,A,H,0.3462198602422641,0.2758750890031991,0.3779050507545369
5,28938,2023-03-05,2023,,カマタマーレ讃岐,アスルクラロ沼津,H,D,0.2739250721312479,0.5263379704267362,0.19973695744201583
5,28939,2023-03-05,2023,,ギラヴァンツ北九州,FC岐阜,D,D,0.2062152374192259,0.4310210022935152,0.36276376028725893
5,28940,2023-03-05,2023,,愛媛FC,いわてグルージャ盛岡,A,A,0.35980267685490547,0.3381399226071966,0.3020574005378979
5,28190,2023-03-11,2023,,新潟,川崎F,H,D,0.2412682417826923,0.45268536289729816,0.30604639532000966
5,28191,2023-03-11,2023,,神戸,浦和,A,A,0.4745420992921171,0.13104033682664093,0.394417563881242
5,28502,2023-03-11,2023,,甲府,藤枝MYFC,H,A,0.37798494132403676,0.36659746888441547,0.25541758979154777
5,28503,2023-03-11,2023,,大宮,磐田,H,A,0.553443481587333,0.15471722450687758,0.29183929390578944
5,28504,2023-03-11,2023,,レノファ山口FC,熊本,A,H,0.21059048081252282,0.31642373297654736,0.47298578621092985
5,28941,2023-03-11,2023,,Y.S.C.C.横浜,ガイナーレ鳥取,A,D,0.10691807485149205,0.4867020484971779,0.4063798766513301
5,28942,2023-03-11,2023,,鹿児島ユナイテッドFC,FC今治,D,H,0.17123532867399205,0.3036885060561697,0.5250761652698382
5,28943,2023-03-11,2023,,FC琉球,いわてグルージャ盛岡,H,A,0.44871193989447034,0.13012868958559567,0.42115937051993396
5,28192,2023-03-12,2023,,C大阪,鳥栖,H,H,0.33016014174057895,0.2443712876439651,0.4254685706154559
5,28193,2023-03-12,2023,,札幌,横浜FM,H,D,0.3118041956769322,0.3764479180883163,0.3117478862347517
5,28194,2023-03-12,2023,,鹿島,福岡,D,A,0.5487506931498217,0.13636920332426447,0.3148801035259138
5,28195,2023-03-12,2023,,柏,名古屋,A,A,0.4077017399812192,0.31525401138664416,0.27704424863213656
5,28196,2023-03-12,2023,,FC東京,横浜FC,H,H,0.16100545272481717,0.3614179375418118,0.47757660973337096
5,28197,2023-03-12,2023,,湘南,京都,A,H,0.2726261123640326,0.32058569483610977,0.4067881927998576
5,28198,2023-03-12,2023,,G大阪,広島,A,A,0.5998687420653003,0.2532399315537166,0.14689132638098307
5,28505,2023-03-12,2023,,仙台,いわきFC,A,A,0.5503050179262032,0.22687652996747104,0.22281845210632567
5,28506,2023-03-12,2023,,秋田,千葉,H,H,0.2187625891997909,0.30603762667752166,0.47519978412268743
5,28507,2023-03-12,2023,,栃木SC,V・ファーレン長崎,D,H,0.23744931562706664,0.22434309787853268,0.5382075864944007
5,28508,2023-03-12,2023,,町田,水戸,H,H,0.26422128042472615,0.20958275394953807,0.5261959656257358
5,28509,2023-03-12,2023,,清水,大分,D,A,0.42256650073791374,0.3105234355629042,0.2669100636991822
5,28510,2023-03-12,2023,,岡山,ツエーゲン金沢,H,H,0.30781717979685247,0.2883162428810769,0.4038665773220707
5,28511,2023-03-12,2023,,徳島,東京V,A,A,0.3925517455289851,0.3082165693055815,0.29923168516543336
5,28512,2023-03-12,2023,,ザスパクサツ群馬,山形,H,H,0.21231661653785464,0.15292666533233704,0.6347567181298083
5,28944,2023-03-12,2023,,奈良クラブ,ヴァンラーレ八戸,D,D,0.31130687643543203,0.3459568337762778,0.34273628978829024
5,28945,2023-03-12,2023,,テゲバジャーロ宮崎,FC大阪,A,D,0.2127037265305579,0.5331819958743866,0.2541142775950555
5,28946,2023-03-12,2023,,アスルクラロ沼津,富山,H,H,0.17297597806136825,0.13702890159478204,0.6899951203438497
5,28947,2023-03-12,2023,,FC岐阜,松本山雅FC,D,D,0.2899916489069971,0.5384391297857712,0.17156922130723168
5,28948,2023-03-12,2023,,ギラヴァンツ北九州,カマタマーレ讃岐,H,H,0.19524790872582287,0.15867111689180113,0.646080974382376
5,28949,2023-03-12,2023,,SC相模原,福島ユナイテッドFC,H,D,0.2790989969894018,0.4418821824837514,0.27901882052684684
5,28950,2023-03-12,2023,,愛媛FC,AC長野パルセイロ,D,D,0.3337912272940609,0.380989991041847,0.28521878166409215
5,28199,2023-03-18,2023,,横浜FM,鹿島,H,H,0.19721543921956544,0.1947923615115972,0.6079921992688374
5,28200,2023-03-18,2023,,横浜FC,京都,A,A,0.38437996085006293,0.33661123987941194,0.2790087992705252
5,28201,2023-03-18,2023,,名古屋,FC東京,D,H,0.26492275857246234,0.251172813431542,0.48390442799599576
5,28202,2023-03-18,2023,,浦和,新潟,H,H,0.31023458488179184,0.336178883052121,0.3535865320660871
5,28203,2023-03-18,2023,,G大阪,札幌,D,D,0.30935771934698014,0.39441717429832107,0.29622510635469873
5,28204,2023-03-18,2023,,鳥栖,神戸,A,A,0.46295072049508035,0.34212142170003623,0.19492785780488348
5,28205,2023-03-18,2023,,川崎F,C大阪,D,H,0.3284272262625938,0.3255524190525617,0.34602035468484454
5,28513,2023-03-18,2023,,磐田,清水,D,A,0.46799065037363574,0.1749008446330197,0.3571085049933445
5,28951,2023-03-18,2023,,アスルクラロ沼津,ヴァンラーレ八戸,A,H,0.32945685506874145,0.22923189893413626,0.4413112459971223
5,28952,2023-03-18,2023,,FC大阪,いわてグルージャ盛岡,A,A,0.406057938551137,0.2540755252819785,0.33986653616688456
5,28953,2023-03-18,2023,,FC岐阜,鹿児島ユナイテッドFC,H,H,0.3194890716984852,0.3268155387903469,0.3536953895111678
5,28206,2023-03-19,2023,,広島,柏,H,H,0.3539129571104445,0.12864881776841489,0.5174382251211407
5,28207,2023-03-19,2023,,福岡,湘南,H,D,0.26531032899439594,0.4876461820373488,0.2470434889682554
5,28514,2023-03-19,2023,,秋田,水戸,D,A,0.4461578778764515,0.277320014426427,0.27652210769712143
5,28515,2023-03-19,2023,,山形,町田,A,A,0.5658195942763748,0.19947525395974972,0.23470515176387538
5,28516,2023-03-19,2023,,いわきFC,徳島,H,H,0.1639452223631857,0.3472587704932056,0.48879600714360877
5,28517,2023-03-19,2023,,栃木SC,大宮,H,A,0.5371122864400933,0.13508351030030502,0.32780420325960175
5,28518,2023-03-19,2023,,ザスパクサツ群馬,仙台,A,H,0.3300644391627019,0.20379649020140347,0.4661390706358946
5,28519,2023-03-19,2023,,ツエーゲン金沢,レノファ山口FC,H,A,0.43422859860887725,0.2811945498091943,0.2845768515819284
5,28520,2023-03-19,2023,,藤枝MYFC,東京V,A,D,0.36493475273319265,0.4510598724288011,0.1840053748380063
5,28521,2023-03-19,2023,,岡山,甲府,A,H,0.18703833310263063,0.20295212598033427,0.6100095409170352
5,28522,2023-03-19,2023,,熊本,V・ファーレン長崎,A,H,0.30527312462212003,0.24949305629657073,0.4452338190813092
5,28523,2023-03-19,2023,,大分,千葉,H,H,0.3142497297890391,0.2385475541417023,0.4472027160692586
5,28954,2023-03-19,2023,,福島ユナイテッドFC,テゲバジャーロ宮崎,A,D,0.27011688881638385,0.5590561710584094,0.17082694012520666
5,28955,2023-03-19,2023,,Y.S.C.C.横浜,松本山雅FC,A,H,0.3962552230938989,0.1743488087078894,0.42939596819821174
5,28956,2023-03-19,2023,,ガイナーレ鳥取,愛媛FC,A,A,0.6371902346785611,0.0687827009825401,0.2940270643388989
5,28957,2023-03-19,2023,,FC今治,FC琉球,D,A,0.45609306638080943,0.23821240992894757,0.305694523690243
5,28958,2023-03-19,2023,,AC長野パルセイロ,奈良クラブ,A,A,0.5233745648828031,0.17339449714544533,0.3032309379717516
5,28959,2023-03-19,2023,,富山,ギラヴァンツ北九州,H,A,0.4775735794966876,0.11699456154364093,0.4054318589596715
5,28960,2023-03-19,2023,,カマタマーレ讃岐,SC相模原,H,D,0.11626144060195995,0.6312464056400179,0.2524921537580222
5,28524,2023-03-25,2023,,仙台,ツエーゲン金沢,A,A,0.710129035799889,0.04900125804436571,0.24086970615574535
5,28525,2023-03-25,2023,,大宮,大分,H,A,0.38260384675974707,0.26418598946849803,0.353210163771755
5,28526,2023-03-25,2023,,千葉,岡山,D,A,0.3397588981800413,0.3349259874617393,0.3253151143582194
5,28527,2023-03-25,2023,,徳島,秋田,D,A,0.45488145083416653,0.2778832225659483,0.2672353265998852
5,28528,2023-03-25,2023,,V・ファーレン長崎,山形,H,A,0.5713370519946874,0.2109357983368104,0.21772714966850218
5,28529,2023-03-25,2023,,東京V,熊本,H,H,0.3419968749867058,0.11095547430760294,0.5470476507056913
5,28961,2023-03-25,2023,,いわてグルージャ盛岡,アスルクラロ沼津,D,H,0.39474465417673094,0.17335359405184844,0.43190175177142065
5,28530,2023-03-26,2023,,いわきFC,町田,A,H,0.3091412643194403,0.29284930838013695,0.39800942730042277
5,28531,2023-03-26,2023,,レノファ山口FC,藤枝MYFC,A,H,0.30177790042450564,0.22127687536536664,0.4769452242101277
5,28532,2023-03-26,2023,,水戸,甲府,A,D,0.22324038899621193,0.4339740930391415,0.3427855179646466
5,28962,2023-03-26,2023,,奈良クラブ,Y.S.C.C.横浜,D,H,0.22144955452867837,0.2816706959361639,0.49687974953515773
5,28963,2023-03-26,2023,,ガイナーレ鳥取,カマタマーレ讃岐,D,A,0.6230263094766902,0.11522473193616632,0.2617489585871435
5,28964,2023-03-26,2023,,鹿児島ユナイテッドFC,SC相模原,H,H,0.2535382187286294,0.13343860486411713,0.6130231764072535
5,28965,2023-03-26,2023,,ヴァンラーレ八戸,FC岐阜,H,D,0.32690293960003275,0.35987478089483765,0.31322227950512954
5,28966,2023-03-26,2023,,松本山雅FC,テゲバジャーロ宮崎,D,A,0.4823079356933225,0.38272361635287616,0.1349684479538014
5,28967,2023-03-26,2023,,富山,AC長野パルセイロ,D,H,0.25706264839800563,0.24141038972672757,0.5015269618752668
5,28968,2023-03-26,2023,,ギラヴァンツ北九州,FC今治,A,H,0.23532619487567227,0.1776597512294948,0.587014053894833
5,28969,2023-03-26,2023,,愛媛FC,FC大阪,H,H,0.3884594348661828,0.21924522095161933,0.39229534418219786
5,28970,2023-03-26,2023,,FC琉球,福島ユナイテッドFC,A,H,0.400813506178045,0.18685352259393723,0.41233297122801776
5,28533,2023-03-29,2023,,清水,ザスパクサツ群馬,A,A,0.476837318319406,0.11491112253787071,0.4082515591427232
5,28534,2023-03-29,2023,,磐田,栃木SC,H,H,0.24068912416987506,0.2884698799057226,0.4708409959244024
6,28208,2023-03-31,2023,,柏,浦和,A,A,0.5948838296043617,0.25107622031108046,0.15403995008455784
6,28209,2023-04-01,2023,,横浜FC,福岡,D,D,0.28157769549979783,0.38575525545727796,0.33266704904292427
6,28210,2023-04-01,2023,,新潟,名古屋,A,H,0.24719863507858353,0.33475071606214,0.4180506488592765
6,28211,2023-04-01,2023,,京都,神戸,A,H,0.3468526007395325,0.10126214280548756,0.5518852564549799
6,28212,2023-04-01,2023,,鹿島,広島,A,H,0.31925151283847913,0.30229270278026427,0.37845578438125654
6,28213,2023-04-01,2023,,湘南,G大阪,H,H,0.1184416037349414,0.06717910988731123,0.8143792863777474
6,28214,2023-04-01,2023,,鳥栖,FC東京,H,H,0.2596667545513626,0.28842853545807134,0.45190470999056603
6,28215,2023-04-01,2023,,C大阪,横浜FM,H,A,0.49969162305001535,0.1895174898165243,0.3107908871334603
6,28216,2023-04-01,2023,,札幌,川崎F,A,H,0.312634080448941,0.24869754361220978,0.4386683759388493
6,28535,2023-04-01,2023,,甲府,清水,H,H,0.1645530710989899,0.19569202372353658,0.6397549051774735
6,28536,2023-04-01,2023,,仙台,V・ファーレン長崎,A,A,0.46798343093254774,0.20687241312956178,0.3251441559378904
6,28537,2023-04-01,2023,,秋田,レノファ山口FC,A,D,0.2758543872922338,0.4995629476739876,0.2245826650337784
6,28538,2023-04-01,2023,,大分,磐田,H,A,0.5810598552343701,0.09345096687403563,0.3254891778915942
6,28539,2023-04-01,2023,,東京V,大宮,H,A,0.435036713400468,0.35983513245595605,0.20512815414357588
6,28971,2023-04-01,2023,,FC大阪,富山,A,H,0.3123516007493791,0.2384919894709424,0.44915640977967847
6,28972,2023-04-01,2023,,FC岐阜,FC琉球,H,H,0.28702578398189005,0.18156020333979989,0.5314140126783101
6,28540,2023-04-02,2023,,熊本,徳島,D,H,0.2063301507077035,0.1672576000447603,0.6264122492475361
6,28541,2023-04-02,2023,,山形,水戸,A,D,0.3336625148262278,0.5427256857387395,0.12361179943503266
6,28542,2023-04-02,2023,,栃木SC,ザスパクサツ群馬,A,D,0.3298152496032699,0.37057723667312337,0.2996075137236067
6,28543,2023-04-02,2023,,町田,藤枝MYFC,H,D,0.2839321466258038,0.36151460166941946,0.3545532517047768
6,28544,2023-04-02,2023,,ツエーゲン金沢,千葉,H,A,0.4095689844788484,0.35110957023460965,0.23932144528654195
6,28545,2023-04-02,2023,,岡山,いわきFC,D,A,0.4268202949959622,0.32292698787156576,0.250252717132472
6,28973,2023-04-02,2023,,FC今治,奈良クラブ,D,D,0.3544986183844189,0.5100428573435115,0.1354585242720696
6,28974,2023-04-02,2023,,AC長野パルセイロ,Y.S.C.C.横浜,H,H,0.3724111109842236,0.1684553624845407,0.45913352653123574
6,28975,2023-04-02,2023,,ヴァンラーレ八戸,ギラヴァンツ北九州,D,H,0.2061175742312218,0.12854456498186217,0.665337860786916
6,28976,2023-04-02,2023,,福島ユナイテッドFC,いわてグルージャ盛岡,A,H,0.3251383870489287,0.17040544395156673,0.5044561689995046
6,28977,2023-04-02,2023,,SC相模原,アスルクラロ沼津,D,H,0.21657494688168719,0.3468887284861513,0.4365363246321615
6,28978,2023-04-02,2023,,松本山雅FC,ガイナーレ鳥取,D,H,0.27277329017744545,0.28006278782118776,0.44716392200136673
6,28979,2023-04-02,2023,,カマタマーレ讃岐,鹿児島ユナイテッドFC,H,D,0.3499672088297609,0.43026782509222805,0.2197649660780111
6,28980,2023-04-02,2023,,テゲバジャーロ宮崎,愛媛FC,D,H,0.16380994917074831,0.35126846369511333,0.4849215871341383
6,28217,2023-04-08,2023,,横浜FM,横浜FC,H,H,0.1478340316021959,0.16111955678183673,0.6910464116159674
6,28546,2023-04-08,2023,,甲府,仙台,A,H,0.3740142058929265,0.14801880495590863,0.4779669891511648
6,28547,2023-04-08,2023,,いわきFC,大分,A,A,0.5008686368939059,0.3029950884804097,0.19613627462568442
6,28548,2023-04-08,2023,,ザスパクサツ群馬,V・ファーレン長崎,H,H,0.39563031730604703,0.2065882490298996,0.39778143366405344
6,28549,2023-04-08,2023,,大宮,山形,H,H,0.19208080937643038,0.37560243359518924,0.43231675702838046
6,28550,2023-04-08,2023,,千葉,徳島,D,H,0.12597561936049284,0.41623105702537766,0.45779332361412955
6,28551,2023-04-08,2023,,町田,秋田,A,D,0.25081068142153756,0.5014312129430354,0.24775810563542702
6,28552,2023-04-08,2023,,清水,東京V,H,D,0.32302139114256295,0.37308435323350536,0.30389425562393163
6,28553,2023-04-08,2023,,藤枝MYFC,岡山,D,A,0.3920400006089083,0.3424646707213957,0.26549532866969605
6,28554,2023-04-08,2023,,レノファ山口FC,栃木SC,D,H,0.27040022424792215,0.16401472188865382,0.5655850538634241
6,28555,2023-04-08,2023,,水戸,磐田,A,D,0.30298291540373173,0.36107326767743364,0.3359438169188347
6,28981,2023-04-08,2023,,Y.S.C.C.横浜,鹿児島ユナイテッドFC,D,A,0.3680203427189454,0.3567074187009619,0.2752722385800927
6,28982,2023-04-08,2023,,いわてグルージャ盛岡,SC相模原,D,H,0.18354192391633745,0.3016080280984939,0.5148500479851686
6,28983,2023-04-08,2023,,アスルクラロ沼津,福島ユナイテッドFC,D,D,0.19472162386150818,0.5519675044325063,0.2533108717059856
6,28984,2023-04-08,2023,,愛媛FC,FC岐阜,H,H,0.37217668114326635,0.24384042403890743,0.3839828948178262
6,28985,2023-04-08,2023,,FC琉球,奈良クラブ,A,H,0.297322530148618,0.3355917961188642,0.3670856737325179
6,28218,2023-04-09,2023,,C大阪,札幌,A,D,0.3195781224066823,0.42850324440626986,0.25191863318704777
6,28219,2023-04-09,2023,,神戸,新潟,D,A,0.40478578570891793,0.32489050430321226,0.27032370998786975
6,28220,2023-04-09,2023,,広島,鳥栖,H,D,0.21489541482887523,0.5409103014752247,0.24419428369590007
6,28221,2023-04-09,2023,,FC東京,湘南,D,D,0.2133423155464268,0.5069576993272478,0.27969998512632543
6,28222,2023-04-09,2023,,名古屋,浦和,D,A,0.36467647197767056,0.285732442092815,0.3495910859295145
6,28223,2023-04-09,2023,,G大阪,川崎F,H,A,0.41884748788363024,0.33448046959296773,0.24667204252340208
6,28224,2023-04-09,2023,,福岡,京都,H,D,0.09163756638042313,0.5498752253540821,0.3584872082654948
6,28225,2023-04-09,2023,,柏,鹿島,H,A,0.7244762810005955,0.11451306627001492,0.1610106527293897
6,28556,2023-04-09,2023,,熊本,ツエーゲン金沢,H,H,0.39500943294154894,0.1627977029242882,0.4421928641341628
6,28986,2023-04-09,2023,,FC大阪,FC今治,H,D,0.29999265729481694,0.3862095937566482,0.31379774894853485
6,28987,2023-04-09,2023,,ガイナーレ鳥取,ヴァンラーレ八戸,D,H,0.19879419629216666,0.28692046470670995,0.5142853390011234
6,28988,2023-04-09,2023,,AC長野パルセイロ,カマタマーレ讃岐,H,D,0.27086442519124465,0.44617044684684953,0.2829651279619058
6,28989,2023-04-09,2023,,富山,テゲバジャーロ宮崎,H,D,0.30593172879696284,0.4113521197368024,0.28271615146623474
6,28990,2023-04-09,2023,,ギラヴァンツ北九州,松本山雅FC,A,H,0.31152637641120534,0.14789984575437662,0.5405737778344181
6,28557,2023-04-12,2023,,栃木SC,山形,H,H,0.3336601015873133,0.30731447812857293,0.35902542028411377
6,28558,2023-04-12,2023,,大宮,ザスパクサツ群馬,A,A,0.37240873065028435,0.3282703967676003,0.2993208725821155
6,28559,2023-04-12,2023,,東京V,秋田,H,H,0.3375202349080007,0.13655923090853367,0.5259205341834657
6,28560,2023-04-12,2023,,ツエーゲン金沢,いわきFC,H,A,0.5225570037914979,0.11537928178506847,0.3620637144234336
6,28561,2023-04-12,2023,,清水,仙台,D,H,0.4080907195530068,0.16620890115080708,0.4257003792961862
6,28562,2023-04-12,2023,,磐田,町田,D,D,0.244365213557528,0.41548406601013393,0.34015072043233807
6,28563,2023-04-12,2023,,藤枝MYFC,千葉,H,D,0.38248350501176076,0.43203922802223776,0.18547726696600153
6,28564,2023-04-12,2023,,岡山,熊本,D,H,0.17467898691262052,0.24320600958626973,0.5821150035011098
6,28565,2023-04-12,2023,,徳島,水戸,A,H,0.25204449306926807,0.2294435248888953,0.5185119820418366
6,28566,2023-04-12,2023,,V・ファーレン長崎,甲府,H,A,0.5317776526425603,0.27394688791263466,0.1942754594448051
6,28567,2023-04-12,2023,,大分,レノファ山口FC,H,H,0.3081239708470134,0.3188558746711723,0.3730201544818143
6,28226,2023-04-15,2023,,横浜FC,広島,A,A,0.4115744921958297,0.21411171966316092,0.3743137881410093
6,28227,2023-04-15,2023,,浦和,札幌,H,H,0.34318090969643683,0.2610621854889137,0.39575690481464953
6,28228,2023-04-15,2023,,川崎F,名古屋,A,H,0.19085554163510415,0.27975356651660815,0.5293908918482877
6,28229,2023-04-15,2023,,湘南,横浜FM,D,A,0.5794470842182318,0.07554442663005252,0.3450084891517158
6,28230,2023-04-15,2023,,鳥栖,柏,D,A,0.46561479811871553,0.1997235361232115,0.33466166575807293
6,28231,2023-04-15,2023,,鹿島,神戸,A,A,0.406128876349126,0.20530321717371552,0.38856790647715855
6,28232,2023-04-15,2023,,FC東京,C大阪,A,H,0.37956492534923986,0.15182098386425902,0.46861409078650124
6,28233,2023-04-15,2023,,京都,G大阪,H,H,0.24872531164255307,0.12454469121253973,0.6267299971449072
6,28234,2023-04-15,2023,,新潟,福岡,H,A,0.3905970157964082,0.3406842739602456,0.26871871024334615
6,28991,2023-04-15,2023,,福島ユナイテッドFC,ガイナーレ鳥取,D,H,0.29768002308772346,0.31230491240013153,0.39001506451214507
6,28992,2023-04-15,2023,,SC相模原,AC長野パルセイロ,A,A,0.42772117082007133,0.3570988258145974,0.21518000336533122
6,28993,2023-04-15,2023,,FC琉球,ギラヴァンツ北九州,H,H,0.34116519333465195,0.21702157552311369,0.4418132311422344
6,28568,2023-04-16,2023,,甲府,栃木SC,H,H,0.2718510230478151,0.23721860136827425,0.49093037558391067
6,28569,2023-04-16,2023,,仙台,岡山,D,H,0.13441053857771146,0.2719137072755435,0.5936757541467451
6,28570,2023-04-16,2023,,秋田,大宮,H,D,0.308747982945439,0.45854693503112015,0.23270508202344095
6,28571,2023-04-16,2023,,山形,ツエーゲン金沢,A,H,0.3886543299419181,0.15957693206656273,0.4517687379915192
6,28572,2023-04-16,2023,,いわきFC,ザスパクサツ群馬,H,D,0.3045854657763693,0.47041395945999465,0.2250005747636361
6,28573,2023-04-16,2023,,千葉,東京V,H,H,0.27948790655106354,0.2734743547544852,0.44703773869445124
6,28574,2023-04-16,2023,,町田,大分,H,D,0.360567563372901,0.397837234287791,0.24159520233930806
6,28575,2023-04-16,2023,,レノファ山口FC,清水,A,A,0.4189595375466994,0.2587444900698935,0.3222959723834071
6,28576,2023-04-16,2023,,徳島,V・ファーレン長崎,A,D,0.17156994472530782,0.6841096064505544,0.14432044882413775
6,28577,2023-04-16,2023,,水戸,藤枝MYFC,A,H,0.2839704322201213,0.21968874260458326,0.49634082517529543
6,28578,2023-04-16,2023,,磐田,熊本,D,D,0.17513658348755687,0.44472173048478275,0.38014168602766046
6,28994,2023-04-16,2023,,奈良クラブ,いわてグルージャ盛岡,H,H,0.2550049746103686,0.26938895205974017,0.4756060733298913
6,28995,2023-04-16,2023,,FC今治,富山,H,H,0.15890498335473535,0.2810873144884913,0.5600077021567734
6,28996,2023-04-16,2023,,鹿児島ユナイテッドFC,テゲバジャーロ宮崎,D,A,0.4096845536797654,0.3315538020590248,0.2587616442612098
6,28997,2023-04-16,2023,,ヴァンラーレ八戸,Y.S.C.C.横浜,D,A,0.39386284549374756,0.3794517768087269,0.22668537769752536
6,28998,2023-04-16,2023,,松本山雅FC,アスルクラロ沼津,A,H,0.2641468259781697,0.35210730247031014,0.3837458715515202
6,28999,2023-04-16,2023,,FC岐阜,FC大阪,A,D,0.3154234549230453,0.36459010125534963,0.31998644382160524
6,29000,2023-04-16,2023,,カマタマーレ讃岐,愛媛FC,D,D,0.13044639592884236,0.7704409824168013,0.0991126216543564
6,28579,2023-04-21,2023,,熊本,千葉,D,D,0.31292370664418995,0.4488494711414198,0.23822682221439023
6,28235,2023-04-22,2023,,広島,FC東京,A,A,0.5931247568063266,0.1451709114899676,0.2617043317037058
6,28236,2023-04-22,2023,,神戸,横浜FM,A,A,0.4595750411000234,0.3523290858889051,0.18809587301107142
6,28580,2023-04-22,2023,,大宮,清水,A,H,0.2463028997002142,0.3086648675352466,0.4450322327645393
6,28581,2023-04-22,2023,,甲府,町田,H,H,0.2448941369102563,0.10443900146572031,0.6506668616240234
6,28582,2023-04-22,2023,,岡山,レノファ山口FC,D,H,0.09520123054713858,0.20047204570259006,0.7043267237502714
6,28583,2023-04-22,2023,,V・ファーレン長崎,秋田,H,H,0.22238040324928016,0.36149640137430267,0.41612319537641723
6,28584,2023-04-22,2023,,東京V,山形,A,H,0.2982791635434076,0.30488351149764975,0.39683732495894275
6,28237,2023-04-23,2023,,札幌,福岡,D,D,0.28725515173897903,0.4383163514030541,0.2744284968579669
6,28238,2023-04-23,2023,,新潟,鹿島,A,A,0.44650369884140984,0.2721304866671247,0.2813658144914656
6,28239,2023-04-23,2023,,京都,鳥栖,A,H,0.13886161855483967,0.13563208113152705,0.7255063003136333
6,28240,2023-04-23,2023,,C大阪,柏,H,H,0.29684562856853186,0.27216424622773094,0.4309901252037371
6,28241,2023-04-23,2023,,名古屋,湘南,D,H,0.21408810352685062,0.2667756272437579,0.5191362692293915
6,28242,2023-04-23,2023,,川崎F,浦和,D,H,0.2886005095816055,0.22578116333673143,0.48561832708166314
6,28243,2023-04-23,2023,,G大阪,横浜FC,D,H,0.22552736325366016,0.23983101973080545,0.5346416170155344
6,28585,2023-04-23,2023,,栃木SC,いわきFC,H,A,0.47795473606118666,0.2765498604040457,0.2454954035347676
6,28586,2023-04-23,2023,,ザスパクサツ群馬,徳島,D,D,0.241523683258161,0.41861426563049436,0.33986205111134454
6,28587,2023-04-23,2023,,ツエーゲン金沢,磐田,A,H,0.41378503138898776,0.12565969897313636,0.46055526963787596
6,28588,2023-04-23,2023,,藤枝MYFC,仙台,H,H,0.2718330639876845,0.1952050127007206,0.532961923311595
6,28589,2023-04-23,2023,,大分,水戸,A,H,0.3617204286262285,0.2638016137816423,0.37447795759212926
6,28244,2023-04-29,2023,,横浜FC,札幌,A,A,0.4012932054562643,0.247957355813261,0.35074943873047476
6,28245,2023-04-29,2023,,C大阪,広島,A,A,0.42748370327744706,0.2156570669969334,0.3568592297256196
6,28246,2023-04-29,2023,,神戸,湘南,H,H,0.2010071809660022,0.27853471173495775,0.5204581072990401
6,28247,2023-04-29,2023,,柏,京都,D,H,0.23608674778007008,0.1978103986608283,0.5661028535591016
6,28248,2023-04-29,2023,,FC東京,新潟,H,D,0.2153945583100281,0.4391810481772282,0.34542439351274373
6,28249,2023-04-29,2023,,横浜FM,名古屋,D,H,0.385243786908356,0.14922633301855856,0.4655298800730856
6,28250,2023-04-29,2023,,福岡,川崎F,A,D,0.1967799612448894,0.49314941158945186,0.31007062716565875
6,28251,2023-04-29,2023,,鹿島,G大阪,H,H,0.2461733117131655,0.33461735054321334,0.4192093377436212
6,28590,2023-04-29,2023,,仙台,大分,H,A,0.37651521495387735,0.3541660107739742,0.2693187742721485
6,28591,2023-04-29,2023,,秋田,岡山,A,D,0.2411085752206563,0.4284199918100524,0.3304714329692914
6,28592,2023-04-29,2023,,山形,レノファ山口FC,D,H,0.35145677594225716,0.293422353471545,0.3551208705861979
6,28593,2023-04-29,2023,,いわきFC,V・ファーレン長崎,A,D,0.2393679697571239,0.49317862172959775,0.2674534085132785
6,28594,2023-04-29,2023,,ザスパクサツ群馬,甲府,H,A,0.6019699839432808,0.23392258399577057,0.16410743206094866
6,28595,2023-04-29,2023,,町田,熊本,H,H,0.3570392914001046,0.1828595488616923,0.46010115973820304
6,28596,2023-04-29,2023,,清水,栃木SC,H,A,0.47976768855658214,0.2130530173034261,0.3071792941399918
6,28597,2023-04-29,2023,,磐田,徳島,A,H,0.23090455143504204,0.2966793565628472,0.4724160920021108
6,28598,2023-04-29,2023,,千葉,大宮,H,H,0.20320280587484413,0.3417690382575209,0.45502815586763495
6,28599,2023-04-29,2023,,水戸,東京V,A,H,0.212263559259006,0.15678233980224646,0.6309541009387475
6,29001,2023-04-29,2023,,FC大阪,アスルクラロ沼津,A,A,0.41405462464615794,0.32620136860730353,0.2597440067465386
6,29002,2023-04-29,2023,,ガイナーレ鳥取,奈良クラブ,A,D,0.3346598401089571,0.3472792958335722,0.31806086405747075
6,29003,2023-04-29,2023,,いわてグルージャ盛岡,鹿児島ユナイテッドFC,A,H,0.28151613123430375,0.22538408596824308,0.4930997827974531
6,29004,2023-04-29,2023,,富山,松本山雅FC,H,A,0.3906753389292011,0.24243896785440713,0.36688569321639175
6,29005,2023-04-29,2023,,カマタマーレ讃岐,ヴァンラーレ八戸,A,A,0.41088192535999796,0.22664353881118815,0.3624745358288139
6,29006,2023-04-29,2023,,ギラヴァンツ北九州,SC相模原,D,H,0.22876679869761882,0.27097592179727004,0.5002572795051111
6,29007,2023-04-29,2023,,愛媛FC,FC琉球,H,H,0.1349263513453245,0.21438426136319597,0.6506893872914795
6,28600,2023-04-30,2023,,ツエーゲン金沢,藤枝MYFC,D,A,0.4238778462935447,0.31707485349675163,0.2590473002097037
6,29008,2023-04-30,2023,,Y.S.C.C.横浜,FC今治,H,H,0.2552880064855279,0.3578782077739972,0.38683378574047483
6,29009,2023-04-30,2023,,テゲバジャーロ宮崎,FC岐阜,H,H,0.15515350156716337,0.39287162537488796,0.45197487305794876
6,29010,2023-04-30,2023,,AC長野パルセイロ,福島ユナイテッドFC,A,H,0.32421782351009404,0.19238976408965516,0.4833924124002509
6,28253,2023-05-03,2023,,札幌,鹿島,A,A,0.579254506788079,0.2089515453300885,0.21179394788183253
6,28254,2023-05-03,2023,,京都,川崎F,A,H,0.22582920141972404,0.23155771905373723,0.5426130795265387
6,28255,2023-05-03,2023,,G大阪,C大阪,A,A,0.4614903786778057,0.3237250694600416,0.2147845518621527
6,28256,2023-05-03,2023,,名古屋,神戸,D,H,0.19563536931402453,0.24812429389077995,0.5562403367951956
6,28257,2023-05-03,2023,,福岡,FC東京,H,H,0.1830691285625538,0.1314071874105084,0.6855236840269379
6,28258,2023-05-03,2023,,鳥栖,横浜FM,A,H,0.22653142897896894,0.3675404879272007,0.40592808309383044
6,28259,2023-05-03,2023,,横浜FC,新潟,H,H,0.3908566431164806,0.14573886056313906,0.4634044963203802
6,28261,2023-05-03,2023,,湘南,柏,A,A,0.47973248993474465,0.21336017271160326,0.30690733735365217
6,28601,2023-05-03,2023,,熊本,ザスパクサツ群馬,H,A,0.50944575959793,0.11537284623252082,0.37518139416954915
6,28602,2023-05-03,2023,,仙台,秋田,D,H,0.0985435205329612,0.2513272305730904,0.6501292488939484
6,28603,2023-05-03,2023,,大宮,町田,A,A,0.43552752110789067,0.25480446121800276,0.3096680176741066
6,28604,2023-05-03,2023,,甲府,いわきFC,H,H,0.31728567070119323,0.20619131519002445,0.4765230141087823
6,28605,2023-05-03,2023,,藤枝MYFC,大分,A,D,0.27820261645721095,0.5308559056620669,0.1909414778807221
6,28606,2023-05-03,2023,,岡山,山形,H,A,0.44033621745836216,0.14597190416215658,0.41369187837948135
6,28607,2023-05-03,2023,,レノファ山口FC,千葉,D,A,0.46198081514142547,0.34954887274166,0.1884703121169146
6,28608,2023-05-03,2023,,徳島,清水,D,A,0.5991357422194094,0.1963629469985096,0.20450131078208106
6,28609,2023-05-03,2023,,V・ファーレン長崎,水戸,H,D,0.3835744434277875,0.4428138687619695,0.17361168781024308
6,28610,2023-05-03,2023,,栃木SC,ツエーゲン金沢,H,A,0.5568894955851555,0.11890255044377618,0.32420795397106833
6,28611,2023-05-03,2023,,東京V,磐田,D,H,0.29704977248416836,0.18795459410119508,0.5149956334146365
6,29011,2023-05-03,2023,,奈良クラブ,テゲバジャーロ宮崎,H,H,0.3343251420692627,0.28865862767278166,0.37701623025795566
6,29012,2023-05-03,2023,,福島ユナイテッドFC,カマタマーレ讃岐,D,D,0.29798004252043914,0.35287093066957403,0.3491490268099869
6,29013,2023-05-03,2023,,いわてグルージャ盛岡,AC長野パルセイロ,A,H,0.11669354302201487,0.3273424424163557,0.5559640145616295
6,29014,2023-05-03,2023,,アスルクラロ沼津,愛媛FC,A,D,0.06763843770044717,0.5032216249598082,0.42913993733974465
6,29015,2023-05-03,2023,,FC岐阜,Y.S.C.C.横浜,A,H,0.34730420618209373,0.2497428061374129,0.4029529876804933
6,29016,2023-05-03,2023,,松本山雅FC,FC大阪,H,D,0.3040971545332688,0.36515638148663804,0.33074646398009316
6,29017,2023-05-03,2023,,FC琉球,ガイナーレ鳥取,A,D,0.31785413563705667,0.4361690660984558,0.24597679826448754
6,29018,2023-05-04,2023,,ヴァンラーレ八戸,FC今治,A,D,0.22668532835102623,0.46136291246025823,0.3119517591887155
6,29019,2023-05-04,2023,,SC相模原,富山,D,D,0.3604653267257386,0.4417276374195477,0.19780703585471357
6,29020,2023-05-04,2023,,鹿児島ユナイテッドFC,ギラヴァンツ北九州,H,D,0.11631251312276263,0.5217073233365732,0.3619801635406642
6,28262,2023-05-06,2023,,札幌,FC東京,H,A,0.591328620766401,0.23364899588813176,0.1750223833454672
6,28263,2023-05-06,2023,,名古屋,G大阪,H,H,0.35361196005777834,0.18438031234035357,0.4620077276018682
6,28264,2023-05-07,2023,,広島,福岡,H,H,0.19714576659282154,0.2716649937440184,0.5311892396631601
6,28265,2023-05-07,2023,,横浜FM,京都,H,H,0.2128691000823428,0.12219223745705732,0.6649386624606
6,28266,2023-05-07,2023,,新潟,柏,D,A,0.400464813899738,0.19958495812405855,0.39995022797620344
6,28267,2023-05-07,2023,,C大阪,鹿島,A,H,0.30028893010928,0.3127900523392743,0.38692101755144576
6,28268,2023-05-07,2023,,神戸,横浜FC,H,H,0.22613920897491205,0.2608576361763569,0.513003154848731
6,28269,2023-05-07,2023,,川崎F,鳥栖,H,H,0.26236320046348705,0.15755961250223524,0.5800771870342778
6,28612,2023-05-07,2023,,熊本,甲府,H,H,0.2010733252010882,0.2989524187059168,0.49997425609299506
6,28613,2023-05-07,2023,,秋田,栃木SC,H,H,0.32507478862923195,0.28245722779017957,0.39246798358058843
6,28614,2023-05-07,2023,,山形,藤枝MYFC,H,H,0.3478102941645535,0.2491457627661929,0.40304394306925356
6,28615,2023-05-07,2023,,ザスパクサツ群馬,レノファ山口FC,H,A,0.652609691386048,0.07449993537470159,0.2728903732392504
6,28616,2023-05-07,2023,,大宮,徳島,A,H,0.3643838827106074,0.2093151776632653,0.42630093962612736
6,28617,2023-05-07,2023,,町田,岡山,D,H,0.39416066420713436,0.1254194898581277,0.4804198459347378
6,28618,2023-05-07,2023,,清水,いわきFC,H,H,0.4105835062655395,0.12269433014434239,0.4667221635901182
6,28619,2023-05-07,2023,,V・ファーレン長崎,東京V,A,H,0.37131702455373383,0.2551000092542146,0.3735829661920516
6,28620,2023-05-07,2023,,大分,ツエーゲン金沢,H,A,0.4244554449425678,0.22930653159932188,0.3462380234581103
6,28621,2023-05-07,2023,,水戸,仙台,H,A,0.462332860009996,0.13966129326427326,0.39800584672573075
6,28622,2023-05-07,2023,,千葉,磐田,A,A,0.41253532511977076,0.3500654225204706,0.23739925235975867
6,28252,2023-05-10,2023,,浦和,鳥栖,A,H,0.23800382320030747,0.29985235986079456,0.462143816938898
6,28271,2023-05-12,2023,,FC東京,川崎F,H,A,0.5186018758448009,0.2937209431216702,0.1876771810335291
6,28272,2023-05-13,2023,,神戸,広島,H,H,0.214209194050621,0.2670804211946871,0.5187103847546919
6,28273,2023-05-13,2023,,湘南,札幌,A,H,0.34761637778387605,0.2939688846670625,0.3584147375490614
6,28274,2023-05-13,2023,,柏,横浜FC,A,H,0.283966668151654,0.3221445668853971,0.39388876496294895
6,28623,2023-05-13,2023,,岡山,大宮,D,H,0.21789905926742723,0.3085172299053073,0.4735837108272655
6,28624,2023-05-13,2023,,レノファ山口FC,徳島,D,A,0.4698257849612885,0.14778146286093555,0.38239275217777596
6,28625,2023-05-13,2023,,甲府,千葉,A,H,0.2785979990214826,0.22748941340222192,0.4939125875762955
6,28626,2023-05-13,2023,,ツエーゲン金沢,V・ファーレン長崎,H,D,0.31050661064639595,0.40971762059109584,0.27977576876250815
6,28627,2023-05-13,2023,,清水,藤枝MYFC,H,A,0.4184223906103509,0.1666273155274995,0.4149502938621497
6,28628,2023-05-13,2023,,磐田,ザスパクサツ群馬,H,D,0.23490010782738094,0.4511148126427145,0.31398507952990445
6,28629,2023-05-13,2023,,東京V,町田,A,H,0.24402946724064745,0.22067981766663614,0.5352907150927164
6,28630,2023-05-13,2023,,水戸,栃木SC,D,D,0.15162807283981977,0.4853459406037518,0.36302598655642837
6,28631,2023-05-13,2023,,大分,熊本,D,H,0.28442865919584115,0.34002125030746766,0.3755500904966912
6,28632,2023-05-13,2023,,仙台,山形,H,H,0.27387386293247984,0.1925940618414885,0.5335320752260317
6,29021,2023-05-13,2023,,Y.S.C.C.横浜,SC相模原,D,D,0.2494099351127721,0.4296587662681982,0.32093129861902975
6,29022,2023-05-13,2023,,奈良クラブ,FC大阪,A,H,0.08913588354533059,0.23091246823834968,0.6799516482163198
6,29023,2023-05-13,2023,,AC長野パルセイロ,松本山雅FC,H,A,0.5214354028236355,0.2610618662321165,0.2175027309442479
6,28275,2023-05-14,2023,,鹿島,名古屋,H,H,0.18340444568725434,0.23215385469912633,0.5844416996136194
6,28276,2023-05-14,2023,,京都,C大阪,A,H,0.3610762666032487,0.25332016118696754,0.38560357220978364
6,28277,2023-05-14,2023,,福岡,鳥栖,D,H,0.13548591032701138,0.39239862590393637,0.4721154637690523
6,28278,2023-05-14,2023,,新潟,横浜FM,H,H,0.25337140812064085,0.3671734870801527,0.37945510479920647
6,28279,2023-05-14,2023,,浦和,G大阪,H,A,0.4707108353687912,0.14791246890684112,0.38137669572436755
6,28633,2023-05-14,2023,,いわきFC,秋田,A,D,0.3375773494457038,0.3929310494110078,0.26949160114328846
6,29024,2023-05-14,2023,,ガイナーレ鳥取,アスルクラロ沼津,D,A,0.6455240389643663,0.17722908871158624,0.17724687232404762
6,29025,2023-05-14,2023,,ヴァンラーレ八戸,いわてグルージャ盛岡,A,A,0.4074679906244439,0.2996460898446771,0.29288591953087906
6,29026,2023-05-14,2023,,FC今治,愛媛FC,D,H,0.19823462670781314,0.20767610038511822,0.5940892729070686
6,29027,2023-05-14,2023,,鹿児島ユナイテッドFC,FC琉球,H,H,0.24875638163139493,0.22464099374769728,0.5266026246209078
6,29028,2023-05-14,2023,,富山,福島ユナイテッドFC,H,H,0.36746148565795156,0.22068836563775424,0.4118501487042942
6,29029,2023-05-14,2023,,カマタマーレ讃岐,FC岐阜,A,A,0.4599970337192326,0.30299007972703085,0.23701288655373648
6,29030,2023-05-14,2023,,ギラヴァンツ北九州,テゲバジャーロ宮崎,A,H,0.35638968807238564,0.16019133099140728,0.483418980936207
6,28634,2023-05-17,2023,,山形,大分,H,H,0.17135972203279065,0.26101092558667227,0.5676293523805371
6,28635,2023-05-17,2023,,秋田,甲府,A,D,0.3561594309478489,0.41947611961723424,0.22436444943491693
6,28636,2023-05-17,2023,,いわきFC,大宮,H,D,0.3422488881828892,0.41399764502892794,0.24375346678818283
6,28637,2023-05-17,2023,,栃木SC,東京V,A,A,0.5714787749594143,0.2552266488920859,0.1732945761484998
6,28638,2023-05-17,2023,,ザスパクサツ群馬,水戸,H,A,0.46961831530236076,0.25055163887861354,0.27983004581902576
6,28639,2023-05-17,2023,,千葉,清水,H,D,0.12465311504894665,0.5000175362231049,0.37532934872794865
6,28640,2023-05-17,2023,,町田,レノファ山口FC,H,A,0.5518063443506361,0.14995160389288453,0.2982420517564793
6,28641,2023-05-17,2023,,藤枝MYFC,磐田,A,H,0.37425458233374165,0.23436277895885646,0.39138263870740186
6,28642,2023-05-17,2023,,徳島,ツエーゲン金沢,H,D,0.38219958157337464,0.3924396820522259,0.22536073637439946
6,28643,2023-05-17,2023,,V・ファーレン長崎,岡山,D,A,0.6572703254964108,0.23616203489818888,0.10656763960540032
6,28644,2023-05-17,2023,,熊本,仙台,A,H,0.277000541494645,0.2810271590116206,0.4419722994937344
6,28280,2023-05-19,2023,,札幌,京都,H,H,0.09826923661730882,0.07517374746323206,0.8265570159194592
6,28281,2023-05-20,2023,,福岡,浦和,D,D,0.3514758224564017,0.387494959466393,0.2610292180772053
6,28282,2023-05-20,2023,,鹿島,FC東京,D,A,0.45731852171272297,0.12381380253882063,0.41886767574845646
6,28283,2023-05-20,2023,,湘南,C大阪,A,A,0.5316909398572193,0.1996307502181602,0.2686783099246205
6,28284,2023-05-20,2023,,名古屋,広島,H,D,0.41581484743794184,0.43648545565893315,0.147699696903125
6,28285,2023-05-20,2023,,柏,神戸,D,H,0.3225343421593236,0.10650032787841185,0.5709653299622647
6,28286,2023-05-20,2023,,鳥栖,新潟,H,A,0.3818217856334513,0.24990266564179148,0.36827554872475715
6,28287,2023-05-20,2023,,G大阪,横浜FM,A,A,0.37830810816784305,0.27813489186469204,0.3435569999674649
6,28288,2023-05-20,2023,,横浜FC,川崎F,H,A,0.43018305334652585,0.3590222884533842,0.21079465820008988
6,28645,2023-05-21,2023,,山形,秋田,H,H,0.2075817717908439,0.1957423130871395,0.5966759151220166
6,28646,2023-05-21,2023,,大宮,仙台,D,H,0.25355883773581,0.09922508101981298,0.647216081244377
6,28647,2023-05-21,2023,,千葉,栃木SC,H,H,0.16967503199053832,0.3407545353050597,0.48957043270440204
6,28648,2023-05-21,2023,,町田,清水,H,D,0.33948050768576565,0.3780182491582898,0.2825012431559446
6,28649,2023-05-21,2023,,ツエーゲン金沢,甲府,A,A,0.4389442893394391,0.29729863934864054,0.26375707131192044
6,28650,2023-05-21,2023,,藤枝MYFC,徳島,H,H,0.16436846043950365,0.3144070856799876,0.5212244538805088
6,28651,2023-05-21,2023,,レノファ山口FC,東京V,A,H,0.2212239117736983,0.2734329405614611,0.5053431476648407
6,28652,2023-05-21,2023,,大分,V・ファーレン長崎,D,A,0.5624862659493992,0.13905350583510437,0.2984602282154964
6,28653,2023-05-21,2023,,水戸,熊本,A,H,0.10713397513933388,0.31791732963413655,0.5749486952265296
6,28654,2023-05-21,2023,,磐田,いわきFC,D,A,0.6006985328109093,0.1999677892932763,0.19933367789581447
6,28655,2023-05-21,2023,,岡山,ザスパクサツ群馬,H,A,0.5584879447734906,0.3046916893916577,0.13682036583485183
6,28289,2023-05-27,2023,,札幌,名古屋,A,H,0.3907964661663298,0.13909942326556266,0.47010411056810764
6,28290,2023-05-27,2023,,神戸,FC東京,H,A,0.3999258264862801,0.2281678005277628,0.371906372985957
6,28291,2023-05-27,2023,,広島,湘南,H,A,0.39757249567867725,0.34195228132033056,0.26047522300099224
6,28292,2023-05-27,2023,,鳥栖,鹿島,D,A,0.5352277855420402,0.19511926659530351,0.26965294786265637
6,28293,2023-05-27,2023,,京都,浦和,A,H,0.33863026204051855,0.19553715790389897,0.4658325800555824
6,28656,2023-05-27,2023,,甲府,大宮,H,H,0.21591012153287598,0.3742533062289266,0.40983657223819747
6,28657,2023-05-27,2023,,V・ファーレン長崎,磐田,H,H,0.29278219616515483,0.2550375443316453,0.4521802595031998
6,29031,2023-05-27,2023,,Y.S.C.C.横浜,ギラヴァンツ北九州,H,H,0.3337553286026587,0.2619717277269491,0.40427294367039224
6,29032,2023-05-27,2023,,FC大阪,ヴァンラーレ八戸,A,D,0.12532628016285519,0.549670446870257,0.32500327296688775
6,29033,2023-05-27,2023,,カマタマーレ讃岐,奈良クラブ,D,D,0.2429993949482305,0.4489842138766686,0.30801639117510093
6,29034,2023-05-27,2023,,愛媛FC,福島ユナイテッドFC,A,H,0.11199490494324076,0.12380605917224236,0.7641990358845169
6,28294,2023-05-28,2023,,横浜FM,福岡,H,H,0.33355302247822954,0.151416394188547,0.5150305833332235
6,28295,2023-05-28,2023,,新潟,G大阪,A,A,0.46951601105662666,0.25198566905642583,0.27849831988694757
6,28296,2023-05-28,2023,,C大阪,横浜FC,H,H,0.3488306887858794,0.20649904305502295,0.44467026815909755
6,28297,2023-05-28,2023,,川崎F,柏,H,H,0.22520878128266084,0.19348809013354676,0.5813031285837924
6,28658,2023-05-28,2023,,仙台,千葉,H,A,0.36954422416535837,0.34682570937904444,0.28363006645559713
6,28659,2023-05-28,2023,,秋田,大分,D,H,0.19309345978516507,0.18711054319464135,0.6197959970201936
6,28660,2023-05-28,2023,,栃木SC,岡山,H,A,0.42730501450480807,0.24860052652326636,0.32409445897192557
6,28661,2023-05-28,2023,,ザスパクサツ群馬,藤枝MYFC,D,A,0.412865471495712,0.3784326273704139,0.2087019011338741
6,28662,2023-05-28,2023,,東京V,いわきFC,D,H,0.32455388529534474,0.3376186647188981,0.33782744998575714
6,28663,2023-05-28,2023,,清水,ツエーゲン金沢,H,A,0.514975688783422,0.3296834547515256,0.1553408564650523
6,28664,2023-05-28,2023,,徳島,町田,H,D,0.2003852748237605,0.5257818503294285,0.273832874846811
6,28665,2023-05-28,2023,,熊本,山形,A,H,0.19100509935063872,0.359072192677039,0.44992270797232237
6,28666,2023-05-28,2023,,水戸,レノファ山口FC,A,A,0.502024094293711,0.239360983716065,0.25861492199022407
6,29035,2023-05-28,2023,,松本山雅FC,鹿児島ユナイテッドFC,A,A,0.5785594475216946,0.16540217599438511,0.2560383764839203
6,29036,2023-05-28,2023,,FC今治,ガイナーレ鳥取,H,D,0.20728788011136576,0.48550194749675035,0.3072101723918838
6,29037,2023-05-28,2023,,テゲバジャーロ宮崎,いわてグルージャ盛岡,H,H,0.2993571784681246,0.28338436957141316,0.41725845196046213
6,29038,2023-05-28,2023,,SC相模原,FC琉球,D,D,0.2835340627391519,0.3745626559691485,0.3419032812916997
6,29039,2023-05-28,2023,,アスルクラロ沼津,AC長野パルセイロ,H,H,0.14889438730653273,0.344871156364392,0.5062344563290753
6,29040,2023-05-28,2023,,FC岐阜,富山,H,H,0.31988468491550875,0.1156132720374059,0.5645020430470853
6,28260,2023-05-31,2023,,浦和,広島,H,D,0.3173730493280498,0.398775454118259,0.28385149655369124
6,28299,2023-06-03,2023,,FC東京,横浜FM,A,H,0.3946935416105723,0.1452000078327874,0.4601064505566403
6,28300,2023-06-03,2023,,湘南,新潟,D,H,0.359774869332716,0.26834197033722407,0.3718831603300599
6,28301,2023-06-03,2023,,名古屋,C大阪,H,H,0.2768127517992705,0.2756197590673477,0.4475674891333818
6,28302,2023-06-03,2023,,福岡,G大阪,A,H,0.3954183471302549,0.2063721812839669,0.3982094715857782
6,28303,2023-06-03,2023,,横浜FC,鳥栖,A,H,0.2629203721568146,0.20397514969261374,0.5331044781505717
6,28304,2023-06-03,2023,,柏,札幌,A,H,0.09521002231652587,0.18659186359157026,0.7181981140919039
6,28667,2023-06-03,2023,,いわきFC,熊本,A,A,0.5974112522598106,0.0769327833809824,0.32565596435920696
6,28668,2023-06-03,2023,,山形,清水,H,H,0.3504637577180105,0.17565290667789202,0.4738833356040975
6,28669,2023-06-03,2023,,大宮,水戸,A,H,0.2687967238268471,0.28511007333241345,0.4460932028407394
6,28670,2023-06-03,2023,,ツエーゲン金沢,ザスパクサツ群馬,D,H,0.30901142137013166,0.23058667252889942,0.460401906100969
6,28671,2023-06-03,2023,,藤枝MYFC,栃木SC,D,H,0.28304171503934883,0.34084967428074275,0.3761086106799084
6,28672,2023-06-03,2023,,レノファ山口FC,V・ファーレン長崎,D,A,0.5977162503572709,0.19866306560712665,0.20362068403560243
6,28673,2023-06-03,2023,,磐田,秋田,H,A,0.36590326089351544,0.32675797372049004,0.3073387653859946
6,28674,2023-06-03,2023,,千葉,町田,A,D,0.3611748988295952,0.3960127271081187,0.2428123740622862
6,28675,2023-06-03,2023,,岡山,徳島,H,A,0.3886016030992836,0.2938045674121905,0.31759382948852594
6,29041,2023-06-03,2023,,松本山雅FC,SC相模原,H,D,0.05813670748625409,0.6451791692277908,0.29668412328595506
6,29042,2023-06-03,2023,,ギラヴァンツ北九州,愛媛FC,A,D,0.10632480619803841,0.5902971197656499,0.3033780740363116
6,29043,2023-06-03,2023,,奈良クラブ,鹿児島ユナイテッドFC,D,A,0.4719507842093538,0.35648342267473554,0.17156579311591064
6,29044,2023-06-03,2023,,いわてグルージャ盛岡,FC今治,H,H,0.2128059457096063,0.1979203402627546,0.5892737140276391
6,29045,2023-06-03,2023,,FC琉球,アスルクラロ沼津,H,A,0.49796782325523564,0.28505446692527553,0.21697770981948888
6,29050,2023-06-03,2023,,福島ユナイテッドFC,Y.S.C.C.横浜,A,H,0.3043952077637614,0.1454600941481635,0.5501446980880751
6,28305,2023-06-04,2023,,広島,京都,H,H,0.14405530450565351,0.21714768396986794,0.6387970115244785
6,28306,2023-06-04,2023,,浦和,鹿島,D,H,0.3413195180474168,0.28619144048762135,0.37248904146496187
6,28676,2023-06-04,2023,,東京V,仙台,A,H,0.35126220260398777,0.17078504857366272,0.4779527488223495
6,28677,2023-06-04,2023,,大分,甲府,H,H,0.18019320468686056,0.4039971358733734,0.41580965943976594
6,29046,2023-06-04,2023,,FC大阪,AC長野パルセイロ,H,H,0.3630417761257816,0.2190657812532142,0.41789244262100433
6,29047,2023-06-04,2023,,ガイナーレ鳥取,FC岐阜,A,D,0.2611744327993817,0.47795665117430536,0.26086891602631307
6,29048,2023-06-04,2023,,ヴァンラーレ八戸,テゲバジャーロ宮崎,D,D,0.3068192817986266,0.5915792991905366,0.10160141901083672
6,29049,2023-06-04,2023,,富山,カマタマーレ讃岐,H,A,0.3914708574017979,0.2321398622087022,0.3763892803894999
6,28307,2023-06-10,2023,,横浜FM,柏,H,H,0.20257567191924136,0.1917180675423989,0.6057062605383597
6,28308,2023-06-10,2023,,C大阪,神戸,H,H,0.21771750935767648,0.11991144792552745,0.6623710427167961
6,28309,2023-06-10,2023,,鳥栖,札幌,D,A,0.454299754878719,0.2174947133458211,0.3282055317754599
6,29051,2023-06-10,2023,,Y.S.C.C.横浜,愛媛FC,H,A,0.49560581456911146,0.2245526973636086,0.27984148806727993
6,29052,2023-06-10,2023,,鹿児島ユナイテッドFC,ヴァンラーレ八戸,A,D,0.17373142668303593,0.4839805085437417,0.34228806477322243
6,28310,2023-06-11,2023,,新潟,京都,A,D,0.28181423070186545,0.4504995446347479,0.2676862246633867
6,28311,2023-06-11,2023,,名古屋,福岡,H,D,0.2581626163816657,0.5071333740770343,0.2347040095412999
6,28312,2023-06-11,2023,,鹿島,湘南,H,H,0.3080938641789674,0.27906761337138036,0.4128385224496522
6,28313,2023-06-11,2023,,G大阪,FC東京,H,A,0.4532741501383314,0.2806542323352351,0.2660716175264335
6,28314,2023-06-11,2023,,横浜FC,浦和,D,D,0.24727756831490635,0.4859820203180051,0.26674041136708865
6,28315,2023-06-11,2023,,川崎F,広島,H,H,0.3666944912168144,0.1359034940086811,0.4974020147745046
6,28678,2023-06-11,2023,,仙台,磐田,A,A,0.4570233329312968,0.2979586310883754,0.2450180359803279
6,28679,2023-06-11,2023,,秋田,ツエーゲン金沢,D,A,0.4893000906360311,0.15641819575113622,0.35428171361283267
6,28680,2023-06-11,2023,,山形,いわきFC,H,H,0.27092052970690855,0.16834364976272123,0.5607358205303702
6,28681,2023-06-11,2023,,町田,V・ファーレン長崎,H,A,0.5129197281816952,0.31626773038469097,0.17081254143361396
6,28682,2023-06-11,2023,,水戸,千葉,H,A,0.47217204978348554,0.345889615331139,0.18193833488537553
6,28683,2023-06-11,2023,,甲府,レノファ山口FC,H,H,0.26726938506673176,0.24813376419382993,0.4845968507394384
6,28684,2023-06-11,2023,,徳島,栃木SC,H,A,0.4346556611744739,0.18136931809292184,0.3839750207326043
6,28685,2023-06-11,2023,,ザスパクサツ群馬,大分,A,H,0.3828095408916882,0.2199264784776304,0.3972639806306813
6,28686,2023-06-11,2023,,大宮,藤枝MYFC,A,D,0.35957427419627525,0.4676323915394635,0.17279333426426127
6,28687,2023-06-11,2023,,岡山,東京V,A,H,0.2245087272512623,0.3617835696936602,0.4137077030550775
6,28688,2023-06-11,2023,,熊本,清水,A,D,0.41033153724334304,0.4224153765961022,0.1672530861605548
6,29053,2023-06-11,2023,,富山,ガイナーレ鳥取,D,D,0.21577290514149702,0.4174158354538116,0.36681125940469134
6,29054,2023-06-11,2023,,アスルクラロ沼津,FC岐阜,D,H,0.3231166139963524,0.1702319990001956,0.506651387003452
6,29055,2023-06-11,2023,,福島ユナイテッドFC,FC大阪,A,H,0.3943916933437657,0.18808288904120932,0.417525417615025
6,29056,2023-06-11,2023,,カマタマーレ讃岐,いわてグルージャ盛岡,H,A,0.47221651345747007,0.3389689533378627,0.18881453320466718
6,29057,2023-06-11,2023,,ギラヴァンツ北九州,奈良クラブ,D,H,0.2854045229543215,0.233255412086087,0.48134006495959153
6,29058,2023-06-11,2023,,SC相模原,テゲバジャーロ宮崎,D,H,0.17692952554161145,0.21150547441415116,0.6115650000442374
6,29059,2023-06-11,2023,,AC長野パルセイロ,FC琉球,A,H,0.18155985943440425,0.22825355987566479,0.590186580689931
6,29060,2023-06-11,2023,,FC今治,松本山雅FC,A,A,0.46020481580493755,0.36403431456055163,0.17576086963451087
6,28689,2023-06-17,2023,,藤枝MYFC,熊本,A,H,0.3208977014583186,0.151259178865636,0.5278431196760455
6,28690,2023-06-17,2023,,ツエーゲン金沢,水戸,H,H,0.25851046231686403,0.25951407737002197,0.48197546031311406
6,28691,2023-06-17,2023,,徳島,山形,D,H,0.26316191700388714,0.2387346820794503,0.49810340091666266
6,28692,2023-06-17,2023,,V・ファーレン長崎,大宮,H,H,0.2843051264595806,0.3056601298816675,0.41003474365875175
6,28693,2023-06-17,2023,,大分,岡山,H,H,0.21278783916200114,0.3090515348417428,0.4781606259962561
6,29061,2023-06-17,2023,,テゲバジャーロ宮崎,FC今治,D,H,0.09221389408215892,0.34219223250709224,0.5655938734107488
6,29062,2023-06-17,2023,,いわてグルージャ盛岡,富山,A,H,0.17926024754482103,0.22998294217754667,0.5907568102776323
6,29063,2023-06-17,2023,,松本山雅FC,カマタマーレ讃岐,H,H,0.19808125882249455,0.3418005033445898,0.4601182378329157
6,29064,2023-06-17,2023,,愛媛FC,奈良クラブ,H,D,0.31116254451108616,0.37618277661287003,0.3126546788760438
6,29065,2023-06-17,2023,,ガイナーレ鳥取,ギラヴァンツ北九州,A,H,0.3385690638681839,0.27604365759700983,0.3853872785348062
6,28694,2023-06-18,2023,,レノファ山口FC,仙台,H,H,0.3680321803807123,0.11278187260033906,0.5191859470189487
6,28695,2023-06-18,2023,,いわきFC,千葉,D,H,0.2498386056022656,0.34421034915688553,0.40595104524084885
6,28696,2023-06-18,2023,,栃木SC,町田,D,D,0.28016040137251824,0.43899551307610646,0.28084408555137524
6,28697,2023-06-18,2023,,東京V,ザスパクサツ群馬,D,H,0.2767871685369477,0.14834005209203194,0.5748727793710204
6,29066,2023-06-18,2023,,AC長野パルセイロ,鹿児島ユナイテッドFC,A,A,0.4506899665905102,0.18517470749333081,0.364135325916159
6,29067,2023-06-18,2023,,ヴァンラーレ八戸,福島ユナイテッドFC,A,H,0.2777800821843306,0.29261694778285746,0.42960297003281184
6,29068,2023-06-18,2023,,アスルクラロ沼津,Y.S.C.C.横浜,H,H,0.18942501288478547,0.22411815064745857,0.586456836467756
6,29069,2023-06-18,2023,,FC大阪,FC琉球,H,H,0.2324587579681475,0.3232323438372429,0.44430889819460967
6,29070,2023-06-18,2023,,FC岐阜,SC相模原,H,H,0.25993449086253806,0.10829846218321314,0.6317670469542489
6,28316,2023-06-24,2023,,札幌,C大阪,A,H,0.13172897702783928,0.2996125042345321,0.5686585187376286
6,28317,2023-06-24,2023,,柏,新潟,D,H,0.10639433311456149,0.23366919766561142,0.6599364692198271
6,28318,2023-06-24,2023,,FC東京,名古屋,H,H,0.2643884908559653,0.35268343185444667,0.38292807728958805
6,28319,2023-06-24,2023,,湘南,鳥栖,A,A,0.4565709566217874,0.18574272900198396,0.35768631437622855
6,28320,2023-06-24,2023,,京都,横浜FC,H,A,0.6054750172904992,0.11764999329403747,0.2768749894154634
6,28321,2023-06-24,2023,,G大阪,鹿島,H,D,0.3959784485670796,0.5104015428992843,0.09362000853363607
6,28322,2023-06-24,2023,,広島,横浜FM,A,D,0.3731837192214292,0.3958070019438941,0.23100927883467662
6,28323,2023-06-24,2023,,浦和,川崎F,D,D,0.25489886518944055,0.3819440684935025,0.3631570663170569
6,28700,2023-06-24,2023,,秋田,藤枝MYFC,A,D,0.30537545496167295,0.44697811968102896,0.2476464253572981
6,28701,2023-06-24,2023,,水戸,町田,D,A,0.5088343297054267,0.25728637177335173,0.23387929852122147
6,28702,2023-06-24,2023,,栃木SC,レノファ山口FC,D,H,0.17540374074582354,0.25607282073782545,0.5685234385163511
6,28703,2023-06-24,2023,,大宮,いわきFC,A,D,0.28985773170964274,0.42398229920348884,0.2861599690868685
6,28704,2023-06-24,2023,,甲府,岡山,D,A,0.5150674250496794,0.1307243047522727,0.35420827019804785
6,28705,2023-06-24,2023,,山形,東京V,A,H,0.19651597240393295,0.17400638506931923,0.6294776425267478
6,28706,2023-06-24,2023,,千葉,大分,D,H,0.274981987827261,0.2932357696680468,0.43178224250469216
6,28707,2023-06-24,2023,,V・ファーレン長崎,ツエーゲン金沢,H,A,0.37687569024883455,0.3003061469072422,0.3228181628439233
6,29071,2023-06-24,2023,,奈良クラブ,アスルクラロ沼津,A,A,0.4397453304097579,0.2801583738329867,0.2800962957572554
6,29072,2023-06-24,2023,,Y.S.C.C.横浜,FC大阪,D,A,0.4018326994171567,0.24542211257893518,0.35274518800390814
6,29073,2023-06-24,2023,,いわてグルージャ盛岡,松本山雅FC,H,H,0.2434574397081123,0.20852462124157,0.5480179390503178
6,29074,2023-06-24,2023,,富山,ヴァンラーレ八戸,H,D,0.1820518212693296,0.4250002968878197,0.39294788184285073
6,29075,2023-06-24,2023,,愛媛FC,SC相模原,H,H,0.26554857268679977,0.3196708793220794,0.4147805479911208
6,29076,2023-06-24,2023,,FC今治,カマタマーレ讃岐,H,D,0.1267230662694331,0.4569550299512145,0.4163219037793524
6,29077,2023-06-24,2023,,ギラヴァンツ北九州,AC長野パルセイロ,D,H,0.20406914076189817,0.19759163259685877,0.5983392266412431
6,29078,2023-06-24,2023,,FC琉球,テゲバジャーロ宮崎,A,D,0.33639900509309695,0.5270610532853965,0.13653994162150648
6,29079,2023-06-24,2023,,福島ユナイテッドFC,FC岐阜,A,H,0.31889777768362515,0.25924862032668056,0.4218536019896943
6,29080,2023-06-24,2023,,鹿児島ユナイテッドFC,ガイナーレ鳥取,A,H,0.3024684578111844,0.31583645516873915,0.38169508702007654
6,28324,2023-06-25,2023,,福岡,神戸,A,A,0.47123690937987256,0.3616554268712197,0.16710766374890781
6,28708,2023-06-25,2023,,仙台,徳島,D,D,0.270053349774722,0.4046030528642387,0.32534359736103935
6,28709,2023-06-25,2023,,熊本,磐田,A,H,0.18399213235765013,0.38754720552218713,0.42846066212016276
6,28710,2023-06-25,2023,,ザスパクサツ群馬,清水,D,A,0.48972288546230486,0.08066860255721026,0.42960851198048494
7,28270,2023-06-28,2023,,浦和,湘南,H,H,0.17961894977909668,0.24700874694719788,0.5733723032737055
7,28698,2023-06-28,2023,,清水,秋田,A,A,0.3980175659656424,0.35002635665649223,0.25195607737786546
7,28699,2023-06-28,2023,,磐田,甲府,D,A,0.4863829427079796,0.1534511491599983,0.3601659081320222
7,28325,2023-06-30,2023,,C大阪,福岡,A,A,0.43073667742270744,0.27406842956684613,0.2951948930104465
7,28326,2023-07-01,2023,,鹿島,京都,D,H,0.13547761570128786,0.39091872050148047,0.4736036637972317
7,28327,2023-07-01,2023,,新潟,広島,H,D,0.2162540738337746,0.4505451088218446,0.33320081734438073
7,28328,2023-07-01,2023,,名古屋,川崎F,H,A,0.3958844180124753,0.21852927696726115,0.38558630502026353
7,28329,2023-07-01,2023,,横浜FC,G大阪,D,D,0.28832835493123965,0.3752269324377884,0.3364447126309719
7,28330,2023-07-01,2023,,FC東京,柏,H,H,0.2507600172191547,0.30689913692364384,0.4423408458572014
7,28331,2023-07-01,2023,,神戸,札幌,D,H,0.3743630221138,0.22744742231336476,0.39818955557283514
7,28332,2023-07-01,2023,,鳥栖,浦和,A,H,0.13030556351137673,0.33316015288461254,0.5365342836040107
7,28711,2023-07-01,2023,,町田,大宮,H,H,0.09789164332795923,0.297146875438327,0.6049614812337137
7,28712,2023-07-01,2023,,清水,V・ファーレン長崎,H,A,0.5006887904466287,0.23699747923848138,0.26231373031488986
7,28713,2023-07-01,2023,,千葉,甲府,H,H,0.14848161092790413,0.2782108592691259,0.57330752980297
7,28714,2023-07-01,2023,,ツエーゲン金沢,栃木SC,A,A,0.434143802433676,0.2727902535649192,0.29306594400140473
7,28715,2023-07-01,2023,,磐田,大分,D,A,0.4120904071011122,0.3537973566912981,0.23411223620758975
7,28716,2023-07-01,2023,,藤枝MYFC,レノファ山口FC,D,A,0.6086044661898554,0.13947412874877527,0.25192140506136934
7,28717,2023-07-01,2023,,岡山,水戸,H,H,0.3570658487603522,0.2327406908000335,0.41019346043961424
7,28718,2023-07-01,2023,,徳島,ザスパクサツ群馬,D,D,0.12802148866460739,0.46036770591429743,0.4116108054210953
7,28719,2023-07-01,2023,,山形,仙台,H,D,0.27904710904406277,0.3747329511920553,0.34621993976388193
7,29081,2023-07-01,2023,,テゲバジャーロ宮崎,Y.S.C.C.横浜,D,H,0.14404040916700486,0.10870177090577267,0.7472578199272225
7,29082,2023-07-01,2023,,SC相模原,ヴァンラーレ八戸,A,A,0.37234136079157937,0.35930120395925963,0.268357435249161
7,29083,2023-07-01,2023,,松本山雅FC,愛媛FC,D,A,0.4068937384141611,0.2318974054599431,0.36120885612589576
7,29084,2023-07-01,2023,,AC長野パルセイロ,FC今治,A,H,0.19039682242431472,0.15343916881874012,0.6561640087569452
7,29085,2023-07-01,2023,,富山,鹿児島ユナイテッドFC,A,A,0.4967514519339766,0.1950573109152335,0.30819123715078983
7,29086,2023-07-01,2023,,福島ユナイテッドFC,奈良クラブ,A,H,0.24440113842916317,0.36745637639549883,0.38814248517533795
7,29087,2023-07-01,2023,,ガイナーレ鳥取,FC大阪,D,H,0.3309030452641155,0.25019713155950285,0.4188998231763816
7,29088,2023-07-01,2023,,アスルクラロ沼津,ギラヴァンツ北九州,H,H,0.16411768384806427,0.29766834831071404,0.5382139678412217
7,28333,2023-07-02,2023,,横浜FM,湘南,H,H,0.15369273054615554,0.22826649807407912,0.6180407713797654
7,28720,2023-07-02,2023,,秋田,いわきFC,D,H,0.25111970184344695,0.35058107610347655,0.39829922205307655
7,28721,2023-07-02,2023,,熊本,東京V,A,H,0.39586953733953034,0.2070018774506498,0.3971285852098197
7,29089,2023-07-02,2023,,カマタマーレ讃岐,FC琉球,A,H,0.27865351432186525,0.3005194683437077,0.42082701733442707
7,29090,2023-07-02,2023,,FC岐阜,いわてグルージャ盛岡,D,H,0.2098930199172608,0.3001806155524276,0.4899263645303116
7,28722,2023-07-05,2023,,仙台,清水,A,A,0.3923363802843468,0.33929692405908113,0.26836669565657206
7,28723,2023-07-05,2023,,いわきFC,栃木SC,H,A,0.38283080941535735,0.2812175411658644,0.33595164941877825
7,28724,2023-07-05,2023,,水戸,徳島,H,H,0.4240659714537694,0.11661385138482015,0.4593201771614105
7,28725,2023-07-05,2023,,ザスパクサツ群馬,熊本,D,A,0.489789471583385,0.3243545065758864,0.18585602184072858
7,28726,2023-07-05,2023,,大宮,千葉,H,H,0.3660457687837813,0.17433584774540758,0.4596183834708112
7,28727,2023-07-05,2023,,東京V,V・ファーレン長崎,A,H,0.23591238418956637,0.3211241207568365,0.4429634950535972
7,28728,2023-07-05,2023,,甲府,秋田,H,D,0.10455730996334486,0.5361037512018018,0.35933893883485346
7,28729,2023-07-05,2023,,磐田,ツエーゲン金沢,H,A,0.3979935004692603,0.24726519360045326,0.35474130593028647
7,28730,2023-07-05,2023,,岡山,藤枝MYFC,A,A,0.4182784550300479,0.29158600247005384,0.2901355424998982
7,28731,2023-07-05,2023,,レノファ山口FC,山形,H,A,0.42134729469392923,0.2906505550795177,0.288002150226553
7,28732,2023-07-05,2023,,大分,町田,A,A,0.41990590900136743,0.2841759980372092,0.29591809296142335
7,28334,2023-07-07,2023,,新潟,神戸,A,D,0.21319903585170594,0.5469100261397594,0.2398909380085347
7,28335,2023-07-08,2023,,名古屋,横浜FM,D,A,0.4752969302302187,0.3261617317900261,0.1985413379797552
7,28336,2023-07-08,2023,,広島,鹿島,D,A,0.5038697848796408,0.16997065575649417,0.32615955936386504
7,28337,2023-07-08,2023,,浦和,FC東京,D,D,0.2458585493610018,0.395134861411974,0.3590065892270242
7,28338,2023-07-08,2023,,柏,湘南,D,H,0.13635765616166678,0.3970636426230405,0.4665787012152927
7,28339,2023-07-08,2023,,川崎F,横浜FC,H,H,0.2322372534947465,0.18981934018020072,0.5779434063250528
7,28340,2023-07-08,2023,,G大阪,京都,H,A,0.38893743689035604,0.3212653714438793,0.2897971916657647
7,28341,2023-07-08,2023,,福岡,札幌,H,H,0.29927172150087444,0.27816657844885345,0.4225617000502721
7,28342,2023-07-08,2023,,鳥栖,C大阪,H,A,0.4052522220382024,0.19745433491226053,0.397293443049537
7,29091,2023-07-08,2023,,Y.S.C.C.横浜,カマタマーレ讃岐,A,D,0.3404128172127467,0.35627125145574234,0.3033159313315111
7,29092,2023-07-08,2023,,テゲバジャーロ宮崎,ガイナーレ鳥取,A,D,0.27681592817482875,0.4162026063450739,0.30698146548009736
7,29093,2023-07-08,2023,,いわてグルージャ盛岡,ギラヴァンツ北九州,A,H,0.27938925226157557,0.2171084938176516,0.5035022539207729
7,29094,2023-07-08,2023,,FC琉球,松本山雅FC,H,H,0.28222009948928334,0.11859826353004158,0.5991816369806751
7,29095,2023-07-08,2023,,ヴァンラーレ八戸,AC長野パルセイロ,H,A,0.3642737391089572,0.3085670057081341,0.32715925518290867
7,29096,2023-07-08,2023,,FC今治,アスルクラロ沼津,D,D,0.2302658259905726,0.5172687805390407,0.25246539347038677
7,28733,2023-07-09,2023,,秋田,熊本,D,A,0.4557057859674246,0.23716800498326127,0.30712620904931404
7,28734,2023-07-09,2023,,いわきFC,水戸,H,H,0.2178673258041975,0.22639723989201024,0.5557354343037924
7,28735,2023-07-09,2023,,栃木SC,仙台,D,H,0.23258638701850362,0.2231061150611357,0.5443074979203607
7,28736,2023-07-09,2023,,町田,東京V,D,H,0.1778986209934985,0.39041970972368156,0.43168166928281987
7,28737,2023-07-09,2023,,藤枝MYFC,甲府,A,A,0.5015578479571052,0.17864458352029547,0.31979756852259933
7,28738,2023-07-09,2023,,V・ファーレン長崎,レノファ山口FC,A,H,0.36642527601057756,0.08159671332211907,0.5519780106673033
7,28739,2023-07-09,2023,,山形,磐田,A,H,0.22767780945508512,0.37846251900267236,0.3938596715422426
7,28740,2023-07-09,2023,,ザスパクサツ群馬,大宮,H,H,0.07509455303452184,0.3195996595665111,0.6053057873989671
7,28741,2023-07-09,2023,,千葉,ツエーゲン金沢,H,H,0.270279730057834,0.25260382698102585,0.4771164429611402
7,28742,2023-07-09,2023,,徳島,岡山,D,H,0.3055031234697096,0.17641972313388057,0.5180771533964099
7,28743,2023-07-09,2023,,大分,清水,A,H,0.1362896295903667,0.3390397914665853,0.524670578943048
7,29097,2023-07-09,2023,,奈良クラブ,FC岐阜,H,H,0.24414911857008717,0.351724997089646,0.40412588434026686
7,29098,2023-07-09,2023,,FC大阪,SC相模原,H,A,0.4107664720863362,0.33057960232012634,0.2586539255935374
7,29099,2023-07-09,2023,,鹿児島ユナイテッドFC,福島ユナイテッドFC,H,H,0.07750195789829399,0.14101041942852216,0.7814876226731838
7,29100,2023-07-09,2023,,愛媛FC,富山,H,A,0.47658659689304206,0.1422360632405251,0.38117733986643276
7,28343,2023-07-15,2023,,札幌,新潟,A,H,0.16820680779493907,0.19246372715257384,0.6393294650524871
7,28344,2023-07-15,2023,,横浜FM,川崎F,A,H,0.1605401725556035,0.12849378554140709,0.7109660419029894
7,28744,2023-07-15,2023,,レノファ山口FC,いわきFC,D,H,0.2674147388211364,0.24849123338369394,0.4840940277951697
7,28753,2023-07-15,2023,,東京V,徳島,D,A,0.5030354919086766,0.1393272880277111,0.3576372200636123
7,29101,2023-07-15,2023,,SC相模原,奈良クラブ,H,D,0.2434172089156661,0.42328478358216803,0.33329800750216576
7,29102,2023-07-15,2023,,富山,FC琉球,H,A,0.6580407885099018,0.1474618751549937,0.19449733633510446
7,29103,2023-07-15,2023,,FC岐阜,FC今治,D,H,0.3497428520449206,0.23100207594241803,0.41925507201266143
7,29104,2023-07-15,2023,,カマタマーレ讃岐,テゲバジャーロ宮崎,H,A,0.46958536353504665,0.24917024292374304,0.2812443935412103
7,29105,2023-07-15,2023,,ヴァンラーレ八戸,愛媛FC,A,H,0.32378356979067274,0.1377117250646825,0.5385047051446448
7,28345,2023-07-16,2023,,広島,横浜FC,D,A,0.43225411473902325,0.24515907230660175,0.32258681295437497
7,28346,2023-07-16,2023,,FC東京,鹿島,A,H,0.13974837748773128,0.3268574664281239,0.5333941560841449
7,28347,2023-07-16,2023,,湘南,福岡,A,D,0.40858226211803506,0.4360788328545977,0.15533890502736722
7,28348,2023-07-16,2023,,京都,名古屋,H,A,0.4434117795137558,0.2669330417366737,0.2896551787495705
7,28349,2023-07-16,2023,,G大阪,柏,H,H,0.19656045624189805,0.36607133033404543,0.43736821342405663
7,28350,2023-07-16,2023,,C大阪,浦和,H,H,0.34501926514739717,0.20270174664171028,0.4522789882108925
7,28351,2023-07-16,2023,,神戸,鳥栖,H,D,0.25035651923128666,0.5081825124977171,0.24146096827099622
7,28746,2023-07-16,2023,,水戸,山形,H,H,0.19098316900513507,0.30716289928116236,0.5018539317137026
7,28747,2023-07-16,2023,,甲府,ザスパクサツ群馬,A,A,0.5055815971880315,0.11097711903968041,0.3834412837722881
7,28748,2023-07-16,2023,,清水,千葉,D,D,0.23342088501333536,0.4052216902165076,0.36135742477015703
7,28749,2023-07-16,2023,,岡山,V・ファーレン長崎,D,D,0.1961334775879541,0.4375683103670347,0.36629821204501123
7,28750,2023-07-16,2023,,大宮,栃木SC,D,A,0.5049101987487363,0.29972530969623473,0.19536449155502905
7,28751,2023-07-16,2023,,ツエーゲン金沢,仙台,H,H,0.11859041806290418,0.25245917066165263,0.6289504112754433
7,28752,2023-07-16,2023,,磐田,藤枝MYFC,H,D,0.2250967611105979,0.47307915000303946,0.3018240888863626
7,28754,2023-07-16,2023,,熊本,大分,A,H,0.24036718047015185,0.37981338502728984,0.37981943450255834
7,29106,2023-07-16,2023,,いわてグルージャ盛岡,Y.S.C.C.横浜,H,H,0.18766510181339852,0.1807999888874241,0.6315349092991774
7,29107,2023-07-16,2023,,松本山雅FC,福島ユナイテッドFC,A,H,0.14844384384134315,0.19735563106852702,0.6542005250901298
7,29108,2023-07-16,2023,,AC長野パルセイロ,ガイナーレ鳥取,D,H,0.38840290366440283,0.20559825764719936,0.40599883868839787
7,29109,2023-07-16,2023,,ギラヴァンツ北九州,FC大阪,D,D,0.2340541092486674,0.511622043882005,0.2543238468693276
7,29110,2023-07-16,2023,,アスルクラロ沼津,鹿児島ユナイテッドFC,H,A,0.46161379794456453,0.2688174893142309,0.2695687127412045
7,28298,2023-07-22,2023,,神戸,川崎F,D,A,0.4356105731850301,0.2652299399295884,0.2991594868853815
7,28755,2023-07-22,2023,,栃木SC,清水,D,D,0.21656005710803086,0.4299342059286901,0.3535057369632791
7,28756,2023-07-22,2023,,町田,千葉,A,A,0.5589687887987653,0.07708580362306792,0.36394540757816674
7,28757,2023-07-22,2023,,山形,V・ファーレン長崎,H,H,0.2680570543456323,0.34978544858441474,0.38215749706995294
7,28758,2023-07-22,2023,,藤枝MYFC,ツエーゲン金沢,D,A,0.5397156464955877,0.182785007363013,0.27749934614139926
7,28759,2023-07-22,2023,,レノファ山口FC,秋田,A,H,0.1546763824675887,0.3956762753857872,0.44964734214662416
7,28763,2023-07-22,2023,,大分,いわきFC,A,H,0.37430076029604664,0.13461938447479257,0.4910798552291608
7,28765,2023-07-22,2023,,徳島,甲府,A,H,0.15243223402622527,0.269547332300993,0.5780204336727818
7,29111,2023-07-22,2023,,奈良クラブ,富山,A,D,0.1895474520150096,0.4778005946479514,0.33265195333703895
7,29112,2023-07-22,2023,,SC相模原,FC今治,D,H,0.23414227781961766,0.3608036672370446,0.4050540549433377
7,29113,2023-07-22,2023,,松本山雅FC,ヴァンラーレ八戸,H,H,0.19736829434480543,0.2836834010644377,0.5189483045907569
7,29114,2023-07-22,2023,,FC岐阜,AC長野パルセイロ,D,A,0.43668475716512306,0.33629251706651125,0.22702272576836574
7,29115,2023-07-22,2023,,テゲバジャーロ宮崎,アスルクラロ沼津,H,H,0.16589181986978888,0.1565593071740127,0.6775488729561984
7,29116,2023-07-22,2023,,FC琉球,Y.S.C.C.横浜,D,H,0.2978624486889306,0.22302141642901058,0.4791161348820589
7,29117,2023-07-22,2023,,福島ユナイテッドFC,ギラヴァンツ北九州,D,H,0.32145626678132866,0.16098328823992497,0.5175604449787464
7,29118,2023-07-22,2023,,ガイナーレ鳥取,いわてグルージャ盛岡,D,A,0.4652059959105346,0.2678182710214095,0.2669757330680561
7,28760,2023-07-23,2023,,水戸,大宮,D,H,0.20464183199287062,0.1940608524279637,0.6012973155791657
7,28761,2023-07-23,2023,,仙台,東京V,A,D,0.3079378047895563,0.40787530863419813,0.28418688657624563
7,28762,2023-07-23,2023,,ザスパクサツ群馬,磐田,D,A,0.370842190853777,0.3541713464778418,0.2749864626683813
7,29119,2023-07-23,2023,,FC大阪,カマタマーレ讃岐,D,A,0.4827005927472565,0.23177640792947393,0.2855229993232695
7,29120,2023-07-23,2023,,鹿児島ユナイテッドFC,愛媛FC,A,H,0.25717057889749234,0.1451108262508382,0.5977185948516694
7,28764,2023-07-24,2023,,熊本,岡山,A,H,0.2076029919731563,0.23949453771689921,0.5529024703099445
7,28766,2023-07-29,2023,,秋田,ザスパクサツ群馬,D,H,0.1956885532026898,0.37406561828687684,0.4302458285104333
7,28767,2023-07-29,2023,,いわきFC,磐田,A,D,0.2203306585940146,0.4814369555304146,0.2982323858755707
7,28768,2023-07-29,2023,,栃木SC,甲府,H,A,0.3640103242822864,0.2802758252426771,0.3557138504750366
7,28769,2023-07-29,2023,,東京V,水戸,D,H,0.23177212391036398,0.3120855323834898,0.4561423437061462
7,28770,2023-07-29,2023,,町田,徳島,H,D,0.31211317061928395,0.39544105425436943,0.29244577512634673
7,28771,2023-07-29,2023,,清水,岡山,H,H,0.2161691666062433,0.34982816970704883,0.4340026636867079
7,28772,2023-07-29,2023,,仙台,藤枝MYFC,D,A,0.6443496346948882,0.08499524402246059,0.2706551212826513
7,28773,2023-07-29,2023,,千葉,レノファ山口FC,H,H,0.16654929674662894,0.36280375658398883,0.4706469466693822
7,28774,2023-07-29,2023,,V・ファーレン長崎,熊本,H,A,0.37998168652076825,0.3654027776358915,0.25461553584334035
7,28775,2023-07-29,2023,,大分,山形,A,A,0.5365098143772506,0.2908272564504394,0.17266292917231002
7,29121,2023-07-29,2023,,いわてグルージャ盛岡,奈良クラブ,D,A,0.3922996355516532,0.32808904266511396,0.27961132178323284
7,29122,2023-07-29,2023,,AC長野パルセイロ,SC相模原,H,H,0.25270624707838335,0.32182728363290425,0.4254664692887123
7,29123,2023-07-29,2023,,カマタマーレ讃岐,福島ユナイテッドFC,D,H,0.27392209543078744,0.3126171071233372,0.4134607974458753
7,29124,2023-07-29,2023,,愛媛FC,松本山雅FC,D,D,0.20061787478531917,0.5613900784724296,0.23799204674225122
7,29125,2023-07-29,2023,,ギラヴァンツ北九州,ガイナーレ鳥取,A,A,0.4840115783994277,0.15212929252679727,0.36385912907377504
7,29126,2023-07-29,2023,,ヴァンラーレ八戸,FC大阪,D,D,0.34682587486649863,0.3831634052910799,0.2700107198424216
7,29127,2023-07-29,2023,,FC今治,テゲバジャーロ宮崎,H,D,0.2024850731880113,0.44274105703044564,0.354773869781543
7,29128,2023-07-29,2023,,鹿児島ユナイテッドFC,富山,H,H,0.20203139972420742,0.22037840725818578,0.5775901930176068
7,28776,2023-07-30,2023,,ツエーゲン金沢,大宮,A,D,0.21036968546294307,0.5054553288540393,0.28417498568301763
7,29129,2023-07-30,2023,,Y.S.C.C.横浜,FC岐阜,H,D,0.28958064897265307,0.38413644394454843,0.3262829070827985
7,29130,2023-07-30,2023,,アスルクラロ沼津,FC琉球,H,D,0.34200843176588075,0.36863951681143775,0.28935205142268144
7,28352,2023-08-05,2023,,湘南,広島,H,D,0.27013757938667393,0.4613058911376089,0.26855652947571723
7,28353,2023-08-05,2023,,名古屋,新潟,H,A,0.47614014896141493,0.13018679178818907,0.393673059250396
7,28777,2023-08-05,2023,,藤枝MYFC,山形,A,A,0.6123886370500153,0.20187223786314198,0.18573912508684273
7,28778,2023-08-05,2023,,岡山,町田,A,H,0.17908431131617925,0.2073869427838824,0.6135287458999384
7,29131,2023-08-05,2023,,テゲバジャーロ宮崎,鹿児島ユナイテッドFC,H,A,0.4228519715572271,0.22614821169826232,0.3509998167445106
7,29132,2023-08-05,2023,,SC相模原,カマタマーレ讃岐,H,D,0.31557133611886456,0.3788689040055907,0.30555975987554473
7,29133,2023-08-05,2023,,富山,FC今治,D,A,0.5868815833134318,0.16186399277400296,0.25125442391256525
7,29134,2023-08-05,2023,,FC岐阜,愛媛FC,D,A,0.4018735545517159,0.34758249618851905,0.250543949259765
7,29136,2023-08-05,2023,,ガイナーレ鳥取,松本山雅FC,H,D,0.2520760398246197,0.4526565274592126,0.2952674327161678
7,28354,2023-08-06,2023,,横浜FC,神戸,H,D,0.38641112810941186,0.44293234695648936,0.17065652493409883
7,28355,2023-08-06,2023,,鹿島,札幌,H,D,0.14531686420375528,0.6634085127898767,0.19127462300636808
7,28356,2023-08-06,2023,,浦和,横浜FM,D,A,0.4787154732979204,0.3550274199824954,0.16625710671958427
7,28357,2023-08-06,2023,,川崎F,G大阪,A,H,0.1382901534778633,0.3292759201917157,0.532433926330421
7,28358,2023-08-06,2023,,京都,柏,A,H,0.2499167022833162,0.3153504067680596,0.43473289094862416
7,28359,2023-08-06,2023,,C大阪,FC東京,A,A,0.4407038625151189,0.34424109769091327,0.21505503979396795
7,28360,2023-08-06,2023,,鳥栖,福岡,A,H,0.21455001798291537,0.17985412368759113,0.6055958583294935
7,28779,2023-08-06,2023,,東京V,清水,A,A,0.41580787515140466,0.1753414275080021,0.40885069734059326
7,28780,2023-08-06,2023,,甲府,ツエーゲン金沢,A,H,0.2283376109258056,0.364471385315864,0.4071910037583305
7,28781,2023-08-06,2023,,V・ファーレン長崎,いわきFC,D,D,0.23152080027555674,0.3975801044668092,0.3708990952576341
7,28782,2023-08-06,2023,,ザスパクサツ群馬,栃木SC,H,H,0.11878756253971641,0.20141896837533566,0.679793469084948
7,28783,2023-08-06,2023,,大宮,秋田,H,A,0.5636839925427147,0.24689381006197167,0.18942219739531357
7,28784,2023-08-06,2023,,磐田,仙台,H,A,0.395495005631678,0.242275885586097,0.36222910878222503
7,28785,2023-08-06,2023,,レノファ山口FC,大分,D,H,0.33712662416043704,0.3132189394650103,0.3496544363745526
7,28786,2023-08-06,2023,,徳島,千葉,D,D,0.18507510497862553,0.4094503175665907,0.4054745774547838
7,28787,2023-08-06,2023,,熊本,水戸,D,H,0.14073703022544623,0.2940018254069395,0.5652611443676143
7,29137,2023-08-06,2023,,奈良クラブ,ギラヴァンツ北九州,A,D,0.07429103193550883,0.6229759992946337,0.3027329687698575
7,29138,2023-08-06,2023,,福島ユナイテッドFC,アスルクラロ沼津,H,A,0.5484891923145518,0.09765425512095387,0.35385655256449433
7,29139,2023-08-06,2023,,AC長野パルセイロ,いわてグルージャ盛岡,A,A,0.5112276930829656,0.12397069484650325,0.36480161207053124
7,29140,2023-08-06,2023,,FC大阪,Y.S.C.C.横浜,D,H,0.21224670973935297,0.30860549495942724,0.4791477953012197
7,28361,2023-08-12,2023,,札幌,鳥栖,D,D,0.27974326972898683,0.37446172073096484,0.34579500954004827
7,28362,2023-08-12,2023,,新潟,湘南,D,H,0.18700726661370523,0.1868390404518703,0.6261536929344245
7,28363,2023-08-12,2023,,柏,C大阪,D,H,0.33851045396506924,0.29208040196099055,0.3694091440739402
7,28364,2023-08-12,2023,,FC東京,京都,H,H,0.26027110675142623,0.2289703094520871,0.5107585837964866
7,28365,2023-08-12,2023,,川崎F,神戸,A,H,0.1396410869362142,0.34626969593779366,0.5140892171259921
7,28366,2023-08-12,2023,,福岡,横浜FC,H,D,0.10730801884891351,0.4612007094928631,0.43149127165822326
7,28367,2023-08-12,2023,,横浜FM,G大阪,H,H,0.05969873078225052,0.12969465474020142,0.810606614477548
7,28788,2023-08-12,2023,,水戸,V・ファーレン長崎,D,A,0.462436324605644,0.3594663995656024,0.1780972758287536
7,28789,2023-08-12,2023,,町田,磐田,H,A,0.5307566710218997,0.15098735623749146,0.31825597274060874
7,28790,2023-08-12,2023,,清水,レノファ山口FC,H,H,0.27995460135242783,0.253536400804661,0.4665089978429112
7,28791,2023-08-12,2023,,山形,千葉,H,H,0.257157417209317,0.1126025662872759,0.6302400165034071
7,28792,2023-08-12,2023,,ツエーゲン金沢,熊本,D,A,0.4809746281643053,0.3200106700950561,0.1990147017406386
7,28793,2023-08-12,2023,,大分,藤枝MYFC,H,D,0.4215328556390586,0.44946299796884903,0.1290041463920923
7,29141,2023-08-12,2023,,Y.S.C.C.横浜,福島ユナイテッドFC,D,A,0.3860334667644429,0.35323265488217415,0.26073387835338296
7,29142,2023-08-12,2023,,テゲバジャーロ宮崎,ギラヴァンツ北九州,H,D,0.2577113199005853,0.5327207786873058,0.20956790141210888
7,29143,2023-08-12,2023,,いわてグルージャ盛岡,ヴァンラーレ八戸,A,H,0.2458780655420152,0.1364805778592176,0.6176413565987672
7,29144,2023-08-12,2023,,FC琉球,FC大阪,A,H,0.3244421435418536,0.1982076697318296,0.4773501867263168
7,29145,2023-08-12,2023,,松本山雅FC,富山,A,D,0.23389108647822698,0.4262657171896907,0.33984319633208226
7,29146,2023-08-12,2023,,FC今治,FC岐阜,A,H,0.328743437578267,0.2603042862332365,0.41095227618849645
7,28368,2023-08-13,2023,,名古屋,鹿島,H,A,0.4587160519944974,0.2423466141353574,0.2989373338701452
7,28369,2023-08-13,2023,,広島,浦和,H,A,0.47506511914994953,0.2876012169677595,0.23733366388229096
7,28794,2023-08-13,2023,,秋田,東京V,A,H,0.20972882844715177,0.3378807179279289,0.4523904536249194
7,28795,2023-08-13,2023,,いわきFC,甲府,D,D,0.2956657806455161,0.40389699858244915,0.3004372207720349
7,28796,2023-08-13,2023,,栃木SC,徳島,D,D,0.33434709163903137,0.47102157496307334,0.1946313333978953
7,28797,2023-08-13,2023,,仙台,ザスパクサツ群馬,A,A,0.541316619876277,0.18522154271249672,0.27346183741122637
7,28798,2023-08-13,2023,,大宮,岡山,D,A,0.48303436212543965,0.1579748835861019,0.35899075428845845
7,29147,2023-08-13,2023,,奈良クラブ,カマタマーレ讃岐,D,D,0.2252024460208563,0.4041155516431148,0.370682002336029
7,29148,2023-08-13,2023,,愛媛FC,ガイナーレ鳥取,H,H,0.15137651816596231,0.15314356054730044,0.6954799212867373
7,29149,2023-08-13,2023,,鹿児島ユナイテッドFC,AC長野パルセイロ,A,H,0.06521316547624426,0.29406934492187925,0.6407174896018765
7,29150,2023-08-13,2023,,アスルクラロ沼津,SC相模原,H,H,0.2230923574911155,0.3451829713250789,0.4317246711838055
7,28370,2023-08-18,2023,,福岡,新潟,A,A,0.43643662162873703,0.3069650777430352,0.25659830062822775
7,28372,2023-08-18,2023,,浦和,名古屋,H,D,0.3306038581532287,0.3599464627730077,0.30944967907376375
7,28371,2023-08-19,2023,,鹿島,鳥栖,H,H,0.19519534084030132,0.2581378109022345,0.5466668482574641
7,28373,2023-08-19,2023,,京都,札幌,H,D,0.09590940951289358,0.6223863068587112,0.28170428362839534
7,28374,2023-08-19,2023,,G大阪,湘南,H,D,0.3610506635927308,0.4004930702954239,0.23845626611184534
7,28375,2023-08-19,2023,,神戸,柏,D,A,0.5962855715253529,0.20658155841740777,0.1971328700572393
7,28376,2023-08-19,2023,,広島,川崎F,H,A,0.6315717694128714,0.15018484081584024,0.2182433897712883
7,28377,2023-08-19,2023,,横浜FM,FC東京,H,H,0.27927270199445975,0.1273466068410024,0.593380691164538
7,28799,2023-08-19,2023,,いわきFC,東京V,D,D,0.2428957915253094,0.46097660824183734,0.2961276002328532
7,28800,2023-08-19,2023,,水戸,秋田,D,D,0.362554864945209,0.4222063312200596,0.21523880383473146
7,28801,2023-08-19,2023,,甲府,磐田,A,D,0.17569173888437192,0.49665928756535954,0.3276489735502685
7,28802,2023-08-19,2023,,清水,町田,H,H,0.20202485125358433,0.17735723368098605,0.6206179150654296
7,28803,2023-08-19,2023,,仙台,大宮,H,H,0.3717656389195972,0.13467813409633944,0.49355622698406343
7,28804,2023-08-19,2023,,山形,熊本,H,H,0.3178869278650906,0.1492666818710065,0.5328463902639029
7,28805,2023-08-19,2023,,千葉,藤枝MYFC,H,A,0.6742924846397564,0.15877653738109168,0.166930977979152
7,28806,2023-08-19,2023,,岡山,大分,H,D,0.33555341183421805,0.35703277066512007,0.3074138175006619
7,28807,2023-08-19,2023,,V・ファーレン長崎,栃木SC,A,H,0.29972441826214236,0.20750546793488625,0.4927701138029715
7,29151,2023-08-19,2023,,いわてグルージャ盛岡,愛媛FC,D,H,0.38488259709210354,0.1741377882166314,0.44097961469126495
7,29152,2023-08-19,2023,,SC相模原,Y.S.C.C.横浜,H,D,0.2124560379525116,0.4012786835092045,0.3862652785382839
7,29153,2023-08-19,2023,,AC長野パルセイロ,FC岐阜,A,H,0.2405465086028553,0.3343494645354013,0.42510402686174337
7,29154,2023-08-19,2023,,ギラヴァンツ北九州,FC琉球,A,H,0.28955815399508733,0.09515067399124509,0.6152911720136676
7,29155,2023-08-19,2023,,ヴァンラーレ八戸,アスルクラロ沼津,A,A,0.44075098065697277,0.3916191818462667,0.16762983749676055
7,29156,2023-08-19,2023,,福島ユナイテッドFC,富山,H,A,0.5927540308542827,0.2096957058347537,0.19755026331096373
7,29157,2023-08-19,2023,,ガイナーレ鳥取,テゲバジャーロ宮崎,H,H,0.3618440824511904,0.2456065145540092,0.3925494029948005
7,29158,2023-08-19,2023,,カマタマーレ讃岐,FC今治,H,A,0.3827064050836904,0.2883879036932135,0.32890569122309615
7,29159,2023-08-19,2023,,鹿児島ユナイテッドFC,松本山雅FC,A,H,0.23037963311945486,0.14538862282697068,0.6242317440535744
7,28378,2023-08-20,2023,,横浜FC,C大阪,A,A,0.3851173001872442,0.29424781690963964,0.3206348829031162
7,28809,2023-08-20,2023,,徳島,レノファ山口FC,H,D,0.13422084611217172,0.46760159001370605,0.39817756387412223
7,29160,2023-08-20,2023,,FC大阪,奈良クラブ,A,H,0.2366500882392818,0.3583441342249479,0.4050057775357703
7,29135,2023-08-23,2023,,ヴァンラーレ八戸,FC琉球,D,H,0.3059550690812918,0.15845483422813528,0.535590096690573
7,28379,2023-08-25,2023,,湘南,浦和,A,D,0.32925788972637277,0.38146418993545006,0.28927792033817723
7,28380,2023-08-26,2023,,鹿島,新潟,H,H,0.3038427766000889,0.24260570653710994,0.4535515168628011
7,28381,2023-08-26,2023,,横浜FC,横浜FM,H,A,0.7396410792792595,0.16503894855725723,0.09531997216348327
7,28382,2023-08-26,2023,,柏,広島,D,H,0.21392952496727852,0.3491966868662378,0.4368737881664837
7,28383,2023-08-26,2023,,FC東京,神戸,D,H,0.2055658973436421,0.3353861485447713,0.45904795411158666
7,28384,2023-08-26,2023,,川崎F,札幌,D,D,0.05724939688238956,0.48015326879663595,0.4625973343209745
7,28385,2023-08-26,2023,,京都,福岡,H,A,0.43329294868947554,0.33686016828924664,0.22984688302127787
7,28386,2023-08-26,2023,,C大阪,名古屋,H,A,0.37518902873267357,0.2632941629910901,0.3615168082762363
7,28387,2023-08-26,2023,,鳥栖,G大阪,D,D,0.2613934002960713,0.38383129684366085,0.35477530286026787
7,28810,2023-08-26,2023,,栃木SC,水戸,D,D,0.21459072061236517,0.4389119433610582,0.3464973360265766
7,28811,2023-08-26,2023,,東京V,岡山,A,H,0.1608065010084575,0.2826480403783677,0.5565454586131747
7,28812,2023-08-26,2023,,町田,山形,H,D,0.2640532717726724,0.4006431910811147,0.33530353714621297
7,28813,2023-08-26,2023,,大宮,V・ファーレン長崎,A,D,0.21328079778962242,0.46897610214153973,0.31774310006883794
7,28814,2023-08-26,2023,,ツエーゲン金沢,徳島,A,A,0.5432944123864685,0.2923502722611756,0.16435531535235595
7,28815,2023-08-26,2023,,磐田,千葉,A,A,0.471336332262712,0.2151878343167504,0.3134758334205376
7,28817,2023-08-26,2023,,レノファ山口FC,甲府,H,A,0.5101614172812668,0.31560108764808226,0.17423749507065106
7,28818,2023-08-26,2023,,大分,仙台,A,H,0.32754920188828385,0.3005997569736348,0.3718510411380813
7,29161,2023-08-26,2023,,奈良クラブ,AC長野パルセイロ,H,A,0.3885031530586059,0.22334354957953412,0.38815329736186
7,29162,2023-08-26,2023,,ギラヴァンツ北九州,鹿児島ユナイテッドFC,D,D,0.3324749469719081,0.42532487371687466,0.24220017931121723
7,29163,2023-08-26,2023,,テゲバジャーロ宮崎,福島ユナイテッドFC,A,D,0.267593945043984,0.4909812814007416,0.24142477355527442
7,29164,2023-08-26,2023,,富山,いわてグルージャ盛岡,A,H,0.33858878502026474,0.3127523090671734,0.3486589059125618
7,29165,2023-08-26,2023,,松本山雅FC,FC今治,D,H,0.17236177698854332,0.4130298436018113,0.41460837940964546
7,29166,2023-08-26,2023,,FC岐阜,ガイナーレ鳥取,H,H,0.3198654501809714,0.33360003151218115,0.3465345183068475
7,29167,2023-08-26,2023,,愛媛FC,カマタマーレ讃岐,H,H,0.23208263290484463,0.32940738927901503,0.4385099778161403
7,29168,2023-08-26,2023,,FC琉球,SC相模原,A,H,0.3411477717206063,0.2229698738366106,0.43588235444278306
7,28819,2023-08-27,2023,,秋田,清水,D,H,0.21306755331898006,0.38436758652118463,0.4025648601598352
7,28820,2023-08-27,2023,,熊本,いわきFC,A,H,0.1826660499696197,0.24459388454260775,0.5727400654877726
7,29169,2023-08-27,2023,,Y.S.C.C.横浜,ヴァンラーレ八戸,A,A,0.42808220817095594,0.27903421619089064,0.29288357563815337
7,29170,2023-08-27,2023,,アスルクラロ沼津,FC大阪,A,H,0.19287630258912733,0.29549676192333973,0.511626935487533
7,28388,2023-09-02,2023,,札幌,G大阪,H,H,0.24364100096331567,0.1951260728085334,0.5612329262281509
7,28389,2023-09-02,2023,,柏,横浜FM,H,A,0.4233461877862945,0.34903487975005637,0.22761893246364906
7,28391,2023-09-02,2023,,湘南,鹿島,D,D,0.3423112031214674,0.3847043045201804,0.27298449235835226
7,28392,2023-09-02,2023,,新潟,浦和,D,A,0.45436331680914704,0.16266479532576392,0.382971887865089
7,28393,2023-09-02,2023,,名古屋,横浜FC,D,H,0.07934957732843662,0.24800610537109177,0.6726443173004716
7,28394,2023-09-02,2023,,C大阪,川崎F,H,H,0.25518446782000903,0.18888389015367207,0.5559316420263188
7,28396,2023-09-02,2023,,鳥栖,広島,A,H,0.17503913187850545,0.27000824357511827,0.5549526245463763
7,28821,2023-09-02,2023,,秋田,磐田,D,A,0.39790540186570283,0.39208752598752156,0.2100070721467757
7,28822,2023-09-02,2023,,ツエーゲン金沢,東京V,A,H,0.3105011896763183,0.2671567221453443,0.42234208817833746
7,29171,2023-09-02,2023,,ヴァンラーレ八戸,ガイナーレ鳥取,H,D,0.2760259632222916,0.43821584008373543,0.2857581966939729
7,29172,2023-09-02,2023,,いわてグルージャ盛岡,福島ユナイテッドFC,A,A,0.42504879402019935,0.3834444852982661,0.19150672068153465
7,29173,2023-09-02,2023,,Y.S.C.C.横浜,FC琉球,H,H,0.13394104918838415,0.18580027530765766,0.6802586755039581
7,29174,2023-09-02,2023,,AC長野パルセイロ,愛媛FC,D,D,0.22630632858553346,0.4273537229622946,0.346339948452172
7,29175,2023-09-02,2023,,富山,SC相模原,A,H,0.18694692161081206,0.21003562172429985,0.603017456664888
7,29176,2023-09-02,2023,,FC今治,ギラヴァンツ北九州,H,A,0.48492388452460944,0.3156226113611283,0.19945350411426238
7,29177,2023-09-02,2023,,テゲバジャーロ宮崎,カマタマーレ讃岐,A,D,0.21506815834653586,0.5242096789226832,0.2607221627307809
7,29178,2023-09-02,2023,,鹿児島ユナイテッドFC,FC岐阜,H,H,0.22279470986547992,0.27173585773839853,0.5054694323961215
7,28390,2023-09-03,2023,,FC東京,福岡,A,A,0.5336797624690851,0.2859907498124513,0.18032948771846347
7,28395,2023-09-03,2023,,神戸,京都,H,H,0.2563960200807967,0.29230931664554743,0.45129466327365586
7,28823,2023-09-03,2023,,仙台,甲府,D,H,0.2569652579288663,0.22051934575146526,0.5225153963196685
7,28824,2023-09-03,2023,,山形,大宮,D,H,0.32730982107699347,0.27375404825058686,0.39893613067241973
7,28825,2023-09-03,2023,,いわきFC,岡山,A,H,0.21866215845912101,0.2309732579495804,0.5503645835912986
7,28826,2023-09-03,2023,,栃木SC,藤枝MYFC,H,D,0.2217614334507088,0.42873776863701707,0.3495007979122741
7,28827,2023-09-03,2023,,ザスパクサツ群馬,町田,D,A,0.48665078452792276,0.17790692463129856,0.33544229084077876
7,28828,2023-09-03,2023,,千葉,熊本,H,H,0.30222172181387935,0.3351414408794073,0.36263683730671337
7,28829,2023-09-03,2023,,清水,徳島,D,H,0.217512223629822,0.3042855513707852,0.47820222499939274
7,28830,2023-09-03,2023,,レノファ山口FC,水戸,A,A,0.410605602599455,0.20837926130275974,0.3810151360977853
7,28831,2023-09-03,2023,,V・ファーレン長崎,大分,D,H,0.1909636739322465,0.37743178203463884,0.4316045440331146
7,29179,2023-09-03,2023,,アスルクラロ沼津,奈良クラブ,A,H,0.129685650892241,0.1793644892246448,0.6909498598831143
7,29180,2023-09-03,2023,,FC大阪,松本山雅FC,H,A,0.49565857932445756,0.33288029493042937,0.171461125745113
7,28832,2023-09-09,2023,,水戸,ツエーゲン金沢,H,H,0.3230213180127444,0.29347586852336416,0.3835028134638915
7,28833,2023-09-09,2023,,千葉,秋田,H,A,0.6034061591894395,0.16246014440884565,0.2341336964017149
7,28834,2023-09-09,2023,,東京V,レノファ山口FC,H,H,0.15611347122624028,0.2705406868790657,0.5733458418946941
7,28835,2023-09-09,2023,,町田,栃木SC,A,H,0.357868077693166,0.15179303308674172,0.49033888922009233
7,28836,2023-09-09,2023,,甲府,大分,H,A,0.45243229741139174,0.32590056882654117,0.22166713376206718
7,28837,2023-09-09,2023,,岡山,仙台,H,H,0.15001151886458777,0.26111530413973655,0.5888731769956758
7,28838,2023-09-09,2023,,V・ファーレン長崎,ザスパクサツ群馬,H,A,0.40931823058147043,0.19485202496714352,0.3958297444513861
7,28841,2023-09-09,2023,,清水,山形,H,A,0.42677974225702425,0.22422274435054862,0.34899751339242724
7,28842,2023-09-09,2023,,磐田,大宮,H,A,0.34952181251262765,0.3446733732548842,0.30580481423248823
7,29181,2023-09-09,2023,,いわてグルージャ盛岡,FC大阪,A,H,0.28222846649140276,0.08148526376944405,0.6362862697391533
7,29182,2023-09-09,2023,,福島ユナイテッドFC,AC長野パルセイロ,A,D,0.1766094801453563,0.4753397888551327,0.34805073099951106
7,29183,2023-09-09,2023,,SC相模原,鹿児島ユナイテッドFC,A,D,0.30627650461202155,0.4119342792603315,0.28178921612764696
7,29184,2023-09-09,2023,,松本山雅FC,FC琉球,H,A,0.37268217530205733,0.32908337886617656,0.29823444583176606
7,29185,2023-09-09,2023,,FC岐阜,テゲバジャーロ宮崎,D,A,0.44090977347389343,0.2865745365603626,0.272515689965744
7,29186,2023-09-09,2023,,奈良クラブ,FC今治,D,D,0.1292568452207664,0.49330050302770173,0.37744265175153185
7,29187,2023-09-09,2023,,ガイナーレ鳥取,Y.S.C.C.横浜,H,H,0.3085503809000814,0.136396236288797,0.5550533828111216
7,29188,2023-09-09,2023,,愛媛FC,アスルクラロ沼津,H,H,0.35433999307202096,0.2102377868262016,0.4354222201017775
7,29189,2023-09-09,2023,,ギラヴァンツ北九州,ヴァンラーレ八戸,H,D,0.38643949613543205,0.3995553929421658,0.2140051109224022
7,28839,2023-09-10,2023,,徳島,いわきFC,H,A,0.3943706439208779,0.3354842831658293,0.2701450729132928
7,28840,2023-09-10,2023,,熊本,藤枝MYFC,A,H,0.30286694226730004,0.220942068938719,0.47619098879398103
7,29190,2023-09-10,2023,,カマタマーレ讃岐,富山,H,D,0.28982378039655154,0.46488078842161257,0.2452954311818359
7,28402,2023-09-15,2023,,浦和,京都,D,A,0.4404059851870642,0.19249366611239596,0.3671003487005398
7,28403,2023-09-15,2023,,川崎F,FC東京,H,A,0.4061445190057667,0.24126710495997974,0.35258837603425347
7,28404,2023-09-15,2023,,横浜FM,鳥栖,D,H,0.12970724780112933,0.27356030521400243,0.5967324469848683
7,28843,2023-09-15,2023,,甲府,東京V,D,H,0.1452807531862021,0.2513121779672278,0.6034070688465701
7,28397,2023-09-16,2023,,札幌,湘南,A,H,0.33581130812017995,0.13301649352327322,0.5311721983565468
7,28398,2023-09-16,2023,,鹿島,C大阪,H,A,0.43482496207746707,0.33757660961417396,0.22759842830835902
7,28401,2023-09-16,2023,,福岡,名古屋,H,H,0.3588702684583626,0.26407771951780323,0.3770520120238341
7,28405,2023-09-16,2023,,広島,神戸,H,A,0.4697821906632572,0.3618102501244072,0.1684075592123355
7,28844,2023-09-16,2023,,秋田,V・ファーレン長崎,D,A,0.4165480503372467,0.20589903031057769,0.3775529193521756
7,28845,2023-09-16,2023,,栃木SC,千葉,A,H,0.29071254244291783,0.31306815477346595,0.3962193027836161
7,28846,2023-09-16,2023,,大宮,熊本,A,A,0.7769044021708161,0.13653613435601386,0.08655946347316999
7,28847,2023-09-16,2023,,磐田,レノファ山口FC,D,H,0.28558924974944194,0.2831266727486887,0.43128407750186937
7,28848,2023-09-16,2023,,大分,徳島,D,H,0.11706957090055543,0.11062964900666633,0.7723007800927782
7,28849,2023-09-16,2023,,仙台,水戸,A,A,0.673603434695088,0.13214367145207764,0.19425289385283434
7,28850,2023-09-16,2023,,山形,岡山,H,A,0.5282656758124139,0.1004531559747272,0.37128116821285895
7,29191,2023-09-16,2023,,ヴァンラーレ八戸,奈良クラブ,D,D,0.23276604461180125,0.42287664303468514,0.3443573123535136
7,29192,2023-09-16,2023,,SC相模原,FC岐阜,D,D,0.29692067710444525,0.45046736746889005,0.2526119554266648
7,29193,2023-09-16,2023,,ガイナーレ鳥取,福島ユナイテッドFC,D,A,0.4299301653945894,0.36136481215416605,0.2087050224512446
7,29194,2023-09-16,2023,,FC今治,AC長野パルセイロ,H,H,0.15713034571350412,0.27013708380248974,0.5727325704840062
7,29195,2023-09-16,2023,,ギラヴァンツ北九州,アスルクラロ沼津,A,A,0.39209043299555096,0.35187216919699027,0.25603739780745877
7,29197,2023-09-16,2023,,鹿児島ユナイテッドFC,カマタマーレ讃岐,D,H,0.21074886852422262,0.324180101384936,0.4650710300908414
7,28399,2023-09-17,2023,,横浜FC,柏,A,H,0.3741746177028412,0.21803173033690593,0.4077936519602529
7,28400,2023-09-17,2023,,G大阪,新潟,D,H,0.25885684534650644,0.10259366369241484,0.6385494909610787
7,28851,2023-09-17,2023,,ザスパクサツ群馬,いわきFC,H,H,0.3099219457246625,0.286793651666769,0.4032844026085685
7,28852,2023-09-17,2023,,ツエーゲン金沢,清水,A,A,0.48570673713730816,0.30031219697446876,0.213981065888223
7,28853,2023-09-17,2023,,藤枝MYFC,町田,D,H,0.20332686432060496,0.35458226265611237,0.4420908730232827
7,29196,2023-09-17,2023,,テゲバジャーロ宮崎,松本山雅FC,A,H,0.14122422091271838,0.16968784585678737,0.6890879332304943
7,29198,2023-09-17,2023,,富山,FC大阪,H,H,0.23221364305916325,0.2427429221763899,0.5250434347644469
7,29199,2023-09-17,2023,,FC琉球,愛媛FC,A,A,0.5556925943922556,0.23766067867880417,0.20664672692894023
7,29200,2023-09-18,2023,,Y.S.C.C.横浜,いわてグルージャ盛岡,H,H,0.30477580456514547,0.3403421959507794,0.3548819994840752
7,28406,2023-09-23,2023,,FC東京,鳥栖,H,H,0.26899315218832937,0.3542216927238047,0.376785155087866
7,28408,2023-09-23,2023,,柏,福岡,A,D,0.27033515506626066,0.3710142301296549,0.35865061480408444
7,28410,2023-09-23,2023,,新潟,横浜FC,H,H,0.2983390045357648,0.31801890435522817,0.38364209110900704
7,28411,2023-09-23,2023,,名古屋,札幌,D,A,0.42693259035246095,0.2707983637347856,0.30226904591275355
7,28412,2023-09-23,2023,,京都,広島,H,A,0.43275860619247486,0.2902526062525162,0.27698878755500905
7,28414,2023-09-23,2023,,神戸,C大阪,H,H,0.35126447052752685,0.2619123134848978,0.3868232159875754
7,28854,2023-09-23,2023,,秋田,山形,D,A,0.4462707248952042,0.15799211988751233,0.39573715521728353
7,28855,2023-09-23,2023,,いわきFC,ツエーゲン金沢,H,A,0.400048933164449,0.3232331314712651,0.2767179353642859
7,28856,2023-09-23,2023,,水戸,大分,A,H,0.1733009112085078,0.1917992707234008,0.6348998180680914
7,28857,2023-09-23,2023,,千葉,仙台,H,D,0.27609458094761186,0.5487814604335822,0.17512395861880597
7,28858,2023-09-23,2023,,レノファ山口FC,ザスパクサツ群馬,H,H,0.37573698729871485,0.21954411166340781,0.4047189010378774
7,28859,2023-09-23,2023,,V・ファーレン長崎,町田,A,H,0.2907109999349694,0.24787137018508884,0.46141762987994184
7,29201,2023-09-23,2023,,いわてグルージャ盛岡,テゲバジャーロ宮崎,H,D,0.27148494804782847,0.3901960275975012,0.3383190243546703
7,29202,2023-09-23,2023,,AC長野パルセイロ,富山,H,H,0.2443004975511174,0.15044752648337886,0.6052519759655037
7,29203,2023-09-23,2023,,奈良クラブ,FC琉球,A,H,0.0855807316023794,0.4418569511208745,0.47256231727674614
7,29204,2023-09-23,2023,,愛媛FC,鹿児島ユナイテッドFC,A,D,0.1539020346058549,0.47304353657160797,0.3730544288225372
7,29205,2023-09-23,2023,,FC今治,ヴァンラーレ八戸,H,H,0.32904224652216485,0.285421433157497,0.38553632032033813
7,28407,2023-09-24,2023,,鹿島,横浜FM,A,H,0.38707601254281176,0.2207024584870445,0.39222152897014373
7,28409,2023-09-24,2023,,湘南,川崎F,A,H,0.10561910705903343,0.3542244572451968,0.5401564356957698
7,28413,2023-09-24,2023,,G大阪,浦和,A,D,0.4090661724459397,0.4326604046187993,0.15827342293526106
7,28860,2023-09-24,2023,,清水,甲府,D,A,0.44510562919139435,0.29754069689796586,0.2573536739106398
7,28861,2023-09-24,2023,,東京V,藤枝MYFC,D,H,0.2979561368127969,0.14397830205314294,0.5580655611340603
7,28862,2023-09-24,2023,,岡山,磐田,H,H,0.37799108975185636,0.20127982572629613,0.4207290845218474
7,28863,2023-09-24,2023,,徳島,大宮,A,D,0.17678280119821896,0.4659823238293568,0.3572348749724243
7,28864,2023-09-24,2023,,熊本,栃木SC,H,H,0.09460040499786605,0.31541124820940913,0.5899883467927248
7,29206,2023-09-24,2023,,福島ユナイテッドFC,SC相模原,D,H,0.19378062955531597,0.2774812947203803,0.5287380757243038
7,29207,2023-09-24,2023,,松本山雅FC,FC岐阜,D,H,0.13619785924466724,0.4140153355656306,0.4497868051897021
7,29208,2023-09-24,2023,,アスルクラロ沼津,ガイナーレ鳥取,A,H,0.28206371960601145,0.315222098898001,0.4027141814959874
7,29209,2023-09-24,2023,,FC大阪,ギラヴァンツ北九州,D,H,0.1734547864568372,0.29486407063757636,0.5316811429055864
7,29210,2023-09-24,2023,,カマタマーレ讃岐,Y.S.C.C.横浜,A,H,0.19319189805729794,0.14420006792733642,0.6626080340153657
8,28808,2023-09-27,2023,,ザスパクサツ群馬,ツエーゲン金沢,D,H,0.22323435298273417,0.33086071783486937,0.4459049291823965
8,28886,2023-09-27,2023,,徳島,熊本,A,A,0.39735069697018605,0.20866088431113256,0.39398841871868134
8,28420,2023-09-29,2023,,浦和,横浜FC,D,H,0.2886907429236305,0.34254722241638125,0.36876203465998825
8,28421,2023-09-29,2023,,川崎F,新潟,A,H,0.3765977182385258,0.17972301340714128,0.4436792683543329
8,28422,2023-09-29,2023,,横浜FM,神戸,A,H,0.18600424933973103,0.36570879241676507,0.4482869582435039
8,28415,2023-09-30,2023,,札幌,柏,A,H,0.3015421336460312,0.25550800517645095,0.44294986117751795
8,28417,2023-09-30,2023,,C大阪,湘南,A,D,0.3314584505621426,0.35579001851296876,0.31275153092488867
8,28418,2023-09-30,2023,,福岡,鹿島,D,H,0.13633676865079733,0.2678684329184443,0.5957947984307584
8,28419,2023-09-30,2023,,鳥栖,京都,H,H,0.29801938179869614,0.3461279037279777,0.3558527144733261
8,28423,2023-09-30,2023,,広島,名古屋,H,A,0.3899533055145735,0.2907659686028657,0.31928072588256073
8,28865,2023-09-30,2023,,甲府,水戸,H,H,0.2875361652309914,0.1841628299591765,0.5283010048098321
8,28866,2023-09-30,2023,,藤枝MYFC,清水,H,A,0.38016146354113095,0.2784539410794197,0.34138459537944943
8,28867,2023-09-30,2023,,大分,大宮,A,A,0.502171713614481,0.25370940718980517,0.24411887919571393
8,28868,2023-09-30,2023,,仙台,熊本,H,H,0.28040989779861786,0.3103278265588653,0.40926227564251694
8,29211,2023-09-30,2023,,ヴァンラーレ八戸,松本山雅FC,A,A,0.5898336390611998,0.175105924155434,0.23506043678336627
8,29212,2023-09-30,2023,,SC相模原,ギラヴァンツ北九州,H,H,0.2813127244173958,0.35442323653222363,0.3642640390503805
8,29213,2023-09-30,2023,,FC琉球,AC長野パルセイロ,D,H,0.17260050288303241,0.38391770999669,0.44348178712027764
8,28416,2023-10-01,2023,,FC東京,G大阪,H,H,0.29849688381402556,0.2696284503419998,0.43187466584397455
8,28869,2023-10-01,2023,,山形,徳島,A,H,0.3028387251150075,0.18734271728717453,0.509818557597818
8,28870,2023-10-01,2023,,栃木SC,秋田,A,H,0.26579419958742223,0.26432917988965515,0.46987662052292267
8,28871,2023-10-01,2023,,ザスパクサツ群馬,東京V,D,H,0.15195441946107724,0.2109787565386808,0.637066824000242
8,28872,2023-10-01,2023,,町田,いわきFC,A,D,0.36660747682805883,0.5023942410070923,0.13099828216484885
8,28873,2023-10-01,2023,,磐田,V・ファーレン長崎,H,A,0.4230973367360755,0.2540275690137097,0.3228750942502148
8,28874,2023-10-01,2023,,岡山,千葉,A,H,0.2429039704853276,0.15226202720518528,0.6048340023094871
8,28875,2023-10-01,2023,,レノファ山口FC,ツエーゲン金沢,H,D,0.25451929266179024,0.45883877873272666,0.2866419286054832
8,29214,2023-10-01,2023,,富山,愛媛FC,H,A,0.43254976709922754,0.3131519580352771,0.25429827486549533
8,29215,2023-10-01,2023,,アスルクラロ沼津,いわてグルージャ盛岡,A,H,0.32352612933441177,0.2896203194293327,0.3868535512362555
8,29216,2023-10-01,2023,,FC岐阜,福島ユナイテッドFC,A,A,0.4879714232117457,0.2693009504026398,0.24272762638561457
8,29217,2023-10-01,2023,,ガイナーレ鳥取,FC今治,H,H,0.3638544599719249,0.25988597959639415,0.376259560431681
8,29218,2023-10-01,2023,,カマタマーレ讃岐,FC大阪,D,D,0.18787034445322748,0.5069031585591338,0.30522649698763865
8,29219,2023-10-01,2023,,テゲバジャーロ宮崎,奈良クラブ,A,A,0.4058104849921256,0.24193150696691498,0.3522580080409594
8,29220,2023-10-01,2023,,鹿児島ユナイテッドFC,Y.S.C.C.横浜,H,A,0.4200120545771122,0.21246370929149094,0.3675242361313968
8,29230,2023-10-05,2023,,FC大阪,鹿児島ユナイテッドFC,A,A,0.49602649070064125,0.20998163717898444,0.2939918721203743
8,28876,2023-10-07,2023,,大宮,レノファ山口FC,H,A,0.4298156808692358,0.23165904542879262,0.3385252737019715
8,28877,2023-10-07,2023,,東京V,大分,H,D,0.3072336293408595,0.40121822658425954,0.291548144074881
8,28878,2023-10-07,2023,,清水,磐田,H,H,0.2179309312216545,0.18271972289079064,0.5993493458875548
8,28879,2023-10-07,2023,,V・ファーレン長崎,藤枝MYFC,H,A,0.5464590590909465,0.17746181282977896,0.27607912807927454
8,29221,2023-10-07,2023,,FC琉球,カマタマーレ讃岐,H,A,0.38126910832008726,0.24979525868936406,0.3689356329905487
8,28880,2023-10-08,2023,,山形,栃木SC,H,H,0.19566480842122996,0.38921142718995333,0.41512376438881665
8,28881,2023-10-08,2023,,いわきFC,仙台,D,H,0.3057385784597705,0.28687482685262167,0.40738659468760785
8,28882,2023-10-08,2023,,ザスパクサツ群馬,岡山,D,H,0.2857268544743878,0.27822588336917353,0.4360472621564387
8,28883,2023-10-08,2023,,千葉,水戸,D,H,0.28797645033688946,0.16881147685424694,0.5432120728088636
8,28884,2023-10-08,2023,,町田,甲府,D,D,0.3251505834989807,0.4508408675562035,0.2240085489448158
8,28885,2023-10-08,2023,,ツエーゲン金沢,秋田,A,A,0.5226482965504734,0.2754197794056077,0.201931924043919
8,29222,2023-10-08,2023,,福島ユナイテッドFC,FC今治,A,D,0.23750621372906594,0.5518491989509667,0.21064458731996744
8,29223,2023-10-08,2023,,Y.S.C.C.横浜,奈良クラブ,H,H,0.2648870653930811,0.2226247992768784,0.5124881353300405
8,29224,2023-10-08,2023,,松本山雅FC,いわてグルージャ盛岡,A,D,0.3217604461784078,0.4137155079137902,0.264524045907802
8,29225,2023-10-08,2023,,AC長野パルセイロ,ヴァンラーレ八戸,D,D,0.28525018986505923,0.4973607294896566,0.21738908064528428
8,29226,2023-10-08,2023,,FC岐阜,アスルクラロ沼津,H,H,0.3120376995188419,0.2854579153662594,0.4025043851148988
8,29227,2023-10-08,2023,,ガイナーレ鳥取,SC相模原,D,H,0.24695566749062975,0.25336350671201285,0.49968082579735734
8,29228,2023-10-08,2023,,愛媛FC,テゲバジャーロ宮崎,D,H,0.3019170572677764,0.2932269638658869,0.4048559788663366
8,29229,2023-10-08,2023,,ギラヴァンツ北九州,富山,A,H,0.3400834121478269,0.24742407148238393,0.41249251636978923
8,28745,2023-10-14,2023,,秋田,町田,A,A,0.4893802958421173,0.1623995970277786,0.34822010713010415
8,28816,2023-10-14,2023,,藤枝MYFC,ザスパクサツ群馬,H,H,0.255267782212407,0.3087196829539264,0.4360125348336667
8,29231,2023-10-14,2023,,いわてグルージャ盛岡,FC琉球,D,H,0.4010328386234192,0.12161248632065338,0.47735467505592755
8,29232,2023-10-14,2023,,奈良クラブ,福島ユナイテッドFC,D,D,0.12715857083602958,0.6118136732086668,0.26102775595530364
8,29233,2023-10-15,2023,,ヴァンラーレ八戸,鹿児島ユナイテッドFC,H,A,0.5016202312380105,0.28122303243411606,0.21715673632787333
8,29234,2023-10-15,2023,,松本山雅FC,AC長野パルセイロ,H,D,0.14314138063195456,0.4854580936134313,0.37140052575461413
8,29235,2023-10-15,2023,,富山,アスルクラロ沼津,A,H,0.34490566585848575,0.2680360171574188,0.3870583169840954
8,29236,2023-10-15,2023,,FC大阪,FC岐阜,D,A,0.3593860493453469,0.3155798384631516,0.3250341121915015
8,29237,2023-10-15,2023,,カマタマーレ讃岐,ガイナーレ鳥取,A,H,0.1587614809261851,0.1342288406523006,0.7070096784215143
8,29238,2023-10-15,2023,,愛媛FC,ギラヴァンツ北九州,H,H,0.3156819348622873,0.2843764428221384,0.39994162231557434
8,29239,2023-10-15,2023,,FC今治,Y.S.C.C.横浜,A,A,0.4656955544311308,0.24196407442131204,0.2923403711475572
8,29240,2023-10-15,2023,,テゲバジャーロ宮崎,SC相模原,D,A,0.40831539730941446,0.25891670257399374,0.33276790011659185
8,28429,2023-10-20,2023,,浦和,柏,H,H,0.28913874484579527,0.11225788541446285,0.5986033697397419
8,28430,2023-10-20,2023,,川崎F,福岡,H,A,0.4449474831651573,0.21168928817198673,0.3433632286628559
8,28887,2023-10-20,2023,,甲府,V・ファーレン長崎,D,H,0.2416878277808183,0.3622188211799533,0.39609335103922844
8,28424,2023-10-21,2023,,横浜FC,FC東京,H,D,0.28178612688561544,0.5085833435639057,0.20963052955047887
8,28425,2023-10-21,2023,,新潟,鳥栖,D,A,0.40430021614616474,0.2975913313463331,0.2981084525075022
8,28426,2023-10-21,2023,,京都,湘南,A,H,0.41223097287139243,0.12856123520498983,0.4592077919236177
8,28427,2023-10-21,2023,,G大阪,名古屋,A,A,0.5951868019496488,0.203623963403453,0.20118923464689814
8,28428,2023-10-21,2023,,神戸,鹿島,H,D,0.3414147831185399,0.3523010766154891,0.306284140265971
8,28431,2023-10-21,2023,,横浜FM,札幌,H,H,0.3291236751208891,0.23061706974932694,0.4402592551297839
8,28432,2023-10-21,2023,,広島,C大阪,D,H,0.21838718477661845,0.25273062852831146,0.5288821866950701
8,28888,2023-10-21,2023,,いわきFC,清水,A,A,0.45665243976457726,0.2410766485155167,0.302270911719906
8,29241,2023-10-21,2023,,SC相模原,愛媛FC,A,A,0.5890244284524606,0.25430732321054506,0.1566682483369945
8,29242,2023-10-21,2023,,FC琉球,FC今治,A,H,0.2716337792761469,0.27146851592575105,0.45689770479810193
8,28889,2023-10-22,2023,,秋田,仙台,A,D,0.26844318333436124,0.39068008330537946,0.3408767333602593
8,28890,2023-10-22,2023,,水戸,ザスパクサツ群馬,A,A,0.43121895907761926,0.3385057690383166,0.23027527188406424
8,28891,2023-10-22,2023,,栃木SC,大分,D,A,0.45992420558589725,0.34544672518771724,0.19462906922638545
8,28892,2023-10-22,2023,,東京V,千葉,H,D,0.2958455122620804,0.43533989481064345,0.2688145929272761
8,28893,2023-10-22,2023,,ツエーゲン金沢,山形,A,A,0.38093230976068887,0.24297065225254816,0.37609703798676297
8,28894,2023-10-22,2023,,藤枝MYFC,大宮,A,D,0.2948700221157443,0.40414841963462633,0.30098155824962936
8,28895,2023-10-22,2023,,レノファ山口FC,岡山,D,H,0.3282238864564934,0.2986307339040374,0.3731453796394692
8,28896,2023-10-22,2023,,徳島,磐田,A,A,0.37020416521587746,0.3569838696018372,0.27281196518228545
8,28897,2023-10-22,2023,,熊本,町田,A,H,0.23265984818543378,0.28263657925673075,0.48470357255783547
8,29243,2023-10-22,2023,,福島ユナイテッドFC,ヴァンラーレ八戸,A,H,0.16574324671451893,0.350402680277195,0.4838540730082861
8,29244,2023-10-22,2023,,Y.S.C.C.横浜,テゲバジャーロ宮崎,H,D,0.1615853352751755,0.6864722999547528,0.15194236477007173
8,29245,2023-10-22,2023,,AC長野パルセイロ,FC大阪,A,A,0.561694909238439,0.20799428953557095,0.23031080122599007
8,29246,2023-10-22,2023,,アスルクラロ沼津,松本山雅FC,H,H,0.391536262892535,0.205749746404667,0.40271399070279806
8,29247,2023-10-22,2023,,FC岐阜,奈良クラブ,A,H,0.25894417950546267,0.20228606327709764,0.5387697572174397
8,29248,2023-10-22,2023,,ガイナーレ鳥取,富山,A,H,0.34442408005997377,0.24398482251734865,0.4115910974226775
8,29249,2023-10-22,2023,,カマタマーレ讃岐,ギラヴァンツ北九州,H,A,0.6556580969887643,0.24726752533938048,0.09707437767185523
8,29250,2023-10-22,2023,,鹿児島ユナイテッドFC,いわてグルージャ盛岡,H,H,0.30063375837247835,0.21943952247343632,0.4799267191540853
8,28438,2023-10-27,2023,,名古屋,鳥栖,D,H,0.2330124337892115,0.3054032034378994,0.4615843627728891
8,28433,2023-10-28,2023,,札幌,横浜FC,H,D,0.2617817877490442,0.3789948982190057,0.3592233140319501
8,28434,2023-10-28,2023,,鹿島,浦和,D,H,0.24674367656593987,0.3109843533635847,0.4422719700704754
8,28436,2023-10-28,2023,,FC東京,広島,A,H,0.3098098656838739,0.22601849415648978,0.46417164015963625
8,28437,2023-10-28,2023,,湘南,神戸,D,A,0.35639307490931943,0.3188043653063716,0.324802559784309
8,28439,2023-10-28,2023,,京都,新潟,A,A,0.34698900721232917,0.31866227999111535,0.3343487127965555
8,28440,2023-10-28,2023,,C大阪,G大阪,H,D,0.2851711485151636,0.3587488191814441,0.3560800323033923
8,28441,2023-10-28,2023,,福岡,横浜FM,A,A,0.3755983028120899,0.2699561236827617,0.3544455735051485
8,28898,2023-10-28,2023,,清水,熊本,A,H,0.2523980760925503,0.2614347945050263,0.4861671294024234
8,28899,2023-10-28,2023,,磐田,東京V,D,H,0.23216510900370618,0.28873798286775326,0.47909690812854067
8,28900,2023-10-28,2023,,藤枝MYFC,水戸,H,H,0.27982355516657287,0.323311906475629,0.39686453835779817
8,28901,2023-10-28,2023,,V・ファーレン長崎,徳島,A,H,0.31756039776323153,0.3132289551340844,0.3692106471026841
8,28902,2023-10-28,2023,,仙台,レノファ山口FC,D,H,0.27945999857108783,0.19713639382422551,0.5234036076046867
8,29251,2023-10-28,2023,,SC相模原,松本山雅FC,A,A,0.5464044679464988,0.2854064467114299,0.16818908534207141
8,29252,2023-10-28,2023,,FC大阪,ガイナーレ鳥取,D,H,0.18712724937949096,0.3522915572028611,0.460581193417648
8,29253,2023-10-28,2023,,奈良クラブ,愛媛FC,A,D,0.22510346681948973,0.5462478143121465,0.2286487188683637
8,28435,2023-10-29,2023,,柏,川崎F,D,A,0.3799163833277645,0.33394322189450115,0.28614039477773423
8,28903,2023-10-29,2023,,山形,ザスパクサツ群馬,H,A,0.5049123707803483,0.1925694066853925,0.30251822253425914
8,28904,2023-10-29,2023,,大宮,甲府,A,H,0.18290606491727596,0.3068880515533444,0.5102058835293796
8,28905,2023-10-29,2023,,千葉,いわきFC,H,H,0.21424387029244335,0.2866826532556403,0.49907347645191635
8,28906,2023-10-29,2023,,町田,ツエーゲン金沢,H,H,0.3226192649919777,0.3062280912244295,0.37115264378359286
8,28907,2023-10-29,2023,,岡山,栃木SC,D,D,0.26191978369680524,0.3765246668823371,0.3615555494208577
8,28908,2023-10-29,2023,,大分,秋田,H,A,0.46319674096694113,0.23726056200611995,0.2995426970269389
8,29254,2023-10-29,2023,,ヴァンラーレ八戸,カマタマーレ讃岐,D,H,0.21921765464118756,0.27814764312773615,0.5026347022310763
8,29255,2023-10-29,2023,,福島ユナイテッドFC,鹿児島ユナイテッドFC,A,H,0.31117970150427376,0.2037283103470045,0.48509198814872184
8,29256,2023-10-29,2023,,AC長野パルセイロ,アスルクラロ沼津,H,A,0.5635036503582136,0.1851615766128063,0.25133477302898005
8,29257,2023-10-29,2023,,富山,FC岐阜,D,D,0.20445357578732185,0.42991538421667425,0.36563103999600394
8,29258,2023-10-29,2023,,FC今治,いわてグルージャ盛岡,A,A,0.3659048188625343,0.28553067510279156,0.3485645060346742
8,29259,2023-10-29,2023,,ギラヴァンツ北九州,Y.S.C.C.横浜,A,A,0.34189283553344124,0.3234249035068973,0.33468226095966147
8,29260,2023-10-29,2023,,テゲバジャーロ宮崎,FC琉球,A,H,0.3104013974939286,0.12798752288393284,0.5616110796221385
8,28909,2023-11-03,2023,,甲府,熊本,H,D,0.20871380862850436,0.4067280459683753,0.38455814540312044
8,28910,2023-11-04,2023,,いわきFC,山形,A,A,0.5292118199830173,0.2760974743837785,0.1946907056332042
8,28911,2023-11-04,2023,,ツエーゲン金沢,大分,D,D,0.27716699994038557,0.5214982814082745,0.20133471865134
8,28912,2023-11-04,2023,,徳島,藤枝MYFC,D,A,0.4364769537374429,0.25030123695936024,0.31322180930319693
8,28913,2023-11-04,2023,,V・ファーレン長崎,仙台,H,A,0.46516718848864047,0.2073275961513386,0.32750521536002086
8,28918,2023-11-04,2023,,清水,大宮,H,H,0.33555973818642015,0.25741511630225195,0.407025145511328
8,28919,2023-11-04,2023,,磐田,水戸,H,A,0.4230463959048962,0.17428032166016355,0.4026732824349403
8,29261,2023-11-04,2023,,いわてグルージャ盛岡,ガイナーレ鳥取,D,H,0.13812848832852867,0.13766872727763207,0.7242027843938393
8,29262,2023-11-04,2023,,FC岐阜,ヴァンラーレ八戸,H,D,0.19208936090169906,0.44208858573413085,0.3658220533641701
8,29264,2023-11-04,2023,,FC琉球,富山,A,A,0.48844067388117,0.12719932282946197,0.38436000328936804
8,28914,2023-11-05,2023,,ザスパクサツ群馬,千葉,A,H,0.16835396912415834,0.3698091879796236,0.46183684289621807
8,28915,2023-11-05,2023,,東京V,栃木SC,H,H,0.2396785307940928,0.3246587745053295,0.43566269470057767
8,28916,2023-11-05,2023,,岡山,秋田,A,A,0.42602546267944347,0.37935574735273514,0.1946187899678215
8,28917,2023-11-05,2023,,レノファ山口FC,町田,A,H,0.2375346374072546,0.1719905368882612,0.5904748257044843
8,29263,2023-11-05,2023,,FC大阪,福島ユナイテッドFC,H,H,0.35759560976674903,0.26532984365015483,0.3770745465830961
8,29265,2023-11-05,2023,,松本山雅FC,ギラヴァンツ北九州,H,H,0.1957473848559643,0.13919766239224118,0.6650549527517946
8,29266,2023-11-05,2023,,アスルクラロ沼津,テゲバジャーロ宮崎,A,H,0.11886952800542826,0.4227508953435348,0.45837957665103696
8,29267,2023-11-05,2023,,カマタマーレ讃岐,AC長野パルセイロ,A,A,0.4501188396669326,0.27234660989908843,0.277534550433979
8,29268,2023-11-05,2023,,愛媛FC,Y.S.C.C.横浜,H,H,0.28300867690804576,0.29049275287568704,0.4264985702162673
8,29269,2023-11-05,2023,,FC今治,SC相模原,A,H,0.2912858397458402,0.24454468836642254,0.46416947188773733
8,29270,2023-11-05,2023,,鹿児島ユナイテッドFC,奈良クラブ,D,H,0.220825169295434,0.2614737951745323,0.5177010355300337
8,28442,2023-11-11,2023,,札幌,広島,D,H,0.2510735983122717,0.1165889745237747,0.6323374271639536
8,28443,2023-11-11,2023,,鹿島,柏,D,A,0.4076253257921083,0.29302817009694704,0.2993465041109447
8,28447,2023-11-11,2023,,湘南,名古屋,H,A,0.5359216186069052,0.2701527788327529,0.19392560256034186
8,28448,2023-11-11,2023,,新潟,FC東京,D,A,0.4584515938137136,0.33617496873980285,0.20537343744648356
8,28449,2023-11-11,2023,,G大阪,福岡,A,H,0.39650306459154244,0.12371591729550427,0.47978101811295326
8,28450,2023-11-11,2023,,鳥栖,横浜FC,A,A,0.3516671271923674,0.3372455147873429,0.3110873580202898
8,29271,2023-11-11,2023,,Y.S.C.C.横浜,アスルクラロ沼津,A,D,0.3217433307610647,0.36857766101875067,0.3096790082201847
8,29272,2023-11-11,2023,,愛媛FC,FC今治,H,H,0.26968083315894037,0.344328654387015,0.3859905124540446
8,29273,2023-11-11,2023,,ギラヴァンツ北九州,いわてグルージャ盛岡,H,D,0.31966256244307684,0.37487156143039674,0.3054658761265265
8,29274,2023-11-11,2023,,FC琉球,鹿児島ユナイテッドFC,H,D,0.40840254847428276,0.4159394520904159,0.17565799943530142
8,28444,2023-11-12,2023,,浦和,神戸,A,A,0.6205893715695739,0.19992530199324773,0.1794853264371783
8,28445,2023-11-12,2023,,川崎F,京都,D,H,0.2682484159297612,0.20588974643100183,0.525861837639237
8,28446,2023-11-12,2023,,横浜FM,C大阪,H,H,0.21246090196541884,0.19671869199912756,0.5908204060354536
8,28920,2023-11-12,2023,,仙台,町田,A,H,0.3211801171679952,0.19243587680931554,0.48638400602268933
8,28921,2023-11-12,2023,,秋田,徳島,D,D,0.3298181098926693,0.3784109374529829,0.2917709526543479
8,28922,2023-11-12,2023,,山形,甲府,H,H,0.3174891541052692,0.2212055214816264,0.46130532441310457
8,28923,2023-11-12,2023,,水戸,清水,D,D,0.3066429683133679,0.47016245943239127,0.22319457225424078
8,28924,2023-11-12,2023,,栃木SC,磐田,A,D,0.2155963544816689,0.5137468626536877,0.27065678286464345
8,28925,2023-11-12,2023,,大宮,東京V,A,A,0.3614250358884494,0.35343150264057344,0.2851434614709772
8,28926,2023-11-12,2023,,千葉,V・ファーレン長崎,A,H,0.20221393981371988,0.3456028674744894,0.45218319271179075
8,28927,2023-11-12,2023,,ツエーゲン金沢,岡山,D,D,0.3218558541425088,0.4061187639856529,0.2720253818718384
8,28928,2023-11-12,2023,,藤枝MYFC,いわきFC,A,A,0.4814380026800506,0.09852280412372671,0.42003919319622257
8,28929,2023-11-12,2023,,熊本,レノファ山口FC,H,D,0.2509980237127325,0.4775849153295153,0.2714170609577523
8,28930,2023-11-12,2023,,大分,ザスパクサツ群馬,H,A,0.537186389551523,0.08769894926243851,0.3751146611860386
8,29275,2023-11-12,2023,,福島ユナイテッドFC,松本山雅FC,D,A,0.43174908667344764,0.26946142667759454,0.29878948664895794
8,29276,2023-11-12,2023,,SC相模原,FC大阪,H,A,0.41930500164759554,0.33402829667500206,0.24666670167740243
8,29277,2023-11-12,2023,,富山,奈良クラブ,A,H,0.2286541474507151,0.29909047844993447,0.4722553740993504
8,29278,2023-11-12,2023,,FC岐阜,カマタマーレ讃岐,H,A,0.3841778643940826,0.2371296571651748,0.3786924784407426
8,29279,2023-11-12,2023,,ガイナーレ鳥取,AC長野パルセイロ,A,A,0.4340674701867283,0.3597259721964865,0.2062065576167853
8,29280,2023-11-12,2023,,テゲバジャーロ宮崎,ヴァンラーレ八戸,A,H,0.0742029548230621,0.1655688665221949,0.760228178654743
8,29281,2023-11-18,2023,,松本山雅FC,Y.S.C.C.横浜,A,H,0.3832583026693374,0.16252087592400957,0.45422082140665304
8,29282,2023-11-18,2023,,FC大阪,テゲバジャーロ宮崎,D,H,0.33007647171008475,0.1259147386347999,0.5440087896551153
8,29283,2023-11-18,2023,,奈良クラブ,SC相模原,H,A,0.49038846764207317,0.2631584837666493,0.24645304859127765
8,29284,2023-11-19,2023,,ヴァンラーレ八戸,富山,H,H,0.3126597845151465,0.16438507051843473,0.5229551449664188
8,29285,2023-11-19,2023,,いわてグルージャ盛岡,FC岐阜,H,H,0.176056736123884,0.31512986866521536,0.5088133952109006
8,29286,2023-11-19,2023,,福島ユナイテッドFC,愛媛FC,H,A,0.41389994079046044,0.3702993247684041,0.21580073444113546
8,29287,2023-11-19,2023,,AC長野パルセイロ,ギラヴァンツ北九州,D,H,0.28989113154263907,0.33986649509405037,0.3702423733633105
8,29288,2023-11-19,2023,,アスルクラロ沼津,カマタマーレ讃岐,A,H,0.2112185102632217,0.3931905532014611,0.39559093653531713
8,29289,2023-11-19,2023,,ガイナーレ鳥取,FC琉球,H,A,0.4513888636250981,0.3871819665507887,0.16142916982411323
8,29290,2023-11-19,2023,,FC今治,鹿児島ユナイテッドFC,H,H,0.3178348489616936,0.13183489902406112,0.5503302520142452
8,28457,2023-11-24,2023,,川崎F,鹿島,H,H,0.16031328766525313,0.3119700504533582,0.5277166618813888
8,28458,2023-11-24,2023,,横浜FM,新潟,D,H,0.34047821292096137,0.28572994400494894,0.3737918430740898
8,28451,2023-11-25,2023,,柏,鳥栖,D,D,0.2527073518087133,0.3967053742572168,0.3505872739340699
8,28452,2023-11-25,2023,,FC東京,札幌,A,H,0.30152609541603365,0.24853973629625153,0.44993416828771493
8,28453,2023-11-25,2023,,横浜FC,湘南,A,A,0.42466910540027447,0.19983769607339474,0.37549319852633095
8,28454,2023-11-25,2023,,C大阪,京都,A,D,0.19209027644941448,0.4375343481229804,0.3703753754276052
8,28455,2023-11-25,2023,,神戸,名古屋,H,H,0.20085494396597325,0.30250242168138214,0.4966426343526446
8,28456,2023-11-25,2023,,浦和,福岡,A,D,0.3157888972628642,0.3782166000382815,0.30599450269885436
8,28459,2023-11-25,2023,,広島,G大阪,H,D,0.2735980351252783,0.5126947269031622,0.21370723797155952
8,29291,2023-11-25,2023,,FC今治,FC大阪,H,A,0.6170190384708971,0.23805712950555,0.14492383202355286
8,29292,2023-11-25,2023,,FC琉球,FC岐阜,A,A,0.4730017182264034,0.26229821858948826,0.2647000631841083
8,29293,2023-11-26,2023,,Y.S.C.C.横浜,AC長野パルセイロ,D,H,0.2611760950323478,0.29987389193356584,0.43895001303408643
8,29294,2023-11-26,2023,,SC相模原,いわてグルージャ盛岡,D,D,0.34724015552692133,0.39115777206994573,0.26160207240313305
8,29295,2023-11-26,2023,,奈良クラブ,ガイナーレ鳥取,A,H,0.3116287281055296,0.17513275250119562,0.5132385193932748
8,29296,2023-11-26,2023,,カマタマーレ讃岐,松本山雅FC,D,A,0.5101225561608294,0.26151366762945066,0.22836377620972004
8,29297,2023-11-26,2023,,愛媛FC,ヴァンラーレ八戸,A,D,0.3462121196049806,0.3595395344520221,0.2942483459429973
8,29298,2023-11-26,2023,,ギラヴァンツ北九州,福島ユナイテッドFC,A,A,0.5247444261758543,0.2818872652768949,0.1933683085472507
8,29299,2023-11-26,2023,,テゲバジャーロ宮崎,富山,A,H,0.4130385161753362,0.1713950120499263,0.41556647177473743
8,29300,2023-11-26,2023,,鹿児島ユナイテッドFC,アスルクラロ沼津,H,A,0.45967971473582614,0.26689512998298237,0.27342515528119143
8,29301,2023-12-02,2023,,ヴァンラーレ八戸,SC相模原,D,H,0.33443952749048333,0.12601250105079675,0.53954797145872
8,29302,2023-12-02,2023,,いわてグルージャ盛岡,カマタマーレ讃岐,H,H,0.3089423532780357,0.18067660765946142,0.5103810390625029
8,29303,2023-12-02,2023,,福島ユナイテッドFC,FC琉球,D,H,0.33854380822599395,0.2834576309320645,0.37799856084194156
8,29304,2023-12-02,2023,,松本山雅FC,奈良クラブ,A,H,0.12298072636691515,0.20003958259330462,0.6769796910397803
8,29305,2023-12-02,2023,,AC長野パルセイロ,テゲバジャーロ宮崎,D,D,0.1943474918478445,0.4289803208316417,0.37667218732051383
8,29306,2023-12-02,2023,,富山,Y.S.C.C.横浜,H,H,0.33899704148802906,0.17711641476076453,0.48388654375120654
8,29307,2023-12-02,2023,,アスルクラロ沼津,FC今治,A,H,0.26397912663570894,0.2957868962621086,0.44023397710218254
8,29308,2023-12-02,2023,,FC岐阜,ギラヴァンツ北九州,A,A,0.4047105603860455,0.22793851149561206,0.3673509281183424
8,29309,2023-12-02,2023,,FC大阪,愛媛FC,A,D,0.3605038777702388,0.4579641202460193,0.18153200198374195
8,29310,2023-12-02,2023,,ガイナーレ鳥取,鹿児島ユナイテッドFC,D,H,0.27750994404185486,0.1778746341129162,0.5446154218452289
8,28460,2023-12-03,2023,,札幌,浦和,A,A,0.5171350049619957,0.27277604226203367,0.21008895277597064
8,28461,2023-12-03,2023,,鹿島,横浜FC,H,H,0.28038604910276793,0.29388008510666574,0.4257338657905664
8,28462,2023-12-03,2023,,湘南,FC東京,A,H,0.2838952089325658,0.34836842193238443,0.3677363691350498
8,28463,2023-12-03,2023,,新潟,C大阪,H,H,0.28449532680489525,0.31924534133721605,0.3962593318578888
8,28464,2023-12-03,2023,,名古屋,柏,D,H,0.21960136578182118,0.17737586454268087,0.603022769675498
8,28465,2023-12-03,2023,,京都,横浜FM,H,A,0.5326705456817339,0.2282694249188502,0.23906002939941595
8,28466,2023-12-03,2023,,G大阪,神戸,A,H,0.19041219386558594,0.27973001754271676,0.5298577885916973
8,28467,2023-12-03,2023,,福岡,広島,A,H,0.1970003943245833,0.39900584541497225,0.40399376026044437
8,28468,2023-12-03,2023,,鳥栖,川崎F,A,H,0.261605356764791,0.35792493696993144,0.38046970626527754
9,30430,2024-02-23,2024,,広島,浦和,H,A,0.4236654502705689,0.2934813554934096,0.28285319423602157
9,30431,2024-02-23,2024,,名古屋,鹿島,A,D,0.3054802660712084,0.583559955410564,0.11095977851822761
9,29669,2024-02-24,2024,,大宮,ヴァンラーレ八戸,H,A,0.5602498827935329,0.1923761588843616,0.24737395832210549
9,29670,2024-02-24,2024,,奈良クラブ,FC琉球,A,D,0.2639044471495825,0.4623424451891196,0.27375310766129796
9,29671,2024-02-24,2024,,ギラヴァンツ北九州,SC相模原,A,A,0.5492420723575159,0.1687711351916484,0.2819867924508357
9,29672,2024-02-24,2024,,FC岐阜,福島ユナイテッドFC,H,A,0.4572531755622039,0.3300930930415937,0.21265373139620242
9,30049,2024-02-24,2024,,水戸,いわきFC,H,H,0.3406528965002947,0.21291276891915534,0.44643433458055004
9,30050,2024-02-24,2024,,横浜FC,レノファ山口FC,D,H,0.3773995768854018,0.12983100572352546,0.4927694173910727
9,30051,2024-02-24,2024,,藤枝MYFC,V・ファーレン長崎,D,A,0.49870535185309367,0.06576231126104215,0.4355323368858643
9,30432,2024-02-24,2024,,磐田,神戸,A,A,0.4677430958682551,0.2689577531679358,0.26329915096380924
9,30433,2024-02-24,2024,,福岡,札幌,D,A,0.39996235235019806,0.2812666046875938,0.31877104296220815
9,30434,2024-02-24,2024,,鳥栖,新潟,A,H,0.17015153690568605,0.17758456361169747,0.6522638994826164
9,30435,2024-02-24,2024,,町田,G大阪,D,A,0.507170106461222,0.4021320619965402,0.09069783154223779
9,30436,2024-02-24,2024,,湘南,川崎F,A,H,0.3857556555016218,0.08446456077068869,0.5297797837276896
9,30437,2024-02-24,2024,,C大阪,FC東京,D,A,0.6366332973473816,0.11294735794580671,0.2504193447068116
9,29673,2024-02-25,2024,,FC今治,ガイナーレ鳥取,H,D,0.3297074041562237,0.4562312242463143,0.21406137159746208
9,29674,2024-02-25,2024,,Y.S.C.C.横浜,富山,D,D,0.2975207904547256,0.47150824537933755,0.23097096416593688
9,29675,2024-02-25,2024,,アスルクラロ沼津,ツエーゲン金沢,H,A,0.7065864069060417,0.15640433444786492,0.13700925864609353
9,29676,2024-02-25,2024,,カマタマーレ讃岐,いわてグルージャ盛岡,D,D,0.24016162414922165,0.4807664204029087,0.2790719554478697
9,29677,2024-02-25,2024,,テゲバジャーロ宮崎,松本山雅FC,A,D,0.2884249073228427,0.4008204976993599,0.3107545949777974
9,29678,2024-02-25,2024,,FC大阪,AC長野パルセイロ,H,D,0.21118337702096507,0.5090977218631131,0.2797189011159219
9,30052,2024-02-25,2024,,愛媛FC,秋田,H,H,0.274226295169081,0.2528774518557269,0.4728962529751921
9,30053,2024-02-25,2024,,岡山,栃木SC,H,D,0.3319273873257717,0.4701135251210661,0.19795908755316222
9,30054,2024-02-25,2024,,熊本,清水,A,A,0.37456830603436075,0.28642101068604126,0.339010683279598
9,30055,2024-02-25,2024,,群馬,鹿児島ユナイテッドFC,D,A,0.4625234499118774,0.1651018744059349,0.37237467568218785
9,30056,2024-02-25,2024,,千葉,山形,A,A,0.45405049389992347,0.38236392081379983,0.16358558528627673
9,30057,2024-02-25,2024,,徳島,甲府,A,H,0.3121968973234245,0.07937513023235933,0.6084279724442163
9,30058,2024-02-25,2024,,大分,仙台,D,H,0.27413960221962663,0.29920197988512065,0.42665841789525283
9,30438,2024-02-25,2024,,柏,京都,D,A,0.4293402173820264,0.2690940885583271,0.3015656940596466
9,30439,2024-02-25,2024,,東京V,横浜FM,A,A,0.4638563987958957,0.31023389723142714,0.22590970397267712
9,30440,2024-03-01,2024,,川崎F,磐田,A,H,0.3068936974381664,0.2385443155889092,0.45456198697292444
9,30441,2024-03-01,2024,,横浜FM,福岡,A,H,0.23999307688525037,0.27742324474690844,0.4825836783678412
9,29679,2024-03-02,2024,,大宮,FC岐阜,H,H,0.23992642263465128,0.2749828819974855,0.48509069536786326
9,29680,2024-03-02,2024,,SC相模原,ヴァンラーレ八戸,H,D,0.15201822794109268,0.5801340145695447,0.26784775748936274
9,29681,2024-03-02,2024,,アスルクラロ沼津,ガイナーレ鳥取,H,A,0.3686978386050595,0.2946371116095868,0.33666504978535366
9,29682,2024-03-02,2024,,カマタマーレ讃岐,富山,D,A,0.36792557669915216,0.27589985365011843,0.3561745696507294
9,29683,2024-03-02,2024,,ギラヴァンツ北九州,いわてグルージャ盛岡,D,H,0.37319606074385764,0.07443702676983188,0.5523669124863105
9,29684,2024-03-02,2024,,テゲバジャーロ宮崎,福島ユナイテッドFC,A,H,0.3519305833570517,0.23880304783205325,0.40926636881089506
9,29685,2024-03-02,2024,,FC琉球,松本山雅FC,D,H,0.26776662610203816,0.2748691456842094,0.45736422821375244
9,30059,2024-03-02,2024,,V・ファーレン長崎,仙台,A,H,0.3575874973322583,0.2736644624672612,0.3687480402004805
9,30060,2024-03-02,2024,,水戸,甲府,A,D,0.3112062011098383,0.3645738067913851,0.32421999209877655
9,30061,2024-03-02,2024,,千葉,藤枝MYFC,H,A,0.49520854642984335,0.29969816887495837,0.20509328469519822
9,30062,2024-03-02,2024,,清水,愛媛FC,H,H,0.32798643341332173,0.28145725854325726,0.39055630804342106
9,30063,2024-03-02,2024,,大分,横浜FC,D,D,0.33176996018955907,0.49258780863273777,0.1756422311777031
9,30064,2024-03-02,2024,,鹿児島ユナイテッドFC,徳島,H,A,0.4125553444793896,0.23404716414038237,0.3533974913802281
9,30442,2024-03-02,2024,,神戸,柏,A,D,0.2231598264780368,0.4309377217248415,0.3459024517971217
9,30443,2024-03-02,2024,,名古屋,町田,A,H,0.22593106091874465,0.29031790044657524,0.48375103863468005
9,30444,2024-03-02,2024,,京都,湘南,A,H,0.234705443335376,0.24123504424653994,0.5240595124180841
9,30445,2024-03-02,2024,,鳥栖,札幌,H,H,0.20133315705664545,0.10091408439807871,0.6977527585452759
9,30446,2024-03-02,2024,,鹿島,C大阪,D,H,0.3380748293788615,0.2798604181250777,0.3820647524960608
9,30447,2024-03-02,2024,,FC東京,広島,D,H,0.32648421724597093,0.1835241469328204,0.48999163582120864
9,30448,2024-03-02,2024,,G大阪,新潟,H,H,0.21092677150902056,0.3323529453874008,0.45672028310357876
9,29686,2024-03-03,2024,,Y.S.C.C.横浜,FC大阪,A,H,0.24695295027816425,0.2596041746385595,0.49344287508327617
9,29687,2024-03-03,2024,,ツエーゲン金沢,FC今治,A,H,0.2469375755101474,0.202327243465182,0.5507351810246706
9,29688,2024-03-03,2024,,奈良クラブ,AC長野パルセイロ,D,A,0.4337965719290749,0.2269983640212575,0.33920506404966766
9,30065,2024-03-03,2024,,いわきFC,岡山,D,D,0.20912336916393806,0.5044071470985518,0.2864694837375101
9,30066,2024-03-03,2024,,レノファ山口FC,秋田,H,D,0.3305564144200606,0.38849943508893564,0.28094415049100374
9,30067,2024-03-03,2024,,熊本,群馬,D,H,0.20945551163661372,0.3767775533216811,0.41376693504170514
9,30068,2024-03-03,2024,,栃木SC,山形,A,H,0.3766197856995956,0.21885829635062048,0.40452191794978387
9,30449,2024-03-03,2024,,浦和,東京V,D,H,0.31781921141293845,0.26981668159421734,0.4123641069928442
9,29689,2024-03-09,2024,,松本山雅FC,Y.S.C.C.横浜,D,A,0.46859198069806,0.17677170155639155,0.35463631774554855
9,29690,2024-03-09,2024,,AC長野パルセイロ,SC相模原,D,H,0.20540755414026102,0.26298039084139957,0.5316120550183394
9,29691,2024-03-09,2024,,富山,奈良クラブ,D,A,0.4453175389990058,0.24504890986652825,0.30963355113446606
9,29692,2024-03-09,2024,,ツエーゲン金沢,FC大阪,A,A,0.40643985374651737,0.27468109732736234,0.3188790489261203
9,30069,2024-03-09,2024,,いわきFC,鹿児島ユナイテッドFC,H,H,0.33643391238893644,0.08817138502525664,0.5753947025858069
9,30070,2024-03-09,2024,,横浜FC,山形,H,A,0.5291370528380032,0.21719745748013114,0.2536654896818658
9,30071,2024-03-09,2024,,甲府,栃木SC,A,D,0.2942303735910481,0.5030803441604274,0.2026892822485246
9,30072,2024-03-09,2024,,徳島,秋田,A,H,0.3521771359765631,0.2791521938306258,0.3686706701928111
9,30450,2024-03-09,2024,,町田,鹿島,H,H,0.37348117055128416,0.10084846876146243,0.5256703606872534
9,30452,2024-03-09,2024,,新潟,名古屋,H,A,0.439089531052438,0.4156069193283865,0.14530354961917555
9,30453,2024-03-09,2024,,磐田,柏,A,H,0.3717745681760206,0.1545384216420956,0.4736870101818838
9,30454,2024-03-09,2024,,FC東京,神戸,A,H,0.329403418245294,0.25055465585032216,0.42004192590438383
9,30455,2024-03-09,2024,,広島,鳥栖,H,D,0.15629924969655531,0.5452307202782215,0.29847003002522327
9,30456,2024-03-09,2024,,福岡,湘南,D,D,0.20526800525139696,0.49570786797505756,0.29902412677354545
9,30457,2024-03-09,2024,,川崎F,京都,A,H,0.38339415217834605,0.20827576926641372,0.4083300785552403
9,30458,2024-03-09,2024,,C大阪,東京V,H,H,0.1939527283888197,0.2724011179272312,0.5336461536839491
9,29693,2024-03-10,2024,,ガイナーレ鳥取,テゲバジャーロ宮崎,D,D,0.19946025853882068,0.41267186159012714,0.38786787987105215
9,29694,2024-03-10,2024,,FC今治,アスルクラロ沼津,H,D,0.2138205750751374,0.5121957480774901,0.27398367684737257
9,29695,2024-03-10,2024,,FC岐阜,カマタマーレ讃岐,H,A,0.44265867468237263,0.280314334246373,0.2770269910712544
9,30073,2024-03-10,2024,,仙台,水戸,H,A,0.4795804334618133,0.3076520669891275,0.21276749954905924
9,30074,2024-03-10,2024,,藤枝MYFC,大分,A,A,0.4947178207981943,0.21577372880291062,0.289508450398895
9,30075,2024-03-10,2024,,岡山,レノファ山口FC,H,H,0.1725272475996543,0.21631106687973317,0.6111616855206126
9,30076,2024-03-10,2024,,V・ファーレン長崎,清水,H,A,0.4215431147338169,0.3135788969383631,0.26487798832782
9,30077,2024-03-10,2024,,愛媛FC,熊本,A,H,0.30372854447326847,0.24810084598867838,0.4481706095380531
9,30078,2024-03-10,2024,,群馬,千葉,A,H,0.2662906082258716,0.36480651304644884,0.3689028787276796
9,30459,2024-03-10,2024,,札幌,浦和,A,D,0.3369348287501609,0.4286700624452764,0.2343951088045628
9,29699,2024-03-16,2024,,FC大阪,FC岐阜,D,H,0.24227368464286572,0.30004865169142986,0.45767766366570445
9,29700,2024-03-16,2024,,大宮,奈良クラブ,H,A,0.5140364480001762,0.3106833706427951,0.17528018135702858
9,29701,2024-03-16,2024,,Y.S.C.C.横浜,FC今治,A,A,0.37870938050032277,0.3248447673594423,0.29644585214023494
9,29702,2024-03-16,2024,,アスルクラロ沼津,ギラヴァンツ北九州,H,H,0.2188871510702403,0.17099393632838805,0.6101189126013717
9,29703,2024-03-16,2024,,カマタマーレ讃岐,AC長野パルセイロ,D,D,0.2584968384359143,0.5107171765612111,0.2307859850028746
9,29704,2024-03-16,2024,,テゲバジャーロ宮崎,ツエーゲン金沢,A,H,0.17599393727775442,0.3119927572013185,0.512013305520927
9,30079,2024-03-16,2024,,秋田,仙台,D,D,0.35962549195462,0.385864822101403,0.2545096859439771
9,30080,2024-03-16,2024,,山形,甲府,A,H,0.2646130394614529,0.24382500778691782,0.49156195275162934
9,30081,2024-03-16,2024,,水戸,徳島,A,D,0.310727096431562,0.35276154552074057,0.33651135804769744
9,30082,2024-03-16,2024,,栃木SC,横浜FC,H,D,0.17234084403664507,0.5285436131262601,0.29911554283709485
9,30083,2024-03-16,2024,,群馬,愛媛FC,A,D,0.20783507975447588,0.45807092477892225,0.3340939954666019
9,30084,2024-03-16,2024,,清水,大分,H,D,0.310273957426475,0.473045426586852,0.21668061598667301
9,30085,2024-03-16,2024,,藤枝MYFC,岡山,A,D,0.13554107412052063,0.5237064146967079,0.3407525111827716
9,30086,2024-03-16,2024,,鹿児島ユナイテッドFC,千葉,H,A,0.3891020309044677,0.25792958049531284,0.35296838860021945
9,30460,2024-03-16,2024,,福岡,FC東京,A,H,0.2609102326764135,0.2936456894860522,0.4454440778375343
9,30461,2024-03-16,2024,,札幌,町田,A,D,0.3293863064195065,0.4184044659805573,0.2522092275999361
9,30462,2024-03-16,2024,,神戸,広島,D,H,0.1227233701582711,0.29480398691085213,0.5824726429308769
9,30463,2024-03-16,2024,,柏,名古屋,A,D,0.3116337151479947,0.4266774921751805,0.26168879267682477
9,30464,2024-03-16,2024,,G大阪,磐田,H,H,0.40214647412188914,0.17886844214065808,0.41898508373745286
9,30465,2024-03-16,2024,,鳥栖,C大阪,A,H,0.32756270127294784,0.307158968947852,0.3652783297792001
9,30466,2024-03-16,2024,,東京V,新潟,D,A,0.5248320832701198,0.13231108780767792,0.3428568289222024
9,29705,2024-03-17,2024,,ヴァンラーレ八戸,富山,H,A,0.4550504757908524,0.20453361481808086,0.3404159093910668
9,29706,2024-03-17,2024,,いわてグルージャ盛岡,ガイナーレ鳥取,A,H,0.275964618539336,0.2727118428931938,0.4513235385674703
9,29707,2024-03-17,2024,,福島ユナイテッドFC,松本山雅FC,H,H,0.34422811053665037,0.3063181760659233,0.34945371339742637
9,29708,2024-03-17,2024,,SC相模原,FC琉球,D,D,0.32794901199546544,0.37954799134426576,0.2925029966602688
9,30087,2024-03-17,2024,,熊本,いわきFC,A,H,0.200909108901192,0.3058804461317144,0.49321044496709365
9,30088,2024-03-17,2024,,レノファ山口FC,V・ファーレン長崎,A,H,0.23173328024780657,0.36968627450147523,0.3985804452507182
9,30467,2024-03-17,2024,,京都,横浜FM,A,A,0.4800414647094324,0.20032778628041245,0.31963074901015526
9,30468,2024-03-17,2024,,鹿島,川崎F,H,A,0.36865776423109164,0.32146958084545685,0.3098726549234515
9,30469,2024-03-17,2024,,湘南,浦和,D,D,0.2454547538154172,0.38054539644979063,0.3739998497347922
9,29709,2024-03-20,2024,,ガイナーレ鳥取,カマタマーレ讃岐,D,H,0.397308576984278,0.19513326446129883,0.40755815855442307
9,29710,2024-03-20,2024,,FC今治,FC岐阜,A,H,0.20920693286335143,0.35753512840062734,0.4332579387360212
9,29711,2024-03-20,2024,,松本山雅FC,いわてグルージャ盛岡,H,H,0.3082309260824287,0.345133345536147,0.3466357283814243
9,29712,2024-03-20,2024,,AC長野パルセイロ,福島ユナイテッドFC,H,A,0.5535548387325302,0.28835318336030097,0.15809197790716886
9,29713,2024-03-20,2024,,富山,ツエーゲン金沢,H,A,0.3654106985091724,0.27712715908345786,0.3574621424073697
9,29714,2024-03-20,2024,,奈良クラブ,ヴァンラーレ八戸,H,D,0.3493554162407851,0.40895291090060987,0.24169167285860507
9,29715,2024-03-20,2024,,ギラヴァンツ北九州,FC大阪,D,A,0.4711667820201336,0.33897777596477185,0.18985544201509452
9,29716,2024-03-20,2024,,テゲバジャーロ宮崎,アスルクラロ沼津,D,A,0.45633570051448313,0.12760987150677733,0.4160544279787396
9,29717,2024-03-20,2024,,FC琉球,Y.S.C.C.横浜,H,A,0.5574685369988044,0.23184260233855025,0.21068886066264542
9,29718,2024-03-20,2024,,SC相模原,大宮,D,H,0.37895944375482526,0.2232411691875799,0.3977993870575948
9,30089,2024-03-20,2024,,仙台,熊本,D,H,0.2037379990865055,0.3441473948444682,0.4521146060690264
9,30090,2024-03-20,2024,,秋田,栃木SC,H,A,0.3961181083797336,0.26408516613556154,0.3397967254847048
9,30091,2024-03-20,2024,,山形,藤枝MYFC,A,H,0.17713086222982655,0.28780056228706075,0.5350685754831128
9,30092,2024-03-20,2024,,千葉,清水,A,H,0.23935378385810815,0.36424259090970557,0.39640362523218625
9,30093,2024-03-20,2024,,横浜FC,群馬,H,D,0.33332076728616783,0.4369067789762039,0.22977245373762822
9,30094,2024-03-20,2024,,甲府,いわきFC,D,D,0.17026046495019714,0.45028407064236375,0.37945546440743916
9,30095,2024-03-20,2024,,岡山,水戸,H,H,0.1849412396617212,0.3146103204159997,0.500448439922279
9,30096,2024-03-20,2024,,大分,鹿児島ユナイテッドFC,H,A,0.4583873904728552,0.2603544779858947,0.28125813154125023
9,30097,2024-03-20,2024,,愛媛FC,V・ファーレン長崎,A,H,0.17125030950542997,0.29555828649128485,0.5331914040032851
9,30098,2024-03-20,2024,,徳島,レノファ山口FC,A,H,0.2789864768350109,0.16116668238029933,0.5598468407846898
9,29719,2024-03-23,2024,,FC大阪,松本山雅FC,D,A,0.35013995212355387,0.31555598708087135,0.3343040607955748
9,29720,2024-03-23,2024,,大宮,テゲバジャーロ宮崎,H,D,0.30444274749862466,0.4137919627524597,0.2817652897489156
10,29721,2024-03-24,2024,,ヴァンラーレ八戸,AC長野パルセイロ,D,H,0.27233271362639505,0.3635542480820998,0.3641130382915052
10,29722,2024-03-24,2024,,FC今治,ギラヴァンツ北九州,A,D,0.21304811670811902,0.4819395385051271,0.30501234478675393
10,29723,2024-03-24,2024,,福島ユナイテッドFC,富山,D,A,0.4661902163649437,0.3049484697817092,0.22886131385334718
10,29724,2024-03-24,2024,,Y.S.C.C.横浜,ガイナーレ鳥取,D,A,0.5516673406804985,0.3305117328818512,0.1178209264376503
10,29725,2024-03-24,2024,,ツエーゲン金沢,SC相模原,H,H,0.18842595407733878,0.23844560216451033,0.573128443758151
10,29726,2024-03-24,2024,,アスルクラロ沼津,FC琉球,H,H,0.18666149947306881,0.2366100725149599,0.5767284280119712
10,29727,2024-03-24,2024,,カマタマーレ讃岐,奈良クラブ,D,H,0.2622580743952174,0.21323391222073146,0.5245080133840511
10,29728,2024-03-24,2024,,FC岐阜,いわてグルージャ盛岡,H,H,0.3054855880335086,0.23440763070483406,0.46010678126165727
10,30099,2024-03-24,2024,,仙台,徳島,D,D,0.14931138058998272,0.46660175373122337,0.38408686567879385
10,30100,2024-03-24,2024,,いわきFC,山形,D,A,0.38799482497883886,0.3116151876717628,0.3003899873493982
10,30101,2024-03-24,2024,,水戸,千葉,D,A,0.3779569834311669,0.2500503727988567,0.3719926437699763
10,30102,2024-03-24,2024,,栃木SC,大分,H,D,0.12517096632237262,0.633391333303852,0.24143770037377535
10,30103,2024-03-24,2024,,清水,秋田,H,A,0.3987164501474167,0.25606766323978053,0.34521588661280284
10,30104,2024-03-24,2024,,藤枝MYFC,熊本,H,A,0.38427765261326646,0.3457543451250547,0.2699680022616788
10,30105,2024-03-24,2024,,レノファ山口FC,愛媛FC,D,H,0.3238990577633854,0.2553270477004075,0.420773894536207
10,30106,2024-03-24,2024,,V・ファーレン長崎,甲府,D,D,0.2264784437683106,0.4975471276366448,0.27597442859504456
10,30107,2024-03-24,2024,,鹿児島ユナイテッドFC,横浜FC,A,H,0.2558916628181721,0.360794025959902,0.38331431122192594
10,30108,2024-03-24,2024,,群馬,岡山,A,A,0.46676343797596265,0.3413269723880451,0.19190958963599225
10,30470,2024-03-29,2024,,東京V,京都,D,H,0.32281799668562045,0.2545538543907631,0.4226281489236164
10,29729,2024-03-30,2024,,SC相模原,カマタマーレ讃岐,H,A,0.38842777459059163,0.2698996488364848,0.34167257657292366
10,29730,2024-03-30,2024,,FC大阪,FC今治,D,D,0.3340837714690968,0.4343186508389958,0.2315975776919075
10,29731,2024-03-30,2024,,AC長野パルセイロ,アスルクラロ沼津,H,D,0.33328426428656066,0.3545526945590518,0.3121630411543876
10,29732,2024-03-30,2024,,FC琉球,富山,H,D,0.21332221171799656,0.5757197459508785,0.21095804233112486
10,30109,2024-03-30,2024,,甲府,レノファ山口FC,A,A,0.4692605159629666,0.22333816584708208,0.3074013181899514
10,30110,2024-03-30,2024,,秋田,いわきFC,H,H,0.2808520723392199,0.351584481881393,0.3675634457793871
10,30111,2024-03-30,2024,,山形,清水,H,D,0.2657897180108408,0.4628356314305366,0.27137465055862264
10,30112,2024-03-30,2024,,水戸,鹿児島ユナイテッドFC,D,H,0.35822558561549306,0.1834080733560469,0.4583663410284601
10,30113,2024-03-30,2024,,横浜FC,仙台,A,H,0.25746101342904065,0.2275137920313033,0.515025194539656
10,30114,2024-03-30,2024,,徳島,群馬,A,H,0.2691626662610563,0.1650700961377775,0.5657672376011663
10,30115,2024-03-30,2024,,大分,岡山,D,H,0.19415115475285424,0.3727835874383572,0.4330652578087885
10,30116,2024-03-30,2024,,熊本,千葉,H,A,0.5358088836083842,0.24599246764821936,0.2181986487433965
10,30117,2024-03-30,2024,,愛媛FC,藤枝MYFC,H,H,0.3932666565365317,0.17123479647744888,0.4354985469860195
10,30118,2024-03-30,2024,,栃木SC,V・ファーレン長崎,D,H,0.3066598876144421,0.2959203819486576,0.3974197304369003
10,30471,2024-03-30,2024,,広島,G大阪,D,H,0.2508141520012954,0.30244365952792646,0.44674218847077823
10,30472,2024-03-30,2024,,新潟,柏,D,A,0.39948295987933363,0.30963420472816855,0.29088283539249776
10,30473,2024-03-30,2024,,神戸,札幌,H,H,0.20441863174110475,0.3075952553082409,0.4879861129506544
10,30474,2024-03-30,2024,,鹿島,磐田,H,H,0.21780964448704934,0.327272270710621,0.4549180848023296
10,30475,2024-03-30,2024,,浦和,福岡,H,H,0.26142791465041637,0.2790117416837263,0.45956034366585746
10,30476,2024-03-30,2024,,町田,鳥栖,H,H,0.25461408569213156,0.28969225925212294,0.4556936550557454
10,30477,2024-03-30,2024,,川崎F,FC東京,H,H,0.3635548040235012,0.26121077977547585,0.37523441620102294
10,30478,2024-03-30,2024,,名古屋,横浜FM,H,H,0.3363998182795892,0.10369927589582373,0.5599009058245871
10,30479,2024-03-30,2024,,C大阪,湘南,H,D,0.27130829448783267,0.6004873524991701,0.12820435301299724
10,29733,2024-03-31,2024,,ガイナーレ鳥取,ヴァンラーレ八戸,D,D,0.3161312082187865,0.39336450613621937,0.2905042856449942
10,29734,2024-03-31,2024,,いわてグルージャ盛岡,テゲバジャーロ宮崎,H,H,0.19702965547559256,0.19595605740118077,0.6070142871232267
10,29735,2024-03-31,2024,,福島ユナイテッドFC,Y.S.C.C.横浜,A,H,0.20306883833159445,0.26380134857902554,0.53312981308938
10,29736,2024-03-31,2024,,松本山雅FC,FC岐阜,A,H,0.18991464271472774,0.28792959946084545,0.5221557578244269
10,29737,2024-03-31,2024,,奈良クラブ,ツエーゲン金沢,D,D,0.3137179398021279,0.35708025421460204,0.32920180598327015
10,29738,2024-03-31,2024,,ギラヴァンツ北九州,大宮,D,H,0.33839501918579373,0.1521820587526443,0.5094229220615619
10,30119,2024-04-03,2024,,仙台,愛媛FC,A,D,0.36043624865915946,0.3885983796296602,0.25096537171118044
10,30120,2024-04-03,2024,,秋田,水戸,D,H,0.19319653472947648,0.2374028429453244,0.5694006223251991
10,30121,2024-04-03,2024,,いわきFC,藤枝MYFC,H,A,0.44481320375687494,0.11310256789683837,0.44208422834628675
10,30122,2024-04-03,2024,,群馬,大分,A,H,0.29812614216308436,0.247913427589228,0.4539604302476876
10,30123,2024-04-03,2024,,千葉,栃木SC,H,A,0.44965960289950074,0.3436791249565427,0.20666127214395652
10,30124,2024-04-03,2024,,清水,徳島,D,H,0.25801584454135484,0.16099134260459005,0.5809928128540551
10,30125,2024-04-03,2024,,岡山,横浜FC,A,D,0.3283767138743779,0.3579161977310438,0.31370708839457834
10,30126,2024-04-03,2024,,レノファ山口FC,熊本,A,A,0.4054373131608584,0.3737288262550269,0.22083386058411456
10,30127,2024-04-03,2024,,V・ファーレン長崎,山形,H,A,0.4476246536812045,0.21999982854682662,0.33237551777196883
10,30128,2024-04-03,2024,,鹿児島ユナイテッドFC,甲府,A,H,0.2010868566300536,0.2621018369052773,0.5368113064646692
10,30480,2024-04-03,2024,,柏,C大阪,D,H,0.3551435088408589,0.2884304748243157,0.35642601633482546
10,30481,2024-04-03,2024,,町田,広島,A,H,0.23476480816031586,0.3561025676113276,0.40913262422835656
10,30482,2024-04-03,2024,,横浜FM,川崎F,D,H,0.2516897100345021,0.35610990038991186,0.3922003895755861
10,30483,2024-04-03,2024,,湘南,東京V,A,H,0.29001041996766347,0.19425949085729008,0.5157300891750465
10,30484,2024-04-03,2024,,磐田,新潟,H,H,0.13484998651342067,0.28348054715642246,0.5816694663301569
10,30485,2024-04-03,2024,,G大阪,京都,D,H,0.3017526037867612,0.30657502674838866,0.39167236946485
10,30486,2024-04-03,2024,,福岡,鹿島,H,H,0.2651087811132027,0.3641295443791294,0.3707616745076679
10,30487,2024-04-03,2024,,鳥栖,神戸,D,H,0.33719817386938267,0.31359436193782975,0.34920746419278764
10,30488,2024-04-03,2024,,札幌,名古屋,A,D,0.33786469871210506,0.36763284165778926,0.2945024596301057
10,30489,2024-04-03,2024,,FC東京,浦和,H,D,0.2839967779334351,0.4507199703053328,0.2652832517612322
10,29739,2024-04-06,2024,,ガイナーレ鳥取,福島ユナイテッドFC,H,A,0.4162851715564399,0.2538579000416706,0.3298569284018895
10,29740,2024-04-06,2024,,FC今治,AC長野パルセイロ,D,H,0.1569115464087932,0.28312151828786447,0.5599669353033423
10,29741,2024-04-06,2024,,大宮,FC大阪,H,H,0.2729100614060866,0.32824141013161917,0.3988485284622943
10,29742,2024-04-06,2024,,SC相模原,FC岐阜,D,H,0.3043782974651993,0.3083539802707855,0.38726772226401524
10,29743,2024-04-06,2024,,富山,ギラヴァンツ北九州,H,A,0.3676568248511363,0.3279286428429207,0.30441453230594295
10,29744,2024-04-06,2024,,ツエーゲン金沢,松本山雅FC,H,H,0.14192647386998314,0.38177238474333075,0.4763011413866861
10,29745,2024-04-06,2024,,アスルクラロ沼津,いわてグルージャ盛岡,H,H,0.18466443189813517,0.34167710777849397,0.4736584603233709
10,29746,2024-04-06,2024,,テゲバジャーロ宮崎,奈良クラブ,H,A,0.5142173507699963,0.267739606160061,0.21804304306994288
10,30490,2024-04-06,2024,,札幌,G大阪,H,H,0.3727252980932597,0.14786727937920222,0.47940742252753815
10,29747,2024-04-07,2024,,ヴァンラーレ八戸,FC琉球,D,D,0.26518077349919034,0.37832091674565826,0.3564983097551515
10,29748,2024-04-07,2024,,カマタマーレ讃岐,Y.S.C.C.横浜,A,A,0.5327079641316365,0.22645720628134783,0.2408348295870158
10,30129,2024-04-07,2024,,熊本,V・ファーレン長崎,A,A,0.4000659601098967,0.32135830206119653,0.2785757378289068
10,30130,2024-04-07,2024,,山形,鹿児島ユナイテッドFC,H,A,0.41381874810615027,0.2400965538522093,0.34608469804164044
10,30131,2024-04-07,2024,,栃木SC,レノファ山口FC,D,H,0.24907718349718472,0.3103949002707099,0.44052791623210547
10,30132,2024-04-07,2024,,群馬,水戸,D,A,0.5287792414319227,0.180686718161426,0.2905340404066513
10,30133,2024-04-07,2024,,横浜FC,いわきFC,D,H,0.2108139780151455,0.27750566695776485,0.5116803550270896
10,30134,2024-04-07,2024,,甲府,清水,A,D,0.20888062900662835,0.4964201004160309,0.29469927057734085
10,30135,2024-04-07,2024,,藤枝MYFC,仙台,D,D,0.20971756193547508,0.42447575745582894,0.3658066806086959
10,30136,2024-04-07,2024,,徳島,千葉,A,H,0.19566710268705353,0.27618355636115693,0.5281493409517896
10,30137,2024-04-07,2024,,大分,秋田,A,D,0.3329663256018589,0.35507363209020054,0.3119600423079406
10,30138,2024-04-07,2024,,愛媛FC,岡山,D,H,0.23155468548963462,0.2774222457559055,0.4910230687544599
10,30491,2024-04-07,2024,,東京V,柏,D,H,0.22396898266664442,0.24078403161798892,0.5352469857153667
10,30492,2024-04-07,2024,,新潟,C大阪,A,H,0.3611719842691267,0.2266366500764627,0.41219136565441067
10,30493,2024-04-07,2024,,京都,磐田,A,H,0.34272797525396337,0.19833839936737327,0.45893362537866333
10,30494,2024-04-07,2024,,神戸,横浜FM,A,A,0.3996992372621016,0.2770334119781956,0.3232673507597028
10,30495,2024-04-07,2024,,広島,湘南,H,D,0.3122762636018452,0.4198024627292924,0.2679212736688625
10,30496,2024-04-07,2024,,浦和,鳥栖,H,A,0.43193959266156734,0.2534383643764343,0.3146220429619983
10,30497,2024-04-07,2024,,川崎F,町田,A,A,0.6053421877365834,0.12003289103534519,0.2746249212280715
10,30498,2024-04-07,2024,,名古屋,福岡,D,A,0.3708795075208404,0.2905780150956654,0.3385424773834942
10,30499,2024-04-07,2024,,FC東京,鹿島,H,H,0.2878471713883434,0.32958284038259045,0.38256998822906607
10,29749,2024-04-10,2024,,いわてグルージャ盛岡,奈良クラブ,H,H,0.35063947260606354,0.28989492769458813,0.3594655996993483
10,29750,2024-04-10,2024,,福島ユナイテッドFC,ツエーゲン金沢,D,A,0.38011947909495114,0.2879591541196276,0.33192136678542133
10,29751,2024-04-10,2024,,Y.S.C.C.横浜,大宮,A,H,0.3355099995319218,0.2860780327886173,0.3784119676794609
10,29752,2024-04-10,2024,,AC長野パルセイロ,ガイナーレ鳥取,A,A,0.3982519036158503,0.3060287366505487,0.29571935973360114
10,29753,2024-04-10,2024,,アスルクラロ沼津,SC相模原,H,H,0.27778395850448484,0.1841880234173958,0.5380280180781194
10,29754,2024-04-10,2024,,FC岐阜,富山,D,D,0.2160235464249092,0.42801199526732225,0.3559644583077685
10,29755,2024-04-10,2024,,FC大阪,ヴァンラーレ八戸,H,D,0.28862467715660406,0.3652348554159215,0.3461404674274745
10,29756,2024-04-10,2024,,ギラヴァンツ北九州,FC琉球,H,D,0.25644404377058233,0.4224214449600096,0.32113451126940806
10,29757,2024-04-10,2024,,テゲバジャーロ宮崎,FC今治,A,D,0.2546313881230332,0.4209625857079694,0.3244060261689973
10,30451,2024-04-10,2024,,横浜FM,G大阪,H,H,0.32853895652643356,0.30385385216670996,0.36760719130685643
10,30500,2024-04-12,2024,,柏,浦和,H,A,0.5336326863145617,0.34234075008963666,0.1240265635958017
10,29759,2024-04-13,2024,,SC相模原,福島ユナイテッドFC,H,A,0.6018607225571021,0.10813573289714863,0.2900035445457493
10,29760,2024-04-13,2024,,奈良クラブ,松本山雅FC,D,D,0.2079148552149716,0.6511749237315851,0.14091022105344322
10,30139,2024-04-13,2024,,仙台,山形,H,H,0.3172711027015642,0.24013126701805662,0.44259763028037913
10,30140,2024-04-13,2024,,水戸,栃木SC,D,H,0.1834113943556737,0.3365062282791056,0.4800823773652207
10,30141,2024-04-13,2024,,千葉,大分,D,A,0.5784392491049021,0.18413682887511432,0.23742392201998358
10,30142,2024-04-13,2024,,V・ファーレン長崎,徳島,H,H,0.3082127600733943,0.24548284790845673,0.44630439201814903
10,30143,2024-04-13,2024,,いわきFC,清水,A,H,0.3457482484037251,0.2806909304329624,0.3735608211633126
10,30144,2024-04-13,2024,,愛媛FC,鹿児島ユナイテッドFC,D,D,0.1472402143263409,0.443290423467678,0.40946936220598107
10,30501,2024-04-13,2024,,新潟,札幌,D,D,0.29569460951700377,0.38533841485680764,0.3189669756261887
10,30502,2024-04-13,2024,,磐田,名古屋,A,H,0.16229931492257935,0.39989973516407307,0.43780094991334756
10,30503,2024-04-13,2024,,福岡,広島,D,H,0.1921108505583979,0.32472437053650843,0.48316477890509363
10,30504,2024-04-13,2024,,鹿島,京都,H,H,0.18311543651199388,0.3690372203548954,0.4478473431331107
10,30505,2024-04-13,2024,,町田,神戸,A,D,0.3802914902377905,0.45611803142316065,0.16359047833904886
10,30506,2024-04-13,2024,,横浜FM,湘南,D,H,0.12941316060403776,0.3215444542022501,0.5490423851937122
10,30507,2024-04-13,2024,,C大阪,川崎F,H,H,0.26537129343521026,0.2008143690420259,0.5338143375227639
10,30508,2024-04-13,2024,,東京V,FC東京,D,H,0.22186383859490957,0.3345054028873325,0.44363075851775785
10,29761,2024-04-14,2024,,ヴァンラーレ八戸,FC今治,A,D,0.3176522031923212,0.38545603166448533,0.2968917651431936
10,29762,2024-04-14,2024,,いわてグルージャ盛岡,FC大阪,A,H,0.3701723824767558,0.237042045645918,0.39278557187732616
10,29763,2024-04-14,2024,,大宮,アスルクラロ沼津,D,H,0.2756312951118509,0.2733955230189367,0.45097318186921237
10,29764,2024-04-14,2024,,富山,ガイナーレ鳥取,H,A,0.4263349237384435,0.3449597065045462,0.22870536975701022
10,29765,2024-04-14,2024,,ツエーゲン金沢,Y.S.C.C.横浜,H,D,0.28274915453004046,0.37480363448041426,0.3424472109895453
10,29766,2024-04-14,2024,,ギラヴァンツ北九州,カマタマーレ讃岐,D,H,0.2599769512390503,0.3010167281121917,0.4390063206487581
10,29767,2024-04-14,2024,,FC岐阜,テゲバジャーロ宮崎,A,A,0.45621479222943245,0.25067335467993834,0.29311185309062915
10,29768,2024-04-14,2024,,FC琉球,AC長野パルセイロ,H,D,0.28096914459395406,0.5467293629661764,0.17230149243986956
10,30145,2024-04-14,2024,,秋田,岡山,D,H,0.2453922260800576,0.2501565411729037,0.5044512327470387
10,30146,2024-04-14,2024,,横浜FC,藤枝MYFC,H,H,0.2158662562224218,0.13434896869486856,0.6497847750827097
10,30147,2024-04-14,2024,,レノファ山口FC,群馬,H,D,0.26134074796384815,0.41767921264073776,0.32098003939541414
10,30148,2024-04-14,2024,,熊本,甲府,D,H,0.33667372496863357,0.28160900918802095,0.3817172658433455
10,30509,2024-04-14,2024,,G大阪,鳥栖,H,D,0.2795662337583199,0.3812697567817256,0.3391640094599545
10,29696,2024-04-20,2024,,いわてグルージャ盛岡,FC琉球,D,A,0.3659579495847105,0.3074897128540591,0.3265523375612303
10,29758,2024-04-20,2024,,松本山雅FC,カマタマーレ讃岐,H,H,0.10042409622266193,0.21434105733499667,0.6852348464423414
10,30149,2024-04-20,2024,,山形,愛媛FC,H,D,0.12421363695851481,0.47568572332238424,0.400100639719101
10,30150,2024-04-20,2024,,甲府,群馬,H,H,0.3724723679670353,0.12342638268707798,0.5041012493458867
10,30151,2024-04-20,2024,,清水,仙台,H,D,0.2189997324147551,0.43247959284205273,0.3485206747431921
10,30152,2024-04-20,2024,,藤枝MYFC,徳島,A,H,0.19980015169538679,0.29917477852560936,0.5010250697790039
10,30153,2024-04-20,2024,,岡山,熊本,H,A,0.4237070458555817,0.417106918437628,0.15918603570679032
10,30510,2024-04-20,2024,,札幌,広島,D,D,0.22850101784051094,0.41016909195954054,0.3613298901999485
10,30512,2024-04-20,2024,,京都,新潟,A,H,0.24136384617566622,0.3310040674848341,0.4276320863394998
10,30513,2024-04-20,2024,,鳥栖,鹿島,H,H,0.3945841439771663,0.16894355264964211,0.43647230337319165
10,30514,2024-04-20,2024,,湘南,神戸,A,A,0.4832751706289274,0.27142256852913854,0.24530226084193413
10,30515,2024-04-20,2024,,福岡,磐田,D,H,0.36222218152004865,0.20076149250745662,0.43701632597249473
10,30516,2024-04-20,2024,,浦和,G大阪,A,H,0.3092231983928214,0.18536999756705755,0.5054068040401211
10,30517,2024-04-20,2024,,川崎F,東京V,D,A,0.44770640619231783,0.32623421648160633,0.22605937732607595
10,29697,2024-04-21,2024,,ヴァンラーレ八戸,ギラヴァンツ北九州,D,D,0.25837359392091663,0.38113819391299125,0.36048821216609217
10,29698,2024-04-21,2024,,福島ユナイテッドFC,大宮,A,D,0.26784873872926596,0.47471090480712086,0.2574403564636133
10,30154,2024-04-21,2024,,千葉,秋田,A,A,0.4493758544379692,0.24586248325312038,0.30476166230891033
10,30155,2024-04-21,2024,,レノファ山口FC,水戸,A,H,0.36157229792871715,0.21389532162204963,0.42453238044923325
10,30156,2024-04-21,2024,,V・ファーレン長崎,横浜FC,H,H,0.28329124257770194,0.3240477520231004,0.39266100539919774
10,30157,2024-04-21,2024,,大分,いわきFC,A,A,0.5769951106357466,0.1503023172378453,0.27270257212640814
10,30158,2024-04-21,2024,,鹿児島ユナイテッドFC,栃木SC,H,A,0.3984476919986974,0.2779953013590169,0.3235570066422857
10,30518,2024-04-21,2024,,FC東京,町田,A,A,0.48317257126406327,0.29163712142534,0.2251903073105968
10,30519,2024-04-21,2024,,名古屋,C大阪,H,A,0.3711526242191352,0.34523970532568127,0.28360767045518365
10,29769,2024-04-27,2024,,AC長野パルセイロ,ギラヴァンツ北九州,H,H,0.2148574349110999,0.2925576740608159,0.4925848910280843
10,29770,2024-04-27,2024,,FC今治,大宮,A,A,0.4341837715910731,0.3010231775900869,0.26479305081884
10,29771,2024-04-27,2024,,Y.S.C.C.横浜,奈良クラブ,D,H,0.35159175521498826,0.195244350185382,0.45316389459962964
10,29772,2024-04-27,2024,,テゲバジャーロ宮崎,SC相模原,D,D,0.1662403971257889,0.5686877715820896,0.26507183129212164
10,30159,2024-04-27,2024,,仙台,千葉,A,A,0.4117116391692119,0.2793546796217928,0.3089336812089954
10,30160,2024-04-27,2024,,水戸,藤枝MYFC,A,D,0.1774875753873067,0.5566785893318328,0.26583383528086046
10,30161,2024-04-27,2024,,群馬,V・ファーレン長崎,A,D,0.21981713987417933,0.5793215278493707,0.2008613322764499
10,30162,2024-04-27,2024,,愛媛FC,甲府,H,A,0.7364463039655509,0.08888745039664443,0.1746662456378047
10,30520,2024-04-27,2024,,札幌,湘南,D,A,0.44397337058681247,0.2715141445705482,0.28451248484263936
10,30521,2024-04-27,2024,,新潟,FC東京,A,H,0.25523056344935563,0.3612574463213684,0.38351199022927607
10,30522,2024-04-27,2024,,磐田,町田,H,D,0.36833961197485743,0.412950537049005,0.21870985097613763
10,30523,2024-04-27,2024,,神戸,京都,A,H,0.3285315961539996,0.2569572594360205,0.41451114440998
10,30524,2024-04-27,2024,,C大阪,横浜FM,D,A,0.3575082431060702,0.3093949494322359,0.33309680746169384
10,29773,2024-04-28,2024,,ガイナーレ鳥取,FC琉球,H,H,0.11769729512100889,0.35382507236225424,0.528477632516737
10,29774,2024-04-28,2024,,福島ユナイテッドFC,いわてグルージャ盛岡,H,H,0.2789910792026816,0.32849792503636494,0.39251099576095344
10,29775,2024-04-28,2024,,松本山雅FC,富山,H,H,0.3549272975677649,0.24500225092878494,0.4000704515034501
10,29776,2024-04-28,2024,,ツエーゲン金沢,FC岐阜,D,H,0.1907268461835062,0.3511708339067786,0.4581023199097152
10,29777,2024-04-28,2024,,カマタマーレ讃岐,ヴァンラーレ八戸,D,D,0.35901337993915367,0.3937596802488958,0.24722693981195065
10,29778,2024-04-28,2024,,FC大阪,アスルクラロ沼津,D,H,0.3086713408390824,0.28158285737303695,0.40974580178788067
10,30163,2024-04-28,2024,,岡山,清水,A,A,0.42298295577884976,0.3192911612890432,0.2577258829321069
10,30164,2024-04-28,2024,,熊本,大分,A,A,0.4564896693749483,0.14836911694306382,0.3951412136819879
10,30165,2024-04-28,2024,,秋田,横浜FC,A,D,0.2635392029962293,0.3998701457141442,0.3365906512896265
10,30166,2024-04-28,2024,,栃木SC,いわきFC,A,H,0.21185186503166925,0.33991346245021503,0.4482346725181158
10,30167,2024-04-28,2024,,徳島,山形,H,A,0.5253020478065248,0.2852197627294484,0.18947818946402684
10,30168,2024-04-28,2024,,鹿児島ユナイテッドFC,レノファ山口FC,A,H,0.39387724320098877,0.17337128071062388,0.4327514760883873
10,30525,2024-04-28,2024,,東京V,福岡,D,A,0.36330374679228816,0.2898856636248868,0.34681058958282507
10,30526,2024-04-28,2024,,広島,川崎F,D,A,0.4741868121193844,0.3597493038998423,0.1660638839807734
10,30527,2024-04-28,2024,,浦和,名古屋,H,H,0.338322161554498,0.22639880072346244,0.4352790377220395
10,30528,2024-04-28,2024,,柏,鳥栖,D,D,0.35562276726182696,0.4293620392738104,0.2150151934643627
10,30529,2024-04-28,2024,,G大阪,鹿島,A,A,0.43362920149219714,0.28452231192875377,0.28184848657904904
10,29779,2024-05-03,2024,,ガイナーレ鳥取,大宮,A,D,0.2815696030748436,0.4200363964499942,0.29839400047516235
10,29780,2024-05-03,2024,,いわてグルージャ盛岡,ツエーゲン金沢,A,A,0.3735382316732572,0.3325072749514761,0.2939544933752667
10,29781,2024-05-03,2024,,SC相模原,FC大阪,D,A,0.4001266444590648,0.2267369375573194,0.37313641798361574
10,29782,2024-05-03,2024,,松本山雅FC,ヴァンラーレ八戸,A,D,0.2830349586193197,0.39040095432591354,0.32656408705476675
10,29783,2024-05-03,2024,,富山,テゲバジャーロ宮崎,D,H,0.24496928973986562,0.17341522628003514,0.5816154839800993
10,29784,2024-05-03,2024,,アスルクラロ沼津,福島ユナイテッドFC,A,A,0.3877471054530759,0.28815646293568226,0.32409643161124196
10,29785,2024-05-03,2024,,奈良クラブ,FC今治,H,H,0.3417468237513858,0.30138337439023755,0.35686980185837675
10,29786,2024-05-03,2024,,ギラヴァンツ北九州,Y.S.C.C.横浜,A,A,0.4526360129851723,0.30345135291002245,0.24391263410480526
10,29787,2024-05-03,2024,,FC琉球,カマタマーレ讃岐,D,H,0.25316839821269266,0.26896678573763955,0.47786481604966774
10,29788,2024-05-03,2024,,AC長野パルセイロ,FC岐阜,H,H,0.24426362050874034,0.36969166326342057,0.38604471622783915
10,30169,2024-05-03,2024,,徳島,愛媛FC,D,H,0.3019069222227735,0.30878335715418664,0.38930972062303976
10,30170,2024-05-03,2024,,仙台,レノファ山口FC,H,D,0.239010809399138,0.5014870658376488,0.2595021247632133
10,30171,2024-05-03,2024,,山形,岡山,D,A,0.38397626408670305,0.28837707296490606,0.3276466629483909
10,30172,2024-05-03,2024,,横浜FC,水戸,H,H,0.3031525099480795,0.19585903299018737,0.5009884570617331
10,30173,2024-05-03,2024,,甲府,大分,A,A,0.5212888505558225,0.25366182779816254,0.22504932164601502
10,30174,2024-05-03,2024,,清水,栃木SC,H,H,0.1636172518551958,0.3853510889434338,0.4510316592013705
10,30175,2024-05-03,2024,,藤枝MYFC,群馬,H,A,0.5619514221478156,0.1017059634897179,0.3363426143624666
10,30176,2024-05-03,2024,,V・ファーレン長崎,秋田,D,H,0.14636177554824248,0.1663803069843443,0.6872579174674133
10,30177,2024-05-03,2024,,熊本,鹿児島ユナイテッドFC,D,H,0.3124753307850264,0.21864814595281484,0.46887652326215884
10,30178,2024-05-03,2024,,いわきFC,千葉,H,D,0.3350893027888764,0.3744962211678516,0.29041447604327203
10,30530,2024-05-03,2024,,横浜FM,磐田,D,A,0.4686049254467802,0.2189020248011133,0.3124930497521066
10,30531,2024-05-03,2024,,新潟,広島,D,H,0.3283011524559172,0.2583308781622155,0.41336796938186743
10,30532,2024-05-03,2024,,鹿島,湘南,H,H,0.18746170571858506,0.24312851585349748,0.5694097784279175
10,30533,2024-05-03,2024,,FC東京,京都,H,H,0.3219792436262398,0.21513484901596874,0.46288590735779145
10,30534,2024-05-03,2024,,町田,柏,H,A,0.49093510299469123,0.2895575282445764,0.21950736876073246
10,30535,2024-05-03,2024,,C大阪,札幌,D,H,0.3338307572929455,0.2880396243522579,0.3781296183547967
10,30536,2024-05-03,2024,,鳥栖,東京V,A,A,0.381807954043993,0.2495538867704672,0.3686381591855398
10,30537,2024-05-03,2024,,川崎F,浦和,H,H,0.1445257546139302,0.37527314623307567,0.48020109915299414
10,30538,2024-05-03,2024,,福岡,G大阪,H,H,0.3388588547591133,0.2668217668322165,0.39431937840867026
10,30539,2024-05-03,2024,,名古屋,神戸,A,H,0.25793724411042745,0.24855116757618806,0.49351158831338454
10,29789,2024-05-06,2024,,ヴァンラーレ八戸,いわてグルージャ盛岡,H,H,0.29143268155254387,0.3143777588332011,0.394189559614255
10,29790,2024-05-06,2024,,FC大阪,FC琉球,A,H,0.19781522762222645,0.09627040280068835,0.7059143695770852
10,29791,2024-05-06,2024,,FC今治,富山,A,H,0.36667783343255583,0.13030569420524832,0.5030164723621958
10,29792,2024-05-06,2024,,福島ユナイテッドFC,奈良クラブ,H,H,0.3353195597834109,0.3187864404496702,0.34589399976691887
10,29793,2024-05-06,2024,,大宮,松本山雅FC,A,H,0.18820048098080663,0.3065208802521322,0.5052786387670613
10,29794,2024-05-06,2024,,Y.S.C.C.横浜,SC相模原,D,H,0.390112075552229,0.21084212324228382,0.3990458012054871
10,29795,2024-05-06,2024,,ツエーゲン金沢,ガイナーレ鳥取,D,A,0.40724221019284385,0.2183179732948236,0.37443981651233266
10,29796,2024-05-06,2024,,カマタマーレ讃岐,アスルクラロ沼津,H,D,0.32806208082057275,0.3511653260163682,0.32077259316305906
10,29797,2024-05-06,2024,,テゲバジャーロ宮崎,AC長野パルセイロ,A,D,0.31644146278849133,0.4689843130340629,0.21457422417744565
10,29798,2024-05-06,2024,,FC岐阜,ギラヴァンツ北九州,A,A,0.4094047607049686,0.3268659601742755,0.26372927912075594
10,30179,2024-05-06,2024,,秋田,甲府,A,A,0.4270722586702625,0.20944482722138497,0.3634829141083526
10,30180,2024-05-06,2024,,水戸,熊本,H,D,0.2541959526175441,0.3795027100939428,0.3663013372885132
10,30181,2024-05-06,2024,,栃木SC,藤枝MYFC,A,H,0.2978292039524089,0.3154088369838517,0.3867619590637395
10,30182,2024-05-06,2024,,群馬,清水,A,H,0.2611948279039763,0.17779824633648034,0.5610069257595434
10,30183,2024-05-06,2024,,岡山,徳島,A,D,0.3293319472502279,0.3452958347870701,0.32537221796270194
10,30184,2024-05-06,2024,,レノファ山口FC,山形,H,H,0.3348677199421053,0.32000142389566566,0.3451308561622291
10,30185,2024-05-06,2024,,大分,V・ファーレン長崎,D,A,0.3627774614587924,0.3004499274468974,0.33677261109431017
10,30186,2024-05-06,2024,,鹿児島ユナイテッドFC,仙台,A,H,0.4011770522262592,0.16205331954232993,0.43676962823141086
10,30187,2024-05-06,2024,,愛媛FC,いわきFC,D,A,0.6751387736500601,0.15718219378191553,0.16767903256802436
10,30188,2024-05-06,2024,,千葉,横浜FC,H,D,0.3605065817862817,0.4972068377251446,0.14228658048857362
10,30540,2024-05-06,2024,,東京V,磐田,H,H,0.2905941552392231,0.3510441662171516,0.3583616785436252
10,30541,2024-05-06,2024,,神戸,新潟,H,A,0.413273495182216,0.3847838181876409,0.201942686630143
10,30542,2024-05-06,2024,,G大阪,C大阪,H,A,0.5026116967283313,0.3258230222447579,0.17156528102691093
10,30543,2024-05-06,2024,,札幌,FC東京,A,H,0.31921874993748256,0.24762557262431406,0.4331556774382034
10,30544,2024-05-06,2024,,京都,町田,A,D,0.3495938296614341,0.37241817018618395,0.27798800015238195
10,30545,2024-05-06,2024,,福岡,川崎F,D,D,0.3568899420083942,0.383137362483996,0.25997269550760976
10,30546,2024-05-06,2024,,広島,名古屋,A,H,0.09328870184852389,0.389777349450327,0.5169339487011491
10,30547,2024-05-06,2024,,柏,鹿島,A,A,0.42235144342136155,0.37438652886233226,0.2032620277163063
10,30548,2024-05-06,2024,,湘南,鳥栖,H,A,0.49027199195798865,0.2780979526621573,0.23163005537985412
10,30549,2024-05-06,2024,,浦和,横浜FM,H,A,0.3372915083614165,0.33370047461490826,0.3290080170236752
10,30189,2024-05-11,2024,,仙台,群馬,H,H,0.37393748684912714,0.19094439918480488,0.43511811396606787
10,30190,2024-05-11,2024,,清水,鹿児島ユナイテッドFC,H,A,0.3573948661355333,0.3074907599045712,0.3351143739598956
10,30551,2024-05-11,2024,,新潟,浦和,A,A,0.4168738214126546,0.2923245370016213,0.2908016415857241
10,30552,2024-05-11,2024,,磐田,鳥栖,A,D,0.3166507296925777,0.3690113919404345,0.3143378783669879
10,30553,2024-05-11,2024,,京都,福岡,A,H,0.34365022521960387,0.28389301054000776,0.3724567642403883
10,30554,2024-05-11,2024,,FC東京,柏,D,H,0.29752735932435526,0.1703800768711071,0.5320925638045377
10,30555,2024-05-11,2024,,川崎F,札幌,H,H,0.29689134844430803,0.29444160762723365,0.4086670439284584
10,30556,2024-05-11,2024,,湘南,町田,D,D,0.21333623215271313,0.5159766861729271,0.2706870816743598
10,30557,2024-05-11,2024,,名古屋,G大阪,A,H,0.39517874004405457,0.12215879651472931,0.4826624634412162
10,30558,2024-05-11,2024,,C大阪,神戸,A,H,0.18432867353282884,0.3167458421606857,0.4989254843064855
10,30191,2024-05-12,2024,,いわきFC,レノファ山口FC,A,A,0.37230799716520113,0.2790792162730146,0.34861278656178435
10,30192,2024-05-12,2024,,熊本,横浜FC,D,A,0.5005423098927485,0.22607980296511396,0.2733778871421375
10,30193,2024-05-12,2024,,山形,水戸,A,A,0.5385872313280019,0.193398976276064,0.26801379239593404
10,30194,2024-05-12,2024,,藤枝MYFC,秋田,H,H,0.2769599164133805,0.3532881336009502,0.36975194998566935
10,30195,2024-05-12,2024,,徳島,栃木SC,H,D,0.2886117481045465,0.44455925113856737,0.26682900075688626
10,30196,2024-05-12,2024,,V・ファーレン長崎,岡山,D,D,0.21451006210125226,0.4146421888101126,0.3708477490886351
10,30197,2024-05-12,2024,,大分,愛媛FC,D,D,0.28082934876640725,0.4572782567809279,0.26189239445266477
10,30198,2024-05-12,2024,,甲府,千葉,D,A,0.48097600471957935,0.27808725800928713,0.2409367372711336
10,30559,2024-05-12,2024,,鹿島,東京V,D,H,0.27269432967993495,0.2580968253309395,0.4692088449891255
10,30560,2024-05-15,2024,,札幌,磐田,H,H,0.2501657393289251,0.22552873004096743,0.5243055306301074
10,30561,2024-05-15,2024,,柏,湘南,H,H,0.2991867715061402,0.28073805360572274,0.42007517488813717
10,30562,2024-05-15,2024,,東京V,G大阪,D,H,0.2098019480768798,0.28956363844085337,0.5006344134822669
10,30563,2024-05-15,2024,,町田,C大阪,H,H,0.32557881966441754,0.16991358076367252,0.5045075995719099
10,30564,2024-05-15,2024,,新潟,横浜FM,H,D,0.17479998293731575,0.42672825189194286,0.3984717651707415
10,30565,2024-05-15,2024,,名古屋,FC東京,H,H,0.29988405661775547,0.3432336825972477,0.35688226078499685
10,30566,2024-05-15,2024,,神戸,福岡,H,H,0.1922538916374691,0.27632811778480326,0.5314179905777277
10,30567,2024-05-15,2024,,広島,鹿島,A,D,0.18508245237350873,0.494419695307241,0.3204978523192503
10,30568,2024-05-15,2024,,鳥栖,川崎F,H,D,0.28940520301268574,0.41705343562566544,0.29354136136164893
10,30569,2024-05-15,2024,,浦和,京都,H,D,0.2237354134234738,0.40638903916442926,0.36987554741209705
10,29799,2024-05-18,2024,,FC今治,福島ユナイテッドFC,A,H,0.35059916663608487,0.22746180371387162,0.42193902965004354
10,29800,2024-05-18,2024,,いわてグルージャ盛岡,Y.S.C.C.横浜,A,A,0.46244405272859906,0.24088344646333928,0.2966725008080617
10,29801,2024-05-18,2024,,松本山雅FC,ギラヴァンツ北九州,D,H,0.3364620014650054,0.2081844211223257,0.455353577412669
10,29802,2024-05-18,2024,,AC長野パルセイロ,ツエーゲン金沢,A,D,0.38546993490102577,0.41984305996793303,0.1946870051310413
10,29803,2024-05-18,2024,,富山,FC大阪,H,H,0.30284804297344303,0.14104780911090278,0.5561041479156542
10,29804,2024-05-18,2024,,奈良クラブ,FC岐阜,H,H,0.2124531541114405,0.25496888701827297,0.5325779588702865
10,29805,2024-05-18,2024,,カマタマーレ讃岐,大宮,A,A,0.37249858320715584,0.2983857822100751,0.3291156345827691
10,29806,2024-05-18,2024,,FC琉球,テゲバジャーロ宮崎,H,H,0.32236461423511625,0.28863698416307615,0.3889984016018077
10,30199,2024-05-18,2024,,山形,秋田,A,H,0.20615262879886534,0.29548810469147857,0.4983592665096562
10,30200,2024-05-18,2024,,水戸,大分,D,A,0.37090828460790837,0.33086689193347646,0.29822482345861523
10,30201,2024-05-18,2024,,群馬,いわきFC,A,D,0.3490474284493535,0.5089799044851615,0.1419726670654851
10,30202,2024-05-18,2024,,千葉,愛媛FC,H,A,0.3926664251342923,0.3475832262053863,0.2597503486603213
10,30203,2024-05-18,2024,,横浜FC,清水,H,H,0.3636204761069217,0.2515687446709842,0.384810779222094
10,30204,2024-05-18,2024,,徳島,熊本,A,D,0.28376634480561785,0.38417710141814176,0.33205655377624044
10,30205,2024-05-18,2024,,鹿児島ユナイテッドFC,V・ファーレン長崎,A,H,0.2910982181741949,0.31419462068953297,0.3947071611362722
10,30570,2024-05-18,2024,,福岡,C大阪,A,A,0.5130723279066233,0.19506820832715846,0.29185946376621824
10,30571,2024-05-18,2024,,鳥栖,名古屋,A,H,0.187560010718488,0.32460424863267867,0.48783574064883334
10,29807,2024-05-19,2024,,ガイナーレ鳥取,SC相模原,A,H,0.2732253798143176,0.3448742623749886,0.3819003578106938
10,29808,2024-05-19,2024,,アスルクラロ沼津,ヴァンラーレ八戸,D,H,0.23176430995771355,0.37207978556567806,0.3961559044766084
10,30206,2024-05-19,2024,,岡山,甲府,H,H,0.3069006554353446,0.3217595887104041,0.3713397558542513
10,30207,2024-05-19,2024,,レノファ山口FC,藤枝MYFC,H,A,0.4831879657090929,0.35058516440582194,0.16622686988508512
10,30208,2024-05-19,2024,,栃木SC,仙台,A,A,0.4438688237179738,0.23633517978835686,0.31979599649366924
10,30572,2024-05-19,2024,,町田,東京V,H,H,0.33814976955643383,0.20153161745889892,0.46031861298466736
10,30573,2024-05-19,2024,,磐田,浦和,D,A,0.7175010465109432,0.1257514032198698,0.15674755026918696
10,30574,2024-05-19,2024,,京都,広島,A,D,0.2396255214774123,0.3984772079400035,0.36189727058258414
10,30575,2024-05-19,2024,,鹿島,神戸,H,A,0.394627673420861,0.2215823906792128,0.38378993589992616
10,30576,2024-05-19,2024,,FC東京,横浜FM,D,A,0.5385694996898529,0.11737937817833893,0.3440511221318082
10,30577,2024-05-19,2024,,G大阪,川崎F,H,A,0.48914683362811145,0.2133364952410404,0.29751667113084823
10,30578,2024-05-19,2024,,柏,札幌,H,H,0.23534095385608655,0.2611515206637008,0.5035075254802127
10,30579,2024-05-19,2024,,湘南,新潟,H,H,0.24814597649650186,0.24229886879213589,0.5095551547113623
10,30209,2024-05-25,2024,,愛媛FC,栃木SC,D,A,0.4208880182073858,0.27211125751437276,0.3070007242782415
10,30210,2024-05-25,2024,,藤枝MYFC,鹿児島ユナイテッドFC,D,H,0.35990546513252636,0.2782772930375438,0.3618172418299298
10,30212,2024-05-25,2024,,V・ファーレン長崎,千葉,H,A,0.43914153103320136,0.15278504637226825,0.40807342259453044
10,30213,2024-05-25,2024,,甲府,横浜FC,A,A,0.38356493538733044,0.2354337716794747,0.3810012929331949
10,30580,2024-05-25,2024,,札幌,鹿島,A,A,0.6209664263234254,0.25798863053021476,0.12104494314635977
10,30581,2024-05-25,2024,,磐田,湘南,H,D,0.1863259594774011,0.460182399782146,0.353491640740453
10,30582,2024-05-25,2024,,川崎F,柏,D,H,0.21365484703557638,0.21404024730068769,0.572304905663736
10,30584,2024-05-25,2024,,新潟,福岡,A,H,0.16794750740398243,0.30042240902258,0.5316300835734376
10,30214,2024-05-26,2024,,仙台,岡山,A,A,0.4228767703287585,0.30304343113306637,0.27407979853817505
10,30215,2024-05-26,2024,,秋田,群馬,D,H,0.27587157853598665,0.2168910573196121,0.5072373641444012
10,30216,2024-05-26,2024,,いわきFC,徳島,D,H,0.2864738626957452,0.3176308450493935,0.39589529225486136
10,30217,2024-05-26,2024,,清水,水戸,H,H,0.26413844273950055,0.35219796098790107,0.38366359627259844
10,30218,2024-05-26,2024,,熊本,山形,A,A,0.39638117909286846,0.31921321657782886,0.2844056043293027
10,30219,2024-05-26,2024,,大分,レノファ山口FC,D,H,0.13220936930737207,0.31441671841187663,0.5533739122807513
10,30585,2024-05-26,2024,,神戸,東京V,A,H,0.25319094296482114,0.2759760868126843,0.4708329702224946
10,30586,2024-05-26,2024,,FC東京,G大阪,A,H,0.2809612388054255,0.23842427471217648,0.48061448648239813
10,30587,2024-05-26,2024,,名古屋,京都,D,A,0.3696457340345704,0.28929004273920056,0.341064223226229
10,30588,2024-05-26,2024,,C大阪,広島,D,D,0.3258176868285262,0.4798770034708513,0.1943053097006226
10,30589,2024-05-26,2024,,浦和,町田,A,H,0.3258202750568474,0.26327729844096515,0.41090242650218745
10,30511,2024-05-29,2024,,横浜FM,柏,H,A,0.5033444479026158,0.07967718164967084,0.41697837044771335
10,30590,2024-05-31,2024,,鳥栖,FC東京,A,A,0.4048121641704044,0.2232043457511184,0.37198349007847725
10,29809,2024-06-01,2024,,大宮,AC長野パルセイロ,H,H,0.20893022976339173,0.3359037034882978,0.45516606674831056
10,29810,2024-06-01,2024,,松本山雅FC,FC今治,A,H,0.28518504314495385,0.22366609449655628,0.4911488623584899
10,30220,2024-06-01,2024,,藤枝MYFC,甲府,H,H,0.32698405616003834,0.313797735463533,0.3592182083764286
10,30221,2024-06-01,2024,,大分,徳島,A,H,0.24416545380337143,0.29065039526455094,0.46518415093207766
10,30222,2024-06-01,2024,,千葉,岡山,H,H,0.19787762622487612,0.19225651319228573,0.6098658605828382
10,30223,2024-06-01,2024,,横浜FC,愛媛FC,H,H,0.21011960996754828,0.343036161410205,0.44684422862224676
10,30591,2024-06-01,2024,,広島,磐田,H,H,0.3828596978278434,0.17317119512535162,0.44396910704680503
10,30592,2024-06-01,2024,,鹿島,横浜FM,H,H,0.38891772129285357,0.2021067496532802,0.40897552905386625
10,30593,2024-06-01,2024,,町田,新潟,A,H,0.2777136196002991,0.13855266610873282,0.5837337142909681
10,30594,2024-06-01,2024,,湘南,G大阪,A,D,0.3505229786538099,0.4287938930277593,0.2206831283184309
10,30595,2024-06-01,2024,,浦和,神戸,D,A,0.511620376361022,0.15544120233801287,0.3329384213009652
10,30596,2024-06-01,2024,,京都,C大阪,D,H,0.2525945311887493,0.27014681405123936,0.47725865476001145
10,29811,2024-06-02,2024,,ヴァンラーレ八戸,ツエーゲン金沢,D,D,0.22721509564460557,0.5342058184011166,0.2385790859542778
10,29812,2024-06-02,2024,,福島ユナイテッドFC,カマタマーレ讃岐,A,H,0.3339577500359955,0.2727690116570757,0.39327323830692884
10,29813,2024-06-02,2024,,Y.S.C.C.横浜,テゲバジャーロ宮崎,A,A,0.43075225834659214,0.22981364413706343,0.3394340975163444
10,29814,2024-06-02,2024,,SC相模原,いわてグルージャ盛岡,H,H,0.27449507672057344,0.3228146566751635,0.40269026660426305
10,29815,2024-06-02,2024,,アスルクラロ沼津,富山,H,H,0.35072015814215335,0.23459844426651685,0.4146813975913298
10,29816,2024-06-02,2024,,ギラヴァンツ北九州,ガイナーレ鳥取,H,H,0.3628993528403724,0.2621102519642679,0.37499039519535976
10,29817,2024-06-02,2024,,FC大阪,奈良クラブ,D,D,0.3926763799423992,0.41783703282602314,0.18948658723157777
10,29818,2024-06-02,2024,,FC岐阜,FC琉球,D,H,0.29564126493087883,0.2945240371324658,0.4098346979366555
10,30224,2024-06-02,2024,,いわきFC,仙台,A,H,0.30029420557891057,0.2592446895015583,0.4404611049195312
10,30225,2024-06-02,2024,,水戸,V・ファーレン長崎,A,A,0.3917591314155453,0.29724172531680537,0.3109991432676492
10,30226,2024-06-02,2024,,群馬,山形,D,H,0.2605404866962879,0.2994471360903413,0.4400123772133709
10,30227,2024-06-02,2024,,レノファ山口FC,清水,H,A,0.4420711163167367,0.3463278490653482,0.21160103461791524
10,30228,2024-06-02,2024,,鹿児島ユナイテッドFC,秋田,D,A,0.37634488318425785,0.36961303669958534,0.2540420801161569
10,30229,2024-06-02,2024,,栃木SC,熊本,A,A,0.47741659204716946,0.2933205976434695,0.22926281030936102
10,30597,2024-06-02,2024,,東京V,札幌,H,H,0.2751767961669616,0.2596024301244465,0.465220773708592
10,30598,2024-06-02,2024,,川崎F,名古屋,H,D,0.30374680839230483,0.4064174315470498,0.2898357600606455
10,30599,2024-06-02,2024,,柏,福岡,A,A,0.5835838940027991,0.1319961912255743,0.2844199147716266
10,29819,2024-06-08,2024,,AC長野パルセイロ,Y.S.C.C.横浜,H,H,0.21614882556669035,0.3635134861771062,0.4203376882562034
10,29820,2024-06-08,2024,,奈良クラブ,SC相模原,H,A,0.48959123983743646,0.1772223348922396,0.333186425270324
10,29821,2024-06-08,2024,,FC琉球,FC今治,H,A,0.421872265882985,0.2462105600818275,0.33191717403518745
10,29822,2024-06-08,2024,,FC岐阜,アスルクラロ沼津,A,A,0.5112958480650842,0.32183417218979105,0.16686997974512477
10,29823,2024-06-08,2024,,ガイナーレ鳥取,松本山雅FC,A,H,0.38043940283887423,0.19295828820060051,0.4266023089605253
10,30230,2024-06-08,2024,,秋田,熊本,D,H,0.1520979776383693,0.39203864702402125,0.4558633753376095
10,30231,2024-06-08,2024,,甲府,仙台,D,A,0.6020852631008735,0.19064427439379533,0.20727046250533115
10,30232,2024-06-08,2024,,清水,藤枝MYFC,H,H,0.23135140555683864,0.2298217923202696,0.5388268021228918
10,30233,2024-06-08,2024,,徳島,横浜FC,A,A,0.43081494142033266,0.3448398367037587,0.2243452218759086
10,30234,2024-06-08,2024,,愛媛FC,水戸,H,A,0.4577240713436398,0.14446345105817252,0.39781247759818766
10,30235,2024-06-08,2024,,栃木SC,群馬,D,H,0.27593612630495656,0.1746672635554803,0.5493966101395632
10,30236,2024-06-08,2024,,レノファ山口FC,千葉,A,A,0.5048557295907644,0.23859129378816069,0.256552976621075
10,29824,2024-06-09,2024,,福島ユナイテッドFC,ヴァンラーレ八戸,H,H,0.2530263319688745,0.20945663729134484,0.5375170307397806
10,29826,2024-06-09,2024,,ツエーゲン金沢,大宮,A,H,0.28273523524516264,0.2713209583717204,0.44594380638311704
10,29827,2024-06-09,2024,,カマタマーレ讃岐,FC大阪,A,H,0.41264331332643717,0.1719228665539515,0.41543382011961133
10,29828,2024-06-09,2024,,テゲバジャーロ宮崎,ギラヴァンツ北九州,D,A,0.4558047185896174,0.28906147274847405,0.25513380866190855
10,30237,2024-06-09,2024,,山形,大分,D,H,0.17068378715182533,0.13623589178771414,0.6930803210604606
10,30239,2024-06-09,2024,,岡山,鹿児島ユナイテッドFC,D,D,0.32861908795820866,0.3864945886345717,0.28488632340721975
10,29829,2024-06-15,2024,,Y.S.C.C.横浜,FC岐阜,A,A,0.5610668027882605,0.2706481800856878,0.16828501712605165
10,29838,2024-06-15,2024,,FC大阪,ガイナーレ鳥取,H,H,0.21337411745376594,0.3336544987347906,0.4529713838114435
10,30240,2024-06-15,2024,,藤枝MYFC,横浜FC,A,D,0.3707665767933449,0.45917837770749237,0.17005504549916273
10,30241,2024-06-15,2024,,鹿児島ユナイテッドFC,山形,H,A,0.39439218770288564,0.2945258252091474,0.311081987087967
10,30600,2024-06-15,2024,,横浜FM,町田,A,H,0.26956604933451467,0.3131082416939639,0.4173257089715215
10,30601,2024-06-15,2024,,広島,東京V,H,A,0.382094086980095,0.3170161903855149,0.3008897226343902
10,30602,2024-06-15,2024,,京都,札幌,H,H,0.36478952447318685,0.11255885645404737,0.5226516190727658
10,30603,2024-06-15,2024,,C大阪,浦和,H,H,0.2869973863505249,0.28660740949388924,0.42639520415558596
10,29830,2024-06-16,2024,,ヴァンラーレ八戸,テゲバジャーロ宮崎,D,A,0.4295743433331891,0.3211438042874234,0.2492818523793875
10,29831,2024-06-16,2024,,松本山雅FC,アスルクラロ沼津,H,H,0.37083600820767315,0.19953244810153403,0.42963154369079287
10,29832,2024-06-16,2024,,カマタマーレ讃岐,ツエーゲン金沢,A,A,0.41083970658124147,0.28414021699322967,0.3050200764255288
10,29833,2024-06-16,2024,,ギラヴァンツ北九州,奈良クラブ,H,H,0.27858950392663867,0.2641066818524756,0.4573038142208858
10,29834,2024-06-16,2024,,富山,大宮,D,D,0.3435817316156279,0.3755292813036766,0.2808889870806956
10,29835,2024-06-16,2024,,いわてグルージャ盛岡,AC長野パルセイロ,H,H,0.2395861980226128,0.3791271580366632,0.38128664394072403
10,29836,2024-06-16,2024,,FC今治,SC相模原,H,A,0.34597085140119255,0.3134627360776289,0.3405664125211785
10,29837,2024-06-16,2024,,FC琉球,福島ユナイテッドFC,A,D,0.19456093785170434,0.4839604059402209,0.3214786562080747
10,30242,2024-06-16,2024,,いわきFC,甲府,D,D,0.20754292768620816,0.41907992894926793,0.373377143364524
10,30243,2024-06-16,2024,,水戸,秋田,H,H,0.1985375813724132,0.3925939537700892,0.40886846485749756
10,30244,2024-06-16,2024,,仙台,V・ファーレン長崎,D,A,0.42319951748703266,0.2683334442063336,0.30846703830663386
10,30245,2024-06-16,2024,,愛媛FC,清水,H,A,0.4845175037746953,0.36709938316871465,0.14838311305658997
10,30246,2024-06-16,2024,,熊本,岡山,A,D,0.22742235780083678,0.44246387575555063,0.3301137664436126
10,30247,2024-06-16,2024,,大分,栃木SC,A,D,0.2977142537406666,0.4405168359169078,0.2617689103424255
10,30248,2024-06-16,2024,,群馬,レノファ山口FC,A,A,0.44907726041764406,0.30316137270297205,0.24776136687938388
10,30249,2024-06-16,2024,,千葉,徳島,H,D,0.17299900943064683,0.4318340571230307,0.3951669334463225
10,30604,2024-06-16,2024,,神戸,川崎F,H,D,0.3270209908262845,0.350979589464022,0.3219994197096935
10,30605,2024-06-16,2024,,福岡,鳥栖,H,D,0.16932443524356913,0.42626151485097463,0.4044140499054563
10,30606,2024-06-16,2024,,鹿島,新潟,D,H,0.3025355988357803,0.22426255005623846,0.47320185110798124
10,30607,2024-06-16,2024,,FC東京,磐田,D,H,0.2290010508227307,0.2834386160458073,0.48756033313146213
10,30608,2024-06-16,2024,,名古屋,湘南,D,A,0.4110243377283285,0.34581661378361306,0.24315904848805836
10,30609,2024-06-16,2024,,G大阪,柏,H,D,0.12269037839882303,0.57654279055001,0.30076683105116697
10,30550,2024-06-19,2024,,横浜FM,広島,H,D,0.1729603880811423,0.5377087588338725,0.28933085308498535
11,29839,2024-06-22,2024,,いわてグルージャ盛岡,FC今治,D,H,0.2254290417015673,0.2479227901689168,0.526648168129516
11,29840,2024-06-22,2024,,SC相模原,松本山雅FC,H,D,0.29227507238615,0.3739789528492637,0.33374597476458634
11,29841,2024-06-22,2024,,AC長野パルセイロ,富山,A,H,0.33114626440790323,0.3192930479418694,0.3495606876502274
11,29842,2024-06-22,2024,,大宮,FC琉球,H,D,0.13073450859149296,0.4929458458689753,0.37631964553953173
11,29843,2024-06-22,2024,,ガイナーレ鳥取,FC岐阜,A,A,0.6139238479033535,0.22637844168651483,0.15969771041013167
11,29844,2024-06-22,2024,,テゲバジャーロ宮崎,カマタマーレ讃岐,D,H,0.269387254914025,0.36412590797488714,0.36648683711108787
11,30250,2024-06-22,2024,,山形,仙台,D,A,0.500336117798064,0.2588476782879443,0.2408162039139917
11,30251,2024-06-22,2024,,横浜FC,熊本,H,A,0.4540444483151155,0.21729862314909004,0.3286569285357945
11,30252,2024-06-22,2024,,甲府,愛媛FC,A,D,0.3569799712211145,0.37242092902405616,0.2705990997548293
11,30253,2024-06-22,2024,,栃木SC,千葉,H,D,0.36223565972176847,0.3959036883069074,0.24186065197132414
11,30254,2024-06-22,2024,,岡山,群馬,H,H,0.25609951115541224,0.3240166245838098,0.41988386426077795
11,30255,2024-06-22,2024,,レノファ山口FC,いわきFC,A,A,0.41302711111991863,0.2777591788614963,0.30921371001858516
11,30256,2024-06-22,2024,,V・ファーレン長崎,藤枝MYFC,H,H,0.15054597132527256,0.4146736594155105,0.434780369259217
11,30257,2024-06-22,2024,,鹿児島ユナイテッドFC,大分,H,A,0.45785395293321424,0.28006935481099393,0.2620766922557919
11,30610,2024-06-22,2024,,町田,福岡,D,H,0.2965868919662149,0.3208907027799252,0.38252240525385983
11,30611,2024-06-22,2024,,東京V,名古屋,H,H,0.3338714675600542,0.21064765946643552,0.4554808729735103
11,30612,2024-06-22,2024,,新潟,川崎F,D,H,0.24267720534123627,0.27041899446412104,0.4869038001946427
11,30613,2024-06-22,2024,,浦和,鹿島,D,D,0.19243553444388886,0.42955549331311926,0.37800897224299185
11,30614,2024-06-22,2024,,柏,広島,A,D,0.2879064716721777,0.4316905509101853,0.280402977417637
11,30615,2024-06-22,2024,,湘南,FC東京,A,A,0.490231014480895,0.2734356171361204,0.23633336838298463
11,30616,2024-06-22,2024,,磐田,C大阪,D,D,0.2008328297647794,0.4663821341152221,0.33278503611999855
11,30617,2024-06-22,2024,,G大阪,神戸,H,A,0.4116408307164717,0.33656496612362996,0.2517942031598985
11,30618,2024-06-22,2024,,鳥栖,京都,H,H,0.25327504049128485,0.24791431458373325,0.49881064492498195
11,29845,2024-06-23,2024,,ヴァンラーレ八戸,Y.S.C.C.横浜,H,H,0.24132816111230834,0.3366020525975123,0.42206978629017927
11,29846,2024-06-23,2024,,福島ユナイテッドFC,FC大阪,H,H,0.152361905881122,0.3019703283865265,0.5456677657323515
11,29847,2024-06-23,2024,,ツエーゲン金沢,ギラヴァンツ北九州,D,D,0.35018672381536686,0.426055255355899,0.22375802082873422
11,29848,2024-06-23,2024,,アスルクラロ沼津,奈良クラブ,H,A,0.518394237700869,0.1912333761347376,0.2903723861643935
11,30258,2024-06-23,2024,,秋田,清水,H,D,0.30778359091350344,0.40512977089288876,0.28708663819360775
11,30259,2024-06-23,2024,,徳島,水戸,H,A,0.45714060013634084,0.21148807075854129,0.33137132910511796
11,30619,2024-06-23,2024,,札幌,横浜FM,A,A,0.5967802523147778,0.23252884909674795,0.17069089858847428
11,29825,2024-06-26,2024,,富山,いわてグルージャ盛岡,H,D,0.316024487968496,0.3973939154002459,0.2865815966312581
11,30238,2024-06-26,2024,,V・ファーレン長崎,いわきFC,H,D,0.22312053288091208,0.398885188465804,0.37799427865328394
11,30620,2024-06-26,2024,,鹿島,G大阪,D,H,0.19900039078849138,0.3015870572004706,0.499412552011038
11,30621,2024-06-26,2024,,FC東京,札幌,H,H,0.3041943852362676,0.3257964121800044,0.370009202583728
11,30622,2024-06-26,2024,,川崎F,湘南,D,A,0.4654121015910311,0.20626190221559318,0.32832599619337566
11,30623,2024-06-26,2024,,磐田,東京V,H,A,0.36121191809617914,0.2997590861070695,0.33902899579675144
11,30624,2024-06-26,2024,,名古屋,浦和,A,A,0.3985720902353837,0.3669343128478919,0.23449359691672436
11,30625,2024-06-26,2024,,京都,柏,D,D,0.19461258441062884,0.4898886328189943,0.3154987827703769
11,30626,2024-06-26,2024,,C大阪,鳥栖,H,A,0.42688575011825847,0.26712979791514946,0.305984451966592
11,30627,2024-06-26,2024,,神戸,町田,D,H,0.25389290387767144,0.3158784424867176,0.4302286536356111
11,30628,2024-06-26,2024,,広島,新潟,D,A,0.41431191257259653,0.404691224990195,0.18099686243720853
11,30629,2024-06-26,2024,,福岡,横浜FM,H,D,0.24712824261255417,0.48360650811163836,0.2692652492758074
11,29849,2024-06-29,2024,,松本山雅FC,AC長野パルセイロ,D,H,0.15312018457646218,0.23125826313308312,0.6156215522904547
11,29850,2024-06-29,2024,,FC大阪,テゲバジャーロ宮崎,H,H,0.34665675173926147,0.18921654256547496,0.46412670569526365
11,29851,2024-06-29,2024,,Y.S.C.C.横浜,アスルクラロ沼津,H,A,0.37237437175630195,0.26778764693157564,0.3598379813121225
11,29852,2024-06-29,2024,,富山,SC相模原,D,H,0.2854700933227188,0.32325210283303535,0.3912778038442459
11,29853,2024-06-29,2024,,奈良クラブ,ガイナーレ鳥取,D,D,0.32821967398347784,0.3626892518214705,0.3090910741950517
11,29854,2024-06-29,2024,,ギラヴァンツ北九州,福島ユナイテッドFC,H,A,0.4122809712792147,0.3606606307099742,0.22705839801081115
11,29855,2024-06-29,2024,,大宮,いわてグルージャ盛岡,H,A,0.497700687092146,0.10387411815532141,0.39842519475253263
11,29856,2024-06-29,2024,,FC岐阜,ヴァンラーレ八戸,A,A,0.36171838503443643,0.3053642116901537,0.33291740327540986
11,30260,2024-06-29,2024,,いわきFC,横浜FC,A,H,0.40103168470294,0.19416500856348426,0.40480330673357573
11,30261,2024-06-29,2024,,水戸,レノファ山口FC,D,D,0.37539604619216693,0.5134120127018111,0.11119194110602187
11,30262,2024-06-29,2024,,熊本,愛媛FC,H,A,0.4565011909926326,0.13106777060674238,0.41243103840062495
11,30263,2024-06-29,2024,,仙台,栃木SC,H,H,0.3146739970123039,0.285638202700603,0.39968780028709305
11,30264,2024-06-29,2024,,群馬,藤枝MYFC,A,A,0.36035427478016685,0.29858308801747646,0.3410626372023568
11,30265,2024-06-29,2024,,徳島,V・ファーレン長崎,D,A,0.4355577867261998,0.28801072394939997,0.2764314893244001
11,30266,2024-06-29,2024,,大分,甲府,D,A,0.4342068554042892,0.3215583309540394,0.24423481364167146
11,30630,2024-06-29,2024,,札幌,新潟,A,H,0.3043837906616451,0.3457731580076878,0.34984305133066707
11,30631,2024-06-29,2024,,川崎F,広島,D,D,0.2458395050369991,0.38817439520318087,0.36598609975981994
11,30632,2024-06-29,2024,,横浜FM,東京V,A,H,0.26657716948155696,0.30277308764907285,0.43064974286937024
11,29857,2024-06-30,2024,,FC今治,カマタマーレ讃岐,H,H,0.32651854981515416,0.28123091507867154,0.3922505351061743
11,29858,2024-06-30,2024,,FC琉球,ツエーゲン金沢,A,H,0.1985720672677459,0.38418840368215834,0.4172395290500958
11,30267,2024-06-30,2024,,秋田,山形,A,A,0.5396133340390867,0.28817215606255164,0.17221450989836173
11,30268,2024-06-30,2024,,清水,岡山,H,D,0.292716234182353,0.4508211046236017,0.25646266119404537
11,30269,2024-06-30,2024,,千葉,鹿児島ユナイテッドFC,H,A,0.42624473025528575,0.4109540525107117,0.16280121723400254
11,30633,2024-06-30,2024,,G大阪,町田,A,H,0.35149399094108935,0.22230007265025095,0.4262059364086597
11,30634,2024-06-30,2024,,C大阪,名古屋,H,D,0.24457781654427754,0.5236892885178918,0.23173289493783078
11,30635,2024-06-30,2024,,浦和,磐田,H,H,0.2610781928472228,0.33395908664870505,0.40496272050407217
11,30636,2024-06-30,2024,,FC東京,福岡,A,A,0.5776636936039784,0.21183551766509673,0.21050078873092495
11,30637,2024-06-30,2024,,湘南,京都,A,A,0.3938188057533648,0.3676217701070564,0.23855942413957876
11,30638,2024-06-30,2024,,神戸,鹿島,H,A,0.5526556693498392,0.29721443604082215,0.1501298946093387
11,30639,2024-06-30,2024,,鳥栖,柏,A,H,0.13843224064775805,0.3511334977130537,0.5104342616391884
11,30583,2024-07-03,2024,,横浜FM,鳥栖,A,H,0.2086529107418883,0.36837858657912353,0.4229685026789882
11,30640,2024-07-05,2024,,広島,神戸,A,A,0.5029647875144121,0.313322014967438,0.18371319751814988
11,29859,2024-07-06,2024,,ヴァンラーレ八戸,松本山雅FC,H,A,0.47546272875588663,0.21614121569461409,0.30839605554949934
11,29860,2024-07-06,2024,,いわてグルージャ盛岡,SC相模原,A,A,0.449991990597265,0.4051057378527092,0.1449022715500258
11,29861,2024-07-06,2024,,ツエーゲン金沢,AC長野パルセイロ,H,H,0.1972964145623299,0.24464987605570038,0.5580537093819697
11,29862,2024-07-06,2024,,アスルクラロ沼津,大宮,H,H,0.3532378744517545,0.29254491836866564,0.35421720717957983
11,29863,2024-07-06,2024,,FC大阪,富山,D,H,0.3295857135056017,0.2542505246277461,0.4161637618666521
11,29864,2024-07-06,2024,,ガイナーレ鳥取,ギラヴァンツ北九州,A,A,0.442749353791433,0.26717271789204117,0.29007792831652585
11,29865,2024-07-06,2024,,テゲバジャーロ宮崎,FC岐阜,A,A,0.4803796028998452,0.26069326791002184,0.2589271291901329
11,30270,2024-07-06,2024,,いわきFC,大分,A,H,0.18461521194329483,0.20582851799961147,0.6095562700570937
11,30271,2024-07-06,2024,,横浜FC,秋田,H,A,0.4314228647518115,0.30362297918205483,0.26495415606613365
11,30272,2024-07-06,2024,,甲府,徳島,A,H,0.3038640039433071,0.28669967595162005,0.4094363201050729
11,30273,2024-07-06,2024,,藤枝MYFC,水戸,H,D,0.2686752211579193,0.5244404880683974,0.20688429077368325
11,30274,2024-07-06,2024,,清水,千葉,H,A,0.4570676445717034,0.33607552831168036,0.2068568271166161
11,30275,2024-07-06,2024,,山形,栃木SC,H,A,0.4456896385447215,0.18073994746677752,0.37357041398850105
11,30276,2024-07-06,2024,,岡山,仙台,H,A,0.43974825885715285,0.19357853590187962,0.36667320524096747
11,30277,2024-07-06,2024,,レノファ山口FC,鹿児島ユナイテッドFC,H,D,0.3235420801399698,0.358421126793352,0.3180367930666782
11,30278,2024-07-06,2024,,V・ファーレン長崎,熊本,H,H,0.3079567319452629,0.2210968585626873,0.47094640949204986
11,30641,2024-07-06,2024,,鹿島,札幌,H,H,0.2695558528535323,0.2992149320997065,0.4312292150467611
11,30642,2024-07-06,2024,,東京V,C大阪,D,A,0.5414485745772851,0.15514600692063824,0.30340541850207664
11,30643,2024-07-06,2024,,町田,名古屋,H,A,0.3606078742427419,0.33657162490162634,0.3028205008556319
11,30644,2024-07-06,2024,,浦和,湘南,A,D,0.20854761579477385,0.4143359946327491,0.37711638957247706
11,30645,2024-07-06,2024,,新潟,鳥栖,A,A,0.356006331236236,0.3254513411058084,0.3185423276579557
11,30646,2024-07-06,2024,,柏,FC東京,H,D,0.10706452338413931,0.6805125790234203,0.2124228975924404
11,30647,2024-07-06,2024,,磐田,川崎F,D,D,0.15854051872098873,0.43917683358175497,0.40228264769725636
11,30648,2024-07-06,2024,,G大阪,横浜FM,H,A,0.38208945831638985,0.3545370935116813,0.2633734481719289
11,29866,2024-07-07,2024,,福島ユナイテッドFC,FC今治,A,H,0.2666957750023741,0.3548052880571813,0.3784989369404445
11,29867,2024-07-07,2024,,奈良クラブ,Y.S.C.C.横浜,D,D,0.2660966484326139,0.46471964218679146,0.2691837093805947
11,29868,2024-07-07,2024,,カマタマーレ讃岐,FC琉球,A,A,0.4882793975226617,0.28522648897551633,0.22649411350182203
11,30279,2024-07-07,2024,,愛媛FC,群馬,A,D,0.2307811600064443,0.46863773552359866,0.30058110446995706
11,30649,2024-07-07,2024,,福岡,京都,A,A,0.4928564352594824,0.25431676732653596,0.2528267974139816
11,29869,2024-07-13,2024,,ヴァンラーレ八戸,ガイナーレ鳥取,H,H,0.17094326621723022,0.2659528642630759,0.5631038695196939
11,29870,2024-07-13,2024,,Y.S.C.C.横浜,福島ユナイテッドFC,H,H,0.29573362487111365,0.34768018730797723,0.35658618782090906
11,29871,2024-07-13,2024,,SC相模原,アスルクラロ沼津,H,D,0.3460113862739167,0.36866626967122224,0.285322344054861
11,29872,2024-07-13,2024,,AC長野パルセイロ,いわてグルージャ盛岡,D,A,0.4449950122913257,0.1876955322767295,0.3673094554319449
11,29873,2024-07-13,2024,,富山,FC琉球,H,A,0.5037335206455228,0.30335174654900654,0.19291473280547072
11,29874,2024-07-13,2024,,大宮,カマタマーレ讃岐,H,A,0.3918184221522593,0.2373710920511259,0.37081048579661485
11,29875,2024-07-13,2024,,FC岐阜,奈良クラブ,D,A,0.5118510388876046,0.24265807780911705,0.24549088330327823
11,30280,2024-07-13,2024,,藤枝MYFC,愛媛FC,A,H,0.31482294656969184,0.3088407821397941,0.376336271290514
11,30281,2024-07-13,2024,,鹿児島ユナイテッドFC,群馬,D,D,0.18304574895165238,0.6026345579407907,0.21431969310755689
11,30650,2024-07-13,2024,,札幌,神戸,D,D,0.36475851351317445,0.4076998786334146,0.2275416078534108
11,30651,2024-07-13,2024,,FC東京,新潟,H,H,0.20462077974033901,0.21760598166543108,0.5777732385942299
11,29876,2024-07-14,2024,,松本山雅FC,FC大阪,H,D,0.2690724402162838,0.5011942588387114,0.22973330094500485
11,29877,2024-07-14,2024,,ギラヴァンツ北九州,テゲバジャーロ宮崎,H,A,0.39434852956561106,0.3089579136899091,0.2966935567444799
11,29878,2024-07-14,2024,,FC今治,ツエーゲン金沢,H,A,0.4507706082706512,0.28813306579186937,0.2610963259374795
11,30282,2024-07-14,2024,,秋田,レノファ山口FC,H,A,0.5474403184310553,0.3386177050837023,0.11394197648524237
11,30283,2024-07-14,2024,,水戸,横浜FC,D,A,0.5618304767153245,0.1905274529909773,0.24764207029369817
11,30284,2024-07-14,2024,,甲府,V・ファーレン長崎,D,H,0.34838741464350514,0.26801894349451283,0.383593641861982
11,30285,2024-07-14,2024,,山形,いわきFC,A,H,0.2552029199599643,0.28716862252453,0.4576284575155058
11,30286,2024-07-14,2024,,栃木SC,岡山,D,A,0.35118716501141484,0.34595994624873583,0.30285288873984934
11,30287,2024-07-14,2024,,千葉,熊本,A,H,0.1486312874280455,0.27930206173435573,0.5720666508375989
11,30288,2024-07-14,2024,,徳島,仙台,H,H,0.17785413347953383,0.33013585558363356,0.49201001093683266
11,30289,2024-07-14,2024,,大分,清水,A,A,0.6527238334137255,0.17140798936392843,0.175868177222346
11,30652,2024-07-14,2024,,東京V,町田,A,A,0.4665061386626939,0.24723294918215732,0.28626091215514865
11,30653,2024-07-14,2024,,名古屋,柏,H,H,0.16815244873472723,0.31088865289280737,0.5209588983724653
11,30654,2024-07-14,2024,,広島,福岡,H,A,0.45582421970666775,0.15210734368495754,0.3920684366083747
11,30655,2024-07-14,2024,,川崎F,C大阪,D,H,0.34540864055118553,0.19744678101695293,0.45714457843186146
11,30656,2024-07-14,2024,,湘南,磐田,H,D,0.29550056905102845,0.4347594409987804,0.26973998995019105
11,30657,2024-07-14,2024,,京都,浦和,D,D,0.28434014790537665,0.4490532765210979,0.26660657557352546
11,30658,2024-07-14,2024,,鳥栖,G大阪,A,H,0.2708558762730255,0.23042036850724115,0.4987237552197334
11,30659,2024-07-14,2024,,横浜FM,鹿島,H,A,0.48990313236956906,0.15879743846441358,0.3512994291660174
11,29879,2024-07-20,2024,,福島ユナイテッドFC,テゲバジャーロ宮崎,H,A,0.38353977510977216,0.3125002126785835,0.3039600122116443
11,29880,2024-07-20,2024,,AC長野パルセイロ,FC今治,A,D,0.316438636022754,0.5480050103194734,0.1355563536577726
11,29881,2024-07-20,2024,,ツエーゲン金沢,ヴァンラーレ八戸,H,D,0.3396060699135643,0.47353522955163596,0.18685870053479975
11,29882,2024-07-20,2024,,アスルクラロ沼津,FC岐阜,H,A,0.5354952988518932,0.21382502071275009,0.2506796804353567
11,29883,2024-07-20,2024,,FC大阪,大宮,D,A,0.5370803556768963,0.3219776601552,0.1409419841679037
11,29884,2024-07-20,2024,,ギラヴァンツ北九州,松本山雅FC,D,D,0.3226195126295565,0.34197507120618464,0.3354054161642588
11,29885,2024-07-20,2024,,ガイナーレ鳥取,Y.S.C.C.横浜,D,H,0.2185744834397365,0.21285369681416585,0.5685718197460976
11,30660,2024-07-20,2024,,鹿島,FC東京,H,H,0.3314280543995174,0.22534902019167571,0.443222925408807
11,30661,2024-07-20,2024,,町田,横浜FM,A,A,0.48950199080928675,0.06618173433804096,0.44431627485267244
11,30662,2024-07-20,2024,,浦和,札幌,A,H,0.15725270292140142,0.20995112337697308,0.6327961737016256
11,30663,2024-07-20,2024,,柏,川崎F,A,A,0.396134567024655,0.30128543223252346,0.30258000074282165
11,30664,2024-07-20,2024,,磐田,京都,A,D,0.3590844700223898,0.43228758480244067,0.20862794517516955
11,30665,2024-07-20,2024,,G大阪,湘南,A,D,0.34287858511646185,0.43512496781613313,0.22199644706740496
11,30666,2024-07-20,2024,,C大阪,新潟,A,H,0.2631871352445169,0.32994236706555946,0.40687049768992356
11,30667,2024-07-20,2024,,神戸,名古屋,D,D,0.2367379227327552,0.4218844056371705,0.34137767163007426
11,30668,2024-07-20,2024,,福岡,東京V,A,D,0.21295313387769477,0.5418254698268502,0.24522139629545506
11,29886,2024-07-21,2024,,いわてグルージャ盛岡,富山,A,D,0.28339070943131117,0.42540101332377206,0.29120827724491677
11,29887,2024-07-21,2024,,カマタマーレ讃岐,SC相模原,D,A,0.3869370869118483,0.24689241659885042,0.36617049648930133
11,29888,2024-07-21,2024,,FC琉球,奈良クラブ,A,A,0.4874864548251993,0.24040240833253385,0.27211113684226695
11,30669,2024-07-21,2024,,鳥栖,広島,A,D,0.38647354981669463,0.4548806673938473,0.158645782789458
11,29889,2024-07-27,2024,,Y.S.C.C.横浜,ヴァンラーレ八戸,D,A,0.4611298089706372,0.34901790161098745,0.18985228941837545
11,29890,2024-07-27,2024,,SC相模原,ツエーゲン金沢,A,A,0.45411169491084363,0.21963275610247351,0.3262555489866828
11,29891,2024-07-27,2024,,富山,AC長野パルセイロ,H,H,0.3450063654463985,0.22224070102958077,0.4327529335240207
11,29892,2024-07-27,2024,,FC大阪,カマタマーレ讃岐,A,H,0.23852591554079758,0.3576810459837438,0.4037930384754586
11,29893,2024-07-27,2024,,奈良クラブ,アスルクラロ沼津,A,A,0.44350553899150347,0.2987885465606924,0.25770591444780416
11,29894,2024-07-27,2024,,松本山雅FC,福島ユナイテッドFC,D,H,0.2153764527100774,0.34262486247854396,0.44199868481137855
11,29895,2024-07-27,2024,,FC今治,いわてグルージャ盛岡,H,H,0.3501479454315337,0.29942948453305246,0.35042257003541377
11,29896,2024-07-27,2024,,テゲバジャーロ宮崎,大宮,A,A,0.5950514776694226,0.13382163253284926,0.2711268897977283
11,29897,2024-07-27,2024,,FC琉球,ギラヴァンツ北九州,A,D,0.1633522573152732,0.6303744930970274,0.20627324958769944
11,29898,2024-07-28,2024,,FC岐阜,ガイナーレ鳥取,A,A,0.3904687266248415,0.28373975944542196,0.32579151392973665
11,30290,2024-08-03,2024,,横浜FC,千葉,H,H,0.37878816415099453,0.2007165900741608,0.42049524577484476
11,30291,2024-08-03,2024,,仙台,清水,H,A,0.5609775806616447,0.08114488821073236,0.3578775311276229
11,30292,2024-08-03,2024,,群馬,甲府,A,A,0.6096453802324693,0.26463067588359146,0.12572394388393943
11,30293,2024-08-03,2024,,岡山,山形,D,H,0.2918091291663207,0.2582437605025289,0.4499471103311505
11,30294,2024-08-03,2024,,レノファ山口FC,大分,H,D,0.2387703623880505,0.42691026783398045,0.33431936977796906
11,30295,2024-08-03,2024,,愛媛FC,徳島,A,A,0.4739362064008173,0.23928535483345442,0.2867784387657284
11,30296,2024-08-03,2024,,V・ファーレン長崎,水戸,A,H,0.2857588176268906,0.22168420989293772,0.49255697248017166
11,30297,2024-08-03,2024,,熊本,栃木SC,A,H,0.27637834997487143,0.3203005683766047,0.4033210816485238
11,30298,2024-08-03,2024,,鹿児島ユナイテッドFC,藤枝MYFC,A,D,0.2413291657867462,0.5498995639124776,0.20877127030077614
11,30299,2024-08-04,2024,,いわきFC,秋田,H,H,0.33784063014098564,0.3053220373972244,0.35683733246179
11,30670,2024-08-07,2024,,鹿島,鳥栖,H,A,0.42157461219787734,0.2971549503233835,0.2812704374787392
11,30671,2024-08-07,2024,,東京V,広島,A,H,0.30088193366531235,0.3244458557361796,0.3746722105985081
11,30672,2024-08-07,2024,,川崎F,神戸,H,H,0.37403939042516665,0.20264076556997443,0.42331984400485895
11,30673,2024-08-07,2024,,湘南,福岡,D,A,0.5099638587653295,0.30691439797063913,0.1831217432640314
11,30674,2024-08-07,2024,,新潟,磐田,D,H,0.26211988723927304,0.2655160888179194,0.47236402394280763
11,30675,2024-08-07,2024,,京都,名古屋,H,A,0.3847201042441584,0.33905629722411895,0.2762235985317227
11,30676,2024-08-07,2024,,G大阪,FC東京,D,D,0.3228512376606468,0.4150072656799112,0.2621414966594419
11,30677,2024-08-07,2024,,C大阪,町田,D,D,0.3265780533970548,0.371570768083494,0.30185117851945126
11,30679,2024-08-07,2024,,横浜FM,札幌,H,H,0.19516746765641152,0.2925286648067725,0.512303867536816
11,30300,2024-08-10,2024,,いわきFC,愛媛FC,H,H,0.20597454603665505,0.3147470134001689,0.47927844056317603
11,30301,2024-08-10,2024,,水戸,仙台,A,D,0.34845592239837325,0.3625015317964999,0.28904254580512684
11,30302,2024-08-10,2024,,横浜FC,V・ファーレン長崎,D,H,0.2952679286384214,0.23427833172488147,0.4704537396366971
11,30303,2024-08-10,2024,,甲府,藤枝MYFC,H,A,0.4284654631637431,0.25640538486135384,0.3151291519749031
11,30304,2024-08-10,2024,,清水,群馬,H,H,0.33402056878569375,0.2806734033746959,0.38530602783961043
11,30305,2024-08-10,2024,,岡山,千葉,D,A,0.3857009446809234,0.3579334686948432,0.2563655866242334
11,30306,2024-08-10,2024,,レノファ山口FC,栃木SC,H,D,0.26113618615455103,0.3894062087319417,0.3494576051135073
11,30680,2024-08-10,2024,,札幌,福岡,D,A,0.3471097476189636,0.309183586299406,0.3437066660816303
11,30307,2024-08-11,2024,,秋田,鹿児島ユナイテッドFC,H,H,0.27125412344922933,0.2609881583979815,0.4677577181527892
11,30308,2024-08-11,2024,,山形,徳島,H,D,0.24881986365369413,0.3775174397550879,0.3736626965912179
11,30309,2024-08-11,2024,,大分,熊本,H,H,0.30042278961088337,0.3328518286972558,0.3667253816918609
11,30681,2024-08-11,2024,,町田,湘南,A,D,0.25200850673109604,0.43948628397547107,0.30850520929343295
11,30682,2024-08-11,2024,,広島,C大阪,H,H,0.26896717670310544,0.24304575266776127,0.48798707062913327
11,30683,2024-08-11,2024,,柏,G大阪,D,A,0.34383808334496424,0.32841604210348463,0.32774587455155113
11,30684,2024-08-11,2024,,FC東京,川崎F,A,A,0.3904020640013856,0.2895346961316057,0.32006323986700874
11,30685,2024-08-11,2024,,磐田,鹿島,H,A,0.7157776378818574,0.16202599554076144,0.12219636657738117
11,30686,2024-08-11,2024,,名古屋,東京V,H,H,0.3010676757823355,0.3113831428598453,0.3875491813578192
11,30687,2024-08-11,2024,,鳥栖,浦和,D,A,0.4730458017845151,0.3175553810321095,0.20939881718337544
11,30688,2024-08-11,2024,,横浜FM,神戸,A,A,0.6196532318979951,0.14102121315916785,0.23932555494283697
11,30689,2024-08-12,2024,,新潟,京都,H,A,0.49953061382142805,0.20894294782395714,0.2915264383546147
11,30690,2024-08-16,2024,,札幌,鳥栖,H,D,0.2600866529269219,0.49025724759199707,0.24965609948108097
11,29899,2024-08-17,2024,,ヴァンラーレ八戸,FC岐阜,H,D,0.3279030753036181,0.4385926954298519,0.23350422926652994
11,29900,2024-08-17,2024,,いわてグルージャ盛岡,アスルクラロ沼津,A,H,0.33944945389425163,0.31352393723941374,0.3470266088663347
11,29901,2024-08-17,2024,,福島ユナイテッドFC,FC琉球,A,H,0.28710443858375045,0.258644378496079,0.45425118292017047
11,29902,2024-08-17,2024,,Y.S.C.C.横浜,カマタマーレ讃岐,A,A,0.45453241075536166,0.3315872219883643,0.21388036725627407
11,29903,2024-08-17,2024,,AC長野パルセイロ,テゲバジャーロ宮崎,H,D,0.3038674969758762,0.3556377522745745,0.3404947507495493
11,29904,2024-08-17,2024,,ギラヴァンツ北九州,富山,H,A,0.442519595683822,0.35678693448644433,0.20069346982973366
11,29905,2024-08-17,2024,,大宮,ツエーゲン金沢,H,H,0.33224094099811274,0.2671322702415084,0.4006267887603789
11,29906,2024-08-17,2024,,松本山雅FC,SC相模原,H,D,0.24740967866825056,0.51864795391766,0.23394236741408936
11,29907,2024-08-17,2024,,ガイナーレ鳥取,奈良クラブ,H,A,0.527646204165378,0.19791830907100003,0.27443548676362206
11,29908,2024-08-17,2024,,FC今治,FC大阪,D,H,0.2866514162122984,0.21634543248231217,0.49700315130538936
11,30310,2024-08-17,2024,,清水,甲府,H,H,0.236374180906397,0.34770237077986527,0.41592344831373784
11,30311,2024-08-17,2024,,仙台,鹿児島ユナイテッドFC,H,H,0.2584985313630878,0.33232056429589457,0.40918090434101756
11,30312,2024-08-17,2024,,山形,V・ファーレン長崎,H,D,0.2999961261604736,0.3638027827740843,0.33620109106544205
11,30313,2024-08-17,2024,,栃木SC,秋田,D,A,0.4351132777634042,0.1751586105427192,0.3897281116938767
11,30314,2024-08-17,2024,,群馬,横浜FC,A,H,0.3380803573108774,0.23841457296642957,0.4235050697226931
11,30315,2024-08-17,2024,,千葉,いわきFC,A,H,0.29412951135077325,0.278545957597259,0.4273245310519679
11,30316,2024-08-17,2024,,藤枝MYFC,レノファ山口FC,H,A,0.3804335264049033,0.3373529954812754,0.2822134781138212
11,30317,2024-08-17,2024,,徳島,岡山,D,A,0.4397559037654915,0.3224064219805606,0.23783767425394792
11,30318,2024-08-17,2024,,熊本,水戸,A,A,0.4481636323209117,0.3558229058446582,0.1960134618344302
11,30691,2024-08-17,2024,,鹿島,浦和,D,D,0.20842142257439952,0.5283418457792612,0.26323673164633926
11,30692,2024-08-17,2024,,町田,磐田,H,A,0.34936779489030123,0.33202205312697863,0.31861015198272014
11,30693,2024-08-17,2024,,FC東京,東京V,D,H,0.2819488910043805,0.23937529936018845,0.47867580963543105
11,30694,2024-08-17,2024,,川崎F,横浜FM,A,D,0.328811103785357,0.4111650567845647,0.2600238394300782
11,30695,2024-08-17,2024,,湘南,柏,A,A,0.39766187882751913,0.28406587906318514,0.3182722421092958
11,30696,2024-08-17,2024,,名古屋,広島,A,D,0.30348173005490947,0.3939555286161817,0.3025627413289088
11,30697,2024-08-17,2024,,C大阪,京都,A,H,0.2541613186778658,0.28495395349208125,0.4608847278300529
11,30698,2024-08-17,2024,,神戸,G大阪,D,H,0.30201431078583907,0.3472357699087712,0.3507499193053898
11,30699,2024-08-17,2024,,福岡,新潟,A,H,0.2560696405568125,0.3641717261646685,0.3797586332785191
11,30319,2024-08-18,2024,,愛媛FC,大分,H,D,0.30182941025688476,0.40231977079067166,0.2958508189524437
11,29909,2024-08-24,2024,,ヴァンラーレ八戸,SC相模原,H,D,0.2606806906623904,0.45845999265339626,0.28085931668421343
11,29911,2024-08-24,2024,,富山,松本山雅FC,H,D,0.33253673553838364,0.3731925473582281,0.2942707171033883
11,29912,2024-08-24,2024,,ツエーゲン金沢,FC琉球,A,A,0.3887068274397712,0.313603716945924,0.2976894556143048
11,29913,2024-08-24,2024,,アスルクラロ沼津,FC今治,A,A,0.3982221543788923,0.32429717098052746,0.27748067464058024
11,29914,2024-08-24,2024,,奈良クラブ,ギラヴァンツ北九州,A,A,0.4322002510115628,0.32808402215603594,0.23971572683240136
11,29915,2024-08-24,2024,,ガイナーレ鳥取,FC大阪,H,D,0.2282673392968499,0.43666921511132084,0.3350634455918293
11,29916,2024-08-24,2024,,テゲバジャーロ宮崎,いわてグルージャ盛岡,H,D,0.31408447139519624,0.42216904971860936,0.26374647888619446
11,30320,2024-08-24,2024,,横浜FC,徳島,H,A,0.3487897087329386,0.3406708807228362,0.3105394105442252
11,30321,2024-08-24,2024,,藤枝MYFC,山形,A,A,0.44607863947876253,0.18683500739237546,0.36708635312886195
11,30322,2024-08-24,2024,,岡山,大分,D,A,0.43598477110265754,0.18508864268551836,0.37892658621182407
11,30323,2024-08-24,2024,,V・ファーレン長崎,レノファ山口FC,A,H,0.29275835412073214,0.26676483256444417,0.44047681331482375
11,30324,2024-08-24,2024,,鹿児島ユナイテッドFC,清水,A,A,0.437820890509213,0.342376145465879,0.21980296402490804
11,30701,2024-08-24,2024,,横浜FM,C大阪,H,A,0.5526196214671641,0.2092480514332793,0.23813232709955656
11,30702,2024-08-24,2024,,湘南,名古屋,A,H,0.16279785439751485,0.3298736512636334,0.5073284943388517
11,30703,2024-08-24,2024,,京都,FC東京,H,A,0.3957861056188135,0.2588043417835915,0.345409552597595
11,30704,2024-08-24,2024,,G大阪,福岡,D,D,0.3188187328689982,0.3495162542388303,0.33166501289217154
11,29917,2024-08-25,2024,,FC岐阜,Y.S.C.C.横浜,H,A,0.424940407979863,0.28383494623952454,0.29122464578061247
11,30325,2024-08-25,2024,,秋田,愛媛FC,D,A,0.455683370559954,0.3263872703056695,0.21792935913437655
11,30326,2024-08-25,2024,,いわきFC,熊本,A,A,0.4384293263145308,0.19754915626618094,0.36402151741928823
11,30327,2024-08-25,2024,,水戸,群馬,H,D,0.29252919755369294,0.4935013815439862,0.21396942090232088
11,30328,2024-08-25,2024,,栃木SC,甲府,A,H,0.19567919802188877,0.33858551908070433,0.4657352828974069
11,30329,2024-08-25,2024,,千葉,仙台,H,D,0.2979373346991115,0.35840818436692207,0.3436544809339665
11,30705,2024-08-25,2024,,東京V,鹿島,H,A,0.44559803555966937,0.19267125467277804,0.36173070976755267
11,30706,2024-08-25,2024,,広島,柏,H,H,0.19971652081774569,0.38619360184206164,0.4140898773401927
11,30707,2024-08-25,2024,,新潟,町田,D,A,0.5143374153899954,0.2565206088866343,0.22914197572337025
11,30708,2024-08-25,2024,,磐田,札幌,A,H,0.3297747663594222,0.30036987782756647,0.3698553558130113
11,30709,2024-08-25,2024,,神戸,鳥栖,H,H,0.40120330492845435,0.1750164958368207,0.423780199234725
11,29928,2024-08-30,2024,,FC大阪,ツエーゲン金沢,D,D,0.18570845531097768,0.46801377310864767,0.3462777715803746
11,29919,2024-08-31,2024,,福島ユナイテッドFC,ギラヴァンツ北九州,H,D,0.3272086891025151,0.40937978206272785,0.2634115288347571
11,29920,2024-08-31,2024,,SC相模原,AC長野パルセイロ,D,D,0.28264010993231853,0.4107930328220346,0.3065668572456469
11,29921,2024-08-31,2024,,FC琉球,ガイナーレ鳥取,H,A,0.5256455888133587,0.23588701410028987,0.23846739708635142
11,29922,2024-08-31,2024,,富山,アスルクラロ沼津,H,H,0.29247948301571813,0.2807526833869697,0.42676783359731224
11,29923,2024-08-31,2024,,大宮,Y.S.C.C.横浜,H,H,0.3799043702627436,0.16467790717087083,0.4554177225663856
11,29924,2024-08-31,2024,,FC岐阜,松本山雅FC,A,H,0.3953002535112979,0.10989991258655657,0.49479983390214555
11,29925,2024-08-31,2024,,FC今治,奈良クラブ,H,D,0.24097316186234333,0.46089357365231415,0.29813326448534244
11,29926,2024-08-31,2024,,テゲバジャーロ宮崎,ヴァンラーレ八戸,H,D,0.202983177182234,0.40862641184659304,0.38839041097117294
11,30330,2024-08-31,2024,,水戸,愛媛FC,H,H,0.31920147583839537,0.3184389484206093,0.3623595757409954
11,30331,2024-08-31,2024,,甲府,鹿児島ユナイテッドFC,H,D,0.19634857610767564,0.47714403425179086,0.32650738964053344
11,30332,2024-08-31,2024,,仙台,いわきFC,H,H,0.2726137483909532,0.3201396725222489,0.4072465790867978
11,30333,2024-08-31,2024,,山形,横浜FC,A,A,0.42151783797625714,0.2132391347787329,0.36524302724501
11,30334,2024-08-31,2024,,レノファ山口FC,岡山,A,D,0.315336329627166,0.3802442715277608,0.3044193988450733
11,30336,2024-08-31,2024,,V・ファーレン長崎,栃木SC,D,H,0.3001964638953247,0.1480839668952837,0.5517195692093916
11,30710,2024-08-31,2024,,町田,浦和,D,H,0.29484593562430644,0.2572407211692344,0.44791334320645926
11,30711,2024-08-31,2024,,柏,東京V,A,D,0.3231885665208705,0.3527792924295571,0.32403214104957245
11,30716,2024-08-31,2024,,広島,FC東京,H,D,0.3335734063245619,0.3535300138633799,0.31289657981205815
11,30717,2024-08-31,2024,,鳥栖,湘南,A,D,0.28768535402402395,0.4128597097332701,0.29945493624270597
11,29927,2024-09-01,2024,,いわてグルージャ盛岡,カマタマーレ讃岐,A,A,0.409799222304147,0.2544343573684204,0.3357664203274326
11,30337,2024-09-01,2024,,群馬,秋田,H,A,0.4975774377686056,0.2473727071866153,0.25504985504477906
11,30338,2024-09-01,2024,,熊本,藤枝MYFC,A,D,0.26482756752914377,0.49046350161399616,0.24470893085686013
11,30339,2024-09-01,2024,,大分,千葉,A,H,0.15680190543911857,0.35182070309934527,0.4913773914615361
11,30718,2024-09-01,2024,,札幌,川崎F,H,A,0.4688834223518632,0.2315386181374357,0.2995779595107011
11,30719,2024-09-01,2024,,福岡,神戸,A,D,0.3656900602209384,0.48537886420351256,0.1489310755755491
11,29929,2024-09-06,2024,,ヴァンラーレ八戸,福島ユナイテッドFC,A,D,0.30335249304466516,0.38864082814890333,0.3080066788064315
11,29930,2024-09-07,2024,,Y.S.C.C.横浜,ツエーゲン金沢,D,A,0.473629391319083,0.2565548581864814,0.26981575049443574
11,29931,2024-09-07,2024,,SC相模原,テゲバジャーロ宮崎,A,H,0.27364996154415105,0.327507549020061,0.398842489435788
11,29932,2024-09-07,2024,,松本山雅FC,大宮,A,A,0.4269320008438621,0.208571236528771,0.36449676262736697
11,29933,2024-09-07,2024,,AC長野パルセイロ,FC大阪,A,D,0.32259905393200144,0.3726255899287195,0.3047753561392791
11,29934,2024-09-07,2024,,ガイナーレ鳥取,アスルクラロ沼津,H,A,0.4607713968077182,0.3379835622345785,0.2012450409577034
11,29935,2024-09-07,2024,,ギラヴァンツ北九州,FC今治,A,D,0.35084563096509813,0.399764758751243,0.2493896102836588
11,29936,2024-09-07,2024,,FC琉球,いわてグルージャ盛岡,A,H,0.248961713207729,0.3105656639428157,0.44047262284945526
11,30340,2024-09-07,2024,,群馬,仙台,D,D,0.35016457035885995,0.35303687421700586,0.29679855542413414
11,30341,2024-09-07,2024,,千葉,水戸,H,H,0.18042523464462434,0.3722059189350059,0.44736884642036984
11,30342,2024-09-07,2024,,清水,V・ファーレン長崎,D,A,0.500068450760913,0.3409003425903929,0.15903120664869408
11,30343,2024-09-07,2024,,藤枝MYFC,栃木SC,H,D,0.28861008263723137,0.4826640678239161,0.22872584953885258
11,30344,2024-09-07,2024,,レノファ山口FC,徳島,A,A,0.3946887279764633,0.3018973224645334,0.30341394955900336
11,30345,2024-09-07,2024,,愛媛FC,横浜FC,A,A,0.5520917193907204,0.21056058895065347,0.23734769165862615
11,30346,2024-09-07,2024,,大分,山形,A,A,0.526025925622624,0.2020645707210648,0.2719095036563113
11,30347,2024-09-07,2024,,鹿児島ユナイテッドFC,いわきFC,A,A,0.5984600770405165,0.24120741313806884,0.16033250982141464
11,29937,2024-09-08,2024,,奈良クラブ,富山,D,A,0.42021441670051907,0.2785872874447453,0.30119829585473573
11,29938,2024-09-08,2024,,カマタマーレ讃岐,FC岐阜,H,A,0.45549104315665156,0.26662954457170174,0.27787941227164675
11,30348,2024-09-08,2024,,岡山,秋田,A,H,0.2847328845209439,0.2511866541734601,0.46408046130559605
11,29910,2024-09-11,2024,,AC長野パルセイロ,大宮,D,A,0.42892052774071426,0.21890517631043882,0.3521742959488469
11,30727,2024-09-13,2024,,川崎F,鳥栖,H,A,0.36186515062117236,0.3331639753217188,0.3049708740571089
11,30728,2024-09-13,2024,,横浜FM,京都,A,H,0.36083915378026715,0.12293563033293224,0.5162252158868007
11,30729,2024-09-13,2024,,神戸,C大阪,H,H,0.2621387899472947,0.32043215294964555,0.41742905710305966
11,29939,2024-09-14,2024,,いわてグルージャ盛岡,ヴァンラーレ八戸,A,A,0.45910717874010054,0.2078403389979111,0.3330524822619883
11,29940,2024-09-14,2024,,大宮,ギラヴァンツ北九州,H,H,0.283862697560752,0.28428075081687154,0.4318565516223765
11,29941,2024-09-14,2024,,AC長野パルセイロ,奈良クラブ,D,D,0.301281556059925,0.554766788784054,0.14395165515602082
11,29942,2024-09-14,2024,,富山,Y.S.C.C.横浜,H,H,0.1900236276833151,0.369692432776469,0.440283939540216
11,29943,2024-09-14,2024,,ツエーゲン金沢,カマタマーレ讃岐,A,A,0.4275816917165087,0.1847626119766779,0.3876556963068134
11,29944,2024-09-14,2024,,FC岐阜,SC相模原,A,H,0.2253012847303494,0.36599932869136553,0.4086993865782852
11,29945,2024-09-14,2024,,FC今治,松本山雅FC,D,H,0.30233044146654175,0.30039551420918364,0.39727404432427466
11,30350,2024-09-14,2024,,秋田,千葉,H,H,0.19904143924109,0.32588483136634216,0.4750737293925679
11,30351,2024-09-14,2024,,山形,群馬,H,H,0.2612516485896635,0.32880021315965635,0.40994813825068016
11,30352,2024-09-14,2024,,清水,レノファ山口FC,H,H,0.23083843349811847,0.367897179041306,0.40126438746057563
11,30353,2024-09-14,2024,,岡山,愛媛FC,H,A,0.4221503914945038,0.22589411569703421,0.35195549280846206
11,30354,2024-09-14,2024,,徳島,大分,H,D,0.2813594079774498,0.532838858537356,0.18580173348519424
11,30355,2024-09-14,2024,,仙台,藤枝MYFC,A,A,0.4139000299840465,0.3657720599245267,0.22032791009142685
11,30720,2024-09-14,2024,,札幌,東京V,A,A,0.5921494522600405,0.20633555947790755,0.20151498826205205
11,30721,2024-09-14,2024,,鹿島,広島,D,A,0.4381678951258788,0.2530828334962977,0.3087492713778235
11,30722,2024-09-14,2024,,柏,磐田,A,H,0.3026612390907804,0.3166221063318252,0.38071665457739445
11,30723,2024-09-14,2024,,FC東京,名古屋,H,A,0.44505110763849776,0.3584244517302408,0.19652444063126143
11,30724,2024-09-14,2024,,新潟,湘南,H,D,0.2956956505285946,0.3553183606640691,0.34898598880733633
11,30725,2024-09-14,2024,,G大阪,浦和,A,H,0.30170898843776717,0.34506968295017837,0.3532213286120545
11,30726,2024-09-14,2024,,福岡,町田,A,D,0.3197944892741465,0.387080831870143,0.2931246788557105
11,29946,2024-09-15,2024,,福島ユナイテッドFC,ガイナーレ鳥取,A,D,0.13592962281379312,0.513022371650957,0.35104800553524984
11,29947,2024-09-15,2024,,アスルクラロ沼津,FC大阪,A,A,0.38745298523499516,0.28400966086412194,0.32853735390088296
11,29948,2024-09-15,2024,,テゲバジャーロ宮崎,FC琉球,H,H,0.28579429003095663,0.2995033650699465,0.4147023448990968
11,30356,2024-09-15,2024,,横浜FC,甲府,H,H,0.20361454670588133,0.34211463673821285,0.4542708165559058
11,30357,2024-09-15,2024,,いわきFC,V・ファーレン長崎,A,A,0.3610021479753979,0.31387728402936865,0.3251205679952334
11,30358,2024-09-15,2024,,栃木SC,水戸,A,H,0.291627608958128,0.1807927598211942,0.5275796312206777
11,30359,2024-09-15,2024,,鹿児島ユナイテッドFC,熊本,A,H,0.2477399959257955,0.32764734373291693,0.42461266034128764
11,30335,2024-09-18,2024,,徳島,清水,A,D,0.15936742421363967,0.44466693952953723,0.3959656362568232
11,30713,2024-09-18,2024,,名古屋,新潟,H,H,0.31470066167977107,0.32003838139172647,0.36526095692850247
12,29949,2024-09-21,2024,,ヴァンラーレ八戸,大宮,A,A,0.45785325633093144,0.29061560738419734,0.25153113628487117
12,29950,2024-09-21,2024,,SC相模原,FC今治,H,H,0.3013988929217094,0.3025218482807005,0.39607925879759015
12,29951,2024-09-21,2024,,ガイナーレ鳥取,AC長野パルセイロ,H,H,0.33776091149327364,0.25424038590120324,0.407998702605523
12,29952,2024-09-21,2024,,ギラヴァンツ北九州,FC岐阜,H,H,0.2588493255209182,0.2991712034177639,0.44197947106131785
12,29953,2024-09-21,2024,,FC琉球,アスルクラロ沼津,D,A,0.35743153292847335,0.3026064001106379,0.3399620669608889
12,30360,2024-09-21,2024,,千葉,レノファ山口FC,H,H,0.25906489220397483,0.22886225395642493,0.5120728538396002
12,30361,2024-09-21,2024,,横浜FC,大分,D,H,0.3763775803311225,0.23117004894736828,0.39245237072150924
12,30362,2024-09-21,2024,,愛媛FC,山形,A,A,0.4947987633613923,0.39064485043034264,0.11455638620826518
12,30363,2024-09-21,2024,,熊本,秋田,H,H,0.184825131561396,0.3300758285368888,0.48509903990171516
12,30364,2024-09-21,2024,,仙台,甲府,D,H,0.3138143849341092,0.25045711631726386,0.43572849874862696
12,30730,2024-09-21,2024,,浦和,FC東京,A,H,0.34785066357770483,0.2716023418693131,0.380546994552982
12,30731,2024-09-21,2024,,鹿島,柏,D,H,0.2766247148701107,0.30926769500454276,0.41410759012534654
12,30733,2024-09-21,2024,,町田,札幌,D,H,0.22353097557091528,0.25337599362418417,0.5230930308049005
12,30736,2024-09-21,2024,,磐田,福岡,D,D,0.2285692861183342,0.5022808944468414,0.2691498194348243
12,29954,2024-09-22,2024,,Y.S.C.C.横浜,いわてグルージャ盛岡,D,A,0.46536925810105917,0.2436945231751123,0.2909362187238286
12,29955,2024-09-22,2024,,ツエーゲン金沢,富山,A,D,0.31887130331535624,0.3705145146947307,0.3106141819899131
12,29956,2024-09-22,2024,,奈良クラブ,テゲバジャーロ宮崎,D,H,0.2353471922356964,0.2971545422044708,0.46749826555983287
12,29957,2024-09-22,2024,,カマタマーレ讃岐,松本山雅FC,A,D,0.2810626423000264,0.45325468535345076,0.26568267234652293
12,30365,2024-09-22,2024,,水戸,岡山,D,A,0.4286536652866429,0.2740533545526851,0.297292980160672
12,30366,2024-09-22,2024,,栃木SC,鹿児島ユナイテッドFC,H,D,0.32070111670139906,0.41714862593499935,0.2621502573636017
12,30367,2024-09-22,2024,,藤枝MYFC,清水,A,H,0.3347619761081094,0.3245702962665091,0.3406677276253815
12,30368,2024-09-22,2024,,徳島,いわきFC,A,A,0.38588189454004024,0.33519290686351044,0.2789251985964493
12,30369,2024-09-22,2024,,V・ファーレン長崎,群馬,H,H,0.29976998721257797,0.23952826847014716,0.4607017443172749
12,30732,2024-09-22,2024,,東京V,鳥栖,H,H,0.29966529826775534,0.23938144388185872,0.460953257850386
12,30734,2024-09-22,2024,,湘南,C大阪,A,A,0.4302638305015485,0.303989010469425,0.2657471590290265
12,30735,2024-09-22,2024,,新潟,神戸,A,A,0.4117982659561111,0.3371157649359791,0.25108596910790987
12,30737,2024-09-22,2024,,名古屋,川崎F,H,A,0.41866787582047443,0.31229241634923943,0.26903970783028613
12,30738,2024-09-22,2024,,京都,G大阪,D,H,0.256120957652751,0.25948619182023314,0.4843928505270159
12,30739,2024-09-22,2024,,広島,横浜FM,H,A,0.454912331922662,0.1752046150677767,0.36988305300956126
12,29958,2024-09-23,2024,,FC大阪,福島ユナイテッドFC,A,H,0.21832489051347537,0.35909729431730936,0.42257781516921533
12,30349,2024-09-25,2024,,甲府,熊本,A,A,0.5845819834630984,0.20484282718747257,0.2105751893494291
12,30747,2024-09-27,2024,,川崎F,新潟,H,A,0.5551178698310815,0.1887044795897682,0.25617765057915043
12,29959,2024-09-28,2024,,大宮,SC相模原,H,H,0.2811705683270677,0.3353562241386657,0.3834732075342666
12,29960,2024-09-28,2024,,FC岐阜,ツエーゲン金沢,H,D,0.20816053749116953,0.49901998463631825,0.29281947787251217
12,29961,2024-09-28,2024,,FC今治,ヴァンラーレ八戸,H,D,0.1693858736708306,0.47095213414793213,0.35966199218123734
12,29962,2024-09-28,2024,,FC琉球,FC大阪,D,D,0.3045754901246332,0.37906548656535355,0.3163590233100133
12,30370,2024-09-28,2024,,甲府,山形,A,H,0.3488748356898456,0.2977518107100556,0.3533733536000988
12,30371,2024-09-28,2024,,清水,横浜FC,D,H,0.2837304954606094,0.34531335415220155,0.370956150387189
12,30372,2024-09-28,2024,,大分,藤枝MYFC,H,D,0.2632307737805212,0.39826328048643866,0.33850594573304005
12,30373,2024-09-28,2024,,鹿児島ユナイテッドFC,水戸,H,H,0.27516949955982595,0.24434144460230764,0.48048905583786644
12,30740,2024-09-28,2024,,札幌,京都,H,A,0.4529161676336732,0.23497098666076516,0.3121128457055617
12,30741,2024-09-28,2024,,湘南,鹿島,H,A,0.36185622388592714,0.28727049845578795,0.350873277658285
12,30742,2024-09-28,2024,,名古屋,磐田,H,H,0.34555534469381505,0.30587769264862885,0.34856696265755605
12,30743,2024-09-28,2024,,G大阪,東京V,D,H,0.17692982291923878,0.3358829025236867,0.4871872745570746
12,30744,2024-09-28,2024,,C大阪,柏,D,H,0.24890582860889351,0.36255681517738275,0.3885373562137238
12,30745,2024-09-28,2024,,広島,町田,H,H,0.2819997356820978,0.19522826607890875,0.5227719982389935
12,30746,2024-09-28,2024,,鳥栖,福岡,D,D,0.2528347806726219,0.46825986828747035,0.2789053510399077
12,30748,2024-09-28,2024,,横浜FM,FC東京,A,H,0.29587936931228287,0.15569972506794846,0.5484209056197688
12,30749,2024-09-28,2024,,神戸,浦和,H,H,0.2689364315848776,0.25224537529062174,0.4788181931245006
12,29963,2024-09-29,2024,,いわてグルージャ盛岡,ギラヴァンツ北九州,H,H,0.33189725016404537,0.28867646955088094,0.3794262802850737
12,29964,2024-09-29,2024,,福島ユナイテッドFC,AC長野パルセイロ,D,H,0.2581214767268252,0.35157866842830476,0.3902998548448701
12,29965,2024-09-29,2024,,松本山雅FC,奈良クラブ,D,A,0.47073134686496815,0.2529417609255022,0.2763268922095296
12,29966,2024-09-29,2024,,富山,カマタマーレ讃岐,D,H,0.16472516376744442,0.2652344411905722,0.5700403950419833
12,29967,2024-09-29,2024,,アスルクラロ沼津,Y.S.C.C.横浜,H,D,0.3272288814569802,0.3764872898212643,0.29628382872175557
12,29968,2024-09-29,2024,,テゲバジャーロ宮崎,ガイナーレ鳥取,H,D,0.3189628389760295,0.36143200754149185,0.31960515348247864
12,30374,2024-09-29,2024,,秋田,徳島,H,D,0.28634932700808025,0.3799578329149465,0.33369284007697314
12,30375,2024-09-29,2024,,いわきFC,栃木SC,D,H,0.3302550273078968,0.3076939119914717,0.3620510607006314
12,30376,2024-09-29,2024,,群馬,熊本,A,A,0.4278084258973548,0.2517769962735002,0.320414577829145
12,30377,2024-09-29,2024,,岡山,V・ファーレン長崎,H,H,0.24300418546514232,0.2837231096796937,0.473272704855164
12,30378,2024-09-29,2024,,レノファ山口FC,仙台,A,A,0.41345827802743945,0.36556013732137954,0.22098158465118095
12,30379,2024-09-29,2024,,愛媛FC,千葉,A,A,0.5525581366924464,0.29214937545775543,0.15529248784979818
12,29918,2024-10-02,2024,,カマタマーレ讃岐,福島ユナイテッドFC,H,H,0.30341010984505407,0.2973012840981082,0.3992886060568377
12,30715,2024-10-02,2024,,C大阪,G大阪,H,H,0.30223200009017304,0.33075386657374195,0.36701413333608496
12,29978,2024-10-04,2024,,FC大阪,いわてグルージャ盛岡,H,H,0.27407576967351377,0.22925801421275935,0.49666621611372685
12,30750,2024-10-04,2024,,福岡,名古屋,H,A,0.4019893454715869,0.30962924797623514,0.28838140655217787
12,29969,2024-10-05,2024,,Y.S.C.C.横浜,FC琉球,H,H,0.366725862476345,0.22914611441611044,0.4041280231075446
12,29970,2024-10-05,2024,,AC長野パルセイロ,松本山雅FC,D,A,0.39483509241660325,0.23392866122255884,0.37123624636083785
12,29971,2024-10-05,2024,,奈良クラブ,大宮,D,D,0.37672210542640466,0.38407656796418904,0.23920132660940635
12,30380,2024-10-05,2024,,千葉,群馬,H,A,0.4006723203718317,0.22724515225365985,0.3720825273745085
12,30381,2024-10-05,2024,,甲府,岡山,H,A,0.5405317839534054,0.19483691969729483,0.2646312963492998
12,30382,2024-10-05,2024,,藤枝MYFC,いわきFC,D,A,0.39416198609430164,0.33177092730516955,0.2740670866005289
12,30751,2024-10-05,2024,,浦和,C大阪,A,D,0.3323708882103143,0.425502072647718,0.24212703914196762
12,30752,2024-10-05,2024,,柏,横浜FM,H,D,0.31948894563921093,0.3468470151861082,0.3336640391746809
12,30753,2024-10-05,2024,,FC東京,鳥栖,D,A,0.39095203730557726,0.3383354266710746,0.27071253602334827
12,30755,2024-10-05,2024,,町田,川崎F,A,A,0.36522666258307573,0.3272529014361036,0.30752043598082063
12,30756,2024-10-05,2024,,新潟,鹿島,A,A,0.41046957776482074,0.40495950905946126,0.1845709131757181
12,30759,2024-10-05,2024,,G大阪,札幌,H,D,0.36608470811030414,0.49398434633277805,0.13993094555691782
12,29972,2024-10-06,2024,,福島ユナイテッドFC,FC岐阜,H,A,0.43301307616027584,0.30998681870650013,0.2570001051332241
12,29973,2024-10-06,2024,,ヴァンラーレ八戸,アスルクラロ沼津,H,D,0.2241604422795477,0.4870142321995123,0.28882532552094003
12,29974,2024-10-06,2024,,SC相模原,ギラヴァンツ北九州,A,A,0.3767318187386183,0.2505950459889722,0.3726731352724094
12,29975,2024-10-06,2024,,富山,FC今治,D,A,0.41206288094012966,0.324196524436542,0.26374059462332833
12,29976,2024-10-06,2024,,ツエーゲン金沢,テゲバジャーロ宮崎,D,H,0.334824509713855,0.28768199396073163,0.3774934963254133
12,29977,2024-10-06,2024,,カマタマーレ讃岐,ガイナーレ鳥取,A,A,0.34357511933572893,0.3372044157800213,0.3192204648842497
12,30383,2024-10-06,2024,,仙台,秋田,A,H,0.23189824457773056,0.2643346206320343,0.5037671347902353
12,30384,2024-10-06,2024,,山形,レノファ山口FC,H,H,0.2568710375247302,0.31078730965206575,0.43234165282320414
12,30385,2024-10-06,2024,,水戸,清水,D,A,0.3713497160771377,0.30445807934076424,0.3241922045820981
12,30386,2024-10-06,2024,,栃木SC,愛媛FC,D,A,0.406733979472155,0.25350708718847254,0.3397589333393724
12,30387,2024-10-06,2024,,横浜FC,鹿児島ユナイテッドFC,H,H,0.251567221785379,0.19928593378300782,0.5491468444316133
12,30388,2024-10-06,2024,,V・ファーレン長崎,大分,H,D,0.08851287701455786,0.5983537908690668,0.31313333211637534
12,30389,2024-10-06,2024,,熊本,徳島,A,H,0.18030493931590305,0.3154241345486528,0.5042709261354441
12,30754,2024-10-06,2024,,東京V,湘南,A,A,0.429916622387082,0.22797796660398845,0.3421054110089295
12,30757,2024-10-06,2024,,磐田,広島,A,A,0.5111834635251393,0.24150942589694008,0.24730711057792065
12,30758,2024-10-06,2024,,京都,神戸,A,H,0.32867913569747725,0.32230295090362027,0.3490179133989026
12,29979,2024-10-11,2024,,FC岐阜,AC長野パルセイロ,H,D,0.2985899842916593,0.38392233864124237,0.31748767706709835
12,29980,2024-10-12,2024,,FC今治,Y.S.C.C.横浜,H,H,0.3411892417803408,0.1829507040682599,0.47586005415139926
12,29981,2024-10-12,2024,,ギラヴァンツ北九州,ヴァンラーレ八戸,A,D,0.24842977615622505,0.3916907055677046,0.3598795182760703
12,29982,2024-10-12,2024,,テゲバジャーロ宮崎,富山,D,D,0.3061200760564719,0.42951126317296207,0.264368660770566
12,29983,2024-10-12,2024,,FC琉球,SC相模原,H,H,0.32136732200950896,0.2875642564550855,0.3910684215354055
12,29984,2024-10-13,2024,,大宮,福島ユナイテッドFC,H,A,0.6622460968854637,0.10541050548383718,0.23234339763069925
12,29985,2024-10-13,2024,,松本山雅FC,ツエーゲン金沢,D,A,0.5168355315350308,0.1862024056975834,0.29696206276738574
12,29986,2024-10-13,2024,,アスルクラロ沼津,カマタマーレ讃岐,A,A,0.456876019726247,0.2553801239500386,0.2877438563237145
12,29987,2024-10-13,2024,,奈良クラブ,FC大阪,A,H,0.2754340974874683,0.2931736795103343,0.43139222300219754
12,29988,2024-10-13,2024,,ガイナーレ鳥取,いわてグルージャ盛岡,H,H,0.2225110168459324,0.3577060565856349,0.4197829265684326
12,30767,2024-10-18,2024,,川崎F,G大阪,D,A,0.4382451421612302,0.22468553072175143,0.3370693271170185
12,30768,2024-10-18,2024,,横浜FM,新潟,D,A,0.5536886465843754,0.2939327338287826,0.1523786195868419
12,30769,2024-10-18,2024,,神戸,FC東京,A,D,0.22852532952318855,0.4559137440977436,0.31556092637906785
12,29989,2024-10-19,2024,,大宮,FC今治,D,A,0.4536793647669901,0.2535919165502783,0.29272871868273165
12,29990,2024-10-19,2024,,AC長野パルセイロ,FC琉球,D,A,0.38181791118052744,0.3705255218391801,0.2476565669802925
12,29991,2024-10-19,2024,,FC大阪,ギラヴァンツ北九州,H,D,0.15415447209716054,0.44172111263246344,0.40412441527037596
12,30390,2024-10-19,2024,,千葉,甲府,H,A,0.4374603476084398,0.19793596905256636,0.36460368333899384
12,30391,2024-10-19,2024,,鹿児島ユナイテッドFC,愛媛FC,H,A,0.41844357699408335,0.3146031296649241,0.2669532933409926
12,30392,2024-10-19,2024,,仙台,横浜FC,H,A,0.588904182016042,0.23053761028165964,0.18055820770229836
12,30760,2024-10-19,2024,,鹿島,福岡,D,H,0.23388864155578515,0.32325410161248763,0.4428572568317272
12,30761,2024-10-19,2024,,柏,町田,D,D,0.3317457261293273,0.35844724879376993,0.3098070250769028
12,30762,2024-10-19,2024,,東京V,浦和,H,H,0.35193936285325506,0.2810754182086693,0.36698521893807556
12,30763,2024-10-19,2024,,湘南,広島,H,H,0.2748874267150925,0.3205793288810545,0.404533244403853
12,30764,2024-10-19,2024,,名古屋,札幌,A,H,0.38280251669046905,0.22091442211594392,0.3962830611935871
12,30765,2024-10-19,2024,,京都,鳥栖,H,A,0.5321169160091652,0.1726814228568722,0.29520166113396246
12,30766,2024-10-19,2024,,C大阪,磐田,A,H,0.268116359476341,0.3072031744226283,0.4246804661010307
12,29992,2024-10-20,2024,,ヴァンラーレ八戸,奈良クラブ,D,D,0.19718255874617344,0.40736445612248656,0.39545298513134
12,29993,2024-10-20,2024,,いわてグルージャ盛岡,FC岐阜,A,H,0.4298333543652972,0.1364787546588634,0.43368789097583943
12,29994,2024-10-20,2024,,SC相模原,Y.S.C.C.横浜,H,A,0.45147441981367126,0.23882766642001094,0.3096979137663178
12,29995,2024-10-20,2024,,松本山雅FC,ガイナーレ鳥取,A,H,0.33417365977392555,0.2749146655809378,0.39091167464513665
12,29996,2024-10-20,2024,,富山,福島ユナイテッドFC,A,H,0.4112569995918179,0.11542437011101828,0.4733186302971638
12,29997,2024-10-20,2024,,ツエーゲン金沢,アスルクラロ沼津,A,D,0.3531146345287696,0.4129591144691671,0.23392625100206324
12,29998,2024-10-20,2024,,カマタマーレ讃岐,テゲバジャーロ宮崎,A,A,0.4604828402590842,0.19808539106209183,0.34143176867882385
12,30393,2024-10-20,2024,,秋田,V・ファーレン長崎,A,H,0.268791410217003,0.3381006384276104,0.3931079513553865
12,30394,2024-10-20,2024,,群馬,栃木SC,D,H,0.245218569686998,0.2802010766873579,0.4745803536256442
12,30395,2024-10-20,2024,,清水,山形,A,H,0.39821396722260033,0.2029006318348325,0.3988854009425673
12,30396,2024-10-20,2024,,岡山,いわきFC,H,H,0.24706866507321623,0.1985011107345321,0.5544302241922517
12,30397,2024-10-20,2024,,徳島,藤枝MYFC,H,D,0.2201363546944895,0.4232795737531361,0.3565840715523744
12,30398,2024-10-20,2024,,熊本,レノファ山口FC,D,H,0.3346294410532958,0.26947762485900795,0.39589293408769616
12,30399,2024-10-20,2024,,大分,水戸,D,A,0.42681062734827147,0.16230380380984466,0.4108855688418838
12,30678,2024-10-23,2024,,浦和,柏,H,H,0.23654348963279564,0.3523546804388073,0.4111018299283971
12,30772,2024-10-23,2024,,新潟,東京V,A,H,0.34039921291935127,0.21487498579146463,0.4447258012891841
12,30773,2024-10-23,2024,,G大阪,名古屋,H,A,0.3466778043909821,0.34523030238383956,0.3080918932251783
12,29999,2024-10-26,2024,,Y.S.C.C.横浜,松本山雅FC,A,H,0.37964334060497934,0.21971723154141418,0.40063942785360646
12,30000,2024-10-26,2024,,FC岐阜,FC今治,H,H,0.34156190420634974,0.24199748417126438,0.4164406116223859
12,30001,2024-10-26,2024,,奈良クラブ,カマタマーレ讃岐,D,H,0.20523483909557313,0.3026859308433537,0.49207923006107324
12,30002,2024-10-26,2024,,ギラヴァンツ北九州,ツエーゲン金沢,A,H,0.315913510178601,0.33489196822703443,0.34919452159436465
12,30003,2024-10-26,2024,,FC琉球,ヴァンラーレ八戸,D,H,0.3086616141933612,0.166377087106386,0.5249612987002529
12,30400,2024-10-26,2024,,いわきFC,水戸,A,H,0.3216873313002426,0.17505702051073097,0.5032556481890265
12,30401,2024-10-26,2024,,藤枝MYFC,千葉,A,A,0.5112710791825572,0.2558088087844487,0.232920112032994
12,30004,2024-10-27,2024,,いわてグルージャ盛岡,大宮,A,A,0.5534390663257991,0.32313380443026596,0.12342712924393498
12,30005,2024-10-27,2024,,福島ユナイテッドFC,SC相模原,A,A,0.33785365311617965,0.32918119676504537,0.3329651501187749
12,30006,2024-10-27,2024,,アスルクラロ沼津,AC長野パルセイロ,D,A,0.4147818026716151,0.26381881994440304,0.32139937738398183
12,30007,2024-10-27,2024,,ガイナーレ鳥取,富山,D,A,0.35706913930893935,0.29190449184212575,0.35102636884893484
12,30008,2024-10-27,2024,,テゲバジャーロ宮崎,FC大阪,H,A,0.4090177966611684,0.3070890567792101,0.28389314655962145
12,30402,2024-10-27,2024,,秋田,大分,A,H,0.2068700917335407,0.246989263658061,0.5461406446083983
12,30403,2024-10-27,2024,,山形,熊本,H,A,0.4202900455617163,0.2224677544900049,0.3572421999482788
12,30404,2024-10-27,2024,,栃木SC,清水,A,D,0.21564535172792504,0.5475237359544697,0.23683091231760536
12,30405,2024-10-27,2024,,群馬,徳島,A,D,0.28779790194124855,0.37442628426628827,0.3377758137924631
12,30406,2024-10-27,2024,,横浜FC,岡山,A,A,0.4248123421319153,0.18227576524385664,0.39291189262422804
12,30407,2024-10-27,2024,,レノファ山口FC,甲府,H,H,0.3233067348846253,0.33769786654336775,0.3389953985720069
12,30408,2024-10-27,2024,,愛媛FC,仙台,A,H,0.3274049609472023,0.29817614145862115,0.37441889759417657
12,30409,2024-10-27,2024,,V・ファーレン長崎,鹿児島ユナイテッドFC,H,H,0.21179203090251458,0.16002906829727204,0.6281789008002134
12,30776,2024-10-30,2024,,横浜FM,浦和,D,H,0.34102890312458806,0.22246276460118783,0.4365083322742242
12,30777,2024-11-01,2024,,川崎F,鹿島,A,A,0.410600277233909,0.2558278248478537,0.3335718979182373
12,30778,2024-11-01,2024,,神戸,磐田,H,H,0.27138108038340175,0.329220417820462,0.3993985017961363
12,30009,2024-11-02,2024,,大宮,ガイナーレ鳥取,H,D,0.20232166796149154,0.4037038848871968,0.39397444715131164
12,30010,2024-11-02,2024,,Y.S.C.C.横浜,AC長野パルセイロ,D,D,0.2551570242560296,0.6098598670508072,0.1349831086931631
12,30011,2024-11-02,2024,,SC相模原,富山,D,H,0.3177035080186754,0.2375648199977719,0.4447316719835526
12,30012,2024-11-02,2024,,松本山雅FC,テゲバジャーロ宮崎,H,H,0.3086654525788012,0.20931718983093758,0.48201735759026115
12,30013,2024-11-02,2024,,FC岐阜,FC大阪,H,H,0.25631999761746266,0.2990534608981218,0.44462654148441566
12,30014,2024-11-02,2024,,奈良クラブ,福島ユナイテッドFC,D,A,0.40455248851932435,0.29416912862310957,0.30127838285756614
12,30015,2024-11-02,2024,,ギラヴァンツ北九州,アスルクラロ沼津,D,H,0.36343183459785494,0.23983052020814974,0.3967376451939954
12,30016,2024-11-03,2024,,ヴァンラーレ八戸,カマタマーレ讃岐,D,H,0.3616446740899667,0.24143162723415107,0.39692369867588223
12,30017,2024-11-03,2024,,ツエーゲン金沢,いわてグルージャ盛岡,D,H,0.20054831329403464,0.28164895154434094,0.5178027351616245
12,30018,2024-11-03,2024,,FC今治,FC琉球,H,A,0.4125843517196608,0.22171496283967906,0.3657006854406602
12,30410,2024-11-03,2024,,水戸,山形,A,H,0.24606005533825123,0.36412769268198636,0.38981225197976244
12,30411,2024-11-03,2024,,千葉,V・ファーレン長崎,A,D,0.30084514476676494,0.3974183260963334,0.30173652913690174
12,30412,2024-11-03,2024,,横浜FC,栃木SC,D,A,0.3703077493027093,0.27493578524460305,0.3547564654526875
12,30413,2024-11-03,2024,,甲府,秋田,A,A,0.6050270730842878,0.25193506396895227,0.14303786294675996
12,30414,2024-11-03,2024,,清水,いわきFC,H,H,0.1624303680868629,0.2552493272032062,0.5823203047099309
12,30415,2024-11-03,2024,,岡山,藤枝MYFC,H,A,0.45698405403974734,0.13570229639155088,0.4073136495687019
12,30416,2024-11-03,2024,,徳島,鹿児島ユナイテッドFC,H,A,0.4824237660404146,0.2748998770836453,0.24267635687594002
12,30417,2024-11-03,2024,,愛媛FC,レノファ山口FC,D,H,0.3122879153529299,0.33228101479239724,0.3554310698546729
12,30418,2024-11-03,2024,,大分,群馬,H,H,0.2853567274128251,0.3533745647477514,0.36126870783942344
12,30770,2024-11-03,2024,,札幌,C大阪,D,A,0.39448613734562143,0.24901893440145947,0.356494928252919
12,30771,2024-11-03,2024,,FC東京,湘南,A,H,0.3281717159435724,0.3120303603834057,0.35979792367302194
12,30774,2024-11-03,2024,,福岡,柏,H,H,0.30638831705934993,0.31383500653264623,0.37977667640800383
12,30775,2024-11-03,2024,,鳥栖,町田,H,A,0.49894421417492174,0.21596145346678747,0.2850943323582909
12,30779,2024-11-03,2024,,広島,京都,A,H,0.3942245852833596,0.1831221836751907,0.42265323104144964
12,30419,2024-11-04,2024,,熊本,仙台,H,A,0.40197177267469314,0.306196677346929,0.29183154997837785
12,30019,2024-11-09,2024,,いわてグルージャ盛岡,松本山雅FC,A,H,0.29295294653293513,0.1476552034295608,0.559391850037504
12,30020,2024-11-09,2024,,AC長野パルセイロ,ヴァンラーレ八戸,A,D,0.2791446679658351,0.3968961296280944,0.32395920240607046
12,30021,2024-11-09,2024,,FC大阪,Y.S.C.C.横浜,H,H,0.3173710905269004,0.21846027425382514,0.4641686352192744
12,30780,2024-11-09,2024,,鹿島,名古屋,D,H,0.2008371833282244,0.34385078191819685,0.4553120347535787
12,30781,2024-11-09,2024,,柏,新潟,D,H,0.19662121693731946,0.37250738530764155,0.4308713977550391
12,30782,2024-11-09,2024,,町田,FC東京,H,H,0.262274779647467,0.2929188598861345,0.44480636046639854
12,30783,2024-11-09,2024,,湘南,札幌,D,A,0.4515625643766876,0.23417110619971865,0.31426632942359367
12,30784,2024-11-09,2024,,磐田,G大阪,A,A,0.43485306973910454,0.27631519568115337,0.2888317345797421
12,30785,2024-11-09,2024,,C大阪,福岡,H,H,0.2645821207835606,0.3306235490498236,0.4047943301666158
12,30788,2024-11-09,2024,,京都,川崎F,D,D,0.3110510135488534,0.3584140119518643,0.33053497449928226
12,30789,2024-11-09,2024,,鳥栖,横浜FM,A,H,0.28040361131419345,0.25551437757723205,0.4640820111085745
12,30022,2024-11-10,2024,,SC相模原,奈良クラブ,A,D,0.3162455995626042,0.3903831295483951,0.2933712708890008
12,30023,2024-11-10,2024,,富山,FC岐阜,D,A,0.37558427113400566,0.3062434705347574,0.31817225833123697
12,30024,2024-11-10,2024,,ツエーゲン金沢,福島ユナイテッドFC,A,A,0.3914974561130488,0.22699865699912505,0.38150388688782627
12,30025,2024-11-10,2024,,アスルクラロ沼津,テゲバジャーロ宮崎,A,A,0.5257763700268226,0.22387124710417944,0.2503523828689979
12,30026,2024-11-10,2024,,ガイナーレ鳥取,FC今治,A,H,0.33520955378201844,0.2584499335750242,0.40634051264295734
12,30027,2024-11-10,2024,,カマタマーレ讃岐,ギラヴァンツ北九州,A,H,0.2907084211305107,0.23272003787530712,0.4765715409941822
12,30028,2024-11-10,2024,,FC琉球,大宮,D,A,0.4834723820874509,0.22529743378579467,0.29123018412675433
12,30420,2024-11-10,2024,,仙台,大分,H,H,0.30152362472949673,0.21638773829339572,0.48208863697710763
12,30421,2024-11-10,2024,,秋田,藤枝MYFC,H,D,0.1907897935883241,0.48846524482447684,0.32074496158719906
12,30422,2024-11-10,2024,,山形,千葉,H,H,0.31446155460660513,0.28319000392049504,0.4023484414728998
12,30423,2024-11-10,2024,,いわきFC,群馬,H,D,0.29798433802272417,0.3801325306457784,0.3218831313314974
12,30424,2024-11-10,2024,,栃木SC,徳島,D,A,0.4558137248463326,0.2918645235621656,0.25232175159150183
12,30425,2024-11-10,2024,,甲府,水戸,H,A,0.41834905960383145,0.18250299726904884,0.39914794312711976
12,30426,2024-11-10,2024,,清水,熊本,H,A,0.39492530890322214,0.24943726759604287,0.3556374235007351
12,30427,2024-11-10,2024,,レノファ山口FC,横浜FC,D,A,0.3712315341028514,0.32036650645143605,0.3084019594457126
12,30428,2024-11-10,2024,,V・ファーレン長崎,愛媛FC,H,A,0.4152637036148097,0.19364543620014457,0.3910908601850458
12,30429,2024-11-10,2024,,鹿児島ユナイテッドFC,岡山,D,D,0.3133220966459084,0.34840538937380466,0.33827251398028707
12,30786,2024-11-10,2024,,浦和,広島,H,A,0.35524835804678745,0.345233116691915,0.2995185252612976
12,30787,2024-11-10,2024,,東京V,神戸,D,D,0.3069814689615984,0.4651525665340969,0.22786596450430474
12,30029,2024-11-15,2024,,FC大阪,SC相模原,H,H,0.3433703551246529,0.2953601670155548,0.36126947785979235
12,30030,2024-11-16,2024,,松本山雅FC,FC琉球,H,D,0.31211106089836377,0.4322909179031459,0.25559802119849045
12,30031,2024-11-16,2024,,FC岐阜,大宮,D,H,0.3105023439360944,0.3250713439672757,0.36442631209662985
12,30032,2024-11-16,2024,,カマタマーレ讃岐,FC今治,A,A,0.48153607890913463,0.2840110763174729,0.23445284477339248
12,30033,2024-11-16,2024,,ギラヴァンツ北九州,AC長野パルセイロ,D,A,0.39967062052612945,0.3317254275297214,0.2686039519441492
12,30712,2024-11-16,2024,,磐田,横浜FM,A,H,0.1441634111453154,0.3582500758671476,0.497586512987537
12,30034,2024-11-17,2024,,福島ユナイテッドFC,アスルクラロ沼津,H,H,0.31997697067197106,0.2178807124698647,0.46214231685816426
12,30035,2024-11-17,2024,,富山,ヴァンラーレ八戸,H,D,0.19417146915483663,0.4634882838131211,0.3423402470320423
12,30036,2024-11-17,2024,,奈良クラブ,いわてグルージャ盛岡,H,H,0.2723358513279072,0.19405674077005752,0.5336074079020352
12,30037,2024-11-17,2024,,ガイナーレ鳥取,ツエーゲン金沢,H,A,0.45808807404591834,0.23290460226923287,0.3090073236848488
12,30038,2024-11-17,2024,,テゲバジャーロ宮崎,Y.S.C.C.横浜,H,A,0.3912619176327327,0.3095559387818899,0.2991821435853774
12,30714,2024-11-17,2024,,京都,鹿島,D,A,0.4559749235424965,0.3249788395337662,0.2190462369237372
12,30700,2024-11-22,2024,,浦和,川崎F,D,A,0.4129090842567907,0.32305285507792997,0.2640380606652793
12,30039,2024-11-24,2024,,ヴァンラーレ八戸,FC大阪,D,D,0.27683629088566425,0.40610815159166513,0.3170555575226707
12,30040,2024-11-24,2024,,いわてグルージャ盛岡,福島ユナイテッドFC,A,A,0.6095303900085992,0.18751666462765107,0.20295294536374972
12,30041,2024-11-24,2024,,大宮,富山,A,D,0.25904415723212065,0.45884490892113383,0.2821109338467455
12,30042,2024-11-24,2024,,Y.S.C.C.横浜,ギラヴァンツ北九州,A,D,0.20476317373327527,0.4398677727917061,0.3553690534750187
12,30043,2024-11-24,2024,,SC相模原,ガイナーレ鳥取,H,H,0.2760446273388079,0.2710347972432205,0.45292057541797154
12,30044,2024-11-24,2024,,AC長野パルセイロ,カマタマーレ讃岐,A,H,0.258482260384556,0.30456518835198504,0.4369525512634589
12,30045,2024-11-24,2024,,ツエーゲン金沢,奈良クラブ,H,A,0.416891330310786,0.2738884010016046,0.30922026868760943
12,30046,2024-11-24,2024,,アスルクラロ沼津,松本山雅FC,A,A,0.44689025227501883,0.20551052070910225,0.3475992270158789
12,30047,2024-11-24,2024,,FC今治,テゲバジャーロ宮崎,H,D,0.24421107317468016,0.45120298642953743,0.3045859403957824
12,30048,2024-11-24,2024,,FC琉球,FC岐阜,A,A,0.516361711775911,0.2491245775682138,0.23451371065587528
12,30790,2024-11-30,2024,,町田,京都,H,H,0.25724535671939674,0.09005137087488603,0.6527032724057172
12,30791,2024-11-30,2024,,新潟,G大阪,A,A,0.53783495804953,0.2244290965338235,0.2377359454166465
12,30792,2024-11-30,2024,,磐田,FC東京,H,A,0.4490600343714854,0.14817900070142723,0.4027609649270873
12,30793,2024-11-30,2024,,名古屋,鳥栖,A,A,0.488871345136611,0.12468787181265162,0.3864407830507374
12,30794,2024-11-30,2024,,C大阪,鹿島,A,A,0.4623446216241839,0.3365889108372214,0.20106646753859467
12,30795,2024-11-30,2024,,福岡,浦和,H,D,0.32032772302136114,0.49989462646842986,0.17977765051020894
12,30796,2024-11-30,2024,,柏,神戸,D,H,0.25458069468976846,0.2632461746076259,0.4821731307026056
12,30797,2024-11-30,2024,,東京V,川崎F,A,H,0.22063102788191452,0.3841144348599856,0.39525453725809995
12,30798,2024-11-30,2024,,湘南,横浜FM,A,H,0.18173072300524531,0.2969824903677177,0.521286786627037
12,30799,2024-12-01,2024,,広島,札幌,H,D,0.23941056164512134,0.42481692737445753,0.3357725109804212
12,30800,2024-12-08,2024,,札幌,柏,H,A,0.636446288425092,0.22151838490884146,0.14203532666606655
12,30801,2024-12-08,2024,,鹿島,町田,H,A,0.49370383250519567,0.23598394768612532,0.270312219808679
12,30802,2024-12-08,2024,,浦和,新潟,D,H,0.23718104157347206,0.32575795540340413,0.43706100302312384
12,30803,2024-12-08,2024,,FC東京,C大阪,H,H,0.3603678054087205,0.21507215050367087,0.4245600440876087
12,30804,2024-12-08,2024,,川崎F,福岡,H,H,0.41910557159025025,0.055434762657918725,0.525459665751831
12,30805,2024-12-08,2024,,横浜FM,名古屋,A,D,0.19662859232962615,0.6337556243870712,0.1696157832833026
12,30806,2024-12-08,2024,,京都,東京V,D,H,0.37125089434592295,0.22517640661616076,0.40357269903791626
12,30807,2024-12-08,2024,,G大阪,広島,H,H,0.23748675263499072,0.3650737851471176,0.3974394622178918
12,30808,2024-12-08,2024,,神戸,湘南,H,H,0.28471644019854125,0.35177446861942746,0.36350909118203134
12,30809,2024-12-08,2024,,鳥栖,磐田,H,H,0.35433360334391784,0.22951799063467476,0.41614840602140746
13,31361,2025-02-14,2025,,G大阪,C大阪,A,D,0.26613257297314835,0.5612340813064679,0.17263334572038366
13,31362,2025-02-15,2025,,横浜FM,新潟,D,D,0.28310976541720495,0.5398213872487267,0.17706884733406839
13,31363,2025-02-15,2025,,横浜FC,FC東京,A,A,0.4887113052318717,0.3175070677542958,0.19378162701383256
13,31364,2025-02-15,2025,,神戸,浦和,D,D,0.21271705011115288,0.5260991708275038,0.2611837790613434
13,31365,2025-02-15,2025,,岡山,京都,H,A,0.41350520992786605,0.22876123452495034,0.35773355554718367
13,31366,2025-02-15,2025,,福岡,柏,A,A,0.45111428892781447,0.26927422064854833,0.27961149042363714
13,31367,2025-02-15,2025,,川崎F,名古屋,H,H,0.26499734969158606,0.2780952516764815,0.45690739863193247
13,31368,2025-02-15,2025,,湘南,鹿島,H,D,0.3005707691339309,0.4395423719326768,0.25988685893339225
13,31431,2025-02-15,2025,,いわきFC,千葉,A,A,0.3478895415074048,0.3328423100276,0.3192681484649952
13,31432,2025-02-15,2025,,大宮,山形,H,D,0.2870738782498444,0.4364226843274066,0.276503437422749
13,31433,2025-02-15,2025,,甲府,レノファ山口FC,H,D,0.21220276247666225,0.5916739671175781,0.1961232704057596
13,31434,2025-02-15,2025,,磐田,水戸,H,H,0.21400780700272112,0.23452222970814,0.5514699632891389
13,31435,2025-02-15,2025,,藤枝MYFC,徳島,A,A,0.4649698776513394,0.33238368759550585,0.2026464347531547
13,31436,2025-02-15,2025,,鳥栖,仙台,A,H,0.24733479938559882,0.2846413268219534,0.4680238737924478
13,31437,2025-02-15,2025,,V・ファーレン長崎,熊本,H,H,0.22072462324940137,0.182079603493079,0.5971957732575197
13,31501,2025-02-15,2025,,栃木シティ,SC相模原,H,D,0.26222357293538306,0.3742084352147364,0.3635679918498805
13,31502,2025-02-15,2025,,群馬,FC琉球,D,A,0.43609269563109526,0.2775144025235447,0.2863929018453601
13,31369,2025-02-16,2025,,東京V,清水,A,A,0.4818389444790078,0.2087964087218667,0.30936464679912556
13,31370,2025-02-16,2025,,町田,広島,A,D,0.28035908777786184,0.5307176024255076,0.1889233097966307
13,31438,2025-02-16,2025,,愛媛FC,富山,A,A,0.5005912583857015,0.24562147047823618,0.25378727113606225
13,31439,2025-02-16,2025,,FC今治,秋田,A,A,0.5898895864592706,0.10109682146061187,0.3090135920801175
13,31440,2025-02-16,2025,,大分,札幌,H,D,0.3740007030825479,0.5003320572799026,0.12566723963754953
13,31503,2025-02-16,2025,,栃木SC,高知ユナイテッドSC,H,D,0.22460897951456704,0.4534345447152798,0.32195647577015324
13,31504,2025-02-16,2025,,アスルクラロ沼津,ガイナーレ鳥取,H,H,0.2865491655763162,0.34748034593168087,0.365970488492003
13,31505,2025-02-16,2025,,FC大阪,FC岐阜,D,D,0.2755468386419584,0.48547048029889156,0.23898268105915016
13,31506,2025-02-16,2025,,奈良クラブ,福島ユナイテッドFC,D,D,0.3416529194875312,0.3680803164762171,0.2902667640362517
13,31507,2025-02-16,2025,,テゲバジャーロ宮崎,AC長野パルセイロ,A,D,0.08939493861813955,0.6687870624043672,0.24181799897749326
13,31508,2025-02-16,2025,,鹿児島ユナイテッドFC,カマタマーレ讃岐,D,A,0.47900704982018266,0.19928766811045964,0.3217052820693577
13,31371,2025-02-22,2025,,柏,川崎F,D,D,0.34946486351583994,0.3828248573956376,0.26771027908852246
13,31372,2025-02-22,2025,,横浜FC,岡山,H,A,0.3929721696043334,0.30623896236764137,0.30078886802802524
13,31373,2025-02-22,2025,,清水,新潟,H,H,0.3399732475790092,0.24763043373020283,0.412396318690788
13,31374,2025-02-22,2025,,名古屋,神戸,D,A,0.5531448385055503,0.1550535468295793,0.2918016146648704
13,31375,2025-02-22,2025,,京都,浦和,D,H,0.1385648256458005,0.400344705037392,0.46109046931680747
13,31376,2025-02-22,2025,,鹿島,東京V,H,D,0.16491595969094,0.44593689051654745,0.3891471497925125
13,31377,2025-02-22,2025,,FC東京,町田,A,H,0.24618582511982195,0.3643306455819132,0.3894835292982649
13,31378,2025-02-22,2025,,G大阪,福岡,H,D,0.42757339178856907,0.46957944473611596,0.10284716347531495
13,31379,2025-02-22,2025,,C大阪,湘南,A,H,0.2757527870635375,0.14514329679158788,0.5791039161448746
13,31441,2025-02-22,2025,,大宮,甲府,H,A,0.40519616574016537,0.3325253145192951,0.2622785197405396
13,31442,2025-02-22,2025,,千葉,富山,H,A,0.45101165365997054,0.3291281480348754,0.21986019830515402
13,31443,2025-02-22,2025,,磐田,鳥栖,H,H,0.23670603339813154,0.34430349549079714,0.4189904711110714
13,31511,2025-02-22,2025,,群馬,栃木シティ,H,A,0.4475328682510022,0.378061926351444,0.1744052053975539
13,31512,2025-02-22,2025,,SC相模原,栃木SC,H,A,0.4992026634806949,0.11689319592877871,0.3839041405905264
13,31513,2025-02-22,2025,,ギラヴァンツ北九州,AC長野パルセイロ,H,D,0.2711368805157856,0.3943675132163613,0.3344956062678531
13,31514,2025-02-22,2025,,FC琉球,FC大阪,A,D,0.2966875868406628,0.49627962440141027,0.207032788757927
13,31380,2025-02-23,2025,,広島,横浜FM,H,A,0.43594143231953747,0.2129626661736821,0.3510959015067805
13,31444,2025-02-23,2025,,レノファ山口FC,V・ファーレン長崎,D,A,0.38889518122469774,0.23126769809360234,0.3798371206817
13,31445,2025-02-23,2025,,熊本,札幌,H,H,0.28456502749792545,0.2786220778781724,0.43681289462390216
13,31446,2025-02-23,2025,,徳島,仙台,H,H,0.24814299979588034,0.3018404016224759,0.4500165985816439
13,31447,2025-02-23,2025,,水戸,山形,H,H,0.34885398135891277,0.2143330550142751,0.43681296362681205
13,31448,2025-02-23,2025,,FC今治,藤枝MYFC,D,H,0.2848825707175388,0.12044508942961038,0.5946723398528508
13,31449,2025-02-23,2025,,大分,いわきFC,D,A,0.5435760033700898,0.2283037248268624,0.22812027180304784
13,31450,2025-02-23,2025,,愛媛FC,秋田,A,A,0.3993946709220795,0.33894835696071757,0.26165697211720307
13,31515,2025-02-23,2025,,アスルクラロ沼津,松本山雅FC,D,A,0.3562468235610214,0.34739789572843405,0.29635528071054457
13,31516,2025-02-23,2025,,FC岐阜,ヴァンラーレ八戸,A,D,0.23882604557806175,0.4747048336971799,0.2864691207247582
13,31517,2025-02-23,2025,,カマタマーレ讃岐,奈良クラブ,H,H,0.23798941981239474,0.23121415702815357,0.5307964231594516
13,31518,2025-02-23,2025,,高知ユナイテッドSC,ガイナーレ鳥取,D,D,0.23490427455203497,0.4135288622369749,0.3515668632109901
13,31519,2025-02-23,2025,,テゲバジャーロ宮崎,福島ユナイテッドFC,H,A,0.4082074675560124,0.21042986156275753,0.38136267088123005
13,31520,2025-02-23,2025,,鹿児島ユナイテッドFC,ツエーゲン金沢,A,D,0.27420013534906684,0.39611740318351507,0.3296824614674182
13,31381,2025-02-26,2025,,鹿島,新潟,H,H,0.21296984343204392,0.30309546386621417,0.483934692701742
13,31382,2025-02-26,2025,,柏,C大阪,H,D,0.2871480159280312,0.44050555216096077,0.27234643191100794
13,31383,2025-02-26,2025,,FC東京,名古屋,H,D,0.24899987317980884,0.4844574058884278,0.2665427209317634
13,31384,2025-02-26,2025,,町田,東京V,A,H,0.3722243660396906,0.25348409628327173,0.3742915376770377
13,31385,2025-02-26,2025,,横浜FM,横浜FC,D,H,0.2884983113082822,0.2950039658271006,0.41649772286461717
13,31386,2025-02-26,2025,,湘南,浦和,H,H,0.3271975335239176,0.27243076831684687,0.40037169815923557
13,31387,2025-02-26,2025,,清水,広島,D,A,0.4734289031325783,0.2768321907605281,0.2497389061068937
13,31388,2025-02-26,2025,,神戸,京都,D,D,0.38986097026074457,0.4171484422857478,0.1929905874535076
13,31389,2025-02-26,2025,,岡山,G大阪,H,A,0.41424810907127424,0.26708084493985634,0.3186710459888694
13,31390,2025-02-26,2025,,福岡,川崎F,A,A,0.35550952677463227,0.3368723237805608,0.3076181494448069
13,31391,2025-03-01,2025,,横浜FM,湘南,D,H,0.24578840351877357,0.2500109243477301,0.5042006721334963
13,31392,2025-03-01,2025,,鹿島,FC東京,H,D,0.24591497603881407,0.4134478156397351,0.3406372083214508
13,31393,2025-03-01,2025,,川崎F,京都,A,A,0.49635653277509584,0.17714920470307222,0.3264942625218319
13,31394,2025-03-01,2025,,神戸,福岡,A,A,0.4098632244336057,0.24396545898058947,0.34617131658580486
13,31451,2025-03-01,2025,,仙台,大分,H,D,0.3740086748749423,0.4198785265521349,0.20611279857292278
13,31452,2025-03-01,2025,,千葉,山形,H,A,0.5336573632045466,0.2627599393895609,0.20358269740589252
13,31453,2025-03-01,2025,,藤枝MYFC,秋田,H,D,0.3067153800691453,0.54600080885428,0.14728381107657473
13,31454,2025-03-01,2025,,鳥栖,FC今治,A,D,0.2843887485092918,0.36364464122985085,0.35196661026085735
13,31455,2025-03-01,2025,,V・ファーレン長崎,磐田,H,D,0.3115159459463166,0.38118568211223164,0.30729837194145176
13,31521,2025-03-01,2025,,栃木シティ,アスルクラロ沼津,D,D,0.16820956411063903,0.6202139359321639,0.21157649995719716
13,31522,2025-03-01,2025,,SC相模原,鹿児島ユナイテッドFC,A,A,0.45381454271850863,0.17867458648502177,0.36751087079646966
13,31523,2025-03-01,2025,,AC長野パルセイロ,群馬,H,D,0.3285041242367876,0.4563243089403184,0.21517156682289393
13,31524,2025-03-01,2025,,FC岐阜,ギラヴァンツ北九州,H,H,0.29045843294412266,0.33711270064648685,0.3724288664093905
13,31525,2025-03-01,2025,,奈良クラブ,松本山雅FC,H,D,0.29836468274901656,0.4584659228763907,0.24316939437459278
13,31526,2025-03-01,2025,,FC琉球,福島ユナイテッドFC,A,A,0.4615253905153958,0.32191474695168604,0.21655986253291803
13,31395,2025-03-02,2025,,東京V,G大阪,A,H,0.35464708974142073,0.2533275464507415,0.39202536380783765
13,31396,2025-03-02,2025,,新潟,C大阪,D,A,0.44590963698804875,0.3293649170278535,0.22472544598409777
13,31397,2025-03-02,2025,,名古屋,町田,A,A,0.48184908008565913,0.2283635979452506,0.2897873219690902
13,31398,2025-03-02,2025,,岡山,清水,D,A,0.48464765075796806,0.266087843377963,0.24926450586406895
13,31399,2025-03-02,2025,,広島,横浜FC,H,D,0.25815848021406457,0.37128912697052274,0.37055239281541263
13,31400,2025-03-02,2025,,浦和,柏,A,D,0.22712539014835798,0.44111919488943757,0.3317554149622044
13,31456,2025-03-02,2025,,熊本,大宮,A,A,0.5203339744035855,0.32146848953677276,0.15819753605964176
13,31457,2025-03-02,2025,,いわきFC,徳島,D,A,0.600163333132358,0.1902646995503477,0.20957196731729424
13,31458,2025-03-02,2025,,水戸,愛媛FC,D,D,0.17444846166184236,0.4327000658827905,0.3928514724553672
13,31459,2025-03-02,2025,,富山,甲府,H,A,0.4458913727320097,0.2875627559269263,0.26654587134106394
13,31460,2025-03-02,2025,,レノファ山口FC,札幌,H,A,0.4626802939187475,0.17949450540571954,0.357825200675533
13,31527,2025-03-02,2025,,栃木SC,テゲバジャーロ宮崎,A,A,0.4310203890344973,0.4034301379824012,0.16554947298310158
13,31528,2025-03-02,2025,,ガイナーレ鳥取,ヴァンラーレ八戸,D,D,0.22870410693798737,0.38867700742555494,0.38261888563645774
13,31529,2025-03-02,2025,,カマタマーレ讃岐,ツエーゲン金沢,D,A,0.4250097123660641,0.2940952858844047,0.28089500174953114
13,31530,2025-03-02,2025,,高知ユナイテッドSC,FC大阪,A,D,0.25753298157679244,0.5390043518562478,0.20346266656695966
13,31401,2025-03-08,2025,,浦和,岡山,H,D,0.2771717315863166,0.4456601948740023,0.2771680735396812
13,31402,2025-03-08,2025,,柏,鹿島,A,D,0.33720673057259365,0.3707439949433655,0.29204927448404094
13,31403,2025-03-08,2025,,横浜FC,町田,A,A,0.4231529569690003,0.2882004889698188,0.28864655406118084
13,31404,2025-03-08,2025,,新潟,東京V,D,H,0.2693529851369351,0.27278314843597,0.4578638664270949
13,31405,2025-03-08,2025,,FC東京,湘南,D,A,0.39770190279264983,0.2990311957391633,0.3032669014681868
13,31406,2025-03-08,2025,,G大阪,清水,H,D,0.29291867919960085,0.38102750578689454,0.3260538150135046
13,31407,2025-03-08,2025,,C大阪,名古屋,D,D,0.3367041549636787,0.36060912837576375,0.30268671666055763
13,31461,2025-03-08,2025,,仙台,V・ファーレン長崎,D,A,0.44297223973210553,0.2839635330772108,0.27306422719068374
13,31462,2025-03-08,2025,,大宮,レノファ山口FC,H,D,0.36465381140016984,0.41074720980716056,0.22459897879266968
13,31463,2025-03-08,2025,,愛媛FC,FC今治,A,D,0.29973624474486954,0.44898875550605255,0.25127499974907797
13,31531,2025-03-08,2025,,福島ユナイテッドFC,FC岐阜,H,H,0.28465404490619134,0.2515405324353984,0.4638054226584102
13,31532,2025-03-08,2025,,AC長野パルセイロ,栃木シティ,A,A,0.46648451789349205,0.1961999290848087,0.33731555302169935
13,31533,2025-03-08,2025,,FC大阪,ガイナーレ鳥取,H,D,0.3297058828959217,0.4388716732837716,0.23142244382030686
13,31534,2025-03-08,2025,,奈良クラブ,FC琉球,H,D,0.3486702837218907,0.44059022208438137,0.21073949419372798
13,31535,2025-03-08,2025,,ギラヴァンツ北九州,カマタマーレ讃岐,H,H,0.31761746405459246,0.3027104405147762,0.3796720954306314
13,31536,2025-03-08,2025,,鹿児島ユナイテッドFC,群馬,H,H,0.282251594639125,0.33070886490892276,0.38703954045195216
13,31408,2025-03-09,2025,,京都,福岡,A,H,0.33160904050298357,0.28790569080799394,0.3804852686890224
13,31464,2025-03-09,2025,,札幌,千葉,A,A,0.4210624904319158,0.3245425010056282,0.2543950085624559
13,31465,2025-03-09,2025,,山形,秋田,H,A,0.4251958778254472,0.3615472524099843,0.21325686976456854
13,31466,2025-03-09,2025,,いわきFC,鳥栖,D,A,0.42279725647627897,0.29633148648440255,0.28087125703931853
13,31467,2025-03-09,2025,,甲府,藤枝MYFC,D,A,0.5197436335264026,0.19924714926993486,0.28100921720366245
13,31468,2025-03-09,2025,,富山,磐田,H,H,0.34591399133513256,0.23371097576787164,0.4203750328969958
13,31469,2025-03-09,2025,,徳島,熊本,D,D,0.2682455315655868,0.47401385159118553,0.2577406168432278
13,31470,2025-03-09,2025,,大分,水戸,D,H,0.2976469226397125,0.332375095973555,0.36997798138673255
13,31537,2025-03-09,2025,,ヴァンラーレ八戸,SC相模原,A,D,0.301945989200894,0.36840425261736426,0.3296497581817417
13,31538,2025-03-09,2025,,ツエーゲン金沢,高知ユナイテッドSC,A,D,0.3219977353735099,0.40393044883617746,0.27407181579031265
13,31539,2025-03-09,2025,,アスルクラロ沼津,栃木SC,D,H,0.39580334144512874,0.19101536239867042,0.41318129615620075
13,31540,2025-03-09,2025,,テゲバジャーロ宮崎,松本山雅FC,D,D,0.2813330876364125,0.4192480805362335,0.299418831827354
13,31411,2025-03-15,2025,,東京V,名古屋,H,D,0.24102266819559195,0.3995360529454961,0.359441278858912
13,31412,2025-03-15,2025,,町田,新潟,H,A,0.4172171519388463,0.28439180849061585,0.2983910395705379
13,31413,2025-03-15,2025,,横浜FC,C大阪,H,D,0.3201340015256746,0.35162534178559235,0.328240656688733
13,31414,2025-03-15,2025,,福岡,FC東京,H,H,0.3293473059329156,0.2984931218381004,0.37215957222898405
13,31471,2025-03-15,2025,,秋田,札幌,A,D,0.2538230843933677,0.5227147757944195,0.2234621398122128
13,31472,2025-03-15,2025,,磐田,甲府,H,H,0.12210788441409204,0.26929529213593423,0.6085968234499737
13,31473,2025-03-15,2025,,藤枝MYFC,いわきFC,H,A,0.40144066326814887,0.36755156167263675,0.23100777505921444
13,31474,2025-03-15,2025,,鳥栖,大宮,H,A,0.4593417039390655,0.29528440655279614,0.2453738895081384
13,31475,2025-03-15,2025,,V・ファーレン長崎,徳島,H,H,0.2858417103126408,0.33537034228574253,0.3787879474016167
13,31541,2025-03-15,2025,,SC相模原,奈良クラブ,D,A,0.5971462333513214,0.1773465551927301,0.2255072114559484
13,31542,2025-03-15,2025,,カマタマーレ讃岐,FC琉球,H,A,0.6805929074677325,0.1508113179469455,0.16859577458532202
13,31543,2025-03-15,2025,,高知ユナイテッドSC,鹿児島ユナイテッドFC,D,H,0.30547493829172007,0.24490196658038846,0.44962309512789156
13,31544,2025-03-15,2025,,ギラヴァンツ北九州,ヴァンラーレ八戸,H,H,0.2844977019001001,0.2627173254642405,0.45278497263565937
13,31415,2025-03-16,2025,,清水,京都,A,A,0.3989973023783563,0.29625570200323315,0.3047469956184105
13,31416,2025-03-16,2025,,鹿島,浦和,D,D,0.3476440961491167,0.39917252744001924,0.25318337641086414
13,31417,2025-03-16,2025,,横浜FM,G大阪,H,A,0.49584939277129636,0.22328735337382283,0.2808632538548808
13,31418,2025-03-16,2025,,岡山,川崎F,D,D,0.20431031175455722,0.4669345000268702,0.3287551882185726
13,31419,2025-03-16,2025,,広島,柏,D,H,0.21066301362991777,0.33392998193170637,0.4554070044383759
13,31420,2025-03-16,2025,,湘南,神戸,A,A,0.4159041832014328,0.3018682764754605,0.2822275403231067
13,31476,2025-03-16,2025,,熊本,山形,A,A,0.5652680577982993,0.23438086027869523,0.20035108192300552
13,31477,2025-03-16,2025,,水戸,仙台,D,D,0.3200517792456204,0.4027975514690111,0.2771506692853685
13,31478,2025-03-16,2025,,千葉,愛媛FC,H,H,0.0761370930163914,0.29765340636179854,0.62620950062181
13,31479,2025-03-16,2025,,レノファ山口FC,大分,D,H,0.35611171030680044,0.2733146226601553,0.3705736670330442
13,31480,2025-03-16,2025,,FC今治,富山,D,A,0.34733931901970155,0.32537438068012786,0.32728630030017053
13,31546,2025-03-16,2025,,栃木SC,FC大阪,H,A,0.42977849696928605,0.3154992842902581,0.25472221874045586
13,31547,2025-03-16,2025,,栃木シティ,テゲバジャーロ宮崎,H,D,0.2967508783814781,0.38666428022508786,0.316584841393434
13,31548,2025-03-16,2025,,群馬,ガイナーレ鳥取,H,A,0.4198872398884059,0.2587474739654023,0.3213652861461918
13,31550,2025-03-16,2025,,FC岐阜,ツエーゲン金沢,A,D,0.254551136904429,0.43184316706377723,0.3136056960317938
14,31481,2025-03-23,2025,,仙台,磐田,A,H,0.35883357438570435,0.2538931446479862,0.3872732809663096
14,31482,2025-03-23,2025,,レノファ山口FC,熊本,A,A,0.5774257399611296,0.29619846231210534,0.12637579772676513
14,31483,2025-03-23,2025,,山形,徳島,D,H,0.3833149279469125,0.19490476641797672,0.4217803056351108
14,31484,2025-03-23,2025,,いわきFC,FC今治,A,A,0.3704573493690592,0.3178722745774954,0.31167037605344544
14,31485,2025-03-23,2025,,大宮,水戸,H,A,0.3372386717431359,0.3273710522706242,0.33539027598624
14,31486,2025-03-23,2025,,甲府,千葉,A,H,0.23886379966031138,0.35956446071225934,0.4015717396274293
14,31487,2025-03-23,2025,,愛媛FC,札幌,A,D,0.3617469520331218,0.40532147726789997,0.23293157069897835
14,31488,2025-03-23,2025,,鳥栖,富山,H,H,0.3092704838528518,0.29469681105762496,0.3960327050895232
14,31489,2025-03-23,2025,,V・ファーレン長崎,秋田,H,H,0.31942582467180874,0.30413959917073907,0.37643457615745224
14,31490,2025-03-23,2025,,大分,藤枝MYFC,D,D,0.306615329671984,0.3794772923468073,0.3139073779812086
14,31551,2025-03-23,2025,,ヴァンラーレ八戸,高知ユナイテッドSC,H,H,0.2693297686401392,0.3093244934881471,0.4213457378717138
14,31552,2025-03-23,2025,,松本山雅FC,SC相模原,H,H,0.16653671188966826,0.3390350315940622,0.4944282565162696
14,31553,2025-03-23,2025,,AC長野パルセイロ,福島ユナイテッドFC,H,A,0.38621685369810355,0.25065445211682696,0.3631286941850696
14,31554,2025-03-23,2025,,アスルクラロ沼津,テゲバジャーロ宮崎,A,A,0.4189785464515367,0.3128435880839506,0.26817786546451267
14,31555,2025-03-23,2025,,FC大阪,ツエーゲン金沢,H,H,0.24231953716666357,0.3576875902857511,0.39999287254758537
14,31556,2025-03-23,2025,,奈良クラブ,群馬,H,H,0.29689767276111867,0.2746109644024565,0.42849136283642486
14,31557,2025-03-23,2025,,ガイナーレ鳥取,FC岐阜,H,H,0.27476207949816533,0.17783923126837867,0.547398689233456
14,31558,2025-03-23,2025,,カマタマーレ讃岐,栃木シティ,A,A,0.38698242160679824,0.24575105908720213,0.36726651930599963
14,31559,2025-03-23,2025,,鹿児島ユナイテッドFC,ギラヴァンツ北九州,H,A,0.4913504585687901,0.2599168985210381,0.24873264291017183
14,31560,2025-03-23,2025,,FC琉球,栃木SC,H,H,0.21189474178189768,0.1869228542614116,0.6011824039566908
14,31421,2025-03-28,2025,,C大阪,浦和,D,D,0.1652445885121393,0.4751181592594591,0.35963725222840165
14,31422,2025-03-29,2025,,岡山,横浜FM,H,H,0.2808340476983438,0.24734296885996557,0.47182298344169066
14,31423,2025-03-29,2025,,柏,東京V,D,A,0.4736110249564502,0.24318226012128225,0.2832067149222676
14,31424,2025-03-29,2025,,新潟,G大阪,D,A,0.6343555373839197,0.19559503111407792,0.17004943150200238
14,31425,2025-03-29,2025,,清水,湘南,H,H,0.1995413736811891,0.34669011629339824,0.45376851002541274
14,31426,2025-03-29,2025,,名古屋,横浜FC,H,A,0.5262847167509477,0.26924703620014945,0.20446824704890282
14,31427,2025-03-29,2025,,京都,広島,H,H,0.301751443281398,0.22572673904658766,0.47252181767201423
14,31428,2025-03-29,2025,,鹿島,神戸,H,D,0.36071437219119845,0.36277154025673175,0.27651408755206985
14,31429,2025-03-29,2025,,福岡,町田,D,H,0.16980525888507994,0.37579703488656535,0.4543977062283547
14,31430,2025-03-29,2025,,FC東京,川崎F,A,A,0.3553746471790708,0.33311544072501853,0.31150991209591067
14,31491,2025-03-29,2025,,札幌,甲府,A,H,0.3081016181739334,0.30088439399692374,0.3910139878291428
14,31562,2025-03-29,2025,,FC岐阜,松本山雅FC,D,D,0.18450274574133987,0.4320791805661207,0.3834180736925395
14,31492,2025-03-30,2025,,熊本,鳥栖,H,H,0.2567117854865014,0.30330462941309005,0.4399835851004084
14,31493,2025-03-30,2025,,秋田,レノファ山口FC,H,H,0.3687462229490004,0.24795804635930366,0.3832957306916959
14,31494,2025-03-30,2025,,水戸,いわきFC,H,H,0.27004230350681385,0.2636860311784711,0.46627166531471503
14,31495,2025-03-30,2025,,富山,仙台,A,H,0.2875048960386192,0.31168115877119423,0.4008139451901866
14,31496,2025-03-30,2025,,藤枝MYFC,V・ファーレン長崎,H,A,0.46537934846123397,0.2980546870587568,0.23656596448000933
14,31497,2025-03-30,2025,,FC今治,山形,D,H,0.25830807519355914,0.3296935241368012,0.4119984006696398
14,31498,2025-03-30,2025,,磐田,千葉,H,D,0.2627831007218191,0.3742367427143174,0.36298015656386357
14,31499,2025-03-30,2025,,愛媛FC,大分,A,A,0.39437350994752784,0.25702394879720325,0.348602541255269
14,31500,2025-03-30,2025,,徳島,大宮,H,H,0.2407700662508431,0.3070004314811063,0.4522295022680506
14,31561,2025-03-30,2025,,ヴァンラーレ八戸,奈良クラブ,D,D,0.21382371997436594,0.6147659178090736,0.17141036221656034
14,31563,2025-03-30,2025,,福島ユナイテッドFC,ガイナーレ鳥取,H,D,0.24248076011222636,0.42511438823534464,0.33240485165242906
14,31564,2025-03-30,2025,,栃木SC,栃木シティ,D,H,0.3039408761311207,0.3332432155527009,0.3628159083161783
14,31565,2025-03-30,2025,,群馬,ギラヴァンツ北九州,A,A,0.4780364322119481,0.22209094866185397,0.29987261912619795
14,31566,2025-03-30,2025,,SC相模原,カマタマーレ讃岐,D,D,0.36620392990489553,0.38471806496103195,0.24907800513407263
14,31567,2025-03-30,2025,,ツエーゲン金沢,AC長野パルセイロ,H,H,0.2674885930723978,0.25945845370392656,0.4730529532236756
14,31568,2025-03-30,2025,,FC大阪,アスルクラロ沼津,H,H,0.17938102882409154,0.33484337459941205,0.48577559657649644
14,31569,2025-03-30,2025,,高知ユナイテッドSC,FC琉球,D,H,0.15478973181116357,0.28857292501796755,0.5566373431708689
14,31570,2025-03-30,2025,,テゲバジャーロ宮崎,鹿児島ユナイテッドFC,D,H,0.33064874693098956,0.2739225080223375,0.3954287450466731
14,32221,2025-04-02,2025,,東京V,FC東京,D,D,0.15869968265724416,0.5096244871540808,0.3316758301886751
14,32222,2025-04-02,2025,,川崎F,湘南,H,H,0.30979676854912497,0.31727909962234374,0.37292413182853124
14,32223,2025-04-02,2025,,横浜FC,神戸,A,D,0.37285003840698766,0.38399532826841754,0.24315463332459483
14,32224,2025-04-02,2025,,新潟,福岡,A,D,0.32841921715654776,0.44453466578692946,0.2270461170565228
14,32225,2025-04-02,2025,,名古屋,横浜FM,H,H,0.1791284223374803,0.19822796301822562,0.6226436146442941
14,32226,2025-04-02,2025,,京都,柏,D,H,0.24256515931106148,0.3545579698764866,0.4028768708124519
14,32227,2025-04-02,2025,,G大阪,町田,A,D,0.2876195991556124,0.4244167171233073,0.2879636837210802
14,32228,2025-04-02,2025,,C大阪,岡山,H,H,0.2341450616503989,0.29518766806906077,0.4706672702805404
14,32229,2025-04-02,2025,,広島,鹿島,H,D,0.2780793460733885,0.37944431072672585,0.34247634319988557
14,32230,2025-04-02,2025,,浦和,清水,H,D,0.22338399903052897,0.39991865845263747,0.3766973425168336
14,31601,2025-04-05,2025,,仙台,秋田,H,A,0.4038310096899357,0.35995526272638806,0.23621372758367634
14,31602,2025-04-05,2025,,甲府,いわきFC,H,H,0.22622208691829168,0.3036016783341414,0.47017623474756687
14,31603,2025-04-05,2025,,札幌,徳島,H,H,0.2094268676658248,0.2710679148485669,0.5195052174856083
14,31604,2025-04-05,2025,,山形,磐田,D,H,0.19945638529773715,0.36817078784689256,0.4323728268553704
14,31605,2025-04-05,2025,,大宮,大分,D,H,0.2525833607127918,0.35171564312538656,0.39570099616182164
14,31606,2025-04-05,2025,,千葉,水戸,H,D,0.24562135485471123,0.4412270579052661,0.3131515872400227
14,31607,2025-04-05,2025,,レノファ山口FC,愛媛FC,D,D,0.3142622137088516,0.4310595693308336,0.25467821696031473
14,31608,2025-04-05,2025,,鳥栖,藤枝MYFC,H,D,0.2879581802306511,0.3791486667432861,0.33289315302606276
14,31911,2025-04-05,2025,,群馬,テゲバジャーロ宮崎,D,D,0.22726700600183752,0.4285969714100583,0.34413602258810416
14,31912,2025-04-05,2025,,松本山雅FC,高知ユナイテッドSC,A,A,0.5677794087618298,0.29407946508763094,0.13814112615053933
14,31913,2025-04-05,2025,,奈良クラブ,FC岐阜,D,H,0.13534469525691914,0.1526443078096688,0.7120109969334121
14,31914,2025-04-05,2025,,ギラヴァンツ北九州,FC大阪,H,D,0.2804606295804457,0.5082470858201271,0.21129228459942717
14,31915,2025-04-05,2025,,FC琉球,SC相模原,H,H,0.22978803591217353,0.30869036028889424,0.46152160379893237
14,32231,2025-04-05,2025,,横浜FM,東京V,D,A,0.3530393473281456,0.29399455902123806,0.35296609365061643
14,31609,2025-04-06,2025,,熊本,富山,D,H,0.16532107672611168,0.3499977132104448,0.48468121006344356
14,31610,2025-04-06,2025,,FC今治,V・ファーレン長崎,H,H,0.21275932706246736,0.3468132888290815,0.4404273841084511
14,31916,2025-04-06,2025,,AC長野パルセイロ,鹿児島ユナイテッドFC,A,H,0.351198189224792,0.26565098854349606,0.3831508222317119
14,31917,2025-04-06,2025,,栃木SC,ヴァンラーレ八戸,A,A,0.39613601435996587,0.3923875164075576,0.2114764692324765
14,31918,2025-04-06,2025,,栃木シティ,福島ユナイテッドFC,D,H,0.2583892105467544,0.30032012610234976,0.4412906633508958
14,31919,2025-04-06,2025,,アスルクラロ沼津,カマタマーレ讃岐,D,A,0.39329462843466084,0.3918440917792612,0.214861279786078
14,31920,2025-04-06,2025,,ガイナーレ鳥取,ツエーゲン金沢,D,D,0.27143620608514696,0.38058024699193455,0.3479835469229184
14,32232,2025-04-06,2025,,岡山,FC東京,H,A,0.38070583887089027,0.3556340013537771,0.26366015977533264
14,32233,2025-04-06,2025,,町田,川崎F,D,H,0.2342504464560716,0.35368723273736513,0.4120623208065633
14,32234,2025-04-06,2025,,横浜FC,清水,H,D,0.20613236687771555,0.411462036661109,0.3824055964611755
14,32235,2025-04-06,2025,,神戸,新潟,A,H,0.20803308055931827,0.26646479538877504,0.5255021240519067
14,32236,2025-04-06,2025,,福岡,浦和,H,A,0.42979157940198304,0.38091741388815986,0.1892910067098571
14,32237,2025-04-06,2025,,鹿島,京都,A,H,0.1715483835397797,0.404656990507652,0.4237946259525682
14,32238,2025-04-06,2025,,柏,G大阪,H,D,0.2655954894185313,0.4772474326041223,0.2571570779773464
14,32239,2025-04-06,2025,,湘南,名古屋,H,D,0.2869492764767161,0.40262055584081113,0.3104301676824728
14,32240,2025-04-06,2025,,広島,C大阪,H,H,0.1982972874240162,0.16952085563613636,0.6321818569398475
14,31409,2025-04-09,2025,,川崎F,横浜FM,D,A,0.43538752908535555,0.31076614487005505,0.25384632604458934
14,32241,2025-04-11,2025,,FC東京,柏,D,H,0.1922020174769954,0.20189991948885605,0.6058980630341485
14,31611,2025-04-12,2025,,仙台,FC今治,D,H,0.24513977551693295,0.3317534747827005,0.42310674970036655
14,31612,2025-04-12,2025,,いわきFC,山形,A,A,0.3576427785857889,0.30890838891646194,0.33344883249774915
14,31613,2025-04-12,2025,,水戸,札幌,H,A,0.34306244150903364,0.33325846470132764,0.32367909378963877
14,31921,2025-04-12,2025,,福島ユナイテッドFC,ギラヴァンツ北九州,H,A,0.4159628023658215,0.23776552718658175,0.34627167044759677
14,31922,2025-04-12,2025,,FC大阪,ヴァンラーレ八戸,H,H,0.22783149974191425,0.373640970097038,0.3985275301610478
14,31923,2025-04-12,2025,,テゲバジャーロ宮崎,ガイナーレ鳥取,H,H,0.3201530916324348,0.32865643833640856,0.35119047003115667
14,32242,2025-04-12,2025,,清水,川崎F,D,D,0.29635249672954644,0.43756783271250566,0.2660796705579479
14,32243,2025-04-12,2025,,G大阪,名古屋,H,H,0.20610391485270035,0.2877836706521076,0.5061124144951921
14,32244,2025-04-12,2025,,広島,岡山,A,D,0.25325842802370496,0.384091062516004,0.3626505094602911
14,32245,2025-04-12,2025,,福岡,横浜FM,H,A,0.43935543043670794,0.14596829368175204,0.41467627588154
14,32246,2025-04-12,2025,,東京V,神戸,A,H,0.16237226334249158,0.26421527564228914,0.5734124610152193
14,32247,2025-04-12,2025,,C大阪,鹿島,H,H,0.3623504241281166,0.22645817731328433,0.4111913985585991
14,32248,2025-04-12,2025,,京都,湘南,H,A,0.3772289514790679,0.3467041778496529,0.2760668706712793
14,31614,2025-04-13,2025,,秋田,大宮,A,H,0.2120167292688323,0.27937567353266973,0.5086075971984979
14,31615,2025-04-13,2025,,富山,レノファ山口FC,D,H,0.3241447327111914,0.26853235319889535,0.40732291408991333
14,31616,2025-04-13,2025,,藤枝MYFC,千葉,A,A,0.3534615901645822,0.3526509255333223,0.29388748430209555
14,31617,2025-04-13,2025,,V・ファーレン長崎,鳥栖,A,D,0.1588608102021436,0.6013189678267988,0.23982022197105754
14,31618,2025-04-13,2025,,大分,徳島,D,D,0.2487322053446941,0.42093266457474915,0.3303351300805568
14,31619,2025-04-13,2025,,磐田,熊本,D,H,0.20313664386105246,0.296141703434176,0.5007216527047715
14,31620,2025-04-13,2025,,愛媛FC,甲府,D,D,0.33954087879864986,0.3432971907809207,0.3171619304204295
14,31924,2025-04-13,2025,,鹿児島ユナイテッドFC,アスルクラロ沼津,D,H,0.158422658648268,0.2606200464128854,0.5809572949388466
14,31925,2025-04-13,2025,,SC相模原,群馬,D,A,0.4512613629800313,0.29262670585828515,0.2561119311616836
14,31926,2025-04-13,2025,,AC長野パルセイロ,FC琉球,D,D,0.3226879635531042,0.34879423452785085,0.32851780191904506
14,31927,2025-04-13,2025,,ツエーゲン金沢,奈良クラブ,H,H,0.18951261735550562,0.3507608012146257,0.45972658142986866
14,31928,2025-04-13,2025,,FC岐阜,栃木SC,A,D,0.24464042362620775,0.3823358385268466,0.37302373784694565
14,31929,2025-04-13,2025,,カマタマーレ讃岐,松本山雅FC,A,D,0.3124677525811529,0.4465967461385222,0.24093550128032495
14,31930,2025-04-13,2025,,高知ユナイテッドSC,栃木シティ,A,A,0.44966682184532636,0.29311399047924347,0.25721918767543006
14,32249,2025-04-13,2025,,町田,浦和,A,H,0.16320308028783131,0.3284140214861135,0.5083828982260552
14,32250,2025-04-13,2025,,新潟,横浜FC,D,H,0.13942602501890336,0.24157396121464875,0.619000013766448
14,32269,2025-04-16,2025,,横浜FM,清水,A,H,0.14216413512068454,0.16770929169998045,0.690126573179335
14,32270,2025-04-16,2025,,神戸,川崎F,H,H,0.2826148819427374,0.22579298658524705,0.4915921314720157
14,32341,2025-04-16,2025,,浦和,京都,H,D,0.24735862256070376,0.4173921568172866,0.3352492206220096
14,31940,2025-04-18,2025,,FC大阪,群馬,H,H,0.3407311081322116,0.2799575636320734,0.3793113282357151
14,31621,2025-04-19,2025,,山形,愛媛FC,A,H,0.27266722641755453,0.13516309875666582,0.5921696748257798
14,31622,2025-04-19,2025,,甲府,V・ファーレン長崎,D,H,0.17789811537049316,0.356636387810386,0.46546549681912086
14,31623,2025-04-19,2025,,鳥栖,レノファ山口FC,D,H,0.2689970510418451,0.3210455971010244,0.4099573518571305
14,31931,2025-04-19,2025,,奈良クラブ,アスルクラロ沼津,H,A,0.43067650191365364,0.3026320350694202,0.26669146301692614
14,32251,2025-04-19,2025,,新潟,京都,A,H,0.18802629575987975,0.3061457928916454,0.5058279113484748
14,31624,2025-04-20,2025,,熊本,仙台,A,D,0.35174786830200944,0.36911858084747806,0.27913355085051245
14,31625,2025-04-20,2025,,札幌,藤枝MYFC,H,H,0.2676129548011612,0.33128437670197997,0.40110266849685894
14,31626,2025-04-20,2025,,秋田,磐田,H,D,0.2679283490351786,0.39368050100262786,0.3383911499621935
14,31627,2025-04-20,2025,,千葉,大分,H,H,0.22188104918032622,0.3602324031745859,0.41788654764508787
14,31628,2025-04-20,2025,,富山,いわきFC,A,A,0.37168651702279243,0.32965646449476443,0.2986570184824432
14,31629,2025-04-20,2025,,徳島,水戸,A,D,0.17828793117406788,0.4477615124717256,0.37395055635420654
14,31630,2025-04-20,2025,,FC今治,大宮,D,H,0.28377433037929234,0.2938507952325556,0.4223748743881521
14,31932,2025-04-20,2025,,ヴァンラーレ八戸,AC長野パルセイロ,H,H,0.2493543218195199,0.36399983690588145,0.38664584127459867
14,31933,2025-04-20,2025,,福島ユナイテッドFC,高知ユナイテッドSC,A,H,0.2279257804066761,0.3330893671611271,0.4389848524321968
14,31934,2025-04-20,2025,,栃木SC,ツエーゲン金沢,A,H,0.1918417588723532,0.3146410428227291,0.49351719830491775
14,31935,2025-04-20,2025,,松本山雅FC,栃木シティ,A,A,0.44543328206187716,0.29928868997953484,0.255278027958588
14,31936,2025-04-20,2025,,FC岐阜,カマタマーレ讃岐,H,H,0.15713235881174625,0.24001155985428954,0.6028560813339643
14,31937,2025-04-20,2025,,ガイナーレ鳥取,鹿児島ユナイテッドFC,D,D,0.35114574379590746,0.44566674072523893,0.2031875154788537
14,31938,2025-04-20,2025,,ギラヴァンツ北九州,SC相模原,D,A,0.386156634764175,0.3424418990189168,0.27140146621690825
14,31939,2025-04-20,2025,,FC琉球,テゲバジャーロ宮崎,D,H,0.3267474859707986,0.13910578503321844,0.5341467289959829
14,32252,2025-04-20,2025,,横浜FC,G大阪,D,H,0.269919540337325,0.2943874996823552,0.4356929599803198
14,32253,2025-04-20,2025,,清水,福岡,H,H,0.2678456815649554,0.26300506356168574,0.46914925487335896
14,32254,2025-04-20,2025,,名古屋,広島,H,H,0.25482435254881536,0.305056176687796,0.4401194707633886
14,32255,2025-04-20,2025,,神戸,町田,H,D,0.26298994571933665,0.4063776768707753,0.330632377409888
14,32256,2025-04-20,2025,,岡山,鹿島,A,A,0.3967776122813151,0.2461177552146982,0.3571046325039868
14,32257,2025-04-20,2025,,川崎F,東京V,D,H,0.23574455440819173,0.32032416392957724,0.4439312816622311
14,32258,2025-04-20,2025,,湘南,柏,A,H,0.35858616401988785,0.24329454428737357,0.39811929169273863
14,32259,2025-04-20,2025,,C大阪,FC東京,D,H,0.2407197738431358,0.36186212165193393,0.3974181045049303
14,32260,2025-04-20,2025,,浦和,横浜FM,H,H,0.220222217009406,0.289759186265971,0.49001859672462306
14,31545,2025-04-23,2025,,福島ユナイテッドFC,アスルクラロ沼津,D,H,0.08315069178591344,0.23927441489573775,0.6775748933183489
14,31631,2025-04-25,2025,,仙台,愛媛FC,D,H,0.28342149770453823,0.29418058814445025,0.4223979141510116
14,31632,2025-04-25,2025,,水戸,甲府,D,D,0.3065962289911165,0.46005364619736616,0.2333501248115174
14,31633,2025-04-25,2025,,大宮,札幌,H,A,0.4469772976256951,0.3026504466924483,0.25037225568185656
14,31634,2025-04-25,2025,,千葉,秋田,H,A,0.4410946671841522,0.27201058136611805,0.28689475144972987
14,31635,2025-04-25,2025,,磐田,大分,A,D,0.25361743950775095,0.39102754237466664,0.35535501811758247
14,31636,2025-04-25,2025,,藤枝MYFC,熊本,A,H,0.3374454742792261,0.2783064989232383,0.3842480267975356
14,31637,2025-04-25,2025,,鳥栖,山形,H,A,0.35511477836044375,0.331613544232236,0.3132716774073203
14,31638,2025-04-25,2025,,V・ファーレン長崎,いわきFC,A,D,0.2474263891488647,0.4210430395841654,0.33153057126696994
14,32261,2025-04-25,2025,,鹿島,名古屋,H,A,0.4511646315835863,0.3486145318852058,0.20022083653120795
14,32262,2025-04-25,2025,,東京V,C大阪,H,H,0.16480376918582423,0.3094026437675495,0.5257935870466263
14,32263,2025-04-25,2025,,町田,湘南,A,H,0.302801838737927,0.3184627496200794,0.3787354116419937
14,32264,2025-04-25,2025,,京都,横浜FC,H,A,0.4454872071023549,0.19802373369282242,0.3564890592048226
14,32265,2025-04-25,2025,,福岡,岡山,D,H,0.2568607911424307,0.3604711247923983,0.3826680840651711
14,32266,2025-04-25,2025,,浦和,広島,H,H,0.19279054233576032,0.17505235974219172,0.632157097922048
14,32267,2025-04-25,2025,,FC東京,G大阪,H,H,0.2664600372304481,0.31307121004090305,0.42046875272864875
14,31509,2025-04-26,2025,,ギラヴァンツ北九州,松本山雅FC,A,A,0.5212992117882319,0.30396625445019126,0.17473453376157685
14,31639,2025-04-26,2025,,レノファ山口FC,FC今治,A,H,0.21519556286032346,0.32259214633381783,0.46221229080585874
14,31640,2025-04-26,2025,,徳島,富山,H,A,0.3958691254009099,0.22322569739466305,0.3809051772044271
14,32268,2025-04-26,2025,,柏,新潟,D,D,0.29311990008311345,0.4675761411526662,0.23930395876422034
14,31510,2025-04-27,2025,,ヴァンラーレ八戸,ツエーゲン金沢,H,A,0.4791779371049035,0.2288409493116864,0.29198111358341006
14,31641,2025-04-29,2025,,札幌,V・ファーレン長崎,D,D,0.2773643962048593,0.42554343178435383,0.2970921720107868
14,31642,2025-04-29,2025,,秋田,徳島,A,H,0.2969225051099219,0.31462334869975456,0.3884541461903235
14,31643,2025-04-29,2025,,いわきFC,大宮,H,A,0.43101082458693485,0.26459157569993785,0.30439759971312735
14,31644,2025-04-29,2025,,水戸,FC今治,D,H,0.20370118306339222,0.3575071664013751,0.43879165053523284
14,31645,2025-04-29,2025,,甲府,仙台,A,H,0.10809976678179506,0.30625329423808023,0.5856469389801248
14,31646,2025-04-29,2025,,富山,山形,D,A,0.4363075140044996,0.25780701392262395,0.3058854720728765
14,31647,2025-04-29,2025,,熊本,千葉,D,H,0.32584020653039963,0.3144414708470439,0.35971832262255654
14,31648,2025-04-29,2025,,大分,鳥栖,H,D,0.32239250340565107,0.361392705341382,0.316214791252967
14,31649,2025-04-29,2025,,磐田,レノファ山口FC,A,D,0.1893132340294602,0.5697496502542703,0.24093711571626955
14,31650,2025-04-29,2025,,愛媛FC,藤枝MYFC,A,D,0.26875556563085606,0.44508997988584675,0.2861544544832972
14,32271,2025-04-29,2025,,FC東京,清水,A,H,0.17881455691392856,0.2829513440721443,0.5382340990139272
14,32272,2025-04-29,2025,,横浜FC,鹿島,A,A,0.39188986535676074,0.24622451720097785,0.36188561744226144
14,32273,2025-04-29,2025,,名古屋,柏,A,H,0.13265744194485315,0.28008902505022215,0.5872535330049248
14,32274,2025-04-29,2025,,岡山,東京V,A,H,0.278772249612496,0.331649560080069,0.38957819030743507
14,32275,2025-04-29,2025,,広島,新潟,A,D,0.14917543277083029,0.4868273373128845,0.36399722991628536
14,32276,2025-04-29,2025,,湘南,福岡,D,D,0.23456177760631938,0.38433868787051834,0.3810995345231623
14,32277,2025-04-29,2025,,G大阪,京都,H,D,0.1613415156895913,0.5334591699470914,0.3051993143633172
14,32278,2025-04-29,2025,,C大阪,町田,A,H,0.3157413778559085,0.3205615602770216,0.3636970618670699
14,31651,2025-05-03,2025,,仙台,レノファ山口FC,H,A,0.3947957015523433,0.21558519820214472,0.389619100245512
14,31652,2025-05-03,2025,,いわきFC,秋田,D,H,0.2636094008847691,0.3241572415574821,0.41223335755774876
14,31653,2025-05-03,2025,,甲府,徳島,A,A,0.5193583413108536,0.24703703084208892,0.23360462784705752
14,31654,2025-05-03,2025,,山形,札幌,A,A,0.5042120545626178,0.19565904792270428,0.300128897514678
14,31655,2025-05-03,2025,,大宮,富山,D,D,0.27382566716545687,0.39262435358575176,0.3335499792487915
14,31656,2025-05-03,2025,,藤枝MYFC,水戸,A,A,0.5992282308842056,0.21764112879387906,0.1831306403219154
14,31657,2025-05-03,2025,,FC今治,磐田,D,D,0.3063418580140395,0.3672581562303121,0.32639998575564844
14,31658,2025-05-03,2025,,鳥栖,千葉,D,D,0.2782264549054654,0.4134384559720243,0.3083350891225104
14,31659,2025-05-03,2025,,大分,熊本,H,H,0.24114952716998292,0.29219690489708494,0.46665356793293217
14,31660,2025-05-03,2025,,V・ファーレン長崎,愛媛FC,D,H,0.1778160895865465,0.387155533325215,0.43502837708823855
14,31941,2025-05-03,2025,,栃木シティ,FC大阪,H,H,0.3008573318649281,0.34533574366959185,0.35380692446548007
14,31942,2025-05-03,2025,,群馬,FC岐阜,D,A,0.48908177386249185,0.18531956243717987,0.3255986637003283
14,31943,2025-05-03,2025,,アスルクラロ沼津,ヴァンラーレ八戸,A,D,0.2583387905420295,0.3718318294141207,0.36982938004384985
14,31944,2025-05-03,2025,,ガイナーレ鳥取,FC琉球,H,D,0.22975684381723635,0.4375781852056662,0.3326649709770974
14,31945,2025-05-03,2025,,カマタマーレ讃岐,福島ユナイテッドFC,A,H,0.21345774113001018,0.2636593552527747,0.5228829036172152
14,31946,2025-05-03,2025,,ギラヴァンツ北九州,栃木SC,D,D,0.2940672187724244,0.45399984653854625,0.2519329346890294
14,31947,2025-05-03,2025,,テゲバジャーロ宮崎,高知ユナイテッドSC,H,H,0.21964182379761663,0.3178324849534324,0.462525691248951
14,31948,2025-05-03,2025,,鹿児島ユナイテッドFC,奈良クラブ,A,H,0.3200994226726357,0.3336167483201279,0.34628382900723653
14,31949,2025-05-03,2025,,松本山雅FC,ツエーゲン金沢,H,H,0.2163512016717474,0.37265440277659073,0.41099439555166184
14,31950,2025-05-03,2025,,AC長野パルセイロ,SC相模原,D,H,0.2636119077580908,0.18162892941058062,0.5547591628313285
14,32281,2025-05-03,2025,,広島,福岡,H,H,0.11160355280018633,0.14407180493608274,0.744324642263731
14,32282,2025-05-03,2025,,新潟,FC東京,A,A,0.3768555694936329,0.3613187482550717,0.2618256822512954
14,32283,2025-05-03,2025,,清水,名古屋,A,H,0.21293881808113727,0.35970597892093964,0.4273552029979232
14,32284,2025-05-03,2025,,鹿島,町田,H,H,0.2538721887307095,0.34296499850807965,0.40316281276121085
14,32285,2025-05-03,2025,,浦和,東京V,H,D,0.14785386027223382,0.5349041022904291,0.3172420374373371
14,32286,2025-05-03,2025,,G大阪,湘南,H,H,0.16868097295098786,0.2261878891158462,0.605131137933166
14,32287,2025-05-03,2025,,京都,C大阪,A,A,0.43672417248012224,0.2672527444712745,0.2960230830486033
14,32290,2025-05-03,2025,,神戸,岡山,H,D,0.23592052590553214,0.40476179249781885,0.3593176815966489
14,31661,2025-05-06,2025,,仙台,藤枝MYFC,H,A,0.40191267376814405,0.2870118419081695,0.3110754843236864
14,31662,2025-05-06,2025,,富山,V・ファーレン長崎,A,A,0.5480178242109678,0.1244942034212971,0.3274879723677352
14,31663,2025-05-06,2025,,札幌,磐田,A,H,0.11922141472068876,0.2958476359631484,0.5849309493161629
14,31664,2025-05-06,2025,,山形,大分,H,H,0.27264294810685663,0.2927961791693656,0.4345608727237778
14,31665,2025-05-06,2025,,レノファ山口FC,水戸,A,H,0.29132018447154423,0.3160694116001089,0.3926104039283469
14,31666,2025-05-06,2025,,秋田,甲府,A,D,0.26455560710300424,0.4312768538233375,0.30416753907365834
14,31667,2025-05-06,2025,,愛媛FC,いわきFC,D,A,0.3941994218670253,0.2528472646198467,0.3529533135131281
14,31668,2025-05-06,2025,,熊本,FC今治,A,H,0.258523493588833,0.26157950167339256,0.47989700473777447
14,31669,2025-05-06,2025,,徳島,鳥栖,A,H,0.20693703159181676,0.35219789909088267,0.44086506931730046
14,31670,2025-05-06,2025,,千葉,大宮,A,A,0.3515721356108054,0.3444445667819093,0.3039832976072853
14,31951,2025-05-06,2025,,福島ユナイテッドFC,群馬,A,A,0.4185109101102191,0.19537456154822072,0.3861145283415601
14,31952,2025-05-06,2025,,ヴァンラーレ八戸,栃木シティ,D,D,0.2734206671746655,0.4734877095172256,0.2530916233081089
14,31953,2025-05-06,2025,,栃木SC,AC長野パルセイロ,H,D,0.3336865139987522,0.39191909688322857,0.27439438911801933
14,31954,2025-05-06,2025,,SC相模原,ガイナーレ鳥取,H,D,0.26777029130793756,0.4457636265124159,0.2864660821796466
14,31955,2025-05-06,2025,,ツエーゲン金沢,ギラヴァンツ北九州,A,D,0.18122915360611785,0.5222971556129014,0.29647369078098085
14,31956,2025-05-06,2025,,奈良クラブ,テゲバジャーロ宮崎,A,H,0.18437498832471677,0.24163906190053883,0.5739859497747444
14,31957,2025-05-06,2025,,高知ユナイテッドSC,カマタマーレ讃岐,A,D,0.238819525803783,0.45828161148720087,0.3028988627090161
14,31958,2025-05-06,2025,,FC琉球,鹿児島ユナイテッドFC,A,H,0.20741830268479727,0.20539128266618797,0.5871904146490148
14,31959,2025-05-06,2025,,FC岐阜,アスルクラロ沼津,H,D,0.28391201536916577,0.4954192534858509,0.22066873114498328
14,32291,2025-05-06,2025,,浦和,G大阪,A,H,0.25805910107119434,0.2776787968211394,0.4642621021076663
14,32292,2025-05-06,2025,,名古屋,岡山,D,H,0.275708834638372,0.29433239647827875,0.42995876888334933
14,32293,2025-05-06,2025,,福岡,鹿島,A,H,0.17316204218247977,0.3173857060110483,0.509452251806472
14,32294,2025-05-06,2025,,柏,清水,H,D,0.1829512602493849,0.5162702550410462,0.3007784847095689
14,32295,2025-05-06,2025,,東京V,横浜FC,H,A,0.5259251313228033,0.24102218777520473,0.23305268090199202
14,32299,2025-05-06,2025,,神戸,C大阪,A,H,0.22213070114217837,0.2665416734669008,0.5113276253909208
14,31960,2025-05-07,2025,,FC大阪,松本山雅FC,H,A,0.4060338553686419,0.29373736889399576,0.3002287757373623
14,32296,2025-05-07,2025,,町田,京都,A,D,0.21255453432164745,0.43277321685965986,0.35467224881869275
14,32297,2025-05-07,2025,,湘南,広島,A,D,0.30567175851755735,0.4062698457733568,0.2880583957090859
14,31671,2025-05-10,2025,,大宮,仙台,H,H,0.32499648876045734,0.28854732065978667,0.38645619057975594
14,32301,2025-05-10,2025,,横浜FC,福岡,H,H,0.1678432787208606,0.4039959229711081,0.42816079830803117
14,32302,2025-05-10,2025,,FC東京,神戸,H,H,0.30671433075053517,0.16489939580862678,0.528386273440838
14,32303,2025-05-10,2025,,柏,岡山,H,H,0.22840805222558383,0.3729565521307319,0.3986353956436842
14,31672,2025-05-11,2025,,いわきFC,札幌,D,D,0.20776611779612103,0.43692043944732917,0.35531344275654986
14,31673,2025-05-11,2025,,磐田,藤枝MYFC,H,H,0.12983993552419412,0.17944113272592743,0.6907189317498785
14,31674,2025-05-11,2025,,水戸,秋田,H,D,0.2654685730789174,0.40473113645105785,0.3298002904700248
14,31675,2025-05-11,2025,,徳島,レノファ山口FC,H,D,0.30133318818776195,0.40074512533663564,0.29792168647560247
14,31676,2025-05-11,2025,,FC今治,千葉,A,A,0.34774976522138634,0.3173716710336758,0.3348785637449379
14,31677,2025-05-11,2025,,鳥栖,甲府,D,D,0.35383898648992673,0.46821968451954676,0.17794132899052656
14,31678,2025-05-11,2025,,V・ファーレン長崎,山形,D,H,0.215073202337572,0.21729978261610622,0.5676270150463217
14,31679,2025-05-11,2025,,富山,大分,D,H,0.22168496673217045,0.2247403232600433,0.5535747100077862
14,31680,2025-05-11,2025,,熊本,愛媛FC,D,D,0.14880472130759229,0.470772994612544,0.3804222840798638
14,32304,2025-05-11,2025,,鹿島,川崎F,H,A,0.48675873065786696,0.20043949707100656,0.3128017722711265
14,32305,2025-05-11,2025,,清水,町田,D,H,0.2723949661608387,0.27070813742041583,0.4568968964187454
14,32306,2025-05-11,2025,,京都,名古屋,D,A,0.34477527784091594,0.31373789975448213,0.341486822404602
14,32307,2025-05-11,2025,,新潟,浦和,D,D,0.3220225268378482,0.3762044507457545,0.30177302241639725
14,32308,2025-05-11,2025,,東京V,湘南,A,D,0.1775755458669082,0.5091191672775768,0.3133052868555151
14,32309,2025-05-11,2025,,G大阪,広島,A,H,0.26609353811226505,0.2993456530773385,0.4345608088103965
14,32310,2025-05-11,2025,,C大阪,横浜FM,H,H,0.2855397623599069,0.284944700098219,0.42951553754187405
14,31549,2025-05-14,2025,,松本山雅FC,AC長野パルセイロ,D,H,0.29426464602548946,0.3229999173601098,0.3827354366144008
14,32288,2025-05-14,2025,,川崎F,横浜FC,H,H,0.20917440151762473,0.3116352493574946,0.47919034912488073
14,32289,2025-05-14,2025,,横浜FM,柏,A,H,0.1936660376324715,0.32409173987819506,0.48224222248933346
14,31681,2025-05-17,2025,,甲府,FC今治,H,H,0.32573268008304007,0.23499024885486858,0.4392770710620914
14,31682,2025-05-17,2025,,札幌,富山,H,D,0.2431076178814747,0.43718881798025067,0.31970356413827455
14,31683,2025-05-17,2025,,秋田,鳥栖,A,H,0.3213563837919681,0.2638404885437606,0.41480312766427124
14,31684,2025-05-17,2025,,水戸,熊本,H,D,0.31247551209139984,0.37544102929202233,0.3120834586165779
14,31685,2025-05-17,2025,,千葉,仙台,D,H,0.19612634705770174,0.283219875754071,0.5206537771882273
14,31686,2025-05-17,2025,,磐田,いわきFC,H,H,0.2710340598226115,0.34874857049186536,0.3802173696855232
14,31687,2025-05-17,2025,,藤枝MYFC,大宮,A,H,0.2366444816230069,0.23062167058296396,0.5327338477940291
14,31961,2025-05-17,2025,,栃木シティ,FC岐阜,H,A,0.5151121799718896,0.18210383482410258,0.3027839852040077
14,31962,2025-05-17,2025,,群馬,高知ユナイテッドSC,D,H,0.26651300737902245,0.35535404473665577,0.3781329478843218
14,31963,2025-05-17,2025,,奈良クラブ,栃木SC,D,H,0.3314295518861157,0.3054897527266173,0.36308069538726695
14,31964,2025-05-17,2025,,テゲバジャーロ宮崎,ツエーゲン金沢,D,D,0.17239425640164266,0.4169814131885416,0.4106243304098158
14,31965,2025-05-17,2025,,鹿児島ユナイテッドFC,福島ユナイテッドFC,H,H,0.15839585364002978,0.23532981712300663,0.6062743292369636
14,31966,2025-05-17,2025,,FC琉球,ギラヴァンツ北九州,A,D,0.29722602628072614,0.4049969522937421,0.2977770214255318
14,32311,2025-05-17,2025,,町田,柏,H,H,0.29218893506359195,0.32595087449577864,0.3818601904406294
14,32312,2025-05-17,2025,,横浜FM,京都,A,H,0.19853125408263284,0.3120421141077918,0.48942663180957535
14,32313,2025-05-17,2025,,神戸,G大阪,H,H,0.18794003058610995,0.17043257767364176,0.6416273917402484
14,32314,2025-05-17,2025,,広島,東京V,H,H,0.18096348345629282,0.21494346338608875,0.6040930531576184
14,32315,2025-05-17,2025,,福岡,名古屋,D,A,0.35901490312854284,0.2906382664502354,0.35034683042122183
14,32316,2025-05-17,2025,,鹿島,清水,H,D,0.17934322652121257,0.4869988832510628,0.33365789022772463
14,32317,2025-05-17,2025,,湘南,横浜FC,A,H,0.18270302030298813,0.3023850533708447,0.5149119263261672
14,32318,2025-05-17,2025,,浦和,FC東京,H,D,0.3956516396233106,0.40420355202779873,0.20014480834889073
14,31688,2025-05-18,2025,,レノファ山口FC,山形,H,D,0.22180578576419324,0.40594567185149094,0.3722485423843157
14,31689,2025-05-18,2025,,大分,V・ファーレン長崎,A,H,0.38481092858346677,0.13312823643992278,0.48206083497661045
14,31690,2025-05-18,2025,,愛媛FC,徳島,A,H,0.32882666957523426,0.261406349362651,0.4097669810621148
14,31967,2025-05-18,2025,,松本山雅FC,ガイナーレ鳥取,H,H,0.39301980834722067,0.2092072718955346,0.3977729197572448
14,31968,2025-05-18,2025,,SC相模原,FC大阪,A,D,0.28565452747335857,0.4715889164137865,0.24275655611285493
14,31969,2025-05-18,2025,,アスルクラロ沼津,AC長野パルセイロ,D,D,0.25835508170978855,0.4080793842948903,0.3335655339953212
14,31970,2025-05-18,2025,,カマタマーレ讃岐,ヴァンラーレ八戸,H,D,0.12478511860784262,0.5125262259806038,0.3626886554115536
14,32319,2025-05-18,2025,,川崎F,C大阪,H,H,0.3193581591333739,0.29382091460701554,0.38682092625961045
14,32320,2025-05-18,2025,,岡山,新潟,H,H,0.27805967456849195,0.29505881674469764,0.4268815086868104
14,32279,2025-05-21,2025,,川崎F,浦和,D,H,0.07551541673298211,0.2577382474365093,0.6667463358305086
14,32280,2025-05-21,2025,,横浜FM,神戸,A,A,0.46171894402996366,0.23519033403326653,0.3030907219367698
14,32321,2025-05-24,2025,,C大阪,福岡,H,H,0.20868630519809123,0.35272523530825123,0.4385884594936576
14,32322,2025-05-24,2025,,名古屋,浦和,H,H,0.3065014079246587,0.3097668872904432,0.38373170478489815
14,31691,2025-05-25,2025,,いわきFC,仙台,A,D,0.3416112663404088,0.3617066815660169,0.2966820520935744
14,31692,2025-05-25,2025,,山形,甲府,A,H,0.21887253894414013,0.3756605655752617,0.40546689548059817
14,31693,2025-05-25,2025,,レノファ山口FC,藤枝MYFC,D,D,0.2753563310919006,0.42103024805207473,0.3036134208560248
14,31694,2025-05-25,2025,,徳島,磐田,D,D,0.1648696197999197,0.4350315588216845,0.4000988213783958
14,31695,2025-05-25,2025,,鳥栖,札幌,H,H,0.2013746013297155,0.19495494218340964,0.6036704564868749
14,31696,2025-05-25,2025,,V・ファーレン長崎,千葉,H,H,0.36874009741724234,0.21217876416088158,0.41908113842187616
14,31697,2025-05-25,2025,,熊本,秋田,A,H,0.13725210779144043,0.3849080380262276,0.4778398541823321
14,32323,2025-05-25,2025,,岡山,町田,D,H,0.2731275816299644,0.32337141148979776,0.40350100688023777
14,32324,2025-05-25,2025,,横浜FM,鹿島,H,H,0.12091947451303181,0.19035990591387977,0.6887206195730885
14,32325,2025-05-25,2025,,横浜FC,柏,D,H,0.2155053719600796,0.3544630263821731,0.4300316016577473
14,32326,2025-05-25,2025,,新潟,湘南,H,H,0.21938700057301502,0.36695660938843705,0.413656390038548
14,32327,2025-05-25,2025,,清水,神戸,H,H,0.3498048773971623,0.2639165637649435,0.38627855883789425
14,32328,2025-05-25,2025,,FC東京,広島,A,H,0.1683028056919486,0.37101824241540776,0.4606789518926437
14,32329,2025-05-25,2025,,東京V,京都,H,H,0.1780382921572231,0.4066612313233883,0.4153004765193886
14,32330,2025-05-25,2025,,川崎F,G大阪,D,H,0.2602429124727947,0.30503671877365335,0.43472036875355197
14,32361,2025-05-28,2025,,浦和,C大阪,D,D,0.349071368636748,0.3673458757889264,0.2835827555743256
14,31701,2025-05-31,2025,,仙台,札幌,D,H,0.1175267019909021,0.3945202008797672,0.48795309712933077
14,31702,2025-05-31,2025,,秋田,富山,D,H,0.2799215309315209,0.2501029264753254,0.46997554259315377
14,31703,2025-05-31,2025,,水戸,V・ファーレン長崎,H,H,0.3535637651528961,0.24872371517630884,0.397712519670795
14,31704,2025-05-31,2025,,大宮,磐田,D,A,0.3709332818278691,0.278927235599591,0.35013948257253996
14,31705,2025-05-31,2025,,千葉,レノファ山口FC,D,H,0.1726462639677647,0.1800470063152678,0.6473067297169676
14,31706,2025-05-31,2025,,藤枝MYFC,山形,H,H,0.3051241444097929,0.3418425161149643,0.3530333394752427
14,31707,2025-05-31,2025,,鳥栖,愛媛FC,D,H,0.3017475392344389,0.327204746144763,0.3710477146207981
14,31708,2025-05-31,2025,,FC今治,徳島,A,H,0.31329206469996,0.3216908512795377,0.36501708402050237
14,31709,2025-05-31,2025,,大分,甲府,H,H,0.2568565555435075,0.24733166150567765,0.49581178295081485
14,31971,2025-05-31,2025,,群馬,アスルクラロ沼津,D,A,0.35474519927339093,0.31412908533741335,0.3311257153891957
14,31972,2025-05-31,2025,,AC長野パルセイロ,奈良クラブ,H,H,0.3404052763668164,0.2065682783116708,0.45302644532151287
14,31973,2025-05-31,2025,,FC大阪,鹿児島ユナイテッドFC,H,H,0.3080760515071133,0.23581917745218442,0.4561047710407022
14,31974,2025-05-31,2025,,ガイナーレ鳥取,栃木シティ,H,D,0.30496690102007334,0.37643242778682107,0.3186006711931055
14,31975,2025-05-31,2025,,ギラヴァンツ北九州,テゲバジャーロ宮崎,D,H,0.29916623994981245,0.16828906490766152,0.5325446951425261
14,31976,2025-05-31,2025,,栃木SC,カマタマーレ讃岐,H,A,0.4117223861450009,0.36328785308127964,0.22498976077371943
14,32331,2025-05-31,2025,,町田,横浜FM,A,H,0.325031954728673,0.19290893934115758,0.4820591059301694
14,32332,2025-05-31,2025,,名古屋,新潟,H,D,0.1891021391557989,0.5426412625252199,0.26825659831898113
14,32333,2025-05-31,2025,,福岡,東京V,D,H,0.31049454668823007,0.2661801431990707,0.4233253101126992
14,32334,2025-05-31,2025,,柏,神戸,A,H,0.20639293544866025,0.3054379287970925,0.48816913575424736
14,32335,2025-05-31,2025,,広島,川崎F,A,H,0.19354949715814831,0.35217070701852543,0.4542797958233263
14,32336,2025-05-31,2025,,G大阪,鹿島,A,A,0.440301567665312,0.1850740401336715,0.37462439220101657
14,32337,2025-05-31,2025,,京都,FC東京,H,D,0.2762338309923229,0.368848764752101,0.3549174042555762
14,31710,2025-06-01,2025,,いわきFC,熊本,H,H,0.27601122783625076,0.23733311029030524,0.48665566187344406
14,31977,2025-06-01,2025,,ヴァンラーレ八戸,松本山雅FC,H,H,0.25033063945256806,0.3384685531302685,0.4112008074171634
14,31978,2025-06-01,2025,,福島ユナイテッドFC,SC相模原,D,D,0.33344043236048826,0.40322408297597806,0.2633354846635337
14,31979,2025-06-01,2025,,ツエーゲン金沢,FC琉球,A,A,0.4765905076880102,0.3236342247213568,0.19977526759063297
14,31980,2025-06-01,2025,,FC岐阜,高知ユナイテッドSC,D,H,0.24100562610004433,0.3726754178400041,0.38631895605995165
14,32338,2025-06-01,2025,,湘南,岡山,D,D,0.36375437755327816,0.36865184349741054,0.2675937789493112
14,32339,2025-06-01,2025,,C大阪,清水,H,H,0.24541636254289514,0.32345880451335374,0.43112483294375115
14,32340,2025-06-01,2025,,浦和,横浜FC,H,D,0.18216727163045254,0.4742748927881879,0.3435578355813596
14,31698,2025-06-07,2025,,FC今治,大分,D,A,0.6027071209240024,0.2110115593408489,0.1862813197351487
14,31981,2025-06-07,2025,,松本山雅FC,福島ユナイテッドFC,A,A,0.3902292060096918,0.3658943388092974,0.2438764551810108
14,31982,2025-06-07,2025,,カマタマーレ讃岐,FC大阪,A,H,0.24521200165444015,0.3644231893136363,0.39036480903192344
14,31983,2025-06-07,2025,,鹿児島ユナイテッドFC,FC岐阜,H,A,0.47912554670799984,0.31310326317589515,0.20777119011610495
14,31984,2025-06-07,2025,,栃木SC,群馬,A,D,0.32318387452023273,0.3688024023562996,0.3080137231234678
14,31985,2025-06-07,2025,,テゲバジャーロ宮崎,SC相模原,H,H,0.18752434912867946,0.3226222841811583,0.4898533666901623
14,31699,2025-06-08,2025,,大宮,愛媛FC,D,A,0.36768556636786837,0.27063365147772717,0.36168078215440447
14,31700,2025-06-08,2025,,富山,水戸,A,A,0.4531534023429777,0.34847118472997857,0.19837541292704378
14,31986,2025-06-08,2025,,ヴァンラーレ八戸,FC琉球,H,H,0.18017209740192738,0.4061854525715256,0.413642450026547
14,31987,2025-06-08,2025,,栃木シティ,ギラヴァンツ北九州,H,A,0.4030689094852892,0.3009242088066918,0.296006881708019
14,31988,2025-06-08,2025,,アスルクラロ沼津,ツエーゲン金沢,H,H,0.24135725119753962,0.27240989250282954,0.48623285629963087
14,31989,2025-06-08,2025,,ガイナーレ鳥取,AC長野パルセイロ,H,H,0.16954318578877028,0.2537791325937185,0.5766776816175113
14,31990,2025-06-08,2025,,高知ユナイテッドSC,奈良クラブ,H,H,0.2090488732175862,0.3729364923172483,0.4180146344651656
14,31711,2025-06-14,2025,,水戸,鳥栖,H,D,0.1987153816594566,0.43274142712753066,0.3685431912130128
14,31991,2025-06-14,2025,,ギラヴァンツ北九州,アスルクラロ沼津,H,A,0.7639728386227462,0.1459758916882249,0.0900512696890289
14,31992,2025-06-14,2025,,AC長野パルセイロ,FC岐阜,A,A,0.4122042917989727,0.1998200897066092,0.38797561849441814
14,31993,2025-06-14,2025,,奈良クラブ,ガイナーレ鳥取,H,A,0.3406654314087895,0.32048211696240775,0.3388524516288027
14,31994,2025-06-14,2025,,SC相模原,高知ユナイテッドSC,D,D,0.31298358755717304,0.4474795307219603,0.2395368817208667
14,31995,2025-06-14,2025,,ツエーゲン金沢,栃木シティ,A,A,0.4861087914066944,0.25359337192016235,0.26029783667314327
14,31996,2025-06-14,2025,,鹿児島ユナイテッドFC,ヴァンラーレ八戸,D,H,0.2293895087542069,0.24112037703875194,0.5294901142070412
14,31997,2025-06-14,2025,,FC琉球,松本山雅FC,A,D,0.14653189511034637,0.4333902352316023,0.42007786965805144
14,31998,2025-06-14,2025,,テゲバジャーロ宮崎,FC大阪,D,H,0.3489350294465245,0.2801188645894466,0.37094610596402894
14,32342,2025-06-14,2025,,湘南,町田,A,H,0.29314806113174147,0.18965758015942336,0.5171943587088351
14,32343,2025-06-14,2025,,鹿島,広島,D,H,0.36857473563036286,0.21413859143884675,0.4172866729307904
14,32344,2025-06-14,2025,,横浜FC,川崎F,A,A,0.42262295609618145,0.30691437521615866,0.27046266868766
14,32345,2025-06-14,2025,,FC東京,C大阪,D,H,0.22450336503951251,0.3212000660821798,0.45429656887830766
14,31712,2025-06-15,2025,,札幌,FC今治,D,D,0.26059369086113043,0.3776486404407517,0.361757668698118
14,31713,2025-06-15,2025,,富山,藤枝MYFC,A,D,0.31798675264076304,0.35136704742686903,0.330646199932368
14,31714,2025-06-15,2025,,レノファ山口FC,いわきFC,D,D,0.2683800476815034,0.4358504775221743,0.29576947479632226
14,31715,2025-06-15,2025,,山形,仙台,A,H,0.3190759185571403,0.28877777334595556,0.3921463080969041
14,31716,2025-06-15,2025,,磐田,愛媛FC,H,D,0.30515306116788743,0.4121189370271294,0.28272800180498314
14,31717,2025-06-15,2025,,V・ファーレン長崎,大宮,D,H,0.19623489919116824,0.24517088390174618,0.5585942169070856
14,31718,2025-06-15,2025,,大分,秋田,A,H,0.3575891121240444,0.24753379559475613,0.39487709228119955
14,31719,2025-06-15,2025,,甲府,熊本,D,A,0.4268671051127193,0.22474621754996388,0.3483866773373168
14,31720,2025-06-15,2025,,徳島,千葉,D,D,0.2889468453700749,0.4269868881373487,0.28406626649257644
14,31999,2025-06-15,2025,,群馬,カマタマーレ讃岐,D,H,0.2747729241042325,0.3057347832500412,0.41949229264572624
14,32000,2025-06-15,2025,,福島ユナイテッドFC,栃木SC,D,D,0.24723184347138122,0.4907079099482583,0.26206024658036053
14,32346,2025-06-15,2025,,新潟,横浜FM,H,H,0.26625789719957177,0.3273062265192628,0.4064358762811655
14,32347,2025-06-15,2025,,東京V,柏,A,H,0.3014271530256725,0.2933669248262358,0.40520592214809165
14,32348,2025-06-15,2025,,神戸,名古屋,H,H,0.10320045376190264,0.39819629077530205,0.4986032554627954
14,32349,2025-06-15,2025,,岡山,福岡,A,D,0.20412826245153168,0.46731125597780754,0.32856048157066087
14,32350,2025-06-15,2025,,清水,G大阪,D,A,0.4138989633357191,0.38805436186572384,0.19804667479855706
15,31721,2025-06-21,2025,,いわきFC,富山,H,D,0.18987744081737185,0.43353648327635114,0.376586075906277
15,31722,2025-06-21,2025,,愛媛FC,レノファ山口FC,H,D,0.22195732492428177,0.4512245671193883,0.32681810795632993
15,31723,2025-06-21,2025,,FC今治,水戸,A,D,0.33472118872521484,0.4966463503777166,0.16863246089706865
15,31724,2025-06-21,2025,,大宮,鳥栖,D,D,0.2948366515917373,0.4007890448698002,0.3043743035384625
15,31725,2025-06-21,2025,,千葉,磐田,A,D,0.26054545750220226,0.44015632913458014,0.29929821336321755
15,31726,2025-06-21,2025,,藤枝MYFC,札幌,A,D,0.20528697164649332,0.5043140954151364,0.2903989329383703
15,31727,2025-06-21,2025,,徳島,大分,H,H,0.14668230193018383,0.33211021168112476,0.5212074863886914
15,32001,2025-06-21,2025,,カマタマーレ讃岐,AC長野パルセイロ,A,A,0.44293760360430195,0.20453390587881934,0.35252849051687873
15,32002,2025-06-21,2025,,高知ユナイテッドSC,ギラヴァンツ北九州,H,A,0.4277381184486826,0.3171534147309058,0.2551084668204117
15,32003,2025-06-21,2025,,松本山雅FC,鹿児島ユナイテッドFC,D,A,0.45729510179700933,0.294583091398606,0.24812180680438478
15,32004,2025-06-21,2025,,ツエーゲン金沢,SC相模原,D,H,0.40395130492515413,0.189296219942479,0.40675247513236695
15,32005,2025-06-21,2025,,アスルクラロ沼津,FC琉球,A,A,0.40586800950283464,0.2175511860430643,0.37658080445410097
15,32006,2025-06-21,2025,,奈良クラブ,栃木シティ,H,A,0.47611647170398114,0.3515730104107015,0.17231051788531737
15,32007,2025-06-21,2025,,FC岐阜,テゲバジャーロ宮崎,A,H,0.33188891417938826,0.19621141363287864,0.4718996721877331
15,32008,2025-06-21,2025,,ガイナーレ鳥取,栃木SC,H,D,0.2196608463574972,0.41321194285732304,0.36712721078517974
15,32351,2025-06-21,2025,,町田,鹿島,H,A,0.4875129235296425,0.25219507681801356,0.260291999652344
15,32352,2025-06-21,2025,,福岡,新潟,H,H,0.32612159364852134,0.25752421038778356,0.4163541959636951
15,32353,2025-06-21,2025,,C大阪,東京V,H,H,0.2684290162407031,0.34245985435625853,0.3891111294030384
15,32354,2025-06-21,2025,,柏,京都,D,H,0.18169333054887965,0.34861546205323324,0.4696912073978871
15,32355,2025-06-21,2025,,川崎F,神戸,A,A,0.43995961513868503,0.2639939646999019,0.2960464201614131
15,32356,2025-06-21,2025,,横浜FM,岡山,A,D,0.2048364625315415,0.4520238384643494,0.3431396990041092
15,32357,2025-06-21,2025,,名古屋,清水,D,H,0.37191350941582774,0.21277544801009482,0.4153110425740775
15,31728,2025-06-22,2025,,熊本,V・ファーレン長崎,A,D,0.2942852747467128,0.48441314877555824,0.22130157647772902
15,31729,2025-06-22,2025,,秋田,山形,A,D,0.33929340778925304,0.3583409230465756,0.30236566916417135
15,31730,2025-06-22,2025,,仙台,甲府,D,D,0.16682771095627924,0.41704607651720305,0.4161262125265178
15,32009,2025-06-22,2025,,ヴァンラーレ八戸,群馬,H,A,0.4629180261107219,0.30293015775825216,0.23415181613102595
15,32010,2025-06-22,2025,,FC大阪,福島ユナイテッドFC,H,D,0.2095126879322317,0.527216439551857,0.26327087251591125
15,32358,2025-06-22,2025,,横浜FC,広島,A,D,0.3198293311241107,0.36090825972538715,0.31926240915050214
15,32359,2025-06-22,2025,,G大阪,FC東京,H,D,0.265876853922668,0.37569331317302296,0.35842983290430896
15,32298,2025-06-25,2025,,川崎F,新潟,H,H,0.1896072362921184,0.24271229765565602,0.5676804660522256
15,32300,2025-06-25,2025,,横浜FM,FC東京,A,A,0.5258584370897821,0.18651651675630443,0.28762504615391354
15,32011,2025-06-27,2025,,福島ユナイテッドFC,ヴァンラーレ八戸,A,H,0.2293157234106827,0.37956865174666754,0.39111562484264967
15,31731,2025-06-28,2025,,札幌,熊本,H,D,0.31619903497477564,0.37948431395979676,0.30431665106542766
15,31732,2025-06-28,2025,,水戸,徳島,D,D,0.25770655131112297,0.42301219762496667,0.3192812510639104
15,31733,2025-06-28,2025,,富山,千葉,H,D,0.3566009819533869,0.46607680346204927,0.1773222145845639
15,31734,2025-06-28,2025,,甲府,愛媛FC,D,D,0.30612010129896444,0.3980081345823172,0.29587176411871846
15,31735,2025-06-28,2025,,山形,V・ファーレン長崎,A,H,0.3936871798174292,0.19753590249932748,0.4087769176832434
15,31736,2025-06-28,2025,,藤枝MYFC,FC今治,D,A,0.40755692055489506,0.35280748424280123,0.23963559520230376
15,31737,2025-06-28,2025,,レノファ山口FC,秋田,D,H,0.27463479373627137,0.2267062975174445,0.4986589087462842
15,31738,2025-06-28,2025,,鳥栖,いわきFC,H,H,0.2940497703333077,0.34295726643447166,0.36299296323222063
15,31739,2025-06-28,2025,,大分,大宮,D,D,0.16693070194767207,0.4936661113399999,0.33940318671232805
15,31740,2025-06-28,2025,,磐田,仙台,A,H,0.29412187366980225,0.28484148498555373,0.421036641344644
15,32012,2025-06-28,2025,,栃木シティ,鹿児島ユナイテッドFC,H,D,0.31108655668538077,0.40552153259264884,0.28339191072197045
15,32013,2025-06-28,2025,,SC相模原,アスルクラロ沼津,H,D,0.2886697228629841,0.42056485929292553,0.2907654178440903
15,32014,2025-06-28,2025,,ギラヴァンツ北九州,ガイナーレ鳥取,A,H,0.3631910004613058,0.23298647845435477,0.4038225210843394
15,32015,2025-06-28,2025,,FC琉球,FC岐阜,H,A,0.49142003210492174,0.1871215528915809,0.3214584150034973
15,32016,2025-06-28,2025,,栃木SC,松本山雅FC,H,H,0.3185856573123877,0.23057435486275205,0.45083998782486034
15,32017,2025-06-28,2025,,群馬,ツエーゲン金沢,A,A,0.5267340204949313,0.26172798210675957,0.211537997398309
15,32018,2025-06-28,2025,,テゲバジャーロ宮崎,カマタマーレ讃岐,H,H,0.27473130522083083,0.1956746032597144,0.5295940915194548
15,32362,2025-06-28,2025,,鹿島,岡山,A,D,0.20254429805645646,0.5834597310518335,0.21399597089171005
15,32363,2025-06-28,2025,,清水,柏,A,A,0.4195155850427611,0.36773206849118356,0.2127523464660554
15,32364,2025-06-28,2025,,FC東京,横浜FC,H,H,0.2048809942509095,0.32563863351386835,0.46948037223522215
15,32365,2025-06-28,2025,,湘南,横浜FM,D,D,0.2620127051499179,0.6233981538426436,0.11458914100743856
15,32366,2025-06-28,2025,,京都,G大阪,H,D,0.3432854900562292,0.5118735531087617,0.14484095683500905
15,32367,2025-06-28,2025,,広島,名古屋,A,H,0.24169706194356408,0.3321452291043039,0.42615770895213206
15,32368,2025-06-28,2025,,福岡,神戸,D,A,0.4057210587265922,0.33744228828362677,0.256836652989781
15,32019,2025-06-29,2025,,高知ユナイテッドSC,AC長野パルセイロ,H,A,0.38422544969163824,0.2733229657566735,0.3424515845516882
15,32369,2025-06-29,2025,,東京V,川崎F,H,D,0.2293222889482958,0.5004104401039543,0.27026727094775
15,32370,2025-06-29,2025,,新潟,町田,A,A,0.5783067912952088,0.23012945663913417,0.1915637520656571
15,32020,2025-06-30,2025,,FC大阪,奈良クラブ,D,H,0.2779046653877724,0.265220596412681,0.4568747381995466
15,31410,2025-07-02,2025,,神戸,広島,H,H,0.3281125457255595,0.2781599994227036,0.39372745485173705
15,31741,2025-07-05,2025,,札幌,レノファ山口FC,H,A,0.49290937365210913,0.2912770788238753,0.21581354752401552
15,31742,2025-07-05,2025,,秋田,水戸,A,D,0.22562779590673696,0.6155059745964562,0.15886622949680687
15,31743,2025-07-05,2025,,V・ファーレン長崎,大分,H,H,0.2562300711960908,0.23349769928000097,0.5102722295239083
15,31744,2025-07-05,2025,,仙台,富山,A,D,0.25395201011300017,0.5245961466598399,0.2214518432271599
15,31745,2025-07-05,2025,,大宮,いわきFC,A,A,0.4246305366573246,0.33117813858301426,0.24419132475966124
15,31746,2025-07-05,2025,,千葉,鳥栖,A,H,0.34453715923903283,0.2433252495397286,0.4121375912212386
15,31747,2025-07-05,2025,,徳島,藤枝MYFC,A,D,0.25041826517365023,0.43383206420313025,0.31574967062321957
15,31748,2025-07-05,2025,,FC今治,甲府,A,D,0.28035135957149887,0.4252997763076309,0.2943488641208703
15,32021,2025-07-05,2025,,栃木シティ,FC琉球,H,D,0.3612601888689717,0.37530141666257216,0.2634383944684561
15,32022,2025-07-05,2025,,松本山雅FC,群馬,A,H,0.2639250938777508,0.2787575498644386,0.45731735625781067
15,32023,2025-07-05,2025,,ツエーゲン金沢,福島ユナイテッドFC,H,D,0.30324237635407186,0.4861402797299595,0.2106173439159686
15,32024,2025-07-05,2025,,アスルクラロ沼津,高知ユナイテッドSC,H,H,0.25639519021593243,0.27180053950121585,0.47180427028285177
15,32025,2025-07-05,2025,,奈良クラブ,ギラヴァンツ北九州,H,A,0.472836416223549,0.31070600436657436,0.2164575794098767
15,32026,2025-07-05,2025,,ヴァンラーレ八戸,テゲバジャーロ宮崎,H,H,0.34368851114497556,0.26184312492836986,0.39446836392665463
15,32027,2025-07-05,2025,,ガイナーレ鳥取,カマタマーレ讃岐,H,D,0.1891089171159307,0.44410866949150196,0.36678241339256734
15,32028,2025-07-05,2025,,鹿児島ユナイテッドFC,栃木SC,H,D,0.32439345338018194,0.364976402401495,0.31063014421832313
15,32371,2025-07-05,2025,,町田,清水,H,D,0.20479610416665647,0.4538770291079186,0.341326866725425
15,32372,2025-07-05,2025,,岡山,広島,A,H,0.21963169172590882,0.32679342951395396,0.45357487876013725
15,32373,2025-07-05,2025,,柏,FC東京,H,D,0.15670032160725422,0.594004488297551,0.24929519009519477
15,32374,2025-07-05,2025,,川崎F,鹿島,H,H,0.3616752983676246,0.18290787279457432,0.45541682883780116
15,32375,2025-07-05,2025,,横浜FC,横浜FM,A,H,0.2931478108198178,0.353302358831975,0.35354983034820725
15,32376,2025-07-05,2025,,名古屋,東京V,D,A,0.4061607290869305,0.19980505090260078,0.39403422001046867
15,32377,2025-07-05,2025,,京都,新潟,H,D,0.20995869343501003,0.515963101159162,0.274078205405828
15,32378,2025-07-05,2025,,C大阪,G大阪,A,H,0.1954148027975587,0.21183260095043702,0.5927525962520043
15,32379,2025-07-05,2025,,神戸,湘南,H,H,0.14350407772175472,0.38305353352442556,0.4734423887538197
15,31749,2025-07-06,2025,,熊本,磐田,H,D,0.19953272304694142,0.49982909213458676,0.3006381848184717
15,31750,2025-07-06,2025,,愛媛FC,山形,A,A,0.4101063831051209,0.40781501608790455,0.18207860080697452
15,32029,2025-07-06,2025,,AC長野パルセイロ,FC大阪,D,A,0.4459654842868002,0.32467592325633826,0.22935859245686152
15,32030,2025-07-06,2025,,FC岐阜,SC相模原,D,H,0.3621491305522289,0.246728032766639,0.3911228366811321
15,31751,2025-07-12,2025,,秋田,熊本,H,H,0.25775095229731915,0.1779040905834348,0.564344957119246
15,31752,2025-07-12,2025,,いわきFC,V・ファーレン長崎,D,A,0.5392812937857439,0.33107029291921636,0.12964841329503973
15,31753,2025-07-12,2025,,水戸,富山,H,H,0.23833637594403997,0.2632859407826268,0.49837768327333315
15,31754,2025-07-12,2025,,FC今治,愛媛FC,H,H,0.3157021848686858,0.33346373728260775,0.35083407784870646
15,31755,2025-07-12,2025,,甲府,大宮,H,D,0.39047491664640954,0.43541488815480217,0.17411019519878826
15,31756,2025-07-12,2025,,山形,千葉,A,H,0.17996558988681832,0.29920790520750806,0.5208265049056736
15,31757,2025-07-12,2025,,藤枝MYFC,仙台,D,D,0.2427913390129452,0.40585850378528726,0.3513501572017676
15,31758,2025-07-12,2025,,レノファ山口FC,徳島,D,D,0.27859449254396645,0.596816275881928,0.12458923157410554
15,31759,2025-07-12,2025,,鳥栖,大分,H,A,0.6080394266783535,0.140309086536092,0.25165148678555443
15,31760,2025-07-12,2025,,磐田,札幌,H,A,0.4182049006795725,0.35666169748560134,0.22513340183482625
15,32031,2025-07-12,2025,,SC相模原,福島ユナイテッドFC,A,H,0.34160282760633226,0.18152485572983162,0.47687231666383617
15,32032,2025-07-12,2025,,松本山雅FC,奈良クラブ,H,D,0.23979124064640092,0.5848577277070072,0.17535103164659194
15,32033,2025-07-12,2025,,アスルクラロ沼津,鹿児島ユナイテッドFC,D,A,0.3994529866840975,0.21045566793246723,0.3900913453834353
15,32034,2025-07-12,2025,,FC大阪,テゲバジャーロ宮崎,D,A,0.43452928457925893,0.22984029562941105,0.33563041979133007
15,32035,2025-07-12,2025,,カマタマーレ讃岐,栃木SC,H,A,0.3569944141437745,0.35572151267966434,0.2872840731765611
15,32036,2025-07-12,2025,,高知ユナイテッドSC,ツエーゲン金沢,D,D,0.26272256400529864,0.407361223238938,0.3299162127557634
15,32037,2025-07-12,2025,,ギラヴァンツ北九州,栃木シティ,A,A,0.6046459756181534,0.15780166886177321,0.23755235552007353
15,32038,2025-07-12,2025,,ヴァンラーレ八戸,FC岐阜,H,H,0.3134207793468275,0.2637409914123145,0.42283822924085807
15,32039,2025-07-12,2025,,群馬,AC長野パルセイロ,D,H,0.3180359968743423,0.29900653433257246,0.3829574687930853
15,32040,2025-07-12,2025,,FC琉球,ガイナーレ鳥取,H,A,0.46502974220061033,0.29750438507271004,0.23746587272667963
15,32041,2025-07-19,2025,,栃木シティ,群馬,D,D,0.2807930992440534,0.4616938579792307,0.25751304277671594
15,32042,2025-07-19,2025,,AC長野パルセイロ,松本山雅FC,H,H,0.24066582362499356,0.30809447348373975,0.45123970289126675
15,32043,2025-07-19,2025,,カマタマーレ讃岐,高知ユナイテッドSC,A,H,0.2405398095423389,0.25531985101664884,0.5041403394410122
15,32044,2025-07-19,2025,,ツエーゲン金沢,ヴァンラーレ八戸,A,H,0.3044918815674066,0.2972107612326233,0.3982973571999702
15,32045,2025-07-19,2025,,ガイナーレ鳥取,アスルクラロ沼津,H,H,0.2660638366340768,0.3342234606653778,0.39971270270054554
15,32381,2025-07-19,2025,,FC東京,浦和,H,D,0.2868240902371239,0.4253093296075707,0.28786658015530553
15,32382,2025-07-19,2025,,湘南,C大阪,D,A,0.47422551277458747,0.19856745833754194,0.3272070288878706
15,32046,2025-07-20,2025,,福島ユナイテッドFC,FC琉球,D,A,0.4249286396908234,0.2655495964523417,0.3095217638568349
15,32047,2025-07-20,2025,,栃木SC,SC相模原,A,D,0.2580002137645842,0.449001858679051,0.29299792755636483
15,32383,2025-07-20,2025,,鹿島,柏,H,H,0.19883182367824725,0.25753652385992365,0.5436316524618291
15,32384,2025-07-20,2025,,東京V,町田,A,H,0.37200864606414263,0.20740879769812215,0.42058255623773527
15,32385,2025-07-20,2025,,清水,横浜FC,H,D,0.20648529398712984,0.43549486336677107,0.3580198426460991
15,32386,2025-07-20,2025,,横浜FM,名古屋,H,H,0.2913462803071603,0.351883578186356,0.35677014150648373
15,32387,2025-07-20,2025,,新潟,広島,A,D,0.16710721096748454,0.5175289697938446,0.31536381923867096
15,32388,2025-07-20,2025,,G大阪,川崎F,H,H,0.18614859561260505,0.35453296415698976,0.4593184402304052
15,32389,2025-07-20,2025,,岡山,神戸,A,H,0.2887065608352061,0.28445166835130786,0.426841770813486
15,32048,2025-07-21,2025,,FC岐阜,奈良クラブ,D,D,0.2436031993294095,0.5193512681713812,0.23704553249920932
15,32049,2025-07-21,2025,,テゲバジャーロ宮崎,ギラヴァンツ北九州,A,D,0.19393299669256978,0.49429335860896273,0.3117736446984674
15,32050,2025-07-21,2025,,鹿児島ユナイテッドFC,FC大阪,H,A,0.37902786378524356,0.35222288006263364,0.2687492561521228
15,32390,2025-07-21,2025,,福岡,京都,D,A,0.42972936878400586,0.25051770286714836,0.31975292834884583
15,32360,2025-07-23,2025,,浦和,湘南,H,H,0.27669460497911247,0.30241608658976965,0.42088930843111794
15,32051,2025-07-26,2025,,栃木シティ,栃木SC,A,D,0.3899855392984162,0.40047856929864906,0.2095358914029348
15,32052,2025-07-26,2025,,SC相模原,テゲバジャーロ宮崎,H,A,0.5438581356487148,0.23161119480420383,0.2245306695470815
15,32053,2025-07-26,2025,,松本山雅FC,FC岐阜,H,H,0.24528109995007993,0.2063425880058334,0.5483763120440867
15,32054,2025-07-26,2025,,アスルクラロ沼津,ギラヴァンツ北九州,A,A,0.3892958558577499,0.30562418588144763,0.3050799582608024
15,32055,2025-07-26,2025,,FC大阪,カマタマーレ讃岐,H,H,0.38267175224896466,0.15361412774291083,0.4637141200081246
15,32056,2025-07-26,2025,,奈良クラブ,ツエーゲン金沢,H,A,0.43415474067498677,0.32963388535490223,0.236211373970111
15,32057,2025-07-26,2025,,高知ユナイテッドSC,福島ユナイテッドFC,H,H,0.23537958431064337,0.229807133637901,0.5348132820514556
15,32058,2025-07-26,2025,,FC琉球,AC長野パルセイロ,H,H,0.2093293991674248,0.33884879866661394,0.4518218021659612
15,32059,2025-07-26,2025,,ヴァンラーレ八戸,ガイナーレ鳥取,H,H,0.162490964214528,0.2711583734501682,0.5663506623353038
15,32060,2025-07-26,2025,,群馬,鹿児島ユナイテッドFC,A,H,0.31280264244462513,0.3033589285468775,0.3838384290084973
15,32380,2025-07-27,2025,,浦和,福岡,D,D,0.16146942616895896,0.4738029104821562,0.36472766334888485
15,31761,2025-08-02,2025,,札幌,鳥栖,H,H,0.3257185104047975,0.32452885285737904,0.3497526367378234
15,31762,2025-08-02,2025,,富山,大宮,A,H,0.17656267529059447,0.37552115605603503,0.44791616865337053
15,31763,2025-08-02,2025,,V・ファーレン長崎,仙台,D,D,0.18517983983794328,0.5539590598947913,0.2608611002672654
15,31764,2025-08-02,2025,,甲府,山形,A,A,0.3615073054465096,0.337493138290343,0.3009995562631474
15,31765,2025-08-02,2025,,千葉,いわきFC,D,D,0.3258800263199211,0.34198625901684643,0.33213371466323255
15,31766,2025-08-02,2025,,藤枝MYFC,レノファ山口FC,D,D,0.14104033923217854,0.43357905437263256,0.4253806063951889
15,31767,2025-08-02,2025,,徳島,愛媛FC,H,D,0.22971675747021608,0.3855062742003817,0.3847769683294022
15,31768,2025-08-02,2025,,大分,FC今治,A,D,0.3654741297598975,0.408433279873679,0.2260925903664235
15,31769,2025-08-02,2025,,磐田,秋田,A,D,0.29152843209688983,0.4057679764190076,0.30270359148410253
15,31770,2025-08-03,2025,,熊本,水戸,H,D,0.30271685256717856,0.361465092160544,0.3358180552722775
15,31771,2025-08-09,2025,,秋田,藤枝MYFC,D,A,0.38677843401417267,0.3530833205782021,0.2601382454076253
15,31772,2025-08-09,2025,,大宮,千葉,A,D,0.21806094344315566,0.4546984731820474,0.32724058337479695
15,31773,2025-08-09,2025,,FC今治,熊本,H,D,0.31978265168127407,0.4375770335221064,0.24264031479661954
15,31774,2025-08-09,2025,,V・ファーレン長崎,札幌,H,D,0.2743246840321227,0.37002316087966935,0.3556521550882081
15,31775,2025-08-09,2025,,大分,富山,D,D,0.21159245317844058,0.5025559402025639,0.28585160661899556
15,32391,2025-08-09,2025,,東京V,横浜FM,H,D,0.3108609099228499,0.4452200628908992,0.24391902718625083
15,32392,2025-08-09,2025,,横浜FC,浦和,A,D,0.41891160952206513,0.43974439418613964,0.14134399629179528
15,32393,2025-08-09,2025,,川崎F,福岡,A,D,0.33847482368739956,0.402935777431749,0.2585893988808514
15,31776,2025-08-10,2025,,仙台,徳島,A,D,0.342648329891504,0.41959715096452593,0.23775451914397003
15,31777,2025-08-10,2025,,山形,水戸,A,H,0.32534489174072245,0.32107871617428363,0.3535763920849939
15,31778,2025-08-10,2025,,いわきFC,磐田,H,D,0.35329565410878555,0.3543771029338159,0.29232724295739854
15,31779,2025-08-10,2025,,愛媛FC,鳥栖,A,A,0.418118923723665,0.3565911556283816,0.22528992064795333
15,32394,2025-08-10,2025,,広島,清水,D,H,0.19182024221127736,0.25748026075318203,0.5506994970355406
15,32395,2025-08-10,2025,,柏,湘南,H,H,0.19159730270276665,0.3211158292303466,0.4872868680668868
15,32396,2025-08-10,2025,,FC東京,鹿島,A,H,0.2101935303760024,0.35037999317446106,0.4394264764495364
15,32397,2025-08-10,2025,,町田,神戸,H,D,0.3003762306462979,0.3640899855366637,0.33553378381703836
15,32398,2025-08-10,2025,,名古屋,京都,A,H,0.2695886323326464,0.34594200332304514,0.3844693643443085
15,32399,2025-08-10,2025,,G大阪,岡山,A,D,0.20201644018829593,0.45176645390379483,0.3462171059079092
15,31780,2025-08-11,2025,,レノファ山口FC,甲府,A,H,0.24329147973771262,0.153979347650218,0.6027291726120694
15,32400,2025-08-11,2025,,C大阪,新潟,H,D,0.27252351825819915,0.4648296028564626,0.2626468788853384
15,31781,2025-08-16,2025,,札幌,秋田,A,D,0.30956152289193145,0.35694167437907204,0.3334968027289965
15,31782,2025-08-16,2025,,水戸,磐田,A,D,0.2065547318350158,0.6638369279227362,0.129608340242248
15,31783,2025-08-16,2025,,富山,FC今治,A,H,0.3063812416549926,0.17736012853243596,0.5162586298125714
15,31784,2025-08-16,2025,,山形,いわきFC,H,D,0.2651343554617739,0.434675164182739,0.30019048035548707
15,31785,2025-08-16,2025,,千葉,徳島,H,H,0.2126058308612578,0.3238738886417144,0.46352028049702787
15,31786,2025-08-16,2025,,レノファ山口FC,仙台,D,A,0.4713318804304556,0.3251203495432051,0.20354777002633934
15,31787,2025-08-16,2025,,熊本,藤枝MYFC,H,D,0.2570269811621607,0.37844255296592266,0.3645304658719167
15,32061,2025-08-16,2025,,福島ユナイテッドFC,栃木シティ,D,A,0.3835486056217669,0.26358433343591864,0.35286706094231457
15,32062,2025-08-16,2025,,AC長野パルセイロ,ヴァンラーレ八戸,A,H,0.2044582961807016,0.3651596840931837,0.4303820197261147
15,32063,2025-08-16,2025,,カマタマーレ讃岐,FC岐阜,D,A,0.6434163436061513,0.06726857243343749,0.2893150839604112
15,32064,2025-08-16,2025,,ギラヴァンツ北九州,奈良クラブ,A,A,0.5153189091433735,0.2580755155930655,0.226605575263561
15,32065,2025-08-16,2025,,栃木SC,アスルクラロ沼津,H,H,0.20999953910556796,0.37966458201229253,0.4103358788821395
15,32066,2025-08-16,2025,,群馬,FC大阪,H,A,0.4633864411537201,0.2126110046545667,0.3240025541917132
15,32067,2025-08-16,2025,,松本山雅FC,FC琉球,D,H,0.33837441950137737,0.26997273901128443,0.39165284148733825
15,32068,2025-08-16,2025,,ツエーゲン金沢,テゲバジャーロ宮崎,A,A,0.42961836184563323,0.2293994483400973,0.34098218981426953
15,32069,2025-08-16,2025,,ガイナーレ鳥取,高知ユナイテッドSC,H,D,0.15468769110786568,0.5734342927390715,0.2718780161530628
15,32070,2025-08-16,2025,,鹿児島ユナイテッドFC,SC相模原,H,H,0.26625731926571006,0.29324322371281797,0.440499457021472
15,32401,2025-08-16,2025,,鹿島,福岡,D,H,0.22588061348714844,0.33253457961132243,0.4415848069015291
15,32402,2025-08-16,2025,,清水,横浜FM,A,A,0.41871849851135884,0.34942479492271555,0.2318567065659255
15,32403,2025-08-16,2025,,浦和,名古屋,H,H,0.11093976794969375,0.1884466873171771,0.7006135447331292
15,32404,2025-08-16,2025,,町田,C大阪,H,H,0.27385431044457514,0.24374802775287266,0.4823976618025522
15,32405,2025-08-16,2025,,湘南,FC東京,D,D,0.27104589375540306,0.4968816389996965,0.23207246724490055
15,32406,2025-08-16,2025,,新潟,川崎F,D,D,0.28441702174601197,0.39940607368660985,0.3161769045673782
15,32407,2025-08-16,2025,,京都,東京V,H,H,0.20144727513734917,0.39601541767431037,0.4025373071883404
15,32408,2025-08-16,2025,,神戸,横浜FC,A,H,0.2780678089287609,0.06975079072045323,0.652181400350786
15,32409,2025-08-16,2025,,広島,G大阪,H,D,0.3479360834808821,0.35958101027117184,0.2924829062479461
15,31788,2025-08-17,2025,,甲府,大分,H,D,0.37551524717840223,0.5138250879966774,0.11065966482492036
15,31789,2025-08-17,2025,,愛媛FC,大宮,A,D,0.3042638677887726,0.37958591482033827,0.3161502173908891
15,31790,2025-08-17,2025,,鳥栖,V・ファーレン長崎,A,H,0.217492241145867,0.3495166396129659,0.4329911192411672
15,32410,2025-08-17,2025,,岡山,柏,H,A,0.4816471751509581,0.2565630593924169,0.26178976545662497
15,32449,2025-08-20,2025,,町田,G大阪,H,A,0.6978343939747256,0.08706621721726406,0.21509938880801038
15,32450,2025-08-20,2025,,広島,神戸,A,A,0.48469172933500054,0.24376783862304485,0.2715404320419546
15,32411,2025-08-22,2025,,柏,浦和,H,A,0.42803675190029067,0.2665925784435345,0.30537066965617493
15,31791,2025-08-23,2025,,秋田,FC今治,A,H,0.20518974774151222,0.32158596009776874,0.4732242921607191
15,31792,2025-08-23,2025,,いわきFC,大分,H,A,0.4681502886324946,0.33805199404164205,0.19379771732586348
15,31793,2025-08-23,2025,,甲府,札幌,A,H,0.21245734906188038,0.33999166983624346,0.44755098110187624
15,31794,2025-08-23,2025,,大宮,熊本,H,H,0.14160844394215824,0.4060000913284379,0.45239146472940384
15,31795,2025-08-23,2025,,藤枝MYFC,愛媛FC,H,D,0.20063285539978032,0.4357763675755201,0.36359077702469955
15,31796,2025-08-23,2025,,徳島,山形,H,A,0.443467075686374,0.16979845806046406,0.38673446625316193
15,31797,2025-08-23,2025,,鳥栖,水戸,D,D,0.24567408107144495,0.4816568384453597,0.2726690804831954
15,31798,2025-08-23,2025,,磐田,富山,H,D,0.21934016364509407,0.45227186830393185,0.3283879680509741
15,32071,2025-08-23,2025,,栃木シティ,ツエーゲン金沢,A,A,0.38441584486141195,0.2404998823404103,0.37508427279817774
15,32072,2025-08-23,2025,,SC相模原,ギラヴァンツ北九州,H,D,0.3389646216224862,0.36186475956833086,0.29917061880918294
15,32073,2025-08-23,2025,,奈良クラブ,高知ユナイテッドSC,H,D,0.22759960941762955,0.4213143166938256,0.35108607388854485
15,32074,2025-08-23,2025,,FC琉球,カマタマーレ讃岐,D,D,0.32310537194070627,0.34212857309361017,0.3347660549656835
15,32075,2025-08-23,2025,,ヴァンラーレ八戸,FC大阪,D,D,0.2591363085337942,0.5821508830293742,0.15871280843683166
15,32076,2025-08-23,2025,,群馬,栃木SC,A,A,0.3595434296249792,0.30688630147602786,0.333570268898993
15,32077,2025-08-23,2025,,ガイナーレ鳥取,松本山雅FC,D,H,0.22454337426254503,0.3413782375074939,0.4340783882299611
15,32078,2025-08-23,2025,,テゲバジャーロ宮崎,アスルクラロ沼津,H,H,0.2355266756625008,0.21728448762412048,0.5471888367133787
15,32412,2025-08-23,2025,,福岡,清水,D,D,0.3118371728343252,0.4105772526167121,0.27758557454896277
15,32413,2025-08-23,2025,,東京V,広島,A,D,0.25256381318628573,0.5203936895777336,0.22704249723598074
15,32414,2025-08-23,2025,,新潟,鹿島,A,A,0.3524897525469976,0.31260779645402637,0.334902450998976
15,32415,2025-08-23,2025,,名古屋,川崎F,A,H,0.4007528511655306,0.10678649516029111,0.4924606536741783
15,32416,2025-08-23,2025,,G大阪,横浜FC,H,D,0.24884359879235204,0.5253220360261771,0.22583436518147082
15,32417,2025-08-23,2025,,C大阪,神戸,D,H,0.28497043292568947,0.27680264037186764,0.438226926702443
15,32418,2025-08-23,2025,,岡山,湘南,H,D,0.19653018312783951,0.5502007657154535,0.253269051156707
15,32419,2025-08-23,2025,,横浜FM,町田,D,H,0.3223504274373117,0.16928587650856824,0.50836369605412
15,31799,2025-08-24,2025,,V・ファーレン長崎,レノファ山口FC,H,H,0.17226666046941408,0.2932684282551701,0.534464911275416
15,31800,2025-08-24,2025,,仙台,千葉,H,A,0.4325154159923405,0.33759306864634553,0.22989151536131402
15,32079,2025-08-24,2025,,FC岐阜,福島ユナイテッドFC,A,H,0.18872030756882258,0.31616443368488,0.4951152587462975
15,32080,2025-08-24,2025,,鹿児島ユナイテッドFC,AC長野パルセイロ,H,H,0.29326158847734507,0.2600937297648163,0.4466446817578386
15,32420,2025-08-24,2025,,FC東京,京都,A,H,0.244153949603618,0.36104252453450525,0.39480352586187667
15,31801,2025-08-30,2025,,札幌,大宮,H,A,0.3779687141717979,0.2580004197282174,0.36403086609998475
15,31802,2025-08-30,2025,,水戸,レノファ山口FC,D,D,0.2622566174759827,0.4160131077253813,0.321730274798636
15,31803,2025-08-30,2025,,富山,熊本,A,D,0.21858508298859958,0.40871317813205044,0.37270173887935004
15,31804,2025-08-30,2025,,山形,鳥栖,H,A,0.42660064771937706,0.3417733358743458,0.2316260164062772
15,31805,2025-08-30,2025,,千葉,甲府,H,H,0.15073497844827147,0.3654853235043018,0.4837796980474268
15,31806,2025-08-30,2025,,徳島,秋田,D,D,0.31801526721151196,0.3535761274518653,0.32840860533662275
15,31807,2025-08-30,2025,,FC今治,いわきFC,A,H,0.3188552605878054,0.3279120328688149,0.35323270654337974
15,32081,2025-08-30,2025,,福島ユナイテッドFC,鹿児島ユナイテッドFC,D,A,0.3622428078449729,0.27766602258301415,0.360091169572013
15,32082,2025-08-30,2025,,松本山雅FC,ヴァンラーレ八戸,D,D,0.1946634586284975,0.4553190931619914,0.3500174482095112
15,32083,2025-08-30,2025,,AC長野パルセイロ,ギラヴァンツ北九州,D,H,0.34954949386451045,0.18601473831217413,0.4644357678233154
15,32084,2025-08-30,2025,,アスルクラロ沼津,栃木シティ,A,D,0.14002323295315286,0.5092328838101045,0.3507438832367427
15,32085,2025-08-30,2025,,FC大阪,SC相模原,A,A,0.4591093946422271,0.31443274992485715,0.22645785543291583
15,32086,2025-08-30,2025,,高知ユナイテッドSC,テゲバジャーロ宮崎,A,D,0.32491963556644,0.38209844939289883,0.2929819150406611
15,32087,2025-08-30,2025,,栃木SC,奈良クラブ,D,D,0.16265029395537306,0.5288137954063776,0.3085359106382493
15,32088,2025-08-30,2025,,ツエーゲン金沢,ガイナーレ鳥取,H,H,0.23980306426367923,0.3644554875165509,0.39574144821977
15,32089,2025-08-30,2025,,FC岐阜,FC琉球,H,D,0.3910539038308835,0.4235665659309482,0.1853795302381683
15,32421,2025-08-30,2025,,横浜FC,東京V,D,D,0.27963426338508723,0.567881637922496,0.1524840986924168
15,32422,2025-08-30,2025,,京都,岡山,H,D,0.23154632537817185,0.4763181909396894,0.29213548368213876
15,32423,2025-08-30,2025,,神戸,横浜FM,H,H,0.3895035028305748,0.12099700107368044,0.48949949609574467
15,31808,2025-08-31,2025,,V・ファーレン長崎,藤枝MYFC,H,H,0.2773996165064692,0.34180652496347746,0.3807938585300533
15,31809,2025-08-31,2025,,愛媛FC,仙台,D,D,0.30912318334961536,0.49770292719469633,0.19317388945568842
15,31810,2025-08-31,2025,,大分,磐田,D,A,0.42369366538190495,0.2808318559043109,0.29547447871378424
15,32090,2025-08-31,2025,,カマタマーレ讃岐,群馬,H,A,0.34879857065018294,0.3046584744274054,0.34654295492241177
15,32424,2025-08-31,2025,,清水,鹿島,D,A,0.45960573566608903,0.3055540297998752,0.23484023453403585
15,32425,2025-08-31,2025,,浦和,新潟,H,H,0.18605871097318097,0.3895849667670213,0.42435632225979775
15,32426,2025-08-31,2025,,柏,福岡,H,A,0.3657025812723569,0.34095866236709504,0.29333875636054807
15,32427,2025-08-31,2025,,川崎F,町田,H,H,0.16401238604129745,0.41659648019331347,0.4193911337653891
15,32428,2025-08-31,2025,,湘南,G大阪,A,A,0.4611629190154535,0.24720451802913873,0.29163256295540774
15,32429,2025-08-31,2025,,名古屋,FC東京,D,A,0.46701774008392766,0.32764466567975,0.20533759423632245
15,32430,2025-08-31,2025,,C大阪,広島,D,H,0.3052048364978676,0.28761402739115394,0.40718113611097845
15,32091,2025-09-06,2025,,ヴァンラーレ八戸,アスルクラロ沼津,H,H,0.15568083456605944,0.21433591267842814,0.6299832527555124
15,32092,2025-09-06,2025,,栃木シティ,松本山雅FC,H,H,0.27781909442509284,0.1752584649612078,0.5469224406136994
15,32093,2025-09-06,2025,,SC相模原,AC長野パルセイロ,H,D,0.34173221809138365,0.4261313402702222,0.23213644163839423
15,32094,2025-09-06,2025,,奈良クラブ,カマタマーレ讃岐,H,D,0.30569062300892147,0.453803378161854,0.24050599882922452
15,32095,2025-09-06,2025,,ガイナーレ鳥取,福島ユナイテッドFC,A,H,0.2648172739462536,0.2675655617688011,0.4676171642849454
15,32096,2025-09-06,2025,,ギラヴァンツ北九州,FC岐阜,A,H,0.18663071649966007,0.3136062852282016,0.4997629982721384
15,32097,2025-09-06,2025,,テゲバジャーロ宮崎,栃木SC,A,D,0.2973375995913622,0.35918344208072245,0.34347895832791536
15,32098,2025-09-06,2025,,鹿児島ユナイテッドFC,高知ユナイテッドSC,H,H,0.1984707587324003,0.37727179604829286,0.4242574452193068
15,32099,2025-09-06,2025,,FC琉球,群馬,H,D,0.28054403873358,0.3821182869187498,0.33733767434767026
15,32100,2025-09-07,2025,,ツエーゲン金沢,FC大阪,H,D,0.36636319431368214,0.41137522611899385,0.22226157956732398
15,32433,2025-09-12,2025,,町田,横浜FC,D,A,0.488611920478887,0.16471770427882926,0.3466703752422837
15,32437,2025-09-12,2025,,神戸,柏,D,A,0.5024092383509645,0.20152693639801697,0.2960638252510185
15,32439,2025-09-12,2025,,広島,京都,D,H,0.19384827137650004,0.33313098657872775,0.4730207420447721
15,31811,2025-09-13,2025,,札幌,いわきFC,A,D,0.20213132522135085,0.6215704915606434,0.17629818321800583
15,31812,2025-09-13,2025,,大宮,V・ファーレン長崎,A,D,0.18197351133586542,0.4257505859547894,0.39227590270934526
15,31813,2025-09-13,2025,,甲府,鳥栖,A,D,0.3237167663377863,0.41734495548848427,0.25893827817372944
15,31814,2025-09-13,2025,,磐田,FC今治,H,H,0.2470242211768557,0.21538216550936393,0.5375936133137804
15,31815,2025-09-13,2025,,藤枝MYFC,大分,D,A,0.4682445650399223,0.28519504881879787,0.2465603861412799
15,31820,2025-09-13,2025,,仙台,水戸,D,H,0.31129050000725494,0.28959681789500796,0.39911268209773704
15,32101,2025-09-13,2025,,福島ユナイテッドFC,カマタマーレ讃岐,H,D,0.32292640883117835,0.3697760774935694,0.3072975136752522
15,32102,2025-09-13,2025,,SC相模原,FC岐阜,A,H,0.2286243051003065,0.288408010545369,0.4829676843543245
15,32103,2025-09-13,2025,,松本山雅FC,アスルクラロ沼津,H,H,0.22028356013114467,0.24374105943106336,0.535975380437792
15,32104,2025-09-13,2025,,AC長野パルセイロ,ガイナーレ鳥取,D,H,0.24700130778793083,0.2577201842825478,0.49527850792952144
15,32105,2025-09-13,2025,,奈良クラブ,鹿児島ユナイテッドFC,A,D,0.1742325477317813,0.41939641733820865,0.4063710349300101
15,32106,2025-09-13,2025,,ギラヴァンツ北九州,群馬,H,H,0.22998041134602468,0.3245366640200963,0.4454829246338791
15,32431,2025-09-13,2025,,鹿島,湘南,H,H,0.36764266985382255,0.20319767450440865,0.4291596556417688
15,32434,2025-09-13,2025,,横浜FM,川崎F,A,H,0.2057605947889691,0.25450296971580444,0.5397364354952264
15,32435,2025-09-13,2025,,新潟,清水,A,H,0.33887035860305675,0.2909679252915056,0.3701617161054377
15,32436,2025-09-13,2025,,G大阪,浦和,H,H,0.19520760229141657,0.29051642757948903,0.5142759701290944
15,32438,2025-09-13,2025,,岡山,名古屋,A,D,0.3406293166476063,0.40067947727933517,0.25869120607305857
15,32440,2025-09-13,2025,,福岡,C大阪,A,A,0.3799928915879799,0.26903609514197374,0.35097101327004643
15,31816,2025-09-14,2025,,秋田,愛媛FC,H,H,0.2922878067612581,0.3130114059881495,0.39470078725059243
15,31817,2025-09-14,2025,,山形,富山,H,D,0.16221007914766825,0.4557498907032298,0.38204003014910193
15,31818,2025-09-14,2025,,レノファ山口FC,千葉,H,D,0.21034014810039275,0.5247599289105768,0.2648999229890305
15,32107,2025-09-14,2025,,高知ユナイテッドSC,栃木SC,A,D,0.3184672586119962,0.46361910151937424,0.21791363986862955
15,32108,2025-09-14,2025,,テゲバジャーロ宮崎,ヴァンラーレ八戸,H,D,0.24297584160774102,0.4069001276586211,0.3501240307336379
16,31819,2025-09-15,2025,,熊本,徳島,H,D,0.2857321375067702,0.3650592453635666,0.3492086171296633
16,32109,2025-09-15,2025,,FC大阪,栃木シティ,H,A,0.44371709343712284,0.22551680356347323,0.330766102999404
16,32110,2025-09-15,2025,,FC琉球,ツエーゲン金沢,H,D,0.3230189329321594,0.43852103304746476,0.23846003402037586
16,32432,2025-09-15,2025,,FC東京,東京V,H,D,0.2670914649338357,0.5719744382642508,0.16093409680191367
16,32111,2025-09-19,2025,,FC大阪,ギラヴァンツ北九州,A,A,0.42527732275902563,0.27922067699890035,0.295502000242074
16,31821,2025-09-20,2025,,仙台,山形,H,H,0.32563856407599195,0.2960504666057468,0.3783109693182613
16,31822,2025-09-20,2025,,いわきFC,水戸,D,A,0.4240411462815495,0.3103550744922058,0.2656037792262446
16,31823,2025-09-20,2025,,大宮,FC今治,A,A,0.4986168112690454,0.2705577067597109,0.23082548197124375
16,31824,2025-09-20,2025,,甲府,秋田,D,H,0.2220006975723834,0.32276562829431316,0.4552336741333034
16,31825,2025-09-20,2025,,藤枝MYFC,磐田,H,D,0.3263872266208191,0.4165839859962379,0.25702878738294294
16,31826,2025-09-20,2025,,徳島,札幌,A,A,0.536148892626514,0.21219944382236267,0.25165166355112345
16,31827,2025-09-20,2025,,愛媛FC,千葉,A,D,0.2722750935199983,0.4614028034792549,0.2663221030007469
16,31828,2025-09-20,2025,,鳥栖,熊本,H,H,0.23959784934514392,0.327517872856647,0.43288427779820904
16,31829,2025-09-20,2025,,V・ファーレン長崎,富山,D,D,0.24744674464346955,0.42290294344876184,0.3296503119077686
16,31830,2025-09-20,2025,,大分,レノファ山口FC,H,A,0.4268576938506048,0.37803376326284516,0.1951085428865501
16,32112,2025-09-20,2025,,ヴァンラーレ八戸,福島ユナイテッドFC,H,H,0.23403264479500344,0.3343943456774264,0.4315730095275703
16,32113,2025-09-20,2025,,栃木SC,FC琉球,H,A,0.46531285694634217,0.29015087610543444,0.24453626694822342
16,32114,2025-09-20,2025,,栃木シティ,高知ユナイテッドSC,H,H,0.1699957655211357,0.35936249243123364,0.4706417420476307
16,32116,2025-09-20,2025,,アスルクラロ沼津,奈良クラブ,H,A,0.39939768648302404,0.30376610256526354,0.2968362109517123
16,32117,2025-09-20,2025,,FC岐阜,AC長野パルセイロ,H,H,0.25974041485566707,0.18437469598893325,0.5558848891553997
16,32118,2025-09-20,2025,,ガイナーレ鳥取,群馬,H,A,0.4715929175721257,0.39354626285124417,0.1348608195766302
16,32119,2025-09-20,2025,,鹿児島ユナイテッドFC,テゲバジャーロ宮崎,H,A,0.5118252080480811,0.2593439256490645,0.22883086630285446
16,32441,2025-09-20,2025,,浦和,鹿島,A,D,0.30979474279410446,0.4079126987335031,0.2822925584723924
16,32442,2025-09-20,2025,,東京V,岡山,H,A,0.4716988998381679,0.30045661427996034,0.2278444858818718
16,32443,2025-09-20,2025,,川崎F,FC東京,A,H,0.2801519678307924,0.29070845306003534,0.4291395791091723
16,32444,2025-09-20,2025,,横浜FM,福岡,H,D,0.1770361858977489,0.5167894533792864,0.3061743607229648
16,32445,2025-09-20,2025,,横浜FC,新潟,H,D,0.2890965635148487,0.36546565173986284,0.3454377847452885
16,32446,2025-09-20,2025,,名古屋,湘南,H,H,0.2228322150955551,0.24843837964687815,0.5287294052575667
16,32447,2025-09-20,2025,,京都,清水,A,D,0.34141407083677117,0.3968717225221736,0.2617142066410552
16,32448,2025-09-20,2025,,C大阪,柏,D,D,0.3161836009201228,0.34756565035312836,0.33625074872674876
16,32120,2025-09-21,2025,,カマタマーレ讃岐,SC相模原,H,D,0.39284375876747507,0.4212986957259424,0.18585754550658246
16,32451,2025-09-23,2025,,鹿島,C大阪,H,H,0.2525750952740223,0.26266598525588386,0.4847589194700939
16,32452,2025-09-23,2025,,柏,広島,D,H,0.3759643710141411,0.22226168684543496,0.40177394214042395
16,32453,2025-09-23,2025,,FC東京,福岡,H,H,0.21049456824301144,0.34695404740228875,0.4425513843546998
16,32454,2025-09-23,2025,,湘南,川崎F,A,D,0.22386292589212806,0.4519513686951247,0.3241857054127472
16,32455,2025-09-23,2025,,新潟,名古屋,D,D,0.26534398192226444,0.5096036532005705,0.2250523648771651
16,32456,2025-09-23,2025,,清水,浦和,D,D,0.26486179802473114,0.4905260658773294,0.2446121360979395
16,32457,2025-09-23,2025,,京都,町田,D,H,0.3158126854607193,0.29001166420025987,0.3941756503390208
16,32458,2025-09-23,2025,,G大阪,横浜FM,H,D,0.2122720559528624,0.4451319744953383,0.3425959695517993
16,32459,2025-09-23,2025,,神戸,東京V,H,D,0.35513611092252095,0.37835686296378024,0.2665070261136988
16,32460,2025-09-23,2025,,岡山,横浜FC,D,D,0.21462667972616406,0.5704833825913039,0.2148899376825319
16,32121,2025-09-26,2025,,ヴァンラーレ八戸,鹿児島ユナイテッドFC,H,H,0.2879524011506581,0.3188263142189484,0.3932212846303935
16,31831,2025-09-27,2025,,札幌,仙台,A,H,0.2826403067018329,0.28238466824215464,0.4349750250560125
16,31832,2025-09-27,2025,,山形,レノファ山口FC,H,D,0.28016493934014675,0.41070932987997144,0.3091257307798819
16,31833,2025-09-27,2025,,いわきFC,甲府,A,D,0.1749129294270619,0.4622306085416699,0.3628564620312682
16,31834,2025-09-27,2025,,千葉,熊本,D,D,0.1945679548002083,0.5579827244332445,0.2474493207665473
16,31835,2025-09-27,2025,,磐田,大宮,A,H,0.25036804234515503,0.33980780852381304,0.4098241491310319
16,31836,2025-09-27,2025,,FC今治,鳥栖,D,A,0.38146735872989807,0.3119234141947579,0.30660922707534416
16,31837,2025-09-27,2025,,大分,愛媛FC,A,H,0.33715853846403726,0.20303835486928348,0.4598031066666793
16,32122,2025-09-27,2025,,栃木シティ,ガイナーレ鳥取,H,D,0.3382375621906226,0.3639155923540832,0.2978468454552942
16,32123,2025-09-27,2025,,群馬,SC相模原,D,A,0.40856930880528547,0.35797032215345426,0.23346036904126027
16,32124,2025-09-27,2025,,ツエーゲン金沢,カマタマーレ讃岐,H,D,0.3334251440019583,0.3652594718743869,0.3013153841236549
16,32125,2025-09-27,2025,,アスルクラロ沼津,FC岐阜,A,H,0.21112681086890767,0.24031085393298912,0.5485623351981033
16,32126,2025-09-27,2025,,奈良クラブ,FC大阪,D,A,0.3739087113739007,0.35442219203843045,0.27166909658766886
16,32127,2025-09-27,2025,,ギラヴァンツ北九州,高知ユナイテッドSC,A,D,0.3448244034149532,0.40108821218645613,0.25408738439859074
16,32128,2025-09-27,2025,,テゲバジャーロ宮崎,FC琉球,H,D,0.21746996590250287,0.4604374778465145,0.32209255625098276
16,32462,2025-09-27,2025,,東京V,浦和,D,D,0.30656338295469204,0.38168879052201754,0.3117478265232904
16,32463,2025-09-27,2025,,町田,岡山,H,H,0.29366472828807677,0.3383262873941868,0.36800898431773654
16,32466,2025-09-27,2025,,名古屋,鹿島,A,D,0.2882707394341163,0.46084266180801847,0.25088659875786534
16,32467,2025-09-27,2025,,G大阪,新潟,H,H,0.3057233057730636,0.29864905011615916,0.3956276441107773
16,32469,2025-09-27,2025,,神戸,清水,H,D,0.27662427015703084,0.3947531122155173,0.3286226176274519
16,32470,2025-09-27,2025,,福岡,広島,A,A,0.6166281476053124,0.2914657813686853,0.09190607102600236
16,31838,2025-09-28,2025,,秋田,V・ファーレン長崎,D,A,0.6025692899037728,0.28005367231388456,0.11737703778234271
16,31839,2025-09-28,2025,,水戸,藤枝MYFC,H,D,0.25346135392210567,0.45368187461023946,0.292856771467655
16,31840,2025-09-28,2025,,富山,徳島,A,D,0.2578236711143498,0.5312553859401545,0.21092094294549565
16,32129,2025-09-28,2025,,福島ユナイテッドFC,AC長野パルセイロ,A,H,0.334638421678119,0.30254259664354105,0.36281898167833987
16,32130,2025-09-28,2025,,松本山雅FC,栃木SC,D,A,0.3959220346991733,0.31659677067302583,0.2874811946278008
16,32461,2025-09-28,2025,,FC東京,横浜FM,A,H,0.3399498371517783,0.15660924555731923,0.5034409172909025
16,32464,2025-09-28,2025,,川崎F,柏,D,H,0.2097382620490974,0.2992407007413968,0.4910210372095058
16,32465,2025-09-28,2025,,横浜FC,湘南,H,A,0.46472174245054754,0.2849864545576364,0.250291802991816
16,32468,2025-09-28,2025,,C大阪,京都,A,A,0.47916263084482313,0.23756925435594406,0.2832681147992328
16,32471,2025-10-03,2025,,湘南,東京V,A,A,0.3673857321651588,0.3392960281554036,0.29331823967943765
16,31841,2025-10-04,2025,,札幌,山形,A,H,0.19075357657677014,0.34727121886330137,0.46197520455992847
16,31842,2025-10-04,2025,,千葉,V・ファーレン長崎,A,D,0.4116405667440229,0.458748510391955,0.12961092286402204
16,31843,2025-10-04,2025,,甲府,磐田,A,D,0.20443879735185436,0.6070497661305948,0.18851143651755084
16,31844,2025-10-04,2025,,藤枝MYFC,富山,A,H,0.2671038828496455,0.36165321343123263,0.371242903719122
16,31850,2025-10-04,2025,,仙台,大宮,A,A,0.3674810388450748,0.33110785858421204,0.30141110257071313
16,32131,2025-10-04,2025,,SC相模原,ヴァンラーレ八戸,A,H,0.3040145259973523,0.3136313309131625,0.3823541430894853
16,32132,2025-10-04,2025,,AC長野パルセイロ,ツエーゲン金沢,A,A,0.41932579126287756,0.37692755172877296,0.20374665700834949
16,32133,2025-10-04,2025,,FC岐阜,群馬,H,D,0.32693082307774973,0.4656287913862248,0.2074403855360255
16,32134,2025-10-04,2025,,鹿児島ユナイテッドFC,栃木シティ,A,A,0.5380471492561538,0.24968726932189703,0.21226558142194915
16,32135,2025-10-04,2025,,FC琉球,奈良クラブ,A,H,0.3317765563756759,0.276150781578461,0.3920726620458632
16,32473,2025-10-04,2025,,浦和,神戸,H,H,0.3358584019970279,0.27705316856917284,0.3870884294337994
16,32474,2025-10-04,2025,,柏,横浜FM,H,H,0.36521539742791886,0.2058245977863267,0.4289600047857545
16,32475,2025-10-04,2025,,新潟,岡山,D,D,0.23607962721840886,0.3821367300548635,0.38178364272672755
16,32476,2025-10-04,2025,,清水,FC東京,D,H,0.3105651386632881,0.3137592251675158,0.3756756361691961
16,32477,2025-10-04,2025,,名古屋,C大阪,H,H,0.2543866290224863,0.25729344876323895,0.4883199222142747
16,32478,2025-10-04,2025,,京都,川崎F,D,H,0.17886848129937868,0.29107426373221856,0.5300572549684028
16,32479,2025-10-04,2025,,広島,町田,H,H,0.2733766708062535,0.2994243291725069,0.4271990000212397
16,32480,2025-10-04,2025,,福岡,横浜FC,H,D,0.26129485529727225,0.3763991213712947,0.36230602333143297
16,31845,2025-10-05,2025,,秋田,大分,D,H,0.3035666765994721,0.2330283086519046,0.46340501474862333
16,31846,2025-10-05,2025,,レノファ山口FC,鳥栖,A,H,0.30378345522757644,0.3147376047798377,0.3814789399925859
16,31847,2025-10-05,2025,,徳島,FC今治,H,H,0.17858910194224903,0.318019686665103,0.5033912113926481
16,31848,2025-10-05,2025,,愛媛FC,水戸,A,A,0.4178060053311833,0.416189358640794,0.16600463602802276
16,31849,2025-10-05,2025,,熊本,いわきFC,A,A,0.4260010225478084,0.2554081076612492,0.3185908697909423
16,32136,2025-10-05,2025,,福島ユナイテッドFC,松本山雅FC,H,H,0.3029965228539178,0.30419909154904357,0.3928043855970386
16,32137,2025-10-05,2025,,栃木SC,ギラヴァンツ北九州,A,H,0.20410131326935338,0.28766755644780817,0.5082311302828385
16,32138,2025-10-05,2025,,ガイナーレ鳥取,FC大阪,A,A,0.4515633165771002,0.30277419493300245,0.24566248848989747
16,32139,2025-10-05,2025,,カマタマーレ讃岐,テゲバジャーロ宮崎,A,H,0.31094526864308514,0.3433924271149344,0.3456623042419806
16,32140,2025-10-05,2025,,高知ユナイテッドSC,アスルクラロ沼津,A,D,0.29988814482170206,0.49228835135342747,0.20782350382487041
16,32472,2025-10-05,2025,,鹿島,G大阪,D,H,0.36324194106697905,0.16038619357306416,0.47637186535995685
16,32150,2025-10-10,2025,,FC大阪,FC琉球,H,D,0.3268978642531306,0.3706463208822519,0.30245581486461753
16,32141,2025-10-11,2025,,栃木シティ,奈良クラブ,H,D,0.2996204401666876,0.3594556935943371,0.34092386623897525
16,32142,2025-10-11,2025,,ギラヴァンツ北九州,鹿児島ユナイテッドFC,D,A,0.38684301946725497,0.36402180506498766,0.24913517546775743
16,32143,2025-10-12,2025,,栃木SC,福島ユナイテッドFC,H,H,0.2759742706206341,0.20371035933884107,0.5203153700405247
16,32144,2025-10-12,2025,,群馬,ヴァンラーレ八戸,A,H,0.34480219787295446,0.2709503840958087,0.38424741803123685
16,32146,2025-10-12,2025,,ツエーゲン金沢,アスルクラロ沼津,H,A,0.3833187899805593,0.3817281964695697,0.23495301354987114
16,32147,2025-10-12,2025,,ガイナーレ鳥取,SC相模原,H,D,0.15372757994595604,0.6183765186171527,0.2278959014368913
16,32148,2025-10-12,2025,,高知ユナイテッドSC,FC岐阜,A,D,0.322883177628786,0.39485326212192484,0.2822635602492892
16,32149,2025-10-13,2025,,AC長野パルセイロ,カマタマーレ讃岐,H,H,0.24221863435713198,0.20622101339003646,0.5515603522528316
16,32115,2025-10-15,2025,,ツエーゲン金沢,松本山雅FC,H,A,0.36861212903845675,0.3641009973738876,0.2672868735876556
16,32488,2025-10-17,2025,,神戸,鹿島,D,H,0.25013398370009177,0.26568939298853683,0.4841766233113714
16,32490,2025-10-17,2025,,広島,FC東京,D,H,0.31899027624972276,0.26133936737424024,0.419670356376037
16,31851,2025-10-18,2025,,いわきFC,愛媛FC,H,H,0.12075477269448526,0.34181695552348035,0.5374282717820343
16,31852,2025-10-18,2025,,大宮,藤枝MYFC,H,D,0.23924509333678004,0.4539815538148312,0.30677335284838875
16,31853,2025-10-18,2025,,磐田,徳島,A,D,0.19653334034766404,0.4822779462638852,0.32118871338845084
16,31854,2025-10-18,2025,,鳥栖,秋田,H,H,0.2869124174343436,0.31114320583514676,0.4019443767305096
16,31855,2025-10-18,2025,,V・ファーレン長崎,甲府,H,H,0.18548761664524838,0.38705050114795614,0.4274618822067956
16,32151,2025-10-18,2025,,群馬,福島ユナイテッドFC,A,H,0.3431758514311172,0.11477956736798196,0.5420445812009008
16,32152,2025-10-18,2025,,奈良クラブ,AC長野パルセイロ,H,H,0.171650349640977,0.3569618630911436,0.4713877872678795
16,32153,2025-10-18,2025,,鹿児島ユナイテッドFC,ガイナーレ鳥取,H,D,0.4014305668922378,0.4292650738772353,0.16930435923052697
16,32154,2025-10-18,2025,,FC琉球,高知ユナイテッドSC,H,D,0.32091844892062055,0.4318902629225072,0.2471912881568723
16,32481,2025-10-18,2025,,東京V,新潟,H,H,0.33651065001283775,0.21713173477200817,0.4463576152151541
16,32482,2025-10-18,2025,,町田,福岡,D,H,0.21720011940072914,0.14078699447896098,0.6420128861203099
16,32483,2025-10-18,2025,,川崎F,清水,H,A,0.4411330533177538,0.3781082826252325,0.18075866405701368
16,32484,2025-10-18,2025,,横浜FM,浦和,H,H,0.2677068171837453,0.26679539255728923,0.4654977902589654
16,32485,2025-10-18,2025,,横浜FC,名古屋,D,A,0.4646915673703823,0.3357053912672341,0.19960304136238363
16,32487,2025-10-18,2025,,G大阪,柏,A,H,0.22292814671835326,0.37206577675702646,0.4050060765246203
16,32489,2025-10-18,2025,,岡山,C大阪,A,A,0.5410373988997014,0.2198262220320998,0.23913637906819873
16,31856,2025-10-19,2025,,山形,熊本,D,A,0.5570567832133664,0.17751654629246863,0.26542667049416496
16,31857,2025-10-19,2025,,水戸,千葉,A,D,0.2637530383343466,0.4053431052799053,0.33090385638574815
16,31858,2025-10-19,2025,,富山,札幌,A,A,0.36072242928460496,0.3351081140494936,0.3041694566659015
16,31859,2025-10-19,2025,,FC今治,レノファ山口FC,D,D,0.24168062642435045,0.39081640769214887,0.36750296588350073
16,31860,2025-10-19,2025,,大分,仙台,D,D,0.17253426712726694,0.4736623576496256,0.3538033752231074
16,32155,2025-10-19,2025,,ヴァンラーレ八戸,栃木SC,H,D,0.23629890880190896,0.4449024426437675,0.3187986485543235
16,32156,2025-10-19,2025,,SC相模原,松本山雅FC,H,A,0.3417732980675257,0.3335820255350526,0.3246446763974216
16,32157,2025-10-19,2025,,ツエーゲン金沢,FC岐阜,H,A,0.4416665846693276,0.3954555128158099,0.16287790251486256
16,32158,2025-10-19,2025,,アスルクラロ沼津,FC大阪,A,A,0.45916856999318395,0.2871732072247311,0.253658222782085
16,32159,2025-10-19,2025,,カマタマーレ讃岐,ギラヴァンツ北九州,A,D,0.2728941825902733,0.47815291409272787,0.2489529033169989
16,32160,2025-10-19,2025,,テゲバジャーロ宮崎,栃木シティ,D,H,0.3076300273017046,0.29766277773162064,0.39470719496667483
16,32486,2025-10-19,2025,,湘南,京都,D,D,0.3329496645058017,0.4214926986432797,0.2455576368509186
16,32161,2025-10-24,2025,,FC大阪,栃木SC,A,H,0.3046575212577123,0.2963776173044845,0.3989648614378032
16,31861,2025-10-25,2025,,藤枝MYFC,甲府,D,D,0.23867270415560796,0.42764389670513175,0.33368339913926026
16,31862,2025-10-25,2025,,V・ファーレン長崎,FC今治,D,D,0.33903362101884416,0.3509535379782665,0.31001284100288945
16,32162,2025-10-25,2025,,栃木シティ,ヴァンラーレ八戸,H,D,0.28120311251732655,0.41999776189820576,0.29879912558446775
16,32163,2025-10-25,2025,,群馬,奈良クラブ,H,A,0.4875177335727409,0.21740481566923103,0.2950774507580281
16,32164,2025-10-25,2025,,AC長野パルセイロ,アスルクラロ沼津,H,H,0.30151982196516314,0.33161774036108566,0.3668624376737512
16,32165,2025-10-25,2025,,FC岐阜,鹿児島ユナイテッドFC,A,D,0.2646944430157611,0.4250664574478507,0.31023909953638823
16,32166,2025-10-25,2025,,ギラヴァンツ北九州,FC琉球,H,H,0.3257204541061399,0.3333914127937738,0.34088813310008637
16,32491,2025-10-25,2025,,浦和,町田,D,H,0.26363476348065307,0.35097557906420757,0.3853896574551394
16,32492,2025-10-25,2025,,柏,横浜FC,H,H,0.19155553772005035,0.3054791492293632,0.5029653130505866
16,32493,2025-10-25,2025,,FC東京,岡山,H,H,0.2713744978332038,0.2917993372213376,0.4368261649454586
16,32494,2025-10-25,2025,,横浜FM,広島,H,H,0.2991378250387174,0.260797762601835,0.44006441235944754
16,32496,2025-10-25,2025,,清水,東京V,H,H,0.2483341636015637,0.3366378185914741,0.41502801780696225
16,32497,2025-10-25,2025,,名古屋,G大阪,A,H,0.25740689383238957,0.19855689204978952,0.5440362141178209
16,32498,2025-10-25,2025,,京都,鹿島,D,A,0.4125724527468073,0.3809423106731016,0.20648523658009105
16,32499,2025-10-25,2025,,C大阪,川崎F,H,H,0.2941760098709035,0.2510945517746691,0.4547294383544275
16,31863,2025-10-26,2025,,札幌,水戸,A,D,0.3757193049858185,0.38272416936657644,0.24155652564760507
16,31864,2025-10-26,2025,,秋田,千葉,D,H,0.19022861190103607,0.2558513185253723,0.5539200695735916
16,31865,2025-10-26,2025,,山形,大宮,D,A,0.4121663233993916,0.34266220487174825,0.24517147172886022
16,31866,2025-10-26,2025,,レノファ山口FC,富山,H,D,0.22570945542938142,0.3927620592280282,0.3815284853425904
16,31867,2025-10-26,2025,,徳島,いわきFC,A,A,0.6043291110833497,0.2236549213094446,0.17201596760720578
16,31868,2025-10-26,2025,,愛媛FC,磐田,A,A,0.417992112767568,0.33527468659601334,0.24673320063641874
16,31869,2025-10-26,2025,,熊本,大分,A,D,0.31455341419642113,0.36467439333383317,0.32077219246974575
16,31870,2025-10-26,2025,,仙台,鳥栖,H,A,0.43937191412939147,0.22589908145363335,0.3347290044169752
16,32167,2025-10-26,2025,,福島ユナイテッドFC,ツエーゲン金沢,A,H,0.286738310151854,0.2790772846286251,0.43418440521952095
16,32168,2025-10-26,2025,,松本山雅FC,カマタマーレ讃岐,A,H,0.1220440079756423,0.3025469791814483,0.5754090128429095
16,32169,2025-10-26,2025,,ガイナーレ鳥取,テゲバジャーロ宮崎,A,A,0.4181885915513457,0.4119216518065127,0.16988975664214157
16,32170,2025-10-26,2025,,高知ユナイテッドSC,SC相模原,A,A,0.5305884780603772,0.17305916101926985,0.2963523609203529
16,32495,2025-10-26,2025,,新潟,神戸,D,D,0.27199392234948616,0.3838850453227874,0.34412103232772645
16,32500,2025-10-26,2025,,福岡,湘南,H,H,0.3034886565164439,0.32064449010278845,0.3758668533807676
16,31871,2025-11-02,2025,,いわきFC,藤枝MYFC,H,H,0.26978859892983637,0.31091354057864906,0.4192978604915147
16,31872,2025-11-02,2025,,大宮,秋田,H,D,0.22389085770050446,0.3944363522869066,0.38167279001258897
16,31873,2025-11-02,2025,,千葉,札幌,H,H,0.3320992732771834,0.24448876946874606,0.42341195725407055
16,31874,2025-11-02,2025,,甲府,水戸,A,A,0.5940269035590502,0.2101869231614819,0.19578617327946793
16,31875,2025-11-02,2025,,富山,愛媛FC,D,A,0.6217272196128274,0.17847927467321328,0.19979350571395935
16,31876,2025-11-02,2025,,磐田,V・ファーレン長崎,H,D,0.29028989512252684,0.4570539257899482,0.25265617908752497
16,31877,2025-11-02,2025,,FC今治,仙台,H,D,0.22405433784625986,0.5147936810155728,0.26115198113816745
16,31878,2025-11-02,2025,,鳥栖,徳島,D,D,0.303031096342752,0.3661148271980342,0.3308540764592138
16,31879,2025-11-02,2025,,熊本,レノファ山口FC,A,A,0.4393136865325181,0.23132839915754735,0.32935791430993444
16,31880,2025-11-02,2025,,大分,山形,A,A,0.5247951789851278,0.25444977504057925,0.2207550459742928
16,32171,2025-11-02,2025,,福島ユナイテッドFC,FC大阪,A,H,0.31558941614997277,0.3031458270324639,0.3812647568175634
16,32172,2025-11-02,2025,,栃木SC,FC岐阜,A,H,0.29163714125251006,0.2548465677398495,0.45351629100764046
16,32173,2025-11-02,2025,,AC長野パルセイロ,高知ユナイテッドSC,A,A,0.47521811047972073,0.309790759805709,0.2149911297145703
16,32174,2025-11-02,2025,,ツエーゲン金沢,群馬,A,H,0.2506319299880603,0.2659832104208434,0.48338485959109634
16,32175,2025-11-02,2025,,アスルクラロ沼津,SC相模原,D,H,0.20388977849198256,0.38052262386317076,0.41558759764484665
16,32176,2025-11-02,2025,,カマタマーレ讃岐,ガイナーレ鳥取,A,D,0.3670409359725893,0.41053278976583685,0.22242627426157385
16,32177,2025-11-02,2025,,テゲバジャーロ宮崎,奈良クラブ,D,A,0.3833052125089345,0.29264486870894435,0.324049918782121
16,32178,2025-11-02,2025,,鹿児島ユナイテッドFC,松本山雅FC,H,D,0.23262371716194874,0.4798792954684126,0.28749698736963863
16,32180,2025-11-02,2025,,ヴァンラーレ八戸,ギラヴァンツ北九州,A,H,0.23401456145166372,0.30436079563908663,0.4616246429092496
16,32179,2025-11-03,2025,,FC琉球,栃木シティ,D,D,0.25559955869871553,0.40730399525472766,0.33709644604655686
16,32145,2025-11-05,2025,,松本山雅FC,テゲバジャーロ宮崎,A,H,0.3237483626378897,0.31670147224328044,0.3595501651188298
16,31881,2025-11-08,2025,,札幌,大分,H,A,0.34393837517356113,0.3289853067599322,0.3270763180665067
16,31882,2025-11-08,2025,,愛媛FC,V・ファーレン長崎,A,D,0.3327060807661518,0.5064283100189516,0.1608656092148967
16,32181,2025-11-08,2025,,栃木シティ,カマタマーレ讃岐,H,H,0.20397842828754298,0.3454037785963197,0.4506177931161373
16,32182,2025-11-08,2025,,奈良クラブ,ヴァンラーレ八戸,D,D,0.23672625102496342,0.4302973130212742,0.3329764359537624
16,32501,2025-11-08,2025,,鹿島,横浜FC,H,D,0.3353597318572711,0.39309192058155,0.2715483475611789
16,32502,2025-11-08,2025,,柏,名古屋,H,D,0.27287234535782784,0.38465078920471696,0.34247686543745526
16,32503,2025-11-08,2025,,東京V,福岡,D,H,0.31549118623312783,0.25093800255454485,0.4335708112123274
16,32504,2025-11-08,2025,,川崎F,岡山,D,D,0.20749894483107006,0.40220940483048206,0.3902916503384479
16,32505,2025-11-08,2025,,湘南,新潟,H,D,0.19363852569178816,0.5582833183288431,0.24807815597936875
16,31883,2025-11-09,2025,,秋田,いわきFC,H,H,0.40481562106017327,0.18517307622650012,0.4100113027133266
16,31884,2025-11-09,2025,,山形,FC今治,H,H,0.2027988281899494,0.3837754663638262,0.4134257054462244
16,31885,2025-11-09,2025,,水戸,大宮,A,H,0.22647607747732024,0.3174333467728196,0.45609057574986006
16,31886,2025-11-09,2025,,千葉,藤枝MYFC,D,H,0.1960217596490605,0.325799592358431,0.47817864799250864
16,31887,2025-11-09,2025,,富山,鳥栖,H,D,0.2884296802515456,0.3781844382185566,0.33338588152989784
16,31888,2025-11-09,2025,,レノファ山口FC,磐田,A,A,0.359663697472168,0.28951816220606585,0.3508181403217662
16,31889,2025-11-09,2025,,徳島,甲府,H,H,0.24277098756951962,0.3698780496687735,0.3873509627617069
16,31890,2025-11-09,2025,,仙台,熊本,H,H,0.22740374430304094,0.3753009215582959,0.3972953341386631
16,32183,2025-11-09,2025,,栃木SC,鹿児島ユナイテッドFC,H,A,0.4004068016489138,0.20179663211913387,0.3977965662319524
16,32184,2025-11-09,2025,,SC相模原,ツエーゲン金沢,H,D,0.342569386757564,0.4488294160518391,0.20860119719059697
16,32185,2025-11-09,2025,,FC岐阜,ガイナーレ鳥取,A,A,0.36244205178126176,0.2940775097944624,0.34348043842427584
16,32186,2025-11-09,2025,,高知ユナイテッドSC,松本山雅FC,A,D,0.2519459338046484,0.4426491565643625,0.30540490963098915
16,32187,2025-11-09,2025,,ギラヴァンツ北九州,福島ユナイテッドFC,A,H,0.3315326912708674,0.3203567278075252,0.3481105809216074
16,32188,2025-11-09,2025,,テゲバジャーロ宮崎,群馬,A,H,0.34113130374232514,0.29846184042401547,0.36040685583365945
16,32189,2025-11-09,2025,,FC琉球,アスルクラロ沼津,A,H,0.30862660039904266,0.3296899415917164,0.361683458009241
16,32506,2025-11-09,2025,,清水,C大阪,A,A,0.38027896975431047,0.3143896295068147,0.30533140073887477
16,32507,2025-11-09,2025,,京都,横浜FM,A,A,0.38320867152499744,0.26553797684189484,0.3512533516331079
16,32508,2025-11-09,2025,,G大阪,神戸,D,D,0.3023296658571281,0.3659816620413184,0.33168867210155345
16,32509,2025-11-09,2025,,広島,浦和,H,D,0.2874882847024872,0.3596906614330046,0.3528210538645082
16,32510,2025-11-09,2025,,町田,FC東京,A,H,0.3785490839746939,0.2167365627633542,0.4047143532619519
16,32190,2025-11-10,2025,,FC大阪,AC長野パルセイロ,H,H,0.2859491285535924,0.2738467160971785,0.4402041553492291
16,32192,2025-11-15,2025,,AC長野パルセイロ,テゲバジャーロ宮崎,A,A,0.41926598847651303,0.22777480764108513,0.3529592038824018
16,32193,2025-11-15,2025,,FC岐阜,栃木シティ,H,A,0.385788777579335,0.3692810694999301,0.2449301529207348
16,32194,2025-11-15,2025,,高知ユナイテッドSC,ヴァンラーレ八戸,D,D,0.2981406559654004,0.3601038262457892,0.3417555177888105
16,32191,2025-11-16,2025,,松本山雅FC,FC大阪,D,H,0.28781723680127436,0.33007063252685104,0.3821121306718746
16,32195,2025-11-16,2025,,福島ユナイテッドFC,奈良クラブ,H,D,0.14031572583132798,0.6201454483280682,0.23953882584060385
16,32196,2025-11-16,2025,,SC相模原,FC琉球,H,H,0.22844774376308571,0.3844418372452262,0.3871104189916881
16,32197,2025-11-16,2025,,ツエーゲン金沢,栃木SC,H,D,0.24490360705407607,0.3911046927917989,0.3639917001541251
16,32198,2025-11-16,2025,,アスルクラロ沼津,群馬,A,D,0.20755431994512222,0.419190304138637,0.37325537591624075
16,32199,2025-11-16,2025,,ガイナーレ鳥取,ギラヴァンツ北九州,H,A,0.37171105597877063,0.3571474322372625,0.2711415117839669
16,32200,2025-11-16,2025,,カマタマーレ讃岐,鹿児島ユナイテッドFC,D,D,0.32878789422984994,0.41395009970263386,0.25726200606751626
16,31891,2025-11-23,2025,,秋田,仙台,D,A,0.3938074470458978,0.39161235905613695,0.21458019389796523
16,31892,2025-11-23,2025,,いわきFC,レノファ山口FC,D,H,0.37213576899562206,0.20747049547270896,0.420393735531669
16,31893,2025-11-23,2025,,大宮,徳島,A,A,0.4510337077164266,0.20126393642209073,0.3477023558614827
16,31894,2025-11-23,2025,,甲府,富山,A,A,0.43035238540755016,0.30314475513284006,0.2665028594596098
16,31895,2025-11-23,2025,,磐田,山形,D,A,0.3467513588591617,0.3203721280919842,0.3328765130488542
16,31896,2025-11-23,2025,,藤枝MYFC,鳥栖,D,A,0.46516072722817375,0.3974383803032024,0.1374008924686238
16,31897,2025-11-23,2025,,愛媛FC,熊本,D,D,0.3124716355329935,0.40935082104536025,0.27817754342164636
16,31898,2025-11-23,2025,,FC今治,札幌,D,H,0.15405538515194972,0.3358269884942079,0.5101176263538425
16,31899,2025-11-23,2025,,V・ファーレン長崎,水戸,H,D,0.23236326996969037,0.3989280574575558,0.3687086725727539
16,31900,2025-11-23,2025,,大分,千葉,A,A,0.5910137273991131,0.2583874582884533,0.15059881431243374
16,32201,2025-11-23,2025,,ヴァンラーレ八戸,カマタマーレ讃岐,A,H,0.1350529393711111,0.2371281005970936,0.6278189600317953
16,32202,2025-11-23,2025,,栃木SC,ガイナーレ鳥取,H,A,0.5479258889998295,0.24227804485892157,0.20979606614124893
16,32203,2025-11-23,2025,,栃木シティ,AC長野パルセイロ,H,H,0.2840027623028964,0.26622750590853356,0.44976973178857
16,32204,2025-11-23,2025,,群馬,松本山雅FC,H,A,0.42353615800676064,0.1589946543771098,0.4174691876161296
16,32205,2025-11-23,2025,,アスルクラロ沼津,福島ユナイテッドFC,A,H,0.3361248911307273,0.31543542863992274,0.34843968022935
16,32206,2025-11-23,2025,,ギラヴァンツ北九州,ツエーゲン金沢,H,D,0.2555789902905736,0.4202540304908381,0.3241669792185884
16,32207,2025-11-23,2025,,テゲバジャーロ宮崎,FC岐阜,H,H,0.31709405854339706,0.22777885696559613,0.4551270844910069
16,32208,2025-11-23,2025,,鹿児島ユナイテッドFC,FC琉球,D,A,0.417422476284926,0.3495841611835541,0.23299336253151992
16,32209,2025-11-24,2025,,FC大阪,高知ユナイテッドSC,H,H,0.21977078719031154,0.2508261101331219,0.5294031026765665
16,32210,2025-11-24,2025,,奈良クラブ,SC相模原,H,A,0.46199184030287566,0.17770675928404717,0.3603014004130772
16,31901,2025-11-29,2025,,札幌,愛媛FC,H,H,0.22487157952721876,0.3616147739768248,0.4135136464959565
16,31902,2025-11-29,2025,,仙台,いわきFC,A,H,0.3209647134329294,0.3347998619871303,0.3442354245799402
16,31903,2025-11-29,2025,,山形,藤枝MYFC,H,D,0.27291601171982355,0.494766842620951,0.23231714565922554
16,31904,2025-11-29,2025,,水戸,大分,H,H,0.3024468957717176,0.33342300787471796,0.3641300963535644
16,31905,2025-11-29,2025,,千葉,FC今治,H,A,0.39647967379698257,0.238093466871346,0.3654268593316714
16,31906,2025-11-29,2025,,富山,秋田,H,H,0.14155569663287684,0.22582601424876078,0.6326182891183624
16,31907,2025-11-29,2025,,レノファ山口FC,大宮,H,A,0.5438408560973704,0.15797613927468263,0.29818300462794695
16,31908,2025-11-29,2025,,徳島,V・ファーレン長崎,D,A,0.37468564587122216,0.28914328281532486,0.3361710713134531
16,31909,2025-11-29,2025,,鳥栖,磐田,A,A,0.36820935591887494,0.26374780539530734,0.36804283868581783
16,31910,2025-11-29,2025,,熊本,甲府,D,H,0.11658751528510128,0.2123722433910246,0.6710402413238741
16,32211,2025-11-29,2025,,福島ユナイテッドFC,テゲバジャーロ宮崎,H,H,0.3552183641812612,0.14452668434143065,0.5002549514773083
16,32212,2025-11-29,2025,,SC相模原,栃木シティ,A,D,0.3832027681600929,0.4145593307332445,0.2022379011066627
16,32213,2025-11-29,2025,,松本山雅FC,ギラヴァンツ北九州,H,H,0.2058546010342536,0.2313057429478436,0.5628396560179029
16,32214,2025-11-29,2025,,AC長野パルセイロ,栃木SC,A,A,0.4365974004618705,0.3085141065423051,0.2548884929958245
16,32215,2025-11-29,2025,,ツエーゲン金沢,鹿児島ユナイテッドFC,H,H,0.1784932497066552,0.19367957938074845,0.6278271709125964
16,32216,2025-11-29,2025,,FC岐阜,FC大阪,A,H,0.27019115649878167,0.35598680508586344,0.37382203841535483
16,32217,2025-11-29,2025,,ガイナーレ鳥取,奈良クラブ,H,D,0.2729807892741246,0.4415211974809433,0.28549801324493207
16,32218,2025-11-29,2025,,カマタマーレ讃岐,アスルクラロ沼津,H,H,0.255783997253477,0.26002403923391004,0.48419196351261296
16,32219,2025-11-29,2025,,高知ユナイテッドSC,群馬,A,H,0.22835268272237869,0.2706075066262965,0.5010398106513249
16,32220,2025-11-29,2025,,FC琉球,ヴァンラーレ八戸,D,D,0.17844682844986118,0.5718662662167632,0.24968690533337554
16,32511,2025-11-30,2025,,東京V,鹿島,A,H,0.21220617845253598,0.23769491513650737,0.5500989064109567
16,32512,2025-11-30,2025,,町田,名古屋,H,H,0.425539653935831,0.10407001913922023,0.47039032692494887
16,32513,2025-11-30,2025,,川崎F,広島,A,H,0.27376904063155705,0.17524892402803383,0.5509820353404092
16,32514,2025-11-30,2025,,横浜FM,C大阪,H,H,0.22870793838512415,0.21937491446438862,0.5519171471504872
16,32515,2025-11-30,2025,,横浜FC,京都,A,A,0.4859478772713169,0.2923004139445031,0.22175170878418
16,32516,2025-11-30,2025,,湘南,清水,H,D,0.2807299949528767,0.5053489722712052,0.2139210327759181
16,32517,2025-11-30,2025,,新潟,柏,A,D,0.23292555834980871,0.4601363935639063,0.306938048086285
16,32518,2025-11-30,2025,,神戸,FC東京,D,H,0.17525109768609007,0.28372851186867754,0.5410203904452324
16,32519,2025-11-30,2025,,岡山,浦和,A,A,0.4939961390158832,0.0913059197428197,0.41469794124129716
16,32520,2025-11-30,2025,,福岡,G大阪,H,A,0.5463921368620662,0.13915190556596124,0.31445595757197253
16,32521,2025-12-06,2025,,鹿島,横浜FM,H,H,0.2909984234270995,0.20051187404192303,0.5084897025309775
16,32522,2025-12-06,2025,,浦和,川崎F,H,D,0.31154641951878437,0.46122807516280007,0.2272255053184155
16,32523,2025-12-06,2025,,柏,町田,H,A,0.4877203155172482,0.2885077572525406,0.22377192723021133
16,32524,2025-12-06,2025,,FC東京,新潟,D,H,0.14871290711016166,0.4051726390815954,0.446114453808243
16,32525,2025-12-06,2025,,清水,岡山,A,A,0.43360590211936256,0.19404456499518244,0.3723495328854551
16,32526,2025-12-06,2025,,名古屋,福岡,H,D,0.25886542554539804,0.4454560169295961,0.29567855752500577
16,32527,2025-12-06,2025,,京都,神戸,H,H,0.20626098363076742,0.37245233939465416,0.4212866769745784
16,32528,2025-12-06,2025,,G大阪,東京V,H,H,0.24189009281852375,0.3278867708523028,0.43022313632917353
16,32529,2025-12-06,2025,,C大阪,横浜FC,A,H,0.2646082521319783,0.2198940568921228,0.5154976909758989
16,32530,2025-12-06,2025,,広島,湘南,H,H,0.24269672989048252,0.18351284312498606,0.5737904269845314
