match_card_id,match_date,home_team,away_team,actual,home_key,away_key,rf_prob_away,rf_prob_draw,rf_prob_home,rf_prediction,lgbm_prob_away,lgbm_prob_draw,lgbm_prob_home,lgbm_prediction,prob_away,prob_draw,prob_home,ensemble_prediction,rf_hit,lgbm_hit,ensemble_hit,models_agree,date_distance,round_no,toto_match_no,fixture_home_team,fixture_away_team,fixture_actual,inferred_round_date,date_distance_days,fixture_count,jleague_in_scope_count,coverage_rate,top1_pick,top2_pick,third_pick,top1_probability,top2_probability,third_probability,top1_margin,top2_coverage_probability,normalized_entropy,certainty_score,top1_hit,top2_hit,confidence_rank
27370,2022-03-19,浦和,磐田,H,浦和,磐田,0.3518929120934944,0.3167112075839529,0.3313958803225527,A,0.5842624864915537,0.2249264674785173,0.1908110460299291,A,0.44484074185271816,0.27999731154177865,0.27516194660550325,A,False,False,False,True,0,1289,1,浦和,磐田,H,2022-03-19,0,13,13,1.0,A,D,H,0.44484074185271816,0.27999731154177865,0.27516194660550325,0.1648434303109395,0.7248380533944968,0.9756269044446434,0.26274815355362335,False,False,1
27370,2022-03-19,浦和,磐田,H,浦和,磐田,0.3518929120934944,0.3167112075839529,0.3313958803225527,A,0.5842624864915537,0.2249264674785173,0.1908110460299291,A,0.44484074185271816,0.27999731154177865,0.27516194660550325,A,False,False,False,True,0,1289,6,浦和,磐田,H,2022-03-19,0,13,13,1.0,A,D,H,0.44484074185271816,0.27999731154177865,0.27516194660550325,0.1648434303109395,0.7248380533944968,0.9756269044446434,0.26274815355362335,False,False,2
26564,2022-03-20,東京V,町田,H,東京v,町田,0.3930201588022786,0.2826915545786306,0.3242882866190908,A,0.5083596108298597,0.3365297005351165,0.1551106886350239,A,0.439155939613311,0.304226812961225,0.256617247425464,A,False,False,False,True,0,1289,13,東京V,町田,H,2022-03-19,0,13,13,1.0,A,D,H,0.439155939613311,0.304226812961225,0.256617247425464,0.134929126652086,0.743382752574536,0.9761852183016736,0.24960832349388534,False,False,3
26558,2022-03-19,新潟,甲府,H,新潟,甲府,0.3154156708646101,0.3537069412396504,0.3308773878957396,D,0.2526476490921704,0.5082213688985104,0.2391309820093191,D,0.2903084621556342,0.4155127123031944,0.2941788255411714,D,False,False,False,True,0,1289,5,新潟,甲府,H,2022-03-19,0,13,13,1.0,D,H,A,0.4155127123031944,0.2941788255411714,0.2903084621556342,0.121333886762023,0.7096915378443658,0.9866311933426236,0.23212134223462083,False,True,4
26558,2022-03-19,新潟,甲府,H,新潟,甲府,0.3154156708646101,0.3537069412396504,0.3308773878957396,D,0.2526476490921704,0.5082213688985104,0.2391309820093191,D,0.2903084621556342,0.4155127123031944,0.2941788255411714,D,False,False,False,True,0,1289,10,新潟,甲府,H,2022-03-19,0,13,13,1.0,D,H,A,0.4155127123031944,0.2941788255411714,0.2903084621556342,0.121333886762023,0.7096915378443658,0.9866311933426236,0.23212134223462083,False,True,5
26560,2022-03-19,FC琉球,水戸,A,琉球,水戸,0.3410545803964691,0.2716927058067597,0.3872527137967711,H,0.3257026893550399,0.2285737760289512,0.4457235346160089,H,0.33491382397989744,0.25444513389563633,0.41064104212446634,H,False,False,False,True,0,1289,11,琉球,水戸,A,2022-03-19,0,13,13,1.0,H,A,D,0.41064104212446634,0.33491382397989744,0.25444513389563633,0.0757272181445689,0.7455548661043638,0.9831429105312673,0.2146644132003555,False,True,6
26559,2022-03-19,大分,レノファ山口FC,D,大分,山口,0.3545728725176014,0.3269249856857028,0.3185021417966957,A,0.4540344099823862,0.2859134726751814,0.2600521173424324,A,0.39435748750351535,0.3105203804814943,0.29512213201499043,A,False,False,False,True,0,1289,12,大分,山口,D,2022-03-19,0,13,13,1.0,A,D,H,0.39435748750351535,0.3105203804814943,0.29512213201499043,0.08383710702202107,0.7048778679850096,0.9923983491841305,0.20832418699746316,False,True,7
27372,2022-03-20,名古屋,柏,D,名古屋,柏,0.3132429935578801,0.349829597221328,0.336927409220792,D,0.2804974171716171,0.4410850140250388,0.2784175688033441,D,0.3001447630033749,0.3863317639428123,0.3135234730538128,D,True,True,True,True,0,1289,3,名古屋,柏,D,2022-03-19,0,13,13,1.0,D,H,A,0.3863317639428123,0.3135234730538128,0.3001447630033749,0.07280829088899954,0.6998552369966251,0.9942501994090237,0.20048215570361066,True,True,8
27372,2022-03-20,名古屋,柏,D,名古屋,柏,0.3132429935578801,0.349829597221328,0.336927409220792,D,0.2804974171716171,0.4410850140250388,0.2784175688033441,D,0.3001447630033749,0.3863317639428123,0.3135234730538128,D,True,True,True,True,0,1289,8,名古屋,柏,D,2022-03-19,0,13,13,1.0,D,H,A,0.3863317639428123,0.3135234730538128,0.3001447630033749,0.07280829088899954,0.6998552369966251,0.9942501994090237,0.20048215570361066,True,True,9
26562,2022-03-20,山形,仙台,A,山形,仙台,0.2884081449288779,0.3167417830936186,0.3948500719775034,H,0.1631441286525508,0.4468680250441389,0.3899878463033103,D,0.238302538418347,0.3687922798738268,0.3929051817078262,H,False,False,False,False,0,1289,4,山形,仙台,A,2022-03-19,0,13,13,1.0,H,D,A,0.3929051817078262,0.3687922798738268,0.238302538418347,0.02411290183399939,0.761697461581653,0.9800564896741446,0.18923554947559265,False,False,10
26562,2022-03-20,山形,仙台,A,山形,仙台,0.2884081449288779,0.3167417830936186,0.3948500719775034,H,0.1631441286525508,0.4468680250441389,0.3899878463033103,D,0.238302538418347,0.3687922798738268,0.3929051817078262,H,False,False,False,False,0,1289,9,山形,仙台,A,2022-03-19,0,13,13,1.0,H,D,A,0.3929051817078262,0.3687922798738268,0.238302538418347,0.02411290183399939,0.761697461581653,0.9800564896741446,0.18923554947559265,False,False,11
27371,2022-03-19,C大阪,札幌,D,c大阪,札幌,0.2607899088879867,0.2420294147878322,0.497180676324181,H,0.2199103250459631,0.5693870598712149,0.210702615082822,D,0.2444380753511773,0.3729724728211853,0.3825894518276374,H,False,True,False,False,0,1289,2,C大阪,札幌,D,2022-03-19,0,13,13,1.0,H,D,A,0.3825894518276374,0.3729724728211853,0.2444380753511773,0.009616979006452087,0.7555619246488227,0.9828729051639535,0.17895661494190435,False,True,12
27371,2022-03-19,C大阪,札幌,D,c大阪,札幌,0.2607899088879867,0.2420294147878322,0.497180676324181,H,0.2199103250459631,0.5693870598712149,0.210702615082822,D,0.2444380753511773,0.3729724728211853,0.3825894518276374,H,False,True,False,False,0,1289,7,C大阪,札幌,D,2022-03-19,0,13,13,1.0,H,D,A,0.3825894518276374,0.3729724728211853,0.2444380753511773,0.009616979006452087,0.7555619246488227,0.9828729051639535,0.17895661494190435,False,True,13
27031,2022-04-29,愛媛FC,福島ユナイテッドFC,D,愛媛,福島,0.5426582040997113,0.1899648782616819,0.2673769176386068,A,0.7266641613990789,0.1600449593784428,0.1132908792224784,A,0.6162605870194584,0.1779969107083862,0.2057425022721554,A,False,False,False,True,0,1298,12,愛媛,福島,D,2022-04-29,0,13,13,1.0,A,H,D,0.6162605870194584,0.2057425022721554,0.1779969107083862,0.410518084747303,0.8220030892916138,0.8472953465494825,0.45153952451041585,False,False,1
27030,2022-04-29,富山,ガイナーレ鳥取,H,富山,鳥取,0.265651019216324,0.432368917187404,0.301980063596272,D,0.0763840878139533,0.6788607998908797,0.244755112295167,D,0.1899442466553757,0.5309656702687943,0.27909008307583,D,False,False,False,True,0,1298,11,富山,鳥取,H,2022-04-29,0,13,13,1.0,D,H,A,0.5309656702687943,0.27909008307583,0.1899442466553757,0.25187558719296427,0.8100557533446242,0.9173524132073625,0.3436205244970224,False,True,2
27413,2022-04-29,清水,広島,D,清水,広島,0.3114960367114008,0.2248094115932154,0.4636945516953838,H,0.4024239910123221,0.1097893483334125,0.4877866606542654,H,0.3478672184317694,0.1788013862892942,0.4733313952789364,H,False,False,False,True,0,1298,1,清水,広島,D,2022-04-29,0,13,13,1.0,H,A,D,0.4733313952789364,0.3478672184317694,0.1788013862892942,0.12546417684716704,0.8211986137107058,0.9367823866868524,0.2695551124346594,False,False,3
27413,2022-04-29,清水,広島,D,清水,広島,0.3114960367114008,0.2248094115932154,0.4636945516953838,H,0.4024239910123221,0.1097893483334125,0.4877866606542654,H,0.3478672184317694,0.1788013862892942,0.4733313952789364,H,False,False,False,True,0,1298,6,清水,広島,D,2022-04-29,0,13,13,1.0,H,A,D,0.4733313952789364,0.3478672184317694,0.1788013862892942,0.12546417684716704,0.8211986137107058,0.9367823866868524,0.2695551124346594,False,False,4
26644,2022-04-30,千葉,大分,A,千葉,大分,0.4077690257826777,0.3023666085088848,0.2898643657084373,A,0.4667445113479863,0.2774197173564725,0.2558357712955412,A,0.4313592200088012,0.29238785204791995,0.27625292794327894,A,True,True,True,True,0,1298,2,千葉,大分,A,2022-04-29,0,13,13,1.0,A,D,H,0.4313592200088012,0.29238785204791995,0.27625292794327894,0.13897136796088128,0.7237470720567212,0.9808893152379475,0.24657376474267947,True,True,5
26644,2022-04-30,千葉,大分,A,千葉,大分,0.4077690257826777,0.3023666085088848,0.2898643657084373,A,0.4667445113479863,0.2774197173564725,0.2558357712955412,A,0.4313592200088012,0.29238785204791995,0.27625292794327894,A,True,True,True,True,0,1298,7,千葉,大分,A,2022-04-29,0,13,13,1.0,A,D,H,0.4313592200088012,0.29238785204791995,0.27625292794327894,0.13897136796088128,0.7237470720567212,0.9808893152379475,0.24657376474267947,True,True,6
26645,2022-04-30,レノファ山口FC,栃木SC,H,山口,栃木sc,0.4027795620248551,0.2338761455197679,0.3633442924553769,A,0.5082601055168631,0.063614793103684,0.4281251013794529,A,0.4449717794216583,0.1657716045533343,0.3892566160250074,A,False,False,False,True,0,1298,5,山口,栃木,H,2022-04-29,0,13,13,1.0,A,H,D,0.4449717794216583,0.3892566160250074,0.1657716045533343,0.05571516339665089,0.8342283954466656,0.9334493611984629,0.23304773568888146,False,True,7
26645,2022-04-30,レノファ山口FC,栃木SC,H,山口,栃木sc,0.4027795620248551,0.2338761455197679,0.3633442924553769,A,0.5082601055168631,0.063614793103684,0.4281251013794529,A,0.4449717794216583,0.1657716045533343,0.3892566160250074,A,False,False,False,True,0,1298,10,山口,栃木,H,2022-04-29,0,13,13,1.0,A,H,D,0.4449717794216583,0.3892566160250074,0.1657716045533343,0.05571516339665089,0.8342283954466656,0.9334493611984629,0.23304773568888146,False,True,8
26646,2022-04-30,水戸,甲府,H,水戸,甲府,0.2925805105740224,0.2957974231953118,0.4116220662306658,H,0.3598615188392052,0.273843844625644,0.3662946365351506,H,0.31949291388009554,0.28701599176744474,0.3934910943524598,H,True,True,True,True,0,1298,3,水戸,甲府,H,2022-04-29,0,13,13,1.0,H,A,D,0.3934910943524598,0.31949291388009554,0.28701599176744474,0.07399818047236428,0.7129840082325554,0.9919915472135317,0.20457204618122807,True,True,9
26646,2022-04-30,水戸,甲府,H,水戸,甲府,0.2925805105740224,0.2957974231953118,0.4116220662306658,H,0.3598615188392052,0.273843844625644,0.3662946365351506,H,0.31949291388009554,0.28701599176744474,0.3934910943524598,H,True,True,True,True,0,1298,8,水戸,甲府,H,2022-04-29,0,13,13,1.0,H,A,D,0.3934910943524598,0.31949291388009554,0.28701599176744474,0.07399818047236428,0.7129840082325554,0.9919915472135317,0.20457204618122807,True,True,10
27032,2022-04-29,ギラヴァンツ北九州,藤枝MYFC,A,北九州,藤枝,0.3190287040820084,0.3216095037628834,0.3593617921551081,H,0.2544240740500719,0.4933727837110084,0.2522031422389196,D,0.2931868520692338,0.3903148157421334,0.3164983321886327,D,False,False,False,False,0,1298,13,北九州,藤枝,A,2022-04-29,0,13,13,1.0,D,H,A,0.3903148157421334,0.3164983321886327,0.2931868520692338,0.07381648355350068,0.7068131479307661,0.9931114991016476,0.20285513650735576,False,False,11
26647,2022-04-30,FC琉球,新潟,D,琉球,新潟,0.3881528747824967,0.3002986881260363,0.3115484370914669,A,0.3888748828147755,0.2440460434255412,0.3670790737596833,A,0.3884416779954083,0.27779763024583826,0.33376069175875345,A,False,False,False,True,0,1298,4,琉球,新潟,D,2022-04-29,0,13,13,1.0,A,H,D,0.3884416779954083,0.33376069175875345,0.27779763024583826,0.05468098623665485,0.7222023697541617,0.9915979602677301,0.19561750822721694,False,False,12
26647,2022-04-30,FC琉球,新潟,D,琉球,新潟,0.3881528747824967,0.3002986881260363,0.3115484370914669,A,0.3888748828147755,0.2440460434255412,0.3670790737596833,A,0.3884416779954083,0.27779763024583826,0.33376069175875345,A,False,False,False,True,0,1298,9,琉球,新潟,D,2022-04-29,0,13,13,1.0,A,H,D,0.3884416779954083,0.33376069175875345,0.27779763024583826,0.05468098623665485,0.7222023697541617,0.9915979602677301,0.19561750822721694,False,False,13
26735,2022-06-12,レノファ山口FC,岡山,A,山口,岡山,0.257565645721976,0.2640842491533947,0.4783501051246292,H,0.1135281310939121,0.1904420520704372,0.6960298168356507,H,0.19995063987075043,0.23462737032021172,0.5654219898090379,H,False,False,False,True,0,1308,12,山口,岡山,A,2022-06-11,0,13,13,1.0,H,D,A,0.5654219898090379,0.23462737032021172,0.19995063987075043,0.33079461948882616,0.8000493601292497,0.896043195609039,0.39100937311334844,False,False,1
26740,2022-06-12,東京V,いわてグルージャ盛岡,D,東京v,岩手,0.253112947725609,0.3260157795037512,0.4208712727706398,H,0.114889003911711,0.1819532915628697,0.7031577045254193,H,0.1978233702000498,0.2683907843273986,0.5337858454725516,H,False,False,False,True,0,1308,4,東京V,岩手,D,2022-06-11,0,13,13,1.0,H,D,A,0.5337858454725516,0.2683907843273986,0.1978233702000498,0.265395061145153,0.8021766297999502,0.9181185142966148,0.3494681990041288,False,True,2
26740,2022-06-12,東京V,いわてグルージャ盛岡,D,東京v,岩手,0.253112947725609,0.3260157795037512,0.4208712727706398,H,0.114889003911711,0.1819532915628697,0.7031577045254193,H,0.1978233702000498,0.2683907843273986,0.5337858454725516,H,False,False,False,True,0,1308,9,東京V,岩手,D,2022-06-11,0,13,13,1.0,H,D,A,0.5337858454725516,0.2683907843273986,0.1978233702000498,0.265395061145153,0.8021766297999502,0.9181185142966148,0.3494681990041288,False,True,3
26734,2022-06-11,FC琉球,V・ファーレン長崎,A,琉球,長崎,0.3327143415143213,0.2554746306221261,0.4118110278635526,H,0.3428247152925647,0.1790308569316666,0.4781444277757686,H,0.33675849102561867,0.22489712114594232,0.43834438782843904,H,False,False,False,True,0,1308,2,琉球,長崎,A,2022-06-11,0,13,13,1.0,H,A,D,0.43834438782843904,0.33675849102561867,0.22489712114594232,0.10158589680282037,0.7751028788540577,0.9681493517272602,0.23918016805833267,False,True,4
26734,2022-06-11,FC琉球,V・ファーレン長崎,A,琉球,長崎,0.3327143415143213,0.2554746306221261,0.4118110278635526,H,0.3428247152925647,0.1790308569316666,0.4781444277757686,H,0.33675849102561867,0.22489712114594232,0.43834438782843904,H,False,False,False,True,0,1308,7,琉球,長崎,A,2022-06-11,0,13,13,1.0,H,A,D,0.43834438782843904,0.33675849102561867,0.22489712114594232,0.10158589680282037,0.7751028788540577,0.9681493517272602,0.23918016805833267,False,True,5
26742,2022-06-11,大分,新潟,A,大分,新潟,0.3081778817084917,0.2483973045595703,0.4434248137319379,H,0.1730026096960228,0.4157399197862939,0.4112574705176834,D,0.2541077729035041,0.3153343506502597,0.4305578764462361,H,False,False,False,False,0,1308,11,大分,新潟,A,2022-06-11,0,13,13,1.0,H,D,A,0.4305578764462361,0.3153343506502597,0.2541077729035041,0.11522352579597639,0.7458922270964958,0.9783986665415034,0.23839954512109732,False,False,6
26737,2022-06-12,水戸,山形,H,水戸,山形,0.4195565520446588,0.2716046655276944,0.3088387824276468,A,0.4029044510158521,0.3488207281944747,0.2482748207896731,A,0.41289571163313615,0.30249109059440654,0.28461319777245736,A,False,False,False,True,0,1308,13,水戸,山形,H,2022-06-11,0,13,13,1.0,A,D,H,0.41289571163313615,0.30249109059440654,0.28461319777245736,0.11040462103872961,0.7153868022275427,0.9872205306000055,0.22700058147846555,False,False,7
26732,2022-06-11,甲府,千葉,D,甲府,千葉,0.4222133115520926,0.2711562110875893,0.306630477360318,A,0.3465074102919691,0.3039150180599548,0.349577571648076,H,0.3919309510480432,0.2842597338765356,0.3238093150754212,A,False,False,False,False,0,1308,1,甲府,千葉,D,2022-06-11,0,13,13,1.0,A,H,D,0.3919309510480432,0.3238093150754212,0.2842597338765356,0.068121635972622,0.7157402661234644,0.991977120015234,0.20181607655899036,False,False,8
26732,2022-06-11,甲府,千葉,D,甲府,千葉,0.4222133115520926,0.2711562110875893,0.306630477360318,A,0.3465074102919691,0.3039150180599548,0.349577571648076,H,0.3919309510480432,0.2842597338765356,0.3238093150754212,A,False,False,False,False,0,1308,6,甲府,千葉,D,2022-06-11,0,13,13,1.0,A,H,D,0.3919309510480432,0.3238093150754212,0.2842597338765356,0.068121635972622,0.7157402661234644,0.991977120015234,0.20181607655899036,False,False,9
26736,2022-06-12,秋田,大宮,A,秋田,大宮,0.3517271667941666,0.2714094723926546,0.3768633608131788,H,0.3370806657751062,0.254972800449268,0.4079465337756258,H,0.3458685663865425,0.2648348036153,0.3892966299981575,H,False,False,False,True,0,1308,5,秋田,大宮,A,2022-06-11,0,13,13,1.0,H,A,D,0.3892966299981575,0.3458685663865425,0.2648348036153,0.043428063611615,0.7351651963847,0.9888362884404232,0.19261604807515148,False,True,10
26736,2022-06-12,秋田,大宮,A,秋田,大宮,0.3517271667941666,0.2714094723926546,0.3768633608131788,H,0.3370806657751062,0.254972800449268,0.4079465337756258,H,0.3458685663865425,0.2648348036153,0.3892966299981575,H,False,False,False,True,0,1308,10,秋田,大宮,A,2022-06-11,0,13,13,1.0,H,A,D,0.3892966299981575,0.3458685663865425,0.2648348036153,0.043428063611615,0.7351651963847,0.9888362884404232,0.19261604807515148,False,True,11
26739,2022-06-12,ザスパクサツ群馬,栃木SC,D,群馬,栃木sc,0.3796575527258418,0.2971320476711451,0.323210399603013,A,0.3338789827737907,0.410838840093443,0.2552821771327663,D,0.3613461247450213,0.3426147646400643,0.2960391106149144,A,False,True,False,False,0,1308,3,群馬,栃木,D,2022-06-11,0,13,13,1.0,A,D,H,0.3613461247450213,0.3426147646400643,0.2960391106149144,0.018731360104957018,0.7039608893850856,0.996866757212464,0.16978838072950178,False,True,12
26739,2022-06-12,ザスパクサツ群馬,栃木SC,D,群馬,栃木sc,0.3796575527258418,0.2971320476711451,0.323210399603013,A,0.3338789827737907,0.410838840093443,0.2552821771327663,D,0.3613461247450213,0.3426147646400643,0.2960391106149144,A,False,True,False,False,0,1308,8,群馬,栃木,D,2022-06-11,0,13,13,1.0,A,D,H,0.3613461247450213,0.3426147646400643,0.2960391106149144,0.018731360104957018,0.7039608893850856,0.996866757212464,0.16978838072950178,False,True,13
27491,2022-07-02,柏,鹿島,A,柏,鹿島,0.3328184985254188,0.221301704177713,0.4458797972968683,H,0.1995028569242721,0.0678821788999124,0.7326149641758155,H,0.2794922418849601,0.1599338940665927,0.5605738640484472,H,False,False,False,True,0,1312,1,柏,鹿島,A,2022-07-02,0,13,13,1.0,H,A,D,0.5605738640484472,0.2794922418849601,0.1599338940665927,0.28108162216348714,0.8400661059334074,0.8864876684719287,0.373339272884636,False,True,1
27491,2022-07-02,柏,鹿島,A,柏,鹿島,0.3328184985254188,0.221301704177713,0.4458797972968683,H,0.1995028569242721,0.0678821788999124,0.7326149641758155,H,0.2794922418849601,0.1599338940665927,0.5605738640484472,H,False,False,False,True,0,1312,6,柏,鹿島,A,2022-07-02,0,13,13,1.0,H,A,D,0.5605738640484472,0.2794922418849601,0.1599338940665927,0.28108162216348714,0.8400661059334074,0.8864876684719287,0.373339272884636,False,True,2
27494,2022-07-02,G大阪,浦和,D,g大阪,浦和,0.2909335170199895,0.2886354562411762,0.4204310267388343,H,0.1941711392636061,0.1834538951278644,0.6223749656085295,H,0.25222856591743614,0.24656283179585142,0.5012086022867125,H,False,False,False,True,0,1312,2,G大阪,浦和,D,2022-07-02,0,13,13,1.0,H,A,D,0.5012086022867125,0.25222856591743614,0.24656283179585142,0.24898003636927635,0.7534371682041486,0.9456001374000155,0.32356685627826426,False,False,3
27494,2022-07-02,G大阪,浦和,D,g大阪,浦和,0.2909335170199895,0.2886354562411762,0.4204310267388343,H,0.1941711392636061,0.1834538951278644,0.6223749656085295,H,0.25222856591743614,0.24656283179585142,0.5012086022867125,H,False,False,False,True,0,1312,7,G大阪,浦和,D,2022-07-02,0,13,13,1.0,H,A,D,0.5012086022867125,0.25222856591743614,0.24656283179585142,0.24898003636927635,0.7534371682041486,0.9456001374000155,0.32356685627826426,False,False,4
27496,2022-07-02,湘南,名古屋,D,湘南,名古屋,0.3432143043149358,0.2420033232570796,0.4147823724279845,H,0.2731984014055644,0.11874498437589,0.6080566142185456,H,0.31520794315118733,0.19269998770460373,0.49209206914420894,H,False,False,False,True,0,1312,3,湘南,名古屋,D,2022-07-02,0,13,13,1.0,H,A,D,0.49209206914420894,0.31520794315118733,0.19269998770460373,0.1768841259930216,0.8073000122953963,0.9376882435420406,0.2958132265040435,False,False,5
27496,2022-07-02,湘南,名古屋,D,湘南,名古屋,0.3432143043149358,0.2420033232570796,0.4147823724279845,H,0.2731984014055644,0.11874498437589,0.6080566142185456,H,0.31520794315118733,0.19269998770460373,0.49209206914420894,H,False,False,False,True,0,1312,8,湘南,名古屋,D,2022-07-02,0,13,13,1.0,H,A,D,0.49209206914420894,0.31520794315118733,0.19269998770460373,0.1768841259930216,0.8073000122953963,0.9376882435420406,0.2958132265040435,False,False,6
26774,2022-07-02,ザスパクサツ群馬,新潟,A,群馬,新潟,0.2136747031209676,0.4186048261037369,0.3677204707752955,D,0.0745747952763255,0.55379985222687,0.3716253524968045,D,0.1580347399831108,0.4726828365529901,0.3692824234638991,D,False,False,False,True,0,1312,11,群馬,新潟,A,2022-07-02,0,13,13,1.0,D,H,A,0.4726828365529901,0.3692824234638991,0.1580347399831108,0.10340041308909098,0.8419652600168892,0.9226523254628879,0.2643669559374498,False,False,7
26773,2022-07-02,大分,千葉,H,大分,千葉,0.3021186533025485,0.3456201392684772,0.3522612074289743,H,0.2901912795982619,0.2387492189340572,0.4710595014676808,H,0.29734770382083386,0.30287177113470926,0.399780525044457,H,True,True,True,True,0,1312,13,大分,千葉,H,2022-07-02,0,13,13,1.0,H,D,A,0.399780525044457,0.30287177113470926,0.29734770382083386,0.09690875390974774,0.7026522961791662,0.9911937129551265,0.21558055754739205,True,True,8
26772,2022-07-02,岡山,熊本,A,岡山,熊本,0.3235530333982703,0.3970482131320281,0.2793987534697016,D,0.4059906742929393,0.4306906184183636,0.1633187072886971,D,0.3565280897561379,0.4105051752465623,0.2329667349972998,D,False,False,False,True,0,1312,12,岡山,熊本,A,2022-07-02,0,13,13,1.0,D,A,H,0.4105051752465623,0.3565280897561379,0.2329667349972998,0.053977085490424404,0.7670332650027003,0.9763248364701169,0.2083543414885782,False,True,9
26766,2022-07-02,いわてグルージャ盛岡,大宮,H,岩手,大宮,0.3316869836087836,0.3675932921839346,0.3007197242072817,D,0.4936252965936318,0.276900114968765,0.2294745884376031,A,0.39646230880272293,0.33131602129786675,0.2722216698994104,A,False,False,False,False,0,1312,5,岩手,大宮,H,2022-07-02,0,13,13,1.0,A,D,H,0.39646230880272293,0.33131602129786675,0.2722216698994104,0.06514628750485618,0.7277783301005897,0.9894244915913325,0.20332434126965848,False,False,10
26766,2022-07-02,いわてグルージャ盛岡,大宮,H,岩手,大宮,0.3316869836087836,0.3675932921839346,0.3007197242072817,D,0.4936252965936318,0.276900114968765,0.2294745884376031,A,0.39646230880272293,0.33131602129786675,0.2722216698994104,A,False,False,False,False,0,1312,10,岩手,大宮,H,2022-07-02,0,13,13,1.0,A,D,H,0.39646230880272293,0.33131602129786675,0.2722216698994104,0.06514628750485618,0.7277783301005897,0.9894244915913325,0.20332434126965848,False,False,11
27498,2022-07-02,鳥栖,神戸,A,鳥栖,神戸,0.3319951991763347,0.3100528357934999,0.3579519650301652,H,0.4380319311405036,0.2423239551898457,0.3196441136696507,A,0.3744098919620023,0.2829612835520382,0.3426288244859594,A,False,True,True,False,0,1312,4,鳥栖,神戸,A,2022-07-02,0,13,13,1.0,A,H,D,0.3744098919620023,0.3426288244859594,0.2829612835520382,0.031781067476042923,0.7170387164479617,0.9940151479595891,0.18080479540759825,True,True,12
27498,2022-07-02,鳥栖,神戸,A,鳥栖,神戸,0.3319951991763347,0.3100528357934999,0.3579519650301652,H,0.4380319311405036,0.2423239551898457,0.3196441136696507,A,0.3744098919620023,0.2829612835520382,0.3426288244859594,A,False,True,True,False,0,1312,9,鳥栖,神戸,A,2022-07-02,0,13,13,1.0,A,H,D,0.3744098919620023,0.3426288244859594,0.2829612835520382,0.031781067476042923,0.7170387164479617,0.9940151479595891,0.18080479540759825,True,True,13
27552,2022-08-14,鳥栖,名古屋,D,鳥栖,名古屋,0.2404897396886975,0.2541276814326997,0.5053825788786028,H,0.1577329649847514,0.1651406423943685,0.6771263926208801,H,0.20738702980711904,0.21853286581736722,0.5740801043755138,H,False,False,False,True,0,1322,4,鳥栖,名古屋,D,2022-08-13,0,13,13,1.0,H,D,A,0.5740801043755138,0.21853286581736722,0.20738702980711904,0.3555472385581466,0.792612970192881,0.889495116592308,0.40487855714587095,False,True,1
27552,2022-08-14,鳥栖,名古屋,D,鳥栖,名古屋,0.2404897396886975,0.2541276814326997,0.5053825788786028,H,0.1577329649847514,0.1651406423943685,0.6771263926208801,H,0.20738702980711904,0.21853286581736722,0.5740801043755138,H,False,False,False,True,0,1322,9,鳥栖,名古屋,D,2022-08-13,0,13,13,1.0,H,D,A,0.5740801043755138,0.21853286581736722,0.20738702980711904,0.3555472385581466,0.792612970192881,0.889495116592308,0.40487855714587095,False,True,2
26842,2022-08-13,いわてグルージャ盛岡,秋田,A,岩手,秋田,0.4270075749848886,0.2204588562432437,0.3525335687718676,A,0.6779679022658389,0.0879863495958368,0.2340457481383243,A,0.5273917058972688,0.1674698535842809,0.3051384405184503,A,True,True,True,True,0,1322,5,岩手,秋田,A,2022-08-13,0,13,13,1.0,A,H,D,0.5273917058972688,0.3051384405184503,0.1674698535842809,0.2222532653788185,0.8325301464157191,0.9092271898726622,0.333269472561825,True,True,3
26842,2022-08-13,いわてグルージャ盛岡,秋田,A,岩手,秋田,0.4270075749848886,0.2204588562432437,0.3525335687718676,A,0.6779679022658389,0.0879863495958368,0.2340457481383243,A,0.5273917058972688,0.1674698535842809,0.3051384405184503,A,True,True,True,True,0,1322,10,岩手,秋田,A,2022-08-13,0,13,13,1.0,A,H,D,0.5273917058972688,0.3051384405184503,0.1674698535842809,0.2222532653788185,0.8325301464157191,0.9092271898726622,0.333269472561825,True,True,4
27550,2022-08-14,柏,広島,A,柏,広島,0.2583121098051412,0.3165580050328908,0.425129885161968,H,0.134855105880443,0.2768132987430839,0.5883315953764731,H,0.2089293082352619,0.300660122516968,0.49041056924777,H,False,False,False,True,0,1322,2,柏,広島,A,2022-08-13,0,13,13,1.0,H,D,A,0.49041056924777,0.300660122516968,0.2089293082352619,0.189750446730802,0.791070691764738,0.9447212349309577,0.2981531655310856,False,False,5
27550,2022-08-14,柏,広島,A,柏,広島,0.2583121098051412,0.3165580050328908,0.425129885161968,H,0.134855105880443,0.2768132987430839,0.5883315953764731,H,0.2089293082352619,0.300660122516968,0.49041056924777,H,False,False,False,True,0,1322,7,柏,広島,A,2022-08-13,0,13,13,1.0,H,D,A,0.49041056924777,0.300660122516968,0.2089293082352619,0.189750446730802,0.791070691764738,0.9447212349309577,0.2981531655310856,False,False,6
27549,2022-08-14,鹿島,福岡,H,鹿島,福岡,0.3029697393956737,0.3820796688057792,0.3149505917985472,D,0.1783498513488587,0.5638395582980592,0.2578105903530822,D,0.2531217841769477,0.4547836246026911,0.2920945912203612,D,False,False,False,True,0,1322,1,鹿島,福岡,H,2022-08-13,0,13,13,1.0,D,H,A,0.4547836246026911,0.2920945912203612,0.2531217841769477,0.16268903338232993,0.7468782158230522,0.9699269239828969,0.2676084079584471,False,True,7
27549,2022-08-14,鹿島,福岡,H,鹿島,福岡,0.3029697393956737,0.3820796688057792,0.3149505917985472,D,0.1783498513488587,0.5638395582980592,0.2578105903530822,D,0.2531217841769477,0.4547836246026911,0.2920945912203612,D,False,False,False,True,0,1322,6,鹿島,福岡,H,2022-08-13,0,13,13,1.0,D,H,A,0.4547836246026911,0.2920945912203612,0.2531217841769477,0.16268903338232993,0.7468782158230522,0.9699269239828969,0.2676084079584471,False,True,8
26846,2022-08-13,仙台,大宮,A,仙台,大宮,0.3304591649627641,0.2474193329010172,0.4221215021362187,H,0.3311976055357601,0.1534250862710746,0.5153773081931654,H,0.33075454119196257,0.20982163424904016,0.4594238245589974,H,False,False,False,True,0,1322,12,仙台,大宮,A,2022-08-13,0,13,13,1.0,H,A,D,0.4594238245589974,0.33075454119196257,0.20982163424904016,0.12866928336703481,0.79017836575096,0.9565771266126609,0.2604595449074788,False,True,9
26845,2022-08-13,甲府,熊本,D,甲府,熊本,0.3592694022702644,0.2967543437208372,0.3439762540088983,A,0.4219707867874483,0.2938619402026736,0.2841672730098781,A,0.384349956077138,0.2955973823135718,0.3200526616092902,A,False,False,False,True,0,1322,13,甲府,熊本,D,2022-08-13,0,13,13,1.0,A,H,D,0.384349956077138,0.3200526616092902,0.2955973823135718,0.06429729446784782,0.7044026176864282,0.9943487816374484,0.19659177697096913,False,False,10
26848,2022-08-13,岡山,レノファ山口FC,H,岡山,山口,0.2771143121768876,0.2939161034838811,0.4289695843392313,H,0.2295667251814192,0.4457888951286862,0.3246443796898945,D,0.2580952773787003,0.3546652201418031,0.3872395024794965,H,True,False,True,False,0,1322,11,岡山,山口,H,2022-08-13,0,13,13,1.0,H,D,A,0.3872395024794965,0.3546652201418031,0.2580952773787003,0.03257428233769344,0.7419047226212996,0.9872354733714002,0.1882116802596861,True,True,11
27551,2022-08-14,G大阪,清水,A,g大阪,清水,0.3273445592750365,0.3142086514399846,0.3584467892849788,H,0.3817738382251875,0.2787059272949712,0.3395202344798413,A,0.3491162708550969,0.3000075617819793,0.3508761673629238,H,False,True,False,False,0,1322,3,G大阪,清水,A,2022-08-13,0,13,13,1.0,H,A,D,0.3508761673629238,0.3491162708550969,0.3000075617819793,0.0017598965078269302,0.6999924382180207,0.9976825245199935,0.15897373418705646,False,True,12
27551,2022-08-14,G大阪,清水,A,g大阪,清水,0.3273445592750365,0.3142086514399846,0.3584467892849788,H,0.3817738382251875,0.2787059272949712,0.3395202344798413,A,0.3491162708550969,0.3000075617819793,0.3508761673629238,H,False,True,False,False,0,1322,8,G大阪,清水,A,2022-08-13,0,13,13,1.0,H,A,D,0.3508761673629238,0.3491162708550969,0.3000075617819793,0.0017598965078269302,0.6999924382180207,0.9976825245199935,0.15897373418705646,False,True,13
26909,2022-09-18,仙台,徳島,D,仙台,徳島,0.2752771121445557,0.2705081550727876,0.4542147327826567,H,0.2379823364805409,0.239841809078004,0.5221758544414551,H,0.26035920187894984,0.25824161667487416,0.48139918144617605,H,False,False,False,True,0,1327,13,仙台,徳島,D,2022-09-17,0,13,13,1.0,H,A,D,0.48139918144617605,0.26035920187894984,0.25824161667487416,0.2210399795672262,0.7417583833251259,0.9574964914192947,0.3024943262154494,False,False,1
26908,2022-09-17,岡山,V・ファーレン長崎,H,岡山,長崎,0.3351174971402799,0.2319201553088457,0.4329623475508745,H,0.3259036778885346,0.1193372972429731,0.5547590248684923,H,0.33143196943958175,0.18688701208249664,0.4816810184779216,H,True,True,True,True,0,1327,5,岡山,長崎,H,2022-09-17,0,13,13,1.0,H,A,D,0.4816810184779216,0.33143196943958175,0.18688701208249664,0.15024904903833985,0.8131129879175034,0.9387503451837554,0.28159355644173256,True,True,2
26908,2022-09-17,岡山,V・ファーレン長崎,H,岡山,長崎,0.3351174971402799,0.2319201553088457,0.4329623475508745,H,0.3259036778885346,0.1193372972429731,0.5547590248684923,H,0.33143196943958175,0.18688701208249664,0.4816810184779216,H,True,True,True,True,0,1327,10,岡山,長崎,H,2022-09-17,0,13,13,1.0,H,A,D,0.4816810184779216,0.33143196943958175,0.18688701208249664,0.15024904903833985,0.8131129879175034,0.9387503451837554,0.28159355644173256,True,True,3
26914,2022-09-18,新潟,水戸,H,新潟,水戸,0.4139291444867095,0.2492368425865632,0.3368340129267274,A,0.50528881465794,0.2378773157984883,0.2568338695435717,A,0.4504730125552016,0.2446930318713332,0.3048339555734651,A,False,False,False,True,0,1327,11,新潟,水戸,H,2022-09-17,0,13,13,1.0,A,H,D,0.4504730125552016,0.3048339555734651,0.2446930318713332,0.14563905698173651,0.7553069681286667,0.9701682970372355,0.2596528661860014,False,True,4
27589,2022-09-17,柏,川崎F,D,柏,川崎f,0.4214528452358704,0.2318499033497689,0.3466972514143607,A,0.4890064786019635,0.2044950582421947,0.3064984631558418,A,0.4484742985823077,0.22090796530673926,0.33061773611095313,A,False,False,False,True,0,1327,1,柏,川崎F,D,2022-09-17,0,13,13,1.0,A,H,D,0.4484742985823077,0.33061773611095313,0.22090796530673926,0.11785656247135456,0.7790920346932608,0.9640630778851618,0.2502506156499802,False,False,5
27589,2022-09-17,柏,川崎F,D,柏,川崎f,0.4214528452358704,0.2318499033497689,0.3466972514143607,A,0.4890064786019635,0.2044950582421947,0.3064984631558418,A,0.4484742985823077,0.22090796530673926,0.33061773611095313,A,False,False,False,True,0,1327,6,柏,川崎F,D,2022-09-17,0,13,13,1.0,A,H,D,0.4484742985823077,0.33061773611095313,0.22090796530673926,0.11785656247135456,0.7790920346932608,0.9640630778851618,0.2502506156499802,False,False,6
26910,2022-09-18,秋田,ザスパクサツ群馬,A,秋田,群馬,0.2656876658960125,0.3209793186664949,0.4133330154374927,H,0.2465507713686098,0.3725393808278912,0.3809098478034989,H,0.25803290808505147,0.34160334353105337,0.40036374838389527,H,False,False,False,True,0,1327,4,秋田,群馬,A,2022-09-17,0,13,13,1.0,H,D,A,0.40036374838389527,0.34160334353105337,0.25803290808505147,0.058760404852841897,0.7419670919149486,0.9857458553695863,0.20358065739733028,False,False,7
26910,2022-09-18,秋田,ザスパクサツ群馬,A,秋田,群馬,0.2656876658960125,0.3209793186664949,0.4133330154374927,H,0.2465507713686098,0.3725393808278912,0.3809098478034989,H,0.25803290808505147,0.34160334353105337,0.40036374838389527,H,False,False,False,True,0,1327,9,秋田,群馬,A,2022-09-17,0,13,13,1.0,H,D,A,0.40036374838389527,0.34160334353105337,0.25803290808505147,0.058760404852841897,0.7419670919149486,0.9857458553695863,0.20358065739733028,False,False,8
27594,2022-09-17,名古屋,広島,D,名古屋,広島,0.3214611821811884,0.3084524429530377,0.3700863748657738,H,0.3491824505005509,0.2406197238499811,0.410197825649468,H,0.3325496895089334,0.281319355311815,0.3861309551792515,H,False,False,False,True,0,1327,2,名古屋,広島,D,2022-09-17,0,13,13,1.0,H,A,D,0.3861309551792515,0.3325496895089334,0.281319355311815,0.05358126567031812,0.7186806446881848,0.992476897787439,0.19401699325778674,False,False,9
27594,2022-09-17,名古屋,広島,D,名古屋,広島,0.3214611821811884,0.3084524429530377,0.3700863748657738,H,0.3491824505005509,0.2406197238499811,0.410197825649468,H,0.3325496895089334,0.281319355311815,0.3861309551792515,H,False,False,False,True,0,1327,7,名古屋,広島,D,2022-09-17,0,13,13,1.0,H,A,D,0.3861309551792515,0.3325496895089334,0.281319355311815,0.05358126567031812,0.7186806446881848,0.992476897787439,0.19401699325778674,False,False,10
27591,2022-09-18,横浜FM,札幌,D,横浜fm,札幌,0.2398171488330455,0.3282235754206403,0.4319592757463141,H,0.1754945098043253,0.5059795893110289,0.3185259008846457,D,0.21408809322155745,0.3993259809767959,0.3865859258016468,D,False,True,True,False,0,1327,3,横浜FM,札幌,D,2022-09-17,0,13,13,1.0,D,H,A,0.3993259809767959,0.3865859258016468,0.21408809322155745,0.01274005517514909,0.7859119067784427,0.9684693359670924,0.19046184355744186,True,True,11
27591,2022-09-18,横浜FM,札幌,D,横浜fm,札幌,0.2398171488330455,0.3282235754206403,0.4319592757463141,H,0.1754945098043253,0.5059795893110289,0.3185259008846457,D,0.21408809322155745,0.3993259809767959,0.3865859258016468,D,False,True,True,False,0,1327,8,横浜FM,札幌,D,2022-09-17,0,13,13,1.0,D,H,A,0.3993259809767959,0.3865859258016468,0.21408809322155745,0.01274005517514909,0.7859119067784427,0.9684693359670924,0.19046184355744186,True,True,12
26911,2022-09-18,山形,千葉,H,山形,千葉,0.3309155215782547,0.2587423986135316,0.4103420798082136,H,0.4811344674768165,0.1404327873722327,0.3784327451509509,A,0.39100309993767945,0.21141855411701202,0.39757834594530855,H,True,False,True,False,0,1327,12,山形,千葉,H,2022-09-17,0,13,13,1.0,H,A,D,0.39757834594530855,0.39100309993767945,0.21141855411701202,0.006575246007629099,0.7885814458829881,0.9670433312039802,0.187802925537263,True,True,13
26921,2022-09-24,V・ファーレン長崎,横浜FC,A,長崎,横浜fc,0.4467734281386892,0.2716631602855131,0.2815634115757977,A,0.5450860769976107,0.2931112491912839,0.1618026738111054,A,0.4860984876822579,0.28024239584782146,0.23365911646992077,A,True,True,True,True,0,1328,2,長崎,横浜FC,A,2022-09-24,0,13,13,1.0,A,D,H,0.4860984876822579,0.28024239584782146,0.23365911646992077,0.20585609183443643,0.7663408835300793,0.952889221763272,0.3002161072464144,True,True,1
26921,2022-09-24,V・ファーレン長崎,横浜FC,A,長崎,横浜fc,0.4467734281386892,0.2716631602855131,0.2815634115757977,A,0.5450860769976107,0.2931112491912839,0.1618026738111054,A,0.4860984876822579,0.28024239584782146,0.23365911646992077,A,True,True,True,True,0,1328,7,長崎,横浜FC,A,2022-09-24,0,13,13,1.0,A,D,H,0.4860984876822579,0.28024239584782146,0.23365911646992077,0.20585609183443643,0.7663408835300793,0.952889221763272,0.3002161072464144,True,True,2
26929,2022-09-24,大分,甲府,H,大分,甲府,0.298025856711611,0.3266328811304734,0.3753412621579155,H,0.1460709238653001,0.2293889090351573,0.6245401670995426,H,0.23724388357308665,0.28773529229234696,0.4750208241345664,H,True,True,True,True,0,1328,12,大分,甲府,H,2022-09-24,0,13,13,1.0,H,D,A,0.4750208241345664,0.28773529229234696,0.23724388357308665,0.18728553184221947,0.7627561164269134,0.9588048050836551,0.2875483459886007,True,True,3
26927,2022-09-25,栃木SC,FC琉球,D,栃木sc,琉球,0.4398774300008636,0.2972252205584779,0.2628973494406585,A,0.4420825312399145,0.2939765655757692,0.2639409031843163,A,0.440759470496484,0.2959257585653944,0.2633147709381216,A,False,False,False,True,0,1328,4,栃木,琉球,D,2022-09-24,0,13,13,1.0,A,D,H,0.440759470496484,0.2959257585653944,0.2633147709381216,0.14483371193108963,0.7366852290618784,0.9765013836654965,0.2537332841661999,False,True,4
26927,2022-09-25,栃木SC,FC琉球,D,栃木sc,琉球,0.4398774300008636,0.2972252205584779,0.2628973494406585,A,0.4420825312399145,0.2939765655757692,0.2639409031843163,A,0.440759470496484,0.2959257585653944,0.2633147709381216,A,False,False,False,True,0,1328,9,栃木,琉球,D,2022-09-24,0,13,13,1.0,A,D,H,0.440759470496484,0.2959257585653944,0.2633147709381216,0.14483371193108963,0.7366852290618784,0.9765013836654965,0.2537332841661999,False,True,5
26920,2022-09-24,東京V,山形,H,東京v,山形,0.3657936848096784,0.2704640230436133,0.3637422921467084,A,0.569738479888016,0.187898626883859,0.242362893228125,A,0.44737160284101346,0.23743786457971153,0.31519053257927504,A,False,False,False,True,0,1328,1,東京V,山形,H,2022-09-24,0,13,13,1.0,A,H,D,0.44737160284101346,0.31519053257927504,0.23743786457971153,0.13218107026173842,0.7625621354202885,0.9695524952369386,0.25367009682267677,False,True,6
26920,2022-09-24,東京V,山形,H,東京v,山形,0.3657936848096784,0.2704640230436133,0.3637422921467084,A,0.569738479888016,0.187898626883859,0.242362893228125,A,0.44737160284101346,0.23743786457971153,0.31519053257927504,A,False,False,False,True,0,1328,6,東京V,山形,H,2022-09-24,0,13,13,1.0,A,H,D,0.44737160284101346,0.31519053257927504,0.23743786457971153,0.13218107026173842,0.7625621354202885,0.9695524952369386,0.25367009682267677,False,True,7
26923,2022-09-25,千葉,熊本,A,千葉,熊本,0.3088277332642704,0.3064823842588211,0.3846898824769085,H,0.2884447223546669,0.1963915249904079,0.5151637526549252,H,0.300674528900429,0.2624460405514558,0.4368794305481152,H,False,False,False,True,0,1328,13,千葉,熊本,A,2022-09-24,0,13,13,1.0,H,A,D,0.4368794305481152,0.300674528900429,0.2624460405514558,0.13620490164768617,0.7375539594485442,0.977764683879287,0.24871452254748458,False,True,8
26926,2022-09-25,いわてグルージャ盛岡,ツエーゲン金沢,A,岩手,金沢,0.3760971240961898,0.2693659039048591,0.3545369719989511,A,0.4471225722057738,0.2753702835050235,0.2775071442892027,A,0.4045073033400234,0.2717676557449249,0.3237250409150517,A,True,True,True,True,0,1328,11,岩手,金沢,A,2022-09-24,0,13,13,1.0,A,H,D,0.4045073033400234,0.3237250409150517,0.2717676557449249,0.08078226242497166,0.7282323442550751,0.9878748763571256,0.2127271030803255,True,True,9
26925,2022-09-25,岡山,仙台,H,岡山,仙台,0.390981798393993,0.2742366656234464,0.3347815359825606,A,0.4046273973273245,0.3651821012498314,0.230190501422844,A,0.3964400379673257,0.31061483987400046,0.29294512215867397,A,False,False,False,True,0,1328,3,岡山,仙台,H,2022-09-24,0,13,13,1.0,A,D,H,0.3964400379673257,0.31061483987400046,0.29294512215867397,0.08582519809332523,0.7070548778413261,0.9918321594613566,0.2100704045256891,False,False,10
26925,2022-09-25,岡山,仙台,H,岡山,仙台,0.390981798393993,0.2742366656234464,0.3347815359825606,A,0.4046273973273245,0.3651821012498314,0.230190501422844,A,0.3964400379673257,0.31061483987400046,0.29294512215867397,A,False,False,False,True,0,1328,8,岡山,仙台,H,2022-09-24,0,13,13,1.0,A,D,H,0.3964400379673257,0.31061483987400046,0.29294512215867397,0.08582519809332523,0.7070548778413261,0.9918321594613566,0.2100704045256891,False,False,11
26928,2022-09-25,徳島,水戸,D,徳島,水戸,0.2949804037202435,0.3283692168557205,0.376650379424036,H,0.2864208681025685,0.4101025861074728,0.3034765457899586,D,0.2915565894731735,0.3610625645564215,0.3473808459704051,D,False,True,True,False,0,1328,5,徳島,水戸,D,2022-09-24,0,13,13,1.0,D,H,A,0.3610625645564215,0.3473808459704051,0.2915565894731735,0.013681718586016411,0.7084434105268266,0.9962231378768703,0.16802212798012134,True,True,12
26928,2022-09-25,徳島,水戸,D,徳島,水戸,0.2949804037202435,0.3283692168557205,0.376650379424036,H,0.2864208681025685,0.4101025861074728,0.3034765457899586,D,0.2915565894731735,0.3610625645564215,0.3473808459704051,D,False,True,True,False,0,1328,10,徳島,水戸,D,2022-09-24,0,13,13,1.0,D,H,A,0.3610625645564215,0.3473808459704051,0.2915565894731735,0.013681718586016411,0.7084434105268266,0.9962231378768703,0.16802212798012134,True,True,13
26931,2022-10-01,ザスパクサツ群馬,大宮,H,群馬,大宮,0.5152047773543412,0.2065223255122666,0.2782728971333922,A,0.7363373117890988,0.1382190828553884,0.1254436053555128,A,0.6036577911282444,0.17920102844951533,0.21714118042224043,A,False,False,False,True,0,1329,5,群馬,大宮,H,2022-10-01,0,13,13,1.0,A,H,D,0.6036577911282444,0.21714118042224043,0.17920102844951533,0.38651661070600396,0.8207989715504848,0.8596348721783247,0.4349998453191464,False,True,1
26931,2022-10-01,ザスパクサツ群馬,大宮,H,群馬,大宮,0.5152047773543412,0.2065223255122666,0.2782728971333922,A,0.7363373117890988,0.1382190828553884,0.1254436053555128,A,0.6036577911282444,0.17920102844951533,0.21714118042224043,A,False,False,False,True,0,1329,10,群馬,大宮,H,2022-10-01,0,13,13,1.0,A,H,D,0.6036577911282444,0.21714118042224043,0.17920102844951533,0.38651661070600396,0.8207989715504848,0.8596348721783247,0.4349998453191464,False,True,2
26933,2022-10-01,徳島,町田,H,徳島,町田,0.2853715419741897,0.2275412178061525,0.4870872402196578,H,0.2335881485207893,0.249957242794393,0.5164546086848177,H,0.2646581845928295,0.2365076278014487,0.4988341876057218,H,True,True,True,True,0,1329,13,徳島,町田,H,2022-10-01,0,13,13,1.0,H,A,D,0.4988341876057218,0.2646581845928295,0.2365076278014487,0.23417600301289226,0.7634923721985514,0.9464076782976392,0.3171554498175593,True,True,3
26930,2022-10-01,山形,新潟,D,山形,新潟,0.3382492321094988,0.2592675558071274,0.4024832120833737,H,0.20167090526844,0.1631564626122998,0.6351726321192602,H,0.2836179013730753,0.2208231185291964,0.4955589800977283,H,False,False,False,True,0,1329,11,山形,新潟,D,2022-10-01,0,13,13,1.0,H,A,D,0.4955589800977283,0.2836179013730753,0.2208231185291964,0.211941078724653,0.7791768814708036,0.9455938087074038,0.30806215685612554,False,False,4
27605,2022-10-01,福岡,神戸,A,福岡,神戸,0.3972475914181371,0.2965967532420936,0.3061556553397692,A,0.5223319379088912,0.2819602856536931,0.1957077764374156,A,0.4472813300144388,0.29074216620673343,0.26197650377882786,A,True,True,True,True,0,1329,1,福岡,神戸,A,2022-10-01,0,13,13,1.0,A,D,H,0.4472813300144388,0.29074216620673343,0.26197650377882786,0.15653916380770538,0.7380234962211722,0.9739057539089864,0.26128415505739705,True,True,5
27605,2022-10-01,福岡,神戸,A,福岡,神戸,0.3972475914181371,0.2965967532420936,0.3061556553397692,A,0.5223319379088912,0.2819602856536931,0.1957077764374156,A,0.4472813300144388,0.29074216620673343,0.26197650377882786,A,True,True,True,True,0,1329,6,福岡,神戸,A,2022-10-01,0,13,13,1.0,A,D,H,0.4472813300144388,0.29074216620673343,0.26197650377882786,0.15653916380770538,0.7380234962211722,0.9739057539089864,0.26128415505739705,True,True,6
27599,2022-10-01,鹿島,FC東京,A,鹿島,fc東京,0.3551316318704215,0.2108282686828007,0.4340400994467777,H,0.6047807426908549,0.0974624424542937,0.2977568148548514,A,0.4549912761985949,0.1654819381913979,0.3795267856100072,A,False,True,True,False,0,1329,2,鹿島,FC東京,A,2022-10-01,0,13,13,1.0,A,H,D,0.4549912761985949,0.3795267856100072,0.1654819381913979,0.07546449058858773,0.8345180618086021,0.9317904991037245,0.2448005461746285,True,True,7
27599,2022-10-01,鹿島,FC東京,A,鹿島,fc東京,0.3551316318704215,0.2108282686828007,0.4340400994467777,H,0.6047807426908549,0.0974624424542937,0.2977568148548514,A,0.4549912761985949,0.1654819381913979,0.3795267856100072,A,False,True,True,False,0,1329,7,鹿島,FC東京,A,2022-10-01,0,13,13,1.0,A,H,D,0.4549912761985949,0.3795267856100072,0.1654819381913979,0.07546449058858773,0.8345180618086021,0.9317904991037245,0.2448005461746285,True,True,8
26934,2022-10-01,FC琉球,横浜FC,A,琉球,横浜fc,0.2975201302733659,0.4117968017498325,0.2906830679768016,D,0.3430802599302167,0.3525565213321395,0.3043632187376437,D,0.3157441821361063,0.3881006895827553,0.2961551282811385,D,False,False,False,True,0,1329,12,琉球,横浜FC,A,2022-10-01,0,13,13,1.0,D,A,H,0.3881006895827553,0.3157441821361063,0.2961551282811385,0.07235650744664901,0.7038448717188616,0.9937205309542421,0.2012259817277186,False,True,9
27602,2022-10-01,G大阪,柏,D,g大阪,柏,0.3497150765134347,0.2519999100043641,0.3982850134822012,H,0.4258078138845265,0.3250716200042512,0.2491205661112222,A,0.3801521714618714,0.281228594004319,0.3386192345338096,A,False,False,False,False,0,1329,4,G大阪,柏,D,2022-10-01,0,13,13,1.0,A,H,D,0.3801521714618714,0.3386192345338096,0.281228594004319,0.041532936928061814,0.718771405995681,0.9931835820623108,0.18696828867020163,False,False,10
27602,2022-10-01,G大阪,柏,D,g大阪,柏,0.3497150765134347,0.2519999100043641,0.3982850134822012,H,0.4258078138845265,0.3250716200042512,0.2491205661112222,A,0.3801521714618714,0.281228594004319,0.3386192345338096,A,False,False,False,False,0,1329,9,G大阪,柏,D,2022-10-01,0,13,13,1.0,A,H,D,0.3801521714618714,0.3386192345338096,0.281228594004319,0.041532936928061814,0.718771405995681,0.9931835820623108,0.18696828867020163,False,False,11
27601,2022-10-01,名古屋,横浜FM,A,名古屋,横浜fm,0.3776543411085475,0.3053017984878165,0.3170438604036359,A,0.3093944451345168,0.4411292459053713,0.2494763089601119,D,0.35035038271893526,0.35963277745483846,0.29001683982622634,D,True,False,False,False,0,1329,3,名古屋,横浜FM,A,2022-10-01,0,13,13,1.0,D,A,H,0.35963277745483846,0.35035038271893526,0.29001683982622634,0.009282394735903199,0.7099831601737737,0.9960100717870791,0.1658815736548276,False,True,12
27601,2022-10-01,名古屋,横浜FM,A,名古屋,横浜fm,0.3776543411085475,0.3053017984878165,0.3170438604036359,A,0.3093944451345168,0.4411292459053713,0.2494763089601119,D,0.35035038271893526,0.35963277745483846,0.29001683982622634,D,True,False,False,False,0,1329,8,名古屋,横浜FM,A,2022-10-01,0,13,13,1.0,D,A,H,0.35963277745483846,0.35035038271893526,0.29001683982622634,0.009282394735903199,0.7099831601737737,0.9960100717870791,0.1658815736548276,False,True,13
26945,2022-10-08,いわてグルージャ盛岡,東京V,A,岩手,東京v,0.3303924240780722,0.219523017509594,0.4500845584123337,H,0.3532800269400489,0.1101173798310886,0.5366025932288625,H,0.33954746522286294,0.17576076243819183,0.4846917723389453,H,False,False,False,True,0,1330,5,岩手,東京V,A,2022-10-08,0,13,13,1.0,H,A,D,0.4846917723389453,0.33954746522286294,0.17576076243819183,0.14514430711608234,0.8242392375618082,0.9315176270375395,0.28260827963564633,False,True,1
26945,2022-10-08,いわてグルージャ盛岡,東京V,A,岩手,東京v,0.3303924240780722,0.219523017509594,0.4500845584123337,H,0.3532800269400489,0.1101173798310886,0.5366025932288625,H,0.33954746522286294,0.17576076243819183,0.4846917723389453,H,False,False,False,True,0,1330,10,岩手,東京V,A,2022-10-08,0,13,13,1.0,H,A,D,0.4846917723389453,0.33954746522286294,0.17576076243819183,0.14514430711608234,0.8242392375618082,0.9315176270375395,0.28260827963564633,False,True,2
27613,2022-10-08,磐田,鹿島,D,磐田,鹿島,0.4205150281947984,0.2750258112533428,0.3044591605518587,A,0.4931382258391825,0.3148348866912114,0.1920268874696061,A,0.449564307252552,0.2909494414284902,0.2594862513189577,A,False,False,False,True,0,1330,2,磐田,鹿島,D,2022-10-08,0,13,13,1.0,A,D,H,0.449564307252552,0.2909494414284902,0.2594862513189577,0.15861486582406176,0.7405137486810422,0.9727583083682734,0.26326747962841535,False,True,3
27613,2022-10-08,磐田,鹿島,D,磐田,鹿島,0.4205150281947984,0.2750258112533428,0.3044591605518587,A,0.4931382258391825,0.3148348866912114,0.1920268874696061,A,0.449564307252552,0.2909494414284902,0.2594862513189577,A,False,False,False,True,0,1330,7,磐田,鹿島,D,2022-10-08,0,13,13,1.0,A,D,H,0.449564307252552,0.2909494414284902,0.2594862513189577,0.15861486582406176,0.7405137486810422,0.9727583083682734,0.26326747962841535,False,True,4
27612,2022-10-08,横浜FM,G大阪,A,横浜fm,g大阪,0.262891492871048,0.3135768928262313,0.4235316143027206,H,0.2116231944279402,0.3043624152052008,0.4840143903668589,H,0.2423841734938049,0.3098911017778192,0.4477247247283759,H,False,False,False,True,0,1330,1,横浜FM,G大阪,A,2022-10-08,0,13,13,1.0,H,D,A,0.4477247247283759,0.3098911017778192,0.2423841734938049,0.13783362295055668,0.7576158265061951,0.9706278258246305,0.2555923289955379,False,False,5
27612,2022-10-08,横浜FM,G大阪,A,横浜fm,g大阪,0.262891492871048,0.3135768928262313,0.4235316143027206,H,0.2116231944279402,0.3043624152052008,0.4840143903668589,H,0.2423841734938049,0.3098911017778192,0.4477247247283759,H,False,False,False,True,0,1330,6,横浜FM,G大阪,A,2022-10-08,0,13,13,1.0,H,D,A,0.4477247247283759,0.3098911017778192,0.2423841734938049,0.13783362295055668,0.7576158265061951,0.9706278258246305,0.2555923289955379,False,False,6
26942,2022-10-08,秋田,千葉,H,秋田,千葉,0.2704717869727905,0.3362280031588718,0.3933002098683377,H,0.2926967787861398,0.2572961707510996,0.4500070504627607,H,0.2793617836981302,0.3046552701957629,0.4159829461061068,H,True,True,True,True,0,1330,12,秋田,千葉,H,2022-10-08,0,13,13,1.0,H,D,A,0.4159829461061068,0.3046552701957629,0.2793617836981302,0.11132767591034393,0.7206382163018696,0.9859930943708122,0.228958393442206,True,True,7
27608,2022-10-08,浦和,鳥栖,H,浦和,鳥栖,0.3215495626429286,0.2661080184128629,0.4123424189442083,H,0.2211719762936682,0.3766830328725229,0.4021449908338089,H,0.2813985281032244,0.3103380241967269,0.4082634477000486,H,True,True,True,True,0,1330,4,浦和,鳥栖,H,2022-10-08,0,13,13,1.0,H,D,A,0.4082634477000486,0.3103380241967269,0.2813985281032244,0.09792542350332167,0.7186014718967755,0.9882220137561805,0.22034804693994836,True,True,8
27608,2022-10-08,浦和,鳥栖,H,浦和,鳥栖,0.3215495626429286,0.2661080184128629,0.4123424189442083,H,0.2211719762936682,0.3766830328725229,0.4021449908338089,H,0.2813985281032244,0.3103380241967269,0.4082634477000486,H,True,True,True,True,0,1330,9,浦和,鳥栖,H,2022-10-08,0,13,13,1.0,H,D,A,0.4082634477000486,0.3103380241967269,0.2813985281032244,0.09792542350332167,0.7186014718967755,0.9882220137561805,0.22034804693994836,True,True,9
26944,2022-10-08,V・ファーレン長崎,徳島,A,長崎,徳島,0.3324694768269561,0.3164302065393917,0.351100316633652,H,0.4879476888564611,0.2190675035210673,0.2929848076224715,A,0.3946607616387582,0.277485125332062,0.3278541130291799,A,False,True,True,False,0,1330,11,長崎,徳島,A,2022-10-08,0,13,13,1.0,A,H,D,0.3946607616387582,0.3278541130291799,0.277485125332062,0.0668066486095783,0.7225148746679381,0.9905938035043114,0.20286090904993132,True,True,10
26943,2022-10-08,新潟,仙台,H,新潟,仙台,0.3124770817153559,0.3467470033739288,0.3407759149107153,D,0.2835404956656409,0.4037307800196512,0.3127287243147078,D,0.3009024472954699,0.3695405140322177,0.3295570386723123,D,False,False,False,True,0,1330,13,新潟,仙台,H,2022-10-08,0,13,13,1.0,D,H,A,0.3695405140322177,0.3295570386723123,0.3009024472954699,0.03998347535990543,0.69909755270453,0.9967670153892135,0.18093404461262216,False,True,11
27614,2022-10-08,京都,名古屋,D,京都,名古屋,0.2849940615964574,0.3260208249947391,0.3889851134088034,H,0.2637483721011164,0.3839580498144038,0.3522935780844797,D,0.276495785798321,0.349195714922605,0.3743084992790739,H,False,True,False,False,0,1330,3,京都,名古屋,D,2022-10-08,0,13,13,1.0,H,D,A,0.3743084992790739,0.349195714922605,0.276495785798321,0.02511278435646891,0.7235042142016789,0.9927725973892555,0.17867377972249626,False,True,12
27614,2022-10-08,京都,名古屋,D,京都,名古屋,0.2849940615964574,0.3260208249947391,0.3889851134088034,H,0.2637483721011164,0.3839580498144038,0.3522935780844797,D,0.276495785798321,0.349195714922605,0.3743084992790739,H,False,True,False,False,0,1330,8,京都,名古屋,D,2022-10-08,0,13,13,1.0,H,D,A,0.3743084992790739,0.349195714922605,0.276495785798321,0.02511278435646891,0.7235042142016789,0.9927725973892555,0.17867377972249626,False,True,13
27227,2022-10-15,松本山雅FC,FC岐阜,H,松本,岐阜,0.256293337745115,0.2531371100385421,0.4905695522163428,H,0.2083523478153081,0.2087402225755667,0.5829074296091251,H,0.2371169417731922,0.235378355053352,0.5275047031734558,H,True,True,True,True,0,1331,5,松本,岐阜,H,2022-10-15,0,13,13,1.0,H,A,D,0.5275047031734558,0.2371169417731922,0.235378355053352,0.29038776140026357,0.764621644946648,0.9276602800247885,0.35348077691318963,True,True,1
27227,2022-10-15,松本山雅FC,FC岐阜,H,松本,岐阜,0.256293337745115,0.2531371100385421,0.4905695522163428,H,0.2083523478153081,0.2087402225755667,0.5829074296091251,H,0.2371169417731922,0.235378355053352,0.5275047031734558,H,True,True,True,True,0,1331,10,松本,岐阜,H,2022-10-15,0,13,13,1.0,H,A,D,0.5275047031734558,0.2371169417731922,0.235378355053352,0.29038776140026357,0.764621644946648,0.9276602800247885,0.35348077691318963,True,True,2
27229,2022-10-16,アスルクラロ沼津,いわきFC,A,沼津,いわき,0.4503545148909668,0.2857176347856919,0.2639278503233412,A,0.5964558791013971,0.1999111253578695,0.2036329955407334,A,0.508795060575139,0.25139503101456295,0.23980990841029814,A,True,True,True,True,0,1331,11,沼津,いわき,A,2022-10-15,0,13,13,1.0,A,D,H,0.508795060575139,0.25139503101456295,0.23980990841029814,0.25740002956057606,0.760190091589702,0.94058037128559,0.3309317133478962,True,True,3
26958,2022-10-16,横浜FC,ツエーゲン金沢,A,横浜fc,金沢,0.367379134797472,0.2320763792704317,0.4005444859320963,H,0.5467745140189226,0.1550530629428454,0.2981724230382319,A,0.4391372864860522,0.2012670527393972,0.3595956607745505,A,False,True,True,False,0,1331,3,横浜FC,金沢,A,2022-10-15,0,13,13,1.0,A,H,D,0.4391372864860522,0.3595956607745505,0.2012670527393972,0.0795416257115017,0.7987329472606027,0.9574135341473256,0.233968641088284,True,True,4
26958,2022-10-16,横浜FC,ツエーゲン金沢,A,横浜fc,金沢,0.367379134797472,0.2320763792704317,0.4005444859320963,H,0.5467745140189226,0.1550530629428454,0.2981724230382319,A,0.4391372864860522,0.2012670527393972,0.3595956607745505,A,False,True,True,False,0,1331,8,横浜FC,金沢,A,2022-10-15,0,13,13,1.0,A,H,D,0.4391372864860522,0.3595956607745505,0.2012670527393972,0.0795416257115017,0.7987329472606027,0.9574135341473256,0.233968641088284,True,True,5
27233,2022-10-16,富山,藤枝MYFC,A,富山,藤枝,0.2263654016176116,0.3105875293213703,0.463047069061018,H,0.1891588969245379,0.4233944427400358,0.3874466603354263,D,0.21148279974038212,0.3557102946888366,0.43280690557078133,H,False,False,False,False,0,1331,13,富山,藤枝,A,2022-10-15,0,13,13,1.0,H,D,A,0.43280690557078133,0.3557102946888366,0.21148279974038212,0.07709661088194475,0.7885172002596179,0.9636685143388598,0.2290132184477603,False,False,6
26962,2022-10-16,徳島,大宮,H,徳島,大宮,0.3156297493279188,0.2769237649511918,0.4074464857208894,H,0.4010901700856755,0.1929411762827926,0.4059686536315319,H,0.3498139176310215,0.2433307294838321,0.4068553528851464,H,True,True,True,True,0,1331,4,徳島,大宮,H,2022-10-15,0,13,13,1.0,H,A,D,0.4068553528851464,0.3498139176310215,0.2433307294838321,0.05704143525412492,0.756669270516168,0.9805278776372848,0.20694383560980265,True,True,7
26962,2022-10-16,徳島,大宮,H,徳島,大宮,0.3156297493279188,0.2769237649511918,0.4074464857208894,H,0.4010901700856755,0.1929411762827926,0.4059686536315319,H,0.3498139176310215,0.2433307294838321,0.4068553528851464,H,True,True,True,True,0,1331,9,徳島,大宮,H,2022-10-15,0,13,13,1.0,H,A,D,0.4068553528851464,0.3498139176310215,0.2433307294838321,0.05704143525412492,0.756669270516168,0.9805278776372848,0.20694383560980265,True,True,8
26961,2022-10-16,ザスパクサツ群馬,いわてグルージャ盛岡,H,群馬,岩手,0.3438837914401012,0.2832239242049238,0.372892284354975,H,0.3480265530575936,0.2135577494586975,0.4384156974837088,H,0.3455408960870982,0.2553574543064333,0.3991016496064685,H,True,True,True,True,0,1331,1,群馬,岩手,H,2022-10-15,0,13,13,1.0,H,A,D,0.3991016496064685,0.3455408960870982,0.2553574543064333,0.053560753519370286,0.7446425456935667,0.9852098828314406,0.20130002948840228,True,True,9
26961,2022-10-16,ザスパクサツ群馬,いわてグルージャ盛岡,H,群馬,岩手,0.3438837914401012,0.2832239242049238,0.372892284354975,H,0.3480265530575936,0.2135577494586975,0.4384156974837088,H,0.3455408960870982,0.2553574543064333,0.3991016496064685,H,True,True,True,True,0,1331,6,群馬,岩手,H,2022-10-15,0,13,13,1.0,H,A,D,0.3991016496064685,0.3455408960870982,0.2553574543064333,0.053560753519370286,0.7446425456935667,0.9852098828314406,0.20130002948840228,True,True,10
27230,2022-10-16,ガイナーレ鳥取,ヴァンラーレ八戸,A,鳥取,八戸,0.3010963200921908,0.3529962466216412,0.3459074332861678,D,0.356887565641434,0.3452243966601653,0.2978880376984006,A,0.3234128183118881,0.3498875066370509,0.326699675051061,D,False,True,False,False,0,1331,12,鳥取,八戸,A,2022-10-15,0,13,13,1.0,D,H,A,0.3498875066370509,0.326699675051061,0.3234128183118881,0.023187831585989915,0.6765871816881119,0.9994356677410529,0.1656779854935588,False,False,11
26960,2022-10-16,大分,山形,A,大分,山形,0.3046040621932651,0.3707773400977043,0.3246185977090305,D,0.424090087347341,0.3093793650250777,0.2665305476275812,A,0.35239847225489546,0.34621815006865375,0.30138337767645085,A,False,True,True,False,0,1331,2,大分,山形,A,2022-10-15,0,13,13,1.0,A,D,H,0.35239847225489546,0.34621815006865375,0.30138337767645085,0.006180322186241705,0.6986166223235493,0.9978485570684181,0.16117271386620394,True,True,12
26960,2022-10-16,大分,山形,A,大分,山形,0.3046040621932651,0.3707773400977043,0.3246185977090305,D,0.424090087347341,0.3093793650250777,0.2665305476275812,A,0.35239847225489546,0.34621815006865375,0.30138337767645085,A,False,True,True,False,0,1331,7,大分,山形,A,2022-10-15,0,13,13,1.0,A,D,H,0.35239847225489546,0.34621815006865375,0.30138337767645085,0.006180322186241705,0.6986166223235493,0.9978485570684181,0.16117271386620394,True,True,13
27239,2022-10-23,AC長野パルセイロ,Y.S.C.C.横浜,H,長野,ys横浜,0.2797015310365376,0.251345715666711,0.4689527532967514,H,0.2455809478319465,0.2280939944814954,0.5263250576865581,H,0.26605329775470116,0.24204502719262475,0.4919016750526741,H,True,True,True,True,0,1332,13,長野,YS横浜,H,2022-10-23,0,13,13,1.0,H,A,D,0.4919016750526741,0.26605329775470116,0.24204502719262475,0.22584837729797297,0.7579549728073753,0.9508682178817948,0.31022904225163495,True,True,1
26968,2022-10-23,甲府,いわてグルージャ盛岡,H,甲府,岩手,0.4615937874666523,0.2724354629673803,0.2659707495659674,A,0.5003054979552478,0.3286043142345294,0.1710901878102228,A,0.4770784716620905,0.29490300347424,0.2280185248636695,A,False,False,False,True,0,1332,2,甲府,岩手,H,2022-10-23,0,13,13,1.0,A,D,H,0.4770784716620905,0.29490300347424,0.2280185248636695,0.18217546818785052,0.7719814751363305,0.9559955142308587,0.2872476232675167,False,False,2
26968,2022-10-23,甲府,いわてグルージャ盛岡,H,甲府,岩手,0.4615937874666523,0.2724354629673803,0.2659707495659674,A,0.5003054979552478,0.3286043142345294,0.1710901878102228,A,0.4770784716620905,0.29490300347424,0.2280185248636695,A,False,False,False,True,0,1332,7,甲府,岩手,H,2022-10-23,0,13,13,1.0,A,D,H,0.4770784716620905,0.29490300347424,0.2280185248636695,0.18217546818785052,0.7719814751363305,0.9559955142308587,0.2872476232675167,False,False,3
26973,2022-10-23,FC琉球,大分,H,琉球,大分,0.2639988499219649,0.3315932733568048,0.4044078767212303,H,0.2737850085196148,0.2804375883138633,0.445777403166522,H,0.2679133133610248,0.3111309993396282,0.4209556872993469,H,True,True,True,True,0,1332,11,琉球,大分,H,2022-10-23,0,13,13,1.0,H,D,A,0.4209556872993469,0.3111309993396282,0.2679133133610248,0.10982468795971873,0.732086686638975,0.9833744232702653,0.23119381541655462,True,True,4
26972,2022-10-23,熊本,横浜FC,A,熊本,横浜fc,0.2838369842539708,0.2869539366272746,0.4292090791187547,H,0.172515689506776,0.4116005055060692,0.4158838049871547,H,0.2393084663550929,0.3368125641787924,0.4238789694661147,H,False,False,False,True,0,1332,4,熊本,横浜FC,A,2022-10-23,0,13,13,1.0,H,D,A,0.4238789694661147,0.3368125641787924,0.2393084663550929,0.08706640528732229,0.7606915336449072,0.9762853464712037,0.2259617088160737,False,False,5
26972,2022-10-23,熊本,横浜FC,A,熊本,横浜fc,0.2838369842539708,0.2869539366272746,0.4292090791187547,H,0.172515689506776,0.4116005055060692,0.4158838049871547,H,0.2393084663550929,0.3368125641787924,0.4238789694661147,H,False,False,False,True,0,1332,9,熊本,横浜FC,A,2022-10-23,0,13,13,1.0,H,D,A,0.4238789694661147,0.3368125641787924,0.2393084663550929,0.08706640528732229,0.7606915336449072,0.9762853464712037,0.2259617088160737,False,False,6
26964,2022-10-23,山形,徳島,H,山形,徳島,0.2609609684228527,0.2839222961189246,0.4551167354582226,H,0.169173354836169,0.4778258231023975,0.3530008220614336,D,0.2242459229881792,0.3614837069123138,0.4142703700995069,H,True,False,True,False,0,1332,5,山形,徳島,H,2022-10-23,0,13,13,1.0,H,D,A,0.4142703700995069,0.3614837069123138,0.2242459229881792,0.052786663187193106,0.7757540770118208,0.9722665748491216,0.21044368369047137,True,True,7
26964,2022-10-23,山形,徳島,H,山形,徳島,0.2609609684228527,0.2839222961189246,0.4551167354582226,H,0.169173354836169,0.4778258231023975,0.3530008220614336,D,0.2242459229881792,0.3614837069123138,0.4142703700995069,H,True,False,True,False,0,1332,10,山形,徳島,H,2022-10-23,0,13,13,1.0,H,D,A,0.4142703700995069,0.3614837069123138,0.2242459229881792,0.052786663187193106,0.7757540770118208,0.9722665748491216,0.21044368369047137,True,True,8
26967,2022-10-23,東京V,岡山,H,東京v,岡山,0.3166233384118349,0.2973878730915404,0.3859887884966247,H,0.2989894769572184,0.3025184747960708,0.3984920482467107,H,0.3095697938299883,0.2994401137733525,0.3909900923966591,H,True,True,True,True,0,1332,1,東京V,岡山,H,2022-10-23,0,13,13,1.0,H,A,D,0.3909900923966591,0.3095697938299883,0.2994401137733525,0.08142029856667082,0.7005598862266473,0.993287779268894,0.20578509022305258,True,True,9
26967,2022-10-23,東京V,岡山,H,東京v,岡山,0.3166233384118349,0.2973878730915404,0.3859887884966247,H,0.2989894769572184,0.3025184747960708,0.3984920482467107,H,0.3095697938299883,0.2994401137733525,0.3909900923966591,H,True,True,True,True,0,1332,6,東京V,岡山,H,2022-10-23,0,13,13,1.0,H,A,D,0.3909900923966591,0.3095697938299883,0.2994401137733525,0.08142029856667082,0.7005598862266473,0.993287779268894,0.20578509022305258,True,True,10
27240,2022-10-23,カマタマーレ讃岐,SC相模原,D,讃岐,相模原,0.3607571939799939,0.2700743378524211,0.369168468167585,H,0.4606869253170391,0.2103542793167212,0.3289587953662397,A,0.40072908651481204,0.24618631443814112,0.35308459904704687,A,False,False,False,False,0,1332,12,讃岐,相模原,D,2022-10-23,0,13,13,1.0,A,H,D,0.40072908651481204,0.35308459904704687,0.24618631443814112,0.04764448746776517,0.7538136855618589,0.9822424418869937,0.20055517116798446,False,False,11
26969,2022-10-23,新潟,町田,H,新潟,町田,0.397532699276805,0.3092229934466458,0.2932443072765491,A,0.3740463283289859,0.4809952797187614,0.1449583919522527,D,0.3881381508976774,0.3779319079554921,0.23392994114683055,A,False,False,False,False,0,1332,3,新潟,町田,H,2022-10-23,0,13,13,1.0,A,D,H,0.3881381508976774,0.3779319079554921,0.23392994114683055,0.010206242942185306,0.7660700588531695,0.9784278079953562,0.18254879133464846,False,False,12
26969,2022-10-23,新潟,町田,H,新潟,町田,0.397532699276805,0.3092229934466458,0.2932443072765491,A,0.3740463283289859,0.4809952797187614,0.1449583919522527,D,0.3881381508976774,0.3779319079554921,0.23392994114683055,A,False,False,False,False,0,1332,8,新潟,町田,H,2022-10-23,0,13,13,1.0,A,D,H,0.3881381508976774,0.3779319079554921,0.23392994114683055,0.010206242942185306,0.7660700588531695,0.9784278079953562,0.18254879133464846,False,False,13
27246,2022-10-30,ガイナーレ鳥取,藤枝MYFC,D,鳥取,藤枝,0.3206964849576799,0.2275326701222363,0.4517708449200837,H,0.2558389124528511,0.0553966805822264,0.6887644069649225,H,0.2947534559557485,0.15867827430623233,0.5465682697380193,H,False,False,False,True,0,1333,12,鳥取,藤枝,D,2022-10-29,0,13,13,1.0,H,A,D,0.5465682697380193,0.2947534559557485,0.15867827430623233,0.25181481378227083,0.8413217256937677,0.8941847862865293,0.35525394894859763,False,False,1
27617,2022-10-29,横浜FM,浦和,H,横浜fm,浦和,0.2699890976134321,0.2053699000100906,0.5246410023764773,H,0.2931096459138146,0.1966984784058701,0.5101918756803153,H,0.2792373169335851,0.2019013313684024,0.5188613516980125,H,True,True,True,True,0,1333,6,横浜FM,浦和,H,2022-10-29,0,13,13,1.0,H,A,D,0.5188613516980125,0.2792373169335851,0.2019013313684024,0.2396240347644274,0.7980986686315976,0.9281646146358217,0.3317230975044909,True,True,2
27250,2022-10-30,富山,FC今治,A,富山,今治,0.4317830379292268,0.2673431607214002,0.3008738013493729,A,0.618351670951033,0.2505675325296649,0.131080796519302,A,0.5064104911379494,0.26063290944470613,0.23295659941734453,A,True,True,True,True,0,1333,13,富山,今治,A,2022-10-29,0,13,13,1.0,A,D,H,0.5064104911379494,0.26063290944470613,0.23295659941734453,0.24577758169324332,0.7670434005826556,0.9415685981607557,0.3255931549725613,True,True,3
27623,2022-10-29,広島,札幌,A,広島,札幌,0.2950001765886241,0.2451628949806912,0.4598369284306846,H,0.3542723308001408,0.1620747756064216,0.4836528935934375,H,0.3187090382732308,0.2119276472309833,0.4693633144957858,H,False,False,False,True,0,1333,3,広島,札幌,A,2022-10-29,0,13,13,1.0,H,A,D,0.4693633144957858,0.3187090382732308,0.2119276472309833,0.15065427622255495,0.7880723527690165,0.9541677844592753,0.27310893130914277,False,True,4
27623,2022-10-29,広島,札幌,A,広島,札幌,0.2950001765886241,0.2451628949806912,0.4598369284306846,H,0.3542723308001408,0.1620747756064216,0.4836528935934375,H,0.3187090382732308,0.2119276472309833,0.4693633144957858,H,False,False,False,True,0,1333,9,広島,札幌,A,2022-10-29,0,13,13,1.0,H,A,D,0.4693633144957858,0.3187090382732308,0.2119276472309833,0.15065427622255495,0.7880723527690165,0.9541677844592753,0.27310893130914277,False,True,5
27251,2022-10-30,カマタマーレ讃岐,ギラヴァンツ北九州,D,讃岐,北九州,0.3408796344299379,0.2816373261140312,0.3774830394560308,H,0.2557790398848619,0.1725983859255722,0.5716225741895659,H,0.30683939661190757,0.23802175003864762,0.45513885334944487,H,False,False,False,True,0,1333,5,讃岐,北九州,D,2022-10-29,0,13,13,1.0,H,A,D,0.45513885334944487,0.30683939661190757,0.23802175003864762,0.1482994567375373,0.7619782499613524,0.9670637462702585,0.2633045446113365,False,False,6
27251,2022-10-30,カマタマーレ讃岐,ギラヴァンツ北九州,D,讃岐,北九州,0.3408796344299379,0.2816373261140312,0.3774830394560308,H,0.2557790398848619,0.1725983859255722,0.5716225741895659,H,0.30683939661190757,0.23802175003864762,0.45513885334944487,H,False,False,False,True,0,1333,11,讃岐,北九州,D,2022-10-29,0,13,13,1.0,H,A,D,0.45513885334944487,0.30683939661190757,0.23802175003864762,0.1482994567375373,0.7619782499613524,0.9670637462702585,0.2633045446113365,False,False,7
27616,2022-10-29,川崎F,神戸,H,川崎f,神戸,0.3483877913102845,0.3050619744724435,0.3465502342172719,A,0.3832002557130887,0.3181888464766311,0.2986108978102803,A,0.36231277707140624,0.3103127232741186,0.32737449965447524,A,False,False,False,True,0,1333,1,川崎F,神戸,H,2022-10-29,0,13,13,1.0,A,H,D,0.36231277707140624,0.32737449965447524,0.3103127232741186,0.03493827741693101,0.6896872767258815,0.9980956169870557,0.1756500233806475,False,True,8
27616,2022-10-29,川崎F,神戸,H,川崎f,神戸,0.3483877913102845,0.3050619744724435,0.3465502342172719,A,0.3832002557130887,0.3181888464766311,0.2986108978102803,A,0.36231277707140624,0.3103127232741186,0.32737449965447524,A,False,False,False,True,0,1333,7,川崎F,神戸,H,2022-10-29,0,13,13,1.0,A,H,D,0.36231277707140624,0.32737449965447524,0.3103127232741186,0.03493827741693101,0.6896872767258815,0.9980956169870557,0.1756500233806475,False,True,9
27247,2022-10-30,テゲバジャーロ宮崎,いわきFC,H,宮崎,いわき,0.3434314196375778,0.3114699959088103,0.3450985844536119,H,0.3746256565269881,0.3477118787168988,0.2776624647561131,A,0.3559091143933419,0.3259667490320457,0.3181241365746124,A,True,False,False,False,0,1333,4,宮崎,いわき,H,2022-10-29,0,13,13,1.0,A,D,H,0.3559091143933419,0.3259667490320457,0.3181241365746124,0.029942365361296186,0.6818758634253876,0.998923925943646,0.1708541441647283,False,False,10
27247,2022-10-30,テゲバジャーロ宮崎,いわきFC,H,宮崎,いわき,0.3434314196375778,0.3114699959088103,0.3450985844536119,H,0.3746256565269881,0.3477118787168988,0.2776624647561131,A,0.3559091143933419,0.3259667490320457,0.3181241365746124,A,True,False,False,False,0,1333,10,宮崎,いわき,H,2022-10-29,0,13,13,1.0,A,D,H,0.3559091143933419,0.3259667490320457,0.3181241365746124,0.029942365361296186,0.6818758634253876,0.998923925943646,0.1708541441647283,False,False,11
27622,2022-10-29,G大阪,磐田,H,g大阪,磐田,0.2714139351910434,0.3812718960179068,0.3473141687910498,D,0.367178281127254,0.2992464952345022,0.3335752236382439,A,0.3097196735655276,0.348461735704545,0.3418185907299274,D,False,False,False,False,0,1333,2,G大阪,磐田,H,2022-10-29,0,13,13,1.0,D,H,A,0.348461735704545,0.3418185907299274,0.3097196735655276,0.0066431449746175986,0.6902803264344723,0.9988146798760498,0.15936994583295144,False,True,12
27622,2022-10-29,G大阪,磐田,H,g大阪,磐田,0.2714139351910434,0.3812718960179068,0.3473141687910498,D,0.367178281127254,0.2992464952345022,0.3335752236382439,A,0.3097196735655276,0.348461735704545,0.3418185907299274,D,False,False,False,False,0,1333,8,G大阪,磐田,H,2022-10-29,0,13,13,1.0,D,H,A,0.348461735704545,0.3418185907299274,0.3097196735655276,0.0066431449746175986,0.6902803264344723,0.9988146798760498,0.15936994583295144,False,True,13
27628,2022-11-05,柏,湘南,A,柏,湘南,0.2959275210779221,0.2254631645733217,0.4786093143487561,H,0.1012534298012757,0.2039550714445264,0.6947914987541979,H,0.2180578845672635,0.2168599273218036,0.5650821881109329,H,False,False,False,True,0,1334,6,柏,湘南,A,2022-11-05,0,13,13,1.0,H,A,D,0.5650821881109329,0.2180578845672635,0.2168599273218036,0.3470243035436694,0.7831400726781964,0.897597931952766,0.39622590449965095,False,True,1
27258,2022-11-06,富山,松本山雅FC,H,富山,松本,0.4851702764260867,0.2232569479231779,0.2915727756507353,A,0.6116266986393819,0.2032142736454415,0.1851590277151766,A,0.5357528453114049,0.21523987821208332,0.24900727647651183,A,False,False,False,True,0,1334,12,富山,松本,H,2022-11-05,0,13,13,1.0,A,H,D,0.5357528453114049,0.24900727647651183,0.21523987821208332,0.28674556883489305,0.7847601217879168,0.9203892469641085,0.35737188008952303,False,True,2
27631,2022-11-05,C大阪,名古屋,A,c大阪,名古屋,0.2337946848142142,0.4158610942543749,0.3503442209314109,D,0.2577967969815464,0.4813813776195835,0.2608218253988701,D,0.24339552968114703,0.44206920760045837,0.31453526271839466,D,False,False,False,True,0,1334,3,C大阪,名古屋,A,2022-11-05,0,13,13,1.0,D,H,A,0.44206920760045837,0.31453526271839466,0.24339552968114703,0.1275339448820637,0.756604470318853,0.9726821201742645,0.24903160009407566,False,False,3
27631,2022-11-05,C大阪,名古屋,A,c大阪,名古屋,0.2337946848142142,0.4158610942543749,0.3503442209314109,D,0.2577967969815464,0.4813813776195835,0.2608218253988701,D,0.24339552968114703,0.44206920760045837,0.31453526271839466,D,False,False,False,True,0,1334,9,C大阪,名古屋,A,2022-11-05,0,13,13,1.0,D,H,A,0.44206920760045837,0.31453526271839466,0.24339552968114703,0.1275339448820637,0.756604470318853,0.9726821201742645,0.24903160009407566,False,False,4
27253,2022-11-06,ヴァンラーレ八戸,Y.S.C.C.横浜,A,八戸,ys横浜,0.3939674199017073,0.2334641030602146,0.3725684770380781,A,0.5364306628210203,0.1370273763071755,0.3265419608718042,A,0.4509527170694325,0.19488941235899895,0.35415787057156856,A,True,True,True,True,0,1334,4,八戸,YS横浜,A,2022-11-05,0,13,13,1.0,A,H,D,0.4509527170694325,0.35415787057156856,0.19488941235899895,0.09679484649786396,0.8051105876410011,0.9516213652905304,0.24648264589739097,True,True,5
27253,2022-11-06,ヴァンラーレ八戸,Y.S.C.C.横浜,A,八戸,ys横浜,0.3939674199017073,0.2334641030602146,0.3725684770380781,A,0.5364306628210203,0.1370273763071755,0.3265419608718042,A,0.4509527170694325,0.19488941235899895,0.35415787057156856,A,True,True,True,True,0,1334,10,八戸,YS横浜,A,2022-11-05,0,13,13,1.0,A,H,D,0.4509527170694325,0.35415787057156856,0.19488941235899895,0.09679484649786396,0.8051105876410011,0.9516213652905304,0.24648264589739097,True,True,6
27255,2022-11-06,いわきFC,鹿児島ユナイテッドFC,H,いわき,鹿児島,0.2847511222280753,0.3396137208583657,0.3756351569135591,H,0.2854467593773028,0.2538022759379448,0.4607509646847523,H,0.2850293770877663,0.3052891428901974,0.4096814800220364,H,True,True,True,True,0,1334,13,いわき,鹿児島,H,2022-11-05,0,13,13,1.0,H,D,A,0.4096814800220364,0.3052891428901974,0.2850293770877663,0.10439233713183904,0.7149706229122338,0.9881304890480384,0.22326788619645238,True,True,7
27260,2022-11-06,ギラヴァンツ北九州,SC相模原,H,北九州,相模原,0.3775079674564123,0.3456164121096099,0.2768756204339778,A,0.4772437177992124,0.389323864244819,0.1334324179559686,A,0.4174022675935323,0.3630993929636936,0.2194983394427741,A,False,False,False,True,0,1334,5,北九州,相模原,H,2022-11-05,0,13,13,1.0,A,D,H,0.4174022675935323,0.3630993929636936,0.2194983394427741,0.05430287462983868,0.7805016605572259,0.9697545343648933,0.2128861196645544,False,False,8
27260,2022-11-06,ギラヴァンツ北九州,SC相模原,H,北九州,相模原,0.3775079674564123,0.3456164121096099,0.2768756204339778,A,0.4772437177992124,0.389323864244819,0.1334324179559686,A,0.4174022675935323,0.3630993929636936,0.2194983394427741,A,False,False,False,True,0,1334,11,北九州,相模原,H,2022-11-05,0,13,13,1.0,A,D,H,0.4174022675935323,0.3630993929636936,0.2194983394427741,0.05430287462983868,0.7805016605572259,0.9697545343648933,0.2128861196645544,False,False,9
27627,2022-11-05,浦和,福岡,D,浦和,福岡,0.2622197471354601,0.3559948955430277,0.3817853573215122,H,0.2667233849253519,0.3095564030049271,0.4237202120697209,H,0.26402120225141684,0.33741949852778746,0.39855929922079575,H,False,False,False,True,0,1334,1,浦和,福岡,D,2022-11-05,0,13,13,1.0,H,D,A,0.39855929922079575,0.33741949852778746,0.26402120225141684,0.061139800693008284,0.7359787977485832,0.9874459532553863,0.2032614242408337,False,True,10
27627,2022-11-05,浦和,福岡,D,浦和,福岡,0.2622197471354601,0.3559948955430277,0.3817853573215122,H,0.2667233849253519,0.3095564030049271,0.4237202120697209,H,0.26402120225141684,0.33741949852778746,0.39855929922079575,H,False,False,False,True,0,1334,7,浦和,福岡,D,2022-11-05,0,13,13,1.0,H,D,A,0.39855929922079575,0.33741949852778746,0.26402120225141684,0.061139800693008284,0.7359787977485832,0.9874459532553863,0.2032614242408337,False,True,11
27630,2022-11-05,磐田,京都,D,磐田,京都,0.3442184881251109,0.25123443813223,0.404547073742659,H,0.4366728005374518,0.2110615200675072,0.352265679395041,A,0.3812002130900472,0.2351652709063409,0.3836345160036118,H,False,False,False,False,0,1334,2,磐田,京都,D,2022-11-05,0,13,13,1.0,H,A,D,0.3836345160036118,0.3812002130900472,0.2351652709063409,0.002434302913564612,0.764834729093659,0.9790367677480067,0.17768018467177157,False,False,12
27630,2022-11-05,磐田,京都,D,磐田,京都,0.3442184881251109,0.25123443813223,0.404547073742659,H,0.4366728005374518,0.2110615200675072,0.352265679395041,A,0.3812002130900472,0.2351652709063409,0.3836345160036118,H,False,False,False,False,0,1334,8,磐田,京都,D,2022-11-05,0,13,13,1.0,H,A,D,0.3836345160036118,0.3812002130900472,0.2351652709063409,0.002434302913564612,0.764834729093659,0.9790367677480067,0.17768018467177157,False,False,13
28473,2023-02-18,磐田,岡山,A,磐田,岡山,0.2241034366046385,0.4661911965141701,0.3097053668811913,D,0.0938552755929453,0.6483907280079351,0.2577539963991196,D,0.1720041721999612,0.5390710091116762,0.2889248186883626,D,False,False,False,True,0,1351,12,磐田,岡山,A,2023-02-18,0,13,13,1.0,D,H,A,0.5390710091116762,0.2889248186883626,0.1720041721999612,0.25014619042331354,0.8279958278000388,0.9053149368855016,0.3490701333713137,False,False,1
28471,2023-02-18,ザスパクサツ群馬,秋田,D,群馬,秋田,0.2986729263158986,0.4240614735668814,0.27726560011722,D,0.2607409938647185,0.5881328653533152,0.1511261407819663,D,0.28350015333542655,0.48969003028145497,0.22680981638311853,D,True,True,True,True,0,1351,13,群馬,秋田,D,2023-02-18,0,13,13,1.0,D,A,H,0.48969003028145497,0.28350015333542655,0.22680981638311853,0.20618987694602842,0.7731901836168815,0.9498338296934785,0.30256020461906896,True,True,2
28475,2023-02-18,V・ファーレン長崎,千葉,A,長崎,千葉,0.3721893140199557,0.3692690502236962,0.258541635756348,A,0.2378450359732817,0.635087958817344,0.1270670052093742,D,0.31845160280128615,0.47559661366115535,0.20595178353755852,D,True,False,False,False,0,1351,11,長崎,千葉,A,2023-02-18,0,13,13,1.0,D,A,H,0.47559661366115535,0.31845160280128615,0.20595178353755852,0.1571450108598692,0.7940482164624415,0.9496369571253579,0.2790918385234026,False,True,3
28472,2023-02-18,清水,水戸,D,清水,水戸,0.3419724602906814,0.4073968725071604,0.2506306672021582,D,0.3071164192643125,0.5400842098710805,0.152799370864607,D,0.32803004388013385,0.4604718074527285,0.21149814866713773,D,True,True,True,True,0,1351,5,清水,水戸,D,2023-02-18,0,13,13,1.0,D,A,H,0.4604718074527285,0.32803004388013385,0.21149814866713773,0.13244176357259463,0.7885018513328623,0.9569407880903628,0.2621787729860634,True,True,4
28472,2023-02-18,清水,水戸,D,清水,水戸,0.3419724602906814,0.4073968725071604,0.2506306672021582,D,0.3071164192643125,0.5400842098710805,0.152799370864607,D,0.32803004388013385,0.4604718074527285,0.21149814866713773,D,True,True,True,True,0,1351,10,清水,水戸,D,2023-02-18,0,13,13,1.0,D,A,H,0.4604718074527285,0.32803004388013385,0.21149814866713773,0.13244176357259463,0.7885018513328623,0.9569407880903628,0.2621787729860634,True,True,5
28169,2023-02-18,広島,札幌,D,広島,札幌,0.2812932958654057,0.3790034380971243,0.33970326603747,D,0.2282099219891568,0.4765294073401389,0.2952606706707043,D,0.2600599463149061,0.4180138257943301,0.3219262278907637,D,True,True,True,True,0,1351,2,広島,札幌,D,2023-02-18,0,13,13,1.0,D,H,A,0.4180138257943301,0.3219262278907637,0.2600599463149061,0.09608759790356641,0.7399400536850937,0.9828311836257522,0.22517064414854637,True,True,6
28169,2023-02-18,広島,札幌,D,広島,札幌,0.2812932958654057,0.3790034380971243,0.33970326603747,D,0.2282099219891568,0.4765294073401389,0.2952606706707043,D,0.2600599463149061,0.4180138257943301,0.3219262278907637,D,True,True,True,True,0,1351,7,広島,札幌,D,2023-02-18,0,13,13,1.0,D,H,A,0.4180138257943301,0.3219262278907637,0.2600599463149061,0.09608759790356641,0.7399400536850937,0.9828311836257522,0.22517064414854637,True,True,7
28170,2023-02-18,柏,G大阪,D,柏,g大阪,0.3579774863991511,0.3643028811612397,0.277719632439609,D,0.3463398391329564,0.5117551135167465,0.1419050473502971,D,0.3533224274926733,0.4232837741034425,0.2233937984038843,D,True,True,True,True,0,1351,3,柏,G大阪,D,2023-02-18,0,13,13,1.0,D,A,H,0.4232837741034425,0.3533224274926733,0.2233937984038843,0.06996134661076919,0.7766062015961157,0.970603374292684,0.22084349480178156,True,True,8
28170,2023-02-18,柏,G大阪,D,柏,g大阪,0.3579774863991511,0.3643028811612397,0.277719632439609,D,0.3463398391329564,0.5117551135167465,0.1419050473502971,D,0.3533224274926733,0.4232837741034425,0.2233937984038843,D,True,True,True,True,0,1351,8,柏,G大阪,D,2023-02-18,0,13,13,1.0,D,A,H,0.4232837741034425,0.3533224274926733,0.2233937984038843,0.06996134661076919,0.7766062015961157,0.970603374292684,0.22084349480178156,True,True,9
28167,2023-02-18,C大阪,新潟,D,c大阪,新潟,0.3629490021700077,0.2503210259219098,0.3867299719080824,H,0.4201421577419981,0.1748643054266552,0.4049935368313466,A,0.3858262643988039,0.22013833772380806,0.3940353978773881,H,False,False,False,False,0,1351,1,C大阪,新潟,D,2023-02-18,0,13,13,1.0,H,A,D,0.3940353978773881,0.3858262643988039,0.22013833772380806,0.008209133478584207,0.779861662276192,0.9717702154181233,0.18583508267870447,False,False,10
28167,2023-02-18,C大阪,新潟,D,c大阪,新潟,0.3629490021700077,0.2503210259219098,0.3867299719080824,H,0.4201421577419981,0.1748643054266552,0.4049935368313466,A,0.3858262643988039,0.22013833772380806,0.3940353978773881,H,False,False,False,False,0,1351,6,C大阪,新潟,D,2023-02-18,0,13,13,1.0,H,A,D,0.3940353978773881,0.3858262643988039,0.22013833772380806,0.008209133478584207,0.779861662276192,0.9717702154181233,0.18583508267870447,False,False,11
28474,2023-02-18,レノファ山口FC,大宮,H,山口,大宮,0.3113552330276853,0.3442442002630017,0.3444005667093129,H,0.3639941559096071,0.2825156642106938,0.353490179879699,A,0.33241080218045405,0.31955278584207863,0.34803641197746743,H,True,False,True,False,0,1351,4,山口,大宮,H,2023-02-18,0,13,13,1.0,H,A,D,0.34803641197746743,0.33241080218045405,0.31955278584207863,0.015625609797013384,0.6804472141579214,0.9994449842405477,0.16219635197070548,True,True,12
28474,2023-02-18,レノファ山口FC,大宮,H,山口,大宮,0.3113552330276853,0.3442442002630017,0.3444005667093129,H,0.3639941559096071,0.2825156642106938,0.353490179879699,A,0.33241080218045405,0.31955278584207863,0.34803641197746743,H,True,False,True,False,0,1351,9,山口,大宮,H,2023-02-18,0,13,13,1.0,H,A,D,0.34803641197746743,0.33241080218045405,0.31955278584207863,0.015625609797013384,0.6804472141579214,0.9994449842405477,0.16219635197070548,True,True,13
28489,2023-02-26,水戸,いわきFC,D,水戸,いわき,0.3128094460788991,0.3904103526120752,0.2967802013090257,D,0.1427512210324328,0.6390656018216212,0.2181831771459461,D,0.2447861560603125,0.4898724522958936,0.2653413916437939,D,True,True,True,True,0,1352,13,水戸,いわき,D,2023-02-25,0,13,13,1.0,D,H,A,0.4898724522958936,0.2653413916437939,0.2447861560603125,0.2245310606520997,0.7552138439396875,0.9522206083776913,0.30858435308584875,True,True,1
28177,2023-02-25,鹿島,川崎F,A,鹿島,川崎f,0.4594298104004639,0.2443690879002666,0.2962011016992695,A,0.4294965704400449,0.257754924971309,0.312748504588646,A,0.4474565144162963,0.2497234227286836,0.3028200628550201,A,True,True,True,True,0,1352,1,鹿島,川崎F,A,2023-02-25,0,13,13,1.0,A,H,D,0.4474565144162963,0.3028200628550201,0.2497234227286836,0.1446364515612762,0.7502765772713165,0.9721848249269573,0.2575412245483885,True,True,2
28177,2023-02-25,鹿島,川崎F,A,鹿島,川崎f,0.4594298104004639,0.2443690879002666,0.2962011016992695,A,0.4294965704400449,0.257754924971309,0.312748504588646,A,0.4474565144162963,0.2497234227286836,0.3028200628550201,A,True,True,True,True,0,1352,6,鹿島,川崎F,A,2023-02-25,0,13,13,1.0,A,H,D,0.4474565144162963,0.3028200628550201,0.2497234227286836,0.1446364515612762,0.7502765772713165,0.9721848249269573,0.2575412245483885,True,True,3
28179,2023-02-26,広島,新潟,A,広島,新潟,0.3941885154866987,0.2333054356058526,0.3725060489074487,A,0.4822247988504563,0.1447700672395586,0.3730051339099849,A,0.42940302883220177,0.19789128825933502,0.37270568290846323,A,True,True,True,True,0,1352,2,広島,新潟,A,2023-02-25,0,13,13,1.0,A,H,D,0.42940302883220177,0.37270568290846323,0.19789128825933502,0.05669734592373854,0.802108711740665,0.9570610945273283,0.22166321514233364,True,True,4
28179,2023-02-26,広島,新潟,A,広島,新潟,0.3941885154866987,0.2333054356058526,0.3725060489074487,A,0.4822247988504563,0.1447700672395586,0.3730051339099849,A,0.42940302883220177,0.19789128825933502,0.37270568290846323,A,True,True,True,True,0,1352,7,広島,新潟,A,2023-02-25,0,13,13,1.0,A,H,D,0.42940302883220177,0.37270568290846323,0.19789128825933502,0.05669734592373854,0.802108711740665,0.9570610945273283,0.22166321514233364,True,True,5
28484,2023-02-26,岡山,清水,D,岡山,清水,0.3521878397849207,0.3420673068561711,0.3057448533589083,A,0.4698023039880112,0.220964842732848,0.3092328532791408,A,0.3992336254661569,0.2936263212068418,0.3071400533270013,A,False,False,False,True,0,1352,11,岡山,清水,D,2023-02-25,0,13,13,1.0,A,H,D,0.3992336254661569,0.3071400533270013,0.2936263212068418,0.09209357213915564,0.7063736787931583,0.9912206809556194,0.2136437455173512,False,False,6
28483,2023-02-25,藤枝MYFC,V・ファーレン長崎,H,藤枝,長崎,0.2947609955782047,0.4014595199727652,0.3037794844490301,D,0.3194955486592337,0.363332760643587,0.3171716906971792,D,0.3046548168106163,0.3862088162410939,0.3091363669482898,D,False,False,False,True,0,1352,5,藤枝,長崎,H,2023-02-25,0,13,13,1.0,D,H,A,0.3862088162410939,0.3091363669482898,0.3046548168106163,0.0770724492928041,0.6953451831893837,0.9943938174424359,0.20189056107248649,False,True,7
28483,2023-02-25,藤枝MYFC,V・ファーレン長崎,H,藤枝,長崎,0.2947609955782047,0.4014595199727652,0.3037794844490301,D,0.3194955486592337,0.363332760643587,0.3171716906971792,D,0.3046548168106163,0.3862088162410939,0.3091363669482898,D,False,False,False,True,0,1352,10,藤枝,長崎,H,2023-02-25,0,13,13,1.0,D,H,A,0.3862088162410939,0.3091363669482898,0.3046548168106163,0.0770724492928041,0.6953451831893837,0.9943938174424359,0.20189056107248649,False,True,8
28485,2023-02-26,熊本,秋田,A,熊本,秋田,0.3354123636324813,0.3724611857782928,0.2921264505892259,D,0.4309525039328774,0.2254496235220136,0.3435978725451089,A,0.3736284197526398,0.31365656087578114,0.31271501937157914,A,False,True,True,False,0,1352,12,熊本,秋田,A,2023-02-25,0,13,13,1.0,A,D,H,0.3736284197526398,0.31365656087578114,0.31271501937157914,0.05997185887685863,0.6872849806284209,0.9967352295631959,0.18977589358294925,True,True,9
28180,2023-02-26,柏,FC東京,D,柏,fc東京,0.3928217529315997,0.2680196495280256,0.3391585975403746,A,0.3414613849329102,0.201755850804715,0.4567827642623748,H,0.3722776057321239,0.2415141300387014,0.3862082642291747,H,False,False,False,False,0,1352,3,柏,FC東京,D,2023-02-25,0,13,13,1.0,H,A,D,0.3862082642291747,0.3722776057321239,0.2415141300387014,0.01393065849705083,0.7584858699612986,0.9816323532778738,0.18234297872152164,False,False,10
28180,2023-02-26,柏,FC東京,D,柏,fc東京,0.3928217529315997,0.2680196495280256,0.3391585975403746,A,0.3414613849329102,0.201755850804715,0.4567827642623748,H,0.3722776057321239,0.2415141300387014,0.3862082642291747,H,False,False,False,False,0,1352,8,柏,FC東京,D,2023-02-25,0,13,13,1.0,H,A,D,0.3862082642291747,0.3722776057321239,0.2415141300387014,0.01393065849705083,0.7584858699612986,0.9816323532778738,0.18234297872152164,False,False,11
28490,2023-02-26,大分,東京V,H,大分,東京v,0.400962263599135,0.2811507510488262,0.3178869853520387,A,0.2747342998504363,0.264775958839823,0.4604897413097406,H,0.35047107809965555,0.27460083416522496,0.37492808773511943,H,False,True,True,False,0,1352,4,大分,東京V,H,2023-02-25,0,13,13,1.0,H,A,D,0.37492808773511943,0.35047107809965555,0.27460083416522496,0.024457009635463878,0.7253991658347749,0.9923222766839028,0.17881313751643554,True,True,12
28490,2023-02-26,大分,東京V,H,大分,東京v,0.400962263599135,0.2811507510488262,0.3178869853520387,A,0.2747342998504363,0.264775958839823,0.4604897413097406,H,0.35047107809965555,0.27460083416522496,0.37492808773511943,H,False,True,True,False,0,1352,9,大分,東京V,H,2023-02-25,0,13,13,1.0,H,A,D,0.37492808773511943,0.35047107809965555,0.27460083416522496,0.024457009635463878,0.7253991658347749,0.9923222766839028,0.17881313751643554,True,True,13
28493,2023-03-04,徳島,仙台,D,徳島,仙台,0.2963584954717774,0.221421209573647,0.4822202949545755,H,0.2194307494036744,0.2404117604599928,0.5401574901363327,H,0.2655873970445362,0.2290174299281853,0.5053951730272784,H,False,False,False,True,0,1353,4,徳島,仙台,D,2023-03-04,0,13,13,1.0,H,A,D,0.5053951730272784,0.2655873970445362,0.2290174299281853,0.23980777598274222,0.7709825700718147,0.9417059417682598,0.3230193611025831,False,False,1
28493,2023-03-04,徳島,仙台,D,徳島,仙台,0.2963584954717774,0.221421209573647,0.4822202949545755,H,0.2194307494036744,0.2404117604599928,0.5401574901363327,H,0.2655873970445362,0.2290174299281853,0.5053951730272784,H,False,False,False,True,0,1353,9,徳島,仙台,D,2023-03-04,0,13,13,1.0,H,A,D,0.5053951730272784,0.2655873970445362,0.2290174299281853,0.23980777598274222,0.7709825700718147,0.9417059417682598,0.3230193611025831,False,False,2
28184,2023-03-04,京都,FC東京,H,京都,fc東京,0.4195828456301593,0.3416876300976246,0.238729524272216,A,0.5518049259257015,0.2724521361786,0.1757429378956986,A,0.4724716777483763,0.31399343253001477,0.21353488972160906,A,False,False,False,True,0,1353,1,京都,FC東京,H,2023-03-04,0,13,13,1.0,A,D,H,0.4724716777483763,0.31399343253001477,0.21353488972160906,0.1584782452183615,0.786465110278391,0.9536226946564055,0.27735510188191476,False,False,3
28184,2023-03-04,京都,FC東京,H,京都,fc東京,0.4195828456301593,0.3416876300976246,0.238729524272216,A,0.5518049259257015,0.2724521361786,0.1757429378956986,A,0.4724716777483763,0.31399343253001477,0.21353488972160906,A,False,False,False,True,0,1353,6,京都,FC東京,H,2023-03-04,0,13,13,1.0,A,D,H,0.4724716777483763,0.31399343253001477,0.21353488972160906,0.1584782452183615,0.786465110278391,0.9536226946564055,0.27735510188191476,False,False,4
28187,2023-03-04,鳥栖,名古屋,H,鳥栖,名古屋,0.2992962116140602,0.283566176829209,0.4171376115567308,H,0.21954267886423,0.3440002631868805,0.4364570579488895,H,0.26739479851412823,0.30773981137227757,0.4248653901135943,H,True,True,True,True,0,1353,3,鳥栖,名古屋,H,2023-03-04,0,13,13,1.0,H,D,A,0.4248653901135943,0.30773981137227757,0.26739479851412823,0.11712557874131674,0.7326052014858719,0.982194160530475,0.2357445460044833,True,True,5
28187,2023-03-04,鳥栖,名古屋,H,鳥栖,名古屋,0.2992962116140602,0.283566176829209,0.4171376115567308,H,0.21954267886423,0.3440002631868805,0.4364570579488895,H,0.26739479851412823,0.30773981137227757,0.4248653901135943,H,True,True,True,True,0,1353,8,鳥栖,名古屋,H,2023-03-04,0,13,13,1.0,H,D,A,0.4248653901135943,0.30773981137227757,0.26739479851412823,0.11712557874131674,0.7326052014858719,0.982194160530475,0.2357445460044833,True,True,6
28495,2023-03-05,いわきFC,レノファ山口FC,A,いわき,山口,0.3729290516429788,0.2822543327873835,0.3448166155696375,A,0.4179500574012393,0.209774688556581,0.3722752540421796,A,0.39093745394628304,0.25326247509506256,0.35580007095865446,A,True,True,True,True,0,1353,11,いわき,山口,A,2023-03-04,0,13,13,1.0,A,H,D,0.39093745394628304,0.35580007095865446,0.25326247509506256,0.035137382987628585,0.7467375249049375,0.9854823831352618,0.19112346169444502,True,True,7
28188,2023-03-04,横浜FC,鹿島,A,横浜fc,鹿島,0.3740452754262897,0.3252755149403423,0.3006792096333679,A,0.3310570980035463,0.4528928751105542,0.2160500268858995,D,0.3568500044571924,0.3763224590084271,0.2668275365343805,D,True,False,False,False,0,1353,2,横浜FC,鹿島,A,2023-03-04,0,13,13,1.0,D,A,H,0.3763224590084271,0.3568500044571924,0.2668275365343805,0.019472454551234697,0.7331724634656195,0.9903545244705257,0.1780895607526192,False,True,8
28188,2023-03-04,横浜FC,鹿島,A,横浜fc,鹿島,0.3740452754262897,0.3252755149403423,0.3006792096333679,A,0.3310570980035463,0.4528928751105542,0.2160500268858995,D,0.3568500044571924,0.3763224590084271,0.2668275365343805,D,True,False,False,False,0,1353,7,横浜FC,鹿島,A,2023-03-04,0,13,13,1.0,D,A,H,0.3763224590084271,0.3568500044571924,0.2668275365343805,0.019472454551234697,0.7331724634656195,0.9903545244705257,0.1780895607526192,False,True,9
28499,2023-03-05,ツエーゲン金沢,町田,A,金沢,町田,0.3591663905377916,0.3501839890256055,0.2906496204366029,A,0.2014742580409915,0.3851985220695281,0.4133272198894804,H,0.2960895375390716,0.36418980224317454,0.33972066021775393,D,True,False,False,False,0,1353,12,金沢,町田,A,2023-03-04,0,13,13,1.0,D,H,A,0.36418980224317454,0.33972066021775393,0.2960895375390716,0.02446914202542061,0.7039104624609285,0.9967143629971505,0.17310673811889565,False,False,10
28496,2023-03-05,熊本,大宮,H,熊本,大宮,0.3666841474747876,0.2657990158742719,0.3675168366509403,H,0.357529680515262,0.3250615265144784,0.3174087929702595,A,0.36302236069097743,0.28950402013035453,0.34747361917866804,A,True,False,False,False,0,1353,13,熊本,大宮,H,2023-03-04,0,13,13,1.0,A,H,D,0.36302236069097743,0.34747361917866804,0.28950402013035453,0.015548741512309394,0.7104959798696455,0.995815483287287,0.16963902518279075,False,True,11
28492,2023-03-04,藤枝MYFC,秋田,A,藤枝,秋田,0.3253504547338742,0.3479604969849403,0.3266890482811854,D,0.3006542193787591,0.3521270420560994,0.3472187385651415,D,0.3154719605918282,0.349627115013404,0.3349009243947679,D,False,False,False,True,0,1353,5,藤枝,秋田,A,2023-03-04,0,13,13,1.0,D,H,A,0.349627115013404,0.3349009243947679,0.3154719605918282,0.014726190618636115,0.6845280394081719,0.999196346462185,0.16264709918011744,False,False,12
28492,2023-03-04,藤枝MYFC,秋田,A,藤枝,秋田,0.3253504547338742,0.3479604969849403,0.3266890482811854,D,0.3006542193787591,0.3521270420560994,0.3472187385651415,D,0.3154719605918282,0.349627115013404,0.3349009243947679,D,False,False,False,True,0,1353,10,藤枝,秋田,A,2023-03-04,0,13,13,1.0,D,H,A,0.349627115013404,0.3349009243947679,0.3154719605918282,0.014726190618636115,0.6845280394081719,0.999196346462185,0.16264709918011744,False,False,13
28506,2023-03-12,秋田,千葉,H,秋田,千葉,0.2909780155651576,0.2847810220826415,0.4242409623522009,H,0.2187625891997909,0.3060376266775216,0.4751997841226874,H,0.26209184501901095,0.29328366392059363,0.44462449106039553,H,True,True,True,True,0,1355,11,秋田,千葉,H,2023-03-11,0,13,13,1.0,H,D,A,0.44462449106039553,0.29328366392059363,0.26209184501901095,0.1513408271398019,0.7379081549809892,0.9749411005712507,0.2580620903618585,True,True,1
28505,2023-03-12,仙台,いわきFC,A,仙台,いわき,0.3642552023047667,0.3173524998088931,0.3183922978863401,A,0.5503050179262033,0.226876529967471,0.2228184521063256,A,0.4386751285533414,0.2811621118723242,0.2801627595743343,A,True,True,True,True,0,1355,13,仙台,いわき,A,2023-03-11,0,13,13,1.0,A,D,H,0.4386751285533414,0.2811621118723242,0.2801627595743343,0.1575130166810172,0.7198372404256657,0.9782218917529374,0.2568889853367721,True,True,2
28198,2023-03-12,G大阪,広島,A,g大阪,広島,0.3419222257759726,0.3481027677580836,0.3099750064659439,D,0.5998687420653004,0.2532399315537166,0.146891326380983,A,0.4451008322917037,0.3101576332763368,0.2447415344319595,A,False,True,True,False,0,1355,4,G大阪,広島,A,2023-03-11,0,13,13,1.0,A,D,H,0.4451008322917037,0.3101576332763368,0.2447415344319595,0.13494319901536694,0.7552584655680405,0.97201633468941,0.2531222272487631,True,True,3
28198,2023-03-12,G大阪,広島,A,g大阪,広島,0.3419222257759726,0.3481027677580836,0.3099750064659439,D,0.5998687420653004,0.2532399315537166,0.146891326380983,A,0.4451008322917037,0.3101576332763368,0.2447415344319595,A,False,True,True,False,0,1355,9,G大阪,広島,A,2023-03-11,0,13,13,1.0,A,D,H,0.4451008322917037,0.3101576332763368,0.2447415344319595,0.13494319901536694,0.7552584655680405,0.97201633468941,0.2531222272487631,True,True,4
28504,2023-03-11,レノファ山口FC,熊本,A,山口,熊本,0.2979691369879441,0.307745333972253,0.3942855290398028,H,0.2105904808125228,0.3164237329765473,0.4729857862109298,H,0.2630176745177756,0.3112166935739707,0.4257656319082536,H,False,False,False,True,0,1355,5,山口,熊本,A,2023-03-11,0,13,13,1.0,H,D,A,0.4257656319082536,0.3112166935739707,0.2630176745177756,0.11454893833428292,0.7369823254822243,0.9813185123737607,0.23542296030096102,False,False,5
28504,2023-03-11,レノファ山口FC,熊本,A,山口,熊本,0.2979691369879441,0.307745333972253,0.3942855290398028,H,0.2105904808125228,0.3164237329765473,0.4729857862109298,H,0.2630176745177756,0.3112166935739707,0.4257656319082536,H,False,False,False,True,0,1355,10,山口,熊本,A,2023-03-11,0,13,13,1.0,H,D,A,0.4257656319082536,0.3112166935739707,0.2630176745177756,0.11454893833428292,0.7369823254822243,0.9813185123737607,0.23542296030096102,False,False,6
28195,2023-03-12,柏,名古屋,A,柏,名古屋,0.4044722369436356,0.2769631739505525,0.3185645891058119,A,0.4077017399812193,0.3152540113866441,0.2770442486321365,A,0.4057640381586691,0.2922795089249891,0.3019564529163417,A,True,True,True,True,0,1355,2,柏,名古屋,A,2023-03-11,0,13,13,1.0,A,H,D,0.4057640381586691,0.3019564529163417,0.2922795089249891,0.10380758524232742,0.7077204910750108,0.989515474816244,0.2210233770429669,True,True,7
28195,2023-03-12,柏,名古屋,A,柏,名古屋,0.4044722369436356,0.2769631739505525,0.3185645891058119,A,0.4077017399812193,0.3152540113866441,0.2770442486321365,A,0.4057640381586691,0.2922795089249891,0.3019564529163417,A,True,True,True,True,0,1355,7,柏,名古屋,A,2023-03-11,0,13,13,1.0,A,H,D,0.4057640381586691,0.3019564529163417,0.2922795089249891,0.10380758524232742,0.7077204910750108,0.989515474816244,0.2210233770429669,True,True,8
28197,2023-03-12,湘南,京都,A,湘南,京都,0.3163774676009172,0.2975939452581657,0.3860285871409172,H,0.2726261123640326,0.3205856948361097,0.4067881927998576,H,0.29887692550616335,0.30679064508934334,0.39433242940449337,H,False,False,False,True,0,1355,3,湘南,京都,A,2023-03-11,0,13,13,1.0,H,D,A,0.39433242940449337,0.30679064508934334,0.29887692550616335,0.08754178431515003,0.7011230744938367,0.992535507031102,0.20958211633610413,False,False,9
28197,2023-03-12,湘南,京都,A,湘南,京都,0.3163774676009172,0.2975939452581657,0.3860285871409172,H,0.2726261123640326,0.3205856948361097,0.4067881927998576,H,0.29887692550616335,0.30679064508934334,0.39433242940449337,H,False,False,False,True,0,1355,8,湘南,京都,A,2023-03-11,0,13,13,1.0,H,D,A,0.39433242940449337,0.30679064508934334,0.29887692550616335,0.08754178431515003,0.7011230744938367,0.992535507031102,0.20958211633610413,False,False,10
28510,2023-03-12,岡山,ツエーゲン金沢,H,岡山,金沢,0.2925298489792068,0.3287909231764236,0.3786792278443695,H,0.3078171797968524,0.2883162428810769,0.4038665773220707,H,0.29864478130626504,0.31260105105828495,0.38875416763545007,H,True,True,True,True,0,1355,12,岡山,金沢,H,2023-03-11,0,13,13,1.0,H,D,A,0.38875416763545007,0.31260105105828495,0.29864478130626504,0.07615311657716511,0.7013552186937351,0.9937186594083818,0.20284923435628396,True,True,11
28191,2023-03-11,神戸,浦和,A,神戸,浦和,0.3648151345422468,0.2276250583013577,0.4075598071563955,H,0.4745420992921171,0.1310403368266409,0.394417563881242,A,0.40870592044219495,0.18899116971147092,0.40230290984633416,A,False,True,True,False,0,1355,1,神戸,浦和,A,2023-03-11,0,13,13,1.0,A,H,D,0.40870592044219495,0.40230290984633416,0.18899116971147092,0.006403010595860792,0.8110088302885291,0.9529112844353418,0.19557646102047063,True,True,12
28191,2023-03-11,神戸,浦和,A,神戸,浦和,0.3648151345422468,0.2276250583013577,0.4075598071563955,H,0.4745420992921171,0.1310403368266409,0.394417563881242,A,0.40870592044219495,0.18899116971147092,0.40230290984633416,A,False,True,True,False,0,1355,6,神戸,浦和,A,2023-03-11,0,13,13,1.0,A,H,D,0.40870592044219495,0.40230290984633416,0.18899116971147092,0.006403010595860792,0.8110088302885291,0.9529112844353418,0.19557646102047063,True,True,13
28521,2023-03-19,岡山,甲府,A,岡山,甲府,0.2829353832516958,0.2566161005635337,0.4604485161847705,H,0.1870383331026306,0.2029521259803342,0.6100095409170352,H,0.2445765631920697,0.2351505107302539,0.5202729260776764,H,False,False,False,True,0,1356,12,岡山,甲府,A,2023-03-18,0,13,13,1.0,H,A,D,0.5202729260776764,0.2445765631920697,0.2351505107302539,0.2756963628856067,0.764849489269746,0.9327711334059605,0.34406231706372464,False,True,1
28199,2023-03-18,横浜FM,鹿島,H,横浜fm,鹿島,0.3330444671214259,0.2950719591900947,0.3718835736884793,H,0.1972154392195654,0.1947923615115972,0.6079921992688374,H,0.27871285596068174,0.25496012011869573,0.4663270239206226,H,True,True,True,True,0,1356,1,横浜FM,鹿島,H,2023-03-18,0,13,13,1.0,H,A,D,0.4663270239206226,0.27871285596068174,0.25496012011869573,0.18761416795994085,0.7450398798813043,0.9650928592135093,0.2824935477075576,True,True,2
28199,2023-03-18,横浜FM,鹿島,H,横浜fm,鹿島,0.3330444671214259,0.2950719591900947,0.3718835736884793,H,0.1972154392195654,0.1947923615115972,0.6079921992688374,H,0.27871285596068174,0.25496012011869573,0.4663270239206226,H,True,True,True,True,0,1356,6,横浜FM,鹿島,H,2023-03-18,0,13,13,1.0,H,A,D,0.4663270239206226,0.27871285596068174,0.25496012011869573,0.18761416795994085,0.7450398798813043,0.9650928592135093,0.2824935477075576,True,True,3
28515,2023-03-19,山形,町田,A,山形,町田,0.3998685867362771,0.2727014926168007,0.3274299206469222,A,0.565819594276375,0.1994752539597497,0.2347051517638753,A,0.4662489897523162,0.2434109971539803,0.2903400130937035,A,True,True,True,True,0,1356,5,山形,町田,A,2023-03-18,0,13,13,1.0,A,H,D,0.4662489897523162,0.2903400130937035,0.2434109971539803,0.17590897665861271,0.7565890028460197,0.963733491098817,0.27863348899929336,True,True,4
28515,2023-03-19,山形,町田,A,山形,町田,0.3998685867362771,0.2727014926168007,0.3274299206469222,A,0.565819594276375,0.1994752539597497,0.2347051517638753,A,0.4662489897523162,0.2434109971539803,0.2903400130937035,A,True,True,True,True,0,1356,10,山形,町田,A,2023-03-18,0,13,13,1.0,A,H,D,0.4662489897523162,0.2903400130937035,0.2434109971539803,0.17590897665861271,0.7565890028460197,0.963733491098817,0.27863348899929336,True,True,5
28206,2023-03-19,広島,柏,H,広島,柏,0.3745393409539397,0.26530785431769,0.3601528047283702,A,0.3539129571104445,0.1286488177684148,0.5174382251211407,H,0.3662887874165417,0.2106442396979799,0.4230669728854784,H,False,True,True,False,0,1356,3,広島,柏,H,2023-03-18,0,13,13,1.0,H,A,D,0.4230669728854784,0.3662887874165417,0.2106442396979799,0.056778185468936704,0.78935576030202,0.9647670385357952,0.21729909500543407,True,True,6
28206,2023-03-19,広島,柏,H,広島,柏,0.3745393409539397,0.26530785431769,0.3601528047283702,A,0.3539129571104445,0.1286488177684148,0.5174382251211407,H,0.3662887874165417,0.2106442396979799,0.4230669728854784,H,False,True,True,False,0,1356,8,広島,柏,H,2023-03-18,0,13,13,1.0,H,A,D,0.4230669728854784,0.3662887874165417,0.2106442396979799,0.056778185468936704,0.78935576030202,0.9647670385357952,0.21729909500543407,True,True,7
28519,2023-03-19,ツエーゲン金沢,レノファ山口FC,H,金沢,山口,0.3841737902646278,0.2558644360889732,0.359961773646399,A,0.4342285986088772,0.2811945498091943,0.2845768515819284,A,0.40419571360232753,0.2659964815770617,0.32980780482061084,A,False,False,False,True,0,1356,11,金沢,山口,H,2023-03-18,0,13,13,1.0,A,H,D,0.40419571360232753,0.32980780482061084,0.2659964815770617,0.0743879087817167,0.7340035184229383,0.9869110569677918,0.21054162780108987,False,True,8
28207,2023-03-19,福岡,湘南,H,福岡,湘南,0.2619772093526865,0.3425815906271828,0.3954412000201306,H,0.2653103289943959,0.4876461820373488,0.2470434889682554,D,0.2633104572093703,0.4006074271912492,0.3360821155993805,D,True,False,False,False,0,1356,4,福岡,湘南,H,2023-03-18,0,13,13,1.0,D,H,A,0.4006074271912492,0.3360821155993805,0.2633104572093703,0.0645253115918687,0.7366895427906297,0.9869687309109715,0.2054634551110219,False,True,9
28207,2023-03-19,福岡,湘南,H,福岡,湘南,0.2619772093526865,0.3425815906271828,0.3954412000201306,H,0.2653103289943959,0.4876461820373488,0.2470434889682554,D,0.2633104572093703,0.4006074271912492,0.3360821155993805,D,True,False,False,False,0,1356,9,福岡,湘南,H,2023-03-18,0,13,13,1.0,D,H,A,0.4006074271912492,0.3360821155993805,0.2633104572093703,0.0645253115918687,0.7366895427906297,0.9869687309109715,0.2054634551110219,False,True,10
28514,2023-03-19,秋田,水戸,D,秋田,水戸,0.3196456559382887,0.3210815400461085,0.3592728040156026,H,0.4461578778764515,0.277320014426427,0.2765221076971214,A,0.37025054471355395,0.303576929798236,0.32617252548821013,A,False,False,False,False,0,1356,13,秋田,水戸,D,2023-03-18,0,13,13,1.0,A,H,D,0.37025054471355395,0.32617252548821013,0.303576929798236,0.04407801922534382,0.6964230702017641,0.996887168942123,0.182662618061545,False,False,11
28202,2023-03-18,浦和,新潟,H,浦和,新潟,0.345710952071463,0.3001584168329397,0.3541306310955973,H,0.3102345848817918,0.336178883052121,0.3535865320660871,H,0.33152040519559456,0.31456660332061226,0.35391299148379324,H,True,True,True,True,0,1356,2,浦和,新潟,H,2023-03-18,0,13,13,1.0,H,A,D,0.35391299148379324,0.33152040519559456,0.31456660332061226,0.02239258628819868,0.6854333966793877,0.9989386372795631,0.16731052391266388,True,True,12
28202,2023-03-18,浦和,新潟,H,浦和,新潟,0.345710952071463,0.3001584168329397,0.3541306310955973,H,0.3102345848817918,0.336178883052121,0.3535865320660871,H,0.33152040519559456,0.31456660332061226,0.35391299148379324,H,True,True,True,True,0,1356,7,浦和,新潟,H,2023-03-18,0,13,13,1.0,H,A,D,0.35391299148379324,0.33152040519559456,0.31456660332061226,0.02239258628819868,0.6854333966793877,0.9989386372795631,0.16731052391266388,True,True,13
28213,2023-04-01,湘南,G大阪,H,湘南,g大阪,0.2410575255367892,0.2101351583199471,0.5488073161432637,H,0.1184416037349414,0.0671791098873112,0.8143792863777474,H,0.19201115681605002,0.15295273894689274,0.6550361042370573,H,True,True,True,True,0,1358,1,湘南,G大阪,H,2023-04-01,0,13,13,1.0,H,A,D,0.6550361042370573,0.19201115681605002,0.15295273894689274,0.46302494742100725,0.8470472610531072,0.8020737168021976,0.49641023514358884,True,True,1
28213,2023-04-01,湘南,G大阪,H,湘南,g大阪,0.2410575255367892,0.2101351583199471,0.5488073161432637,H,0.1184416037349414,0.0671791098873112,0.8143792863777474,H,0.19201115681605002,0.15295273894689274,0.6550361042370573,H,True,True,True,True,0,1358,6,湘南,G大阪,H,2023-04-01,0,13,13,1.0,H,A,D,0.6550361042370573,0.19201115681605002,0.15295273894689274,0.46302494742100725,0.8470472610531072,0.8020737168021976,0.49641023514358884,True,True,2
28540,2023-04-02,熊本,徳島,D,熊本,徳島,0.2957566143141115,0.2683621642133451,0.4358812214725433,H,0.2063301507077035,0.1672576000447603,0.6264122492475361,H,0.25998602887154837,0.22792033854591112,0.5120936325825406,H,False,False,False,True,0,1358,11,熊本,徳島,D,2023-04-01,0,13,13,1.0,H,A,D,0.5120936325825406,0.25998602887154837,0.22792033854591112,0.2521076037109922,0.772079661454089,0.9375383102712955,0.33117213390673145,False,False,3
28541,2023-04-02,山形,水戸,A,山形,水戸,0.3339555105149562,0.4004860351615235,0.2655584543235202,D,0.3336625148262278,0.5427256857387396,0.1236117994350326,D,0.33383831223946486,0.45738189539241,0.20877979236812522,D,False,False,False,True,0,1358,12,山形,水戸,A,2023-04-01,0,13,13,1.0,D,A,H,0.45738189539241,0.33383831223946486,0.20877979236812522,0.12354358315294511,0.7912202076318748,0.9567367304527442,0.2577147609395664,False,True,4
28215,2023-04-01,C大阪,横浜FM,H,c大阪,横浜fm,0.3958479445959917,0.2376023047749505,0.3665497506290577,A,0.4996916230500153,0.1895174898165243,0.3107908871334603,A,0.4373854159776011,0.21836837879158,0.3442462052308188,A,False,False,False,True,0,1358,2,C大阪,横浜FM,H,2023-04-01,0,13,13,1.0,A,H,D,0.4373854159776011,0.3442462052308188,0.21836837879158,0.09313921074678233,0.7816316212084199,0.9658169921014371,0.23625876253100692,False,True,5
28215,2023-04-01,C大阪,横浜FM,H,c大阪,横浜fm,0.3958479445959917,0.2376023047749505,0.3665497506290577,A,0.4996916230500153,0.1895174898165243,0.3107908871334603,A,0.4373854159776011,0.21836837879158,0.3442462052308188,A,False,False,False,True,0,1358,7,C大阪,横浜FM,H,2023-04-01,0,13,13,1.0,A,H,D,0.4373854159776011,0.3442462052308188,0.21836837879158,0.09313921074678233,0.7816316212084199,0.9658169921014371,0.23625876253100692,False,True,6
28537,2023-04-01,秋田,レノファ山口FC,A,秋田,山口,0.3131999592253131,0.3423289415800373,0.3444710991946496,H,0.2758543872922339,0.4995629476739877,0.2245826650337784,D,0.2982617304520814,0.4052225440176175,0.2965157255303011,D,False,False,False,False,0,1358,4,秋田,山口,A,2023-04-01,0,13,13,1.0,D,A,H,0.4052225440176175,0.2982617304520814,0.2965157255303011,0.1069608135655361,0.7034842744696989,0.9897379174230381,0.22183884607125792,False,True,7
28537,2023-04-01,秋田,レノファ山口FC,A,秋田,山口,0.3131999592253131,0.3423289415800373,0.3444710991946496,H,0.2758543872922339,0.4995629476739877,0.2245826650337784,D,0.2982617304520814,0.4052225440176175,0.2965157255303011,D,False,False,False,False,0,1358,9,秋田,山口,A,2023-04-01,0,13,13,1.0,D,A,H,0.4052225440176175,0.2982617304520814,0.2965157255303011,0.1069608135655361,0.7034842744696989,0.9897379174230381,0.22183884607125792,False,True,8
28216,2023-04-01,札幌,川崎F,A,札幌,川崎f,0.3564824872499905,0.2787876757980762,0.3647298369519333,H,0.312634080448941,0.2486975436122097,0.4386683759388493,H,0.33894312452957076,0.26675162292372956,0.39430525254669974,H,False,False,False,True,0,1358,3,札幌,川崎F,A,2023-04-01,0,13,13,1.0,H,A,D,0.39430525254669974,0.33894312452957076,0.26675162292372956,0.055362128017128975,0.7332483770762706,0.9886637622976314,0.19908135599248375,False,True,9
28216,2023-04-01,札幌,川崎F,A,札幌,川崎f,0.3564824872499905,0.2787876757980762,0.3647298369519333,H,0.312634080448941,0.2486975436122097,0.4386683759388493,H,0.33894312452957076,0.26675162292372956,0.39430525254669974,H,False,False,False,True,0,1358,8,札幌,川崎F,A,2023-04-01,0,13,13,1.0,H,A,D,0.39430525254669974,0.33894312452957076,0.26675162292372956,0.055362128017128975,0.7332483770762706,0.9886637622976314,0.19908135599248375,False,True,10
28544,2023-04-02,ツエーゲン金沢,千葉,H,金沢,千葉,0.3405479370000464,0.3043650795672917,0.3550869834326619,H,0.4095689844788484,0.3511095702346096,0.2393214452865419,A,0.3681563559915672,0.3230628758342189,0.3087807681742138,A,True,False,False,False,0,1358,13,金沢,千葉,H,2023-04-01,0,13,13,1.0,A,D,H,0.3681563559915672,0.3230628758342189,0.3087807681742138,0.04509348015734832,0.6912192318257862,0.9974095401589008,0.181971170219497,False,False,11
28539,2023-04-01,東京V,大宮,H,東京v,大宮,0.3166021079863161,0.3365250435506172,0.3468728484630666,H,0.4350367134004681,0.359835132455956,0.2051281541435758,A,0.3639759501519769,0.3458490791127527,0.2901749707352703,A,True,False,False,False,0,1358,5,東京V,大宮,H,2023-04-01,0,13,13,1.0,A,D,H,0.3639759501519769,0.3458490791127527,0.2901749707352703,0.018126871039224224,0.7098250292647297,0.995883647282201,0.1709568529756779,False,False,12
28539,2023-04-01,東京V,大宮,H,東京v,大宮,0.3166021079863161,0.3365250435506172,0.3468728484630666,H,0.4350367134004681,0.359835132455956,0.2051281541435758,A,0.3639759501519769,0.3458490791127527,0.2901749707352703,A,True,False,False,False,0,1358,10,東京V,大宮,H,2023-04-01,0,13,13,1.0,A,D,H,0.3639759501519769,0.3458490791127527,0.2901749707352703,0.018126871039224224,0.7098250292647297,0.995883647282201,0.1709568529756779,False,False,13
28556,2023-04-09,熊本,ツエーゲン金沢,H,熊本,金沢,0.2590786582929133,0.2577796847084349,0.4831416569986517,H,0.3950094329415489,0.1627977029242882,0.4421928641341628,H,0.3134509681523676,0.2197868919947762,0.4667621398528562,H,True,True,True,True,0,1360,5,熊本,金沢,H,2023-04-08,0,13,13,1.0,H,A,D,0.4667621398528562,0.3134509681523676,0.2197868919947762,0.15331117170048858,0.7802131080052238,0.9578259923598089,0.27213667455699453,True,True,1
28556,2023-04-09,熊本,ツエーゲン金沢,H,熊本,金沢,0.2590786582929133,0.2577796847084349,0.4831416569986517,H,0.3950094329415489,0.1627977029242882,0.4421928641341628,H,0.3134509681523676,0.2197868919947762,0.4667621398528562,H,True,True,True,True,0,1360,10,熊本,金沢,H,2023-04-08,0,13,13,1.0,H,A,D,0.4667621398528562,0.3134509681523676,0.2197868919947762,0.15331117170048858,0.7802131080052238,0.9578259923598089,0.27213667455699453,True,True,2
28554,2023-04-08,レノファ山口FC,栃木SC,D,山口,栃木sc,0.3355193649868787,0.2994759748516803,0.3650046601614409,H,0.2704002242479221,0.1640147218886538,0.5655850538634241,H,0.30947170869129603,0.24529147366646972,0.4452368176422343,H,False,False,False,True,0,1360,12,山口,栃木,D,2023-04-08,0,13,13,1.0,H,A,D,0.4452368176422343,0.30947170869129603,0.24529147366646972,0.13576510895093824,0.7547085263335302,0.9720889268436591,0.25345657070310196,False,False,3
28547,2023-04-08,いわきFC,大分,A,いわき,大分,0.3981474498179361,0.3415424200036716,0.2603101301783923,A,0.5008686368939059,0.3029950884804097,0.1961362746256844,A,0.43923592464832406,0.32612348739436686,0.23464058795730913,A,True,True,True,True,0,1360,11,いわき,大分,A,2023-04-08,0,13,13,1.0,A,D,H,0.43923592464832406,0.32612348739436686,0.23464058795730913,0.1131124372539572,0.765359412042691,0.9711712605647993,0.243011267017671,True,True,4
28221,2023-04-09,FC東京,湘南,D,fc東京,湘南,0.3306723984232534,0.3332637642011217,0.3360638373756248,H,0.2133423155464268,0.5069576993272478,0.2796999851263254,D,0.28374036527252283,0.40274133825157216,0.31351829647590507,D,False,True,True,False,0,1360,3,FC東京,湘南,D,2023-04-08,0,13,13,1.0,D,H,A,0.40274133825157216,0.31351829647590507,0.28374036527252283,0.08922304177566709,0.7162596347274772,0.9897514084534893,0.2145113851439931,True,True,5
28221,2023-04-09,FC東京,湘南,D,fc東京,湘南,0.3306723984232534,0.3332637642011217,0.3360638373756248,H,0.2133423155464268,0.5069576993272478,0.2796999851263254,D,0.28374036527252283,0.40274133825157216,0.31351829647590507,D,False,True,True,False,0,1360,8,FC東京,湘南,D,2023-04-08,0,13,13,1.0,D,H,A,0.40274133825157216,0.31351829647590507,0.28374036527252283,0.08922304177566709,0.7162596347274772,0.9897514084534893,0.2145113851439931,True,True,6
28550,2023-04-08,千葉,徳島,D,千葉,徳島,0.2774634348356011,0.3343169034044642,0.3882196617599346,H,0.1259756193604928,0.4162310570253776,0.4577933236141295,H,0.2168683086455578,0.3670825648528296,0.4160491265016126,H,False,False,False,True,0,1360,4,千葉,徳島,D,2023-04-08,0,13,13,1.0,H,D,A,0.4160491265016126,0.3670825648528296,0.2168683086455578,0.04896656164878299,0.7831316913544422,0.9686850308785155,0.21062339732709662,False,True,7
28550,2023-04-08,千葉,徳島,D,千葉,徳島,0.2774634348356011,0.3343169034044642,0.3882196617599346,H,0.1259756193604928,0.4162310570253776,0.4577933236141295,H,0.2168683086455578,0.3670825648528296,0.4160491265016126,H,False,False,False,True,0,1360,9,千葉,徳島,D,2023-04-08,0,13,13,1.0,H,D,A,0.4160491265016126,0.3670825648528296,0.2168683086455578,0.04896656164878299,0.7831316913544422,0.9686850308785155,0.21062339732709662,False,True,8
28548,2023-04-08,ザスパクサツ群馬,V・ファーレン長崎,H,群馬,長崎,0.397976207284697,0.2640615174713441,0.3379622752439588,A,0.395630317306047,0.2065882490298996,0.3977814336640534,H,0.39703785129323704,0.24107221009476631,0.36188993861199664,A,False,True,False,False,0,1360,13,群馬,長崎,H,2023-04-08,0,13,13,1.0,A,H,D,0.39703785129323704,0.36188993861199664,0.24107221009476631,0.0351479126812404,0.7589277899052337,0.980825698714381,0.19480366277751462,False,True,9
28218,2023-04-09,C大阪,札幌,A,c大阪,札幌,0.3480067258643702,0.327759546685031,0.3242337274505987,A,0.3195781224066824,0.4285032444062699,0.2519186331870477,D,0.3366352844812951,0.3680570257735266,0.2953076897451784,D,True,False,False,False,0,1360,1,C大阪,札幌,A,2023-04-08,0,13,13,1.0,D,A,H,0.3680570257735266,0.3366352844812951,0.2953076897451784,0.03142174129223152,0.7046923102548217,0.9963393516465031,0.1773554007210674,False,True,10
28218,2023-04-09,C大阪,札幌,A,c大阪,札幌,0.3480067258643702,0.327759546685031,0.3242337274505987,A,0.3195781224066824,0.4285032444062699,0.2519186331870477,D,0.3366352844812951,0.3680570257735266,0.2953076897451784,D,True,False,False,False,0,1360,6,C大阪,札幌,A,2023-04-08,0,13,13,1.0,D,A,H,0.3680570257735266,0.3366352844812951,0.2953076897451784,0.03142174129223152,0.7046923102548217,0.9963393516465031,0.1773554007210674,False,True,11
28219,2023-04-09,神戸,新潟,D,神戸,新潟,0.3180325596433286,0.3497078499825706,0.3322595903741007,D,0.404785785708918,0.3248905043032122,0.2703237099878697,A,0.3527338500695643,0.3397809117108273,0.3074852382196084,A,True,False,False,False,0,1360,2,神戸,新潟,D,2023-04-08,0,13,13,1.0,A,D,H,0.3527338500695643,0.3397809117108273,0.3074852382196084,0.01295293835873701,0.6925147617803916,0.9985026308615605,0.1635632347845498,False,True,12
28219,2023-04-09,神戸,新潟,D,神戸,新潟,0.3180325596433286,0.3497078499825706,0.3322595903741007,D,0.404785785708918,0.3248905043032122,0.2703237099878697,A,0.3527338500695643,0.3397809117108273,0.3074852382196084,A,True,False,False,False,0,1360,7,神戸,新潟,D,2023-04-08,0,13,13,1.0,A,D,H,0.3527338500695643,0.3397809117108273,0.3074852382196084,0.01295293835873701,0.6925147617803916,0.9985026308615605,0.1635632347845498,False,True,13
28576,2023-04-16,徳島,V・ファーレン長崎,A,徳島,長崎,0.2682264066395573,0.3866203862920533,0.3451532070683894,D,0.1715699447253078,0.6841096064505545,0.1443204488241377,D,0.2295638218738575,0.5056160743554539,0.2648201037706887,D,False,False,False,True,0,1361,12,徳島,長崎,A,2023-04-15,0,13,13,1.0,D,H,A,0.5056160743554539,0.2648201037706887,0.2295638218738575,0.24079597058476515,0.7704361781261426,0.9416486053749601,0.32347610208963,False,False,1
28228,2023-04-15,川崎F,名古屋,A,川崎f,名古屋,0.2458522261479845,0.2632545982455121,0.4908931756065034,H,0.1908555416351041,0.2797535665166081,0.5293908918482878,H,0.2238535523428323,0.2698541855539505,0.5062922621032172,H,False,False,False,True,0,1361,6,川崎F,名古屋,A,2023-04-15,0,13,13,1.0,H,D,A,0.5062922621032172,0.2698541855539505,0.2238535523428323,0.23643807654926668,0.7761464476571678,0.9403990759632249,0.3225050295460461,False,False,2
28229,2023-04-15,湘南,横浜FM,D,湘南,横浜fm,0.4505134958112444,0.2241784065271799,0.3253080976615757,A,0.5794470842182318,0.0755444266300525,0.3450084891517158,A,0.5020869311740394,0.1647248145683289,0.3331882542576317,A,False,False,False,True,0,1361,3,湘南,横浜FM,D,2023-04-15,0,13,13,1.0,A,H,D,0.5020869311740394,0.3331882542576317,0.1647248145683289,0.16889867691640764,0.8352751854316711,0.9186101144726727,0.30133163305452587,False,False,3
28229,2023-04-15,湘南,横浜FM,D,湘南,横浜fm,0.4505134958112444,0.2241784065271799,0.3253080976615757,A,0.5794470842182318,0.0755444266300525,0.3450084891517158,A,0.5020869311740394,0.1647248145683289,0.3331882542576317,A,False,False,False,True,0,1361,9,湘南,横浜FM,D,2023-04-15,0,13,13,1.0,A,H,D,0.5020869311740394,0.3331882542576317,0.1647248145683289,0.16889867691640764,0.8352751854316711,0.9186101144726727,0.30133163305452587,False,False,4
28572,2023-04-16,いわきFC,ザスパクサツ群馬,H,いわき,群馬,0.3186503084126181,0.4123451448384962,0.2690045467488857,D,0.3045854657763693,0.4704139594599946,0.2250005747636361,D,0.31302437135811856,0.4355726706870956,0.25140295795478584,D,False,False,False,True,0,1361,5,いわき,群馬,H,2023-04-15,0,13,13,1.0,D,A,H,0.4355726706870956,0.31302437135811856,0.25140295795478584,0.12254829932897704,0.7485970420452142,0.9763981693647131,0.24361997270139235,False,False,5
28572,2023-04-16,いわきFC,ザスパクサツ群馬,H,いわき,群馬,0.3186503084126181,0.4123451448384962,0.2690045467488857,D,0.3045854657763693,0.4704139594599946,0.2250005747636361,D,0.31302437135811856,0.4355726706870956,0.25140295795478584,D,False,False,False,True,0,1361,11,いわき,群馬,H,2023-04-15,0,13,13,1.0,D,A,H,0.4355726706870956,0.31302437135811856,0.25140295795478584,0.12254829932897704,0.7485970420452142,0.9763981693647131,0.24361997270139235,False,False,6
28568,2023-04-16,甲府,栃木SC,H,甲府,栃木sc,0.395202407294651,0.2089029532709665,0.3958946394343824,H,0.2718510230478151,0.2372186013682742,0.4909303755839106,H,0.3458618535959167,0.2202292125098896,0.4339089338941937,H,True,True,True,True,0,1361,4,甲府,栃木,H,2023-04-15,0,13,13,1.0,H,A,D,0.4339089338941937,0.3458618535959167,0.2202292125098896,0.08804708029827701,0.7797707874901104,0.9673224625081984,0.23261100585514444,True,True,7
28568,2023-04-16,甲府,栃木SC,H,甲府,栃木sc,0.395202407294651,0.2089029532709665,0.3958946394343824,H,0.2718510230478151,0.2372186013682742,0.4909303755839106,H,0.3458618535959167,0.2202292125098896,0.4339089338941937,H,True,True,True,True,0,1361,10,甲府,栃木,H,2023-04-15,0,13,13,1.0,H,A,D,0.4339089338941937,0.3458618535959167,0.2202292125098896,0.08804708029827701,0.7797707874901104,0.9673224625081984,0.23261100585514444,True,True,8
28234,2023-04-15,新潟,福岡,H,新潟,福岡,0.3772319942463878,0.3303222241555514,0.2924457815980608,A,0.3905970157964082,0.3406842739602456,0.2687187102433461,A,0.382578002866396,0.3344670440774291,0.2829549530561749,A,False,False,False,True,0,1361,1,新潟,福岡,H,2023-04-15,0,13,13,1.0,A,D,H,0.382578002866396,0.3344670440774291,0.2829549530561749,0.04811095878896687,0.7170450469438251,0.9931848278153952,0.19036197130293755,False,False,9
28234,2023-04-15,新潟,福岡,H,新潟,福岡,0.3772319942463878,0.3303222241555514,0.2924457815980608,A,0.3905970157964082,0.3406842739602456,0.2687187102433461,A,0.382578002866396,0.3344670440774291,0.2829549530561749,A,False,False,False,True,0,1361,7,新潟,福岡,H,2023-04-15,0,13,13,1.0,A,D,H,0.382578002866396,0.3344670440774291,0.2829549530561749,0.04811095878896687,0.7170450469438251,0.9931848278153952,0.19036197130293755,False,False,10
28227,2023-04-15,浦和,札幌,H,浦和,札幌,0.2858462548964761,0.3561297114653277,0.3580240336381962,H,0.3431809096964368,0.2610621854889137,0.3957569048146495,H,0.30878011681646034,0.31810270107476213,0.37311718210877753,H,True,True,True,True,0,1361,2,浦和,札幌,H,2023-04-15,0,13,13,1.0,H,D,A,0.37311718210877753,0.31810270107476213,0.30878011681646034,0.055014481034015406,0.6912198831835397,0.9967543833620952,0.18780692363843624,True,True,11
28227,2023-04-15,浦和,札幌,H,浦和,札幌,0.2858462548964761,0.3561297114653277,0.3580240336381962,H,0.3431809096964368,0.2610621854889137,0.3957569048146495,H,0.30878011681646034,0.31810270107476213,0.37311718210877753,H,True,True,True,True,0,1361,8,浦和,札幌,H,2023-04-15,0,13,13,1.0,H,D,A,0.37311718210877753,0.31810270107476213,0.30878011681646034,0.055014481034015406,0.6912198831835397,0.9967543833620952,0.18780692363843624,True,True,12
28575,2023-04-16,レノファ山口FC,清水,A,山口,清水,0.3439558699034389,0.3103075217158083,0.3457366083807527,H,0.4189595375466994,0.2587444900698935,0.3222959723834071,A,0.3739573369607432,0.2896823090574424,0.3363603539818145,A,False,True,True,False,0,1361,13,山口,清水,A,2023-04-15,0,13,13,1.0,A,H,D,0.3739573369607432,0.3363603539818145,0.2896823090574424,0.03759698297892866,0.7103176909425577,0.9950973899882735,0.18242026767730476,True,True,13
28239,2023-04-23,京都,鳥栖,A,京都,鳥栖,0.2251012475504701,0.2601571964044593,0.5147415560450707,H,0.1388616185548396,0.135632081131527,0.7255063003136334,H,0.1906053959522179,0.2103471502952863,0.5990474537524958,H,False,False,False,True,0,1363,2,京都,鳥栖,A,2023-04-22,0,13,13,1.0,H,D,A,0.5990474537524958,0.2103471502952863,0.1906053959522179,0.3887003034572095,0.8093946040477821,0.8654817791347894,0.43252010457168855,False,False,1
28239,2023-04-23,京都,鳥栖,A,京都,鳥栖,0.2251012475504701,0.2601571964044593,0.5147415560450707,H,0.1388616185548396,0.135632081131527,0.7255063003136334,H,0.1906053959522179,0.2103471502952863,0.5990474537524958,H,False,False,False,True,0,1363,7,京都,鳥栖,A,2023-04-22,0,13,13,1.0,H,D,A,0.5990474537524958,0.2103471502952863,0.1906053959522179,0.3887003034572095,0.8093946040477821,0.8654817791347894,0.43252010457168855,False,False,2
28581,2023-04-22,甲府,町田,H,甲府,町田,0.2679719683319503,0.2351459465821904,0.4968820850858592,H,0.2448941369102563,0.1044390014657203,0.6506668616240234,H,0.2587408357632727,0.1828631685356024,0.5583959957011249,H,True,True,True,True,0,1363,5,甲府,町田,H,2023-04-22,0,13,13,1.0,H,A,D,0.5583959957011249,0.2587408357632727,0.1828631685356024,0.29965515993785213,0.8171368314643976,0.8973654915363452,0.37668440573648543,True,True,3
28581,2023-04-22,甲府,町田,H,甲府,町田,0.2679719683319503,0.2351459465821904,0.4968820850858592,H,0.2448941369102563,0.1044390014657203,0.6506668616240234,H,0.2587408357632727,0.1828631685356024,0.5583959957011249,H,True,True,True,True,0,1363,10,甲府,町田,H,2023-04-22,0,13,13,1.0,H,A,D,0.5583959957011249,0.2587408357632727,0.1828631685356024,0.29965515993785213,0.8171368314643976,0.8973654915363452,0.37668440573648543,True,True,4
28242,2023-04-23,川崎F,浦和,D,川崎f,浦和,0.2712640986262236,0.2649502369377385,0.4637856644360377,H,0.2886005095816055,0.2257811633367314,0.4856183270816631,H,0.27819866300837637,0.24928260749733575,0.4725187294942879,H,False,False,False,True,0,1363,4,川崎F,浦和,D,2023-04-22,0,13,13,1.0,H,A,D,0.4725187294942879,0.27819866300837637,0.24928260749733575,0.19432006648591155,0.7507173925026642,0.9616360306055315,0.2883182454213923,False,False,5
28242,2023-04-23,川崎F,浦和,D,川崎f,浦和,0.2712640986262236,0.2649502369377385,0.4637856644360377,H,0.2886005095816055,0.2257811633367314,0.4856183270816631,H,0.27819866300837637,0.24928260749733575,0.4725187294942879,H,False,False,False,True,0,1363,9,川崎F,浦和,D,2023-04-22,0,13,13,1.0,H,A,D,0.4725187294942879,0.27819866300837637,0.24928260749733575,0.19432006648591155,0.7507173925026642,0.9616360306055315,0.2883182454213923,False,False,6
28240,2023-04-23,C大阪,柏,H,c大阪,柏,0.3473839161296234,0.2776774424191311,0.3749386414512453,H,0.2968456285685318,0.2721642462277309,0.4309901252037372,H,0.3271686011051868,0.275472163942571,0.3973592349522421,H,True,True,True,True,0,1363,3,C大阪,柏,H,2023-04-22,0,13,13,1.0,H,A,D,0.3973592349522421,0.3271686011051868,0.275472163942571,0.07019063384705532,0.724527836057429,0.9898169522030613,0.20541498713436604,True,True,7
28240,2023-04-23,C大阪,柏,H,c大阪,柏,0.3473839161296234,0.2776774424191311,0.3749386414512453,H,0.2968456285685318,0.2721642462277309,0.4309901252037372,H,0.3271686011051868,0.275472163942571,0.3973592349522421,H,True,True,True,True,0,1363,8,C大阪,柏,H,2023-04-22,0,13,13,1.0,H,A,D,0.3973592349522421,0.3271686011051868,0.275472163942571,0.07019063384705532,0.724527836057429,0.9898169522030613,0.20541498713436604,True,True,8
28587,2023-04-23,ツエーゲン金沢,磐田,A,金沢,磐田,0.3593621930537687,0.2714646658463767,0.3691731410998545,H,0.4137850313889877,0.1256596989731363,0.4605552696378759,H,0.3811313283878563,0.2131426790970805,0.4057259925150631,H,False,False,False,True,0,1363,12,金沢,磐田,A,2023-04-22,0,13,13,1.0,H,A,D,0.4057259925150631,0.3811313283878563,0.2131426790970805,0.02459466412720679,0.7868573209029194,0.9676883593734584,0.19764715720160908,False,True,9
28589,2023-04-23,大分,水戸,A,大分,水戸,0.3200725632975045,0.3150859217557897,0.3648415149467056,H,0.3617204286262285,0.2638016137816423,0.3744779575921292,H,0.33673170942899416,0.29457219856613076,0.36869609200487513,H,False,False,False,True,0,1363,11,大分,水戸,A,2023-04-22,0,13,13,1.0,H,A,D,0.36869609200487513,0.33673170942899416,0.29457219856613076,0.03196438257588097,0.7054278014338693,0.9961984009854358,0.177861095106665,False,True,10
28586,2023-04-23,ザスパクサツ群馬,徳島,D,群馬,徳島,0.2773997474926637,0.3469958433277687,0.3756044091795676,H,0.241523683258161,0.4186142656304944,0.3398620511113445,D,0.2630493217988626,0.375643212248859,0.3613074659522783,D,False,True,True,False,0,1363,13,群馬,徳島,D,2023-04-22,0,13,13,1.0,D,H,A,0.375643212248859,0.3613074659522783,0.2630493217988626,0.014335746296580687,0.7369506782011372,0.9893373309663316,0.17618949052252347,True,True,11
28237,2023-04-23,札幌,福岡,D,札幌,福岡,0.3586352351337588,0.2813910309611979,0.3599737339050432,H,0.287255151738979,0.4383163514030541,0.2744284968579669,D,0.3300832017758469,0.3441611591379404,0.3257556390862127,D,False,True,True,False,0,1363,1,札幌,福岡,D,2023-04-22,0,13,13,1.0,D,A,H,0.3441611591379404,0.3300832017758469,0.3257556390862127,0.014077957362093496,0.6742443609137873,0.999748156824045,0.1598501753239969,True,True,12
28237,2023-04-23,札幌,福岡,D,札幌,福岡,0.3586352351337588,0.2813910309611979,0.3599737339050432,H,0.287255151738979,0.4383163514030541,0.2744284968579669,D,0.3300832017758469,0.3441611591379404,0.3257556390862127,D,False,True,True,False,0,1363,6,札幌,福岡,D,2023-04-22,0,13,13,1.0,D,A,H,0.3441611591379404,0.3300832017758469,0.3257556390862127,0.014077957362093496,0.6742443609137873,0.999748156824045,0.1598501753239969,True,True,13
28593,2023-04-29,いわきFC,V・ファーレン長崎,A,いわき,長崎,0.3042217967131366,0.392236264649044,0.3035419386378195,D,0.2393679697571239,0.4931786217295977,0.2674534085132785,D,0.2782802659307315,0.4326132074812654,0.289106526588003,D,False,False,False,True,0,1364,5,いわき,長崎,A,2023-04-29,0,13,13,1.0,D,H,A,0.4326132074812654,0.289106526588003,0.2782802659307315,0.1435066808932624,0.7217197340692685,0.980524975094318,0.24879828666034767,False,False,1
28593,2023-04-29,いわきFC,V・ファーレン長崎,A,いわき,長崎,0.3042217967131366,0.392236264649044,0.3035419386378195,D,0.2393679697571239,0.4931786217295977,0.2674534085132785,D,0.2782802659307315,0.4326132074812654,0.289106526588003,D,False,False,False,True,0,1364,10,いわき,長崎,A,2023-04-29,0,13,13,1.0,D,H,A,0.4326132074812654,0.289106526588003,0.2782802659307315,0.1435066808932624,0.7217197340692685,0.980524975094318,0.24879828666034767,False,False,2
28596,2023-04-29,清水,栃木SC,H,清水,栃木sc,0.3713232512338074,0.3191977864820373,0.3094789622841551,A,0.4797676885565821,0.2130530173034261,0.3071792941399918,A,0.4147010261629173,0.2767398788105928,0.3085590950264898,A,False,False,False,True,0,1364,13,清水,栃木,H,2023-04-29,0,13,13,1.0,A,H,D,0.4147010261629173,0.3085590950264898,0.2767398788105928,0.1061419311364275,0.7232601211894072,0.9861139714634167,0.22654234337837906,False,True,3
28592,2023-04-29,山形,レノファ山口FC,D,山形,山口,0.2859787453085575,0.262134636900698,0.4518866177907445,H,0.3514567759422571,0.293422353471545,0.3551208705861979,H,0.3121699575620373,0.2746497235290368,0.4131803189089259,H,False,False,False,True,0,1364,11,山形,山口,D,2023-04-29,0,13,13,1.0,H,A,D,0.4131803189089259,0.3121699575620373,0.2746497235290368,0.10101036134688862,0.7253502764709632,0.9862872402169977,0.22402732193702818,False,False,4
28245,2023-04-29,C大阪,広島,A,c大阪,広島,0.3968060927388933,0.2323057381946364,0.3708881690664704,A,0.427483703277447,0.2156570669969334,0.3568592297256196,A,0.4090771369543147,0.2256462697155552,0.3652765933301301,A,True,True,True,True,0,1364,2,C大阪,広島,A,2023-04-29,0,13,13,1.0,A,H,D,0.4090771369543147,0.3652765933301301,0.2256462697155552,0.04380054362418462,0.7743537302844448,0.973467722636324,0.20472135737064143,True,True,5
28245,2023-04-29,C大阪,広島,A,c大阪,広島,0.3968060927388933,0.2323057381946364,0.3708881690664704,A,0.427483703277447,0.2156570669969334,0.3568592297256196,A,0.4090771369543147,0.2256462697155552,0.3652765933301301,A,True,True,True,True,0,1364,7,C大阪,広島,A,2023-04-29,0,13,13,1.0,A,H,D,0.4090771369543147,0.3652765933301301,0.2256462697155552,0.04380054362418462,0.7743537302844448,0.973467722636324,0.20472135737064143,True,True,6
28244,2023-04-29,横浜FC,札幌,A,横浜fc,札幌,0.3942389335854702,0.284098227400427,0.3216628390141027,A,0.4012932054562643,0.247957355813261,0.3507494387304747,A,0.3970606423337878,0.2696418787655606,0.3332974789006515,A,True,True,True,True,0,1364,1,横浜FC,札幌,A,2023-04-29,0,13,13,1.0,A,H,D,0.3970606423337878,0.3332974789006515,0.2696418787655606,0.06376316343313632,0.7303581212344392,0.988848447872641,0.20322470667727402,True,True,7
28244,2023-04-29,横浜FC,札幌,A,横浜fc,札幌,0.3942389335854702,0.284098227400427,0.3216628390141027,A,0.4012932054562643,0.247957355813261,0.3507494387304747,A,0.3970606423337878,0.2696418787655606,0.3332974789006515,A,True,True,True,True,0,1364,6,横浜FC,札幌,A,2023-04-29,0,13,13,1.0,A,H,D,0.3970606423337878,0.3332974789006515,0.2696418787655606,0.06376316343313632,0.7303581212344392,0.988848447872641,0.20322470667727402,True,True,8
28591,2023-04-29,秋田,岡山,A,秋田,岡山,0.3126153619222342,0.3490513279520754,0.3383333101256903,D,0.2411085752206563,0.4284199918100524,0.3304714329692914,D,0.2840126472416031,0.3807987934952662,0.3351885592631307,D,False,False,False,True,0,1364,4,秋田,岡山,A,2023-04-29,0,13,13,1.0,D,H,A,0.3807987934952662,0.3351885592631307,0.2840126472416031,0.045610234232135505,0.7159873527583969,0.9935572247116599,0.18861159411178524,False,False,9
28591,2023-04-29,秋田,岡山,A,秋田,岡山,0.3126153619222342,0.3490513279520754,0.3383333101256903,D,0.2411085752206563,0.4284199918100524,0.3304714329692914,D,0.2840126472416031,0.3807987934952662,0.3351885592631307,D,False,False,False,True,0,1364,9,秋田,岡山,A,2023-04-29,0,13,13,1.0,D,H,A,0.3807987934952662,0.3351885592631307,0.2840126472416031,0.045610234232135505,0.7159873527583969,0.9935572247116599,0.18861159411178524,False,False,10
28590,2023-04-29,仙台,大分,H,仙台,大分,0.3352703515090423,0.3279900525841736,0.3367395959067841,H,0.3765152149538773,0.3541660107739742,0.2693187742721485,A,0.35176829688697636,0.33846043586009383,0.30977126725292986,A,True,False,False,False,0,1364,12,仙台,大分,H,2023-04-29,0,13,13,1.0,A,D,H,0.35176829688697636,0.33846043586009383,0.30977126725292986,0.013307861026882528,0.6902287327470702,0.9987320748539685,0.16320706998775455,False,False,11
28248,2023-04-29,FC東京,新潟,H,fc東京,新潟,0.3479802913179035,0.3001712961406004,0.3518484125414962,H,0.2153945583100281,0.4391810481772282,0.3454243935127437,D,0.2949459981147533,0.3557751969552515,0.3492788049299952,D,True,False,False,False,0,1364,3,FC東京,新潟,H,2023-04-29,0,13,13,1.0,D,H,A,0.3557751969552515,0.3492788049299952,0.2949459981147533,0.0064963920252563145,0.7050540018852467,0.9968915500447101,0.1629942658297609,False,True,12
28248,2023-04-29,FC東京,新潟,H,fc東京,新潟,0.3479802913179035,0.3001712961406004,0.3518484125414962,H,0.2153945583100281,0.4391810481772282,0.3454243935127437,D,0.2949459981147533,0.3557751969552515,0.3492788049299952,D,True,False,False,False,0,1364,8,FC東京,新潟,H,2023-04-29,0,13,13,1.0,D,H,A,0.3557751969552515,0.3492788049299952,0.2949459981147533,0.0064963920252563145,0.7050540018852467,0.9968915500447101,0.1629942658297609,False,True,13
28602,2023-05-03,仙台,秋田,D,仙台,秋田,0.1927765755355398,0.2770282529910897,0.5301951714733705,H,0.0985435205329612,0.2513272305730904,0.6501292488939484,H,0.15508335353450833,0.26674784402388996,0.5781688024416017,H,False,False,False,True,0,1365,11,仙台,秋田,D,2023-05-03,0,13,13,1.0,H,D,A,0.5781688024416017,0.26674784402388996,0.15508335353450833,0.3114209584177118,0.8449166464654917,0.8722914361426546,0.394715009316389,False,True,1
28610,2023-05-03,栃木SC,ツエーゲン金沢,H,栃木sc,金沢,0.4226434009001184,0.2180168770787922,0.3593397220210895,A,0.5568894955851557,0.1189025504437761,0.3242079539710683,A,0.4763418387741333,0.1783711464247857,0.345287014801081,A,False,False,False,True,0,1365,4,栃木,金沢,H,2023-05-03,0,13,13,1.0,A,H,D,0.4763418387741333,0.345287014801081,0.1783711464247857,0.1310548239730523,0.8216288535752143,0.9356599260222459,0.2730910306344791,False,True,2
28610,2023-05-03,栃木SC,ツエーゲン金沢,H,栃木sc,金沢,0.4226434009001184,0.2180168770787922,0.3593397220210895,A,0.5568894955851557,0.1189025504437761,0.3242079539710683,A,0.4763418387741333,0.1783711464247857,0.345287014801081,A,False,False,False,True,0,1365,9,栃木,金沢,H,2023-05-03,0,13,13,1.0,A,H,D,0.4763418387741333,0.345287014801081,0.1783711464247857,0.1310548239730523,0.8216288535752143,0.9356599260222459,0.2730910306344791,False,True,3
28608,2023-05-03,徳島,清水,D,徳島,清水,0.3624634008396507,0.2598484208164044,0.377688178343945,H,0.5991357422194094,0.1963629469985096,0.204501310782081,A,0.4571323373915542,0.23445423128924642,0.30841343131919946,A,False,False,False,False,0,1365,12,徳島,清水,D,2023-05-03,0,13,13,1.0,A,H,D,0.4571323373915542,0.30841343131919946,0.23445423128924642,0.14871890607235472,0.7655457687107536,0.965491524317218,0.26466286408807993,False,False,4
28255,2023-05-03,G大阪,C大阪,A,g大阪,c大阪,0.4188051933294747,0.2997459417355924,0.281448864934933,A,0.4614903786778057,0.3237250694600416,0.2147845518621527,A,0.4358792674688071,0.3093375928253721,0.2547831397058209,A,True,True,True,True,0,1365,1,G大阪,C大阪,A,2023-05-03,0,13,13,1.0,A,D,H,0.4358792674688071,0.3093375928253721,0.2547831397058209,0.12654167464343502,0.7452168602941792,0.9769399399266572,0.24504726850083403,True,True,5
28255,2023-05-03,G大阪,C大阪,A,g大阪,c大阪,0.4188051933294747,0.2997459417355924,0.281448864934933,A,0.4614903786778057,0.3237250694600416,0.2147845518621527,A,0.4358792674688071,0.3093375928253721,0.2547831397058209,A,True,True,True,True,0,1365,6,G大阪,C大阪,A,2023-05-03,0,13,13,1.0,A,D,H,0.4358792674688071,0.3093375928253721,0.2547831397058209,0.12654167464343502,0.7452168602941792,0.9769399399266572,0.24504726850083403,True,True,6
28606,2023-05-03,岡山,山形,H,岡山,山形,0.3394251291634627,0.2440089314890429,0.4165659393474944,H,0.4403362174583621,0.1459719041621565,0.4136918783794813,A,0.3797895644814225,0.2047941205582883,0.4154163149602892,H,True,False,True,False,0,1365,5,岡山,山形,H,2023-05-03,0,13,13,1.0,H,A,D,0.4154163149602892,0.3797895644814225,0.2047941205582883,0.03562675047886671,0.7952058794417116,0.9624628002094506,0.20691414435784336,True,True,7
28606,2023-05-03,岡山,山形,H,岡山,山形,0.3394251291634627,0.2440089314890429,0.4165659393474944,H,0.4403362174583621,0.1459719041621565,0.4136918783794813,A,0.3797895644814225,0.2047941205582883,0.4154163149602892,H,True,False,True,False,0,1365,10,岡山,山形,H,2023-05-03,0,13,13,1.0,H,A,D,0.4154163149602892,0.3797895644814225,0.2047941205582883,0.03562675047886671,0.7952058794417116,0.9624628002094506,0.20691414435784336,True,True,8
28609,2023-05-03,V・ファーレン長崎,水戸,H,長崎,水戸,0.3242568549943541,0.371877141606855,0.3038660033987909,D,0.3835744434277875,0.4428138687619695,0.173611687810243,D,0.3479838903677275,0.4002518324689008,0.2517642771633717,D,False,False,False,True,0,1365,13,長崎,水戸,H,2023-05-03,0,13,13,1.0,D,A,H,0.4002518324689008,0.3479838903677275,0.2517642771633717,0.052267942101173304,0.7482357228366283,0.9840373465616983,0.20159963503407635,False,False,9
28259,2023-05-03,横浜FC,新潟,H,横浜fc,新潟,0.4102203182638327,0.2278011237709469,0.3619785579652204,A,0.3908566431164807,0.145738860563139,0.4634044963203803,H,0.402474848204892,0.19497621848782376,0.4025489333072844,H,False,True,True,False,0,1365,3,横浜FC,新潟,H,2023-05-03,0,13,13,1.0,H,A,D,0.4025489333072844,0.402474848204892,0.19497621848782376,7.408510239242938e-05,0.8050237815121764,0.9569878139624621,0.1897753869816229,True,True,10
28259,2023-05-03,横浜FC,新潟,H,横浜fc,新潟,0.4102203182638327,0.2278011237709469,0.3619785579652204,A,0.3908566431164807,0.145738860563139,0.4634044963203803,H,0.402474848204892,0.19497621848782376,0.4025489333072844,H,False,True,True,False,0,1365,8,横浜FC,新潟,H,2023-05-03,0,13,13,1.0,H,A,D,0.4025489333072844,0.402474848204892,0.19497621848782376,7.408510239242938e-05,0.8050237815121764,0.9569878139624621,0.1897753869816229,True,True,11
28258,2023-05-03,鳥栖,横浜FM,A,鳥栖,横浜fm,0.302386247058619,0.3373835982252393,0.3602301547161416,H,0.2265314289789689,0.3675404879272007,0.4059280830938304,H,0.27204431982675903,0.34944635410602387,0.37850932606721716,H,False,False,False,True,0,1365,2,鳥栖,横浜FM,A,2023-05-03,0,13,13,1.0,H,D,A,0.37850932606721716,0.34944635410602387,0.27204431982675903,0.029062971961193285,0.727955680173241,0.9915069306942311,0.18219985077781914,False,False,12
28258,2023-05-03,鳥栖,横浜FM,A,鳥栖,横浜fm,0.302386247058619,0.3373835982252393,0.3602301547161416,H,0.2265314289789689,0.3675404879272007,0.4059280830938304,H,0.27204431982675903,0.34944635410602387,0.37850932606721716,H,False,False,False,True,0,1365,7,鳥栖,横浜FM,A,2023-05-03,0,13,13,1.0,H,D,A,0.37850932606721716,0.34944635410602387,0.27204431982675903,0.029062971961193285,0.727955680173241,0.9915069306942311,0.18219985077781914,False,False,13
28265,2023-05-07,横浜FM,京都,H,横浜fm,京都,0.2933681400557792,0.2565833523562196,0.4500485075880012,H,0.2128691000823428,0.1221922374570573,0.6649386624606,H,0.2611685240664047,0.2028269063965546,0.5360045695370408,H,True,True,True,True,0,1366,2,横浜FM,京都,H,2023-05-06,0,13,13,1.0,H,A,D,0.5360045695370408,0.2611685240664047,0.2028269063965546,0.2748360454706361,0.7971730936034455,0.9179688062294522,0.35380091096050054,True,True,1
28265,2023-05-07,横浜FM,京都,H,横浜fm,京都,0.2933681400557792,0.2565833523562196,0.4500485075880012,H,0.2128691000823428,0.1221922374570573,0.6649386624606,H,0.2611685240664047,0.2028269063965546,0.5360045695370408,H,True,True,True,True,0,1366,7,横浜FM,京都,H,2023-05-06,0,13,13,1.0,H,A,D,0.5360045695370408,0.2611685240664047,0.2028269063965546,0.2748360454706361,0.7971730936034455,0.9179688062294522,0.35380091096050054,True,True,2
28612,2023-05-07,熊本,甲府,H,熊本,甲府,0.2745885707555474,0.3121557261808091,0.4132557030636434,H,0.2010733252010882,0.2989524187059168,0.499974256092995,H,0.2451824725337637,0.3068744031908522,0.4479431242753841,H,True,True,True,True,0,1366,12,熊本,甲府,H,2023-05-06,0,13,13,1.0,H,D,A,0.4479431242753841,0.3068744031908522,0.2451824725337637,0.1410687210845319,0.7548175274662363,0.9711523932056457,0.25671797966237986,True,True,3
28621,2023-05-07,水戸,仙台,H,水戸,仙台,0.3171610008536037,0.245423538669726,0.4374154604766703,H,0.462332860009996,0.1396612932642732,0.3980058467257307,A,0.3752297445161606,0.2031186405075448,0.4216516149762945,H,True,False,True,False,0,1366,5,水戸,仙台,H,2023-05-06,0,13,13,1.0,H,A,D,0.4216516149762945,0.3752297445161606,0.2031186405075448,0.04642187046013391,0.7968813594924551,0.9609383347585954,0.21380321444866032,True,True,4
28621,2023-05-07,水戸,仙台,H,水戸,仙台,0.3171610008536037,0.245423538669726,0.4374154604766703,H,0.462332860009996,0.1396612932642732,0.3980058467257307,A,0.3752297445161606,0.2031186405075448,0.4216516149762945,H,True,False,True,False,0,1366,10,水戸,仙台,H,2023-05-06,0,13,13,1.0,H,A,D,0.4216516149762945,0.3752297445161606,0.2031186405075448,0.04642187046013391,0.7968813594924551,0.9609383347585954,0.21380321444866032,True,True,5
28619,2023-05-07,V・ファーレン長崎,東京V,A,長崎,東京v,0.3173858654257411,0.263520497761127,0.4190936368131319,H,0.3713170245537338,0.2551000092542146,0.3735829661920516,H,0.3389583290769382,0.260152302358362,0.4008893685646998,H,False,False,False,True,0,1366,4,長崎,東京V,A,2023-05-06,0,13,13,1.0,H,A,D,0.4008893685646998,0.3389583290769382,0.260152302358362,0.06193103948776163,0.7398476976416379,0.9861936056519095,0.2048373585444496,False,True,6
28619,2023-05-07,V・ファーレン長崎,東京V,A,長崎,東京v,0.3173858654257411,0.263520497761127,0.4190936368131319,H,0.3713170245537338,0.2551000092542146,0.3735829661920516,H,0.3389583290769382,0.260152302358362,0.4008893685646998,H,False,False,False,True,0,1366,9,長崎,東京V,A,2023-05-06,0,13,13,1.0,H,A,D,0.4008893685646998,0.3389583290769382,0.260152302358362,0.06193103948776163,0.7398476976416379,0.9861936056519095,0.2048373585444496,False,True,7
28267,2023-05-07,C大阪,鹿島,A,c大阪,鹿島,0.3288291558882965,0.3029766831050753,0.368194161006628,H,0.30028893010928,0.3127900523392743,0.3869210175514457,H,0.31741306557668997,0.30690203079875494,0.37568490362455514,H,False,False,False,True,0,1366,3,C大阪,鹿島,A,2023-05-06,0,13,13,1.0,H,A,D,0.37568490362455514,0.31741306557668997,0.30690203079875494,0.058271838047865177,0.6930979692012451,0.9963167875411728,0.19018999243956805,False,True,8
28267,2023-05-07,C大阪,鹿島,A,c大阪,鹿島,0.3288291558882965,0.3029766831050753,0.368194161006628,H,0.30028893010928,0.3127900523392743,0.3869210175514457,H,0.31741306557668997,0.30690203079875494,0.37568490362455514,H,False,False,False,True,0,1366,8,C大阪,鹿島,A,2023-05-06,0,13,13,1.0,H,A,D,0.37568490362455514,0.31741306557668997,0.30690203079875494,0.058271838047865177,0.6930979692012451,0.9963167875411728,0.19018999243956805,False,True,9
28263,2023-05-06,名古屋,G大阪,H,名古屋,g大阪,0.3839111885790378,0.2946935221566723,0.32139528926429,A,0.3536119600577783,0.1843803123403535,0.4620077276018682,H,0.3717914971705339,0.2505682382301448,0.3776402645993213,H,False,True,True,False,0,1366,1,名古屋,G大阪,H,2023-05-06,0,13,13,1.0,H,A,D,0.3776402645993213,0.3717914971705339,0.2505682382301448,0.005848767428787427,0.7494317617698552,0.9852449844685471,0.1749361907760608,True,True,10
28263,2023-05-06,名古屋,G大阪,H,名古屋,g大阪,0.3839111885790378,0.2946935221566723,0.32139528926429,A,0.3536119600577783,0.1843803123403535,0.4620077276018682,H,0.3717914971705339,0.2505682382301448,0.3776402645993213,H,False,True,True,False,0,1366,6,名古屋,G大阪,H,2023-05-06,0,13,13,1.0,H,A,D,0.3776402645993213,0.3717914971705339,0.2505682382301448,0.005848767428787427,0.7494317617698552,0.9852449844685471,0.1749361907760608,True,True,11
28613,2023-05-07,秋田,栃木SC,H,秋田,栃木sc,0.3793650938013853,0.2641753636200613,0.3564595425785534,A,0.3250747886292319,0.2824572277901795,0.3924679835805885,H,0.35764897173252397,0.2714881092881087,0.37086291897936746,H,False,True,True,False,0,1366,11,秋田,栃木,H,2023-05-06,0,13,13,1.0,H,A,D,0.37086291897936746,0.35764897173252397,0.2714881092881087,0.013213947246843494,0.7285118907118915,0.9917779590701007,0.17315760326309046,True,True,12
28614,2023-05-07,山形,藤枝MYFC,H,山形,藤枝,0.3193849576933388,0.3498098015681256,0.3308052407385354,D,0.3478102941645535,0.2491457627661929,0.4030439430692535,H,0.33075509228182476,0.30954418604735257,0.35970072167082273,H,False,True,True,False,0,1366,13,山形,藤枝,H,2023-05-06,0,13,13,1.0,H,A,D,0.35970072167082273,0.33075509228182476,0.30954418604735257,0.028945629388997973,0.6904558139526475,0.9982739778336075,0.17234149947129804,True,True,13
28632,2023-05-13,仙台,山形,H,仙台,山形,0.3059936683150669,0.2401538060310397,0.4538525256538934,H,0.2738738629324798,0.1925940618414885,0.5335320752260317,H,0.29314574616203204,0.22112990835521923,0.48572434548274873,H,True,True,True,True,0,1367,12,仙台,山形,H,2023-05-13,0,13,13,1.0,H,A,D,0.48572434548274873,0.29314574616203204,0.22112990835521923,0.1925785993207167,0.7788700916447808,0.95042567884028,0.29589332946143176,True,True,1
28275,2023-05-14,鹿島,名古屋,H,鹿島,名古屋,0.3080308834636414,0.2926811037644188,0.3992880127719397,H,0.1834044456872543,0.2321538546991263,0.5844416996136194,H,0.2581803083530866,0.2684702041383018,0.4733494875086116,H,True,True,True,True,0,1367,2,鹿島,名古屋,H,2023-05-13,0,13,13,1.0,H,D,A,0.4733494875086116,0.2684702041383018,0.2581803083530866,0.2048792833703098,0.7418196916469134,0.9618241175757383,0.29235019504333604,True,True,2
28275,2023-05-14,鹿島,名古屋,H,鹿島,名古屋,0.3080308834636414,0.2926811037644188,0.3992880127719397,H,0.1834044456872543,0.2321538546991263,0.5844416996136194,H,0.2581803083530866,0.2684702041383018,0.4733494875086116,H,True,True,True,True,0,1367,7,鹿島,名古屋,H,2023-05-13,0,13,13,1.0,H,D,A,0.4733494875086116,0.2684702041383018,0.2581803083530866,0.2048792833703098,0.7418196916469134,0.9618241175757383,0.29235019504333604,True,True,3
28625,2023-05-13,甲府,千葉,A,甲府,千葉,0.3156184376642431,0.2472472497245121,0.4371343126112447,H,0.2785979990214826,0.2274894134022219,0.4939125875762955,H,0.30081026220713897,0.23934411519559604,0.4598456225972651,H,False,False,False,True,0,1367,5,甲府,千葉,A,2023-05-13,0,13,13,1.0,H,A,D,0.4598456225972651,0.30081026220713897,0.23934411519559604,0.1590353603901261,0.760655884804404,0.9656005451853851,0.26947279726823636,False,True,4
28625,2023-05-13,甲府,千葉,A,甲府,千葉,0.3156184376642431,0.2472472497245121,0.4371343126112447,H,0.2785979990214826,0.2274894134022219,0.4939125875762955,H,0.30081026220713897,0.23934411519559604,0.4598456225972651,H,False,False,False,True,0,1367,10,甲府,千葉,A,2023-05-13,0,13,13,1.0,H,A,D,0.4598456225972651,0.30081026220713897,0.23934411519559604,0.1590353603901261,0.760655884804404,0.9656005451853851,0.26947279726823636,False,True,5
28274,2023-05-13,柏,横浜FC,A,柏,横浜fc,0.3129885190430189,0.2816152908847233,0.4053961900722577,H,0.283966668151654,0.3221445668853971,0.3938887649629489,H,0.301379778686473,0.2978270012849928,0.4007932200285342,H,False,False,False,True,0,1367,1,柏,横浜FC,A,2023-05-13,0,13,13,1.0,H,A,D,0.4007932200285342,0.301379778686473,0.2978270012849928,0.0994134413420612,0.7021729987150072,0.9909409792180776,0.21696345763894628,False,True,6
28274,2023-05-13,柏,横浜FC,A,柏,横浜fc,0.3129885190430189,0.2816152908847233,0.4053961900722577,H,0.283966668151654,0.3221445668853971,0.3938887649629489,H,0.301379778686473,0.2978270012849928,0.4007932200285342,H,False,False,False,True,0,1367,6,柏,横浜FC,A,2023-05-13,0,13,13,1.0,H,A,D,0.4007932200285342,0.301379778686473,0.2978270012849928,0.0994134413420612,0.7021729987150072,0.9909409792180776,0.21696345763894628,False,True,7
28276,2023-05-14,京都,C大阪,A,京都,c大阪,0.3518888109476651,0.2509137332558426,0.3971974557964923,H,0.3610762666032487,0.2533201611869675,0.3856035722097837,H,0.35556379320989856,0.25187630442829256,0.3925599023618089,H,False,False,False,True,0,1367,3,京都,C大阪,A,2023-05-13,0,13,13,1.0,H,A,D,0.3925599023618089,0.35556379320989856,0.25187630442829256,0.03699610915191032,0.7481236955717074,0.9849077862002378,0.19261903702593505,False,True,8
28276,2023-05-14,京都,C大阪,A,京都,c大阪,0.3518888109476651,0.2509137332558426,0.3971974557964923,H,0.3610762666032487,0.2533201611869675,0.3856035722097837,H,0.35556379320989856,0.25187630442829256,0.3925599023618089,H,False,False,False,True,0,1367,8,京都,C大阪,A,2023-05-13,0,13,13,1.0,H,A,D,0.3925599023618089,0.35556379320989856,0.25187630442829256,0.03699610915191032,0.7481236955717074,0.9849077862002378,0.19261903702593505,False,True,9
28626,2023-05-13,ツエーゲン金沢,V・ファーレン長崎,H,金沢,長崎,0.2934093328952736,0.3549521149352316,0.3516385521694948,D,0.3105066106463959,0.4097176205910959,0.2797757687625081,D,0.30024824399572253,0.37685831719757734,0.32289343880670013,D,False,False,False,True,0,1367,11,金沢,長崎,H,2023-05-13,0,13,13,1.0,D,H,A,0.37685831719757734,0.32289343880670013,0.30024824399572253,0.05396487839087721,0.6997517560042774,0.9958221893301091,0.189309512309695,False,True,10
28633,2023-05-14,いわきFC,秋田,A,いわき,秋田,0.3555876297101384,0.3502331939948068,0.2941791762950547,A,0.3375773494457038,0.3929310494110078,0.2694916011432884,D,0.3483835176043646,0.3673123361612872,0.2843041462343482,D,True,False,False,False,0,1367,13,いわき,秋田,A,2023-05-13,0,13,13,1.0,D,A,H,0.3673123361612872,0.3483835176043646,0.2843041462343482,0.018928818556922633,0.7156958537656518,0.9947138253646829,0.17297287269456557,False,True,11
28631,2023-05-13,大分,熊本,D,大分,熊本,0.3766480880277321,0.2907450138926417,0.3326068980796263,A,0.2844286591958411,0.3400212503074676,0.3755500904966912,H,0.3397603164949757,0.310455508458572,0.3497841750464523,H,False,False,False,False,0,1367,4,大分,熊本,D,2023-05-13,0,13,13,1.0,H,A,D,0.3497841750464523,0.3397603164949757,0.310455508458572,0.010023858551476639,0.6895444915414279,0.998848830961032,0.16114146307171395,False,False,12
28631,2023-05-13,大分,熊本,D,大分,熊本,0.3766480880277321,0.2907450138926417,0.3326068980796263,A,0.2844286591958411,0.3400212503074676,0.3755500904966912,H,0.3397603164949757,0.310455508458572,0.3497841750464523,H,False,False,False,False,0,1367,9,大分,熊本,D,2023-05-13,0,13,13,1.0,H,A,D,0.3497841750464523,0.3397603164949757,0.310455508458572,0.010023858551476639,0.6895444915414279,0.998848830961032,0.16114146307171395,False,False,13
28645,2023-05-21,山形,秋田,H,山形,秋田,0.3551321996356333,0.1695134999147291,0.4753543004496375,H,0.2075817717908439,0.1957423130871395,0.5966759151220166,H,0.29611202849771756,0.18000502518369324,0.5238829463185892,H,True,True,True,True,0,1368,4,山形,秋田,H,2023-05-20,0,13,13,1.0,H,A,D,0.5238829463185892,0.29611202849771756,0.18000502518369324,0.22777091782087167,0.8199949748163068,0.917270208497822,0.33201310538110584,True,True,1
28645,2023-05-21,山形,秋田,H,山形,秋田,0.3551321996356333,0.1695134999147291,0.4753543004496375,H,0.2075817717908439,0.1957423130871395,0.5966759151220166,H,0.29611202849771756,0.18000502518369324,0.5238829463185892,H,True,True,True,True,0,1368,9,山形,秋田,H,2023-05-20,0,13,13,1.0,H,A,D,0.5238829463185892,0.29611202849771756,0.18000502518369324,0.22777091782087167,0.8199949748163068,0.917270208497822,0.33201310538110584,True,True,2
28285,2023-05-20,柏,神戸,D,柏,神戸,0.3448216297055804,0.1843309548943617,0.4708474154000578,H,0.3225343421593236,0.1065003278784118,0.5709653299622647,H,0.33590671468707767,0.15319870408798172,0.5108945812249407,H,False,False,False,True,0,1368,2,柏,神戸,D,2023-05-20,0,13,13,1.0,H,A,D,0.5108945812249407,0.33590671468707767,0.15319870408798172,0.17498786653786302,0.8468012959120184,0.907476128793806,0.3096530890807142,False,False,3
28285,2023-05-20,柏,神戸,D,柏,神戸,0.3448216297055804,0.1843309548943617,0.4708474154000578,H,0.3225343421593236,0.1065003278784118,0.5709653299622647,H,0.33590671468707767,0.15319870408798172,0.5108945812249407,H,False,False,False,True,0,1368,7,柏,神戸,D,2023-05-20,0,13,13,1.0,H,A,D,0.5108945812249407,0.33590671468707767,0.15319870408798172,0.17498786653786302,0.8468012959120184,0.907476128793806,0.3096530890807142,False,False,4
28649,2023-05-21,ツエーゲン金沢,甲府,A,金沢,甲府,0.4293087864303991,0.2983511476787441,0.2723400658908568,A,0.4389442893394391,0.2972986393486405,0.2637570713119204,A,0.43316298759401506,0.2979301443467027,0.26890686805928227,A,True,True,True,True,0,1368,5,金沢,甲府,A,2023-05-20,0,13,13,1.0,A,D,H,0.43316298759401506,0.2979301443467027,0.26890686805928227,0.13523284324731238,0.7310931319407177,0.9797306514444838,0.24630870926496937,True,True,5
28649,2023-05-21,ツエーゲン金沢,甲府,A,金沢,甲府,0.4293087864303991,0.2983511476787441,0.2723400658908568,A,0.4389442893394391,0.2972986393486405,0.2637570713119204,A,0.43316298759401506,0.2979301443467027,0.26890686805928227,A,True,True,True,True,0,1368,10,金沢,甲府,A,2023-05-20,0,13,13,1.0,A,D,H,0.43316298759401506,0.2979301443467027,0.26890686805928227,0.13523284324731238,0.7310931319407177,0.9797306514444838,0.24630870926496937,True,True,6
28650,2023-05-21,藤枝MYFC,徳島,H,藤枝,徳島,0.2980849883214714,0.3169762017351641,0.3849388099433645,H,0.1643684604395036,0.3144070856799876,0.5212244538805088,H,0.2445983771686842,0.3159485553130935,0.4394530675182222,H,True,True,True,True,0,1368,13,藤枝,徳島,H,2023-05-20,0,13,13,1.0,H,D,A,0.4394530675182222,0.3159485553130935,0.2445983771686842,0.1235045122051287,0.7554016228313157,0.9737607375591897,0.2462283121431571,True,True,7
28652,2023-05-21,大分,V・ファーレン長崎,D,大分,長崎,0.3551903130249151,0.2653083900219275,0.3795012969531574,H,0.5624862659493992,0.1390535058351043,0.2984602282154964,A,0.43810869419470877,0.21480643634719823,0.34708486945809297,A,False,False,False,False,0,1368,12,大分,長崎,D,2023-05-20,0,13,13,1.0,A,H,D,0.43810869419470877,0.34708486945809297,0.21480643634719823,0.0910238247366158,0.7851935636528018,0.9641458145477303,0.23617808813588842,False,False,8
28651,2023-05-21,レノファ山口FC,東京V,A,山口,東京v,0.3420639591267145,0.3132126061047117,0.3447234347685736,H,0.2212239117736983,0.2734329405614611,0.5053431476648407,H,0.29372794018550813,0.29730073988741146,0.4089713199270805,H,False,False,False,True,0,1368,11,山口,東京V,A,2023-05-20,0,13,13,1.0,H,D,A,0.4089713199270805,0.29730073988741146,0.29372794018550813,0.11167058003966907,0.706272059814492,0.9886481614040835,0.2253921647002537,False,False,9
28283,2023-05-20,湘南,C大阪,A,湘南,c大阪,0.3287329369845675,0.2965663447949581,0.3747007182204743,H,0.5316909398572193,0.1996307502181602,0.2686783099246205,A,0.4099161381336282,0.257792106964239,0.3322917549021328,A,False,True,True,False,0,1368,1,湘南,C大阪,A,2023-05-20,0,13,13,1.0,A,H,D,0.4099161381336282,0.3322917549021328,0.257792106964239,0.0776243832314954,0.742207893035761,0.9840846700522791,0.21481386228070026,True,True,10
28283,2023-05-20,湘南,C大阪,A,湘南,c大阪,0.3287329369845675,0.2965663447949581,0.3747007182204743,H,0.5316909398572193,0.1996307502181602,0.2686783099246205,A,0.4099161381336282,0.257792106964239,0.3322917549021328,A,False,True,True,False,0,1368,6,湘南,C大阪,A,2023-05-20,0,13,13,1.0,A,H,D,0.4099161381336282,0.3322917549021328,0.257792106964239,0.0776243832314954,0.742207893035761,0.9840846700522791,0.21481386228070026,True,True,11
28286,2023-05-20,鳥栖,新潟,H,鳥栖,新潟,0.2920191913074345,0.2841944970505091,0.4237863116420564,H,0.3818217856334514,0.2499026656417914,0.3682755487247571,A,0.3279402290378412,0.270477764487022,0.4015820064751367,H,True,False,True,False,0,1368,3,鳥栖,新潟,H,2023-05-20,0,13,13,1.0,H,A,D,0.4015820064751367,0.3279402290378412,0.270477764487022,0.0736417774372955,0.7295222355129779,0.9882253436788029,0.20884145628110434,True,True,12
28286,2023-05-20,鳥栖,新潟,H,鳥栖,新潟,0.2920191913074345,0.2841944970505091,0.4237863116420564,H,0.3818217856334514,0.2499026656417914,0.3682755487247571,A,0.3279402290378412,0.270477764487022,0.4015820064751367,H,True,False,True,False,0,1368,8,鳥栖,新潟,H,2023-05-20,0,13,13,1.0,H,A,D,0.4015820064751367,0.3279402290378412,0.270477764487022,0.0736417774372955,0.7295222355129779,0.9882253436788029,0.20884145628110434,True,True,13
28297,2023-05-28,川崎F,柏,H,川崎f,柏,0.2194685664105241,0.2694140313075203,0.5111174022819556,H,0.2252087812826608,0.1934880901335467,0.5813031285837925,H,0.22176465235937876,0.23904365483793086,0.5391916928026904,H,True,True,True,True,0,1370,4,川崎F,柏,H,2023-05-27,0,13,13,1.0,H,D,A,0.5391916928026904,0.23904365483793086,0.22176465235937876,0.30014803796475953,0.7782353476406213,0.918573373119234,0.36397340042502974,True,True,1
28297,2023-05-28,川崎F,柏,H,川崎f,柏,0.2194685664105241,0.2694140313075203,0.5111174022819556,H,0.2252087812826608,0.1934880901335467,0.5813031285837925,H,0.22176465235937876,0.23904365483793086,0.5391916928026904,H,True,True,True,True,0,1370,9,川崎F,柏,H,2023-05-27,0,13,13,1.0,H,D,A,0.5391916928026904,0.23904365483793086,0.22176465235937876,0.30014803796475953,0.7782353476406213,0.918573373119234,0.36397340042502974,True,True,2
28659,2023-05-28,秋田,大分,D,秋田,大分,0.3709461443119602,0.2275003162987426,0.4015535393892971,H,0.193093459785165,0.1871105431946413,0.6197959970201937,H,0.2998050705012421,0.2113444070571021,0.4888505224416557,H,False,False,False,True,0,1370,12,秋田,大分,D,2023-05-27,0,13,13,1.0,H,A,D,0.4888505224416557,0.2998050705012421,0.2113444070571021,0.1890454519404136,0.7886555929428978,0.9462001232332077,0.29690861863124834,False,False,3
28293,2023-05-27,京都,浦和,A,京都,浦和,0.2467206296924527,0.310216838414831,0.4430625318927162,H,0.3386302620405185,0.1955371579038989,0.4658325800555825,H,0.2834844826316791,0.2643449662104582,0.4521705511578627,H,False,False,False,True,0,1370,2,京都,浦和,A,2023-05-27,0,13,13,1.0,H,A,D,0.4521705511578627,0.2834844826316791,0.2643449662104582,0.16868606852618362,0.7356550337895418,0.9720962590241301,0.2680976202003764,False,True,4
28293,2023-05-27,京都,浦和,A,京都,浦和,0.2467206296924527,0.310216838414831,0.4430625318927162,H,0.3386302620405185,0.1955371579038989,0.4658325800555825,H,0.2834844826316791,0.2643449662104582,0.4521705511578627,H,False,False,False,True,0,1370,7,京都,浦和,A,2023-05-27,0,13,13,1.0,H,A,D,0.4521705511578627,0.2834844826316791,0.2643449662104582,0.16868606852618362,0.7356550337895418,0.9720962590241301,0.2680976202003764,False,True,5
28295,2023-05-28,新潟,G大阪,A,新潟,g大阪,0.4049327315687701,0.2997440007196037,0.2953232677116262,A,0.4695160110566266,0.2519856690564258,0.2784983198869475,A,0.4307660433639127,0.2806406680543326,0.2885932885817547,A,True,True,True,True,0,1370,3,新潟,G大阪,A,2023-05-27,0,13,13,1.0,A,H,D,0.4307660433639127,0.2885932885817547,0.2806406680543326,0.14217275478215802,0.7193593319456675,0.9812715516430812,0.2473508733588998,True,True,6
28295,2023-05-28,新潟,G大阪,A,新潟,g大阪,0.4049327315687701,0.2997440007196037,0.2953232677116262,A,0.4695160110566266,0.2519856690564258,0.2784983198869475,A,0.4307660433639127,0.2806406680543326,0.2885932885817547,A,True,True,True,True,0,1370,8,新潟,G大阪,A,2023-05-27,0,13,13,1.0,A,H,D,0.4307660433639127,0.2885932885817547,0.2806406680543326,0.14217275478215802,0.7193593319456675,0.9812715516430812,0.2473508733588998,True,True,7
28665,2023-05-28,熊本,山形,A,熊本,山形,0.2759287784510161,0.2955977277559641,0.4284734937930198,H,0.1910050993506387,0.359072192677039,0.4499227079723223,H,0.24195930681086517,0.32098751372439405,0.4370531794647408,H,False,False,False,True,0,1370,13,熊本,山形,A,2023-05-27,0,13,13,1.0,H,D,A,0.4370531794647408,0.32098751372439405,0.24195930681086517,0.11606566574034677,0.7580406931891348,0.973811275550419,0.24253465865817092,False,False,8
28291,2023-05-27,広島,湘南,H,広島,湘南,0.3540877721367553,0.3191366394278643,0.3267755884353803,A,0.3975724956786773,0.3419522813203305,0.2604752230009922,A,0.3714816615535241,0.3282628961848508,0.3002554422616251,A,False,False,False,True,0,1370,1,広島,湘南,H,2023-05-27,0,13,13,1.0,A,D,H,0.3714816615535241,0.3282628961848508,0.3002554422616251,0.04321876536867325,0.699744557738375,0.9965035319304584,0.1829926091920298,False,False,9
28291,2023-05-27,広島,湘南,H,広島,湘南,0.3540877721367553,0.3191366394278643,0.3267755884353803,A,0.3975724956786773,0.3419522813203305,0.2604752230009922,A,0.3714816615535241,0.3282628961848508,0.3002554422616251,A,False,False,False,True,0,1370,6,広島,湘南,H,2023-05-27,0,13,13,1.0,A,D,H,0.3714816615535241,0.3282628961848508,0.3002554422616251,0.04321876536867325,0.699744557738375,0.9965035319304584,0.1829926091920298,False,False,10
28661,2023-05-28,ザスパクサツ群馬,藤枝MYFC,D,群馬,藤枝,0.3516174859096138,0.3494965591244073,0.2988859549659788,A,0.412865471495712,0.3784326273704139,0.2087019011338741,A,0.3761166801440531,0.36107098642281,0.262812333433137,A,False,False,False,True,0,1370,5,群馬,藤枝,D,2023-05-27,0,13,13,1.0,A,D,H,0.3761166801440531,0.36107098642281,0.262812333433137,0.015045693721243092,0.7371876665668631,0.9892516569540812,0.17666816747644273,False,True,11
28661,2023-05-28,ザスパクサツ群馬,藤枝MYFC,D,群馬,藤枝,0.3516174859096138,0.3494965591244073,0.2988859549659788,A,0.412865471495712,0.3784326273704139,0.2087019011338741,A,0.3761166801440531,0.36107098642281,0.262812333433137,A,False,False,False,True,0,1370,10,群馬,藤枝,D,2023-05-27,0,13,13,1.0,A,D,H,0.3761166801440531,0.36107098642281,0.262812333433137,0.015045693721243092,0.7371876665668631,0.9892516569540812,0.17666816747644273,False,True,12
28658,2023-05-28,仙台,千葉,H,仙台,千葉,0.36060220375533,0.3263234740445966,0.3130743222000733,A,0.3695442241653583,0.3468257093790444,0.2836300664555971,A,0.3641790119193414,0.3345243681783758,0.30129661990228285,A,False,False,False,True,0,1370,11,仙台,千葉,H,2023-05-27,0,13,13,1.0,A,D,H,0.3641790119193414,0.3345243681783758,0.30129661990228285,0.029654643740965603,0.6987033800977172,0.9972887786367293,0.17480192494569574,False,False,13
28305,2023-06-04,広島,京都,H,広島,京都,0.2522544038015759,0.2374818271284083,0.5102637690700158,H,0.1440553045056535,0.2171476839698679,0.6387970115244787,H,0.20897476408320692,0.22934816986499212,0.561677066051801,H,True,True,True,True,0,1371,3,広島,京都,H,2023-06-03,0,13,13,1.0,H,D,A,0.561677066051801,0.22934816986499212,0.20897476408320692,0.3323288961868089,0.7910252359167931,0.9001067169352688,0.3890484500016398,True,True,1
28305,2023-06-04,広島,京都,H,広島,京都,0.2522544038015759,0.2374818271284083,0.5102637690700158,H,0.1440553045056535,0.2171476839698679,0.6387970115244787,H,0.20897476408320692,0.22934816986499212,0.561677066051801,H,True,True,True,True,0,1371,8,広島,京都,H,2023-06-03,0,13,13,1.0,H,D,A,0.561677066051801,0.22934816986499212,0.20897476408320692,0.3323288961868089,0.7910252359167931,0.9001067169352688,0.3890484500016398,True,True,2
28672,2023-06-03,レノファ山口FC,V・ファーレン長崎,D,山口,長崎,0.4542613973363373,0.2649812403676531,0.2807573622960095,A,0.597716250357271,0.1986630656071266,0.2036206840356024,A,0.5116433385447109,0.23845397046344252,0.24990269099184662,A,False,False,False,True,0,1371,5,山口,長崎,D,2023-06-03,0,13,13,1.0,A,H,D,0.5116433385447109,0.24990269099184662,0.23845397046344252,0.2617406475528643,0.7615460295365575,0.9386795182338047,0.3341128253418615,False,False,3
28672,2023-06-03,レノファ山口FC,V・ファーレン長崎,D,山口,長崎,0.4542613973363373,0.2649812403676531,0.2807573622960095,A,0.597716250357271,0.1986630656071266,0.2036206840356024,A,0.5116433385447109,0.23845397046344252,0.24990269099184662,A,False,False,False,True,0,1371,10,山口,長崎,D,2023-06-03,0,13,13,1.0,A,H,D,0.5116433385447109,0.24990269099184662,0.23845397046344252,0.2617406475528643,0.7615460295365575,0.9386795182338047,0.3341128253418615,False,False,4
28668,2023-06-03,山形,清水,H,山形,清水,0.3135584989876467,0.2571069483400853,0.429334552672268,H,0.3504637577180105,0.175652906677892,0.4738833356040975,H,0.3283206024797922,0.224525331675208,0.4471540658449998,H,True,True,True,True,0,1371,11,山形,清水,H,2023-06-03,0,13,13,1.0,H,A,D,0.4471540658449998,0.3283206024797922,0.224525331675208,0.11883346336520756,0.775474668324792,0.9657212656306661,0.24966678868193934,True,True,5
28299,2023-06-03,FC東京,横浜FM,A,fc東京,横浜fm,0.3358373215107219,0.2421395006539641,0.422023177835314,H,0.3946935416105723,0.1452000078327874,0.4601064505566403,H,0.359379809550662,0.2033637035254934,0.4372564869238445,H,False,False,False,True,0,1371,1,FC東京,横浜FM,A,2023-06-03,0,13,13,1.0,H,A,D,0.4372564869238445,0.359379809550662,0.2033637035254934,0.07787667737318249,0.7966362964745065,0.9588495718836372,0.2322523418196165,False,True,6
28299,2023-06-03,FC東京,横浜FM,A,fc東京,横浜fm,0.3358373215107219,0.2421395006539641,0.422023177835314,H,0.3946935416105723,0.1452000078327874,0.4601064505566403,H,0.359379809550662,0.2033637035254934,0.4372564869238445,H,False,False,False,True,0,1371,6,FC東京,横浜FM,A,2023-06-03,0,13,13,1.0,H,A,D,0.4372564869238445,0.359379809550662,0.2033637035254934,0.07787667737318249,0.7966362964745065,0.9588495718836372,0.2322523418196165,False,True,7
28303,2023-06-03,横浜FC,鳥栖,A,横浜fc,鳥栖,0.3576272315792295,0.3121979156132105,0.33017485280756,A,0.2629203721568146,0.2039751496926137,0.5331044781505717,H,0.3197444878102635,0.2689088092449718,0.4113467029447647,H,True,False,False,False,0,1371,2,横浜FC,鳥栖,A,2023-06-03,0,13,13,1.0,H,A,D,0.4113467029447647,0.3197444878102635,0.2689088092449718,0.09160221513450123,0.7310911907550282,0.9859442988538341,0.21997793185145273,False,True,8
28303,2023-06-03,横浜FC,鳥栖,A,横浜fc,鳥栖,0.3576272315792295,0.3121979156132105,0.33017485280756,A,0.2629203721568146,0.2039751496926137,0.5331044781505717,H,0.3197444878102635,0.2689088092449718,0.4113467029447647,H,True,False,False,False,0,1371,7,横浜FC,鳥栖,A,2023-06-03,0,13,13,1.0,H,A,D,0.4113467029447647,0.3197444878102635,0.2689088092449718,0.09160221513450123,0.7310911907550282,0.9859442988538341,0.21997793185145273,False,True,9
28670,2023-06-03,ツエーゲン金沢,ザスパクサツ群馬,D,金沢,群馬,0.3461202083376922,0.2726765667027584,0.3812032249595493,H,0.3090114213701316,0.2305866725288994,0.460401906100969,H,0.33127669355066797,0.25584060903321487,0.4128826974161172,H,False,False,False,True,0,1371,12,金沢,群馬,D,2023-06-03,0,13,13,1.0,H,A,D,0.4128826974161172,0.33127669355066797,0.25584060903321487,0.08160600386544925,0.7441593909667852,0.9830489361091705,0.2177495279683259,False,False,10
28306,2023-06-04,浦和,鹿島,D,浦和,鹿島,0.3038292502245299,0.2896113047248348,0.4065594450506353,H,0.3413195180474168,0.2861914404876213,0.3724890414649618,H,0.3188253573536846,0.2882433590299494,0.3929312836163659,H,False,False,False,True,0,1371,4,浦和,鹿島,D,2023-06-03,0,13,13,1.0,H,A,D,0.3929312836163659,0.3188253573536846,0.2882433590299494,0.07410592626268131,0.7117566409700505,0.9922140780110766,0.2043133362170878,False,False,11
28306,2023-06-04,浦和,鹿島,D,浦和,鹿島,0.3038292502245299,0.2896113047248348,0.4065594450506353,H,0.3413195180474168,0.2861914404876213,0.3724890414649618,H,0.3188253573536846,0.2882433590299494,0.3929312836163659,H,False,False,False,True,0,1371,9,浦和,鹿島,D,2023-06-03,0,13,13,1.0,H,A,D,0.3929312836163659,0.3188253573536846,0.2882433590299494,0.07410592626268131,0.7117566409700505,0.9922140780110766,0.2043133362170878,False,False,12
28675,2023-06-03,岡山,徳島,H,岡山,徳島,0.3200780807237458,0.3209421046062264,0.3589798146700278,H,0.3886016030992836,0.2938045674121905,0.3175938294885259,A,0.347487489673961,0.31008708972861204,0.34242542059742703,A,True,False,False,False,0,1371,13,岡山,徳島,H,2023-06-03,0,13,13,1.0,A,H,D,0.347487489673961,0.34242542059742703,0.31008708972861204,0.005062069076533948,0.689912910271388,0.9988627996929526,0.15836853459147882,False,True,13
28308,2023-06-10,C大阪,神戸,H,c大阪,神戸,0.2506958381598788,0.236035831107347,0.5132683307327742,H,0.2177175093576764,0.1199114479255274,0.6623710427167961,H,0.23750450663899783,0.18958607783461912,0.5729094155263831,H,True,True,True,True,0,1373,1,C大阪,神戸,H,2023-06-10,0,13,13,1.0,H,A,D,0.5729094155263831,0.23750450663899783,0.18958607783461912,0.3354049088873853,0.8104139221653809,0.8882300241998554,0.39755495025748616,True,True,1
28308,2023-06-10,C大阪,神戸,H,c大阪,神戸,0.2506958381598788,0.236035831107347,0.5132683307327742,H,0.2177175093576764,0.1199114479255274,0.6623710427167961,H,0.23750450663899783,0.18958607783461912,0.5729094155263831,H,True,True,True,True,0,1373,6,C大阪,神戸,H,2023-06-10,0,13,13,1.0,H,A,D,0.5729094155263831,0.23750450663899783,0.18958607783461912,0.3354049088873853,0.8104139221653809,0.8882300241998554,0.39755495025748616,True,True,2
28315,2023-06-11,川崎F,広島,H,川崎f,広島,0.2594900129511466,0.2200394272458749,0.5204705598029785,H,0.3666944912168144,0.1359034940086811,0.4974020147745046,H,0.3023718042574137,0.1863850539509974,0.5112431417915889,H,True,True,True,True,0,1373,4,川崎F,広島,H,2023-06-10,0,13,13,1.0,H,A,D,0.5112431417915889,0.3023718042574137,0.1863850539509974,0.2088713375341752,0.8136149460490026,0.9264234761141312,0.3178796867203501,True,True,3
28315,2023-06-11,川崎F,広島,H,川崎f,広島,0.2594900129511466,0.2200394272458749,0.5204705598029785,H,0.3666944912168144,0.1359034940086811,0.4974020147745046,H,0.3023718042574137,0.1863850539509974,0.5112431417915889,H,True,True,True,True,0,1373,9,川崎F,広島,H,2023-06-10,0,13,13,1.0,H,A,D,0.5112431417915889,0.3023718042574137,0.1863850539509974,0.2088713375341752,0.8136149460490026,0.9264234761141312,0.3178796867203501,True,True,4
28678,2023-06-11,仙台,磐田,A,仙台,磐田,0.3924055114226933,0.2798534712361679,0.3277410173411387,A,0.4570233329312968,0.2979586310883754,0.2450180359803279,A,0.4182526400261347,0.2870955351770509,0.2946518247968144,A,True,True,True,True,0,1373,13,仙台,磐田,A,2023-06-10,0,13,13,1.0,A,H,D,0.4182526400261347,0.2946518247968144,0.2870955351770509,0.12360081522932032,0.7129044648229491,0.9857064293846922,0.2343326874650843,True,True,5
28310,2023-06-11,新潟,京都,A,新潟,京都,0.2856604434662683,0.3969743431934195,0.3173652133403121,D,0.2818142307018654,0.4504995446347479,0.2676862246633867,D,0.2841219583605071,0.4183844237699509,0.297493617869542,D,False,False,False,True,0,1373,2,新潟,京都,A,2023-06-10,0,13,13,1.0,D,H,A,0.4183844237699509,0.297493617869542,0.2841219583605071,0.1208908059004089,0.7158780416394929,0.9855675742289953,0.23347125791582193,False,False,6
28310,2023-06-11,新潟,京都,A,新潟,京都,0.2856604434662683,0.3969743431934195,0.3173652133403121,D,0.2818142307018654,0.4504995446347479,0.2676862246633867,D,0.2841219583605071,0.4183844237699509,0.297493617869542,D,False,False,False,True,0,1373,7,新潟,京都,A,2023-06-10,0,13,13,1.0,D,H,A,0.4183844237699509,0.297493617869542,0.2841219583605071,0.1208908059004089,0.7158780416394929,0.9855675742289953,0.23347125791582193,False,False,7
28679,2023-06-11,秋田,ツエーゲン金沢,D,秋田,金沢,0.389355034655702,0.2257806437321612,0.3848643216121367,A,0.4893000906360311,0.1564181957511362,0.3542817136128326,A,0.4293330570478337,0.19803566453975124,0.37263127841241506,A,False,False,False,True,0,1373,11,秋田,金沢,D,2023-06-10,0,13,13,1.0,A,H,D,0.4293330570478337,0.37263127841241506,0.19803566453975124,0.05670177863541864,0.8019643354602488,0.9571532500343923,0.22161484818704322,False,False,8
28314,2023-06-11,横浜FC,浦和,D,横浜fc,浦和,0.3228439331941289,0.3444702326795385,0.3326858341263325,D,0.2472775683149063,0.4859820203180051,0.2667404113670886,D,0.29261738724243985,0.4010749477349252,0.30630766502263496,D,True,True,True,True,0,1373,3,横浜FC,浦和,D,2023-06-10,0,13,13,1.0,D,H,A,0.4010749477349252,0.30630766502263496,0.29261738724243985,0.09476728271229024,0.7073826127575602,0.99073336099205,0.21550560323160792,True,True,9
28314,2023-06-11,横浜FC,浦和,D,横浜fc,浦和,0.3228439331941289,0.3444702326795385,0.3326858341263325,D,0.2472775683149063,0.4859820203180051,0.2667404113670886,D,0.29261738724243985,0.4010749477349252,0.30630766502263496,D,True,True,True,True,0,1373,8,横浜FC,浦和,D,2023-06-10,0,13,13,1.0,D,H,A,0.4010749477349252,0.30630766502263496,0.29261738724243985,0.09476728271229024,0.7073826127575602,0.99073336099205,0.21550560323160792,True,True,10
28688,2023-06-11,熊本,清水,A,熊本,清水,0.3542978605446679,0.4011613263117587,0.2445408131435732,D,0.410331537243343,0.4224153765961022,0.1672530861605548,D,0.37671133122413797,0.40966294642549617,0.21362572235036584,D,False,False,False,True,0,1373,12,熊本,清水,A,2023-06-10,0,13,13,1.0,D,A,H,0.40966294642549617,0.37671133122413797,0.21362572235036584,0.0329516152013582,0.7863742776496341,0.9676785532951835,0.20234568055291197,False,True,11
28687,2023-06-11,岡山,東京V,A,岡山,東京v,0.2908345517066864,0.3297706390124643,0.3793948092808493,H,0.2245087272512623,0.3617835696936602,0.4137077030550775,H,0.26430422192451675,0.34257581128494274,0.39311996679054056,H,False,False,False,True,0,1373,5,岡山,東京V,A,2023-06-10,0,13,13,1.0,H,D,A,0.39311996679054056,0.34257581128494274,0.26430422192451675,0.05054415550559782,0.7356957780754834,0.9882638896529484,0.19694166155211282,False,False,12
28687,2023-06-11,岡山,東京V,A,岡山,東京v,0.2908345517066864,0.3297706390124643,0.3793948092808493,H,0.2245087272512623,0.3617835696936602,0.4137077030550775,H,0.26430422192451675,0.34257581128494274,0.39311996679054056,H,False,False,False,True,0,1373,10,岡山,東京V,A,2023-06-10,0,13,13,1.0,H,D,A,0.39311996679054056,0.34257581128494274,0.26430422192451675,0.05054415550559782,0.7356957780754834,0.9882638896529484,0.19694166155211282,False,False,13
28705,2023-06-24,山形,東京V,A,山形,東京v,0.2650446085506552,0.2589653503427843,0.4759900411065604,H,0.1965159724039329,0.1740063850693192,0.6294776425267479,H,0.2376331540919663,0.2249817642333983,0.5373850816746354,H,False,False,False,True,0,1376,13,山形,東京V,A,2023-06-24,0,13,13,1.0,H,A,D,0.5373850816746354,0.2376331540919663,0.2249817642333983,0.2997519275826691,0.7750182357666017,0.9201030284815953,0.3627158557112011,False,True,1
28318,2023-06-24,FC東京,名古屋,H,fc東京,名古屋,0.2759026174579357,0.29036634328326,0.4337310392588043,H,0.2643884908559653,0.3526834318544466,0.382928077289588,H,0.2712969668171475,0.3152931787117347,0.4134098544711178,H,True,True,True,True,0,1376,1,FC東京,名古屋,H,2023-06-24,0,13,13,1.0,H,D,A,0.4134098544711178,0.3152931787117347,0.2712969668171475,0.0981166757593831,0.7287030331828525,0.9858049450843009,0.2232142820109269,True,True,2
28318,2023-06-24,FC東京,名古屋,H,fc東京,名古屋,0.2759026174579357,0.29036634328326,0.4337310392588043,H,0.2643884908559653,0.3526834318544466,0.382928077289588,H,0.2712969668171475,0.3152931787117347,0.4134098544711178,H,True,True,True,True,0,1376,6,FC東京,名古屋,H,2023-06-24,0,13,13,1.0,H,D,A,0.4134098544711178,0.3152931787117347,0.2712969668171475,0.0981166757593831,0.7287030331828525,0.9858049450843009,0.2232142820109269,True,True,3
28709,2023-06-25,熊本,磐田,A,熊本,磐田,0.2773033905081387,0.3084621475520859,0.4142344619397753,H,0.1839921323576501,0.3875472055221871,0.4284606621201627,H,0.2399788872479433,0.3400961707401264,0.4199249420119303,H,False,False,False,True,0,1376,12,熊本,磐田,A,2023-06-24,0,13,13,1.0,H,D,A,0.4199249420119303,0.3400961707401264,0.2399788872479433,0.07982877127180393,0.7600211127520566,0.977289208592874,0.2214484521319252,False,False,4
28324,2023-06-25,福岡,神戸,A,福岡,神戸,0.3607986701228873,0.3584125764075956,0.280788753469517,A,0.4712369093798725,0.3616554268712197,0.1671076637489078,A,0.4049739658256814,0.35970971659304524,0.23531631758127336,A,True,True,True,True,0,1376,4,福岡,神戸,A,2023-06-24,0,13,13,1.0,A,D,H,0.4049739658256814,0.35970971659304524,0.23531631758127336,0.04526424923263617,0.7646836824187266,0.9778869504151817,0.20250338176994295,True,True,5
28324,2023-06-25,福岡,神戸,A,福岡,神戸,0.3607986701228873,0.3584125764075956,0.280788753469517,A,0.4712369093798725,0.3616554268712197,0.1671076637489078,A,0.4049739658256814,0.35970971659304524,0.23531631758127336,A,True,True,True,True,0,1376,9,福岡,神戸,A,2023-06-24,0,13,13,1.0,A,D,H,0.4049739658256814,0.35970971659304524,0.23531631758127336,0.04526424923263617,0.7646836824187266,0.9778869504151817,0.20250338176994295,True,True,6
28321,2023-06-24,G大阪,鹿島,H,g大阪,鹿島,0.4039414676758275,0.3295081608600219,0.2665503714641506,A,0.3959784485670796,0.5104015428992843,0.093620008533636,D,0.40075626003232834,0.40186551367572687,0.19737822629194482,D,False,False,False,False,0,1376,2,G大阪,鹿島,H,2023-06-24,0,13,13,1.0,D,A,H,0.40186551367572687,0.40075626003232834,0.19737822629194482,0.0011092536433985334,0.8026217737080552,0.9585552483577974,0.1895166702577071,False,False,7
28321,2023-06-24,G大阪,鹿島,H,g大阪,鹿島,0.4039414676758275,0.3295081608600219,0.2665503714641506,A,0.3959784485670796,0.5104015428992843,0.093620008533636,D,0.40075626003232834,0.40186551367572687,0.19737822629194482,D,False,False,False,False,0,1376,7,G大阪,鹿島,H,2023-06-24,0,13,13,1.0,D,A,H,0.40186551367572687,0.40075626003232834,0.19737822629194482,0.0011092536433985334,0.8026217737080552,0.9585552483577974,0.1895166702577071,False,False,8
28708,2023-06-25,仙台,徳島,D,仙台,徳島,0.2956715555269084,0.320761498177752,0.3835669462953395,H,0.270053349774722,0.4046030528642387,0.3253435973610393,D,0.28542427322603386,0.35429812005234673,0.36027760672161946,H,False,True,False,False,0,1376,5,仙台,徳島,D,2023-06-24,0,13,13,1.0,H,D,A,0.36027760672161946,0.35429812005234673,0.28542427322603386,0.005979486669272727,0.7145757267739662,0.995150691645768,0.1651876050298206,False,True,9
28708,2023-06-25,仙台,徳島,D,仙台,徳島,0.2956715555269084,0.320761498177752,0.3835669462953395,H,0.270053349774722,0.4046030528642387,0.3253435973610393,D,0.28542427322603386,0.35429812005234673,0.36027760672161946,H,False,True,False,False,0,1376,10,仙台,徳島,D,2023-06-24,0,13,13,1.0,H,D,A,0.36027760672161946,0.35429812005234673,0.28542427322603386,0.005979486669272727,0.7145757267739662,0.995150691645768,0.1651876050298206,False,True,10
28323,2023-06-24,浦和,川崎F,D,浦和,川崎f,0.3531074488936429,0.3065434684803161,0.3403490826260408,A,0.2548988651894405,0.3819440684935025,0.3631570663170569,D,0.313824015411962,0.3367037084855907,0.3494722761024473,H,False,True,False,False,0,1376,3,浦和,川崎F,D,2023-06-24,0,13,13,1.0,H,D,A,0.3494722761024473,0.3367037084855907,0.313824015411962,0.012768567616856574,0.686175984588038,0.999104397909739,0.16191064333005328,False,True,11
28323,2023-06-24,浦和,川崎F,D,浦和,川崎f,0.3531074488936429,0.3065434684803161,0.3403490826260408,A,0.2548988651894405,0.3819440684935025,0.3631570663170569,D,0.313824015411962,0.3367037084855907,0.3494722761024473,H,False,True,False,False,0,1376,8,浦和,川崎F,D,2023-06-24,0,13,13,1.0,H,D,A,0.3494722761024473,0.3367037084855907,0.313824015411962,0.012768567616856574,0.686175984588038,0.999104397909739,0.16191064333005328,False,True,12
28700,2023-06-24,秋田,藤枝MYFC,A,秋田,藤枝,0.3300854348789102,0.2781853511269543,0.3917292139941354,H,0.3053754549616729,0.4469781196810289,0.2476464253572981,D,0.3202014429120153,0.3457024585485842,0.3340960985394005,D,False,False,False,False,0,1376,11,秋田,藤枝,A,2023-06-24,0,13,13,1.0,D,H,A,0.3457024585485842,0.3340960985394005,0.3202014429120153,0.011606360009183747,0.6797985570879848,0.9995542440060858,0.15971748354886006,False,False,13
28333,2023-07-02,横浜FM,湘南,H,横浜fm,湘南,0.2381386172337381,0.2669742380911605,0.4948871446751013,H,0.1536927305461555,0.2282664980740791,0.6180407713797654,H,0.2043602625587051,0.251491142084328,0.5441485953569669,H,True,True,True,True,0,1378,3,横浜FM,湘南,H,2023-07-01,0,13,13,1.0,H,D,A,0.5441485953569669,0.251491142084328,0.2043602625587051,0.2926574532726389,0.7956397374412949,0.9127653290843946,0.36474391073917983,True,True,1
28333,2023-07-02,横浜FM,湘南,H,横浜fm,湘南,0.2381386172337381,0.2669742380911605,0.4948871446751013,H,0.1536927305461555,0.2282664980740791,0.6180407713797654,H,0.2043602625587051,0.251491142084328,0.5441485953569669,H,True,True,True,True,0,1378,8,横浜FM,湘南,H,2023-07-01,0,13,13,1.0,H,D,A,0.5441485953569669,0.251491142084328,0.2043602625587051,0.2926574532726389,0.7956397374412949,0.9127653290843946,0.36474391073917983,True,True,2
28330,2023-07-01,FC東京,柏,H,fc東京,柏,0.254788272001608,0.2909560906370112,0.4542556373613808,H,0.2507600172191547,0.3068991369236438,0.4423408458572015,H,0.2531769700886266,0.2973333091516643,0.449489720759709,H,True,True,True,True,0,1378,2,FC東京,柏,H,2023-07-01,0,13,13,1.0,H,D,A,0.449489720759709,0.2973333091516643,0.2531769700886266,0.15215641160804472,0.7468230299113733,0.9719969077116768,0.26112573686234936,True,True,3
28330,2023-07-01,FC東京,柏,H,fc東京,柏,0.254788272001608,0.2909560906370112,0.4542556373613808,H,0.2507600172191547,0.3068991369236438,0.4423408458572015,H,0.2531769700886266,0.2973333091516643,0.449489720759709,H,True,True,True,True,0,1378,7,FC東京,柏,H,2023-07-01,0,13,13,1.0,H,D,A,0.449489720759709,0.2973333091516643,0.2531769700886266,0.15215641160804472,0.7468230299113733,0.9719969077116768,0.26112573686234936,True,True,4
28720,2023-07-02,秋田,いわきFC,D,秋田,いわき,0.2233543512340569,0.3253618008696153,0.4512838478963278,H,0.2511197018434469,0.3505810761034765,0.3982992220530765,H,0.23446049147781292,0.33544951096315984,0.43008999755902727,H,False,False,False,True,0,1378,4,秋田,いわき,D,2023-07-01,0,13,13,1.0,H,D,A,0.43008999755902727,0.33544951096315984,0.23446049147781292,0.09464048659586743,0.7655395085221871,0.973388562357642,0.23198695673858746,False,True,5
28720,2023-07-02,秋田,いわきFC,D,秋田,いわき,0.2233543512340569,0.3253618008696153,0.4512838478963278,H,0.2511197018434469,0.3505810761034765,0.3982992220530765,H,0.23446049147781292,0.33544951096315984,0.43008999755902727,H,False,False,False,True,0,1378,9,秋田,いわき,D,2023-07-01,0,13,13,1.0,H,D,A,0.43008999755902727,0.33544951096315984,0.23446049147781292,0.09464048659586743,0.7655395085221871,0.973388562357642,0.23198695673858746,False,True,6
28718,2023-07-01,徳島,ザスパクサツ群馬,D,徳島,群馬,0.2475650892249629,0.3211629161054301,0.431271994669607,H,0.1280214886646073,0.4603677059142974,0.4116108054210953,D,0.19974764900082065,0.3768448320289771,0.4234075189702024,H,False,True,False,False,0,1378,5,徳島,群馬,D,2023-07-01,0,13,13,1.0,H,D,A,0.4234075189702024,0.3768448320289771,0.19974764900082065,0.046562686941225284,0.8002523509991795,0.9588365913395681,0.2150630056981063,False,True,7
28718,2023-07-01,徳島,ザスパクサツ群馬,D,徳島,群馬,0.2475650892249629,0.3211629161054301,0.431271994669607,H,0.1280214886646073,0.4603677059142974,0.4116108054210953,D,0.19974764900082065,0.3768448320289771,0.4234075189702024,H,False,True,False,False,0,1378,10,徳島,群馬,D,2023-07-01,0,13,13,1.0,H,D,A,0.4234075189702024,0.3768448320289771,0.19974764900082065,0.046562686941225284,0.8002523509991795,0.9588365913395681,0.2150630056981063,False,True,8
28717,2023-07-01,岡山,水戸,H,岡山,水戸,0.3054307188404446,0.3008342449904145,0.3937350361691409,H,0.3570658487603522,0.2327406908000335,0.4101934604396142,H,0.32608477080840764,0.27359682331426216,0.4003184058773303,H,True,True,True,True,0,1378,13,岡山,水戸,H,2023-07-01,0,13,13,1.0,H,A,D,0.4003184058773303,0.32608477080840764,0.27359682331426216,0.07423363506892267,0.726403176685738,0.9889823682791669,0.2083285812630882,True,True,9
28328,2023-07-01,名古屋,川崎F,H,名古屋,川崎f,0.4036635723171019,0.254777353402659,0.341559074280239,A,0.3958844180124753,0.2185292769672611,0.3855863050202635,A,0.4005519105952513,0.2402781228284999,0.3591699665762489,A,False,False,False,True,0,1378,1,名古屋,川崎F,H,2023-07-01,0,13,13,1.0,A,H,D,0.4005519105952513,0.3591699665762489,0.2402781228284999,0.041381944019002415,0.7597218771715002,0.9802109429789995,0.19868985157871405,False,True,10
28328,2023-07-01,名古屋,川崎F,H,名古屋,川崎f,0.4036635723171019,0.254777353402659,0.341559074280239,A,0.3958844180124753,0.2185292769672611,0.3855863050202635,A,0.4005519105952513,0.2402781228284999,0.3591699665762489,A,False,False,False,True,0,1378,6,名古屋,川崎F,H,2023-07-01,0,13,13,1.0,A,H,D,0.4005519105952513,0.3591699665762489,0.2402781228284999,0.041381944019002415,0.7597218771715002,0.9802109429789995,0.19868985157871405,False,True,11
28714,2023-07-01,ツエーゲン金沢,栃木SC,A,金沢,栃木sc,0.3490849054974032,0.282575015518887,0.3683400789837097,H,0.434143802433676,0.2727902535649192,0.2930659440014047,A,0.38310846427191236,0.27866111073729993,0.33823042499078776,A,False,True,True,False,0,1378,12,金沢,栃木,A,2023-07-01,0,13,13,1.0,A,H,D,0.38310846427191236,0.33823042499078776,0.27866111073729993,0.044878039281124604,0.7213388892627002,0.9924169085078299,0.18962274096918819,True,True,12
28719,2023-07-01,山形,仙台,H,山形,仙台,0.3855787196198411,0.3469487478993548,0.2674725324808039,A,0.2790471090440627,0.3747329511920553,0.3462199397638819,D,0.3429660753895298,0.35806242921643505,0.29897149539403517,D,False,False,False,False,0,1378,11,山形,仙台,H,2023-07-01,0,13,13,1.0,D,A,H,0.35806242921643505,0.3429660753895298,0.29897149539403517,0.015096353826905273,0.7010285046059648,0.9973889018123655,0.16693403662433953,False,False,13
28734,2023-07-09,いわきFC,水戸,H,いわき,水戸,0.2541669050195695,0.2738970206829441,0.4719360742974863,H,0.2178673258041975,0.2263972398920102,0.5557354343037924,H,0.23964707333342072,0.25489710836657054,0.5054558183000089,H,True,True,True,True,0,1380,4,いわき,水戸,H,2023-07-08,0,13,13,1.0,H,D,A,0.5054558183000089,0.25489710836657054,0.23964707333342072,0.2505587099334383,0.7603529266665794,0.9426841451447144,0.32661383768276453,True,True,1
28734,2023-07-09,いわきFC,水戸,H,いわき,水戸,0.2541669050195695,0.2738970206829441,0.4719360742974863,H,0.2178673258041975,0.2263972398920102,0.5557354343037924,H,0.23964707333342072,0.25489710836657054,0.5054558183000089,H,True,True,True,True,0,1380,9,いわき,水戸,H,2023-07-08,0,13,13,1.0,H,D,A,0.5054558183000089,0.25489710836657054,0.23964707333342072,0.2505587099334383,0.7603529266665794,0.9426841451447144,0.32661383768276453,True,True,2
28740,2023-07-09,ザスパクサツ群馬,大宮,H,群馬,大宮,0.2311827195477565,0.3161871503164326,0.4526301301358108,H,0.0750945530345218,0.3195996595665111,0.6053057873989671,H,0.16874745294246263,0.31755215401646397,0.5137003930410734,H,True,True,True,True,0,1380,5,群馬,大宮,H,2023-07-08,0,13,13,1.0,H,D,A,0.5137003930410734,0.31755215401646397,0.16874745294246263,0.19614823902460943,0.8312525470575374,0.9163496373269834,0.3165471330616997,True,True,3
28740,2023-07-09,ザスパクサツ群馬,大宮,H,群馬,大宮,0.2311827195477565,0.3161871503164326,0.4526301301358108,H,0.0750945530345218,0.3195996595665111,0.6053057873989671,H,0.16874745294246263,0.31755215401646397,0.5137003930410734,H,True,True,True,True,0,1380,10,群馬,大宮,H,2023-07-08,0,13,13,1.0,H,D,A,0.5137003930410734,0.31755215401646397,0.16874745294246263,0.19614823902460943,0.8312525470575374,0.9163496373269834,0.3165471330616997,True,True,4
28742,2023-07-09,徳島,岡山,D,徳島,岡山,0.3433771587337815,0.2431465811353415,0.413476260130877,H,0.3055031234697096,0.1764197231338805,0.5180771533964099,H,0.3282275446281527,0.2164558379347571,0.4553166174370902,H,False,False,False,True,0,1380,13,徳島,岡山,D,2023-07-08,0,13,13,1.0,H,A,D,0.4553166174370902,0.3282275446281527,0.2164558379347571,0.1270890728089375,0.7835441620652428,0.9604338829234237,0.25728687674513395,False,False,5
28739,2023-07-09,山形,磐田,A,山形,磐田,0.2553280622701468,0.3192750415028217,0.4253968962270314,H,0.2276778094550851,0.3784625190026723,0.3938596715422426,H,0.2442679611441221,0.342950032502762,0.4127820063531159,H,False,False,False,True,0,1380,12,山形,磐田,A,2023-07-08,0,13,13,1.0,H,D,A,0.4127820063531159,0.342950032502762,0.2442679611441221,0.06983197385035389,0.7557320388558779,0.9799201940294883,0.2142090549006284,False,False,6
28341,2023-07-08,福岡,札幌,H,福岡,札幌,0.2839321988105726,0.3323109582965411,0.3837568428928863,H,0.2992717215008744,0.2781665784488534,0.4225617000502721,H,0.2900680078866933,0.310653206357466,0.3992787857558406,H,True,True,True,True,0,1380,3,福岡,札幌,H,2023-07-08,0,13,13,1.0,H,D,A,0.3992787857558406,0.310653206357466,0.2900680078866933,0.08862557939837457,0.7099319921133066,0.9910262361765412,0.21248915914425112,True,True,7
28341,2023-07-08,福岡,札幌,H,福岡,札幌,0.2839321988105726,0.3323109582965411,0.3837568428928863,H,0.2992717215008744,0.2781665784488534,0.4225617000502721,H,0.2900680078866933,0.310653206357466,0.3992787857558406,H,True,True,True,True,0,1380,8,福岡,札幌,H,2023-07-08,0,13,13,1.0,H,D,A,0.3992787857558406,0.310653206357466,0.2900680078866933,0.08862557939837457,0.7099319921133066,0.9910262361765412,0.21248915914425112,True,True,8
28338,2023-07-08,柏,湘南,D,柏,湘南,0.2585792948301175,0.370813094397102,0.3706076107727805,D,0.1363576561616667,0.3970636426230405,0.4665787012152927,H,0.20969063936273713,0.38131331368747745,0.4089960469497855,H,True,False,False,False,0,1380,1,柏,湘南,D,2023-07-08,0,13,13,1.0,H,D,A,0.4089960469497855,0.38131331368747745,0.20969063936273713,0.027682733262308024,0.7903093606372629,0.9656384583221161,0.20060948610478804,False,True,9
28338,2023-07-08,柏,湘南,D,柏,湘南,0.2585792948301175,0.370813094397102,0.3706076107727805,D,0.1363576561616667,0.3970636426230405,0.4665787012152927,H,0.20969063936273713,0.38131331368747745,0.4089960469497855,H,True,False,False,False,0,1380,6,柏,湘南,D,2023-07-08,0,13,13,1.0,H,D,A,0.4089960469497855,0.38131331368747745,0.20969063936273713,0.027682733262308024,0.7903093606372629,0.9656384583221161,0.20060948610478804,False,True,10
28733,2023-07-09,秋田,熊本,D,秋田,熊本,0.3066144638520865,0.2530535406234943,0.4403319955244191,H,0.4557057859674247,0.2371680049832612,0.307126209049314,A,0.36625099269822187,0.24669932636740102,0.38704968093437714,H,False,False,False,False,0,1380,11,秋田,熊本,D,2023-07-08,0,13,13,1.0,H,A,D,0.38704968093437714,0.36625099269822187,0.24669932636740102,0.02079868823615527,0.753300673632599,0.9835507323865629,0.18474175082581148,False,False,11
28340,2023-07-08,G大阪,京都,H,g大阪,京都,0.3266792715920037,0.3503068673800057,0.3230138610279906,D,0.388937436890356,0.3212653714438793,0.2897971916657647,A,0.3515825377113446,0.3386902690055551,0.3097271932831003,A,False,False,False,False,0,1380,2,G大阪,京都,H,2023-07-08,0,13,13,1.0,A,D,H,0.3515825377113446,0.3386902690055551,0.3097271932831003,0.012892268705789522,0.6902728067168997,0.9987349238330826,0.16297745125051488,False,False,12
28340,2023-07-08,G大阪,京都,H,g大阪,京都,0.3266792715920037,0.3503068673800057,0.3230138610279906,D,0.388937436890356,0.3212653714438793,0.2897971916657647,A,0.3515825377113446,0.3386902690055551,0.3097271932831003,A,False,False,False,False,0,1380,7,G大阪,京都,H,2023-07-08,0,13,13,1.0,A,D,H,0.3515825377113446,0.3386902690055551,0.3097271932831003,0.012892268705789522,0.6902728067168997,0.9987349238330826,0.16297745125051488,False,False,13
28760,2023-07-23,水戸,大宮,D,水戸,大宮,0.2461620132959083,0.2614275158499639,0.4924104708541278,H,0.2046418319928706,0.1940608524279637,0.6012973155791657,H,0.2295539407746932,0.2344808504811638,0.535965208744143,H,False,False,False,True,0,1383,2,水戸,大宮,D,2023-07-22,0,13,13,1.0,H,D,A,0.535965208744143,0.2344808504811638,0.2295539407746932,0.3014843582629792,0.7704460592253068,0.9213224846987834,0.36243937238715035,False,True,1
28760,2023-07-23,水戸,大宮,D,水戸,大宮,0.2461620132959083,0.2614275158499639,0.4924104708541278,H,0.2046418319928706,0.1940608524279637,0.6012973155791657,H,0.2295539407746932,0.2344808504811638,0.535965208744143,H,False,False,False,True,0,1383,7,水戸,大宮,D,2023-07-22,0,13,13,1.0,H,D,A,0.535965208744143,0.2344808504811638,0.2295539407746932,0.3014843582629792,0.7704460592253068,0.9213224846987834,0.36243937238715035,False,True,2
29117,2023-07-22,福島ユナイテッドFC,ギラヴァンツ北九州,D,福島,北九州,0.279590223883271,0.2849628769839233,0.4354468991328057,H,0.3214562667813286,0.1609832882399249,0.5175604449787465,H,0.2963366410424941,0.2353710414863239,0.468292317471182,H,False,False,False,True,0,1383,13,福島,北九州,D,2023-07-22,0,13,13,1.0,H,A,D,0.468292317471182,0.2963366410424941,0.2353710414863239,0.17195567642868792,0.7646289585136761,0.9613800170634236,0.27864002619938794,False,False,3
28759,2023-07-22,レノファ山口FC,秋田,A,山口,秋田,0.2364713656320168,0.2803372800652177,0.4831913543027654,H,0.1546763824675887,0.3956762753857872,0.4496473421466241,H,0.20375337236624552,0.32647287819344556,0.469773749440309,H,False,False,False,True,0,1383,1,山口,秋田,A,2023-07-22,0,13,13,1.0,H,D,A,0.469773749440309,0.32647287819344556,0.20375337236624552,0.14330087124686341,0.7962466276337545,0.9507562483641602,0.27140224251170925,False,False,4
28759,2023-07-22,レノファ山口FC,秋田,A,山口,秋田,0.2364713656320168,0.2803372800652177,0.4831913543027654,H,0.1546763824675887,0.3956762753857872,0.4496473421466241,H,0.20375337236624552,0.32647287819344556,0.469773749440309,H,False,False,False,True,0,1383,6,山口,秋田,A,2023-07-22,0,13,13,1.0,H,D,A,0.469773749440309,0.32647287819344556,0.20375337236624552,0.14330087124686341,0.7962466276337545,0.9507562483641602,0.27140224251170925,False,False,5
28756,2023-07-22,町田,千葉,A,町田,千葉,0.4022609211055457,0.192987229185413,0.4047518497090414,H,0.5589687887987653,0.0770858036230679,0.3639454075781667,A,0.46494406818283357,0.14662665896047491,0.38842927285669154,A,False,True,True,False,0,1383,5,町田,千葉,A,2023-07-22,0,13,13,1.0,A,H,D,0.46494406818283357,0.38842927285669154,0.14662665896047491,0.07651479532614203,0.8533733410395251,0.9146914605733509,0.2530667169317546,True,True,6
28756,2023-07-22,町田,千葉,A,町田,千葉,0.4022609211055457,0.192987229185413,0.4047518497090414,H,0.5589687887987653,0.0770858036230679,0.3639454075781667,A,0.46494406818283357,0.14662665896047491,0.38842927285669154,A,False,True,True,False,0,1383,10,町田,千葉,A,2023-07-22,0,13,13,1.0,A,H,D,0.46494406818283357,0.38842927285669154,0.14662665896047491,0.07651479532614203,0.8533733410395251,0.9146914605733509,0.2530667169317546,True,True,7
28763,2023-07-22,大分,いわきFC,A,大分,いわき,0.3302178217142354,0.2693749707906853,0.4004072074950792,H,0.3743007602960466,0.1346193844747925,0.4910798552291608,H,0.34785099714695994,0.21547273626432825,0.4366762665887119,H,False,False,False,True,0,1383,11,大分,いわき,A,2023-07-22,0,13,13,1.0,H,A,D,0.4366762665887119,0.34785099714695994,0.21547273626432825,0.08882526944175195,0.7845272637356718,0.9647366504860917,0.2346458341723152,False,True,8
29119,2023-07-23,FC大阪,カマタマーレ讃岐,D,fc大阪,讃岐,0.3578251154479698,0.2682395221052225,0.3739353624468076,H,0.4827005927472565,0.2317764079294739,0.2855229993232695,A,0.4077753063676845,0.2536542764349231,0.3385704171973924,A,False,False,False,False,0,1383,12,FC大阪,讃岐,D,2023-07-22,0,13,13,1.0,A,H,D,0.4077753063676845,0.3385704171973924,0.2536542764349231,0.0692048891702921,0.7463457235650769,0.9834484858983373,0.2110309018953928,False,False,9
28762,2023-07-23,ザスパクサツ群馬,磐田,D,群馬,磐田,0.4203505690980607,0.3163303841407878,0.2633190467611513,A,0.3708421908537769,0.3541713464778417,0.2749864626683812,A,0.4005472178003473,0.33146676907560946,0.26798601312404335,A,False,False,False,True,0,1383,4,群馬,磐田,D,2023-07-22,0,13,13,1.0,A,D,H,0.4005472178003473,0.33146676907560946,0.26798601312404335,0.06908044872473784,0.7320139868759568,0.9879503349863619,0.20683433806654217,False,True,10
28762,2023-07-23,ザスパクサツ群馬,磐田,D,群馬,磐田,0.4203505690980607,0.3163303841407878,0.2633190467611513,A,0.3708421908537769,0.3541713464778417,0.2749864626683812,A,0.4005472178003473,0.33146676907560946,0.26798601312404335,A,False,False,False,True,0,1383,9,群馬,磐田,D,2023-07-22,0,13,13,1.0,A,D,H,0.4005472178003473,0.33146676907560946,0.26798601312404335,0.06908044872473784,0.7320139868759568,0.9879503349863619,0.20683433806654217,False,True,11
28761,2023-07-23,仙台,東京V,A,仙台,東京v,0.3693110958475191,0.3217113502521581,0.3089775539003229,A,0.3079378047895563,0.4078753086341981,0.2841868865762456,D,0.34476177942433395,0.35617693360497404,0.29906128697069195,D,True,False,False,False,0,1383,3,仙台,東京V,A,2023-07-22,0,13,13,1.0,D,A,H,0.35617693360497404,0.34476177942433395,0.29906128697069195,0.011415154180640097,0.700938713029308,0.9974652406496813,0.16478187595552607,False,True,12
28761,2023-07-23,仙台,東京V,A,仙台,東京v,0.3693110958475191,0.3217113502521581,0.3089775539003229,A,0.3079378047895563,0.4078753086341981,0.2841868865762456,D,0.34476177942433395,0.35617693360497404,0.29906128697069195,D,True,False,False,False,0,1383,8,仙台,東京V,A,2023-07-22,0,13,13,1.0,D,A,H,0.35617693360497404,0.34476177942433395,0.29906128697069195,0.011415154180640097,0.700938713029308,0.9974652406496813,0.16478187595552607,False,True,13
28769,2023-07-29,東京V,水戸,D,東京v,水戸,0.2694520585419142,0.2714349689080083,0.4591129725500775,H,0.2317721239103639,0.3120855323834898,0.4561423437061462,H,0.2543800846892941,0.2876951942982009,0.457924721012505,H,False,False,False,True,0,1384,2,東京V,水戸,D,2023-07-29,0,13,13,1.0,H,D,A,0.457924721012505,0.2876951942982009,0.2543800846892941,0.17022952671430408,0.7456199153107059,0.9687820725609654,0.27189004429344055,False,True,1
28769,2023-07-29,東京V,水戸,D,東京v,水戸,0.2694520585419142,0.2714349689080083,0.4591129725500775,H,0.2317721239103639,0.3120855323834898,0.4561423437061462,H,0.2543800846892941,0.2876951942982009,0.457924721012505,H,False,False,False,True,0,1384,7,東京V,水戸,D,2023-07-29,0,13,13,1.0,H,D,A,0.457924721012505,0.2876951942982009,0.2543800846892941,0.17022952671430408,0.7456199153107059,0.9687820725609654,0.27189004429344055,False,True,2
28773,2023-07-29,千葉,レノファ山口FC,H,千葉,山口,0.239892066302111,0.353615567191415,0.4064923665064739,H,0.1665492967466289,0.3628037565839888,0.4706469466693823,H,0.2105549584799181,0.3572908429484446,0.4321541985716373,H,True,True,True,True,0,1384,4,千葉,山口,H,2023-07-29,0,13,13,1.0,H,D,A,0.4321541985716373,0.3572908429484446,0.2105549584799181,0.07486335562319268,0.7894450415200819,0.9633404235559938,0.22800347911415544,True,True,3
28773,2023-07-29,千葉,レノファ山口FC,H,千葉,山口,0.239892066302111,0.353615567191415,0.4064923665064739,H,0.1665492967466289,0.3628037565839888,0.4706469466693823,H,0.2105549584799181,0.3572908429484446,0.4321541985716373,H,True,True,True,True,0,1384,9,千葉,山口,H,2023-07-29,0,13,13,1.0,H,D,A,0.4321541985716373,0.3572908429484446,0.2105549584799181,0.07486335562319268,0.7894450415200819,0.9633404235559938,0.22800347911415544,True,True,4
28774,2023-07-29,V・ファーレン長崎,熊本,H,長崎,熊本,0.4188243622577886,0.2708347046523777,0.3103409330898337,A,0.3799816865207682,0.3654027776358915,0.2546155358433403,A,0.4032872919629804,0.3086619338457832,0.2880507741912363,A,False,False,False,True,0,1384,5,長崎,熊本,H,2023-07-29,0,13,13,1.0,A,D,H,0.4032872919629804,0.3086619338457832,0.2880507741912363,0.09462535811719719,0.7119492258087636,0.9899541095413777,0.21660733481608466,False,False,5
28774,2023-07-29,V・ファーレン長崎,熊本,H,長崎,熊本,0.4188243622577886,0.2708347046523777,0.3103409330898337,A,0.3799816865207682,0.3654027776358915,0.2546155358433403,A,0.4032872919629804,0.3086619338457832,0.2880507741912363,A,False,False,False,True,0,1384,10,長崎,熊本,H,2023-07-29,0,13,13,1.0,A,D,H,0.4032872919629804,0.3086619338457832,0.2880507741912363,0.09462535811719719,0.7119492258087636,0.9899541095413777,0.21660733481608466,False,False,6
28776,2023-07-30,ツエーゲン金沢,大宮,A,金沢,大宮,0.2798623356907107,0.3487349776779272,0.371402686631362,H,0.210369685462943,0.5054553288540394,0.2841749856830176,D,0.2520652755996037,0.4114231181483722,0.3365116062520242,D,False,False,False,False,0,1384,11,金沢,大宮,A,2023-07-29,0,13,13,1.0,D,H,A,0.4114231181483722,0.3365116062520242,0.2520652755996037,0.07491151189634798,0.7479347244003964,0.9823882368952866,0.21488178495143195,False,False,7
29122,2023-07-29,AC長野パルセイロ,SC相模原,H,長野,相模原,0.2792710359644271,0.3301195168841513,0.3906094471514216,H,0.2527062470783833,0.3218272836329042,0.4254664692887124,H,0.2686451204100096,0.3268026235836525,0.4045522560063379,H,True,True,True,True,0,1384,13,長野,相模原,H,2023-07-29,0,13,13,1.0,H,D,A,0.4045522560063379,0.3268026235836525,0.2686451204100096,0.0777496324226854,0.7313548795899903,0.9873388496348534,0.21179311662382125,True,True,8
28767,2023-07-29,いわきFC,磐田,A,いわき,磐田,0.2881965011334728,0.3564048170467963,0.3553986818197309,D,0.2203306585940146,0.4814369555304146,0.2982323858755707,D,0.2610501641176895,0.4064176724402436,0.3325321634420668,D,False,False,False,True,0,1384,1,いわき,磐田,A,2023-07-29,0,13,13,1.0,D,H,A,0.4064176724402436,0.3325321634420668,0.2610501641176895,0.07388550899817681,0.7389498358823104,0.9854736902662586,0.2116531426942198,False,False,9
28767,2023-07-29,いわきFC,磐田,A,いわき,磐田,0.2881965011334728,0.3564048170467963,0.3553986818197309,D,0.2203306585940146,0.4814369555304146,0.2982323858755707,D,0.2610501641176895,0.4064176724402436,0.3325321634420668,D,False,False,False,True,0,1384,6,いわき,磐田,A,2023-07-29,0,13,13,1.0,D,H,A,0.4064176724402436,0.3325321634420668,0.2610501641176895,0.07388550899817681,0.7389498358823104,0.9854736902662586,0.2116531426942198,False,False,10
28771,2023-07-29,清水,岡山,H,清水,岡山,0.2631875076514561,0.3425965510834703,0.3942159412650736,H,0.2161691666062433,0.3498281697070488,0.4340026636867079,H,0.244380171233371,0.3454891985329017,0.4101306302337273,H,True,True,True,True,0,1384,3,清水,岡山,H,2023-07-29,0,13,13,1.0,H,D,A,0.4101306302337273,0.3454891985329017,0.244380171233371,0.06464143170082559,0.755619828766629,0.980385810062202,0.21110612268802587,True,True,11
28771,2023-07-29,清水,岡山,H,清水,岡山,0.2631875076514561,0.3425965510834703,0.3942159412650736,H,0.2161691666062433,0.3498281697070488,0.4340026636867079,H,0.244380171233371,0.3454891985329017,0.4101306302337273,H,True,True,True,True,0,1384,8,清水,岡山,H,2023-07-29,0,13,13,1.0,H,D,A,0.4101306302337273,0.3454891985329017,0.244380171233371,0.06464143170082559,0.755619828766629,0.980385810062202,0.21110612268802587,True,True,12
29130,2023-07-30,アスルクラロ沼津,FC琉球,H,沼津,琉球,0.3947310907619424,0.2913506917245997,0.3139182175134578,A,0.3420084317658807,0.3686395168114377,0.2893520514226814,D,0.37364202716351774,0.32226622175933495,0.30409175107714725,A,False,False,False,False,0,1384,12,沼津,琉球,H,2023-07-29,0,13,13,1.0,A,D,H,0.37364202716351774,0.32226622175933495,0.30409175107714725,0.051375805404182795,0.6959082489228527,0.9964936455207427,0.18682171501089842,False,False,13
28777,2023-08-05,藤枝MYFC,山形,A,藤枝,山形,0.435571765509976,0.2640812247591813,0.3003470097308428,A,0.6123886370500153,0.2018722378631419,0.1857391250868427,A,0.5062985141259918,0.23919763000076555,0.25450385587324276,A,True,True,True,True,0,1386,13,藤枝,山形,A,2023-08-05,0,13,13,1.0,A,H,D,0.5062985141259918,0.25450385587324276,0.23919763000076555,0.25179465825274905,0.7608023699992346,0.9421324812074704,0.3275359655036644,True,True,1
28357,2023-08-06,川崎F,G大阪,A,川崎f,g大阪,0.2421110289127623,0.2982482132305972,0.4596407578566404,H,0.1382901534778633,0.3292759201917157,0.532433926330421,H,0.20058267873880276,0.31065929601504466,0.4887580252461527,H,False,False,False,True,0,1386,3,川崎F,G大阪,A,2023-08-05,0,13,13,1.0,H,D,A,0.4887580252461527,0.31065929601504466,0.20058267873880276,0.17809872923110803,0.7994173212611974,0.9423857876014297,0.2937985090713706,False,False,2
28357,2023-08-06,川崎F,G大阪,A,川崎f,g大阪,0.2421110289127623,0.2982482132305972,0.4596407578566404,H,0.1382901534778633,0.3292759201917157,0.532433926330421,H,0.20058267873880276,0.31065929601504466,0.4887580252461527,H,False,False,False,True,0,1386,8,川崎F,G大阪,A,2023-08-05,0,13,13,1.0,H,D,A,0.4887580252461527,0.31065929601504466,0.20058267873880276,0.17809872923110803,0.7994173212611974,0.9423857876014297,0.2937985090713706,False,False,3
28778,2023-08-05,岡山,町田,A,岡山,町田,0.2892105286398097,0.3242930531272429,0.3864964182329474,H,0.1790843113161792,0.2073869427838824,0.6135287458999384,H,0.2451600417103575,0.2775306089898987,0.4773093492997438,H,False,False,False,True,0,1386,5,岡山,町田,A,2023-08-05,0,13,13,1.0,H,D,A,0.4773093492997438,0.2775306089898987,0.2451600417103575,0.1997787403098451,0.7548399582896425,0.9588602371701694,0.2929397188592966,False,False,4
28778,2023-08-05,岡山,町田,A,岡山,町田,0.2892105286398097,0.3242930531272429,0.3864964182329474,H,0.1790843113161792,0.2073869427838824,0.6135287458999384,H,0.2451600417103575,0.2775306089898987,0.4773093492997438,H,False,False,False,True,0,1386,10,岡山,町田,A,2023-08-05,0,13,13,1.0,H,D,A,0.4773093492997438,0.2775306089898987,0.2451600417103575,0.1997787403098451,0.7548399582896425,0.9588602371701694,0.2929397188592966,False,False,5
28355,2023-08-06,鹿島,札幌,H,鹿島,札幌,0.2191964404723269,0.3692326260443668,0.4115709334833062,H,0.1453168642037552,0.6634085127898768,0.191274623006368,D,0.1896446099648982,0.4869029807425709,0.3234524092925309,D,True,False,False,False,0,1386,2,鹿島,札幌,H,2023-08-05,0,13,13,1.0,D,H,A,0.4869029807425709,0.3234524092925309,0.1896446099648982,0.16345057145004,0.8103553900351017,0.9382791234814247,0.288658216645386,False,True,6
28355,2023-08-06,鹿島,札幌,H,鹿島,札幌,0.2191964404723269,0.3692326260443668,0.4115709334833062,H,0.1453168642037552,0.6634085127898768,0.191274623006368,D,0.1896446099648982,0.4869029807425709,0.3234524092925309,D,True,False,False,False,0,1386,7,鹿島,札幌,H,2023-08-05,0,13,13,1.0,D,H,A,0.4869029807425709,0.3234524092925309,0.1896446099648982,0.16345057145004,0.8103553900351017,0.9382791234814247,0.288658216645386,False,True,7
28352,2023-08-05,湘南,広島,H,湘南,広島,0.2931250871270848,0.4018108987314214,0.3050640141414938,D,0.2701375793866739,0.4613058911376089,0.2685565294757172,D,0.28393008403092046,0.4256088956938964,0.29046102027518317,D,False,False,False,True,0,1386,1,湘南,広島,H,2023-08-05,0,13,13,1.0,D,H,A,0.4256088956938964,0.29046102027518317,0.28393008403092046,0.13514787541871326,0.7160699159690795,0.9831842985972025,0.24218889973936253,False,True,8
28352,2023-08-05,湘南,広島,H,湘南,広島,0.2931250871270848,0.4018108987314214,0.3050640141414938,D,0.2701375793866739,0.4613058911376089,0.2685565294757172,D,0.28393008403092046,0.4256088956938964,0.29046102027518317,D,False,False,False,True,0,1386,6,湘南,広島,H,2023-08-05,0,13,13,1.0,D,H,A,0.4256088956938964,0.29046102027518317,0.28393008403092046,0.13514787541871326,0.7160699159690795,0.9831842985972025,0.24218889973936253,False,True,9
28786,2023-08-06,徳島,千葉,D,徳島,千葉,0.2714017708327622,0.2932508436828729,0.4353473854843649,H,0.1850751049786255,0.4094503175665907,0.4054745774547838,D,0.23687110449110751,0.33973063323636005,0.42339826227253247,H,False,True,False,False,0,1386,12,徳島,千葉,D,2023-08-05,0,13,13,1.0,H,D,A,0.42339826227253247,0.33973063323636005,0.23687110449110751,0.08366762903617242,0.7631288955088925,0.9756046405751332,0.2246919600702733,False,True,10
28359,2023-08-06,C大阪,FC東京,A,c大阪,fc東京,0.3851735366552286,0.3378520268850261,0.2769744364597454,A,0.4407038625151189,0.3442410976909132,0.2150550397939679,A,0.4073856669991846,0.3404076552073809,0.2522066777934344,A,True,True,True,True,0,1386,4,C大阪,FC東京,A,2023-08-05,0,13,13,1.0,A,D,H,0.4073856669991846,0.3404076552073809,0.2522066777934344,0.06697801179180368,0.7477933222065656,0.9831254945285728,0.21014075537104981,True,True,11
28359,2023-08-06,C大阪,FC東京,A,c大阪,fc東京,0.3851735366552286,0.3378520268850261,0.2769744364597454,A,0.4407038625151189,0.3442410976909132,0.2150550397939679,A,0.4073856669991846,0.3404076552073809,0.2522066777934344,A,True,True,True,True,0,1386,9,C大阪,FC東京,A,2023-08-05,0,13,13,1.0,A,D,H,0.4073856669991846,0.3404076552073809,0.2522066777934344,0.06697801179180368,0.7477933222065656,0.9831254945285728,0.21014075537104981,True,True,12
28785,2023-08-06,レノファ山口FC,大分,D,山口,大分,0.3436076740177733,0.321368625347645,0.3350237006345818,A,0.337126624160437,0.3132189394650103,0.3496544363745527,H,0.3410152540748388,0.3181087509945911,0.3408759949305702,A,False,False,False,False,0,1386,11,山口,大分,D,2023-08-05,0,13,13,1.0,A,H,D,0.3410152540748388,0.3408759949305702,0.3181087509945911,0.00013925914426859975,0.681891249005409,0.9995215362084305,0.15360129779248538,False,False,13
28367,2023-08-12,横浜FM,G大阪,H,横浜fm,g大阪,0.2326108501601982,0.2636789333868249,0.5037102164529769,H,0.0596987307822505,0.1296946547402014,0.8106066144775481,H,0.1634460024090191,0.2100852219281755,0.6264687756628053,H,True,True,True,True,0,1387,2,横浜FM,G大阪,H,2023-08-12,0,13,13,1.0,H,D,A,0.6264687756628053,0.2100852219281755,0.1634460024090191,0.4163835537346299,0.8365539975909808,0.8345083731055254,0.4607435182342777,True,True,1
28367,2023-08-12,横浜FM,G大阪,H,横浜fm,g大阪,0.2326108501601982,0.2636789333868249,0.5037102164529769,H,0.0596987307822505,0.1296946547402014,0.8106066144775481,H,0.1634460024090191,0.2100852219281755,0.6264687756628053,H,True,True,True,True,0,1387,7,横浜FM,G大阪,H,2023-08-12,0,13,13,1.0,H,D,A,0.6264687756628053,0.2100852219281755,0.1634460024090191,0.4163835537346299,0.8365539975909808,0.8345083731055254,0.4607435182342777,True,True,2
28791,2023-08-12,山形,千葉,H,山形,千葉,0.2403175868502881,0.2441595129560779,0.5155229001936341,H,0.257157417209317,0.1126025662872759,0.6302400165034071,H,0.2470535189938996,0.1915367342885571,0.5614097467175433,H,True,True,True,True,0,1387,5,山形,千葉,H,2023-08-12,0,13,13,1.0,H,A,D,0.5614097467175433,0.2470535189938996,0.1915367342885571,0.3143562277236437,0.8084632657114429,0.8975598524484619,0.3831470952364774,True,True,3
28791,2023-08-12,山形,千葉,H,山形,千葉,0.2403175868502881,0.2441595129560779,0.5155229001936341,H,0.257157417209317,0.1126025662872759,0.6302400165034071,H,0.2470535189938996,0.1915367342885571,0.5614097467175433,H,True,True,True,True,0,1387,10,山形,千葉,H,2023-08-12,0,13,13,1.0,H,A,D,0.5614097467175433,0.2470535189938996,0.1915367342885571,0.3143562277236437,0.8084632657114429,0.8975598524484619,0.3831470952364774,True,True,4
28792,2023-08-12,ツエーゲン金沢,熊本,D,金沢,熊本,0.467251147270164,0.2818386586709259,0.2509101940589102,A,0.4809746281643053,0.3200106700950561,0.1990147017406386,A,0.4727405396278205,0.297107463240578,0.2301519971316015,A,False,False,False,True,0,1387,11,金沢,熊本,D,2023-08-12,0,13,13,1.0,A,D,H,0.4727405396278205,0.297107463240578,0.2301519971316015,0.17563307638724246,0.7698480028683985,0.9583598743611482,0.28253284469582446,False,True,5
28364,2023-08-12,FC東京,京都,H,fc東京,京都,0.3349618767458294,0.2356288074052729,0.4294093158488977,H,0.2602711067514262,0.2289703094520871,0.5107585837964868,H,0.3050855687480681,0.2329654082239986,0.4619490230279333,H,True,True,True,True,0,1387,1,FC東京,京都,H,2023-08-12,0,13,13,1.0,H,A,D,0.4619490230279333,0.3050855687480681,0.2329654082239986,0.1568634542798652,0.7670345917760013,0.9633508517920696,0.2701090990021089,True,True,6
28364,2023-08-12,FC東京,京都,H,fc東京,京都,0.3349618767458294,0.2356288074052729,0.4294093158488977,H,0.2602711067514262,0.2289703094520871,0.5107585837964868,H,0.3050855687480681,0.2329654082239986,0.4619490230279333,H,True,True,True,True,0,1387,6,FC東京,京都,H,2023-08-12,0,13,13,1.0,H,A,D,0.4619490230279333,0.3050855687480681,0.2329654082239986,0.1568634542798652,0.7670345917760013,0.9633508517920696,0.2701090990021089,True,True,7
28790,2023-08-12,清水,レノファ山口FC,H,清水,山口,0.2899340349160645,0.3144765136780064,0.3955894514059291,H,0.2799546013524278,0.253536400804661,0.4665089978429112,H,0.2859422614906098,0.2901004685286682,0.423957269980722,H,True,True,True,True,0,1387,13,清水,山口,H,2023-08-12,0,13,13,1.0,H,D,A,0.423957269980722,0.2901004685286682,0.2859422614906098,0.13385680145205375,0.7140577385093902,0.9837907179261018,0.24087250841432334,True,True,8
28794,2023-08-13,秋田,東京V,A,秋田,東京v,0.3204243217873496,0.304865803888994,0.3747098743236564,H,0.2097288284471517,0.3378807179279289,0.4523904536249194,H,0.27614612445127046,0.31807176950456795,0.4057821060441617,H,False,False,False,True,0,1387,12,秋田,東京V,A,2023-08-12,0,13,13,1.0,H,D,A,0.4057821060441617,0.31807176950456795,0.27614612445127046,0.08771033653959376,0.7238538755487296,0.9882346610821486,0.21565363329230086,False,False,9
28368,2023-08-13,名古屋,鹿島,H,名古屋,鹿島,0.354620519828497,0.3276646788551263,0.3177148013163767,A,0.4587160519944974,0.2423466141353574,0.2989373338701452,A,0.3962587326948972,0.2935374529672187,0.3102038143378841,A,False,False,False,True,0,1387,3,名古屋,鹿島,H,2023-08-12,0,13,13,1.0,A,H,D,0.3962587326948972,0.3102038143378841,0.2935374529672187,0.08605491835701312,0.7064625470327812,0.9919031700825257,0.2100550171211532,False,True,10
28368,2023-08-13,名古屋,鹿島,H,名古屋,鹿島,0.354620519828497,0.3276646788551263,0.3177148013163767,A,0.4587160519944974,0.2423466141353574,0.2989373338701452,A,0.3962587326948972,0.2935374529672187,0.3102038143378841,A,False,False,False,True,0,1387,8,名古屋,鹿島,H,2023-08-12,0,13,13,1.0,A,H,D,0.3962587326948972,0.3102038143378841,0.2935374529672187,0.08605491835701312,0.7064625470327812,0.9919031700825257,0.2100550171211532,False,True,11
28369,2023-08-13,広島,浦和,H,広島,浦和,0.3159973047909399,0.3146373711423861,0.3693653240666739,H,0.4750651191499495,0.2876012169677595,0.2373336638822909,A,0.37962443053454376,0.30382290947253554,0.31655265999292076,A,True,False,False,False,0,1387,4,広島,浦和,H,2023-08-12,0,13,13,1.0,A,H,D,0.37962443053454376,0.31655265999292076,0.30382290947253554,0.063071770541623,0.6961770905274645,0.9955841047889968,0.19378929247231338,False,True,12
28369,2023-08-13,広島,浦和,H,広島,浦和,0.3159973047909399,0.3146373711423861,0.3693653240666739,H,0.4750651191499495,0.2876012169677595,0.2373336638822909,A,0.37962443053454376,0.30382290947253554,0.31655265999292076,A,True,False,False,False,0,1387,9,広島,浦和,H,2023-08-12,0,13,13,1.0,A,H,D,0.37962443053454376,0.31655265999292076,0.30382290947253554,0.063071770541623,0.6961770905274645,0.9955841047889968,0.19378929247231338,False,True,13
28381,2023-08-26,横浜FC,横浜FM,H,横浜fc,横浜fm,0.5457275081913853,0.2417846187638573,0.2124878730447574,A,0.7396410792792596,0.1650389485572572,0.0953199721634832,A,0.6232929366265351,0.21108635068121726,0.16562071269224773,A,False,False,False,True,0,1390,1,横浜FC,横浜FM,H,2023-08-26,0,13,13,1.0,A,D,H,0.6232929366265351,0.21108635068121726,0.16562071269224773,0.4122065859453178,0.8343792873077523,0.8381410887333622,0.4571259088161295,False,False,1
28381,2023-08-26,横浜FC,横浜FM,H,横浜fc,横浜fm,0.5457275081913853,0.2417846187638573,0.2124878730447574,A,0.7396410792792596,0.1650389485572572,0.0953199721634832,A,0.6232929366265351,0.21108635068121726,0.16562071269224773,A,False,False,False,True,0,1390,6,横浜FC,横浜FM,H,2023-08-26,0,13,13,1.0,A,D,H,0.6232929366265351,0.21108635068121726,0.16562071269224773,0.4122065859453178,0.8343792873077523,0.8381410887333622,0.4571259088161295,False,False,2
28814,2023-08-26,ツエーゲン金沢,徳島,A,金沢,徳島,0.4550866476803418,0.3081902635804567,0.2367230887392014,A,0.5432944123864685,0.2923502722611756,0.1643553153523559,A,0.49036975356279244,0.3018542670527444,0.20777597938446324,A,True,True,True,True,0,1390,4,金沢,徳島,A,2023-08-26,0,13,13,1.0,A,D,H,0.49036975356279244,0.3018542670527444,0.20777597938446324,0.18851548651004807,0.7922240206155369,0.9443522390546286,0.29777636157084775,True,True,3
28814,2023-08-26,ツエーゲン金沢,徳島,A,金沢,徳島,0.4550866476803418,0.3081902635804567,0.2367230887392014,A,0.5432944123864685,0.2923502722611756,0.1643553153523559,A,0.49036975356279244,0.3018542670527444,0.20777597938446324,A,True,True,True,True,0,1390,9,金沢,徳島,A,2023-08-26,0,13,13,1.0,A,D,H,0.49036975356279244,0.3018542670527444,0.20777597938446324,0.18851548651004807,0.7922240206155369,0.9443522390546286,0.29777636157084775,True,True,4
28817,2023-08-26,レノファ山口FC,甲府,H,山口,甲府,0.3445049752145262,0.332696479877592,0.3227985449078818,A,0.5101614172812668,0.3156010876480822,0.174237495070651,A,0.4107675520412225,0.3258583229857881,0.2633741249729895,A,False,False,False,True,0,1390,11,山口,甲府,H,2023-08-26,0,13,13,1.0,A,D,H,0.4107675520412225,0.3258583229857881,0.2633741249729895,0.08490922905543441,0.7366258750270106,0.9850993455665469,0.2175437594746428,False,False,5
28386,2023-08-26,C大阪,名古屋,H,c大阪,名古屋,0.4309776616990657,0.2686209611498222,0.3004013771511121,A,0.3751890287326735,0.2632941629910901,0.3615168082762363,A,0.4086622085125088,0.2664902418863294,0.3248475496011618,A,False,False,False,True,0,1390,3,C大阪,名古屋,H,2023-08-26,0,13,13,1.0,A,H,D,0.4086622085125088,0.3248475496011618,0.2664902418863294,0.08381465891134698,0.7335097581136706,0.9861238825098736,0.2160083479476257,False,True,6
28386,2023-08-26,C大阪,名古屋,H,c大阪,名古屋,0.4309776616990657,0.2686209611498222,0.3004013771511121,A,0.3751890287326735,0.2632941629910901,0.3615168082762363,A,0.4086622085125088,0.2664902418863294,0.3248475496011618,A,False,False,False,True,0,1390,8,C大阪,名古屋,H,2023-08-26,0,13,13,1.0,A,H,D,0.4086622085125088,0.3248475496011618,0.2664902418863294,0.08381465891134698,0.7335097581136706,0.9861238825098736,0.2160083479476257,False,True,7
28815,2023-08-26,磐田,千葉,A,磐田,千葉,0.3611374676487052,0.2608547501528329,0.3780077821984619,H,0.471336332262712,0.2151878343167504,0.3134758334205376,A,0.4052170134943079,0.2425879838183999,0.3521950026872922,A,False,True,True,False,0,1390,12,磐田,千葉,A,2023-08-26,0,13,13,1.0,A,H,D,0.4052170134943079,0.3521950026872922,0.2425879838183999,0.053022010807015685,0.7574120161816,0.9804963439760706,0.20480609105967995,True,True,8
28813,2023-08-26,大宮,V・ファーレン長崎,A,大宮,長崎,0.2564747342259953,0.3407081788756617,0.4028170868983429,H,0.2132807977896224,0.4689761021415397,0.3177431000688379,D,0.23919715965144617,0.392015348182013,0.36878749216654094,D,False,False,False,False,0,1390,13,大宮,長崎,A,2023-08-26,0,13,13,1.0,D,H,A,0.392015348182013,0.36878749216654094,0.23919715965144617,0.02322785601547206,0.7608028403485539,0.9804609510185344,0.1884444660836142,False,False,9
28382,2023-08-26,柏,広島,D,柏,広島,0.3721638806861015,0.3004395141230505,0.327396605190848,A,0.2139295249672785,0.3491966868662378,0.4368737881664837,H,0.3088701383985723,0.3199423832203254,0.3711874783811023,H,False,False,False,False,0,1390,2,柏,広島,D,2023-08-26,0,13,13,1.0,H,D,A,0.3711874783811023,0.3199423832203254,0.3088701383985723,0.051245095160776855,0.6911298616014276,0.9970276183613939,0.18556462490548917,False,True,10
28382,2023-08-26,柏,広島,D,柏,広島,0.3721638806861015,0.3004395141230505,0.327396605190848,A,0.2139295249672785,0.3491966868662378,0.4368737881664837,H,0.3088701383985723,0.3199423832203254,0.3711874783811023,H,False,False,False,False,0,1390,7,柏,広島,D,2023-08-26,0,13,13,1.0,H,D,A,0.3711874783811023,0.3199423832203254,0.3088701383985723,0.051245095160776855,0.6911298616014276,0.9970276183613939,0.18556462490548917,False,True,11
28810,2023-08-26,栃木SC,水戸,D,栃木sc,水戸,0.2644046373486999,0.3473474488296162,0.3882479138216838,H,0.2145907206123651,0.4389119433610582,0.3464973360265767,D,0.244479070654166,0.3839732466421931,0.3715476827036409,D,False,True,True,False,0,1390,5,栃木,水戸,D,2023-08-26,0,13,13,1.0,D,H,A,0.3839732466421931,0.3715476827036409,0.244479070654166,0.012425563938552209,0.755520929345834,0.9828518476386914,0.1805665388397419,True,True,12
28810,2023-08-26,栃木SC,水戸,D,栃木sc,水戸,0.2644046373486999,0.3473474488296162,0.3882479138216838,H,0.2145907206123651,0.4389119433610582,0.3464973360265767,D,0.244479070654166,0.3839732466421931,0.3715476827036409,D,False,True,True,False,0,1390,10,栃木,水戸,D,2023-08-26,0,13,13,1.0,D,H,A,0.3839732466421931,0.3715476827036409,0.244479070654166,0.012425563938552209,0.755520929345834,0.9828518476386914,0.1805665388397419,True,True,13
28823,2023-09-03,仙台,甲府,D,仙台,甲府,0.2996137884415842,0.2374406101106949,0.4629456014477209,H,0.2569652579288663,0.2205193457514652,0.5225153963196685,H,0.28255437623649704,0.23067210436700306,0.4867735193965,H,False,False,False,True,0,1392,12,仙台,甲府,D,2023-09-02,0,13,13,1.0,H,A,D,0.4867735193965,0.28255437623649704,0.23067210436700306,0.20421914316000295,0.769327895632997,0.9520300056901597,0.3001187826963941,False,False,1
28396,2023-09-02,鳥栖,広島,A,鳥栖,広島,0.2710045661762386,0.3114092737787276,0.4175861600450338,H,0.1750391318785054,0.2700082435751182,0.5549526245463764,H,0.23261839245714533,0.29484886169728386,0.47253274584557087,H,False,False,False,True,0,1392,2,鳥栖,広島,A,2023-09-02,0,13,13,1.0,H,D,A,0.47253274584557087,0.29484886169728386,0.23261839245714533,0.177683884148287,0.7673816075428548,0.9590011318234325,0.2830288687177208,False,False,2
28396,2023-09-02,鳥栖,広島,A,鳥栖,広島,0.2710045661762386,0.3114092737787276,0.4175861600450338,H,0.1750391318785054,0.2700082435751182,0.5549526245463764,H,0.23261839245714533,0.29484886169728386,0.47253274584557087,H,False,False,False,True,0,1392,7,鳥栖,広島,A,2023-09-02,0,13,13,1.0,H,D,A,0.47253274584557087,0.29484886169728386,0.23261839245714533,0.177683884148287,0.7673816075428548,0.9590011318234325,0.2830288687177208,False,False,3
28395,2023-09-03,神戸,京都,H,神戸,京都,0.2951583215988065,0.265062054414608,0.4397796239865854,H,0.2563960200807967,0.2923093166455474,0.4512946632736558,H,0.27965340099160263,0.2759609593069838,0.4443856397014136,H,True,True,True,True,0,1392,4,神戸,京都,H,2023-09-02,0,13,13,1.0,H,A,D,0.4443856397014136,0.27965340099160263,0.2759609593069838,0.16473223870981096,0.7240390406930162,0.9758298870024954,0.2624638440135709,True,True,4
28395,2023-09-03,神戸,京都,H,神戸,京都,0.2951583215988065,0.265062054414608,0.4397796239865854,H,0.2563960200807967,0.2923093166455474,0.4512946632736558,H,0.27965340099160263,0.2759609593069838,0.4443856397014136,H,True,True,True,True,0,1392,9,神戸,京都,H,2023-09-02,0,13,13,1.0,H,A,D,0.4443856397014136,0.27965340099160263,0.2759609593069838,0.16473223870981096,0.7240390406930162,0.9758298870024954,0.2624638440135709,True,True,5
28829,2023-09-03,清水,徳島,D,清水,徳島,0.3182120072406747,0.2737173292871448,0.4080706634721804,H,0.217512223629822,0.3042855513707853,0.4782022249993927,H,0.27793209379633366,0.28594461812060107,0.4361232880830654,H,False,False,False,True,0,1392,13,清水,徳島,D,2023-09-02,0,13,13,1.0,H,D,A,0.4361232880830654,0.28594461812060107,0.27793209379633366,0.15017866996246432,0.7220679062036665,0.9791962117768473,0.2529787717688725,False,True,6
28390,2023-09-03,FC東京,福岡,A,fc東京,福岡,0.3838416190971139,0.3472299420140209,0.2689284388888652,A,0.5336797624690852,0.2859907498124514,0.1803294877184634,A,0.4437768764459024,0.3227342651333931,0.2334888584207045,A,True,True,True,True,0,1392,3,FC東京,福岡,A,2023-09-02,0,13,13,1.0,A,D,H,0.4437768764459024,0.3227342651333931,0.2334888584207045,0.12104261131250932,0.7665111415792956,0.9695554163512958,0.24815342508977517,True,True,7
28390,2023-09-03,FC東京,福岡,A,fc東京,福岡,0.3838416190971139,0.3472299420140209,0.2689284388888652,A,0.5336797624690852,0.2859907498124514,0.1803294877184634,A,0.4437768764459024,0.3227342651333931,0.2334888584207045,A,True,True,True,True,0,1392,8,FC東京,福岡,A,2023-09-02,0,13,13,1.0,A,D,H,0.4437768764459024,0.3227342651333931,0.2334888584207045,0.12104261131250932,0.7665111415792956,0.9695554163512958,0.24815342508977517,True,True,8
28821,2023-09-02,秋田,磐田,D,秋田,磐田,0.431590702389438,0.2765467266820485,0.2918625709285135,A,0.3979054018657028,0.3920875259875215,0.2100070721467757,A,0.4181165821799439,0.32276304640423775,0.25912037141581834,A,False,False,False,True,0,1392,11,秋田,磐田,D,2023-09-02,0,13,13,1.0,A,D,H,0.4181165821799439,0.32276304640423775,0.25912037141581834,0.09535353577570616,0.7408796285841817,0.9826216895901441,0.22500186158444313,False,True,9
28389,2023-09-02,柏,横浜FM,H,柏,横浜fm,0.3927156169071661,0.3178142450460999,0.2894701380467339,A,0.4233461877862946,0.3490348797500563,0.227618932463649,A,0.4049678452588175,0.3303024989276825,0.2647296558134999,A,False,False,False,True,0,1392,1,柏,横浜FM,H,2023-09-02,0,13,13,1.0,A,D,H,0.4049678452588175,0.3303024989276825,0.2647296558134999,0.07466534633113503,0.7352703441865001,0.9865164006872119,0.21106512144492276,False,False,10
28389,2023-09-02,柏,横浜FM,H,柏,横浜fm,0.3927156169071661,0.3178142450460999,0.2894701380467339,A,0.4233461877862946,0.3490348797500563,0.227618932463649,A,0.4049678452588175,0.3303024989276825,0.2647296558134999,A,False,False,False,True,0,1392,6,柏,横浜FM,H,2023-09-02,0,13,13,1.0,A,D,H,0.4049678452588175,0.3303024989276825,0.2647296558134999,0.07466534633113503,0.7352703441865001,0.9865164006872119,0.21106512144492276,False,False,11
28822,2023-09-02,ツエーゲン金沢,東京V,A,金沢,東京v,0.3329568303081734,0.2807738519459071,0.3862693177459195,H,0.3105011896763183,0.2671567221453443,0.4223420881783374,H,0.3239745740554314,0.275327000025682,0.4006984259188866,H,False,False,False,True,0,1392,5,金沢,東京V,A,2023-09-02,0,13,13,1.0,H,A,D,0.4006984259188866,0.3239745740554314,0.275327000025682,0.0767238518634552,0.724672999974318,0.9891764529501857,0.20933234922567115,False,True,12
28822,2023-09-02,ツエーゲン金沢,東京V,A,金沢,東京v,0.3329568303081734,0.2807738519459071,0.3862693177459195,H,0.3105011896763183,0.2671567221453443,0.4223420881783374,H,0.3239745740554314,0.275327000025682,0.4006984259188866,H,False,False,False,True,0,1392,10,金沢,東京V,A,2023-09-02,0,13,13,1.0,H,A,D,0.4006984259188866,0.3239745740554314,0.275327000025682,0.0767238518634552,0.724672999974318,0.9891764529501857,0.20933234922567115,False,True,13
28837,2023-09-09,岡山,仙台,H,岡山,仙台,0.1988779397815363,0.2611194321124743,0.5400026281059895,H,0.1500115188645877,0.2611153041397365,0.5888731769956758,H,0.1793313714147568,0.2611177809233792,0.559550847661864,H,True,True,True,True,0,1394,1,岡山,仙台,H,2023-09-09,0,13,13,1.0,H,D,A,0.559550847661864,0.2611177809233792,0.1793313714147568,0.29843306673848485,0.8206686285852431,0.8953988165647653,0.3771696914933555,True,True,1
28837,2023-09-09,岡山,仙台,H,岡山,仙台,0.1988779397815363,0.2611194321124743,0.5400026281059895,H,0.1500115188645877,0.2611153041397365,0.5888731769956758,H,0.1793313714147568,0.2611177809233792,0.559550847661864,H,True,True,True,True,0,1394,6,岡山,仙台,H,2023-09-09,0,13,13,1.0,H,D,A,0.559550847661864,0.2611177809233792,0.1793313714147568,0.29843306673848485,0.8206686285852431,0.8953988165647653,0.3771696914933555,True,True,2
28833,2023-09-09,千葉,秋田,H,千葉,秋田,0.5045046396581676,0.2233290593518814,0.272166300989951,A,0.6034061591894395,0.1624601444088456,0.2341336964017149,A,0.5440652474706765,0.19898149337466703,0.25695325915465655,A,False,False,False,True,0,1394,13,千葉,秋田,H,2023-09-09,0,13,13,1.0,A,H,D,0.5440652474706765,0.25695325915465655,0.19898149337466703,0.28711198831602,0.801018506625333,0.9116892422116739,0.36298070883007666,False,True,3
28834,2023-09-09,東京V,レノファ山口FC,H,東京v,山口,0.2658278759858057,0.2830843637751622,0.451087760239032,H,0.1561134712262402,0.2705406868790657,0.5733458418946941,H,0.22194211408197953,0.27806689301672366,0.49999099290129684,H,True,True,True,True,0,1394,12,東京V,山口,H,2023-09-09,0,13,13,1.0,H,D,A,0.49999099290129684,0.27806689301672366,0.22194211408197953,0.22192409988457318,0.7780578859180205,0.9435270680846332,0.31396396814825756,True,True,4
28840,2023-09-10,熊本,藤枝MYFC,A,熊本,藤枝,0.3107886810953864,0.195660881412511,0.4935504374921025,H,0.3028669422673,0.220942068938719,0.476190988793981,H,0.3076199855641518,0.2057733564229942,0.4866066580128539,H,False,False,False,True,0,1394,3,熊本,藤枝,A,2023-09-09,0,13,13,1.0,H,A,D,0.4866066580128539,0.3076199855641518,0.2057733564229942,0.1789866724487021,0.7942266435770058,0.9452616481155095,0.2925660018397281,False,True,5
28840,2023-09-10,熊本,藤枝MYFC,A,熊本,藤枝,0.3107886810953864,0.195660881412511,0.4935504374921025,H,0.3028669422673,0.220942068938719,0.476190988793981,H,0.3076199855641518,0.2057733564229942,0.4866066580128539,H,False,False,False,True,0,1394,8,熊本,藤枝,A,2023-09-09,0,13,13,1.0,H,A,D,0.4866066580128539,0.3076199855641518,0.2057733564229942,0.1789866724487021,0.7942266435770058,0.9452616481155095,0.2925660018397281,False,True,6
28839,2023-09-10,徳島,いわきFC,H,徳島,いわき,0.473270721858291,0.2363828665888469,0.290346411552862,A,0.3943706439208779,0.3354842831658293,0.2701450729132928,A,0.4417106906833259,0.27602343321963985,0.28226587609703435,A,False,False,False,True,0,1394,4,徳島,いわき,H,2023-09-09,0,13,13,1.0,A,H,D,0.4417106906833259,0.28226587609703435,0.27602343321963985,0.15944481458629156,0.7239765667803603,0.9769398982839566,0.2591875162559074,False,True,7
28839,2023-09-10,徳島,いわきFC,H,徳島,いわき,0.473270721858291,0.2363828665888469,0.290346411552862,A,0.3943706439208779,0.3354842831658293,0.2701450729132928,A,0.4417106906833259,0.27602343321963985,0.28226587609703435,A,False,False,False,True,0,1394,9,徳島,いわき,H,2023-09-09,0,13,13,1.0,A,H,D,0.4417106906833259,0.28226587609703435,0.27602343321963985,0.15944481458629156,0.7239765667803603,0.9769398982839566,0.2591875162559074,False,True,8
28841,2023-09-09,清水,山形,H,清水,山形,0.4388431023695367,0.2551566371818816,0.3060002604485817,A,0.4267797422570242,0.2242227443505486,0.3489975133924272,A,0.4340177583245318,0.24278308004934834,0.32319916162611995,A,False,False,False,True,0,1394,11,清水,山形,H,2023-09-09,0,13,13,1.0,A,H,D,0.4340177583245318,0.32319916162611995,0.24278308004934834,0.11081859669841188,0.7572169199506518,0.9748581855364655,0.23912286298319035,False,True,9
28842,2023-09-09,磐田,大宮,H,磐田,大宮,0.3185843992922845,0.2577751381477298,0.4236404625599856,H,0.3495218125126276,0.3446733732548842,0.3058048142324882,A,0.33095936458042174,0.29253443219059155,0.3765062032289867,H,True,False,True,False,0,1394,2,磐田,大宮,H,2023-09-09,0,13,13,1.0,H,A,D,0.3765062032289867,0.33095936458042174,0.29253443219059155,0.04554683864856496,0.7074655678094084,0.9951791021676678,0.18633336454650817,True,True,10
28842,2023-09-09,磐田,大宮,H,磐田,大宮,0.3185843992922845,0.2577751381477298,0.4236404625599856,H,0.3495218125126276,0.3446733732548842,0.3058048142324882,A,0.33095936458042174,0.29253443219059155,0.3765062032289867,H,True,False,True,False,0,1394,7,磐田,大宮,H,2023-09-09,0,13,13,1.0,H,A,D,0.3765062032289867,0.33095936458042174,0.29253443219059155,0.04554683864856496,0.7074655678094084,0.9951791021676678,0.18633336454650817,True,True,11
28832,2023-09-09,水戸,ツエーゲン金沢,H,水戸,金沢,0.3497441370047721,0.2773527222049775,0.3729031407902504,H,0.3230213180127444,0.2934758685233641,0.3835028134638915,H,0.339055009407961,0.2838019807323321,0.3771430098597068,H,True,True,True,True,0,1394,5,水戸,金沢,H,2023-09-09,0,13,13,1.0,H,A,D,0.3771430098597068,0.339055009407961,0.2838019807323321,0.03808800045174576,0.7161980192676678,0.993913672071465,0.1842624201806861,True,True,12
28832,2023-09-09,水戸,ツエーゲン金沢,H,水戸,金沢,0.3497441370047721,0.2773527222049775,0.3729031407902504,H,0.3230213180127444,0.2934758685233641,0.3835028134638915,H,0.339055009407961,0.2838019807323321,0.3771430098597068,H,True,True,True,True,0,1394,10,水戸,金沢,H,2023-09-09,0,13,13,1.0,H,A,D,0.3771430098597068,0.339055009407961,0.2838019807323321,0.03808800045174576,0.7161980192676678,0.993913672071465,0.1842624201806861,True,True,13
28846,2023-09-16,大宮,熊本,A,大宮,熊本,0.5044125481817172,0.2635337985313479,0.2320536532869349,A,0.7769044021708164,0.1365361343560138,0.0865594634731699,A,0.613409289777357,0.21273473286121422,0.17385597736142894,A,True,True,True,True,0,1396,5,大宮,熊本,A,2023-09-16,0,13,13,1.0,A,D,H,0.613409289777357,0.21273473286121422,0.17385597736142894,0.40067455691614273,0.8261440226385712,0.8494394175963227,0.44638239180119604,True,True,1
28846,2023-09-16,大宮,熊本,A,大宮,熊本,0.5044125481817172,0.2635337985313479,0.2320536532869349,A,0.7769044021708164,0.1365361343560138,0.0865594634731699,A,0.613409289777357,0.21273473286121422,0.17385597736142894,A,True,True,True,True,0,1396,10,大宮,熊本,A,2023-09-16,0,13,13,1.0,A,D,H,0.613409289777357,0.21273473286121422,0.17385597736142894,0.40067455691614273,0.8261440226385712,0.8494394175963227,0.44638239180119604,True,True,2
28849,2023-09-16,仙台,水戸,A,仙台,水戸,0.4654991602059527,0.2181644296437054,0.3163364101503419,A,0.6736034346950881,0.1321436714520776,0.1942528938528343,A,0.5487408700016069,0.1837561263670542,0.2675030036313389,A,True,True,True,True,0,1396,11,仙台,水戸,A,2023-09-16,0,13,13,1.0,A,H,D,0.5487408700016069,0.2675030036313389,0.1837561263670542,0.281237866370268,0.8162438736329458,0.904196115217036,0.36452742168690966,True,True,3
28850,2023-09-16,山形,岡山,H,山形,岡山,0.4350455661150187,0.2487866313548571,0.3161678025301241,A,0.5282656758124139,0.1004531559747272,0.3712811682128589,A,0.4723336099939768,0.1894532412028051,0.338213148803218,A,False,False,False,True,0,1396,2,山形,岡山,H,2023-09-16,0,13,13,1.0,A,H,D,0.4723336099939768,0.338213148803218,0.1894532412028051,0.13412046119075877,0.8105467587971948,0.9431077743772318,0.27087073103860876,False,True,4
28850,2023-09-16,山形,岡山,H,山形,岡山,0.4350455661150187,0.2487866313548571,0.3161678025301241,A,0.5282656758124139,0.1004531559747272,0.3712811682128589,A,0.4723336099939768,0.1894532412028051,0.338213148803218,A,False,False,False,True,0,1396,7,山形,岡山,H,2023-09-16,0,13,13,1.0,A,H,D,0.4723336099939768,0.338213148803218,0.1894532412028051,0.13412046119075877,0.8105467587971948,0.9431077743772318,0.27087073103860876,False,True,5
28847,2023-09-16,磐田,レノファ山口FC,D,磐田,山口,0.3008211385477158,0.2891181985465466,0.4100606629057376,H,0.2855892497494419,0.2831266727486887,0.4312840775018693,H,0.2947283830284062,0.2867215882274034,0.4185500287441903,H,False,False,False,True,0,1396,13,磐田,山口,D,2023-09-16,0,13,13,1.0,H,A,D,0.4185500287441903,0.2947283830284062,0.2867215882274034,0.12382164571578408,0.7132784117725965,0.9856024374126238,0.23456460145288532,False,False,6
28852,2023-09-17,ツエーゲン金沢,清水,A,金沢,清水,0.3708322598642433,0.3494085230011837,0.2797592171345729,A,0.4857067371373082,0.3003121969744687,0.213981065888223,A,0.4167820507734693,0.3297699925904978,0.253447956636033,A,True,True,True,True,0,1396,12,金沢,清水,A,2023-09-16,0,13,13,1.0,A,D,H,0.4167820507734693,0.3297699925904978,0.253447956636033,0.08701205818297153,0.7465520433639671,0.9816745249712289,0.22167123821785545,True,True,7
28853,2023-09-17,藤枝MYFC,町田,D,藤枝,町田,0.3881744662267755,0.2744597361769659,0.3373657975962585,A,0.2033268643206049,0.3545822626561123,0.4420908730232827,H,0.31423542546430727,0.30650874676862455,0.3792558277670683,H,False,False,False,False,0,1396,3,藤枝,町田,D,2023-09-16,0,13,13,1.0,H,A,D,0.3792558277670683,0.31423542546430727,0.30650874676862455,0.06502040230276102,0.6934912532313755,0.9957267335903143,0.19427691658308424,False,False,8
28853,2023-09-17,藤枝MYFC,町田,D,藤枝,町田,0.3881744662267755,0.2744597361769659,0.3373657975962585,A,0.2033268643206049,0.3545822626561123,0.4420908730232827,H,0.31423542546430727,0.30650874676862455,0.3792558277670683,H,False,False,False,False,0,1396,8,藤枝,町田,D,2023-09-16,0,13,13,1.0,H,A,D,0.3792558277670683,0.31423542546430727,0.30650874676862455,0.06502040230276102,0.6934912532313755,0.9957267335903143,0.19427691658308424,False,False,9
28401,2023-09-16,福岡,名古屋,H,福岡,名古屋,0.3973174314455497,0.2620110005722709,0.3406715679821794,A,0.3588702684583627,0.2640777195178032,0.3770520120238341,H,0.3819385662506749,0.2628376881504838,0.3552237455988413,A,False,True,False,False,0,1396,1,福岡,名古屋,H,2023-09-16,0,13,13,1.0,A,H,D,0.3819385662506749,0.3552237455988413,0.2628376881504838,0.026714820651833615,0.7371623118495162,0.9889585088733831,0.18343084026626885,False,True,10
28401,2023-09-16,福岡,名古屋,H,福岡,名古屋,0.3973174314455497,0.2620110005722709,0.3406715679821794,A,0.3588702684583627,0.2640777195178032,0.3770520120238341,H,0.3819385662506749,0.2628376881504838,0.3552237455988413,A,False,True,False,False,0,1396,6,福岡,名古屋,H,2023-09-16,0,13,13,1.0,A,H,D,0.3819385662506749,0.3552237455988413,0.2628376881504838,0.026714820651833615,0.7371623118495162,0.9889585088733831,0.18343084026626885,False,True,11
28851,2023-09-17,ザスパクサツ群馬,いわきFC,H,群馬,いわき,0.336388006417641,0.3149769089306291,0.3486350846517299,H,0.3099219457246625,0.286793651666769,0.4032844026085685,H,0.32580158214044963,0.30370360602508506,0.37049481183446537,H,True,True,True,True,0,1396,4,群馬,いわき,H,2023-09-16,0,13,13,1.0,H,A,D,0.37049481183446537,0.32580158214044963,0.30370360602508506,0.044693229694015735,0.6962963939749149,0.9968669748908845,0.18299190074023802,True,True,12
28851,2023-09-17,ザスパクサツ群馬,いわきFC,H,群馬,いわき,0.336388006417641,0.3149769089306291,0.3486350846517299,H,0.3099219457246625,0.286793651666769,0.4032844026085685,H,0.32580158214044963,0.30370360602508506,0.37049481183446537,H,True,True,True,True,0,1396,9,群馬,いわき,H,2023-09-16,0,13,13,1.0,H,A,D,0.37049481183446537,0.32580158214044963,0.30370360602508506,0.044693229694015735,0.6962963939749149,0.9968669748908845,0.18299190074023802,True,True,13
28409,2023-09-24,湘南,川崎F,A,湘南,川崎f,0.228225066715606,0.3030281697488841,0.4687467635355098,H,0.1056191070590334,0.3542244572451968,0.5401564356957698,H,0.17918268285297692,0.32350668474740923,0.49731063239961387,H,False,False,False,True,0,1397,3,湘南,川崎F,A,2023-09-23,0,13,13,1.0,H,D,A,0.49731063239961387,0.32350668474740923,0.17918268285297692,0.17380394765220464,0.8208173171470231,0.9289519291544793,0.298830780427202,False,False,1
28409,2023-09-24,湘南,川崎F,A,湘南,川崎f,0.228225066715606,0.3030281697488841,0.4687467635355098,H,0.1056191070590334,0.3542244572451968,0.5401564356957698,H,0.17918268285297692,0.32350668474740923,0.49731063239961387,H,False,False,False,True,0,1397,8,湘南,川崎F,A,2023-09-23,0,13,13,1.0,H,D,A,0.49731063239961387,0.32350668474740923,0.17918268285297692,0.17380394765220464,0.8208173171470231,0.9289519291544793,0.298830780427202,False,False,2
28854,2023-09-23,秋田,山形,D,秋田,山形,0.4466748981779991,0.2450155110014298,0.3083095908205711,A,0.4462707248952042,0.1579921198875123,0.3957371552172835,A,0.4465132288648812,0.21020615455586275,0.34328061657925607,A,False,False,False,True,0,1397,5,秋田,山形,D,2023-09-23,0,13,13,1.0,A,H,D,0.4465132288648812,0.34328061657925607,0.21020615455586275,0.10323261228562514,0.7897938454441373,0.9602177647547652,0.24501881433821232,False,False,3
28854,2023-09-23,秋田,山形,D,秋田,山形,0.4466748981779991,0.2450155110014298,0.3083095908205711,A,0.4462707248952042,0.1579921198875123,0.3957371552172835,A,0.4465132288648812,0.21020615455586275,0.34328061657925607,A,False,False,False,True,0,1397,10,秋田,山形,D,2023-09-23,0,13,13,1.0,A,H,D,0.4465132288648812,0.34328061657925607,0.21020615455586275,0.10323261228562514,0.7897938454441373,0.9602177647547652,0.24501881433821232,False,False,4
28855,2023-09-23,いわきFC,ツエーゲン金沢,H,いわき,金沢,0.4212646405349088,0.2857041754699776,0.2930311839951136,A,0.400048933164449,0.3232331314712651,0.2767179353642859,A,0.41277835758672493,0.30071575787049265,0.28650588454278253,A,False,False,False,True,0,1397,11,いわき,金沢,H,2023-09-23,0,13,13,1.0,A,D,H,0.41277835758672493,0.30071575787049265,0.28650588454278253,0.11206259971623228,0.7134941154572176,0.9873482388787119,0.22750252303896512,False,False,5
28862,2023-09-24,岡山,磐田,H,岡山,磐田,0.3232280192468035,0.2638981004345291,0.4128738803186674,H,0.3779910897518564,0.2012798257262961,0.4207290845218475,H,0.3451332474488247,0.2388507905512359,0.4160159619999394,H,True,True,True,True,0,1397,12,岡山,磐田,H,2023-09-23,0,13,13,1.0,H,A,D,0.4160159619999394,0.3451332474488247,0.2388507905512359,0.07088271455111472,0.7611492094487641,0.9776285749832929,0.21649041799620428,True,True,6
28413,2023-09-24,G大阪,浦和,A,g大阪,浦和,0.3831655870410917,0.3130517530926577,0.3037826598662504,A,0.4090661724459397,0.4326604046187993,0.158273422935261,D,0.393525821203031,0.36089521370311445,0.24557896509385463,A,True,False,True,False,0,1397,4,G大阪,浦和,A,2023-09-23,0,13,13,1.0,A,D,H,0.393525821203031,0.36089521370311445,0.24557896509385463,0.03263060749991653,0.7544210349061454,0.982734982331912,0.19196033569995236,True,True,7
28413,2023-09-24,G大阪,浦和,A,g大阪,浦和,0.3831655870410917,0.3130517530926577,0.3037826598662504,A,0.4090661724459397,0.4326604046187993,0.158273422935261,D,0.393525821203031,0.36089521370311445,0.24557896509385463,A,True,False,True,False,0,1397,9,G大阪,浦和,A,2023-09-23,0,13,13,1.0,A,D,H,0.393525821203031,0.36089521370311445,0.24557896509385463,0.03263060749991653,0.7544210349061454,0.982734982331912,0.19196033569995236,True,True,8
28863,2023-09-24,徳島,大宮,A,徳島,大宮,0.2644162134351432,0.3148484371387373,0.4207353494261194,H,0.1767828011982189,0.4659823238293568,0.3572348749724243,D,0.22936284854037342,0.37530199181498514,0.39533515964464144,H,False,False,False,False,0,1397,13,徳島,大宮,A,2023-09-23,0,13,13,1.0,H,D,A,0.39533515964464144,0.37530199181498514,0.22936284854037342,0.020033167829656306,0.7706371514596266,0.9761495305024573,0.18968252447997688,False,False,9
28414,2023-09-23,神戸,C大阪,H,神戸,c大阪,0.3234523279149395,0.3146066419928734,0.361941030092187,H,0.3512644705275268,0.2619123134848978,0.3868232159875754,H,0.33457718495997446,0.29352891058968317,0.37189390445034237,H,True,True,True,True,0,1397,1,神戸,C大阪,H,2023-09-23,0,13,13,1.0,H,A,D,0.37189390445034237,0.33457718495997446,0.29352891058968317,0.03731671949036791,0.7064710894103168,0.9957868498246991,0.18125573885934304,True,True,10
28414,2023-09-23,神戸,C大阪,H,神戸,c大阪,0.3234523279149395,0.3146066419928734,0.361941030092187,H,0.3512644705275268,0.2619123134848978,0.3868232159875754,H,0.33457718495997446,0.29352891058968317,0.37189390445034237,H,True,True,True,True,0,1397,6,神戸,C大阪,H,2023-09-23,0,13,13,1.0,H,A,D,0.37189390445034237,0.33457718495997446,0.29352891058968317,0.03731671949036791,0.7064710894103168,0.9957868498246991,0.18125573885934304,True,True,11
28407,2023-09-24,鹿島,横浜FM,A,鹿島,横浜fm,0.3360870412245596,0.3025532145871173,0.361359744188323,H,0.3870760125428118,0.2207024584870445,0.3922215289701438,H,0.3564826297518605,0.2698129121470882,0.3737044581010513,H,False,False,False,True,0,1397,2,鹿島,横浜FM,A,2023-09-23,0,13,13,1.0,H,A,D,0.3737044581010513,0.3564826297518605,0.2698129121470882,0.017221828349190782,0.7301870878529118,0.9912474950641734,0.17594514705485517,False,True,12
28407,2023-09-24,鹿島,横浜FM,A,鹿島,横浜fm,0.3360870412245596,0.3025532145871173,0.361359744188323,H,0.3870760125428118,0.2207024584870445,0.3922215289701438,H,0.3564826297518605,0.2698129121470882,0.3737044581010513,H,False,False,False,True,0,1397,7,鹿島,横浜FM,A,2023-09-23,0,13,13,1.0,H,A,D,0.3737044581010513,0.3564826297518605,0.2698129121470882,0.017221828349190782,0.7301870878529118,0.9912474950641734,0.17594514705485517,False,True,13
28865,2023-09-30,甲府,水戸,H,甲府,水戸,0.2716261202545451,0.2601289640462578,0.4682449156991971,H,0.2875361652309914,0.1841628299591765,0.5283010048098321,H,0.2779901382451236,0.2297425104114253,0.4922673513434511,H,True,True,True,True,0,1399,11,甲府,水戸,H,2023-09-30,0,13,13,1.0,H,A,D,0.4922673513434511,0.2779901382451236,0.2297425104114253,0.21427721309832753,0.7702574895885748,0.9490747636715267,0.3067023799546623,True,True,1
28869,2023-10-01,山形,徳島,A,山形,徳島,0.3131383752308794,0.2385532953029382,0.4483083294661822,H,0.3028387251150075,0.1873427172871745,0.509818557597818,H,0.30901851518453066,0.21806906409663276,0.4729124207188366,H,False,False,False,True,0,1399,5,山形,徳島,A,2023-09-30,0,13,13,1.0,H,A,D,0.4729124207188366,0.30901851518453066,0.21806906409663276,0.16389390553430594,0.7819309359033673,0.9549703322849248,0.2791793898034986,False,True,2
28869,2023-10-01,山形,徳島,A,山形,徳島,0.3131383752308794,0.2385532953029382,0.4483083294661822,H,0.3028387251150075,0.1873427172871745,0.509818557597818,H,0.30901851518453066,0.21806906409663276,0.4729124207188366,H,False,False,False,True,0,1399,10,山形,徳島,A,2023-09-30,0,13,13,1.0,H,A,D,0.4729124207188366,0.30901851518453066,0.21806906409663276,0.16389390553430594,0.7819309359033673,0.9549703322849248,0.2791793898034986,False,True,3
28416,2023-10-01,FC東京,G大阪,H,fc東京,g大阪,0.2937218808507018,0.2933598601839611,0.4129182589653369,H,0.2984968838140255,0.2696284503419998,0.4318746658439746,H,0.2956318820360313,0.2838672962471766,0.420500821716792,H,True,True,True,True,0,1399,1,FC東京,G大阪,H,2023-09-30,0,13,13,1.0,H,A,D,0.420500821716792,0.2956318820360313,0.2838672962471766,0.12486893968076068,0.7161327037528233,0.9848897046620414,0.23595155772841436,True,True,4
28416,2023-10-01,FC東京,G大阪,H,fc東京,g大阪,0.2937218808507018,0.2933598601839611,0.4129182589653369,H,0.2984968838140255,0.2696284503419998,0.4318746658439746,H,0.2956318820360313,0.2838672962471766,0.420500821716792,H,True,True,True,True,0,1399,6,FC東京,G大阪,H,2023-09-30,0,13,13,1.0,H,A,D,0.420500821716792,0.2956318820360313,0.2838672962471766,0.12486893968076068,0.7161327037528233,0.9848897046620414,0.23595155772841436,True,True,5
28870,2023-10-01,栃木SC,秋田,A,栃木sc,秋田,0.3589100130042649,0.2864394013229075,0.3546505856728275,A,0.2657941995874222,0.2643291798896551,0.4698766205229227,H,0.32166368763752784,0.27759531274960664,0.40074099961286563,H,True,False,False,False,0,1399,4,栃木,秋田,A,2023-09-30,0,13,13,1.0,H,A,D,0.40074099961286563,0.32166368763752784,0.27759531274960664,0.0790773119753378,0.7224046872503935,0.9894881519553967,0.21011287862607841,False,True,6
28870,2023-10-01,栃木SC,秋田,A,栃木sc,秋田,0.3589100130042649,0.2864394013229075,0.3546505856728275,A,0.2657941995874222,0.2643291798896551,0.4698766205229227,H,0.32166368763752784,0.27759531274960664,0.40074099961286563,H,True,False,False,False,0,1399,9,栃木,秋田,A,2023-09-30,0,13,13,1.0,H,A,D,0.40074099961286563,0.32166368763752784,0.27759531274960664,0.0790773119753378,0.7224046872503935,0.9894881519553967,0.21011287862607841,False,True,7
28868,2023-09-30,仙台,熊本,H,仙台,熊本,0.3204963877308638,0.3019425722646017,0.3775610400045345,H,0.2804098977986178,0.3103278265588653,0.4092622756425169,H,0.30446179175796545,0.30529667398230714,0.39024153425972746,H,True,True,True,True,0,1399,2,仙台,熊本,H,2023-09-30,0,13,13,1.0,H,D,A,0.39024153425972746,0.30529667398230714,0.30446179175796545,0.08494486027742032,0.6955382082420346,0.9935332114179085,0.20663274923039276,True,True,8
28868,2023-09-30,仙台,熊本,H,仙台,熊本,0.3204963877308638,0.3019425722646017,0.3775610400045345,H,0.2804098977986178,0.3103278265588653,0.4092622756425169,H,0.30446179175796545,0.30529667398230714,0.39024153425972746,H,True,True,True,True,0,1399,7,仙台,熊本,H,2023-09-30,0,13,13,1.0,H,D,A,0.39024153425972746,0.30529667398230714,0.30446179175796545,0.08494486027742032,0.6955382082420346,0.9935332114179085,0.20663274923039276,True,True,9
28866,2023-09-30,藤枝MYFC,清水,H,藤枝,清水,0.3812454683146497,0.3246893032480772,0.2940652284372732,A,0.3801614635411309,0.2784539410794197,0.3413845953794494,A,0.3808118664052422,0.3061951583806142,0.3129929752141436,A,False,False,False,True,0,1399,3,藤枝,清水,H,2023-09-30,0,13,13,1.0,A,H,D,0.3808118664052422,0.3129929752141436,0.3061951583806142,0.06781889119109863,0.6938048416193858,0.9954479666788885,0.19601235846346582,False,True,10
28866,2023-09-30,藤枝MYFC,清水,H,藤枝,清水,0.3812454683146497,0.3246893032480772,0.2940652284372732,A,0.3801614635411309,0.2784539410794197,0.3413845953794494,A,0.3808118664052422,0.3061951583806142,0.3129929752141436,A,False,False,False,True,0,1399,8,藤枝,清水,H,2023-09-30,0,13,13,1.0,A,H,D,0.3808118664052422,0.3129929752141436,0.3061951583806142,0.06781889119109863,0.6938048416193858,0.9954479666788885,0.19601235846346582,False,True,11
28873,2023-10-01,磐田,V・ファーレン長崎,H,磐田,長崎,0.346929625654547,0.3043876197719202,0.3486827545735327,H,0.4230973367360755,0.2540275690137097,0.3228750942502148,A,0.3773967100871585,0.28424359946863603,0.33835969044420555,A,True,False,False,False,0,1399,12,磐田,長崎,H,2023-09-30,0,13,13,1.0,A,H,D,0.3773967100871585,0.33835969044420555,0.28424359946863603,0.039037019642952975,0.7157564005313641,0.9939595535748418,0.18469956569928653,False,True,12
28875,2023-10-01,レノファ山口FC,ツエーゲン金沢,H,山口,金沢,0.3239897176984157,0.3147374618198771,0.3612728204817071,H,0.2545192926617902,0.4588387787327266,0.2866419286054832,D,0.29620154768376555,0.372377988585017,0.33142046373121753,D,True,False,False,False,0,1399,13,山口,金沢,H,2023-09-30,0,13,13,1.0,D,H,A,0.372377988585017,0.33142046373121753,0.29620154768376555,0.04095752485379944,0.7037984523162345,0.9960337553233831,0.1826984774974108,False,True,13
29227,2023-10-08,ガイナーレ鳥取,SC相模原,D,鳥取,相模原,0.2809883478576593,0.2341903130035204,0.4848213391388202,H,0.2469556674906297,0.2533635067120128,0.4996808257973574,H,0.2673752757108475,0.2418595904869174,0.4907651338022351,H,False,False,False,True,0,1400,12,鳥取,相模原,D,2023-10-07,0,13,13,1.0,H,A,D,0.4907651338022351,0.2673752757108475,0.2418595904869174,0.22338985809138756,0.7581404095130826,0.9514838097097646,0.3087339986010385,False,False,1
28883,2023-10-08,千葉,水戸,D,千葉,水戸,0.3384357026348001,0.2348190767118401,0.4267452206533598,H,0.2879764503368894,0.1688114768542469,0.5432120728088636,H,0.31825200171563583,0.20841603676880285,0.4733319615155614,H,False,False,False,True,0,1400,5,千葉,水戸,D,2023-10-07,0,13,13,1.0,H,A,D,0.4733319615155614,0.31825200171563583,0.20841603676880285,0.15507995979992556,0.7915839632311972,0.9514230243490847,0.27699276374215964,False,False,2
28883,2023-10-08,千葉,水戸,D,千葉,水戸,0.3384357026348001,0.2348190767118401,0.4267452206533598,H,0.2879764503368894,0.1688114768542469,0.5432120728088636,H,0.31825200171563583,0.20841603676880285,0.4733319615155614,H,False,False,False,True,0,1400,10,千葉,水戸,D,2023-10-07,0,13,13,1.0,H,A,D,0.4733319615155614,0.31825200171563583,0.20841603676880285,0.15507995979992556,0.7915839632311972,0.9514230243490847,0.27699276374215964,False,False,3
28885,2023-10-08,ツエーゲン金沢,秋田,A,金沢,秋田,0.3483551088596783,0.283245100677287,0.3683997904630346,H,0.5226482965504734,0.2754197794056077,0.201931924043919,A,0.4180723839359964,0.2801149721686153,0.3018126438953884,A,False,True,True,False,0,1400,4,金沢,秋田,A,2023-10-07,0,13,13,1.0,A,H,D,0.4180723839359964,0.3018126438953884,0.2801149721686153,0.11625974004060796,0.7198850278313849,0.9854423464054844,0.23173501250431428,True,True,4
28885,2023-10-08,ツエーゲン金沢,秋田,A,金沢,秋田,0.3483551088596783,0.283245100677287,0.3683997904630346,H,0.5226482965504734,0.2754197794056077,0.201931924043919,A,0.4180723839359964,0.2801149721686153,0.3018126438953884,A,False,True,True,False,0,1400,9,金沢,秋田,A,2023-10-07,0,13,13,1.0,A,H,D,0.4180723839359964,0.3018126438953884,0.2801149721686153,0.11625974004060796,0.7198850278313849,0.9854423464054844,0.23173501250431428,True,True,5
29228,2023-10-08,愛媛FC,テゲバジャーロ宮崎,D,愛媛,宮崎,0.316081602084704,0.2635380625855753,0.4203803353297207,H,0.3019170572677764,0.2932269638658869,0.4048559788663366,H,0.310415784157933,0.2754136230976999,0.414170592744367,H,False,False,False,True,0,1400,13,愛媛,宮崎,D,2023-10-07,0,13,13,1.0,H,A,D,0.414170592744367,0.310415784157933,0.2754136230976999,0.10375480858643404,0.7245863769023,0.9861170469354639,0.2254675403531243,False,False,6
28881,2023-10-08,いわきFC,仙台,D,いわき,仙台,0.3330971783169951,0.2888046757735788,0.3780981459094261,H,0.3057385784597705,0.2868748268526216,0.4073865946876078,H,0.32215373837410527,0.288032736205196,0.38981352542069886,H,False,False,False,True,0,1400,3,いわき,仙台,D,2023-10-07,0,13,13,1.0,H,A,D,0.38981352542069886,0.32215373837410527,0.288032736205196,0.06765978704659359,0.7119672637948041,0.9927607251322218,0.2005448668791779,False,False,7
28881,2023-10-08,いわきFC,仙台,D,いわき,仙台,0.3330971783169951,0.2888046757735788,0.3780981459094261,H,0.3057385784597705,0.2868748268526216,0.4073865946876078,H,0.32215373837410527,0.288032736205196,0.38981352542069886,H,False,False,False,True,0,1400,8,いわき,仙台,D,2023-10-07,0,13,13,1.0,H,A,D,0.38981352542069886,0.32215373837410527,0.288032736205196,0.06765978704659359,0.7119672637948041,0.9927607251322218,0.2005448668791779,False,False,8
28884,2023-10-08,町田,甲府,D,町田,甲府,0.3589852646086799,0.3241767799903248,0.3168379554009952,A,0.3251505834989807,0.4508408675562035,0.2240085489448158,D,0.34545139216480025,0.37484241501667626,0.27970619281852344,D,False,True,True,False,0,1400,11,町田,甲府,D,2023-10-07,0,13,13,1.0,D,A,H,0.37484241501667626,0.34545139216480025,0.27970619281852344,0.029391022851876003,0.7202938071814765,0.9933854202049304,0.18028886071467484,True,True,9
28876,2023-10-07,大宮,レノファ山口FC,H,大宮,山口,0.3259631476009942,0.287583810414259,0.3864530419847468,H,0.4298156808692359,0.2316590454287926,0.3385252737019715,A,0.3675041609082908,0.2652139044200724,0.3672819346716367,A,True,False,False,False,0,1400,1,大宮,山口,H,2023-10-07,0,13,13,1.0,A,H,D,0.3675041609082908,0.3672819346716367,0.2652139044200724,0.00022222623665407726,0.7347860955799275,0.9901172974473818,0.16743119210208343,False,True,10
28876,2023-10-07,大宮,レノファ山口FC,H,大宮,山口,0.3259631476009942,0.287583810414259,0.3864530419847468,H,0.4298156808692359,0.2316590454287926,0.3385252737019715,A,0.3675041609082908,0.2652139044200724,0.3672819346716367,A,True,False,False,False,0,1400,6,大宮,山口,H,2023-10-07,0,13,13,1.0,A,H,D,0.3675041609082908,0.3672819346716367,0.2652139044200724,0.00022222623665407726,0.7347860955799275,0.9901172974473818,0.16743119210208343,False,True,11
28877,2023-10-07,東京V,大分,H,東京v,大分,0.3286830527622877,0.279624908293892,0.3916920389438204,H,0.3072336293408595,0.4012182265842595,0.291548144074881,D,0.3201032833937164,0.328262235610039,0.3516344809962446,H,True,False,True,False,0,1400,2,東京V,大分,H,2023-10-07,0,13,13,1.0,H,D,A,0.3516344809962446,0.328262235610039,0.3201032833937164,0.023372245386205637,0.6798967166062836,0.999273342725045,0.16656113378847306,True,True,12
28877,2023-10-07,東京V,大分,H,東京v,大分,0.3286830527622877,0.279624908293892,0.3916920389438204,H,0.3072336293408595,0.4012182265842595,0.291548144074881,D,0.3201032833937164,0.328262235610039,0.3516344809962446,H,True,False,True,False,0,1400,7,東京V,大分,H,2023-10-07,0,13,13,1.0,H,D,A,0.3516344809962446,0.328262235610039,0.3201032833937164,0.023372245386205637,0.6798967166062836,0.999273342725045,0.16656113378847306,True,True,13
29237,2023-10-15,カマタマーレ讃岐,ガイナーレ鳥取,A,讃岐,鳥取,0.2732994536796351,0.3039002756429947,0.4228002706773701,H,0.1587614809261851,0.1342288406523006,0.7070096784215143,H,0.2274842645782551,0.236031701646717,0.5364840337750278,H,False,False,False,True,0,1402,12,讃岐,鳥取,A,2023-10-14,0,13,13,1.0,H,D,A,0.5364840337750278,0.236031701646717,0.2274842645782551,0.30045233212831085,0.7725157354217449,0.9208786626133126,0.3624003989210088,False,False,1
29238,2023-10-15,愛媛FC,ギラヴァンツ北九州,H,愛媛,北九州,0.291105113295164,0.2616091564125146,0.4472857302923215,H,0.3156819348622873,0.2843764428221384,0.3999416223155743,H,0.3009358419220133,0.2707160709763641,0.4283480871016226,H,True,True,True,True,0,1402,3,愛媛,北九州,H,2023-10-14,0,13,13,1.0,H,A,D,0.4283480871016226,0.3009358419220133,0.2707160709763641,0.1274122451796093,0.7292839290236359,0.98149595979574,0.2410517330494454,True,True,2
29238,2023-10-15,愛媛FC,ギラヴァンツ北九州,H,愛媛,北九州,0.291105113295164,0.2616091564125146,0.4472857302923215,H,0.3156819348622873,0.2843764428221384,0.3999416223155743,H,0.3009358419220133,0.2707160709763641,0.4283480871016226,H,True,True,True,True,0,1402,8,愛媛,北九州,H,2023-10-14,0,13,13,1.0,H,A,D,0.4283480871016226,0.3009358419220133,0.2707160709763641,0.1274122451796093,0.7292839290236359,0.98149595979574,0.2410517330494454,True,True,3
29233,2023-10-15,ヴァンラーレ八戸,鹿児島ユナイテッドFC,H,八戸,鹿児島,0.3243082524494831,0.3429774776097685,0.3327142699407485,D,0.5016202312380106,0.281223032434116,0.2171567363278733,A,0.3952330439648941,0.3182756995395075,0.2864912564955984,A,False,False,False,False,0,1402,11,八戸,鹿児島,H,2023-10-14,0,13,13,1.0,A,D,H,0.3952330439648941,0.3182756995395075,0.2864912564955984,0.0769573444253866,0.7135087435044016,0.9916039759527706,0.20646914514253356,False,False,4
29235,2023-10-15,富山,アスルクラロ沼津,A,富山,沼津,0.3157678153187197,0.3028889251610647,0.3813432595202156,H,0.3449056658584857,0.2680360171574188,0.3870583169840955,H,0.32742295553462614,0.28894776195960636,0.3836292825057676,H,False,False,False,True,0,1402,13,富山,沼津,A,2023-10-14,0,13,13,1.0,H,A,D,0.3836292825057676,0.32742295553462614,0.28894776195960636,0.056206326971141474,0.7110522380403937,0.9938418846966259,0.19353701462816975,False,True,5
29234,2023-10-15,松本山雅FC,AC長野パルセイロ,H,松本,長野,0.287296317455714,0.2987001613060733,0.4140035212382127,H,0.1431413806319545,0.4854580936134314,0.3714005257546141,D,0.2296343427262102,0.3734033342290165,0.3969623230447733,H,True,False,True,False,0,1402,2,松本,長野,H,2023-10-14,0,13,13,1.0,H,D,A,0.3969623230447733,0.3734033342290165,0.2296343427262102,0.0235589888157568,0.7703656572737898,0.9761866301012176,0.19164136543541932,True,True,6
29234,2023-10-15,松本山雅FC,AC長野パルセイロ,H,松本,長野,0.287296317455714,0.2987001613060733,0.4140035212382127,H,0.1431413806319545,0.4854580936134314,0.3714005257546141,D,0.2296343427262102,0.3734033342290165,0.3969623230447733,H,True,False,True,False,0,1402,7,松本,長野,H,2023-10-14,0,13,13,1.0,H,D,A,0.3969623230447733,0.3734033342290165,0.2296343427262102,0.0235589888157568,0.7703656572737898,0.9761866301012176,0.19164136543541932,True,True,7
29231,2023-10-14,いわてグルージャ盛岡,FC琉球,D,岩手,琉球,0.4016822352061553,0.2580277115832403,0.3402900532106043,A,0.4010328386234192,0.1216124863206533,0.4773546750559275,H,0.4014224765730609,0.20346162147820546,0.3951159019487337,A,False,False,False,False,0,1402,1,岩手,琉球,D,2023-10-14,0,13,13,1.0,A,H,D,0.4014224765730609,0.3951159019487337,0.20346162147820546,0.00630657462432721,0.7965383785217945,0.9623570935097832,0.19037599687443532,False,False,8
29231,2023-10-14,いわてグルージャ盛岡,FC琉球,D,岩手,琉球,0.4016822352061553,0.2580277115832403,0.3402900532106043,A,0.4010328386234192,0.1216124863206533,0.4773546750559275,H,0.4014224765730609,0.20346162147820546,0.3951159019487337,A,False,False,False,False,0,1402,6,岩手,琉球,D,2023-10-14,0,13,13,1.0,A,H,D,0.4014224765730609,0.3951159019487337,0.20346162147820546,0.00630657462432721,0.7965383785217945,0.9623570935097832,0.19037599687443532,False,False,9
29240,2023-10-15,テゲバジャーロ宮崎,SC相模原,D,宮崎,相模原,0.3192044841656338,0.2833819304587157,0.3974135853756506,H,0.4083153973094145,0.2589167025739937,0.3327679001165918,A,0.3548488494231461,0.2735958393048269,0.3715553112720271,H,False,False,False,False,0,1402,4,宮崎,相模原,D,2023-10-14,0,13,13,1.0,H,A,D,0.3715553112720271,0.3548488494231461,0.2735958393048269,0.016706461848881027,0.7264041606951732,0.9922658874730971,0.17459397422490114,False,False,10
29240,2023-10-15,テゲバジャーロ宮崎,SC相模原,D,宮崎,相模原,0.3192044841656338,0.2833819304587157,0.3974135853756506,H,0.4083153973094145,0.2589167025739937,0.3327679001165918,A,0.3548488494231461,0.2735958393048269,0.3715553112720271,H,False,False,False,False,0,1402,9,宮崎,相模原,D,2023-10-14,0,13,13,1.0,H,A,D,0.3715553112720271,0.3548488494231461,0.2735958393048269,0.016706461848881027,0.7264041606951732,0.9922658874730971,0.17459397422490114,False,False,11
29236,2023-10-15,FC大阪,FC岐阜,D,fc大阪,岐阜,0.3292401266596121,0.2897292697489069,0.3810306035914809,H,0.3593860493453469,0.3155798384631516,0.3250341121915015,A,0.341298495733906,0.3000694972346048,0.3586320070314892,H,False,False,False,False,0,1402,5,FC大阪,岐阜,D,2023-10-14,0,13,13,1.0,H,A,D,0.3586320070314892,0.341298495733906,0.3000694972346048,0.01733351129758315,0.6999305027653953,0.9974978347352763,0.16795156517126897,False,False,12
29236,2023-10-15,FC大阪,FC岐阜,D,fc大阪,岐阜,0.3292401266596121,0.2897292697489069,0.3810306035914809,H,0.3593860493453469,0.3155798384631516,0.3250341121915015,A,0.341298495733906,0.3000694972346048,0.3586320070314892,H,False,False,False,False,0,1402,10,FC大阪,岐阜,D,2023-10-14,0,13,13,1.0,H,A,D,0.3586320070314892,0.341298495733906,0.3000694972346048,0.01733351129758315,0.6999305027653953,0.9974978347352763,0.16795156517126897,False,False,13
28888,2023-10-21,いわきFC,清水,A,いわき,清水,0.4290788992089204,0.2979771159469899,0.2729439848440897,A,0.4566524397645772,0.2410766485155167,0.302270911719906,A,0.4401083154311831,0.2752169289744006,0.2846747555944162,A,True,True,True,True,0,1404,5,いわき,清水,A,2023-10-21,0,13,13,1.0,A,H,D,0.4401083154311831,0.2846747555944162,0.2752169289744006,0.15543355983676693,0.7247830710255994,0.9775635735363445,0.25693777317963196,True,True,1
28888,2023-10-21,いわきFC,清水,A,いわき,清水,0.4290788992089204,0.2979771159469899,0.2729439848440897,A,0.4566524397645772,0.2410766485155167,0.302270911719906,A,0.4401083154311831,0.2752169289744006,0.2846747555944162,A,True,True,True,True,0,1404,10,いわき,清水,A,2023-10-21,0,13,13,1.0,A,H,D,0.4401083154311831,0.2846747555944162,0.2752169289744006,0.15543355983676693,0.7247830710255994,0.9775635735363445,0.25693777317963196,True,True,2
28431,2023-10-21,横浜FM,札幌,H,横浜fm,札幌,0.2741478555436897,0.3052202016296847,0.4206319428266256,H,0.3291236751208891,0.2306170697493269,0.440259255129784,H,0.29613818337456954,0.27537894887754155,0.42848286774788896,H,True,True,True,True,0,1404,1,横浜FM,札幌,H,2023-10-21,0,13,13,1.0,H,A,D,0.42848286774788896,0.29613818337456954,0.27537894887754155,0.13234468437331942,0.7246210511224584,0.9818304502940659,0.24277183995839863,True,True,3
28431,2023-10-21,横浜FM,札幌,H,横浜fm,札幌,0.2741478555436897,0.3052202016296847,0.4206319428266256,H,0.3291236751208891,0.2306170697493269,0.440259255129784,H,0.29613818337456954,0.27537894887754155,0.42848286774788896,H,True,True,True,True,0,1404,6,横浜FM,札幌,H,2023-10-21,0,13,13,1.0,H,A,D,0.42848286774788896,0.29613818337456954,0.27537894887754155,0.13234468437331942,0.7246210511224584,0.9818304502940659,0.24277183995839863,True,True,4
28897,2023-10-22,熊本,町田,A,熊本,町田,0.3217851215953267,0.3413420432804511,0.3368728351242222,D,0.2326598481854337,0.2826365792567307,0.4847035725578355,H,0.2861350122313695,0.3178598576709629,0.3960051300976676,H,False,False,False,False,0,1404,3,熊本,町田,A,2023-10-21,0,13,13,1.0,H,D,A,0.3960051300976676,0.3178598576709629,0.2861350122313695,0.07814527242670466,0.7138649877686305,0.9914165316986056,0.20726984755357591,False,False,5
28897,2023-10-22,熊本,町田,A,熊本,町田,0.3217851215953267,0.3413420432804511,0.3368728351242222,D,0.2326598481854337,0.2826365792567307,0.4847035725578355,H,0.2861350122313695,0.3178598576709629,0.3960051300976676,H,False,False,False,False,0,1404,8,熊本,町田,A,2023-10-21,0,13,13,1.0,H,D,A,0.3960051300976676,0.3178598576709629,0.2861350122313695,0.07814527242670466,0.7138649877686305,0.9914165316986056,0.20726984755357591,False,False,6
28891,2023-10-22,栃木SC,大分,D,栃木sc,大分,0.3453529558215468,0.3228046834050607,0.3318423607733923,A,0.4599242055858973,0.3454467251877172,0.1946290692263854,A,0.391181455727287,0.3318615001181233,0.2769570441545896,A,False,False,False,True,0,1404,4,栃木,大分,D,2023-10-21,0,13,13,1.0,A,D,H,0.391181455727287,0.3318615001181233,0.2769570441545896,0.0593199556091637,0.7230429558454103,0.9910643088601616,0.19858077776845412,False,True,7
28891,2023-10-22,栃木SC,大分,D,栃木sc,大分,0.3453529558215468,0.3228046834050607,0.3318423607733923,A,0.4599242055858973,0.3454467251877172,0.1946290692263854,A,0.391181455727287,0.3318615001181233,0.2769570441545896,A,False,False,False,True,0,1404,9,栃木,大分,D,2023-10-21,0,13,13,1.0,A,D,H,0.391181455727287,0.3318615001181233,0.2769570441545896,0.0593199556091637,0.7230429558454103,0.9910643088601616,0.19858077776845412,False,True,8
28426,2023-10-21,京都,湘南,A,京都,湘南,0.4048144687496957,0.2238877751801791,0.3712977560701252,A,0.4122309728713924,0.1285612352049898,0.4592077919236177,H,0.4077810703983744,0.18575715919010333,0.4064617704115223,A,True,False,True,False,0,1404,2,京都,湘南,A,2023-10-21,0,13,13,1.0,A,H,D,0.4077810703983744,0.4064617704115223,0.18575715919010333,0.001319299986852096,0.8142428408098967,0.9506547954689886,0.19383227758086902,True,True,9
28426,2023-10-21,京都,湘南,A,京都,湘南,0.4048144687496957,0.2238877751801791,0.3712977560701252,A,0.4122309728713924,0.1285612352049898,0.4592077919236177,H,0.4077810703983744,0.18575715919010333,0.4064617704115223,A,True,False,True,False,0,1404,7,京都,湘南,A,2023-10-21,0,13,13,1.0,A,H,D,0.4077810703983744,0.4064617704115223,0.18575715919010333,0.001319299986852096,0.8142428408098967,0.9506547954689886,0.19383227758086902,True,True,10
28893,2023-10-22,ツエーゲン金沢,山形,A,金沢,山形,0.3439371212748056,0.2875926062195317,0.3684702725056625,H,0.3809323097606889,0.2429706522525481,0.376097037986763,A,0.358735196669159,0.2697438246327383,0.3715209786981027,H,False,True,False,False,0,1404,12,金沢,山形,A,2023-10-21,0,13,13,1.0,H,A,D,0.3715209786981027,0.358735196669159,0.2697438246327383,0.012785782028943704,0.7302561753672616,0.9913114568568859,0.17339717275289934,False,True,11
28889,2023-10-22,秋田,仙台,A,秋田,仙台,0.3080234885216588,0.338348320280458,0.3536281911978831,H,0.2684431833343612,0.3906800833053794,0.3408767333602593,D,0.29219136644673976,0.3592810254904267,0.34852760806283356,D,False,False,False,False,0,1404,11,秋田,仙台,A,2023-10-21,0,13,13,1.0,D,H,A,0.3592810254904267,0.34852760806283356,0.29219136644673976,0.010753417427593115,0.7078086335532603,0.9963806469221911,0.1661640281859114,False,False,12
28896,2023-10-22,徳島,磐田,A,徳島,磐田,0.3168431403232218,0.3188982363780537,0.3642586232987246,H,0.3702041652158774,0.3569838696018372,0.2728119651822854,A,0.338187550280284,0.3341324896675671,0.3276799600521489,A,False,True,True,False,0,1404,13,徳島,磐田,A,2023-10-21,0,13,13,1.0,A,D,H,0.338187550280284,0.3341324896675671,0.3276799600521489,0.004055060612716932,0.6723200399478511,0.9999232246849178,0.1536190239035952,True,True,13
28902,2023-10-28,仙台,レノファ山口FC,D,仙台,山口,0.3250086441760719,0.2743915996650132,0.4005997561589149,H,0.2794599985710878,0.1971363938242255,0.5234036076046867,H,0.3067891859340783,0.2434895173286981,0.4497212967372236,H,False,False,False,True,0,1405,11,仙台,山口,D,2023-10-28,0,13,13,1.0,H,A,D,0.4497212967372236,0.3067891859340783,0.2434895173286981,0.14293211080314533,0.7565104826713018,0.9701858021871447,0.25836366187542253,False,False,1
28898,2023-10-28,清水,熊本,A,清水,熊本,0.3044371705785187,0.3190774288004567,0.3764854006210246,H,0.2523980760925503,0.2614347945050263,0.4861671294024234,H,0.2836215327841314,0.2960203750822845,0.4203580921335841,H,False,False,False,True,0,1405,5,清水,熊本,A,2023-10-28,0,13,13,1.0,H,D,A,0.4203580921335841,0.2960203750822845,0.2836215327841314,0.12433771705129959,0.7163784672158686,0.9849260435178786,0.235694133724492,False,False,2
28898,2023-10-28,清水,熊本,A,清水,熊本,0.3044371705785187,0.3190774288004567,0.3764854006210246,H,0.2523980760925503,0.2614347945050263,0.4861671294024234,H,0.2836215327841314,0.2960203750822845,0.4203580921335841,H,False,False,False,True,0,1405,10,清水,熊本,A,2023-10-28,0,13,13,1.0,H,D,A,0.4203580921335841,0.2960203750822845,0.2836215327841314,0.12433771705129959,0.7163784672158686,0.9849260435178786,0.235694133724492,False,False,3
28903,2023-10-29,山形,ザスパクサツ群馬,H,山形,群馬,0.3424907207637784,0.2880287882298816,0.36948049100634,H,0.5049123707803485,0.1925694066853925,0.3025182225342591,A,0.40745938077040644,0.24984503561208593,0.3426955836175077,A,True,False,False,False,0,1405,12,山形,群馬,H,2023-10-28,0,13,13,1.0,A,H,D,0.40745938077040644,0.3426955836175077,0.24984503561208593,0.06476379715289876,0.7501549643879142,0.9824516854982555,0.20953371325054637,False,True,4
28908,2023-10-29,大分,秋田,H,大分,秋田,0.3275312684682046,0.3237883897568611,0.3486803417749342,H,0.4631967409669411,0.2372605620061199,0.299542697026939,A,0.3817974574676992,0.2891772586565646,0.3290252838757361,A,True,False,False,False,0,1405,4,大分,秋田,H,2023-10-28,0,13,13,1.0,A,H,D,0.3817974574676992,0.3290252838757361,0.2891772586565646,0.05277217359196312,0.7108227413434354,0.9941245209310011,0.1914542124314515,False,True,5
28908,2023-10-29,大分,秋田,H,大分,秋田,0.3275312684682046,0.3237883897568611,0.3486803417749342,H,0.4631967409669411,0.2372605620061199,0.299542697026939,A,0.3817974574676992,0.2891772586565646,0.3290252838757361,A,True,False,False,False,0,1405,9,大分,秋田,H,2023-10-28,0,13,13,1.0,A,H,D,0.3817974574676992,0.3290252838757361,0.2891772586565646,0.05277217359196312,0.7108227413434354,0.9941245209310011,0.1914542124314515,False,True,6
28439,2023-10-28,京都,新潟,A,京都,新潟,0.2917364217233971,0.3072874372885034,0.4009761409880995,H,0.3469890072123291,0.3186622799911153,0.3343487127965555,A,0.31383745591896994,0.31183737436954817,0.37432516971148194,H,False,True,False,False,0,1405,2,京都,新潟,A,2023-10-28,0,13,13,1.0,H,A,D,0.37432516971148194,0.31383745591896994,0.31183737436954817,0.060487713792512,0.6881626256304518,0.9966201041539352,0.19029300536675905,False,True,7
28439,2023-10-28,京都,新潟,A,京都,新潟,0.2917364217233971,0.3072874372885034,0.4009761409880995,H,0.3469890072123291,0.3186622799911153,0.3343487127965555,A,0.31383745591896994,0.31183737436954817,0.37432516971148194,H,False,True,False,False,0,1405,7,京都,新潟,A,2023-10-28,0,13,13,1.0,H,A,D,0.37432516971148194,0.31383745591896994,0.31183737436954817,0.060487713792512,0.6881626256304518,0.9966201041539352,0.19029300536675905,False,True,8
28907,2023-10-29,岡山,栃木SC,D,岡山,栃木sc,0.2932712830980037,0.3279032877188103,0.378825429183186,H,0.2619197836968052,0.3765246668823371,0.3615555494208577,D,0.2807306833375243,0.3473518393842211,0.3719174772782546,H,False,True,False,False,0,1405,13,岡山,栃木,D,2023-10-28,0,13,13,1.0,H,D,A,0.3719174772782546,0.3473518393842211,0.2807306833375243,0.024565637894033487,0.7192693166624757,0.9937828134869229,0.1772042753407417,False,True,9
28435,2023-10-29,柏,川崎F,D,柏,川崎f,0.3457393098325279,0.3353777009656066,0.3188829892018656,A,0.3799163833277646,0.3339432218945011,0.2861403947777342,A,0.3594101392306226,0.3348039093371644,0.305785951432213,A,False,False,False,True,0,1405,3,柏,川崎F,D,2023-10-28,0,13,13,1.0,A,D,H,0.3594101392306226,0.3348039093371644,0.305785951432213,0.024606229893458176,0.694214048567787,0.9980260166171441,0.17074153979306173,False,True,10
28435,2023-10-29,柏,川崎F,D,柏,川崎f,0.3457393098325279,0.3353777009656066,0.3188829892018656,A,0.3799163833277646,0.3339432218945011,0.2861403947777342,A,0.3594101392306226,0.3348039093371644,0.305785951432213,A,False,False,False,True,0,1405,8,柏,川崎F,D,2023-10-28,0,13,13,1.0,A,D,H,0.3594101392306226,0.3348039093371644,0.305785951432213,0.024606229893458176,0.694214048567787,0.9980260166171441,0.17074153979306173,False,True,11
28437,2023-10-28,湘南,神戸,D,湘南,神戸,0.3354438481818775,0.302543229622704,0.3620129221954185,H,0.3563930749093194,0.3188043653063716,0.324802559784309,A,0.3438235388728543,0.30904768389617104,0.34712877723097474,H,False,False,False,False,0,1405,1,湘南,神戸,D,2023-10-28,0,13,13,1.0,H,A,D,0.34712877723097474,0.3438235388728543,0.30904768389617104,0.003305238358120466,0.690952316103829,0.998769386100491,0.15761090595918262,False,False,12
28437,2023-10-28,湘南,神戸,D,湘南,神戸,0.3354438481818775,0.302543229622704,0.3620129221954185,H,0.3563930749093194,0.3188043653063716,0.324802559784309,A,0.3438235388728543,0.30904768389617104,0.34712877723097474,H,False,False,False,False,0,1405,6,湘南,神戸,D,2023-10-28,0,13,13,1.0,H,A,D,0.34712877723097474,0.3438235388728543,0.30904768389617104,0.003305238358120466,0.690952316103829,0.998769386100491,0.15761090595918262,False,False,13
28917,2023-11-05,レノファ山口FC,町田,A,山口,町田,0.2999811550784358,0.2308840099456801,0.4691348349758841,H,0.2375346374072546,0.1719905368882612,0.5904748257044843,H,0.2750025480099634,0.2073266207227125,0.5176708312673242,H,False,False,False,True,0,1406,2,山口,町田,A,2023-11-04,0,13,13,1.0,H,A,D,0.5176708312673242,0.2750025480099634,0.2073266207227125,0.24266828325736078,0.7926733792772875,0.930341047679411,0.33181756367448995,False,True,1
28917,2023-11-05,レノファ山口FC,町田,A,山口,町田,0.2999811550784358,0.2308840099456801,0.4691348349758841,H,0.2375346374072546,0.1719905368882612,0.5904748257044843,H,0.2750025480099634,0.2073266207227125,0.5176708312673242,H,False,False,False,True,0,1406,7,山口,町田,A,2023-11-04,0,13,13,1.0,H,A,D,0.5176708312673242,0.2750025480099634,0.2073266207227125,0.24266828325736078,0.7926733792772875,0.930341047679411,0.33181756367448995,False,True,2
28910,2023-11-04,いわきFC,山形,A,いわき,山形,0.4540700872867143,0.2635816417269541,0.2823482709863317,A,0.5292118199830173,0.2760974743837785,0.1946907056332042,A,0.4841267803652355,0.2685879747896839,0.2472852448450807,A,True,True,True,True,0,1406,1,いわき,山形,A,2023-11-04,0,13,13,1.0,A,D,H,0.4841267803652355,0.2685879747896839,0.2472852448450807,0.2155388055755516,0.7527147551549194,0.9555502776299776,0.3021855775898035,True,True,3
28910,2023-11-04,いわきFC,山形,A,いわき,山形,0.4540700872867143,0.2635816417269541,0.2823482709863317,A,0.5292118199830173,0.2760974743837785,0.1946907056332042,A,0.4841267803652355,0.2685879747896839,0.2472852448450807,A,True,True,True,True,0,1406,6,いわき,山形,A,2023-11-04,0,13,13,1.0,A,D,H,0.4841267803652355,0.2685879747896839,0.2472852448450807,0.2155388055755516,0.7527147551549194,0.9555502776299776,0.3021855775898035,True,True,4
29270,2023-11-05,鹿児島ユナイテッドFC,奈良クラブ,D,鹿児島,奈良,0.268957440811851,0.3261049263124813,0.4049376328756677,H,0.220825169295434,0.2614737951745323,0.5177010355300337,H,0.2497045322052842,0.3002524738573017,0.4500429939374141,H,False,False,False,True,0,1406,12,鹿児島,奈良,D,2023-11-04,0,13,13,1.0,H,D,A,0.4500429939374141,0.3002524738573017,0.2497045322052842,0.1497905200801124,0.7502954677947158,0.9712455615673664,0.2606969169864024,False,True,5
29264,2023-11-04,FC琉球,富山,A,琉球,富山,0.3967451475293431,0.2830410398961824,0.3202138125744745,A,0.4884406738811701,0.1271993228294619,0.3843600032893681,A,0.4334233580700739,0.2207043530694942,0.345872288860432,A,True,True,True,True,0,1406,13,琉球,富山,A,2023-11-04,0,13,13,1.0,A,H,D,0.4334233580700739,0.345872288860432,0.2207043530694942,0.08755106920964195,0.7792956469305059,0.9676172039829283,0.23215994455832228,True,True,6
28914,2023-11-05,ザスパクサツ群馬,千葉,A,群馬,千葉,0.290361585801975,0.3130086472334658,0.3966297669645592,H,0.1683539691241583,0.3698091879796236,0.461836842896218,H,0.2415585391308483,0.3357288635319289,0.4227125973372227,H,False,False,False,True,0,1406,3,群馬,千葉,A,2023-11-04,0,13,13,1.0,H,D,A,0.4227125973372227,0.3357288635319289,0.2415585391308483,0.08698373380529384,0.7584414608691517,0.9772167869517224,0.2252216182432586,False,False,7
28914,2023-11-05,ザスパクサツ群馬,千葉,A,群馬,千葉,0.290361585801975,0.3130086472334658,0.3966297669645592,H,0.1683539691241583,0.3698091879796236,0.461836842896218,H,0.2415585391308483,0.3357288635319289,0.4227125973372227,H,False,False,False,True,0,1406,8,群馬,千葉,A,2023-11-04,0,13,13,1.0,H,D,A,0.4227125973372227,0.3357288635319289,0.2415585391308483,0.08698373380529384,0.7584414608691517,0.9772167869517224,0.2252216182432586,False,False,8
28915,2023-11-05,東京V,栃木SC,H,東京v,栃木sc,0.2869233405807579,0.3232810577253776,0.3897956016938645,H,0.2396785307940928,0.3246587745053295,0.4356626947005776,H,0.2680254166660919,0.3238321444373583,0.4081424388965498,H,True,True,True,True,0,1406,5,東京V,栃木,H,2023-11-04,0,13,13,1.0,H,D,A,0.4081424388965498,0.3238321444373583,0.2680254166660919,0.08431029445919147,0.7319745833339081,0.9865034198135353,0.21587201660145736,True,True,9
28915,2023-11-05,東京V,栃木SC,H,東京v,栃木sc,0.2869233405807579,0.3232810577253776,0.3897956016938645,H,0.2396785307940928,0.3246587745053295,0.4356626947005776,H,0.2680254166660919,0.3238321444373583,0.4081424388965498,H,True,True,True,True,0,1406,10,東京V,栃木,H,2023-11-04,0,13,13,1.0,H,D,A,0.4081424388965498,0.3238321444373583,0.2680254166660919,0.08431029445919147,0.7319745833339081,0.9865034198135353,0.21587201660145736,True,True,10
28918,2023-11-04,清水,大宮,H,清水,大宮,0.34331383961758,0.3049109894853988,0.3517751708970211,H,0.3355597381864201,0.2574151163022519,0.407025145511328,H,0.34021219904511607,0.2859126402121401,0.37387516074274385,H,True,True,True,True,0,1406,11,清水,大宮,H,2023-11-04,0,13,13,1.0,H,A,D,0.37387516074274385,0.34021219904511607,0.2859126402121401,0.03366296169762778,0.7140873597878599,0.9945502548949646,0.1811158079494115,True,True,11
28916,2023-11-05,岡山,秋田,A,岡山,秋田,0.3373231334564436,0.3297010733970964,0.33297579314646,A,0.4260254626794434,0.3793557473527351,0.1946187899678215,A,0.37280406514564357,0.34956294297935186,0.27763299187500456,A,True,True,True,True,0,1406,4,岡山,秋田,A,2023-11-04,0,13,13,1.0,A,D,H,0.37280406514564357,0.34956294297935186,0.27763299187500456,0.023241122166291706,0.7223670081249954,0.9931042791813244,0.17727536623747686,True,True,12
28916,2023-11-05,岡山,秋田,A,岡山,秋田,0.3373231334564436,0.3297010733970964,0.33297579314646,A,0.4260254626794434,0.3793557473527351,0.1946187899678215,A,0.37280406514564357,0.34956294297935186,0.27763299187500456,A,True,True,True,True,0,1406,9,岡山,秋田,A,2023-11-04,0,13,13,1.0,A,D,H,0.37280406514564357,0.34956294297935186,0.27763299187500456,0.023241122166291706,0.7223670081249954,0.9931042791813244,0.17727536623747686,True,True,13
28446,2023-11-12,横浜FM,C大阪,H,横浜fm,c大阪,0.2858520679110363,0.3049732885653323,0.4091746435236315,H,0.2124609019654188,0.1967186919991275,0.5908204060354537,H,0.2564956015327893,0.2616714499388504,0.4818329485283603,H,True,True,True,True,0,1407,2,横浜FM,C大阪,H,2023-11-11,0,13,13,1.0,H,D,A,0.4818329485283603,0.2616714499388504,0.2564956015327893,0.2201614985895099,0.7435043984672107,0.9572322672592473,0.30243489789224115,True,True,1
28446,2023-11-12,横浜FM,C大阪,H,横浜fm,c大阪,0.2858520679110363,0.3049732885653323,0.4091746435236315,H,0.2124609019654188,0.1967186919991275,0.5908204060354537,H,0.2564956015327893,0.2616714499388504,0.4818329485283603,H,True,True,True,True,0,1407,7,横浜FM,C大阪,H,2023-11-11,0,13,13,1.0,H,D,A,0.4818329485283603,0.2616714499388504,0.2564956015327893,0.2201614985895099,0.7435043984672107,0.9572322672592473,0.30243489789224115,True,True,2
28444,2023-11-12,浦和,神戸,A,浦和,神戸,0.3914359592328997,0.2524158324604293,0.3561482083066709,A,0.6205893715695739,0.1999253019932477,0.1794853264371783,A,0.4830973241675694,0.2314196202735567,0.2854830555588738,A,True,True,True,True,0,1407,4,浦和,神戸,A,2023-11-11,0,13,13,1.0,A,H,D,0.4830973241675694,0.2854830555588738,0.2314196202735567,0.19761426860869558,0.7685803797264432,0.9539606088716522,0.2957666681141192,True,True,3
28444,2023-11-12,浦和,神戸,A,浦和,神戸,0.3914359592328997,0.2524158324604293,0.3561482083066709,A,0.6205893715695739,0.1999253019932477,0.1794853264371783,A,0.4830973241675694,0.2314196202735567,0.2854830555588738,A,True,True,True,True,0,1407,9,浦和,神戸,A,2023-11-11,0,13,13,1.0,A,H,D,0.4830973241675694,0.2854830555588738,0.2314196202735567,0.19761426860869558,0.7685803797264432,0.9539606088716522,0.2957666681141192,True,True,4
28448,2023-11-11,新潟,FC東京,D,新潟,fc東京,0.4446886805094103,0.2697003545460136,0.2856109649445761,A,0.4584515938137136,0.3361749687398028,0.2053734374464835,A,0.4501938458311316,0.2962902002235293,0.2535159539453391,A,False,False,False,True,0,1407,1,新潟,FC東京,D,2023-11-11,0,13,13,1.0,A,D,H,0.4501938458311316,0.2962902002235293,0.2535159539453391,0.15390364560760228,0.7464840460546609,0.9717792701039721,0.2620976525658756,False,True,5
28448,2023-11-11,新潟,FC東京,D,新潟,fc東京,0.4446886805094103,0.2697003545460136,0.2856109649445761,A,0.4584515938137136,0.3361749687398028,0.2053734374464835,A,0.4501938458311316,0.2962902002235293,0.2535159539453391,A,False,False,False,True,0,1407,6,新潟,FC東京,D,2023-11-11,0,13,13,1.0,A,D,H,0.4501938458311316,0.2962902002235293,0.2535159539453391,0.15390364560760228,0.7464840460546609,0.9717792701039721,0.2620976525658756,False,True,6
28445,2023-11-12,川崎F,京都,D,川崎f,京都,0.3544936123767215,0.2585144409302825,0.3869919466929961,H,0.2682484159297612,0.2058897464310018,0.525861837639237,H,0.3199955337979374,0.2374645631305702,0.4425399030714925,H,False,False,False,True,0,1407,3,川崎F,京都,D,2023-11-11,0,13,13,1.0,H,A,D,0.4425399030714925,0.3199955337979374,0.2374645631305702,0.12254436927355511,0.7625354368694299,0.9710426069140289,0.24782496424511016,False,False,7
28445,2023-11-12,川崎F,京都,D,川崎f,京都,0.3544936123767215,0.2585144409302825,0.3869919466929961,H,0.2682484159297612,0.2058897464310018,0.525861837639237,H,0.3199955337979374,0.2374645631305702,0.4425399030714925,H,False,False,False,True,0,1407,8,川崎F,京都,D,2023-11-11,0,13,13,1.0,H,A,D,0.4425399030714925,0.3199955337979374,0.2374645631305702,0.12254436927355511,0.7625354368694299,0.9710426069140289,0.24782496424511016,False,False,8
28920,2023-11-12,仙台,町田,A,仙台,町田,0.341000851180654,0.2787874153252142,0.3802117334941317,H,0.3211801171679952,0.1924358768093155,0.4863840060226893,H,0.33307255757559057,0.24424679991885473,0.42268064250555476,H,False,False,False,True,0,1407,11,仙台,町田,A,2023-11-11,0,13,13,1.0,H,A,D,0.42268064250555476,0.33307255757559057,0.24424679991885473,0.0896080849299642,0.7557532000811453,0.978005850787806,0.2259679486954259,False,True,9
28928,2023-11-12,藤枝MYFC,いわきFC,A,藤枝,いわき,0.3986509610095,0.2079363178468641,0.3934127211436359,A,0.4814380026800507,0.0985228041237267,0.4200391931962226,A,0.4317657776777203,0.1641709123576091,0.4040633099646706,A,True,True,True,True,0,1407,13,藤枝,いわき,A,2023-11-11,0,13,13,1.0,A,H,D,0.4317657776777203,0.4040633099646706,0.1641709123576091,0.027702467713049683,0.8358290876423908,0.9333732694044926,0.217315809773643,True,True,10
28930,2023-11-12,大分,ザスパクサツ群馬,H,大分,群馬,0.3377185462959294,0.2252023997277678,0.4370790539763028,H,0.537186389551523,0.0876989492624385,0.3751146611860386,A,0.41750568359816687,0.17020101954163602,0.41229329686019717,A,True,False,False,False,0,1407,5,大分,群馬,H,2023-11-11,0,13,13,1.0,A,H,D,0.41750568359816687,0.41229329686019717,0.17020101954163602,0.005212386737969699,0.8297989804583641,0.9387854800050017,0.20194479697646414,False,True,11
28930,2023-11-12,大分,ザスパクサツ群馬,H,大分,群馬,0.3377185462959294,0.2252023997277678,0.4370790539763028,H,0.537186389551523,0.0876989492624385,0.3751146611860386,A,0.41750568359816687,0.17020101954163602,0.41229329686019717,A,True,False,False,False,0,1407,10,大分,群馬,H,2023-11-11,0,13,13,1.0,A,H,D,0.41750568359816687,0.41229329686019717,0.17020101954163602,0.005212386737969699,0.8297989804583641,0.9387854800050017,0.20194479697646414,False,True,12
28927,2023-11-12,ツエーゲン金沢,岡山,D,金沢,岡山,0.3070767972310376,0.3587637631299946,0.3341594396389679,D,0.3218558541425088,0.4061187639856529,0.2720253818718384,D,0.3129884199956261,0.3777057634722579,0.3093058165321161,D,True,True,True,True,0,1407,12,金沢,岡山,D,2023-11-11,0,13,13,1.0,D,A,H,0.3777057634722579,0.3129884199956261,0.3093058165321161,0.06471734347663183,0.690694183467884,0.9960387465642763,0.19341091446648195,True,True,13
29296,2023-11-26,カマタマーレ讃岐,松本山雅FC,D,讃岐,松本,0.4168361313947038,0.2930766808896854,0.2900871877156109,A,0.5101225561608294,0.2615136676294506,0.22836377620972,A,0.454150701301154,0.2804514755855914,0.2653978231132545,A,False,False,False,True,0,1412,4,讃岐,松本,D,2023-11-25,0,13,13,1.0,A,D,H,0.454150701301154,0.2804514755855914,0.2653978231132545,0.17369922571556257,0.7346021768867455,0.97130103259621,0.2709023380667242,False,True,1
29296,2023-11-26,カマタマーレ讃岐,松本山雅FC,D,讃岐,松本,0.4168361313947038,0.2930766808896854,0.2900871877156109,A,0.5101225561608294,0.2615136676294506,0.22836377620972,A,0.454150701301154,0.2804514755855914,0.2653978231132545,A,False,False,False,True,0,1412,9,讃岐,松本,D,2023-11-25,0,13,13,1.0,A,D,H,0.454150701301154,0.2804514755855914,0.2653978231132545,0.17369922571556257,0.7346021768867455,0.97130103259621,0.2709023380667242,False,True,2
29295,2023-11-26,奈良クラブ,ガイナーレ鳥取,A,奈良,鳥取,0.283971307526345,0.2932691561348277,0.4227595363388274,H,0.3116287281055296,0.1751327525011956,0.5132385193932748,H,0.2950342757580188,0.2460145946813748,0.4589511295606063,H,False,False,False,True,0,1412,5,奈良,鳥取,A,2023-11-25,0,13,13,1.0,H,A,D,0.4589511295606063,0.2950342757580188,0.2460145946813748,0.16391685380258747,0.7539854053186251,0.96719853397338,0.27045920033850246,False,True,3
29295,2023-11-26,奈良クラブ,ガイナーレ鳥取,A,奈良,鳥取,0.283971307526345,0.2932691561348277,0.4227595363388274,H,0.3116287281055296,0.1751327525011956,0.5132385193932748,H,0.2950342757580188,0.2460145946813748,0.4589511295606063,H,False,False,False,True,0,1412,10,奈良,鳥取,A,2023-11-25,0,13,13,1.0,H,A,D,0.4589511295606063,0.2950342757580188,0.2460145946813748,0.16391685380258747,0.7539854053186251,0.96719853397338,0.27045920033850246,False,True,4
28452,2023-11-25,FC東京,札幌,A,fc東京,札幌,0.2860939260147694,0.3323892805813571,0.3815167934038734,H,0.3015260954160336,0.2485397362962515,0.4499341682877149,H,0.29226679377527515,0.29884946286731484,0.40888374335741,H,False,False,False,True,0,1412,2,FC東京,札幌,A,2023-11-25,0,13,13,1.0,H,D,A,0.40888374335741,0.29884946286731484,0.29226679377527515,0.11003428049009517,0.7077332062247248,0.9886505153574215,0.22477957961088352,False,False,5
28452,2023-11-25,FC東京,札幌,A,fc東京,札幌,0.2860939260147694,0.3323892805813571,0.3815167934038734,H,0.3015260954160336,0.2485397362962515,0.4499341682877149,H,0.29226679377527515,0.29884946286731484,0.40888374335741,H,False,False,False,True,0,1412,7,FC東京,札幌,A,2023-11-25,0,13,13,1.0,H,D,A,0.40888374335741,0.29884946286731484,0.29226679377527515,0.11003428049009517,0.7077332062247248,0.9886505153574215,0.22477957961088352,False,False,6
29298,2023-11-26,ギラヴァンツ北九州,福島ユナイテッドFC,A,北九州,福島,0.3376907121394277,0.3320498416852547,0.3302594461753174,A,0.5247444261758544,0.2818872652768949,0.1933683085472507,A,0.41251219775399844,0.31198481112191084,0.27550299112409077,A,True,True,True,True,0,1412,11,北九州,福島,A,2023-11-25,0,13,13,1.0,A,D,H,0.41251219775399844,0.31198481112191084,0.27550299112409077,0.1005273866320876,0.7244970088759093,0.9865554341291173,0.22350398748470648,True,True,7
29300,2023-11-26,鹿児島ユナイテッドFC,アスルクラロ沼津,H,鹿児島,沼津,0.3469643654369002,0.3106473990636221,0.3423882354994777,A,0.4596797147358262,0.2668951299829823,0.2734251552811914,A,0.3920505051564706,0.29314649143136623,0.31480300341216316,A,False,False,False,True,0,1412,3,鹿児島,沼津,H,2023-11-25,0,13,13,1.0,A,H,D,0.3920505051564706,0.31480300341216316,0.29314649143136623,0.07724750174430745,0.7068535085686338,0.9927698360318163,0.2049053857245561,False,True,8
29300,2023-11-26,鹿児島ユナイテッドFC,アスルクラロ沼津,H,鹿児島,沼津,0.3469643654369002,0.3106473990636221,0.3423882354994777,A,0.4596797147358262,0.2668951299829823,0.2734251552811914,A,0.3920505051564706,0.29314649143136623,0.31480300341216316,A,False,False,False,True,0,1412,8,鹿児島,沼津,H,2023-11-25,0,13,13,1.0,A,H,D,0.3920505051564706,0.31480300341216316,0.29314649143136623,0.07724750174430745,0.7068535085686338,0.9927698360318163,0.2049053857245561,False,True,9
29299,2023-11-26,テゲバジャーロ宮崎,富山,A,宮崎,富山,0.3648633096043693,0.2424643742727818,0.3926723161228488,H,0.4130385161753362,0.1713950120499263,0.4155664717747374,H,0.3841333922327561,0.2140366293836396,0.4018299783836043,H,False,False,False,True,0,1412,13,宮崎,富山,A,2023-11-25,0,13,13,1.0,H,A,D,0.4018299783836043,0.3841333922327561,0.2140366293836396,0.01769658615084818,0.7859633706163605,0.9683535176589616,0.19334659189362646,False,True,10
28451,2023-11-25,柏,鳥栖,D,柏,鳥栖,0.28510213086119,0.3625792424414374,0.3523186266973725,D,0.2527073518087133,0.3967053742572168,0.3505872739340699,D,0.2721442192401993,0.3762296951677492,0.3516260855920514,D,True,True,True,True,0,1412,1,柏,鳥栖,D,2023-11-25,0,13,13,1.0,D,H,A,0.3762296951677492,0.3516260855920514,0.2721442192401993,0.024603609575697793,0.7278557807598005,0.9916830196738311,0.17957802224221514,True,True,11
28451,2023-11-25,柏,鳥栖,D,柏,鳥栖,0.28510213086119,0.3625792424414374,0.3523186266973725,D,0.2527073518087133,0.3967053742572168,0.3505872739340699,D,0.2721442192401993,0.3762296951677492,0.3516260855920514,D,True,True,True,True,0,1412,6,柏,鳥栖,D,2023-11-25,0,13,13,1.0,D,H,A,0.3762296951677492,0.3516260855920514,0.2721442192401993,0.024603609575697793,0.7278557807598005,0.9916830196738311,0.17957802224221514,True,True,12
29297,2023-11-26,愛媛FC,ヴァンラーレ八戸,A,愛媛,八戸,0.3112360706389485,0.309445010993157,0.3793189183678945,H,0.3462121196049806,0.3595395344520221,0.2942483459429973,D,0.3252264902253614,0.32948282037670307,0.34529068939793567,H,False,False,False,False,0,1412,12,愛媛,八戸,A,2023-11-25,0,13,13,1.0,H,D,A,0.34529068939793567,0.32948282037670307,0.3252264902253614,0.0158078690212326,0.6747735097746388,0.9996962856458125,0.16097430725733997,False,False,13
29310,2023-12-02,ガイナーレ鳥取,鹿児島ユナイテッドFC,D,鳥取,鹿児島,0.3632208230534102,0.1962180651343473,0.4405611118122425,H,0.2775099440418548,0.1778746341129162,0.5446154218452289,H,0.32893647144878807,0.18888069272577482,0.48218283582543714,H,False,False,False,True,0,1413,5,鳥取,鹿児島,D,2023-12-02,0,13,13,1.0,H,A,D,0.48218283582543714,0.32893647144878807,0.18888069272577482,0.15324636437664907,0.8111193072742252,0.9396008096088337,0.28269834173150715,False,False,1
29310,2023-12-02,ガイナーレ鳥取,鹿児島ユナイテッドFC,D,鳥取,鹿児島,0.3632208230534102,0.1962180651343473,0.4405611118122425,H,0.2775099440418548,0.1778746341129162,0.5446154218452289,H,0.32893647144878807,0.18888069272577482,0.48218283582543714,H,False,False,False,True,0,1413,11,鳥取,鹿児島,D,2023-12-02,0,13,13,1.0,H,A,D,0.48218283582543714,0.32893647144878807,0.18888069272577482,0.15324636437664907,0.8111193072742252,0.9396008096088337,0.28269834173150715,False,False,2
29302,2023-12-02,いわてグルージャ盛岡,カマタマーレ讃岐,H,岩手,讃岐,0.3165420321322342,0.258358538546014,0.4250994293217517,H,0.3089423532780357,0.1806766076594614,0.5103810390625029,H,0.3135021605905548,0.2272857661913929,0.4592120732180522,H,True,True,True,True,0,1413,12,岩手,讃岐,H,2023-12-02,0,13,13,1.0,H,A,D,0.4592120732180522,0.3135021605905548,0.2272857661913929,0.14570991262749738,0.772714233808607,0.9628144232375735,0.2650810177202329,True,True,3
29306,2023-12-02,富山,Y.S.C.C.横浜,H,富山,ys横浜,0.2789369278929691,0.287239470532339,0.4338236015746919,H,0.338997041488029,0.1771164147607645,0.4838865437512065,H,0.30296097333099303,0.24319024822370922,0.45384877844529775,H,True,True,True,True,0,1413,13,富山,YS横浜,H,2023-12-02,0,13,13,1.0,H,A,D,0.45384877844529775,0.30296097333099303,0.24319024822370922,0.15088780511430472,0.7568097517762908,0.9686467373775244,0.26331333461488576,True,True,4
28460,2023-12-03,札幌,浦和,A,札幌,浦和,0.3950664571163279,0.2849968931424024,0.3199366497412696,A,0.5171350049619957,0.2727760422620336,0.2100889527759706,A,0.4438938762545951,0.28010855279025487,0.27599757095515004,A,True,True,True,True,0,1413,1,札幌,浦和,A,2023-12-02,0,13,13,1.0,A,D,H,0.4438938762545951,0.28010855279025487,0.27599757095515004,0.16378532346434022,0.7240024290448499,0.9760370556282426,0.2618696964014383,True,True,5
28460,2023-12-03,札幌,浦和,A,札幌,浦和,0.3950664571163279,0.2849968931424024,0.3199366497412696,A,0.5171350049619957,0.2727760422620336,0.2100889527759706,A,0.4438938762545951,0.28010855279025487,0.27599757095515004,A,True,True,True,True,0,1413,7,札幌,浦和,A,2023-12-02,0,13,13,1.0,A,D,H,0.4438938762545951,0.28010855279025487,0.27599757095515004,0.16378532346434022,0.7240024290448499,0.9760370556282426,0.2618696964014383,True,True,6
28465,2023-12-03,京都,横浜FM,H,京都,横浜fm,0.3903935929896732,0.329712937369245,0.2798934696410817,A,0.5326705456817339,0.2282694249188502,0.2390600293994159,A,0.4473043740664976,0.28913553238908707,0.26356009354441534,A,False,False,False,True,0,1413,4,京都,横浜FM,H,2023-12-02,0,13,13,1.0,A,D,H,0.4473043740664976,0.28913553238908707,0.26356009354441534,0.15816884167741052,0.7364399064555847,0.9740384948560131,0.261838363945815,False,False,7
28465,2023-12-03,京都,横浜FM,H,京都,横浜fm,0.3903935929896732,0.329712937369245,0.2798934696410817,A,0.5326705456817339,0.2282694249188502,0.2390600293994159,A,0.4473043740664976,0.28913553238908707,0.26356009354441534,A,False,False,False,True,0,1413,10,京都,横浜FM,H,2023-12-02,0,13,13,1.0,A,D,H,0.4473043740664976,0.28913553238908707,0.26356009354441534,0.15816884167741052,0.7364399064555847,0.9740384948560131,0.261838363945815,False,False,8
28462,2023-12-03,湘南,FC東京,A,湘南,fc東京,0.3159739091707076,0.2896581887921864,0.394367902037106,H,0.2838952089325658,0.3483684219323844,0.3677363691350498,H,0.30314242907545086,0.31314228204826566,0.38371528887628353,H,False,False,False,True,0,1413,2,湘南,FC東京,A,2023-12-02,0,13,13,1.0,H,D,A,0.38371528887628353,0.31314228204826566,0.30314242907545086,0.07057300682801787,0.6968575709245493,0.9948446516239536,0.19840350205934312,False,False,9
28462,2023-12-03,湘南,FC東京,A,湘南,fc東京,0.3159739091707076,0.2896581887921864,0.394367902037106,H,0.2838952089325658,0.3483684219323844,0.3677363691350498,H,0.30314242907545086,0.31314228204826566,0.38371528887628353,H,False,False,False,True,0,1413,8,湘南,FC東京,A,2023-12-02,0,13,13,1.0,H,D,A,0.38371528887628353,0.31314228204826566,0.30314242907545086,0.07057300682801787,0.6968575709245493,0.9948446516239536,0.19840350205934312,False,False,10
28463,2023-12-03,新潟,C大阪,H,新潟,c大阪,0.2958819685854819,0.3409037004623187,0.3632143309521994,H,0.2844953268048952,0.319245341337216,0.3962593318578888,H,0.29132731187324723,0.33224035681227765,0.37643233131447523,H,True,True,True,True,0,1413,3,新潟,C大阪,H,2023-12-02,0,13,13,1.0,H,D,A,0.37643233131447523,0.33224035681227765,0.29132731187324723,0.044191974502197584,0.7086726881267529,0.9950476392782029,0.18585221231164242,True,True,11
28463,2023-12-03,新潟,C大阪,H,新潟,c大阪,0.2958819685854819,0.3409037004623187,0.3632143309521994,H,0.2844953268048952,0.319245341337216,0.3962593318578888,H,0.29132731187324723,0.33224035681227765,0.37643233131447523,H,True,True,True,True,0,1413,9,新潟,C大阪,H,2023-12-02,0,13,13,1.0,H,D,A,0.37643233131447523,0.33224035681227765,0.29132731187324723,0.044191974502197584,0.7086726881267529,0.9950476392782029,0.18585221231164242,True,True,12
28467,2023-12-03,福岡,広島,A,福岡,広島,0.2788294085100059,0.3558108003372052,0.3653597911527888,H,0.1970003943245833,0.3990058454149723,0.4039937602604444,H,0.2460978028358369,0.373088818368312,0.3808133787958511,H,False,False,False,True,0,1413,6,福岡,広島,A,2023-12-02,0,13,13,1.0,H,D,A,0.3808133787958511,0.373088818368312,0.2460978028358369,0.007724560427539107,0.7539021971641631,0.9835435253344103,0.17736091154088962,False,False,13
30057,2024-02-25,徳島,甲府,A,徳島,甲府,0.3367825725508499,0.2665710737865108,0.3966463536626393,H,0.3121968973234245,0.0793751302323593,0.6084279724442163,H,0.3269483024598797,0.1916926963648502,0.4813590011752701,H,False,False,False,True,0,1431,4,徳島,甲府,A,2024-02-24,0,13,13,1.0,H,A,D,0.4813590011752701,0.3269483024598797,0.1916926963648502,0.15441069871539037,0.8083073036351498,0.9412824632139437,0.2823988024364694,False,True,1
30057,2024-02-25,徳島,甲府,A,徳島,甲府,0.3367825725508499,0.2665710737865108,0.3966463536626393,H,0.3121968973234245,0.0793751302323593,0.6084279724442163,H,0.3269483024598797,0.1916926963648502,0.4813590011752701,H,False,False,False,True,0,1431,9,徳島,甲府,A,2024-02-24,0,13,13,1.0,H,A,D,0.4813590011752701,0.3269483024598797,0.1916926963648502,0.15441069871539037,0.8083073036351498,0.9412824632139437,0.2823988024364694,False,True,2
30439,2024-02-25,東京V,横浜FM,A,東京v,横浜fm,0.4306689971364707,0.2809605005929135,0.2883705022706158,A,0.4638563987958957,0.3102338972314271,0.2259097039726771,A,0.4439439578002407,0.2926698592483189,0.2633861829514403,A,True,True,True,True,0,1431,3,東京V,横浜FM,A,2024-02-24,0,13,13,1.0,A,D,H,0.4439439578002407,0.2926698592483189,0.2633861829514403,0.1512740985519218,0.7366138170485597,0.9753273610704141,0.25765524328919814,True,True,3
30439,2024-02-25,東京V,横浜FM,A,東京v,横浜fm,0.4306689971364707,0.2809605005929135,0.2883705022706158,A,0.4638563987958957,0.3102338972314271,0.2259097039726771,A,0.4439439578002407,0.2926698592483189,0.2633861829514403,A,True,True,True,True,0,1431,8,東京V,横浜FM,A,2024-02-24,0,13,13,1.0,A,D,H,0.4439439578002407,0.2926698592483189,0.2633861829514403,0.1512740985519218,0.7366138170485597,0.9753273610704141,0.25765524328919814,True,True,4
30438,2024-02-25,柏,京都,D,柏,京都,0.3682150169126061,0.2507220766432089,0.381062906444185,H,0.4293402173820264,0.2690940885583271,0.3015656940596466,A,0.3926650971003742,0.2580708814092562,0.3492640214903696,A,False,False,False,False,0,1431,2,柏,京都,D,2024-02-24,0,13,13,1.0,A,H,D,0.3926650971003742,0.3492640214903696,0.2580708814092562,0.043401075610004614,0.7419291185907438,0.9867224009504078,0.19454518996858847,False,False,5
30438,2024-02-25,柏,京都,D,柏,京都,0.3682150169126061,0.2507220766432089,0.381062906444185,H,0.4293402173820264,0.2690940885583271,0.3015656940596466,A,0.3926650971003742,0.2580708814092562,0.3492640214903696,A,False,False,False,False,0,1431,7,柏,京都,D,2024-02-24,0,13,13,1.0,A,H,D,0.3926650971003742,0.3492640214903696,0.2580708814092562,0.043401075610004614,0.7419291185907438,0.9867224009504078,0.19454518996858847,False,False,6
30052,2024-02-25,愛媛FC,秋田,H,愛媛,秋田,0.3742227116754203,0.3058725171937554,0.3199047711308241,A,0.274226295169081,0.2528774518557269,0.4728962529751921,H,0.33422414507288467,0.28467449105854403,0.38110136386857135,H,False,True,True,False,0,1431,12,愛媛,秋田,H,2024-02-24,0,13,13,1.0,H,A,D,0.38110136386857135,0.33422414507288467,0.28467449105854403,0.04687721879568668,0.7153255089414561,0.9936198217201855,0.18917867597531035,True,True,7
30055,2024-02-25,群馬,鹿児島ユナイテッドFC,D,群馬,鹿児島,0.343085465191974,0.2788974095269784,0.3780171252810476,H,0.4625234499118774,0.1651018744059349,0.3723746756821878,A,0.3908606590799354,0.233379195478561,0.3757601454415036,A,False,False,False,False,0,1431,13,群馬,鹿児島,D,2024-02-24,0,13,13,1.0,A,H,D,0.3908606590799354,0.3757601454415036,0.233379195478561,0.01510051363843179,0.766620804521439,0.978106345456259,0.1855512072681703,False,False,8
30053,2024-02-25,岡山,栃木SC,H,岡山,栃木sc,0.3958230534665221,0.3217613160318793,0.2824156305015987,A,0.3319273873257717,0.4701135251210661,0.1979590875531622,D,0.3702647870102219,0.381102199667554,0.2486330133222241,D,False,False,False,False,0,1431,5,岡山,栃木,H,2024-02-24,0,13,13,1.0,D,A,H,0.381102199667554,0.3702647870102219,0.2486330133222241,0.010837412657332068,0.7513669866777759,0.9844766226569589,0.17839375974907373,False,False,9
30053,2024-02-25,岡山,栃木SC,H,岡山,栃木sc,0.3958230534665221,0.3217613160318793,0.2824156305015987,A,0.3319273873257717,0.4701135251210661,0.1979590875531622,D,0.3702647870102219,0.381102199667554,0.2486330133222241,D,False,False,False,False,0,1431,10,岡山,栃木,H,2024-02-24,0,13,13,1.0,D,A,H,0.381102199667554,0.3702647870102219,0.2486330133222241,0.010837412657332068,0.7513669866777759,0.9844766226569589,0.17839375974907373,False,False,10
30433,2024-02-24,福岡,札幌,D,福岡,札幌,0.3272637791871112,0.3025410321813824,0.3701951886315064,H,0.399962352350198,0.2812666046875938,0.3187710429622081,A,0.35634320845234596,0.29403126118386697,0.34962553036378713,A,False,False,False,False,0,1431,1,福岡,札幌,D,2024-02-24,0,13,13,1.0,A,H,D,0.35634320845234596,0.34962553036378713,0.29403126118386697,0.006717678088558832,0.7059687388161331,0.9967393809124659,0.1633577549520581,False,False,11
30433,2024-02-24,福岡,札幌,D,福岡,札幌,0.3272637791871112,0.3025410321813824,0.3701951886315064,H,0.399962352350198,0.2812666046875938,0.3187710429622081,A,0.35634320845234596,0.29403126118386697,0.34962553036378713,A,False,False,False,False,0,1431,6,福岡,札幌,D,2024-02-24,0,13,13,1.0,A,H,D,0.35634320845234596,0.34962553036378713,0.29403126118386697,0.006717678088558832,0.7059687388161331,0.9967393809124659,0.1633577549520581,False,False,12
30054,2024-02-25,熊本,清水,A,熊本,清水,0.3000398193064387,0.3555992350329551,0.344360945660606,D,0.3745683060343607,0.2864210106860412,0.339010683279598,A,0.32985121399760753,0.32792794529418956,0.34222084070820286,H,False,True,False,False,0,1431,11,熊本,清水,A,2024-02-24,0,13,13,1.0,H,A,D,0.34222084070820286,0.32985121399760753,0.32792794529418956,0.012369626710595327,0.6720720547058103,0.999836375340168,0.15836147259936606,False,True,13
30444,2024-03-02,京都,湘南,A,京都,湘南,0.2567341461210886,0.3222837141069677,0.4209821397719437,H,0.234705443335376,0.2412350442465399,0.5240595124180841,H,0.24792266500680352,0.28986424616279666,0.46221308883039985,H,False,False,False,True,0,1433,1,京都,湘南,A,2024-03-02,0,13,13,1.0,H,D,A,0.46221308883039985,0.28986424616279666,0.24792266500680352,0.1723488426676032,0.7520773349931965,0.9661434605135554,0.27508929280462996,False,False,1
30444,2024-03-02,京都,湘南,A,京都,湘南,0.2567341461210886,0.3222837141069677,0.4209821397719437,H,0.234705443335376,0.2412350442465399,0.5240595124180841,H,0.24792266500680352,0.28986424616279666,0.46221308883039985,H,False,False,False,True,0,1433,6,京都,湘南,A,2024-03-02,0,13,13,1.0,H,D,A,0.46221308883039985,0.28986424616279666,0.24792266500680352,0.1723488426676032,0.7520773349931965,0.9661434605135554,0.27508929280462996,False,False,2
30447,2024-03-02,FC東京,広島,D,fc東京,広島,0.3072318278575967,0.2480306981630334,0.4447374739793699,H,0.3264842172459709,0.1835241469328204,0.4899916358212087,H,0.3149327836129464,0.2222280776709482,0.4628391387161054,H,False,False,False,True,0,1433,2,FC東京,広島,D,2024-03-02,0,13,13,1.0,H,A,D,0.4628391387161054,0.3149327836129464,0.2222280776709482,0.14790635510315897,0.7777719223290518,0.9600061016083298,0.26804361638668717,False,False,3
30447,2024-03-02,FC東京,広島,D,fc東京,広島,0.3072318278575967,0.2480306981630334,0.4447374739793699,H,0.3264842172459709,0.1835241469328204,0.4899916358212087,H,0.3149327836129464,0.2222280776709482,0.4628391387161054,H,False,False,False,True,0,1433,7,FC東京,広島,D,2024-03-02,0,13,13,1.0,H,A,D,0.4628391387161054,0.3149327836129464,0.2222280776709482,0.14790635510315897,0.7777719223290518,0.9600061016083298,0.26804361638668717,False,False,4
30061,2024-03-02,千葉,藤枝MYFC,H,千葉,藤枝,0.3965143955276269,0.2884685526857569,0.3150170517866162,A,0.4952085464298434,0.2996981688749583,0.2050932846951982,A,0.43599205588851353,0.29296039916143746,0.27104754495004907,A,False,False,False,True,0,1433,13,千葉,藤枝,H,2024-03-02,0,13,13,1.0,A,D,H,0.43599205588851353,0.29296039916143746,0.27104754495004907,0.14303165672707607,0.728952455049951,0.9789125415416561,0.2504749966959765,False,False,5
30065,2024-03-03,いわきFC,岡山,D,いわき,岡山,0.3030504377511634,0.3600688530739801,0.3368807091748564,D,0.209123369163938,0.5044071470985518,0.2864694837375101,D,0.26547961031627326,0.41780417068380893,0.31671621899991786,D,True,True,True,True,0,1433,4,いわき,岡山,D,2024-03-02,0,13,13,1.0,D,H,A,0.41780417068380893,0.31671621899991786,0.26547961031627326,0.10108795168389106,0.7345203896837268,0.9838441400679444,0.22662383188348703,True,True,6
30065,2024-03-03,いわきFC,岡山,D,いわき,岡山,0.3030504377511634,0.3600688530739801,0.3368807091748564,D,0.209123369163938,0.5044071470985518,0.2864694837375101,D,0.26547961031627326,0.41780417068380893,0.31671621899991786,D,True,True,True,True,0,1433,9,いわき,岡山,D,2024-03-02,0,13,13,1.0,D,H,A,0.41780417068380893,0.31671621899991786,0.26547961031627326,0.10108795168389106,0.7345203896837268,0.9838441400679444,0.22662383188348703,True,True,7
30449,2024-03-03,浦和,東京V,D,浦和,東京v,0.3370616667313989,0.2565047504439042,0.4064335828246969,H,0.3178192114129384,0.2698166815942173,0.4123641069928442,H,0.32936468460401475,0.26182952290402944,0.40880579249195587,H,False,False,False,True,0,1433,3,浦和,東京V,D,2024-03-02,0,13,13,1.0,H,A,D,0.40880579249195587,0.32936468460401475,0.26182952290402944,0.07944110788794112,0.7381704770959706,0.9851880217536325,0.21472939003143304,False,False,8
30449,2024-03-03,浦和,東京V,D,浦和,東京v,0.3370616667313989,0.2565047504439042,0.4064335828246969,H,0.3178192114129384,0.2698166815942173,0.4123641069928442,H,0.32936468460401475,0.26182952290402944,0.40880579249195587,H,False,False,False,True,0,1433,8,浦和,東京V,D,2024-03-02,0,13,13,1.0,H,A,D,0.40880579249195587,0.32936468460401475,0.26182952290402944,0.07944110788794112,0.7381704770959706,0.9851880217536325,0.21472939003143304,False,False,9
30062,2024-03-02,清水,愛媛FC,H,清水,愛媛,0.307225006569333,0.2993880865605934,0.3933869068700736,H,0.3279864334133217,0.2814572585432572,0.390556308043421,H,0.3155295773069285,0.2922157553536589,0.3922546673394126,H,True,True,True,True,0,1433,12,清水,愛媛,H,2024-03-02,0,13,13,1.0,H,A,D,0.3922546673394126,0.3155295773069285,0.2922157553536589,0.07672509003248412,0.7077842446463412,0.9926665147624035,0.20483507886162441,True,True,10
30059,2024-03-02,V・ファーレン長崎,仙台,A,長崎,仙台,0.351865115283386,0.2754816252328523,0.3726532594837616,H,0.3575874973322583,0.2736644624672612,0.3687480402004805,H,0.3541540681029349,0.2747547601266159,0.3710911717704492,H,False,False,False,True,0,1433,5,長崎,仙台,A,2024-03-02,0,13,13,1.0,H,A,D,0.3710911717704492,0.3541540681029349,0.2747547601266159,0.016937103667514275,0.7252452398733842,0.99255652422957,0.17440770873441816,False,True,11
30059,2024-03-02,V・ファーレン長崎,仙台,A,長崎,仙台,0.351865115283386,0.2754816252328523,0.3726532594837616,H,0.3575874973322583,0.2736644624672612,0.3687480402004805,H,0.3541540681029349,0.2747547601266159,0.3710911717704492,H,False,False,False,True,0,1433,10,長崎,仙台,A,2024-03-02,0,13,13,1.0,H,A,D,0.3710911717704492,0.3541540681029349,0.2747547601266159,0.016937103667514275,0.7252452398733842,0.99255652422957,0.17440770873441816,False,True,12
30066,2024-03-03,レノファ山口FC,秋田,H,山口,秋田,0.2803700231392835,0.3400275854999298,0.3796023913607866,H,0.3305564144200606,0.3884994350889356,0.2809441504910037,D,0.30044457965159443,0.35941632533553214,0.3401390950128735,D,True,False,False,False,0,1433,11,山口,秋田,H,2024-03-02,0,13,13,1.0,D,H,A,0.35941632533553214,0.3401390950128735,0.30044457965159443,0.019277230322658656,0.6995554203484056,0.9975036346877001,0.16898365007637997,False,True,13
30069,2024-03-09,いわきFC,鹿児島ユナイテッドFC,H,いわき,鹿児島,0.3101065471565056,0.2185395121458205,0.4713539406976739,H,0.3364339123889364,0.0881713850252566,0.575394702585807,H,0.32063749324947793,0.16639226129759493,0.5129702454529272,H,True,True,True,True,0,1435,5,いわき,鹿児島,H,2024-03-09,0,13,13,1.0,H,A,D,0.5129702454529272,0.32063749324947793,0.16639226129759493,0.1923327522034493,0.8336077387024052,0.9152848249094476,0.315096108743135,True,True,1
30069,2024-03-09,いわきFC,鹿児島ユナイテッドFC,H,いわき,鹿児島,0.3101065471565056,0.2185395121458205,0.4713539406976739,H,0.3364339123889364,0.0881713850252566,0.575394702585807,H,0.32063749324947793,0.16639226129759493,0.5129702454529272,H,True,True,True,True,0,1435,10,いわき,鹿児島,H,2024-03-09,0,13,13,1.0,H,A,D,0.5129702454529272,0.32063749324947793,0.16639226129759493,0.1923327522034493,0.8336077387024052,0.9152848249094476,0.315096108743135,True,True,2
30075,2024-03-10,岡山,レノファ山口FC,H,岡山,山口,0.258875955601334,0.343034150172979,0.3980898942256869,H,0.1725272475996543,0.2163110668797331,0.6111616855206126,H,0.22433647240066215,0.29234491685568065,0.4833186107436573,H,True,True,True,True,0,1435,13,岡山,山口,H,2024-03-09,0,13,13,1.0,H,D,A,0.4833186107436573,0.29234491685568065,0.22433647240066215,0.19097369388797664,0.775663527599338,0.952326823204623,0.293868803054513,True,True,3
30073,2024-03-10,仙台,水戸,H,仙台,水戸,0.4231136025708525,0.2696768286334016,0.3072095687957459,A,0.4795804334618133,0.3076520669891275,0.2127674995490592,A,0.4457003349272368,0.2848669239756919,0.2694327410970712,A,False,False,False,True,0,1435,11,仙台,水戸,H,2024-03-09,0,13,13,1.0,A,D,H,0.4457003349272368,0.2848669239756919,0.2694327410970712,0.1608334109515449,0.7305672589029287,0.9750800915426295,0.26184082624177135,False,False,4
30074,2024-03-10,藤枝MYFC,大分,A,藤枝,大分,0.402219666840992,0.294265972231521,0.303514360927487,A,0.4947178207981943,0.2157737288029106,0.289508450398895,A,0.43921892842387295,0.2628690748600769,0.29791199671605023,A,True,True,True,True,0,1435,4,藤枝,大分,A,2024-03-09,0,13,13,1.0,A,H,D,0.43921892842387295,0.29791199671605023,0.2628690748600769,0.1413069317078227,0.7371309251399232,0.9770038130994664,0.2517051812685875,True,True,5
30074,2024-03-10,藤枝MYFC,大分,A,藤枝,大分,0.402219666840992,0.294265972231521,0.303514360927487,A,0.4947178207981943,0.2157737288029106,0.289508450398895,A,0.43921892842387295,0.2628690748600769,0.29791199671605023,A,True,True,True,True,0,1435,9,藤枝,大分,A,2024-03-09,0,13,13,1.0,A,H,D,0.43921892842387295,0.29791199671605023,0.2628690748600769,0.1413069317078227,0.7371309251399232,0.9770038130994664,0.2517051812685875,True,True,6
30454,2024-03-09,FC東京,神戸,A,fc東京,神戸,0.3032467035365963,0.2589571247863815,0.4377961716770222,H,0.329403418245294,0.2505546558503221,0.4200419259043839,H,0.3137093894200755,0.25559613721195773,0.4306944733679669,H,False,False,False,True,0,1435,2,FC東京,神戸,A,2024-03-09,0,13,13,1.0,H,A,D,0.4306944733679669,0.3137093894200755,0.25559613721195773,0.11698508394789142,0.7444038627880424,0.9786446056817312,0.23902837126100088,False,True,7
30454,2024-03-09,FC東京,神戸,A,fc東京,神戸,0.3032467035365963,0.2589571247863815,0.4377961716770222,H,0.329403418245294,0.2505546558503221,0.4200419259043839,H,0.3137093894200755,0.25559613721195773,0.4306944733679669,H,False,False,False,True,0,1435,7,FC東京,神戸,A,2024-03-09,0,13,13,1.0,H,A,D,0.4306944733679669,0.3137093894200755,0.25559613721195773,0.11698508394789142,0.7444038627880424,0.9786446056817312,0.23902837126100088,False,True,8
30455,2024-03-09,広島,鳥栖,H,広島,鳥栖,0.2522353707815081,0.3395822711588169,0.4081823580596749,H,0.1562992496965553,0.5452307202782215,0.2984700300252232,D,0.213860922347527,0.4218416508065787,0.3642974268458942,D,True,False,False,False,0,1435,1,広島,鳥栖,H,2024-03-09,0,13,13,1.0,D,H,A,0.4218416508065787,0.3642974268458942,0.213860922347527,0.05754422396068448,0.7861390776524729,0.9665188649064359,0.21666544826791279,False,True,9
30455,2024-03-09,広島,鳥栖,H,広島,鳥栖,0.2522353707815081,0.3395822711588169,0.4081823580596749,H,0.1562992496965553,0.5452307202782215,0.2984700300252232,D,0.213860922347527,0.4218416508065787,0.3642974268458942,D,True,False,False,False,0,1435,6,広島,鳥栖,H,2024-03-09,0,13,13,1.0,D,H,A,0.4218416508065787,0.3642974268458942,0.213860922347527,0.05754422396068448,0.7861390776524729,0.9665188649064359,0.21666544826791279,False,True,10
30459,2024-03-10,札幌,浦和,A,札幌,浦和,0.3374672504722347,0.3335453457645846,0.3289874037631806,A,0.3369348287501609,0.4286700624452764,0.2343951088045628,D,0.3372542817834052,0.3715952324368613,0.2911504857797335,D,True,False,False,False,0,1435,3,札幌,浦和,A,2024-03-09,0,13,13,1.0,D,A,H,0.3715952324368613,0.3372542817834052,0.2911504857797335,0.034340950653456104,0.7088495142202665,0.9955135981939921,0.18013446768649882,False,True,11
30459,2024-03-10,札幌,浦和,A,札幌,浦和,0.3374672504722347,0.3335453457645846,0.3289874037631806,A,0.3369348287501609,0.4286700624452764,0.2343951088045628,D,0.3372542817834052,0.3715952324368613,0.2911504857797335,D,True,False,False,False,0,1435,8,札幌,浦和,A,2024-03-09,0,13,13,1.0,D,A,H,0.3715952324368613,0.3372542817834052,0.2911504857797335,0.034340950653456104,0.7088495142202665,0.9955135981939921,0.18013446768649882,False,True,12
30072,2024-03-09,徳島,秋田,A,徳島,秋田,0.346636514624042,0.3264148666682416,0.3269486187077164,A,0.3521771359765631,0.2791521938306258,0.3686706701928111,H,0.3488527631650504,0.3075097975331953,0.3436374393017543,A,True,False,True,False,0,1435,12,徳島,秋田,A,2024-03-09,0,13,13,1.0,A,H,D,0.3488527631650504,0.3436374393017543,0.3075097975331953,0.005215323863296095,0.6924902024668047,0.998597678260382,0.1590895711243499,True,True,13
30466,2024-03-16,東京V,新潟,D,東京v,新潟,0.4612690160522659,0.2347280968730447,0.3040028870746893,A,0.5248320832701198,0.1323110878076779,0.3428568289222024,A,0.4866942429394075,0.19376129324689795,0.31954446381369456,A,False,False,False,True,0,1437,2,東京V,新潟,D,2024-03-16,0,13,13,1.0,A,H,D,0.4866942429394075,0.31954446381369456,0.19376129324689795,0.16714977912571294,0.806238706753102,0.9402954532572214,0.2894557413652886,False,False,1
30466,2024-03-16,東京V,新潟,D,東京v,新潟,0.4612690160522659,0.2347280968730447,0.3040028870746893,A,0.5248320832701198,0.1323110878076779,0.3428568289222024,A,0.4866942429394075,0.19376129324689795,0.31954446381369456,A,False,False,False,True,0,1437,7,東京V,新潟,D,2024-03-16,0,13,13,1.0,A,H,D,0.4866942429394075,0.31954446381369456,0.19376129324689795,0.16714977912571294,0.806238706753102,0.9402954532572214,0.2894557413652886,False,False,2
30080,2024-03-16,山形,甲府,A,山形,甲府,0.3265202700553272,0.2441481019518113,0.4293316279928614,H,0.2646130394614529,0.2438250077869178,0.4915619527516293,H,0.3017573778177775,0.2440188642858539,0.4542237578963686,H,False,False,False,True,0,1437,12,山形,甲府,A,2024-03-16,0,13,13,1.0,H,A,D,0.4542237578963686,0.3017573778177775,0.2440188642858539,0.1524663800785911,0.7559811357141462,0.9686709369957027,0.2640297366817322,False,True,3
30085,2024-03-16,藤枝MYFC,岡山,A,藤枝,岡山,0.2138235297651199,0.3777387714213663,0.4084376988135138,H,0.1355410741205206,0.5237064146967079,0.3407525111827716,D,0.18251054750728013,0.43612582873150296,0.38136362376121696,D,False,False,False,False,0,1437,13,藤枝,岡山,A,2024-03-16,0,13,13,1.0,D,H,A,0.43612582873150296,0.38136362376121696,0.18251054750728013,0.054762204970286,0.8174894524927199,0.9466342292673154,0.22609654881531335,False,False,4
30467,2024-03-17,京都,横浜FM,A,京都,横浜fm,0.3703224902707272,0.3142925704967039,0.3153849392325689,A,0.4800414647094324,0.2003277862804124,0.3196307490101552,A,0.4142100800462093,0.2687066568101873,0.3170832631436034,A,True,True,True,True,0,1437,3,京都,横浜FM,A,2024-03-16,0,13,13,1.0,A,H,D,0.4142100800462093,0.3170832631436034,0.2687066568101873,0.09712681690260588,0.7312933431898128,0.9852366310993635,0.22334159571683354,True,True,5
30467,2024-03-17,京都,横浜FM,A,京都,横浜fm,0.3703224902707272,0.3142925704967039,0.3153849392325689,A,0.4800414647094324,0.2003277862804124,0.3196307490101552,A,0.4142100800462093,0.2687066568101873,0.3170832631436034,A,True,True,True,True,0,1437,8,京都,横浜FM,A,2024-03-16,0,13,13,1.0,A,H,D,0.4142100800462093,0.3170832631436034,0.2687066568101873,0.09712681690260588,0.7312933431898128,0.9852366310993635,0.22334159571683354,True,True,6
30468,2024-03-17,鹿島,川崎F,H,鹿島,川崎f,0.3915932444310801,0.309884867091142,0.2985218884777778,A,0.3686577642310916,0.3214695808454568,0.3098726549234515,A,0.3824190523510847,0.314518752592868,0.3030621950560473,A,False,False,False,True,0,1437,4,鹿島,川崎F,H,2024-03-16,0,13,13,1.0,A,D,H,0.3824190523510847,0.314518752592868,0.3030621950560473,0.06790029975821671,0.6969378049439527,0.9950773305274191,0.19683821236788016,False,False,7
30468,2024-03-17,鹿島,川崎F,H,鹿島,川崎f,0.3915932444310801,0.309884867091142,0.2985218884777778,A,0.3686577642310916,0.3214695808454568,0.3098726549234515,A,0.3824190523510847,0.314518752592868,0.3030621950560473,A,False,False,False,True,0,1437,9,鹿島,川崎F,H,2024-03-16,0,13,13,1.0,A,D,H,0.3824190523510847,0.314518752592868,0.3030621950560473,0.06790029975821671,0.6969378049439527,0.9950773305274191,0.19683821236788016,False,False,8
30079,2024-03-16,秋田,仙台,D,秋田,仙台,0.3869795544462117,0.2899063536944138,0.3231140918593744,A,0.35962549195462,0.385864822101403,0.2545096859439771,D,0.376037929449575,0.3282897410572095,0.2956723294932155,A,False,True,False,False,0,1437,11,秋田,仙台,D,2024-03-16,0,13,13,1.0,A,D,H,0.376037929449575,0.3282897410572095,0.2956723294932155,0.0477481883923655,0.7043276705067845,0.9955612021330507,0.18681669376302656,False,True,9
30465,2024-03-16,鳥栖,C大阪,A,鳥栖,c大阪,0.3318998510365307,0.297135948360978,0.3709642006024912,H,0.3275627012729478,0.307158968947852,0.3652783297792001,H,0.33016499113109754,0.30114515659572766,0.36868985227317486,H,False,False,False,True,0,1437,1,鳥栖,C大阪,A,2024-03-16,0,13,13,1.0,H,A,D,0.36868985227317486,0.33016499113109754,0.30114515659572766,0.038524861142077316,0.6988548434042724,0.9968742867197138,0.180019277578713,False,True,10
30465,2024-03-16,鳥栖,C大阪,A,鳥栖,c大阪,0.3318998510365307,0.297135948360978,0.3709642006024912,H,0.3275627012729478,0.307158968947852,0.3652783297792001,H,0.33016499113109754,0.30114515659572766,0.36868985227317486,H,False,False,False,True,0,1437,6,鳥栖,C大阪,A,2024-03-16,0,13,13,1.0,H,A,D,0.36868985227317486,0.33016499113109754,0.30114515659572766,0.038524861142077316,0.6988548434042724,0.9968742867197138,0.180019277578713,False,True,11
30469,2024-03-17,湘南,浦和,D,湘南,浦和,0.3385956977994372,0.3187892034496082,0.3426150987509546,H,0.2454547538154172,0.3805453964497906,0.3739998497347922,D,0.30133932020582926,0.34349168064968116,0.3551689991444897,H,False,True,False,False,0,1437,5,湘南,浦和,D,2024-03-16,0,13,13,1.0,H,D,A,0.3551689991444897,0.34349168064968116,0.30133932020582926,0.01167731849480852,0.6986606797941708,0.9977786872602343,0.16435737363615646,False,True,12
30469,2024-03-17,湘南,浦和,D,湘南,浦和,0.3385956977994372,0.3187892034496082,0.3426150987509546,H,0.2454547538154172,0.3805453964497906,0.3739998497347922,D,0.30133932020582926,0.34349168064968116,0.3551689991444897,H,False,True,False,False,0,1437,10,湘南,浦和,D,2024-03-16,0,13,13,1.0,H,D,A,0.3551689991444897,0.34349168064968116,0.30133932020582926,0.01167731849480852,0.6986606797941708,0.9977786872602343,0.16435737363615646,False,True,13
29717,2024-03-20,FC琉球,Y.S.C.C.横浜,H,琉球,ys横浜,0.3822861390390505,0.2979939136619433,0.3197199472990061,A,0.5574685369988044,0.2318426023385502,0.2106888606626454,A,0.4523590982229521,0.271533389132586,0.2761075126444618,A,False,False,False,True,0,1438,12,琉球,YS横浜,H,2024-03-20,0,13,13,1.0,A,H,D,0.4523590982229521,0.2761075126444618,0.271533389132586,0.1762515855784903,0.7284666108674139,0.9722971710205693,0.2707902149486862,False,True,1
30089,2024-03-20,仙台,熊本,D,仙台,熊本,0.3129180806677717,0.2472263322437397,0.4398555870884885,H,0.2037379990865055,0.3441473948444682,0.4521146060690264,H,0.2692460480352652,0.2859947572840311,0.4447591946807037,H,False,False,False,True,0,1438,5,仙台,熊本,D,2024-03-20,0,13,13,1.0,H,D,A,0.4447591946807037,0.2859947572840311,0.2692460480352652,0.15876443739667256,0.7307539519647348,0.9754510954392036,0.26061897160731134,False,True,2
30089,2024-03-20,仙台,熊本,D,仙台,熊本,0.3129180806677717,0.2472263322437397,0.4398555870884885,H,0.2037379990865055,0.3441473948444682,0.4521146060690264,H,0.2692460480352652,0.2859947572840311,0.4447591946807037,H,False,False,False,True,0,1438,10,仙台,熊本,D,2024-03-20,0,13,13,1.0,H,D,A,0.4447591946807037,0.2859947572840311,0.2692460480352652,0.15876443739667256,0.7307539519647348,0.9754510954392036,0.26061897160731134,False,True,3
30097,2024-03-20,愛媛FC,V・ファーレン長崎,A,愛媛,長崎,0.3233368517788382,0.3264309397426738,0.350232208478488,H,0.1712503095054299,0.2955582864912848,0.5331914040032852,H,0.2625022348694749,0.3140818784421182,0.4234158866884069,H,False,False,False,True,0,1438,4,愛媛,長崎,A,2024-03-20,0,13,13,1.0,H,D,A,0.4234158866884069,0.3140818784421182,0.2625022348694749,0.1093340082462887,0.7374977651305251,0.9818915326055532,0.2324257453748735,False,False,4
30097,2024-03-20,愛媛FC,V・ファーレン長崎,A,愛媛,長崎,0.3233368517788382,0.3264309397426738,0.350232208478488,H,0.1712503095054299,0.2955582864912848,0.5331914040032852,H,0.2625022348694749,0.3140818784421182,0.4234158866884069,H,False,False,False,True,0,1438,9,愛媛,長崎,A,2024-03-20,0,13,13,1.0,H,D,A,0.4234158866884069,0.3140818784421182,0.2625022348694749,0.1093340082462887,0.7374977651305251,0.9818915326055532,0.2324257453748735,False,False,5
30092,2024-03-20,千葉,清水,A,千葉,清水,0.292041594099666,0.3245376292228389,0.383420776677495,H,0.2393537838581081,0.3642425909097055,0.3964036252321863,H,0.2709664700030429,0.3404196138975855,0.3886139160993715,H,False,False,False,True,0,1438,2,千葉,清水,A,2024-03-20,0,13,13,1.0,H,D,A,0.3886139160993715,0.3404196138975855,0.2709664700030429,0.048194302201786,0.729033529996957,0.9902957912829771,0.19368510975874687,False,False,6
30092,2024-03-20,千葉,清水,A,千葉,清水,0.292041594099666,0.3245376292228389,0.383420776677495,H,0.2393537838581081,0.3642425909097055,0.3964036252321863,H,0.2709664700030429,0.3404196138975855,0.3886139160993715,H,False,False,False,True,0,1438,7,千葉,清水,A,2024-03-20,0,13,13,1.0,H,D,A,0.3886139160993715,0.3404196138975855,0.2709664700030429,0.048194302201786,0.729033529996957,0.9902957912829771,0.19368510975874687,False,False,7
30094,2024-03-20,甲府,いわきFC,D,甲府,いわき,0.2623145120183572,0.3359901225533152,0.4016953654283276,H,0.1702604649501971,0.4502840706423638,0.3794554644074392,D,0.2254928931910932,0.3817077017889346,0.3927994050199722,H,False,True,False,False,0,1438,3,甲府,いわき,D,2024-03-20,0,13,13,1.0,H,D,A,0.3927994050199722,0.3817077017889346,0.2254928931910932,0.011091703231037586,0.7745071068089068,0.9744481652453838,0.18575219534077386,False,True,8
30094,2024-03-20,甲府,いわきFC,D,甲府,いわき,0.2623145120183572,0.3359901225533152,0.4016953654283276,H,0.1702604649501971,0.4502840706423638,0.3794554644074392,D,0.2254928931910932,0.3817077017889346,0.3927994050199722,H,False,True,False,False,0,1438,8,甲府,いわき,D,2024-03-20,0,13,13,1.0,H,D,A,0.3927994050199722,0.3817077017889346,0.2254928931910932,0.011091703231037586,0.7745071068089068,0.9744481652453838,0.18575219534077386,False,True,9
29713,2024-03-20,富山,ツエーゲン金沢,H,富山,金沢,0.3809084756089083,0.303845897156263,0.3152456272348287,A,0.3654106985091724,0.2771271590834578,0.3574621424073697,A,0.37470936476901395,0.29315840192714093,0.33213223330384517,A,False,False,False,True,0,1438,11,富山,金沢,H,2024-03-20,0,13,13,1.0,A,H,D,0.37470936476901395,0.33213223330384517,0.29315840192714093,0.04257713146516878,0.7068415980728591,0.9954536788432464,0.18443047439021606,False,True,10
29714,2024-03-20,奈良クラブ,ヴァンラーレ八戸,H,奈良,八戸,0.3164020491224169,0.3289977548062092,0.3546001960713739,H,0.3493554162407851,0.4089529109006099,0.241691672858605,D,0.3295833959697641,0.3609798172439695,0.3094367867862664,D,True,False,False,False,0,1438,13,奈良,八戸,H,2024-03-20,0,13,13,1.0,D,A,H,0.3609798172439695,0.3295833959697641,0.3094367867862664,0.03139642127420539,0.6905632132137336,0.9981658461697382,0.17379649597181052,False,False,11
30090,2024-03-20,秋田,栃木SC,H,秋田,栃木sc,0.3275423872486175,0.3009211141741069,0.3715364985772754,H,0.3961181083797337,0.2640851661355615,0.3397967254847048,A,0.354972675701064,0.2861867349586888,0.3588405893402472,H,True,False,True,False,0,1438,1,秋田,栃木,H,2024-03-20,0,13,13,1.0,H,A,D,0.3588405893402472,0.354972675701064,0.2861867349586888,0.003867913639183207,0.7138132650413112,0.9953184819123277,0.16376833859435982,True,True,12
30090,2024-03-20,秋田,栃木SC,H,秋田,栃木sc,0.3275423872486175,0.3009211141741069,0.3715364985772754,H,0.3961181083797337,0.2640851661355615,0.3397967254847048,A,0.354972675701064,0.2861867349586888,0.3588405893402472,H,True,False,True,False,0,1438,6,秋田,栃木,H,2024-03-20,0,13,13,1.0,H,A,D,0.3588405893402472,0.354972675701064,0.2861867349586888,0.003867913639183207,0.7138132650413112,0.9953184819123277,0.16376833859435982,True,True,13
30102,2024-03-24,栃木SC,大分,H,栃木sc,大分,0.2910317725818112,0.3883664623587421,0.3206017650594466,D,0.1251709663223726,0.6333913333038521,0.2414377003737753,D,0.2246874500780357,0.4863764107367861,0.2889361391851781,D,False,False,False,True,0,1439,6,栃木,大分,H,2024-03-23,0,13,13,1.0,D,H,A,0.4863764107367861,0.2889361391851781,0.2246874500780357,0.19744027155160804,0.7753125499219642,0.9509849236632264,0.29777649514197124,False,True,1
29721,2024-03-24,ヴァンラーレ八戸,AC長野パルセイロ,D,八戸,長野,0.2739160753417093,0.269014126460136,0.4570697981981546,H,0.272332713626395,0.3635542480820998,0.3641130382915052,H,0.27328273065558356,0.3068301751089216,0.4198870942354949,H,False,False,False,True,0,1439,13,八戸,長野,D,2024-03-23,0,13,13,1.0,H,D,A,0.4198870942354949,0.3068301751089216,0.27328273065558356,0.11305691912657334,0.7267172693444165,0.9843223269273286,0.23165464871480765,False,True,2
30104,2024-03-24,藤枝MYFC,熊本,H,藤枝,熊本,0.4225476265982225,0.2676542110319118,0.3097981623698657,A,0.3842776526132664,0.3457543451250547,0.2699680022616788,A,0.4072396370042401,0.298894264669169,0.2938660983265909,A,False,False,False,True,0,1439,7,藤枝,熊本,H,2024-03-23,0,13,13,1.0,A,D,H,0.4072396370042401,0.298894264669169,0.2938660983265909,0.10834537233507108,0.7061339016734092,0.989145096121389,0.2233496977449051,False,False,3
30106,2024-03-24,V・ファーレン長崎,甲府,D,長崎,甲府,0.3425697202871734,0.3380935842430612,0.3193366954697654,A,0.2264784437683106,0.4975471276366448,0.2759744285950445,D,0.2961332096796283,0.4018750016004946,0.3019917887198771,D,False,True,True,False,0,1439,3,長崎,甲府,D,2024-03-23,0,13,13,1.0,D,H,A,0.4018750016004946,0.3019917887198771,0.2961332096796283,0.09988321288061752,0.7038667903203717,0.9906357039772931,0.2176757344329801,True,True,4
30106,2024-03-24,V・ファーレン長崎,甲府,D,長崎,甲府,0.3425697202871734,0.3380935842430612,0.3193366954697654,A,0.2264784437683106,0.4975471276366448,0.2759744285950445,D,0.2961332096796283,0.4018750016004946,0.3019917887198771,D,False,True,True,False,0,1439,10,長崎,甲府,D,2024-03-23,0,13,13,1.0,D,H,A,0.4018750016004946,0.3019917887198771,0.2961332096796283,0.09988321288061752,0.7038667903203717,0.9906357039772931,0.2176757344329801,True,True,5
30105,2024-03-24,レノファ山口FC,愛媛FC,D,山口,愛媛,0.3087097278172253,0.2985008371981905,0.3927894349845842,H,0.3238990577633854,0.2553270477004075,0.4207738945362071,H,0.31478545979568934,0.28123132139907725,0.4039832188052333,H,False,False,False,True,0,1439,2,山口,愛媛,D,2024-03-23,0,13,13,1.0,H,A,D,0.4039832188052333,0.31478545979568934,0.28123132139907725,0.08919775900954396,0.7187686786009226,0.9892261942652923,0.21516642526263688,False,False,6
30105,2024-03-24,レノファ山口FC,愛媛FC,D,山口,愛媛,0.3087097278172253,0.2985008371981905,0.3927894349845842,H,0.3238990577633854,0.2553270477004075,0.4207738945362071,H,0.31478545979568934,0.28123132139907725,0.4039832188052333,H,False,False,False,True,0,1439,9,山口,愛媛,D,2024-03-23,0,13,13,1.0,H,A,D,0.4039832188052333,0.31478545979568934,0.28123132139907725,0.08919775900954396,0.7187686786009226,0.9892261942652923,0.21516642526263688,False,False,7
30100,2024-03-24,いわきFC,山形,D,いわき,山形,0.4008442244315903,0.2953369234107602,0.3038188521576495,A,0.3879948249788389,0.3116151876717629,0.3003899873493982,A,0.3957044646504897,0.3018482291151613,0.302447306234349,A,False,False,False,True,0,1439,1,いわき,山形,D,2024-03-23,0,13,13,1.0,A,H,D,0.3957044646504897,0.302447306234349,0.3018482291151613,0.09325715841614068,0.6981517708848387,0.9922489952287776,0.21225721549261406,False,False,8
30100,2024-03-24,いわきFC,山形,D,いわき,山形,0.4008442244315903,0.2953369234107602,0.3038188521576495,A,0.3879948249788389,0.3116151876717629,0.3003899873493982,A,0.3957044646504897,0.3018482291151613,0.302447306234349,A,False,False,False,True,0,1439,8,いわき,山形,D,2024-03-23,0,13,13,1.0,A,H,D,0.3957044646504897,0.302447306234349,0.3018482291151613,0.09325715841614068,0.6981517708848387,0.9922489952287776,0.21225721549261406,False,False,9
30108,2024-03-24,群馬,岡山,A,群馬,岡山,0.3638437303505019,0.349720359071467,0.2864359105780309,A,0.4667634379759627,0.3413269723880451,0.1919095896359922,A,0.4050116134006862,0.3463630043980983,0.2486253822012155,A,True,True,True,True,0,1439,4,群馬,岡山,A,2024-03-23,0,13,13,1.0,A,D,H,0.4050116134006862,0.3463630043980983,0.2486253822012155,0.05864860900258789,0.7513746177987846,0.9824593221865653,0.20629037474390152,True,True,10
30108,2024-03-24,群馬,岡山,A,群馬,岡山,0.3638437303505019,0.349720359071467,0.2864359105780309,A,0.4667634379759627,0.3413269723880451,0.1919095896359922,A,0.4050116134006862,0.3463630043980983,0.2486253822012155,A,True,True,True,True,0,1439,11,群馬,岡山,A,2024-03-23,0,13,13,1.0,A,D,H,0.4050116134006862,0.3463630043980983,0.2486253822012155,0.05864860900258789,0.7513746177987846,0.9824593221865653,0.20629037474390152,True,True,11
29720,2024-03-23,大宮,テゲバジャーロ宮崎,H,大宮,宮崎,0.3831686194764086,0.3016484722273513,0.31518290829624,A,0.3044427474986246,0.4137919627524597,0.2817652897489156,D,0.351678270685295,0.3465058684373947,0.3018158608773102,A,False,False,False,False,0,1439,5,大宮,宮崎,H,2024-03-23,0,13,13,1.0,A,D,H,0.351678270685295,0.3465058684373947,0.3018158608773102,0.005172402247900276,0.6981841391226897,0.9979136902340575,0.16048282454833634,False,False,12
29720,2024-03-23,大宮,テゲバジャーロ宮崎,H,大宮,宮崎,0.3831686194764086,0.3016484722273513,0.31518290829624,A,0.3044427474986246,0.4137919627524597,0.2817652897489156,D,0.351678270685295,0.3465058684373947,0.3018158608773102,A,False,False,False,False,0,1439,12,大宮,宮崎,H,2024-03-23,0,13,13,1.0,A,D,H,0.351678270685295,0.3465058684373947,0.3018158608773102,0.005172402247900276,0.6981841391226897,0.9979136902340575,0.16048282454833634,False,False,13
30478,2024-03-30,名古屋,横浜FM,H,名古屋,横浜fm,0.3566438877391059,0.238245813287041,0.4051102989738531,H,0.3363998182795892,0.1036992758958237,0.5599009058245871,H,0.3485462599552992,0.1844271983305541,0.4670265417141467,H,True,True,True,True,0,1441,4,名古屋,横浜FM,H,2024-03-30,0,13,13,1.0,H,A,D,0.4670265417141467,0.3485462599552992,0.1844271983305541,0.1184802817588475,0.8155728016694459,0.9418392542404024,0.26326219153888214,True,True,1
30478,2024-03-30,名古屋,横浜FM,H,名古屋,横浜fm,0.3566438877391059,0.238245813287041,0.4051102989738531,H,0.3363998182795892,0.1036992758958237,0.5599009058245871,H,0.3485462599552992,0.1844271983305541,0.4670265417141467,H,True,True,True,True,0,1441,9,名古屋,横浜FM,H,2024-03-30,0,13,13,1.0,H,A,D,0.4670265417141467,0.3485462599552992,0.1844271983305541,0.1184802817588475,0.8155728016694459,0.9418392542404024,0.26326219153888214,True,True,2
30473,2024-03-30,神戸,札幌,H,神戸,札幌,0.2825542610638873,0.3029230418001956,0.414522697135917,H,0.2044186317411047,0.3075952553082409,0.4879861129506544,H,0.25130000933477425,0.30479192720341375,0.44390806346181205,H,True,True,True,True,0,1441,1,神戸,札幌,H,2024-03-30,0,13,13,1.0,H,D,A,0.44390806346181205,0.30479192720341375,0.25130000933477425,0.1391161362583983,0.7486999906652259,0.9736993913070688,0.25370939798684106,True,True,3
30473,2024-03-30,神戸,札幌,H,神戸,札幌,0.2825542610638873,0.3029230418001956,0.414522697135917,H,0.2044186317411047,0.3075952553082409,0.4879861129506544,H,0.25130000933477425,0.30479192720341375,0.44390806346181205,H,True,True,True,True,0,1441,6,神戸,札幌,H,2024-03-30,0,13,13,1.0,H,D,A,0.44390806346181205,0.30479192720341375,0.25130000933477425,0.1391161362583983,0.7486999906652259,0.9736993913070688,0.25370939798684106,True,True,4
30476,2024-03-30,町田,鳥栖,H,町田,鳥栖,0.2946181614290331,0.2870703704502672,0.4183114681206998,H,0.2546140856921315,0.2896922592521229,0.4556936550557455,H,0.2786165311342725,0.2881191259710095,0.4332643428947181,H,True,True,True,True,0,1441,3,町田,鳥栖,H,2024-03-30,0,13,13,1.0,H,D,A,0.4332643428947181,0.2881191259710095,0.2786165311342725,0.14514521692370858,0.7213834688657277,0.9802956073290344,0.24971065876011428,True,True,5
30476,2024-03-30,町田,鳥栖,H,町田,鳥栖,0.2946181614290331,0.2870703704502672,0.4183114681206998,H,0.2546140856921315,0.2896922592521229,0.4556936550557455,H,0.2786165311342725,0.2881191259710095,0.4332643428947181,H,True,True,True,True,0,1441,8,町田,鳥栖,H,2024-03-30,0,13,13,1.0,H,D,A,0.4332643428947181,0.2881191259710095,0.2786165311342725,0.14514521692370858,0.7213834688657277,0.9802956073290344,0.24971065876011428,True,True,6
30114,2024-03-30,徳島,群馬,A,徳島,群馬,0.3258582709376383,0.3333300244509335,0.3408117046114282,H,0.2691626662610563,0.1650700961377775,0.5657672376011663,H,0.3031800290670055,0.2660260531256711,0.4307939178073234,H,False,False,False,True,0,1441,13,徳島,群馬,A,2024-03-30,0,13,13,1.0,H,A,D,0.4307939178073234,0.3031800290670055,0.2660260531256711,0.12761388874031793,0.7339739468743289,0.9802070779329118,0.24248070848582443,False,True,7
30474,2024-03-30,鹿島,磐田,H,鹿島,磐田,0.2875459051306107,0.2982279207108333,0.414226174158556,H,0.2178096444870493,0.327272270710621,0.4549180848023297,H,0.25965140087318617,0.30984566071074837,0.4305029384160655,H,True,True,True,True,0,1441,2,鹿島,磐田,H,2024-03-30,0,13,13,1.0,H,D,A,0.4305029384160655,0.30984566071074837,0.25965140087318617,0.12065727770531715,0.7403485991268139,0.9794051682748762,0.24007533582911525,True,True,8
30474,2024-03-30,鹿島,磐田,H,鹿島,磐田,0.2875459051306107,0.2982279207108333,0.414226174158556,H,0.2178096444870493,0.327272270710621,0.4549180848023297,H,0.25965140087318617,0.30984566071074837,0.4305029384160655,H,True,True,True,True,0,1441,7,鹿島,磐田,H,2024-03-30,0,13,13,1.0,H,D,A,0.4305029384160655,0.30984566071074837,0.25965140087318617,0.12065727770531715,0.7403485991268139,0.9794051682748762,0.24007533582911525,True,True,9
30109,2024-03-30,甲府,レノファ山口FC,A,甲府,山口,0.3519183375050535,0.2731393350526089,0.3749423274423376,H,0.4692605159629666,0.223338165847082,0.3074013181899514,A,0.3988552088882188,0.2532188673703981,0.3479259237413831,A,False,True,True,False,0,1441,5,甲府,山口,A,2024-03-30,0,13,13,1.0,A,H,D,0.3988552088882188,0.3479259237413831,0.2532188673703981,0.0509292851468357,0.7467811326296019,0.9846377394730548,0.20038254590648,True,True,10
30109,2024-03-30,甲府,レノファ山口FC,A,甲府,山口,0.3519183375050535,0.2731393350526089,0.3749423274423376,H,0.4692605159629666,0.223338165847082,0.3074013181899514,A,0.3988552088882188,0.2532188673703981,0.3479259237413831,A,False,True,True,False,0,1441,10,甲府,山口,A,2024-03-30,0,13,13,1.0,A,H,D,0.3988552088882188,0.3479259237413831,0.2532188673703981,0.0509292851468357,0.7467811326296019,0.9846377394730548,0.20038254590648,True,True,11
30110,2024-03-30,秋田,いわきFC,H,秋田,いわき,0.2857601084345612,0.3283042531869005,0.3859356383785383,H,0.2808520723392199,0.351584481881393,0.3675634457793871,H,0.2837968939964247,0.3376163446646975,0.3785867613388778,H,True,True,True,True,0,1441,11,秋田,いわき,H,2024-03-30,0,13,13,1.0,H,D,A,0.3785867613388778,0.3376163446646975,0.2837968939964247,0.04097041667418033,0.7162031060035753,0.9937676458680516,0.18595015926484781,True,True,12
30115,2024-03-30,大分,岡山,D,大分,岡山,0.335848035101143,0.3277569144633757,0.3363950504354813,H,0.1941511547528542,0.3727835874383572,0.4330652578087885,H,0.2791692829618275,0.3457675836533683,0.3750631333848042,H,False,False,False,True,0,1441,12,大分,岡山,D,2024-03-30,0,13,13,1.0,H,D,A,0.3750631333848042,0.3457675836533683,0.2791692829618275,0.029295549731435888,0.7208307170381725,0.9932651812598821,0.18037881617718804,False,True,13
30120,2024-04-03,秋田,水戸,D,秋田,水戸,0.2802726165943718,0.2751848124176224,0.4445425709880057,H,0.1931965347294764,0.2374028429453244,0.5694006223251992,H,0.24544218384841363,0.26007202462870327,0.49448579152288313,H,False,False,False,True,0,1442,11,秋田,水戸,D,2024-04-03,0,13,13,1.0,H,D,A,0.49448579152288313,0.26007202462870327,0.24544218384841363,0.23441376689417986,0.7545578161515865,0.9496256307372761,0.31463829845080515,False,True,1
30484,2024-04-03,磐田,新潟,H,磐田,新潟,0.2604502264688498,0.321041998450355,0.4185077750807952,H,0.1348499865134206,0.2834805471564224,0.581669466330157,H,0.2102101304866781,0.306017417932782,0.4837724515805399,H,True,True,True,True,0,1442,2,磐田,新潟,H,2024-04-03,0,13,13,1.0,H,D,A,0.4837724515805399,0.306017417932782,0.2102101304866781,0.1777550336477579,0.7897898695133219,0.9480140113647026,0.2903090627150177,True,True,2
30484,2024-04-03,磐田,新潟,H,磐田,新潟,0.2604502264688498,0.321041998450355,0.4185077750807952,H,0.1348499865134206,0.2834805471564224,0.581669466330157,H,0.2102101304866781,0.306017417932782,0.4837724515805399,H,True,True,True,True,0,1442,7,磐田,新潟,H,2024-04-03,0,13,13,1.0,H,D,A,0.4837724515805399,0.306017417932782,0.2102101304866781,0.1777550336477579,0.7897898695133219,0.9480140113647026,0.2903090627150177,True,True,3
30121,2024-04-03,いわきFC,藤枝MYFC,H,いわき,藤枝,0.3247141831112676,0.2552948886435561,0.4199909282451763,H,0.4448132037568749,0.1131025678968383,0.4420842283462867,A,0.3727537913695106,0.198417960344869,0.4288282482856205,H,True,False,True,False,0,1442,12,いわき,藤枝,H,2024-04-03,0,13,13,1.0,H,A,D,0.4288282482856205,0.3727537913695106,0.198417960344869,0.056074456916109905,0.8015820396551311,0.9574376838267764,0.2211112348838124,True,True,4
30481,2024-04-03,町田,広島,A,町田,広島,0.3147333178366224,0.3272252819678674,0.3580414001955103,H,0.2347648081603158,0.3561025676113276,0.4091326242283565,H,0.28274591396609977,0.33877619622525146,0.3784778898086489,H,False,False,False,True,0,1442,5,町田,広島,A,2024-04-03,0,13,13,1.0,H,D,A,0.3784778898086489,0.33877619622525146,0.28274591396609977,0.039701693583397424,0.7172540860339003,0.9936092746164084,0.18548878824479942,False,False,5
30481,2024-04-03,町田,広島,A,町田,広島,0.3147333178366224,0.3272252819678674,0.3580414001955103,H,0.2347648081603158,0.3561025676113276,0.4091326242283565,H,0.28274591396609977,0.33877619622525146,0.3784778898086489,H,False,False,False,True,0,1442,10,町田,広島,A,2024-04-03,0,13,13,1.0,H,D,A,0.3784778898086489,0.33877619622525146,0.28274591396609977,0.039701693583397424,0.7172540860339003,0.9936092746164084,0.18548878824479942,False,False,6
30488,2024-04-03,札幌,名古屋,A,札幌,名古屋,0.3337793339501358,0.277672729398661,0.3885479366512032,H,0.337864698712105,0.3676328416577892,0.2945024596301057,D,0.3354134798549235,0.3136567743023123,0.3509297458427642,H,False,False,False,False,0,1442,4,札幌,名古屋,A,2024-04-03,0,13,13,1.0,H,A,D,0.3509297458427642,0.3354134798549235,0.3136567743023123,0.015516265987840727,0.6863432256976877,0.9990392502831754,0.16354122866835308,False,True,7
30488,2024-04-03,札幌,名古屋,A,札幌,名古屋,0.3337793339501358,0.277672729398661,0.3885479366512032,H,0.337864698712105,0.3676328416577892,0.2945024596301057,D,0.3354134798549235,0.3136567743023123,0.3509297458427642,H,False,False,False,False,0,1442,9,札幌,名古屋,A,2024-04-03,0,13,13,1.0,H,A,D,0.3509297458427642,0.3354134798549235,0.3136567743023123,0.015516265987840727,0.6863432256976877,0.9990392502831754,0.16354122866835308,False,True,8
30487,2024-04-03,鳥栖,神戸,D,鳥栖,神戸,0.3649934325582673,0.2961404242943731,0.3388661431473596,A,0.3371981738693826,0.3135943619378297,0.3492074641927876,H,0.35387532908271346,0.30312199935175577,0.34300267156553077,A,False,False,False,False,0,1442,3,鳥栖,神戸,D,2024-04-03,0,13,13,1.0,A,H,D,0.35387532908271346,0.34300267156553077,0.30312199935175577,0.010872657517182693,0.6968780006482442,0.9980232481682045,0.1634446785845941,False,False,9
30487,2024-04-03,鳥栖,神戸,D,鳥栖,神戸,0.3649934325582673,0.2961404242943731,0.3388661431473596,A,0.3371981738693826,0.3135943619378297,0.3492074641927876,H,0.35387532908271346,0.30312199935175577,0.34300267156553077,A,False,False,False,False,0,1442,8,鳥栖,神戸,D,2024-04-03,0,13,13,1.0,A,H,D,0.35387532908271346,0.34300267156553077,0.30312199935175577,0.010872657517182693,0.6968780006482442,0.9980232481682045,0.1634446785845941,False,False,10
30480,2024-04-03,柏,C大阪,D,柏,c大阪,0.3545825227608175,0.3066878496733298,0.3387296275658525,A,0.3551435088408589,0.2884304748243157,0.3564260163348254,H,0.3548069171928341,0.2993848997337242,0.3458081830734417,A,False,False,False,False,0,1442,1,柏,C大阪,D,2024-04-03,0,13,13,1.0,A,H,D,0.3548069171928341,0.3458081830734417,0.2993848997337242,0.008998734119392393,0.7006151002662757,0.9975437456585962,0.16330392054684345,False,False,11
30480,2024-04-03,柏,C大阪,D,柏,c大阪,0.3545825227608175,0.3066878496733298,0.3387296275658525,A,0.3551435088408589,0.2884304748243157,0.3564260163348254,H,0.3548069171928341,0.2993848997337242,0.3458081830734417,A,False,False,False,False,0,1442,6,柏,C大阪,D,2024-04-03,0,13,13,1.0,A,H,D,0.3548069171928341,0.3458081830734417,0.2993848997337242,0.008998734119392393,0.7006151002662757,0.9975437456585962,0.16330392054684345,False,False,12
30125,2024-04-03,岡山,横浜FC,A,岡山,横浜fc,0.3370256886861852,0.3412614946935234,0.3217128166202913,D,0.3283767138743779,0.3579161977310438,0.3137070883945783,D,0.33356609876146237,0.34792337590853156,0.3185105253300062,D,False,False,False,True,0,1442,13,岡山,横浜FC,A,2024-04-03,0,13,13,1.0,D,A,H,0.34792337590853156,0.33356609876146237,0.3185105253300062,0.014357277147069192,0.681489474669994,0.9994088940837339,0.16170878734356664,False,True,13
30497,2024-04-07,川崎F,町田,A,川崎f,町田,0.3983744838829239,0.2758941062877038,0.3257314098293722,A,0.6053421877365834,0.1200328910353451,0.2746249212280715,A,0.48116156542438776,0.21354962018676032,0.30528881438885197,A,True,True,True,True,0,1443,5,川崎F,町田,A,2024-04-07,0,13,13,1.0,A,H,D,0.48116156542438776,0.30528881438885197,0.21354962018676032,0.1758727510355358,0.7864503798132397,0.950212689192922,0.2880356294648276,True,True,1
30497,2024-04-07,川崎F,町田,A,川崎f,町田,0.3983744838829239,0.2758941062877038,0.3257314098293722,A,0.6053421877365834,0.1200328910353451,0.2746249212280715,A,0.48116156542438776,0.21354962018676032,0.30528881438885197,A,True,True,True,True,0,1443,10,川崎F,町田,A,2024-04-07,0,13,13,1.0,A,H,D,0.48116156542438776,0.30528881438885197,0.21354962018676032,0.1758727510355358,0.7864503798132397,0.950212689192922,0.2880356294648276,True,True,2
30494,2024-04-07,神戸,横浜FM,A,神戸,横浜fm,0.4061880961364183,0.2698131963421915,0.3239987075213902,A,0.3996992372621016,0.2770334119781956,0.3232673507597028,A,0.40359255258669163,0.27270128259659315,0.32370616481671527,A,True,True,True,True,0,1443,2,神戸,横浜FM,A,2024-04-07,0,13,13,1.0,A,H,D,0.40359255258669163,0.32370616481671527,0.27270128259659315,0.07988638776997636,0.7272987174034069,0.9882066418066168,0.2119355560221796,True,True,3
30494,2024-04-07,神戸,横浜FM,A,神戸,横浜fm,0.4061880961364183,0.2698131963421915,0.3239987075213902,A,0.3996992372621016,0.2770334119781956,0.3232673507597028,A,0.40359255258669163,0.27270128259659315,0.32370616481671527,A,True,True,True,True,0,1443,7,神戸,横浜FM,A,2024-04-07,0,13,13,1.0,A,H,D,0.40359255258669163,0.32370616481671527,0.27270128259659315,0.07988638776997636,0.7272987174034069,0.9882066418066168,0.2119355560221796,True,True,4
30129,2024-04-07,熊本,V・ファーレン長崎,A,熊本,長崎,0.3910300699112224,0.2657816401512439,0.3431882899375336,A,0.4000659601098967,0.3213583020611965,0.2785757378289068,A,0.3946444259906921,0.2880123049152249,0.3173432690940829,A,True,True,True,True,0,1443,12,熊本,長崎,A,2024-04-07,0,13,13,1.0,A,H,D,0.3946444259906921,0.3173432690940829,0.2880123049152249,0.07730115689660921,0.711987695084775,0.9918603564549178,0.20627332531864112,True,True,5
30495,2024-04-07,広島,湘南,H,広島,湘南,0.3169206285470696,0.3603638177843914,0.3227155536685389,D,0.3122762636018452,0.4198024627292924,0.2679212736688625,D,0.31506288256897985,0.38413927576235185,0.30079784166866835,D,False,False,False,True,0,1443,3,広島,湘南,H,2024-04-07,0,13,13,1.0,D,A,H,0.38413927576235185,0.31506288256897985,0.30079784166866835,0.069076393193372,0.6992021583313317,0.9946831132073765,0.19810278906926324,False,False,6
30495,2024-04-07,広島,湘南,H,広島,湘南,0.3169206285470696,0.3603638177843914,0.3227155536685389,D,0.3122762636018452,0.4198024627292924,0.2679212736688625,D,0.31506288256897985,0.38413927576235185,0.30079784166866835,D,False,False,False,True,0,1443,8,広島,湘南,H,2024-04-07,0,13,13,1.0,D,A,H,0.38413927576235185,0.31506288256897985,0.30079784166866835,0.069076393193372,0.6992021583313317,0.9946831132073765,0.19810278906926324,False,False,7
30492,2024-04-07,新潟,C大阪,A,新潟,c大阪,0.4051486320092639,0.2186967746067828,0.3761545933839534,A,0.3611719842691267,0.2266366500764627,0.4121913656544106,H,0.3875579729132091,0.22187272479465475,0.3905693022921363,H,True,False,False,False,0,1443,1,新潟,C大阪,A,2024-04-07,0,13,13,1.0,H,A,D,0.3905693022921363,0.3875579729132091,0.22187272479465475,0.00301132937892723,0.7781272752053454,0.9726988485275506,0.18227038160857575,False,True,8
30492,2024-04-07,新潟,C大阪,A,新潟,c大阪,0.4051486320092639,0.2186967746067828,0.3761545933839534,A,0.3611719842691267,0.2266366500764627,0.4121913656544106,H,0.3875579729132091,0.22187272479465475,0.3905693022921363,H,True,False,False,False,0,1443,6,新潟,C大阪,A,2024-04-07,0,13,13,1.0,H,A,D,0.3905693022921363,0.3875579729132091,0.22187272479465475,0.00301132937892723,0.7781272752053454,0.9726988485275506,0.18227038160857575,False,True,9
30135,2024-04-07,藤枝MYFC,仙台,D,藤枝,仙台,0.2581102075575947,0.3434843579138766,0.3984054345285288,H,0.209717561935475,0.424475757455829,0.365806680608696,D,0.2387531493087468,0.3758809177306575,0.3853659329605956,H,False,True,False,False,0,1443,13,藤枝,仙台,D,2024-04-07,0,13,13,1.0,H,D,A,0.3853659329605956,0.3758809177306575,0.2387531493087468,0.00948501522993811,0.7612468506912531,0.9805419701929323,0.1806260311241599,False,True,10
30499,2024-04-07,FC東京,鹿島,H,fc東京,鹿島,0.3223859090959391,0.3220530928223987,0.3555609980816622,H,0.2878471713883435,0.3295828403825904,0.3825699882290661,H,0.3085704140129008,0.3250649918464754,0.3663645941406238,H,True,True,True,True,0,1443,4,FC東京,鹿島,H,2024-04-07,0,13,13,1.0,H,D,A,0.3663645941406238,0.3250649918464754,0.3085704140129008,0.04129960229414836,0.6914295859870991,0.9976043056510991,0.1797980670360128,True,True,11
30499,2024-04-07,FC東京,鹿島,H,fc東京,鹿島,0.3223859090959391,0.3220530928223987,0.3555609980816622,H,0.2878471713883435,0.3295828403825904,0.3825699882290661,H,0.3085704140129008,0.3250649918464754,0.3663645941406238,H,True,True,True,True,0,1443,9,FC東京,鹿島,H,2024-04-07,0,13,13,1.0,H,D,A,0.3663645941406238,0.3250649918464754,0.3085704140129008,0.04129960229414836,0.6914295859870991,0.9976043056510991,0.1797980670360128,True,True,12
30130,2024-04-07,山形,鹿児島ユナイテッドFC,H,山形,鹿児島,0.3300011452060413,0.2857867513815336,0.384212103412425,H,0.4138187481061503,0.2400965538522093,0.3460846980416404,A,0.36352818636608486,0.26751067236980386,0.36896114126411117,H,True,False,True,False,0,1443,11,山形,鹿児島,H,2024-04-07,0,13,13,1.0,H,A,D,0.36896114126411117,0.36352818636608486,0.26751067236980386,0.00543295489802631,0.732489327630196,0.9907680107923623,0.1697804456246868,True,True,13
30145,2024-04-14,秋田,岡山,D,秋田,岡山,0.2899397066136082,0.3250469758434325,0.3850133175429593,H,0.2453922260800576,0.2501565411729037,0.5044512327470387,H,0.2721207144001879,0.295090801975221,0.4327884836245911,H,False,False,False,True,0,1445,11,秋田,岡山,D,2024-04-13,0,13,13,1.0,H,D,A,0.4327884836245911,0.295090801975221,0.2721207144001879,0.13769768164937013,0.7278792855998121,0.9801281490255785,0.2469233764032298,False,True,1
30139,2024-04-13,仙台,山形,H,仙台,山形,0.3520441366390834,0.28132957542378,0.3666262879371366,H,0.3172711027015642,0.2401312670180566,0.4425976302803791,H,0.3381349230640757,0.2648502520614906,0.3970148248744336,H,True,True,True,True,0,1445,13,仙台,山形,H,2024-04-13,0,13,13,1.0,H,A,D,0.3970148248744336,0.3381349230640757,0.2648502520614906,0.058879901810357904,0.7351497479385094,0.9878605759317216,0.20169252164077608,True,True,2
30508,2024-04-13,東京V,FC東京,D,東京v,fc東京,0.3019545997017184,0.346032521712645,0.3520128785856365,H,0.2218638385949095,0.3345054028873325,0.4436307585177579,H,0.2699182952589949,0.34142167418252,0.3886600305584851,H,False,False,False,True,0,1445,3,東京V,FC東京,D,2024-04-13,0,13,13,1.0,H,D,A,0.3886600305584851,0.34142167418252,0.2699182952589949,0.047238356375965074,0.7300817047410051,0.9900693341532018,0.19341657165226572,False,True,3
30508,2024-04-13,東京V,FC東京,D,東京v,fc東京,0.3019545997017184,0.346032521712645,0.3520128785856365,H,0.2218638385949095,0.3345054028873325,0.4436307585177579,H,0.2699182952589949,0.34142167418252,0.3886600305584851,H,False,False,False,True,0,1445,8,東京V,FC東京,D,2024-04-13,0,13,13,1.0,H,D,A,0.3886600305584851,0.34142167418252,0.2699182952589949,0.047238356375965074,0.7300817047410051,0.9900693341532018,0.19341657165226572,False,True,4
30144,2024-04-13,愛媛FC,鹿児島ユナイテッドFC,D,愛媛,鹿児島,0.275015026643608,0.3673160818633814,0.3576688914930107,D,0.1472402143263409,0.443290423467678,0.409469362205981,D,0.22390510171670114,0.39770581850510006,0.37838907977819886,D,True,True,True,True,0,1445,12,愛媛,鹿児島,D,2024-04-13,0,13,13,1.0,D,H,A,0.39770581850510006,0.37838907977819886,0.22390510171670114,0.019316738726901206,0.7760948982832989,0.9735134526772828,0.19102578634625386,True,True,5
30505,2024-04-13,町田,神戸,A,町田,神戸,0.3796727962682324,0.355081289865689,0.2652459138660786,A,0.3802914902377906,0.4561180314231606,0.1635904783390488,D,0.3799202738560557,0.3954959864886778,0.22458373965526665,D,True,False,False,False,0,1445,2,町田,神戸,A,2024-04-13,0,13,13,1.0,D,A,H,0.3954959864886778,0.3799202738560557,0.22458373965526665,0.015575712632622085,0.7754162603447334,0.9739283727730382,0.1886390187867151,False,True,6
30505,2024-04-13,町田,神戸,A,町田,神戸,0.3796727962682324,0.355081289865689,0.2652459138660786,A,0.3802914902377906,0.4561180314231606,0.1635904783390488,D,0.3799202738560557,0.3954959864886778,0.22458373965526665,D,True,False,False,False,0,1445,7,町田,神戸,A,2024-04-13,0,13,13,1.0,D,A,H,0.3954959864886778,0.3799202738560557,0.22458373965526665,0.015575712632622085,0.7754162603447334,0.9739283727730382,0.1886390187867151,False,True,7
30503,2024-04-13,福岡,広島,D,福岡,広島,0.291357522219625,0.3872872895133104,0.3213551882670646,D,0.1921108505583979,0.3247243705365084,0.4831647789050936,H,0.2516588535551342,0.3622621219225896,0.3860790245222762,H,True,False,False,False,0,1445,1,福岡,広島,D,2024-04-13,0,13,13,1.0,H,D,A,0.3860790245222762,0.3622621219225896,0.2516588535551342,0.023816902599686607,0.7483411464448658,0.9853173458734501,0.18500800777022458,False,True,8
30503,2024-04-13,福岡,広島,D,福岡,広島,0.291357522219625,0.3872872895133104,0.3213551882670646,D,0.1921108505583979,0.3247243705365084,0.4831647789050936,H,0.2516588535551342,0.3622621219225896,0.3860790245222762,H,True,False,False,False,0,1445,6,福岡,広島,D,2024-04-13,0,13,13,1.0,H,D,A,0.3860790245222762,0.3622621219225896,0.2516588535551342,0.023816902599686607,0.7483411464448658,0.9853173458734501,0.18500800777022458,False,True,9
30147,2024-04-14,レノファ山口FC,群馬,H,山口,群馬,0.322591164318568,0.3433295846366107,0.3340792510448213,D,0.2613407479638481,0.4176792126407377,0.3209800393954141,D,0.2980909977766801,0.3730694358382616,0.3288395663850584,D,False,False,False,True,0,1445,5,山口,群馬,H,2024-04-13,0,13,13,1.0,D,H,A,0.3730694358382616,0.3288395663850584,0.2980909977766801,0.044229869453203174,0.70190900222332,0.9961384113211256,0.1841340181716137,False,True,10
30147,2024-04-14,レノファ山口FC,群馬,H,山口,群馬,0.322591164318568,0.3433295846366107,0.3340792510448213,D,0.2613407479638481,0.4176792126407377,0.3209800393954141,D,0.2980909977766801,0.3730694358382616,0.3288395663850584,D,False,False,False,True,0,1445,10,山口,群馬,H,2024-04-13,0,13,13,1.0,D,H,A,0.3730694358382616,0.3288395663850584,0.2980909977766801,0.044229869453203174,0.70190900222332,0.9961384113211256,0.1841340181716137,False,True,11
30509,2024-04-14,G大阪,鳥栖,H,g大阪,鳥栖,0.317632562601351,0.3310684733866197,0.3512989640120292,H,0.2795662337583199,0.3812697567817256,0.3391640094599545,D,0.30240603106413855,0.35114898674466216,0.34644498219119935,D,True,False,False,False,0,1445,4,G大阪,鳥栖,H,2024-04-13,0,13,13,1.0,D,H,A,0.35114898674466216,0.34644498219119935,0.30240603106413855,0.004704004553462815,0.6975939689358615,0.9979941136848235,0.16006462289184525,False,True,12
30509,2024-04-14,G大阪,鳥栖,H,g大阪,鳥栖,0.317632562601351,0.3310684733866197,0.3512989640120292,H,0.2795662337583199,0.3812697567817256,0.3391640094599545,D,0.30240603106413855,0.35114898674466216,0.34644498219119935,D,True,False,False,False,0,1445,9,G大阪,鳥栖,H,2024-04-13,0,13,13,1.0,D,H,A,0.35114898674466216,0.34644498219119935,0.30240603106413855,0.004704004553462815,0.6975939689358615,0.9979941136848235,0.16006462289184525,False,True,13
30150,2024-04-20,甲府,群馬,H,甲府,群馬,0.33164140673714,0.2404558824783445,0.4279027107845154,H,0.3724723679670353,0.1234263826870779,0.5041012493458867,H,0.34797379122909816,0.19364408256183785,0.458382126209064,H,True,True,True,True,0,1447,13,甲府,群馬,H,2024-04-20,0,13,13,1.0,H,A,D,0.458382126209064,0.34797379122909816,0.19364408256183785,0.11040833497996583,0.8063559174381622,0.9492018566268057,0.25507450271170573,True,True,1
30518,2024-04-21,FC東京,町田,A,fc東京,町田,0.3689722326012705,0.3125440989060251,0.3184836684927044,A,0.4831725712640632,0.29163712142534,0.2251903073105968,A,0.41465236806638767,0.30418130791375103,0.28116632401986136,A,True,True,True,True,0,1447,3,FC東京,町田,A,2024-04-20,0,13,13,1.0,A,D,H,0.41465236806638767,0.30418130791375103,0.28116632401986136,0.11047106015263664,0.7188336759801387,0.9865051192158659,0.22795741284012408,True,True,2
30518,2024-04-21,FC東京,町田,A,fc東京,町田,0.3689722326012705,0.3125440989060251,0.3184836684927044,A,0.4831725712640632,0.29163712142534,0.2251903073105968,A,0.41465236806638767,0.30418130791375103,0.28116632401986136,A,True,True,True,True,0,1447,8,FC東京,町田,A,2024-04-20,0,13,13,1.0,A,D,H,0.41465236806638767,0.30418130791375103,0.28116632401986136,0.11047106015263664,0.7188336759801387,0.9865051192158659,0.22795741284012408,True,True,3
30517,2024-04-20,川崎F,東京V,D,川崎f,東京v,0.3885655640944226,0.3325286050679196,0.2789058308376577,A,0.4477064061923178,0.3262342164816063,0.2260593773260759,A,0.4122219009335807,0.3300108496333943,0.257767249433025,A,False,False,False,True,0,1447,2,川崎F,東京V,D,2024-04-20,0,13,13,1.0,A,D,H,0.4122219009335807,0.3300108496333943,0.257767249433025,0.08221105130018641,0.742232750566975,0.9836252717471131,0.21754866902575393,False,True,4
30517,2024-04-20,川崎F,東京V,D,川崎f,東京v,0.3885655640944226,0.3325286050679196,0.2789058308376577,A,0.4477064061923178,0.3262342164816063,0.2260593773260759,A,0.4122219009335807,0.3300108496333943,0.257767249433025,A,False,False,False,True,0,1447,7,川崎F,東京V,D,2024-04-20,0,13,13,1.0,A,D,H,0.4122219009335807,0.3300108496333943,0.257767249433025,0.08221105130018641,0.742232750566975,0.9836252717471131,0.21754866902575393,False,True,5
30515,2024-04-20,福岡,磐田,D,福岡,磐田,0.2858011990094718,0.3360431902782755,0.3781556107122527,H,0.3622221815200486,0.2007614925074566,0.4370163259724948,H,0.31636959201370257,0.28193051116994794,0.4016998968163496,H,False,False,False,True,0,1447,1,福岡,磐田,D,2024-04-20,0,13,13,1.0,H,A,D,0.4016998968163496,0.31636959201370257,0.28193051116994794,0.08533030480264703,0.7180694888300522,0.9898061472140028,0.21266933080548323,False,False,6
30515,2024-04-20,福岡,磐田,D,福岡,磐田,0.2858011990094718,0.3360431902782755,0.3781556107122527,H,0.3622221815200486,0.2007614925074566,0.4370163259724948,H,0.31636959201370257,0.28193051116994794,0.4016998968163496,H,False,False,False,True,0,1447,6,福岡,磐田,D,2024-04-20,0,13,13,1.0,H,A,D,0.4016998968163496,0.31636959201370257,0.28193051116994794,0.08533030480264703,0.7180694888300522,0.9898061472140028,0.21266933080548323,False,False,7
30149,2024-04-20,山形,愛媛FC,H,山形,愛媛,0.2136351239425537,0.3587635543059193,0.427601321751527,H,0.1242136369585148,0.4756857233223842,0.400100639719101,D,0.17786652914893814,0.4055324219125053,0.4166010489385566,H,True,False,True,False,0,1447,5,山形,愛媛,H,2024-04-20,0,13,13,1.0,H,D,A,0.4166010489385566,0.4055324219125053,0.17786652914893814,0.01106862702605127,0.8221334708510619,0.9447627088066641,0.2023919497201356,True,True,8
30149,2024-04-20,山形,愛媛FC,H,山形,愛媛,0.2136351239425537,0.3587635543059193,0.427601321751527,H,0.1242136369585148,0.4756857233223842,0.400100639719101,D,0.17786652914893814,0.4055324219125053,0.4166010489385566,H,True,False,True,False,0,1447,10,山形,愛媛,H,2024-04-20,0,13,13,1.0,H,D,A,0.4166010489385566,0.4055324219125053,0.17786652914893814,0.01106862702605127,0.8221334708510619,0.9447627088066641,0.2023919497201356,True,True,9
30153,2024-04-20,岡山,熊本,H,岡山,熊本,0.371492812045271,0.2934363676711916,0.3350708202835374,A,0.4237070458555817,0.417106918437628,0.1591860357067903,A,0.3923785055693953,0.3429045879777661,0.2647169064528386,A,False,False,False,True,0,1447,11,岡山,熊本,H,2024-04-20,0,13,13,1.0,A,D,H,0.3923785055693953,0.3429045879777661,0.2647169064528386,0.049473917591629224,0.7352830935471614,0.9884531365782984,0.19619557134763846,False,False,10
30151,2024-04-20,清水,仙台,H,清水,仙台,0.2927641468154807,0.3307940176109042,0.3764418355736151,H,0.2189997324147551,0.4324795928420528,0.3485206747431921,D,0.2632583810551905,0.3714682477033636,0.3652733712414459,D,True,False,False,False,0,1447,12,清水,仙台,H,2024-04-20,0,13,13,1.0,D,H,A,0.3714682477033636,0.3652733712414459,0.2632583810551905,0.006194876461917742,0.7367416189448095,0.9895045836649085,0.17142800149520313,False,True,11
30519,2024-04-21,名古屋,C大阪,H,名古屋,c大阪,0.3198112179535489,0.2943499446647338,0.3858388373817173,H,0.3711526242191352,0.3452397053256812,0.2836076704551836,A,0.3403477804597834,0.3147058489291128,0.3449463706111038,H,True,False,True,False,0,1447,4,名古屋,C大阪,H,2024-04-20,0,13,13,1.0,H,A,D,0.3449463706111038,0.3403477804597834,0.3147058489291128,0.004598590151320359,0.6852941510708872,0.9992684166947722,0.15698168998900439,True,True,12
30519,2024-04-21,名古屋,C大阪,H,名古屋,c大阪,0.3198112179535489,0.2943499446647338,0.3858388373817173,H,0.3711526242191352,0.3452397053256812,0.2836076704551836,A,0.3403477804597834,0.3147058489291128,0.3449463706111038,H,True,False,True,False,0,1447,9,名古屋,C大阪,H,2024-04-20,0,13,13,1.0,H,A,D,0.3449463706111038,0.3403477804597834,0.3147058489291128,0.004598590151320359,0.6852941510708872,0.9992684166947722,0.15698168998900439,True,True,13
30526,2024-04-28,広島,川崎F,D,広島,川崎f,0.3942846447035882,0.3223351743342673,0.2833801809621445,A,0.4741868121193844,0.3597493038998423,0.1660638839807734,A,0.4262455116699066,0.3373008261604973,0.236453662169596,A,False,False,False,True,0,1449,4,広島,川崎F,D,2024-04-27,0,13,13,1.0,A,D,H,0.4262455116699066,0.3373008261604973,0.236453662169596,0.08894468550940932,0.7635463378304039,0.974880066224154,0.22796510693492042,False,True,1
30526,2024-04-28,広島,川崎F,D,広島,川崎f,0.3942846447035882,0.3223351743342673,0.2833801809621445,A,0.4741868121193844,0.3597493038998423,0.1660638839807734,A,0.4262455116699066,0.3373008261604973,0.236453662169596,A,False,False,False,True,0,1449,9,広島,川崎F,D,2024-04-27,0,13,13,1.0,A,D,H,0.4262455116699066,0.3373008261604973,0.236453662169596,0.08894468550940932,0.7635463378304039,0.974880066224154,0.22796510693492042,False,True,2
30168,2024-04-28,鹿児島ユナイテッドFC,レノファ山口FC,A,鹿児島,山口,0.3078107027571222,0.3051445254306685,0.3870447718122093,H,0.3938772432009888,0.1733712807106238,0.4327514760883874,H,0.34223731893466885,0.25243522754265063,0.40532745352268057,H,False,False,False,True,0,1449,12,鹿児島,山口,A,2024-04-27,0,13,13,1.0,H,A,D,0.40532745352268057,0.34223731893466885,0.25243522754265063,0.06309013458801171,0.7475647724573494,0.9835150859527009,0.2077758840004702,False,True,3
30164,2024-04-28,熊本,大分,A,熊本,大分,0.3717295679785134,0.2457931380335305,0.3824772939879561,H,0.4564896693749483,0.1483691169430638,0.3951412136819879,A,0.4056336085370874,0.2068235295973438,0.3875428618655688,A,False,True,True,False,0,1449,13,熊本,大分,A,2024-04-27,0,13,13,1.0,A,H,D,0.4056336085370874,0.3875428618655688,0.2068235295973438,0.01809074667151861,0.7931764704026563,0.9642157488352306,0.19602373540967474,True,True,4
30524,2024-04-27,C大阪,横浜FM,D,c大阪,横浜fm,0.4135985380632156,0.2130490475107418,0.3733524144260426,A,0.3575082431060702,0.3093949494322359,0.3330968074616938,A,0.3911624200803574,0.2515874082793394,0.3572501716403031,A,False,False,False,True,0,1449,2,C大阪,横浜FM,D,2024-04-27,0,13,13,1.0,A,H,D,0.3911624200803574,0.3572501716403031,0.2515874082793394,0.033912248440054304,0.7484125917206605,0.984936985165992,0.19090497895698144,False,False,5
30524,2024-04-27,C大阪,横浜FM,D,c大阪,横浜fm,0.4135985380632156,0.2130490475107418,0.3733524144260426,A,0.3575082431060702,0.3093949494322359,0.3330968074616938,A,0.3911624200803574,0.2515874082793394,0.3572501716403031,A,False,False,False,True,0,1449,7,C大阪,横浜FM,D,2024-04-27,0,13,13,1.0,A,H,D,0.3911624200803574,0.3572501716403031,0.2515874082793394,0.033912248440054304,0.7484125917206605,0.984936985165992,0.19090497895698144,False,False,6
30165,2024-04-28,秋田,横浜FC,A,秋田,横浜fc,0.284847340296942,0.3009288666552062,0.4142237930478518,H,0.2635392029962293,0.3998701457141442,0.3365906512896265,D,0.2763240853766569,0.3405053782787814,0.3831705363445616,H,False,False,False,False,0,1449,11,秋田,横浜FC,A,2024-04-27,0,13,13,1.0,H,D,A,0.3831705363445616,0.3405053782787814,0.2763240853766569,0.042665158065780195,0.723675914623343,0.9919818561001655,0.1889631754580427,False,False,7
30525,2024-04-28,東京V,福岡,D,東京v,福岡,0.3801367358423529,0.3119385580709515,0.3079247060866957,A,0.3633037467922881,0.2898856636248868,0.346810589582825,A,0.37340354022232697,0.30311740029252565,0.32347905948514744,A,False,False,False,True,0,1449,3,東京V,福岡,D,2024-04-27,0,13,13,1.0,A,H,D,0.37340354022232697,0.32347905948514744,0.30311740029252565,0.04992448073717953,0.6968825997074743,0.9964707068336801,0.18621101999132394,False,False,8
30525,2024-04-28,東京V,福岡,D,東京v,福岡,0.3801367358423529,0.3119385580709515,0.3079247060866957,A,0.3633037467922881,0.2898856636248868,0.346810589582825,A,0.37340354022232697,0.30311740029252565,0.32347905948514744,A,False,False,False,True,0,1449,8,東京V,福岡,D,2024-04-27,0,13,13,1.0,A,H,D,0.37340354022232697,0.32347905948514744,0.30311740029252565,0.04992448073717953,0.6968825997074743,0.9964707068336801,0.18621101999132394,False,False,9
30521,2024-04-27,新潟,FC東京,A,新潟,fc東京,0.3149374606189514,0.3130839945282128,0.3719785448528356,H,0.2552305634493556,0.3612574463213684,0.383511990229276,H,0.29105470175111314,0.33235337524547504,0.3765919230034119,H,False,False,False,True,0,1449,1,新潟,FC東京,A,2024-04-27,0,13,13,1.0,H,D,A,0.3765919230034119,0.33235337524547504,0.29105470175111314,0.04423854775793684,0.7089452982488869,0.994996725572843,0.1859505119522446,False,False,10
30521,2024-04-27,新潟,FC東京,A,新潟,fc東京,0.3149374606189514,0.3130839945282128,0.3719785448528356,H,0.2552305634493556,0.3612574463213684,0.383511990229276,H,0.29105470175111314,0.33235337524547504,0.3765919230034119,H,False,False,False,True,0,1449,6,新潟,FC東京,A,2024-04-27,0,13,13,1.0,H,D,A,0.3765919230034119,0.33235337524547504,0.29105470175111314,0.04423854775793684,0.7089452982488869,0.994996725572843,0.1859505119522446,False,False,11
30528,2024-04-28,柏,鳥栖,D,柏,鳥栖,0.3778909462323881,0.3096930911615624,0.3124159626060495,A,0.3556227672618269,0.4293620392738104,0.2150151934643627,D,0.3689836746441636,0.3575606704064616,0.2734556549493748,A,False,True,False,False,0,1449,5,柏,鳥栖,D,2024-04-27,0,13,13,1.0,A,D,H,0.3689836746441636,0.3575606704064616,0.2734556549493748,0.011423004237701984,0.7265443450506253,0.9923228364643446,0.17157613778020042,False,True,12
30528,2024-04-28,柏,鳥栖,D,柏,鳥栖,0.3778909462323881,0.3096930911615624,0.3124159626060495,A,0.3556227672618269,0.4293620392738104,0.2150151934643627,D,0.3689836746441636,0.3575606704064616,0.2734556549493748,A,False,True,False,False,0,1449,10,柏,鳥栖,D,2024-04-27,0,13,13,1.0,A,D,H,0.3689836746441636,0.3575606704064616,0.2734556549493748,0.011423004237701984,0.7265443450506253,0.9923228364643446,0.17157613778020042,False,True,13
30176,2024-05-03,V・ファーレン長崎,秋田,D,長崎,秋田,0.2882761881090707,0.2928272841581392,0.41889652773279,H,0.1463617755482424,0.1663803069843443,0.6872579174674133,H,0.23151042308473935,0.24224849328862125,0.5262410836266395,H,False,False,False,True,0,1450,12,長崎,秋田,D,2024-05-03,0,13,13,1.0,H,D,A,0.5262410836266395,0.24224849328862125,0.23151042308473935,0.2839925903380182,0.7684895769152607,0.9284734233345943,0.3505112095833753,False,True,1
30173,2024-05-03,甲府,大分,A,甲府,大分,0.4075215273515853,0.2928346230124896,0.299643849635925,A,0.5212888505558225,0.2536618277981625,0.225049321646015,A,0.4530284566332802,0.2771655049267588,0.269806038439961,A,True,True,True,True,0,1450,13,甲府,大分,A,2024-05-03,0,13,13,1.0,A,D,H,0.4530284566332802,0.2771655049267588,0.269806038439961,0.1758629517065214,0.730193961560039,0.9719628092166736,0.2710222767389239,True,True,2
30539,2024-05-03,名古屋,神戸,A,名古屋,神戸,0.3051196560495705,0.3023503445077553,0.3925299994426742,H,0.2579372441104274,0.248551167576188,0.4935115883133845,H,0.2862466912739133,0.2808306737351284,0.4329226349909584,H,False,False,False,True,0,1450,4,名古屋,神戸,A,2024-05-03,0,13,13,1.0,H,A,D,0.4329226349909584,0.2862466912739133,0.2808306737351284,0.14667594371704512,0.7191693262648717,0.9804764337518296,0.2500564792965312,False,True,3
30539,2024-05-03,名古屋,神戸,A,名古屋,神戸,0.3051196560495705,0.3023503445077553,0.3925299994426742,H,0.2579372441104274,0.248551167576188,0.4935115883133845,H,0.2862466912739133,0.2808306737351284,0.4329226349909584,H,False,False,False,True,0,1450,9,名古屋,神戸,A,2024-05-03,0,13,13,1.0,H,A,D,0.4329226349909584,0.2862466912739133,0.2808306737351284,0.14667594371704512,0.7191693262648717,0.9804764337518296,0.2500564792965312,False,True,4
30534,2024-05-03,町田,柏,H,町田,柏,0.3909884643307439,0.306865892362901,0.302145643306355,A,0.4909351029946912,0.2895575282445764,0.2195073687607324,A,0.4309671197963229,0.29994254671557125,0.26909033348810596,A,False,False,False,True,0,1450,5,町田,柏,H,2024-05-03,0,13,13,1.0,A,D,H,0.4309671197963229,0.29994254671557125,0.26909033348810596,0.13102457308075166,0.7309096665118942,0.9804845111774451,0.24369690225111937,False,False,5
30534,2024-05-03,町田,柏,H,町田,柏,0.3909884643307439,0.306865892362901,0.302145643306355,A,0.4909351029946912,0.2895575282445764,0.2195073687607324,A,0.4309671197963229,0.29994254671557125,0.26909033348810596,A,False,False,False,True,0,1450,10,町田,柏,H,2024-05-03,0,13,13,1.0,A,D,H,0.4309671197963229,0.29994254671557125,0.26909033348810596,0.13102457308075166,0.7309096665118942,0.9804845111774451,0.24369690225111937,False,False,6
30537,2024-05-03,川崎F,浦和,H,川崎f,浦和,0.2714805777484107,0.3243776252059173,0.404141797045672,H,0.1445257546139302,0.3752731462330756,0.4802010991529941,H,0.2206986484946185,0.3447358336167806,0.4345655178886008,H,True,True,True,True,0,1450,2,川崎F,浦和,H,2024-05-03,0,13,13,1.0,H,D,A,0.4345655178886008,0.3447358336167806,0.2206986484946185,0.0898296842718202,0.7793013515053815,0.9673772115623793,0.23351943023253158,True,True,7
30537,2024-05-03,川崎F,浦和,H,川崎f,浦和,0.2714805777484107,0.3243776252059173,0.404141797045672,H,0.1445257546139302,0.3752731462330756,0.4802010991529941,H,0.2206986484946185,0.3447358336167806,0.4345655178886008,H,True,True,True,True,0,1450,7,川崎F,浦和,H,2024-05-03,0,13,13,1.0,H,D,A,0.4345655178886008,0.3447358336167806,0.2206986484946185,0.0898296842718202,0.7793013515053815,0.9673772115623793,0.23351943023253158,True,True,8
30538,2024-05-03,福岡,G大阪,H,福岡,g大阪,0.3220273907739444,0.2714302137738869,0.4065423954521687,H,0.3388588547591133,0.2668217668322165,0.3943193784086702,H,0.32875997636801196,0.26958683499721875,0.40165318863476934,H,True,True,True,True,0,1450,3,福岡,G大阪,H,2024-05-03,0,13,13,1.0,H,A,D,0.40165318863476934,0.32875997636801196,0.26958683499721875,0.07289321226675738,0.7304131650027813,0.9880537189626248,0.20864581538648636,True,True,9
30538,2024-05-03,福岡,G大阪,H,福岡,g大阪,0.3220273907739444,0.2714302137738869,0.4065423954521687,H,0.3388588547591133,0.2668217668322165,0.3943193784086702,H,0.32875997636801196,0.26958683499721875,0.40165318863476934,H,True,True,True,True,0,1450,8,福岡,G大阪,H,2024-05-03,0,13,13,1.0,H,A,D,0.40165318863476934,0.32875997636801196,0.26958683499721875,0.07289321226675738,0.7304131650027813,0.9880537189626248,0.20864581538648636,True,True,10
30531,2024-05-03,新潟,広島,D,新潟,広島,0.361926448516853,0.267513327533076,0.370560223950071,H,0.3283011524559172,0.2583308781622155,0.4133679693818674,H,0.3484763300924787,0.2638403477847318,0.3876833221227895,H,False,False,False,True,0,1450,1,新潟,広島,D,2024-05-03,0,13,13,1.0,H,A,D,0.3876833221227895,0.3484763300924787,0.2638403477847318,0.039206992030310805,0.7361596522152682,0.988754667884388,0.19042900858898645,False,False,11
30531,2024-05-03,新潟,広島,D,新潟,広島,0.361926448516853,0.267513327533076,0.370560223950071,H,0.3283011524559172,0.2583308781622155,0.4133679693818674,H,0.3484763300924787,0.2638403477847318,0.3876833221227895,H,False,False,False,True,0,1450,6,新潟,広島,D,2024-05-03,0,13,13,1.0,H,A,D,0.3876833221227895,0.3484763300924787,0.2638403477847318,0.039206992030310805,0.7361596522152682,0.988754667884388,0.19042900858898645,False,False,12
30178,2024-05-03,いわきFC,千葉,H,いわき,千葉,0.3551240229798499,0.3288731203155245,0.3160028567046256,A,0.3350893027888764,0.3744962211678516,0.290414476043272,D,0.3471101349034605,0.3471223606564554,0.3057675044400841,D,False,False,False,False,0,1450,11,いわき,千葉,H,2024-05-03,0,13,13,1.0,D,A,H,0.3471223606564554,0.3471101349034605,0.3057675044400841,1.2225752994921013e-05,0.694232495559916,0.998420908363483,0.15652515963625654,False,False,13
30187,2024-05-06,愛媛FC,いわきFC,D,愛媛,いわき,0.4209618176799091,0.257284137105038,0.3217540452150528,A,0.6751387736500603,0.1571821937819155,0.1676790325680243,A,0.5226326000679695,0.217243359775789,0.2601240401562414,A,False,False,False,True,0,1451,13,愛媛,いわき,D,2024-05-06,0,13,13,1.0,A,H,D,0.5226326000679695,0.2601240401562414,0.217243359775789,0.2625085599117281,0.782756640224211,0.9294267962666546,0.3411773067463602,False,False,1
30543,2024-05-06,札幌,FC東京,A,札幌,fc東京,0.2912371463406438,0.2768229140941393,0.4319399395652169,H,0.3192187499374825,0.247625572624314,0.4331556774382034,H,0.30242978777937934,0.26514397750620916,0.4324262347144116,H,False,False,False,True,0,1451,2,札幌,FC東京,A,2024-05-06,0,13,13,1.0,H,A,D,0.4324262347144116,0.30242978777937934,0.26514397750620916,0.12999644693503226,0.734856022493791,0.9795751575503087,0.2441755305386848,False,True,2
30543,2024-05-06,札幌,FC東京,A,札幌,fc東京,0.2912371463406438,0.2768229140941393,0.4319399395652169,H,0.3192187499374825,0.247625572624314,0.4331556774382034,H,0.30242978777937934,0.26514397750620916,0.4324262347144116,H,False,False,False,True,0,1451,7,札幌,FC東京,A,2024-05-06,0,13,13,1.0,H,A,D,0.4324262347144116,0.30242978777937934,0.26514397750620916,0.12999644693503226,0.734856022493791,0.9795751575503087,0.2441755305386848,False,True,3
30179,2024-05-06,秋田,甲府,A,秋田,甲府,0.3988679809050338,0.2904636152308981,0.3106684038640681,A,0.4270722586702625,0.2094448272213849,0.3634829141083526,A,0.4101496920111253,0.2580561000270928,0.3317942079617819,A,True,True,True,True,0,1451,11,秋田,甲府,A,2024-05-06,0,13,13,1.0,A,H,D,0.4101496920111253,0.3317942079617819,0.2580561000270928,0.0783554840493434,0.7419438999729071,0.9841005180457473,0.2151716772131271,True,True,4
30548,2024-05-06,湘南,鳥栖,H,湘南,鳥栖,0.3370225096638088,0.3318048709716045,0.3311726193645868,A,0.4902719919579886,0.2780979526621573,0.2316300553798541,A,0.3983223025814807,0.3103221036478256,0.2913555937706937,A,False,False,False,True,0,1451,5,湘南,鳥栖,H,2024-05-06,0,13,13,1.0,A,D,H,0.3983223025814807,0.3103221036478256,0.2913555937706937,0.08800019893365513,0.7086444062293062,0.9913213023498093,0.21178084531848373,False,False,5
30548,2024-05-06,湘南,鳥栖,H,湘南,鳥栖,0.3370225096638088,0.3318048709716045,0.3311726193645868,A,0.4902719919579886,0.2780979526621573,0.2316300553798541,A,0.3983223025814807,0.3103221036478256,0.2913555937706937,A,False,False,False,True,0,1451,10,湘南,鳥栖,H,2024-05-06,0,13,13,1.0,A,D,H,0.3983223025814807,0.3103221036478256,0.2913555937706937,0.08800019893365513,0.7086444062293062,0.9913213023498093,0.21178084531848373,False,False,6
30541,2024-05-06,神戸,新潟,H,神戸,新潟,0.3808939327443495,0.313711704803307,0.3053943624523434,A,0.413273495182216,0.3847838181876409,0.201942686630143,A,0.3938457577194961,0.3421405501570406,0.2640136921234632,A,False,False,False,True,0,1451,1,神戸,新潟,H,2024-05-06,0,13,13,1.0,A,D,H,0.3938457577194961,0.3421405501570406,0.2640136921234632,0.0517052075624555,0.7359863078765367,0.9881033673365067,0.1977067401533313,False,False,7
30541,2024-05-06,神戸,新潟,H,神戸,新潟,0.3808939327443495,0.313711704803307,0.3053943624523434,A,0.413273495182216,0.3847838181876409,0.201942686630143,A,0.3938457577194961,0.3421405501570406,0.2640136921234632,A,False,False,False,True,0,1451,6,神戸,新潟,H,2024-05-06,0,13,13,1.0,A,D,H,0.3938457577194961,0.3421405501570406,0.2640136921234632,0.0517052075624555,0.7359863078765367,0.9881033673365067,0.1977067401533313,False,False,8
30549,2024-05-06,浦和,横浜FM,H,浦和,横浜fm,0.3755594415105935,0.3174561299536053,0.3069844285358011,A,0.3372915083614166,0.3337004746149082,0.3290080170236752,A,0.3602522682509227,0.3239538678181265,0.3157938639309507,A,False,False,False,True,0,1451,4,浦和,横浜FM,H,2024-05-06,0,13,13,1.0,A,D,H,0.3602522682509227,0.3239538678181265,0.3157938639309507,0.036298400432796196,0.6842061360690492,0.9984873723705328,0.17512048639028735,False,False,9
30549,2024-05-06,浦和,横浜FM,H,浦和,横浜fm,0.3755594415105935,0.3174561299536053,0.3069844285358011,A,0.3372915083614166,0.3337004746149082,0.3290080170236752,A,0.3602522682509227,0.3239538678181265,0.3157938639309507,A,False,False,False,True,0,1451,9,浦和,横浜FM,H,2024-05-06,0,13,13,1.0,A,D,H,0.3602522682509227,0.3239538678181265,0.3157938639309507,0.036298400432796196,0.6842061360690492,0.9984873723705328,0.17512048639028735,False,False,10
30185,2024-05-06,大分,V・ファーレン長崎,D,大分,長崎,0.3582626200583079,0.3052661700979459,0.3364712098437462,A,0.3627774614587924,0.3004499274468974,0.3367726110943101,A,0.36006855661850173,0.30333967303752657,0.33659177034397175,A,False,False,False,True,0,1451,12,大分,長崎,D,2024-05-06,0,13,13,1.0,A,H,D,0.36006855661850173,0.33659177034397175,0.30333967303752657,0.02347678627452998,0.6966603269624735,0.9977678251456084,0.17069416064528958,False,False,11
30544,2024-05-06,京都,町田,A,京都,町田,0.3288142643103232,0.3007115167149373,0.3704742189747395,H,0.3495938296614341,0.3724181701861839,0.2779880001523819,D,0.3371260904507676,0.3293941781034359,0.3334797314457964,A,False,False,True,False,0,1451,3,京都,町田,A,2024-05-06,0,13,13,1.0,A,H,D,0.3371260904507676,0.3334797314457964,0.3293941781034359,0.003646359004971178,0.670605821896564,0.9999591339680454,0.15299113956097626,True,True,12
30544,2024-05-06,京都,町田,A,京都,町田,0.3288142643103232,0.3007115167149373,0.3704742189747395,H,0.3495938296614341,0.3724181701861839,0.2779880001523819,D,0.3371260904507676,0.3293941781034359,0.3334797314457964,A,False,False,True,False,0,1451,8,京都,町田,A,2024-05-06,0,13,13,1.0,A,H,D,0.3371260904507676,0.3334797314457964,0.3293941781034359,0.003646359004971178,0.670605821896564,0.9999591339680454,0.15299113956097626,True,True,13
30554,2024-05-11,FC東京,柏,D,fc東京,柏,0.3166440764465704,0.2527611650531007,0.4305947585003288,H,0.2975273593243552,0.1703800768711071,0.5320925638045377,H,0.30899738959768436,0.21980872978030322,0.47119388062201245,H,False,False,False,True,0,1452,3,FC東京,柏,D,2024-05-11,0,13,13,1.0,H,A,D,0.47119388062201245,0.30899738959768436,0.21980872978030322,0.1621964910243281,0.7801912702196968,0.9561787981386191,0.2775702585106966,False,False,1
30554,2024-05-11,FC東京,柏,D,fc東京,柏,0.3166440764465704,0.2527611650531007,0.4305947585003288,H,0.2975273593243552,0.1703800768711071,0.5320925638045377,H,0.30899738959768436,0.21980872978030322,0.47119388062201245,H,False,False,False,True,0,1452,8,FC東京,柏,D,2024-05-11,0,13,13,1.0,H,A,D,0.47119388062201245,0.30899738959768436,0.21980872978030322,0.1621964910243281,0.7801912702196968,0.9561787981386191,0.2775702585106966,False,False,2
30559,2024-05-12,鹿島,東京V,D,鹿島,東京v,0.312145949373053,0.2681142171090571,0.4197398335178898,H,0.2726943296799349,0.2580968253309396,0.4692088449891256,H,0.2963653014958058,0.2641072603978101,0.4395274381063841,H,False,False,False,True,0,1452,4,鹿島,東京V,D,2024-05-11,0,13,13,1.0,H,A,D,0.4395274381063841,0.2963653014958058,0.2641072603978101,0.1431621366105783,0.7358927396021899,0.9770294306625251,0.25248820882907025,False,False,3
30559,2024-05-12,鹿島,東京V,D,鹿島,東京v,0.312145949373053,0.2681142171090571,0.4197398335178898,H,0.2726943296799349,0.2580968253309396,0.4692088449891256,H,0.2963653014958058,0.2641072603978101,0.4395274381063841,H,False,False,False,True,0,1452,9,鹿島,東京V,D,2024-05-11,0,13,13,1.0,H,A,D,0.4395274381063841,0.2963653014958058,0.2641072603978101,0.1431621366105783,0.7358927396021899,0.9770294306625251,0.25248820882907025,False,False,4
30558,2024-05-11,C大阪,神戸,A,c大阪,神戸,0.2993333748800325,0.3118611619487201,0.3888054631712475,H,0.1843286735328288,0.3167458421606857,0.4989254843064855,H,0.253331494341151,0.3138150340335063,0.4328534716253427,H,False,False,False,True,0,1452,2,C大阪,神戸,A,2024-05-11,0,13,13,1.0,H,D,A,0.4328534716253427,0.3138150340335063,0.253331494341151,0.11903843759183641,0.746668505658849,0.977585367750416,0.24093044183846377,False,False,5
30558,2024-05-11,C大阪,神戸,A,c大阪,神戸,0.2993333748800325,0.3118611619487201,0.3888054631712475,H,0.1843286735328288,0.3167458421606857,0.4989254843064855,H,0.253331494341151,0.3138150340335063,0.4328534716253427,H,False,False,False,True,0,1452,7,C大阪,神戸,A,2024-05-11,0,13,13,1.0,H,D,A,0.4328534716253427,0.3138150340335063,0.253331494341151,0.11903843759183641,0.746668505658849,0.977585367750416,0.24093044183846377,False,False,6
30192,2024-05-12,熊本,横浜FC,D,熊本,横浜fc,0.3502050850916943,0.2992276799584025,0.3505672349499032,H,0.5005423098927486,0.2260798029651139,0.2733778871421375,A,0.41033997501211605,0.26996852916108705,0.31969149582679696,A,False,False,False,False,0,1452,5,熊本,横浜FC,D,2024-05-11,0,13,13,1.0,A,H,D,0.41033997501211605,0.31969149582679696,0.26996852916108705,0.0906484791853191,0.7300314708389131,0.9863391394968853,0.21911212857093684,False,False,7
30192,2024-05-12,熊本,横浜FC,D,熊本,横浜fc,0.3502050850916943,0.2992276799584025,0.3505672349499032,H,0.5005423098927486,0.2260798029651139,0.2733778871421375,A,0.41033997501211605,0.26996852916108705,0.31969149582679696,A,False,False,False,False,0,1452,10,熊本,横浜FC,D,2024-05-11,0,13,13,1.0,A,H,D,0.41033997501211605,0.31969149582679696,0.26996852916108705,0.0906484791853191,0.7300314708389131,0.9863391394968853,0.21911212857093684,False,False,8
30189,2024-05-11,仙台,群馬,H,仙台,群馬,0.3539412268023865,0.27188651037934,0.3741722628182735,H,0.3739374868491272,0.1909443991848048,0.435118113966068,H,0.3619397308210828,0.2395096659015259,0.3985506032773913,H,True,True,True,True,0,1452,11,仙台,群馬,H,2024-05-11,0,13,13,1.0,H,A,D,0.3985506032773913,0.3619397308210828,0.2395096659015259,0.03661087245630851,0.7604903340984741,0.980113027480024,0.19613897133852926,True,True,9
30195,2024-05-12,徳島,栃木SC,H,徳島,栃木sc,0.2840312757026395,0.3444107404672333,0.3715579838301271,H,0.2886117481045465,0.4445592511385673,0.2668290007568862,D,0.2858634646634023,0.3844701447357669,0.3296663906008308,D,True,False,False,False,0,1452,13,徳島,栃木,H,2024-05-11,0,13,13,1.0,D,H,A,0.3844701447357669,0.3296663906008308,0.2858634646634023,0.0548037541349361,0.7141365353365977,0.9933468235317598,0.19352351437197077,False,True,10
30191,2024-05-12,いわきFC,レノファ山口FC,A,いわき,山口,0.3183833659335377,0.3001234182343075,0.3814932158321548,H,0.3723079971652011,0.2790792162730146,0.3486127865617843,A,0.33995321842620313,0.29170573744979034,0.36834104412400664,H,False,True,False,False,0,1452,12,いわき,山口,A,2024-05-11,0,13,13,1.0,H,A,D,0.36834104412400664,0.33995321842620313,0.29170573744979034,0.028387825697803515,0.7082942625502098,0.9958518265077612,0.176518843548482,False,True,11
30552,2024-05-11,磐田,鳥栖,A,磐田,鳥栖,0.3389410034061146,0.3368502710830713,0.3242087255108141,A,0.3166507296925777,0.3690113919404345,0.3143378783669879,D,0.33002489392069984,0.34971471942601656,0.32026038665328366,D,True,False,False,False,0,1452,1,磐田,鳥栖,A,2024-05-11,0,13,13,1.0,D,A,H,0.34971471942601656,0.33002489392069984,0.32026038665328366,0.019689825505316727,0.6797396133467164,0.9993880161793639,0.16438545943269556,False,True,12
30552,2024-05-11,磐田,鳥栖,A,磐田,鳥栖,0.3389410034061146,0.3368502710830713,0.3242087255108141,A,0.3166507296925777,0.3690113919404345,0.3143378783669879,D,0.33002489392069984,0.34971471942601656,0.32026038665328366,D,True,False,False,False,0,1452,6,磐田,鳥栖,A,2024-05-11,0,13,13,1.0,D,A,H,0.34971471942601656,0.33002489392069984,0.32026038665328366,0.019689825505316727,0.6797396133467164,0.9993880161793639,0.16438545943269556,False,True,13
30573,2024-05-19,磐田,浦和,D,磐田,浦和,0.4888400481823523,0.2126823701873598,0.2984775816302878,A,0.7175010465109433,0.1257514032198698,0.1567475502691869,A,0.5803044475137887,0.17790998340036382,0.24178556908584753,A,False,False,False,True,0,1454,2,磐田,浦和,D,2024-05-18,0,13,13,1.0,A,H,D,0.5803044475137887,0.24178556908584753,0.17790998340036382,0.3385188784279412,0.8220900165996363,0.8794955471664583,0.4037194993976927,False,False,1
30573,2024-05-19,磐田,浦和,D,磐田,浦和,0.4888400481823523,0.2126823701873598,0.2984775816302878,A,0.7175010465109433,0.1257514032198698,0.1567475502691869,A,0.5803044475137887,0.17790998340036382,0.24178556908584753,A,False,False,False,True,0,1454,7,磐田,浦和,D,2024-05-18,0,13,13,1.0,A,H,D,0.5803044475137887,0.24178556908584753,0.17790998340036382,0.3385188784279412,0.8220900165996363,0.8794955471664583,0.4037194993976927,False,False,2
30579,2024-05-19,湘南,新潟,H,湘南,新潟,0.3083631323239432,0.2830392318788901,0.4085976357971667,H,0.2481459764965018,0.2422988687921358,0.5095551547113624,H,0.2842762699929667,0.2667430866441884,0.448980643362845,H,True,True,True,True,0,1454,5,湘南,新潟,H,2024-05-18,0,13,13,1.0,H,A,D,0.448980643362845,0.2842762699929667,0.2667430866441884,0.1647043733698783,0.7332569133558117,0.973583390383487,0.2649711421160402,True,True,3
30579,2024-05-19,湘南,新潟,H,湘南,新潟,0.3083631323239432,0.2830392318788901,0.4085976357971667,H,0.2481459764965018,0.2422988687921358,0.5095551547113624,H,0.2842762699929667,0.2667430866441884,0.448980643362845,H,True,True,True,True,0,1454,10,湘南,新潟,H,2024-05-18,0,13,13,1.0,H,A,D,0.448980643362845,0.2842762699929667,0.2667430866441884,0.1647043733698783,0.7332569133558117,0.973583390383487,0.2649711421160402,True,True,4
30207,2024-05-19,レノファ山口FC,藤枝MYFC,H,山口,藤枝,0.4144259592135623,0.3061496481496906,0.279424392636747,A,0.483187965709093,0.3505851644058219,0.1662268698850851,A,0.44193076181177465,0.32392385465214313,0.23414538353608222,A,False,False,False,True,0,1454,12,山口,藤枝,H,2024-05-18,0,13,13,1.0,A,D,H,0.44193076181177465,0.32392385465214313,0.23414538353608222,0.11800690715963152,0.7658546164639177,0.9702777190595402,0.24611571650926162,False,False,5
30577,2024-05-19,G大阪,川崎F,H,g大阪,川崎f,0.4085583958678309,0.254102272760778,0.337339331371391,A,0.4891468336281114,0.2133364952410404,0.2975166711308482,A,0.4407937709719431,0.23779596175288295,0.32141026727517386,A,False,False,False,True,0,1454,4,G大阪,川崎F,H,2024-05-18,0,13,13,1.0,A,H,D,0.4407937709719431,0.32141026727517386,0.23779596175288295,0.11938350369676926,0.7622040382471169,0.9716417139867685,0.24581308043388997,False,True,6
30577,2024-05-19,G大阪,川崎F,H,g大阪,川崎f,0.4085583958678309,0.254102272760778,0.337339331371391,A,0.4891468336281114,0.2133364952410404,0.2975166711308482,A,0.4407937709719431,0.23779596175288295,0.32141026727517386,A,False,False,False,True,0,1454,9,G大阪,川崎F,H,2024-05-18,0,13,13,1.0,A,H,D,0.4407937709719431,0.32141026727517386,0.23779596175288295,0.11938350369676926,0.7622040382471169,0.9716417139867685,0.24581308043388997,False,True,7
30572,2024-05-19,町田,東京V,H,町田,東京v,0.3110491750431325,0.2729474690635854,0.416003355893282,H,0.3381497695564338,0.2015316174588989,0.4603186129846673,H,0.321889412848453,0.2443811284217108,0.4337294587298361,H,True,True,True,True,0,1454,11,町田,東京V,H,2024-05-18,0,13,13,1.0,H,A,D,0.4337294587298361,0.321889412848453,0.2443811284217108,0.11184004588138308,0.7556188715782891,0.9753444323333019,0.23925338602024993,True,True,8
30570,2024-05-18,福岡,C大阪,A,福岡,c大阪,0.3383650930677864,0.2996121255880951,0.3620227813441184,H,0.5130723279066234,0.1950682083271584,0.2918594637662182,A,0.4082479870033212,0.2577945586837205,0.3339574543129583,A,False,True,True,False,0,1454,1,福岡,C大阪,A,2024-05-18,0,13,13,1.0,A,H,D,0.4082479870033212,0.3339574543129583,0.2577945586837205,0.0742905326903629,0.7422054413162795,0.9843971241903618,0.21283385575504918,True,True,9
30570,2024-05-18,福岡,C大阪,A,福岡,c大阪,0.3383650930677864,0.2996121255880951,0.3620227813441184,H,0.5130723279066234,0.1950682083271584,0.2918594637662182,A,0.4082479870033212,0.2577945586837205,0.3339574543129583,A,False,True,True,False,0,1454,6,福岡,C大阪,A,2024-05-18,0,13,13,1.0,A,H,D,0.4082479870033212,0.3339574543129583,0.2577945586837205,0.0742905326903629,0.7422054413162795,0.9843971241903618,0.21283385575504918,True,True,10
30575,2024-05-19,鹿島,神戸,H,鹿島,神戸,0.3729943126301929,0.311345177894105,0.3156605094757021,A,0.394627673420861,0.2215823906792128,0.3837899358999261,A,0.3816476569464602,0.2754400630081481,0.3429122800453917,A,False,False,False,True,0,1454,3,鹿島,神戸,H,2024-05-18,0,13,13,1.0,A,H,D,0.3816476569464602,0.3429122800453917,0.2754400630081481,0.038735376901068486,0.7245599369918518,0.9919656613530691,0.18690569527066725,False,True,11
30575,2024-05-19,鹿島,神戸,H,鹿島,神戸,0.3729943126301929,0.311345177894105,0.3156605094757021,A,0.394627673420861,0.2215823906792128,0.3837899358999261,A,0.3816476569464602,0.2754400630081481,0.3429122800453917,A,False,False,False,True,0,1454,8,鹿島,神戸,H,2024-05-18,0,13,13,1.0,A,H,D,0.3816476569464602,0.3429122800453917,0.2754400630081481,0.038735376901068486,0.7245599369918518,0.9919656613530691,0.18690569527066725,False,True,12
30206,2024-05-19,岡山,甲府,H,岡山,甲府,0.3496868857440099,0.3029555088891842,0.347357605366806,A,0.3069006554353446,0.3217595887104041,0.3713397558542513,H,0.3325723936205438,0.3104771408176722,0.3569504655617841,H,False,True,True,False,0,1454,13,岡山,甲府,H,2024-05-18,0,13,13,1.0,H,A,D,0.3569504655617841,0.3325723936205438,0.3104771408176722,0.02437807194124031,0.6895228591823279,0.9985248718172823,0.16945506031878052,True,True,13
30215,2024-05-26,秋田,群馬,D,秋田,群馬,0.3254009634688756,0.2781789270286781,0.3964201095024463,H,0.2758715785359866,0.2168910573196121,0.5072373641444012,H,0.30558920949572005,0.25366377914505167,0.4407470113592284,H,False,False,False,True,0,1456,11,秋田,群馬,D,2024-05-25,0,13,13,1.0,H,A,D,0.4407470113592284,0.30558920949572005,0.25366377914505167,0.13515780186350834,0.7463362208549484,0.9751751411624948,0.2506063575313817,False,False,1
30586,2024-05-26,FC東京,G大阪,A,fc東京,g大阪,0.3286181855733757,0.2805422909480403,0.390839523478584,H,0.2809612388054255,0.2384242747121764,0.4806144864823981,H,0.3095554068661956,0.2636950844536947,0.4267495086801096,H,False,False,False,True,0,1456,2,FC東京,G大阪,A,2024-05-25,0,13,13,1.0,H,A,D,0.4267495086801096,0.3095554068661956,0.2636950844536947,0.11719410181391399,0.7363049155463052,0.9811357277185072,0.23682806899721776,False,True,2
30586,2024-05-26,FC東京,G大阪,A,fc東京,g大阪,0.3286181855733757,0.2805422909480403,0.390839523478584,H,0.2809612388054255,0.2384242747121764,0.4806144864823981,H,0.3095554068661956,0.2636950844536947,0.4267495086801096,H,False,False,False,True,0,1456,7,FC東京,G大阪,A,2024-05-25,0,13,13,1.0,H,A,D,0.4267495086801096,0.3095554068661956,0.2636950844536947,0.11719410181391399,0.7363049155463052,0.9811357277185072,0.23682806899721776,False,True,3
30216,2024-05-26,いわきFC,徳島,D,いわき,徳島,0.3154896960375051,0.2660913449390252,0.4184189590234696,H,0.2864738626957452,0.3176308450493935,0.3958952922548613,H,0.3038833627008012,0.2867071449831725,0.4094094923160263,H,False,False,False,True,0,1456,12,いわき,徳島,D,2024-05-25,0,13,13,1.0,H,A,D,0.4094094923160263,0.3038833627008012,0.2867071449831725,0.10552612961522512,0.7132928550168275,0.9883006532188207,0.2235082862637765,False,False,4
30214,2024-05-26,仙台,岡山,A,仙台,岡山,0.3847499902181034,0.2995228462157726,0.3157271635661239,A,0.4228767703287586,0.3030434311330663,0.274079798538175,A,0.4000007022623655,0.3009310801826901,0.2990682175549444,A,True,True,True,True,0,1456,13,仙台,岡山,A,2024-05-25,0,13,13,1.0,A,D,H,0.4000007022623655,0.3009310801826901,0.2990682175549444,0.0990696220796754,0.7009317824450556,0.9911566552263944,0.216443352700672,True,True,5
30212,2024-05-25,V・ファーレン長崎,千葉,H,長崎,千葉,0.3541028223144042,0.2536678968585844,0.3922292808270114,H,0.4391415310332013,0.1527850463722682,0.4080734225945304,A,0.3881183058019231,0.2133147566640579,0.398566937534019,H,True,False,True,False,0,1456,5,長崎,千葉,H,2024-05-25,0,13,13,1.0,H,A,D,0.398566937534019,0.3881183058019231,0.2133147566640579,0.010448631732095925,0.7866852433359421,0.9680710532774617,0.1893979323410498,True,True,6
30212,2024-05-25,V・ファーレン長崎,千葉,H,長崎,千葉,0.3541028223144042,0.2536678968585844,0.3922292808270114,H,0.4391415310332013,0.1527850463722682,0.4080734225945304,A,0.3881183058019231,0.2133147566640579,0.398566937534019,H,True,False,True,False,0,1456,10,長崎,千葉,H,2024-05-25,0,13,13,1.0,H,A,D,0.398566937534019,0.3881183058019231,0.2133147566640579,0.010448631732095925,0.7866852433359421,0.9680710532774617,0.1893979323410498,True,True,7
30581,2024-05-25,磐田,湘南,H,磐田,湘南,0.2392231734439679,0.3530417602140497,0.4077350663419823,H,0.1863259594774011,0.460182399782146,0.353491640740453,D,0.21806428785734122,0.39589801604128827,0.38603769610137056,D,True,False,False,False,0,1456,1,磐田,湘南,H,2024-05-25,0,13,13,1.0,D,H,A,0.39589801604128827,0.38603769610137056,0.21806428785734122,0.009860319939917706,0.7819357121426589,0.9706621966378904,0.18747277986997282,False,True,8
30581,2024-05-25,磐田,湘南,H,磐田,湘南,0.2392231734439679,0.3530417602140497,0.4077350663419823,H,0.1863259594774011,0.460182399782146,0.353491640740453,D,0.21806428785734122,0.39589801604128827,0.38603769610137056,D,True,False,False,False,0,1456,6,磐田,湘南,H,2024-05-25,0,13,13,1.0,D,H,A,0.39589801604128827,0.38603769610137056,0.21806428785734122,0.009860319939917706,0.7819357121426589,0.9706621966378904,0.18747277986997282,False,True,9
30589,2024-05-26,浦和,町田,A,浦和,町田,0.3168226291353424,0.3366103623180119,0.3465670085466456,H,0.3258202750568474,0.2632772984409651,0.4109024265021874,H,0.3204216875039444,0.3072771367671932,0.3723011757288623,H,False,False,False,True,0,1456,4,浦和,町田,A,2024-05-25,0,13,13,1.0,H,A,D,0.3723011757288623,0.3204216875039444,0.3072771367671932,0.05187948822491789,0.6927228632328066,0.9968203510392409,0.1863292797488611,False,True,10
30589,2024-05-26,浦和,町田,A,浦和,町田,0.3168226291353424,0.3366103623180119,0.3465670085466456,H,0.3258202750568474,0.2632772984409651,0.4109024265021874,H,0.3204216875039444,0.3072771367671932,0.3723011757288623,H,False,False,False,True,0,1456,9,浦和,町田,A,2024-05-25,0,13,13,1.0,H,A,D,0.3723011757288623,0.3204216875039444,0.3072771367671932,0.05187948822491789,0.6927228632328066,0.9968203510392409,0.1863292797488611,False,True,11
30588,2024-05-26,C大阪,広島,D,c大阪,広島,0.3925908650999092,0.2947389912026713,0.3126701436974194,A,0.3258176868285261,0.4798770034708512,0.1943053097006225,D,0.36588159379135604,0.36879419610994324,0.26532421009870066,D,False,True,True,False,0,1456,3,C大阪,広島,D,2024-05-25,0,13,13,1.0,D,A,H,0.36879419610994324,0.36588159379135604,0.26532421009870066,0.0029126023185871985,0.7346757899012992,0.9901447657717614,0.1689478459066277,True,True,12
30588,2024-05-26,C大阪,広島,D,c大阪,広島,0.3925908650999092,0.2947389912026713,0.3126701436974194,A,0.3258176868285261,0.4798770034708512,0.1943053097006225,D,0.36588159379135604,0.36879419610994324,0.26532421009870066,D,False,True,True,False,0,1456,8,C大阪,広島,D,2024-05-25,0,13,13,1.0,D,A,H,0.36879419610994324,0.36588159379135604,0.26532421009870066,0.0029126023185871985,0.7346757899012992,0.9901447657717614,0.1689478459066277,True,True,13
30599,2024-06-02,柏,福岡,A,柏,福岡,0.4282461282242723,0.2781213747716664,0.2936324970040613,A,0.5835838940027991,0.1319961912255743,0.2844199147716266,A,0.49038123453568305,0.21967130135322951,0.28994746411108746,A,True,True,True,True,0,1457,4,柏,福岡,A,2024-06-01,0,13,13,1.0,A,H,D,0.49038123453568305,0.28994746411108746,0.21967130135322951,0.2004337704245956,0.7803286986467706,0.9478702819606428,0.30124931879753725,True,True,1
30599,2024-06-02,柏,福岡,A,柏,福岡,0.4282461282242723,0.2781213747716664,0.2936324970040613,A,0.5835838940027991,0.1319961912255743,0.2844199147716266,A,0.49038123453568305,0.21967130135322951,0.28994746411108746,A,True,True,True,True,0,1457,9,柏,福岡,A,2024-06-01,0,13,13,1.0,A,H,D,0.49038123453568305,0.28994746411108746,0.21967130135322951,0.2004337704245956,0.7803286986467706,0.9478702819606428,0.30124931879753725,True,True,2
30593,2024-06-01,町田,新潟,A,町田,新潟,0.318453818725587,0.2666726787268277,0.4148735025475853,H,0.2777136196002991,0.1385526661087328,0.5837337142909681,H,0.30215773907547183,0.21542467367958976,0.4824175872449385,H,False,False,False,True,0,1457,1,町田,新潟,A,2024-06-01,0,13,13,1.0,H,A,D,0.4824175872449385,0.30215773907547183,0.21542467367958976,0.18025984816946666,0.7845753263204103,0.9502789050934188,0.2901230801008519,False,True,3
30593,2024-06-01,町田,新潟,A,町田,新潟,0.318453818725587,0.2666726787268277,0.4148735025475853,H,0.2777136196002991,0.1385526661087328,0.5837337142909681,H,0.30215773907547183,0.21542467367958976,0.4824175872449385,H,False,False,False,True,0,1457,6,町田,新潟,A,2024-06-01,0,13,13,1.0,H,A,D,0.4824175872449385,0.30215773907547183,0.21542467367958976,0.18025984816946666,0.7845753263204103,0.9502789050934188,0.2901230801008519,False,True,4
30221,2024-06-01,大分,徳島,A,大分,徳島,0.2692358440761276,0.2824450504088727,0.4483191055149997,H,0.2441654538033714,0.2906503952645509,0.4651841509320777,H,0.2592076879670252,0.285727188351144,0.4550651236818309,H,False,False,False,True,0,1457,5,大分,徳島,A,2024-06-01,0,13,13,1.0,H,D,A,0.4550651236818309,0.285727188351144,0.2592076879670252,0.16933793533068686,0.7407923120329749,0.9704770083521488,0.26995218135213456,False,False,5
30221,2024-06-01,大分,徳島,A,大分,徳島,0.2692358440761276,0.2824450504088727,0.4483191055149997,H,0.2441654538033714,0.2906503952645509,0.4651841509320777,H,0.2592076879670252,0.285727188351144,0.4550651236818309,H,False,False,False,True,0,1457,10,大分,徳島,A,2024-06-01,0,13,13,1.0,H,D,A,0.4550651236818309,0.285727188351144,0.2592076879670252,0.16933793533068686,0.7407923120329749,0.9704770083521488,0.26995218135213456,False,False,6
30224,2024-06-02,いわきFC,仙台,A,いわき,仙台,0.3172224890482233,0.2936977240213954,0.3890797869303813,H,0.3002942055789105,0.2592446895015583,0.4404611049195312,H,0.31045117566049824,0.27991651021346053,0.40963231412604134,H,False,False,False,True,0,1457,11,いわき,仙台,A,2024-06-01,0,13,13,1.0,H,A,D,0.40963231412604134,0.31045117566049824,0.27991651021346053,0.0991811384655431,0.7200834897865396,0.987742581847976,0.2214994234500635,False,True,7
30227,2024-06-02,レノファ山口FC,清水,H,山口,清水,0.393435262873325,0.3110421535047313,0.2955225836219438,A,0.4420711163167367,0.3463278490653482,0.2116010346179152,A,0.4128896042506896,0.325156431728978,0.2619539640203323,A,False,False,False,True,0,1457,12,山口,清水,H,2024-06-01,0,13,13,1.0,A,D,H,0.4128896042506896,0.325156431728978,0.2619539640203323,0.08773317252171159,0.7380460359796677,0.9843677036847472,0.21963339155845993,False,False,8
30597,2024-06-02,東京V,札幌,H,東京v,札幌,0.3337994899228249,0.3230065398131486,0.3431939702640265,H,0.2751767961669615,0.2596024301244464,0.4652207737085919,H,0.31035041242047956,0.29764489593766774,0.3920046916418527,H,True,True,True,True,0,1457,2,東京V,札幌,H,2024-06-01,0,13,13,1.0,H,A,D,0.3920046916418527,0.31035041242047956,0.29764489593766774,0.08165427922137314,0.7023551040623323,0.9930107718754868,0.20637895459121697,True,True,9
30597,2024-06-02,東京V,札幌,H,東京v,札幌,0.3337994899228249,0.3230065398131486,0.3431939702640265,H,0.2751767961669615,0.2596024301244464,0.4652207737085919,H,0.31035041242047956,0.29764489593766774,0.3920046916418527,H,True,True,True,True,0,1457,7,東京V,札幌,H,2024-06-01,0,13,13,1.0,H,A,D,0.3920046916418527,0.31035041242047956,0.29764489593766774,0.08165427922137314,0.7023551040623323,0.9930107718754868,0.20637895459121697,True,True,10
30598,2024-06-02,川崎F,名古屋,H,川崎f,名古屋,0.3216472001731291,0.3316168589662593,0.3467359408606116,H,0.3037468083923048,0.4064174315470498,0.2898357600606455,D,0.31448704346079936,0.36153708799857553,0.32397586854062516,D,True,False,False,False,0,1457,3,川崎F,名古屋,H,2024-06-01,0,13,13,1.0,D,H,A,0.36153708799857553,0.32397586854062516,0.31448704346079936,0.03756121945795038,0.6855129565392006,0.998328273517342,0.17617246170617323,False,True,11
30598,2024-06-02,川崎F,名古屋,H,川崎f,名古屋,0.3216472001731291,0.3316168589662593,0.3467359408606116,H,0.3037468083923048,0.4064174315470498,0.2898357600606455,D,0.31448704346079936,0.36153708799857553,0.32397586854062516,D,True,False,False,False,0,1457,8,川崎F,名古屋,H,2024-06-01,0,13,13,1.0,D,H,A,0.36153708799857553,0.32397586854062516,0.31448704346079936,0.03756121945795038,0.6855129565392006,0.998328273517342,0.17617246170617323,False,True,12
30228,2024-06-02,鹿児島ユナイテッドFC,秋田,D,鹿児島,秋田,0.3171519635671059,0.3413051648430667,0.3415428715898274,H,0.3763448831842578,0.3696130366995853,0.2540420801161569,A,0.34082913141396665,0.35262831358567415,0.30654255500035926,D,False,False,True,False,0,1457,13,鹿児島,秋田,D,2024-06-01,0,13,13,1.0,D,A,H,0.35262831358567415,0.34082913141396665,0.30654255500035926,0.0117991821717075,0.6934574449996408,0.998417725022477,0.1631289098691556,True,True,13
30606,2024-06-16,鹿島,新潟,D,鹿島,新潟,0.3098924656254317,0.2408614389906108,0.4492460953839575,H,0.3025355988357803,0.2242625500562384,0.4732018511079812,H,0.3069497189095712,0.2342218834168618,0.458828397673567,H,False,False,False,True,0,1462,3,鹿島,新潟,D,2024-06-15,0,13,13,1.0,H,A,D,0.458828397673567,0.3069497189095712,0.2342218834168618,0.1518786787639958,0.7657781165831381,0.9648198629911436,0.26666634392227495,False,False,1
30606,2024-06-16,鹿島,新潟,D,鹿島,新潟,0.3098924656254317,0.2408614389906108,0.4492460953839575,H,0.3025355988357803,0.2242625500562384,0.4732018511079812,H,0.3069497189095712,0.2342218834168618,0.458828397673567,H,False,False,False,True,0,1462,8,鹿島,新潟,D,2024-06-15,0,13,13,1.0,H,A,D,0.458828397673567,0.3069497189095712,0.2342218834168618,0.1518786787639958,0.7657781165831381,0.9648198629911436,0.26666634392227495,False,False,2
30602,2024-06-15,京都,札幌,H,京都,札幌,0.3915853716847812,0.2194418447891179,0.3889727835261009,A,0.3647895244731868,0.1125588564540473,0.5226516190727659,H,0.3808670328001434,0.1766886494550897,0.4424443177447669,H,False,True,True,False,0,1462,1,京都,札幌,H,2024-06-15,0,13,13,1.0,H,A,D,0.4424443177447669,0.3808670328001434,0.1766886494550897,0.0615772849446235,0.8233113505449103,0.9418300287515853,0.23228598696544628,True,True,3
30602,2024-06-15,京都,札幌,H,京都,札幌,0.3915853716847812,0.2194418447891179,0.3889727835261009,A,0.3647895244731868,0.1125588564540473,0.5226516190727659,H,0.3808670328001434,0.1766886494550897,0.4424443177447669,H,False,True,True,False,0,1462,6,京都,札幌,H,2024-06-15,0,13,13,1.0,H,A,D,0.4424443177447669,0.3808670328001434,0.1766886494550897,0.0615772849446235,0.8233113505449103,0.9418300287515853,0.23228598696544628,True,True,4
30608,2024-06-16,名古屋,湘南,D,名古屋,湘南,0.4090188057261865,0.317778508136087,0.2732026861377265,A,0.4110243377283286,0.345816613783613,0.2431590484880583,A,0.4098210185270433,0.3289937503950974,0.2611852310778593,A,False,False,False,True,0,1462,4,名古屋,湘南,D,2024-06-15,0,13,13,1.0,A,D,H,0.4098210185270433,0.3289937503950974,0.2611852310778593,0.0808272681319459,0.7388147689221407,0.984851712598049,0.21573865966374073,False,True,5
30608,2024-06-16,名古屋,湘南,D,名古屋,湘南,0.4090188057261865,0.317778508136087,0.2732026861377265,A,0.4110243377283286,0.345816613783613,0.2431590484880583,A,0.4098210185270433,0.3289937503950974,0.2611852310778593,A,False,False,False,True,0,1462,9,名古屋,湘南,D,2024-06-15,0,13,13,1.0,A,D,H,0.4098210185270433,0.3289937503950974,0.2611852310778593,0.0808272681319459,0.7388147689221407,0.984851712598049,0.21573865966374073,False,True,6
30245,2024-06-16,愛媛FC,清水,H,愛媛,清水,0.3830350024888198,0.3858298924074909,0.2311351051036894,D,0.4845175037746954,0.3670993831687146,0.1483831130565899,A,0.42362800300317005,0.37833768871198037,0.19803430828484964,A,False,False,False,False,0,1462,12,愛媛,清水,H,2024-06-15,0,13,13,1.0,A,D,H,0.42362800300317005,0.37833768871198037,0.19803430828484964,0.04529031429118968,0.8019656917151504,0.9578137932055674,0.21492145271222945,False,False,7
30244,2024-06-16,仙台,V・ファーレン長崎,D,仙台,長崎,0.3521378196646483,0.2977390670104951,0.3501231133248565,A,0.4231995174870326,0.2683334442063336,0.3084670383066338,A,0.38056249879360204,0.28597681788883056,0.33346068331756745,A,False,False,False,True,0,1462,11,仙台,長崎,D,2024-06-15,0,13,13,1.0,A,H,D,0.38056249879360204,0.33346068331756745,0.28597681788883056,0.04710181547603459,0.7140231821111696,0.9938705728100202,0.188964645311729,False,False,8
30605,2024-06-16,福岡,鳥栖,H,福岡,鳥栖,0.2610755517114595,0.3538142974509095,0.385110150837631,H,0.1693244352435691,0.4262615148509746,0.4044140499054563,D,0.2243751051243033,0.3827931844109355,0.3928317104647611,H,True,False,True,False,0,1462,2,福岡,鳥栖,H,2024-06-15,0,13,13,1.0,H,D,A,0.3928317104647611,0.3827931844109355,0.2243751051243033,0.010038526053825603,0.7756248948756966,0.9739078382227044,0.18550618618344056,True,True,9
30605,2024-06-16,福岡,鳥栖,H,福岡,鳥栖,0.2610755517114595,0.3538142974509095,0.385110150837631,H,0.1693244352435691,0.4262615148509746,0.4044140499054563,D,0.2243751051243033,0.3827931844109355,0.3928317104647611,H,True,False,True,False,0,1462,7,福岡,鳥栖,H,2024-06-15,0,13,13,1.0,H,D,A,0.3928317104647611,0.3827931844109355,0.2243751051243033,0.010038526053825603,0.7756248948756966,0.9739078382227044,0.18550618618344056,True,True,10
30246,2024-06-16,熊本,岡山,A,熊本,岡山,0.3321118112603123,0.2984282529913398,0.3694599357483478,H,0.2274223578008367,0.4424638757555506,0.3301137664436126,D,0.2902360298765221,0.3560425020970241,0.3537214680264537,D,False,False,False,False,0,1462,13,熊本,岡山,A,2024-06-15,0,13,13,1.0,D,H,A,0.3560425020970241,0.3537214680264537,0.2902360298765221,0.0023210340705703825,0.7097639701234778,0.996102078674447,0.16181107213347107,False,False,11
30604,2024-06-16,神戸,川崎F,H,神戸,川崎f,0.3223682674658221,0.3252815403158746,0.3523501922183032,H,0.3270209908262845,0.350979589464022,0.3219994197096935,D,0.32422935681000714,0.33556075997513357,0.34020988321485934,H,True,False,True,False,0,1462,5,神戸,川崎F,H,2024-06-15,0,13,13,1.0,H,D,A,0.34020988321485934,0.33556075997513357,0.32422935681000714,0.004649123239725772,0.6757706431899929,0.9998149079694958,0.15475865898669158,True,True,12
30604,2024-06-16,神戸,川崎F,H,神戸,川崎f,0.3223682674658221,0.3252815403158746,0.3523501922183032,H,0.3270209908262845,0.350979589464022,0.3219994197096935,D,0.32422935681000714,0.33556075997513357,0.34020988321485934,H,True,False,True,False,0,1462,10,神戸,川崎F,H,2024-06-15,0,13,13,1.0,H,D,A,0.34020988321485934,0.33556075997513357,0.32422935681000714,0.004649123239725772,0.6757706431899929,0.9998149079694958,0.15475865898669158,True,True,13
30619,2024-06-23,札幌,横浜FM,A,札幌,横浜fm,0.4466324697118199,0.2582605595398471,0.295106970748333,A,0.5967802523147779,0.2325288490967479,0.1706908985884742,A,0.5066915827530031,0.2479678753626074,0.2453405418843895,A,True,True,True,True,0,1463,6,札幌,横浜FM,A,2024-06-22,0,13,13,1.0,A,D,H,0.5066915827530031,0.2479678753626074,0.2453405418843895,0.2587237073903957,0.7546594581156105,0.942084824659214,0.3301475448936471,True,True,1
30612,2024-06-22,新潟,川崎F,D,新潟,川崎f,0.3055482789978614,0.2858106513157471,0.4086410696863914,H,0.2426772053412362,0.270418994464121,0.4869038001946428,H,0.28039984953521135,0.27965398857509677,0.439946161889692,H,False,False,False,True,0,1463,2,新潟,川崎F,D,2024-06-22,0,13,13,1.0,H,A,D,0.439946161889692,0.28039984953521135,0.27965398857509677,0.15954631235448063,0.7203460114249034,0.9777025652560016,0.25827646912322927,False,False,2
30612,2024-06-22,新潟,川崎F,D,新潟,川崎f,0.3055482789978614,0.2858106513157471,0.4086410696863914,H,0.2426772053412362,0.270418994464121,0.4869038001946428,H,0.28039984953521135,0.27965398857509677,0.439946161889692,H,False,False,False,True,0,1463,8,新潟,川崎F,D,2024-06-22,0,13,13,1.0,H,A,D,0.439946161889692,0.28039984953521135,0.27965398857509677,0.15954631235448063,0.7203460114249034,0.9777025652560016,0.25827646912322927,False,False,3
30250,2024-06-22,山形,仙台,D,山形,仙台,0.4022681815773967,0.2803831227810912,0.3173486956415121,A,0.500336117798064,0.2588476782879443,0.2408162039139917,A,0.44149535606566365,0.27176894498383247,0.28673569895050394,A,False,False,False,True,0,1463,13,山形,仙台,D,2024-06-22,0,13,13,1.0,A,H,D,0.44149535606566365,0.28673569895050394,0.27176894498383247,0.1547596571151597,0.7282310550161676,0.9768789722134857,0.2574629957771574,False,False,4
30611,2024-06-22,東京V,名古屋,H,東京v,名古屋,0.321593264063886,0.2566126016392009,0.4217941342969131,H,0.3338714675600542,0.2106476594664355,0.4554808729735103,H,0.3265045454623533,0.2382266247700947,0.435268829767552,H,True,True,True,True,0,1463,1,東京V,名古屋,H,2024-06-22,0,13,13,1.0,H,A,D,0.435268829767552,0.3265045454623533,0.2382266247700947,0.10876428430519869,0.7617733752299053,0.9732797274503537,0.2392825274121472,True,True,5
30611,2024-06-22,東京V,名古屋,H,東京v,名古屋,0.321593264063886,0.2566126016392009,0.4217941342969131,H,0.3338714675600542,0.2106476594664355,0.4554808729735103,H,0.3265045454623533,0.2382266247700947,0.435268829767552,H,True,True,True,True,0,1463,7,東京V,名古屋,H,2024-06-22,0,13,13,1.0,H,A,D,0.435268829767552,0.3265045454623533,0.2382266247700947,0.10876428430519869,0.7617733752299053,0.9732797274503537,0.2392825274121472,True,True,6
30254,2024-06-22,岡山,群馬,H,岡山,群馬,0.2918274836848438,0.2800279112444797,0.4281446050706765,H,0.2560995111554122,0.3240166245838098,0.419883864260778,H,0.27753629467307117,0.29762339658021175,0.42484030874671713,H,True,True,True,True,0,1463,5,岡山,群馬,H,2024-06-22,0,13,13,1.0,H,D,A,0.42484030874671713,0.29762339658021175,0.27753629467307117,0.12721691216650538,0.7224637053269289,0.9831728428730311,0.23906948961969335,True,True,7
30254,2024-06-22,岡山,群馬,H,岡山,群馬,0.2918274836848438,0.2800279112444797,0.4281446050706765,H,0.2560995111554122,0.3240166245838098,0.419883864260778,H,0.27753629467307117,0.29762339658021175,0.42484030874671713,H,True,True,True,True,0,1463,11,岡山,群馬,H,2024-06-22,0,13,13,1.0,H,D,A,0.42484030874671713,0.29762339658021175,0.27753629467307117,0.12721691216650538,0.7224637053269289,0.9831728428730311,0.23906948961969335,True,True,8
30614,2024-06-22,柏,広島,A,柏,広島,0.3381833853413218,0.3910781430640274,0.2707384715946507,D,0.2879064716721777,0.4316905509101853,0.280402977417637,D,0.3180726198736642,0.4073231062024905,0.2746042739238452,D,False,False,False,True,0,1463,4,柏,広島,A,2024-06-22,0,13,13,1.0,D,A,H,0.4073231062024905,0.3180726198736642,0.2746042739238452,0.08925048632882632,0.7253957260761548,0.9876880945885294,0.21699544908850407,False,True,9
30614,2024-06-22,柏,広島,A,柏,広島,0.3381833853413218,0.3910781430640274,0.2707384715946507,D,0.2879064716721777,0.4316905509101853,0.280402977417637,D,0.3180726198736642,0.4073231062024905,0.2746042739238452,D,False,False,False,True,0,1463,10,柏,広島,A,2024-06-22,0,13,13,1.0,D,A,H,0.4073231062024905,0.3180726198736642,0.2746042739238452,0.08925048632882632,0.7253957260761548,0.9876880945885294,0.21699544908850407,False,True,10
30258,2024-06-23,秋田,清水,H,秋田,清水,0.3107923814848564,0.3484593973457416,0.340748221169402,D,0.3077835909135034,0.4051297708928888,0.2870866381936077,D,0.30958886525631524,0.37112754676460047,0.31928358797908435,D,False,False,False,True,0,1463,12,秋田,清水,H,2024-06-22,0,13,13,1.0,D,H,A,0.37112754676460047,0.31928358797908435,0.30958886525631524,0.05184395878551612,0.6904111347436848,0.99705738158124,0.18574130530275287,False,True,11
30616,2024-06-22,磐田,C大阪,D,磐田,c大阪,0.3025258063810283,0.3078985342213868,0.3895756593975849,H,0.2008328297647794,0.4663821341152221,0.3327850361199985,D,0.2618486157345288,0.371291974178921,0.3668594100865503,D,False,True,True,False,0,1463,3,磐田,C大阪,D,2024-06-22,0,13,13,1.0,D,H,A,0.371291974178921,0.3668594100865503,0.2618486157345288,0.004432564092370694,0.7381513842654713,0.9890804035414078,0.17081670510456262,True,True,12
30616,2024-06-22,磐田,C大阪,D,磐田,c大阪,0.3025258063810283,0.3078985342213868,0.3895756593975849,H,0.2008328297647794,0.4663821341152221,0.3327850361199985,D,0.2618486157345288,0.371291974178921,0.3668594100865503,D,False,True,True,False,0,1463,9,磐田,C大阪,D,2024-06-22,0,13,13,1.0,D,H,A,0.371291974178921,0.3668594100865503,0.2618486157345288,0.004432564092370694,0.7381513842654713,0.9890804035414078,0.17081670510456262,True,True,13
30638,2024-06-30,神戸,鹿島,H,神戸,鹿島,0.3684597388757754,0.3329893873246756,0.298550873799549,A,0.5526556693498392,0.2972144360408221,0.1501298946093387,A,0.44213811106540096,0.31867940681113427,0.23918248212346482,A,False,False,False,True,0,1465,4,神戸,鹿島,H,2024-06-29,0,13,13,1.0,A,D,H,0.44213811106540096,0.31867940681113427,0.23918248212346482,0.1234587042542667,0.7608175178765353,0.9716193474668391,0.24784882697505595,False,False,1
30638,2024-06-30,神戸,鹿島,H,神戸,鹿島,0.3684597388757754,0.3329893873246756,0.298550873799549,A,0.5526556693498392,0.2972144360408221,0.1501298946093387,A,0.44213811106540096,0.31867940681113427,0.23918248212346482,A,False,False,False,True,0,1465,9,神戸,鹿島,H,2024-06-29,0,13,13,1.0,A,D,H,0.44213811106540096,0.31867940681113427,0.23918248212346482,0.1234587042542667,0.7608175178765353,0.9716193474668391,0.24784882697505595,False,False,2
30267,2024-06-30,秋田,山形,A,秋田,山形,0.3693429799112039,0.3232577288760761,0.30739929121272,A,0.5396133340390867,0.2881721560625516,0.1722145098983617,A,0.437451121562357,0.3092234997506663,0.2533253786869767,A,True,True,True,True,0,1465,13,秋田,山形,A,2024-06-29,0,13,13,1.0,A,D,H,0.437451121562357,0.3092234997506663,0.2533253786869767,0.12822762181169067,0.7466746213130233,0.9761854382502853,0.24649558468709534,True,True,3
30263,2024-06-29,仙台,栃木SC,H,仙台,栃木sc,0.2762669630621198,0.2816405959644458,0.4420924409734344,H,0.3146739970123039,0.285638202700603,0.399687800287093,H,0.29162977664219353,0.28323963865890867,0.4251305846988979,H,True,True,True,True,0,1465,12,仙台,栃木,H,2024-06-29,0,13,13,1.0,H,A,D,0.4251305846988979,0.29162977664219353,0.28323963865890867,0.1335008080567044,0.7167603613410914,0.9833331959181928,0.24136740675071203,True,True,4
30633,2024-06-30,G大阪,町田,A,g大阪,町田,0.2986796198132757,0.2945277593048307,0.4067926208818936,H,0.3514939909410893,0.2223000726502509,0.4262059364086597,H,0.31980536826440115,0.26563668464299883,0.41455794709260013,H,False,False,False,True,0,1465,1,G大阪,町田,A,2024-06-29,0,13,13,1.0,H,A,D,0.41455794709260013,0.31980536826440115,0.26563668464299883,0.09475257882819899,0.7343633153570013,0.9846626610978501,0.22278194656196967,False,True,5
30633,2024-06-30,G大阪,町田,A,g大阪,町田,0.2986796198132757,0.2945277593048307,0.4067926208818936,H,0.3514939909410893,0.2223000726502509,0.4262059364086597,H,0.31980536826440115,0.26563668464299883,0.41455794709260013,H,False,False,False,True,0,1465,6,G大阪,町田,A,2024-06-29,0,13,13,1.0,H,A,D,0.41455794709260013,0.31980536826440115,0.26563668464299883,0.09475257882819899,0.7343633153570013,0.9846626610978501,0.22278194656196967,False,True,6
30260,2024-06-29,いわきFC,横浜FC,A,いわき,横浜fc,0.3653713527926587,0.2181117140276738,0.4165169331796675,H,0.40103168470294,0.1941650085634842,0.4048033067335757,H,0.37963548555677135,0.20853303184199792,0.41183148260123076,H,False,False,False,True,0,1465,11,いわき,横浜FC,A,2024-06-29,0,13,13,1.0,H,A,D,0.41183148260123076,0.37963548555677135,0.20853303184199792,0.03219599704445941,0.7914669681580021,0.9648122720521226,0.2036303117256901,False,True,7
30635,2024-06-30,浦和,磐田,H,浦和,磐田,0.2771205028426295,0.3365446970128767,0.3863348001444937,H,0.2610781928472228,0.333959086648705,0.4049627205040721,H,0.27070357884446683,0.33551045286720804,0.3937859682883252,H,True,True,True,True,0,1465,2,浦和,磐田,H,2024-06-29,0,13,13,1.0,H,D,A,0.3937859682883252,0.33551045286720804,0.27070357884446683,0.05827551542111714,0.7292964211555333,0.9895541583165846,0.19968928446382045,True,True,8
30635,2024-06-30,浦和,磐田,H,浦和,磐田,0.2771205028426295,0.3365446970128767,0.3863348001444937,H,0.2610781928472228,0.333959086648705,0.4049627205040721,H,0.27070357884446683,0.33551045286720804,0.3937859682883252,H,True,True,True,True,0,1465,7,浦和,磐田,H,2024-06-29,0,13,13,1.0,H,D,A,0.3937859682883252,0.33551045286720804,0.27070357884446683,0.05827551542111714,0.7292964211555333,0.9895541583165846,0.19968928446382045,True,True,9
30631,2024-06-29,川崎F,広島,D,川崎f,広島,0.2833370812766868,0.328340759479258,0.3883221592440553,H,0.2458395050369991,0.3881743952031809,0.3659860997598199,D,0.26833805078081174,0.35227421376882717,0.37938773545036114,H,False,True,False,False,0,1465,5,川崎F,広島,D,2024-06-29,0,13,13,1.0,H,D,A,0.37938773545036114,0.35227421376882717,0.26833805078081174,0.02711352168153397,0.7316619492191883,0.9905639564889328,0.18210142224341283,False,True,10
30631,2024-06-29,川崎F,広島,D,川崎f,広島,0.2833370812766868,0.328340759479258,0.3883221592440553,H,0.2458395050369991,0.3881743952031809,0.3659860997598199,D,0.26833805078081174,0.35227421376882717,0.37938773545036114,H,False,True,False,False,0,1465,10,川崎F,広島,D,2024-06-29,0,13,13,1.0,H,D,A,0.37938773545036114,0.35227421376882717,0.26833805078081174,0.02711352168153397,0.7316619492191883,0.9905639564889328,0.18210142224341283,False,True,11
30637,2024-06-30,湘南,京都,A,湘南,京都,0.3631467258583748,0.3293397975163762,0.3075134766252489,A,0.3938188057533648,0.3676217701070564,0.2385594241395787,A,0.37541555781637087,0.34465258655264835,0.27993185563098083,A,True,True,True,True,0,1465,3,湘南,京都,A,2024-06-29,0,13,13,1.0,A,D,H,0.37541555781637087,0.34465258655264835,0.27993185563098083,0.030762971263722516,0.7200681443690192,0.993384862842822,0.18102706839110536,True,True,12
30637,2024-06-30,湘南,京都,A,湘南,京都,0.3631467258583748,0.3293397975163762,0.3075134766252489,A,0.3938188057533648,0.3676217701070564,0.2385594241395787,A,0.37541555781637087,0.34465258655264835,0.27993185563098083,A,True,True,True,True,0,1465,8,湘南,京都,A,2024-06-29,0,13,13,1.0,A,D,H,0.37541555781637087,0.34465258655264835,0.27993185563098083,0.030762971263722516,0.7200681443690192,0.993384862842822,0.18102706839110536,True,True,13
30270,2024-07-06,いわきFC,大分,A,いわき,大分,0.2836293769010506,0.3037415521372106,0.4126290709617388,H,0.1846152119432948,0.2058285179996114,0.6095562700570938,H,0.2440237109179483,0.264576338482171,0.4913999505998808,H,False,False,False,True,0,1466,11,いわき,大分,A,2024-07-06,0,13,13,1.0,H,D,A,0.4913999505998808,0.264576338482171,0.2440237109179483,0.2268236121177098,0.7559762890820518,0.951307910601404,0.310256659890864,False,False,1
30649,2024-07-07,福岡,京都,A,福岡,京都,0.4054612070216232,0.2445072522155883,0.3500315407627885,A,0.4928564352594825,0.2543167673265359,0.2528267974139817,A,0.4404192983167669,0.2484310582599674,0.3111496434232658,A,True,True,True,True,0,1466,4,福岡,京都,A,2024-07-06,0,13,13,1.0,A,H,D,0.4404192983167669,0.3111496434232658,0.2484310582599674,0.12926965489350112,0.7515689417400326,0.9743020077826475,0.248572661898741,True,True,2
30649,2024-07-07,福岡,京都,A,福岡,京都,0.4054612070216232,0.2445072522155883,0.3500315407627885,A,0.4928564352594825,0.2543167673265359,0.2528267974139817,A,0.4404192983167669,0.2484310582599674,0.3111496434232658,A,True,True,True,True,0,1466,9,福岡,京都,A,2024-07-06,0,13,13,1.0,A,H,D,0.4404192983167669,0.3111496434232658,0.2484310582599674,0.12926965489350112,0.7515689417400326,0.9743020077826475,0.248572661898741,True,True,3
30641,2024-07-06,鹿島,札幌,H,鹿島,札幌,0.2421113324329469,0.3151670840914953,0.4427215834755578,H,0.2695558528535323,0.2992149320997065,0.4312292150467611,H,0.253089140601181,0.3087862232947798,0.4381246361040391,H,True,True,True,True,0,1466,1,鹿島,札幌,H,2024-07-06,0,13,13,1.0,H,D,A,0.4381246361040391,0.3087862232947798,0.253089140601181,0.12933841280925934,0.746910859398819,0.9759290386255941,0.24723872300493954,True,True,4
30641,2024-07-06,鹿島,札幌,H,鹿島,札幌,0.2421113324329469,0.3151670840914953,0.4427215834755578,H,0.2695558528535323,0.2992149320997065,0.4312292150467611,H,0.253089140601181,0.3087862232947798,0.4381246361040391,H,True,True,True,True,0,1466,6,鹿島,札幌,H,2024-07-06,0,13,13,1.0,H,D,A,0.4381246361040391,0.3087862232947798,0.253089140601181,0.12933841280925934,0.746910859398819,0.9759290386255941,0.24723872300493954,True,True,5
30276,2024-07-06,岡山,仙台,H,岡山,仙台,0.3017528216048492,0.2353956315314461,0.4628515468637048,H,0.4397482588571529,0.1935785359018796,0.3666732052409674,A,0.35695099650577067,0.21866879327961952,0.42438021021460987,H,True,False,True,False,0,1466,13,岡山,仙台,H,2024-07-06,0,13,13,1.0,H,A,D,0.42438021021460987,0.35695099650577067,0.21866879327961952,0.0674292137088392,0.7813312067203806,0.9683873497136973,0.2208938494519287,True,True,6
30275,2024-07-06,山形,栃木SC,H,山形,栃木sc,0.3585252477871042,0.2156408272102772,0.4258339250026187,H,0.4456896385447215,0.1807399474667775,0.373570413988501,A,0.3933910040901511,0.2016804753128773,0.4049285205969716,H,True,False,True,False,0,1466,12,山形,栃木,H,2024-07-06,0,13,13,1.0,H,A,D,0.4049285205969716,0.3933910040901511,0.2016804753128773,0.0115375165068205,0.7983195246871226,0.9612060729740953,0.19401475045120534,True,True,7
30279,2024-07-07,愛媛FC,群馬,A,愛媛,群馬,0.2820102638790583,0.3289185065464609,0.3890712295744808,H,0.2307811600064443,0.4686377355235986,0.300581104469957,D,0.2615186223300128,0.384806198137316,0.3536751795326713,D,False,False,False,False,0,1466,5,愛媛,群馬,A,2024-07-06,0,13,13,1.0,D,H,A,0.384806198137316,0.3536751795326713,0.2615186223300128,0.031131018604644678,0.7384813776699872,0.9883917129044616,0.1863803030925255,False,False,8
30279,2024-07-07,愛媛FC,群馬,A,愛媛,群馬,0.2820102638790583,0.3289185065464609,0.3890712295744808,H,0.2307811600064443,0.4686377355235986,0.300581104469957,D,0.2615186223300128,0.384806198137316,0.3536751795326713,D,False,False,False,False,0,1466,10,愛媛,群馬,A,2024-07-06,0,13,13,1.0,D,H,A,0.384806198137316,0.3536751795326713,0.2615186223300128,0.031131018604644678,0.7384813776699872,0.9883917129044616,0.1863803030925255,False,False,9
30644,2024-07-06,浦和,湘南,A,浦和,湘南,0.2997198332847043,0.3311424953647338,0.3691376713505618,H,0.2085476157947738,0.4143359946327491,0.377116389572477,D,0.26325094628873213,0.36441989507193995,0.372329158639328,H,False,False,False,False,0,1466,3,浦和,湘南,A,2024-07-06,0,13,13,1.0,H,D,A,0.372329158639328,0.36441989507193995,0.26325094628873213,0.007909263567388025,0.736749053711268,0.9894873728362781,0.17241888906902778,False,False,10
30644,2024-07-06,浦和,湘南,A,浦和,湘南,0.2997198332847043,0.3311424953647338,0.3691376713505618,H,0.2085476157947738,0.4143359946327491,0.377116389572477,D,0.26325094628873213,0.36441989507193995,0.372329158639328,H,False,False,False,False,0,1466,8,浦和,湘南,A,2024-07-06,0,13,13,1.0,H,D,A,0.372329158639328,0.36441989507193995,0.26325094628873213,0.007909263567388025,0.736749053711268,0.9894873728362781,0.17241888906902778,False,False,11
30643,2024-07-06,町田,名古屋,H,町田,名古屋,0.3175010352149782,0.3092259979439817,0.37327296684104,H,0.3606078742427419,0.3365716249016263,0.3028205008556319,A,0.3347437708260837,0.3201642487270396,0.3450919804468768,H,True,False,True,False,0,1466,2,町田,名古屋,H,2024-07-06,0,13,13,1.0,H,A,D,0.3450919804468768,0.3347437708260837,0.3201642487270396,0.01034820962079308,0.6798357512729605,0.9995707183077817,0.15899912090681578,True,True,12
30643,2024-07-06,町田,名古屋,H,町田,名古屋,0.3175010352149782,0.3092259979439817,0.37327296684104,H,0.3606078742427419,0.3365716249016263,0.3028205008556319,A,0.3347437708260837,0.3201642487270396,0.3450919804468768,H,True,False,True,False,0,1466,7,町田,名古屋,H,2024-07-06,0,13,13,1.0,H,A,D,0.3450919804468768,0.3347437708260837,0.3201642487270396,0.01034820962079308,0.6798357512729605,0.9995707183077817,0.15899912090681578,True,True,13
30651,2024-07-13,FC東京,新潟,H,fc東京,新潟,0.2639501076177121,0.3045242010262131,0.4315256913560747,H,0.204620779740339,0.217605981665431,0.57777323859423,H,0.24021837646676286,0.26975691328190027,0.4900247102513369,H,True,True,True,True,0,1468,1,FC東京,新潟,H,2024-07-13,0,13,13,1.0,H,D,A,0.4900247102513369,0.26975691328190027,0.24021837646676286,0.22026779696943666,0.7597816235332372,0.9517280685210143,0.30725923484820156,True,True,1
30651,2024-07-13,FC東京,新潟,H,fc東京,新潟,0.2639501076177121,0.3045242010262131,0.4315256913560747,H,0.204620779740339,0.217605981665431,0.57777323859423,H,0.24021837646676286,0.26975691328190027,0.4900247102513369,H,True,True,True,True,0,1468,6,FC東京,新潟,H,2024-07-13,0,13,13,1.0,H,D,A,0.4900247102513369,0.26975691328190027,0.24021837646676286,0.22026779696943666,0.7597816235332372,0.9517280685210143,0.30725923484820156,True,True,2
30653,2024-07-14,名古屋,柏,H,名古屋,柏,0.2609899142163476,0.2757068714153712,0.4633032143682811,H,0.1681524487347272,0.3108886528928073,0.5209588983724655,H,0.22385492802369944,0.28977958400634574,0.4863654879699549,H,True,True,True,True,0,1468,2,名古屋,柏,H,2024-07-13,0,13,13,1.0,H,D,A,0.4863654879699549,0.28977958400634574,0.22385492802369944,0.19658590396360914,0.7761450719763006,0.9507969944325387,0.29751013708723517,True,True,3
30653,2024-07-14,名古屋,柏,H,名古屋,柏,0.2609899142163476,0.2757068714153712,0.4633032143682811,H,0.1681524487347272,0.3108886528928073,0.5209588983724655,H,0.22385492802369944,0.28977958400634574,0.4863654879699549,H,True,True,True,True,0,1468,7,名古屋,柏,H,2024-07-13,0,13,13,1.0,H,D,A,0.4863654879699549,0.28977958400634574,0.22385492802369944,0.19658590396360914,0.7761450719763006,0.9507969944325387,0.29751013708723517,True,True,4
30282,2024-07-14,秋田,レノファ山口FC,H,秋田,山口,0.434929203166012,0.2679902299788276,0.2970805668551604,A,0.5474403184310553,0.3386177050837023,0.1139419764852423,A,0.47993364927202936,0.29624122002077746,0.22382513070719312,A,False,False,False,True,0,1468,11,秋田,山口,H,2024-07-13,0,13,13,1.0,A,D,H,0.47993364927202936,0.29624122002077746,0.22382513070719312,0.1836924292512519,0.7761748692928068,0.9537177146043739,0.2895189494894766,False,False,5
30658,2024-07-14,鳥栖,G大阪,A,鳥栖,g大阪,0.2987777244139658,0.2973191721164696,0.4039031034695646,H,0.2708558762730255,0.2304203685072411,0.4987237552197334,H,0.2876089851575897,0.2705596506727782,0.4418313641696321,H,False,False,False,True,0,1468,5,鳥栖,G大阪,A,2024-07-13,0,13,13,1.0,H,A,D,0.4418313641696321,0.2876089851575897,0.2705596506727782,0.1542223790120424,0.7294403493272218,0.9766841784840091,0.25746511083374746,False,True,6
30658,2024-07-14,鳥栖,G大阪,A,鳥栖,g大阪,0.2987777244139658,0.2973191721164696,0.4039031034695646,H,0.2708558762730255,0.2304203685072411,0.4987237552197334,H,0.2876089851575897,0.2705596506727782,0.4418313641696321,H,False,False,False,True,0,1468,10,鳥栖,G大阪,A,2024-07-13,0,13,13,1.0,H,A,D,0.4418313641696321,0.2876089851575897,0.2705596506727782,0.1542223790120424,0.7294403493272218,0.9766841784840091,0.25746511083374746,False,True,7
30288,2024-07-14,徳島,仙台,H,徳島,仙台,0.3007043924143415,0.3595935330730128,0.3397020745126457,D,0.1778541334795338,0.3301358555836335,0.4920100109368326,H,0.2515642888404184,0.3478104620772611,0.4006252490823205,H,False,True,True,False,0,1468,12,徳島,仙台,H,2024-07-13,0,13,13,1.0,H,D,A,0.4006252490823205,0.3478104620772611,0.2515642888404184,0.05281478700505943,0.7484357111595816,0.9839305930689952,0.201980418925016,True,True,8
30656,2024-07-14,湘南,磐田,H,湘南,磐田,0.3394064218154987,0.3574747955162811,0.3031187826682202,D,0.2955005690510284,0.4347594409987805,0.269739989950191,D,0.3218440807097106,0.3883886537092809,0.2897672655810085,D,False,False,False,True,0,1468,4,湘南,磐田,H,2024-07-13,0,13,13,1.0,D,A,H,0.3883886537092809,0.3218440807097106,0.2897672655810085,0.06654457299957028,0.7102327344189915,0.9931774848683651,0.199429997745353,False,False,9
30656,2024-07-14,湘南,磐田,H,湘南,磐田,0.3394064218154987,0.3574747955162811,0.3031187826682202,D,0.2955005690510284,0.4347594409987805,0.269739989950191,D,0.3218440807097106,0.3883886537092809,0.2897672655810085,D,False,False,False,True,0,1468,9,湘南,磐田,H,2024-07-13,0,13,13,1.0,D,A,H,0.3883886537092809,0.3218440807097106,0.2897672655810085,0.06654457299957028,0.7102327344189915,0.9931774848683651,0.199429997745353,False,False,10
30655,2024-07-14,川崎F,C大阪,D,川崎f,c大阪,0.3839797728807207,0.2635813479890459,0.3524388791302333,A,0.3454086405511855,0.1974467810169529,0.4571445784318615,H,0.36855131994890666,0.23712752120020872,0.39432115885088465,H,False,False,False,False,0,1468,3,川崎F,C大阪,D,2024-07-13,0,13,13,1.0,H,A,D,0.39432115885088465,0.36855131994890666,0.23712752120020872,0.02576983890197798,0.7628724787997914,0.9795027632813157,0.19056341244232725,False,False,11
30655,2024-07-14,川崎F,C大阪,D,川崎f,c大阪,0.3839797728807207,0.2635813479890459,0.3524388791302333,A,0.3454086405511855,0.1974467810169529,0.4571445784318615,H,0.36855131994890666,0.23712752120020872,0.39432115885088465,H,False,False,False,False,0,1468,8,川崎F,C大阪,D,2024-07-13,0,13,13,1.0,H,A,D,0.39432115885088465,0.36855131994890666,0.23712752120020872,0.02576983890197798,0.7628724787997914,0.9795027632813157,0.19056341244232725,False,False,12
30280,2024-07-13,藤枝MYFC,愛媛FC,A,藤枝,愛媛,0.3585427646348259,0.2657252219329971,0.375732013432177,H,0.3148229465696918,0.3088407821397941,0.376336271290514,H,0.3410548374087723,0.2829714460157159,0.3759737165755118,H,False,False,False,True,0,1468,13,藤枝,愛媛,A,2024-07-13,0,13,13,1.0,H,A,D,0.3759737165755118,0.3410548374087723,0.2829714460157159,0.034918879166739525,0.7170285539842841,0.9938843879340271,0.18263290258053375,False,True,13
30662,2024-07-20,浦和,札幌,A,浦和,札幌,0.2246646325153365,0.3376740131800446,0.4376613543046189,H,0.1572527029214014,0.209951123376973,0.6327961737016256,H,0.1976998606777624,0.2865848572588159,0.5157152820634217,H,False,False,False,True,0,1469,2,浦和,札幌,A,2024-07-20,0,13,13,1.0,H,D,A,0.5157152820634217,0.2865848572588159,0.1976998606777624,0.22913042480460577,0.8023001393222375,0.9285627080906005,0.32655498399203164,False,False,1
30662,2024-07-20,浦和,札幌,A,浦和,札幌,0.2246646325153365,0.3376740131800446,0.4376613543046189,H,0.1572527029214014,0.209951123376973,0.6327961737016256,H,0.1976998606777624,0.2865848572588159,0.5157152820634217,H,False,False,False,True,0,1469,8,浦和,札幌,A,2024-07-20,0,13,13,1.0,H,D,A,0.5157152820634217,0.2865848572588159,0.1976998606777624,0.22913042480460577,0.8023001393222375,0.9285627080906005,0.32655498399203164,False,False,2
30668,2024-07-20,福岡,東京V,A,福岡,東京v,0.2524983841955008,0.3786233185213817,0.3688782972831175,D,0.2129531338776947,0.5418254698268502,0.245221396295455,D,0.2366802840683783,0.4439041790435691,0.3194155368880525,D,False,False,False,True,0,1469,4,福岡,東京V,A,2024-07-20,0,13,13,1.0,D,H,A,0.4439041790435691,0.3194155368880525,0.2366802840683783,0.12448864215551658,0.7633197159316216,0.9704234665124487,0.24924321202154717,False,False,3
30668,2024-07-20,福岡,東京V,A,福岡,東京v,0.2524983841955008,0.3786233185213817,0.3688782972831175,D,0.2129531338776947,0.5418254698268502,0.245221396295455,D,0.2366802840683783,0.4439041790435691,0.3194155368880525,D,False,False,False,True,0,1469,10,福岡,東京V,A,2024-07-20,0,13,13,1.0,D,H,A,0.4439041790435691,0.3194155368880525,0.2366802840683783,0.12448864215551658,0.7633197159316216,0.9704234665124487,0.24924321202154717,False,False,4
29881,2024-07-20,ツエーゲン金沢,ヴァンラーレ八戸,H,金沢,八戸,0.3352237944617285,0.3950029114609071,0.2697732940773643,D,0.3396060699135643,0.4735352295516359,0.1868587005347997,D,0.3369767046424629,0.4264158386971987,0.2366074566603385,D,False,False,False,True,0,1469,5,金沢,八戸,H,2024-07-20,0,13,13,1.0,D,A,H,0.4264158386971987,0.3369767046424629,0.2366074566603385,0.0894391340547358,0.7633925433396616,0.9748932902984628,0.22821216627320437,False,False,5
29881,2024-07-20,ツエーゲン金沢,ヴァンラーレ八戸,H,金沢,八戸,0.3352237944617285,0.3950029114609071,0.2697732940773643,D,0.3396060699135643,0.4735352295516359,0.1868587005347997,D,0.3369767046424629,0.4264158386971987,0.2366074566603385,D,False,False,False,True,0,1469,11,金沢,八戸,H,2024-07-20,0,13,13,1.0,D,A,H,0.4264158386971987,0.3369767046424629,0.2366074566603385,0.0894391340547358,0.7633925433396616,0.9748932902984628,0.22821216627320437,False,False,6
29886,2024-07-21,いわてグルージャ盛岡,富山,A,岩手,富山,0.3225539989371798,0.3651119878510216,0.3123340132117986,D,0.2833907094313111,0.4254010133237721,0.2912082772449167,D,0.3068886831348323,0.3892275980401218,0.3038837188250458,D,False,False,False,True,0,1469,13,岩手,富山,A,2024-07-20,0,13,13,1.0,D,A,H,0.3892275980401218,0.3068886831348323,0.3038837188250458,0.0823389149052895,0.6961162811749542,0.9937528601402037,0.2052204673068654,False,True,7
30661,2024-07-20,町田,横浜FM,A,町田,横浜fm,0.3707133892718359,0.2306523516046732,0.3986342591234908,H,0.4895019908092867,0.0661817343380409,0.4443162748526724,A,0.41822882988681626,0.16486410469802032,0.4169070654151635,A,False,True,True,False,0,1469,1,町田,横浜FM,A,2024-07-20,0,13,13,1.0,A,H,D,0.41822882988681626,0.4169070654151635,0.16486410469802032,0.0013217644716527754,0.8351358953019797,0.9343782351294359,0.2017899439882586,True,True,8
30661,2024-07-20,町田,横浜FM,A,町田,横浜fm,0.3707133892718359,0.2306523516046732,0.3986342591234908,H,0.4895019908092867,0.0661817343380409,0.4443162748526724,A,0.41822882988681626,0.16486410469802032,0.4169070654151635,A,False,True,True,False,0,1469,7,町田,横浜FM,A,2024-07-20,0,13,13,1.0,A,H,D,0.41822882988681626,0.4169070654151635,0.16486410469802032,0.0013217644716527754,0.8351358953019797,0.9343782351294359,0.2017899439882586,True,True,9
30669,2024-07-21,鳥栖,広島,A,鳥栖,広島,0.3674831887101566,0.3769145293881017,0.2556022819017415,D,0.3864735498166946,0.4548806673938473,0.158645782789458,D,0.37507933315277187,0.40810098459040006,0.21681968225682813,D,False,False,False,True,0,1469,6,鳥栖,広島,A,2024-07-20,0,13,13,1.0,D,A,H,0.40810098459040006,0.37507933315277187,0.21681968225682813,0.0330216514376282,0.783180317743172,0.9694193715062426,0.20131914676760138,False,True,10
30665,2024-07-20,G大阪,湘南,A,g大阪,湘南,0.3062701484755056,0.359778764617577,0.3339510869069173,D,0.3428785851164618,0.4351249678161332,0.2219964470674049,D,0.32091352313188815,0.3899172458969996,0.28916923097111236,D,False,False,False,True,0,1469,3,G大阪,湘南,A,2024-07-20,0,13,13,1.0,D,A,H,0.3899172458969996,0.32091352313188815,0.28916923097111236,0.06900372276511146,0.7108307690288878,0.992854315394242,0.20104320054259042,False,True,11
30665,2024-07-20,G大阪,湘南,A,g大阪,湘南,0.3062701484755056,0.359778764617577,0.3339510869069173,D,0.3428785851164618,0.4351249678161332,0.2219964470674049,D,0.32091352313188815,0.3899172458969996,0.28916923097111236,D,False,False,False,True,0,1469,9,G大阪,湘南,A,2024-07-20,0,13,13,1.0,D,A,H,0.3899172458969996,0.32091352313188815,0.28916923097111236,0.06900372276511146,0.7108307690288878,0.992854315394242,0.20104320054259042,False,True,12
29887,2024-07-21,カマタマーレ讃岐,SC相模原,D,讃岐,相模原,0.3756676245042663,0.2759028592150878,0.3484295162806458,A,0.3869370869118483,0.2468924165988504,0.3661704964893013,A,0.3801754094672991,0.2642986821685928,0.355525908364108,A,False,False,False,True,0,1469,12,讃岐,相模原,D,2024-07-20,0,13,13,1.0,A,H,D,0.3801754094672991,0.355525908364108,0.2642986821685928,0.024649501103191085,0.7357013178314071,0.9894679335276442,0.18181267294087267,False,False,13
30291,2024-08-03,仙台,清水,H,仙台,清水,0.4940021450578042,0.1705211344679441,0.3354767204742516,A,0.5609775806616448,0.0811448882107323,0.3578775311276229,A,0.5207923192993406,0.13477063596505942,0.34443704473560016,A,False,False,False,True,0,1471,5,仙台,清水,H,2024-08-03,0,13,13,1.0,A,H,D,0.5207923192993406,0.34443704473560016,0.13477063596505942,0.1763552745637404,0.8652293640349407,0.8892926546478476,0.3182223588524429,False,True,1
30291,2024-08-03,仙台,清水,H,仙台,清水,0.4940021450578042,0.1705211344679441,0.3354767204742516,A,0.5609775806616448,0.0811448882107323,0.3578775311276229,A,0.5207923192993406,0.13477063596505942,0.34443704473560016,A,False,False,False,True,0,1471,12,仙台,清水,H,2024-08-03,0,13,13,1.0,A,H,D,0.5207923192993406,0.34443704473560016,0.13477063596505942,0.1763552745637404,0.8652293640349407,0.8892926546478476,0.3182223588524429,False,True,2
30679,2024-08-07,横浜FM,札幌,H,横浜fm,札幌,0.2621844828990976,0.2801765377519761,0.4576389793489262,H,0.1951674676564115,0.2925286648067725,0.512303867536816,H,0.23537767680202315,0.28511738857389474,0.4795049346240822,H,True,True,True,True,0,1471,7,横浜FM,札幌,H,2024-08-03,0,13,13,1.0,H,D,A,0.4795049346240822,0.28511738857389474,0.23537767680202315,0.1943875460501875,0.764622323197977,0.9563940765595076,0.2925340463865011,True,True,3
30673,2024-08-07,湘南,福岡,D,湘南,福岡,0.4029250245443236,0.2967304359030658,0.3003445395526106,A,0.5099638587653296,0.3069143979706391,0.1831217432640314,A,0.445740558232726,0.3008040207300951,0.2534554210371789,A,False,False,False,True,0,1471,6,湘南,福岡,D,2024-08-03,0,13,13,1.0,A,D,H,0.445740558232726,0.3008040207300951,0.2534554210371789,0.1449365375026309,0.7465445789628211,0.9734151793005769,0.25662800347053216,False,True,4
30674,2024-08-07,新潟,磐田,D,新潟,磐田,0.3361066482553294,0.2799300554996813,0.3839632962449893,H,0.262119887239273,0.2655160888179194,0.4723640239428076,H,0.30651194384890684,0.27416446882697654,0.41932358732411673,H,False,False,False,True,0,1471,3,新潟,磐田,D,2024-08-03,0,13,13,1.0,H,A,D,0.41932358732411673,0.30651194384890684,0.27416446882697654,0.11281164347520989,0.7258355311730236,0.9845743696756565,0.2312648155770447,False,False,5
30674,2024-08-07,新潟,磐田,D,新潟,磐田,0.3361066482553294,0.2799300554996813,0.3839632962449893,H,0.262119887239273,0.2655160888179194,0.4723640239428076,H,0.30651194384890684,0.27416446882697654,0.41932358732411673,H,False,False,False,True,0,1471,10,新潟,磐田,D,2024-08-03,0,13,13,1.0,H,A,D,0.41932358732411673,0.30651194384890684,0.27416446882697654,0.11281164347520989,0.7258355311730236,0.9845743696756565,0.2312648155770447,False,False,6
30670,2024-08-07,鹿島,鳥栖,H,鹿島,鳥栖,0.3523811653160797,0.3099057375503787,0.3377130971335415,A,0.4215746121978773,0.2971549503233835,0.2812704374787392,A,0.3800585440687988,0.3048054226595806,0.3151360332716206,A,False,False,False,True,0,1471,1,鹿島,鳥栖,H,2024-08-03,0,13,13,1.0,A,H,D,0.3800585440687988,0.3151360332716206,0.3048054226595806,0.0649225107971782,0.6951945773404193,0.9955444565455792,0.19464033230085598,False,True,7
30670,2024-08-07,鹿島,鳥栖,H,鹿島,鳥栖,0.3523811653160797,0.3099057375503787,0.3377130971335415,A,0.4215746121978773,0.2971549503233835,0.2812704374787392,A,0.3800585440687988,0.3048054226595806,0.3151360332716206,A,False,False,False,True,0,1471,8,鹿島,鳥栖,H,2024-08-03,0,13,13,1.0,A,H,D,0.3800585440687988,0.3151360332716206,0.3048054226595806,0.0649225107971782,0.6951945773404193,0.9955444565455792,0.19464033230085598,False,True,8
30671,2024-08-07,東京V,広島,A,東京v,広島,0.3196381026429787,0.3206040925196338,0.3597578048373876,H,0.3008819336653123,0.3244458557361796,0.3746722105985081,H,0.3121356350519121,0.3221407978062521,0.3657235671418358,H,False,False,False,True,0,1471,2,東京V,広島,A,2024-08-03,0,13,13,1.0,H,D,A,0.3657235671418358,0.3221407978062521,0.3121356350519121,0.04358276933558369,0.6878643649480879,0.997811892699294,0.1802671959414216,False,False,9
30671,2024-08-07,東京V,広島,A,東京v,広島,0.3196381026429787,0.3206040925196338,0.3597578048373876,H,0.3008819336653123,0.3244458557361796,0.3746722105985081,H,0.3121356350519121,0.3221407978062521,0.3657235671418358,H,False,False,False,True,0,1471,9,東京V,広島,A,2024-08-03,0,13,13,1.0,H,D,A,0.3657235671418358,0.3221407978062521,0.3121356350519121,0.04358276933558369,0.6878643649480879,0.997811892699294,0.1802671959414216,False,False,10
30675,2024-08-07,京都,名古屋,H,京都,名古屋,0.3446691501469294,0.3293791979294733,0.3259516519235974,A,0.3847201042441584,0.3390562972241189,0.2762235985317227,A,0.3606895317858209,0.3332500376473315,0.3060604305668475,A,False,False,False,True,0,1471,4,京都,名古屋,H,2024-08-03,0,13,13,1.0,A,D,H,0.3606895317858209,0.3332500376473315,0.3060604305668475,0.027439494138489395,0.6939395694331525,0.9979606083610533,0.17232199057988004,False,False,11
30675,2024-08-07,京都,名古屋,H,京都,名古屋,0.3446691501469294,0.3293791979294733,0.3259516519235974,A,0.3847201042441584,0.3390562972241189,0.2762235985317227,A,0.3606895317858209,0.3332500376473315,0.3060604305668475,A,False,False,False,True,0,1471,11,京都,名古屋,H,2024-08-03,0,13,13,1.0,A,D,H,0.3606895317858209,0.3332500376473315,0.3060604305668475,0.027439494138489395,0.6939395694331525,0.9979606083610533,0.17232199057988004,False,False,12
30299,2024-08-04,いわきFC,秋田,H,いわき,秋田,0.3277401321214309,0.339389642512464,0.332870225366105,D,0.3378406301409856,0.3053220373972244,0.35683733246179,H,0.3317803313292528,0.3257626004663682,0.342457068204379,H,False,True,True,False,0,1471,13,いわき,秋田,H,2024-08-03,0,13,13,1.0,H,A,D,0.342457068204379,0.3317803313292528,0.3257626004663682,0.010676736875126214,0.6742373995336317,0.9998052127644164,0.15788149604538146,True,True,13
30685,2024-08-11,磐田,鹿島,H,磐田,鹿島,0.5209203677209234,0.2575522870002854,0.2215273452787912,A,0.7157776378818574,0.1620259955407614,0.1221963665773811,A,0.5988632757852971,0.21934177041647585,0.18179495379822713,A,False,False,False,True,0,1472,4,磐田,鹿島,H,2024-08-10,0,13,13,1.0,A,D,H,0.5988632757852971,0.21934177041647585,0.18179495379822713,0.37952150536882123,0.8182050462017729,0.864505969546524,0.4294198070731663,False,False,1
30685,2024-08-11,磐田,鹿島,H,磐田,鹿島,0.5209203677209234,0.2575522870002854,0.2215273452787912,A,0.7157776378818574,0.1620259955407614,0.1221963665773811,A,0.5988632757852971,0.21934177041647585,0.18179495379822713,A,False,False,False,True,0,1472,9,磐田,鹿島,H,2024-08-10,0,13,13,1.0,A,D,H,0.5988632757852971,0.21934177041647585,0.18179495379822713,0.37952150536882123,0.8182050462017729,0.864505969546524,0.4294198070731663,False,False,2
30300,2024-08-10,いわきFC,愛媛FC,H,いわき,愛媛,0.2642897098818775,0.2969086873422238,0.4388016027758988,H,0.205974546036655,0.3147470134001689,0.479278440563176,H,0.2409636443437885,0.3040440177654018,0.4549923378908097,H,True,True,True,True,0,1472,5,いわき,愛媛,H,2024-08-10,0,13,13,1.0,H,D,A,0.4549923378908097,0.3040440177654018,0.2409636443437885,0.15094832012540788,0.7590363556562114,0.9677682683222651,0.26402481043030407,True,True,3
30300,2024-08-10,いわきFC,愛媛FC,H,いわき,愛媛,0.2642897098818775,0.2969086873422238,0.4388016027758988,H,0.205974546036655,0.3147470134001689,0.479278440563176,H,0.2409636443437885,0.3040440177654018,0.4549923378908097,H,True,True,True,True,0,1472,10,いわき,愛媛,H,2024-08-10,0,13,13,1.0,H,D,A,0.4549923378908097,0.3040440177654018,0.2409636443437885,0.15094832012540788,0.7590363556562114,0.9677682683222651,0.26402481043030407,True,True,4
30682,2024-08-11,広島,C大阪,H,広島,c大阪,0.3303724267265518,0.2662125344162812,0.403415038857167,H,0.2689671767031054,0.2430457526677612,0.4879870706291333,H,0.3058103267171732,0.2569458217168732,0.4372438515659536,H,True,True,True,True,0,1472,1,広島,C大阪,H,2024-08-10,0,13,13,1.0,H,A,D,0.4372438515659536,0.3058103267171732,0.2569458217168732,0.1314335248487804,0.7430541782831268,0.9768672766627436,0.24738801156920354,True,True,5
30682,2024-08-11,広島,C大阪,H,広島,c大阪,0.3303724267265518,0.2662125344162812,0.403415038857167,H,0.2689671767031054,0.2430457526677612,0.4879870706291333,H,0.3058103267171732,0.2569458217168732,0.4372438515659536,H,True,True,True,True,0,1472,6,広島,C大阪,H,2024-08-10,0,13,13,1.0,H,A,D,0.4372438515659536,0.3058103267171732,0.2569458217168732,0.1314335248487804,0.7430541782831268,0.9768672766627436,0.24738801156920354,True,True,6
30307,2024-08-11,秋田,鹿児島ユナイテッドFC,H,秋田,鹿児島,0.2827490825897059,0.3556070416747021,0.3616438757355919,H,0.2712541234492293,0.2609881583979815,0.4677577181527892,H,0.27815109893351525,0.31775948836401385,0.4040894127024709,H,True,True,True,True,0,1472,12,秋田,鹿児島,H,2024-08-10,0,13,13,1.0,H,D,A,0.4040894127024709,0.31775948836401385,0.27815109893351525,0.08632992433845704,0.7218489010664848,0.9888578876917983,0.21428413169621222,True,True,7
30684,2024-08-11,FC東京,川崎F,A,fc東京,川崎f,0.3880088808897933,0.2972375807777698,0.3147535383324368,A,0.3904020640013856,0.2895346961316057,0.3200632398670087,A,0.3889661541344302,0.2941564269193042,0.3168774189462656,A,True,True,True,True,0,1472,3,FC東京,川崎F,A,2024-08-10,0,13,13,1.0,A,H,D,0.3889661541344302,0.3168774189462656,0.2941564269193042,0.07208873518816461,0.7058435730806958,0.9934325828602864,0.20157931010429395,True,True,8
30684,2024-08-11,FC東京,川崎F,A,fc東京,川崎f,0.3880088808897933,0.2972375807777698,0.3147535383324368,A,0.3904020640013856,0.2895346961316057,0.3200632398670087,A,0.3889661541344302,0.2941564269193042,0.3168774189462656,A,True,True,True,True,0,1472,8,FC東京,川崎F,A,2024-08-10,0,13,13,1.0,A,H,D,0.3889661541344302,0.3168774189462656,0.2941564269193042,0.07208873518816461,0.7058435730806958,0.9934325828602864,0.20157931010429395,True,True,9
30304,2024-08-10,清水,群馬,H,清水,群馬,0.3456675218913549,0.2531691699400713,0.4011633081685737,H,0.3340205687856937,0.2806734033746959,0.3853060278396104,H,0.3410087406490905,0.26417086331392114,0.39482039603698843,H,True,True,True,True,0,1472,13,清水,群馬,H,2024-08-10,0,13,13,1.0,H,A,D,0.39482039603698843,0.3410087406490905,0.26417086331392114,0.05381165538789795,0.735829136686079,0.9880127510174124,0.1989007073989266,True,True,10
30305,2024-08-10,岡山,千葉,D,岡山,千葉,0.3963080760278432,0.3219997296928693,0.2816921942792875,A,0.3857009446809234,0.3579334686948432,0.2563655866242334,A,0.3920652234890753,0.3363732252936589,0.2715615512172659,A,False,False,False,True,0,1472,11,岡山,千葉,D,2024-08-10,0,13,13,1.0,A,D,H,0.3920652234890753,0.3363732252936589,0.2715615512172659,0.055691998195416426,0.7284384487827342,0.9899669506323912,0.1979281598120014,False,True,11
30683,2024-08-11,柏,G大阪,D,柏,g大阪,0.3158407660310937,0.3024920663868486,0.3816671675820577,H,0.3438380833449642,0.3284160421034846,0.3277458745515511,A,0.3270396929566419,0.3128616566735031,0.3600986503698551,H,False,False,False,False,0,1472,2,柏,G大阪,D,2024-08-10,0,13,13,1.0,H,A,D,0.3600986503698551,0.3270396929566419,0.3128616566735031,0.033058957413213186,0.687138343326497,0.9984083373504866,0.1739333602909621,False,False,12
30683,2024-08-11,柏,G大阪,D,柏,g大阪,0.3158407660310937,0.3024920663868486,0.3816671675820577,H,0.3438380833449642,0.3284160421034846,0.3277458745515511,A,0.3270396929566419,0.3128616566735031,0.3600986503698551,H,False,False,False,False,0,1472,7,柏,G大阪,D,2024-08-10,0,13,13,1.0,H,A,D,0.3600986503698551,0.3270396929566419,0.3128616566735031,0.033058957413213186,0.687138343326497,0.9984083373504866,0.1739333602909621,False,False,13
30697,2024-08-17,C大阪,京都,A,c大阪,京都,0.3019172947073154,0.3010683636625922,0.3970143416300923,H,0.2541613186778658,0.2849539534920812,0.4608847278300529,H,0.28281490429553563,0.29462259959438786,0.4225624961100766,H,False,False,False,True,0,1473,3,C大阪,京都,A,2024-08-17,0,13,13,1.0,H,D,A,0.4225624961100766,0.29462259959438786,0.28281490429553563,0.12793989651568877,0.7171850957044645,0.9841816730866954,0.2380957524126865,False,False,1
30697,2024-08-17,C大阪,京都,A,c大阪,京都,0.3019172947073154,0.3010683636625922,0.3970143416300923,H,0.2541613186778658,0.2849539534920812,0.4608847278300529,H,0.28281490429553563,0.29462259959438786,0.4225624961100766,H,False,False,False,True,0,1473,8,C大阪,京都,A,2024-08-17,0,13,13,1.0,H,D,A,0.4225624961100766,0.29462259959438786,0.28281490429553563,0.12793989651568877,0.7171850957044645,0.9841816730866954,0.2380957524126865,False,False,2
30311,2024-08-17,仙台,鹿児島ユナイテッドFC,H,仙台,鹿児島,0.2903298579990606,0.3059345274159513,0.4037356145849881,H,0.2584985313630878,0.3323205642958945,0.4091809043410176,H,0.2775973273446716,0.3164889421679286,0.4059137304873999,H,True,True,True,True,0,1473,11,仙台,鹿児島,H,2024-08-17,0,13,13,1.0,H,D,A,0.4059137304873999,0.3164889421679286,0.2775973273446716,0.08942478831947132,0.7224026726553285,0.9883851186614633,0.21628283089885225,True,True,3
30695,2024-08-17,湘南,柏,A,湘南,柏,0.3852890159922661,0.3128548264834949,0.301856157524239,A,0.3976618788275191,0.2840658790631851,0.3182722421092958,A,0.3902381611263673,0.301339247515371,0.3084225913582617,A,True,True,True,True,0,1473,2,湘南,柏,A,2024-08-17,0,13,13,1.0,A,H,D,0.3902381611263673,0.3084225913582617,0.301339247515371,0.08181556976810556,0.698660752484629,0.9934970395801106,0.2055432140096801,True,True,4
30695,2024-08-17,湘南,柏,A,湘南,柏,0.3852890159922661,0.3128548264834949,0.301856157524239,A,0.3976618788275191,0.2840658790631851,0.3182722421092958,A,0.3902381611263673,0.301339247515371,0.3084225913582617,A,True,True,True,True,0,1473,7,湘南,柏,A,2024-08-17,0,13,13,1.0,A,H,D,0.3902381611263673,0.3084225913582617,0.301339247515371,0.08181556976810556,0.698660752484629,0.9934970395801106,0.2055432140096801,True,True,5
30699,2024-08-17,福岡,新潟,A,福岡,新潟,0.3218039233097246,0.2938211692408068,0.3843749074494685,H,0.2560696405568125,0.3641717261646685,0.3797586332785191,H,0.2955102102085598,0.32196139201035145,0.3825283977810888,H,False,False,False,True,0,1473,4,福岡,新潟,A,2024-08-17,0,13,13,1.0,H,D,A,0.3825283977810888,0.32196139201035145,0.2955102102085598,0.06056700577073737,0.7044897897914403,0.994636893572754,0.19440885230669724,False,False,6
30699,2024-08-17,福岡,新潟,A,福岡,新潟,0.3218039233097246,0.2938211692408068,0.3843749074494685,H,0.2560696405568125,0.3641717261646685,0.3797586332785191,H,0.2955102102085598,0.32196139201035145,0.3825283977810888,H,False,False,False,True,0,1473,9,福岡,新潟,A,2024-08-17,0,13,13,1.0,H,D,A,0.3825283977810888,0.32196139201035145,0.2955102102085598,0.06056700577073737,0.7044897897914403,0.994636893572754,0.19440885230669724,False,False,7
30692,2024-08-17,町田,磐田,H,町田,磐田,0.3825485986314274,0.3185510853211795,0.298900316047393,A,0.3493677948903012,0.3320220531269786,0.3186101519827201,A,0.3692762771349769,0.3239394724434992,0.3067842504215239,A,False,False,False,True,0,1473,1,町田,磐田,H,2024-08-17,0,13,13,1.0,A,D,H,0.3692762771349769,0.3239394724434992,0.3067842504215239,0.04533680469147772,0.6932157495784761,0.9971856563288773,0.18260507508698134,False,False,8
30692,2024-08-17,町田,磐田,H,町田,磐田,0.3825485986314274,0.3185510853211795,0.298900316047393,A,0.3493677948903012,0.3320220531269786,0.3186101519827201,A,0.3692762771349769,0.3239394724434992,0.3067842504215239,A,False,False,False,True,0,1473,6,町田,磐田,H,2024-08-17,0,13,13,1.0,A,D,H,0.3692762771349769,0.3239394724434992,0.3067842504215239,0.04533680469147772,0.6932157495784761,0.9971856563288773,0.18260507508698134,False,False,9
30317,2024-08-17,徳島,岡山,D,徳島,岡山,0.3117998360745501,0.3208101586447415,0.3673900052807083,H,0.4397559037654915,0.3224064219805606,0.2378376742539479,A,0.3629822631509267,0.3214486639790691,0.3155690728700042,A,False,False,False,False,0,1473,12,徳島,岡山,D,2024-08-17,0,13,13,1.0,A,D,H,0.3629822631509267,0.3214486639790691,0.3155690728700042,0.04153359917185756,0.6844309271299958,0.9981999377823225,0.17823879057160266,False,True,10
30316,2024-08-17,藤枝MYFC,レノファ山口FC,H,藤枝,山口,0.3537872308067474,0.3243455717072345,0.3218671974860181,A,0.3804335264049033,0.3373529954812754,0.2822134781138212,A,0.3644457490460098,0.3295485412168508,0.3060057097371393,A,False,False,False,True,0,1473,13,藤枝,山口,H,2024-08-17,0,13,13,1.0,A,D,H,0.3644457490460098,0.3295485412168508,0.3060057097371393,0.034897207829159005,0.6939942902628606,0.9976493107822467,0.17668474765446074,False,False,11
30312,2024-08-17,山形,V・ファーレン長崎,H,山形,長崎,0.3766653256920801,0.2723103285778773,0.3510243457300426,A,0.2999961261604736,0.3638027827740843,0.336201091065442,D,0.34599764587943754,0.30890731025636015,0.34509504386420237,A,False,False,False,False,0,1473,5,山形,長崎,H,2024-08-17,0,13,13,1.0,A,H,D,0.34599764587943754,0.34509504386420237,0.30890731025636015,0.0009026020152351766,0.6910926897436399,0.998761765914827,0.15626249816811383,False,True,12
30312,2024-08-17,山形,V・ファーレン長崎,H,山形,長崎,0.3766653256920801,0.2723103285778773,0.3510243457300426,A,0.2999961261604736,0.3638027827740843,0.336201091065442,D,0.34599764587943754,0.30890731025636015,0.34509504386420237,A,False,False,False,False,0,1473,10,山形,長崎,H,2024-08-17,0,13,13,1.0,A,H,D,0.34599764587943754,0.34509504386420237,0.30890731025636015,0.0009026020152351766,0.6910926897436399,0.998761765914827,0.15626249816811383,False,True,13
30347,2024-09-07,鹿児島ユナイテッドFC,いわきFC,A,鹿児島,いわき,0.4874137818133934,0.253721470281317,0.2588647479052896,A,0.5984600770405166,0.2412074131380688,0.1603325098214146,A,0.5318322999042427,0.24871584742401773,0.21945185267173964,A,True,True,True,True,0,1478,13,鹿児島,いわき,A,2024-09-07,0,13,13,1.0,A,D,H,0.5318322999042427,0.24871584742401773,0.21945185267173964,0.283116452480225,0.7805481473282605,0.9236316982108534,0.3536889536828173,True,True,1
30345,2024-09-07,愛媛FC,横浜FC,A,愛媛,横浜fc,0.472123642252703,0.2578473175041667,0.2700290402431304,A,0.5520917193907204,0.2105605889506534,0.2373476916586261,A,0.50411087310791,0.2389326260827613,0.2569565008093287,A,True,True,True,True,0,1478,4,愛媛,横浜FC,A,2024-09-07,0,13,13,1.0,A,H,D,0.50411087310791,0.2569565008093287,0.2389326260827613,0.24715437229858134,0.7610673739172387,0.9434719757037232,0.32465952806231835,True,True,2
30345,2024-09-07,愛媛FC,横浜FC,A,愛媛,横浜fc,0.472123642252703,0.2578473175041667,0.2700290402431304,A,0.5520917193907204,0.2105605889506534,0.2373476916586261,A,0.50411087310791,0.2389326260827613,0.2569565008093287,A,True,True,True,True,0,1478,9,愛媛,横浜FC,A,2024-09-07,0,13,13,1.0,A,H,D,0.50411087310791,0.2569565008093287,0.2389326260827613,0.24715437229858134,0.7610673739172387,0.9434719757037232,0.32465952806231835,True,True,3
30346,2024-09-07,大分,山形,A,大分,山形,0.3979849820836227,0.2715128333411961,0.3305021845751811,A,0.526025925622624,0.2020645707210648,0.2719095036563113,A,0.44920135949922324,0.24373352829314351,0.3070651122076333,A,True,True,True,True,0,1478,12,大分,山形,A,2024-09-07,0,13,13,1.0,A,H,D,0.44920135949922324,0.3070651122076333,0.24373352829314351,0.14213624729158997,0.7562664717068566,0.9704176398929322,0.2578047703481205,True,True,4
30348,2024-09-08,岡山,秋田,A,岡山,秋田,0.2959256842232048,0.2858980405257904,0.4181762752510048,H,0.2847328845209439,0.2511866541734601,0.464080461305596,H,0.29144856434230043,0.27201348598485825,0.4365379496728413,H,False,False,False,True,0,1478,11,岡山,秋田,A,2024-09-07,0,13,13,1.0,H,A,D,0.4365379496728413,0.29144856434230043,0.27201348598485825,0.1450893853305409,0.7279865140151418,0.9787779052215306,0.2514677811741618,False,True,5
30343,2024-09-07,藤枝MYFC,栃木SC,H,藤枝,栃木sc,0.3130766930240152,0.3477571032459426,0.3391662037300421,D,0.2886100826372313,0.4826640678239162,0.2287258495388525,D,0.30329004886930166,0.40171988907713196,0.29499006205356626,D,False,False,False,True,0,1478,3,藤枝,栃木,H,2024-09-07,0,13,13,1.0,D,A,H,0.40171988907713196,0.30329004886930166,0.29499006205356626,0.0984298402078303,0.7050099379464336,0.9906510883572849,0.217094176485993,False,False,6
30343,2024-09-07,藤枝MYFC,栃木SC,H,藤枝,栃木sc,0.3130766930240152,0.3477571032459426,0.3391662037300421,D,0.2886100826372313,0.4826640678239162,0.2287258495388525,D,0.30329004886930166,0.40171988907713196,0.29499006205356626,D,False,False,False,True,0,1478,8,藤枝,栃木,H,2024-09-07,0,13,13,1.0,D,A,H,0.40171988907713196,0.30329004886930166,0.29499006205356626,0.0984298402078303,0.7050099379464336,0.9906510883572849,0.217094176485993,False,False,7
30341,2024-09-07,千葉,水戸,H,千葉,水戸,0.2871234981065977,0.3263589542807858,0.3865175476126165,H,0.1804252346446243,0.3722059189350059,0.4473688464203698,H,0.24444419272180834,0.34469774014247384,0.4108580671357179,H,True,True,True,True,0,1478,2,千葉,水戸,H,2024-09-07,0,13,13,1.0,H,D,A,0.4108580671357179,0.34469774014247384,0.24444419272180834,0.06616032699324403,0.7555558072781917,0.9802909998523621,0.21198404468823603,True,True,8
30341,2024-09-07,千葉,水戸,H,千葉,水戸,0.2871234981065977,0.3263589542807858,0.3865175476126165,H,0.1804252346446243,0.3722059189350059,0.4473688464203698,H,0.24444419272180834,0.34469774014247384,0.4108580671357179,H,True,True,True,True,0,1478,7,千葉,水戸,H,2024-09-07,0,13,13,1.0,H,D,A,0.4108580671357179,0.34469774014247384,0.24444419272180834,0.06616032699324403,0.7555558072781917,0.9802909998523621,0.21198404468823603,True,True,9
30344,2024-09-07,レノファ山口FC,徳島,A,山口,徳島,0.3587478630267491,0.2875120765395662,0.3537400604336847,A,0.3946887279764633,0.3018973224645334,0.3034139495590033,A,0.3731242090066348,0.2932661749095531,0.3336096160838121,A,True,True,True,True,0,1478,5,山口,徳島,A,2024-09-07,0,13,13,1.0,A,H,D,0.3731242090066348,0.3336096160838121,0.2932661749095531,0.03951459292282267,0.7067338250904469,0.9956338983634591,0.1826092219032818,True,True,10
30344,2024-09-07,レノファ山口FC,徳島,A,山口,徳島,0.3587478630267491,0.2875120765395662,0.3537400604336847,A,0.3946887279764633,0.3018973224645334,0.3034139495590033,A,0.3731242090066348,0.2932661749095531,0.3336096160838121,A,True,True,True,True,0,1478,10,山口,徳島,A,2024-09-07,0,13,13,1.0,A,H,D,0.3731242090066348,0.3336096160838121,0.2932661749095531,0.03951459292282267,0.7067338250904469,0.9956338983634591,0.1826092219032818,True,True,11
30340,2024-09-07,群馬,仙台,D,群馬,仙台,0.3659980195631763,0.3066798322329735,0.3273221482038502,A,0.3501645703588599,0.3530368742170058,0.2967985554241341,D,0.35966463988144975,0.32522264902658643,0.31511271109196376,A,False,True,False,False,0,1478,1,群馬,仙台,D,2024-09-07,0,13,13,1.0,A,D,H,0.35966463988144975,0.32522264902658643,0.31511271109196376,0.034441990854863325,0.6848872889080362,0.9985249970175673,0.1741987853423411,False,True,12
30340,2024-09-07,群馬,仙台,D,群馬,仙台,0.3659980195631763,0.3066798322329735,0.3273221482038502,A,0.3501645703588599,0.3530368742170058,0.2967985554241341,D,0.35966463988144975,0.32522264902658643,0.31511271109196376,A,False,True,False,False,0,1478,6,群馬,仙台,D,2024-09-07,0,13,13,1.0,A,D,H,0.35966463988144975,0.32522264902658643,0.31511271109196376,0.034441990854863325,0.6848872889080362,0.9985249970175673,0.1741987853423411,False,True,13
30354,2024-09-14,徳島,大分,H,徳島,大分,0.2656758505551014,0.4052141144400854,0.3291100350048132,D,0.2813594079774498,0.532838858537356,0.1858017334851942,D,0.27194927352404075,0.4562640120789938,0.27178671439696556,D,False,False,False,True,0,1479,4,徳島,大分,H,2024-09-14,0,13,13,1.0,D,A,H,0.4562640120789938,0.27194927352404075,0.27178671439696556,0.18431473855495306,0.7282132856030346,0.9705022121003047,0.2757285215097198,False,False,1
30354,2024-09-14,徳島,大分,H,徳島,大分,0.2656758505551014,0.4052141144400854,0.3291100350048132,D,0.2813594079774498,0.532838858537356,0.1858017334851942,D,0.27194927352404075,0.4562640120789938,0.27178671439696556,D,False,False,False,True,0,1479,9,徳島,大分,H,2024-09-14,0,13,13,1.0,D,A,H,0.4562640120789938,0.27194927352404075,0.27178671439696556,0.18431473855495306,0.7282132856030346,0.9705022121003047,0.2757285215097198,False,False,2
30356,2024-09-15,横浜FC,甲府,H,横浜fc,甲府,0.2893824862148417,0.2814741836090059,0.4291433301761524,H,0.2036145467058813,0.3421146367382128,0.4542708165559059,H,0.2550753104112575,0.30573036486068866,0.4391943247280537,H,True,True,True,True,0,1479,13,横浜FC,甲府,H,2024-09-14,0,13,13,1.0,H,D,A,0.4391943247280537,0.30573036486068866,0.2550753104112575,0.13346395986736503,0.7449246895887424,0.9759259255252628,0.24916464697614937,True,True,3
30352,2024-09-14,清水,レノファ山口FC,H,清水,山口,0.2988564399751152,0.2847799383276517,0.4163636216972331,H,0.2308384334981184,0.367897179041306,0.4012643874605756,H,0.27164923738431646,0.31802683461311343,0.41032392800257017,H,True,True,True,True,0,1479,5,清水,山口,H,2024-09-14,0,13,13,1.0,H,D,A,0.41032392800257017,0.31802683461311343,0.27164923738431646,0.09229709338945674,0.7283507626156835,0.9865927035486899,0.21963120957772847,True,True,4
30352,2024-09-14,清水,レノファ山口FC,H,清水,山口,0.2988564399751152,0.2847799383276517,0.4163636216972331,H,0.2308384334981184,0.367897179041306,0.4012643874605756,H,0.27164923738431646,0.31802683461311343,0.41032392800257017,H,True,True,True,True,0,1479,10,清水,山口,H,2024-09-14,0,13,13,1.0,H,D,A,0.41032392800257017,0.31802683461311343,0.27164923738431646,0.09229709338945674,0.7283507626156835,0.9865927035486899,0.21963120957772847,True,True,5
30723,2024-09-14,FC東京,名古屋,H,fc東京,名古屋,0.3478304844023404,0.3473857880827944,0.3047837275148651,A,0.4450511076384977,0.3584244517302408,0.1965244406312614,A,0.3867187336968033,0.351801253541773,0.2614800127614237,A,False,False,False,True,0,1479,2,FC東京,名古屋,H,2024-09-14,0,13,13,1.0,A,D,H,0.3867187336968033,0.351801253541773,0.2614800127614237,0.03491748015503032,0.7385199872385764,0.9882253945074156,0.18859946931633897,False,False,6
30723,2024-09-14,FC東京,名古屋,H,fc東京,名古屋,0.3478304844023404,0.3473857880827944,0.3047837275148651,A,0.4450511076384977,0.3584244517302408,0.1965244406312614,A,0.3867187336968033,0.351801253541773,0.2614800127614237,A,False,False,False,True,0,1479,7,FC東京,名古屋,H,2024-09-14,0,13,13,1.0,A,D,H,0.3867187336968033,0.351801253541773,0.2614800127614237,0.03491748015503032,0.7385199872385764,0.9882253945074156,0.18859946931633897,False,False,7
30355,2024-09-14,仙台,藤枝MYFC,A,仙台,藤枝,0.357350173616378,0.3113334515356714,0.3313163748479505,A,0.4139000299840465,0.3657720599245267,0.2203279100914268,A,0.37997011616344545,0.33310889489121354,0.28692098894534107,A,True,True,True,True,0,1479,3,仙台,藤枝,A,2024-09-14,0,13,13,1.0,A,D,H,0.37997011616344545,0.33310889489121354,0.28692098894534107,0.04686122127223191,0.713079011054659,0.9940718295185105,0.18857361381512952,True,True,8
30355,2024-09-14,仙台,藤枝MYFC,A,仙台,藤枝,0.357350173616378,0.3113334515356714,0.3313163748479505,A,0.4139000299840465,0.3657720599245267,0.2203279100914268,A,0.37997011616344545,0.33310889489121354,0.28692098894534107,A,True,True,True,True,0,1479,8,仙台,藤枝,A,2024-09-14,0,13,13,1.0,A,D,H,0.37997011616344545,0.33310889489121354,0.28692098894534107,0.04686122127223191,0.713079011054659,0.9940718295185105,0.18857361381512952,True,True,9
30726,2024-09-14,福岡,町田,A,福岡,町田,0.3234439408492799,0.3316865973247622,0.3448694618259579,H,0.3197944892741465,0.387080831870143,0.2931246788557105,D,0.32198416021922655,0.35384429114291455,0.32417154863785896,D,False,False,False,False,0,1479,1,福岡,町田,A,2024-09-14,0,13,13,1.0,D,H,A,0.35384429114291455,0.32417154863785896,0.32198416021922655,0.029672742505055583,0.6780158397807735,0.9991434618886543,0.16978669851335013,False,False,10
30726,2024-09-14,福岡,町田,A,福岡,町田,0.3234439408492799,0.3316865973247622,0.3448694618259579,H,0.3197944892741465,0.387080831870143,0.2931246788557105,D,0.32198416021922655,0.35384429114291455,0.32417154863785896,D,False,False,False,False,0,1479,6,福岡,町田,A,2024-09-14,0,13,13,1.0,D,H,A,0.35384429114291455,0.32417154863785896,0.32198416021922655,0.029672742505055583,0.6780158397807735,0.9991434618886543,0.16978669851335013,False,False,11
30353,2024-09-14,岡山,愛媛FC,H,岡山,愛媛,0.3311823057528089,0.2921137465637253,0.3767039476834659,H,0.4221503914945038,0.2258941156970342,0.351955492808462,A,0.36756954004948683,0.26562589421704885,0.36680456573346437,A,True,False,False,False,0,1479,11,岡山,愛媛,H,2024-09-14,0,13,13,1.0,A,H,D,0.36756954004948683,0.36680456573346437,0.26562589421704885,0.0007649743160224598,0.7343741057829511,0.9902387829563813,0.1676262774416007,False,True,12
30357,2024-09-15,いわきFC,V・ファーレン長崎,A,いわき,長崎,0.3351944029423339,0.378786182608804,0.2860194144488622,D,0.3610021479753979,0.3138772840293686,0.3251205679952334,A,0.34551750095555955,0.35282262317702984,0.30165987586741067,D,False,True,False,False,0,1479,12,いわき,長崎,A,2024-09-14,0,13,13,1.0,D,A,H,0.35282262317702984,0.34551750095555955,0.30165987586741067,0.007305122221470284,0.6983401241325894,0.9978756369693526,0.16175184581330754,False,True,13
30733,2024-09-21,町田,札幌,D,町田,札幌,0.2855159311115455,0.2705299784671465,0.4439540904213079,H,0.2235309755709152,0.2533759936241841,0.5230930308049007,H,0.26072194889529343,0.26366838452996155,0.47560966657474507,H,False,False,False,True,0,1481,1,町田,札幌,D,2024-09-21,0,13,13,1.0,H,D,A,0.47560966657474507,0.26366838452996155,0.26072194889529343,0.21194128204478352,0.7392780511047066,0.9606922713342224,0.296065344407465,False,True,1
30733,2024-09-21,町田,札幌,D,町田,札幌,0.2855159311115455,0.2705299784671465,0.4439540904213079,H,0.2235309755709152,0.2533759936241841,0.5230930308049007,H,0.26072194889529343,0.26366838452996155,0.47560966657474507,H,False,False,False,True,0,1481,6,町田,札幌,D,2024-09-21,0,13,13,1.0,H,D,A,0.47560966657474507,0.26366838452996155,0.26072194889529343,0.21194128204478352,0.7392780511047066,0.9606922713342224,0.296065344407465,False,True,2
30362,2024-09-21,愛媛FC,山形,A,愛媛,山形,0.4522436105547324,0.2704210566129501,0.2773353328323175,A,0.4947987633613923,0.3906448504303426,0.1145563862082651,A,0.4692656716773964,0.3185105741399071,0.2122237541826965,A,True,True,True,True,0,1481,11,愛媛,山形,A,2024-09-21,0,13,13,1.0,A,D,H,0.4692656716773964,0.3185105741399071,0.2122237541826965,0.15075509753748934,0.7877762458173034,0.9543119119799677,0.2730714539969561,True,True,3
30364,2024-09-21,仙台,甲府,D,仙台,甲府,0.3435774838286113,0.2321200644112153,0.4243024517601734,H,0.3138143849341092,0.2504571163172638,0.4357284987486269,H,0.3316722442708105,0.2394548851736347,0.4288728705555548,H,False,False,False,True,0,1481,5,仙台,甲府,D,2024-09-21,0,13,13,1.0,H,A,D,0.4288728705555548,0.3316722442708105,0.2394548851736347,0.0972006262847443,0.7605451148263653,0.9752231553883803,0.2319683798719841,False,False,4
30364,2024-09-21,仙台,甲府,D,仙台,甲府,0.3435774838286113,0.2321200644112153,0.4243024517601734,H,0.3138143849341092,0.2504571163172638,0.4357284987486269,H,0.3316722442708105,0.2394548851736347,0.4288728705555548,H,False,False,False,True,0,1481,10,仙台,甲府,D,2024-09-21,0,13,13,1.0,H,A,D,0.4288728705555548,0.3316722442708105,0.2394548851736347,0.0972006262847443,0.7605451148263653,0.9752231553883803,0.2319683798719841,False,False,5
30735,2024-09-22,新潟,神戸,A,新潟,神戸,0.4225485811066629,0.2893699184838875,0.2880815004094496,A,0.4117982659561111,0.3371157649359791,0.2510859691079098,A,0.41824845504644215,0.30846825706472414,0.27328328788883377,A,True,True,True,True,0,1481,3,新潟,神戸,A,2024-09-21,0,13,13,1.0,A,D,H,0.41824845504644215,0.30846825706472414,0.27328328788883377,0.10978019798171801,0.7267167121111663,0.9847833859435058,0.22967819687579913,True,True,6
30735,2024-09-22,新潟,神戸,A,新潟,神戸,0.4225485811066629,0.2893699184838875,0.2880815004094496,A,0.4117982659561111,0.3371157649359791,0.2510859691079098,A,0.41824845504644215,0.30846825706472414,0.27328328788883377,A,True,True,True,True,0,1481,8,新潟,神戸,A,2024-09-21,0,13,13,1.0,A,D,H,0.41824845504644215,0.30846825706472414,0.27328328788883377,0.10978019798171801,0.7267167121111663,0.9847833859435058,0.22967819687579913,True,True,7
30734,2024-09-22,湘南,C大阪,A,湘南,c大阪,0.3660385028253444,0.3160462119881643,0.3179152851864912,A,0.4302638305015485,0.303989010469425,0.2657471590290265,A,0.391728633895826,0.3112233313806686,0.2970480347235053,A,True,True,True,True,0,1481,4,湘南,C大阪,A,2024-09-21,0,13,13,1.0,A,D,H,0.391728633895826,0.3112233313806686,0.2970480347235053,0.08050530251515742,0.7029519652764946,0.9930450036470508,0.20584574040401665,True,True,8
30734,2024-09-22,湘南,C大阪,A,湘南,c大阪,0.3660385028253444,0.3160462119881643,0.3179152851864912,A,0.4302638305015485,0.303989010469425,0.2657471590290265,A,0.391728633895826,0.3112233313806686,0.2970480347235053,A,True,True,True,True,0,1481,9,湘南,C大阪,A,2024-09-21,0,13,13,1.0,A,D,H,0.391728633895826,0.3112233313806686,0.2970480347235053,0.08050530251515742,0.7029519652764946,0.9930450036470508,0.20584574040401665,True,True,9
30736,2024-09-21,磐田,福岡,D,磐田,福岡,0.2873817368604857,0.3330158041092181,0.3796024590302961,H,0.2285692861183342,0.5022808944468415,0.2691498194348243,D,0.263856756563625,0.4007218402442675,0.3354214031921074,D,False,True,True,False,0,1481,2,磐田,福岡,D,2024-09-21,0,13,13,1.0,D,H,A,0.4007218402442675,0.3354214031921074,0.263856756563625,0.0653004370521601,0.7361432434363748,0.9870706617039956,0.2057658487373773,True,True,10
30736,2024-09-21,磐田,福岡,D,磐田,福岡,0.2873817368604857,0.3330158041092181,0.3796024590302961,H,0.2285692861183342,0.5022808944468415,0.2691498194348243,D,0.263856756563625,0.4007218402442675,0.3354214031921074,D,False,True,True,False,0,1481,7,磐田,福岡,D,2024-09-21,0,13,13,1.0,D,H,A,0.4007218402442675,0.3354214031921074,0.263856756563625,0.0653004370521601,0.7361432434363748,0.9870706617039956,0.2057658487373773,True,True,11
30367,2024-09-22,藤枝MYFC,清水,A,藤枝,清水,0.3932318064405987,0.2597148312162233,0.3470533623431779,A,0.3347619761081094,0.3245702962665091,0.3406677276253815,H,0.36984387430760296,0.28565701723633763,0.34449910845605936,A,True,False,True,False,0,1481,13,藤枝,清水,A,2024-09-21,0,13,13,1.0,A,H,D,0.36984387430760296,0.34449910845605936,0.28565701723633763,0.025344765851543605,0.7143429827636623,0.9948115758067713,0.17633809632510736,True,True,12
30368,2024-09-22,徳島,いわきFC,A,徳島,いわき,0.3431595104396586,0.2955529403019652,0.3612875492583762,H,0.3858818945400402,0.3351929068635104,0.2789251985964493,A,0.3602484640798112,0.3114089269265833,0.3283426089936054,A,False,True,True,False,0,1481,12,徳島,いわき,A,2024-09-21,0,13,13,1.0,A,H,D,0.3602484640798112,0.3283426089936054,0.3114089269265833,0.0319058550862058,0.6885910730734166,0.9983311369762782,0.17361263072083147,True,True,13
30379,2024-09-29,愛媛FC,千葉,A,愛媛,千葉,0.4179450841900979,0.3319915855225458,0.2500633302873562,A,0.5525581366924465,0.2921493754577554,0.1552924878497981,A,0.4717903051910374,0.31605470149662973,0.21215499331233292,A,True,True,True,True,0,1483,4,愛媛,千葉,A,2024-09-28,0,13,13,1.0,A,D,H,0.4717903051910374,0.31605470149662973,0.21215499331233292,0.15573560369440764,0.7878450066876671,0.9533811651927913,0.27613686559045125,True,True,1
30379,2024-09-29,愛媛FC,千葉,A,愛媛,千葉,0.4179450841900979,0.3319915855225458,0.2500633302873562,A,0.5525581366924465,0.2921493754577554,0.1552924878497981,A,0.4717903051910374,0.31605470149662973,0.21215499331233292,A,True,True,True,True,0,1483,9,愛媛,千葉,A,2024-09-28,0,13,13,1.0,A,D,H,0.4717903051910374,0.31605470149662973,0.21215499331233292,0.15573560369440764,0.7878450066876671,0.9533811651927913,0.27613686559045125,True,True,2
30377,2024-09-29,岡山,V・ファーレン長崎,H,岡山,長崎,0.2784433815509431,0.3074337887735435,0.4141228296755133,H,0.2430041854651423,0.2837231096796937,0.473272704855164,H,0.26426770311662284,0.29794951713600365,0.4377827797473736,H,True,True,True,True,0,1483,12,岡山,長崎,H,2024-09-28,0,13,13,1.0,H,D,A,0.4377827797473736,0.29794951713600365,0.26426770311662284,0.13983326261136997,0.7357322968833773,0.9776650771573357,0.25041087736883044,True,True,3
30375,2024-09-29,いわきFC,栃木SC,D,いわき,栃木sc,0.3047273582460422,0.2906989500055935,0.4045736917483644,H,0.3302550273078968,0.3076939119914718,0.3620510607006315,H,0.3149384258707841,0.2974969347999447,0.3875646393292712,H,False,False,False,True,0,1483,3,いわき,栃木,D,2024-09-28,0,13,13,1.0,H,A,D,0.3875646393292712,0.3149384258707841,0.2974969347999447,0.07262621345848713,0.7025030652000552,0.993895398266291,0.20104418275538435,False,False,4
30375,2024-09-29,いわきFC,栃木SC,D,いわき,栃木sc,0.3047273582460422,0.2906989500055935,0.4045736917483644,H,0.3302550273078968,0.3076939119914718,0.3620510607006315,H,0.3149384258707841,0.2974969347999447,0.3875646393292712,H,False,False,False,True,0,1483,8,いわき,栃木,D,2024-09-28,0,13,13,1.0,H,A,D,0.3875646393292712,0.3149384258707841,0.2974969347999447,0.07262621345848713,0.7025030652000552,0.993895398266291,0.20104418275538435,False,False,5
30744,2024-09-28,C大阪,柏,D,c大阪,柏,0.2833431295639065,0.3170582543289494,0.399598616107144,H,0.2489058286088935,0.3625568151773827,0.3885373562137238,H,0.2695682091819013,0.3352576786683228,0.3951741121497759,H,False,False,False,True,0,1483,2,C大阪,柏,D,2024-09-28,0,13,13,1.0,H,D,A,0.3951741121497759,0.3352576786683228,0.2695682091819013,0.05991643348145309,0.7304317908180986,0.9891255051495336,0.20097400115600103,False,True,6
30744,2024-09-28,C大阪,柏,D,c大阪,柏,0.2833431295639065,0.3170582543289494,0.399598616107144,H,0.2489058286088935,0.3625568151773827,0.3885373562137238,H,0.2695682091819013,0.3352576786683228,0.3951741121497759,H,False,False,False,True,0,1483,7,C大阪,柏,D,2024-09-28,0,13,13,1.0,H,D,A,0.3951741121497759,0.3352576786683228,0.2695682091819013,0.05991643348145309,0.7304317908180986,0.9891255051495336,0.20097400115600103,False,True,7
30742,2024-09-28,名古屋,磐田,H,名古屋,磐田,0.312214000861014,0.2839978339903361,0.4037881651486499,H,0.345555344693815,0.3058776926486288,0.348566962657556,H,0.32555053839413445,0.29274977745365327,0.3816996841522124,H,True,True,True,True,0,1483,1,名古屋,磐田,H,2024-09-28,0,13,13,1.0,H,A,D,0.3816996841522124,0.32555053839413445,0.29274977745365327,0.056149145758077945,0.7072502225463468,0.9945207800173844,0.19251290288034598,True,True,8
30742,2024-09-28,名古屋,磐田,H,名古屋,磐田,0.312214000861014,0.2839978339903361,0.4037881651486499,H,0.345555344693815,0.3058776926486288,0.348566962657556,H,0.32555053839413445,0.29274977745365327,0.3816996841522124,H,True,True,True,True,0,1483,6,名古屋,磐田,H,2024-09-28,0,13,13,1.0,H,A,D,0.3816996841522124,0.32555053839413445,0.29274977745365327,0.056149145758077945,0.7072502225463468,0.9945207800173844,0.19251290288034598,True,True,9
30374,2024-09-29,秋田,徳島,H,秋田,徳島,0.2748761544447798,0.3119839206427482,0.4131399249124721,H,0.2863493270080802,0.3799578329149466,0.3336928400769731,D,0.2794654234700999,0.3391734855516276,0.3813610909782725,H,True,False,True,False,0,1483,11,秋田,徳島,H,2024-09-28,0,13,13,1.0,H,D,A,0.3813610909782725,0.3391734855516276,0.2794654234700999,0.0421876054266449,0.7205345765299,0.9927510233924117,0.187827948161066,True,True,10
30370,2024-09-28,甲府,山形,A,甲府,山形,0.319576138060539,0.2920062568310848,0.3884176051083762,H,0.3488748356898456,0.2977518107100556,0.3533733536000988,H,0.3312956171122616,0.2943044783826731,0.3743999045050653,H,False,False,False,True,0,1483,13,甲府,山形,A,2024-09-28,0,13,13,1.0,H,A,D,0.3743999045050653,0.3312956171122616,0.2943044783826731,0.0431042873928037,0.7056955216173268,0.9956147547608281,0.18444350666259507,False,True,11
30371,2024-09-28,清水,横浜FC,D,清水,横浜fc,0.3385394545001075,0.3092216489227087,0.3522388965771837,H,0.2837304954606094,0.3453133541522015,0.370956150387189,H,0.31661587088430826,0.32365833101450586,0.35972579810118593,H,False,False,False,True,0,1483,5,清水,横浜FC,D,2024-09-28,0,13,13,1.0,H,D,A,0.35972579810118593,0.32365833101450586,0.31661587088430826,0.03606746708668007,0.6833841291156918,0.9985559087245821,0.1747890408809553,False,True,12
30371,2024-09-28,清水,横浜FC,D,清水,横浜fc,0.3385394545001075,0.3092216489227087,0.3522388965771837,H,0.2837304954606094,0.3453133541522015,0.370956150387189,H,0.31661587088430826,0.32365833101450586,0.35972579810118593,H,False,False,False,True,0,1483,10,清水,横浜FC,D,2024-09-28,0,13,13,1.0,H,D,A,0.35972579810118593,0.32365833101450586,0.31661587088430826,0.03606746708668007,0.6833841291156918,0.9985559087245821,0.1747890408809553,False,True,13
30757,2024-10-06,磐田,広島,A,磐田,広島,0.4201608651686262,0.3104050897229237,0.2694340451084501,A,0.5111834635251393,0.24150942589694,0.2473071105779206,A,0.4565699045112315,0.2828468241925302,0.2605832712962383,A,True,True,True,True,0,1485,4,磐田,広島,A,2024-10-05,0,13,13,1.0,A,D,H,0.4565699045112315,0.2828468241925302,0.2605832712962383,0.17372308031870126,0.7394167287037616,0.9699426678308136,0.2722710015754369,True,True,1
30757,2024-10-06,磐田,広島,A,磐田,広島,0.4201608651686262,0.3104050897229237,0.2694340451084501,A,0.5111834635251393,0.24150942589694,0.2473071105779206,A,0.4565699045112315,0.2828468241925302,0.2605832712962383,A,True,True,True,True,0,1485,9,磐田,広島,A,2024-10-05,0,13,13,1.0,A,D,H,0.4565699045112315,0.2828468241925302,0.2605832712962383,0.17372308031870126,0.7394167287037616,0.9699426678308136,0.2722710015754369,True,True,2
30388,2024-10-06,V・ファーレン長崎,大分,H,長崎,大分,0.2280227576644471,0.3872958093127157,0.3846814330228372,D,0.0885128770145578,0.5983537908690669,0.3131333321163753,D,0.1722188054044914,0.4717190019352562,0.3560621926602524,D,False,False,False,True,0,1485,12,長崎,大分,H,2024-10-05,0,13,13,1.0,D,H,A,0.4717190019352562,0.3560621926602524,0.1722188054044914,0.11565680927500377,0.8277811945955086,0.9330452717065137,0.26614437977581384,False,True,3
30389,2024-10-06,熊本,徳島,A,熊本,徳島,0.2530755740939097,0.3255217377373079,0.4214026881687824,H,0.180304939315903,0.3154241345486528,0.5042709261354442,H,0.223967320182707,0.3214826964618459,0.4545499833554471,H,False,False,False,True,0,1485,5,熊本,徳島,A,2024-10-05,0,13,13,1.0,H,D,A,0.4545499833554471,0.3214826964618459,0.223967320182707,0.1330672868936012,0.776032679817293,0.9633273662569856,0.2584555696713145,False,False,4
30389,2024-10-06,熊本,徳島,A,熊本,徳島,0.2530755740939097,0.3255217377373079,0.4214026881687824,H,0.180304939315903,0.3154241345486528,0.5042709261354442,H,0.223967320182707,0.3214826964618459,0.4545499833554471,H,False,False,False,True,0,1485,10,熊本,徳島,A,2024-10-05,0,13,13,1.0,H,D,A,0.4545499833554471,0.3214826964618459,0.223967320182707,0.1330672868936012,0.776032679817293,0.9633273662569856,0.2584555696713145,False,False,5
30383,2024-10-06,仙台,秋田,A,仙台,秋田,0.2895246138164183,0.3323776243508202,0.3780977618327615,H,0.2318982445777305,0.2643346206320343,0.5037671347902353,H,0.26647406612094315,0.30516042286330586,0.4283655110157511,H,False,False,False,True,0,1485,13,仙台,秋田,A,2024-10-05,0,13,13,1.0,H,D,A,0.4283655110157511,0.30516042286330586,0.26647406612094315,0.12320508815244524,0.733525933879057,0.9810244619359246,0.2396813684232589,False,False,6
30384,2024-10-06,山形,レノファ山口FC,H,山形,山口,0.2953445136582043,0.3261301252211092,0.3785253611206865,H,0.2568710375247302,0.3107873096520657,0.4323416528232041,H,0.27995512320481464,0.31999299899349176,0.4000518778016936,H,True,True,True,True,0,1485,11,山形,山口,H,2024-10-05,0,13,13,1.0,H,D,A,0.4000518778016936,0.31999299899349176,0.27995512320481464,0.08005887880820184,0.7200448767951854,0.9899289204393477,0.21005816850576323,True,True,7
30754,2024-10-06,東京V,湘南,A,東京v,湘南,0.3561709231581278,0.218701434780695,0.4251276420611771,H,0.4299166223870821,0.2279779666039884,0.3421054110089295,A,0.3856692028497096,0.22241204751001237,0.3919187496402781,H,False,True,False,False,0,1485,3,東京V,湘南,A,2024-10-05,0,13,13,1.0,H,A,D,0.3919187496402781,0.3856692028497096,0.22241204751001237,0.006249546790568494,0.7775879524899878,0.9729562417021747,0.18395953037438917,False,True,8
30754,2024-10-06,東京V,湘南,A,東京v,湘南,0.3561709231581278,0.218701434780695,0.4251276420611771,H,0.4299166223870821,0.2279779666039884,0.3421054110089295,A,0.3856692028497096,0.22241204751001237,0.3919187496402781,H,False,True,False,False,0,1485,8,東京V,湘南,A,2024-10-05,0,13,13,1.0,H,A,D,0.3919187496402781,0.3856692028497096,0.22241204751001237,0.006249546790568494,0.7775879524899878,0.9729562417021747,0.18395953037438917,False,True,9
30758,2024-10-06,京都,神戸,A,京都,神戸,0.3525707378995132,0.2804997044229096,0.3669295576775772,H,0.3286791356974772,0.3223029509036202,0.3490179133989026,H,0.3430140970186988,0.2972210030151938,0.3597648999661074,H,False,False,False,True,0,1485,2,京都,神戸,A,2024-10-05,0,13,13,1.0,H,A,D,0.3597648999661074,0.3430140970186988,0.2972210030151938,0.016750802947408605,0.7027789969848062,0.9970950514294301,0.1683379757304553,False,True,10
30758,2024-10-06,京都,神戸,A,京都,神戸,0.3525707378995132,0.2804997044229096,0.3669295576775772,H,0.3286791356974772,0.3223029509036202,0.3490179133989026,H,0.3430140970186988,0.2972210030151938,0.3597648999661074,H,False,False,False,True,0,1485,7,京都,神戸,A,2024-10-05,0,13,13,1.0,H,A,D,0.3597648999661074,0.3430140970186988,0.2972210030151938,0.016750802947408605,0.7027789969848062,0.9970950514294301,0.1683379757304553,False,True,11
30755,2024-10-05,町田,川崎F,A,町田,川崎f,0.3090332595108468,0.3077788918178825,0.3831878486712707,H,0.3652266625830757,0.3272529014361036,0.3075204359808206,A,0.3315106207397384,0.315568495665171,0.3529208835950906,H,False,True,False,False,0,1485,1,町田,川崎F,A,2024-10-05,0,13,13,1.0,H,A,D,0.3529208835950906,0.3315106207397384,0.315568495665171,0.02141026285535219,0.684431504334829,0.9990428168275161,0.16649942625166084,False,True,12
30755,2024-10-05,町田,川崎F,A,町田,川崎f,0.3090332595108468,0.3077788918178825,0.3831878486712707,H,0.3652266625830757,0.3272529014361036,0.3075204359808206,A,0.3315106207397384,0.315568495665171,0.3529208835950906,H,False,True,False,False,0,1485,6,町田,川崎F,A,2024-10-05,0,13,13,1.0,H,A,D,0.3529208835950906,0.3315106207397384,0.315568495665171,0.02141026285535219,0.684431504334829,0.9990428168275161,0.16649942625166084,False,True,13
30396,2024-10-20,岡山,いわきFC,H,岡山,いわき,0.2807534298459915,0.2467147625693108,0.4725318075846976,H,0.2470686650732162,0.1985011107345321,0.5544302241922517,H,0.2672795239368814,0.2274293018353993,0.5052911742277193,H,True,True,True,True,0,1487,11,岡山,いわき,H,2024-10-19,0,13,13,1.0,H,A,D,0.5052911742277193,0.2672795239368814,0.2274293018353993,0.23801165029083787,0.7725706981646008,0.9415427621618258,0.32237655357190176,True,True,1
30392,2024-10-19,仙台,横浜FC,H,仙台,横浜fc,0.3744044844237145,0.3024921923811781,0.3231033231951074,A,0.5889041820160421,0.2305376102816596,0.1805582077022983,A,0.4602043634606456,0.2737103595413707,0.2660852769979838,A,False,False,False,True,0,1487,5,仙台,横浜FC,H,2024-10-19,0,13,13,1.0,A,D,H,0.4602043634606456,0.2737103595413707,0.2660852769979838,0.1864940039192749,0.7339147230020162,0.9685677284364219,0.27865131924175235,False,False,2
30392,2024-10-19,仙台,横浜FC,H,仙台,横浜fc,0.3744044844237145,0.3024921923811781,0.3231033231951074,A,0.5889041820160421,0.2305376102816596,0.1805582077022983,A,0.4602043634606456,0.2737103595413707,0.2660852769979838,A,False,False,False,True,0,1487,10,仙台,横浜FC,H,2024-10-19,0,13,13,1.0,A,D,H,0.4602043634606456,0.2737103595413707,0.2660852769979838,0.1864940039192749,0.7339147230020162,0.9685677284364219,0.27865131924175235,False,False,3
30398,2024-10-20,熊本,レノファ山口FC,D,熊本,山口,0.2907854024932552,0.3073741720292333,0.4018404254775116,H,0.3346294410532958,0.2694776248590079,0.3958929340876962,H,0.3083230179172714,0.2922155531611431,0.3994614289215854,H,False,False,False,True,0,1487,4,熊本,山口,D,2024-10-19,0,13,13,1.0,H,A,D,0.3994614289215854,0.3083230179172714,0.2922155531611431,0.09113841100431402,0.7077844468388568,0.9911033025459645,0.21343542635703047,False,False,4
30398,2024-10-20,熊本,レノファ山口FC,D,熊本,山口,0.2907854024932552,0.3073741720292333,0.4018404254775116,H,0.3346294410532958,0.2694776248590079,0.3958929340876962,H,0.3083230179172714,0.2922155531611431,0.3994614289215854,H,False,False,False,True,0,1487,9,熊本,山口,D,2024-10-19,0,13,13,1.0,H,A,D,0.3994614289215854,0.3083230179172714,0.2922155531611431,0.09113841100431402,0.7077844468388568,0.9911033025459645,0.21343542635703047,False,False,5
30393,2024-10-20,秋田,V・ファーレン長崎,A,秋田,長崎,0.3175974822804076,0.2952187128363451,0.3871838048832472,H,0.268791410217003,0.3381006384276104,0.3931079513553865,H,0.29807505345504576,0.31237148307285123,0.389553463472103,H,False,False,False,True,0,1487,13,秋田,長崎,A,2024-10-19,0,13,13,1.0,H,D,A,0.389553463472103,0.31237148307285123,0.29807505345504576,0.07718198039925178,0.7019249465449542,0.9935350346864227,0.20360574476489993,False,False,6
30399,2024-10-20,大分,水戸,D,大分,水戸,0.3616021159154409,0.2617005622630681,0.376697321821491,H,0.4268106273482715,0.1623038038098446,0.4108855688418839,A,0.3876855204885732,0.2219418588817787,0.3903726206296481,H,False,False,False,False,0,1487,12,大分,水戸,D,2024-10-19,0,13,13,1.0,H,A,D,0.3903726206296481,0.3876855204885732,0.2219418588817787,0.0026871001410749273,0.7780581411182212,0.9727352593350519,0.1820611124657075,False,False,7
30763,2024-10-19,湘南,広島,H,湘南,広島,0.3230680776283461,0.3342612636479322,0.3426706587237216,H,0.2748874267150925,0.3205793288810545,0.404533244403853,H,0.3037958172630447,0.3287884897411811,0.3674156929957742,H,True,True,True,True,0,1487,2,湘南,広島,H,2024-10-19,0,13,13,1.0,H,D,A,0.3674156929957742,0.3287884897411811,0.3037958172630447,0.03862720325459312,0.6962041827369553,0.9972090476089769,0.17941477346541063,True,True,8
30763,2024-10-19,湘南,広島,H,湘南,広島,0.3230680776283461,0.3342612636479322,0.3426706587237216,H,0.2748874267150925,0.3205793288810545,0.404533244403853,H,0.3037958172630447,0.3287884897411811,0.3674156929957742,H,True,True,True,True,0,1487,7,湘南,広島,H,2024-10-19,0,13,13,1.0,H,D,A,0.3674156929957742,0.3287884897411811,0.3037958172630447,0.03862720325459312,0.6962041827369553,0.9972090476089769,0.17941477346541063,True,True,9
30397,2024-10-20,徳島,藤枝MYFC,H,徳島,藤枝,0.2981683333947754,0.3332168537605475,0.368614812844677,H,0.2201363546944895,0.4232795737531361,0.3565840715523744,D,0.2669555419146611,0.3692419417575829,0.363802516327756,D,True,False,False,False,0,1487,3,徳島,藤枝,H,2024-10-19,0,13,13,1.0,D,H,A,0.3692419417575829,0.363802516327756,0.2669555419146611,0.005439425429826894,0.7330444580853389,0.990608528424973,0.1699409670063571,False,True,10
30397,2024-10-20,徳島,藤枝MYFC,H,徳島,藤枝,0.2981683333947754,0.3332168537605475,0.368614812844677,H,0.2201363546944895,0.4232795737531361,0.3565840715523744,D,0.2669555419146611,0.3692419417575829,0.363802516327756,D,True,False,False,False,0,1487,8,徳島,藤枝,H,2024-10-19,0,13,13,1.0,D,H,A,0.3692419417575829,0.363802516327756,0.2669555419146611,0.005439425429826894,0.7330444580853389,0.990608528424973,0.1699409670063571,False,True,11
30761,2024-10-19,柏,町田,D,柏,町田,0.3486444566014469,0.3381523350191319,0.313203208379421,A,0.3317457261293273,0.3584472487937699,0.3098070250769028,D,0.34188496441259913,0.34627030052898716,0.31184473505841376,D,False,True,True,False,0,1487,1,柏,町田,D,2024-10-19,0,13,13,1.0,D,A,H,0.34627030052898716,0.34188496441259913,0.31184473505841376,0.004385336116388028,0.6881552649415863,0.9990309105039563,0.1575503207779888,True,True,12
30761,2024-10-19,柏,町田,D,柏,町田,0.3486444566014469,0.3381523350191319,0.313203208379421,A,0.3317457261293273,0.3584472487937699,0.3098070250769028,D,0.34188496441259913,0.34627030052898716,0.31184473505841376,D,False,True,True,False,0,1487,6,柏,町田,D,2024-10-19,0,13,13,1.0,D,A,H,0.34627030052898716,0.34188496441259913,0.31184473505841376,0.004385336116388028,0.6881552649415863,0.9990309105039563,0.1575503207779888,True,True,13
30409,2024-10-27,V・ファーレン長崎,鹿児島ユナイテッドFC,H,長崎,鹿児島,0.2738148220624886,0.2485930460422352,0.4775921318952763,H,0.2117920309025145,0.160029068297272,0.6281789008002134,H,0.2490057055984989,0.2131674549442499,0.5378268394572512,H,True,True,True,True,0,1489,2,長崎,鹿児島,H,2024-10-26,0,13,13,1.0,H,A,D,0.5378268394572512,0.2490057055984989,0.2131674549442499,0.2888211338587523,0.7868325450557501,0.9186551447827104,0.3593784456497843,True,True,1
30409,2024-10-27,V・ファーレン長崎,鹿児島ユナイテッドFC,H,長崎,鹿児島,0.2738148220624886,0.2485930460422352,0.4775921318952763,H,0.2117920309025145,0.160029068297272,0.6281789008002134,H,0.2490057055984989,0.2131674549442499,0.5378268394572512,H,True,True,True,True,0,1489,7,長崎,鹿児島,H,2024-10-26,0,13,13,1.0,H,A,D,0.5378268394572512,0.2490057055984989,0.2131674549442499,0.2888211338587523,0.7868325450557501,0.9186551447827104,0.3593784456497843,True,True,2
30401,2024-10-26,藤枝MYFC,千葉,A,藤枝,千葉,0.4717547841152958,0.2464387007345281,0.2818065151501761,A,0.5112710791825572,0.2558088087844487,0.232920112032994,A,0.4875613021422004,0.2501867439544963,0.2622519539033032,A,True,True,True,True,0,1489,1,藤枝,千葉,A,2024-10-26,0,13,13,1.0,A,H,D,0.4875613021422004,0.2622519539033032,0.2501867439544963,0.2253093482388972,0.7498132560455035,0.9538315807384949,0.3074945416999052,True,True,3
30401,2024-10-26,藤枝MYFC,千葉,A,藤枝,千葉,0.4717547841152958,0.2464387007345281,0.2818065151501761,A,0.5112710791825572,0.2558088087844487,0.232920112032994,A,0.4875613021422004,0.2501867439544963,0.2622519539033032,A,True,True,True,True,0,1489,6,藤枝,千葉,A,2024-10-26,0,13,13,1.0,A,H,D,0.4875613021422004,0.2622519539033032,0.2501867439544963,0.2253093482388972,0.7498132560455035,0.9538315807384949,0.3074945416999052,True,True,4
30402,2024-10-27,秋田,大分,A,秋田,大分,0.3034402487884806,0.2526308913003603,0.4439288599111591,H,0.2068700917335407,0.246989263658061,0.5461406446083983,H,0.26481218596650463,0.25037424024344057,0.4848135737900548,H,False,False,False,True,0,1489,3,秋田,大分,A,2024-10-26,0,13,13,1.0,H,A,D,0.4848135737900548,0.26481218596650463,0.25037424024344057,0.22000138782355017,0.7496257597565594,0.9553721072491707,0.30409217249393306,False,True,5
30402,2024-10-27,秋田,大分,A,秋田,大分,0.3034402487884806,0.2526308913003603,0.4439288599111591,H,0.2068700917335407,0.246989263658061,0.5461406446083983,H,0.26481218596650463,0.25037424024344057,0.4848135737900548,H,False,False,False,True,0,1489,8,秋田,大分,A,2024-10-26,0,13,13,1.0,H,A,D,0.4848135737900548,0.26481218596650463,0.25037424024344057,0.22000138782355017,0.7496257597565594,0.9553721072491707,0.30409217249393306,False,True,6
30003,2024-10-26,FC琉球,ヴァンラーレ八戸,D,琉球,八戸,0.3077414965317042,0.247939580337119,0.4443189231311767,H,0.3086616141933612,0.166377087106386,0.5249612987002529,H,0.308109543596367,0.2153145830448258,0.4765758733588072,H,False,False,False,True,0,1489,13,琉球,八戸,D,2024-10-26,0,13,13,1.0,H,A,D,0.4765758733588072,0.308109543596367,0.2153145830448258,0.1684663297624402,0.7846854169551742,0.9526474234348752,0.28289287374134225,False,False,7
30404,2024-10-27,栃木SC,清水,A,栃木sc,清水,0.3152428220559279,0.3736910734195288,0.3110661045245432,D,0.215645351727925,0.5475237359544697,0.2368309123176053,D,0.27540383392472684,0.4432241384335052,0.28137202764176805,D,False,False,False,True,0,1489,5,栃木,清水,A,2024-10-26,0,13,13,1.0,D,H,A,0.4432241384335052,0.28137202764176805,0.27540383392472684,0.16185211079173717,0.7245961660752733,0.9763061082250905,0.2608378794271673,False,False,8
30404,2024-10-27,栃木SC,清水,A,栃木sc,清水,0.3152428220559279,0.3736910734195288,0.3110661045245432,D,0.215645351727925,0.5475237359544697,0.2368309123176053,D,0.27540383392472684,0.4432241384335052,0.28137202764176805,D,False,False,False,True,0,1489,10,栃木,清水,A,2024-10-26,0,13,13,1.0,D,H,A,0.4432241384335052,0.28137202764176805,0.27540383392472684,0.16185211079173717,0.7245961660752733,0.9763061082250905,0.2608378794271673,False,False,9
30408,2024-10-27,愛媛FC,仙台,A,愛媛,仙台,0.3322823983416879,0.273068432198188,0.3946491694601242,H,0.3274049609472023,0.2981761414586211,0.3744188975941765,H,0.3303314233838936,0.2831115159023613,0.3865570607137451,H,False,False,False,True,0,1489,4,愛媛,仙台,A,2024-10-26,0,13,13,1.0,H,A,D,0.3865570607137451,0.3303314233838936,0.2831115159023613,0.05622563732985153,0.7168884840976387,0.992679721927376,0.19509370600115813,False,True,10
30408,2024-10-27,愛媛FC,仙台,A,愛媛,仙台,0.3322823983416879,0.273068432198188,0.3946491694601242,H,0.3274049609472023,0.2981761414586211,0.3744188975941765,H,0.3303314233838936,0.2831115159023613,0.3865570607137451,H,False,False,False,True,0,1489,9,愛媛,仙台,A,2024-10-26,0,13,13,1.0,H,A,D,0.3865570607137451,0.3303314233838936,0.2831115159023613,0.05622563732985153,0.7168884840976387,0.992679721927376,0.19509370600115813,False,True,11
30405,2024-10-27,群馬,徳島,A,群馬,徳島,0.3132948333883698,0.2839836695572647,0.4027214970543655,H,0.2877979019412485,0.3744262842662882,0.3377758137924631,D,0.30309606080952134,0.32016071544087416,0.3767432237496046,H,False,False,False,False,0,1489,12,群馬,徳島,A,2024-10-26,0,13,13,1.0,H,D,A,0.3767432237496046,0.32016071544087416,0.30309606080952134,0.05658250830873046,0.6969039391904788,0.9960040393318378,0.1901375207290102,False,False,12
30403,2024-10-27,山形,熊本,H,山形,熊本,0.3437207918119784,0.2505540809243638,0.4057251272636577,H,0.4202900455617163,0.2224677544900049,0.3572421999482788,A,0.37434849331187364,0.23931955035062025,0.3863319563375062,H,True,False,True,False,0,1489,11,山形,熊本,H,2024-10-26,0,13,13,1.0,H,A,D,0.3863319563375062,0.37434849331187364,0.23931955035062025,0.01198346302563258,0.7606804496493799,0.9807494804726172,0.18189369631632576,True,True,13
30414,2024-11-03,清水,いわきFC,H,清水,いわき,0.2240312508277473,0.2890564753694986,0.4869122738027541,H,0.1624303680868629,0.2552493272032062,0.5823203047099309,H,0.1993908977313935,0.2755336161029816,0.5250754861656248,H,True,True,True,True,0,1490,11,清水,いわき,H,2024-11-03,0,13,13,1.0,H,D,A,0.5250754861656248,0.2755336161029816,0.1993908977313935,0.24954187006264322,0.8006091022686064,0.9238486068816022,0.3388539019201358,True,True,1
30413,2024-11-03,甲府,秋田,A,甲府,秋田,0.3524294219593885,0.2720808394121502,0.3754897386284613,H,0.6050270730842878,0.2519350639689522,0.1430378629467599,A,0.4534684824093482,0.264022529234871,0.2825089883557807,A,False,True,True,False,0,1490,3,甲府,秋田,A,2024-11-03,0,13,13,1.0,A,H,D,0.4534684824093482,0.2825089883557807,0.264022529234871,0.17095949405356747,0.7359774707651289,0.9715207293532357,0.2695924941323081,True,True,2
30413,2024-11-03,甲府,秋田,A,甲府,秋田,0.3524294219593885,0.2720808394121502,0.3754897386284613,H,0.6050270730842878,0.2519350639689522,0.1430378629467599,A,0.4534684824093482,0.264022529234871,0.2825089883557807,A,False,True,True,False,0,1490,8,甲府,秋田,A,2024-11-03,0,13,13,1.0,A,H,D,0.4534684824093482,0.2825089883557807,0.264022529234871,0.17095949405356747,0.7359774707651289,0.9715207293532357,0.2695924941323081,True,True,3
30416,2024-11-03,徳島,鹿児島ユナイテッドFC,H,徳島,鹿児島,0.4352390864155467,0.3034472865356971,0.2613136270487561,A,0.4824237660404146,0.2748998770836453,0.24267635687594,A,0.4541129582654939,0.29202832275487645,0.25385871897962964,A,False,False,False,True,0,1490,4,徳島,鹿児島,H,2024-11-03,0,13,13,1.0,A,D,H,0.4541129582654939,0.29202832275487645,0.25385871897962964,0.16208463551061747,0.7461412810203704,0.9702918331961545,0.26702208700895746,False,False,4
30416,2024-11-03,徳島,鹿児島ユナイテッドFC,H,徳島,鹿児島,0.4352390864155467,0.3034472865356971,0.2613136270487561,A,0.4824237660404146,0.2748998770836453,0.24267635687594,A,0.4541129582654939,0.29202832275487645,0.25385871897962964,A,False,False,False,True,0,1490,9,徳島,鹿児島,H,2024-11-03,0,13,13,1.0,A,D,H,0.4541129582654939,0.29202832275487645,0.25385871897962964,0.16208463551061747,0.7461412810203704,0.9702918331961545,0.26702208700895746,False,False,5
30410,2024-11-03,水戸,山形,A,水戸,山形,0.2790341081880613,0.2993985164500161,0.4215673753619226,H,0.2460600553382512,0.3641276926819863,0.3898122519797624,H,0.26584448704813723,0.32529018694280426,0.4088653260090586,H,False,False,False,True,0,1490,5,水戸,山形,A,2024-11-03,0,13,13,1.0,H,D,A,0.4088653260090586,0.32529018694280426,0.26584448704813723,0.08357513906625436,0.7341555129518629,0.9859640186535878,0.21604789164654783,False,False,6
30410,2024-11-03,水戸,山形,A,水戸,山形,0.2790341081880613,0.2993985164500161,0.4215673753619226,H,0.2460600553382512,0.3641276926819863,0.3898122519797624,H,0.26584448704813723,0.32529018694280426,0.4088653260090586,H,False,False,False,True,0,1490,10,水戸,山形,A,2024-11-03,0,13,13,1.0,H,D,A,0.4088653260090586,0.32529018694280426,0.26584448704813723,0.08357513906625436,0.7341555129518629,0.9859640186535878,0.21604789164654783,False,False,7
30415,2024-11-03,岡山,藤枝MYFC,H,岡山,藤枝,0.3298375771146103,0.2518924629286543,0.4182699599567355,H,0.4569840540397473,0.1357022963915508,0.4073136495687019,A,0.3806961678846651,0.2054163963138129,0.4138874358015221,H,True,False,True,False,0,1490,2,岡山,藤枝,H,2024-11-03,0,13,13,1.0,H,A,D,0.4138874358015221,0.3806961678846651,0.2054163963138129,0.033191267916857004,0.7945836036861872,0.9629330004214534,0.20527968979729422,True,True,8
30415,2024-11-03,岡山,藤枝MYFC,H,岡山,藤枝,0.3298375771146103,0.2518924629286543,0.4182699599567355,H,0.4569840540397473,0.1357022963915508,0.4073136495687019,A,0.3806961678846651,0.2054163963138129,0.4138874358015221,H,True,False,True,False,0,1490,7,岡山,藤枝,H,2024-11-03,0,13,13,1.0,H,A,D,0.4138874358015221,0.3806961678846651,0.2054163963138129,0.033191267916857004,0.7945836036861872,0.9629330004214534,0.20527968979729422,True,True,9
30774,2024-11-03,福岡,柏,H,福岡,柏,0.3221787691905604,0.2976047263431383,0.3802165044663013,H,0.3063883170593499,0.3138350065326462,0.3797766764080039,H,0.3158625883380762,0.3040968384189415,0.3800405732429823,H,True,True,True,True,0,1490,1,福岡,柏,H,2024-11-03,0,13,13,1.0,H,A,D,0.3800405732429823,0.3158625883380762,0.3040968384189415,0.06417798490490612,0.6959031615810585,0.9955245105188869,0.1943756505722818,True,True,10
30774,2024-11-03,福岡,柏,H,福岡,柏,0.3221787691905604,0.2976047263431383,0.3802165044663013,H,0.3063883170593499,0.3138350065326462,0.3797766764080039,H,0.3158625883380762,0.3040968384189415,0.3800405732429823,H,True,True,True,True,0,1490,6,福岡,柏,H,2024-11-03,0,13,13,1.0,H,A,D,0.3800405732429823,0.3158625883380762,0.3040968384189415,0.06417798490490612,0.6959031615810585,0.9955245105188869,0.1943756505722818,True,True,11
30418,2024-11-03,大分,群馬,H,大分,群馬,0.2754982189566669,0.3344809120587035,0.3900208689846295,H,0.2853567274128251,0.3533745647477514,0.3612687078394234,H,0.2794416223391301,0.3420383731343227,0.3785200045265471,H,True,True,True,True,0,1490,12,大分,群馬,H,2024-11-03,0,13,13,1.0,H,D,A,0.3785200045265471,0.3420383731343227,0.2794416223391301,0.03648163139222438,0.7205583776608698,0.993029365633552,0.18449669989751435,True,True,12
30411,2024-11-03,千葉,V・ファーレン長崎,A,千葉,長崎,0.3183498400154204,0.3308404162109515,0.3508097437736279,H,0.3008451447667649,0.3974183260963334,0.3017365291369017,D,0.3113479619159582,0.3574715801651043,0.3311804579189374,D,False,False,False,False,0,1490,13,千葉,長崎,A,2024-11-03,0,13,13,1.0,D,H,A,0.3574715801651043,0.3311804579189374,0.3113479619159582,0.026291122246166865,0.6886520380840417,0.9985416984759021,0.17035576416527493,False,False,13
30782,2024-11-09,町田,FC東京,H,町田,fc東京,0.2806135324728744,0.2271649779740786,0.4922214895530469,H,0.262274779647467,0.2929188598861345,0.4448063604663985,H,0.27327803134271145,0.25346653073890096,0.4732554379183876,H,True,True,True,True,0,1492,5,町田,FC東京,H,2024-11-09,0,13,13,1.0,H,A,D,0.4732554379183876,0.27327803134271145,0.25346653073890096,0.19997740657567614,0.746533469261099,0.9616266068161394,0.2906317180015332,True,True,1
30782,2024-11-09,町田,FC東京,H,町田,fc東京,0.2806135324728744,0.2271649779740786,0.4922214895530469,H,0.262274779647467,0.2929188598861345,0.4448063604663985,H,0.27327803134271145,0.25346653073890096,0.4732554379183876,H,True,True,True,True,0,1492,10,町田,FC東京,H,2024-11-09,0,13,13,1.0,H,A,D,0.4732554379183876,0.27327803134271145,0.25346653073890096,0.19997740657567614,0.746533469261099,0.9616266068161394,0.2906317180015332,True,True,2
30784,2024-11-09,磐田,G大阪,A,磐田,g大阪,0.4220509390142441,0.2634633378691515,0.3144857231166044,A,0.4348530697391045,0.2763151956811533,0.2888317345797421,A,0.4271717913041883,0.26860408099395233,0.30422412770185947,A,True,True,True,True,0,1492,2,磐田,G大阪,A,2024-11-09,0,13,13,1.0,A,H,D,0.4271717913041883,0.30422412770185947,0.26860408099395233,0.12294766360232884,0.7313959190060477,0.9816452363804733,0.23892994107160515,True,True,3
30784,2024-11-09,磐田,G大阪,A,磐田,g大阪,0.4220509390142441,0.2634633378691515,0.3144857231166044,A,0.4348530697391045,0.2763151956811533,0.2888317345797421,A,0.4271717913041883,0.26860408099395233,0.30422412770185947,A,True,True,True,True,0,1492,7,磐田,G大阪,A,2024-11-09,0,13,13,1.0,A,H,D,0.4271717913041883,0.30422412770185947,0.26860408099395233,0.12294766360232884,0.7313959190060477,0.9816452363804733,0.23892994107160515,True,True,4
30424,2024-11-10,栃木SC,徳島,D,栃木sc,徳島,0.3498763157676379,0.3258141702240709,0.3243095140082911,A,0.4558137248463326,0.2918645235621656,0.2523217515915018,A,0.3922512793991158,0.3122343115593088,0.2955144090415754,A,False,False,False,True,0,1492,12,栃木,徳島,D,2024-11-09,0,13,13,1.0,A,D,H,0.3922512793991158,0.3122343115593088,0.2955144090415754,0.080016967839807,0.7044855909584247,0.992865061616823,0.20594600215016998,False,True,5
30787,2024-11-10,東京V,神戸,D,東京v,神戸,0.3112730419676792,0.3206348796283372,0.3680920784039834,H,0.3069814689615984,0.4651525665340969,0.2278659645043047,D,0.3095564127652469,0.3784419543906411,0.312001632844112,D,False,True,True,False,0,1492,3,東京V,神戸,D,2024-11-09,0,13,13,1.0,D,H,A,0.3784419543906411,0.312001632844112,0.3095564127652469,0.06644032154652912,0.6904435872347531,0.9959133372018099,0.19437032457671174,True,True,6
30787,2024-11-10,東京V,神戸,D,東京v,神戸,0.3112730419676792,0.3206348796283372,0.3680920784039834,H,0.3069814689615984,0.4651525665340969,0.2278659645043047,D,0.3095564127652469,0.3784419543906411,0.312001632844112,D,False,True,True,False,0,1492,8,東京V,神戸,D,2024-11-09,0,13,13,1.0,D,H,A,0.3784419543906411,0.312001632844112,0.3095564127652469,0.06644032154652912,0.6904435872347531,0.9959133372018099,0.19437032457671174,True,True,7
30422,2024-11-10,山形,千葉,H,山形,千葉,0.3561276828254036,0.2670990308814647,0.3767732862931318,H,0.3144615546066051,0.283190003920495,0.4023484414728999,H,0.3394612315378842,0.2735354200970768,0.387003348365039,H,True,True,True,True,0,1492,13,山形,千葉,H,2024-11-09,0,13,13,1.0,H,A,D,0.387003348365039,0.3394612315378842,0.2735354200970768,0.04754211682715481,0.7264645799029232,0.9910081557220184,0.19258961650936807,True,True,8
30786,2024-11-10,浦和,広島,H,浦和,広島,0.3858255703751612,0.3028579818363536,0.3113164477884851,A,0.3552483580467874,0.345233116691915,0.2995185252612976,A,0.3735946854438117,0.3198080357785782,0.3065972787776101,A,False,False,False,True,0,1492,4,浦和,広島,H,2024-11-09,0,13,13,1.0,A,D,H,0.3735946854438117,0.3198080357785782,0.3065972787776101,0.0537866496652335,0.6934027212223899,0.996614478836954,0.18762004006515617,False,False,9
30786,2024-11-10,浦和,広島,H,浦和,広島,0.3858255703751612,0.3028579818363536,0.3113164477884851,A,0.3552483580467874,0.345233116691915,0.2995185252612976,A,0.3735946854438117,0.3198080357785782,0.3065972787776101,A,False,False,False,True,0,1492,9,浦和,広島,H,2024-11-09,0,13,13,1.0,A,D,H,0.3735946854438117,0.3198080357785782,0.3065972787776101,0.0537866496652335,0.6934027212223899,0.996614478836954,0.18762004006515617,False,False,10
30427,2024-11-10,レノファ山口FC,横浜FC,D,山口,横浜fc,0.3280946655601058,0.265613712229062,0.4062916222108321,H,0.3712315341028514,0.320366506451436,0.3084019594457126,A,0.34534941297720406,0.28751482991801164,0.36713575710478435,H,False,False,False,False,0,1492,11,山口,横浜FC,D,2024-11-09,0,13,13,1.0,H,A,D,0.36713575710478435,0.34534941297720406,0.28751482991801164,0.021786344127580293,0.7124851700819884,0.9952878125526502,0.17377874863127601,False,False,11
30788,2024-11-09,京都,川崎F,D,京都,川崎f,0.3111349260018444,0.3251806480644722,0.3636844259336833,H,0.3110510135488534,0.3584140119518643,0.3305349744992822,D,0.31110136102064806,0.33847399361942915,0.35042464535992285,H,False,True,False,False,0,1492,1,京都,川崎F,D,2024-11-09,0,13,13,1.0,H,D,A,0.35042464535992285,0.33847399361942915,0.31110136102064806,0.0119506517404937,0.688898638979352,0.9988815432491418,0.16209750987130972,False,True,12
30788,2024-11-09,京都,川崎F,D,京都,川崎f,0.3111349260018444,0.3251806480644722,0.3636844259336833,H,0.3110510135488534,0.3584140119518643,0.3305349744992822,D,0.31110136102064806,0.33847399361942915,0.35042464535992285,H,False,True,False,False,0,1492,6,京都,川崎F,D,2024-11-09,0,13,13,1.0,H,D,A,0.35042464535992285,0.33847399361942915,0.31110136102064806,0.0119506517404937,0.688898638979352,0.9988815432491418,0.16209750987130972,False,True,13
31434,2025-02-15,磐田,水戸,H,磐田,水戸,0.2907091803763463,0.2639426266727768,0.4453481929508768,H,0.2140078070027211,0.23452222970814,0.5514699632891389,H,0.2600286310268962,0.2521744678869221,0.4877969010861817,H,True,True,True,True,0,1515,11,磐田,水戸,H,2025-02-15,0,13,13,1.0,H,A,D,0.4877969010861817,0.2600286310268962,0.2521744678869221,0.22776827005928546,0.7478255321130779,0.953767988844809,0.3084739022405699,True,True,1
31437,2025-02-15,V・ファーレン長崎,熊本,H,長崎,熊本,0.2709170188612803,0.3283879537607506,0.400695027377969,H,0.2207246232494013,0.182079603493079,0.5971957732575197,H,0.25084006061652875,0.26986461365368203,0.47929532572978933,H,True,True,True,True,0,1515,13,長崎,熊本,H,2025-02-15,0,13,13,1.0,H,D,A,0.47929532572978933,0.26986461365368203,0.25084006061652875,0.2094307120761073,0.7491599393834714,0.9583607761707729,0.2973114905708882,True,True,2
31438,2025-02-16,愛媛FC,富山,A,愛媛,富山,0.4211759502181552,0.3034329492991056,0.2753911004827393,A,0.5005912583857016,0.2456214704782361,0.2537872711360622,A,0.4529420734851738,0.2803083577707578,0.2667495687440685,A,True,True,True,True,0,1515,5,愛媛,富山,A,2025-02-15,0,13,13,1.0,A,D,H,0.4529420734851738,0.2803083577707578,0.2667495687440685,0.172633715714416,0.7332504312559316,0.9718945877522154,0.2698668160179308,True,True,3
31438,2025-02-16,愛媛FC,富山,A,愛媛,富山,0.4211759502181552,0.3034329492991056,0.2753911004827393,A,0.5005912583857016,0.2456214704782361,0.2537872711360622,A,0.4529420734851738,0.2803083577707578,0.2667495687440685,A,True,True,True,True,0,1515,10,愛媛,富山,A,2025-02-15,0,13,13,1.0,A,D,H,0.4529420734851738,0.2803083577707578,0.2667495687440685,0.172633715714416,0.7332504312559316,0.9718945877522154,0.2698668160179308,True,True,4
31362,2025-02-15,横浜FM,新潟,D,横浜fm,新潟,0.3604349958473503,0.4153291744357113,0.2242358297169384,D,0.2831097654172049,0.5398213872487267,0.1770688473340683,D,0.32950490367529217,0.4651260595609175,0.20536903676379037,D,True,True,True,True,0,1515,1,横浜FM,新潟,D,2025-02-15,0,13,13,1.0,D,A,H,0.4651260595609175,0.32950490367529217,0.20536903676379037,0.13562115588562534,0.7946309632362096,0.9529494748961587,0.26618423638315003,True,True,5
31362,2025-02-15,横浜FM,新潟,D,横浜fm,新潟,0.3604349958473503,0.4153291744357113,0.2242358297169384,D,0.2831097654172049,0.5398213872487267,0.1770688473340683,D,0.32950490367529217,0.4651260595609175,0.20536903676379037,D,True,True,True,True,0,1515,6,横浜FM,新潟,D,2025-02-15,0,13,13,1.0,D,A,H,0.4651260595609175,0.32950490367529217,0.20536903676379037,0.13562115588562534,0.7946309632362096,0.9529494748961587,0.26618423638315003,True,True,6
31369,2025-02-16,東京V,清水,A,東京v,清水,0.3923758104610081,0.3161476273037839,0.291476562235208,A,0.4818389444790078,0.2087964087218667,0.3093646467991255,A,0.428161064068208,0.273207139871017,0.298631796060775,A,True,True,True,True,0,1515,3,東京V,清水,A,2025-02-15,0,13,13,1.0,A,H,D,0.428161064068208,0.298631796060775,0.273207139871017,0.12952926800743297,0.726792860128983,0.9817775312370547,0.24165221638588422,True,True,7
31369,2025-02-16,東京V,清水,A,東京v,清水,0.3923758104610081,0.3161476273037839,0.291476562235208,A,0.4818389444790078,0.2087964087218667,0.3093646467991255,A,0.428161064068208,0.273207139871017,0.298631796060775,A,True,True,True,True,0,1515,8,東京V,清水,A,2025-02-15,0,13,13,1.0,A,H,D,0.428161064068208,0.298631796060775,0.273207139871017,0.12952926800743297,0.726792860128983,0.9817775312370547,0.24165221638588422,True,True,8
31370,2025-02-16,町田,広島,A,町田,広島,0.3741255979530541,0.3404241135936441,0.2854502884533018,A,0.2803590877778618,0.5307176024255076,0.1889233097966307,D,0.3366189938829772,0.4165415091263895,0.2468394969906333,D,True,False,False,False,0,1515,4,町田,広島,A,2025-02-15,0,13,13,1.0,D,A,H,0.4165415091263895,0.3366189938829772,0.2468394969906333,0.07992251524341226,0.7531605030093667,0.9799988810722199,0.2194167832276256,False,True,9
31370,2025-02-16,町田,広島,A,町田,広島,0.3741255979530541,0.3404241135936441,0.2854502884533018,A,0.2803590877778618,0.5307176024255076,0.1889233097966307,D,0.3366189938829772,0.4165415091263895,0.2468394969906333,D,True,False,False,False,0,1515,9,町田,広島,A,2025-02-15,0,13,13,1.0,D,A,H,0.4165415091263895,0.3366189938829772,0.2468394969906333,0.07992251524341226,0.7531605030093667,0.9799988810722199,0.2194167832276256,False,True,10
31365,2025-02-15,岡山,京都,H,岡山,京都,0.3394646563014631,0.3230425038180998,0.3374928398804371,A,0.413505209927866,0.2287612345249503,0.3577335555471836,A,0.36908087775202425,0.28532999610084003,0.34558912614713566,A,False,False,False,True,0,1515,2,岡山,京都,H,2025-02-15,0,13,13,1.0,A,H,D,0.36908087775202425,0.34558912614713566,0.28532999610084003,0.02349175160488859,0.7146700038991599,0.9948026702945294,0.17534797399121602,False,True,11
31365,2025-02-15,岡山,京都,H,岡山,京都,0.3394646563014631,0.3230425038180998,0.3374928398804371,A,0.413505209927866,0.2287612345249503,0.3577335555471836,A,0.36908087775202425,0.28532999610084003,0.34558912614713566,A,False,False,False,True,0,1515,7,岡山,京都,H,2025-02-15,0,13,13,1.0,A,H,D,0.36908087775202425,0.34558912614713566,0.28532999610084003,0.02349175160488859,0.7146700038991599,0.9948026702945294,0.17534797399121602,False,True,12
31431,2025-02-15,いわきFC,千葉,A,いわき,千葉,0.2986878858987263,0.3362765994591171,0.3650355146421564,H,0.3478895415074048,0.3328423100276,0.3192681484649952,A,0.3183685481421977,0.3349028836865103,0.3467285681712919,H,False,True,False,False,0,1515,12,いわき,千葉,A,2025-02-15,0,13,13,1.0,H,D,A,0.3467285681712919,0.3349028836865103,0.3183685481421977,0.011825684484781607,0.6816314518578022,0.999444423245537,0.16027796059764754,False,False,13
31449,2025-02-23,大分,いわきFC,D,大分,いわき,0.4230283941531604,0.2564557894880653,0.3205158163587742,A,0.5435760033700898,0.2283037248268624,0.2281202718030478,A,0.4712474378399322,0.24519496362358414,0.28355759853648366,A,False,False,False,True,0,1516,5,大分,いわき,D,2025-02-22,0,13,13,1.0,A,H,D,0.4712474378399322,0.28355759853648366,0.24519496362358414,0.18768983930344857,0.7548050363764158,0.9617617785000103,0.2854004350841744,False,False,1
31449,2025-02-23,大分,いわきFC,D,大分,いわき,0.4230283941531604,0.2564557894880653,0.3205158163587742,A,0.5435760033700898,0.2283037248268624,0.2281202718030478,A,0.4712474378399322,0.24519496362358414,0.28355759853648366,A,False,False,False,True,0,1516,11,大分,いわき,D,2025-02-22,0,13,13,1.0,A,H,D,0.4712474378399322,0.28355759853648366,0.24519496362358414,0.18768983930344857,0.7548050363764158,0.9617617785000103,0.2854004350841744,False,False,2
31446,2025-02-23,徳島,仙台,H,徳島,仙台,0.2689907562625104,0.3099086843686827,0.4211005593688068,H,0.2481429997958803,0.3018404016224759,0.4500165985816439,H,0.2606516536758584,0.3066813712701999,0.4326669750539417,H,True,True,True,True,0,1516,12,徳島,仙台,H,2025-02-22,0,13,13,1.0,H,D,A,0.4326669750539417,0.3066813712701999,0.2606516536758584,0.1259856037837418,0.7393483463241416,0.9788968032814959,0.24301573944228422,True,True,3
31371,2025-02-22,柏,川崎F,D,柏,川崎f,0.3051269145299333,0.3950988808934562,0.2997742045766104,D,0.3494648635158399,0.3828248573956376,0.2677102790885224,D,0.322862094124296,0.3901892714943288,0.2869486343813753,D,True,True,True,True,0,1516,1,柏,川崎F,D,2025-02-22,0,13,13,1.0,D,A,H,0.3901892714943288,0.322862094124296,0.2869486343813753,0.0673271773700328,0.7130513656186248,0.9925823142397595,0.20063322140400755,True,True,4
31371,2025-02-22,柏,川崎F,D,柏,川崎f,0.3051269145299333,0.3950988808934562,0.2997742045766104,D,0.3494648635158399,0.3828248573956376,0.2677102790885224,D,0.322862094124296,0.3901892714943288,0.2869486343813753,D,True,True,True,True,0,1516,7,柏,川崎F,D,2025-02-22,0,13,13,1.0,D,A,H,0.3901892714943288,0.322862094124296,0.2869486343813753,0.0673271773700328,0.7130513656186248,0.9925823142397595,0.20063322140400755,True,True,5
31378,2025-02-22,G大阪,福岡,H,g大阪,福岡,0.36459006916161,0.3652334462383929,0.2701764845999971,D,0.4275733917885691,0.469579444736116,0.1028471634753149,D,0.38978339821239366,0.4069718456374822,0.20324475615012422,D,False,False,False,True,0,1516,3,G大阪,福岡,H,2025-02-22,0,13,13,1.0,D,A,H,0.4069718456374822,0.38978339821239366,0.20324475615012422,0.017188447425088516,0.7967552438498758,0.9620783285361258,0.1967376214284228,False,False,6
31378,2025-02-22,G大阪,福岡,H,g大阪,福岡,0.36459006916161,0.3652334462383929,0.2701764845999971,D,0.4275733917885691,0.469579444736116,0.1028471634753149,D,0.38978339821239366,0.4069718456374822,0.20324475615012422,D,False,False,False,True,0,1516,9,G大阪,福岡,H,2025-02-22,0,13,13,1.0,D,A,H,0.4069718456374822,0.38978339821239366,0.20324475615012422,0.017188447425088516,0.7967552438498758,0.9620783285361258,0.1967376214284228,False,False,7
31372,2025-02-22,横浜FC,岡山,H,横浜fc,岡山,0.3586239297190522,0.2828303569081244,0.3585457133728232,A,0.3929721696043334,0.3062389623676413,0.3007888680280252,A,0.3723632256731647,0.2921937990919312,0.3354429752349041,A,False,False,False,True,0,1516,6,横浜FC,岡山,H,2025-02-22,0,13,13,1.0,A,H,D,0.3723632256731647,0.3354429752349041,0.2921937990919312,0.03692025043826064,0.7078062009080688,0.9955785530160516,0.18136982860310505,False,True,8
31445,2025-02-23,熊本,札幌,H,熊本,札幌,0.353475022559853,0.3236934790387035,0.3228314984014435,A,0.2845650274979254,0.2786220778781724,0.4368128946239022,H,0.325911024535082,0.3056649185744911,0.368424056890427,H,False,True,True,False,0,1516,13,熊本,札幌,H,2025-02-22,0,13,13,1.0,H,A,D,0.368424056890427,0.325911024535082,0.3056649185744911,0.04251303235534504,0.6943350814255089,0.9972236222624269,0.18122566247257754,True,True,9
31380,2025-02-23,広島,横浜FM,H,広島,横浜fm,0.3365804918951366,0.3141683617053682,0.3492511463994951,H,0.4359414323195374,0.2129626661736821,0.3510959015067805,A,0.37632486806489696,0.27368608349269374,0.34998904844240936,A,True,False,False,False,0,1516,4,広島,横浜FM,H,2025-02-22,0,13,13,1.0,A,H,D,0.37632486806489696,0.34998904844240936,0.27368608349269374,0.0263358196224876,0.7263139165073063,0.9920293261171288,0.18015786227364855,False,True,10
31380,2025-02-23,広島,横浜FM,H,広島,横浜fm,0.3365804918951366,0.3141683617053682,0.3492511463994951,H,0.4359414323195374,0.2129626661736821,0.3510959015067805,A,0.37632486806489696,0.27368608349269374,0.34998904844240936,A,True,False,False,False,0,1516,10,広島,横浜FM,H,2025-02-22,0,13,13,1.0,A,H,D,0.37632486806489696,0.34998904844240936,0.27368608349269374,0.0263358196224876,0.7263139165073063,0.9920293261171288,0.18015786227364855,False,True,11
31373,2025-02-22,清水,新潟,H,清水,新潟,0.3347655085411702,0.3364039669447672,0.3288305245140625,D,0.3399732475790092,0.2476304337302028,0.412396318690788,H,0.3368486041563058,0.3008945536589414,0.3622568421847527,H,False,True,True,False,0,1516,2,清水,新潟,H,2025-02-22,0,13,13,1.0,H,A,D,0.3622568421847527,0.3368486041563058,0.3008945536589414,0.025408238028446883,0.6991054463410584,0.9973868964480552,0.17243108300348406,True,True,12
31373,2025-02-22,清水,新潟,H,清水,新潟,0.3347655085411702,0.3364039669447672,0.3288305245140625,D,0.3399732475790092,0.2476304337302028,0.412396318690788,H,0.3368486041563058,0.3008945536589414,0.3622568421847527,H,False,True,True,False,0,1516,8,清水,新潟,H,2025-02-22,0,13,13,1.0,H,A,D,0.3622568421847527,0.3368486041563058,0.3008945536589414,0.025408238028446883,0.6991054463410584,0.9973868964480552,0.17243108300348406,True,True,13
31398,2025-03-02,岡山,清水,D,岡山,清水,0.4519833983060179,0.2601810236262106,0.2878355780677714,A,0.484647650757968,0.266087843377963,0.2492645058640689,A,0.465049099286798,0.2625437515269116,0.2724071491862904,A,False,False,False,True,0,1518,3,岡山,清水,D,2025-03-01,0,13,13,1.0,A,H,D,0.465049099286798,0.2724071491862904,0.2625437515269116,0.1926419501005076,0.7374562484730884,0.9661377722233511,0.28346922276956654,False,False,1
31398,2025-03-02,岡山,清水,D,岡山,清水,0.4519833983060179,0.2601810236262106,0.2878355780677714,A,0.484647650757968,0.266087843377963,0.2492645058640689,A,0.465049099286798,0.2625437515269116,0.2724071491862904,A,False,False,False,True,0,1518,8,岡山,清水,D,2025-03-01,0,13,13,1.0,A,H,D,0.465049099286798,0.2724071491862904,0.2625437515269116,0.1926419501005076,0.7374562484730884,0.9661377722233511,0.28346922276956654,False,False,2
31397,2025-03-02,名古屋,町田,A,名古屋,町田,0.4157771886266389,0.2543370208022683,0.3298857905710928,A,0.4818490800856591,0.2283635979452506,0.2897873219690902,A,0.44220594521024703,0.24394765165946122,0.31384640313029183,A,True,True,True,True,0,1518,2,名古屋,町田,A,2025-03-01,0,13,13,1.0,A,H,D,0.44220594521024703,0.31384640313029183,0.24394765165946122,0.1283595420799552,0.7560523483405388,0.9727673417867325,0.24936504671524898,True,True,3
31397,2025-03-02,名古屋,町田,A,名古屋,町田,0.4157771886266389,0.2543370208022683,0.3298857905710928,A,0.4818490800856591,0.2283635979452506,0.2897873219690902,A,0.44220594521024703,0.24394765165946122,0.31384640313029183,A,True,True,True,True,0,1518,7,名古屋,町田,A,2025-03-01,0,13,13,1.0,A,H,D,0.44220594521024703,0.31384640313029183,0.24394765165946122,0.1283595420799552,0.7560523483405388,0.9727673417867325,0.24936504671524898,True,True,4
31456,2025-03-02,熊本,大宮,A,熊本,大宮,0.3753444115295335,0.3598233347818133,0.2648322536886532,A,0.5203339744035855,0.3214684895367727,0.1581975360596417,A,0.43334023667915433,0.34448139668379707,0.22217836663704862,A,True,True,True,True,0,1518,12,熊本,大宮,A,2025-03-01,0,13,13,1.0,A,D,H,0.43334023667915433,0.34448139668379707,0.22217836663704862,0.08885883999535726,0.7778216333629514,0.9682300046152896,0.23245769958093654,True,True,5
31393,2025-03-01,川崎F,京都,A,川崎f,京都,0.3676399837483409,0.3062550074774873,0.3261050087741718,A,0.4963565327750958,0.1771492047030722,0.3264942625218319,A,0.41912660335904284,0.25461268636772133,0.32626071027323594,A,True,True,True,True,0,1518,5,川崎F,京都,A,2025-03-01,0,13,13,1.0,A,H,D,0.41912660335904284,0.32626071027323594,0.25461268636772133,0.0928658930858069,0.7453873136322788,0.9814283849302493,0.22482435710555182,True,True,6
31393,2025-03-01,川崎F,京都,A,川崎f,京都,0.3676399837483409,0.3062550074774873,0.3261050087741718,A,0.4963565327750958,0.1771492047030722,0.3264942625218319,A,0.41912660335904284,0.25461268636772133,0.32626071027323594,A,True,True,True,True,0,1518,10,川崎F,京都,A,2025-03-01,0,13,13,1.0,A,H,D,0.41912660335904284,0.32626071027323594,0.25461268636772133,0.0928658930858069,0.7453873136322788,0.9814283849302493,0.22482435710555182,True,True,7
31400,2025-03-02,浦和,柏,A,浦和,柏,0.2639466618157045,0.3061148615044679,0.4299384766798276,H,0.2271253901483579,0.4411191948894376,0.3317554149622044,D,0.2492181531487658,0.3601165948584558,0.3906652519927783,H,False,False,False,False,0,1518,4,浦和,柏,A,2025-03-01,0,13,13,1.0,H,D,A,0.3906652519927783,0.3601165948584558,0.2492181531487658,0.030548657134322477,0.7507818468512342,0.9842009120607118,0.18965121098162072,False,False,8
31400,2025-03-02,浦和,柏,A,浦和,柏,0.2639466618157045,0.3061148615044679,0.4299384766798276,H,0.2271253901483579,0.4411191948894376,0.3317554149622044,D,0.2492181531487658,0.3601165948584558,0.3906652519927783,H,False,False,False,False,0,1518,9,浦和,柏,A,2025-03-01,0,13,13,1.0,H,D,A,0.3906652519927783,0.3601165948584558,0.2492181531487658,0.030548657134322477,0.7507818468512342,0.9842009120607118,0.18965121098162072,False,False,9
31392,2025-03-01,鹿島,FC東京,H,鹿島,fc東京,0.2750017938996427,0.3203698484030776,0.4046283576972796,H,0.245914976038814,0.4134478156397352,0.3406372083214508,D,0.2633670667553113,0.3576010352977407,0.3790318979469481,H,True,False,True,False,0,1518,1,鹿島,FC東京,H,2025-03-01,0,13,13,1.0,H,D,A,0.3790318979469481,0.3576010352977407,0.2633670667553113,0.021430862649207405,0.7366329332446888,0.9892776973991826,0.1802096165235127,True,True,10
31392,2025-03-01,鹿島,FC東京,H,鹿島,fc東京,0.2750017938996427,0.3203698484030776,0.4046283576972796,H,0.245914976038814,0.4134478156397352,0.3406372083214508,D,0.2633670667553113,0.3576010352977407,0.3790318979469481,H,True,False,True,False,0,1518,6,鹿島,FC東京,H,2025-03-01,0,13,13,1.0,H,D,A,0.3790318979469481,0.3576010352977407,0.2633670667553113,0.021430862649207405,0.7366329332446888,0.9892776973991826,0.1802096165235127,True,True,11
31451,2025-03-01,仙台,大分,H,仙台,大分,0.3331337020520555,0.3430681096965869,0.3237981882513575,D,0.3740086748749423,0.4198785265521349,0.2061127985729227,D,0.34948369118121025,0.37379227643880614,0.27672403237998366,D,False,False,False,True,0,1518,11,仙台,大分,H,2025-03-01,0,13,13,1.0,D,A,H,0.37379227643880614,0.34948369118121025,0.27672403237998366,0.024308585257595883,0.7232759676200164,0.9928532106202063,0.17814388711358006,False,False,12
31454,2025-03-01,鳥栖,FC今治,A,鳥栖,今治,0.3095062970187568,0.3293985573560472,0.361095145625196,H,0.2843887485092918,0.3636446412298508,0.3519666102608573,D,0.2994592776149708,0.3430969909055686,0.3574437314794605,H,False,False,False,False,0,1518,13,鳥栖,今治,A,2025-03-01,0,13,13,1.0,H,D,A,0.3574437314794605,0.3430969909055686,0.2994592776149708,0.014346740573891903,0.7005407223850291,0.9974732425287139,0.1663763898608766,False,False,13
31464,2025-03-09,札幌,千葉,A,札幌,千葉,0.4067836586950203,0.2658061750520466,0.327410166252933,A,0.4210624904319158,0.3245425010056282,0.2543950085624559,A,0.4124951913897785,0.2893007054334793,0.2982041031767422,A,True,True,True,True,0,1519,11,札幌,千葉,A,2025-03-08,0,13,13,1.0,A,H,D,0.4124951913897785,0.2982041031767422,0.2893007054334793,0.11429108821303635,0.7106992945665207,0.9875309930221234,0.22811851839553837,True,True,1
31401,2025-03-08,浦和,岡山,H,浦和,岡山,0.3348329096543208,0.3986981072232693,0.2664689831224098,D,0.2771717315863166,0.4456601948740023,0.2771680735396812,D,0.31176843842711915,0.4174829422835626,0.27074861928931837,D,False,False,False,True,0,1519,1,浦和,岡山,H,2025-03-08,0,13,13,1.0,D,A,H,0.4174829422835626,0.31176843842711915,0.27074861928931837,0.10571450385644343,0.7292513807106817,0.9846887291295721,0.22792965455144396,False,False,2
31401,2025-03-08,浦和,岡山,H,浦和,岡山,0.3348329096543208,0.3986981072232693,0.2664689831224098,D,0.2771717315863166,0.4456601948740023,0.2771680735396812,D,0.31176843842711915,0.4174829422835626,0.27074861928931837,D,False,False,False,True,0,1519,6,浦和,岡山,H,2025-03-08,0,13,13,1.0,D,A,H,0.4174829422835626,0.31176843842711915,0.27074861928931837,0.10571450385644343,0.7292513807106817,0.9846887291295721,0.22792965455144396,False,False,3
31469,2025-03-09,徳島,熊本,D,徳島,熊本,0.3373106585776526,0.3347997118950865,0.3278896295272608,A,0.2682455315655868,0.4740138515911855,0.2577406168432278,D,0.30968460777282625,0.39048536777352616,0.29983002445364765,D,False,True,True,False,0,1519,5,徳島,熊本,D,2025-03-08,0,13,13,1.0,D,A,H,0.39048536777352616,0.30968460777282625,0.29983002445364765,0.08080076000069991,0.7001699755463524,0.9934063138595042,0.20531741872643092,True,True,4
31469,2025-03-09,徳島,熊本,D,徳島,熊本,0.3373106585776526,0.3347997118950865,0.3278896295272608,A,0.2682455315655868,0.4740138515911855,0.2577406168432278,D,0.30968460777282625,0.39048536777352616,0.29983002445364765,D,False,True,True,False,0,1519,10,徳島,熊本,D,2025-03-08,0,13,13,1.0,D,A,H,0.39048536777352616,0.30968460777282625,0.29983002445364765,0.08080076000069991,0.7001699755463524,0.9934063138595042,0.20531741872643092,True,True,5
31465,2025-03-09,山形,秋田,H,山形,秋田,0.350652892225582,0.2832085701117562,0.3661385376626617,H,0.4251958778254472,0.3615472524099843,0.2132568697645685,A,0.3804700864655281,0.3145440430310475,0.3049858705034244,A,True,False,False,False,0,1519,4,山形,秋田,H,2025-03-08,0,13,13,1.0,A,D,H,0.3804700864655281,0.3145440430310475,0.3049858705034244,0.06592604343448061,0.6950141294965756,0.9954790025636064,0.19518985359883456,False,False,6
31465,2025-03-09,山形,秋田,H,山形,秋田,0.350652892225582,0.2832085701117562,0.3661385376626617,H,0.4251958778254472,0.3615472524099843,0.2132568697645685,A,0.3804700864655281,0.3145440430310475,0.3049858705034244,A,True,False,False,False,0,1519,9,山形,秋田,H,2025-03-08,0,13,13,1.0,A,D,H,0.3804700864655281,0.3145440430310475,0.3049858705034244,0.06592604343448061,0.6950141294965756,0.9954790025636064,0.19518985359883456,False,False,7
31470,2025-03-09,大分,水戸,D,大分,水戸,0.3169658324732242,0.3178271900421847,0.3652069774845911,H,0.2976469226397125,0.332375095973555,0.3699779813867325,H,0.30923826853981956,0.32364635241473283,0.36711537904544767,H,False,False,False,True,0,1519,12,大分,水戸,D,2025-03-08,0,13,13,1.0,H,D,A,0.36711537904544767,0.32364635241473283,0.30923826853981956,0.043469026630714835,0.6907617314601805,0.9975500469462787,0.1809060705019459,False,True,8
31468,2025-03-09,富山,磐田,H,富山,磐田,0.3503346932406544,0.3026933945779683,0.3469719121813773,A,0.3459139913351325,0.2337109757678716,0.4203750328969959,H,0.3485664124784456,0.2751004270539297,0.3763331604676247,H,False,True,True,False,0,1519,13,富山,磐田,H,2025-03-08,0,13,13,1.0,H,A,D,0.3763331604676247,0.3485664124784456,0.2751004270539297,0.027766747989179108,0.7248995729460703,0.992339417573138,0.1806004004920162,True,True,9
31408,2025-03-09,京都,福岡,A,京都,福岡,0.3116303638551871,0.3386319819815239,0.349737654163289,H,0.3316090405029835,0.2879056908079939,0.3804852686890225,H,0.3196218345143057,0.3183414655121119,0.3620366999735824,H,False,False,False,True,0,1519,3,京都,福岡,A,2025-03-08,0,13,13,1.0,H,A,D,0.3620366999735824,0.3196218345143057,0.3183414655121119,0.042414865459276696,0.681658534487888,0.9983342016725469,0.17809487756434952,False,True,10
31408,2025-03-09,京都,福岡,A,京都,福岡,0.3116303638551871,0.3386319819815239,0.349737654163289,H,0.3316090405029835,0.2879056908079939,0.3804852686890225,H,0.3196218345143057,0.3183414655121119,0.3620366999735824,H,False,False,False,True,0,1519,8,京都,福岡,A,2025-03-08,0,13,13,1.0,H,A,D,0.3620366999735824,0.3196218345143057,0.3183414655121119,0.042414865459276696,0.681658534487888,0.9983342016725469,0.17809487756434952,False,True,11
31403,2025-03-08,横浜FC,町田,A,横浜fc,町田,0.3186253992745573,0.3111331498471114,0.3702414508783312,H,0.4231529569690003,0.2882004889698188,0.2886465540611808,A,0.3604364223523345,0.3019600854961944,0.3376034921514711,A,False,True,True,False,0,1519,2,横浜FC,町田,A,2025-03-08,0,13,13,1.0,A,H,D,0.3604364223523345,0.3376034921514711,0.3019600854961944,0.022832930200863355,0.6980399145038056,0.9976102144588039,0.1706658727370919,True,True,12
31403,2025-03-08,横浜FC,町田,A,横浜fc,町田,0.3186253992745573,0.3111331498471114,0.3702414508783312,H,0.4231529569690003,0.2882004889698188,0.2886465540611808,A,0.3604364223523345,0.3019600854961944,0.3376034921514711,A,False,True,True,False,0,1519,7,横浜FC,町田,A,2025-03-08,0,13,13,1.0,A,H,D,0.3604364223523345,0.3376034921514711,0.3019600854961944,0.022832930200863355,0.6980399145038056,0.9976102144588039,0.1706658727370919,True,True,13
31472,2025-03-15,磐田,甲府,H,磐田,甲府,0.2400893783571595,0.3163138989939928,0.4435967226488477,H,0.122107884414092,0.2692952921359342,0.6085968234499738,H,0.1928967807799325,0.2975064562507694,0.5095967629692981,H,True,True,True,True,0,1520,12,磐田,甲府,H,2025-03-15,0,13,13,1.0,H,D,A,0.5095967629692981,0.2975064562507694,0.1928967807799325,0.21209030671852874,0.8071032192200676,0.9299377759605352,0.3175625954955622,True,True,1
31476,2025-03-16,熊本,山形,A,熊本,山形,0.4223610075403394,0.281641723228441,0.2959972692312195,A,0.5652680577982993,0.2343808602786952,0.2003510819230055,A,0.4795238276435234,0.2627373780485427,0.2577387943079339,A,True,True,True,True,0,1520,13,熊本,山形,A,2025-03-15,0,13,13,1.0,A,D,H,0.4795238276435234,0.2627373780485427,0.2577387943079339,0.21678644959498072,0.7422612056920661,0.9585283159412454,0.2999553166095797,True,True,2
31419,2025-03-16,広島,柏,D,広島,柏,0.247296223728906,0.2998482145035037,0.4528555617675903,H,0.2106630136299177,0.3339299819317063,0.4554070044383759,H,0.2326429396893107,0.3134809214747848,0.4538761388359045,H,False,False,False,True,0,1520,3,広島,柏,D,2025-03-15,0,13,13,1.0,H,D,A,0.4538761388359045,0.3134809214747848,0.2326429396893107,0.1403952173611197,0.7673570603106893,0.966151221326895,0.26015234428716993,False,True,3
31419,2025-03-16,広島,柏,D,広島,柏,0.247296223728906,0.2998482145035037,0.4528555617675903,H,0.2106630136299177,0.3339299819317063,0.4554070044383759,H,0.2326429396893107,0.3134809214747848,0.4538761388359045,H,False,False,False,True,0,1520,8,広島,柏,D,2025-03-15,0,13,13,1.0,H,D,A,0.4538761388359045,0.3134809214747848,0.2326429396893107,0.1403952173611197,0.7673570603106893,0.966151221326895,0.26015234428716993,False,True,4
31414,2025-03-15,福岡,FC東京,H,福岡,fc東京,0.2747929960843278,0.3149080750496884,0.4102989288659838,H,0.3293473059329156,0.2984931218381004,0.372159572228984,H,0.296614720023763,0.3083420937650531,0.3950431862111838,H,True,True,True,True,0,1520,1,福岡,FC東京,H,2025-03-15,0,13,13,1.0,H,D,A,0.3950431862111838,0.3083420937650531,0.296614720023763,0.08670109244613067,0.7033852799762369,0.9923073286019005,0.20965335043079833,True,True,5
31414,2025-03-15,福岡,FC東京,H,福岡,fc東京,0.2747929960843278,0.3149080750496884,0.4102989288659838,H,0.3293473059329156,0.2984931218381004,0.372159572228984,H,0.296614720023763,0.3083420937650531,0.3950431862111838,H,True,True,True,True,0,1520,6,福岡,FC東京,H,2025-03-15,0,13,13,1.0,H,D,A,0.3950431862111838,0.3083420937650531,0.296614720023763,0.08670109244613067,0.7033852799762369,0.9923073286019005,0.20965335043079833,True,True,6
31420,2025-03-16,湘南,神戸,A,湘南,神戸,0.3475843949649688,0.2961459395968689,0.3562696654381622,H,0.4159041832014328,0.3018682764754605,0.2822275403231067,A,0.37491231025955446,0.29843487434830557,0.32665281539214003,A,False,True,True,False,0,1520,4,湘南,神戸,A,2025-03-15,0,13,13,1.0,A,H,D,0.37491231025955446,0.32665281539214003,0.29843487434830557,0.04825949486741443,0.7015651256516945,0.9959465042636452,0.18641206196766555,True,True,7
31420,2025-03-16,湘南,神戸,A,湘南,神戸,0.3475843949649688,0.2961459395968689,0.3562696654381622,H,0.4159041832014328,0.3018682764754605,0.2822275403231067,A,0.37491231025955446,0.29843487434830557,0.32665281539214003,A,False,True,True,False,0,1520,9,湘南,神戸,A,2025-03-15,0,13,13,1.0,A,H,D,0.37491231025955446,0.32665281539214003,0.29843487434830557,0.04825949486741443,0.7015651256516945,0.9959465042636452,0.18641206196766555,True,True,8
31416,2025-03-16,鹿島,浦和,D,鹿島,浦和,0.3412528416230791,0.3553337859801756,0.3034133723967452,D,0.3476440961491167,0.3991725274400192,0.2531833764108641,D,0.3438093434334941,0.3728692825641131,0.2833213740023927,D,True,True,True,True,0,1520,2,鹿島,浦和,D,2025-03-15,0,13,13,1.0,D,A,H,0.3728692825641131,0.3438093434334941,0.2833213740023927,0.029059939130618995,0.7166786259976072,0.9941973066937806,0.17912269451081145,True,True,9
31416,2025-03-16,鹿島,浦和,D,鹿島,浦和,0.3412528416230791,0.3553337859801756,0.3034133723967452,D,0.3476440961491167,0.3991725274400192,0.2531833764108641,D,0.3438093434334941,0.3728692825641131,0.2833213740023927,D,True,True,True,True,0,1520,7,鹿島,浦和,D,2025-03-15,0,13,13,1.0,D,A,H,0.3728692825641131,0.3438093434334941,0.2833213740023927,0.029059939130618995,0.7166786259976072,0.9941973066937806,0.17912269451081145,True,True,10
31480,2025-03-16,FC今治,富山,D,今治,富山,0.3450400460974309,0.2676129362129208,0.3873470176896484,H,0.3473393190197015,0.3253743806801278,0.3272863003001705,A,0.34595975526633915,0.29071751399980367,0.36332273073385724,H,False,False,False,False,0,1520,11,今治,富山,D,2025-03-15,0,13,13,1.0,H,A,D,0.36332273073385724,0.34595975526633915,0.29071751399980367,0.017362975467518083,0.7092824860001964,0.9959996892560238,0.17037233239266233,False,False,11
31413,2025-03-15,横浜FC,C大阪,H,横浜fc,c大阪,0.3782836715811557,0.3243825282164537,0.2973338002023906,A,0.3201340015256746,0.3516253417855923,0.328240656688733,D,0.35502380355896324,0.33527965364410917,0.30969654279692754,A,False,False,False,False,0,1520,5,横浜FC,C大阪,H,2025-03-15,0,13,13,1.0,A,D,H,0.35502380355896324,0.33527965364410917,0.30969654279692754,0.01974414991485407,0.6903034572030724,0.9985844439211036,0.16695427528751167,False,False,12
31413,2025-03-15,横浜FC,C大阪,H,横浜fc,c大阪,0.3782836715811557,0.3243825282164537,0.2973338002023906,A,0.3201340015256746,0.3516253417855923,0.328240656688733,D,0.35502380355896324,0.33527965364410917,0.30969654279692754,A,False,False,False,False,0,1520,10,横浜FC,C大阪,H,2025-03-15,0,13,13,1.0,A,D,H,0.35502380355896324,0.33527965364410917,0.30969654279692754,0.01974414991485407,0.6903034572030724,0.9985844439211036,0.16695427528751167,False,False,13
31482,2025-03-23,レノファ山口FC,熊本,A,山口,熊本,0.4566003462478095,0.3045088172284783,0.2388908365237121,A,0.5774257399611297,0.2961984623121053,0.1263757977267651,A,0.5049305037331376,0.3011846752619291,0.1938848210049333,A,True,True,True,True,0,1522,1,山口,熊本,A,2025-03-23,0,13,13,1.0,A,D,H,0.5049305037331376,0.3011846752619291,0.1938848210049333,0.20374582847120853,0.8061151789950667,0.9325709194194244,0.31201558276095004,True,True,1
31482,2025-03-23,レノファ山口FC,熊本,A,山口,熊本,0.4566003462478095,0.3045088172284783,0.2388908365237121,A,0.5774257399611297,0.2961984623121053,0.1263757977267651,A,0.5049305037331376,0.3011846752619291,0.1938848210049333,A,True,True,True,True,0,1522,6,山口,熊本,A,2025-03-23,0,13,13,1.0,A,D,H,0.5049305037331376,0.3011846752619291,0.1938848210049333,0.20374582847120853,0.8061151789950667,0.9325709194194244,0.31201558276095004,True,True,2
31557,2025-03-23,ガイナーレ鳥取,FC岐阜,H,鳥取,岐阜,0.3116522119460914,0.3068789685674972,0.3814688194864114,H,0.2747620794981653,0.1778392312683786,0.5473986892334561,H,0.2968961589669209,0.2552630736478498,0.4478407673852293,H,True,True,True,True,0,1522,13,鳥取,岐阜,H,2025-03-23,0,13,13,1.0,H,A,D,0.4478407673852293,0.2968961589669209,0.2552630736478498,0.15094460841830842,0.7447369263521502,0.9729116043355712,0.2597766374026469,True,True,3
31555,2025-03-23,FC大阪,ツエーゲン金沢,H,fc大阪,金沢,0.2755022770013677,0.2729287345687598,0.4515689884298725,H,0.2423195371666635,0.3576875902857511,0.3999928725475853,H,0.26222918106748605,0.30683227685555636,0.43093854207695764,H,True,True,True,True,0,1522,11,FC大阪,金沢,H,2025-03-23,0,13,13,1.0,H,D,A,0.43093854207695764,0.30683227685555636,0.26222918106748605,0.12410626522140128,0.7377708189325141,0.9796642641986802,0.24142668392238537,True,True,4
31483,2025-03-23,山形,徳島,D,山形,徳島,0.299515305474222,0.3027531081632655,0.3977315863625124,H,0.3833149279469125,0.1949047664179767,0.4217803056351108,H,0.3330351544632982,0.25961377146515,0.4073510740715518,H,False,False,False,True,0,1522,2,山形,徳島,D,2025-03-23,0,13,13,1.0,H,A,D,0.4073510740715518,0.3330351544632982,0.25961377146515,0.07431591960825362,0.7403862285348499,0.9849818570912519,0.2123221837768367,False,False,5
31483,2025-03-23,山形,徳島,D,山形,徳島,0.299515305474222,0.3027531081632655,0.3977315863625124,H,0.3833149279469125,0.1949047664179767,0.4217803056351108,H,0.3330351544632982,0.25961377146515,0.4073510740715518,H,False,False,False,True,0,1522,7,山形,徳島,D,2025-03-23,0,13,13,1.0,H,A,D,0.4073510740715518,0.3330351544632982,0.25961377146515,0.07431591960825362,0.7403862285348499,0.9849818570912519,0.2123221837768367,False,False,6
31484,2025-03-23,いわきFC,FC今治,A,いわき,今治,0.3999525599425828,0.3222543265365957,0.2777931135208215,A,0.3704573493690592,0.3178722745774954,0.3116703760534454,A,0.3881544757131734,0.32050150575295566,0.29134401853387104,A,True,True,True,True,0,1522,3,いわき,今治,A,2025-03-23,0,13,13,1.0,A,D,H,0.3881544757131734,0.32050150575295566,0.29134401853387104,0.06765296996021775,0.7086559814661291,0.9933617138683447,0.1996757107833353,True,True,7
31484,2025-03-23,いわきFC,FC今治,A,いわき,今治,0.3999525599425828,0.3222543265365957,0.2777931135208215,A,0.3704573493690592,0.3178722745774954,0.3116703760534454,A,0.3881544757131734,0.32050150575295566,0.29134401853387104,A,True,True,True,True,0,1522,8,いわき,今治,A,2025-03-23,0,13,13,1.0,A,D,H,0.3881544757131734,0.32050150575295566,0.29134401853387104,0.06765296996021775,0.7086559814661291,0.9933617138683447,0.1996757107833353,True,True,8
31558,2025-03-23,カマタマーレ讃岐,栃木シティ,A,讃岐,栃木c,0.3646174742423297,0.3404004916080704,0.2949820341495999,A,0.3869824216067983,0.2457510590872021,0.3672665193059996,A,0.3735634531881171,0.3025407185997231,0.3238958282121598,A,True,True,True,True,0,1522,12,讃岐,栃木C,A,2025-03-23,0,13,13,1.0,A,H,D,0.3735634531881171,0.3238958282121598,0.3025407185997231,0.049667624975957336,0.6974592814002769,0.9964149131964066,0.18620424003695643,True,True,9
31486,2025-03-23,甲府,千葉,A,甲府,千葉,0.3045275040187228,0.3740262434736539,0.3214462525076232,D,0.2388637996603113,0.3595644607122593,0.4015717396274293,H,0.2782620222753582,0.3682415303690961,0.3534964473555457,D,False,False,False,False,0,1522,4,甲府,千葉,A,2025-03-23,0,13,13,1.0,D,H,A,0.3682415303690961,0.3534964473555457,0.2782620222753582,0.01474508301355043,0.7217379777246418,0.9934572802233262,0.17217801167617067,False,False,10
31486,2025-03-23,甲府,千葉,A,甲府,千葉,0.3045275040187228,0.3740262434736539,0.3214462525076232,D,0.2388637996603113,0.3595644607122593,0.4015717396274293,H,0.2782620222753582,0.3682415303690961,0.3534964473555457,D,False,False,False,False,0,1522,9,甲府,千葉,A,2025-03-23,0,13,13,1.0,D,H,A,0.3682415303690961,0.3534964473555457,0.2782620222753582,0.01474508301355043,0.7217379777246418,0.9934572802233262,0.17217801167617067,False,False,11
31488,2025-03-23,鳥栖,富山,H,鳥栖,富山,0.3532887831582146,0.3287745131591966,0.3179367036825887,A,0.3092704838528518,0.2946968110576249,0.3960327050895233,H,0.3356814634360695,0.3151434323185679,0.3491751042453626,H,False,True,True,False,0,1522,5,鳥栖,富山,H,2025-03-23,0,13,13,1.0,H,A,D,0.3491751042453626,0.3356814634360695,0.3151434323185679,0.01349364080929305,0.6848565676814321,0.9991949304489725,0.16201258510387126,True,True,12
31488,2025-03-23,鳥栖,富山,H,鳥栖,富山,0.3532887831582146,0.3287745131591966,0.3179367036825887,A,0.3092704838528518,0.2946968110576249,0.3960327050895233,H,0.3356814634360695,0.3151434323185679,0.3491751042453626,H,False,True,True,False,0,1522,10,鳥栖,富山,H,2025-03-23,0,13,13,1.0,H,A,D,0.3491751042453626,0.3356814634360695,0.3151434323185679,0.01349364080929305,0.6848565676814321,0.9991949304489725,0.16201258510387126,True,True,13
31424,2025-03-29,新潟,G大阪,D,新潟,g大阪,0.4927386623344458,0.2504953098927798,0.2567660277727744,A,0.6343555373839198,0.1955950311140779,0.1700494315020023,A,0.5493854123542355,0.22853519838129902,0.22207938926446552,A,False,False,False,True,0,1524,2,新潟,G大阪,D,2025-03-29,0,13,13,1.0,A,D,H,0.5493854123542355,0.22853519838129902,0.22207938926446552,0.32085021397293656,0.7779206107355345,0.910746561805509,0.377371698088832,False,True,1
31424,2025-03-29,新潟,G大阪,D,新潟,g大阪,0.4927386623344458,0.2504953098927798,0.2567660277727744,A,0.6343555373839198,0.1955950311140779,0.1700494315020023,A,0.5493854123542355,0.22853519838129902,0.22207938926446552,A,False,False,False,True,0,1524,7,新潟,G大阪,D,2025-03-29,0,13,13,1.0,A,D,H,0.5493854123542355,0.22853519838129902,0.22207938926446552,0.32085021397293656,0.7779206107355345,0.910746561805509,0.377371698088832,False,True,2
31425,2025-03-29,清水,湘南,H,清水,湘南,0.2859445937461324,0.3033163410755718,0.4107390651782958,H,0.1995413736811891,0.3466901162933982,0.4537685100254127,H,0.2513833057201551,0.3206658511627024,0.4279508431171425,H,True,True,True,True,0,1524,1,清水,湘南,H,2025-03-29,0,13,13,1.0,H,D,A,0.4279508431171425,0.3206658511627024,0.2513833057201551,0.10728499195444008,0.7486166942798449,0.9785410513048942,0.2344194163257893,True,True,3
31425,2025-03-29,清水,湘南,H,清水,湘南,0.2859445937461324,0.3033163410755718,0.4107390651782958,H,0.1995413736811891,0.3466901162933982,0.4537685100254127,H,0.2513833057201551,0.3206658511627024,0.4279508431171425,H,True,True,True,True,0,1524,6,清水,湘南,H,2025-03-29,0,13,13,1.0,H,D,A,0.4279508431171425,0.3206658511627024,0.2513833057201551,0.10728499195444008,0.7486166942798449,0.9785410513048942,0.2344194163257893,True,True,4
31427,2025-03-29,京都,広島,H,京都,広島,0.3722711188729362,0.2872672946099954,0.3404615865170683,A,0.3017514432813981,0.2257267390465876,0.4725218176720143,H,0.34406324863632093,0.26265107238463237,0.3932856789790468,H,False,True,True,False,0,1524,3,京都,広島,H,2025-03-29,0,13,13,1.0,H,A,D,0.3932856789790468,0.34406324863632093,0.26265107238463237,0.04922243034272589,0.7373489276153677,0.9878451250650148,0.19663738114752216,True,True,5
31427,2025-03-29,京都,広島,H,京都,広島,0.3722711188729362,0.2872672946099954,0.3404615865170683,A,0.3017514432813981,0.2257267390465876,0.4725218176720143,H,0.34406324863632093,0.26265107238463237,0.3932856789790468,H,False,True,True,False,0,1524,8,京都,広島,H,2025-03-29,0,13,13,1.0,H,A,D,0.3932856789790468,0.34406324863632093,0.26265107238463237,0.04922243034272589,0.7373489276153677,0.9878451250650148,0.19663738114752216,True,True,6
31492,2025-03-30,熊本,鳥栖,H,熊本,鳥栖,0.3250627904226044,0.3293144345937248,0.3456227749836708,H,0.2567117854865015,0.30330462941309,0.4399835851004085,H,0.2977223884481632,0.3189105125214709,0.3833670990303659,H,True,True,True,True,0,1524,13,熊本,鳥栖,H,2025-03-29,0,13,13,1.0,H,D,A,0.3833670990303659,0.3189105125214709,0.2977223884481632,0.06445658650889502,0.7022776115518368,0.9946563718219297,0.196143725477392,True,True,7
31430,2025-03-29,FC東京,川崎F,A,fc東京,川崎f,0.3882666030845115,0.3030646847105991,0.3086687122048893,A,0.3553746471790708,0.3331154407250185,0.3115099120959106,A,0.3751098207223352,0.3150849871163669,0.3098051921612978,A,True,True,True,True,0,1524,4,FC東京,川崎F,A,2025-03-29,0,13,13,1.0,A,D,H,0.3751098207223352,0.3150849871163669,0.3098051921612978,0.060024833605968275,0.6901948078387021,0.9964733543526517,0.19051344021660938,True,True,8
31430,2025-03-29,FC東京,川崎F,A,fc東京,川崎f,0.3882666030845115,0.3030646847105991,0.3086687122048893,A,0.3553746471790708,0.3331154407250185,0.3115099120959106,A,0.3751098207223352,0.3150849871163669,0.3098051921612978,A,True,True,True,True,0,1524,9,FC東京,川崎F,A,2025-03-29,0,13,13,1.0,A,D,H,0.3751098207223352,0.3150849871163669,0.3098051921612978,0.060024833605968275,0.6901948078387021,0.9964733543526517,0.19051344021660938,True,True,9
31499,2025-03-30,愛媛FC,大分,A,愛媛,大分,0.3247540136129606,0.2906808928029227,0.3845650935841166,H,0.3943735099475278,0.2570239487972032,0.348602541255269,A,0.35260181214678754,0.27721811520063494,0.37018007265257763,H,False,True,False,False,0,1524,12,愛媛,大分,A,2025-03-29,0,13,13,1.0,H,A,D,0.37018007265257763,0.35260181214678754,0.27721811520063494,0.01757826050579009,0.7227818847993652,0.99315032514496,0.17410335884169445,False,True,10
31491,2025-03-29,札幌,甲府,A,札幌,甲府,0.3566087013577315,0.3019763516888926,0.3414149469533759,A,0.3081016181739334,0.3008843939969237,0.3910139878291429,H,0.3372058680842122,0.301539568612105,0.3612545633036827,H,True,False,False,False,0,1524,5,札幌,甲府,A,2025-03-29,0,13,13,1.0,H,A,D,0.3612545633036827,0.3372058680842122,0.301539568612105,0.024048695219470506,0.6984604313878949,0.9975174454809009,0.1714781077172917,False,True,11
31491,2025-03-29,札幌,甲府,A,札幌,甲府,0.3566087013577315,0.3019763516888926,0.3414149469533759,A,0.3081016181739334,0.3008843939969237,0.3910139878291429,H,0.3372058680842122,0.301539568612105,0.3612545633036827,H,True,False,False,False,0,1524,10,札幌,甲府,A,2025-03-29,0,13,13,1.0,H,A,D,0.3612545633036827,0.3372058680842122,0.301539568612105,0.024048695219470506,0.6984604313878949,0.9975174454809009,0.1714781077172917,False,True,12
31493,2025-03-30,秋田,レノファ山口FC,H,秋田,山口,0.3641556925345983,0.2952571106466136,0.3405871968187881,A,0.3687462229490004,0.2479580463593036,0.3832957306916959,H,0.36599190470035914,0.27633748493168964,0.3576706103679513,A,False,True,False,False,0,1524,11,秋田,山口,H,2025-03-29,0,13,13,1.0,A,H,D,0.36599190470035914,0.3576706103679513,0.27633748493168964,0.008321294332407858,0.7236625150683105,0.9930870551904452,0.16899139909341532,False,True,13
31603,2025-04-05,札幌,徳島,H,札幌,徳島,0.2745705167542366,0.2937067184831913,0.431722764762572,H,0.2094268676658248,0.2710679148485669,0.5195052174856083,H,0.24851305711887195,0.28465119702934155,0.4668357458517866,H,True,True,True,True,0,1526,12,札幌,徳島,H,2025-04-05,0,13,13,1.0,H,D,A,0.4668357458517866,0.28465119702934155,0.24851305711887195,0.18218454882244506,0.7514869428811282,0.9641995357434288,0.281000770572474,True,True,1
32238,2025-04-06,柏,G大阪,H,柏,g大阪,0.361225436913193,0.3533824657720263,0.2853920973147806,A,0.2655954894185313,0.4772474326041223,0.2571570779773464,D,0.32297345791532833,0.4029284525048648,0.27409808957980697,D,False,False,False,False,0,1526,3,柏,G大阪,H,2025-04-05,0,13,13,1.0,D,A,H,0.4029284525048648,0.32297345791532833,0.27409808957980697,0.07995499458953648,0.7259019104201931,0.9885534684212358,0.21159135804927975,False,False,2
32238,2025-04-06,柏,G大阪,H,柏,g大阪,0.361225436913193,0.3533824657720263,0.2853920973147806,A,0.2655954894185313,0.4772474326041223,0.2571570779773464,D,0.32297345791532833,0.4029284525048648,0.27409808957980697,D,False,False,False,False,0,1526,9,柏,G大阪,H,2025-04-05,0,13,13,1.0,D,A,H,0.4029284525048648,0.32297345791532833,0.27409808957980697,0.07995499458953648,0.7259019104201931,0.9885534684212358,0.21159135804927975,False,False,3
32237,2025-04-06,鹿島,京都,A,鹿島,京都,0.2527492478201412,0.3480082667859033,0.3992424853939555,H,0.1715483835397797,0.404656990507652,0.4237946259525682,H,0.2202689021079966,0.3706677562746028,0.4090633416174006,H,False,False,False,True,0,1526,6,鹿島,京都,A,2025-04-05,0,13,13,1.0,H,D,A,0.4090633416174006,0.3706677562746028,0.2202689021079966,0.0383955853427978,0.7797310978920033,0.9710166111410365,0.20331363636960217,False,False,4
32239,2025-04-06,湘南,名古屋,H,湘南,名古屋,0.3002214937845128,0.3813990415666541,0.3183794646488331,D,0.2869492764767161,0.4026205558408111,0.3104301676824728,D,0.29491260686139414,0.3898876472763169,0.31519974586228894,D,False,False,False,True,0,1526,4,湘南,名古屋,H,2025-04-05,0,13,13,1.0,D,H,A,0.3898876472763169,0.31519974586228894,0.29491260686139414,0.07468790141402798,0.7050873931386059,0.9933059379185017,0.20292901918555206,False,True,5
32239,2025-04-06,湘南,名古屋,H,湘南,名古屋,0.3002214937845128,0.3813990415666541,0.3183794646488331,D,0.2869492764767161,0.4026205558408111,0.3104301676824728,D,0.29491260686139414,0.3898876472763169,0.31519974586228894,D,False,False,False,True,0,1526,10,湘南,名古屋,H,2025-04-05,0,13,13,1.0,D,H,A,0.3898876472763169,0.31519974586228894,0.29491260686139414,0.07468790141402798,0.7050873931386059,0.9933059379185017,0.20292901918555206,False,True,6
32232,2025-04-06,岡山,FC東京,H,岡山,fc東京,0.4031453246707671,0.315689842314775,0.2811648330144579,A,0.3807058388708903,0.3556340013537771,0.2636601597753326,A,0.39416953035081637,0.33166750593037586,0.27416296371880783,A,False,False,False,True,0,1526,1,岡山,FC東京,H,2025-04-05,0,13,13,1.0,A,D,H,0.39416953035081637,0.33166750593037586,0.27416296371880783,0.0625020244204405,0.7258370362811922,0.9901337655624063,0.20122524409254028,False,False,7
32232,2025-04-06,岡山,FC東京,H,岡山,fc東京,0.4031453246707671,0.315689842314775,0.2811648330144579,A,0.3807058388708903,0.3556340013537771,0.2636601597753326,A,0.39416953035081637,0.33166750593037586,0.27416296371880783,A,False,False,False,True,0,1526,7,岡山,FC東京,H,2025-04-05,0,13,13,1.0,A,D,H,0.39416953035081637,0.33166750593037586,0.27416296371880783,0.0625020244204405,0.7258370362811922,0.9901337655624063,0.20122524409254028,False,False,8
32234,2025-04-06,横浜FC,清水,H,横浜fc,清水,0.2574745539170997,0.337856142342688,0.4046693037402122,H,0.2061323668777155,0.411462036661109,0.3824055964611755,D,0.23693767910134603,0.36729850007005643,0.39576382082859757,H,True,False,True,False,0,1526,2,横浜FC,清水,H,2025-04-05,0,13,13,1.0,H,D,A,0.39576382082859757,0.36729850007005643,0.23693767910134603,0.028465320758541135,0.763062320898654,0.9793334005893232,0.19218990152049367,True,True,9
32234,2025-04-06,横浜FC,清水,H,横浜fc,清水,0.2574745539170997,0.337856142342688,0.4046693037402122,H,0.2061323668777155,0.411462036661109,0.3824055964611755,D,0.23693767910134603,0.36729850007005643,0.39576382082859757,H,True,False,True,False,0,1526,8,横浜FC,清水,H,2025-04-05,0,13,13,1.0,H,D,A,0.39576382082859757,0.36729850007005643,0.23693767910134603,0.028465320758541135,0.763062320898654,0.9793334005893232,0.19218990152049367,True,True,10
31604,2025-04-05,山形,磐田,D,山形,磐田,0.2869488647665629,0.356488244080871,0.356562891152566,H,0.1994563852977371,0.3681707878468925,0.4323728268553704,H,0.2519518729790326,0.3611612615872796,0.3868868654336878,H,False,False,False,True,0,1526,13,山形,磐田,D,2025-04-05,0,13,13,1.0,H,D,A,0.3868868654336878,0.3611612615872796,0.2519518729790326,0.02572560384640815,0.7480481270209673,0.9853652400611117,0.18603000277918,False,True,11
31608,2025-04-05,鳥栖,藤枝MYFC,H,鳥栖,藤枝,0.3402138901397308,0.3340673020322802,0.3257188078279889,A,0.2879581802306512,0.3791486667432862,0.3328931530260627,D,0.319311606176099,0.3520998479166826,0.3285885459072185,D,False,False,False,False,0,1526,5,鳥栖,藤枝,H,2025-04-05,0,13,13,1.0,D,H,A,0.3520998479166826,0.3285885459072185,0.319311606176099,0.023511302009464108,0.680688393823901,0.9992247512437951,0.16682893701706059,False,True,12
31608,2025-04-05,鳥栖,藤枝MYFC,H,鳥栖,藤枝,0.3402138901397308,0.3340673020322802,0.3257188078279889,A,0.2879581802306512,0.3791486667432862,0.3328931530260627,D,0.319311606176099,0.3520998479166826,0.3285885459072185,D,False,False,False,False,0,1526,11,鳥栖,藤枝,H,2025-04-05,0,13,13,1.0,D,H,A,0.3520998479166826,0.3285885459072185,0.319311606176099,0.023511302009464108,0.680688393823901,0.9992247512437951,0.16682893701706059,False,True,13
31617,2025-04-13,V・ファーレン長崎,鳥栖,A,長崎,鳥栖,0.3065848760698457,0.4283189759259653,0.2650961480041889,D,0.1588608102021436,0.6013189678267988,0.2398202219710575,D,0.24749524972276485,0.4975189726862988,0.25498577759093644,D,False,False,False,True,0,1529,11,長崎,鳥栖,A,2025-04-12,0,13,13,1.0,D,H,A,0.4975189726862988,0.25498577759093644,0.24749524972276485,0.24253319509536236,0.7525047502772353,0.9478979568914278,0.3191905646139257,False,False,1
32250,2025-04-13,新潟,横浜FC,D,新潟,横浜fc,0.2717702110091264,0.3135052737513714,0.4147245152395022,H,0.1394260250189033,0.2415739612146487,0.619000013766448,H,0.2188325366130371,0.2847327487366823,0.4964347146502805,H,False,False,False,True,0,1529,4,新潟,横浜FC,D,2025-04-12,0,13,13,1.0,H,D,A,0.4964347146502805,0.2847327487366823,0.2188325366130371,0.2117019659135982,0.7811674633869627,0.9446846194864204,0.3085543857651015,False,True,2
32250,2025-04-13,新潟,横浜FC,D,新潟,横浜fc,0.2717702110091264,0.3135052737513714,0.4147245152395022,H,0.1394260250189033,0.2415739612146487,0.619000013766448,H,0.2188325366130371,0.2847327487366823,0.4964347146502805,H,False,False,False,True,0,1529,9,新潟,横浜FC,D,2025-04-12,0,13,13,1.0,H,D,A,0.4964347146502805,0.2847327487366823,0.2188325366130371,0.2117019659135982,0.7811674633869627,0.9446846194864204,0.3085543857651015,False,True,3
31614,2025-04-13,秋田,大宮,A,秋田,大宮,0.2983828841282884,0.2811471959049285,0.4204699199667831,H,0.2120167292688323,0.2793756735326697,0.508607597198498,H,0.26383642218450604,0.28043858695602497,0.4557249908594691,H,False,False,False,True,0,1529,12,秋田,大宮,A,2025-04-12,0,13,13,1.0,H,D,A,0.4557249908594691,0.28043858695602497,0.26383642218450604,0.17528640390344413,0.736163577815494,0.9705252140470138,0.27232144444356376,False,False,4
32249,2025-04-13,町田,浦和,A,町田,浦和,0.2481937328099074,0.3277406758709059,0.4240655913191867,H,0.1632030802878313,0.3284140214861135,0.5083828982260552,H,0.21419747180107693,0.32801001411698893,0.45779251408193417,H,False,False,False,True,0,1529,3,町田,浦和,A,2025-04-12,0,13,13,1.0,H,D,A,0.45779251408193417,0.32801001411698893,0.21419747180107693,0.12978249996494523,0.7858025281989232,0.9588235383232809,0.25966579865994505,False,False,5
32249,2025-04-13,町田,浦和,A,町田,浦和,0.2481937328099074,0.3277406758709059,0.4240655913191867,H,0.1632030802878313,0.3284140214861135,0.5083828982260552,H,0.21419747180107693,0.32801001411698893,0.45779251408193417,H,False,False,False,True,0,1529,8,町田,浦和,A,2025-04-12,0,13,13,1.0,H,D,A,0.45779251408193417,0.32801001411698893,0.21419747180107693,0.12978249996494523,0.7858025281989232,0.9588235383232809,0.25966579865994505,False,False,6
32245,2025-04-12,福岡,横浜FM,H,福岡,横浜fm,0.3323091393430321,0.2781834686360893,0.3895073920208786,H,0.4393554304367079,0.145968293681752,0.41467627588154,A,0.3751276557805024,0.2252973986543544,0.3995749455651431,H,True,False,True,False,0,1529,1,福岡,横浜FM,H,2025-04-12,0,13,13,1.0,H,A,D,0.3995749455651431,0.3751276557805024,0.2252973986543544,0.024447289784640724,0.7747026013456455,0.9740729537391684,0.19355068618110496,True,True,7
32245,2025-04-12,福岡,横浜FM,H,福岡,横浜fm,0.3323091393430321,0.2781834686360893,0.3895073920208786,H,0.4393554304367079,0.145968293681752,0.41467627588154,A,0.3751276557805024,0.2252973986543544,0.3995749455651431,H,True,False,True,False,0,1529,6,福岡,横浜FM,H,2025-04-12,0,13,13,1.0,H,A,D,0.3995749455651431,0.3751276557805024,0.2252973986543544,0.024447289784640724,0.7747026013456455,0.9740729537391684,0.19355068618110496,True,True,8
31615,2025-04-13,富山,レノファ山口FC,D,富山,山口,0.3431586493685302,0.2978454652612133,0.3589958853702565,H,0.3241447327111914,0.2685323531988953,0.4073229140899133,H,0.3355530827055947,0.2861202204362861,0.3783266968581192,H,False,False,False,True,0,1529,13,富山,山口,D,2025-04-12,0,13,13,1.0,H,A,D,0.3783266968581192,0.3355530827055947,0.2861202204362861,0.04277361415252451,0.713879779563714,0.9941475290181208,0.18638827273591307,False,False,9
32248,2025-04-12,京都,湘南,H,京都,湘南,0.2975820512404935,0.3508368082655126,0.3515811404939937,H,0.3772289514790679,0.3467041778496529,0.2760668706712793,A,0.32944081133592334,0.34918375609916874,0.32137543256490797,D,True,False,False,False,0,1529,2,京都,湘南,H,2025-04-12,0,13,13,1.0,D,A,H,0.34918375609916874,0.32944081133592334,0.32137543256490797,0.019742944763245396,0.6786245674350921,0.9994439037710116,0.16415394015755952,False,False,10
32248,2025-04-12,京都,湘南,H,京都,湘南,0.2975820512404935,0.3508368082655126,0.3515811404939937,H,0.3772289514790679,0.3467041778496529,0.2760668706712793,A,0.32944081133592334,0.34918375609916874,0.32137543256490797,D,True,False,False,False,0,1529,7,京都,湘南,H,2025-04-12,0,13,13,1.0,D,A,H,0.34918375609916874,0.32944081133592334,0.32137543256490797,0.019742944763245396,0.6786245674350921,0.9994439037710116,0.16415394015755952,False,False,11
31612,2025-04-12,いわきFC,山形,A,いわき,山形,0.3380698905172157,0.3186887416209886,0.3432413678617957,H,0.3576427785857889,0.3089083889164619,0.3334488324977491,A,0.34589904574464503,0.31477660053917794,0.33932435371617714,A,False,True,True,False,0,1529,5,いわき,山形,A,2025-04-12,0,13,13,1.0,A,H,D,0.34589904574464503,0.33932435371617714,0.31477660053917794,0.006574692028467888,0.6852233994608221,0.9992592174058571,0.15810386931388262,True,True,12
31612,2025-04-12,いわきFC,山形,A,いわき,山形,0.3380698905172157,0.3186887416209886,0.3432413678617957,H,0.3576427785857889,0.3089083889164619,0.3334488324977491,A,0.34589904574464503,0.31477660053917794,0.33932435371617714,A,False,True,True,False,0,1529,10,いわき,山形,A,2025-04-12,0,13,13,1.0,A,H,D,0.34589904574464503,0.33932435371617714,0.31477660053917794,0.006574692028467888,0.6852233994608221,0.9992592174058571,0.15810386931388262,True,True,13
32253,2025-04-20,清水,福岡,H,清水,福岡,0.2804271490374325,0.3153098187133475,0.4042630322492199,H,0.2678456815649554,0.2630050635616857,0.4691492548733589,H,0.2753945620484417,0.2943879166526828,0.4302175212988755,H,True,True,True,True,0,1531,1,清水,福岡,H,2025-04-19,0,13,13,1.0,H,D,A,0.4302175212988755,0.2943879166526828,0.2753945620484417,0.1358296046461927,0.7246054379515583,0.9812402708356046,0.2448901920435405,True,True,1
32253,2025-04-20,清水,福岡,H,清水,福岡,0.2804271490374325,0.3153098187133475,0.4042630322492199,H,0.2678456815649554,0.2630050635616857,0.4691492548733589,H,0.2753945620484417,0.2943879166526828,0.4302175212988755,H,True,True,True,True,0,1531,7,清水,福岡,H,2025-04-19,0,13,13,1.0,H,D,A,0.4302175212988755,0.2943879166526828,0.2753945620484417,0.1358296046461927,0.7246054379515583,0.9812402708356046,0.2448901920435405,True,True,2
32257,2025-04-20,川崎F,東京V,D,川崎f,東京v,0.2783022426412794,0.2942430353913659,0.4274547219673547,H,0.2357445544081917,0.3203241639295772,0.4439312816622311,H,0.2612791673480443,0.3046754868066504,0.4340453458453053,H,False,False,False,True,0,1531,3,川崎F,東京V,D,2025-04-19,0,13,13,1.0,H,D,A,0.4340453458453053,0.3046754868066504,0.2612791673480443,0.1293698590386549,0.7387208326519557,0.9785492267647958,0.24489001094095741,False,True,3
32257,2025-04-20,川崎F,東京V,D,川崎f,東京v,0.2783022426412794,0.2942430353913659,0.4274547219673547,H,0.2357445544081917,0.3203241639295772,0.4439312816622311,H,0.2612791673480443,0.3046754868066504,0.4340453458453053,H,False,False,False,True,0,1531,9,川崎F,東京V,D,2025-04-19,0,13,13,1.0,H,D,A,0.4340453458453053,0.3046754868066504,0.2612791673480443,0.1293698590386549,0.7387208326519557,0.9785492267647958,0.24489001094095741,False,True,4
32258,2025-04-20,湘南,柏,A,湘南,柏,0.4333347812632055,0.2789102863287869,0.2877549324080075,A,0.3585861640198878,0.2432945442873735,0.3981192916927387,H,0.4034353343658785,0.26466398951222153,0.33190067612190005,A,True,False,True,False,0,1531,6,湘南,柏,A,2025-04-19,0,13,13,1.0,A,H,D,0.4034353343658785,0.33190067612190005,0.26466398951222153,0.07153465824397842,0.7353360104877785,0.9867812986684096,0.20922677111635585,True,True,5
32254,2025-04-20,名古屋,広島,H,名古屋,広島,0.3071442651835043,0.336612474202629,0.3562432606138667,H,0.2548243525488153,0.305056176687796,0.4401194707633886,H,0.2862163001296287,0.3239899551966958,0.3897937446736754,H,True,True,True,True,0,1531,2,名古屋,広島,H,2025-04-19,0,13,13,1.0,H,D,A,0.3897937446736754,0.3239899551966958,0.2862163001296287,0.06580378947697957,0.7137836998703713,0.9925690734525935,0.19992469672957808,True,True,6
32254,2025-04-20,名古屋,広島,H,名古屋,広島,0.3071442651835043,0.336612474202629,0.3562432606138667,H,0.2548243525488153,0.305056176687796,0.4401194707633886,H,0.2862163001296287,0.3239899551966958,0.3897937446736754,H,True,True,True,True,0,1531,8,名古屋,広島,H,2025-04-19,0,13,13,1.0,H,D,A,0.3897937446736754,0.3239899551966958,0.2862163001296287,0.06580378947697957,0.7137836998703713,0.9925690734525935,0.19992469672957808,True,True,7
31623,2025-04-19,鳥栖,レノファ山口FC,D,鳥栖,山口,0.3455175914493352,0.3017309437099769,0.3527514648406877,H,0.2689970510418451,0.3210455971010244,0.4099573518571305,H,0.3149093752863392,0.3094568050663959,0.3756338196472648,H,False,False,False,True,0,1531,5,鳥栖,山口,D,2025-04-19,0,13,13,1.0,H,A,D,0.3756338196472648,0.3149093752863392,0.3094568050663959,0.060724444360925556,0.690543194933604,0.9963842682480124,0.1910119207179906,False,False,8
31623,2025-04-19,鳥栖,レノファ山口FC,D,鳥栖,山口,0.3455175914493352,0.3017309437099769,0.3527514648406877,H,0.2689970510418451,0.3210455971010244,0.4099573518571305,H,0.3149093752863392,0.3094568050663959,0.3756338196472648,H,False,False,False,True,0,1531,11,鳥栖,山口,D,2025-04-19,0,13,13,1.0,H,A,D,0.3756338196472648,0.3149093752863392,0.3094568050663959,0.060724444360925556,0.690543194933604,0.9963842682480124,0.1910119207179906,False,False,9
32259,2025-04-20,C大阪,FC東京,D,c大阪,fc東京,0.3294612888330008,0.3742424073638939,0.2962963038031052,D,0.2407197738431358,0.3618621216519339,0.3974181045049303,H,0.29396468283705485,0.36929029307910993,0.3367450240838353,D,True,False,True,False,0,1531,4,C大阪,FC東京,D,2025-04-19,0,13,13,1.0,D,H,A,0.36929029307910993,0.3367450240838353,0.29396468283705485,0.03254526899527466,0.7060353171629452,0.9960743769787365,0.1783566006381983,True,True,10
32259,2025-04-20,C大阪,FC東京,D,c大阪,fc東京,0.3294612888330008,0.3742424073638939,0.2962963038031052,D,0.2407197738431358,0.3618621216519339,0.3974181045049303,H,0.29396468283705485,0.36929029307910993,0.3367450240838353,D,True,False,True,False,0,1531,10,C大阪,FC東京,D,2025-04-19,0,13,13,1.0,D,H,A,0.36929029307910993,0.3367450240838353,0.29396468283705485,0.03254526899527466,0.7060353171629452,0.9960743769787365,0.1783566006381983,True,True,11
31626,2025-04-20,秋田,磐田,H,秋田,磐田,0.3258877929771589,0.3347014001142553,0.3394108069085857,H,0.2679283490351786,0.3936805010026279,0.3383911499621935,D,0.3027040154003668,0.3582930404696043,0.3390029441300288,D,True,False,False,False,0,1531,13,秋田,磐田,H,2025-04-19,0,13,13,1.0,D,H,A,0.3582930404696043,0.3390029441300288,0.3027040154003668,0.019290096339575513,0.6972959845996332,0.9978041666077863,0.1684225686086161,False,True,12
31625,2025-04-20,札幌,藤枝MYFC,H,札幌,藤枝,0.3401973651881912,0.3666592855569243,0.2931433492548844,D,0.2676129548011612,0.3312843767019799,0.4011026684968589,H,0.31116360103337926,0.35250932201494656,0.33632707695167424,D,False,True,False,False,0,1531,12,札幌,藤枝,H,2025-04-19,0,13,13,1.0,D,H,A,0.35250932201494656,0.33632707695167424,0.31116360103337926,0.016182245063272316,0.6888363989666209,0.9988086289435567,0.16453125489015993,False,True,13
32266,2025-04-25,浦和,広島,H,浦和,広島,0.3065685291162452,0.31345815468284,0.3799733162009148,H,0.1927905423357603,0.1750523597421917,0.632157097922048,H,0.26105733440405127,0.25809583670658065,0.4808468288893681,H,True,True,True,True,0,1532,1,浦和,広島,H,2025-04-25,0,13,13,1.0,H,A,D,0.4808468288893681,0.26105733440405127,0.25809583670658065,0.21978949448531682,0.7419041632934193,0.9578032521917721,0.3017467456317221,True,True,1
32266,2025-04-25,浦和,広島,H,浦和,広島,0.3065685291162452,0.31345815468284,0.3799733162009148,H,0.1927905423357603,0.1750523597421917,0.632157097922048,H,0.26105733440405127,0.25809583670658065,0.4808468288893681,H,True,True,True,True,0,1532,6,浦和,広島,H,2025-04-25,0,13,13,1.0,H,A,D,0.4808468288893681,0.26105733440405127,0.25809583670658065,0.21978949448531682,0.7419041632934193,0.9578032521917721,0.3017467456317221,True,True,2
31631,2025-04-25,仙台,愛媛FC,D,仙台,愛媛,0.2842639892783469,0.3226632947952423,0.3930727159264108,H,0.2834214977045382,0.2941805881444502,0.4223979141510116,H,0.2839269926488234,0.3112702121349255,0.4048027952162512,H,False,False,False,True,0,1532,5,仙台,愛媛,D,2025-04-25,0,13,13,1.0,H,D,A,0.4048027952162512,0.3112702121349255,0.2839269926488234,0.09353258308132567,0.7160730073511767,0.9892862333067467,0.2170404152644277,False,True,3
31631,2025-04-25,仙台,愛媛FC,D,仙台,愛媛,0.2842639892783469,0.3226632947952423,0.3930727159264108,H,0.2834214977045382,0.2941805881444502,0.4223979141510116,H,0.2839269926488234,0.3112702121349255,0.4048027952162512,H,False,False,False,True,0,1532,10,仙台,愛媛,D,2025-04-25,0,13,13,1.0,H,D,A,0.4048027952162512,0.3112702121349255,0.2839269926488234,0.09353258308132567,0.7160730073511767,0.9892862333067467,0.2170404152644277,False,True,4
31640,2025-04-26,徳島,富山,H,徳島,富山,0.4218307357557695,0.2596283339518517,0.3185409302923788,A,0.3958691254009099,0.223225697394663,0.3809051772044271,A,0.4114460916138257,0.2450672793289762,0.3434866290571981,A,False,False,False,True,0,1532,12,徳島,富山,H,2025-04-25,0,13,13,1.0,A,H,D,0.4114460916138257,0.3434866290571981,0.2450672793289762,0.0679594625566276,0.7549327206710239,0.9803888992604257,0.21285877326895608,False,True,5
31639,2025-04-26,レノファ山口FC,FC今治,A,山口,今治,0.3437188880701855,0.3032774477080628,0.3530036642217517,H,0.2151955628603234,0.3225921463338178,0.4622122908058587,H,0.2923095579862407,0.3110033271583648,0.3966871148553945,H,False,False,False,True,0,1532,4,山口,今治,A,2025-04-25,0,13,13,1.0,H,D,A,0.3966871148553945,0.3110033271583648,0.2923095579862407,0.08568378769702967,0.7076904420137593,0.9917424887345696,0.21015002963197396,False,False,6
31639,2025-04-26,レノファ山口FC,FC今治,A,山口,今治,0.3437188880701855,0.3032774477080628,0.3530036642217517,H,0.2151955628603234,0.3225921463338178,0.4622122908058587,H,0.2923095579862407,0.3110033271583648,0.3966871148553945,H,False,False,False,True,0,1532,9,山口,今治,A,2025-04-25,0,13,13,1.0,H,D,A,0.3966871148553945,0.3110033271583648,0.2923095579862407,0.08568378769702967,0.7076904420137593,0.9917424887345696,0.21015002963197396,False,False,7
32268,2025-04-26,柏,新潟,D,柏,新潟,0.30695174250323,0.3401614343813126,0.3528868231154573,H,0.2931199000831134,0.4675761411526662,0.2393039587642203,D,0.3014190055351834,0.3911273170898541,0.3074536773749625,D,False,True,True,False,0,1532,3,柏,新潟,D,2025-04-25,0,13,13,1.0,D,H,A,0.3911273170898541,0.3074536773749625,0.3014190055351834,0.08367363971489161,0.6985809944648166,0.99330598090392,0.20663187040986242,True,True,8
32268,2025-04-26,柏,新潟,D,柏,新潟,0.30695174250323,0.3401614343813126,0.3528868231154573,H,0.2931199000831134,0.4675761411526662,0.2393039587642203,D,0.3014190055351834,0.3911273170898541,0.3074536773749625,D,False,True,True,False,0,1532,8,柏,新潟,D,2025-04-25,0,13,13,1.0,D,H,A,0.3911273170898541,0.3074536773749625,0.3014190055351834,0.08367363971489161,0.6985809944648166,0.99330598090392,0.20663187040986242,True,True,9
32267,2025-04-25,FC東京,G大阪,H,fc東京,g大阪,0.3134100989798934,0.3155096265357201,0.3710802744843864,H,0.2664600372304481,0.313071210040903,0.4204687527286488,H,0.29463007428011534,0.31453425993779327,0.39083566578209145,H,True,True,True,True,0,1532,2,FC東京,G大阪,H,2025-04-25,0,13,13,1.0,H,D,A,0.39083566578209145,0.31453425993779327,0.29463007428011534,0.07630140584429818,0.7053699257198847,0.9931035150044865,0.20396083864654824,True,True,10
32267,2025-04-25,FC東京,G大阪,H,fc東京,g大阪,0.3134100989798934,0.3155096265357201,0.3710802744843864,H,0.2664600372304481,0.313071210040903,0.4204687527286488,H,0.29463007428011534,0.31453425993779327,0.39083566578209145,H,True,True,True,True,0,1532,7,FC東京,G大阪,H,2025-04-25,0,13,13,1.0,H,D,A,0.39083566578209145,0.31453425993779327,0.29463007428011534,0.07630140584429818,0.7053699257198847,0.9931035150044865,0.20396083864654824,True,True,11
31635,2025-04-25,磐田,大分,A,磐田,大分,0.2855720895126064,0.361836530321111,0.3525913801662825,D,0.2536174395077509,0.3910275423746666,0.3553550181175824,D,0.27279022951066423,0.37351293514253325,0.3536968353468026,D,False,False,False,True,0,1532,11,磐田,大分,A,2025-04-25,0,13,13,1.0,D,H,A,0.37351293514253325,0.3536968353468026,0.27279022951066423,0.01981609979573068,0.7272097704893359,0.9919857521249108,0.17661930531766354,False,False,12
31638,2025-04-25,V・ファーレン長崎,いわきFC,A,長崎,いわき,0.3488456206629147,0.2959326291520939,0.3552217501849913,H,0.2474263891488647,0.4210430395841654,0.3315305712669699,D,0.3082779280572947,0.3459767933249225,0.3457452786177828,D,False,False,False,False,0,1532,13,長崎,いわき,A,2025-04-25,0,13,13,1.0,D,H,A,0.3459767933249225,0.3457452786177828,0.3082779280572947,0.00023151470713966837,0.6917220719427053,0.9986972098822151,0.15603114516727098,False,False,13
31645,2025-04-29,甲府,仙台,A,甲府,仙台,0.2444073754685455,0.3835430993206507,0.3720495252108038,D,0.108099766781795,0.3062532942380802,0.5856469389801248,H,0.1898843319938453,0.3526271772876225,0.4574884907185322,H,False,False,False,False,0,1533,13,甲府,仙台,A,2025-04-29,0,13,13,1.0,H,D,A,0.4574884907185322,0.3526271772876225,0.1898843319938453,0.10486131343090971,0.8101156680061548,0.9473577744210614,0.2530997256399456,False,False,1
31642,2025-04-29,秋田,徳島,A,秋田,徳島,0.3047958795763056,0.2772302720188468,0.4179738484048476,H,0.2969225051099219,0.3146233486997545,0.3884541461903235,H,0.3016465297897521,0.2921875026912099,0.406165967519038,H,False,False,False,True,0,1533,11,秋田,徳島,A,2025-04-29,0,13,13,1.0,H,A,D,0.406165967519038,0.3016465297897521,0.2921875026912099,0.1045194377292859,0.70781249730879,0.9894043026224318,0.2214756280643308,False,True,2
31641,2025-04-29,札幌,V・ファーレン長崎,D,札幌,長崎,0.3372428212029373,0.381317629645956,0.2814395491511066,D,0.2773643962048593,0.4255434317843538,0.2970921720107868,D,0.3132914512037061,0.3990079505013151,0.2877005982949787,D,True,True,True,True,0,1533,4,札幌,長崎,D,2025-04-29,0,13,13,1.0,D,A,H,0.3990079505013151,0.3132914512037061,0.2877005982949787,0.085716499297609,0.7122994017050213,0.990921295422783,0.21137009339519836,True,True,3
31641,2025-04-29,札幌,V・ファーレン長崎,D,札幌,長崎,0.3372428212029373,0.381317629645956,0.2814395491511066,D,0.2773643962048593,0.4255434317843538,0.2970921720107868,D,0.3132914512037061,0.3990079505013151,0.2877005982949787,D,True,True,True,True,0,1533,9,札幌,長崎,D,2025-04-29,0,13,13,1.0,D,A,H,0.3990079505013151,0.3132914512037061,0.2877005982949787,0.085716499297609,0.7122994017050213,0.990921295422783,0.21137009339519836,True,True,4
31650,2025-04-29,愛媛FC,藤枝MYFC,A,愛媛,藤枝,0.3239939271256183,0.3465380865711127,0.329467986303269,D,0.268755565630856,0.4450899798858467,0.2861544544832972,D,0.3018985825277134,0.3859588438970063,0.3121425735752803,D,False,False,False,True,0,1533,5,愛媛,藤枝,A,2025-04-29,0,13,13,1.0,D,H,A,0.3859588438970063,0.3121425735752803,0.3018985825277134,0.073816270321726,0.6981014174722866,0.9943831100653661,0.20064055235318373,False,False,5
31650,2025-04-29,愛媛FC,藤枝MYFC,A,愛媛,藤枝,0.3239939271256183,0.3465380865711127,0.329467986303269,D,0.268755565630856,0.4450899798858467,0.2861544544832972,D,0.3018985825277134,0.3859588438970063,0.3121425735752803,D,False,False,False,True,0,1533,10,愛媛,藤枝,A,2025-04-29,0,13,13,1.0,D,H,A,0.3859588438970063,0.3121425735752803,0.3018985825277134,0.073816270321726,0.6981014174722866,0.9943831100653661,0.20064055235318373,False,False,6
31647,2025-04-29,熊本,千葉,D,熊本,千葉,0.3034620763648063,0.3058472587069048,0.3906906649282888,H,0.3258402065303996,0.3144414708470439,0.3597183226225565,H,0.31241332843104364,0.30928494356296043,0.378301728005996,H,False,False,False,True,0,1533,12,熊本,千葉,D,2025-04-29,0,13,13,1.0,H,A,D,0.378301728005996,0.31241332843104364,0.30928494356296043,0.06588839957495235,0.6907150564370397,0.9959356551840007,0.19410958641713136,False,False,7
32276,2025-04-29,湘南,福岡,D,湘南,福岡,0.3187775888795638,0.3765694134473608,0.3046529976730753,D,0.2345617776063193,0.3843386878705184,0.3810995345231624,D,0.28509126437026605,0.3796771232166239,0.33523161241311017,D,True,True,True,True,0,1533,2,湘南,福岡,D,2025-04-29,0,13,13,1.0,D,H,A,0.3796771232166239,0.33523161241311017,0.28509126437026605,0.04444551080351372,0.7149087356297341,0.9938467697142855,0.18764128028585345,True,True,8
32276,2025-04-29,湘南,福岡,D,湘南,福岡,0.3187775888795638,0.3765694134473608,0.3046529976730753,D,0.2345617776063193,0.3843386878705184,0.3810995345231624,D,0.28509126437026605,0.3796771232166239,0.33523161241311017,D,True,True,True,True,0,1533,7,湘南,福岡,D,2025-04-29,0,13,13,1.0,D,H,A,0.3796771232166239,0.33523161241311017,0.28509126437026605,0.04444551080351372,0.7149087356297341,0.9938467697142855,0.18764128028585345,True,True,9
32274,2025-04-29,岡山,東京V,A,岡山,東京v,0.2842823901088323,0.347176024667452,0.3685415852237158,H,0.278772249612496,0.331649560080069,0.389578190307435,H,0.2820783339102978,0.3409654388324988,0.3769562272572034,H,False,False,False,True,0,1533,1,岡山,東京V,A,2025-04-29,0,13,13,1.0,H,D,A,0.3769562272572034,0.3409654388324988,0.2820783339102978,0.0359907884247046,0.7179216660897022,0.9936429760633916,0.18349848300170982,False,False,10
32274,2025-04-29,岡山,東京V,A,岡山,東京v,0.2842823901088323,0.347176024667452,0.3685415852237158,H,0.278772249612496,0.331649560080069,0.389578190307435,H,0.2820783339102978,0.3409654388324988,0.3769562272572034,H,False,False,False,True,0,1533,6,岡山,東京V,A,2025-04-29,0,13,13,1.0,H,D,A,0.3769562272572034,0.3409654388324988,0.2820783339102978,0.0359907884247046,0.7179216660897022,0.9936429760633916,0.18349848300170982,False,False,11
32278,2025-04-29,C大阪,町田,A,c大阪,町田,0.3163786060347507,0.3456993861859522,0.3379220077792969,D,0.3157413778559085,0.3205615602770216,0.3636970618670699,H,0.3161237147632139,0.33564425582238,0.3482320294144061,H,False,False,False,False,0,1533,3,C大阪,町田,A,2025-04-29,0,13,13,1.0,H,D,A,0.3482320294144061,0.33564425582238,0.3161237147632139,0.012587773592026119,0.6838762852367861,0.999282547800407,0.1612536244336105,False,False,12
32278,2025-04-29,C大阪,町田,A,c大阪,町田,0.3163786060347507,0.3456993861859522,0.3379220077792969,D,0.3157413778559085,0.3205615602770216,0.3636970618670699,H,0.3161237147632139,0.33564425582238,0.3482320294144061,H,False,False,False,False,0,1533,8,C大阪,町田,A,2025-04-29,0,13,13,1.0,H,D,A,0.3482320294144061,0.33564425582238,0.3161237147632139,0.012587773592026119,0.6838762852367861,0.999282547800407,0.1612536244336105,False,False,13
31656,2025-05-03,藤枝MYFC,水戸,A,藤枝,水戸,0.4503519053405307,0.2499781646974712,0.299669929961998,A,0.5992282308842056,0.217641128793879,0.1831306403219154,A,0.5099024355580007,0.23704335033603435,0.25305421410596496,A,True,True,True,True,0,1534,11,藤枝,水戸,A,2025-05-03,0,13,13,1.0,A,H,D,0.5099024355580007,0.25305421410596496,0.23704335033603435,0.2568482214520358,0.7629566496639657,0.939730269820546,0.3314069195452037,True,True,1
31654,2025-05-03,山形,札幌,A,山形,札幌,0.4033024037384517,0.3053591044914483,0.2913384917700999,A,0.5042120545626179,0.1956590479227042,0.300128897514678,A,0.44366626406811815,0.26147908186395075,0.29485465406793115,A,True,True,True,True,0,1534,12,山形,札幌,A,2025-05-03,0,13,13,1.0,A,H,D,0.44366626406811815,0.29485465406793115,0.26147908186395075,0.148811610000187,0.7385209181360493,0.9752358869491246,0.2566867049408937,True,True,2
31660,2025-05-03,V・ファーレン長崎,愛媛FC,D,長崎,愛媛,0.2183049592560273,0.3640776493366258,0.417617391407347,H,0.1778160895865465,0.387155533325215,0.4350283770882385,H,0.20210941138823493,0.37330880293206153,0.42458178567970356,H,False,False,False,True,0,1534,4,長崎,愛媛,D,2025-05-03,0,13,13,1.0,H,D,A,0.42458178567970356,0.37330880293206153,0.20210941138823493,0.051272982747642026,0.7978905886117651,0.9600474062182096,0.2169978662738994,False,True,3
31660,2025-05-03,V・ファーレン長崎,愛媛FC,D,長崎,愛媛,0.2183049592560273,0.3640776493366258,0.417617391407347,H,0.1778160895865465,0.387155533325215,0.4350283770882385,H,0.20210941138823493,0.37330880293206153,0.42458178567970356,H,False,False,False,True,0,1534,9,長崎,愛媛,D,2025-05-03,0,13,13,1.0,H,D,A,0.42458178567970356,0.37330880293206153,0.20210941138823493,0.051272982747642026,0.7978905886117651,0.9600474062182096,0.2169978662738994,False,True,4
31659,2025-05-03,大分,熊本,H,大分,熊本,0.3044393440808247,0.3345595214116255,0.3610011345075498,H,0.2411495271699829,0.2921969048970849,0.4666535679329321,H,0.279123417316488,0.3176144748058093,0.4032621078777028,H,True,True,True,True,0,1534,13,大分,熊本,H,2025-05-03,0,13,13,1.0,H,D,A,0.4032621078777028,0.3176144748058093,0.279123417316488,0.08564763307189349,0.7208765826835121,0.9891543549759753,0.21361374912493394,True,True,5
31651,2025-05-03,仙台,レノファ山口FC,H,仙台,山口,0.3281829119163583,0.2583965220415519,0.4134205660420898,H,0.3947957015523433,0.2155851982021447,0.389619100245512,A,0.3548280277707523,0.241271992505789,0.4038999797234587,H,True,False,True,False,0,1534,3,仙台,山口,H,2025-05-03,0,13,13,1.0,H,A,D,0.4038999797234587,0.3548280277707523,0.241271992505789,0.049071951952706416,0.758728007494211,0.9802037319155407,0.20288942767589552,True,True,6
31651,2025-05-03,仙台,レノファ山口FC,H,仙台,山口,0.3281829119163583,0.2583965220415519,0.4134205660420898,H,0.3947957015523433,0.2155851982021447,0.389619100245512,A,0.3548280277707523,0.241271992505789,0.4038999797234587,H,True,False,True,False,0,1534,8,仙台,山口,H,2025-05-03,0,13,13,1.0,H,A,D,0.4038999797234587,0.3548280277707523,0.241271992505789,0.049071951952706416,0.758728007494211,0.9802037319155407,0.20288942767589552,True,True,7
32287,2025-05-03,京都,C大阪,A,京都,c大阪,0.3522014340737536,0.3012273546927372,0.3465712112335092,A,0.4367241724801222,0.2672527444712745,0.2960230830486033,A,0.38601052943630104,0.28763751060415216,0.32635195995954686,A,True,True,True,True,0,1534,2,京都,C大阪,A,2025-05-03,0,13,13,1.0,A,H,D,0.38601052943630104,0.32635195995954686,0.28763751060415216,0.059658569476754186,0.7123624893958479,0.9933383943343765,0.19591755869632416,True,True,8
32287,2025-05-03,京都,C大阪,A,京都,c大阪,0.3522014340737536,0.3012273546927372,0.3465712112335092,A,0.4367241724801222,0.2672527444712745,0.2960230830486033,A,0.38601052943630104,0.28763751060415216,0.32635195995954686,A,True,True,True,True,0,1534,7,京都,C大阪,A,2025-05-03,0,13,13,1.0,A,H,D,0.38601052943630104,0.32635195995954686,0.28763751060415216,0.059658569476754186,0.7123624893958479,0.9933383943343765,0.19591755869632416,True,True,9
32284,2025-05-03,鹿島,町田,H,鹿島,町田,0.2920030222250621,0.3437658444980668,0.364231133276871,H,0.2538721887307095,0.3429649985080796,0.4031628127612108,H,0.276750688827321,0.343445506102072,0.3798038050706069,H,True,True,True,True,0,1534,1,鹿島,町田,H,2025-05-03,0,13,13,1.0,H,D,A,0.3798038050706069,0.343445506102072,0.276750688827321,0.03635829896853493,0.7232493111726789,0.9923993995530693,0.18515723701014644,True,True,10
32284,2025-05-03,鹿島,町田,H,鹿島,町田,0.2920030222250621,0.3437658444980668,0.364231133276871,H,0.2538721887307095,0.3429649985080796,0.4031628127612108,H,0.276750688827321,0.343445506102072,0.3798038050706069,H,True,True,True,True,0,1534,6,鹿島,町田,H,2025-05-03,0,13,13,1.0,H,D,A,0.3798038050706069,0.343445506102072,0.276750688827321,0.03635829896853493,0.7232493111726789,0.9923993995530693,0.18515723701014644,True,True,11
31657,2025-05-03,FC今治,磐田,D,今治,磐田,0.3273018310481857,0.328360141020557,0.3443380279312573,H,0.3063418580140395,0.3672581562303121,0.3263999857556484,D,0.31891784183452726,0.34391934710445904,0.33716281106101376,D,False,True,True,False,0,1534,5,今治,磐田,D,2025-05-03,0,13,13,1.0,D,H,A,0.34391934710445904,0.33716281106101376,0.31891784183452726,0.006756536043445283,0.6810821581654728,0.9995407295237335,0.15722034790746572,True,True,12
31657,2025-05-03,FC今治,磐田,D,今治,磐田,0.3273018310481857,0.328360141020557,0.3443380279312573,H,0.3063418580140395,0.3672581562303121,0.3263999857556484,D,0.31891784183452726,0.34391934710445904,0.33716281106101376,D,False,True,True,False,0,1534,10,今治,磐田,D,2025-05-03,0,13,13,1.0,D,H,A,0.34391934710445904,0.33716281106101376,0.31891784183452726,0.006756536043445283,0.6810821581654728,0.9995407295237335,0.15722034790746572,True,True,13
31663,2025-05-06,札幌,磐田,A,札幌,磐田,0.2256769511569508,0.2775871521608499,0.4967358966821993,H,0.1192214147206887,0.2958476359631484,0.5849309493161629,H,0.18309473658244593,0.28489134568176927,0.5320139177357849,H,False,False,False,True,0,1535,11,札幌,磐田,A,2025-05-06,0,13,13,1.0,H,D,A,0.5320139177357849,0.28489134568176927,0.18309473658244593,0.2471225720540156,0.8169052634175542,0.9141703647674049,0.3430650902465277,False,False,1
31662,2025-05-06,富山,V・ファーレン長崎,A,富山,長崎,0.4584164918965918,0.219997785051445,0.3215857230519632,A,0.5480178242109678,0.1244942034212971,0.3274879723677352,A,0.4942570248223422,0.1817963523993858,0.323946622778272,A,True,True,True,True,0,1535,1,富山,長崎,A,2025-05-06,0,13,13,1.0,A,H,D,0.4942570248223422,0.323946622778272,0.1817963523993858,0.17031040204407016,0.8182036476006143,0.9315266000297632,0.29571898187952594,True,True,2
31662,2025-05-06,富山,V・ファーレン長崎,A,富山,長崎,0.4584164918965918,0.219997785051445,0.3215857230519632,A,0.5480178242109678,0.1244942034212971,0.3274879723677352,A,0.4942570248223422,0.1817963523993858,0.323946622778272,A,True,True,True,True,0,1535,6,富山,長崎,A,2025-05-06,0,13,13,1.0,A,H,D,0.4942570248223422,0.323946622778272,0.1817963523993858,0.17031040204407016,0.8182036476006143,0.9315266000297632,0.29571898187952594,True,True,3
31668,2025-05-06,熊本,FC今治,A,熊本,今治,0.2570234060622219,0.2965195694650601,0.446457024472718,H,0.258523493588833,0.2615795016733925,0.4798970047377744,H,0.2576234410728663,0.2825435423483931,0.4598330165787406,H,False,False,False,True,0,1535,3,熊本,今治,A,2025-05-06,0,13,13,1.0,H,D,A,0.4598330165787406,0.2825435423483931,0.2576234410728663,0.17728947423034752,0.7423765589271336,0.968273451337543,0.2753214831735463,False,False,4
31668,2025-05-06,熊本,FC今治,A,熊本,今治,0.2570234060622219,0.2965195694650601,0.446457024472718,H,0.258523493588833,0.2615795016733925,0.4798970047377744,H,0.2576234410728663,0.2825435423483931,0.4598330165787406,H,False,False,False,True,0,1535,8,熊本,今治,A,2025-05-06,0,13,13,1.0,H,D,A,0.4598330165787406,0.2825435423483931,0.2576234410728663,0.17728947423034752,0.7423765589271336,0.968273451337543,0.2753214831735463,False,False,5
31664,2025-05-06,山形,大分,H,山形,大分,0.3037442895626857,0.2789445314596617,0.4173111789776526,H,0.2726429481068566,0.2927961791693656,0.4345608727237778,H,0.29130375298035405,0.28448519054354326,0.42421105647610274,H,True,True,True,True,0,1535,13,山形,大分,H,2025-05-06,0,13,13,1.0,H,A,D,0.42421105647610274,0.29130375298035405,0.28448519054354326,0.1329073034957487,0.7155148094564567,0.9836782023590886,0.24067689116594054,True,True,6
31666,2025-05-06,秋田,甲府,A,秋田,甲府,0.3292717435553806,0.3993202091557521,0.2714080472888673,D,0.2645556071030042,0.4312768538233375,0.3041675390736583,D,0.30338528897443,0.4121028670227863,0.2845118440027837,D,False,False,False,True,0,1535,2,秋田,甲府,A,2025-05-06,0,13,13,1.0,D,A,H,0.4121028670227863,0.30338528897443,0.2845118440027837,0.1087175780483563,0.7154881559972164,0.9874375439678981,0.22600993368359895,False,True,7
31666,2025-05-06,秋田,甲府,A,秋田,甲府,0.3292717435553806,0.3993202091557521,0.2714080472888673,D,0.2645556071030042,0.4312768538233375,0.3041675390736583,D,0.30338528897443,0.4121028670227863,0.2845118440027837,D,False,False,False,True,0,1535,7,秋田,甲府,A,2025-05-06,0,13,13,1.0,D,A,H,0.4121028670227863,0.30338528897443,0.2845118440027837,0.1087175780483563,0.7154881559972164,0.9874375439678981,0.22600993368359895,False,True,8
31669,2025-05-06,徳島,鳥栖,A,徳島,鳥栖,0.2586696978214343,0.3662649718070552,0.3750653303715105,H,0.2069370315918167,0.3521978990908826,0.4408650693173005,H,0.2379766313295873,0.3606381427205862,0.4013852259498265,H,False,False,False,True,0,1535,4,徳島,鳥栖,A,2025-05-06,0,13,13,1.0,H,D,A,0.4013852259498265,0.3606381427205862,0.2379766313295873,0.04074708322924031,0.7620233686704128,0.9792724971826381,0.1990303313711284,False,False,9
31669,2025-05-06,徳島,鳥栖,A,徳島,鳥栖,0.2586696978214343,0.3662649718070552,0.3750653303715105,H,0.2069370315918167,0.3521978990908826,0.4408650693173005,H,0.2379766313295873,0.3606381427205862,0.4013852259498265,H,False,False,False,True,0,1535,9,徳島,鳥栖,A,2025-05-06,0,13,13,1.0,H,D,A,0.4013852259498265,0.3606381427205862,0.2379766313295873,0.04074708322924031,0.7620233686704128,0.9792724971826381,0.1990303313711284,False,False,10
31670,2025-05-06,千葉,大宮,A,千葉,大宮,0.4033445811508936,0.3007541131194012,0.2959013057297052,A,0.3515721356108054,0.3444445667819093,0.3039832976072853,A,0.3826356029348583,0.3182302945844044,0.2991341024807372,A,True,True,True,True,0,1535,5,千葉,大宮,A,2025-05-06,0,13,13,1.0,A,D,H,0.3826356029348583,0.3182302945844044,0.2991341024807372,0.06440530835045394,0.7008658975192628,0.9948629448540531,0.1957552902725345,True,True,11
31670,2025-05-06,千葉,大宮,A,千葉,大宮,0.4033445811508936,0.3007541131194012,0.2959013057297052,A,0.3515721356108054,0.3444445667819093,0.3039832976072853,A,0.3826356029348583,0.3182302945844044,0.2991341024807372,A,True,True,True,True,0,1535,10,千葉,大宮,A,2025-05-06,0,13,13,1.0,A,D,H,0.3826356029348583,0.3182302945844044,0.2991341024807372,0.06440530835045394,0.7008658975192628,0.9948629448540531,0.1957552902725345,True,True,12
31665,2025-05-06,レノファ山口FC,水戸,A,山口,水戸,0.3510709144123304,0.3139074807139089,0.3350216048737606,A,0.2913201844715442,0.3160694116001089,0.3926104039283469,H,0.32717062243601597,0.31477225306838885,0.3580571244955952,H,True,False,False,False,0,1535,12,山口,水戸,A,2025-05-06,0,13,13,1.0,H,A,D,0.3580571244955952,0.32717062243601597,0.31477225306838885,0.030886502059579213,0.6852277469316111,0.9986537596723755,0.17220522980939548,False,True,13
31678,2025-05-11,V・ファーレン長崎,山形,D,長崎,山形,0.289019280560164,0.3297820447260298,0.3811986747138062,H,0.215073202337572,0.2172997826161062,0.5676270150463218,H,0.25944084927112726,0.28478913988206034,0.4557700108468125,H,False,False,False,True,0,1537,11,長崎,山形,D,2025-05-10,0,13,13,1.0,H,D,A,0.4557700108468125,0.28478913988206034,0.25944084927112726,0.17098087096475217,0.7405591507288729,0.9701970762060693,0.270900394477515,False,True,1
32308,2025-05-11,東京V,湘南,A,東京v,湘南,0.2966760576290053,0.3885691568972895,0.3147547854737052,D,0.1775755458669082,0.5091191672775768,0.3133052868555151,D,0.2490358529241664,0.4367891610494044,0.3141749860264292,D,False,False,False,True,0,1537,5,東京V,湘南,A,2025-05-10,0,13,13,1.0,D,H,A,0.4367891610494044,0.3141749860264292,0.2490358529241664,0.12261417502297522,0.7509641470758336,0.9755463499421594,0.2443608137418414,False,False,2
32308,2025-05-11,東京V,湘南,A,東京v,湘南,0.2966760576290053,0.3885691568972895,0.3147547854737052,D,0.1775755458669082,0.5091191672775768,0.3133052868555151,D,0.2490358529241664,0.4367891610494044,0.3141749860264292,D,False,False,False,True,0,1537,10,東京V,湘南,A,2025-05-10,0,13,13,1.0,D,H,A,0.4367891610494044,0.3141749860264292,0.2490358529241664,0.12261417502297522,0.7509641470758336,0.9755463499421594,0.2443608137418414,False,False,3
32302,2025-05-10,FC東京,神戸,H,fc東京,神戸,0.3450681027578504,0.2749018764620484,0.3800300207801012,H,0.3067143307505351,0.1648993958086267,0.5283862734408381,H,0.3297265939549243,0.2309008842006797,0.439372521844396,H,True,True,True,True,0,1537,1,FC東京,神戸,H,2025-05-10,0,13,13,1.0,H,A,D,0.439372521844396,0.3297265939549243,0.2309008842006797,0.1096459278894717,0.7690991157993203,0.9699682186237779,0.2421000658665377,True,True,4
32302,2025-05-10,FC東京,神戸,H,fc東京,神戸,0.3450681027578504,0.2749018764620484,0.3800300207801012,H,0.3067143307505351,0.1648993958086267,0.5283862734408381,H,0.3297265939549243,0.2309008842006797,0.439372521844396,H,True,True,True,True,0,1537,6,FC東京,神戸,H,2025-05-10,0,13,13,1.0,H,A,D,0.439372521844396,0.3297265939549243,0.2309008842006797,0.1096459278894717,0.7690991157993203,0.9699682186237779,0.2421000658665377,True,True,5
32305,2025-05-11,清水,町田,D,清水,町田,0.299017620100831,0.3292311030128391,0.3717512768863299,H,0.2723949661608387,0.2707081374204158,0.4568968964187455,H,0.2883685585248341,0.3058219167758698,0.4058095246992961,H,False,False,False,True,0,1537,3,清水,町田,D,2025-05-10,0,13,13,1.0,H,D,A,0.4058095246992961,0.3058219167758698,0.2883685585248341,0.09998760792342631,0.7116314414751659,0.9893409346755113,0.2197417619527802,False,True,6
32305,2025-05-11,清水,町田,D,清水,町田,0.299017620100831,0.3292311030128391,0.3717512768863299,H,0.2723949661608387,0.2707081374204158,0.4568968964187455,H,0.2883685585248341,0.3058219167758698,0.4058095246992961,H,False,False,False,True,0,1537,8,清水,町田,D,2025-05-10,0,13,13,1.0,H,D,A,0.4058095246992961,0.3058219167758698,0.2883685585248341,0.09998760792342631,0.7116314414751659,0.9893409346755113,0.2197417619527802,False,True,7
31672,2025-05-11,いわきFC,札幌,D,いわき,札幌,0.2773177689696032,0.3929763453796108,0.3297058856507859,D,0.207766117796121,0.4369204394473291,0.3553134427565498,D,0.2494971085002103,0.4105539830066981,0.3399489084930915,D,True,True,True,True,0,1537,12,いわき,札幌,D,2025-05-10,0,13,13,1.0,D,H,A,0.4105539830066981,0.3399489084930915,0.2494971085002103,0.07060507451360659,0.7505028914997895,0.9818430829962405,0.21309245183352837,True,True,8
32309,2025-05-11,G大阪,広島,A,g大阪,広島,0.3186072174548904,0.3254964976810052,0.3558962848641044,H,0.266093538112265,0.2993456530773385,0.4345608088103965,H,0.2976017457178402,0.3150361598395385,0.3873620944426212,H,False,False,False,True,0,1537,4,G大阪,広島,A,2025-05-10,0,13,13,1.0,H,D,A,0.3873620944426212,0.3150361598395385,0.2976017457178402,0.07232593460308273,0.7023982542821596,0.9939390115002711,0.20083921731020432,False,False,9
32309,2025-05-11,G大阪,広島,A,g大阪,広島,0.3186072174548904,0.3254964976810052,0.3558962848641044,H,0.266093538112265,0.2993456530773385,0.4345608088103965,H,0.2976017457178402,0.3150361598395385,0.3873620944426212,H,False,False,False,True,0,1537,9,G大阪,広島,A,2025-05-10,0,13,13,1.0,H,D,A,0.3873620944426212,0.3150361598395385,0.2976017457178402,0.07232593460308273,0.7023982542821596,0.9939390115002711,0.20083921731020432,False,False,10
31676,2025-05-11,FC今治,千葉,A,今治,千葉,0.3742972261090995,0.3134422560406574,0.312260517850243,A,0.3477497652213863,0.3173716710336758,0.3348785637449379,A,0.36367824175401425,0.31501402203786477,0.32130773620812103,A,True,True,True,True,0,1537,13,今治,千葉,A,2025-05-10,0,13,13,1.0,A,H,D,0.36367824175401425,0.32130773620812103,0.31501402203786477,0.04237050554589322,0.6849859779621352,0.99811255014931,0.17886237570050706,True,True,11
32303,2025-05-10,柏,岡山,H,柏,岡山,0.2880077713093694,0.3614803607804391,0.3505118679101914,D,0.2284080522255838,0.372956552130732,0.3986353956436843,H,0.2641678836758552,0.3660708373205563,0.3697612790035885,H,False,True,True,False,0,1537,2,柏,岡山,H,2025-05-10,0,13,13,1.0,H,D,A,0.3697612790035885,0.3660708373205563,0.2641678836758552,0.0036904416830322306,0.7358321163241448,0.9897960521416346,0.16972501971234918,True,True,12
32303,2025-05-10,柏,岡山,H,柏,岡山,0.2880077713093694,0.3614803607804391,0.3505118679101914,D,0.2284080522255838,0.372956552130732,0.3986353956436843,H,0.2641678836758552,0.3660708373205563,0.3697612790035885,H,False,True,True,False,0,1537,7,柏,岡山,H,2025-05-10,0,13,13,1.0,H,D,A,0.3697612790035885,0.3660708373205563,0.2641678836758552,0.0036904416830322306,0.7358321163241448,0.9897960521416346,0.16972501971234918,True,True,13
31682,2025-05-17,札幌,富山,H,札幌,富山,0.2918304394975885,0.4122198811630387,0.2959496793393727,D,0.2431076178814747,0.4371888179802507,0.3197035641382745,D,0.27234131085114305,0.42220745588992353,0.3054512332589335,D,False,False,False,True,0,1539,11,札幌,富山,H,2025-05-17,0,13,13,1.0,D,H,A,0.42220745588992353,0.3054512332589335,0.27234131085114305,0.11675622263099006,0.727658689148857,0.9835504363900832,0.23414794579329548,False,True,1
32312,2025-05-17,横浜FM,京都,A,横浜fm,京都,0.2862986255585262,0.3383816545532611,0.3753197198882127,H,0.1985312540826328,0.3120421141077918,0.4894266318095753,H,0.2511916769681689,0.3278458383750734,0.4209624846567578,H,False,False,False,True,0,1539,5,横浜FM,京都,A,2025-05-17,0,13,13,1.0,H,D,A,0.4209624846567578,0.3278458383750734,0.2511916769681689,0.09311664628168437,0.7488083230318312,0.980209537551936,0.22598203678374335,False,False,2
32312,2025-05-17,横浜FM,京都,A,横浜fm,京都,0.2862986255585262,0.3383816545532611,0.3753197198882127,H,0.1985312540826328,0.3120421141077918,0.4894266318095753,H,0.2511916769681689,0.3278458383750734,0.4209624846567578,H,False,False,False,True,0,1539,10,横浜FM,京都,A,2025-05-17,0,13,13,1.0,H,D,A,0.4209624846567578,0.3278458383750734,0.2511916769681689,0.09311664628168437,0.7488083230318312,0.980209537551936,0.22598203678374335,False,False,3
32320,2025-05-18,岡山,新潟,H,岡山,新潟,0.3278577738339071,0.2804394462352603,0.3917027799308326,H,0.2780596745684919,0.2950588167446976,0.4268815086868104,H,0.307938534127741,0.2862871944390352,0.4057742714332237,H,True,True,True,True,0,1539,4,岡山,新潟,H,2025-05-17,0,13,13,1.0,H,A,D,0.4057742714332237,0.307938534127741,0.2862871944390352,0.09783573730548267,0.7137128055609647,0.989225175228003,0.21899589515626902,True,True,4
32320,2025-05-18,岡山,新潟,H,岡山,新潟,0.3278577738339071,0.2804394462352603,0.3917027799308326,H,0.2780596745684919,0.2950588167446976,0.4268815086868104,H,0.307938534127741,0.2862871944390352,0.4057742714332237,H,True,True,True,True,0,1539,9,岡山,新潟,H,2025-05-17,0,13,13,1.0,H,A,D,0.4057742714332237,0.307938534127741,0.2862871944390352,0.09783573730548267,0.7137128055609647,0.989225175228003,0.21899589515626902,True,True,5
32316,2025-05-17,鹿島,清水,H,鹿島,清水,0.2409903567817492,0.3480493042191066,0.4109603389991442,H,0.1793432265212125,0.4869988832510629,0.3336578902277246,D,0.21633150467753454,0.40362913583188914,0.3800393594905764,D,True,False,False,False,0,1539,2,鹿島,清水,H,2025-05-17,0,13,13,1.0,D,H,A,0.40362913583188914,0.3800393594905764,0.21633150467753454,0.023589776341312763,0.7836684953224655,0.9694666792770426,0.1959961969884011,False,True,6
32316,2025-05-17,鹿島,清水,H,鹿島,清水,0.2409903567817492,0.3480493042191066,0.4109603389991442,H,0.1793432265212125,0.4869988832510629,0.3336578902277246,D,0.21633150467753454,0.40362913583188914,0.3800393594905764,D,True,False,False,False,0,1539,7,鹿島,清水,H,2025-05-17,0,13,13,1.0,D,H,A,0.40362913583188914,0.3800393594905764,0.21633150467753454,0.023589776341312763,0.7836684953224655,0.9694666792770426,0.1959961969884011,False,True,7
31683,2025-05-17,秋田,鳥栖,A,秋田,鳥栖,0.3932113684613538,0.2547175194009374,0.3520711121377087,A,0.3213563837919682,0.2638404885437606,0.4148031276642712,H,0.3644693745935995,0.2583667070580667,0.3771639183483337,H,True,False,False,False,0,1539,12,秋田,鳥栖,A,2025-05-17,0,13,13,1.0,H,A,D,0.3771639183483337,0.3644693745935995,0.2583667070580667,0.012694543754734167,0.7416332929419331,0.9878771498011034,0.17659142361068642,False,True,8
31686,2025-05-17,磐田,いわきFC,H,磐田,いわき,0.2936817357022904,0.3472024000681907,0.359115864229519,H,0.2710340598226115,0.3487485704918653,0.3802173696855232,H,0.2846226653504188,0.3478208682376605,0.3675564664119207,H,True,True,True,True,0,1539,13,磐田,いわき,H,2025-05-17,0,13,13,1.0,H,D,A,0.3675564664119207,0.3478208682376605,0.2846226653504188,0.019735598174260183,0.7153773346495812,0.9947603489017316,0.17335579946600907,True,True,9
32315,2025-05-17,福岡,名古屋,D,福岡,名古屋,0.3089077860799076,0.3344010722569162,0.3566911416631763,H,0.3590149031285428,0.2906382664502354,0.3503468304212218,A,0.32895063289936166,0.31689594993424386,0.35415341716639454,H,False,False,False,False,0,1539,1,福岡,名古屋,D,2025-05-17,0,13,13,1.0,H,A,D,0.35415341716639454,0.32895063289936166,0.31689594993424386,0.025202784267032874,0.6831040500657561,0.9990186387723012,0.1683862844638788,False,False,10
32315,2025-05-17,福岡,名古屋,D,福岡,名古屋,0.3089077860799076,0.3344010722569162,0.3566911416631763,H,0.3590149031285428,0.2906382664502354,0.3503468304212218,A,0.32895063289936166,0.31689594993424386,0.35415341716639454,H,False,False,False,False,0,1539,6,福岡,名古屋,D,2025-05-17,0,13,13,1.0,H,A,D,0.35415341716639454,0.32895063289936166,0.31689594993424386,0.025202784267032874,0.6831040500657561,0.9990186387723012,0.1683862844638788,False,False,11
32319,2025-05-18,川崎F,C大阪,H,川崎f,c大阪,0.348041823526749,0.344854712299153,0.3071034641740979,A,0.3193581591333739,0.2938209146070155,0.3868209262596105,H,0.33656835776939903,0.32444119322229803,0.33899044900830294,H,False,True,True,False,0,1539,3,川崎F,C大阪,H,2025-05-17,0,13,13,1.0,H,A,D,0.33899044900830294,0.33656835776939903,0.32444119322229803,0.0024220912389039118,0.675558806777702,0.9998333744547284,0.15342675909640702,True,True,12
32319,2025-05-18,川崎F,C大阪,H,川崎f,c大阪,0.348041823526749,0.344854712299153,0.3071034641740979,A,0.3193581591333739,0.2938209146070155,0.3868209262596105,H,0.33656835776939903,0.32444119322229803,0.33899044900830294,H,False,True,True,False,0,1539,8,川崎F,C大阪,H,2025-05-17,0,13,13,1.0,H,A,D,0.33899044900830294,0.33656835776939903,0.32444119322229803,0.0024220912389039118,0.675558806777702,0.9998333744547284,0.15342675909640702,True,True,13
32330,2025-05-25,川崎F,G大阪,D,川崎f,g大阪,0.2879108669260899,0.3383557498610153,0.3737333832128947,H,0.2602429124727947,0.3050367187736533,0.4347203687535519,H,0.2768436851447718,0.3250281374260705,0.3981281774291576,H,False,False,False,True,0,1541,4,川崎F,G大阪,D,2025-05-24,0,13,13,1.0,H,D,A,0.3981281774291576,0.3250281374260705,0.2768436851447718,0.07310004000308712,0.7231563148552281,0.9898854583703075,0.20676560217013992,False,True,1
32330,2025-05-25,川崎F,G大阪,D,川崎f,g大阪,0.2879108669260899,0.3383557498610153,0.3737333832128947,H,0.2602429124727947,0.3050367187736533,0.4347203687535519,H,0.2768436851447718,0.3250281374260705,0.3981281774291576,H,False,False,False,True,0,1541,9,川崎F,G大阪,D,2025-05-24,0,13,13,1.0,H,D,A,0.3981281774291576,0.3250281374260705,0.2768436851447718,0.07310004000308712,0.7231563148552281,0.9898854583703075,0.20676560217013992,False,True,2
32329,2025-05-25,東京V,京都,H,東京v,京都,0.2811906316831492,0.3968504035058666,0.3219589648109841,D,0.1780382921572231,0.4066612313233883,0.4153004765193886,H,0.23992969587277876,0.4007747346328754,0.35929556949434593,D,False,True,False,False,0,1541,5,東京V,京都,H,2025-05-24,0,13,13,1.0,D,H,A,0.4007747346328754,0.35929556949434593,0.23992969587277876,0.04147916513852945,0.7600703041272213,0.9800610245130336,0.1988541334806725,False,True,3
32329,2025-05-25,東京V,京都,H,東京v,京都,0.2811906316831492,0.3968504035058666,0.3219589648109841,D,0.1780382921572231,0.4066612313233883,0.4153004765193886,H,0.23992969587277876,0.4007747346328754,0.35929556949434593,D,False,True,False,False,0,1541,10,東京V,京都,H,2025-05-24,0,13,13,1.0,D,H,A,0.4007747346328754,0.35929556949434593,0.23992969587277876,0.04147916513852945,0.7600703041272213,0.9800610245130336,0.1988541334806725,False,True,4
31692,2025-05-25,山形,甲府,A,山形,甲府,0.2953909712739307,0.3235882695448421,0.3810207591812271,H,0.2188725389441401,0.3756605655752617,0.4054668954805981,H,0.2647835983420145,0.34441718795701,0.3907992137009755,H,False,False,False,True,0,1541,12,山形,甲府,A,2025-05-24,0,13,13,1.0,H,D,A,0.3907992137009755,0.34441718795701,0.2647835983420145,0.046382025743965494,0.7352164016579854,0.9886566530505259,0.19436202456572174,False,False,5
31693,2025-05-25,レノファ山口FC,藤枝MYFC,D,山口,藤枝,0.3208812847478357,0.3490201577641567,0.3300985574880076,D,0.2753563310919006,0.4210302480520747,0.3036134208560248,D,0.30267130328546166,0.37782419387932387,0.31950450283521453,D,True,True,True,True,0,1541,13,山口,藤枝,D,2025-05-24,0,13,13,1.0,D,H,A,0.37782419387932387,0.31950450283521453,0.30267130328546166,0.058319691044109334,0.6973286967145385,0.995820441082357,0.1912686908946626,True,True,6
32328,2025-05-25,FC東京,広島,A,fc東京,広島,0.2981547864811308,0.3594684107159431,0.342376802802926,D,0.1683028056919486,0.3710182424154077,0.4606789518926437,H,0.2462139941654579,0.364088343395729,0.3896976624388131,H,False,False,False,False,0,1541,3,FC東京,広島,A,2025-05-24,0,13,13,1.0,H,D,A,0.3896976624388131,0.364088343395729,0.2462139941654579,0.02560931904308411,0.753786005834542,0.9832285530091208,0.18768149916072116,False,False,7
32328,2025-05-25,FC東京,広島,A,fc東京,広島,0.2981547864811308,0.3594684107159431,0.342376802802926,D,0.1683028056919486,0.3710182424154077,0.4606789518926437,H,0.2462139941654579,0.364088343395729,0.3896976624388131,H,False,False,False,False,0,1541,8,FC東京,広島,A,2025-05-24,0,13,13,1.0,H,D,A,0.3896976624388131,0.364088343395729,0.2462139941654579,0.02560931904308411,0.753786005834542,0.9832285530091208,0.18768149916072116,False,False,8
32323,2025-05-25,岡山,町田,D,岡山,町田,0.2935453504041136,0.349381583057876,0.3570730665380104,H,0.2731275816299645,0.3233714114897977,0.4035010068802377,H,0.2853782428944539,0.3389775144306447,0.3756442426749014,H,False,False,False,True,0,1541,2,岡山,町田,D,2025-05-24,0,13,13,1.0,H,D,A,0.3756442426749014,0.3389775144306447,0.2853782428944539,0.03666672824425665,0.7146217571055461,0.9943074380324899,0.18301177648269748,False,True,9
32323,2025-05-25,岡山,町田,D,岡山,町田,0.2935453504041136,0.349381583057876,0.3570730665380104,H,0.2731275816299645,0.3233714114897977,0.4035010068802377,H,0.2853782428944539,0.3389775144306447,0.3756442426749014,H,False,False,False,True,0,1541,7,岡山,町田,D,2025-05-24,0,13,13,1.0,H,D,A,0.3756442426749014,0.3389775144306447,0.2853782428944539,0.03666672824425665,0.7146217571055461,0.9943074380324899,0.18301177648269748,False,True,10
31696,2025-05-25,V・ファーレン長崎,千葉,H,長崎,千葉,0.345199489390545,0.3010501755739543,0.3537503350355006,H,0.3687400974172423,0.2121787641608815,0.4190811384218761,H,0.354615732601224,0.2655016110087252,0.3798826563900508,H,True,True,True,True,0,1541,11,長崎,千葉,H,2025-05-24,0,13,13,1.0,H,A,D,0.3798826563900508,0.354615732601224,0.2655016110087252,0.025266923788826834,0.7344983889912748,0.9898068181677978,0.1818292550680527,True,True,11
32322,2025-05-24,名古屋,浦和,H,名古屋,浦和,0.331256182295142,0.3480642590365649,0.3206795586682931,D,0.3065014079246587,0.3097668872904432,0.3837317047848981,H,0.3213542725469486,0.3327453103381162,0.3459004171149351,H,False,True,True,False,0,1541,1,名古屋,浦和,H,2025-05-24,0,13,13,1.0,H,D,A,0.3459004171149351,0.3327453103381162,0.3213542725469486,0.013155106776818859,0.6786457274530513,0.9995882380098556,0.16034182747163625,True,True,12
32322,2025-05-24,名古屋,浦和,H,名古屋,浦和,0.331256182295142,0.3480642590365649,0.3206795586682931,D,0.3065014079246587,0.3097668872904432,0.3837317047848981,H,0.3213542725469486,0.3327453103381162,0.3459004171149351,H,False,True,True,False,0,1541,6,名古屋,浦和,H,2025-05-24,0,13,13,1.0,H,D,A,0.3459004171149351,0.3327453103381162,0.3213542725469486,0.013155106776818859,0.6786457274530513,0.9995882380098556,0.16034182747163625,True,True,13
31709,2025-05-31,大分,甲府,H,大分,甲府,0.2615167099959434,0.3055512816339045,0.432932008370152,H,0.2568565555435075,0.2473316615056776,0.4958117829508148,H,0.25965264821496914,0.28226343358261374,0.4580839182024172,H,True,True,True,True,0,1542,13,大分,甲府,H,2025-05-31,0,13,13,1.0,H,D,A,0.4580839182024172,0.28226343358261374,0.25965264821496914,0.17582048461980343,0.740347351785031,0.9692089846426531,0.27383313587948827,True,True,1
31702,2025-05-31,秋田,富山,D,秋田,富山,0.3217997418785622,0.2857811592080808,0.3924190989133571,H,0.2799215309315209,0.2501029264753254,0.4699755425931537,H,0.3050484574997456,0.2715098661149786,0.4234416763852757,H,False,False,False,True,0,1542,11,秋田,富山,D,2025-05-31,0,13,13,1.0,H,A,D,0.4234416763852757,0.3050484574997456,0.2715098661149786,0.11839321888553012,0.7284901338850213,0.9830969017167979,0.23536700063995003,False,False,2
32339,2025-06-01,C大阪,清水,H,c大阪,清水,0.2728235388548292,0.3068512234092952,0.4203252377358755,H,0.2454163625428951,0.3234588045133537,0.4311248329437512,H,0.2618606683300556,0.3134942558509186,0.4246450758190258,H,True,True,True,True,0,1542,3,C大阪,清水,H,2025-05-31,0,13,13,1.0,H,D,A,0.4246450758190258,0.3134942558509186,0.2618606683300556,0.11115081996810716,0.7381393316699444,0.9814497292073926,0.2337031252659206,True,True,3
32339,2025-06-01,C大阪,清水,H,c大阪,清水,0.2728235388548292,0.3068512234092952,0.4203252377358755,H,0.2454163625428951,0.3234588045133537,0.4311248329437512,H,0.2618606683300556,0.3134942558509186,0.4246450758190258,H,True,True,True,True,0,1542,8,C大阪,清水,H,2025-05-31,0,13,13,1.0,H,D,A,0.4246450758190258,0.3134942558509186,0.2618606683300556,0.11115081996810716,0.7381393316699444,0.9814497292073926,0.2337031252659206,True,True,4
32335,2025-05-31,広島,川崎F,A,広島,川崎f,0.2806437587587161,0.344258864063099,0.375097377178185,H,0.1935494971581483,0.3521707070185254,0.4542797958233263,H,0.245806054118489,0.3474236012452695,0.4067703446362415,H,False,False,False,True,0,1542,2,広島,川崎F,A,2025-05-31,0,13,13,1.0,H,D,A,0.4067703446362415,0.3474236012452695,0.245806054118489,0.05934674339097201,0.754193945881511,0.9813385292624242,0.20755030942066405,False,False,5
32335,2025-05-31,広島,川崎F,A,広島,川崎f,0.2806437587587161,0.344258864063099,0.375097377178185,H,0.1935494971581483,0.3521707070185254,0.4542797958233263,H,0.245806054118489,0.3474236012452695,0.4067703446362415,H,False,False,False,True,0,1542,7,広島,川崎F,A,2025-05-31,0,13,13,1.0,H,D,A,0.4067703446362415,0.3474236012452695,0.245806054118489,0.05934674339097201,0.754193945881511,0.9813385292624242,0.20755030942066405,False,False,6
32340,2025-06-01,浦和,横浜FC,H,浦和,横浜fc,0.2513654074634598,0.306684871081904,0.4419497214546361,H,0.1821672716304525,0.4742748927881879,0.3435578355813596,D,0.2236861531302569,0.3737208797644176,0.4025929671053255,H,True,False,True,False,0,1542,4,浦和,横浜FC,H,2025-05-31,0,13,13,1.0,H,D,A,0.4025929671053255,0.3737208797644176,0.2236861531302569,0.028872087340907904,0.776313846869743,0.9731337563630728,0.1966453144940997,True,True,7
32340,2025-06-01,浦和,横浜FC,H,浦和,横浜fc,0.2513654074634598,0.306684871081904,0.4419497214546361,H,0.1821672716304525,0.4742748927881879,0.3435578355813596,D,0.2236861531302569,0.3737208797644176,0.4025929671053255,H,True,False,True,False,0,1542,9,浦和,横浜FC,H,2025-05-31,0,13,13,1.0,H,D,A,0.4025929671053255,0.3737208797644176,0.2236861531302569,0.028872087340907904,0.776313846869743,0.9731337563630728,0.1966453144940997,True,True,8
32333,2025-05-31,福岡,東京V,D,福岡,東京v,0.3006286394087193,0.3518296813349984,0.3475416792562822,D,0.31049454668823,0.2661801431990707,0.4233253101126992,H,0.30457500232052365,0.31756986608062737,0.37785513159884904,H,True,False,False,False,0,1542,1,福岡,東京V,D,2025-05-31,0,13,13,1.0,H,D,A,0.37785513159884904,0.31756986608062737,0.30457500232052365,0.060285265518221665,0.6954249976794764,0.9958987254215419,0.1919549070665513,False,True,9
32333,2025-05-31,福岡,東京V,D,福岡,東京v,0.3006286394087193,0.3518296813349984,0.3475416792562822,D,0.31049454668823,0.2661801431990707,0.4233253101126992,H,0.30457500232052365,0.31756986608062737,0.37785513159884904,H,True,False,False,False,0,1542,6,福岡,東京V,D,2025-05-31,0,13,13,1.0,H,D,A,0.37785513159884904,0.31756986608062737,0.30457500232052365,0.060285265518221665,0.6954249976794764,0.9958987254215419,0.1919549070665513,False,True,10
32338,2025-06-01,湘南,岡山,D,湘南,岡山,0.3474579935900332,0.3675888249408144,0.2849531814691523,D,0.3637543775532781,0.3686518434974105,0.2675937789493112,D,0.3539765471753313,0.36801403236345287,0.27800942046121596,D,True,True,True,True,0,1542,5,湘南,岡山,D,2025-05-31,0,13,13,1.0,D,A,H,0.36801403236345287,0.3539765471753313,0.27800942046121596,0.01403748518812159,0.7219905795387842,0.9934102534367042,0.1718373836920555,True,True,11
32338,2025-06-01,湘南,岡山,D,湘南,岡山,0.3474579935900332,0.3675888249408144,0.2849531814691523,D,0.3637543775532781,0.3686518434974105,0.2675937789493112,D,0.3539765471753313,0.36801403236345287,0.27800942046121596,D,True,True,True,True,0,1542,10,湘南,岡山,D,2025-05-31,0,13,13,1.0,D,A,H,0.36801403236345287,0.3539765471753313,0.27800942046121596,0.01403748518812159,0.7219905795387842,0.9934102534367042,0.1718373836920555,True,True,12
31708,2025-05-31,FC今治,徳島,A,今治,徳島,0.366850306294368,0.2927204612385902,0.3404292324670418,A,0.31329206469996,0.3216908512795377,0.3650170840205023,H,0.3454270096566048,0.3043086172549691,0.350264373088426,H,True,False,False,False,0,1542,12,今治,徳島,A,2025-05-31,0,13,13,1.0,H,A,D,0.350264373088426,0.3454270096566048,0.3043086172549691,0.004837363431821229,0.6956913827450308,0.9982326043332265,0.15966552422428384,False,True,13
32347,2025-06-15,東京V,柏,A,東京v,柏,0.2998405171671844,0.2444836127740326,0.4556758700587829,H,0.3014271530256726,0.2933669248262358,0.4052059221480916,H,0.30047517151057973,0.26403693759491387,0.4354878908945065,H,False,False,False,True,0,1547,3,東京V,柏,A,2025-06-14,0,13,13,1.0,H,A,D,0.4354878908945065,0.30047517151057973,0.26403693759491387,0.13501271938392678,0.7359630624050862,0.9784283915467066,0.247538324377561,False,True,1
32347,2025-06-15,東京V,柏,A,東京v,柏,0.2998405171671844,0.2444836127740326,0.4556758700587829,H,0.3014271530256726,0.2933669248262358,0.4052059221480916,H,0.30047517151057973,0.26403693759491387,0.4354878908945065,H,False,False,False,True,0,1547,8,東京V,柏,A,2025-06-14,0,13,13,1.0,H,A,D,0.4354878908945065,0.30047517151057973,0.26403693759491387,0.13501271938392678,0.7359630624050862,0.9784283915467066,0.247538324377561,False,True,2
32348,2025-06-15,神戸,名古屋,H,神戸,名古屋,0.2408738003374156,0.3489968787290541,0.4101293209335302,H,0.1032004537619026,0.398196290775302,0.4986032554627954,H,0.18580446170721032,0.36867664354755325,0.4455188947452364,H,True,True,True,True,0,1547,4,神戸,名古屋,H,2025-06-14,0,13,13,1.0,H,D,A,0.4455188947452364,0.36867664354755325,0.18580446170721032,0.07684225119768318,0.8141955382927897,0.9473839983003687,0.23790149089447177,True,True,3
32348,2025-06-15,神戸,名古屋,H,神戸,名古屋,0.2408738003374156,0.3489968787290541,0.4101293209335302,H,0.1032004537619026,0.398196290775302,0.4986032554627954,H,0.18580446170721032,0.36867664354755325,0.4455188947452364,H,True,True,True,True,0,1547,9,神戸,名古屋,H,2025-06-14,0,13,13,1.0,H,D,A,0.4455188947452364,0.36867664354755325,0.18580446170721032,0.07684225119768318,0.8141955382927897,0.9473839983003687,0.23790149089447177,True,True,4
31714,2025-06-15,レノファ山口FC,いわきFC,D,山口,いわき,0.3069370545671409,0.3639498282351154,0.3291131171977436,D,0.2683800476815034,0.4358504775221743,0.2957694747963222,D,0.2915142518128859,0.392710087949939,0.315775660237175,D,True,True,True,True,0,1547,12,山口,いわき,D,2025-06-14,0,13,13,1.0,D,H,A,0.392710087949939,0.315775660237175,0.2915142518128859,0.07693442771276399,0.7084857481871141,0.9925261771143555,0.20514135385406884,True,True,5
32344,2025-06-14,横浜FC,川崎F,A,横浜fc,川崎f,0.3739707304241984,0.3307768057296709,0.2952524638461307,A,0.4226229560961814,0.3069143752161586,0.27046266868766,A,0.3934316206929916,0.321231833524266,0.2853365457827424,A,True,True,True,True,0,1547,2,横浜FC,川崎F,A,2025-06-14,0,13,13,1.0,A,D,H,0.3934316206929916,0.321231833524266,0.2853365457827424,0.0721997871687256,0.7146634542172576,0.9918301677685535,0.20394812126718947,True,True,6
32344,2025-06-14,横浜FC,川崎F,A,横浜fc,川崎f,0.3739707304241984,0.3307768057296709,0.2952524638461307,A,0.4226229560961814,0.3069143752161586,0.27046266868766,A,0.3934316206929916,0.321231833524266,0.2853365457827424,A,True,True,True,True,0,1547,7,横浜FC,川崎F,A,2025-06-14,0,13,13,1.0,A,D,H,0.3934316206929916,0.321231833524266,0.2853365457827424,0.0721997871687256,0.7146634542172576,0.9918301677685535,0.20394812126718947,True,True,7
31715,2025-06-15,山形,仙台,A,山形,仙台,0.3459428094904584,0.2938573994092234,0.3601997911003182,H,0.3190759185571403,0.2887777733459555,0.3921463080969041,H,0.3351960531171312,0.2918255489839162,0.3729783978989526,H,False,False,False,True,0,1547,13,山形,仙台,A,2025-06-14,0,13,13,1.0,H,A,D,0.3729783978989526,0.3351960531171312,0.2918255489839162,0.03778234478182141,0.7081744510160838,0.9954730588736489,0.1819694879534364,False,True,8
32343,2025-06-14,鹿島,広島,D,鹿島,広島,0.3289730606027466,0.3300964114384753,0.3409305279587781,H,0.3685747356303628,0.2141385914388467,0.4172866729307904,H,0.34481373061379306,0.28371328343862384,0.37147298594758305,H,False,False,False,True,0,1547,1,鹿島,広島,D,2025-06-14,0,13,13,1.0,H,A,D,0.37147298594758305,0.34481373061379306,0.28371328343862384,0.02665925533378999,0.7162867165613761,0.994365499570538,0.17762048312913126,False,False,9
32343,2025-06-14,鹿島,広島,D,鹿島,広島,0.3289730606027466,0.3300964114384753,0.3409305279587781,H,0.3685747356303628,0.2141385914388467,0.4172866729307904,H,0.34481373061379306,0.28371328343862384,0.37147298594758305,H,False,False,False,True,0,1547,6,鹿島,広島,D,2025-06-14,0,13,13,1.0,H,A,D,0.37147298594758305,0.34481373061379306,0.28371328343862384,0.02665925533378999,0.7162867165613761,0.994365499570538,0.17762048312913126,False,False,10
31718,2025-06-15,大分,秋田,A,大分,秋田,0.3395450384756698,0.3077287827842144,0.3527261787401158,H,0.3575891121240444,0.2475337955947561,0.3948770922811995,H,0.34676266793501964,0.28365078790843107,0.36958654415654923,H,False,False,False,True,0,1547,5,大分,秋田,A,2025-06-14,0,13,13,1.0,H,A,D,0.36958654415654923,0.34676266793501964,0.28365078790843107,0.022823876221529593,0.7163492120915689,0.9944729033480803,0.17540772087836645,False,True,11
31718,2025-06-15,大分,秋田,A,大分,秋田,0.3395450384756698,0.3077287827842144,0.3527261787401158,H,0.3575891121240444,0.2475337955947561,0.3948770922811995,H,0.34676266793501964,0.28365078790843107,0.36958654415654923,H,False,False,False,True,0,1547,10,大分,秋田,A,2025-06-14,0,13,13,1.0,H,A,D,0.36958654415654923,0.34676266793501964,0.28365078790843107,0.022823876221529593,0.7163492120915689,0.9944729033480803,0.17540772087836645,False,True,12
31712,2025-06-15,札幌,FC今治,D,札幌,今治,0.3663982307017735,0.2996750465851888,0.3339267227130377,A,0.2605936908611304,0.3776486404407517,0.361757668698118,D,0.3240764147655163,0.330864484127414,0.3450591011070698,H,False,True,False,False,0,1547,11,札幌,今治,D,2025-06-14,0,13,13,1.0,H,D,A,0.3450591011070698,0.330864484127414,0.3240764147655163,0.014194616979655794,0.6759235852344838,0.9996879957387482,0.16030711229331127,False,True,13
32354,2025-06-21,柏,京都,D,柏,京都,0.2450470875868095,0.3554934766684934,0.3994594357446971,H,0.1816933305488796,0.3486154620532332,0.4696912073978871,H,0.21970558477163754,0.35274227082238935,0.42755214440597317,H,False,False,False,True,0,1548,1,柏,京都,D,2025-06-21,0,13,13,1.0,H,D,A,0.42755214440597317,0.35274227082238935,0.21970558477163754,0.07480987358358382,0.7802944152283625,0.9683145643350367,0.22491900786993493,False,True,1
32354,2025-06-21,柏,京都,D,柏,京都,0.2450470875868095,0.3554934766684934,0.3994594357446971,H,0.1816933305488796,0.3486154620532332,0.4696912073978871,H,0.21970558477163754,0.35274227082238935,0.42755214440597317,H,False,False,False,True,0,1548,6,柏,京都,D,2025-06-21,0,13,13,1.0,H,D,A,0.42755214440597317,0.35274227082238935,0.21970558477163754,0.07480987358358382,0.7802944152283625,0.9683145643350367,0.22491900786993493,False,True,2
31722,2025-06-21,愛媛FC,レノファ山口FC,H,愛媛,山口,0.2911902329708106,0.3848927999870945,0.323916967042095,D,0.2219573249242817,0.4512245671193884,0.3268181079563299,D,0.263497069752199,0.4114255068400121,0.325077423407789,D,False,False,False,True,0,1548,12,愛媛,山口,H,2025-06-21,0,13,13,1.0,D,H,A,0.4114255068400121,0.325077423407789,0.263497069752199,0.08634808343222311,0.7365029302478011,0.9849831284093531,0.21836668159741293,False,True,3
31728,2025-06-22,熊本,V・ファーレン長崎,A,熊本,長崎,0.3560676088303986,0.34209482953672,0.3018375616328814,A,0.2942852747467128,0.4844131487755582,0.221301576477729,D,0.3313546751969243,0.3990221572322553,0.2696231675708204,D,True,False,False,False,0,1548,13,熊本,長崎,A,2025-06-21,0,13,13,1.0,D,A,H,0.3990221572322553,0.3313546751969243,0.2696231675708204,0.06766748203533102,0.7303768324291796,0.9885227214968022,0.2055390451675203,False,True,4
31721,2025-06-21,いわきFC,富山,H,いわき,富山,0.2688736593297728,0.3175508482763446,0.4135754923938826,H,0.1898774408173718,0.4335364832763511,0.3765860759062771,D,0.2372751719248124,0.3639451022763472,0.3987797257988403,H,True,False,True,False,0,1548,5,いわき,富山,H,2025-06-21,0,13,13,1.0,H,D,A,0.3987797257988403,0.3639451022763472,0.2372751719248124,0.03483462352249311,0.7627248280751875,0.9792385322955641,0.1957952883832379,True,True,5
31721,2025-06-21,いわきFC,富山,H,いわき,富山,0.2688736593297728,0.3175508482763446,0.4135754923938826,H,0.1898774408173718,0.4335364832763511,0.3765860759062771,D,0.2372751719248124,0.3639451022763472,0.3987797257988403,H,True,False,True,False,0,1548,10,いわき,富山,H,2025-06-21,0,13,13,1.0,H,D,A,0.3987797257988403,0.3639451022763472,0.2372751719248124,0.03483462352249311,0.7627248280751875,0.9792385322955641,0.1957952883832379,True,True,6
32356,2025-06-21,横浜FM,岡山,A,横浜fm,岡山,0.2995603087612717,0.343149020588098,0.3572906706506302,H,0.2048364625315415,0.4520238384643494,0.3431396990041092,D,0.2616707702693796,0.3866989477385986,0.3516302819920218,D,False,False,False,False,0,1548,2,横浜FM,岡山,A,2025-06-21,0,13,13,1.0,D,H,A,0.3866989477385986,0.3516302819920218,0.2616707702693796,0.0350686657465768,0.7383292297306203,0.9882785161872868,0.18863285625621387,False,False,7
32356,2025-06-21,横浜FM,岡山,A,横浜fm,岡山,0.2995603087612717,0.343149020588098,0.3572906706506302,H,0.2048364625315415,0.4520238384643494,0.3431396990041092,D,0.2616707702693796,0.3866989477385986,0.3516302819920218,D,False,False,False,False,0,1548,7,横浜FM,岡山,A,2025-06-21,0,13,13,1.0,D,H,A,0.3866989477385986,0.3516302819920218,0.2616707702693796,0.0350686657465768,0.7383292297306203,0.9882785161872868,0.18863285625621387,False,False,8
32359,2025-06-22,G大阪,FC東京,H,g大阪,fc東京,0.2910187030937001,0.3211899572537031,0.3877913396525969,H,0.2658768539226681,0.375693313173023,0.3584298329043089,D,0.2809619634252873,0.342991299621431,0.3760467369532817,H,True,False,True,False,0,1548,4,G大阪,FC東京,H,2025-06-21,0,13,13,1.0,H,D,A,0.3760467369532817,0.342991299621431,0.2809619634252873,0.033055437331850734,0.7190380365747127,0.9935249082034602,0.1820854530544325,True,True,9
32359,2025-06-22,G大阪,FC東京,H,g大阪,fc東京,0.2910187030937001,0.3211899572537031,0.3877913396525969,H,0.2658768539226681,0.375693313173023,0.3584298329043089,D,0.2809619634252873,0.342991299621431,0.3760467369532817,H,True,False,True,False,0,1548,9,G大阪,FC東京,H,2025-06-21,0,13,13,1.0,H,D,A,0.3760467369532817,0.342991299621431,0.2809619634252873,0.033055437331850734,0.7190380365747127,0.9935249082034602,0.1820854530544325,True,True,10
31729,2025-06-22,秋田,山形,A,秋田,山形,0.3523186140337314,0.350713096440681,0.2969682895255875,A,0.339293407789253,0.3583409230465756,0.3023656691641713,D,0.3471085315359401,0.3537642270830389,0.2991272413810211,D,True,False,False,False,0,1548,11,秋田,山形,A,2025-06-21,0,13,13,1.0,D,A,H,0.3537642270830389,0.3471085315359401,0.2991272413810211,0.006655695547098772,0.700872758618979,0.9975305993894387,0.16201727575096433,False,True,11
32358,2025-06-22,横浜FC,広島,A,横浜fc,広島,0.3716772189313629,0.3290187516253068,0.2993040294433302,A,0.3198293311241107,0.3609082597253871,0.3192624091505021,D,0.35093806380846204,0.341774554865339,0.30728738132619904,A,True,False,True,False,0,1548,3,横浜FC,広島,A,2025-06-21,0,13,13,1.0,A,D,H,0.35093806380846204,0.341774554865339,0.30728738132619904,0.009163508943123067,0.6927126186738011,0.9985362592357017,0.16142210499676068,True,True,12
32358,2025-06-22,横浜FC,広島,A,横浜fc,広島,0.3716772189313629,0.3290187516253068,0.2993040294433302,A,0.3198293311241107,0.3609082597253871,0.3192624091505021,D,0.35093806380846204,0.341774554865339,0.30728738132619904,A,True,False,True,False,0,1548,8,横浜FC,広島,A,2025-06-21,0,13,13,1.0,A,D,H,0.35093806380846204,0.341774554865339,0.30728738132619904,0.009163508943123067,0.6927126186738011,0.9985362592357017,0.16142210499676068,True,True,13
32370,2025-06-29,新潟,町田,A,新潟,町田,0.4547924629933323,0.2734898071179978,0.2717177298886699,A,0.5783067912952088,0.2301294566391341,0.1915637520656571,A,0.504198194314083,0.2561456669264523,0.2396561387594647,A,True,True,True,True,0,1550,4,新潟,町田,A,2025-06-28,0,13,13,1.0,A,D,H,0.504198194314083,0.2561456669264523,0.2396561387594647,0.24805252738763067,0.7603438612405353,0.9434641387447196,0.32501474427806415,True,True,1
32370,2025-06-29,新潟,町田,A,新潟,町田,0.4547924629933323,0.2734898071179978,0.2717177298886699,A,0.5783067912952088,0.2301294566391341,0.1915637520656571,A,0.504198194314083,0.2561456669264523,0.2396561387594647,A,True,True,True,True,0,1550,9,新潟,町田,A,2025-06-28,0,13,13,1.0,A,D,H,0.504198194314083,0.2561456669264523,0.2396561387594647,0.24805252738763067,0.7603438612405353,0.9434641387447196,0.32501474427806415,True,True,2
32365,2025-06-28,湘南,横浜FM,D,湘南,横浜fm,0.3154730025445554,0.4025852460942648,0.2819417513611797,D,0.2620127051499179,0.6233981538426436,0.1145891410074385,D,0.29408888358670043,0.49091040919361634,0.21500070721968323,D,True,True,True,True,0,1550,1,湘南,横浜FM,D,2025-06-28,0,13,13,1.0,D,A,H,0.49091040919361634,0.29408888358670043,0.21500070721968323,0.1968215256069159,0.7849992927803168,0.946364557318781,0.30052430663579177,True,True,3
32365,2025-06-28,湘南,横浜FM,D,湘南,横浜fm,0.3154730025445554,0.4025852460942648,0.2819417513611797,D,0.2620127051499179,0.6233981538426436,0.1145891410074385,D,0.29408888358670043,0.49091040919361634,0.21500070721968323,D,True,True,True,True,0,1550,6,湘南,横浜FM,D,2025-06-28,0,13,13,1.0,D,A,H,0.49091040919361634,0.29408888358670043,0.21500070721968323,0.1968215256069159,0.7849992927803168,0.946364557318781,0.30052430663579177,True,True,4
32369,2025-06-29,東京V,川崎F,H,東京v,川崎f,0.2786475603728268,0.4048352131432413,0.3165172264839319,D,0.2293222889482958,0.5004104401039543,0.27026727094775,D,0.2589174518030144,0.4430653039275265,0.2980172442694592,D,False,False,False,True,0,1550,3,東京V,川崎F,H,2025-06-28,0,13,13,1.0,D,H,A,0.4430653039275265,0.2980172442694592,0.2589174518030144,0.14504805965806733,0.7410825481969857,0.9751520771786562,0.2551157922119793,False,True,5
32369,2025-06-29,東京V,川崎F,H,東京v,川崎f,0.2786475603728268,0.4048352131432413,0.3165172264839319,D,0.2293222889482958,0.5004104401039543,0.27026727094775,D,0.2589174518030144,0.4430653039275265,0.2980172442694592,D,False,False,False,True,0,1550,8,東京V,川崎F,H,2025-06-28,0,13,13,1.0,D,H,A,0.4430653039275265,0.2980172442694592,0.2589174518030144,0.14504805965806733,0.7410825481969857,0.9751520771786562,0.2551157922119793,False,True,6
31739,2025-06-28,大分,大宮,D,大分,大宮,0.2922640403181412,0.3884506429940889,0.3192853166877699,D,0.166930701947672,0.49366611134,0.339403186712328,D,0.2421307049699535,0.4305368303324533,0.3273324646975931,D,True,True,True,True,0,1550,11,大分,大宮,D,2025-06-28,0,13,13,1.0,D,H,A,0.4305368303324533,0.3273324646975931,0.2421307049699535,0.10320436563486024,0.7578692950300464,0.9755849200446587,0.23474611761287337,True,True,7
31737,2025-06-28,レノファ山口FC,秋田,D,山口,秋田,0.3567460715084344,0.3101087938770573,0.3331451346145083,A,0.2746347937362713,0.2267062975174445,0.4986589087462842,H,0.3239015603995692,0.2767477953332122,0.3993506442672186,H,False,False,False,False,0,1550,13,山口,秋田,D,2025-06-28,0,13,13,1.0,H,A,D,0.3993506442672186,0.3239015603995692,0.2767477953332122,0.07544908386764942,0.7232522046667877,0.9896422197787408,0.20818652531817755,False,False,8
32368,2025-06-28,福岡,神戸,D,福岡,神戸,0.3604023174003564,0.3079871494391279,0.3316105331605156,A,0.4057210587265922,0.3374422882836267,0.256836652989781,A,0.3785298139308508,0.3197692049769275,0.3017009810922218,A,False,False,False,True,0,1550,2,福岡,神戸,D,2025-06-28,0,13,13,1.0,A,D,H,0.3785298139308508,0.3197692049769275,0.3017009810922218,0.058760608953923266,0.6982990189077782,0.9956628373500467,0.19177206193274665,False,True,9
32368,2025-06-28,福岡,神戸,D,福岡,神戸,0.3604023174003564,0.3079871494391279,0.3316105331605156,A,0.4057210587265922,0.3374422882836267,0.256836652989781,A,0.3785298139308508,0.3197692049769275,0.3017009810922218,A,False,False,False,True,0,1550,7,福岡,神戸,D,2025-06-28,0,13,13,1.0,A,D,H,0.3785298139308508,0.3197692049769275,0.3017009810922218,0.058760608953923266,0.6982990189077782,0.9956628373500467,0.19177206193274665,False,True,10
31735,2025-06-28,山形,V・ファーレン長崎,A,山形,長崎,0.3532900769104925,0.2627665897606696,0.3839433333288379,H,0.3936871798174292,0.1975359024993274,0.4087769176832434,H,0.3694489180732672,0.2366743148561327,0.3938767670706001,H,False,False,False,True,0,1550,12,山形,長崎,A,2025-06-28,0,13,13,1.0,H,A,D,0.3938767670706001,0.3694489180732672,0.2366743148561327,0.024427848997332913,0.7633256851438672,0.9793465687055248,0.1899249785897316,False,True,11
31733,2025-06-28,富山,千葉,H,富山,千葉,0.4209864982323537,0.3330888800459571,0.2459246217216891,A,0.3566009819533869,0.4660768034620492,0.1773222145845639,D,0.395232291720767,0.386284049412394,0.218483658866839,A,False,False,False,False,0,1550,5,富山,千葉,H,2025-06-28,0,13,13,1.0,A,D,H,0.395232291720767,0.386284049412394,0.218483658866839,0.008948242308372989,0.781516341133161,0.9708945540573947,0.1868075052707968,False,False,12
31733,2025-06-28,富山,千葉,H,富山,千葉,0.4209864982323537,0.3330888800459571,0.2459246217216891,A,0.3566009819533869,0.4660768034620492,0.1773222145845639,D,0.395232291720767,0.386284049412394,0.218483658866839,A,False,False,False,False,0,1550,10,富山,千葉,H,2025-06-28,0,13,13,1.0,A,D,H,0.395232291720767,0.386284049412394,0.218483658866839,0.008948242308372989,0.781516341133161,0.9708945540573947,0.1868075052707968,False,False,13
31742,2025-07-05,秋田,水戸,A,秋田,水戸,0.3043335105437175,0.3539040995638153,0.341762389892467,D,0.2256277959067369,0.6155059745964563,0.1588662294968068,D,0.27285122468892536,0.45854484957687175,0.26860392573420294,D,False,False,False,True,0,1551,5,秋田,水戸,A,2025-07-05,0,13,13,1.0,D,A,H,0.45854484957687175,0.27285122468892536,0.26860392573420294,0.18569362488794638,0.7313960742657971,0.9694026147728542,0.27745742806580265,False,True,1
31742,2025-07-05,秋田,水戸,A,秋田,水戸,0.3043335105437175,0.3539040995638153,0.341762389892467,D,0.2256277959067369,0.6155059745964563,0.1588662294968068,D,0.27285122468892536,0.45854484957687175,0.26860392573420294,D,False,False,False,True,0,1551,10,秋田,水戸,A,2025-07-05,0,13,13,1.0,D,A,H,0.45854484957687175,0.27285122468892536,0.26860392573420294,0.18569362488794638,0.7313960742657971,0.9694026147728542,0.27745742806580265,False,True,2
32373,2025-07-05,柏,FC東京,H,柏,fc東京,0.2583532828429519,0.3647711383964457,0.3768755787606024,H,0.1567003216072542,0.594004488297551,0.2492951900951947,D,0.2176920983486728,0.4564644783568878,0.3258434232944393,D,True,False,False,False,0,1551,1,柏,FC東京,H,2025-07-05,0,13,13,1.0,D,H,A,0.4564644783568878,0.3258434232944393,0.2176920983486728,0.13062105506244848,0.7823079016513271,0.9605479839770165,0.2590167877370532,False,True,3
32373,2025-07-05,柏,FC東京,H,柏,fc東京,0.2583532828429519,0.3647711383964457,0.3768755787606024,H,0.1567003216072542,0.594004488297551,0.2492951900951947,D,0.2176920983486728,0.4564644783568878,0.3258434232944393,D,True,False,False,False,0,1551,6,柏,FC東京,H,2025-07-05,0,13,13,1.0,D,H,A,0.4564644783568878,0.3258434232944393,0.2176920983486728,0.13062105506244848,0.7823079016513271,0.9605479839770165,0.2590167877370532,False,True,4
32379,2025-07-05,神戸,湘南,H,神戸,湘南,0.2277526616013629,0.3499724979309093,0.4222748404677277,H,0.1435040777217547,0.3830535335244255,0.4734423887538198,H,0.19405322804951963,0.36320491216831585,0.44274185978216457,H,True,True,True,True,0,1551,4,神戸,湘南,H,2025-07-05,0,13,13,1.0,H,D,A,0.44274185978216457,0.36320491216831585,0.19405322804951963,0.07953694761384872,0.8059467719504805,0.9527981730664016,0.2365121339535408,True,True,5
32379,2025-07-05,神戸,湘南,H,神戸,湘南,0.2277526616013629,0.3499724979309093,0.4222748404677277,H,0.1435040777217547,0.3830535335244255,0.4734423887538198,H,0.19405322804951963,0.36320491216831585,0.44274185978216457,H,True,True,True,True,0,1551,9,神戸,湘南,H,2025-07-05,0,13,13,1.0,H,D,A,0.44274185978216457,0.36320491216831585,0.19405322804951963,0.07953694761384872,0.8059467719504805,0.9527981730664016,0.2365121339535408,True,True,6
31744,2025-07-05,仙台,富山,A,仙台,富山,0.3215753555504096,0.3257406935776257,0.3526839508719647,H,0.2539520101130001,0.5245961466598399,0.2214518432271599,D,0.2945260173754458,0.4052828748105114,0.3001911078140428,D,False,False,False,False,0,1551,12,仙台,富山,A,2025-07-05,0,13,13,1.0,D,H,A,0.4052828748105114,0.3001911078140428,0.2945260173754458,0.1050917669964686,0.7054739826245542,0.9896986922365962,0.22121967366617487,False,False,7
32376,2025-07-05,名古屋,東京V,D,名古屋,東京v,0.4021161701162465,0.2666358114132206,0.3312480184705328,A,0.4061607290869305,0.1998050509026007,0.3940342200104686,A,0.4037339937045202,0.23990350720897263,0.35636249908650725,A,False,False,False,True,0,1551,3,名古屋,東京V,D,2025-07-05,0,13,13,1.0,A,H,D,0.4037339937045202,0.35636249908650725,0.23990350720897263,0.04737149461801293,0.7600964927910274,0.9797362594396756,0.20231306839540347,False,False,8
32376,2025-07-05,名古屋,東京V,D,名古屋,東京v,0.4021161701162465,0.2666358114132206,0.3312480184705328,A,0.4061607290869305,0.1998050509026007,0.3940342200104686,A,0.4037339937045202,0.23990350720897263,0.35636249908650725,A,False,False,False,True,0,1551,8,名古屋,東京V,D,2025-07-05,0,13,13,1.0,A,H,D,0.4037339937045202,0.35636249908650725,0.23990350720897263,0.04737149461801293,0.7600964927910274,0.9797362594396756,0.20231306839540347,False,False,9
31747,2025-07-05,徳島,藤枝MYFC,A,徳島,藤枝,0.2878431972990488,0.3394807099096446,0.3726760927913067,H,0.2504182651736502,0.4338320642031303,0.3157496706232195,D,0.2728732244488893,0.3772212516270389,0.3499055239240718,D,False,False,False,False,0,1551,11,徳島,藤枝,A,2025-07-05,0,13,13,1.0,D,H,A,0.3772212516270389,0.3499055239240718,0.2728732244488893,0.027315727702967085,0.7271267755511107,0.9917860948861708,0.18095284895097183,False,False,10
32375,2025-07-05,横浜FC,横浜FM,A,横浜fc,横浜fm,0.3389920659609,0.3614419877378219,0.2995659463012781,D,0.2931478108198178,0.353302358831975,0.3535498303482072,H,0.3206543639044671,0.3581861361754831,0.3211594999200498,D,False,False,False,False,0,1551,2,横浜FC,横浜FM,A,2025-07-05,0,13,13,1.0,D,H,A,0.3581861361754831,0.3211594999200498,0.3206543639044671,0.03702663625543334,0.6793456360955329,0.9987496954363648,0.1743931448810961,False,False,11
32375,2025-07-05,横浜FC,横浜FM,A,横浜fc,横浜fm,0.3389920659609,0.3614419877378219,0.2995659463012781,D,0.2931478108198178,0.353302358831975,0.3535498303482072,H,0.3206543639044671,0.3581861361754831,0.3211594999200498,D,False,False,False,False,0,1551,7,横浜FC,横浜FM,A,2025-07-05,0,13,13,1.0,D,H,A,0.3581861361754831,0.3211594999200498,0.3206543639044671,0.03702663625543334,0.6793456360955329,0.9987496954363648,0.1743931448810961,False,False,12
31748,2025-07-05,FC今治,甲府,A,今治,甲府,0.3594905174294399,0.3158139023768879,0.3246955801936722,A,0.2803513595714988,0.4252997763076309,0.2943488641208703,D,0.32783485428626347,0.35960825194918516,0.3125568937645515,D,True,False,False,False,0,1551,13,今治,甲府,A,2025-07-05,0,13,13,1.0,D,A,H,0.35960825194918516,0.32783485428626347,0.3125568937645515,0.0317733976629217,0.6874431062354487,0.9984377089123116,0.1732568607766936,False,True,13
31752,2025-07-12,いわきFC,V・ファーレン長崎,D,いわき,長崎,0.4746574865965258,0.3040690871703697,0.2212734262331045,A,0.539281293785744,0.3310702929192163,0.1296484132950397,A,0.500507009472213,0.3148695694699083,0.1846234210578786,A,False,False,False,True,0,1552,1,いわき,長崎,D,2025-07-12,0,13,13,1.0,A,D,H,0.500507009472213,0.3148695694699083,0.1846234210578786,0.18563744000230475,0.8153765789421213,0.9304371395913063,0.3041138303450413,False,True,1
31752,2025-07-12,いわきFC,V・ファーレン長崎,D,いわき,長崎,0.4746574865965258,0.3040690871703697,0.2212734262331045,A,0.539281293785744,0.3310702929192163,0.1296484132950397,A,0.500507009472213,0.3148695694699083,0.1846234210578786,A,False,False,False,True,0,1552,6,いわき,長崎,D,2025-07-12,0,13,13,1.0,A,D,H,0.500507009472213,0.3148695694699083,0.1846234210578786,0.18563744000230475,0.8153765789421213,0.9304371395913063,0.3041138303450413,False,True,2
31759,2025-07-12,鳥栖,大分,H,鳥栖,大分,0.3918877483391925,0.2551473426447797,0.3529649090160278,A,0.6080394266783536,0.140309086536092,0.2516514867855544,A,0.478348419674857,0.2092120402013046,0.3124395401238384,A,False,False,False,True,0,1552,5,鳥栖,大分,H,2025-07-12,0,13,13,1.0,A,H,D,0.478348419674857,0.3124395401238384,0.2092120402013046,0.16590887955101857,0.7907879597986953,0.9498430690134732,0.2833562828938475,False,True,3
31759,2025-07-12,鳥栖,大分,H,鳥栖,大分,0.3918877483391925,0.2551473426447797,0.3529649090160278,A,0.6080394266783536,0.140309086536092,0.2516514867855544,A,0.478348419674857,0.2092120402013046,0.3124395401238384,A,False,False,False,True,0,1552,10,鳥栖,大分,H,2025-07-12,0,13,13,1.0,A,H,D,0.478348419674857,0.3124395401238384,0.2092120402013046,0.16590887955101857,0.7907879597986953,0.9498430690134732,0.2833562828938475,False,True,4
31756,2025-07-12,山形,千葉,A,山形,千葉,0.2315499079967847,0.3364326600762635,0.4320174319269518,H,0.1799655898868183,0.299207905207508,0.5208265049056737,H,0.2109161807527982,0.3215427581287613,0.4675410611184405,H,False,False,False,True,0,1552,3,山形,千葉,A,2025-07-12,0,13,13,1.0,H,D,A,0.4675410611184405,0.3215427581287613,0.2109161807527982,0.1459983029896792,0.7890838192472018,0.9544173350040913,0.27060941654886767,False,False,5
31756,2025-07-12,山形,千葉,A,山形,千葉,0.2315499079967847,0.3364326600762635,0.4320174319269518,H,0.1799655898868183,0.299207905207508,0.5208265049056737,H,0.2109161807527982,0.3215427581287613,0.4675410611184405,H,False,False,False,True,0,1552,8,山形,千葉,A,2025-07-12,0,13,13,1.0,H,D,A,0.4675410611184405,0.3215427581287613,0.2109161807527982,0.1459983029896792,0.7890838192472018,0.9544173350040913,0.27060941654886767,False,False,6
32031,2025-07-12,SC相模原,福島ユナイテッドFC,A,相模原,福島,0.2728368205749694,0.3067443306475189,0.4204188487775117,H,0.3416028276063322,0.1815248557298316,0.4768723166638361,H,0.3003432233875145,0.2566565406804439,0.4430002359320415,H,False,False,False,True,0,1552,11,相模原,福島,A,2025-07-12,0,13,13,1.0,H,A,D,0.4430002359320415,0.3003432233875145,0.2566565406804439,0.142657012544527,0.743343459319556,0.9748688709405646,0.25430628637189023,False,True,7
31754,2025-07-12,FC今治,愛媛FC,H,今治,愛媛,0.2807151021174158,0.3184937790354524,0.4007911188471318,H,0.3157021848686858,0.3334637372826077,0.3508340778487064,H,0.29470993521792377,0.32448176233431447,0.3808083024477617,H,True,True,True,True,0,1552,2,今治,愛媛,H,2025-07-12,0,13,13,1.0,H,D,A,0.3808083024477617,0.32448176233431447,0.29470993521792377,0.05632654011344723,0.7052900647820761,0.9948308580612489,0.19211185352894952,True,True,8
31754,2025-07-12,FC今治,愛媛FC,H,今治,愛媛,0.2807151021174158,0.3184937790354524,0.4007911188471318,H,0.3157021848686858,0.3334637372826077,0.3508340778487064,H,0.29470993521792377,0.32448176233431447,0.3808083024477617,H,True,True,True,True,0,1552,7,今治,愛媛,H,2025-07-12,0,13,13,1.0,H,D,A,0.3808083024477617,0.32448176233431447,0.29470993521792377,0.05632654011344723,0.7052900647820761,0.9948308580612489,0.19211185352894952,True,True,9
31757,2025-07-12,藤枝MYFC,仙台,D,藤枝,仙台,0.2736110731270885,0.3505458522822826,0.3758430745906289,H,0.2427913390129452,0.4058585037852872,0.3513501572017676,D,0.2612831794814312,0.3726709128834845,0.3660459076350844,D,False,True,True,False,0,1552,4,藤枝,仙台,D,2025-07-12,0,13,13,1.0,D,H,A,0.3726709128834845,0.3660459076350844,0.2612831794814312,0.006625005248400095,0.7387168205185688,0.9888880662374174,0.17224304938702456,True,True,10
31757,2025-07-12,藤枝MYFC,仙台,D,藤枝,仙台,0.2736110731270885,0.3505458522822826,0.3758430745906289,H,0.2427913390129452,0.4058585037852872,0.3513501572017676,D,0.2612831794814312,0.3726709128834845,0.3660459076350844,D,False,True,True,False,0,1552,9,藤枝,仙台,D,2025-07-12,0,13,13,1.0,D,H,A,0.3726709128834845,0.3660459076350844,0.2612831794814312,0.006625005248400095,0.7387168205185688,0.9888880662374174,0.17224304938702456,True,True,11
32034,2025-07-12,FC大阪,テゲバジャーロ宮崎,D,fc大阪,宮崎,0.3152195618745387,0.29304710940121,0.3917333287242514,H,0.4345292845792589,0.229840295629411,0.33563041979133,A,0.3629434509564267,0.2677643838924904,0.3692921651510829,H,False,False,False,False,0,1552,13,FC大阪,宮崎,D,2025-07-12,0,13,13,1.0,H,A,D,0.3692921651510829,0.3629434509564267,0.2677643838924904,0.006348714194656158,0.7322356161075096,0.9908336962364234,0.1702367850388323,False,False,12
32035,2025-07-12,カマタマーレ讃岐,栃木SC,H,讃岐,栃木sc,0.3583086019695405,0.353400200367696,0.2882911976627634,A,0.3569944141437745,0.3557215126796643,0.2872840731765612,A,0.3577829268392342,0.3543287252924834,0.2878883478682825,A,False,False,False,True,0,1552,12,讃岐,栃木SC,H,2025-07-12,0,13,13,1.0,A,D,H,0.3577829268392342,0.3543287252924834,0.2878883478682825,0.0034542015467508014,0.7121116521317176,0.9956559895623937,0.16308008970653945,False,False,13
32043,2025-07-19,カマタマーレ讃岐,高知ユナイテッドSC,A,讃岐,高知,0.2571666861849773,0.3202297223032807,0.422603591511742,H,0.2405398095423389,0.2553198510166488,0.5041403394410123,H,0.25051593552792195,0.29426577378862795,0.45521829068345016,H,False,False,False,True,0,1554,5,讃岐,高知,A,2025-07-19,0,13,13,1.0,H,D,A,0.45521829068345016,0.29426577378862795,0.25051593552792195,0.1609525168948222,0.7494840644720782,0.9693923056684786,0.2673031505870446,False,False,1
32043,2025-07-19,カマタマーレ讃岐,高知ユナイテッドSC,A,讃岐,高知,0.2571666861849773,0.3202297223032807,0.422603591511742,H,0.2405398095423389,0.2553198510166488,0.5041403394410123,H,0.25051593552792195,0.29426577378862795,0.45521829068345016,H,False,False,False,True,0,1554,10,讃岐,高知,A,2025-07-19,0,13,13,1.0,H,D,A,0.45521829068345016,0.29426577378862795,0.25051593552792195,0.1609525168948222,0.7494840644720782,0.9693923056684786,0.2673031505870446,False,False,2
32388,2025-07-20,G大阪,川崎F,H,g大阪,川崎f,0.258995616191895,0.292810659302708,0.448193724505397,H,0.186148595612605,0.3545329641569897,0.4593184402304053,H,0.229856807960179,0.3174995812444207,0.4526436107954004,H,True,True,True,True,0,1554,4,G大阪,川崎F,H,2025-07-19,0,13,13,1.0,H,D,A,0.4526436107954004,0.3174995812444207,0.229856807960179,0.1351440295509797,0.7701431920398211,0.9657699661010175,0.2578360419805696,True,True,3
32388,2025-07-20,G大阪,川崎F,H,g大阪,川崎f,0.258995616191895,0.292810659302708,0.448193724505397,H,0.186148595612605,0.3545329641569897,0.4593184402304053,H,0.229856807960179,0.3174995812444207,0.4526436107954004,H,True,True,True,True,0,1554,9,G大阪,川崎F,H,2025-07-19,0,13,13,1.0,H,D,A,0.4526436107954004,0.3174995812444207,0.229856807960179,0.1351440295509797,0.7701431920398211,0.9657699661010175,0.2578360419805696,True,True,4
32385,2025-07-20,清水,横浜FC,H,清水,横浜fc,0.2967819072518282,0.4122389254817281,0.2909791672664437,D,0.2064852939871298,0.435494863366771,0.3580198426460991,D,0.2606632619459488,0.4215413006357453,0.3177954374183059,D,False,False,False,True,0,1554,2,清水,横浜FC,H,2025-07-19,0,13,13,1.0,D,H,A,0.4215413006357453,0.3177954374183059,0.2606632619459488,0.1037458632174394,0.7393367380540512,0.9820713594884127,0.2295903655145066,False,True,5
32385,2025-07-20,清水,横浜FC,H,清水,横浜fc,0.2967819072518282,0.4122389254817281,0.2909791672664437,D,0.2064852939871298,0.435494863366771,0.3580198426460991,D,0.2606632619459488,0.4215413006357453,0.3177954374183059,D,False,False,False,True,0,1554,7,清水,横浜FC,H,2025-07-19,0,13,13,1.0,D,H,A,0.4215413006357453,0.3177954374183059,0.2606632619459488,0.1037458632174394,0.7393367380540512,0.9820713594884127,0.2295903655145066,False,True,6
32042,2025-07-19,AC長野パルセイロ,松本山雅FC,H,長野,松本,0.270566395617193,0.3681594149391342,0.3612741894436727,D,0.2406658236249935,0.3080944734837397,0.4512397028912667,H,0.25860616682031323,0.34413343835697646,0.3972603948227104,H,False,True,True,False,0,1554,11,長野,松本,H,2025-07-19,0,13,13,1.0,H,D,A,0.3972603948227104,0.34413343835697646,0.25860616682031323,0.053126956465733954,0.7413938331796869,0.9863205512839556,0.20009750217643543,True,True,7
32384,2025-07-20,東京V,町田,A,東京v,町田,0.3621768970211577,0.28725047090464,0.3505726320742022,A,0.3720086460641426,0.2074087976981221,0.4205825562377352,H,0.3661095966383517,0.2553138016220329,0.3785766017396155,H,True,False,False,False,0,1554,1,東京V,町田,A,2025-07-19,0,13,13,1.0,H,A,D,0.3785766017396155,0.3661095966383517,0.2553138016220329,0.012467005101263806,0.7446861983779671,0.9868547754680381,0.1773519674746617,False,True,8
32384,2025-07-20,東京V,町田,A,東京v,町田,0.3621768970211577,0.28725047090464,0.3505726320742022,A,0.3720086460641426,0.2074087976981221,0.4205825562377352,H,0.3661095966383517,0.2553138016220329,0.3785766017396155,H,True,False,False,False,0,1554,6,東京V,町田,A,2025-07-19,0,13,13,1.0,H,A,D,0.3785766017396155,0.3661095966383517,0.2553138016220329,0.012467005101263806,0.7446861983779671,0.9868547754680381,0.1773519674746617,False,True,9
32046,2025-07-20,福島ユナイテッドFC,FC琉球,D,福島,琉球,0.3290616716166307,0.2776480842703399,0.3932902441130294,H,0.4249286396908234,0.2655495964523417,0.3095217638568349,A,0.3674084588463078,0.2728086891431406,0.3597828520105516,A,False,False,False,False,0,1554,12,福島,琉球,D,2025-07-19,0,13,13,1.0,A,H,D,0.3674084588463078,0.3597828520105516,0.2728086891431406,0.0076256068357561935,0.7271913108568594,0.9921999708522352,0.16956277470290612,False,False,10
32045,2025-07-19,ガイナーレ鳥取,アスルクラロ沼津,H,鳥取,沼津,0.3603942663973938,0.3186868221998927,0.3209189114027135,A,0.2660638366340768,0.3342234606653778,0.3997127027005455,H,0.32266209449206706,0.32490147758608673,0.35243642792184626,H,False,True,True,False,0,1554,13,鳥取,沼津,H,2025-07-19,0,13,13,1.0,H,D,A,0.35243642792184626,0.32490147758608673,0.32266209449206706,0.027534950335759534,0.6773379055079329,0.9992559288139016,0.16838243941956635,True,True,11
32386,2025-07-20,横浜FM,名古屋,H,横浜fm,名古屋,0.3250531027756642,0.3438953604017823,0.3310515368225535,D,0.2913462803071603,0.351883578186356,0.3567701415064837,H,0.31157037378826263,0.34709064751561186,0.34133897869612556,D,False,True,False,False,0,1554,3,横浜FM,名古屋,H,2025-07-19,0,13,13,1.0,D,H,A,0.34709064751561186,0.34133897869612556,0.31157037378826263,0.0057516688194863,0.6884296262117374,0.9989970348357778,0.15840446850169,False,True,12
32386,2025-07-20,横浜FM,名古屋,H,横浜fm,名古屋,0.3250531027756642,0.3438953604017823,0.3310515368225535,D,0.2913462803071603,0.351883578186356,0.3567701415064837,H,0.31157037378826263,0.34709064751561186,0.34133897869612556,D,False,True,False,False,0,1554,8,横浜FM,名古屋,H,2025-07-19,0,13,13,1.0,D,H,A,0.34709064751561186,0.34133897869612556,0.31157037378826263,0.0057516688194863,0.6884296262117374,0.9989970348357778,0.15840446850169,False,True,13
32057,2025-07-26,高知ユナイテッドSC,福島ユナイテッドFC,H,高知,福島,0.2808586821669716,0.2622237923438401,0.4569175254891883,H,0.2353795843106433,0.229807133637901,0.5348132820514557,H,0.26266704302444027,0.24925712886146445,0.48807582811409517,H,True,True,True,True,0,1556,11,高知,福島,H,2025-07-26,0,13,13,1.0,H,A,D,0.48807582811409517,0.26266704302444027,0.24925712886146445,0.2254087850896549,0.7507428711385354,0.9534991842171094,0.30782736058930016,True,True,1
32059,2025-07-26,ヴァンラーレ八戸,ガイナーレ鳥取,H,八戸,鳥取,0.2568790426704292,0.2968479581679696,0.4462729991616012,H,0.162490964214528,0.2711583734501682,0.5663506623353038,H,0.21912381128806874,0.28657212428084905,0.49430406443108227,H,True,True,True,True,0,1556,12,八戸,鳥取,H,2025-07-26,0,13,13,1.0,H,D,A,0.49430406443108227,0.28657212428084905,0.21912381128806874,0.20773194015023322,0.7808761887119313,0.9458227879608521,0.30597845045439825,True,True,2
32052,2025-07-26,SC相模原,テゲバジャーロ宮崎,H,相模原,宮崎,0.3741315034340832,0.3544343825412059,0.2714341140247109,A,0.5438581356487148,0.2316111948042038,0.2245306695470815,A,0.4420221563199358,0.305305107446405,0.2526727362336591,A,False,False,False,True,0,1556,13,相模原,宮崎,H,2025-07-26,0,13,13,1.0,A,D,H,0.4420221563199358,0.305305107446405,0.2526727362336591,0.1367170488735308,0.7473272637663408,0.974578504103038,0.2518452366290993,False,False,3
31766,2025-08-02,藤枝MYFC,レノファ山口FC,D,藤枝,山口,0.2325856565976484,0.334973122216027,0.4324412211863246,H,0.1410403392321785,0.4335790543726326,0.425380606395189,D,0.19596752965146041,0.3744154950786693,0.42961697526987036,H,False,True,False,False,0,1556,4,藤枝,山口,D,2025-07-26,0,13,13,1.0,H,D,A,0.42961697526987036,0.3744154950786693,0.19596752965146041,0.05520148019120108,0.8040324703485396,0.95591280689379,0.22146559555960404,False,True,4
31766,2025-08-02,藤枝MYFC,レノファ山口FC,D,藤枝,山口,0.2325856565976484,0.334973122216027,0.4324412211863246,H,0.1410403392321785,0.4335790543726326,0.425380606395189,D,0.19596752965146041,0.3744154950786693,0.42961697526987036,H,False,True,False,False,0,1556,9,藤枝,山口,D,2025-07-26,0,13,13,1.0,H,D,A,0.42961697526987036,0.3744154950786693,0.19596752965146041,0.05520148019120108,0.8040324703485396,0.95591280689379,0.22146559555960404,False,True,5
31768,2025-08-02,大分,FC今治,A,大分,今治,0.2877110238854731,0.377576539297998,0.3347124368165288,D,0.3654741297598975,0.408433279873679,0.2260925903664235,D,0.31881626623524284,0.38991923552827046,0.29126449823648676,D,False,False,False,True,0,1556,5,大分,今治,A,2025-07-26,0,13,13,1.0,D,A,H,0.38991923552827046,0.31881626623524284,0.29126449823648676,0.07110296929302762,0.7087355017635133,0.9930394707428126,0.20174180109171885,False,True,6
31768,2025-08-02,大分,FC今治,A,大分,今治,0.2877110238854731,0.377576539297998,0.3347124368165288,D,0.3654741297598975,0.408433279873679,0.2260925903664235,D,0.31881626623524284,0.38991923552827046,0.29126449823648676,D,False,False,False,True,0,1556,10,大分,今治,A,2025-07-26,0,13,13,1.0,D,A,H,0.38991923552827046,0.31881626623524284,0.29126449823648676,0.07110296929302762,0.7087355017635133,0.9930394707428126,0.20174180109171885,False,True,7
31762,2025-08-02,富山,大宮,A,富山,大宮,0.2259611109266791,0.4129519823066616,0.3610869067666593,D,0.1765626752905944,0.375521156056035,0.4479161686533705,H,0.2062017366722452,0.397979651806411,0.3958186115213438,D,False,False,False,False,0,1556,2,富山,大宮,A,2025-07-26,0,13,13,1.0,D,H,A,0.397979651806411,0.3958186115213438,0.2062017366722452,0.002161040285067195,0.7937982633277547,0.9640313308507058,0.1870409412425173,False,False,8
31762,2025-08-02,富山,大宮,A,富山,大宮,0.2259611109266791,0.4129519823066616,0.3610869067666593,D,0.1765626752905944,0.375521156056035,0.4479161686533705,H,0.2062017366722452,0.397979651806411,0.3958186115213438,D,False,False,False,False,0,1556,7,富山,大宮,A,2025-07-26,0,13,13,1.0,D,H,A,0.397979651806411,0.3958186115213438,0.2062017366722452,0.002161040285067195,0.7937982633277547,0.9640313308507058,0.1870409412425173,False,False,9
31765,2025-08-02,千葉,いわきFC,D,千葉,いわき,0.3380788003825129,0.3520332651415794,0.3098879344759077,D,0.3258800263199211,0.3419862590168464,0.3321337146632325,D,0.3331992907574762,0.3480144626916862,0.3187862465508376,D,True,True,True,True,0,1556,3,千葉,いわき,D,2025-07-26,0,13,13,1.0,D,A,H,0.3480144626916862,0.3331992907574762,0.3187862465508376,0.014815171934210003,0.6812137534491624,0.9994166883131554,0.16190848072560118,True,True,10
31765,2025-08-02,千葉,いわきFC,D,千葉,いわき,0.3380788003825129,0.3520332651415794,0.3098879344759077,D,0.3258800263199211,0.3419862590168464,0.3321337146632325,D,0.3331992907574762,0.3480144626916862,0.3187862465508376,D,True,True,True,True,0,1556,8,千葉,いわき,D,2025-07-26,0,13,13,1.0,D,A,H,0.3480144626916862,0.3331992907574762,0.3187862465508376,0.014815171934210003,0.6812137534491624,0.9994166883131554,0.16190848072560118,True,True,11
31761,2025-08-02,札幌,鳥栖,H,札幌,鳥栖,0.3536838804919907,0.3217243203455229,0.3245917991624865,A,0.3257185104047975,0.324528852857379,0.3497526367378235,H,0.3424977324571134,0.3228461333502653,0.3346561341926213,A,False,True,False,False,0,1556,1,札幌,鳥栖,H,2025-07-26,0,13,13,1.0,A,H,D,0.3424977324571134,0.3346561341926213,0.3228461333502653,0.0078415982644921,0.6771538666497348,0.9997322153341769,0.15692209593143788,False,True,12
31761,2025-08-02,札幌,鳥栖,H,札幌,鳥栖,0.3536838804919907,0.3217243203455229,0.3245917991624865,A,0.3257185104047975,0.324528852857379,0.3497526367378235,H,0.3424977324571134,0.3228461333502653,0.3346561341926213,A,False,True,False,False,0,1556,6,札幌,鳥栖,H,2025-07-26,0,13,13,1.0,A,H,D,0.3424977324571134,0.3346561341926213,0.3228461333502653,0.0078415982644921,0.6771538666497348,0.9997322153341769,0.15692209593143788,False,True,13
32394,2025-08-10,広島,清水,D,広島,清水,0.2826122738156628,0.2800963811526444,0.4372913450316929,H,0.1918202422112773,0.257480260753182,0.5506994970355407,H,0.2462954611739086,0.2710499329928594,0.482654605833232,H,False,False,False,True,0,1558,2,広島,清水,D,2025-08-09,0,13,13,1.0,H,D,A,0.482654605833232,0.2710499329928594,0.2462954611739086,0.2116046728403726,0.7537045388260915,0.9562512469081869,0.30000595873744745,False,True,1
32394,2025-08-10,広島,清水,D,広島,清水,0.2826122738156628,0.2800963811526444,0.4372913450316929,H,0.1918202422112773,0.257480260753182,0.5506994970355407,H,0.2462954611739086,0.2710499329928594,0.482654605833232,H,False,False,False,True,0,1558,7,広島,清水,D,2025-08-09,0,13,13,1.0,H,D,A,0.482654605833232,0.2710499329928594,0.2462954611739086,0.2116046728403726,0.7537045388260915,0.9562512469081869,0.30000595873744745,False,True,2
31779,2025-08-10,愛媛FC,鳥栖,A,愛媛,鳥栖,0.3910891747174035,0.294341144663905,0.3145696806186915,A,0.418118923723665,0.3565911556283817,0.2252899206479533,A,0.4019010743199081,0.3192411490496957,0.2788577766303962,A,True,True,True,True,0,1558,13,愛媛,鳥栖,A,2025-08-09,0,13,13,1.0,A,D,H,0.4019010743199081,0.3192411490496957,0.2788577766303962,0.08265992527021243,0.7211422233696039,0.9894129027661813,0.21190387673529676,True,True,3
32396,2025-08-10,FC東京,鹿島,A,fc東京,鹿島,0.287624181195979,0.3374566587633357,0.3749191600406853,H,0.2101935303760024,0.350379993174461,0.4394264764495365,H,0.2566519208679884,0.3426259925277858,0.4007220866042258,H,False,False,False,True,0,1558,3,FC東京,鹿島,A,2025-08-09,0,13,13,1.0,H,D,A,0.4007220866042258,0.3426259925277858,0.2566519208679884,0.05809609407644001,0.7433480791320116,0.9853365004537173,0.20359127180791217,False,False,4
32396,2025-08-10,FC東京,鹿島,A,fc東京,鹿島,0.287624181195979,0.3374566587633357,0.3749191600406853,H,0.2101935303760024,0.350379993174461,0.4394264764495365,H,0.2566519208679884,0.3426259925277858,0.4007220866042258,H,False,False,False,True,0,1558,8,FC東京,鹿島,A,2025-08-09,0,13,13,1.0,H,D,A,0.4007220866042258,0.3426259925277858,0.2566519208679884,0.05809609407644001,0.7433480791320116,0.9853365004537173,0.20359127180791217,False,False,5
32391,2025-08-09,東京V,横浜FM,H,東京v,横浜fm,0.3158550376615754,0.3396360438413783,0.3445089184970462,H,0.3108609099228499,0.4452200628908992,0.2439190271862508,D,0.31385738656608525,0.38186965146118673,0.3042729619727281,D,True,False,False,False,0,1558,1,東京V,横浜FM,H,2025-08-09,0,13,13,1.0,D,A,H,0.38186965146118673,0.31385738656608525,0.3042729619727281,0.06801226489510148,0.695727038027272,0.9952127863785755,0.19660307859510445,False,False,6
32391,2025-08-09,東京V,横浜FM,H,東京v,横浜fm,0.3158550376615754,0.3396360438413783,0.3445089184970462,H,0.3108609099228499,0.4452200628908992,0.2439190271862508,D,0.31385738656608525,0.38186965146118673,0.3042729619727281,D,True,False,False,False,0,1558,6,東京V,横浜FM,H,2025-08-09,0,13,13,1.0,D,A,H,0.38186965146118673,0.31385738656608525,0.3042729619727281,0.06801226489510148,0.695727038027272,0.9952127863785755,0.19660307859510445,False,False,7
31773,2025-08-09,FC今治,熊本,H,今治,熊本,0.3404706805017075,0.3511910148466636,0.3083383046516288,D,0.319782651681274,0.4375770335221065,0.2426403147966195,D,0.3321954689735341,0.3857454223168408,0.2820591087096251,D,False,False,False,True,0,1558,11,今治,熊本,H,2025-08-09,0,13,13,1.0,D,A,H,0.3857454223168408,0.3321954689735341,0.2820591087096251,0.0535499533433067,0.7179408912903749,0.9926407413210603,0.19379977544852367,False,False,8
32397,2025-08-10,町田,神戸,H,町田,神戸,0.3081411034256463,0.364570200781617,0.3272886957927368,D,0.3003762306462979,0.3640899855366637,0.3355337838170383,D,0.30503515431390693,0.36437811468363573,0.33058673100245745,D,False,False,False,True,0,1558,4,町田,神戸,H,2025-08-09,0,13,13,1.0,D,H,A,0.36437811468363573,0.33058673100245745,0.30503515431390693,0.03379138368117829,0.6949648456860932,0.9975871319163974,0.176279709512769,False,True,9
32397,2025-08-10,町田,神戸,H,町田,神戸,0.3081411034256463,0.364570200781617,0.3272886957927368,D,0.3003762306462979,0.3640899855366637,0.3355337838170383,D,0.30503515431390693,0.36437811468363573,0.33058673100245745,D,False,False,False,True,0,1558,9,町田,神戸,H,2025-08-09,0,13,13,1.0,D,H,A,0.36437811468363573,0.33058673100245745,0.30503515431390693,0.03379138368117829,0.6949648456860932,0.9975871319163974,0.176279709512769,False,True,10
31776,2025-08-10,仙台,徳島,A,仙台,徳島,0.3605686329937941,0.3331273305688516,0.3063040364373541,A,0.342648329891504,0.4195971509645259,0.23775451914397,D,0.3534005117528782,0.36771525872712135,0.27888422952000047,D,True,False,False,False,0,1558,12,仙台,徳島,A,2025-08-09,0,13,13,1.0,D,A,H,0.36771525872712135,0.3534005117528782,0.27888422952000047,0.014314746974243175,0.7211157704799995,0.9936114042943599,0.17175974700931773,False,True,11
31777,2025-08-10,山形,水戸,A,山形,水戸,0.3500480387605955,0.3215204192822924,0.3284315419571121,A,0.3253448917407224,0.3210787161742836,0.353576392084994,H,0.3401667799526462,0.3213437380390889,0.3384894820082649,A,True,False,True,False,0,1558,5,山形,水戸,A,2025-08-09,0,13,13,1.0,A,H,D,0.3401667799526462,0.3384894820082649,0.3213437380390889,0.0016772979443813174,0.6786562619609111,0.9997018936210035,0.15372172653502358,True,True,12
31777,2025-08-10,山形,水戸,A,山形,水戸,0.3500480387605955,0.3215204192822924,0.3284315419571121,A,0.3253448917407224,0.3210787161742836,0.353576392084994,H,0.3401667799526462,0.3213437380390889,0.3384894820082649,A,True,False,True,False,0,1558,10,山形,水戸,A,2025-08-09,0,13,13,1.0,A,H,D,0.3401667799526462,0.3384894820082649,0.3213437380390889,0.0016772979443813174,0.6786562619609111,0.9997018936210035,0.15372172653502358,True,True,13
32403,2025-08-16,浦和,名古屋,H,浦和,名古屋,0.2617345616811867,0.2727899292054798,0.4654755091133334,H,0.1109397679496937,0.1884466873171771,0.7006135447331292,H,0.20141664418858954,0.23905263245015873,0.5595307233612518,H,True,True,True,True,0,1560,2,浦和,名古屋,H,2025-08-16,0,13,13,1.0,H,D,A,0.5595307233612518,0.23905263245015873,0.20141664418858954,0.320478090911093,0.7985833558114105,0.900902623164639,0.38377563269851805,True,True,1
32403,2025-08-16,浦和,名古屋,H,浦和,名古屋,0.2617345616811867,0.2727899292054798,0.4654755091133334,H,0.1109397679496937,0.1884466873171771,0.7006135447331292,H,0.20141664418858954,0.23905263245015873,0.5595307233612518,H,True,True,True,True,0,1560,8,浦和,名古屋,H,2025-08-16,0,13,13,1.0,H,D,A,0.5595307233612518,0.23905263245015873,0.20141664418858954,0.320478090911093,0.7985833558114105,0.900902623164639,0.38377563269851805,True,True,2
32408,2025-08-16,神戸,横浜FC,A,神戸,横浜fc,0.342754094289897,0.2267833571175124,0.4304625485925905,H,0.2780678089287609,0.0697507907204532,0.652181400350786,H,0.3168795801454426,0.1639703305586887,0.5191500892958687,H,False,False,False,True,0,1560,3,神戸,横浜FC,A,2025-08-16,0,13,13,1.0,H,A,D,0.5191500892958687,0.3168795801454426,0.1639703305586887,0.2022705091504261,0.8360296694413113,0.9111254467591372,0.3221871290339626,False,True,3
32408,2025-08-16,神戸,横浜FC,A,神戸,横浜fc,0.342754094289897,0.2267833571175124,0.4304625485925905,H,0.2780678089287609,0.0697507907204532,0.652181400350786,H,0.3168795801454426,0.1639703305586887,0.5191500892958687,H,False,False,False,True,0,1560,9,神戸,横浜FC,A,2025-08-16,0,13,13,1.0,H,A,D,0.5191500892958687,0.3168795801454426,0.1639703305586887,0.2022705091504261,0.8360296694413113,0.9111254467591372,0.3221871290339626,False,True,4
32404,2025-08-16,町田,C大阪,H,町田,c大阪,0.2902388837629374,0.2885669309054288,0.4211941853316338,H,0.2738543104445751,0.2437480277528726,0.4823976618025522,H,0.2836850544355925,0.2706393696444063,0.4456755759200012,H,True,True,True,True,0,1560,6,町田,C大阪,H,2025-08-16,0,13,13,1.0,H,A,D,0.4456755759200012,0.2836850544355925,0.2706393696444063,0.16199052148440868,0.7293606303555937,0.9751466685773157,0.26222135796808044,True,True,5
32410,2025-08-17,岡山,柏,H,岡山,柏,0.3794105417768601,0.2979403530530866,0.3226491051700533,A,0.4816471751509582,0.2565630593924169,0.2617897654566249,A,0.4203051951264993,0.2813894355888187,0.298305369284682,A,False,False,False,True,0,1560,4,岡山,柏,H,2025-08-16,0,13,13,1.0,A,H,D,0.4203051951264993,0.298305369284682,0.2813894355888187,0.12199982584181729,0.7186105644111813,0.9848399692149172,0.2348692830085773,False,True,6
32410,2025-08-17,岡山,柏,H,岡山,柏,0.3794105417768601,0.2979403530530866,0.3226491051700533,A,0.4816471751509582,0.2565630593924169,0.2617897654566249,A,0.4203051951264993,0.2813894355888187,0.298305369284682,A,False,False,False,True,0,1560,10,岡山,柏,H,2025-08-16,0,13,13,1.0,A,H,D,0.4203051951264993,0.298305369284682,0.2813894355888187,0.12199982584181729,0.7186105644111813,0.9848399692149172,0.2348692830085773,False,True,7
31786,2025-08-16,レノファ山口FC,仙台,D,山口,仙台,0.3527056401533041,0.3267872646558952,0.3205070951908007,A,0.4713318804304556,0.3251203495432051,0.2035477700263393,A,0.4001561362641647,0.3261204986108191,0.2737233651250161,A,False,False,False,True,0,1560,13,山口,仙台,D,2025-08-16,0,13,13,1.0,A,D,H,0.4001561362641647,0.3261204986108191,0.2737233651250161,0.07403563765334559,0.7262766348749838,0.989032819353248,0.20817617062689545,False,True,8
32402,2025-08-16,清水,横浜FM,A,清水,横浜fm,0.3419423117547905,0.3139155048553109,0.3441421833898985,H,0.4187184985113589,0.3494247949227155,0.2318567065659255,A,0.37265278645741784,0.32811922088227274,0.29922799266030936,A,False,True,True,False,0,1560,1,清水,横浜FM,A,2025-08-16,0,13,13,1.0,A,D,H,0.37265278645741784,0.32811922088227274,0.29922799266030936,0.044533565575145095,0.7007720073396906,0.996284969922028,0.18402350787273322,True,True,9
32402,2025-08-16,清水,横浜FM,A,清水,横浜fm,0.3419423117547905,0.3139155048553109,0.3441421833898985,H,0.4187184985113589,0.3494247949227155,0.2318567065659255,A,0.37265278645741784,0.32811922088227274,0.29922799266030936,A,False,True,True,False,0,1560,7,清水,横浜FM,A,2025-08-16,0,13,13,1.0,A,D,H,0.37265278645741784,0.32811922088227274,0.29922799266030936,0.044533565575145095,0.7007720073396906,0.996284969922028,0.18402350787273322,True,True,10
31784,2025-08-16,山形,いわきFC,H,山形,いわき,0.2990409923938665,0.2924998758893976,0.4084591317167358,H,0.2651343554617739,0.434675164182739,0.300190480355487,D,0.2854783376210295,0.3493699912067342,0.3651516711722363,H,True,False,True,False,0,1560,12,山形,いわき,H,2025-08-16,0,13,13,1.0,H,D,A,0.3651516711722363,0.3493699912067342,0.2854783376210295,0.015781679965502116,0.7145216623789705,0.9950258544540089,0.17083666912463027,True,True,11
31789,2025-08-17,愛媛FC,大宮,A,愛媛,大宮,0.3310745136306259,0.3072175560700242,0.3617079302993498,H,0.3042638677887727,0.3795859148203382,0.3161502173908891,D,0.3203502552938846,0.3361648995701498,0.3434848451359655,H,False,False,False,False,0,1560,5,愛媛,大宮,A,2025-08-16,0,13,13,1.0,H,D,A,0.3434848451359655,0.3361648995701498,0.3203502552938846,0.007319945565815722,0.6796497447061153,0.9996165932566848,0.157206842607883,False,False,12
31789,2025-08-17,愛媛FC,大宮,A,愛媛,大宮,0.3310745136306259,0.3072175560700242,0.3617079302993498,H,0.3042638677887727,0.3795859148203382,0.3161502173908891,D,0.3203502552938846,0.3361648995701498,0.3434848451359655,H,False,False,False,False,0,1560,11,愛媛,大宮,A,2025-08-16,0,13,13,1.0,H,D,A,0.3434848451359655,0.3361648995701498,0.3203502552938846,0.007319945565815722,0.6796497447061153,0.9996165932566848,0.157206842607883,False,False,13
32413,2025-08-23,東京V,広島,A,東京v,広島,0.3108972351550601,0.4052031435809796,0.2838996212639603,D,0.2525638131862857,0.5203936895777337,0.2270424972359807,D,0.2875638663675504,0.4512793619796812,0.2611567716527684,D,False,False,False,True,0,1562,1,東京V,広島,A,2025-08-23,0,13,13,1.0,D,A,H,0.4512793619796812,0.2875638663675504,0.2611567716527684,0.16371549561213083,0.7388432283472316,0.972227188942819,0.2659306985665385,False,True,1
32413,2025-08-23,東京V,広島,A,東京v,広島,0.3108972351550601,0.4052031435809796,0.2838996212639603,D,0.2525638131862857,0.5203936895777337,0.2270424972359807,D,0.2875638663675504,0.4512793619796812,0.2611567716527684,D,False,False,False,True,0,1562,6,東京V,広島,A,2025-08-23,0,13,13,1.0,D,A,H,0.4512793619796812,0.2875638663675504,0.2611567716527684,0.16371549561213083,0.7388432283472316,0.972227188942819,0.2659306985665385,False,True,2
32416,2025-08-23,G大阪,横浜FC,H,g大阪,横浜fc,0.2975312532174116,0.3818961322474093,0.320572614535179,D,0.248843598792352,0.5253220360261772,0.2258343651814708,D,0.27805619144738775,0.4392664937589165,0.28267731479369573,D,False,False,False,True,0,1562,3,G大阪,横浜FC,H,2025-08-23,0,13,13,1.0,D,H,A,0.4392664937589165,0.28267731479369573,0.27805619144738775,0.1565891789652208,0.7219438085526122,0.977964321353088,0.2568832705587221,False,True,3
32416,2025-08-23,G大阪,横浜FC,H,g大阪,横浜fc,0.2975312532174116,0.3818961322474093,0.320572614535179,D,0.248843598792352,0.5253220360261772,0.2258343651814708,D,0.27805619144738775,0.4392664937589165,0.28267731479369573,D,False,False,False,True,0,1562,8,G大阪,横浜FC,H,2025-08-23,0,13,13,1.0,D,H,A,0.4392664937589165,0.28267731479369573,0.27805619144738775,0.1565891789652208,0.7219438085526122,0.977964321353088,0.2568832705587221,False,True,4
31791,2025-08-23,秋田,FC今治,A,秋田,今治,0.3035792666538071,0.3133019633206869,0.383118770025506,H,0.2051897477415122,0.3215859600977687,0.4732242921607191,H,0.26422345908888917,0.31661556203151964,0.4191609788795913,H,False,False,False,True,0,1562,12,秋田,今治,A,2025-08-23,0,13,13,1.0,H,D,A,0.4191609788795913,0.31661556203151964,0.26422345908888917,0.10254541684807167,0.735776540911111,0.9832955308742355,0.22785423021779405,False,False,5
31793,2025-08-23,甲府,札幌,A,甲府,札幌,0.2616784311064951,0.3379677558333036,0.4003538130602013,H,0.2124573490618803,0.3399916698362434,0.4475509811018762,H,0.2419899982886492,0.3387773214344795,0.4192326802768713,H,False,False,False,True,0,1562,13,甲府,札幌,A,2025-08-23,0,13,13,1.0,H,D,A,0.4192326802768713,0.3387773214344795,0.2419899982886492,0.0804553588423918,0.7580100017113507,0.9780498554163792,0.22120411063615336,False,False,6
31796,2025-08-23,徳島,山形,H,徳島,山形,0.4036377168216885,0.2747822663131307,0.3215800168651808,A,0.443467075686374,0.169798458060464,0.3867344662531619,A,0.4195694603675627,0.232788743012064,0.3476417966203733,A,False,False,False,True,0,1562,11,徳島,山形,H,2025-08-23,0,13,13,1.0,A,H,D,0.4195694603675627,0.3476417966203733,0.232788743012064,0.0719276637471894,0.767211256987936,0.9749006136207571,0.21900081675276808,False,True,7
31800,2025-08-24,仙台,千葉,H,仙台,千葉,0.3735830241096238,0.3589942957242725,0.2674226801661036,A,0.4325154159923405,0.3375930686463455,0.229891515361314,A,0.3971559808627105,0.3504338048931017,0.2524102142441878,A,False,False,False,True,0,1562,5,仙台,千葉,H,2025-08-23,0,13,13,1.0,A,D,H,0.3971559808627105,0.3504338048931017,0.2524102142441878,0.04672217596960876,0.7475897857558123,0.9846024747188072,0.1981524580338213,False,False,8
31800,2025-08-24,仙台,千葉,H,仙台,千葉,0.3735830241096238,0.3589942957242725,0.2674226801661036,A,0.4325154159923405,0.3375930686463455,0.229891515361314,A,0.3971559808627105,0.3504338048931017,0.2524102142441878,A,False,False,False,True,0,1562,10,仙台,千葉,H,2025-08-23,0,13,13,1.0,A,D,H,0.3971559808627105,0.3504338048931017,0.2524102142441878,0.04672217596960876,0.7475897857558123,0.9846024747188072,0.1981524580338213,False,False,9
32420,2025-08-24,FC東京,京都,A,fc東京,京都,0.282836871099559,0.3597434684450151,0.3574196604554258,D,0.244153949603618,0.3610425245345052,0.3948035258618767,H,0.26736370250118263,0.36026309088081115,0.37237320661800627,H,False,False,False,False,0,1562,4,FC東京,京都,A,2025-08-23,0,13,13,1.0,H,D,A,0.37237320661800627,0.36026309088081115,0.26736370250118263,0.012110115737195115,0.7326362974988174,0.9906531680746962,0.17367584987118187,False,False,10
32420,2025-08-24,FC東京,京都,A,fc東京,京都,0.282836871099559,0.3597434684450151,0.3574196604554258,D,0.244153949603618,0.3610425245345052,0.3948035258618767,H,0.26736370250118263,0.36026309088081115,0.37237320661800627,H,False,False,False,False,0,1562,9,FC東京,京都,A,2025-08-23,0,13,13,1.0,H,D,A,0.37237320661800627,0.36026309088081115,0.26736370250118263,0.012110115737195115,0.7326362974988174,0.9906531680746962,0.17367584987118187,False,False,11
32414,2025-08-23,新潟,鹿島,A,新潟,鹿島,0.3303461893885148,0.3388066384931429,0.3308471721183422,D,0.3524897525469976,0.3126077964540263,0.334902450998976,A,0.3392036146519079,0.3283271016774963,0.3324692836705958,A,False,True,True,False,0,1562,2,新潟,鹿島,A,2025-08-23,0,13,13,1.0,A,H,D,0.3392036146519079,0.3324692836705958,0.3283271016774963,0.006734330981312098,0.6716728983225038,0.9999178113014041,0.15501508017653698,True,True,12
32414,2025-08-23,新潟,鹿島,A,新潟,鹿島,0.3303461893885148,0.3388066384931429,0.3308471721183422,D,0.3524897525469976,0.3126077964540263,0.334902450998976,A,0.3392036146519079,0.3283271016774963,0.3324692836705958,A,False,True,True,False,0,1562,7,新潟,鹿島,A,2025-08-23,0,13,13,1.0,A,H,D,0.3392036146519079,0.3324692836705958,0.3283271016774963,0.006734330981312098,0.6716728983225038,0.9999178113014041,0.15501508017653698,True,True,13
32424,2025-08-31,清水,鹿島,D,清水,鹿島,0.454846106459098,0.2897232738482093,0.2554306196926927,A,0.459605735666089,0.3055540297998752,0.2348402345340358,A,0.45674995814189445,0.29605557622887574,0.24719446562922992,A,False,False,False,True,0,1564,3,清水,鹿島,D,2025-08-30,0,13,13,1.0,A,D,H,0.45674995814189445,0.29605557622887574,0.24719446562922992,0.1606943819130187,0.7528055343707702,0.968269975085519,0.2681265198163052,False,True,1
32424,2025-08-31,清水,鹿島,D,清水,鹿島,0.454846106459098,0.2897232738482093,0.2554306196926927,A,0.459605735666089,0.3055540297998752,0.2348402345340358,A,0.45674995814189445,0.29605557622887574,0.24719446562922992,A,False,False,False,True,0,1564,8,清水,鹿島,D,2025-08-30,0,13,13,1.0,A,D,H,0.45674995814189445,0.29605557622887574,0.24719446562922992,0.1606943819130187,0.7528055343707702,0.968269975085519,0.2681265198163052,False,True,2
32422,2025-08-30,京都,岡山,H,京都,岡山,0.3211818041947962,0.3771269630873169,0.3016912327178868,D,0.2315463253781718,0.4763181909396894,0.2921354836821387,D,0.2853276126681465,0.4168034542282659,0.2978689331035876,D,False,False,False,True,0,1564,1,京都,岡山,H,2025-08-30,0,13,13,1.0,D,H,A,0.4168034542282659,0.2978689331035876,0.2853276126681465,0.11893452112467834,0.7146723873318535,0.9861035124206147,0.23196793431223417,False,True,3
32422,2025-08-30,京都,岡山,H,京都,岡山,0.3211818041947962,0.3771269630873169,0.3016912327178868,D,0.2315463253781718,0.4763181909396894,0.2921354836821387,D,0.2853276126681465,0.4168034542282659,0.2978689331035876,D,False,False,False,True,0,1564,6,京都,岡山,H,2025-08-30,0,13,13,1.0,D,H,A,0.4168034542282659,0.2978689331035876,0.2853276126681465,0.11893452112467834,0.7146723873318535,0.9861035124206147,0.23196793431223417,False,True,4
32423,2025-08-30,神戸,横浜FM,H,神戸,横浜fm,0.3641945340578748,0.2439237449681202,0.3918817209740049,H,0.3895035028305749,0.1209970010736804,0.4894994960957447,H,0.3743181215669549,0.1947530474103443,0.4309288310227008,H,True,True,True,True,0,1564,2,神戸,横浜FM,H,2025-08-30,0,13,13,1.0,H,A,D,0.4309288310227008,0.3743181215669549,0.1947530474103443,0.05661070945574592,0.8052469525896557,0.9550276192169846,0.2227261984263295,True,True,5
32423,2025-08-30,神戸,横浜FM,H,神戸,横浜fm,0.3641945340578748,0.2439237449681202,0.3918817209740049,H,0.3895035028305749,0.1209970010736804,0.4894994960957447,H,0.3743181215669549,0.1947530474103443,0.4309288310227008,H,True,True,True,True,0,1564,7,神戸,横浜FM,H,2025-08-30,0,13,13,1.0,H,A,D,0.4309288310227008,0.3743181215669549,0.1947530474103443,0.05661070945574592,0.8052469525896557,0.9550276192169846,0.2227261984263295,True,True,6
31804,2025-08-30,山形,鳥栖,H,山形,鳥栖,0.3937402860212384,0.3073678409560012,0.2988918730227604,A,0.426600647719377,0.3417733358743458,0.2316260164062772,A,0.4068844307004938,0.321130038923339,0.2719855303761671,A,False,False,False,True,0,1564,12,山形,鳥栖,H,2025-08-30,0,13,13,1.0,A,D,H,0.4068844307004938,0.321130038923339,0.2719855303761671,0.08575439177715477,0.7280144696238329,0.9874116230050399,0.2156297063362184,False,False,7
32428,2025-08-31,湘南,G大阪,A,湘南,g大阪,0.3382721480198792,0.35021054070322,0.3115173112769006,D,0.4611629190154536,0.2472045180291387,0.2916325629554077,A,0.38742845641810897,0.30900813163358753,0.30356341194830355,A,False,True,True,False,0,1564,5,湘南,G大阪,A,2025-08-30,0,13,13,1.0,A,D,H,0.38742845641810897,0.30900813163358753,0.30356341194830355,0.07842032478452143,0.6964365880516965,0.9941286354260285,0.20296419197752583,True,True,8
32428,2025-08-31,湘南,G大阪,A,湘南,g大阪,0.3382721480198792,0.35021054070322,0.3115173112769006,D,0.4611629190154536,0.2472045180291387,0.2916325629554077,A,0.38742845641810897,0.30900813163358753,0.30356341194830355,A,False,True,True,False,0,1564,10,湘南,G大阪,A,2025-08-30,0,13,13,1.0,A,D,H,0.38742845641810897,0.30900813163358753,0.30356341194830355,0.07842032478452143,0.6964365880516965,0.9941286354260285,0.20296419197752583,True,True,9
32426,2025-08-31,柏,福岡,H,柏,福岡,0.3820012364188464,0.309147902649026,0.3088508609321276,A,0.3657025812723569,0.340958662367095,0.293338756360548,A,0.3754817743602507,0.32187220653625365,0.30264601910349576,A,False,False,False,True,0,1564,4,柏,福岡,H,2025-08-30,0,13,13,1.0,A,D,H,0.3754817743602507,0.32187220653625365,0.30264601910349576,0.05360956782399706,0.6973539808965044,0.9961620786982555,0.18849773146086068,False,False,10
32426,2025-08-31,柏,福岡,H,柏,福岡,0.3820012364188464,0.309147902649026,0.3088508609321276,A,0.3657025812723569,0.340958662367095,0.293338756360548,A,0.3754817743602507,0.32187220653625365,0.30264601910349576,A,False,False,False,True,0,1564,9,柏,福岡,H,2025-08-30,0,13,13,1.0,A,D,H,0.3754817743602507,0.32187220653625365,0.30264601910349576,0.05360956782399706,0.6973539808965044,0.9961620786982555,0.18849773146086068,False,False,11
31803,2025-08-30,富山,熊本,A,富山,熊本,0.2663750862682595,0.3733840208220594,0.3602408929096811,D,0.2185850829885995,0.4087131781320504,0.37270173887935,D,0.2472590849563955,0.3875156837460558,0.3652252312975487,D,False,False,False,True,0,1564,13,富山,熊本,A,2025-08-30,0,13,13,1.0,D,H,A,0.3875156837460558,0.3652252312975487,0.2472590849563955,0.02229045244850708,0.7527409150436044,0.983726495731046,0.18543841689649337,False,False,12
31806,2025-08-30,徳島,秋田,D,徳島,秋田,0.2849529606871585,0.3870060431683785,0.3280409961444629,D,0.3180152672115119,0.3535761274518653,0.3284086053366227,D,0.29817788329689987,0.37363407688177325,0.32818803982132694,D,True,True,True,True,0,1564,11,徳島,秋田,D,2025-08-30,0,13,13,1.0,D,H,A,0.37363407688177325,0.32818803982132694,0.29817788329689987,0.04544603706044631,0.7018221167031002,0.9960803284346891,0.18482538188101635,True,True,13
32091,2025-09-06,ヴァンラーレ八戸,アスルクラロ沼津,H,八戸,沼津,0.2522204504878264,0.2849144989962276,0.4628650505159458,H,0.1556808345660594,0.2143359126784281,0.6299832527555125,H,0.21360460411911963,0.25668306446910794,0.5297123314117725,H,True,True,True,True,0,1566,3,八戸,沼津,H,2025-09-06,0,13,13,1.0,H,D,A,0.5297123314117725,0.25668306446910794,0.21360460411911963,0.2730292669426646,0.7863953958808805,0.9242417090410178,0.3490824507570267,True,True,1
32091,2025-09-06,ヴァンラーレ八戸,アスルクラロ沼津,H,八戸,沼津,0.2522204504878264,0.2849144989962276,0.4628650505159458,H,0.1556808345660594,0.2143359126784281,0.6299832527555125,H,0.21360460411911963,0.25668306446910794,0.5297123314117725,H,True,True,True,True,0,1566,8,八戸,沼津,H,2025-09-06,0,13,13,1.0,H,D,A,0.5297123314117725,0.25668306446910794,0.21360460411911963,0.2730292669426646,0.7863953958808805,0.9242417090410178,0.3490824507570267,True,True,2
32092,2025-09-06,栃木シティ,松本山雅FC,H,栃木c,松本,0.2588816311456424,0.2246864922920364,0.5164318765623213,H,0.2778190944250928,0.1752584649612078,0.5469224406136994,H,0.2664566164574226,0.2049152813597049,0.5286281021828725,H,True,True,True,True,0,1566,1,栃木C,松本,H,2025-09-06,0,13,13,1.0,H,A,D,0.5286281021828725,0.2664566164574226,0.2049152813597049,0.2621714857254499,0.7950847186402951,0.9231722728284354,0.34500821142051297,True,True,3
32092,2025-09-06,栃木シティ,松本山雅FC,H,栃木c,松本,0.2588816311456424,0.2246864922920364,0.5164318765623213,H,0.2778190944250928,0.1752584649612078,0.5469224406136994,H,0.2664566164574226,0.2049152813597049,0.5286281021828725,H,True,True,True,True,0,1566,6,栃木C,松本,H,2025-09-06,0,13,13,1.0,H,A,D,0.5286281021828725,0.2664566164574226,0.2049152813597049,0.2621714857254499,0.7950847186402951,0.9231722728284354,0.34500821142051297,True,True,4
32096,2025-09-06,ギラヴァンツ北九州,FC岐阜,A,北九州,岐阜,0.2368704902513477,0.3025442109123589,0.4605852988362933,H,0.18663071649966,0.3136062852282016,0.4997629982721384,H,0.21677458075067263,0.30696904063869607,0.47625637861063136,H,False,False,False,True,0,1566,13,北九州,岐阜,A,2025-09-06,0,13,13,1.0,H,D,A,0.47625637861063136,0.30696904063869607,0.21677458075067263,0.1692873379719353,0.7832254192493274,0.9532439878331498,0.28291714109833155,False,False,5
32095,2025-09-06,ガイナーレ鳥取,福島ユナイテッドFC,A,鳥取,福島,0.3030143032944204,0.2904457506032968,0.4065399461022828,H,0.2648172739462536,0.2675655617688011,0.4676171642849454,H,0.2877354915551537,0.2812936750694985,0.4309708333753478,H,False,False,False,True,0,1566,4,鳥取,福島,A,2025-09-06,0,13,13,1.0,H,A,D,0.4309708333753478,0.2877354915551537,0.2812936750694985,0.1432353418201941,0.7187063249305015,0.9812115990095427,0.24782692485406593,False,True,6
32095,2025-09-06,ガイナーレ鳥取,福島ユナイテッドFC,A,鳥取,福島,0.3030143032944204,0.2904457506032968,0.4065399461022828,H,0.2648172739462536,0.2675655617688011,0.4676171642849454,H,0.2877354915551537,0.2812936750694985,0.4309708333753478,H,False,False,False,True,0,1566,9,鳥取,福島,A,2025-09-06,0,13,13,1.0,H,A,D,0.4309708333753478,0.2877354915551537,0.2812936750694985,0.1432353418201941,0.7187063249305015,0.9812115990095427,0.24782692485406593,False,True,7
32094,2025-09-06,奈良クラブ,カマタマーレ讃岐,H,奈良,讃岐,0.3340751432885708,0.3594906507415633,0.3064342059698657,D,0.3056906230089214,0.453803378161854,0.2405059988292245,D,0.32272133517671114,0.3972157417096797,0.28006292311360925,D,False,False,False,True,0,1566,2,奈良,讃岐,H,2025-09-06,0,13,13,1.0,D,A,H,0.3972157417096797,0.32272133517671114,0.28006292311360925,0.07449440653296857,0.7199370768863909,0.990498738160196,0.2067203784238557,False,False,8
32094,2025-09-06,奈良クラブ,カマタマーレ讃岐,H,奈良,讃岐,0.3340751432885708,0.3594906507415633,0.3064342059698657,D,0.3056906230089214,0.453803378161854,0.2405059988292245,D,0.32272133517671114,0.3972157417096797,0.28006292311360925,D,False,False,False,True,0,1566,7,奈良,讃岐,H,2025-09-06,0,13,13,1.0,D,A,H,0.3972157417096797,0.32272133517671114,0.28006292311360925,0.07449440653296857,0.7199370768863909,0.990498738160196,0.2067203784238557,False,False,9
32099,2025-09-06,FC琉球,群馬,H,琉球,群馬,0.346771645239012,0.3689539882762889,0.284274366484699,D,0.28054403873358,0.3821182869187498,0.3373376743476702,D,0.3202806026368392,0.3742197077332733,0.3054996896298875,D,False,False,False,True,0,1566,12,琉球,群馬,H,2025-09-06,0,13,13,1.0,D,A,H,0.3742197077332733,0.3202806026368392,0.3054996896298875,0.05393910509643407,0.6945003103701125,0.9964813096811168,0.18798129332750155,False,False,10
32093,2025-09-06,SC相模原,AC長野パルセイロ,H,相模原,長野,0.3226100834203192,0.3385037840061372,0.3388861325735436,H,0.3417322180913836,0.4261313402702222,0.2321364416383942,D,0.330258937288745,0.3735548065117712,0.2961862561994839,D,True,False,False,False,0,1566,5,相模原,長野,H,2025-09-06,0,13,13,1.0,D,A,H,0.3735548065117712,0.330258937288745,0.2961862561994839,0.043295869223026195,0.7038137438005162,0.995903829227674,0.18407245131282143,False,False,11
32093,2025-09-06,SC相模原,AC長野パルセイロ,H,相模原,長野,0.3226100834203192,0.3385037840061372,0.3388861325735436,H,0.3417322180913836,0.4261313402702222,0.2321364416383942,D,0.330258937288745,0.3735548065117712,0.2961862561994839,D,True,False,False,False,0,1566,10,相模原,長野,H,2025-09-06,0,13,13,1.0,D,A,H,0.3735548065117712,0.330258937288745,0.2961862561994839,0.043295869223026195,0.7038137438005162,0.995903829227674,0.18407245131282143,False,False,12
32098,2025-09-06,鹿児島ユナイテッドFC,高知ユナイテッドSC,H,鹿児島,高知,0.2538724344334594,0.3839009436239336,0.3622266219426069,D,0.1984707587324003,0.3772717960482928,0.4242574452193068,H,0.23171176415303582,0.38124928459367735,0.38703895125328686,H,False,True,True,False,0,1566,11,鹿児島,高知,H,2025-09-06,0,13,13,1.0,H,D,A,0.38703895125328686,0.38124928459367735,0.23171176415303582,0.005789666659609505,0.7682882358469643,0.977461701101014,0.1807015711746396,True,True,13
32434,2025-09-13,横浜FM,川崎F,A,横浜fm,川崎f,0.252737933489866,0.2778231640627874,0.4694389024473466,H,0.2057605947889691,0.2545029697158044,0.5397364354952265,H,0.2339469980095073,0.2684950863239942,0.4975579156664985,H,False,False,False,True,0,1568,1,横浜FM,川崎F,A,2025-09-13,0,13,13,1.0,H,D,A,0.4975579156664985,0.2684950863239942,0.2339469980095073,0.22906282934250427,0.7660530019904928,0.9468425494287398,0.3147045424340528,False,False,1
32434,2025-09-13,横浜FM,川崎F,A,横浜fm,川崎f,0.252737933489866,0.2778231640627874,0.4694389024473466,H,0.2057605947889691,0.2545029697158044,0.5397364354952265,H,0.2339469980095073,0.2684950863239942,0.4975579156664985,H,False,False,False,True,0,1568,6,横浜FM,川崎F,A,2025-09-13,0,13,13,1.0,H,D,A,0.4975579156664985,0.2684950863239942,0.2339469980095073,0.22906282934250427,0.7660530019904928,0.9468425494287398,0.3147045424340528,False,False,2
31815,2025-09-13,藤枝MYFC,大分,D,藤枝,大分,0.4358333518201569,0.2708859020370363,0.2932807461428068,A,0.4682445650399223,0.2851950488187978,0.2465603861412799,A,0.4487978371080631,0.2766095607497409,0.274592602142196,A,False,False,False,True,0,1568,5,藤枝,大分,D,2025-09-13,0,13,13,1.0,A,D,H,0.4487978371080631,0.2766095607497409,0.274592602142196,0.17218827635832218,0.725407397857804,0.9739151843790173,0.2674418865482377,False,True,3
31815,2025-09-13,藤枝MYFC,大分,D,藤枝,大分,0.4358333518201569,0.2708859020370363,0.2932807461428068,A,0.4682445650399223,0.2851950488187978,0.2465603861412799,A,0.4487978371080631,0.2766095607497409,0.274592602142196,A,False,False,False,True,0,1568,10,藤枝,大分,D,2025-09-13,0,13,13,1.0,A,D,H,0.4487978371080631,0.2766095607497409,0.274592602142196,0.17218827635832218,0.725407397857804,0.9739151843790173,0.2674418865482377,False,True,4
31818,2025-09-14,レノファ山口FC,千葉,H,山口,千葉,0.3381766311314194,0.3551436746294835,0.3066796942390972,D,0.2103401481003927,0.5247599289105768,0.2648999229890305,D,0.2870420379190087,0.4229901763419208,0.2899677857390705,D,False,False,False,True,0,1568,4,山口,千葉,H,2025-09-13,0,13,13,1.0,D,H,A,0.4229901763419208,0.2899677857390705,0.2870420379190087,0.13302239060285032,0.7129579620809914,0.9841362010177868,0.24007617586130464,False,True,5
31818,2025-09-14,レノファ山口FC,千葉,H,山口,千葉,0.3381766311314194,0.3551436746294835,0.3066796942390972,D,0.2103401481003927,0.5247599289105768,0.2648999229890305,D,0.2870420379190087,0.4229901763419208,0.2899677857390705,D,False,False,False,True,0,1568,9,山口,千葉,H,2025-09-13,0,13,13,1.0,D,H,A,0.4229901763419208,0.2899677857390705,0.2870420379190087,0.13302239060285032,0.7129579620809914,0.9841362010177868,0.24007617586130464,False,True,6
31817,2025-09-14,山形,富山,H,山形,富山,0.2702963148025326,0.426493860827384,0.3032098243700833,D,0.1622100791476682,0.4557498907032299,0.382040030149102,D,0.2270618205405868,0.4381962727777224,0.3347419066816908,D,False,False,False,True,0,1568,11,山形,富山,H,2025-09-13,0,13,13,1.0,D,H,A,0.4381962727777224,0.3347419066816908,0.2270618205405868,0.10345436609603159,0.7729381794594132,0.9689654067712906,0.23960426952932803,False,True,7
31820,2025-09-13,仙台,水戸,D,仙台,水戸,0.2948275605093204,0.2881677569774786,0.4170046825132011,H,0.3112905000072549,0.2895968178950079,0.3991126820977371,H,0.3014127363084942,0.2887393813444903,0.4098478823470155,H,False,False,False,True,0,1568,2,仙台,水戸,D,2025-09-13,0,13,13,1.0,H,A,D,0.4098478823470155,0.3014127363084942,0.2887393813444903,0.10843514603852134,0.7112606186555097,0.988273417404481,0.22472916468874327,False,False,8
31820,2025-09-13,仙台,水戸,D,仙台,水戸,0.2948275605093204,0.2881677569774786,0.4170046825132011,H,0.3112905000072549,0.2895968178950079,0.3991126820977371,H,0.3014127363084942,0.2887393813444903,0.4098478823470155,H,False,False,False,True,0,1568,7,仙台,水戸,D,2025-09-13,0,13,13,1.0,H,A,D,0.4098478823470155,0.3014127363084942,0.2887393813444903,0.10843514603852134,0.7112606186555097,0.988273417404481,0.22472916468874327,False,False,9
31816,2025-09-14,秋田,愛媛FC,H,秋田,愛媛,0.321538805640257,0.3001334961406792,0.3783276982190637,H,0.2922878067612581,0.3130114059881495,0.3947007872505924,H,0.3098384060886575,0.3052846600796673,0.3848769338316752,H,True,True,True,True,0,1568,3,秋田,愛媛,H,2025-09-13,0,13,13,1.0,H,A,D,0.3848769338316752,0.3098384060886575,0.3052846600796673,0.07503852774301772,0.6947153399203327,0.9946686392203808,0.2005243770902339,True,True,10
31816,2025-09-14,秋田,愛媛FC,H,秋田,愛媛,0.321538805640257,0.3001334961406792,0.3783276982190637,H,0.2922878067612581,0.3130114059881495,0.3947007872505924,H,0.3098384060886575,0.3052846600796673,0.3848769338316752,H,True,True,True,True,0,1568,8,秋田,愛媛,H,2025-09-13,0,13,13,1.0,H,A,D,0.3848769338316752,0.3098384060886575,0.3052846600796673,0.07503852774301772,0.6947153399203327,0.9946686392203808,0.2005243770902339,True,True,11
31812,2025-09-13,大宮,V・ファーレン長崎,A,大宮,長崎,0.2741520908389219,0.33830031991039,0.3875475892506881,H,0.1819735113358654,0.4257505859547894,0.3922759027093452,D,0.23728065903769932,0.37328042632814973,0.389438914634151,H,False,False,False,False,0,1568,13,大宮,長崎,A,2025-09-13,0,13,13,1.0,H,D,A,0.389438914634151,0.37328042632814973,0.23728065903769932,0.01615848830600125,0.7627193409623008,0.9798094133652171,0.18494109981942497,False,False,12
31813,2025-09-13,甲府,鳥栖,A,甲府,鳥栖,0.3165603046370666,0.3382010163589625,0.3452386790039709,H,0.3237167663377863,0.4173449554884842,0.2589382781737294,D,0.3194228893173545,0.3698585920107712,0.3107185186718743,D,False,False,False,False,0,1568,12,甲府,鳥栖,A,2025-09-13,0,13,13,1.0,D,A,H,0.3698585920107712,0.3194228893173545,0.3107185186718743,0.050435702693416684,0.6892814813281257,0.9972590052594212,0.18463706129565863,False,True,13
31826,2025-09-20,徳島,札幌,A,徳島,札幌,0.4677813862469808,0.2598275787782242,0.2723910349747949,A,0.536148892626514,0.2121994438223626,0.2516516635511234,A,0.4951283887987941,0.2407763247958796,0.2640952864053263,A,True,True,True,True,0,1570,4,徳島,札幌,A,2025-09-20,0,13,13,1.0,A,H,D,0.4951283887987941,0.2640952864053263,0.2407763247958796,0.2310331023934678,0.7592236752041204,0.9489347066279804,0.313882419471575,True,True,1
31826,2025-09-20,徳島,札幌,A,徳島,札幌,0.4677813862469808,0.2598275787782242,0.2723910349747949,A,0.536148892626514,0.2121994438223626,0.2516516635511234,A,0.4951283887987941,0.2407763247958796,0.2640952864053263,A,True,True,True,True,0,1570,9,徳島,札幌,A,2025-09-20,0,13,13,1.0,A,H,D,0.4951283887987941,0.2640952864053263,0.2407763247958796,0.2310331023934678,0.7592236752041204,0.9489347066279804,0.313882419471575,True,True,2
32442,2025-09-20,東京V,岡山,H,東京v,岡山,0.4124051168093042,0.2628967886825167,0.3246980945081791,A,0.4716988998381679,0.3004566142799603,0.2278444858818718,A,0.4361226300208497,0.27792071892149417,0.28595665105765616,A,False,False,False,True,0,1570,1,東京V,岡山,H,2025-09-20,0,13,13,1.0,A,H,D,0.4361226300208497,0.28595665105765616,0.27792071892149417,0.15016597896319356,0.7220792810785059,0.9791961699151013,0.25297404216347985,False,True,3
32442,2025-09-20,東京V,岡山,H,東京v,岡山,0.4124051168093042,0.2628967886825167,0.3246980945081791,A,0.4716988998381679,0.3004566142799603,0.2278444858818718,A,0.4361226300208497,0.27792071892149417,0.28595665105765616,A,False,False,False,True,0,1570,6,東京V,岡山,H,2025-09-20,0,13,13,1.0,A,H,D,0.4361226300208497,0.28595665105765616,0.27792071892149417,0.15016597896319356,0.7220792810785059,0.9791961699151013,0.25297404216347985,False,True,4
31824,2025-09-20,甲府,秋田,D,甲府,秋田,0.3001279700182735,0.3088301743716911,0.3910418556100354,H,0.2220006975723834,0.3227656282943131,0.4552336741333034,H,0.2688770610399175,0.3144043559407399,0.4167185830193426,H,False,False,False,True,0,1570,13,甲府,秋田,D,2025-09-20,0,13,13,1.0,H,D,A,0.4167185830193426,0.3144043559407399,0.2688770610399175,0.10231422707860272,0.7311229389600825,0.9846349010820251,0.2264063616198101,False,True,5
32444,2025-09-20,横浜FM,福岡,H,横浜fm,福岡,0.2517713599756888,0.3552604528804284,0.3929681871438827,H,0.1770361858977489,0.5167894533792864,0.3061743607229648,D,0.2218772903445128,0.4198720530799716,0.3582506565755156,D,True,False,False,False,0,1570,2,横浜FM,福岡,H,2025-09-20,0,13,13,1.0,D,H,A,0.4198720530799716,0.3582506565755156,0.2218772903445128,0.06162139650445603,0.7781227096554872,0.9704832001266419,0.21641327263721846,False,True,6
32444,2025-09-20,横浜FM,福岡,H,横浜fm,福岡,0.2517713599756888,0.3552604528804284,0.3929681871438827,H,0.1770361858977489,0.5167894533792864,0.3061743607229648,D,0.2218772903445128,0.4198720530799716,0.3582506565755156,D,True,False,False,False,0,1570,7,横浜FM,福岡,H,2025-09-20,0,13,13,1.0,D,H,A,0.4198720530799716,0.3582506565755156,0.2218772903445128,0.06162139650445603,0.7781227096554872,0.9704832001266419,0.21641327263721846,False,True,7
31822,2025-09-20,いわきFC,水戸,D,いわき,水戸,0.3847530205909286,0.3306003478853607,0.2846466315237106,A,0.4240411462815495,0.3103550744922058,0.2656037792262446,A,0.400468270867177,0.32250223852809884,0.27702949060472426,A,False,False,False,True,0,1570,5,いわき,水戸,D,2025-09-20,0,13,13,1.0,A,D,H,0.400468270867177,0.32250223852809884,0.27702949060472426,0.07796603233907817,0.7229705093952759,0.9894652291698306,0.2096057873749409,False,True,8
31822,2025-09-20,いわきFC,水戸,D,いわき,水戸,0.3847530205909286,0.3306003478853607,0.2846466315237106,A,0.4240411462815495,0.3103550744922058,0.2656037792262446,A,0.400468270867177,0.32250223852809884,0.27702949060472426,A,False,False,False,True,0,1570,10,いわき,水戸,D,2025-09-20,0,13,13,1.0,A,D,H,0.400468270867177,0.32250223852809884,0.27702949060472426,0.07796603233907817,0.7229705093952759,0.9894652291698306,0.2096057873749409,False,True,9
31827,2025-09-20,愛媛FC,千葉,A,愛媛,千葉,0.3552204329011855,0.3311294616653181,0.3136501054334962,A,0.2722750935199983,0.4614028034792549,0.2663221030007469,D,0.32204229714871063,0.38323879839089287,0.29471890446039656,D,True,False,False,False,0,1570,11,愛媛,千葉,A,2025-09-20,0,13,13,1.0,D,A,H,0.38323879839089287,0.32204229714871063,0.29471890446039656,0.06119650124218223,0.7052810955396035,0.9944621096935028,0.194983812771965,False,True,10
31821,2025-09-20,仙台,山形,H,仙台,山形,0.3082581387791056,0.3186858241611965,0.373056037059698,H,0.3256385640759919,0.2960504666057468,0.3783109693182613,H,0.3152103088978601,0.3096316811390166,0.3751580099631233,H,True,True,True,True,0,1570,12,仙台,山形,H,2025-09-20,0,13,13,1.0,H,A,D,0.3751580099631233,0.3152103088978601,0.3096316811390166,0.059947701065263204,0.6903683188609835,0.9964629668902555,0.19051020647819653,True,True,11
32447,2025-09-20,京都,清水,A,京都,清水,0.331410322840489,0.318790755110919,0.3497989220485919,H,0.3414140708367711,0.3968717225221736,0.2617142066410552,D,0.33541182203900183,0.35002314207542085,0.31456503588557727,D,False,False,False,False,0,1570,3,京都,清水,A,2025-09-20,0,13,13,1.0,D,A,H,0.35002314207542085,0.33541182203900183,0.31456503588557727,0.014611320036419018,0.6854349641144226,0.9991297507298311,0.16279842580071982,False,True,12
32447,2025-09-20,京都,清水,A,京都,清水,0.331410322840489,0.318790755110919,0.3497989220485919,H,0.3414140708367711,0.3968717225221736,0.2617142066410552,D,0.33541182203900183,0.35002314207542085,0.31456503588557727,D,False,False,False,False,0,1570,8,京都,清水,A,2025-09-20,0,13,13,1.0,D,A,H,0.35002314207542085,0.33541182203900183,0.31456503588557727,0.014611320036419018,0.6854349641144226,0.9991297507298311,0.16279842580071982,False,True,13
31838,2025-09-28,秋田,V・ファーレン長崎,D,秋田,長崎,0.420262526452919,0.3265535335924562,0.2531839399546247,A,0.6025692899037728,0.2800536723138845,0.1173770377823427,A,0.49318523183326063,0.30795358908102755,0.19886117908571185,A,False,False,False,True,0,1572,11,秋田,長崎,D,2025-09-27,0,13,13,1.0,A,D,H,0.49318523183326063,0.30795358908102755,0.19886117908571185,0.18523164275223308,0.8011388209142882,0.9398383904511516,0.2987967511980185,False,True,1
32461,2025-09-28,FC東京,横浜FM,A,fc東京,横浜fm,0.3121225622698111,0.2447245724622813,0.4431528652679076,H,0.3399498371517783,0.1566092455573192,0.5034409172909025,H,0.32325347222259804,0.20947844170029645,0.4672680860771056,H,False,False,False,True,0,1572,3,FC東京,横浜FM,A,2025-09-27,0,13,13,1.0,H,A,D,0.4672680860771056,0.32325347222259804,0.20947844170029645,0.1440146138545076,0.7905215582997036,0.9539498407873419,0.2698857854263068,False,True,2
32461,2025-09-28,FC東京,横浜FM,A,fc東京,横浜fm,0.3121225622698111,0.2447245724622813,0.4431528652679076,H,0.3399498371517783,0.1566092455573192,0.5034409172909025,H,0.32325347222259804,0.20947844170029645,0.4672680860771056,H,False,False,False,True,0,1572,8,FC東京,横浜FM,A,2025-09-27,0,13,13,1.0,H,A,D,0.4672680860771056,0.32325347222259804,0.20947844170029645,0.1440146138545076,0.7905215582997036,0.9539498407873419,0.2698857854263068,False,True,3
32464,2025-09-28,川崎F,柏,D,川崎f,柏,0.2656278898617879,0.3030557466074503,0.4313163635307618,H,0.2097382620490974,0.2992407007413968,0.4910210372095058,H,0.2432720387367117,0.3015297282610289,0.4551982330022594,H,False,False,False,True,0,1572,4,川崎F,柏,D,2025-09-27,0,13,13,1.0,H,D,A,0.4551982330022594,0.3015297282610289,0.2432720387367117,0.1536685047412305,0.7567279612632883,0.9681617387974646,0.2649908337509545,False,True,4
32464,2025-09-28,川崎F,柏,D,川崎f,柏,0.2656278898617879,0.3030557466074503,0.4313163635307618,H,0.2097382620490974,0.2992407007413968,0.4910210372095058,H,0.2432720387367117,0.3015297282610289,0.4551982330022594,H,False,False,False,True,0,1572,9,川崎F,柏,D,2025-09-27,0,13,13,1.0,H,D,A,0.4551982330022594,0.3015297282610289,0.2432720387367117,0.1536685047412305,0.7567279612632883,0.9681617387974646,0.2649908337509545,False,True,5
32465,2025-09-28,横浜FC,湘南,H,横浜fc,湘南,0.3852415942283441,0.2853870409225389,0.329371364849117,A,0.4647217424505476,0.2849864545576364,0.2502918029918161,A,0.4170336535172255,0.2852268063765779,0.2977395401061966,A,False,False,False,True,0,1572,2,横浜FC,湘南,H,2025-09-27,0,13,13,1.0,A,H,D,0.4170336535172255,0.2977395401061966,0.2852268063765779,0.11929411341102891,0.7147731936234221,0.986029069649947,0.23221226984662222,False,True,6
32465,2025-09-28,横浜FC,湘南,H,横浜fc,湘南,0.3852415942283441,0.2853870409225389,0.329371364849117,A,0.4647217424505476,0.2849864545576364,0.2502918029918161,A,0.4170336535172255,0.2852268063765779,0.2977395401061966,A,False,False,False,True,0,1572,7,横浜FC,湘南,H,2025-09-27,0,13,13,1.0,A,H,D,0.4170336535172255,0.2977395401061966,0.2852268063765779,0.11929411341102891,0.7147731936234221,0.986029069649947,0.23221226984662222,False,True,7
32467,2025-09-27,G大阪,新潟,H,g大阪,新潟,0.2764800435374361,0.2980203973736729,0.425499559088891,H,0.3057233057730636,0.2986490501161591,0.3956276441107773,H,0.2881773484316871,0.2982718584706674,0.4135507930976455,H,True,True,True,True,0,1572,1,G大阪,新潟,H,2025-09-27,0,13,13,1.0,H,D,A,0.4135507930976455,0.2982718584706674,0.2881773484316871,0.11527893462697808,0.7118226515683128,0.9871850312433768,0.22900847776470742,True,True,8
32467,2025-09-27,G大阪,新潟,H,g大阪,新潟,0.2764800435374361,0.2980203973736729,0.425499559088891,H,0.3057233057730636,0.2986490501161591,0.3956276441107773,H,0.2881773484316871,0.2982718584706674,0.4135507930976455,H,True,True,True,True,0,1572,6,G大阪,新潟,H,2025-09-27,0,13,13,1.0,H,D,A,0.4135507930976455,0.2982718584706674,0.2881773484316871,0.11527893462697808,0.7118226515683128,0.9871850312433768,0.22900847776470742,True,True,9
31840,2025-09-28,富山,徳島,A,富山,徳島,0.3800346533871564,0.3418670213049757,0.2780983253078679,A,0.2578236711143498,0.5312553859401546,0.2109209429454956,D,0.3311502604780337,0.4176223671590473,0.251227372362919,D,True,False,False,False,0,1572,12,富山,徳島,A,2025-09-27,0,13,13,1.0,D,A,H,0.4176223671590473,0.3311502604780337,0.251227372362919,0.08647210668101363,0.748772627637081,0.9809510646034884,0.22200508963922838,False,True,10
32468,2025-09-28,C大阪,京都,A,c大阪,京都,0.3426203451200671,0.2953629656586757,0.3620166892212572,H,0.4791626308448231,0.237569254355944,0.2832681147992328,A,0.3972372594099695,0.272245481137583,0.3305172594524474,A,False,True,True,False,0,1572,5,C大阪,京都,A,2025-09-27,0,13,13,1.0,A,H,D,0.3972372594099695,0.3305172594524474,0.272245481137583,0.06671999995752209,0.7277545188624169,0.9893005590810506,0.2042486549034089,True,True,11
32468,2025-09-28,C大阪,京都,A,c大阪,京都,0.3426203451200671,0.2953629656586757,0.3620166892212572,H,0.4791626308448231,0.237569254355944,0.2832681147992328,A,0.3972372594099695,0.272245481137583,0.3305172594524474,A,False,True,True,False,0,1572,10,C大阪,京都,A,2025-09-27,0,13,13,1.0,A,H,D,0.3972372594099695,0.3305172594524474,0.272245481137583,0.06671999995752209,0.7277545188624169,0.9893005590810506,0.2042486549034089,True,True,12
31836,2025-09-27,FC今治,鳥栖,D,今治,鳥栖,0.3086971503789794,0.2885640845608668,0.4027387650601537,H,0.381467358729898,0.3119234141947579,0.3066092270753441,A,0.3378052337193469,0.2979078164144232,0.3642869498662299,H,False,False,False,False,0,1572,13,今治,鳥栖,D,2025-09-27,0,13,13,1.0,H,A,D,0.3642869498662299,0.3378052337193469,0.2979078164144232,0.026481716146882994,0.7020921835855768,0.996925713766003,0.1738125853380119,False,False,13
32472,2025-10-05,鹿島,G大阪,D,鹿島,g大阪,0.3186928771887793,0.1981703349028318,0.4831367879083888,H,0.363241941066979,0.1603861935730641,0.4763718653599568,H,0.33651250274005917,0.18305667837092474,0.4804308188890161,H,False,False,False,True,0,1574,4,鹿島,G大阪,D,2025-10-04,0,13,13,1.0,H,A,D,0.4804308188890161,0.33651250274005917,0.18305667837092474,0.14391831614895695,0.8169433216290753,0.9371055803974288,0.27914416307270645,False,False,1
32472,2025-10-05,鹿島,G大阪,D,鹿島,g大阪,0.3186928771887793,0.1981703349028318,0.4831367879083888,H,0.363241941066979,0.1603861935730641,0.4763718653599568,H,0.33651250274005917,0.18305667837092474,0.4804308188890161,H,False,False,False,True,0,1574,9,鹿島,G大阪,D,2025-10-04,0,13,13,1.0,H,A,D,0.4804308188890161,0.33651250274005917,0.18305667837092474,0.14391831614895695,0.8169433216290753,0.9371055803974288,0.27914416307270645,False,False,2
31847,2025-10-05,徳島,FC今治,H,徳島,今治,0.2521934880206903,0.3162937350262522,0.4315127769530575,H,0.178589101942249,0.318019686665103,0.5033912113926481,H,0.22275173358931372,0.3169841156817926,0.46026415072889376,H,True,True,True,True,0,1574,11,徳島,今治,H,2025-10-04,0,13,13,1.0,H,D,A,0.46026415072889376,0.3169841156817926,0.22275173358931372,0.14328003504710118,0.7772482664106863,0.9610615594691413,0.26505456820065937,True,True,3
31841,2025-10-04,札幌,山形,A,札幌,山形,0.2656981718146402,0.2880256588945021,0.4462761692908576,H,0.1907535765767701,0.3472712188633013,0.4619752045599285,H,0.2357203337194922,0.3117238828820218,0.452555783398486,H,False,False,False,True,0,1574,13,札幌,山形,A,2025-10-04,0,13,13,1.0,H,D,A,0.452555783398486,0.3117238828820218,0.2357203337194922,0.14083190051646421,0.7642796662805078,0.9674067207142936,0.2594599235672225,False,False,4
32477,2025-10-04,名古屋,C大阪,H,名古屋,c大阪,0.2975606071368035,0.3077094665941008,0.3947299262690957,H,0.2543866290224863,0.2572934487632389,0.4883199222142747,H,0.28029101589107663,0.28754305946175607,0.43216592464716735,H,True,True,True,True,0,1574,1,名古屋,C大阪,H,2025-10-04,0,13,13,1.0,H,D,A,0.43216592464716735,0.28754305946175607,0.28029101589107663,0.1446228651854113,0.7197089841089235,0.9807482626968929,0.2489430163667407,True,True,5
32477,2025-10-04,名古屋,C大阪,H,名古屋,c大阪,0.2975606071368035,0.3077094665941008,0.3947299262690957,H,0.2543866290224863,0.2572934487632389,0.4883199222142747,H,0.28029101589107663,0.28754305946175607,0.43216592464716735,H,True,True,True,True,0,1574,6,名古屋,C大阪,H,2025-10-04,0,13,13,1.0,H,D,A,0.43216592464716735,0.28754305946175607,0.28029101589107663,0.1446228651854113,0.7197089841089235,0.9807482626968929,0.2489430163667407,True,True,6
31845,2025-10-05,秋田,大分,D,秋田,大分,0.3214831702237137,0.3034430342845247,0.3750737954917615,H,0.3035666765994721,0.2330283086519046,0.4634050147486233,H,0.3143165727740171,0.2752771440314767,0.4104062831945062,H,False,False,False,True,0,1574,5,秋田,大分,D,2025-10-04,0,13,13,1.0,H,A,D,0.4104062831945062,0.3143165727740171,0.2752771440314767,0.09608971042048914,0.7247228559685233,0.9870523800496713,0.22090375007476476,False,False,7
31845,2025-10-05,秋田,大分,D,秋田,大分,0.3214831702237137,0.3034430342845247,0.3750737954917615,H,0.3035666765994721,0.2330283086519046,0.4634050147486233,H,0.3143165727740171,0.2752771440314767,0.4104062831945062,H,False,False,False,True,0,1574,10,秋田,大分,D,2025-10-04,0,13,13,1.0,H,A,D,0.4104062831945062,0.3143165727740171,0.2752771440314767,0.09608971042048914,0.7247228559685233,0.9870523800496713,0.22090375007476476,False,False,8
31849,2025-10-05,熊本,いわきFC,A,熊本,いわき,0.366017726383317,0.3180387652414634,0.3159435083752194,A,0.4260010225478084,0.2554081076612492,0.3185908697909423,A,0.3900110448491136,0.2929865022093778,0.3170024529415086,A,True,True,True,True,0,1574,12,熊本,いわき,A,2025-10-04,0,13,13,1.0,A,H,D,0.3900110448491136,0.3170024529415086,0.2929865022093778,0.073008591907605,0.7070134977906222,0.9931549765837988,0.20242698203300313,True,True,9
32473,2025-10-04,浦和,神戸,H,浦和,神戸,0.3396769678387581,0.3169465705909058,0.3433764615703359,H,0.3358584019970279,0.2770531685691728,0.3870884294337994,H,0.33814954150206605,0.30098920978221266,0.36086124871572134,H,True,True,True,True,0,1574,3,浦和,神戸,H,2025-10-04,0,13,13,1.0,H,A,D,0.36086124871572134,0.33814954150206605,0.30098920978221266,0.022711707213655286,0.6990107902177873,0.9974842520329762,0.1708398090402587,True,True,10
32473,2025-10-04,浦和,神戸,H,浦和,神戸,0.3396769678387581,0.3169465705909058,0.3433764615703359,H,0.3358584019970279,0.2770531685691728,0.3870884294337994,H,0.33814954150206605,0.30098920978221266,0.36086124871572134,H,True,True,True,True,0,1574,8,浦和,神戸,H,2025-10-04,0,13,13,1.0,H,A,D,0.36086124871572134,0.33814954150206605,0.30098920978221266,0.022711707213655286,0.6990107902177873,0.9974842520329762,0.1708398090402587,True,True,11
32480,2025-10-04,福岡,横浜FC,H,福岡,横浜fc,0.3100254399002836,0.3476301581376689,0.3423444019620474,D,0.2612948552972722,0.3763991213712948,0.3623060233314329,D,0.29053320605907906,0.35913774343111926,0.35032905050980173,D,False,False,False,True,0,1574,2,福岡,横浜FC,H,2025-10-04,0,13,13,1.0,D,H,A,0.35913774343111926,0.35032905050980173,0.29053320605907906,0.008808692921317529,0.7094667939409209,0.9961099565020357,0.16547303576605765,False,True,12
32480,2025-10-04,福岡,横浜FC,H,福岡,横浜fc,0.3100254399002836,0.3476301581376689,0.3423444019620474,D,0.2612948552972722,0.3763991213712948,0.3623060233314329,D,0.29053320605907906,0.35913774343111926,0.35032905050980173,D,False,False,False,True,0,1574,7,福岡,横浜FC,H,2025-10-04,0,13,13,1.0,D,H,A,0.35913774343111926,0.35032905050980173,0.29053320605907906,0.008808692921317529,0.7094667939409209,0.9961099565020357,0.16547303576605765,False,True,13
32482,2025-10-18,町田,福岡,D,町田,福岡,0.2901406736852401,0.2416385443494793,0.4682207819652805,H,0.2172001194007291,0.1407869944789609,0.6420128861203099,H,0.26096445197143575,0.20129792440127192,0.5377376236272924,H,False,False,False,True,0,1580,1,町田,福岡,D,2025-10-18,0,13,13,1.0,H,A,D,0.5377376236272924,0.26096445197143575,0.20129792440127192,0.27677317165585663,0.7987020755987282,0.9164748959999047,0.3555575615118505,False,False,1
32482,2025-10-18,町田,福岡,D,町田,福岡,0.2901406736852401,0.2416385443494793,0.4682207819652805,H,0.2172001194007291,0.1407869944789609,0.6420128861203099,H,0.26096445197143575,0.20129792440127192,0.5377376236272924,H,False,False,False,True,0,1580,6,町田,福岡,D,2025-10-18,0,13,13,1.0,H,A,D,0.5377376236272924,0.26096445197143575,0.20129792440127192,0.27677317165585663,0.7987020755987282,0.9164748959999047,0.3555575615118505,False,False,2
32484,2025-10-18,横浜FM,浦和,H,横浜fm,浦和,0.2751450669750118,0.3079424680087365,0.4169124650162517,H,0.2677068171837453,0.2667953925572892,0.4654977902589655,H,0.27216976705850526,0.29148363782815756,0.43634659511333723,H,True,True,True,True,0,1580,2,横浜FM,浦和,H,2025-10-18,0,13,13,1.0,H,D,A,0.43634659511333723,0.29148363782815756,0.27216976705850526,0.14486295728517967,0.7278302329414947,0.9788580115580338,0.25128640053920787,True,True,3
32484,2025-10-18,横浜FM,浦和,H,横浜fm,浦和,0.2751450669750118,0.3079424680087365,0.4169124650162517,H,0.2677068171837453,0.2667953925572892,0.4654977902589655,H,0.27216976705850526,0.29148363782815756,0.43634659511333723,H,True,True,True,True,0,1580,7,横浜FM,浦和,H,2025-10-18,0,13,13,1.0,H,D,A,0.43634659511333723,0.29148363782815756,0.27216976705850526,0.14486295728517967,0.7278302329414947,0.9788580115580338,0.25128640053920787,True,True,4
31856,2025-10-19,山形,熊本,D,山形,熊本,0.3770319988159884,0.2458172869726561,0.3771507142113555,H,0.5570567832133665,0.1775165462924686,0.2654266704941649,A,0.44904191257493964,0.21849699070058112,0.33246109672447927,A,False,False,False,False,0,1580,5,山形,熊本,D,2025-10-18,0,13,13,1.0,A,H,D,0.44904191257493964,0.33246109672447927,0.21849699070058112,0.11658081585046037,0.7815030092994188,0.9630036529680803,0.2502714156127679,False,False,5
31856,2025-10-19,山形,熊本,D,山形,熊本,0.3770319988159884,0.2458172869726561,0.3771507142113555,H,0.5570567832133665,0.1775165462924686,0.2654266704941649,A,0.44904191257493964,0.21849699070058112,0.33246109672447927,A,False,False,False,False,0,1580,10,山形,熊本,D,2025-10-18,0,13,13,1.0,A,H,D,0.44904191257493964,0.33246109672447927,0.21849699070058112,0.11658081585046037,0.7815030092994188,0.9630036529680803,0.2502714156127679,False,False,6
31860,2025-10-19,大分,仙台,D,大分,仙台,0.2694965761045358,0.3848049098210703,0.3456985140743939,D,0.1725342671272669,0.4736623576496256,0.3538033752231074,D,0.2307116525136282,0.4203478889524924,0.3489404585338793,D,True,True,True,True,0,1580,4,大分,仙台,D,2025-10-18,0,13,13,1.0,D,H,A,0.4203478889524924,0.3489404585338793,0.2307116525136282,0.07140743041861314,0.7692883474863716,0.9739978145999103,0.21934958775515412,True,True,7
31860,2025-10-19,大分,仙台,D,大分,仙台,0.2694965761045358,0.3848049098210703,0.3456985140743939,D,0.1725342671272669,0.4736623576496256,0.3538033752231074,D,0.2307116525136282,0.4203478889524924,0.3489404585338793,D,True,True,True,True,0,1580,9,大分,仙台,D,2025-10-18,0,13,13,1.0,D,H,A,0.4203478889524924,0.3489404585338793,0.2307116525136282,0.07140743041861314,0.7692883474863716,0.9739978145999103,0.21934958775515412,True,True,8
31854,2025-10-18,鳥栖,秋田,H,鳥栖,秋田,0.3167858799937815,0.2853903614740231,0.3978237585321954,H,0.2869124174343436,0.3111432058351467,0.4019443767305097,H,0.30483649497000637,0.29569149921847254,0.39947200581152115,H,True,True,True,True,0,1580,13,鳥栖,秋田,H,2025-10-18,0,13,13,1.0,H,A,D,0.39947200581152115,0.30483649497000637,0.29569149921847254,0.09463551084151478,0.7043085007815275,0.9912338195146966,0.2146380675067754,True,True,9
31858,2025-10-19,富山,札幌,A,富山,札幌,0.4055316034683378,0.2969153443502674,0.2975530521813948,A,0.3607224292846049,0.3351081140494936,0.3041694566659015,A,0.3876079337948446,0.3121924522299579,0.3001996139751974,A,True,True,True,True,0,1580,11,富山,札幌,A,2025-10-18,0,13,13,1.0,A,D,H,0.3876079337948446,0.3121924522299579,0.3001996139751974,0.0754154815648867,0.6998003860248025,0.9940053082103975,0.20201792711331093,True,True,10
32486,2025-10-19,湘南,京都,D,湘南,京都,0.3064599231527538,0.3512961053139423,0.3422439715333039,D,0.3329496645058017,0.4214926986432797,0.2455576368509186,D,0.3170558196939729,0.3793747426456773,0.3035694376603498,D,True,True,True,True,0,1580,3,湘南,京都,D,2025-10-18,0,13,13,1.0,D,A,H,0.3793747426456773,0.3170558196939729,0.3035694376603498,0.06231892295170438,0.6964305623396502,0.9956153945135177,0.19340717832094778,True,True,11
32486,2025-10-19,湘南,京都,D,湘南,京都,0.3064599231527538,0.3512961053139423,0.3422439715333039,D,0.3329496645058017,0.4214926986432797,0.2455576368509186,D,0.3170558196939729,0.3793747426456773,0.3035694376603498,D,True,True,True,True,0,1580,8,湘南,京都,D,2025-10-18,0,13,13,1.0,D,A,H,0.3793747426456773,0.3170558196939729,0.3035694376603498,0.06231892295170438,0.6964305623396502,0.9956153945135177,0.19340717832094778,True,True,12
31859,2025-10-19,FC今治,レノファ山口FC,D,今治,山口,0.2873137744071973,0.3433212942820969,0.3693649313107056,H,0.2416806264243504,0.3908164076921488,0.3675029658835007,D,0.2690605152140586,0.3623193396461177,0.3686201451398236,H,False,True,False,False,0,1580,12,今治,山口,D,2025-10-18,0,13,13,1.0,H,D,A,0.3686201451398236,0.3623193396461177,0.2690605152140586,0.00630080549370593,0.7309394847859413,0.991199228033368,0.16984450162904408,False,True,13
31864,2025-10-26,秋田,千葉,D,秋田,千葉,0.2424691363729765,0.28382979680178,0.4737010668252434,H,0.190228611901036,0.2558513185253723,0.5539200695735917,H,0.2215729265842003,0.272638405491217,0.5057886679245828,H,False,False,False,True,0,1582,13,秋田,千葉,D,2025-10-25,0,13,13,1.0,H,D,A,0.5057886679245828,0.272638405491217,0.2215729265842003,0.23315026243336578,0.7784270734157998,0.9402756753647536,0.32115235734478953,False,True,1
32493,2025-10-25,FC東京,岡山,H,fc東京,岡山,0.311914056613541,0.2947915142321917,0.3932944291542673,H,0.2713744978332038,0.2917993372213376,0.4368261649454586,H,0.29569823310140614,0.2935946434278501,0.41070712347074384,H,True,True,True,True,0,1582,1,FC東京,岡山,H,2025-10-25,0,13,13,1.0,H,A,D,0.41070712347074384,0.29569823310140614,0.2935946434278501,0.1150088903693377,0.70640535657215,0.9881355181867991,0.2274442135537431,True,True,2
32493,2025-10-25,FC東京,岡山,H,fc東京,岡山,0.311914056613541,0.2947915142321917,0.3932944291542673,H,0.2713744978332038,0.2917993372213376,0.4368261649454586,H,0.29569823310140614,0.2935946434278501,0.41070712347074384,H,True,True,True,True,0,1582,6,FC東京,岡山,H,2025-10-25,0,13,13,1.0,H,A,D,0.41070712347074384,0.29569823310140614,0.2935946434278501,0.1150088903693377,0.70640535657215,0.9881355181867991,0.2274442135537431,True,True,3
31866,2025-10-26,レノファ山口FC,富山,H,山口,富山,0.2767691163863752,0.3042557446813225,0.4189751389323023,H,0.2257094554293814,0.3927620592280282,0.3815284853425904,D,0.25634525200357766,0.33965827050000474,0.4039964774964176,H,True,False,True,False,0,1582,12,山口,富山,H,2025-10-25,0,13,13,1.0,H,D,A,0.4039964774964176,0.33965827050000474,0.25634525200357766,0.06433820699641285,0.7436547479964224,0.9847649787027529,0.20736379158158183,True,True,4
32494,2025-10-25,横浜FM,広島,H,横浜fm,広島,0.276744608519634,0.3606889736065668,0.3625664178737992,H,0.2991378250387174,0.260797762601835,0.4400644123594475,H,0.2857018951272674,0.3207324892046741,0.3935656156680585,H,True,True,True,True,0,1582,2,横浜FM,広島,H,2025-10-25,0,13,13,1.0,H,D,A,0.3935656156680585,0.3207324892046741,0.2857018951272674,0.07283312646338436,0.7142981048727326,0.9918442582563123,0.2042272696615484,True,True,5
32494,2025-10-25,横浜FM,広島,H,横浜fm,広島,0.276744608519634,0.3606889736065668,0.3625664178737992,H,0.2991378250387174,0.260797762601835,0.4400644123594475,H,0.2857018951272674,0.3207324892046741,0.3935656156680585,H,True,True,True,True,0,1582,7,横浜FM,広島,H,2025-10-25,0,13,13,1.0,H,D,A,0.3935656156680585,0.3207324892046741,0.2857018951272674,0.07283312646338436,0.7142981048727326,0.9918442582563123,0.2042272696615484,True,True,6
32500,2025-10-26,福岡,湘南,H,福岡,湘南,0.3441800837820853,0.2733012975659273,0.3825186186519872,H,0.3034886565164439,0.3206444901027884,0.3758668533807676,H,0.32790351287582875,0.2922385745806719,0.3798579125434995,H,True,True,True,True,0,1582,5,福岡,湘南,H,2025-10-25,0,13,13,1.0,H,A,D,0.3798579125434995,0.32790351287582875,0.2922385745806719,0.051954399667670736,0.7077614254193283,0.9947259357116679,0.19017491338592596,True,True,7
32500,2025-10-26,福岡,湘南,H,福岡,湘南,0.3441800837820853,0.2733012975659273,0.3825186186519872,H,0.3034886565164439,0.3206444901027884,0.3758668533807676,H,0.32790351287582875,0.2922385745806719,0.3798579125434995,H,True,True,True,True,0,1582,10,福岡,湘南,H,2025-10-25,0,13,13,1.0,H,A,D,0.3798579125434995,0.32790351287582875,0.2922385745806719,0.051954399667670736,0.7077614254193283,0.9947259357116679,0.19017491338592596,True,True,8
32495,2025-10-26,新潟,神戸,D,新潟,神戸,0.2809360786178541,0.3750045623777838,0.3440593590043621,D,0.2719939223494861,0.3838850453227874,0.3441210323277264,D,0.2773592161105069,0.3785567555557853,0.3440840283337078,D,True,True,True,True,0,1582,4,新潟,神戸,D,2025-10-25,0,13,13,1.0,D,H,A,0.3785567555557853,0.3440840283337078,0.2773592161105069,0.03447272722207745,0.722640783889493,0.9926302023376942,0.18388995406029165,True,True,9
32495,2025-10-26,新潟,神戸,D,新潟,神戸,0.2809360786178541,0.3750045623777838,0.3440593590043621,D,0.2719939223494861,0.3838850453227874,0.3441210323277264,D,0.2773592161105069,0.3785567555557853,0.3440840283337078,D,True,True,True,True,0,1582,9,新潟,神戸,D,2025-10-25,0,13,13,1.0,D,H,A,0.3785567555557853,0.3440840283337078,0.2773592161105069,0.03447272722207745,0.722640783889493,0.9926302023376942,0.18388995406029165,True,True,10
31863,2025-10-26,札幌,水戸,A,札幌,水戸,0.3786150507817698,0.3320406368193607,0.2893443123988695,A,0.3757193049858185,0.3827241693665764,0.241556525647605,D,0.3774567524633893,0.352314049838247,0.2702291976983637,A,True,False,True,False,0,1582,11,札幌,水戸,A,2025-10-25,0,13,13,1.0,A,D,H,0.3774567524633893,0.352314049838247,0.2702291976983637,0.025142702625142288,0.7297708023016363,0.9911522494966707,0.18042503462799084,True,True,11
32498,2025-10-25,京都,鹿島,D,京都,鹿島,0.3477016787399652,0.3404270710464945,0.3118712502135402,A,0.4125724527468073,0.3809423106731016,0.206485236580091,A,0.3736499883427021,0.3566331668971374,0.2697168447601605,A,False,False,False,True,0,1582,3,京都,鹿島,D,2025-10-25,0,13,13,1.0,A,D,H,0.3736499883427021,0.3566331668971374,0.2697168447601605,0.017016821445564656,0.7302831552398394,0.9912254279520596,0.17585329666975166,False,True,12
32498,2025-10-25,京都,鹿島,D,京都,鹿島,0.3477016787399652,0.3404270710464945,0.3118712502135402,A,0.4125724527468073,0.3809423106731016,0.206485236580091,A,0.3736499883427021,0.3566331668971374,0.2697168447601605,A,False,False,False,True,0,1582,8,京都,鹿島,D,2025-10-25,0,13,13,1.0,A,D,H,0.3736499883427021,0.3566331668971374,0.2697168447601605,0.017016821445564656,0.7302831552398394,0.9912254279520596,0.17585329666975166,False,True,13
31875,2025-11-02,富山,愛媛FC,D,富山,愛媛,0.418580163256128,0.2540523565435265,0.3273674802003454,A,0.6217272196128275,0.1784792746732132,0.1997935057139593,A,0.4998389857988078,0.2238231237954012,0.276337890405791,A,False,False,False,True,0,1583,2,富山,愛媛,D,2025-11-02,0,13,13,1.0,A,H,D,0.4998389857988078,0.276337890405791,0.2238231237954012,0.22350109539301682,0.7761768762045989,0.94398209034565,0.3143565089278894,False,False,1
31875,2025-11-02,富山,愛媛FC,D,富山,愛媛,0.418580163256128,0.2540523565435265,0.3273674802003454,A,0.6217272196128275,0.1784792746732132,0.1997935057139593,A,0.4998389857988078,0.2238231237954012,0.276337890405791,A,False,False,False,True,0,1583,7,富山,愛媛,D,2025-11-02,0,13,13,1.0,A,H,D,0.4998389857988078,0.276337890405791,0.2238231237954012,0.22350109539301682,0.7761768762045989,0.94398209034565,0.3143565089278894,False,False,2
31877,2025-11-02,FC今治,仙台,H,今治,仙台,0.2485155164761685,0.4425396601230615,0.3089448234007699,D,0.2240543378462598,0.5147936810155728,0.2611519811381674,D,0.23873104502420503,0.47144126848006607,0.28982768649572893,D,False,False,False,True,0,1583,3,今治,仙台,H,2025-11-02,0,13,13,1.0,D,H,A,0.47144126848006607,0.28982768649572893,0.23873104502420503,0.18161358198433714,0.7612689549757949,0.9606759691956392,0.2835781306714199,False,True,3
31877,2025-11-02,FC今治,仙台,H,今治,仙台,0.2485155164761685,0.4425396601230615,0.3089448234007699,D,0.2240543378462598,0.5147936810155728,0.2611519811381674,D,0.23873104502420503,0.47144126848006607,0.28982768649572893,D,False,False,False,True,0,1583,8,今治,仙台,H,2025-11-02,0,13,13,1.0,D,H,A,0.47144126848006607,0.28982768649572893,0.23873104502420503,0.18161358198433714,0.7612689549757949,0.9606759691956392,0.2835781306714199,False,True,4
31873,2025-11-02,千葉,札幌,H,千葉,札幌,0.2869360501368883,0.2581016064010322,0.4549623434620795,H,0.3320992732771834,0.244488769468746,0.4234119572540705,H,0.30500133939300633,0.2526564716281178,0.44234218897887595,H,True,True,True,True,0,1583,11,千葉,札幌,H,2025-11-02,0,13,13,1.0,H,A,D,0.44234218897887595,0.30500133939300633,0.2526564716281178,0.13734084958586962,0.7473435283718823,0.9744676618887859,0.25222975001779135,True,True,5
32180,2025-11-02,ヴァンラーレ八戸,ギラヴァンツ北九州,A,八戸,北九州,0.2736684992006932,0.3414476970568232,0.3848838037424835,H,0.2340145614516637,0.3043607956390866,0.4616246429092497,H,0.2578069241010814,0.3266129364897285,0.41558013940919,H,False,False,False,True,0,1583,13,八戸,北九州,A,2025-11-02,0,13,13,1.0,H,D,A,0.41558013940919,0.3266129364897285,0.2578069241010814,0.08896720291946147,0.7421930758989185,0.9829258526632368,0.22156441322329964,False,False,6
31872,2025-11-02,大宮,秋田,H,大宮,秋田,0.2825686536048227,0.2823075704347011,0.4351237759604762,H,0.2238908577005044,0.3944363522869066,0.3816727900125889,D,0.2590975352430954,0.3271590831755833,0.4137433815813213,H,True,False,True,False,0,1583,1,大宮,秋田,H,2025-11-02,0,13,13,1.0,H,D,A,0.4137433815813213,0.3271590831755833,0.2590975352430954,0.086584298405738,0.7409024647569046,0.9835994671368238,0.21976913272623813,True,True,7
31872,2025-11-02,大宮,秋田,H,大宮,秋田,0.2825686536048227,0.2823075704347011,0.4351237759604762,H,0.2238908577005044,0.3944363522869066,0.3816727900125889,D,0.2590975352430954,0.3271590831755833,0.4137433815813213,H,True,False,True,False,0,1583,6,大宮,秋田,H,2025-11-02,0,13,13,1.0,H,D,A,0.4137433815813213,0.3271590831755833,0.2590975352430954,0.086584298405738,0.7409024647569046,0.9835994671368238,0.21976913272623813,True,True,8
32172,2025-11-02,栃木SC,FC岐阜,A,栃木sc,岐阜,0.3824591395308407,0.2521974445560506,0.3653434159131087,A,0.29163714125251,0.2548465677398495,0.4535162910076404,H,0.3461303402195084,0.2532570938295701,0.4006125659509214,H,True,False,False,False,0,1583,12,栃木SC,岐阜,A,2025-11-02,0,13,13,1.0,H,A,D,0.4006125659509214,0.3461303402195084,0.2532570938295701,0.05448222573141298,0.7467429061704298,0.9844225273597093,0.20245992821196732,False,True,9
31878,2025-11-02,鳥栖,徳島,D,鳥栖,徳島,0.2826193725135004,0.2976639740519871,0.4197166534345124,H,0.303031096342752,0.3661148271980342,0.3308540764592138,D,0.2907840620452011,0.32504431531040595,0.38417162264439303,H,False,True,False,False,0,1583,4,鳥栖,徳島,D,2025-11-02,0,13,13,1.0,H,D,A,0.38417162264439303,0.32504431531040595,0.2907840620452011,0.05912730733398708,0.709215937954799,0.9939590903413947,0.1947799696885934,False,True,10
31878,2025-11-02,鳥栖,徳島,D,鳥栖,徳島,0.2826193725135004,0.2976639740519871,0.4197166534345124,H,0.303031096342752,0.3661148271980342,0.3308540764592138,D,0.2907840620452011,0.32504431531040595,0.38417162264439303,H,False,True,False,False,0,1583,9,鳥栖,徳島,D,2025-11-02,0,13,13,1.0,H,D,A,0.38417162264439303,0.32504431531040595,0.2907840620452011,0.05912730733398708,0.709215937954799,0.9939590903413947,0.1947799696885934,False,True,11
31879,2025-11-02,熊本,レノファ山口FC,A,熊本,山口,0.3202957392172754,0.3016370344021788,0.3780672263805459,H,0.4393136865325182,0.2313283991575473,0.3293579143099344,A,0.3679029181433725,0.2735135803043262,0.3585835015523013,A,False,True,True,False,0,1583,5,熊本,山口,A,2025-11-02,0,13,13,1.0,A,H,D,0.3679029181433725,0.3585835015523013,0.2735135803043262,0.009319416591071217,0.7264864196956737,0.9923651339181575,0.17034508218776104,True,True,12
31879,2025-11-02,熊本,レノファ山口FC,A,熊本,山口,0.3202957392172754,0.3016370344021788,0.3780672263805459,H,0.4393136865325182,0.2313283991575473,0.3293579143099344,A,0.3679029181433725,0.2735135803043262,0.3585835015523013,A,False,True,True,False,0,1583,10,熊本,山口,A,2025-11-02,0,13,13,1.0,A,H,D,0.3679029181433725,0.3585835015523013,0.2735135803043262,0.009319416591071217,0.7264864196956737,0.9923651339181575,0.17034508218776104,True,True,13
32504,2025-11-08,川崎F,岡山,D,川崎f,岡山,0.2455599253800992,0.4459247708866868,0.308515303733214,D,0.20749894483107,0.402209404830482,0.3902916503384479,D,0.23033553316048752,0.42843862446420494,0.34122584237530756,D,True,True,True,True,0,1585,2,川崎F,岡山,D,2025-11-08,0,13,13,1.0,D,H,A,0.42843862446420494,0.34122584237530756,0.23033553316048752,0.08721278208889738,0.7696644668395125,0.9723361286013477,0.2288546290197368,True,True,1
32504,2025-11-08,川崎F,岡山,D,川崎f,岡山,0.2455599253800992,0.4459247708866868,0.308515303733214,D,0.20749894483107,0.402209404830482,0.3902916503384479,D,0.23033553316048752,0.42843862446420494,0.34122584237530756,D,True,True,True,True,0,1585,7,川崎F,岡山,D,2025-11-08,0,13,13,1.0,D,H,A,0.42843862446420494,0.34122584237530756,0.23033553316048752,0.08721278208889738,0.7696644668395125,0.9723361286013477,0.2288546290197368,True,True,2
32503,2025-11-08,東京V,福岡,D,東京v,福岡,0.3391221549127426,0.2677081118482129,0.3931697332390444,H,0.3154911862331278,0.2509380025545448,0.4335708112123274,H,0.32966976744089677,0.26100006813074567,0.4093301644283576,H,False,False,False,True,0,1585,1,東京V,福岡,D,2025-11-08,0,13,13,1.0,H,A,D,0.4093301644283576,0.32966976744089677,0.26100006813074567,0.07966039698746086,0.7389999318692544,0.9849100049126753,0.21509771195583718,False,False,3
32503,2025-11-08,東京V,福岡,D,東京v,福岡,0.3391221549127426,0.2677081118482129,0.3931697332390444,H,0.3154911862331278,0.2509380025545448,0.4335708112123274,H,0.32966976744089677,0.26100006813074567,0.4093301644283576,H,False,False,False,True,0,1585,6,東京V,福岡,D,2025-11-08,0,13,13,1.0,H,A,D,0.4093301644283576,0.32966976744089677,0.26100006813074567,0.07966039698746086,0.7389999318692544,0.9849100049126753,0.21509771195583718,False,False,4
31890,2025-11-09,仙台,熊本,H,仙台,熊本,0.2856234935777877,0.3053304070097489,0.4090460994124634,H,0.2274037443030409,0.3753009215582959,0.3972953341386631,H,0.26233559386788896,0.33331861282916775,0.40434579330294335,H,True,True,True,True,0,1585,12,仙台,熊本,H,2025-11-08,0,13,13,1.0,H,D,A,0.40434579330294335,0.33331861282916775,0.26233559386788896,0.0710271804737756,0.7376644061321112,0.9861267301490803,0.20958977412232993,True,True,5
32506,2025-11-09,清水,C大阪,A,清水,c大阪,0.3771774911139428,0.3030541043181513,0.3197684045679058,A,0.3802789697543105,0.3143896295068147,0.3053314007388747,A,0.37841808257008996,0.30758831439361667,0.3139936030362935,A,True,True,True,True,0,1585,4,清水,C大阪,A,2025-11-08,0,13,13,1.0,A,H,D,0.37841808257008996,0.3139936030362935,0.30758831439361667,0.06442447953379649,0.6924116856063834,0.9958919535011161,0.193658314293146,True,True,6
32506,2025-11-09,清水,C大阪,A,清水,c大阪,0.3771774911139428,0.3030541043181513,0.3197684045679058,A,0.3802789697543105,0.3143896295068147,0.3053314007388747,A,0.37841808257008996,0.30758831439361667,0.3139936030362935,A,True,True,True,True,0,1585,9,清水,C大阪,A,2025-11-08,0,13,13,1.0,A,H,D,0.37841808257008996,0.3139936030362935,0.30758831439361667,0.06442447953379649,0.6924116856063834,0.9958919535011161,0.193658314293146,True,True,7
32507,2025-11-09,京都,横浜FM,A,京都,横浜fm,0.3348114102802839,0.2828288427497091,0.3823597469700071,H,0.3832086715249974,0.2655379768418948,0.3512533516331079,A,0.3541703147781693,0.2759124963865834,0.3699171888352474,H,False,True,False,False,0,1585,3,京都,横浜FM,A,2025-11-08,0,13,13,1.0,H,A,D,0.3699171888352474,0.3541703147781693,0.2759124963865834,0.015746874057078086,0.7240875036134167,0.9928700500712252,0.17340013088159364,False,True,8
32507,2025-11-09,京都,横浜FM,A,京都,横浜fm,0.3348114102802839,0.2828288427497091,0.3823597469700071,H,0.3832086715249974,0.2655379768418948,0.3512533516331079,A,0.3541703147781693,0.2759124963865834,0.3699171888352474,H,False,True,False,False,0,1585,8,京都,横浜FM,A,2025-11-08,0,13,13,1.0,H,A,D,0.3699171888352474,0.3541703147781693,0.2759124963865834,0.015746874057078086,0.7240875036134167,0.9928700500712252,0.17340013088159364,False,True,9
31889,2025-11-09,徳島,甲府,H,徳島,甲府,0.269752065338958,0.3673171020093445,0.3629308326516973,D,0.2427709875695196,0.3698780496687735,0.3873509627617069,H,0.25895963423118273,0.36834148107311615,0.37269888469570117,H,False,True,True,False,0,1585,13,徳島,甲府,H,2025-11-08,0,13,13,1.0,H,D,A,0.37269888469570117,0.36834148107311615,0.25895963423118273,0.004357403622585021,0.7410403657688174,0.9881585636179985,0.1716078766573706,True,True,10
32502,2025-11-08,柏,名古屋,H,柏,名古屋,0.3683866456420159,0.3295476371061875,0.3020657172517965,A,0.2728723453578278,0.3846507892047169,0.3424768654374552,D,0.33018092552834066,0.35158889794559933,0.31823017652606006,D,False,False,False,False,0,1585,5,柏,名古屋,H,2025-11-08,0,13,13,1.0,D,A,H,0.35158889794559933,0.33018092552834066,0.31823017652606006,0.02140797241725867,0.68176982347394,0.9992231888533257,0.16586315665089507,False,False,11
32502,2025-11-08,柏,名古屋,H,柏,名古屋,0.3683866456420159,0.3295476371061875,0.3020657172517965,A,0.2728723453578278,0.3846507892047169,0.3424768654374552,D,0.33018092552834066,0.35158889794559933,0.31823017652606006,D,False,False,False,False,0,1585,10,柏,名古屋,H,2025-11-08,0,13,13,1.0,D,A,H,0.35158889794559933,0.33018092552834066,0.31823017652606006,0.02140797241725867,0.68176982347394,0.9992231888533257,0.16586315665089507,False,False,12
31881,2025-11-08,札幌,大分,H,札幌,大分,0.3431238449570573,0.3062682956825376,0.350607859360405,H,0.3439383751735611,0.3289853067599322,0.3270763180665067,A,0.3434496570436588,0.3153551001134955,0.3411952428428457,A,True,False,False,False,0,1585,11,札幌,大分,H,2025-11-08,0,13,13,1.0,A,H,D,0.3434496570436588,0.3411952428428457,0.3153551001134955,0.0022544142008131263,0.6846448998865045,0.9993284630505701,0.15547569802981706,False,True,13
32201,2025-11-23,ヴァンラーレ八戸,カマタマーレ讃岐,A,八戸,讃岐,0.2474581314159034,0.3054648882923865,0.44707698029171,H,0.1350529393711111,0.2371281005970936,0.6278189600317953,H,0.20249605459798645,0.27813017321426936,0.5193737721877442,H,False,False,False,True,0,1589,13,八戸,讃岐,A,2025-11-23,0,13,13,1.0,H,D,A,0.5193737721877442,0.27813017321426936,0.20249605459798645,0.2412435989734748,0.7975039454020135,0.9280481495768814,0.3325438272098248,False,False,1
31898,2025-11-23,FC今治,札幌,D,今治,札幌,0.2523767435602915,0.3525969494438351,0.3950263069958734,H,0.1540553851519497,0.3358269884942079,0.5101176263538425,H,0.2130482001969548,0.3458889650639842,0.441062834739061,H,False,False,False,True,0,1589,4,今治,札幌,D,2025-11-23,0,13,13,1.0,H,D,A,0.441062834739061,0.3458889650639842,0.2130482001969548,0.0951738696750768,0.7869517998030452,0.9627341371266447,0.23924230259352539,False,True,2
31898,2025-11-23,FC今治,札幌,D,今治,札幌,0.2523767435602915,0.3525969494438351,0.3950263069958734,H,0.1540553851519497,0.3358269884942079,0.5101176263538425,H,0.2130482001969548,0.3458889650639842,0.441062834739061,H,False,False,False,True,0,1589,9,今治,札幌,D,2025-11-23,0,13,13,1.0,H,D,A,0.441062834739061,0.3458889650639842,0.2130482001969548,0.0951738696750768,0.7869517998030452,0.9627341371266447,0.23924230259352539,False,True,3
31894,2025-11-23,甲府,富山,A,甲府,富山,0.4140906083473635,0.288089823237015,0.2978195684156214,A,0.4303523854075502,0.30314475513284,0.2665028594596098,A,0.4205953191714382,0.294111795995345,0.2852928848332168,A,True,True,True,True,0,1589,3,甲府,富山,A,2025-11-23,0,13,13,1.0,A,D,H,0.4205953191714382,0.294111795995345,0.2852928848332168,0.12648352317609324,0.7147071151667832,0.9849052671151685,0.23655607331574616,True,True,4
31894,2025-11-23,甲府,富山,A,甲府,富山,0.4140906083473635,0.288089823237015,0.2978195684156214,A,0.4303523854075502,0.30314475513284,0.2665028594596098,A,0.4205953191714382,0.294111795995345,0.2852928848332168,A,True,True,True,True,0,1589,8,甲府,富山,A,2025-11-23,0,13,13,1.0,A,D,H,0.4205953191714382,0.294111795995345,0.2852928848332168,0.12648352317609324,0.7147071151667832,0.9849052671151685,0.23655607331574616,True,True,5
32204,2025-11-23,群馬,松本山雅FC,H,群馬,松本,0.341153723164818,0.224584282313384,0.4342619945217979,H,0.4235361580067606,0.1589946543771098,0.4174691876161296,A,0.37410669710159505,0.19834843113887432,0.42754487175953065,H,True,False,True,False,0,1589,11,群馬,松本,H,2025-11-23,0,13,13,1.0,H,A,D,0.42754487175953065,0.37410669710159505,0.19834843113887432,0.0534381746579356,0.8016515688611257,0.9575574917345516,0.21958705507515594,True,True,6
31899,2025-11-23,V・ファーレン長崎,水戸,H,長崎,水戸,0.3045089862260103,0.2978316653657679,0.3976593484082217,H,0.2323632699696903,0.3989280574575558,0.3687086725727539,D,0.27565069972348233,0.33827022220248304,0.3860790780740347,H,True,False,True,False,0,1589,1,長崎,水戸,H,2025-11-23,0,13,13,1.0,H,D,A,0.3860790780740347,0.33827022220248304,0.27565069972348233,0.04780885587155165,0.7243493002765178,0.9915238450530721,0.19216391567774424,True,True,7
31899,2025-11-23,V・ファーレン長崎,水戸,H,長崎,水戸,0.3045089862260103,0.2978316653657679,0.3976593484082217,H,0.2323632699696903,0.3989280574575558,0.3687086725727539,D,0.27565069972348233,0.33827022220248304,0.3860790780740347,H,True,False,True,False,0,1589,6,長崎,水戸,H,2025-11-23,0,13,13,1.0,H,D,A,0.3860790780740347,0.33827022220248304,0.27565069972348233,0.04780885587155165,0.7243493002765178,0.9915238450530721,0.19216391567774424,True,True,8
32208,2025-11-23,鹿児島ユナイテッドFC,FC琉球,D,鹿児島,琉球,0.3316086167354123,0.3009324091106083,0.3674589741539792,H,0.417422476284926,0.3495841611835541,0.2329933625315199,A,0.3659341605552179,0.32039310993978665,0.31367272950499553,A,False,False,False,False,0,1589,12,鹿児島,琉球,D,2025-11-23,0,13,13,1.0,A,D,H,0.3659341605552179,0.32039310993978665,0.31367272950499553,0.04554105061543123,0.6863272704950045,0.9978238953000927,0.18104496090523042,False,True,9
31891,2025-11-23,秋田,仙台,D,秋田,仙台,0.3443999084186718,0.3651581712489148,0.2904419203324134,D,0.3938074470458978,0.3916123590561369,0.2145801938979652,A,0.36416292386956217,0.3757398463718037,0.26009722975863414,D,True,False,True,False,0,1589,2,秋田,仙台,D,2025-11-23,0,13,13,1.0,D,A,H,0.3757398463718037,0.36416292386956217,0.26009722975863414,0.011576922502241516,0.7399027702413659,0.9884556626564566,0.17544372121180488,True,True,10
31891,2025-11-23,秋田,仙台,D,秋田,仙台,0.3443999084186718,0.3651581712489148,0.2904419203324134,D,0.3938074470458978,0.3916123590561369,0.2145801938979652,A,0.36416292386956217,0.3757398463718037,0.26009722975863414,D,True,False,True,False,0,1589,7,秋田,仙台,D,2025-11-23,0,13,13,1.0,D,A,H,0.3757398463718037,0.36416292386956217,0.26009722975863414,0.011576922502241516,0.7399027702413659,0.9884556626564566,0.17544372121180488,True,True,11
31895,2025-11-23,磐田,山形,D,磐田,山形,0.3284107210946215,0.3308818898998094,0.3407073890055691,H,0.3467513588591617,0.3203721280919842,0.3328765130488542,A,0.3357469762004376,0.3266779851766793,0.3375750386228831,H,False,False,False,False,0,1589,5,磐田,山形,D,2025-11-23,0,13,13,1.0,H,A,D,0.3375750386228831,0.3357469762004376,0.3266779851766793,0.0018280624224454867,0.6733220148233207,0.9999067196158519,0.15256724530498292,False,False,12
31895,2025-11-23,磐田,山形,D,磐田,山形,0.3284107210946215,0.3308818898998094,0.3407073890055691,H,0.3467513588591617,0.3203721280919842,0.3328765130488542,A,0.3357469762004376,0.3266779851766793,0.3375750386228831,H,False,False,False,False,0,1589,10,磐田,山形,D,2025-11-23,0,13,13,1.0,H,A,D,0.3375750386228831,0.3357469762004376,0.3266779851766793,0.0018280624224454867,0.6733220148233207,0.9999067196158519,0.15256724530498292,False,False,13
32520,2025-11-30,福岡,G大阪,H,福岡,g大阪,0.4806153925806893,0.209778024240788,0.3096065831785226,A,0.5463921368620662,0.1391519055659612,0.3144559575719725,A,0.5069260902932402,0.18152757677085724,0.31154633293590256,A,False,False,False,True,0,1591,4,福岡,G大阪,H,2025-11-29,0,13,13,1.0,A,H,D,0.5069260902932402,0.31154633293590256,0.18152757677085724,0.19537975735733765,0.8184724232291427,0.9261477433140564,0.31127010704421504,False,True,1
32520,2025-11-30,福岡,G大阪,H,福岡,g大阪,0.4806153925806893,0.209778024240788,0.3096065831785226,A,0.5463921368620662,0.1391519055659612,0.3144559575719725,A,0.5069260902932402,0.18152757677085724,0.31154633293590256,A,False,False,False,True,0,1591,11,福岡,G大阪,H,2025-11-29,0,13,13,1.0,A,H,D,0.5069260902932402,0.31154633293590256,0.18152757677085724,0.19537975735733765,0.8184724232291427,0.9261477433140564,0.31127010704421504,False,True,2
32514,2025-11-30,横浜FM,C大阪,H,横浜fm,c大阪,0.2833553368876413,0.2750118359437465,0.4416328271686122,H,0.2287079383851241,0.2193749144643886,0.5519171471504873,H,0.2614963774866344,0.2527570673520033,0.4857465551613622,H,True,True,True,True,0,1591,6,横浜FM,C大阪,H,2025-11-29,0,13,13,1.0,H,A,D,0.4857465551613622,0.2614963774866344,0.2527570673520033,0.22425017767472782,0.7472429326479966,0.9549500566320673,0.3060835006823543,True,True,3
32518,2025-11-30,神戸,FC東京,D,神戸,fc東京,0.2950680308576555,0.2723304762014488,0.4326014929408957,H,0.17525109768609,0.2837285118686775,0.5410203904452325,H,0.2471412575890292,0.2768896904683403,0.4759690519426305,H,False,False,False,True,0,1591,3,神戸,FC東京,D,2025-11-29,0,13,13,1.0,H,D,A,0.4759690519426305,0.2768896904683403,0.2471412575890292,0.19907936147429023,0.7528587424109707,0.9597357566942173,0.29191669855134184,False,True,4
32518,2025-11-30,神戸,FC東京,D,神戸,fc東京,0.2950680308576555,0.2723304762014488,0.4326014929408957,H,0.17525109768609,0.2837285118686775,0.5410203904452325,H,0.2471412575890292,0.2768896904683403,0.4759690519426305,H,False,False,False,True,0,1591,10,神戸,FC東京,D,2025-11-29,0,13,13,1.0,H,D,A,0.4759690519426305,0.2768896904683403,0.2471412575890292,0.19907936147429023,0.7528587424109707,0.9597357566942173,0.29191669855134184,False,True,5
32515,2025-11-30,横浜FC,京都,A,横浜fc,京都,0.4693005071508701,0.275190153131408,0.2555093397177218,A,0.4859478772713169,0.2923004139445031,0.22175170878418,A,0.47595945519904886,0.28203425745664606,0.24200628734430513,A,True,True,True,True,0,1591,7,横浜FC,京都,A,2025-11-29,0,13,13,1.0,A,D,H,0.47595945519904886,0.28203425745664606,0.24200628734430513,0.1939251977424028,0.7579937126556949,0.9591171071217385,0.29023215262506524,True,True,6
32513,2025-11-30,川崎F,広島,A,川崎f,広島,0.2991374908495761,0.2914945893514937,0.4093679197989302,H,0.273769040631557,0.1752489240280338,0.5509820353404092,H,0.28899011076236847,0.24499632322210974,0.46601356601552185,H,False,False,False,True,0,1591,2,川崎F,広島,A,2025-11-29,0,13,13,1.0,H,A,D,0.46601356601552185,0.28899011076236847,0.24499632322210974,0.17702345525315338,0.7550036767778903,0.9640817975451101,0.27884795453656647,False,True,7
32513,2025-11-30,川崎F,広島,A,川崎f,広島,0.2991374908495761,0.2914945893514937,0.4093679197989302,H,0.273769040631557,0.1752489240280338,0.5509820353404092,H,0.28899011076236847,0.24499632322210974,0.46601356601552185,H,False,False,False,True,0,1591,9,川崎F,広島,A,2025-11-29,0,13,13,1.0,H,A,D,0.46601356601552185,0.28899011076236847,0.24499632322210974,0.17702345525315338,0.7550036767778903,0.9640817975451101,0.27884795453656647,False,True,8
32512,2025-11-30,町田,名古屋,H,町田,名古屋,0.3514772317710133,0.2221994968583829,0.4263232713706038,H,0.425539653935831,0.1040700191392202,0.4703903269249488,H,0.3811022006369404,0.1749477057707178,0.4439500935923418,H,True,True,True,True,0,1591,1,町田,名古屋,H,2025-11-29,0,13,13,1.0,H,A,D,0.4439500935923418,0.3811022006369404,0.1749477057707178,0.06284789295540139,0.8250522942292822,0.9403972662238252,0.23369485140617924,True,True,9
32512,2025-11-30,町田,名古屋,H,町田,名古屋,0.3514772317710133,0.2221994968583829,0.4263232713706038,H,0.425539653935831,0.1040700191392202,0.4703903269249488,H,0.3811022006369404,0.1749477057707178,0.4439500935923418,H,True,True,True,True,0,1591,8,町田,名古屋,H,2025-11-29,0,13,13,1.0,H,A,D,0.4439500935923418,0.3811022006369404,0.1749477057707178,0.06284789295540139,0.8250522942292822,0.9403972662238252,0.23369485140617924,True,True,10
31908,2025-11-29,徳島,V・ファーレン長崎,D,徳島,長崎,0.3558616474577029,0.3262855853923795,0.3178527671499176,A,0.3746856458712221,0.2891432828153248,0.3361710713134531,A,0.3633912468231106,0.3114286643615576,0.3251800888153318,A,False,False,False,True,0,1591,13,徳島,長崎,D,2025-11-29,0,13,13,1.0,A,H,D,0.3633912468231106,0.3251800888153318,0.3114286643615576,0.0382111580077788,0.6885713356384424,0.9980404482024402,0.17729187673263433,False,False,11
31902,2025-11-29,仙台,いわきFC,A,仙台,いわき,0.2988200666597096,0.327385822037368,0.3737941113029223,H,0.3209647134329294,0.3347998619871303,0.3442354245799402,H,0.3076779253689976,0.3303514380172729,0.3619706366137295,H,False,False,False,True,0,1591,5,仙台,いわき,A,2025-11-29,0,13,13,1.0,H,D,A,0.3619706366137295,0.3303514380172729,0.3076779253689976,0.03161919859645662,0.6923220746310024,0.9979761891815652,0.17435826814862507,False,False,12
31902,2025-11-29,仙台,いわきFC,A,仙台,いわき,0.2988200666597096,0.327385822037368,0.3737941113029223,H,0.3209647134329294,0.3347998619871303,0.3442354245799402,H,0.3076779253689976,0.3303514380172729,0.3619706366137295,H,False,False,False,True,0,1591,12,仙台,いわき,A,2025-11-29,0,13,13,1.0,H,D,A,0.3619706366137295,0.3303514380172729,0.3076779253689976,0.03161919859645662,0.6923220746310024,0.9979761891815652,0.17435826814862507,False,False,13
