window,match_card_id,match_date,season,competition,home_team,away_team,actual,prediction,prob_away,prob_draw,prob_home
1,27328,2022-02-18,2022,,川崎F,FC東京,H,A,0.3731977510794627,0.29215301607332567,0.3346492328472117
1,26512,2022-02-19,2022,,栃木SC,秋田,H,H,0.35466258746072243,0.14074070283149828,0.5045967097077794
1,26513,2022-02-19,2022,,ザスパクサツ群馬,山形,H,A,0.48815130725009,0.12738454268923033,0.38446415006067963
1,26514,2022-02-19,2022,,千葉,いわてグルージャ盛岡,A,A,0.47258939887213924,0.11699141751832462,0.41041918360953605
1,26515,2022-02-19,2022,,横浜FC,大宮,H,A,0.808565082974958,0.1021188167503464,0.0893161002746956
1,26516,2022-02-19,2022,,徳島,ツエーゲン金沢,D,A,0.4023967205501515,0.30342997119627596,0.2941733082535725
1,26517,2022-02-19,2022,,V・ファーレン長崎,東京V,D,A,0.4821712725991754,0.17605400995877393,0.3417747174420507
1,27329,2022-02-19,2022,,横浜FM,C大阪,D,A,0.5594523117899006,0.2564515841508005,0.184096104059299
1,27330,2022-02-19,2022,,清水,札幌,D,D,0.31787788549339807,0.5562729164471262,0.12584919805947575
1,27331,2022-02-19,2022,,京都,浦和,H,A,0.740090058611893,0.12567627221719888,0.1342336691709081
1,27332,2022-02-19,2022,,G大阪,鹿島,A,D,0.34960647059805255,0.40387182302144703,0.24652170638050036
1,27333,2022-02-19,2022,,広島,鳥栖,D,A,0.7070854267537816,0.07665901734746924,0.21625555589874912
1,27334,2022-02-19,2022,,湘南,柏,A,A,0.5687071467627417,0.08969992662779532,0.34159292660946294
1,27335,2022-02-19,2022,,名古屋,神戸,H,H,0.23031314810123907,0.3481934291881781,0.42149342271058293
1,27336,2022-02-19,2022,,福岡,磐田,D,D,0.2791124011484881,0.4276173916405001,0.29327020721101177
1,26519,2022-02-20,2022,,レノファ山口FC,熊本,D,A,0.6345907960502042,0.16541603892741513,0.1999931650223807
1,26520,2022-02-20,2022,,仙台,新潟,D,H,0.1653296702577819,0.27984906453753083,0.5548212652046873
1,26521,2022-02-20,2022,,町田,FC琉球,D,A,0.7446381401533544,0.16020178322151984,0.0951600766251257
1,26522,2022-02-20,2022,,岡山,甲府,H,D,0.26567987429209433,0.5681505225064237,0.16616960320148186
1,27400,2022-02-23,2022,,横浜FM,川崎F,H,H,0.23992994684537614,0.2715346797941782,0.48853537336044556
1,27401,2022-02-23,2022,,浦和,神戸,D,H,0.22997846484475726,0.07959434655477365,0.6904271886004691
1,26523,2022-02-26,2022,,大宮,新潟,D,H,0.1392299584183263,0.3769607800063688,0.483809261575305
1,26524,2022-02-26,2022,,FC琉球,千葉,A,H,0.33867910077959673,0.12044981494897948,0.5408710842714237
1,27337,2022-02-26,2022,,磐田,清水,A,H,0.315802728492755,0.2953583852344852,0.38883888627275986
1,27338,2022-02-26,2022,,C大阪,京都,D,A,0.6173235900417087,0.12168756429187055,0.26098884566642083
1,27339,2022-02-26,2022,,札幌,広島,D,H,0.21607361274061987,0.1953290339514072,0.5885973533079729
1,27340,2022-02-26,2022,,鹿島,川崎F,A,H,0.3859698652209717,0.06740153940631169,0.5466285953727167
1,27341,2022-02-26,2022,,浦和,G大阪,A,A,0.49795934609435266,0.2124862247924261,0.2895544291132212
1,27343,2022-02-26,2022,,神戸,福岡,D,D,0.2721085700290954,0.5384613238252655,0.18943010614563915
1,27344,2022-02-26,2022,,鳥栖,湘南,D,H,0.23084161935105912,0.05715516933826809,0.7120032113106729
1,26525,2022-02-27,2022,,甲府,大分,D,H,0.28316308901139164,0.3374142865926405,0.3794226243959678
1,26526,2022-02-27,2022,,熊本,山形,A,D,0.22116297756389955,0.438451994099066,0.3403850283370345
1,26527,2022-02-27,2022,,水戸,仙台,A,A,0.45737215647281565,0.28103183046043123,0.2615960130667531
1,26528,2022-02-27,2022,,ザスパクサツ群馬,ツエーゲン金沢,D,A,0.3804014421284625,0.2757350850861834,0.34386347278535406
1,26529,2022-02-27,2022,,東京V,栃木SC,H,D,0.15136962613339247,0.6728946788176984,0.1757356950489092
1,26530,2022-02-27,2022,,町田,いわてグルージャ盛岡,H,D,0.12600123352331855,0.7383975556025028,0.13560121087417873
1,26531,2022-02-27,2022,,横浜FC,V・ファーレン長崎,H,D,0.27016255974571773,0.4723597334302787,0.25747770682400356
1,26532,2022-02-27,2022,,岡山,徳島,D,H,0.3550947631521211,0.2145259692830423,0.43037926756483663
1,26533,2022-02-27,2022,,レノファ山口FC,秋田,H,D,0.20407950795895927,0.623659316373639,0.17226117566740173
1,27345,2022-02-27,2022,,柏,横浜FM,H,H,0.22083097364309734,0.1335535534812175,0.6456154728756852
1,27409,2022-03-02,2022,,川崎F,浦和,H,H,0.1340144830868119,0.41428033813491405,0.45170517877827404
1,27410,2022-03-02,2022,,横浜FM,神戸,H,H,0.10400168089352535,0.11568751734873685,0.7803108017577378
1,26534,2022-03-05,2022,,大宮,熊本,A,H,0.32668033486976644,0.3264946960354343,0.3468249690947993
1,26535,2022-03-05,2022,,新潟,レノファ山口FC,D,A,0.6197881536465598,0.25703427555309516,0.12317757080034517
1,26536,2022-03-05,2022,,栃木SC,岡山,A,A,0.6114763448146014,0.18699223718738497,0.20153141799801352
1,26537,2022-03-05,2022,,V・ファーレン長崎,甲府,A,A,0.3884106751802648,0.36390398841509636,0.24768533640463888
1,26538,2022-03-05,2022,,FC琉球,いわてグルージャ盛岡,A,H,0.3795189232350699,0.105940549357604,0.514540527407326
1,27346,2022-03-05,2022,,京都,磐田,A,D,0.35492016003140514,0.40683760203437314,0.23824223793422172
1,26539,2022-03-06,2022,,仙台,ザスパクサツ群馬,D,A,0.6663513002762395,0.19766078105829735,0.13598791866546317
1,26540,2022-03-06,2022,,水戸,秋田,A,D,0.16559809095290237,0.6784593843038716,0.15594252474322598
1,26541,2022-03-06,2022,,千葉,山形,D,H,0.2880260093594449,0.24253086831751705,0.4694431223230381
1,26542,2022-03-06,2022,,ツエーゲン金沢,町田,A,A,0.4569146176407049,0.15668725147234105,0.386398130886954
1,26543,2022-03-06,2022,,徳島,東京V,D,H,0.18932609857486504,0.2151778058941069,0.595496095531028
1,26544,2022-03-06,2022,,大分,横浜FC,A,D,0.4424980759626365,0.44740552699408065,0.11009639704328288
1,27347,2022-03-06,2022,,横浜FM,清水,H,D,0.20909879178598262,0.6107993879980862,0.1801018202159312
1,27348,2022-03-06,2022,,名古屋,鳥栖,D,H,0.2770359432314556,0.3544535627870478,0.36851049398149666
1,27349,2022-03-06,2022,,鹿島,柏,H,H,0.24665754444858978,0.1569275192306624,0.5964149363207478
1,27350,2022-03-06,2022,,浦和,湘南,H,H,0.31041386577449176,0.3037909576803314,0.3857951765451769
1,27351,2022-03-06,2022,,C大阪,FC東京,A,D,0.16540909182006244,0.6578148577963941,0.17677605038354352
1,27352,2022-03-06,2022,,広島,神戸,D,A,0.5437139475525422,0.16034416626434966,0.2959418861831082
1,27353,2022-03-06,2022,,G大阪,川崎F,D,A,0.4235597804789457,0.39711796720214043,0.1793222523189138
1,27354,2022-03-06,2022,,福岡,札幌,D,A,0.5442738128968262,0.2302181584425446,0.22550802866062925
1,26518,2022-03-09,2022,,大分,水戸,D,A,0.7145771903122571,0.14613823724358496,0.13928457244415798
1,27355,2022-03-11,2022,,神戸,鹿島,A,H,0.2705399425118046,0.16673368119634438,0.5627263762918511
1,26545,2022-03-12,2022,,仙台,いわてグルージャ盛岡,H,A,0.6717730043623474,0.052574802875750316,0.2756521927619023
1,26546,2022-03-12,2022,,甲府,山形,D,H,0.1331933410789537,0.3344511230385855,0.5323555358824608
1,26547,2022-03-12,2022,,レノファ山口FC,FC琉球,A,A,0.49870911671798945,0.2708466673368265,0.23044421594518413
1,26548,2022-03-12,2022,,徳島,熊本,D,D,0.1451870119929464,0.6618086204658481,0.19300436754120562
1,26549,2022-03-12,2022,,V・ファーレン長崎,大分,H,H,0.2317528497466175,0.1496730979362435,0.618574052317139
1,26974,2022-03-12,2022,,Y.S.C.C.横浜,FC岐阜,D,A,0.7155825035798008,0.11520275453408675,0.16921474188611246
1,26975,2022-03-12,2022,,藤枝MYFC,ガイナーレ鳥取,H,H,0.25536631245990016,0.13020960558513656,0.6144240819549632
1,26976,2022-03-12,2022,,SC相模原,アスルクラロ沼津,H,D,0.16377843836436784,0.42984950998157273,0.4063720516540595
1,27356,2022-03-12,2022,,札幌,横浜FM,D,A,0.49429029910105343,0.12427440717645065,0.38143529372249596
1,27357,2022-03-12,2022,,清水,C大阪,A,H,0.16784002845249604,0.33513817960913916,0.49702179193836477
1,27358,2022-03-12,2022,,磐田,G大阪,D,H,0.10063751661769774,0.15297416624008683,0.7463883171422154
1,27359,2022-03-12,2022,,FC東京,広島,H,H,0.3489770315618013,0.2341676732305694,0.4168552952076294
1,27360,2022-03-12,2022,,湘南,京都,D,D,0.4297388246696649,0.47573272537797984,0.09452844995235538
1,27361,2022-03-12,2022,,柏,福岡,H,A,0.33781897365038416,0.32700157038049327,0.3351794559691227
1,27362,2022-03-12,2022,,川崎F,名古屋,H,D,0.38464029332036476,0.47986255185696497,0.13549715482267033
1,26550,2022-03-13,2022,,秋田,新潟,H,D,0.3532565634623316,0.5249790985045154,0.12176433803315305
1,26551,2022-03-13,2022,,栃木SC,大宮,D,D,0.3274257864546918,0.416068976233476,0.2565052373118322
1,26552,2022-03-13,2022,,ザスパクサツ群馬,東京V,A,D,0.29348275966134457,0.38071731377647566,0.3257999265621798
1,26553,2022-03-13,2022,,町田,岡山,H,A,0.423614836680638,0.3324259223599774,0.24395924095938465
1,26554,2022-03-13,2022,,横浜FC,水戸,H,H,0.21032304341444277,0.37085542001768035,0.4188215365678769
1,26555,2022-03-13,2022,,ツエーゲン金沢,千葉,A,A,0.41812379724120635,0.3326619272848203,0.24921427547397337
1,26977,2022-03-13,2022,,FC今治,福島ユナイテッドFC,A,D,0.1890401699993143,0.42574989921293643,0.3852099307877492
1,26978,2022-03-13,2022,,テゲバジャーロ宮崎,ヴァンラーレ八戸,H,D,0.2407012558500137,0.4243671226120925,0.3349316215378938
1,26979,2022-03-13,2022,,鹿児島ユナイテッドFC,いわきFC,D,A,0.5421912518692161,0.24001025160346665,0.2177984965273172
1,26980,2022-03-13,2022,,カマタマーレ讃岐,松本山雅FC,A,D,0.29987760691357007,0.48937554913930803,0.21074684394712184
1,26981,2022-03-13,2022,,ギラヴァンツ北九州,AC長野パルセイロ,A,H,0.16220172989238868,0.3310184993009246,0.5067797708066868
1,26982,2022-03-13,2022,,愛媛FC,富山,A,H,0.2144736249652185,0.22140287932347386,0.5641234957113076
1,27363,2022-03-13,2022,,鳥栖,浦和,H,D,0.2436254140769442,0.5780960978254118,0.17827848809764396
1,27364,2022-03-18,2022,,横浜FM,鳥栖,D,D,0.06708753638922044,0.7159749663652396,0.21693749724553998
1,26556,2022-03-19,2022,,秋田,ツエーゲン金沢,A,H,0.19677920030335108,0.40058402427883316,0.40263677541781573
1,26557,2022-03-19,2022,,大宮,徳島,A,H,0.08688995844135204,0.2883206416393285,0.6247893999193194
1,26558,2022-03-19,2022,,新潟,甲府,H,D,0.35906994474794357,0.4320429942124759,0.20888706103958055
1,26559,2022-03-19,2022,,大分,レノファ山口FC,D,A,0.43908835723823014,0.33377781712006777,0.22713382564170215
1,26560,2022-03-19,2022,,FC琉球,水戸,A,H,0.328854471642025,0.2969790414972112,0.3741664868607638
1,26983,2022-03-19,2022,,アスルクラロ沼津,福島ユナイテッドFC,A,D,0.21483523122433387,0.650608287350629,0.13455648142503715
1,26984,2022-03-19,2022,,藤枝MYFC,AC長野パルセイロ,D,H,0.1509620815729523,0.06307612807162755,0.7859617903554201
1,26985,2022-03-19,2022,,FC岐阜,愛媛FC,H,A,0.5370419183657857,0.12155945100295942,0.34139863063125486
1,27365,2022-03-19,2022,,清水,神戸,D,A,0.4709997042846967,0.11947977174440536,0.40952052397089794
1,27366,2022-03-19,2022,,京都,FC東京,A,A,0.47190090481658903,0.375258178713235,0.15284091647017595
1,27367,2022-03-19,2022,,G大阪,福岡,A,D,0.24596703881874318,0.44827470208267606,0.30575825909858073
1,27368,2022-03-19,2022,,広島,川崎F,A,H,0.3091825908070582,0.26384708254594,0.4269703266470018
1,27369,2022-03-19,2022,,鹿島,湘南,H,H,0.2664321879976689,0.2760485711438317,0.45751924085849943
1,27370,2022-03-19,2022,,浦和,磐田,H,A,0.4917831517568458,0.3185649911071496,0.18965185713600466
1,27371,2022-03-19,2022,,C大阪,札幌,D,D,0.2044852818452966,0.5294850331450053,0.2660296850096981
1,26561,2022-03-20,2022,,いわてグルージャ盛岡,栃木SC,D,D,0.1710041465740896,0.6109251440784389,0.21807070934747147
1,26562,2022-03-20,2022,,山形,仙台,A,D,0.15195855979399087,0.4425307565923058,0.4055106836137034
1,26563,2022-03-20,2022,,千葉,ザスパクサツ群馬,A,H,0.2998225520695623,0.1505776734978169,0.5495997744326208
1,26564,2022-03-20,2022,,東京V,町田,H,D,0.3909067434791018,0.39246048793716953,0.21663276858372857
1,26565,2022-03-20,2022,,岡山,横浜FC,D,H,0.3596040248408045,0.2745884343734879,0.36580754078570765
1,26986,2022-03-20,2022,,いわきFC,SC相模原,H,D,0.28653413485211154,0.392094912770213,0.3213709523776754
1,26987,2022-03-20,2022,,Y.S.C.C.横浜,松本山雅FC,A,H,0.1060448005250505,0.2006026425912353,0.6933525568837142
1,26988,2022-03-20,2022,,FC今治,富山,H,D,0.22564029713812261,0.42693274052989333,0.34742696233198406
1,26989,2022-03-20,2022,,テゲバジャーロ宮崎,ギラヴァンツ北九州,D,H,0.12872890384846744,0.09750301641625213,0.7737680797352804
1,26990,2022-03-20,2022,,鹿児島ユナイテッドFC,ヴァンラーレ八戸,H,H,0.28377399484482546,0.16528617207520668,0.5509398330799679
1,26991,2022-03-20,2022,,カマタマーレ讃岐,ガイナーレ鳥取,H,D,0.15346742700979454,0.4409085627343261,0.4056240102558794
1,27372,2022-03-20,2022,,名古屋,柏,D,D,0.3122934943506169,0.36073302620156195,0.32697347944782124
1,26566,2022-03-21,2022,,熊本,V・ファーレン長崎,H,H,0.3041075858008157,0.22325713572746764,0.47263527847171666
1,26567,2022-03-23,2022,,徳島,秋田,D,A,0.4783970984619535,0.18951459361747153,0.33208830792057503
1,26568,2022-03-23,2022,,大分,FC琉球,H,D,0.22837223360733552,0.5287025167842159,0.24292524960844863
1,26569,2022-03-26,2022,,いわてグルージャ盛岡,レノファ山口FC,D,D,0.16208852480738323,0.6044419618483579,0.2334695133442589
1,26570,2022-03-26,2022,,大宮,岡山,D,D,0.3286396520290556,0.4078239763460186,0.2635363716249259
1,26571,2022-03-26,2022,,栃木SC,千葉,H,H,0.3480399980696787,0.23419149995281807,0.4177685019775031
1,26572,2022-03-26,2022,,仙台,町田,A,H,0.3307389519720007,0.31663196593916526,0.3526290820888341
1,26573,2022-03-26,2022,,山形,東京V,D,D,0.37481832356347045,0.47138990672396014,0.15379176971256947
1,26574,2022-03-26,2022,,水戸,熊本,H,A,0.554985516825876,0.20659183988055316,0.23842264329357074
1,26575,2022-03-26,2022,,甲府,横浜FC,A,D,0.2856304331174032,0.5179495578109193,0.19642000907167745
1,26576,2022-03-26,2022,,新潟,ザスパクサツ群馬,H,D,0.31874411824153676,0.5605452468546733,0.12071063490378987
1,26577,2022-03-26,2022,,V・ファーレン長崎,ツエーゲン金沢,A,A,0.3678818975152849,0.346249379800949,0.28586872268376606
1,26992,2022-03-26,2022,,SC相模原,テゲバジャーロ宮崎,H,A,0.7804190864280268,0.12308363307060463,0.09649728050136856
1,26993,2022-03-26,2022,,松本山雅FC,鹿児島ユナイテッドFC,A,H,0.3563698172869403,0.05414349735063678,0.5894866853624229
1,26994,2022-03-27,2022,,ヴァンラーレ八戸,藤枝MYFC,H,A,0.37121903671963585,0.28972446174465355,0.3390565015357106
1,26995,2022-03-27,2022,,福島ユナイテッドFC,Y.S.C.C.横浜,H,D,0.21405231117580076,0.5669998550147686,0.21894783380943056
1,26996,2022-03-27,2022,,アスルクラロ沼津,FC岐阜,H,A,0.6634326162771849,0.14314097637263082,0.19342640735018432
1,26997,2022-03-27,2022,,ガイナーレ鳥取,FC今治,D,A,0.6691364499280816,0.18439859800261982,0.14646495206929855
1,26998,2022-03-27,2022,,AC長野パルセイロ,カマタマーレ讃岐,H,H,0.06275489438002797,0.23792145646067137,0.6993236491593007
1,26999,2022-03-27,2022,,富山,ギラヴァンツ北九州,A,H,0.11868654949016375,0.11620974809088838,0.7651037024189479
1,27000,2022-03-27,2022,,愛媛FC,いわきFC,A,D,0.2722814380856898,0.670808815014227,0.05690974690008323
1,26578,2022-03-30,2022,,秋田,甲府,D,H,0.2609520307802724,0.2539398090422209,0.4851081601775068
1,26579,2022-03-30,2022,,仙台,大分,A,H,0.3458571188609889,0.2966311856429982,0.35751169549601286
1,26580,2022-03-30,2022,,水戸,栃木SC,A,D,0.40380025037703304,0.45998283432142856,0.1362169153015384
1,26581,2022-03-30,2022,,ザスパクサツ群馬,V・ファーレン長崎,A,D,0.1357326893030946,0.4982956213644962,0.3659716893324093
1,26582,2022-03-30,2022,,千葉,新潟,H,A,0.6192988054923309,0.23753513753194092,0.1431660569757283
1,26583,2022-03-30,2022,,町田,大宮,H,D,0.2726635500681067,0.5055473006573399,0.2217891492745533
1,26584,2022-03-30,2022,,横浜FC,山形,H,A,0.3658062533832018,0.3039071096944668,0.33028663692233134
1,26585,2022-03-30,2022,,ツエーゲン金沢,熊本,D,A,0.41072371284672965,0.33274766243209386,0.2565286247211765
1,26586,2022-03-30,2022,,岡山,いわてグルージャ盛岡,A,H,0.3026119618087697,0.24652807452496847,0.45085996366626185
1,26587,2022-03-30,2022,,レノファ山口FC,徳島,D,H,0.20187803472421273,0.29072457697312837,0.5073973883026589
1,26588,2022-03-30,2022,,FC琉球,東京V,A,A,0.3998713017534079,0.20982318170203818,0.390305516544554
1,27373,2022-04-01,2022,,福岡,鳥栖,D,A,0.4919915335350622,0.2143714381934503,0.2936370282714875
1,27001,2022-04-02,2022,,Y.S.C.C.横浜,愛媛FC,A,H,0.20150583511972434,0.08433006639187642,0.7141640984883992
1,27002,2022-04-02,2022,,藤枝MYFC,カマタマーレ讃岐,H,H,0.1428689852875466,0.1885844069509418,0.6685466077615116
1,27374,2022-04-02,2022,,柏,磐田,H,A,0.7380851907017765,0.1641320917973745,0.09778271750084896
1,27375,2022-04-02,2022,,川崎F,C大阪,A,H,0.12173620102352319,0.12368950540650178,0.7545742935699751
1,27376,2022-04-02,2022,,湘南,広島,A,D,0.18002216250734437,0.7185816465950452,0.10139619089761043
1,27377,2022-04-02,2022,,鹿島,清水,H,H,0.3322480494693738,0.24577824912066273,0.4219737014099635
1,27378,2022-04-02,2022,,札幌,浦和,D,A,0.46332622158807646,0.1973155866263667,0.3393581917855568
1,27379,2022-04-02,2022,,横浜FM,FC東京,H,H,0.30078886916752573,0.16783642011890146,0.5313747107135728
1,27380,2022-04-02,2022,,G大阪,名古屋,H,A,0.7124490501977241,0.15436051190033376,0.1331904379019422
1,27381,2022-04-02,2022,,神戸,京都,A,D,0.16174090612087416,0.550398616553993,0.2878604773251328
1,26589,2022-04-03,2022,,秋田,いわてグルージャ盛岡,H,H,0.39632340829500134,0.1778474639621867,0.425829127742812
1,26590,2022-04-03,2022,,熊本,新潟,A,D,0.23406497030113396,0.3952342601807297,0.37070076951813635
1,26592,2022-04-03,2022,,栃木SC,ツエーゲン金沢,A,H,0.2954887158983039,0.28051969025576856,0.42399159384592755
1,26593,2022-04-03,2022,,ザスパクサツ群馬,水戸,H,D,0.12913540629663728,0.7180416069348257,0.15282298676853717
1,26594,2022-04-03,2022,,町田,千葉,D,H,0.2040310777388215,0.2352876338900917,0.5606812883710868
1,26595,2022-04-03,2022,,横浜FC,FC琉球,H,H,0.34102246004512426,0.18677950154660347,0.4721980384082723
1,26596,2022-04-03,2022,,甲府,仙台,A,H,0.15624685258776147,0.18715019867852012,0.6566029487337184
1,26597,2022-04-03,2022,,レノファ山口FC,大宮,H,H,0.27005220734826774,0.2234492943645389,0.5064984982871934
1,26598,2022-04-03,2022,,徳島,V・ファーレン長崎,D,A,0.5889967148463826,0.2849385612380481,0.1260647239155693
1,26599,2022-04-03,2022,,東京V,大分,H,A,0.40327684520654083,0.33282025114894487,0.26390290364451424
1,27004,2022-04-03,2022,,福島ユナイテッドFC,AC長野パルセイロ,D,D,0.35311964353874314,0.474415539046142,0.17246481741511493
1,27005,2022-04-03,2022,,いわきFC,富山,D,H,0.3170929622868234,0.1598522009269381,0.5230548367862385
1,27006,2022-04-03,2022,,SC相模原,松本山雅FC,A,H,0.3541248953541003,0.19048570899298334,0.45538939565291636
1,27007,2022-04-03,2022,,テゲバジャーロ宮崎,鹿児島ユナイテッドFC,D,H,0.2017576154027389,0.08306919470007702,0.7151731898971841
1,27008,2022-04-03,2022,,ギラヴァンツ北九州,FC今治,H,D,0.3245821552865116,0.448279509187958,0.22713833552553042
2,27382,2022-04-05,2022,,C大阪,柏,A,A,0.41319674019132024,0.19169813431614377,0.39510512549253607
2,27383,2022-04-06,2022,,京都,G大阪,D,D,0.14912716396688888,0.49254060197646704,0.35833223405664416
2,27384,2022-04-06,2022,,FC東京,神戸,H,H,0.3726829143443226,0.1775816464274004,0.44973543922827697
2,27385,2022-04-06,2022,,磐田,川崎F,D,H,0.13087498063721478,0.15316682529730619,0.715958194065479
2,27386,2022-04-06,2022,,広島,横浜FM,H,A,0.6394102099492102,0.20156636497325126,0.15902342507753867
2,27387,2022-04-06,2022,,福岡,鹿島,A,H,0.2609632535926711,0.15062637888676073,0.5884103675205683
2,27388,2022-04-06,2022,,鳥栖,札幌,H,H,0.31969635302225147,0.29118327294208773,0.38912037403566085
2,27389,2022-04-06,2022,,浦和,清水,D,D,0.130444916174317,0.6966901918645794,0.17286489196110366
2,27390,2022-04-06,2022,,名古屋,湘南,H,A,0.4006959638634472,0.2624637588214285,0.3368402773151244
2,26600,2022-04-09,2022,,いわてグルージャ盛岡,ザスパクサツ群馬,A,A,0.4930881546072397,0.2883145385409162,0.21859730685184403
2,26601,2022-04-09,2022,,大宮,甲府,A,H,0.2814665718701011,0.24496009401257887,0.4735733341173201
2,26602,2022-04-09,2022,,V・ファーレン長崎,町田,H,D,0.40301589225945816,0.5116131794768307,0.08537092826371123
2,26603,2022-04-09,2022,,東京V,熊本,A,H,0.25493756465964096,0.291397282697162,0.45366515264319707
2,26604,2022-04-09,2022,,FC琉球,岡山,D,A,0.4206517611863255,0.36060136451432073,0.21874687429935383
2,27391,2022-04-09,2022,,川崎F,柏,H,A,0.4589758861773367,0.11937395513169839,0.42165015869096495
2,26605,2022-04-10,2022,,仙台,レノファ山口FC,H,A,0.5195934637331311,0.18170169699939062,0.2987048392674783
2,26606,2022-04-10,2022,,山形,秋田,H,A,0.441954678437075,0.2499458003957705,0.3080995211671545
2,26607,2022-04-10,2022,,千葉,横浜FC,D,A,0.524240046395071,0.28211257327168876,0.19364738033324025
2,26608,2022-04-10,2022,,新潟,栃木SC,H,A,0.5909260725594723,0.27700648213061513,0.1320674453099126
2,26609,2022-04-10,2022,,ツエーゲン金沢,水戸,D,A,0.4191463764481381,0.37775241827423384,0.20310120527762815
2,26610,2022-04-10,2022,,大分,徳島,H,A,0.3680213359134543,0.32375644941290416,0.3082222146736416
2,27010,2022-04-10,2022,,アスルクラロ沼津,ギラヴァンツ北九州,H,D,0.24524618883551616,0.3925335885454,0.3622202226190839
2,27011,2022-04-10,2022,,ガイナーレ鳥取,Y.S.C.C.横浜,H,H,0.12417545759562464,0.26283381467673017,0.6129907277276452
2,27012,2022-04-10,2022,,FC今治,ヴァンラーレ八戸,H,H,0.09370536989176236,0.1790883744159857,0.727206255692252
2,27013,2022-04-10,2022,,鹿児島ユナイテッドFC,藤枝MYFC,H,H,0.3484479262100916,0.2655053000693368,0.38604677372057156
2,27014,2022-04-10,2022,,AC長野パルセイロ,いわきFC,A,D,0.18213798098224548,0.5276766545302309,0.2901853644875237
2,27015,2022-04-10,2022,,富山,FC岐阜,A,A,0.46770185662999314,0.2601770698843104,0.2721210734856964
2,27016,2022-04-10,2022,,カマタマーレ讃岐,福島ユナイテッドFC,D,D,0.26423347102446926,0.45606295199614233,0.27970357697938847
2,27017,2022-04-10,2022,,松本山雅FC,テゲバジャーロ宮崎,D,A,0.4652848231776995,0.22095493263852065,0.31376024418377985
2,27018,2022-04-10,2022,,愛媛FC,SC相模原,H,H,0.22994454310533327,0.22371561703292628,0.5463398398617405
2,27392,2022-04-10,2022,,清水,G大阪,D,A,0.5088821112883071,0.1806189186776237,0.3104989700340692
2,27393,2022-04-10,2022,,FC東京,浦和,D,D,0.19889061253580936,0.5179076735335393,0.28320171393065136
2,27394,2022-04-10,2022,,広島,福岡,H,D,0.2742503367579988,0.5838802338513034,0.14186942939069783
2,27395,2022-04-10,2022,,鹿島,横浜FM,A,A,0.5230433929347116,0.16200908649435355,0.31494752057093495
2,27396,2022-04-10,2022,,湘南,磐田,D,H,0.32648452848466336,0.30463586361252726,0.3688796079028094
2,27397,2022-04-10,2022,,名古屋,札幌,A,H,0.12379161786180906,0.20459151615793336,0.6716168659802576
2,27398,2022-04-10,2022,,京都,鳥栖,H,D,0.269093307186489,0.41772719294258903,0.3131794998709221
2,27399,2022-04-10,2022,,神戸,C大阪,A,A,0.4865776136585788,0.3384795639215484,0.17494282241987288
2,26611,2022-04-16,2022,,いわてグルージャ盛岡,大分,A,H,0.26693175824834475,0.2802890556165936,0.4527791861350616
2,26612,2022-04-16,2022,,大宮,千葉,H,H,0.25557786626400736,0.35373062611053496,0.3906915076254576
2,26613,2022-04-16,2022,,ツエーゲン金沢,甲府,A,A,0.4916120413370577,0.24960340928307911,0.25878454937986317
2,26614,2022-04-16,2022,,FC琉球,ザスパクサツ群馬,A,H,0.30532234708287426,0.274217742400767,0.4204599105163587
2,27019,2022-04-16,2022,,Y.S.C.C.横浜,AC長野パルセイロ,A,D,0.2767142235344053,0.41360823297417637,0.3096775434914184
2,27020,2022-04-16,2022,,鹿児島ユナイテッドFC,ガイナーレ鳥取,H,H,0.09281146466759857,0.3953443931323605,0.5118441422000409
2,27402,2022-04-16,2022,,札幌,FC東京,D,H,0.23489814489318311,0.3618656312362412,0.4032362238705756
2,26615,2022-04-17,2022,,秋田,V・ファーレン長崎,A,H,0.24797297393647075,0.2950026182789323,0.4570244077845969
2,26616,2022-04-17,2022,,水戸,徳島,D,D,0.33574998630493386,0.3679375526357243,0.29631246105934184
2,26617,2022-04-17,2022,,栃木SC,熊本,D,H,0.2621375790833234,0.22002066939382128,0.5178417515228553
2,26618,2022-04-17,2022,,町田,山形,D,A,0.45368425109754895,0.20625066210065077,0.3400650868018003
2,26619,2022-04-17,2022,,横浜FC,仙台,H,A,0.5245432934075333,0.18544621489965932,0.29001049169280746
2,26620,2022-04-17,2022,,岡山,新潟,D,A,0.6359166017279394,0.21442822434557912,0.1496551739264815
2,26621,2022-04-17,2022,,レノファ山口FC,東京V,H,H,0.11916420844911298,0.11149869860349436,0.7693370929473927
2,27021,2022-04-17,2022,,ヴァンラーレ八戸,カマタマーレ讃岐,A,A,0.5107696491639876,0.1132111029368988,0.37601924789911356
2,27022,2022-04-17,2022,,福島ユナイテッドFC,SC相模原,H,H,0.19602065811831393,0.2383833342656865,0.5655960076159996
2,27023,2022-04-17,2022,,いわきFC,FC今治,A,D,0.2736173490091077,0.545894158969061,0.18048849202183126
2,27024,2022-04-17,2022,,テゲバジャーロ宮崎,アスルクラロ沼津,H,D,0.09557465312711316,0.7072048694925682,0.1972204773803185
2,27025,2022-04-17,2022,,藤枝MYFC,富山,A,A,0.5086064762096149,0.26152710840428134,0.2298664153861039
2,27026,2022-04-17,2022,,FC岐阜,松本山雅FC,A,H,0.2523261823903946,0.35823796598341595,0.38943585162618943
2,27027,2022-04-17,2022,,ギラヴァンツ北九州,愛媛FC,D,A,0.4612576180117098,0.12021819877195501,0.4185241832163352
2,27403,2022-04-17,2022,,G大阪,湘南,A,D,0.17744092768303715,0.5727625751590397,0.2497964971579232
2,27404,2022-04-17,2022,,鹿島,名古屋,D,H,0.25448870095534637,0.3141442479951726,0.43136705104948103
2,27405,2022-04-17,2022,,鳥栖,清水,D,H,0.332290605098773,0.1277418307552376,0.5399675641459895
2,27406,2022-04-17,2022,,磐田,広島,D,H,0.15738376742454682,0.2198939774727643,0.622722255102689
2,27407,2022-04-17,2022,,柏,京都,A,D,0.3505361690576525,0.39095812654339573,0.2585057043989518
2,27408,2022-04-17,2022,,福岡,C大阪,D,H,0.33609467968932577,0.06512998436956001,0.5987753359411143
2,26622,2022-04-20,2022,,徳島,いわてグルージャ盛岡,H,A,0.5966227479050028,0.16809813146494,0.23527912063005726
2,26623,2022-04-20,2022,,大分,ツエーゲン金沢,A,A,0.5635441728261446,0.2042450994005548,0.23221072777330068
2,27342,2022-04-20,2022,,FC東京,名古屋,D,H,0.1877631931769667,0.059942029234633286,0.7522947775884
2,27003,2022-04-21,2022,,ヴァンラーレ八戸,アスルクラロ沼津,A,A,0.7270628582378101,0.0510869696645406,0.22185017209764932
2,26624,2022-04-22,2022,,熊本,岡山,D,H,0.21486575904748406,0.21672489805241446,0.5684093429001015
2,26625,2022-04-23,2022,,仙台,FC琉球,H,A,0.6363122711507497,0.032221390756977955,0.3314663380922723
2,26626,2022-04-23,2022,,山形,大宮,H,H,0.36733417322437883,0.16172473529948705,0.4709410914761341
2,26627,2022-04-23,2022,,東京V,千葉,D,A,0.6850026107718714,0.10558925427518304,0.2094081349529456
2,26628,2022-04-23,2022,,甲府,町田,H,A,0.4208378860000779,0.37459119078155273,0.2045709232183694
2,26629,2022-04-23,2022,,新潟,V・ファーレン長崎,H,A,0.7015604445998398,0.22315212569497747,0.07528742970518283
2,26630,2022-04-23,2022,,水戸,レノファ山口FC,H,A,0.6627949014462864,0.2573193013412429,0.07988579721247077
2,26631,2022-04-23,2022,,栃木SC,横浜FC,D,H,0.34435008687554874,0.16395649733355985,0.49169341579089154
2,26632,2022-04-24,2022,,ザスパクサツ群馬,秋田,A,H,0.08709849951738739,0.4189675941640749,0.4939339063185377
2,26633,2022-04-27,2022,,秋田,岡山,A,D,0.25154854316879466,0.6086211515233746,0.13983030530783072
2,26634,2022-04-27,2022,,大宮,ザスパクサツ群馬,H,A,0.7280468800187396,0.1715634858407435,0.10038963414051691
2,26635,2022-04-27,2022,,千葉,レノファ山口FC,H,A,0.4530614963717887,0.2871059130948268,0.2598325905333845
2,26636,2022-04-27,2022,,横浜FC,町田,D,A,0.6107615067588792,0.18457319332810992,0.20466529991301083
2,26637,2022-04-27,2022,,新潟,いわてグルージャ盛岡,H,A,0.3456208884259597,0.31702655091882914,0.3373525606552112
2,26638,2022-04-27,2022,,徳島,山形,A,D,0.27475744606503943,0.42472002433106365,0.3005225296038968
2,26639,2022-04-27,2022,,V・ファーレン長崎,水戸,H,H,0.32365624398833115,0.23139800873783065,0.4449457472738382
2,26640,2022-04-27,2022,,熊本,仙台,A,D,0.2550905559561328,0.4007629624954071,0.3441464815484602
2,26641,2022-04-27,2022,,大分,栃木SC,D,A,0.41127480671142863,0.355476218735139,0.2332489745534323
2,26642,2022-04-27,2022,,FC琉球,ツエーゲン金沢,D,D,0.290143562465046,0.369596164766691,0.34026027276826304
2,26643,2022-04-27,2022,,甲府,東京V,H,H,0.32085707567696975,0.14527955365539907,0.5338633706676312
2,27411,2022-04-28,2022,,磐田,名古屋,H,H,0.21455109394674135,0.15581588524824083,0.6296330208050178
2,27028,2022-04-29,2022,,いわきFC,ヴァンラーレ八戸,H,D,0.1801780501525829,0.5606731889487877,0.2591487608986293
2,27029,2022-04-29,2022,,FC今治,テゲバジャーロ宮崎,D,H,0.2765075647928005,0.1653494068161043,0.5581430283910953
2,27030,2022-04-29,2022,,富山,ガイナーレ鳥取,H,D,0.06693383123302303,0.6422927562615579,0.29077341250541905
2,27031,2022-04-29,2022,,愛媛FC,福島ユナイテッドFC,D,A,0.7195279928385901,0.1613605756546866,0.1191114315067233
2,27032,2022-04-29,2022,,ギラヴァンツ北九州,藤枝MYFC,A,D,0.3379011984451129,0.35545915444781484,0.3066396471070722
2,27034,2022-04-29,2022,,AC長野パルセイロ,鹿児島ユナイテッドFC,H,A,0.47788842578649215,0.3823971145944705,0.1397144596190374
2,27412,2022-04-29,2022,,札幌,湘南,H,D,0.11787078520530671,0.6568973278632593,0.22523188693143403
2,27413,2022-04-29,2022,,清水,広島,D,H,0.40189119438537607,0.09813404154449647,0.49997476407012736
2,27414,2022-04-29,2022,,柏,鳥栖,A,H,0.2810157408644931,0.34327484727542423,0.3757094118600826
2,27415,2022-04-29,2022,,C大阪,鹿島,A,H,0.29830800781583905,0.3444115320884067,0.35728046009575437
2,27416,2022-04-29,2022,,FC東京,G大阪,H,H,0.25841602554804866,0.30294635662461955,0.43863761782733174
2,27417,2022-04-29,2022,,京都,福岡,A,H,0.21540083462201381,0.18485551799975855,0.5997436473782276
2,26644,2022-04-30,2022,,千葉,大分,A,A,0.4179764201925524,0.36488018548116113,0.21714339432628657
2,26645,2022-04-30,2022,,レノファ山口FC,栃木SC,H,A,0.5395193752166261,0.07801086981264262,0.3824697549707313
2,26646,2022-04-30,2022,,水戸,甲府,H,A,0.471826980277206,0.25392082583114406,0.27425219389164995
2,26647,2022-04-30,2022,,FC琉球,新潟,D,A,0.39613495017313094,0.22395701300533402,0.3799080368215351
2,27035,2022-04-30,2022,,カマタマーレ讃岐,FC岐阜,H,A,0.4713865720428299,0.17329561313324604,0.35531781482392405
2,27036,2022-04-30,2022,,松本山雅FC,アスルクラロ沼津,H,A,0.524844795027812,0.17311814624951938,0.30203705872266856
2,26648,2022-05-01,2022,,いわてグルージャ盛岡,熊本,A,D,0.33920239339123465,0.46215305372782406,0.19864455288094118
2,26649,2022-05-01,2022,,岡山,東京V,H,H,0.31339704910649024,0.261663675351914,0.4249392755415959
2,26650,2022-05-01,2022,,山形,V・ファーレン長崎,H,A,0.6652723407336764,0.16162658148253234,0.17310107778379138
2,26651,2022-05-01,2022,,ザスパクサツ群馬,横浜FC,D,H,0.3722147497715224,0.17436517527074585,0.45342007495773184
2,26652,2022-05-01,2022,,町田,徳島,A,A,0.5159859359965266,0.15787462054482918,0.3261394434586442
2,26653,2022-05-01,2022,,ツエーゲン金沢,大宮,A,A,0.5046139087009747,0.2705988822137522,0.2247872090852732
2,26654,2022-05-01,2022,,仙台,秋田,H,H,0.1900105668721396,0.2716154305851824,0.538374002542678
2,27418,2022-05-03,2022,,名古屋,京都,D,H,0.3936048941665278,0.14620354999469995,0.46019155583877225
2,27419,2022-05-03,2022,,広島,柏,A,A,0.8581445162024227,0.039178907240006576,0.10267657655757056
2,27420,2022-05-03,2022,,鹿島,磐田,H,A,0.42582958987475833,0.27968425734768476,0.2944861527775568
2,27421,2022-05-03,2022,,湘南,清水,A,A,0.8624203584549244,0.052352358259983404,0.08522728328509223
2,27422,2022-05-03,2022,,鳥栖,C大阪,D,H,0.38931881328534035,0.04880305957090069,0.561878127143759
2,27426,2022-05-03,2022,,福岡,FC東京,H,A,0.38077223124227444,0.2632351229953829,0.3559926457623428
2,26655,2022-05-04,2022,,いわてグルージャ盛岡,V・ファーレン長崎,A,D,0.26520252697802127,0.4845455108580395,0.2502519621639392
2,26656,2022-05-04,2022,,秋田,FC琉球,H,D,0.30864192120811906,0.5532763212328466,0.13808175755903423
2,26657,2022-05-04,2022,,東京V,仙台,H,H,0.2983509813053768,0.3051470787785335,0.39650193991608973
2,26658,2022-05-04,2022,,横浜FC,熊本,A,D,0.2172146955072185,0.5516580205968333,0.23112728389594817
2,26659,2022-05-04,2022,,甲府,ザスパクサツ群馬,H,A,0.6075306430761624,0.1274153690423155,0.26505398788152207
2,26660,2022-05-04,2022,,新潟,ツエーゲン金沢,H,A,0.5865288289347552,0.21295779527676226,0.20051337578848255
2,26661,2022-05-04,2022,,岡山,水戸,H,D,0.23201644418567755,0.5377913639109666,0.23019219190335588
2,26662,2022-05-04,2022,,レノファ山口FC,町田,H,H,0.07569047485962818,0.29309010654716455,0.6312194185932073
2,26663,2022-05-04,2022,,徳島,千葉,H,H,0.16261651443871056,0.4125861101499058,0.4247973754113836
2,26664,2022-05-04,2022,,大分,大宮,D,D,0.2779714112773401,0.4755863459694054,0.24644224275325438
2,26665,2022-05-04,2022,,栃木SC,山形,A,A,0.5136941822774813,0.17394486958301766,0.312360948139501
2,27037,2022-05-04,2022,,アスルクラロ沼津,AC長野パルセイロ,H,H,0.28298208577279144,0.33472894512777934,0.3822889690994293
2,27039,2022-05-04,2022,,藤枝MYFC,FC岐阜,H,A,0.47877896702134254,0.3113224321489483,0.20989860082970935
2,27040,2022-05-04,2022,,カマタマーレ讃岐,FC今治,A,D,0.35562189964698926,0.4028738932449347,0.24150420710807596
2,27041,2022-05-04,2022,,松本山雅FC,ギラヴァンツ北九州,D,A,0.5599194666335398,0.24592787577556025,0.1941526575909
2,27042,2022-05-04,2022,,福島ユナイテッドFC,いわきFC,A,H,0.16133251688746794,0.2783223190084872,0.5603451641040449
2,27423,2022-05-04,2022,,G大阪,札幌,D,A,0.5450814296776691,0.25087933333545354,0.20403923698687734
2,27043,2022-05-05,2022,,Y.S.C.C.横浜,テゲバジャーロ宮崎,A,D,0.2903015515357694,0.540092077937336,0.1696063705268946
2,27045,2022-05-05,2022,,鹿児島ユナイテッドFC,富山,H,H,0.17470278720963883,0.38042988493973673,0.4448673278506244
2,27427,2022-05-06,2022,,C大阪,磐田,H,H,0.1981274554386264,0.09155739925930483,0.7103151453020689
2,27428,2022-05-07,2022,,清水,川崎F,A,D,0.20910421567217133,0.418468003748314,0.37242778057951464
2,27429,2022-05-07,2022,,広島,鹿島,H,A,0.6939216135866493,0.06966324075099885,0.23641514566235197
2,27430,2022-05-07,2022,,横浜FM,名古屋,H,A,0.38637310156092763,0.24292337833483377,0.3707035201042386
2,27431,2022-05-07,2022,,札幌,京都,H,D,0.19281069531738193,0.41602553974624584,0.3911637649363722
2,27432,2022-05-07,2022,,福岡,湘南,D,A,0.5180855321450928,0.30395501071220027,0.17795945714270706
2,26666,2022-05-08,2022,,秋田,横浜FC,H,H,0.3539196313539687,0.2191145038871185,0.42696586475891274
2,26668,2022-05-08,2022,,熊本,FC琉球,A,H,0.24154411754838565,0.1440469651315725,0.614408917320042
2,26669,2022-05-08,2022,,山形,大分,D,H,0.17578579536529204,0.32813556145638867,0.49607864317831935
2,26670,2022-05-08,2022,,水戸,町田,D,A,0.6719752165868689,0.06795053442659933,0.26007424898653186
2,26671,2022-05-08,2022,,ザスパクサツ群馬,徳島,D,H,0.2910298195069573,0.25017975880778726,0.4587904216852554
2,26672,2022-05-08,2022,,新潟,東京V,H,H,0.2503755852707302,0.3580689400635426,0.39155547466572715
2,26673,2022-05-08,2022,,ツエーゲン金沢,レノファ山口FC,H,A,0.4020310828751983,0.3818522079615109,0.2161167091632909
2,26674,2022-05-08,2022,,V・ファーレン長崎,仙台,A,H,0.18033053797566906,0.12290598516434247,0.6967634768599885
2,26675,2022-05-08,2022,,千葉,岡山,H,D,0.3178692362911141,0.4361444630056584,0.2459863007032275
2,26676,2022-05-08,2022,,栃木SC,甲府,D,A,0.8010553852166271,0.10508533694268117,0.09385927784069165
2,27433,2022-05-08,2022,,G大阪,神戸,H,H,0.34300739864198093,0.3054531850790151,0.35153941627900404
2,27434,2022-05-08,2022,,FC東京,鳥栖,A,A,0.4981161215528403,0.23250368462269774,0.26938019382446193
2,27435,2022-05-08,2022,,柏,浦和,D,D,0.15266964093669427,0.5061449077977869,0.3411854512655189
2,27436,2022-05-13,2022,,浦和,広島,D,H,0.1693880812408951,0.1371123232115235,0.6934995955475814
2,26678,2022-05-14,2022,,甲府,レノファ山口FC,D,A,0.45402597840464304,0.29954154845526204,0.24643247314009503
2,26679,2022-05-14,2022,,V・ファーレン長崎,大宮,D,H,0.4032677886164393,0.19171391393541254,0.40501829744814816
2,26680,2022-05-14,2022,,大分,熊本,A,D,0.20064422234817167,0.5502529696235695,0.24910280802825877
2,26681,2022-05-14,2022,,東京V,水戸,A,A,0.46145928521127255,0.29448499500270764,0.24405571978601978
2,26682,2022-05-14,2022,,FC琉球,栃木SC,H,H,0.19340572761864033,0.28243232230814236,0.5241619500732173
2,27437,2022-05-14,2022,,磐田,FC東京,H,A,0.5256775298720561,0.23118973621655894,0.24313273391138499
2,27438,2022-05-14,2022,,名古屋,C大阪,H,H,0.2858633689549062,0.16378224265170171,0.5503543883933921
2,27439,2022-05-14,2022,,京都,清水,D,H,0.21474613824952513,0.3037654640433167,0.4814883977071581
2,27440,2022-05-14,2022,,鹿島,札幌,H,A,0.49056813496126306,0.2498240029107883,0.25960786212794873
2,27441,2022-05-14,2022,,神戸,鳥栖,H,D,0.3654174169620523,0.3902972302031603,0.2442853528347874
2,27442,2022-05-14,2022,,川崎F,福岡,H,H,0.26948657952763705,0.2225642771158251,0.507949143356538
2,27443,2022-05-14,2022,,湘南,横浜FM,A,A,0.4341956573721871,0.30312103640124516,0.2626833062265678
2,27444,2022-05-14,2022,,柏,G大阪,A,H,0.291568151854514,0.1508568908730214,0.5575749572724645
2,26683,2022-05-15,2022,,仙台,ツエーゲン金沢,H,H,0.38491005005382134,0.15278911138070064,0.46230083856547804
2,26684,2022-05-15,2022,,町田,新潟,H,A,0.4632074067351883,0.3868422235754141,0.14995036968939754
2,26685,2022-05-15,2022,,横浜FC,徳島,H,A,0.49524171462562694,0.3137418287827535,0.19101645659161964
2,26686,2022-05-15,2022,,岡山,ザスパクサツ群馬,A,D,0.3816126821511767,0.49766437414009584,0.12072294370872727
2,26687,2022-05-15,2022,,千葉,秋田,A,H,0.137758861565431,0.21906823296790226,0.6431729054666667
2,27046,2022-05-15,2022,,いわきFC,藤枝MYFC,D,H,0.34484567452399967,0.20367610499368005,0.4514782204823202
2,27047,2022-05-15,2022,,アスルクラロ沼津,愛媛FC,D,D,0.3359464120722761,0.3913657095640684,0.2726878783636555
2,27048,2022-05-15,2022,,ガイナーレ鳥取,福島ユナイテッドFC,A,A,0.4609010215145823,0.19940616140514408,0.3396928170802736
2,27049,2022-05-15,2022,,FC今治,鹿児島ユナイテッドFC,A,A,0.4746306740697435,0.1871597173284024,0.3382096086018542
2,27050,2022-05-15,2022,,テゲバジャーロ宮崎,カマタマーレ讃岐,D,D,0.059490414784274775,0.8150472451179219,0.1254623400978033
2,27051,2022-05-15,2022,,ヴァンラーレ八戸,ギラヴァンツ北九州,H,A,0.5269158607976777,0.3540893524016184,0.11899478680070402
2,27052,2022-05-15,2022,,富山,Y.S.C.C.横浜,H,A,0.47660099989328397,0.2759463596318758,0.24745264047484017
2,27053,2022-05-15,2022,,FC岐阜,SC相模原,H,D,0.3048806144587482,0.4280675324585571,0.2670518530826946
2,27054,2022-05-15,2022,,AC長野パルセイロ,松本山雅FC,D,H,0.06393405300574176,0.36097702618283234,0.5750889208114259
2,26667,2022-05-18,2022,,大宮,いわてグルージャ盛岡,A,D,0.17743544014921325,0.6142959353292533,0.2082686245215335
2,27009,2022-05-18,2022,,FC岐阜,ガイナーレ鳥取,H,A,0.5024679399068569,0.3717781544212209,0.12575390567192213
2,27424,2022-05-18,2022,,神戸,川崎F,A,D,0.35159853518457185,0.36624064624891445,0.28216081856651365
2,27425,2022-05-18,2022,,浦和,横浜FM,D,A,0.35328552056667034,0.3395538143567917,0.30716066507653794
2,27033,2022-05-19,2022,,SC相模原,Y.S.C.C.横浜,D,H,0.1538526801335614,0.2803988810266506,0.565748438839788
2,26688,2022-05-21,2022,,熊本,千葉,D,H,0.2634706569269368,0.17347941982505216,0.5630499232480112
2,26689,2022-05-21,2022,,秋田,東京V,D,D,0.21396784199605168,0.5409527161694265,0.24507944183452177
2,26690,2022-05-21,2022,,大宮,仙台,A,A,0.417442537664689,0.37905501586134377,0.20350244647396729
2,26691,2022-05-21,2022,,新潟,横浜FC,H,A,0.38252390806759573,0.3192936121669432,0.29818247976546114
2,26692,2022-05-21,2022,,ツエーゲン金沢,山形,D,A,0.40655674563318916,0.3578316548481936,0.23561159951861718
2,26693,2022-05-21,2022,,徳島,栃木SC,A,D,0.3983070634805568,0.47017731737952834,0.13151561913991497
2,26694,2022-05-21,2022,,水戸,いわてグルージャ盛岡,H,A,0.397160847215664,0.21917335176332398,0.38366580102101194
2,26695,2022-05-21,2022,,岡山,大分,H,A,0.6165644078912628,0.14543728547130463,0.23799830663743257
2,26696,2022-05-21,2022,,FC琉球,甲府,D,A,0.3797946682087941,0.27288892461478365,0.3473164071764223
2,27445,2022-05-21,2022,,広島,京都,H,A,0.5069338017060895,0.12312690687047655,0.36993929142343407
2,27446,2022-05-21,2022,,清水,名古屋,A,A,0.4284350362818805,0.268054204159537,0.30351075955858253
2,27447,2022-05-21,2022,,C大阪,G大阪,H,A,0.3430805225619497,0.3174020811873592,0.3395173962506911
2,27448,2022-05-21,2022,,FC東京,柏,D,H,0.3679453690974676,0.22805642792034855,0.4039982029821839
2,27449,2022-05-21,2022,,湘南,神戸,H,A,0.47378325176104086,0.38704920050346964,0.13916754773548937
2,27450,2022-05-21,2022,,浦和,鹿島,D,A,0.4073889186267183,0.39704966131649005,0.19556142005679167
2,27451,2022-05-21,2022,,福岡,横浜FM,H,A,0.5906243121168584,0.26538980300008846,0.14398588488305308
2,27453,2022-05-21,2022,,鳥栖,川崎F,D,H,0.2359231839245669,0.29037555254915276,0.47370126352628034
2,26697,2022-05-22,2022,,町田,ザスパクサツ群馬,H,H,0.32186143310086723,0.3372091779571867,0.3409293889419461
2,26698,2022-05-22,2022,,レノファ山口FC,V・ファーレン長崎,A,A,0.4834916358045103,0.28098574047149105,0.23552262372399876
2,27452,2022-05-22,2022,,磐田,札幌,A,D,0.16645596420609468,0.43617715412277397,0.39736688167113127
2,26699,2022-05-25,2022,,いわてグルージャ盛岡,横浜FC,A,D,0.23860609833366025,0.5384210808831441,0.22297282078319558
2,26700,2022-05-25,2022,,仙台,岡山,D,A,0.43007672831603583,0.23854935089890383,0.3313739207850603
2,26701,2022-05-25,2022,,山形,レノファ山口FC,H,H,0.30957155825088495,0.29172571588436697,0.3987027258647481
2,26702,2022-05-25,2022,,水戸,新潟,A,A,0.4436806242125641,0.2921071445301179,0.2642122312573181
2,26703,2022-05-25,2022,,栃木SC,町田,H,D,0.35725209591543255,0.3819141975733238,0.2608337065112437
2,26704,2022-05-25,2022,,ザスパクサツ群馬,熊本,A,D,0.11143736598378523,0.7687688899296196,0.11979374408659521
2,26705,2022-05-25,2022,,大宮,FC琉球,H,A,0.41420364119611086,0.3004951813192529,0.2853011774846362
2,26706,2022-05-25,2022,,東京V,ツエーゲン金沢,A,D,0.254070574609815,0.3799696537818387,0.3659597716083463
2,26707,2022-05-25,2022,,V・ファーレン長崎,千葉,A,D,0.22023369957598252,0.5767612136800331,0.20300508674398443
2,26708,2022-05-25,2022,,大分,秋田,D,H,0.13752127446146317,0.24340551793003928,0.6190732076084975
2,26709,2022-05-25,2022,,甲府,徳島,D,A,0.6212259067988516,0.19457959272968897,0.18419450047145935
2,27044,2022-05-25,2022,,ガイナーレ鳥取,愛媛FC,A,D,0.25828259612244187,0.5728965104799882,0.16882089339756984
2,27454,2022-05-25,2022,,鹿島,鳥栖,D,H,0.2687536148515772,0.30062245016707195,0.4306239349813508
2,27456,2022-05-25,2022,,C大阪,浦和,H,H,0.2880783759654604,0.3216295102952301,0.39029211373930955
2,27457,2022-05-25,2022,,名古屋,福岡,H,A,0.4593696379474917,0.26427176543925235,0.27635859661325596
2,27458,2022-05-25,2022,,札幌,柏,A,H,0.42901488469154797,0.13166443133957506,0.4393206839688771
2,27459,2022-05-25,2022,,川崎F,湘南,A,H,0.20965827701470657,0.17212040831471076,0.6182213146705826
2,27460,2022-05-25,2022,,横浜FM,京都,H,H,0.16550845769745937,0.12796583488158023,0.7065257074209604
2,27461,2022-05-25,2022,,清水,FC東京,A,D,0.24319431455691826,0.3847046510974298,0.372101034345652
2,27462,2022-05-25,2022,,神戸,磐田,D,H,0.3596915371779989,0.1139569187020139,0.5263515441199873
2,26710,2022-05-28,2022,,熊本,甲府,D,A,0.3723053839435354,0.3723021970875001,0.2553924189689645
2,26711,2022-05-28,2022,,東京V,大宮,D,D,0.23622280491858108,0.43035582366087943,0.33342137142053946
2,27055,2022-05-28,2022,,ギラヴァンツ北九州,Y.S.C.C.横浜,A,A,0.5850181424370158,0.17274303893564377,0.2422388186273405
2,27463,2022-05-28,2022,,広島,名古屋,H,H,0.1551904408067617,0.3294119554130356,0.5153976037802027
2,27464,2022-05-28,2022,,福岡,浦和,D,H,0.31142533511057935,0.21666657287780453,0.4719080920116161
2,26712,2022-05-29,2022,,仙台,栃木SC,H,H,0.33991646590902264,0.16419991173310883,0.4958836223578686
2,26713,2022-05-29,2022,,町田,秋田,H,A,0.5861936246596047,0.05292374573392077,0.3608826296064745
2,26714,2022-05-29,2022,,横浜FC,レノファ山口FC,H,A,0.41827134486325185,0.31059306251184954,0.2711355926248985
2,26715,2022-05-29,2022,,新潟,山形,H,A,0.6891746792942772,0.21211078968418753,0.09871453102153525
2,26716,2022-05-29,2022,,V・ファーレン長崎,岡山,D,A,0.351029616969276,0.32675294630028595,0.32221743673043807
2,26717,2022-05-29,2022,,千葉,水戸,H,D,0.2996463030625854,0.39420499684017674,0.30614870009723794
2,26718,2022-05-29,2022,,ザスパクサツ群馬,大分,A,A,0.6597944398659306,0.15557149846842722,0.18463406166564228
2,26719,2022-05-29,2022,,FC琉球,徳島,D,A,0.39385423417369136,0.24455400432406912,0.3615917615022395
2,26720,2022-05-29,2022,,ツエーゲン金沢,いわてグルージャ盛岡,H,H,0.21626671942648518,0.17017486929738038,0.6135584112761344
2,27056,2022-05-29,2022,,松本山雅FC,FC今治,H,D,0.1349146647276219,0.5566168886169977,0.3084684466553805
2,27057,2022-05-29,2022,,福島ユナイテッドFC,テゲバジャーロ宮崎,D,H,0.19200957677988012,0.11210916658916148,0.6958812566309583
2,27058,2022-05-29,2022,,いわきFC,ガイナーレ鳥取,H,A,0.518010812044893,0.23751516749512422,0.24447402045998282
2,27059,2022-05-29,2022,,SC相模原,富山,A,H,0.17450174396492307,0.31260696520628567,0.5128912908287913
2,27060,2022-05-29,2022,,AC長野パルセイロ,FC岐阜,D,A,0.35867729996403874,0.32434776762076833,0.3169749324151929
2,27061,2022-05-29,2022,,藤枝MYFC,アスルクラロ沼津,H,H,0.35824677845374703,0.202089075133849,0.439664146412404
2,27062,2022-05-29,2022,,カマタマーレ讃岐,鹿児島ユナイテッドFC,A,D,0.2440111828279348,0.3903965357439987,0.3655922814280665
2,27063,2022-05-29,2022,,愛媛FC,ヴァンラーレ八戸,H,A,0.5290181807651229,0.21228335696892076,0.25869846226595633
2,27465,2022-05-29,2022,,京都,川崎F,H,A,0.6404924672681633,0.08343032164388607,0.2760772110879506
2,27466,2022-05-29,2022,,神戸,札幌,H,D,0.2527385552878524,0.541680346780612,0.20558109793153556
2,27467,2022-05-29,2022,,FC東京,鹿島,H,H,0.16946657596608136,0.2143545475105415,0.6161788765233771
2,27468,2022-05-29,2022,,湘南,C大阪,A,A,0.43147174733433313,0.342688420067219,0.22583983259844784
2,27469,2022-05-29,2022,,柏,清水,H,H,0.1928290939905609,0.21116253373602983,0.5960083722734093
2,27470,2022-05-29,2022,,磐田,横浜FM,A,A,0.43835337925162254,0.266184453280629,0.2954621674677485
2,27471,2022-05-29,2022,,鳥栖,G大阪,H,D,0.18846801736271743,0.5044858843430472,0.30704609829423535
2,26721,2022-06-04,2022,,岡山,ツエーゲン金沢,H,H,0.30969382235260945,0.26729333927518084,0.42301283837220965
2,26730,2022-06-04,2022,,徳島,新潟,D,A,0.5523204755646232,0.33239338574940464,0.11528613868597214
2,27064,2022-06-04,2022,,Y.S.C.C.横浜,いわきFC,A,H,0.18841876191349283,0.3517484364477371,0.45983280163877016
2,27065,2022-06-04,2022,,SC相模原,ギラヴァンツ北九州,H,D,0.38790401516977296,0.3933861174952933,0.21870986733493375
2,26722,2022-06-05,2022,,秋田,熊本,D,D,0.24801462393069185,0.5247692680298947,0.22721610803941347
2,26723,2022-06-05,2022,,山形,FC琉球,H,A,0.38315493358378955,0.26586214034439165,0.35098292607181886
2,26724,2022-06-05,2022,,大宮,水戸,A,A,0.4532066770232163,0.25730107086697523,0.28949225210980845
2,26725,2022-06-05,2022,,千葉,仙台,H,H,0.25931291969824627,0.29872905354643875,0.44195802675531487
2,26726,2022-06-05,2022,,横浜FC,東京V,D,A,0.5557578555474019,0.2359484769064787,0.20829366754611942
2,26727,2022-06-05,2022,,レノファ山口FC,ザスパクサツ群馬,H,H,0.36215729077056363,0.10692585133222146,0.5309168578972149
2,26728,2022-06-05,2022,,いわてグルージャ盛岡,甲府,H,A,0.7143819270885308,0.13216953069653126,0.15344854221493795
2,26729,2022-06-05,2022,,栃木SC,V・ファーレン長崎,A,D,0.18813993739276852,0.5370541064606335,0.27480595614659814
2,26731,2022-06-05,2022,,大分,町田,H,H,0.23116316453664706,0.27456042592690943,0.49427640953644353
2,27066,2022-06-05,2022,,福島ユナイテッドFC,藤枝MYFC,A,H,0.23533078516207065,0.12146444395294433,0.6432047708849851
2,27067,2022-06-05,2022,,ガイナーレ鳥取,松本山雅FC,D,H,0.3734669069329988,0.16926839322543835,0.45726469984156287
2,27068,2022-06-05,2022,,FC今治,愛媛FC,H,A,0.5973390186438419,0.18843454844312796,0.2142264329130301
2,27069,2022-06-05,2022,,テゲバジャーロ宮崎,AC長野パルセイロ,H,H,0.28646738957258566,0.20177978995570062,0.5117528204717138
2,27070,2022-06-05,2022,,鹿児島ユナイテッドFC,アスルクラロ沼津,H,H,0.3421227247962789,0.10628562115682225,0.5515916540468989
2,27071,2022-06-05,2022,,富山,カマタマーレ讃岐,H,H,0.24347846305855034,0.24811783753537442,0.5084036994060753
2,27072,2022-06-05,2022,,FC岐阜,ヴァンラーレ八戸,D,H,0.3449678736425149,0.24678822658436103,0.4082438997731241
2,26732,2022-06-11,2022,,甲府,千葉,D,A,0.3777177516117752,0.3007982741267444,0.32148397426148034
2,26733,2022-06-11,2022,,ツエーゲン金沢,横浜FC,D,D,0.31327588367467585,0.43591987548043465,0.2508042408448896
2,26734,2022-06-11,2022,,FC琉球,V・ファーレン長崎,A,A,0.43842239848122033,0.18825600999114728,0.37332159152763245
2,26741,2022-06-11,2022,,徳島,仙台,D,D,0.20107528108188713,0.4892296945015044,0.30969502441660857
2,26742,2022-06-11,2022,,大分,新潟,A,H,0.2803999387462008,0.24682520426114193,0.4727748569926573
2,27073,2022-06-11,2022,,松本山雅FC,藤枝MYFC,H,D,0.17074230254762443,0.4447812743526308,0.38447642309974467
2,26735,2022-06-12,2022,,レノファ山口FC,岡山,A,H,0.08551342363210974,0.2608240264212141,0.6536625499466762
2,26736,2022-06-12,2022,,秋田,大宮,A,A,0.4217655293994105,0.25597213580787725,0.3222623347927124
2,26737,2022-06-12,2022,,水戸,山形,H,A,0.4906978826848471,0.3313083859028305,0.17799373141232236
2,26738,2022-06-12,2022,,町田,熊本,D,A,0.4281207137632458,0.2861187779984858,0.2857605082382684
2,26739,2022-06-12,2022,,ザスパクサツ群馬,栃木SC,D,A,0.40517208822953255,0.39117947433264044,0.20364843743782698
2,26740,2022-06-12,2022,,東京V,いわてグルージャ盛岡,D,H,0.07995466840951922,0.22363697869089683,0.6964083528995839
2,27074,2022-06-12,2022,,アスルクラロ沼津,Y.S.C.C.横浜,H,H,0.18818582715873722,0.1353089904076985,0.6765051824335643
2,27075,2022-06-12,2022,,ヴァンラーレ八戸,ガイナーレ鳥取,A,H,0.3222128072135717,0.11648817289456115,0.5612990198918671
2,27076,2022-06-12,2022,,FC岐阜,鹿児島ユナイテッドFC,H,A,0.3769705235141822,0.3561281282221081,0.2669013482637096
2,27077,2022-06-12,2022,,カマタマーレ讃岐,いわきFC,A,A,0.45125658666710294,0.41297467721173037,0.13576873612116672
2,27078,2022-06-12,2022,,ギラヴァンツ北九州,福島ユナイテッドFC,D,A,0.4395152344051646,0.28866715705404106,0.27181760854079434
2,27079,2022-06-12,2022,,テゲバジャーロ宮崎,富山,A,D,0.1817645577672299,0.43195383587413727,0.3862816063586329
2,27080,2022-06-12,2022,,FC今治,SC相模原,A,H,0.2888772311742257,0.2708948816499203,0.44022788717585404
2,27081,2022-06-12,2022,,AC長野パルセイロ,愛媛FC,D,H,0.11708673447155932,0.36778656878942567,0.515126696739015
2,26677,2022-06-15,2022,,いわてグルージャ盛岡,山形,D,D,0.2867731230244154,0.5101097761555867,0.20311710081999776
2,27038,2022-06-15,2022,,ヴァンラーレ八戸,SC相模原,H,D,0.38411091020747723,0.40371176116835933,0.21217732862416344
2,26743,2022-06-18,2022,,千葉,大宮,D,A,0.4846078326285666,0.3939828801107643,0.12140928726066912
2,26744,2022-06-18,2022,,いわてグルージャ盛岡,徳島,H,A,0.4267877008079055,0.2769802499641554,0.29623204922793916
2,26745,2022-06-18,2022,,仙台,横浜FC,A,D,0.11801687413359477,0.5761445571314208,0.30583856873498455
2,26746,2022-06-18,2022,,栃木SC,大分,D,H,0.28056052088476247,0.20610105862941494,0.5133384204858227
2,26747,2022-06-18,2022,,東京V,レノファ山口FC,H,H,0.25574393302836235,0.3062900320834642,0.4379660348881734
2,26748,2022-06-18,2022,,熊本,水戸,D,H,0.32750629860257613,0.28232190498443704,0.3901717964129868
2,26749,2022-06-18,2022,,山形,甲府,A,A,0.669361800133606,0.16156715749181325,0.16907104237458073
2,26750,2022-06-18,2022,,岡山,FC琉球,H,A,0.5738047839100947,0.14607017393338212,0.2801250421565231
2,26751,2022-06-18,2022,,V・ファーレン長崎,ザスパクサツ群馬,H,H,0.3815964197011625,0.19059553945420762,0.42780804084463003
2,27082,2022-06-18,2022,,福島ユナイテッドFC,FC岐阜,A,H,0.42969646235351194,0.13155719409402908,0.438746343552459
2,27083,2022-06-18,2022,,SC相模原,カマタマーレ讃岐,A,H,0.24006723876049088,0.29562236369222067,0.4643103975472885
2,27084,2022-06-18,2022,,愛媛FC,松本山雅FC,H,A,0.4169782398938759,0.2499135196972125,0.3331082404089116
2,27085,2022-06-18,2022,,鹿児島ユナイテッドFC,Y.S.C.C.横浜,H,H,0.21646925515419657,0.07188580411645225,0.7116449407293512
2,27472,2022-06-18,2022,,鹿島,京都,H,H,0.2043084142863852,0.2887052568073734,0.5069863289062414
2,27473,2022-06-18,2022,,湘南,FC東京,H,A,0.5021671371437529,0.22833402868990313,0.2694988341663439
2,27474,2022-06-18,2022,,清水,福岡,H,H,0.41612823500829244,0.13200603320249676,0.4518657317892108
2,27475,2022-06-18,2022,,磐田,鳥栖,H,H,0.12889384440124424,0.1937302113167129,0.6773759442820428
2,27476,2022-06-18,2022,,浦和,名古屋,H,H,0.30778623212914097,0.33275752537765,0.35945624249320896
2,27477,2022-06-18,2022,,柏,神戸,H,H,0.23098777073390367,0.09413805122172074,0.6748741780443757
2,27478,2022-06-18,2022,,川崎F,札幌,H,A,0.538726458015224,0.09684487740427251,0.36442866458050355
2,27479,2022-06-18,2022,,G大阪,横浜FM,A,A,0.5999440755062714,0.2225387292901638,0.17751719520356488
2,27480,2022-06-18,2022,,広島,C大阪,H,H,0.17097757747978348,0.2229509728178478,0.6060714497023688
2,26752,2022-06-19,2022,,新潟,秋田,H,A,0.4511815888686605,0.29601546798341793,0.2528029431479216
2,26753,2022-06-19,2022,,町田,ツエーゲン金沢,H,H,0.1386314828296053,0.4072951006229308,0.454073416547464
2,27086,2022-06-19,2022,,いわきFC,ギラヴァンツ北九州,D,D,0.17192222372305502,0.4402397760931692,0.3878380001837758
2,27087,2022-06-19,2022,,ガイナーレ鳥取,テゲバジャーロ宮崎,H,A,0.5229617910126307,0.306264004052309,0.1707742049350604
2,27088,2022-06-19,2022,,藤枝MYFC,FC今治,A,H,0.28415074189212824,0.31128601795935945,0.40456324014851236
2,27089,2022-06-19,2022,,AC長野パルセイロ,ヴァンラーレ八戸,H,A,0.4656150607466981,0.14112768199499467,0.3932572572583072
2,27090,2022-06-19,2022,,富山,アスルクラロ沼津,H,D,0.2667871641316166,0.36939761710390523,0.3638152187644782
2,26754,2022-06-25,2022,,仙台,山形,D,D,0.32423354523457665,0.5182089646763833,0.15755749008904008
2,26755,2022-06-25,2022,,水戸,岡山,D,A,0.39506089166199426,0.3416970393093073,0.2632420690286986
2,26756,2022-06-25,2022,,V・ファーレン長崎,秋田,D,H,0.06471611942477085,0.1503292310566515,0.7849546495185776
2,26757,2022-06-25,2022,,熊本,大分,A,D,0.1278182272943175,0.45032446344301,0.4218573092626725
2,27091,2022-06-25,2022,,Y.S.C.C.横浜,藤枝MYFC,A,H,0.1388737387155886,0.03168301621512948,0.8294432450692819
2,27092,2022-06-25,2022,,富山,AC長野パルセイロ,H,D,0.21188124514795023,0.5060332099220115,0.28208554493003823
2,27093,2022-06-25,2022,,ガイナーレ鳥取,SC相模原,D,D,0.17371575184864516,0.4372951442184444,0.38898910393291053
2,27094,2022-06-25,2022,,愛媛FC,鹿児島ユナイテッドFC,H,A,0.6989961612280602,0.11297358367148391,0.18803025510045593
2,27481,2022-06-25,2022,,横浜FM,柏,H,H,0.36066055453518703,0.1289176084367595,0.5104218370280534
2,27482,2022-06-25,2022,,川崎F,磐田,D,A,0.4803829719790659,0.1910144309611287,0.3286025970598055
2,27483,2022-06-25,2022,,福岡,広島,A,H,0.25190513841682,0.3555976964252502,0.3924971651579299
2,26758,2022-06-26,2022,,千葉,東京V,H,D,0.23076846017133656,0.4363203220431282,0.3329112177855353
2,26759,2022-06-26,2022,,栃木SC,いわてグルージャ盛岡,D,H,0.3548855535175555,0.05588250615352435,0.5892319403289202
2,26760,2022-06-26,2022,,横浜FC,新潟,H,A,0.6622106268865303,0.1363752648836893,0.20141410822978043
2,26761,2022-06-26,2022,,徳島,ザスパクサツ群馬,H,H,0.3812029825756668,0.19153998595682473,0.4272570314675085
2,26762,2022-06-26,2022,,FC琉球,町田,A,A,0.6213381052837506,0.21834868536629445,0.160313209349955
2,26763,2022-06-26,2022,,大宮,ツエーゲン金沢,A,A,0.41204803087101594,0.2462331711401028,0.34171879798888133
2,26764,2022-06-26,2022,,レノファ山口FC,甲府,H,H,0.17887730602477683,0.2944826694247948,0.5266400245504285
2,27095,2022-06-26,2022,,ヴァンラーレ八戸,福島ユナイテッドFC,H,D,0.21481769677376428,0.4470848736166622,0.33809742960957356
2,27096,2022-06-26,2022,,テゲバジャーロ宮崎,FC岐阜,A,D,0.34878796419218044,0.442613380991479,0.2085986548163406
2,27097,2022-06-26,2022,,FC今治,アスルクラロ沼津,D,H,0.2610153591481589,0.2222813133263452,0.516703327525496
2,27098,2022-06-26,2022,,松本山雅FC,いわきFC,H,D,0.292004720826818,0.3800530658573115,0.3279422133158704
2,27099,2022-06-26,2022,,ギラヴァンツ北九州,カマタマーレ讃岐,H,A,0.5353485946418272,0.31681140295906113,0.1478400023991118
2,27484,2022-06-26,2022,,札幌,G大阪,H,H,0.26834089563569197,0.13869942775625047,0.5929596766080576
2,27485,2022-06-26,2022,,名古屋,鹿島,D,D,0.29960407796191274,0.4642566524170385,0.23613926962104886
2,27486,2022-06-26,2022,,C大阪,清水,D,D,0.17411355204312068,0.549045541498612,0.2768409064582673
2,27487,2022-06-26,2022,,神戸,浦和,A,A,0.4975346234878644,0.1031390847320093,0.3993262917801263
2,27488,2022-06-26,2022,,京都,湘南,A,H,0.24950166804831833,0.19128204335656313,0.5592162885951185
2,27489,2022-06-26,2022,,鳥栖,FC東京,H,A,0.7392106617497803,0.09389346590589312,0.16689587234432654
2,27455,2022-06-29,2022,,G大阪,広島,H,H,0.14789693371981866,0.39171931229289103,0.4603837539872904
2,26765,2022-07-02,2022,,秋田,レノファ山口FC,A,H,0.4132121238937321,0.08644006640756095,0.500347809698707
2,26766,2022-07-02,2022,,いわてグルージャ盛岡,大宮,H,A,0.6018132143994975,0.2378889276980478,0.16029785790245468
2,26767,2022-07-02,2022,,水戸,横浜FC,A,D,0.15998527339507806,0.5142604760588202,0.32575425054610174
2,26768,2022-07-02,2022,,町田,仙台,A,H,0.24315242423616182,0.26842487711370056,0.4884226986501377
2,26769,2022-07-02,2022,,甲府,V・ファーレン長崎,A,A,0.45317846727808003,0.21148590856318497,0.3353356241587349
2,26770,2022-07-02,2022,,山形,栃木SC,A,H,0.1503056216425568,0.41675147036857013,0.432942907988873
2,26771,2022-07-02,2022,,ツエーゲン金沢,徳島,A,A,0.4854896488358965,0.32591085332253245,0.1885994978415709
2,26772,2022-07-02,2022,,岡山,熊本,A,A,0.4000057371505296,0.38795076893426,0.21204349391521035
2,26773,2022-07-02,2022,,大分,千葉,H,H,0.28999266254823336,0.3163130154953289,0.3936943219564377
2,26774,2022-07-02,2022,,ザスパクサツ群馬,新潟,A,D,0.13632088127054448,0.6035224845968526,0.26015663413260287
2,27100,2022-07-02,2022,,アスルクラロ沼津,ガイナーレ鳥取,H,H,0.18882019651362442,0.07628219265251097,0.7348976108338646
2,27101,2022-07-02,2022,,いわきFC,テゲバジャーロ宮崎,H,A,0.44385240830951883,0.23061884006036568,0.3255287516301156
2,27102,2022-07-02,2022,,福島ユナイテッドFC,富山,D,H,0.2624595986970467,0.32596022051588003,0.4115801807870733
2,27103,2022-07-02,2022,,藤枝MYFC,愛媛FC,H,A,0.5649096557538561,0.20219338153683286,0.2328969627093111
2,27104,2022-07-02,2022,,SC相模原,AC長野パルセイロ,A,H,0.3897016704964916,0.18568525016992576,0.42461307933358255
2,27105,2022-07-02,2022,,ギラヴァンツ北九州,鹿児島ユナイテッドFC,A,H,0.3185261590436154,0.2602706773378019,0.42120316361858273
2,27106,2022-07-02,2022,,ヴァンラーレ八戸,松本山雅FC,A,D,0.20674572383251968,0.4116028997521119,0.38165137641536845
2,27490,2022-07-02,2022,,FC東京,福岡,D,H,0.33717510628951447,0.3142765845607042,0.34854830914978135
2,27491,2022-07-02,2022,,柏,鹿島,A,H,0.207983248264788,0.06685347935944469,0.7251632723757673
2,27492,2022-07-02,2022,,広島,磐田,H,D,0.21342050300982474,0.5868030578138176,0.1997764391763578
2,27493,2022-07-02,2022,,清水,横浜FM,A,A,0.48422040376404385,0.35989838081702397,0.15588121541893227
2,27494,2022-07-02,2022,,G大阪,浦和,D,H,0.25319274218822885,0.1838296846292566,0.5629775731825146
2,27495,2022-07-02,2022,,C大阪,川崎F,H,H,0.23626953480605759,0.35325024850568615,0.4104802166882563
2,27496,2022-07-02,2022,,湘南,名古屋,D,H,0.37349685836772756,0.09241751675852924,0.5340856248737432
2,27497,2022-07-02,2022,,京都,札幌,H,A,0.5080985594351995,0.12125325937930029,0.37064818118550014
2,27498,2022-07-02,2022,,鳥栖,神戸,A,A,0.46861929825453374,0.17798524430423143,0.3533954574412349
3,26775,2022-07-03,2022,,東京V,FC琉球,H,H,0.09445954810326798,0.3605661276310121,0.5449743242657199
3,27107,2022-07-03,2022,,カマタマーレ讃岐,Y.S.C.C.横浜,H,A,0.5996038129369912,0.1821640427838964,0.2182321442791124
3,27108,2022-07-03,2022,,FC岐阜,FC今治,A,D,0.18546245637618503,0.604972323616999,0.20956522000681602
3,26776,2022-07-06,2022,,いわてグルージャ盛岡,FC琉球,A,D,0.2558620295818911,0.3906953986749489,0.35344257174316007
3,26777,2022-07-06,2022,,仙台,甲府,H,H,0.3152220300335554,0.17836480346783626,0.5064131664986083
3,26778,2022-07-06,2022,,栃木SC,東京V,A,A,0.6125366461794288,0.13124192011025645,0.2562214337103147
3,26779,2022-07-06,2022,,町田,水戸,A,A,0.4414886423447881,0.15281920063352483,0.405692157021687
3,26780,2022-07-06,2022,,横浜FC,秋田,D,H,0.2772605762472015,0.10777536494523844,0.6149640588075601
3,26781,2022-07-06,2022,,新潟,千葉,A,H,0.33396376606317835,0.19400475878175438,0.4720314751550674
3,26782,2022-07-06,2022,,ツエーゲン金沢,ザスパクサツ群馬,H,A,0.41766441782083896,0.30104636702431253,0.28128921515484845
3,26783,2022-07-06,2022,,岡山,大宮,H,A,0.4309542109065331,0.21185818878611729,0.3571876003073496
3,26784,2022-07-06,2022,,レノファ山口FC,大分,D,H,0.10248698552435961,0.14062154285285233,0.7568914716227881
3,26785,2022-07-06,2022,,V・ファーレン長崎,山形,D,A,0.4269645710253544,0.3353364793022069,0.2376989496724387
3,26786,2022-07-06,2022,,熊本,徳島,D,D,0.17915768701988602,0.5140376994920176,0.30680461348809646
3,27499,2022-07-06,2022,,鹿島,C大阪,D,A,0.4492317520171812,0.38257858166082614,0.16818966632199275
3,27500,2022-07-06,2022,,柏,名古屋,A,H,0.13218323181091154,0.09242731047281609,0.7753894577162723
3,27501,2022-07-06,2022,,FC東京,札幌,H,H,0.3293322890422056,0.19701786535922772,0.47364984559856677
3,27503,2022-07-06,2022,,横浜FM,広島,H,H,0.23666751075893672,0.19948143564163184,0.5638510535994314
3,27504,2022-07-06,2022,,磐田,福岡,A,H,0.23486009107188197,0.16732117057382798,0.59781873835429
3,27505,2022-07-06,2022,,浦和,京都,D,A,0.5479008661586968,0.17053906547696496,0.28156006836433817
3,27506,2022-07-06,2022,,湘南,G大阪,H,D,0.2714285795121687,0.4174876779818211,0.31108374250601023
3,27507,2022-07-06,2022,,神戸,清水,H,H,0.20712970180692297,0.2755315410033535,0.5173387571897236
3,27109,2022-07-09,2022,,アスルクラロ沼津,カマタマーレ讃岐,H,H,0.2064325244935631,0.12158575850125833,0.6719817170051786
3,27110,2022-07-09,2022,,Y.S.C.C.横浜,ヴァンラーレ八戸,H,H,0.19326428580979194,0.24990882961014022,0.5568268845800678
3,27111,2022-07-09,2022,,SC相模原,藤枝MYFC,A,H,0.3926523246566016,0.19633176654721743,0.41101590879618083
3,27112,2022-07-09,2022,,松本山雅FC,富山,H,H,0.245063087682409,0.3003062288155118,0.4546306835020793
3,27113,2022-07-09,2022,,ガイナーレ鳥取,ギラヴァンツ北九州,A,D,0.26119519152842746,0.42165692144937345,0.3171478870221991
3,27114,2022-07-09,2022,,鹿児島ユナイテッドFC,福島ユナイテッドFC,H,D,0.3735224104144015,0.4145007493267793,0.2119768402588192
3,27508,2022-07-09,2022,,川崎F,G大阪,H,H,0.11585642608203311,0.21490293023139373,0.6692406436865731
3,27509,2022-07-09,2022,,磐田,神戸,A,A,0.5781695885230179,0.14248542711129866,0.27934498436568345
3,26787,2022-07-10,2022,,水戸,ツエーゲン金沢,D,D,0.35583937725607057,0.3862897942429652,0.25787082850096427
3,26788,2022-07-10,2022,,千葉,栃木SC,A,H,0.12955476402581328,0.13899215707880946,0.7314530788953773
3,26789,2022-07-10,2022,,甲府,秋田,H,H,0.09674786050811596,0.3850220504313089,0.5182300890605752
3,26790,2022-07-10,2022,,徳島,横浜FC,D,A,0.4195535300553214,0.2779631961151585,0.30248327382952006
3,26791,2022-07-10,2022,,V・ファーレン長崎,いわてグルージャ盛岡,D,D,0.35294689121558837,0.36853459761020435,0.2785185111742074
3,26792,2022-07-10,2022,,山形,熊本,A,D,0.2864842558393677,0.36362354886145287,0.34989219529917953
3,26793,2022-07-10,2022,,ザスパクサツ群馬,町田,A,H,0.20107055265329557,0.3576748507709009,0.4412545965758036
3,26794,2022-07-10,2022,,大宮,東京V,D,A,0.542769592932975,0.2715399319282956,0.18569047513872938
3,26795,2022-07-10,2022,,レノファ山口FC,新潟,A,H,0.24311945853157896,0.25623023632947556,0.5006503051389456
3,26796,2022-07-10,2022,,大分,岡山,D,A,0.3605574268984673,0.2867387453038863,0.3527038277976464
3,26797,2022-07-10,2022,,FC琉球,仙台,D,H,0.14738665991024688,0.32630517102578116,0.5263081690639719
3,27115,2022-07-10,2022,,FC岐阜,いわきFC,A,D,0.3761231862803435,0.4304291662167361,0.19344764750292048
3,27116,2022-07-10,2022,,愛媛FC,テゲバジャーロ宮崎,H,A,0.4668962763764809,0.33178440578890595,0.2013193178346132
3,27117,2022-07-10,2022,,AC長野パルセイロ,FC今治,D,H,0.34498325175661976,0.22040944945803767,0.4346072987853426
3,27510,2022-07-10,2022,,名古屋,清水,A,A,0.4368093391367887,0.29049942600892165,0.27269123485428964
3,27511,2022-07-10,2022,,広島,湘南,D,A,0.6894095331815037,0.12076780436615007,0.1898226624523463
3,27512,2022-07-10,2022,,浦和,FC東京,H,D,0.2757636199361727,0.44805264684054746,0.27618373322327977
3,27513,2022-07-10,2022,,C大阪,横浜FM,D,H,0.2959640738660253,0.3496322309257174,0.3544036952082574
3,27514,2022-07-10,2022,,福岡,京都,H,A,0.45776917237201936,0.1631355662016259,0.3790952614263547
3,27515,2022-07-10,2022,,鳥栖,柏,A,D,0.30466360838105205,0.38466140925989384,0.31067498235905405
3,27516,2022-07-10,2022,,札幌,鹿島,D,A,0.5977058070953974,0.17384226526776766,0.22845192763683486
3,27118,2022-07-15,2022,,富山,ヴァンラーレ八戸,H,H,0.360391447567677,0.1854340269459607,0.45417452548636233
3,26798,2022-07-16,2022,,いわてグルージャ盛岡,仙台,A,H,0.34247522050260787,0.2547686047981008,0.4027561746992913
3,26800,2022-07-16,2022,,甲府,水戸,D,H,0.0677017421700859,0.41984016014209646,0.5124580976878176
3,26801,2022-07-16,2022,,ツエーゲン金沢,新潟,A,D,0.361600015818513,0.4405039349798635,0.1978960492016234
3,26802,2022-07-16,2022,,大分,ザスパクサツ群馬,H,H,0.2486887737423596,0.26105731129995985,0.4902539149576806
3,27119,2022-07-16,2022,,いわきFC,アスルクラロ沼津,H,D,0.3445262999761553,0.42337902035666836,0.23209467966717634
3,27120,2022-07-16,2022,,ガイナーレ鳥取,AC長野パルセイロ,A,D,0.3340080042086854,0.3484147231850783,0.3175772726062362
3,27518,2022-07-16,2022,,鹿島,神戸,D,A,0.3966245715042339,0.20680639981464702,0.39656902868111904
3,27520,2022-07-16,2022,,清水,浦和,A,D,0.2212094296825528,0.3916971715534959,0.38709339876395127
3,27522,2022-07-16,2022,,柏,札幌,H,H,0.1532795276506571,0.39548417817513276,0.45123629417421024
3,27523,2022-07-16,2022,,湘南,福岡,D,D,0.20304434481523986,0.5012881778048202,0.29566747737994
3,27524,2022-07-16,2022,,G大阪,C大阪,A,D,0.3791247895837524,0.3852524277782461,0.23562278263800157
3,27525,2022-07-16,2022,,鳥栖,横浜FM,D,H,0.3438130404029864,0.11236321324700427,0.5438237463500093
3,26803,2022-07-17,2022,,秋田,山形,A,A,0.578370177492041,0.155157189650602,0.266472632857357
3,26804,2022-07-17,2022,,町田,V・ファーレン長崎,A,D,0.31768968116896373,0.3559988373734048,0.3263114814576315
3,26805,2022-07-17,2022,,横浜FC,千葉,H,H,0.14851610265382753,0.19508226162251546,0.6564016357236571
3,26806,2022-07-17,2022,,岡山,栃木SC,D,A,0.4848955965635814,0.32120982308439117,0.19389458035202745
3,26807,2022-07-17,2022,,FC琉球,大宮,D,D,0.21341707721333927,0.4344687725736288,0.352114150213032
3,27121,2022-07-17,2022,,テゲバジャーロ宮崎,藤枝MYFC,A,H,0.255580047683098,0.30193786692736685,0.44248208538953526
3,27123,2022-07-17,2022,,松本山雅FC,福島ユナイテッドFC,H,D,0.29495359773591334,0.36654383610504837,0.3385025661590383
3,27124,2022-07-17,2022,,カマタマーレ讃岐,愛媛FC,A,H,0.24838392617283303,0.2883952124989016,0.4632208613282654
3,27125,2022-07-17,2022,,ギラヴァンツ北九州,FC岐阜,H,H,0.2897185381232788,0.2759130183035919,0.43436844357312937
3,27126,2022-07-17,2022,,鹿児島ユナイテッドFC,SC相模原,A,H,0.21123176639729682,0.3343121078899289,0.4544561257127742
3,27519,2022-07-17,2022,,FC東京,磐田,H,H,0.13421570422864046,0.3933791907332416,0.47240510503811806
3,27521,2022-07-17,2022,,京都,広島,D,H,0.37198042647105933,0.2383188726652933,0.38970070086364744
3,26808,2022-07-18,2022,,熊本,レノファ山口FC,H,H,0.20054862063072,0.3271722392050527,0.4722791401642274
3,26809,2022-07-23,2022,,いわてグルージャ盛岡,町田,A,A,0.5239300916952747,0.3590265240766875,0.11704338422803783
3,26812,2022-07-23,2022,,新潟,岡山,A,A,0.4181416447462411,0.18538178118082044,0.3964765740729385
3,26813,2022-07-23,2022,,徳島,FC琉球,D,D,0.2957199851639247,0.43154156312201963,0.27273845171405575
3,26814,2022-07-23,2022,,仙台,V・ファーレン長崎,A,A,0.4927772999081315,0.3609601902261238,0.14626250986574466
3,26815,2022-07-23,2022,,山形,ザスパクサツ群馬,A,H,0.3223533784319311,0.30112410665387696,0.3765225149141919
3,26816,2022-07-23,2022,,栃木SC,レノファ山口FC,H,A,0.5055079647777618,0.27507149929857255,0.21942053592366562
3,26817,2022-07-23,2022,,大宮,秋田,D,A,0.49859994297001275,0.23402003652281234,0.26738002050717485
3,27127,2022-07-23,2022,,アスルクラロ沼津,FC今治,A,H,0.3183329842025633,0.24626078330722045,0.4354062324902163
3,27129,2022-07-23,2022,,福島ユナイテッドFC,ガイナーレ鳥取,H,H,0.3321481821712223,0.18333846880182023,0.4845133490269575
3,27130,2022-07-23,2022,,藤枝MYFC,ギラヴァンツ北九州,H,D,0.32683025625361245,0.4817408124940855,0.19142893125230218
3,27131,2022-07-23,2022,,SC相模原,愛媛FC,A,H,0.3836126298406905,0.08414826879353385,0.5322391013657758
3,27132,2022-07-23,2022,,ヴァンラーレ八戸,鹿児島ユナイテッドFC,A,H,0.39246964829900216,0.2119301511665952,0.3956002005344027
3,27133,2022-07-23,2022,,FC岐阜,カマタマーレ讃岐,H,H,0.2884495480122738,0.240551328672422,0.4709991233153042
3,26818,2022-07-24,2022,,東京V,横浜FC,A,D,0.23239582101076262,0.47510659583993914,0.2924975831492983
3,26819,2022-07-24,2022,,熊本,ツエーゲン金沢,H,D,0.2275756796732345,0.572089888816823,0.2003344315099425
3,27134,2022-07-24,2022,,Y.S.C.C.横浜,富山,A,D,0.22080282423914138,0.6321602813689179,0.1470368943919408
3,27135,2022-07-24,2022,,AC長野パルセイロ,テゲバジャーロ宮崎,H,D,0.23619031716558353,0.5697130381696033,0.1940966446648133
3,26820,2022-07-30,2022,,水戸,大宮,H,H,0.3460813328396378,0.16640826853588087,0.48751039862448126
3,26821,2022-07-30,2022,,栃木SC,徳島,D,A,0.4555078883420876,0.25221343651138006,0.29227867514653233
3,26822,2022-07-30,2022,,横浜FC,いわてグルージャ盛岡,A,D,0.2510108169552148,0.4217883448544252,0.3272008381903599
3,26823,2022-07-30,2022,,FC琉球,熊本,H,D,0.315026333012484,0.40176512123150443,0.2832085457560117
3,26824,2022-07-30,2022,,山形,町田,H,D,0.29107252994086313,0.3818217746638223,0.32710569539531464
3,26825,2022-07-30,2022,,ザスパクサツ群馬,甲府,D,A,0.5553127381599662,0.24973950532403355,0.19494775651600021
3,26826,2022-07-30,2022,,岡山,千葉,D,H,0.170792044153545,0.25279392464981465,0.5764140311966404
3,26827,2022-07-30,2022,,レノファ山口FC,仙台,D,A,0.5912405795042998,0.1643790988383268,0.2443803216573735
3,26828,2022-07-30,2022,,V・ファーレン長崎,新潟,D,D,0.19501232062055765,0.41614209660293444,0.3888455827765079
3,26829,2022-07-30,2022,,大分,東京V,D,H,0.26976212865537474,0.22108233831135224,0.509155533033273
3,27136,2022-07-30,2022,,福島ユナイテッドFC,FC今治,D,A,0.4066122648792326,0.23778191922829148,0.3556058158924759
3,27137,2022-07-30,2022,,藤枝MYFC,鹿児島ユナイテッドFC,H,H,0.14196848836835052,0.19359319459171154,0.6644383170399379
3,27138,2022-07-30,2022,,富山,いわきFC,D,A,0.40900536662025494,0.387308539127533,0.20368609425221212
3,27139,2022-07-30,2022,,カマタマーレ讃岐,AC長野パルセイロ,A,H,0.15398804927595894,0.2975213283576194,0.5484906223664217
3,27140,2022-07-30,2022,,ギラヴァンツ北九州,アスルクラロ沼津,H,D,0.2744920687123931,0.43287267002678265,0.29263526126082423
3,27141,2022-07-30,2022,,ガイナーレ鳥取,FC岐阜,H,H,0.2709678268482065,0.35610335321348796,0.3729288199383057
3,27526,2022-07-30,2022,,札幌,名古屋,D,D,0.31237777965136737,0.4404378257141507,0.247184394634482
3,27527,2022-07-30,2022,,浦和,川崎F,H,D,0.2592617029397242,0.5504126721120097,0.19032562494826605
3,27528,2022-07-30,2022,,横浜FM,鹿島,H,A,0.43895694566007165,0.29975524822538263,0.2612878061145458
3,27529,2022-07-30,2022,,G大阪,京都,D,A,0.4035155822782161,0.2832785541629604,0.31320586355882357
3,27530,2022-07-30,2022,,C大阪,福岡,H,H,0.2871293684335398,0.18511457068309436,0.5277560608833659
3,27531,2022-07-30,2022,,神戸,柏,A,A,0.632381506649453,0.09762333313423163,0.26999516021631526
3,27532,2022-07-30,2022,,広島,FC東京,A,A,0.7488909642653826,0.167746329325274,0.08336270640934344
3,27533,2022-07-30,2022,,磐田,湘南,H,H,0.2763018820484811,0.15060858484480083,0.5730895331067182
3,26830,2022-07-31,2022,,ツエーゲン金沢,秋田,A,H,0.26664720567434363,0.35811337858774034,0.37523941573791597
3,27142,2022-07-31,2022,,テゲバジャーロ宮崎,SC相模原,D,D,0.2551312629124857,0.5693611417205444,0.17550759536696978
3,27143,2022-07-31,2022,,松本山雅FC,ヴァンラーレ八戸,A,H,0.2810334467741681,0.35689756905462244,0.3620689841712095
3,27144,2022-07-31,2022,,愛媛FC,Y.S.C.C.横浜,H,D,0.23176979086515195,0.3932443462157111,0.374985862919137
3,27534,2022-07-31,2022,,清水,鳥栖,D,H,0.270634376416424,0.2118550223548794,0.5175106012286965
3,26831,2022-08-06,2022,,いわてグルージャ盛岡,岡山,A,D,0.29893153820371793,0.5449127342174973,0.15615572757878482
3,26832,2022-08-06,2022,,東京V,V・ファーレン長崎,H,A,0.6182303758264193,0.1889018655009283,0.19286775867265238
3,26833,2022-08-06,2022,,甲府,FC琉球,H,A,0.4775004855933947,0.21497329294393167,0.3075262214626736
3,26834,2022-08-06,2022,,新潟,徳島,D,H,0.24855651966215078,0.24163494303997465,0.5098085372978746
3,26835,2022-08-06,2022,,大宮,横浜FC,H,D,0.32558773428038956,0.3675496908066976,0.3068625749129128
3,26836,2022-08-06,2022,,町田,大分,D,D,0.15875593785321906,0.47681113856796836,0.3644329235788126
3,26837,2022-08-06,2022,,ツエーゲン金沢,仙台,A,H,0.2879038213472505,0.19761774538761284,0.5144784332651366
3,26838,2022-08-06,2022,,レノファ山口FC,山形,A,A,0.5021050223961543,0.12339334335991686,0.37450163424392896
3,27122,2022-08-06,2022,,FC今治,Y.S.C.C.横浜,H,A,0.3896422395621675,0.33708899045579876,0.27326876998203375
3,27535,2022-08-06,2022,,鹿島,広島,A,H,0.29087786161521706,0.19297349029791958,0.5161486480868634
3,27536,2022-08-06,2022,,京都,柏,A,H,0.4122326798967974,0.14486294180672676,0.4429043782964757
3,27537,2022-08-06,2022,,名古屋,浦和,H,D,0.08007772207640744,0.4712596517597175,0.44866262616387514
3,27538,2022-08-06,2022,,C大阪,神戸,H,A,0.6727368600621731,0.1748662549424667,0.15239688499536017
3,26839,2022-08-07,2022,,秋田,水戸,D,H,0.28230212675708116,0.3165840808720415,0.40111379237087735
3,26840,2022-08-07,2022,,ザスパクサツ群馬,千葉,A,H,0.31774083020082555,0.3311615105059641,0.35109765929321046
3,26841,2022-08-07,2022,,熊本,栃木SC,H,H,0.2681894519561254,0.3164274677177438,0.41538308032613086
3,27128,2022-08-07,2022,,いわきFC,松本山雅FC,D,D,0.35444274473179477,0.39968589363768486,0.24587136163052042
3,27540,2022-08-07,2022,,FC東京,清水,A,H,0.08687084279571489,0.40376019482251496,0.5093689623817702
3,27541,2022-08-07,2022,,川崎F,横浜FM,H,A,0.4698862514297537,0.34788715162945544,0.18222659694079085
3,27542,2022-08-07,2022,,鳥栖,磐田,H,H,0.24095450461291912,0.2586719064119194,0.5003735889751616
3,27543,2022-08-07,2022,,湘南,札幌,A,H,0.3025300257567094,0.27328999148855393,0.4241799827547366
3,26842,2022-08-13,2022,,いわてグルージャ盛岡,秋田,A,A,0.5930684725980071,0.05363250243238898,0.35329902496960397
3,26845,2022-08-13,2022,,甲府,熊本,D,A,0.48473900898387146,0.31290622329317497,0.2023547677229536
3,26846,2022-08-13,2022,,仙台,大宮,A,H,0.26661392144895124,0.20745022935984567,0.5259358491912032
3,26847,2022-08-13,2022,,山形,ツエーゲン金沢,H,H,0.15741713393710752,0.30841446452735305,0.5341684015355395
3,26848,2022-08-13,2022,,岡山,レノファ山口FC,H,D,0.2453582754294462,0.41602645322851156,0.3386152713420422
3,26849,2022-08-13,2022,,V・ファーレン長崎,FC琉球,A,D,0.2841773225172551,0.43879996189132764,0.2770227155914173
3,27147,2022-08-13,2022,,カマタマーレ讃岐,テゲバジャーロ宮崎,D,H,0.17070800429628383,0.4021328247243308,0.4271591709793852
3,27148,2022-08-13,2022,,ヴァンラーレ八戸,いわきFC,A,D,0.22601877285136554,0.5921524359028493,0.18182879124578516
3,27544,2022-08-13,2022,,札幌,神戸,A,A,0.3839967714143053,0.29251297457489056,0.32349025401080417
3,27545,2022-08-13,2022,,磐田,浦和,A,D,0.19422588408569133,0.5140012294019575,0.29177288651235117
3,26850,2022-08-14,2022,,栃木SC,新潟,A,H,0.23001664734570434,0.268520249992737,0.5014631026615587
3,26851,2022-08-14,2022,,千葉,町田,A,A,0.43251170477446294,0.26211160553910007,0.30537668968643694
3,26852,2022-08-14,2022,,徳島,大分,D,D,0.13339326046744365,0.49268227180899254,0.37392446772356375
3,27149,2022-08-14,2022,,FC今治,FC岐阜,H,H,0.37218078303886654,0.23313627707825196,0.39468293988288156
3,27150,2022-08-14,2022,,Y.S.C.C.横浜,ギラヴァンツ北九州,H,A,0.3997596123409703,0.3926832443341186,0.20755714332491115
3,27151,2022-08-14,2022,,AC長野パルセイロ,富山,H,H,0.256098294102514,0.16504936351199503,0.578852342385491
3,27152,2022-08-14,2022,,愛媛FC,ガイナーレ鳥取,H,H,0.22234336621148978,0.19624186472913743,0.5814147690593728
3,27153,2022-08-14,2022,,鹿児島ユナイテッドFC,松本山雅FC,H,D,0.18164995864247283,0.6826300447367608,0.1357199966207664
3,27549,2022-08-14,2022,,鹿島,福岡,H,D,0.1842420271881402,0.5767017426015144,0.2390562302103455
3,27550,2022-08-14,2022,,柏,広島,A,H,0.16327768373600277,0.32153268403122287,0.5151896322327744
3,27551,2022-08-14,2022,,G大阪,清水,A,A,0.38329653950514075,0.279809212636478,0.33689424785838123
3,27552,2022-08-14,2022,,鳥栖,名古屋,D,H,0.19895377845756163,0.17758921594538324,0.6234570055970551
3,26844,2022-08-16,2022,,横浜FC,ザスパクサツ群馬,H,D,0.37105257208146936,0.41904633826396337,0.20990108965456727
3,26811,2022-08-17,2022,,千葉,甲府,D,D,0.22844055800424795,0.5056681459693597,0.26589129602639244
3,27553,2022-08-19,2022,,名古屋,磐田,H,H,0.1189012870390128,0.13501581926723358,0.7460828936937537
3,26853,2022-08-20,2022,,千葉,徳島,D,D,0.20371676387829388,0.559629463602782,0.23665377251892417
3,26854,2022-08-20,2022,,横浜FC,岡山,H,H,0.3478448935980183,0.23880982404252565,0.4133452823594561
3,26855,2022-08-20,2022,,新潟,熊本,H,H,0.30795061227388554,0.2682784291156001,0.4237709586105143
3,26856,2022-08-20,2022,,FC琉球,山形,D,H,0.35647876817823626,0.24147040685933863,0.4020508249624252
3,26857,2022-08-20,2022,,秋田,栃木SC,A,H,0.29234035256967467,0.3211669794412708,0.3864926679890545
3,26858,2022-08-20,2022,,ザスパクサツ群馬,仙台,H,D,0.24840994974219524,0.4434408370073672,0.3081492132504375
3,26859,2022-08-20,2022,,大宮,町田,A,H,0.16186588328662083,0.338819372113839,0.4993147445995402
3,26861,2022-08-20,2022,,レノファ山口FC,水戸,H,H,0.2923756584130234,0.15770393930830304,0.5499204022786737
3,26862,2022-08-20,2022,,大分,いわてグルージャ盛岡,H,H,0.32107581312370725,0.293250116374767,0.3856740705015258
3,27154,2022-08-20,2022,,いわきFC,福島ユナイテッドFC,H,D,0.35225853743996954,0.4337689942608627,0.21397246829916783
3,27155,2022-08-20,2022,,SC相模原,鹿児島ユナイテッドFC,A,A,0.55676130014592,0.19245422902037615,0.25078447083370387
3,27156,2022-08-20,2022,,富山,愛媛FC,H,A,0.379920548860161,0.3583856571829034,0.26169379395693565
3,27157,2022-08-20,2022,,ヴァンラーレ八戸,AC長野パルセイロ,H,D,0.2951720051869551,0.5334393603345102,0.17138863447853472
3,27554,2022-08-20,2022,,札幌,鳥栖,A,A,0.4885430665188038,0.21708487185501096,0.2943720616261853
3,27555,2022-08-20,2022,,清水,柏,D,A,0.5690459149596375,0.1385706774131205,0.29238340762724196
3,27556,2022-08-20,2022,,広島,G大阪,H,D,0.18600984677435847,0.4975852276985256,0.316404925527116
3,27561,2022-08-20,2022,,福岡,川崎F,A,A,0.4576877655506165,0.1355748217315401,0.4067374127178434
3,26863,2022-08-21,2022,,東京V,甲府,D,A,0.4426534798380707,0.1833695986524195,0.3739769215095099
3,27159,2022-08-21,2022,,テゲバジャーロ宮崎,ガイナーレ鳥取,A,H,0.2600502000247682,0.21487896484396435,0.5250708351312675
3,27160,2022-08-21,2022,,FC今治,カマタマーレ讃岐,H,D,0.30181040644508544,0.5813001669677234,0.11688942658719119
3,27161,2022-08-21,2022,,Y.S.C.C.横浜,アスルクラロ沼津,H,D,0.3116837005216527,0.38412044951434116,0.3041958499640063
3,27162,2022-08-21,2022,,ギラヴァンツ北九州,松本山雅FC,A,A,0.4505392342982377,0.2227361790508346,0.3267245866509277
3,27557,2022-08-21,2022,,湘南,鹿島,D,A,0.45777756508400047,0.3327956708800736,0.20942676403592597
3,26810,2022-08-23,2022,,水戸,大分,H,D,0.2588298699304939,0.5733446537440761,0.16782547632543016
3,26799,2022-08-24,2022,,東京V,徳島,A,D,0.31732670568582877,0.3483702560468255,0.33430303826734575
3,27562,2022-08-26,2022,,鳥栖,福岡,D,H,0.25366775260007507,0.06854614316294615,0.6777861042369788
3,26864,2022-08-27,2022,,いわてグルージャ盛岡,新潟,A,A,0.4031640194863272,0.22918383465663694,0.3676521458570359
3,26865,2022-08-27,2022,,水戸,FC琉球,D,A,0.5716500500709768,0.18448592082330365,0.24386402910571964
3,26866,2022-08-27,2022,,甲府,ツエーゲン金沢,D,H,0.3520219063287402,0.23575885702740976,0.4122192366438501
3,26867,2022-08-27,2022,,仙台,千葉,A,H,0.359756321960642,0.24366763738740857,0.39657604065194946
3,26869,2022-08-27,2022,,町田,横浜FC,A,H,0.2786913625275643,0.2707878904714836,0.450520747000952
3,26870,2022-08-27,2022,,徳島,レノファ山口FC,H,A,0.4711144648430897,0.26089708253098365,0.2679884526259266
3,27163,2022-08-27,2022,,福島ユナイテッドFC,ヴァンラーレ八戸,H,A,0.5810796477147232,0.22534399271447986,0.19357635957079683
3,27164,2022-08-27,2022,,藤枝MYFC,いわきFC,A,H,0.2011178517203335,0.35022903172798814,0.4486531165516784
3,27165,2022-08-27,2022,,松本山雅FC,カマタマーレ讃岐,H,D,0.31884828799321546,0.5705063469639746,0.11064536504280997
3,27166,2022-08-27,2022,,愛媛FC,FC岐阜,D,A,0.5110687520384546,0.2086852408329943,0.28024600712855124
3,27167,2022-08-27,2022,,ガイナーレ鳥取,富山,H,A,0.4551825698435303,0.18628126253572067,0.35853616762074914
3,27171,2022-08-27,2022,,アスルクラロ沼津,SC相模原,D,H,0.13608975976967327,0.3052534455232376,0.5586567947070892
3,27563,2022-08-27,2022,,清水,京都,H,H,0.19809532842306538,0.1895555461766386,0.612349125400296
3,27564,2022-08-27,2022,,名古屋,G大阪,A,H,0.11104967206073434,0.20203002983893675,0.6869202981003288
3,27565,2022-08-27,2022,,柏,FC東京,A,H,0.12411443241996568,0.23668270886115586,0.6392028587188785
3,27566,2022-08-27,2022,,C大阪,広島,A,H,0.24740829324982036,0.27739968274707566,0.47519202400310406
3,27568,2022-08-27,2022,,川崎F,鹿島,H,D,0.22623148607272928,0.3903336546313711,0.3834348592958997
3,26872,2022-08-28,2022,,秋田,大分,A,D,0.1056935400925081,0.46967926459841775,0.4246271953090741
3,26873,2022-08-28,2022,,熊本,東京V,H,D,0.18609725254053827,0.4936326438148475,0.32027010364461433
3,26874,2022-08-28,2022,,ザスパクサツ群馬,岡山,A,H,0.258753578898771,0.25919104132050425,0.4820553797807247
3,27168,2022-08-28,2022,,テゲバジャーロ宮崎,Y.S.C.C.横浜,H,D,0.21927357021980506,0.5753809429559449,0.2053454868242501
3,27169,2022-08-28,2022,,AC長野パルセイロ,ギラヴァンツ北九州,H,D,0.31157212482896846,0.5227739848646903,0.16565389030634123
3,27170,2022-08-28,2022,,鹿児島ユナイテッドFC,FC今治,A,A,0.5528169194292635,0.2588283441609193,0.1883547364098172
3,27146,2022-08-30,2022,,SC相模原,福島ユナイテッドFC,A,A,0.5983907956502779,0.16160671616879332,0.2400024881809289
3,26591,2022-08-31,2022,,山形,岡山,A,D,0.27032317621797786,0.5552757336545626,0.17440109012745952
3,27502,2022-08-31,2022,,川崎F,鳥栖,H,H,0.28523381884147614,0.2629084650803847,0.4518577160781392
3,27539,2022-08-31,2022,,福岡,G大阪,A,H,0.3087988017153983,0.323647747996057,0.36755345028854464
3,27571,2022-09-02,2022,,札幌,C大阪,H,A,0.5659957114324291,0.13946143114191942,0.2945428574256516
3,26875,2022-09-03,2022,,千葉,V・ファーレン長崎,A,A,0.39975954949619863,0.24373961511478945,0.35650083538901195
3,26876,2022-09-03,2022,,新潟,大分,A,D,0.38308787828095253,0.4002977011206157,0.21661442059843178
3,26877,2022-09-03,2022,,FC琉球,秋田,A,H,0.2740403507441061,0.12317499058709797,0.6027846586687959
3,26878,2022-09-03,2022,,仙台,水戸,A,H,0.42827987541676066,0.0990445623890484,0.47267556219419105
3,26879,2022-09-03,2022,,山形,いわてグルージャ盛岡,H,H,0.11893101015214419,0.14693378910944313,0.7341352007384127
3,26880,2022-09-03,2022,,ツエーゲン金沢,東京V,H,H,0.3443213532602132,0.15897215183972355,0.4967064949000633
3,26881,2022-09-03,2022,,レノファ山口FC,横浜FC,D,H,0.18694146004430948,0.39210688165378227,0.42095165830190834
3,26882,2022-09-03,2022,,徳島,甲府,H,D,0.15626597224194058,0.7064986429922027,0.13723538476585678
3,27172,2022-09-03,2022,,アスルクラロ沼津,鹿児島ユナイテッドFC,A,D,0.30660708015902416,0.49239711394861696,0.20099580589235896
3,27173,2022-09-03,2022,,いわきFC,AC長野パルセイロ,H,D,0.2886584703662398,0.3870465347622802,0.32429499487148006
3,27174,2022-09-03,2022,,SC相模原,ガイナーレ鳥取,D,H,0.22890867778047358,0.36625644639352606,0.40483487582600036
3,27175,2022-09-03,2022,,松本山雅FC,愛媛FC,H,D,0.3286331139714629,0.41769792319247206,0.25366896283606505
3,27176,2022-09-03,2022,,富山,福島ユナイテッドFC,H,D,0.2534954004695995,0.5318485495299061,0.2146560500004945
3,27177,2022-09-03,2022,,ヴァンラーレ八戸,テゲバジャーロ宮崎,A,H,0.2897154376233841,0.3148863965951983,0.39539816578141757
3,27178,2022-09-03,2022,,FC岐阜,Y.S.C.C.横浜,H,H,0.37359823758858685,0.20273367154023106,0.4236680908711821
3,27572,2022-09-03,2022,,鹿島,浦和,D,H,0.08205317327131897,0.4480707666776582,0.46987606005102284
3,27573,2022-09-03,2022,,FC東京,横浜FM,D,D,0.3076799933992567,0.3780324376835183,0.314287568917225
3,27574,2022-09-03,2022,,湘南,川崎F,H,A,0.4416606940579625,0.26519535312085846,0.29314395282117905
3,27575,2022-09-03,2022,,磐田,柏,D,A,0.6347521930112399,0.07897559025798105,0.28627221673077907
3,27576,2022-09-03,2022,,京都,神戸,H,A,0.44833069832722794,0.21676153434739456,0.3349077673253776
3,27577,2022-09-03,2022,,G大阪,鳥栖,A,D,0.15511282458070572,0.5150627913966171,0.32982438402267716
3,27578,2022-09-03,2022,,広島,清水,H,H,0.22803021220901415,0.1447180035086031,0.6272517842823828
3,27579,2022-09-03,2022,,福岡,名古屋,A,H,0.37695478537766053,0.23960168978121174,0.38344352484112776
3,26883,2022-09-04,2022,,栃木SC,ザスパクサツ群馬,D,A,0.5028612813460048,0.1719313931292488,0.3252073255247464
3,26884,2022-09-04,2022,,岡山,町田,H,A,0.363180573031775,0.3267142101560877,0.31010521681213726
3,26885,2022-09-04,2022,,熊本,大宮,H,H,0.3276919581864229,0.2959947557049873,0.37631328610858983
3,27179,2022-09-04,2022,,FC今治,ギラヴァンツ北九州,A,H,0.23528492215386518,0.33475551571500917,0.42995956213112557
3,27180,2022-09-04,2022,,カマタマーレ讃岐,藤枝MYFC,D,H,0.2739270137095128,0.2842623096980267,0.44181067659246054
3,26860,2022-09-06,2022,,ツエーゲン金沢,V・ファーレン長崎,D,A,0.39337260427166953,0.2354245828837397,0.3712028128445908
3,27548,2022-09-07,2022,,横浜FM,湘南,H,D,0.19954549413307682,0.5151094844586567,0.2853450214082666
3,26886,2022-09-10,2022,,いわてグルージャ盛岡,水戸,H,A,0.47860216878853956,0.20125412172239404,0.3201437094890664
3,26887,2022-09-10,2022,,千葉,ツエーゲン金沢,H,D,0.1775632439970077,0.44441584984416027,0.37802090615883205
3,26888,2022-09-10,2022,,東京V,ザスパクサツ群馬,D,D,0.27688559053738526,0.5092329388462514,0.21388147061636342
3,26889,2022-09-10,2022,,町田,レノファ山口FC,A,H,0.19050350647191772,0.3811857741407576,0.4283107193873248
3,26890,2022-09-10,2022,,横浜FC,栃木SC,D,A,0.4284034801576817,0.14939089029980215,0.4222056295425162
3,26891,2022-09-10,2022,,甲府,大宮,A,H,0.11246339799813766,0.34436701453147983,0.5431695874703825
3,26892,2022-09-10,2022,,新潟,FC琉球,H,A,0.4345208850012868,0.24805386079400896,0.31742525420470413
3,26893,2022-09-10,2022,,秋田,徳島,D,A,0.5257482711730159,0.22932524265113402,0.24492648617585003
3,26894,2022-09-10,2022,,岡山,山形,H,D,0.2184005873083409,0.6164144751222871,0.16518493756937197
3,26895,2022-09-10,2022,,V・ファーレン長崎,熊本,A,A,0.5750398624253842,0.28396774406797454,0.1409923935066414
3,26896,2022-09-10,2022,,大分,仙台,H,H,0.22268890547818684,0.10501431609027528,0.6722967784315379
3,27181,2022-09-10,2022,,福島ユナイテッドFC,松本山雅FC,A,A,0.4663821775285131,0.19070066331164354,0.3429171591598434
3,27182,2022-09-10,2022,,藤枝MYFC,ヴァンラーレ八戸,H,A,0.5281278340996359,0.23471185171577613,0.23716031418458788
3,27183,2022-09-10,2022,,富山,テゲバジャーロ宮崎,H,A,0.44140662073158643,0.17694323626492517,0.3816501430034885
3,27184,2022-09-10,2022,,ガイナーレ鳥取,アスルクラロ沼津,H,H,0.24039870779329756,0.37763007080202043,0.381971221404682
3,27185,2022-09-10,2022,,FC岐阜,AC長野パルセイロ,D,A,0.5161218721999974,0.2596066537201572,0.22427147407984555
3,27186,2022-09-10,2022,,愛媛FC,FC今治,H,H,0.26044887732711647,0.3584871733148183,0.38106394935806537
3,27581,2022-09-10,2022,,浦和,柏,H,A,0.6241042606037859,0.0995930061465342,0.2763027332496799
3,27582,2022-09-10,2022,,川崎F,広島,H,H,0.11984390427694844,0.08809525601262716,0.7920608397104244
3,27583,2022-09-10,2022,,横浜FM,福岡,H,H,0.30635187452198204,0.27333122245228736,0.42031690302573066
3,27584,2022-09-10,2022,,清水,湘南,D,D,0.30839185002404274,0.4414444689610869,0.2501636810148704
3,27585,2022-09-10,2022,,京都,鹿島,D,A,0.5579384723721044,0.07350130407557234,0.3685602235523234
3,27586,2022-09-10,2022,,G大阪,FC東京,D,A,0.49855914659703754,0.19141621495648417,0.3100246384464783
3,27587,2022-09-10,2022,,C大阪,鳥栖,H,H,0.3999806141708166,0.1851565423655723,0.4148628434636112
3,27588,2022-09-10,2022,,神戸,名古屋,D,D,0.3660298217972772,0.5285039628731878,0.10546621532953503
3,27187,2022-09-11,2022,,Y.S.C.C.横浜,SC相模原,A,D,0.1233184025902051,0.7820562985766213,0.09462529883317367
3,27188,2022-09-11,2022,,ギラヴァンツ北九州,いわきFC,A,A,0.3807738779252395,0.2875489066178169,0.33167721545694356
3,27189,2022-09-11,2022,,鹿児島ユナイテッドFC,カマタマーレ讃岐,H,H,0.26430354055232913,0.2747174467658511,0.4609790126818198
3,27580,2022-09-11,2022,,札幌,磐田,H,H,0.22872019991724815,0.14015996777366013,0.6311198323090917
3,26897,2022-09-14,2022,,いわてグルージャ盛岡,千葉,A,A,0.8659957138570652,0.06095426824137717,0.07305001790155762
3,26898,2022-09-14,2022,,山形,横浜FC,H,H,0.22214825678004402,0.2254895400240794,0.5523622031958766
3,26899,2022-09-14,2022,,水戸,V・ファーレン長崎,A,H,0.1948600679152776,0.27028412877240376,0.5348558033123186
3,26900,2022-09-14,2022,,ザスパクサツ群馬,FC琉球,D,H,0.17923327085819782,0.26551017713392916,0.555256552007873
3,26901,2022-09-14,2022,,大宮,大分,D,H,0.24609664406804507,0.2748489573760012,0.47905439855595383
3,26902,2022-09-14,2022,,東京V,秋田,A,A,0.4316296616686674,0.3066434609958988,0.26172687733543376
3,26903,2022-09-14,2022,,レノファ山口FC,ツエーゲン金沢,D,A,0.41045117581428125,0.2961991423869554,0.2933496817987633
3,26904,2022-09-14,2022,,徳島,岡山,H,A,0.619814035912404,0.1722599751350129,0.20792598895258313
3,26905,2022-09-14,2022,,熊本,町田,D,A,0.36834925917450856,0.34533685231786304,0.28631388850762834
3,26906,2022-09-14,2022,,栃木SC,仙台,A,H,0.27587374742138127,0.24433109895688795,0.47979515362173075
3,26907,2022-09-14,2022,,甲府,新潟,A,A,0.513743262496242,0.21777102995726402,0.26848570754649387
3,27158,2022-09-14,2022,,FC岐阜,藤枝MYFC,A,H,0.23936724942970736,0.24991316732173358,0.5107195832485592
3,27517,2022-09-14,2022,,名古屋,川崎F,D,H,0.3784614308658522,0.16969785925001588,0.4518407098841319
3,27558,2022-09-14,2022,,浦和,C大阪,A,H,0.30568392439458275,0.2796293053536441,0.41468677025177314
3,27559,2022-09-14,2022,,京都,横浜FM,A,A,0.6034331182242648,0.21639468059264821,0.1801722011830869
3,27560,2022-09-14,2022,,神戸,FC東京,H,H,0.2728573179070862,0.20605966992712207,0.5210830121657917
3,27597,2022-09-16,2022,,鳥栖,鹿島,D,H,0.16783489895481424,0.4155195087733883,0.4166455922717976
3,26908,2022-09-17,2022,,岡山,V・ファーレン長崎,H,H,0.3617085213951671,0.08759048743204009,0.5507009911727928
3,27190,2022-09-17,2022,,Y.S.C.C.横浜,カマタマーレ讃岐,D,H,0.1466805903479174,0.25847482931896143,0.5948445803331212
3,27191,2022-09-17,2022,,アスルクラロ沼津,富山,H,D,0.3738115092927992,0.3969178942142254,0.22927059649297543
3,27192,2022-09-17,2022,,ヴァンラーレ八戸,FC岐阜,H,A,0.5904585211880355,0.20284425793190206,0.20669722088006245
3,27589,2022-09-17,2022,,柏,川崎F,D,A,0.453983376511744,0.19455206572862016,0.3514645577596359
3,27592,2022-09-17,2022,,湘南,浦和,D,D,0.3598403677349283,0.41970154000753596,0.22045809225753574
3,27593,2022-09-17,2022,,磐田,C大阪,D,A,0.49607845089310587,0.3320888952102706,0.1718326538966235
3,27594,2022-09-17,2022,,名古屋,広島,D,A,0.39415521849339274,0.2720950574671233,0.33374972403948394
3,27596,2022-09-17,2022,,福岡,清水,H,H,0.29428058490109227,0.3518004381128079,0.3539189769860999
3,26909,2022-09-18,2022,,仙台,徳島,D,H,0.1974955279081767,0.14420457082572052,0.6582999012661027
3,26910,2022-09-18,2022,,秋田,ザスパクサツ群馬,A,D,0.2983164789391006,0.3792652182491419,0.3224183028117575
3,26911,2022-09-18,2022,,山形,千葉,H,A,0.4872452738901711,0.19783605401322574,0.31491867209660324
3,26912,2022-09-18,2022,,町田,東京V,D,D,0.189522912516444,0.4861199494647178,0.32435713801883825
3,26913,2022-09-18,2022,,横浜FC,甲府,H,H,0.23877613148980192,0.17317678152355567,0.5880470869866424
3,26914,2022-09-18,2022,,新潟,水戸,H,A,0.5890932281987338,0.15448569807468115,0.2564210737265851
3,26915,2022-09-18,2022,,ツエーゲン金沢,大分,D,H,0.26032790436046577,0.09751864884531555,0.6421534467942187
3,26916,2022-09-18,2022,,FC琉球,レノファ山口FC,A,A,0.4947345401973498,0.15704725615792411,0.3482182036447261
3,26917,2022-09-18,2022,,大宮,栃木SC,H,H,0.30646051966603755,0.3409335475286499,0.35260593280531255
3,27193,2022-09-18,2022,,藤枝MYFC,SC相模原,H,H,0.3181068979515456,0.26934864588701163,0.4125444561614428
3,27194,2022-09-18,2022,,松本山雅FC,ガイナーレ鳥取,H,H,0.24548050922862735,0.3433146838190061,0.41120480695236655
3,27196,2022-09-18,2022,,FC今治,いわきFC,H,H,0.3242304152973512,0.25917328841272164,0.41659629628992717
3,27197,2022-09-18,2022,,AC長野パルセイロ,福島ユナイテッドFC,A,H,0.2524705159029406,0.34962273614550676,0.39790674795155256
3,27590,2022-09-18,2022,,FC東京,京都,H,A,0.5219515957271242,0.20976068897273134,0.2682877153001444
3,27591,2022-09-18,2022,,横浜FM,札幌,D,D,0.22857902118855025,0.5342636368015166,0.2371573420099332
3,27595,2022-09-18,2022,,神戸,G大阪,H,H,0.17363017131089592,0.3091962975142134,0.5171735311748907
3,27198,2022-09-19,2022,,鹿児島ユナイテッドFC,ギラヴァンツ北九州,H,H,0.153227731464611,0.26592006644809224,0.5808522020872967
3,26918,2022-09-20,2022,,熊本,いわてグルージャ盛岡,H,H,0.27437469214537236,0.21728159384208062,0.5083437140125471
3,26843,2022-09-21,2022,,水戸,東京V,A,H,0.2747834791900824,0.15000740820390354,0.575209112606014
3,26871,2022-09-21,2022,,V・ファーレン長崎,栃木SC,D,A,0.47184193971160227,0.19215570419865824,0.33600235608973955
3,27145,2022-09-21,2022,,アスルクラロ沼津,藤枝MYFC,D,A,0.37693641272714884,0.35552473776623067,0.2675388495066205
3,26919,2022-09-24,2022,,ザスパクサツ群馬,レノファ山口FC,A,H,0.31663506928198204,0.22230819667526538,0.46105673404275266
3,26920,2022-09-24,2022,,東京V,山形,H,A,0.5781363952929245,0.14193884731814574,0.2799247573889297
3,26921,2022-09-24,2022,,V・ファーレン長崎,横浜FC,A,D,0.3973921331605947,0.397544594794889,0.20506327204451638
3,26929,2022-09-24,2022,,大分,甲府,H,H,0.13454875560169385,0.2400551851863368,0.6253960592119694
3,27199,2022-09-24,2022,,ガイナーレ鳥取,鹿児島ユナイテッドFC,H,A,0.4549238799065206,0.2880035240617895,0.25707259603168997
3,27200,2022-09-24,2022,,愛媛FC,藤枝MYFC,A,A,0.47336267569493423,0.14756098523538075,0.379076339069685
3,26922,2022-09-25,2022,,秋田,町田,H,A,0.5830181288316673,0.19320305403452367,0.22377881713380907
3,26923,2022-09-25,2022,,千葉,熊本,A,H,0.1938450532803597,0.21908012984416925,0.587074816875471
3,26924,2022-09-25,2022,,新潟,大宮,H,H,0.3004715493907126,0.3398577437120051,0.35967070689728226
3,26925,2022-09-25,2022,,岡山,仙台,H,A,0.4502393163599431,0.2739340456788506,0.2758266379612063
3,26926,2022-09-25,2022,,いわてグルージャ盛岡,ツエーゲン金沢,A,A,0.3801947985595927,0.29894380616140925,0.3208613952789981
3,26927,2022-09-25,2022,,栃木SC,FC琉球,D,H,0.2886335279478296,0.32804143362175386,0.38332503843041665
3,26928,2022-09-25,2022,,徳島,水戸,D,H,0.30192516527341884,0.31863883063116144,0.3794360040954197
3,27201,2022-09-25,2022,,福島ユナイテッドFC,ギラヴァンツ北九州,H,H,0.1958376611508055,0.3315974055143321,0.47256493333486244
3,27202,2022-09-25,2022,,いわきFC,FC岐阜,H,H,0.11590462408348552,0.3751811650018352,0.5089142109146793
3,27203,2022-09-25,2022,,SC相模原,ヴァンラーレ八戸,A,A,0.48109411079120373,0.41427928934302927,0.1046265998657671
3,27204,2022-09-25,2022,,カマタマーレ讃岐,富山,A,A,0.4226702942592083,0.18741506100238012,0.38991464473841153
3,27205,2022-09-25,2022,,テゲバジャーロ宮崎,FC今治,A,D,0.14940716296370954,0.4368671862718652,0.4137256507644253
3,27206,2022-09-25,2022,,松本山雅FC,Y.S.C.C.横浜,A,H,0.11985923491699683,0.23926198792550715,0.640878777157496
3,27207,2022-09-25,2022,,AC長野パルセイロ,アスルクラロ沼津,H,D,0.24851277336092378,0.4600932621372822,0.29139396450179406
4,26930,2022-10-01,2022,,山形,新潟,D,H,0.14829021124239108,0.10352296338617681,0.7481868253714321
4,26931,2022-10-01,2022,,ザスパクサツ群馬,大宮,H,A,0.6810971182372675,0.1106631806322646,0.2082397011304679
4,26932,2022-10-01,2022,,甲府,栃木SC,A,A,0.39730732690316223,0.3041041744607287,0.29858849863610915
4,26933,2022-10-01,2022,,徳島,町田,H,H,0.15633188595786926,0.20241263716415112,0.6412554768779796
4,26934,2022-10-01,2022,,FC琉球,横浜FC,A,H,0.3087280753295387,0.3055838068324377,0.3856881178380236
4,26935,2022-10-01,2022,,大分,V・ファーレン長崎,H,H,0.20935178808893434,0.28662836783860784,0.5040198440724579
4,27208,2022-10-01,2022,,藤枝MYFC,Y.S.C.C.横浜,H,H,0.21216863295307972,0.19698700747660164,0.5908443595703187
4,27216,2022-10-01,2022,,鹿児島ユナイテッドFC,AC長野パルセイロ,H,A,0.5094275194002007,0.17279556734709028,0.317776913252709
4,27598,2022-10-01,2022,,札幌,川崎F,H,H,0.29254039891620287,0.34525272809678165,0.36220687298701554
4,27599,2022-10-01,2022,,鹿島,FC東京,A,A,0.5293581831850773,0.13315807358797485,0.33748374322694785
4,27601,2022-10-01,2022,,名古屋,横浜FM,A,D,0.23837261396399526,0.5370037742706845,0.22462361176532028
4,27602,2022-10-01,2022,,G大阪,柏,D,D,0.3380913471183791,0.3538104893897199,0.30809816349190106
4,27603,2022-10-01,2022,,C大阪,湘南,D,A,0.526879323544958,0.1637571686078772,0.30936350784716476
4,27604,2022-10-01,2022,,広島,浦和,H,H,0.21747806344124895,0.32772523551283056,0.45479670104592057
4,27605,2022-10-01,2022,,福岡,神戸,A,A,0.45057446431137255,0.2481539917734682,0.30127154391515915
4,27606,2022-10-01,2022,,鳥栖,京都,A,A,0.4575835426105203,0.341264086761536,0.20115237062794378
4,26936,2022-10-02,2022,,熊本,秋田,A,A,0.5113110609741163,0.29040253884235956,0.19828640018352417
4,26937,2022-10-02,2022,,仙台,東京V,A,D,0.25638218149292086,0.5087694327022191,0.23484838580486012
4,26938,2022-10-02,2022,,水戸,千葉,A,A,0.39914101253453776,0.30481410108608137,0.2960448863793808
4,26939,2022-10-02,2022,,ツエーゲン金沢,岡山,H,A,0.46682894211376613,0.2331116054548374,0.30005945243139637
4,26940,2022-10-02,2022,,レノファ山口FC,いわてグルージャ盛岡,D,H,0.14697043699148848,0.29025461716273615,0.5627749458457755
4,27209,2022-10-02,2022,,ヴァンラーレ八戸,愛媛FC,H,H,0.16912601154811008,0.18195600703328746,0.6489179814186025
4,27210,2022-10-02,2022,,いわきFC,カマタマーレ讃岐,H,H,0.23450388789618085,0.19239840279261772,0.5730977093112014
4,27211,2022-10-02,2022,,アスルクラロ沼津,松本山雅FC,D,D,0.13924559121217656,0.5541370682457629,0.30661734054206047
4,27212,2022-10-02,2022,,FC今治,ガイナーレ鳥取,H,D,0.28637628505871865,0.3691272534720668,0.34449646146921464
4,27213,2022-10-02,2022,,富山,SC相模原,H,D,0.3303503476388232,0.44032178768036145,0.22932786468081529
4,27214,2022-10-02,2022,,FC岐阜,福島ユナイテッドFC,D,A,0.33624757040917785,0.33609325665802803,0.3276591729327941
4,27215,2022-10-02,2022,,ギラヴァンツ北九州,テゲバジャーロ宮崎,H,A,0.7432641659284992,0.1163536064488061,0.14038222762269476
4,26868,2022-10-05,2022,,大宮,山形,D,A,0.49296474345326013,0.2230750181730831,0.28396023837365675
4,26941,2022-10-08,2022,,熊本,ザスパクサツ群馬,H,H,0.21618938392195894,0.3569082560767991,0.426902360001242
4,26942,2022-10-08,2022,,秋田,千葉,H,H,0.3656287369208298,0.20209032962336068,0.4322809334558096
4,26943,2022-10-08,2022,,新潟,仙台,H,D,0.24981917251859614,0.4212269391587345,0.3289538883226693
4,26944,2022-10-08,2022,,V・ファーレン長崎,徳島,A,A,0.6242997774849464,0.18213428735406487,0.19356593516098877
4,26945,2022-10-08,2022,,いわてグルージャ盛岡,東京V,A,H,0.319755800006828,0.14373940496090168,0.5365047950322703
4,27217,2022-10-08,2022,,Y.S.C.C.横浜,鹿児島ユナイテッドFC,A,A,0.543903992022835,0.2711562407154801,0.18493976726168493
4,27218,2022-10-08,2022,,SC相模原,FC今治,A,D,0.23719980796580795,0.46568400976857477,0.2971161822656174
4,27219,2022-10-08,2022,,愛媛FC,AC長野パルセイロ,D,H,0.32412149624237535,0.20705996424213338,0.4688185395154913
4,27607,2022-10-08,2022,,札幌,福岡,A,H,0.1490626093255856,0.2767182775165554,0.574219113157859
4,27608,2022-10-08,2022,,浦和,鳥栖,H,D,0.20759696044702017,0.436586142441931,0.35581689711104886
4,27609,2022-10-08,2022,,柏,C大阪,D,H,0.3387072913813931,0.219253106693831,0.4420396019247758
4,27610,2022-10-08,2022,,FC東京,湘南,A,A,0.40945076025165394,0.2689065102570261,0.32164272949132006
4,27611,2022-10-08,2022,,川崎F,清水,H,D,0.31354681148392743,0.4430131543786031,0.24344003413746948
4,27612,2022-10-08,2022,,横浜FM,G大阪,A,D,0.2011218514670024,0.46244417922899866,0.3364339693039989
4,27613,2022-10-08,2022,,磐田,鹿島,D,A,0.5007067466917411,0.29633348861700154,0.2029597646912574
4,27614,2022-10-08,2022,,京都,名古屋,D,A,0.3507101812152718,0.3327067785005992,0.316583040284129
4,27615,2022-10-08,2022,,神戸,広島,H,D,0.21859153248802027,0.4891531777412567,0.29225528977072296
4,26946,2022-10-09,2022,,大宮,レノファ山口FC,H,A,0.4503119294865725,0.18898470160832723,0.3607033689051002
4,26947,2022-10-09,2022,,山形,水戸,D,D,0.2501504333947332,0.39450049343031607,0.3553490731749506
4,26948,2022-10-09,2022,,町田,栃木SC,A,D,0.25069251260476094,0.5124324660479148,0.23687502134732433
4,26949,2022-10-09,2022,,横浜FC,大分,A,H,0.3607669397294351,0.18931490427573064,0.4499181559948343
4,26950,2022-10-09,2022,,甲府,岡山,A,H,0.11123807683063236,0.16055786468117073,0.728204058488197
4,26951,2022-10-09,2022,,ツエーゲン金沢,FC琉球,A,H,0.292783475135308,0.32419254216113214,0.3830239827035598
4,27220,2022-10-09,2022,,ガイナーレ鳥取,いわきFC,A,H,0.29218247244872375,0.23843701051644264,0.4693805170348337
4,27221,2022-10-09,2022,,テゲバジャーロ宮崎,福島ユナイテッドFC,H,H,0.1935265784327959,0.20658266211639706,0.5998907594508072
4,27222,2022-10-09,2022,,藤枝MYFC,松本山雅FC,H,A,0.4559270055279844,0.3644015807386132,0.17967141373340242
4,27223,2022-10-09,2022,,FC岐阜,富山,A,A,0.4120527253178177,0.2803636636505207,0.30758361103166165
4,27224,2022-10-09,2022,,カマタマーレ讃岐,アスルクラロ沼津,D,A,0.3969303962646546,0.3963259812953539,0.20674362243999145
4,27225,2022-10-09,2022,,ギラヴァンツ北九州,ヴァンラーレ八戸,H,A,0.47093507945923363,0.12487557501335615,0.4041893455274103
4,27546,2022-10-12,2022,,FC東京,C大阪,H,A,0.5323086293521638,0.17208132795683506,0.2956100426910012
4,27547,2022-10-12,2022,,川崎F,京都,H,H,0.17202123976709807,0.22949416484574864,0.5984845953871534
4,27567,2022-10-12,2022,,浦和,札幌,D,A,0.6506563771790076,0.14892476127598792,0.20041886154500438
4,27569,2022-10-12,2022,,横浜FM,磐田,A,A,0.4598830282729401,0.1624924463066681,0.37762452542039177
4,27570,2022-10-12,2022,,神戸,湘南,H,D,0.2484252801105406,0.40104515386918205,0.35052956602027746
4,26952,2022-10-15,2022,,V・ファーレン長崎,レノファ山口FC,A,A,0.4706864992295543,0.2116388580674168,0.31767464270302886
4,26953,2022-10-15,2022,,東京V,新潟,H,H,0.4064740184938222,0.17541830085088853,0.4181076806552893
4,27226,2022-10-15,2022,,Y.S.C.C.横浜,FC今治,H,A,0.680567213877047,0.15786448374386683,0.1615683023790863
4,27227,2022-10-15,2022,,松本山雅FC,FC岐阜,H,H,0.1747753828757482,0.3667789205421147,0.4584456965821372
4,26954,2022-10-16,2022,,栃木SC,水戸,A,H,0.22892985637768284,0.2765506302045867,0.4945195134177304
4,26955,2022-10-16,2022,,仙台,熊本,H,D,0.3806548231211645,0.4156024378428866,0.20374273903594908
4,26956,2022-10-16,2022,,千葉,FC琉球,H,H,0.2864250540711976,0.2295971338038847,0.48397781212491775
4,26958,2022-10-16,2022,,横浜FC,ツエーゲン金沢,A,A,0.5312141595463223,0.12568728342902968,0.34309855702464803
4,26959,2022-10-16,2022,,岡山,秋田,A,A,0.7156085549865921,0.08357978776501666,0.2008116572483913
4,26960,2022-10-16,2022,,大分,山形,A,A,0.4684082200283644,0.2775947567618943,0.2539970232097412
4,26961,2022-10-16,2022,,ザスパクサツ群馬,いわてグルージャ盛岡,H,H,0.3502569203901493,0.19640181220401082,0.45334126740583985
4,26962,2022-10-16,2022,,徳島,大宮,H,A,0.3572326468924344,0.32234589929739293,0.3204214538101726
4,27228,2022-10-16,2022,,福島ユナイテッドFC,カマタマーレ讃岐,A,A,0.42448546555888167,0.36222502170635623,0.2132895127347622
4,27229,2022-10-16,2022,,アスルクラロ沼津,いわきFC,A,A,0.48031088367220937,0.23107762222557124,0.28861149410221937
4,27230,2022-10-16,2022,,ガイナーレ鳥取,ヴァンラーレ八戸,A,D,0.2911258767913082,0.4434697188754639,0.265404404333228
4,27231,2022-10-16,2022,,鹿児島ユナイテッドFC,テゲバジャーロ宮崎,A,A,0.41369558924973476,0.2413267815659528,0.3449776291843124
4,27232,2022-10-16,2022,,AC長野パルセイロ,SC相模原,H,H,0.18810780410992023,0.2980233671682777,0.5138688287218021
4,27233,2022-10-16,2022,,富山,藤枝MYFC,A,D,0.22609783468617117,0.4349626908972808,0.3389394744165481
4,27234,2022-10-16,2022,,愛媛FC,ギラヴァンツ北九州,D,A,0.6213370446198634,0.1682641232385666,0.21039883214157012
4,26957,2022-10-19,2022,,町田,甲府,A,D,0.33322548382333267,0.4372216146671788,0.2295529015094887
4,27235,2022-10-22,2022,,藤枝MYFC,テゲバジャーロ宮崎,D,A,0.3849538479431093,0.24457638443749305,0.37046976761939776
4,27600,2022-10-22,2022,,清水,磐田,D,H,0.26240271045669417,0.23827121850886193,0.4993260710344439
4,26963,2022-10-23,2022,,秋田,仙台,D,D,0.29623176043176364,0.3787013963564873,0.325066843211749
4,26964,2022-10-23,2022,,山形,徳島,H,D,0.2136829285480554,0.4616468353360506,0.3246702361158939
4,26965,2022-10-23,2022,,水戸,ザスパクサツ群馬,H,A,0.5151600062843401,0.26689813396031725,0.2179418597553425
4,26966,2022-10-23,2022,,大宮,V・ファーレン長崎,D,D,0.20570352521380864,0.4736189089661046,0.32067756582008683
4,26967,2022-10-23,2022,,東京V,岡山,H,H,0.23247598857608298,0.2895683434207463,0.47795566800317074
4,26968,2022-10-23,2022,,甲府,いわてグルージャ盛岡,H,A,0.41667730859673413,0.2490188143909992,0.3343038770122666
4,26969,2022-10-23,2022,,新潟,町田,H,D,0.30132807797826144,0.46323213814456526,0.23543978387717335
4,26970,2022-10-23,2022,,ツエーゲン金沢,栃木SC,D,H,0.3246779458123139,0.27950413208078245,0.3958179221069036
4,26971,2022-10-23,2022,,レノファ山口FC,千葉,A,H,0.15188721291821367,0.4101258241592168,0.4379869629225696
4,26972,2022-10-23,2022,,熊本,横浜FC,A,H,0.21787291498700662,0.32019887401150143,0.461928211001492
4,26973,2022-10-23,2022,,FC琉球,大分,H,H,0.20986907134059674,0.33775886314241,0.4523720655169934
4,27236,2022-10-23,2022,,ヴァンラーレ八戸,富山,H,D,0.3286173232807871,0.37689221406598006,0.29449046265323287
4,27237,2022-10-23,2022,,いわきFC,愛媛FC,H,H,0.1416087009090315,0.3531740783398839,0.5052172207510846
4,27238,2022-10-23,2022,,FC今治,松本山雅FC,A,D,0.14830396350869104,0.5507467171233963,0.30094931936791264
4,27239,2022-10-23,2022,,AC長野パルセイロ,Y.S.C.C.横浜,H,H,0.30416359899092954,0.3066747510913846,0.3891616499176859
4,27240,2022-10-23,2022,,カマタマーレ讃岐,SC相模原,D,A,0.4345336071191977,0.2116137860417276,0.35385260683907466
4,27241,2022-10-23,2022,,ギラヴァンツ北九州,ガイナーレ鳥取,A,H,0.13848754802380303,0.26342554852915495,0.598086903447042
4,27242,2022-10-23,2022,,FC岐阜,アスルクラロ沼津,H,A,0.482623748455138,0.12033289069481246,0.3970433608500496
4,27243,2022-10-23,2022,,福島ユナイテッドFC,鹿児島ユナイテッドFC,D,D,0.22193034777903883,0.423270079206035,0.3547995730149262
4,27195,2022-10-27,2022,,テゲバジャーロ宮崎,愛媛FC,D,D,0.17808445807891427,0.4504561829219925,0.3714593589990933
4,27244,2022-10-29,2022,,Y.S.C.C.横浜,福島ユナイテッドFC,H,H,0.22025319464045373,0.10333054123442546,0.6764162641251208
4,27616,2022-10-29,2022,,川崎F,神戸,H,D,0.376771272821064,0.3905717966133831,0.23265693056555298
4,27617,2022-10-29,2022,,横浜FM,浦和,H,H,0.3739600219318499,0.13605976666971986,0.4899802113984301
4,27618,2022-10-29,2022,,湘南,鳥栖,H,A,0.4002157350329317,0.3252517215913893,0.27453254337567895
4,27619,2022-10-29,2022,,清水,鹿島,A,H,0.17420255132438742,0.2321226774129207,0.593674771262692
4,27620,2022-10-29,2022,,名古屋,FC東京,H,A,0.6445071164261477,0.10440913093822815,0.25108375263562416
4,27621,2022-10-29,2022,,京都,C大阪,D,H,0.3233280298489507,0.19227977460328627,0.484392195547763
4,27622,2022-10-29,2022,,G大阪,磐田,H,A,0.3696590532325147,0.34901651981863724,0.2813244269488481
4,27623,2022-10-29,2022,,広島,札幌,A,A,0.47733629412509526,0.21483447432090685,0.3078292315539978
4,27624,2022-10-29,2022,,福岡,柏,H,A,0.5092249936729901,0.21912731267046442,0.2716476936565455
4,27245,2022-10-30,2022,,アスルクラロ沼津,ヴァンラーレ八戸,A,D,0.14704711577433913,0.4876902184101449,0.365262665815516
4,27246,2022-10-30,2022,,ガイナーレ鳥取,藤枝MYFC,D,H,0.2471693816543829,0.06419270157809136,0.6886379167675257
4,27247,2022-10-30,2022,,テゲバジャーロ宮崎,いわきFC,H,H,0.24637591944927267,0.24733660689395728,0.5062874736567701
4,27248,2022-10-30,2022,,鹿児島ユナイテッドFC,愛媛FC,A,A,0.4327142564351187,0.34689933677083107,0.22038640679405028
4,27249,2022-10-30,2022,,SC相模原,FC岐阜,D,D,0.2172670466945014,0.5379331195970855,0.2447998337084132
4,27250,2022-10-30,2022,,富山,FC今治,A,A,0.44947544653089777,0.2703917003522127,0.28013285311688957
4,27251,2022-10-30,2022,,カマタマーレ讃岐,ギラヴァンツ北九州,D,H,0.15173625237776164,0.10269134327026058,0.7455724043519778
4,27252,2022-10-30,2022,,松本山雅FC,AC長野パルセイロ,H,H,0.35817020354528767,0.185191443016166,0.4566383534385463
4,27625,2022-11-05,2022,,札幌,清水,H,A,0.4956579026282185,0.2627182394164783,0.24162385795530317
4,27626,2022-11-05,2022,,鹿島,G大阪,D,A,0.48890788922493045,0.1596380702894499,0.35145404048561973
4,27627,2022-11-05,2022,,浦和,福岡,D,H,0.35333351828808884,0.22423621896209994,0.42243026274981116
4,27628,2022-11-05,2022,,柏,湘南,A,H,0.11742821103827475,0.3084560397334348,0.5741157492282905
4,27629,2022-11-05,2022,,FC東京,川崎F,A,H,0.32101752909769604,0.2585417819445417,0.4204406889577624
4,27630,2022-11-05,2022,,磐田,京都,D,A,0.38186909554967907,0.3815390088649061,0.23659189558541477
4,27631,2022-11-05,2022,,C大阪,名古屋,A,D,0.28815637766806385,0.38558471618217555,0.32625890614976055
4,27632,2022-11-05,2022,,神戸,横浜FM,A,A,0.353600668029914,0.31405367361547243,0.3323456583546136
4,27633,2022-11-05,2022,,鳥栖,広島,D,A,0.3680630129187537,0.33545080196757654,0.2964861851136698
4,27253,2022-11-06,2022,,ヴァンラーレ八戸,Y.S.C.C.横浜,A,H,0.3445086667842031,0.17116942597346496,0.484321907242332
4,27254,2022-11-06,2022,,福島ユナイテッドFC,アスルクラロ沼津,H,H,0.33322715902661687,0.2874749064230265,0.3792979345503566
4,27255,2022-11-06,2022,,いわきFC,鹿児島ユナイテッドFC,H,H,0.28084505372150803,0.2619269173387095,0.4572280289397825
4,27256,2022-11-06,2022,,FC今治,藤枝MYFC,H,A,0.3882763931646698,0.3763037278165612,0.23541987901876907
4,27257,2022-11-06,2022,,AC長野パルセイロ,ガイナーレ鳥取,A,D,0.21610028676216234,0.496166348324696,0.28773336491314155
4,27258,2022-11-06,2022,,富山,松本山雅FC,H,A,0.5637332684396363,0.1893952303305714,0.24687150122979235
4,27259,2022-11-06,2022,,FC岐阜,テゲバジャーロ宮崎,A,H,0.20333814626748786,0.34731065261712313,0.449351201115389
4,27260,2022-11-06,2022,,ギラヴァンツ北九州,SC相模原,H,D,0.34647808581365225,0.4218900532046848,0.231631860981663
4,27261,2022-11-06,2022,,愛媛FC,カマタマーレ讃岐,D,A,0.44258968246880165,0.32697086269632175,0.23043945483487666
4,27262,2022-11-12,2022,,Y.S.C.C.横浜,ガイナーレ鳥取,A,D,0.18726142881771302,0.4118391493436091,0.40089942183867794
4,27263,2022-11-12,2022,,愛媛FC,アスルクラロ沼津,D,H,0.23464497976799614,0.2577797263939145,0.5075752938380894
4,27264,2022-11-13,2022,,FC今治,AC長野パルセイロ,D,D,0.24005147550087347,0.4810045578702232,0.2789439666289033
4,27265,2022-11-13,2022,,テゲバジャーロ宮崎,松本山雅FC,H,A,0.4511124681564954,0.42980138754710345,0.11908614429640112
4,27266,2022-11-13,2022,,鹿児島ユナイテッドFC,FC岐阜,H,D,0.1324718014119434,0.5356771039328787,0.331851094655178
4,27267,2022-11-13,2022,,SC相模原,いわきFC,A,H,0.24826109989611822,0.1528249239740479,0.5989139761298339
4,27268,2022-11-13,2022,,藤枝MYFC,福島ユナイテッドFC,H,A,0.5501399862400521,0.20200032906152182,0.24785968469842598
4,27269,2022-11-13,2022,,カマタマーレ讃岐,ヴァンラーレ八戸,A,A,0.41287976822970107,0.2809791888594682,0.30614104291083066
4,27270,2022-11-13,2022,,ギラヴァンツ北九州,富山,A,H,0.22096592309671478,0.1878187223814726,0.5912153545218126
4,27271,2022-11-20,2022,,ヴァンラーレ八戸,FC今治,H,H,0.27173255884882147,0.25802551695247683,0.47024192419870176
4,27272,2022-11-20,2022,,福島ユナイテッドFC,愛媛FC,A,A,0.695942723447683,0.1266557164477882,0.17740156010452882
4,27273,2022-11-20,2022,,いわきFC,Y.S.C.C.横浜,D,H,0.162615654910124,0.40819955850317124,0.4291847865867048
4,27274,2022-11-20,2022,,松本山雅FC,SC相模原,H,A,0.4040164541562347,0.2840460315061195,0.3119375143376459
4,27275,2022-11-20,2022,,AC長野パルセイロ,藤枝MYFC,D,H,0.15959335110581183,0.2319393851187609,0.6084672637754274
4,27276,2022-11-20,2022,,富山,鹿児島ユナイテッドFC,A,A,0.46016626451107984,0.08680294169142361,0.4530307937974966
4,27277,2022-11-20,2022,,アスルクラロ沼津,テゲバジャーロ宮崎,A,H,0.21965332372868235,0.38390218651579694,0.39644448975552077
4,27278,2022-11-20,2022,,FC岐阜,ギラヴァンツ北九州,A,H,0.20066421203794102,0.23163424901175958,0.5677015389502994
4,27279,2022-11-20,2022,,ガイナーレ鳥取,カマタマーレ讃岐,H,A,0.4422044941477523,0.22769290376731063,0.33010260208493714
5,28163,2023-02-17,2023,,川崎F,横浜FM,A,A,0.45991104552342205,0.37564336118332087,0.16444559329325711
5,28164,2023-02-18,2023,,FC東京,浦和,H,D,0.3632007190367129,0.499807165554348,0.13699211540893907
5,28165,2023-02-18,2023,,横浜FC,名古屋,A,A,0.4082519112765128,0.3822648984207392,0.2094831903027481
5,28166,2023-02-18,2023,,京都,鹿島,A,D,0.2090695059190371,0.468079775279368,0.32285071880159494
5,28167,2023-02-18,2023,,C大阪,新潟,D,A,0.447731309123735,0.2086001298207615,0.3436685610555035
5,28168,2023-02-18,2023,,神戸,福岡,H,A,0.5996032607855806,0.10884534966617865,0.2915513895482409
5,28169,2023-02-18,2023,,広島,札幌,D,D,0.21252993076639248,0.4915316601027432,0.2959384091308644
5,28170,2023-02-18,2023,,柏,G大阪,D,D,0.33862168021978506,0.45456448570473407,0.20681383407548093
5,28171,2023-02-18,2023,,鳥栖,湘南,A,D,0.15709776575337905,0.7642138949433729,0.07868833930324808
5,28469,2023-02-18,2023,,甲府,山形,A,H,0.2865821409300947,0.3156368218992504,0.39778103717065494
5,28470,2023-02-18,2023,,いわきFC,藤枝MYFC,A,D,0.2794673912019964,0.5548810715090666,0.16565153728893708
5,28471,2023-02-18,2023,,ザスパクサツ群馬,秋田,D,D,0.23071715291101272,0.6064601328198215,0.1628227142691659
5,28472,2023-02-18,2023,,清水,水戸,D,D,0.3101883886374379,0.5064665531308375,0.18334505823172456
5,28473,2023-02-18,2023,,磐田,岡山,A,D,0.10368005870660464,0.7166000285938912,0.1797199126995043
5,28474,2023-02-18,2023,,レノファ山口FC,大宮,H,A,0.4647468043425278,0.22141443035197098,0.31383876530550125
5,28475,2023-02-18,2023,,V・ファーレン長崎,千葉,A,D,0.2594608001351022,0.619418745698878,0.12112045416601991
5,28476,2023-02-19,2023,,東京V,ツエーゲン金沢,H,H,0.293608681319177,0.15343690853871403,0.552954410142109
5,28477,2023-02-19,2023,,町田,仙台,D,H,0.15431368668202217,0.2079483362963755,0.6377379770216023
5,28478,2023-02-19,2023,,徳島,大分,A,D,0.15713348669188068,0.7813467949070203,0.061519718401098995
5,28479,2023-02-19,2023,,栃木SC,熊本,D,D,0.11670171163150618,0.4802013622711443,0.40309692609734943
5,28172,2023-02-24,2023,,湘南,横浜FC,D,A,0.508460380460442,0.29420365193485676,0.1973359676047013
5,28173,2023-02-25,2023,,横浜FM,浦和,H,H,0.23295159116505595,0.19009067669746596,0.5769577321374781
5,28174,2023-02-25,2023,,札幌,神戸,A,H,0.21949016878971028,0.3344728402565265,0.4460369909537633
5,28175,2023-02-25,2023,,G大阪,鳥栖,D,D,0.31030778690926863,0.3858017733686289,0.30389043972210245
5,28176,2023-02-25,2023,,福岡,C大阪,H,A,0.4263835682986288,0.301375784554944,0.2722406471464272
5,28177,2023-02-25,2023,,鹿島,川崎F,A,A,0.40955887456355416,0.18818000789238915,0.40226111754405663
5,28178,2023-02-25,2023,,名古屋,京都,H,D,0.2952805778264554,0.4108825862828229,0.2938368358907217
5,28480,2023-02-25,2023,,甲府,徳島,D,H,0.14790473465088136,0.37130555351696426,0.48078971183215435
5,28481,2023-02-25,2023,,大宮,ツエーゲン金沢,H,H,0.3042307798069727,0.22466864047902863,0.47110057971399866
5,28482,2023-02-25,2023,,千葉,山形,A,H,0.40087103579289857,0.17808328865398534,0.42104567555311617
5,28483,2023-02-25,2023,,藤枝MYFC,V・ファーレン長崎,H,D,0.3198510788938281,0.37706935324057245,0.3030795678655995
5,28179,2023-02-26,2023,,広島,新潟,A,A,0.46231486385656956,0.1688930290813115,0.368792107062119
5,28180,2023-02-26,2023,,柏,FC東京,D,H,0.25773376912527846,0.14863555558456232,0.5936306752901593
5,28484,2023-02-26,2023,,岡山,清水,D,A,0.45503051317192866,0.2129865056324594,0.33198298119561187
5,28485,2023-02-26,2023,,熊本,秋田,A,A,0.44327349805996374,0.17164825920856902,0.3850782427314673
5,28486,2023-02-26,2023,,仙台,栃木SC,H,A,0.4265794202454348,0.2574979691707536,0.31592261058381144
5,28487,2023-02-26,2023,,レノファ山口FC,磐田,D,D,0.24653306012618528,0.408970613452544,0.34449632642127065
5,28488,2023-02-26,2023,,町田,ザスパクサツ群馬,H,D,0.3290989870405174,0.3499018289838221,0.3209991839756605
5,28489,2023-02-26,2023,,水戸,いわきFC,D,D,0.13093696405623337,0.6888175544068427,0.180245481536924
5,28490,2023-02-26,2023,,大分,東京V,H,H,0.31282799385233606,0.2857932930786276,0.40137871306903644
5,28181,2023-03-03,2023,,横浜FM,広島,D,H,0.0716144418847666,0.10300547190735075,0.8253800862078827
5,28182,2023-03-04,2023,,川崎F,湘南,D,H,0.3040890867395657,0.32291931557617115,0.3729915976842632
5,28183,2023-03-04,2023,,新潟,札幌,D,D,0.17070096437324778,0.4918744784564089,0.3374245571703433
5,28184,2023-03-04,2023,,京都,FC東京,H,A,0.5560788395950854,0.2147512934519332,0.22916986695298142
5,28185,2023-03-04,2023,,浦和,C大阪,H,H,0.34528964918868904,0.29155569596916087,0.36315465484215015
5,28186,2023-03-04,2023,,福岡,柏,H,A,0.388530811990865,0.332347795903428,0.27912139210570713
5,28187,2023-03-04,2023,,鳥栖,名古屋,H,D,0.269336036710334,0.4557762667221168,0.27488769656754924
5,28188,2023-03-04,2023,,横浜FC,鹿島,A,A,0.4376874657640943,0.39950653702899935,0.16280599720690642
5,28189,2023-03-04,2023,,神戸,G大阪,H,A,0.5010516661247056,0.2656345220836373,0.23331381179165708
5,28491,2023-03-04,2023,,磐田,山形,H,D,0.3136818932956943,0.34503120901313383,0.3412868976911719
5,28492,2023-03-04,2023,,藤枝MYFC,秋田,A,D,0.3656779807519853,0.3786303044414333,0.2556917148065815
5,28493,2023-03-04,2023,,徳島,仙台,D,A,0.3946594069198153,0.23989881041568556,0.36544178266449906
5,28494,2023-03-04,2023,,V・ファーレン長崎,清水,D,D,0.25974106729006824,0.526233547319171,0.21402538539076066
5,28931,2023-03-04,2023,,SC相模原,ガイナーレ鳥取,A,H,0.3419338115246656,0.11821053166051859,0.5398556568148158
5,28932,2023-03-04,2023,,鹿児島ユナイテッドFC,FC大阪,H,D,0.11013780828395885,0.7690724465670763,0.12078974514896491
5,28933,2023-03-04,2023,,FC琉球,ヴァンラーレ八戸,H,H,0.2952471175797372,0.3287778729276848,0.37597500949257806
5,28495,2023-03-05,2023,,いわきFC,レノファ山口FC,A,H,0.36696074852292737,0.24366974905120628,0.3893695024258663
5,28496,2023-03-05,2023,,熊本,大宮,H,A,0.46662707624835914,0.2809946475000703,0.25237827625157067
5,28497,2023-03-05,2023,,千葉,ザスパクサツ群馬,D,H,0.21544316162330446,0.2591406538335628,0.5254161845431328
5,28498,2023-03-05,2023,,東京V,甲府,D,D,0.29115421820747334,0.5579799488763337,0.15086583291619296
5,28499,2023-03-05,2023,,ツエーゲン金沢,町田,A,D,0.11170986182090224,0.44490421883926434,0.44338591933983346
5,28500,2023-03-05,2023,,大分,栃木SC,H,D,0.18241101461849885,0.5263700928774274,0.29121889250407373
5,28501,2023-03-05,2023,,水戸,岡山,D,D,0.2975111490089454,0.5553274631627771,0.14716138782827748
5,28934,2023-03-05,2023,,Y.S.C.C.横浜,富山,A,A,0.4667849003787008,0.07405363938653678,0.4591614602347624
5,28935,2023-03-05,2023,,奈良クラブ,松本山雅FC,A,H,0.1373437921085583,0.2427196267776473,0.6199365811137945
5,28936,2023-03-05,2023,,FC今治,福島ユナイテッドFC,H,A,0.45650908320763445,0.2903949637940158,0.2530959529983497
5,28937,2023-03-05,2023,,テゲバジャーロ宮崎,AC長野パルセイロ,A,H,0.3335572340777276,0.24887603991157814,0.41756672601069433
5,28938,2023-03-05,2023,,カマタマーレ讃岐,アスルクラロ沼津,H,D,0.31203809704861113,0.4832816391225972,0.2046802638287918
5,28939,2023-03-05,2023,,ギラヴァンツ北九州,FC岐阜,D,D,0.3278561809572318,0.44641042264126674,0.22573339640150145
5,28940,2023-03-05,2023,,愛媛FC,いわてグルージャ盛岡,A,H,0.3020521974354184,0.3369483149124773,0.36099948765210427
5,28190,2023-03-11,2023,,新潟,川崎F,H,H,0.2430538496395365,0.374378326832146,0.3825678235283175
5,28191,2023-03-11,2023,,神戸,浦和,A,A,0.5292900843438274,0.13727677352300346,0.3334331421331691
5,28502,2023-03-11,2023,,甲府,藤枝MYFC,H,D,0.3302722972010852,0.36761466925291486,0.30211303354599994
5,28503,2023-03-11,2023,,大宮,磐田,H,A,0.47720605761262297,0.2014867244706973,0.3213072179166797
5,28504,2023-03-11,2023,,レノファ山口FC,熊本,A,H,0.2339152382966823,0.32486214037772515,0.4412226213255925
5,28941,2023-03-11,2023,,Y.S.C.C.横浜,ガイナーレ鳥取,A,D,0.11848344284684026,0.46320631649446964,0.41831024065869016
5,28942,2023-03-11,2023,,鹿児島ユナイテッドFC,FC今治,D,H,0.26682191696590535,0.2892288959324282,0.4439491871016666
5,28943,2023-03-11,2023,,FC琉球,いわてグルージャ盛岡,H,A,0.5686620567629613,0.15412786624868574,0.27721007698835304
5,28192,2023-03-12,2023,,C大阪,鳥栖,H,H,0.36891829042106034,0.23459985015862356,0.3964818594203161
5,28193,2023-03-12,2023,,札幌,横浜FM,H,H,0.30634836542507343,0.2793184347934717,0.41433319978145494
5,28194,2023-03-12,2023,,鹿島,福岡,D,A,0.5539627681189098,0.1429426363016671,0.3030945955794232
5,28195,2023-03-12,2023,,柏,名古屋,A,A,0.3531559932312318,0.30699146535726424,0.33985254141150395
5,28196,2023-03-12,2023,,FC東京,横浜FC,H,H,0.16896997025415142,0.33759126707494885,0.49343876267089976
5,28197,2023-03-12,2023,,湘南,京都,A,H,0.2912959071960066,0.2809400446229528,0.42776404818104063
5,28198,2023-03-12,2023,,G大阪,広島,A,A,0.5742656574792945,0.31775040532467497,0.10798393719603057
5,28505,2023-03-12,2023,,仙台,いわきFC,A,A,0.5731497323845015,0.22702089744107995,0.19982937017441857
5,28506,2023-03-12,2023,,秋田,千葉,H,H,0.24833750419137846,0.3402155746727629,0.4114469211358587
5,28507,2023-03-12,2023,,栃木SC,V・ファーレン長崎,D,H,0.23142171099089395,0.12233791038337119,0.6462403786257348
5,28508,2023-03-12,2023,,町田,水戸,H,H,0.21415606020932904,0.18171246854799,0.604131471242681
5,28509,2023-03-12,2023,,清水,大分,D,A,0.5028098721331264,0.20203547198781155,0.29515465587906203
5,28510,2023-03-12,2023,,岡山,ツエーゲン金沢,H,A,0.4194466650957343,0.3275674475869147,0.2529858873173511
5,28511,2023-03-12,2023,,徳島,東京V,A,A,0.5159011362672904,0.25660308234616935,0.22749578138654025
5,28512,2023-03-12,2023,,ザスパクサツ群馬,山形,H,H,0.26753030587291043,0.22018887855594554,0.5122808155711441
5,28944,2023-03-12,2023,,奈良クラブ,ヴァンラーレ八戸,D,H,0.30605941601338377,0.2875980218010901,0.4063425621855262
5,28945,2023-03-12,2023,,テゲバジャーロ宮崎,FC大阪,A,D,0.16807149815505132,0.5592717921243935,0.27265670972055517
5,28946,2023-03-12,2023,,アスルクラロ沼津,富山,H,H,0.1351710282417312,0.10949898063015755,0.7553299911281113
5,28947,2023-03-12,2023,,FC岐阜,松本山雅FC,D,D,0.2543804683963918,0.47319175246284845,0.2724277791407597
5,28948,2023-03-12,2023,,ギラヴァンツ北九州,カマタマーレ讃岐,H,H,0.30938684881828127,0.1906416939687357,0.49997145721298303
5,28949,2023-03-12,2023,,SC相模原,福島ユナイテッドFC,H,D,0.2843623864598069,0.375524623326394,0.3401129902137991
5,28950,2023-03-12,2023,,愛媛FC,AC長野パルセイロ,D,A,0.37897252258369607,0.375399686532943,0.2456277908833608
5,28199,2023-03-18,2023,,横浜FM,鹿島,H,H,0.21002082088022578,0.2714966720156576,0.5184825071041167
5,28200,2023-03-18,2023,,横浜FC,京都,A,A,0.38869865395792047,0.2780940920403513,0.3332072540017283
5,28201,2023-03-18,2023,,名古屋,FC東京,D,A,0.3941062712532018,0.2788845701241888,0.3270091586226095
5,28202,2023-03-18,2023,,浦和,新潟,H,D,0.2520361040213493,0.3903001104254011,0.35766378555324957
5,28203,2023-03-18,2023,,G大阪,札幌,D,H,0.24753453488645036,0.31217132810518694,0.4402941370083627
5,28204,2023-03-18,2023,,鳥栖,神戸,A,H,0.3034906001917853,0.33939740866277956,0.35711199114543524
5,28205,2023-03-18,2023,,川崎F,C大阪,D,D,0.28303257328588893,0.4183338868749025,0.29863353983920865
5,28513,2023-03-18,2023,,磐田,清水,D,A,0.5709574175673029,0.11710727675684081,0.31193530567585626
5,28951,2023-03-18,2023,,アスルクラロ沼津,ヴァンラーレ八戸,A,D,0.2606380391977542,0.4072523557989243,0.3321096050033214
5,28952,2023-03-18,2023,,FC大阪,いわてグルージャ盛岡,A,A,0.41647336632596893,0.19713232651092807,0.3863943071631029
5,28953,2023-03-18,2023,,FC岐阜,鹿児島ユナイテッドFC,H,A,0.4133142088501096,0.23462719841708818,0.35205859273280216
5,28206,2023-03-19,2023,,広島,柏,H,A,0.5189417893583136,0.14282849677350012,0.33822971386818634
5,28207,2023-03-19,2023,,福岡,湘南,H,D,0.24131085296441748,0.40876960899164144,0.34991953804394116
5,28514,2023-03-19,2023,,秋田,水戸,D,A,0.44623401322961137,0.32402801288503746,0.22973797388535108
5,28515,2023-03-19,2023,,山形,町田,A,A,0.4593224017104294,0.3011239506268731,0.23955364766269763
5,28516,2023-03-19,2023,,いわきFC,徳島,H,H,0.11571481163683256,0.3724570545327885,0.511828133830379
5,28517,2023-03-19,2023,,栃木SC,大宮,H,H,0.3494273844618328,0.11351647434103057,0.5370561411971366
5,28518,2023-03-19,2023,,ザスパクサツ群馬,仙台,A,H,0.2671165596445261,0.2569544570602803,0.4759289832951936
5,28519,2023-03-19,2023,,ツエーゲン金沢,レノファ山口FC,H,A,0.4451092744490924,0.2234701417624644,0.3314205837884433
5,28520,2023-03-19,2023,,藤枝MYFC,東京V,A,D,0.2958153439154105,0.4710220680171895,0.23316258806739995
5,28521,2023-03-19,2023,,岡山,甲府,A,H,0.23706683971363113,0.3078772100670417,0.45505595021932715
5,28522,2023-03-19,2023,,熊本,V・ファーレン長崎,A,H,0.2621219922486114,0.3195731096644652,0.41830489808692334
5,28523,2023-03-19,2023,,大分,千葉,H,D,0.24428943660106744,0.4248784525135534,0.33083211088537917
5,28954,2023-03-19,2023,,福島ユナイテッドFC,テゲバジャーロ宮崎,A,D,0.24705173716958262,0.5095587623380659,0.24338950049235156
5,28955,2023-03-19,2023,,Y.S.C.C.横浜,松本山雅FC,A,A,0.48542775671446725,0.13970059103417767,0.37487165225135505
5,28956,2023-03-19,2023,,ガイナーレ鳥取,愛媛FC,A,A,0.5774828554061846,0.07197845406543142,0.35053869052838393
5,28957,2023-03-19,2023,,FC今治,FC琉球,D,A,0.42559899339470475,0.24850678632866904,0.3258942202766263
5,28958,2023-03-19,2023,,AC長野パルセイロ,奈良クラブ,A,A,0.49957574828971796,0.22319288504476573,0.27723136666551623
5,28959,2023-03-19,2023,,富山,ギラヴァンツ北九州,H,A,0.4905438820208799,0.12497772933410804,0.3844783886450121
5,28960,2023-03-19,2023,,カマタマーレ讃岐,SC相模原,H,D,0.10418366570665999,0.6794514953433861,0.21636483894995384
5,28524,2023-03-25,2023,,仙台,ツエーゲン金沢,A,A,0.5810878724004493,0.12483093339586669,0.29408119420368395
5,28525,2023-03-25,2023,,大宮,大分,H,A,0.3692009214305984,0.26819815593033863,0.3626009226390629
5,28526,2023-03-25,2023,,千葉,岡山,D,A,0.4204028867207624,0.3441275651866202,0.23546954809261741
5,28527,2023-03-25,2023,,徳島,秋田,D,A,0.5461691450754806,0.25833481426358307,0.1954960406609364
5,28528,2023-03-25,2023,,V・ファーレン長崎,山形,H,A,0.5881338634510666,0.2980677666082974,0.113798369940636
5,28529,2023-03-25,2023,,東京V,熊本,H,H,0.30642264112518364,0.09579703128826891,0.5977803275865474
5,28961,2023-03-25,2023,,いわてグルージャ盛岡,アスルクラロ沼津,D,A,0.4828248514990732,0.2686885434916303,0.24848660500929645
5,28530,2023-03-26,2023,,いわきFC,町田,A,H,0.2691771972219584,0.2758707828589423,0.45495201991909945
5,28531,2023-03-26,2023,,レノファ山口FC,藤枝MYFC,A,H,0.24222722558740725,0.19868489925785265,0.5590878751547401
5,28532,2023-03-26,2023,,水戸,甲府,A,D,0.2418947958210948,0.5761322806469362,0.18197292353196898
5,28962,2023-03-26,2023,,奈良クラブ,Y.S.C.C.横浜,D,H,0.2518350823483519,0.2912460002305046,0.4569189174211434
5,28963,2023-03-26,2023,,ガイナーレ鳥取,カマタマーレ讃岐,D,A,0.6420734721002714,0.11122339594003199,0.24670313195969673
5,28964,2023-03-26,2023,,鹿児島ユナイテッドFC,SC相模原,H,H,0.2823465851703085,0.17848407561299623,0.5391693392166954
5,28965,2023-03-26,2023,,ヴァンラーレ八戸,FC岐阜,H,A,0.39842869124376,0.3706660883013687,0.23090522045487127
5,28966,2023-03-26,2023,,松本山雅FC,テゲバジャーロ宮崎,D,D,0.3519634637359034,0.4460263217431606,0.20201021452093604
5,28967,2023-03-26,2023,,富山,AC長野パルセイロ,D,H,0.2212723227935003,0.24271928597182224,0.5360083912346776
5,28968,2023-03-26,2023,,ギラヴァンツ北九州,FC今治,A,H,0.22427103557581973,0.22827732136561632,0.547451643058564
5,28969,2023-03-26,2023,,愛媛FC,FC大阪,H,H,0.4044127628599663,0.18947415698125666,0.406113080158777
5,28970,2023-03-26,2023,,FC琉球,福島ユナイテッドFC,A,H,0.2996471547018875,0.1903326526722727,0.5100201926258398
5,28533,2023-03-29,2023,,清水,ザスパクサツ群馬,A,H,0.42923095756215596,0.11782144747931496,0.45294759495852904
5,28534,2023-03-29,2023,,磐田,栃木SC,H,H,0.2704909082924274,0.295080142218459,0.43442894948911365
6,28208,2023-03-31,2023,,柏,浦和,A,A,0.4248117301187006,0.32525641992291804,0.24993184995838139
6,28209,2023-04-01,2023,,横浜FC,福岡,D,H,0.34326634406876233,0.30015255267553753,0.3565811032557002
6,28210,2023-04-01,2023,,新潟,名古屋,A,H,0.287930638332433,0.2782978004828867,0.43377156118468024
6,28211,2023-04-01,2023,,京都,神戸,A,H,0.1812453041946761,0.13460129159653175,0.6841534042087921
6,28212,2023-04-01,2023,,鹿島,広島,A,H,0.2758937467252656,0.33121128982143483,0.3928949634532996
6,28213,2023-04-01,2023,,湘南,G大阪,H,H,0.18109655432421995,0.051655211302604004,0.767248234373176
6,28214,2023-04-01,2023,,鳥栖,FC東京,H,D,0.31051346051397233,0.4280081825671898,0.2614783569188379
6,28215,2023-04-01,2023,,C大阪,横浜FM,H,A,0.5935222015135535,0.22214509337224245,0.18433270511420413
6,28216,2023-04-01,2023,,札幌,川崎F,A,H,0.2678242696501343,0.31548157240977776,0.41669415794008796
6,28535,2023-04-01,2023,,甲府,清水,H,H,0.18405872657891614,0.2404248761410306,0.5755163972800533
6,28536,2023-04-01,2023,,仙台,V・ファーレン長崎,A,A,0.5081208803815913,0.2030403231814384,0.2888387964369703
6,28537,2023-04-01,2023,,秋田,レノファ山口FC,A,D,0.21187717921622976,0.5143231345597317,0.2737996862240386
6,28538,2023-04-01,2023,,大分,磐田,H,A,0.6234304482657517,0.09271578938651275,0.28385376234773557
6,28539,2023-04-01,2023,,東京V,大宮,H,A,0.41414469932811465,0.3792410670942223,0.20661423357766312
6,28971,2023-04-01,2023,,FC大阪,富山,A,H,0.32285915742313054,0.198574602018489,0.4785662405583805
6,28972,2023-04-01,2023,,FC岐阜,FC琉球,H,H,0.2555919954128185,0.1505613265470898,0.5938466780400917
6,28540,2023-04-02,2023,,熊本,徳島,D,H,0.2594745054055507,0.21374703690715624,0.526778457687293
6,28541,2023-04-02,2023,,山形,水戸,A,D,0.39436377315618365,0.3994775848936688,0.20615864195014758
6,28542,2023-04-02,2023,,栃木SC,ザスパクサツ群馬,A,A,0.3739006576204211,0.29036669182334535,0.33573265055623364
6,28543,2023-04-02,2023,,町田,藤枝MYFC,H,H,0.2799781920320135,0.29493599359232286,0.4250858143756636
6,28544,2023-04-02,2023,,ツエーゲン金沢,千葉,H,D,0.33702212956264993,0.35540404298418293,0.3075738274531672
6,28545,2023-04-02,2023,,岡山,いわきFC,D,A,0.47790481910558635,0.26707421852409785,0.25502096237031585
6,28973,2023-04-02,2023,,FC今治,奈良クラブ,D,D,0.34310334312432084,0.4957378175592409,0.16115883931643818
6,28974,2023-04-02,2023,,AC長野パルセイロ,Y.S.C.C.横浜,H,A,0.5678492166777398,0.08197277576540538,0.35017800755685474
6,28975,2023-04-02,2023,,ヴァンラーレ八戸,ギラヴァンツ北九州,D,H,0.27914175385722995,0.11991539413319774,0.6009428520095723
6,28976,2023-04-02,2023,,福島ユナイテッドFC,いわてグルージャ盛岡,A,H,0.2446324809559351,0.2038351512176457,0.5515323678264192
6,28977,2023-04-02,2023,,SC相模原,アスルクラロ沼津,D,A,0.38234281815854926,0.2822766963334753,0.33538048550797533
6,28978,2023-04-02,2023,,松本山雅FC,ガイナーレ鳥取,D,A,0.41319547095058756,0.280963262503679,0.30584126654573357
6,28979,2023-04-02,2023,,カマタマーレ讃岐,鹿児島ユナイテッドFC,H,D,0.2621546709904569,0.49904881698360487,0.23879651202593818
6,28980,2023-04-02,2023,,テゲバジャーロ宮崎,愛媛FC,D,H,0.1662823016246975,0.27706589841453294,0.5566517999607695
6,28217,2023-04-08,2023,,横浜FM,横浜FC,H,H,0.19015453179951008,0.37956756074958536,0.43027790745090466
6,28546,2023-04-08,2023,,甲府,仙台,A,H,0.32306701371161334,0.19228801145200494,0.4846449748363818
6,28547,2023-04-08,2023,,いわきFC,大分,A,A,0.3893887160372896,0.3164374627941064,0.2941738211686041
6,28548,2023-04-08,2023,,ザスパクサツ群馬,V・ファーレン長崎,H,H,0.27106818970133234,0.22852614611243963,0.500405664186228
6,28549,2023-04-08,2023,,大宮,山形,H,H,0.1909758743629302,0.21285033257519964,0.5961737930618701
6,28550,2023-04-08,2023,,千葉,徳島,D,H,0.10364870692642504,0.3114943071520174,0.5848569859215575
6,28551,2023-04-08,2023,,町田,秋田,A,D,0.31112282334507657,0.5093994523801109,0.1794777242748125
6,28552,2023-04-08,2023,,清水,東京V,H,A,0.3919732813123044,0.3673534860848477,0.24067323260284784
6,28553,2023-04-08,2023,,藤枝MYFC,岡山,D,A,0.3996579559912676,0.3570154789865792,0.24332656502215322
6,28554,2023-04-08,2023,,レノファ山口FC,栃木SC,D,H,0.3415163527173515,0.2297822750421081,0.42870137224054045
6,28555,2023-04-08,2023,,水戸,磐田,A,A,0.3711484667763091,0.33932686486206004,0.28952466836163093
6,28981,2023-04-08,2023,,Y.S.C.C.横浜,鹿児島ユナイテッドFC,D,A,0.39261735333177433,0.31055226311832607,0.2968303835498997
6,28982,2023-04-08,2023,,いわてグルージャ盛岡,SC相模原,D,H,0.1461225972734021,0.2584462424807606,0.5954311602458374
6,28983,2023-04-08,2023,,アスルクラロ沼津,福島ユナイテッドFC,D,H,0.16951292652383604,0.3213856398809489,0.509101433595215
6,28984,2023-04-08,2023,,愛媛FC,FC岐阜,H,A,0.447874659836645,0.22636174780356164,0.32576359235979346
6,28985,2023-04-08,2023,,FC琉球,奈良クラブ,A,D,0.33176581295989815,0.3667459208711809,0.30148826616892094
6,28218,2023-04-09,2023,,C大阪,札幌,A,D,0.3375990529109964,0.3790619149637157,0.2833390321252879
6,28219,2023-04-09,2023,,神戸,新潟,D,H,0.328570298953613,0.2951292676004515,0.3763004334459356
6,28220,2023-04-09,2023,,広島,鳥栖,H,D,0.30225196961961515,0.4227252096538775,0.2750228207265073
6,28221,2023-04-09,2023,,FC東京,湘南,D,D,0.17758511037182328,0.43972973791469766,0.3826851517134791
6,28222,2023-04-09,2023,,名古屋,浦和,D,A,0.40925421212649704,0.23171486651486214,0.35903092135864084
6,28223,2023-04-09,2023,,G大阪,川崎F,H,D,0.2735247990460649,0.48139841184054466,0.24507678911339043
6,28224,2023-04-09,2023,,福岡,京都,H,D,0.11630080767168319,0.4776437138106428,0.40605547851767404
6,28225,2023-04-09,2023,,柏,鹿島,H,A,0.6585736639285403,0.1717885813458952,0.16963775472556447
6,28556,2023-04-09,2023,,熊本,ツエーゲン金沢,H,A,0.4156958116885183,0.24035348069786527,0.34395070761361646
6,28986,2023-04-09,2023,,FC大阪,FC今治,H,H,0.2831233608778445,0.35783809383542237,0.3590385452867332
6,28987,2023-04-09,2023,,ガイナーレ鳥取,ヴァンラーレ八戸,D,H,0.28695906715624603,0.3283922214101158,0.3846487114336382
6,28988,2023-04-09,2023,,AC長野パルセイロ,カマタマーレ讃岐,H,D,0.30841530204564244,0.4351280442561081,0.25645665369824944
6,28989,2023-04-09,2023,,富山,テゲバジャーロ宮崎,H,A,0.36106310157592775,0.31717052464940765,0.32176637377466466
6,28990,2023-04-09,2023,,ギラヴァンツ北九州,松本山雅FC,A,H,0.1890923820554931,0.16339944150515762,0.6475081764393492
6,28557,2023-04-12,2023,,栃木SC,山形,H,D,0.33000747773299266,0.415824558794964,0.25416796347204323
6,28558,2023-04-12,2023,,大宮,ザスパクサツ群馬,A,A,0.38942523962963055,0.3570132638759071,0.25356149649446247
6,28559,2023-04-12,2023,,東京V,秋田,H,H,0.3487482351765648,0.20212009556722102,0.4491316692562142
6,28560,2023-04-12,2023,,ツエーゲン金沢,いわきFC,H,H,0.4084583922917857,0.11690265628544542,0.4746389514227689
6,28561,2023-04-12,2023,,清水,仙台,D,A,0.43589614558455714,0.1702781715975283,0.3938256828179147
6,28562,2023-04-12,2023,,磐田,町田,D,D,0.29860516985875635,0.4065789795968042,0.2948158505444394
6,28563,2023-04-12,2023,,藤枝MYFC,千葉,H,D,0.25742628850784816,0.47969480043648205,0.26287891105566985
6,28564,2023-04-12,2023,,岡山,熊本,D,H,0.17267429813386265,0.2650479154774528,0.5622777863886845
6,28565,2023-04-12,2023,,徳島,水戸,A,H,0.29875033649063293,0.19650051839415922,0.504749145115208
6,28566,2023-04-12,2023,,V・ファーレン長崎,甲府,H,A,0.582878772166158,0.27814719687085465,0.13897403096298733
6,28567,2023-04-12,2023,,大分,レノファ山口FC,H,D,0.28384145383182263,0.3985042370224824,0.317654309145695
6,28226,2023-04-15,2023,,横浜FC,広島,A,A,0.5632667487968138,0.1526176368824611,0.284115614320725
6,28227,2023-04-15,2023,,浦和,札幌,H,H,0.3497556744888058,0.19607268051897053,0.4541716449922237
6,28228,2023-04-15,2023,,川崎F,名古屋,A,H,0.24403336932400183,0.3632607370164425,0.39270589365955566
6,28229,2023-04-15,2023,,湘南,横浜FM,D,H,0.44993512817639486,0.08929333189232262,0.46077153993128245
6,28230,2023-04-15,2023,,鳥栖,柏,D,A,0.5541517943395682,0.22692725275870312,0.21892095290172867
6,28231,2023-04-15,2023,,鹿島,神戸,A,A,0.46585012512838847,0.17617949701518085,0.3579703778564307
6,28232,2023-04-15,2023,,FC東京,C大阪,A,H,0.4296909990094486,0.12412939133784544,0.4461796096527059
6,28233,2023-04-15,2023,,京都,G大阪,H,H,0.3054028647505694,0.12644871515734007,0.5681484200920907
6,28234,2023-04-15,2023,,新潟,福岡,H,D,0.3207494364807917,0.4147611028589907,0.26448946066021767
6,28991,2023-04-15,2023,,福島ユナイテッドFC,ガイナーレ鳥取,D,D,0.3131622600559723,0.38446027783356884,0.30237746211045896
6,28992,2023-04-15,2023,,SC相模原,AC長野パルセイロ,A,D,0.19236880545819174,0.5036281331950112,0.3040030613467971
6,28993,2023-04-15,2023,,FC琉球,ギラヴァンツ北九州,H,D,0.3227865661415998,0.34015733065403225,0.33705610320436796
6,28568,2023-04-16,2023,,甲府,栃木SC,H,H,0.3037698615005124,0.2685038583528591,0.42772628014662856
6,28569,2023-04-16,2023,,仙台,岡山,D,H,0.1695160474780182,0.28069966025865944,0.5497842922633224
6,28570,2023-04-16,2023,,秋田,大宮,H,A,0.48013249606013386,0.31021387866394007,0.2096536252759261
6,28571,2023-04-16,2023,,山形,ツエーゲン金沢,A,H,0.3820732150324334,0.21842729746424455,0.3994994875033221
6,28572,2023-04-16,2023,,いわきFC,ザスパクサツ群馬,H,D,0.29446642934636413,0.4313445656268944,0.2741890050267415
6,28573,2023-04-16,2023,,千葉,東京V,H,D,0.36955929570628665,0.41703446083346046,0.213406243460253
6,28574,2023-04-16,2023,,町田,大分,H,D,0.3362939564413471,0.39074713017114715,0.2729589133875058
6,28575,2023-04-16,2023,,レノファ山口FC,清水,A,A,0.36928032041572145,0.28072302523962195,0.3499966543446567
6,28576,2023-04-16,2023,,徳島,V・ファーレン長崎,A,D,0.1650365690001629,0.723956372495923,0.11100705850391404
6,28577,2023-04-16,2023,,水戸,藤枝MYFC,A,H,0.2400722547110009,0.17598878243682795,0.5839389628521712
6,28578,2023-04-16,2023,,磐田,熊本,D,H,0.2303190848356771,0.37744225157344635,0.39223866359087656
6,28994,2023-04-16,2023,,奈良クラブ,いわてグルージャ盛岡,H,H,0.3389165095961009,0.25230501018933305,0.40877848021456614
6,28995,2023-04-16,2023,,FC今治,富山,H,D,0.19027431764645564,0.4062067309279437,0.4035189514256006
6,28996,2023-04-16,2023,,鹿児島ユナイテッドFC,テゲバジャーロ宮崎,D,H,0.25375309648877353,0.2912657470611454,0.4549811564500811
6,28997,2023-04-16,2023,,ヴァンラーレ八戸,Y.S.C.C.横浜,D,A,0.36146615384561476,0.3381146236972581,0.30041922245712716
6,28998,2023-04-16,2023,,松本山雅FC,アスルクラロ沼津,A,A,0.39577516014146646,0.30328161151102795,0.3009432283475057
6,28999,2023-04-16,2023,,FC岐阜,FC大阪,A,A,0.3976551674641513,0.32414518539284304,0.27819964714300566
6,29000,2023-04-16,2023,,カマタマーレ讃岐,愛媛FC,D,D,0.16497357830222995,0.7285736622031688,0.10645275949460137
6,28579,2023-04-21,2023,,熊本,千葉,D,D,0.3471901842998218,0.4677036237667273,0.18510619193345088
6,28235,2023-04-22,2023,,広島,FC東京,A,A,0.49745086947235745,0.25541233963248094,0.24713679089516158
6,28236,2023-04-22,2023,,神戸,横浜FM,A,A,0.408082472498233,0.24137716973402845,0.35054035776773856
6,28580,2023-04-22,2023,,大宮,清水,A,D,0.2139533346911127,0.4386121148012114,0.34743455050767597
6,28581,2023-04-22,2023,,甲府,町田,H,H,0.26512219593676717,0.04091033028796323,0.6939674737752696
6,28582,2023-04-22,2023,,岡山,レノファ山口FC,D,H,0.1770663006218735,0.22734318493374625,0.5955905144443803
6,28583,2023-04-22,2023,,V・ファーレン長崎,秋田,H,D,0.28029285179393154,0.45147133296032066,0.2682358152457478
6,28584,2023-04-22,2023,,東京V,山形,A,D,0.30351381274750266,0.35446437847898393,0.34202180877351335
6,28237,2023-04-23,2023,,札幌,福岡,D,H,0.3043544126647521,0.31874048078519207,0.3769051065500558
6,28238,2023-04-23,2023,,新潟,鹿島,A,A,0.4058124241951193,0.36240721486995464,0.23178036093492604
6,28239,2023-04-23,2023,,京都,鳥栖,A,H,0.10538806379983849,0.24268731491927145,0.6519246212808901
6,28240,2023-04-23,2023,,C大阪,柏,H,H,0.2679663336404339,0.17381874635526584,0.5582149200043004
6,28241,2023-04-23,2023,,名古屋,湘南,D,H,0.29543314196861564,0.33134042092117916,0.3732264371102052
6,28242,2023-04-23,2023,,川崎F,浦和,D,H,0.33803487479887695,0.2573707787868465,0.40459434641427666
6,28243,2023-04-23,2023,,G大阪,横浜FC,D,H,0.3075352169445817,0.22751445072166057,0.46495033233375777
6,28585,2023-04-23,2023,,栃木SC,いわきFC,H,A,0.5483850864156725,0.20710455700915445,0.244510356575173
6,28586,2023-04-23,2023,,ザスパクサツ群馬,徳島,D,D,0.2890733773948244,0.36063781213197244,0.35028881047320326
6,28587,2023-04-23,2023,,ツエーゲン金沢,磐田,A,A,0.47455635967978765,0.1803293273805808,0.34511431293963163
6,28588,2023-04-23,2023,,藤枝MYFC,仙台,H,H,0.24975463615017965,0.26962485734426034,0.48062050650556004
6,28589,2023-04-23,2023,,大分,水戸,A,H,0.2444374971327474,0.21474925065607825,0.5408132522111744
6,28244,2023-04-29,2023,,横浜FC,札幌,A,D,0.33969899573436985,0.34545257542046887,0.3148484288451613
6,28245,2023-04-29,2023,,C大阪,広島,A,A,0.436923040167585,0.27259827246701784,0.2904786873653971
6,28246,2023-04-29,2023,,神戸,湘南,H,H,0.2657055349463694,0.3143394103988713,0.4199550546547592
6,28247,2023-04-29,2023,,柏,京都,D,H,0.29365100287693807,0.300462312214551,0.405886684908511
6,28248,2023-04-29,2023,,FC東京,新潟,H,D,0.15277818387780978,0.5922977257905575,0.25492409033163266
6,28249,2023-04-29,2023,,横浜FM,名古屋,D,A,0.43727971072542904,0.23136342543308902,0.33135686384148194
6,28250,2023-04-29,2023,,福岡,川崎F,A,D,0.13592446151077,0.5633930920795308,0.3006824464096993
6,28251,2023-04-29,2023,,鹿島,G大阪,H,A,0.36726647719367794,0.32978974610524836,0.30294377670107364
6,28590,2023-04-29,2023,,仙台,大分,H,A,0.384507799605345,0.30897142594076316,0.30652077445389186
6,28591,2023-04-29,2023,,秋田,岡山,A,D,0.33485471083214763,0.36495513036864347,0.3001901587992089
6,28592,2023-04-29,2023,,山形,レノファ山口FC,D,A,0.3982760254670892,0.2749550143657048,0.3267689601672061
6,28593,2023-04-29,2023,,いわきFC,V・ファーレン長崎,A,D,0.2223444646555234,0.5006660862725774,0.2769894490718993
6,28594,2023-04-29,2023,,ザスパクサツ群馬,甲府,H,A,0.4113170352220132,0.27382562140208666,0.3148573433759001
6,28595,2023-04-29,2023,,町田,熊本,H,A,0.520436197394663,0.16935385706805486,0.3102099455372823
6,28596,2023-04-29,2023,,清水,栃木SC,H,A,0.4999340754555242,0.2202641687690194,0.27980175577545635
6,28597,2023-04-29,2023,,磐田,徳島,A,H,0.20122912710402058,0.3285552844683994,0.4702155884275801
6,28598,2023-04-29,2023,,千葉,大宮,H,D,0.24093203346718686,0.42663374615451793,0.3324342203782951
6,28599,2023-04-29,2023,,水戸,東京V,A,H,0.2542896805763312,0.12372081774973467,0.6219895016739341
6,29001,2023-04-29,2023,,FC大阪,アスルクラロ沼津,A,A,0.42380454161043407,0.27864438479736847,0.29755107359219746
6,29002,2023-04-29,2023,,ガイナーレ鳥取,奈良クラブ,A,A,0.3793457831747473,0.30198649686274415,0.3186677199625086
6,29003,2023-04-29,2023,,いわてグルージャ盛岡,鹿児島ユナイテッドFC,A,H,0.2995209609760616,0.19995758065750802,0.5005214583664305
6,29004,2023-04-29,2023,,富山,松本山雅FC,H,A,0.4112649489589326,0.2657996915324146,0.3229353595086528
6,29005,2023-04-29,2023,,カマタマーレ讃岐,ヴァンラーレ八戸,A,A,0.40817603711252043,0.1900010155745156,0.401822947312964
6,29006,2023-04-29,2023,,ギラヴァンツ北九州,SC相模原,D,H,0.26287721426420557,0.3084520581601726,0.4286707275756219
6,29007,2023-04-29,2023,,愛媛FC,FC琉球,H,H,0.1485714370028075,0.24749895891897442,0.603929604078218
6,28600,2023-04-30,2023,,ツエーゲン金沢,藤枝MYFC,D,A,0.3877011498887968,0.36258101002734516,0.24971784008385814
6,29008,2023-04-30,2023,,Y.S.C.C.横浜,FC今治,H,H,0.28481248735427644,0.2915302390687541,0.4236572735769695
6,29009,2023-04-30,2023,,テゲバジャーロ宮崎,FC岐阜,H,H,0.18562350157008994,0.3876812923446298,0.4266952060852803
6,29010,2023-04-30,2023,,AC長野パルセイロ,福島ユナイテッドFC,A,H,0.27629649766790954,0.2003152536979354,0.523388248634155
6,28253,2023-05-03,2023,,札幌,鹿島,A,A,0.5847921077314333,0.17827572664527838,0.2369321656232882
6,28254,2023-05-03,2023,,京都,川崎F,A,H,0.2600677409024221,0.19135494945890624,0.5485773096386717
6,28255,2023-05-03,2023,,G大阪,C大阪,A,D,0.3242691908976831,0.36400988721675104,0.3117209218855659
6,28256,2023-05-03,2023,,名古屋,神戸,D,A,0.41591667947363636,0.27690602149408267,0.307177299032281
6,28257,2023-05-03,2023,,福岡,FC東京,H,A,0.43609563309821503,0.2265722664198151,0.3373321004819699
6,28258,2023-05-03,2023,,鳥栖,横浜FM,A,H,0.21077482402542624,0.2256874968547133,0.5635376791198604
6,28259,2023-05-03,2023,,横浜FC,新潟,H,A,0.45308316399464743,0.16558154852720672,0.38133528747814593
6,28261,2023-05-03,2023,,湘南,柏,A,H,0.3629627899183925,0.2731472523257623,0.36388995775584526
6,28601,2023-05-03,2023,,熊本,ザスパクサツ群馬,H,A,0.3841764171267887,0.2810180349977345,0.33480554787547684
6,28602,2023-05-03,2023,,仙台,秋田,D,H,0.1506379572459349,0.2657346196796267,0.5836274230744384
6,28603,2023-05-03,2023,,大宮,町田,A,A,0.42797810112234114,0.23229444863615914,0.33972745024149975
6,28604,2023-05-03,2023,,甲府,いわきFC,H,H,0.28860036289979657,0.2216481427321109,0.4897514943680925
6,28605,2023-05-03,2023,,藤枝MYFC,大分,A,D,0.18710377137545028,0.5016550217112518,0.31124120691329793
6,28606,2023-05-03,2023,,岡山,山形,H,A,0.5900981899531842,0.11722395238660008,0.29267785766021576
6,28607,2023-05-03,2023,,レノファ山口FC,千葉,D,A,0.4736132489318516,0.28013666336253257,0.24625008770561585
6,28608,2023-05-03,2023,,徳島,清水,D,A,0.5069025987360722,0.36047386181191704,0.1326235394520108
6,28609,2023-05-03,2023,,V・ファーレン長崎,水戸,H,A,0.49687968350556067,0.4069315110276661,0.09618880546677325
6,28610,2023-05-03,2023,,栃木SC,ツエーゲン金沢,H,A,0.5963916022837403,0.08380343312334257,0.3198049645929171
6,28611,2023-05-03,2023,,東京V,磐田,D,H,0.3524732977185114,0.2147561958347099,0.4327705064467788
6,29011,2023-05-03,2023,,奈良クラブ,テゲバジャーロ宮崎,H,A,0.3694843820805146,0.2960491023060692,0.3344665156134162
6,29012,2023-05-03,2023,,福島ユナイテッドFC,カマタマーレ讃岐,D,H,0.37270211692568717,0.2485416070891406,0.3787562759851722
6,29013,2023-05-03,2023,,いわてグルージャ盛岡,AC長野パルセイロ,A,H,0.1434839977337378,0.2273068918569746,0.6292091104092876
6,29014,2023-05-03,2023,,アスルクラロ沼津,愛媛FC,A,H,0.06326513219126007,0.4484003637434798,0.48833450406526013
6,29015,2023-05-03,2023,,FC岐阜,Y.S.C.C.横浜,A,A,0.4146434527924828,0.3511048938287949,0.2342516533787224
6,29016,2023-05-03,2023,,松本山雅FC,FC大阪,H,D,0.29232370902476806,0.39906158624526866,0.30861470472996333
6,29017,2023-05-03,2023,,FC琉球,ガイナーレ鳥取,A,A,0.3745171279300574,0.37361124703939186,0.2518716250305507
6,29018,2023-05-04,2023,,ヴァンラーレ八戸,FC今治,A,D,0.18841546618732385,0.4944497952009609,0.3171347386117153
6,29019,2023-05-04,2023,,SC相模原,富山,D,D,0.28639326110356,0.424145259798413,0.28946147909802694
6,29020,2023-05-04,2023,,鹿児島ユナイテッドFC,ギラヴァンツ北九州,H,D,0.18181455236566574,0.5951090510974603,0.223076396536874
6,28262,2023-05-06,2023,,札幌,FC東京,H,A,0.447894949767004,0.35524283088045666,0.1968622193525394
6,28263,2023-05-06,2023,,名古屋,G大阪,H,H,0.32532068391774255,0.2814097124805118,0.3932696036017458
6,28264,2023-05-07,2023,,広島,福岡,H,H,0.23847853022071783,0.33479947993880893,0.4267219898404733
6,28265,2023-05-07,2023,,横浜FM,京都,H,H,0.26258242461909664,0.15921835378440027,0.578199221596503
6,28266,2023-05-07,2023,,新潟,柏,D,A,0.48334124863909445,0.17861581751526318,0.33804293384564243
6,28267,2023-05-07,2023,,C大阪,鹿島,A,H,0.2623686811532738,0.34596796048135225,0.3916633583653739
6,28268,2023-05-07,2023,,神戸,横浜FC,H,D,0.1812249743554478,0.4335771071003887,0.38519791854416346
6,28269,2023-05-07,2023,,川崎F,鳥栖,H,H,0.353596461734693,0.18825046060013162,0.45815307766517527
6,28612,2023-05-07,2023,,熊本,甲府,H,H,0.2565623511563194,0.35902829426226646,0.38440935458141423
6,28613,2023-05-07,2023,,秋田,栃木SC,H,H,0.22304696591166814,0.22965835757921813,0.5472946765091138
6,28614,2023-05-07,2023,,山形,藤枝MYFC,H,H,0.2953837604631167,0.1845062938366477,0.5201099457002356
6,28615,2023-05-07,2023,,ザスパクサツ群馬,レノファ山口FC,H,A,0.5246561755969849,0.15558282627701464,0.3197609981260005
6,28616,2023-05-07,2023,,大宮,徳島,A,H,0.32345612215724195,0.19570606073073135,0.4808378171120266
6,28617,2023-05-07,2023,,町田,岡山,D,A,0.4546566787996055,0.15030901982233782,0.3950343013780567
6,28618,2023-05-07,2023,,清水,いわきFC,H,H,0.44399693507435134,0.10721629292254409,0.4487867720031046
6,28619,2023-05-07,2023,,V・ファーレン長崎,東京V,A,H,0.3255910265102709,0.19702900240103002,0.47737997108869906
6,28620,2023-05-07,2023,,大分,ツエーゲン金沢,H,A,0.3850194934335747,0.32122724824442017,0.29375325832200505
6,28621,2023-05-07,2023,,水戸,仙台,H,A,0.47383824685392,0.22413628269544278,0.30202547045063716
6,28622,2023-05-07,2023,,千葉,磐田,A,D,0.26435726662666104,0.48671909903220484,0.24892363434113418
6,28252,2023-05-10,2023,,浦和,鳥栖,A,H,0.22363001615763145,0.31782897468406907,0.45854100915829954
6,28271,2023-05-12,2023,,FC東京,川崎F,H,A,0.3908355706824055,0.33070975898226085,0.2784546703353337
6,28272,2023-05-13,2023,,神戸,広島,H,H,0.2685421501013405,0.31343634760946043,0.4180215022891991
6,28273,2023-05-13,2023,,湘南,札幌,A,H,0.28105309393149697,0.2147159504198024,0.5042309556487007
6,28274,2023-05-13,2023,,柏,横浜FC,A,H,0.28316034634844867,0.23226746344532762,0.48457219020622383
6,28623,2023-05-13,2023,,岡山,大宮,D,D,0.3151351919335786,0.4077165348162696,0.27714827325015184
6,28624,2023-05-13,2023,,レノファ山口FC,徳島,D,A,0.4526032228397364,0.16260682894607326,0.3847899482141904
6,28625,2023-05-13,2023,,甲府,千葉,A,H,0.328095577847925,0.2997784512043434,0.3721259709477317
6,28626,2023-05-13,2023,,ツエーゲン金沢,V・ファーレン長崎,H,D,0.27932559419835024,0.5383705875907436,0.18230381821090624
6,28627,2023-05-13,2023,,清水,藤枝MYFC,H,H,0.3878871208586233,0.18219083746042858,0.42992204168094816
6,28628,2023-05-13,2023,,磐田,ザスパクサツ群馬,H,A,0.3938079621501209,0.37151075772683634,0.23468128012304273
6,28629,2023-05-13,2023,,東京V,町田,A,H,0.265032082053143,0.24113548084175626,0.4938324371051008
6,28630,2023-05-13,2023,,水戸,栃木SC,D,D,0.19666272847441835,0.519425701860882,0.28391156966469977
6,28631,2023-05-13,2023,,大分,熊本,D,D,0.19575901981200122,0.410056239142235,0.39418474104576373
6,28632,2023-05-13,2023,,仙台,山形,H,H,0.31061036260198316,0.25086035446652877,0.4385292829314881
6,29021,2023-05-13,2023,,Y.S.C.C.横浜,SC相模原,D,H,0.21468218230265457,0.29247670615099947,0.49284111154634586
6,29022,2023-05-13,2023,,奈良クラブ,FC大阪,A,H,0.12394127122545034,0.25947893478657336,0.6165797939879762
6,29023,2023-05-13,2023,,AC長野パルセイロ,松本山雅FC,H,A,0.49287707090584904,0.21723650279760118,0.28988642629654976
6,28275,2023-05-14,2023,,鹿島,名古屋,H,H,0.2724761860693573,0.25829689981955334,0.4692269141110894
6,28276,2023-05-14,2023,,京都,C大阪,A,A,0.5178596894616428,0.15109220590961567,0.33104810462874157
6,28277,2023-05-14,2023,,福岡,鳥栖,D,D,0.1809913472942273,0.4883443876754631,0.33066426503030955
6,28278,2023-05-14,2023,,新潟,横浜FM,H,D,0.34098940891127283,0.34257063473471894,0.3164399563540083
6,28279,2023-05-14,2023,,浦和,G大阪,H,A,0.5091125960465673,0.1811357201772824,0.30975168377615037
6,28633,2023-05-14,2023,,いわきFC,秋田,A,D,0.2797721885518854,0.4336284152110528,0.2865993962370618
6,29024,2023-05-14,2023,,ガイナーレ鳥取,アスルクラロ沼津,D,A,0.6391095655252309,0.24083442406377215,0.1200560104109969
6,29025,2023-05-14,2023,,ヴァンラーレ八戸,いわてグルージャ盛岡,A,H,0.3092187488884584,0.2709132899451276,0.41986796116641406
6,29026,2023-05-14,2023,,FC今治,愛媛FC,D,H,0.16203855238585815,0.24838132910525987,0.5895801185088819
6,29027,2023-05-14,2023,,鹿児島ユナイテッドFC,FC琉球,H,H,0.19856142709025823,0.28017383641327587,0.5212647364964659
6,29028,2023-05-14,2023,,富山,福島ユナイテッドFC,H,A,0.5491894977690432,0.18439131395063912,0.2664191882803177
6,29029,2023-05-14,2023,,カマタマーレ讃岐,FC岐阜,A,A,0.39898753522217906,0.33960546323543006,0.2614070015423908
6,29030,2023-05-14,2023,,ギラヴァンツ北九州,テゲバジャーロ宮崎,A,A,0.42690815243312535,0.20324889516446062,0.369842952402414
6,28634,2023-05-17,2023,,山形,大分,H,H,0.19452008129597906,0.29994444607873166,0.5055354726252893
6,28635,2023-05-17,2023,,秋田,甲府,A,H,0.2434017220536774,0.3742396729582468,0.38235860498807583
6,28636,2023-05-17,2023,,いわきFC,大宮,H,D,0.3832198183323045,0.38997024141560677,0.22680994025208875
6,28637,2023-05-17,2023,,栃木SC,東京V,A,A,0.5242759419764421,0.3080275917276353,0.1676964662959226
6,28638,2023-05-17,2023,,ザスパクサツ群馬,水戸,H,A,0.41912569964888746,0.36285135576680605,0.21802294458430654
6,28639,2023-05-17,2023,,千葉,清水,H,D,0.14495893612429778,0.4447090286616421,0.4103320352140602
6,28640,2023-05-17,2023,,町田,レノファ山口FC,H,A,0.44845446316639265,0.2372672466294415,0.314278290204166
6,28641,2023-05-17,2023,,藤枝MYFC,磐田,A,H,0.37995250573826533,0.21509641058638268,0.404951083675352
6,28642,2023-05-17,2023,,徳島,ツエーゲン金沢,H,A,0.5022309066828927,0.31740853029832206,0.1803605630187852
6,28643,2023-05-17,2023,,V・ファーレン長崎,岡山,D,A,0.5214234920090733,0.3120882185568201,0.1664882894341066
6,28644,2023-05-17,2023,,熊本,仙台,A,H,0.20866903098986653,0.354885237354344,0.43644573165578954
6,28280,2023-05-19,2023,,札幌,京都,H,H,0.10048656699655986,0.07762629969295466,0.8218871333104856
6,28281,2023-05-20,2023,,福岡,浦和,D,A,0.40072993863781275,0.2437196028699934,0.3555504584921938
6,28282,2023-05-20,2023,,鹿島,FC東京,D,H,0.4147692178144295,0.14858771593042214,0.4366430662551484
6,28283,2023-05-20,2023,,湘南,C大阪,A,A,0.5296106423876273,0.31883071194774393,0.15155864566462887
6,28284,2023-05-20,2023,,名古屋,広島,H,A,0.44288092655547884,0.2854551368080845,0.2716639366364366
6,28285,2023-05-20,2023,,柏,神戸,D,A,0.41611097259533975,0.2030902492871693,0.3807987781174909
6,28286,2023-05-20,2023,,鳥栖,新潟,H,H,0.25151015032419444,0.2318325415259111,0.5166573081498944
6,28287,2023-05-20,2023,,G大阪,横浜FM,A,A,0.4047441877660396,0.28796861373429,0.3072871984996704
6,28288,2023-05-20,2023,,横浜FC,川崎F,H,A,0.43863692587373865,0.4031646756618529,0.15819839846440858
6,28645,2023-05-21,2023,,山形,秋田,H,H,0.27003364371635763,0.26877731925286485,0.46118903703077746
6,28646,2023-05-21,2023,,大宮,仙台,D,H,0.16490193265802275,0.11114599327671959,0.7239520740652576
6,28647,2023-05-21,2023,,千葉,栃木SC,H,H,0.17546848437845894,0.38395867382035875,0.44057284180118245
6,28648,2023-05-21,2023,,町田,清水,H,D,0.2860552475044178,0.46178369935427077,0.25216105314131143
6,28649,2023-05-21,2023,,ツエーゲン金沢,甲府,A,H,0.2567953583916698,0.30986828873844846,0.43333635286988187
6,28650,2023-05-21,2023,,藤枝MYFC,徳島,H,H,0.10785844909768229,0.2536240265964385,0.6385175243058792
6,28651,2023-05-21,2023,,レノファ山口FC,東京V,A,D,0.19565135395170524,0.42598437762375235,0.3783642684245424
6,28652,2023-05-21,2023,,大分,V・ファーレン長崎,D,A,0.49780149987847006,0.09775755593663586,0.404440944184894
6,28653,2023-05-21,2023,,水戸,熊本,A,D,0.1937522357403007,0.41202807595562163,0.39421968830407766
6,28654,2023-05-21,2023,,磐田,いわきFC,D,A,0.5748582246260873,0.2105769989668727,0.21456477640704003
6,28655,2023-05-21,2023,,岡山,ザスパクサツ群馬,H,A,0.5031848478455233,0.37346465705162624,0.12335049510285043
6,28289,2023-05-27,2023,,札幌,名古屋,A,H,0.38391109841384696,0.17042500395732957,0.44566389762882347
6,28290,2023-05-27,2023,,神戸,FC東京,H,D,0.3394671706913405,0.36200775885531916,0.2985250704533403
6,28291,2023-05-27,2023,,広島,湘南,H,A,0.5263610823763353,0.3069580151625831,0.16668090246108166
6,28292,2023-05-27,2023,,鳥栖,鹿島,D,A,0.5105465871057941,0.2502391127629021,0.2392143001313037
6,28293,2023-05-27,2023,,京都,浦和,A,A,0.4052766711529273,0.27790855115035784,0.3168147776967148
6,28656,2023-05-27,2023,,甲府,大宮,H,D,0.19571742077192103,0.47429848688963155,0.3299840923384475
6,28657,2023-05-27,2023,,V・ファーレン長崎,磐田,H,D,0.3540892284673204,0.35663996272528703,0.2892708088073927
6,29031,2023-05-27,2023,,Y.S.C.C.横浜,ギラヴァンツ北九州,H,H,0.27971002491080177,0.2974093174393228,0.42288065764987537
6,29032,2023-05-27,2023,,FC大阪,ヴァンラーレ八戸,A,D,0.12652295306527953,0.6305919610902798,0.24288508584444077
6,29033,2023-05-27,2023,,カマタマーレ讃岐,奈良クラブ,D,D,0.2814113431235985,0.40991931598325576,0.30866934089314574
6,29034,2023-05-27,2023,,愛媛FC,福島ユナイテッドFC,A,H,0.12921197745982574,0.12112733020640759,0.7496606923337666
6,28294,2023-05-28,2023,,横浜FM,福岡,H,H,0.39901049933194527,0.1407492578761388,0.46024024279191583
6,28295,2023-05-28,2023,,新潟,G大阪,A,A,0.4296828332065503,0.24834748038118087,0.3219696864122687
6,28296,2023-05-28,2023,,C大阪,横浜FC,H,D,0.27585448730934714,0.37668072170454614,0.34746479098610683
6,28297,2023-05-28,2023,,川崎F,柏,H,H,0.3722191173890879,0.18580694028843509,0.44197394232247694
6,28658,2023-05-28,2023,,仙台,千葉,H,D,0.32411487013620816,0.3888370330461783,0.2870480968176136
6,28659,2023-05-28,2023,,秋田,大分,D,H,0.1629611868358383,0.1990199387919825,0.6380188743721793
6,28660,2023-05-28,2023,,栃木SC,岡山,H,A,0.5174059496165955,0.21480320439888204,0.26779084598452246
6,28661,2023-05-28,2023,,ザスパクサツ群馬,藤枝MYFC,D,D,0.31136465487580595,0.4241650230432772,0.2644703220809168
6,28662,2023-05-28,2023,,東京V,いわきFC,D,D,0.3239840357568833,0.35508276795583904,0.3209331962872777
6,28663,2023-05-28,2023,,清水,ツエーゲン金沢,H,A,0.6022398773637045,0.25073943152845485,0.1470206911078407
6,28664,2023-05-28,2023,,徳島,町田,H,D,0.13722798785101054,0.6815306468746701,0.18124136527431933
6,28665,2023-05-28,2023,,熊本,山形,A,H,0.21167156561531605,0.39324041029536394,0.39508802408932
6,28666,2023-05-28,2023,,水戸,レノファ山口FC,A,A,0.47405723995196236,0.30007412876354195,0.22586863128449577
6,29035,2023-05-28,2023,,松本山雅FC,鹿児島ユナイテッドFC,A,H,0.36250232844789526,0.24666611667039529,0.3908315548817095
6,29036,2023-05-28,2023,,FC今治,ガイナーレ鳥取,H,D,0.19671412715389555,0.575530726181642,0.22775514666446237
6,29037,2023-05-28,2023,,テゲバジャーロ宮崎,いわてグルージャ盛岡,H,H,0.3035559232613591,0.3444372814678748,0.3520067952707661
6,29038,2023-05-28,2023,,SC相模原,FC琉球,D,D,0.3286647604970701,0.360329923197393,0.31100531630553685
6,29039,2023-05-28,2023,,アスルクラロ沼津,AC長野パルセイロ,H,H,0.12804252372271213,0.41628708067759845,0.45567039559968947
6,29040,2023-05-28,2023,,FC岐阜,富山,H,H,0.3656230831565052,0.20012188507599302,0.43425503176750174
6,28260,2023-05-31,2023,,浦和,広島,H,D,0.2814751481303488,0.4565860071863227,0.26193884468332856
6,28299,2023-06-03,2023,,FC東京,横浜FM,A,H,0.20904752035127638,0.13247707128406636,0.6584754083646573
6,28300,2023-06-03,2023,,湘南,新潟,D,H,0.29128344005388884,0.291166948684099,0.41754961126201223
6,28301,2023-06-03,2023,,名古屋,C大阪,H,H,0.3087926418576439,0.3260243446978358,0.36518301344452037
6,28302,2023-06-03,2023,,福岡,G大阪,A,A,0.4406197571098954,0.24893429228786776,0.31044595060223684
6,28303,2023-06-03,2023,,横浜FC,鳥栖,A,H,0.2878473797687467,0.1829307962219311,0.5292218240093223
6,28304,2023-06-03,2023,,柏,札幌,A,H,0.10259812771864475,0.16150909410698705,0.7358927781743683
6,28667,2023-06-03,2023,,いわきFC,熊本,A,A,0.6241165393807315,0.06478313259530805,0.3111003280239603
6,28668,2023-06-03,2023,,山形,清水,H,H,0.34027151264122985,0.18294818380856437,0.4767803035502058
6,28669,2023-06-03,2023,,大宮,水戸,A,H,0.24449545574779977,0.2910923551070312,0.4644121891451691
6,28670,2023-06-03,2023,,ツエーゲン金沢,ザスパクサツ群馬,D,A,0.450745357228112,0.26249234085025924,0.2867623019216288
6,28671,2023-06-03,2023,,藤枝MYFC,栃木SC,D,H,0.2638157968401532,0.27648696550921636,0.4596972376506304
6,28672,2023-06-03,2023,,レノファ山口FC,V・ファーレン長崎,D,A,0.5245566804432041,0.30620184597623046,0.16924147358056535
6,28673,2023-06-03,2023,,磐田,秋田,H,A,0.463876761835886,0.2882534369826437,0.24786980118147034
6,28674,2023-06-03,2023,,千葉,町田,A,A,0.4308838719855585,0.3263155140051445,0.24280061400929695
6,28675,2023-06-03,2023,,岡山,徳島,H,D,0.3067176547576258,0.35709034731764017,0.33619199792473403
6,29041,2023-06-03,2023,,松本山雅FC,SC相模原,H,D,0.10796966894893381,0.705353235279208,0.1866770957718581
6,29042,2023-06-03,2023,,ギラヴァンツ北九州,愛媛FC,A,D,0.1031700031798233,0.6477504014175424,0.24907959540263433
6,29043,2023-06-03,2023,,奈良クラブ,鹿児島ユナイテッドFC,D,A,0.4633962416819051,0.34379421490973616,0.19280954340835862
6,29044,2023-06-03,2023,,いわてグルージャ盛岡,FC今治,H,H,0.240119269334099,0.20375539654118743,0.5561253341247137
6,29045,2023-06-03,2023,,FC琉球,アスルクラロ沼津,H,A,0.5450417909190801,0.27512473947695193,0.179833469603968
6,29050,2023-06-03,2023,,福島ユナイテッドFC,Y.S.C.C.横浜,A,H,0.3400294446551352,0.2594026535274907,0.40056790181737406
6,28305,2023-06-04,2023,,広島,京都,H,H,0.18920621367065027,0.2898915522851432,0.5209022340442065
6,28306,2023-06-04,2023,,浦和,鹿島,D,A,0.35422615823417747,0.3221564717566079,0.32361737000921464
6,28676,2023-06-04,2023,,東京V,仙台,A,A,0.42293358369091294,0.17715257500930087,0.39991384129978624
6,28677,2023-06-04,2023,,大分,甲府,H,D,0.2670413199424728,0.4083164632698343,0.32464221678769295
6,29046,2023-06-04,2023,,FC大阪,AC長野パルセイロ,H,H,0.309901836197624,0.20342510994677077,0.48667305385560516
6,29047,2023-06-04,2023,,ガイナーレ鳥取,FC岐阜,A,D,0.3772866178715704,0.4182279641679591,0.20448541796047043
6,29048,2023-06-04,2023,,ヴァンラーレ八戸,テゲバジャーロ宮崎,D,D,0.21678199383675156,0.6235335962656168,0.15968440989763172
6,29049,2023-06-04,2023,,富山,カマタマーレ讃岐,H,D,0.30507696283253893,0.3488376782382072,0.3460853589292538
6,28307,2023-06-10,2023,,横浜FM,柏,H,H,0.2732359701603192,0.2156650546493289,0.5110989751903519
6,28308,2023-06-10,2023,,C大阪,神戸,H,H,0.3202976841403129,0.10080980501863518,0.578892510841052
6,28309,2023-06-10,2023,,鳥栖,札幌,D,A,0.5537188718303155,0.18518751297962263,0.2610936151900618
6,29051,2023-06-10,2023,,Y.S.C.C.横浜,愛媛FC,H,A,0.4173197211989672,0.2706575265342839,0.312022752266749
6,29052,2023-06-10,2023,,鹿児島ユナイテッドFC,ヴァンラーレ八戸,A,D,0.20450179851744685,0.4673368251485508,0.3281613763340023
6,28310,2023-06-11,2023,,新潟,京都,A,D,0.27149957303637695,0.4767813241264635,0.2517191028371594
6,28311,2023-06-11,2023,,名古屋,福岡,H,D,0.3123934891834169,0.43270642102193024,0.2549000897946528
6,28312,2023-06-11,2023,,鹿島,湘南,H,H,0.32252858246129407,0.24205077343958933,0.4354206440991167
6,28313,2023-06-11,2023,,G大阪,FC東京,H,A,0.4052337289171273,0.229720132791229,0.3650461382916437
6,28314,2023-06-11,2023,,横浜FC,浦和,D,D,0.22927295553671917,0.5020201354862316,0.26870690897704935
6,28315,2023-06-11,2023,,川崎F,広島,H,H,0.4058544583981703,0.17559492601056423,0.41855061559126555
6,28678,2023-06-11,2023,,仙台,磐田,A,A,0.538936979801551,0.2788723946574797,0.1821906255409694
6,28679,2023-06-11,2023,,秋田,ツエーゲン金沢,D,A,0.38880988153270196,0.2549641556175216,0.35622596284977653
6,28680,2023-06-11,2023,,山形,いわきFC,H,H,0.32198330259251223,0.18475848340703538,0.4932582140004524
6,28681,2023-06-11,2023,,町田,V・ファーレン長崎,H,A,0.4483849297643099,0.3512164949709182,0.2003985752647718
6,28682,2023-06-11,2023,,水戸,千葉,H,A,0.3985379290095937,0.35751710699117367,0.24394496399923263
6,28683,2023-06-11,2023,,甲府,レノファ山口FC,H,H,0.2555689525903833,0.27866741281716545,0.46576363459245124
6,28684,2023-06-11,2023,,徳島,栃木SC,H,A,0.48733127310509045,0.18569848339949907,0.32697024349541043
6,28685,2023-06-11,2023,,ザスパクサツ群馬,大分,A,H,0.3189850793055421,0.3215521060804221,0.35946281461403573
6,28686,2023-06-11,2023,,大宮,藤枝MYFC,A,D,0.29253453205595453,0.4132318170992998,0.2942336508447457
6,28687,2023-06-11,2023,,岡山,東京V,A,H,0.24707814522156732,0.3471660220840569,0.4057558326943758
6,28688,2023-06-11,2023,,熊本,清水,A,D,0.32706543713142294,0.5277377917184631,0.14519677115011395
6,29053,2023-06-11,2023,,富山,ガイナーレ鳥取,D,D,0.22349171839164794,0.4950408438052807,0.28146743780307143
6,29054,2023-06-11,2023,,アスルクラロ沼津,FC岐阜,D,H,0.38330721356158803,0.17268496029149388,0.4440078261469181
6,29055,2023-06-11,2023,,福島ユナイテッドFC,FC大阪,A,A,0.4736283222534874,0.15522241325452224,0.3711492644919905
6,29056,2023-06-11,2023,,カマタマーレ讃岐,いわてグルージャ盛岡,H,A,0.389927045650892,0.3821430689657192,0.2279298853833889
6,29057,2023-06-11,2023,,ギラヴァンツ北九州,奈良クラブ,D,H,0.2843016992683467,0.23834787722841996,0.47735042350323326
6,29058,2023-06-11,2023,,SC相模原,テゲバジャーロ宮崎,D,H,0.34798597542791254,0.29987145028045326,0.3521425742916342
6,29059,2023-06-11,2023,,AC長野パルセイロ,FC琉球,A,H,0.1823461947294755,0.19138889629285197,0.6262649089776726
6,29060,2023-06-11,2023,,FC今治,松本山雅FC,A,D,0.350197668077481,0.4232307901367318,0.22657154178578726
6,28689,2023-06-17,2023,,藤枝MYFC,熊本,A,H,0.23520818958272474,0.240680930367672,0.5241108800496034
6,28690,2023-06-17,2023,,ツエーゲン金沢,水戸,H,H,0.23469982787131666,0.2328184606981577,0.5324817114305256
6,28691,2023-06-17,2023,,徳島,山形,D,H,0.24882203444595757,0.19978283362723473,0.5513951319268077
6,28692,2023-06-17,2023,,V・ファーレン長崎,大宮,H,D,0.32271470281459,0.3513197373251944,0.3259655598602155
6,28693,2023-06-17,2023,,大分,岡山,H,H,0.1855533185879495,0.3729060715142178,0.4415406098978327
6,29061,2023-06-17,2023,,テゲバジャーロ宮崎,FC今治,D,H,0.12277089216284327,0.42027481924313437,0.45695428859402226
6,29062,2023-06-17,2023,,いわてグルージャ盛岡,富山,A,H,0.20611046367315547,0.19049662688240307,0.6033929094444415
6,29063,2023-06-17,2023,,松本山雅FC,カマタマーレ讃岐,H,H,0.2655462660395311,0.3669415577318439,0.367512176228625
6,29064,2023-06-17,2023,,愛媛FC,奈良クラブ,H,D,0.2842312087955285,0.4332750827184037,0.28249370848606786
6,29065,2023-06-17,2023,,ガイナーレ鳥取,ギラヴァンツ北九州,A,A,0.41371413955899483,0.24533891087586318,0.34094694956514204
6,28694,2023-06-18,2023,,レノファ山口FC,仙台,H,A,0.4314643644685776,0.14303328677565103,0.4255023487557714
6,28695,2023-06-18,2023,,いわきFC,千葉,D,D,0.17193442223124925,0.5140326560167817,0.314032921751969
6,28696,2023-06-18,2023,,栃木SC,町田,D,A,0.3999486541386193,0.34452512006555985,0.25552622579582085
6,28697,2023-06-18,2023,,東京V,ザスパクサツ群馬,D,A,0.4015170711630608,0.19928189257244758,0.3992010362644917
6,29066,2023-06-18,2023,,AC長野パルセイロ,鹿児島ユナイテッドFC,A,A,0.509168450385277,0.1954445627136586,0.29538698690106435
6,29067,2023-06-18,2023,,ヴァンラーレ八戸,福島ユナイテッドFC,A,D,0.24063226674622828,0.45256677420730673,0.3068009590464649
6,29068,2023-06-18,2023,,アスルクラロ沼津,Y.S.C.C.横浜,H,H,0.14418027498864178,0.19233026289353128,0.663489462117827
6,29069,2023-06-18,2023,,FC大阪,FC琉球,H,H,0.22111398528551546,0.2696679512131211,0.5092180635013634
6,29070,2023-06-18,2023,,FC岐阜,SC相模原,H,H,0.3440575614003222,0.1380429636081604,0.5178994749915175
6,28316,2023-06-24,2023,,札幌,C大阪,A,D,0.15322803422297063,0.4298736057790082,0.41689835999802133
6,28317,2023-06-24,2023,,柏,新潟,D,H,0.187133869066575,0.24220411755872057,0.5706620133747045
6,28318,2023-06-24,2023,,FC東京,名古屋,H,H,0.258955829620978,0.25074318620938696,0.490300984169635
6,28319,2023-06-24,2023,,湘南,鳥栖,A,A,0.5205250223046143,0.20576490154440188,0.27371007615098386
6,28320,2023-06-24,2023,,京都,横浜FC,H,A,0.5536972059667148,0.1245875392710688,0.3217152547622165
6,28321,2023-06-24,2023,,G大阪,鹿島,H,A,0.44157604203312256,0.3633401965914322,0.19508376137544514
6,28322,2023-06-24,2023,,広島,横浜FM,A,D,0.361941934659899,0.4438411530208597,0.19421691231924135
6,28323,2023-06-24,2023,,浦和,川崎F,D,D,0.24538120953076653,0.4376284832016749,0.3169903072675586
6,28700,2023-06-24,2023,,秋田,藤枝MYFC,A,D,0.36324642143690516,0.4130672319853446,0.22368634657775024
6,28701,2023-06-24,2023,,水戸,町田,D,D,0.3806093600501796,0.382065150774223,0.2373254891755973
6,28702,2023-06-24,2023,,栃木SC,レノファ山口FC,D,H,0.21309869399217352,0.2597016538770609,0.5271996521307656
6,28703,2023-06-24,2023,,大宮,いわきFC,A,D,0.2347365815196908,0.5166645838267839,0.24859883465352514
6,28704,2023-06-24,2023,,甲府,岡山,D,H,0.3525582333139281,0.18376617640993487,0.46367559027613714
6,28705,2023-06-24,2023,,山形,東京V,A,H,0.2511935619051534,0.20983151251507548,0.5389749255797712
6,28706,2023-06-24,2023,,千葉,大分,D,H,0.2109089540473167,0.17498874131173742,0.6141023046409458
6,28707,2023-06-24,2023,,V・ファーレン長崎,ツエーゲン金沢,H,H,0.3497879679357441,0.2675010433258855,0.3827109887383704
6,29071,2023-06-24,2023,,奈良クラブ,アスルクラロ沼津,A,A,0.4381653114685503,0.20787624662779236,0.3539584419036573
6,29072,2023-06-24,2023,,Y.S.C.C.横浜,FC大阪,D,A,0.39054887633383445,0.2594729192525722,0.3499782044135933
6,29073,2023-06-24,2023,,いわてグルージャ盛岡,松本山雅FC,H,H,0.2945817681735196,0.2040677809407656,0.5013504508857147
6,29074,2023-06-24,2023,,富山,ヴァンラーレ八戸,H,H,0.14519038010488858,0.4170841384920524,0.43772548140305895
6,29075,2023-06-24,2023,,愛媛FC,SC相模原,H,H,0.28539852901651397,0.3126355469690663,0.4019659240144198
6,29076,2023-06-24,2023,,FC今治,カマタマーレ讃岐,H,D,0.1998518276709931,0.42225125042157235,0.37789692190743457
6,29077,2023-06-24,2023,,ギラヴァンツ北九州,AC長野パルセイロ,D,H,0.24182045759641047,0.2021111332083941,0.5560684091951955
6,29078,2023-06-24,2023,,FC琉球,テゲバジャーロ宮崎,A,D,0.39173360101439486,0.4692305295444366,0.1390358694411685
6,29079,2023-06-24,2023,,福島ユナイテッドFC,FC岐阜,A,H,0.3681245821200585,0.2565116971173307,0.3753637207626109
6,29080,2023-06-24,2023,,鹿児島ユナイテッドFC,ガイナーレ鳥取,A,H,0.26876523156503945,0.3142250339360444,0.4170097344989161
6,28324,2023-06-25,2023,,福岡,神戸,A,A,0.39219879568036037,0.3382220691857076,0.26957913513393217
6,28708,2023-06-25,2023,,仙台,徳島,D,A,0.3514922215112442,0.31404874156104,0.3344590369277158
6,28709,2023-06-25,2023,,熊本,磐田,A,H,0.26194327064106704,0.2570280648666167,0.4810286644923161
6,28710,2023-06-25,2023,,ザスパクサツ群馬,清水,D,H,0.2858878091282881,0.22828349994853292,0.485828690923179
7,28270,2023-06-28,2023,,浦和,湘南,H,H,0.2098905649421762,0.3804578375740491,0.4096515974837747
7,28698,2023-06-28,2023,,清水,秋田,A,H,0.3064968607229634,0.34239740492739873,0.3511057343496379
7,28699,2023-06-28,2023,,磐田,甲府,D,A,0.594104423270387,0.14103371432769424,0.26486186240191884
7,28325,2023-06-30,2023,,C大阪,福岡,A,A,0.5359423459194641,0.23140100985343245,0.23265664422710347
7,28326,2023-07-01,2023,,鹿島,京都,D,D,0.13342601470452578,0.45040786381940207,0.4161661214760722
7,28327,2023-07-01,2023,,新潟,広島,H,D,0.19774370806258343,0.45595026376788333,0.3463060281695332
7,28328,2023-07-01,2023,,名古屋,川崎F,H,A,0.3707425389711809,0.2779746870386522,0.3512827739901669
7,28329,2023-07-01,2023,,横浜FC,G大阪,D,D,0.32907219192766146,0.37745314905071103,0.2934746590216274
7,28330,2023-07-01,2023,,FC東京,柏,H,A,0.4126069084022238,0.31531555404598455,0.2720775375517917
7,28331,2023-07-01,2023,,神戸,札幌,D,H,0.3047735933865508,0.28883543205930967,0.4063909745541396
7,28332,2023-07-01,2023,,鳥栖,浦和,A,H,0.23040939681772213,0.3241494842754562,0.44544111890682164
7,28711,2023-07-01,2023,,町田,大宮,H,H,0.1428208435388541,0.3799258181445715,0.4772533383165744
7,28712,2023-07-01,2023,,清水,V・ファーレン長崎,H,A,0.5777131986247385,0.1810638396372134,0.2412229617380481
7,28713,2023-07-01,2023,,千葉,甲府,H,H,0.263574625408818,0.20563023285827878,0.5307951417329032
7,28714,2023-07-01,2023,,ツエーゲン金沢,栃木SC,A,A,0.3801441481029798,0.2807394297433426,0.33911642215367765
7,28715,2023-07-01,2023,,磐田,大分,D,D,0.33452865897517703,0.33936309457572056,0.32610824644910247
7,28716,2023-07-01,2023,,藤枝MYFC,レノファ山口FC,D,A,0.5110921117786879,0.2983512504268796,0.19055663779443255
7,28717,2023-07-01,2023,,岡山,水戸,H,A,0.4773848904315199,0.22593346821955115,0.296681641348929
7,28718,2023-07-01,2023,,徳島,ザスパクサツ群馬,D,D,0.30551701758753963,0.4260149039078804,0.26846807850458004
7,28719,2023-07-01,2023,,山形,仙台,H,H,0.2188203013910399,0.3455189456227375,0.4356607529862226
7,29081,2023-07-01,2023,,テゲバジャーロ宮崎,Y.S.C.C.横浜,D,H,0.13570721701357977,0.08271914428258974,0.7815736387038306
7,29082,2023-07-01,2023,,SC相模原,ヴァンラーレ八戸,A,D,0.27018389215862737,0.5239560305379114,0.2058600773034612
7,29083,2023-07-01,2023,,松本山雅FC,愛媛FC,D,H,0.311153191637358,0.29321569952188936,0.3956311088407527
7,29084,2023-07-01,2023,,AC長野パルセイロ,FC今治,A,H,0.23324850145363427,0.2287681238366531,0.5379833747097127
7,29085,2023-07-01,2023,,富山,鹿児島ユナイテッドFC,A,H,0.3047598928276918,0.27959626438045426,0.4156438427918539
7,29086,2023-07-01,2023,,福島ユナイテッドFC,奈良クラブ,A,H,0.20112237945747344,0.39574198356473045,0.4031356369777961
7,29087,2023-07-01,2023,,ガイナーレ鳥取,FC大阪,D,H,0.2852917443416991,0.27922430179398117,0.43548395386431965
7,29088,2023-07-01,2023,,アスルクラロ沼津,ギラヴァンツ北九州,H,H,0.18310142404979432,0.30456523211744957,0.5123333438327561
7,28333,2023-07-02,2023,,横浜FM,湘南,H,H,0.16039065685517687,0.36956279529890856,0.47004654784591465
7,28720,2023-07-02,2023,,秋田,いわきFC,D,H,0.2964848085901326,0.34769295562439645,0.355822235785471
7,28721,2023-07-02,2023,,熊本,東京V,A,H,0.2910441578283584,0.23015061363044548,0.4788052285411961
7,29089,2023-07-02,2023,,カマタマーレ讃岐,FC琉球,A,H,0.3036162869313649,0.3209299461437541,0.37545376692488097
7,29090,2023-07-02,2023,,FC岐阜,いわてグルージャ盛岡,D,H,0.2923596132385162,0.3107213990834941,0.3969189876779898
7,28722,2023-07-05,2023,,仙台,清水,A,A,0.4343819910290763,0.31066854843792224,0.25494946053300144
7,28723,2023-07-05,2023,,いわきFC,栃木SC,H,H,0.3522210934643422,0.2528350261235489,0.3949438804121088
7,28724,2023-07-05,2023,,水戸,徳島,H,A,0.5360541970942005,0.13581913513345265,0.32812666777234684
7,28725,2023-07-05,2023,,ザスパクサツ群馬,熊本,D,A,0.39947033237049606,0.34924370724371817,0.25128596038578566
7,28726,2023-07-05,2023,,大宮,千葉,H,A,0.4133242509217154,0.19736629612402098,0.3893094529542637
7,28727,2023-07-05,2023,,東京V,V・ファーレン長崎,A,D,0.27586170532358767,0.36344914545869894,0.36068914921771333
7,28728,2023-07-05,2023,,甲府,秋田,H,D,0.23481495732348137,0.38762101736734444,0.3775640253091742
7,28729,2023-07-05,2023,,磐田,ツエーゲン金沢,H,A,0.5317388339366415,0.2592548529095189,0.2090063131538396
7,28730,2023-07-05,2023,,岡山,藤枝MYFC,A,A,0.5111907816777096,0.2821551304343669,0.20665408788792355
7,28731,2023-07-05,2023,,レノファ山口FC,山形,H,H,0.3360860223473289,0.24041955483487715,0.4234944228177939
7,28732,2023-07-05,2023,,大分,町田,A,A,0.3735773604102332,0.2947472083698334,0.3316754312199334
7,28334,2023-07-07,2023,,新潟,神戸,A,D,0.20612416760083913,0.4937388742176075,0.3001369581815533
7,28335,2023-07-08,2023,,名古屋,横浜FM,D,A,0.3758873827340341,0.2904573947083897,0.3336552225575761
7,28336,2023-07-08,2023,,広島,鹿島,D,A,0.49772890800066916,0.2361480036547739,0.26612308834455695
7,28337,2023-07-08,2023,,浦和,FC東京,D,H,0.28828829037439363,0.340600429361,0.3711112802646064
7,28338,2023-07-08,2023,,柏,湘南,D,D,0.19558684190032247,0.42660524549179074,0.37780791260788676
7,28339,2023-07-08,2023,,川崎F,横浜FC,H,H,0.2810531471733235,0.21836396470463884,0.5005828881220377
7,28340,2023-07-08,2023,,G大阪,京都,H,A,0.38179695174304606,0.23707648516125288,0.38112656309570114
7,28341,2023-07-08,2023,,福岡,札幌,H,A,0.511361527202358,0.22041101186728143,0.26822746093036065
7,28342,2023-07-08,2023,,鳥栖,C大阪,H,H,0.1735078813635095,0.19631461806857015,0.6301775005679203
7,29091,2023-07-08,2023,,Y.S.C.C.横浜,カマタマーレ讃岐,A,D,0.3605855779959791,0.37793271176697857,0.2614817102370424
7,29092,2023-07-08,2023,,テゲバジャーロ宮崎,ガイナーレ鳥取,A,D,0.28444423121139156,0.42278450970373543,0.29277125908487295
7,29093,2023-07-08,2023,,いわてグルージャ盛岡,ギラヴァンツ北九州,A,H,0.27466998264191256,0.23743781586431073,0.4878922014937766
7,29094,2023-07-08,2023,,FC琉球,松本山雅FC,H,H,0.3421759474041268,0.3024314978179016,0.3553925547779716
7,29095,2023-07-08,2023,,ヴァンラーレ八戸,AC長野パルセイロ,H,D,0.31356145833553706,0.40246493449681053,0.2839736071676524
7,29096,2023-07-08,2023,,FC今治,アスルクラロ沼津,D,D,0.27079473936628023,0.4708235474833153,0.2583817131504044
7,28733,2023-07-09,2023,,秋田,熊本,D,A,0.4621815521703701,0.24044895787204834,0.29736948995758167
7,28734,2023-07-09,2023,,いわきFC,水戸,H,H,0.28885805400812326,0.2537735666353468,0.45736837935652996
7,28735,2023-07-09,2023,,栃木SC,仙台,D,H,0.18453363454417457,0.23075661793346425,0.5847097475223613
7,28736,2023-07-09,2023,,町田,東京V,D,H,0.23805645759583724,0.33444830038244283,0.4274952420217199
7,28737,2023-07-09,2023,,藤枝MYFC,甲府,A,H,0.3296167593369002,0.26614098811849424,0.4042422525446055
7,28738,2023-07-09,2023,,V・ファーレン長崎,レノファ山口FC,A,A,0.4741475676113322,0.08204490731607587,0.443807525072592
7,28739,2023-07-09,2023,,山形,磐田,A,H,0.20360587246673295,0.3798926766800567,0.4165014508532103
7,28740,2023-07-09,2023,,ザスパクサツ群馬,大宮,H,H,0.0916330421250834,0.38127140223174116,0.5270955556431755
7,28741,2023-07-09,2023,,千葉,ツエーゲン金沢,H,H,0.3639358960072954,0.19158554718684623,0.44447855680585835
7,28742,2023-07-09,2023,,徳島,岡山,D,H,0.27250160319931693,0.1626372262741059,0.5648611705265772
7,28743,2023-07-09,2023,,大分,清水,A,H,0.17208740233114064,0.31340894281139087,0.5145036548574685
7,29097,2023-07-09,2023,,奈良クラブ,FC岐阜,H,H,0.27058863101832753,0.3388197773263563,0.3905915916553162
7,29098,2023-07-09,2023,,FC大阪,SC相模原,H,A,0.36285218312335765,0.33761927551697507,0.2995285413596673
7,29099,2023-07-09,2023,,鹿児島ユナイテッドFC,福島ユナイテッドFC,H,H,0.1823173675372249,0.1737843890417053,0.6438982434210698
7,29100,2023-07-09,2023,,愛媛FC,富山,H,H,0.4006267614156121,0.16386829996898344,0.4355049386154044
7,28343,2023-07-15,2023,,札幌,新潟,A,H,0.2614300180244276,0.17878898001597898,0.5597810019595935
7,28344,2023-07-15,2023,,横浜FM,川崎F,A,H,0.15567110470755582,0.1927184595647921,0.6516104357276521
7,28744,2023-07-15,2023,,レノファ山口FC,いわきFC,D,H,0.2592260629356367,0.2991432742250713,0.441630662839292
7,28753,2023-07-15,2023,,東京V,徳島,D,H,0.42012920050350167,0.1591002617680731,0.4207705377284254
7,29101,2023-07-15,2023,,SC相模原,奈良クラブ,H,H,0.26330172669224344,0.3347942753405543,0.4019039979672023
7,29102,2023-07-15,2023,,富山,FC琉球,H,A,0.6008540227858248,0.19596337704046446,0.2031826001737107
7,29103,2023-07-15,2023,,FC岐阜,FC今治,D,H,0.27448597436401434,0.19410605260623073,0.531407973029755
7,29104,2023-07-15,2023,,カマタマーレ讃岐,テゲバジャーロ宮崎,H,A,0.391806478879622,0.3878636210828804,0.2203299000374976
7,29105,2023-07-15,2023,,ヴァンラーレ八戸,愛媛FC,A,H,0.3293510514616869,0.17543137182363383,0.4952175767146792
7,28345,2023-07-16,2023,,広島,横浜FC,D,A,0.40376906553744657,0.3479944342392335,0.24823650022331997
7,28346,2023-07-16,2023,,FC東京,鹿島,A,H,0.18053987794956808,0.27049659335249926,0.5489635286979327
7,28347,2023-07-16,2023,,湘南,福岡,A,A,0.4279913539552826,0.41582492745072885,0.15618371859398847
7,28348,2023-07-16,2023,,京都,名古屋,H,A,0.45420983300034606,0.24792462174914867,0.2978655452505053
7,28349,2023-07-16,2023,,G大阪,柏,H,H,0.25756145126421487,0.363340645777317,0.3790979029584681
7,28350,2023-07-16,2023,,C大阪,浦和,H,H,0.39214154482246244,0.1737493168644379,0.43410913831309966
7,28351,2023-07-16,2023,,神戸,鳥栖,H,D,0.18504272536761557,0.591666076503896,0.22329119812848847
7,28746,2023-07-16,2023,,水戸,山形,H,H,0.2803042292529997,0.2620925377671832,0.4576032329798171
7,28747,2023-07-16,2023,,甲府,ザスパクサツ群馬,A,A,0.5260958720286706,0.08985420752543323,0.3840499204458962
7,28748,2023-07-16,2023,,清水,千葉,D,H,0.2759063210665502,0.34520903053454627,0.37888464839890346
7,28749,2023-07-16,2023,,岡山,V・ファーレン長崎,D,H,0.3320868436306064,0.2937497578959113,0.37416339847348223
7,28750,2023-07-16,2023,,大宮,栃木SC,D,A,0.5566980291103509,0.27329332281256374,0.1700086480770854
7,28751,2023-07-16,2023,,ツエーゲン金沢,仙台,H,H,0.10347582958966564,0.17761182146767612,0.7189123489426583
7,28752,2023-07-16,2023,,磐田,藤枝MYFC,H,D,0.27432228427266714,0.4596242492143039,0.266053466513029
7,28754,2023-07-16,2023,,熊本,大分,A,H,0.3022043992579535,0.2998183781697722,0.39797722257227436
7,29106,2023-07-16,2023,,いわてグルージャ盛岡,Y.S.C.C.横浜,H,H,0.23104434464798745,0.1824780606271747,0.5864775947248378
7,29107,2023-07-16,2023,,松本山雅FC,福島ユナイテッドFC,A,H,0.2712108217083528,0.17253096856909142,0.5562582097225558
7,29108,2023-07-16,2023,,AC長野パルセイロ,ガイナーレ鳥取,D,A,0.3673253302445861,0.3541689565157399,0.2785057132396741
7,29109,2023-07-16,2023,,ギラヴァンツ北九州,FC大阪,D,D,0.3288497660758259,0.38307866318139594,0.2880715707427781
7,29110,2023-07-16,2023,,アスルクラロ沼津,鹿児島ユナイテッドFC,H,H,0.33143300398552006,0.3123942667852869,0.35617272922919296
7,28298,2023-07-22,2023,,神戸,川崎F,D,D,0.207447058862404,0.48340896688088825,0.3091439742567078
7,28755,2023-07-22,2023,,栃木SC,清水,D,D,0.21357591285607075,0.41023261097307523,0.3761914761708541
7,28756,2023-07-22,2023,,町田,千葉,A,A,0.5801756940658661,0.06575534325319841,0.35406896268093546
7,28757,2023-07-22,2023,,山形,V・ファーレン長崎,H,D,0.2758796232258951,0.38995463025568566,0.33416574651841924
7,28758,2023-07-22,2023,,藤枝MYFC,ツエーゲン金沢,D,A,0.5448808342630368,0.16184977657104652,0.29326938916591666
7,28759,2023-07-22,2023,,レノファ山口FC,秋田,A,D,0.22149209787072693,0.45428135747865156,0.3242265446506215
7,28763,2023-07-22,2023,,大分,いわきFC,A,H,0.1916743405051121,0.31006948611303814,0.49825617338184985
7,28765,2023-07-22,2023,,徳島,甲府,A,H,0.29314715176392786,0.28633276079766085,0.42052008743841135
7,29111,2023-07-22,2023,,奈良クラブ,富山,A,D,0.1176195933686001,0.5660326823787079,0.3163477242526921
7,29112,2023-07-22,2023,,SC相模原,FC今治,D,D,0.21780357547005955,0.39280879614313385,0.3893876283868066
7,29113,2023-07-22,2023,,松本山雅FC,ヴァンラーレ八戸,H,H,0.15505280179592243,0.3481917055769929,0.49675549262708457
7,29114,2023-07-22,2023,,FC岐阜,AC長野パルセイロ,D,A,0.5403260740401049,0.2934953671991083,0.16617855876078674
7,29115,2023-07-22,2023,,テゲバジャーロ宮崎,アスルクラロ沼津,H,H,0.333878941097618,0.24324792762752376,0.4228731312748583
7,29116,2023-07-22,2023,,FC琉球,Y.S.C.C.横浜,D,H,0.3788072235424037,0.18639208304809338,0.43480069340950295
7,29117,2023-07-22,2023,,福島ユナイテッドFC,ギラヴァンツ北九州,D,A,0.49103237753550105,0.18587338721181065,0.3230942352526884
7,29118,2023-07-22,2023,,ガイナーレ鳥取,いわてグルージャ盛岡,D,A,0.45991983130894987,0.27488704362837485,0.2651931250626754
7,28760,2023-07-23,2023,,水戸,大宮,D,A,0.4023652746584054,0.2501831772565411,0.3474515480850535
7,28761,2023-07-23,2023,,仙台,東京V,A,H,0.29275329027396996,0.3057758875090455,0.4014708222169845
7,28762,2023-07-23,2023,,ザスパクサツ群馬,磐田,D,H,0.2314191078304884,0.3032034638117544,0.46537742835775714
7,29119,2023-07-23,2023,,FC大阪,カマタマーレ讃岐,D,A,0.5559966100943161,0.20892770490967566,0.23507568499600823
7,29120,2023-07-23,2023,,鹿児島ユナイテッドFC,愛媛FC,A,H,0.25224822649265144,0.18944564258541186,0.5583061309219368
7,28764,2023-07-24,2023,,熊本,岡山,A,H,0.28207590833316526,0.2284077887597447,0.4895163029070901
7,28766,2023-07-29,2023,,秋田,ザスパクサツ群馬,D,H,0.20185681222499727,0.37527937565633,0.42286381211867274
7,28767,2023-07-29,2023,,いわきFC,磐田,A,D,0.22969965156191308,0.43052944470734794,0.3397709037307391
7,28768,2023-07-29,2023,,栃木SC,甲府,H,H,0.36484578615510155,0.25517692781448004,0.37997728603041847
7,28769,2023-07-29,2023,,東京V,水戸,D,H,0.23319745175703468,0.3446161229299204,0.42218642531304496
7,28770,2023-07-29,2023,,町田,徳島,H,H,0.31962606843459007,0.2125829138680189,0.4677910176973912
7,28771,2023-07-29,2023,,清水,岡山,H,H,0.23515428753730028,0.33670230622308467,0.428143406239615
7,28772,2023-07-29,2023,,仙台,藤枝MYFC,D,H,0.4286382216333,0.10723287100317706,0.4641289073635228
7,28773,2023-07-29,2023,,千葉,レノファ山口FC,H,H,0.30202419364856664,0.29305511685713015,0.4049206894943032
7,28774,2023-07-29,2023,,V・ファーレン長崎,熊本,H,A,0.3714020895089555,0.3673080662342262,0.2612898442568184
7,28775,2023-07-29,2023,,大分,山形,A,A,0.4704170407844131,0.23214042357815892,0.297442535637428
7,29121,2023-07-29,2023,,いわてグルージャ盛岡,奈良クラブ,D,A,0.37496317717322014,0.26585500886623287,0.35918181396054705
7,29122,2023-07-29,2023,,AC長野パルセイロ,SC相模原,H,D,0.32250824844002807,0.4306175398762288,0.24687421168374313
7,29123,2023-07-29,2023,,カマタマーレ讃岐,福島ユナイテッドFC,D,H,0.37319509907709775,0.21721573065649155,0.40958917026641073
7,29124,2023-07-29,2023,,愛媛FC,松本山雅FC,D,D,0.35467422194933146,0.4053851493172634,0.2399406287334051
7,29125,2023-07-29,2023,,ギラヴァンツ北九州,ガイナーレ鳥取,A,H,0.36787748816309007,0.1946642173598659,0.43745829447704393
7,29126,2023-07-29,2023,,ヴァンラーレ八戸,FC大阪,D,A,0.43781555429142827,0.284965457367471,0.2772189883411008
7,29127,2023-07-29,2023,,FC今治,テゲバジャーロ宮崎,H,D,0.24752214420978055,0.38636283308164193,0.3661150227085775
7,29128,2023-07-29,2023,,鹿児島ユナイテッドFC,富山,H,H,0.22453361643108807,0.28103819893312304,0.49442818463578897
7,28776,2023-07-30,2023,,ツエーゲン金沢,大宮,A,H,0.21874177986060123,0.38420664327325993,0.3970515768661389
7,29129,2023-07-30,2023,,Y.S.C.C.横浜,FC岐阜,H,A,0.34267090425259644,0.31624583742721135,0.3410832583201923
7,29130,2023-07-30,2023,,アスルクラロ沼津,FC琉球,H,D,0.25799625965080386,0.38132377383077903,0.36067996651841716
7,28352,2023-08-05,2023,,湘南,広島,H,D,0.23143172543708265,0.5637242365894352,0.20484403797348225
7,28353,2023-08-05,2023,,名古屋,新潟,H,A,0.3640759674693153,0.284746858273299,0.35117717425738576
7,28777,2023-08-05,2023,,藤枝MYFC,山形,A,A,0.4398009352429164,0.28021000462846485,0.2799890601286188
7,28778,2023-08-05,2023,,岡山,町田,A,H,0.27813977251230126,0.2619015079886738,0.4599587194990249
7,29131,2023-08-05,2023,,テゲバジャーロ宮崎,鹿児島ユナイテッドFC,H,A,0.4945630557719396,0.20434680308162997,0.30109014114643046
7,29132,2023-08-05,2023,,SC相模原,カマタマーレ讃岐,H,H,0.22052808596772985,0.35647525052409046,0.4229966635081797
7,29133,2023-08-05,2023,,富山,FC今治,D,A,0.38019206929747074,0.34888578865221465,0.2709221420503146
7,29134,2023-08-05,2023,,FC岐阜,愛媛FC,D,D,0.3084862794307123,0.418985699826364,0.2725280207429237
7,29136,2023-08-05,2023,,ガイナーレ鳥取,松本山雅FC,H,D,0.29263819929508056,0.39945531189907935,0.3079064888058401
7,28354,2023-08-06,2023,,横浜FC,神戸,H,H,0.19798051048394974,0.3518064599619097,0.4502130295541405
7,28355,2023-08-06,2023,,鹿島,札幌,H,D,0.15825800114026797,0.6574138527816596,0.18432814607807244
7,28356,2023-08-06,2023,,浦和,横浜FM,D,A,0.434272268859911,0.3064804520214255,0.25924727911866363
7,28357,2023-08-06,2023,,川崎F,G大阪,A,H,0.1868390781106253,0.37183880292337496,0.44132211896599977
7,28358,2023-08-06,2023,,京都,柏,A,H,0.3413209355737261,0.28608954549632054,0.37258951892995346
7,28359,2023-08-06,2023,,C大阪,FC東京,A,D,0.34953408698679717,0.363903823620713,0.28656208939248984
7,28360,2023-08-06,2023,,鳥栖,福岡,A,H,0.3037043997790606,0.18784597523168597,0.5084496249892534
7,28779,2023-08-06,2023,,東京V,清水,A,H,0.2851523580117296,0.28232678227115326,0.43252085971711723
7,28780,2023-08-06,2023,,甲府,ツエーゲン金沢,A,D,0.26455203636560176,0.38039801042002375,0.3550499532143746
7,28781,2023-08-06,2023,,V・ファーレン長崎,いわきFC,D,H,0.2424910804359804,0.34516724809656546,0.4123416714674541
7,28782,2023-08-06,2023,,ザスパクサツ群馬,栃木SC,H,H,0.21520316908162462,0.28172990936683173,0.5030669215515436
7,28783,2023-08-06,2023,,大宮,秋田,H,A,0.5158719435477531,0.23133793050246165,0.2527901259497853
7,28784,2023-08-06,2023,,磐田,仙台,H,A,0.3737606902427003,0.3489538419642291,0.2772854677930706
7,28785,2023-08-06,2023,,レノファ山口FC,大分,D,A,0.44466636202868703,0.2599686994179315,0.29536493855338153
7,28786,2023-08-06,2023,,徳島,千葉,D,D,0.3252011383556503,0.4579490020715724,0.21684985957277733
7,28787,2023-08-06,2023,,熊本,水戸,D,H,0.24444970959667275,0.3451456836769695,0.4104046067263577
7,29137,2023-08-06,2023,,奈良クラブ,ギラヴァンツ北九州,A,D,0.14819638923834322,0.5013383792322954,0.35046523152936143
7,29138,2023-08-06,2023,,福島ユナイテッドFC,アスルクラロ沼津,H,A,0.6958500570620397,0.07970110358267789,0.22444883935528243
7,29139,2023-08-06,2023,,AC長野パルセイロ,いわてグルージャ盛岡,A,A,0.535344177257802,0.1635899449294596,0.30106587781273847
7,29140,2023-08-06,2023,,FC大阪,Y.S.C.C.横浜,D,H,0.2885116955130888,0.2453004008375977,0.4661879036493136
7,28361,2023-08-12,2023,,札幌,鳥栖,D,H,0.19752817688425212,0.35057096968772555,0.4519008534280223
7,28362,2023-08-12,2023,,新潟,湘南,D,H,0.23068649693624024,0.16932900250658475,0.599984500557175
7,28363,2023-08-12,2023,,柏,C大阪,D,A,0.44063921598668393,0.2367610605018947,0.3225997235114215
7,28364,2023-08-12,2023,,FC東京,京都,H,H,0.2980112110014833,0.23754190864413155,0.4644468803543851
7,28365,2023-08-12,2023,,川崎F,神戸,A,H,0.2699833894418578,0.3359894799095498,0.39402713064859246
7,28366,2023-08-12,2023,,福岡,横浜FC,H,D,0.11963820906082778,0.46133564660876264,0.4190261443304095
7,28367,2023-08-12,2023,,横浜FM,G大阪,H,H,0.08721722316234094,0.09027804241864071,0.8225047344190183
7,28788,2023-08-12,2023,,水戸,V・ファーレン長崎,D,D,0.3369104987252402,0.3666450439559082,0.29644445731885155
7,28789,2023-08-12,2023,,町田,磐田,H,A,0.545582434212253,0.1551199988290528,0.2992975669586941
7,28790,2023-08-12,2023,,清水,レノファ山口FC,H,H,0.2777070626079044,0.26838578781992367,0.4539071495721719
7,28791,2023-08-12,2023,,山形,千葉,H,H,0.4243799199801771,0.11683946033520268,0.45878061968462036
7,28792,2023-08-12,2023,,ツエーゲン金沢,熊本,D,H,0.23690084425084793,0.3207387238012257,0.44236043194792635
7,28793,2023-08-12,2023,,大分,藤枝MYFC,H,A,0.4934473645829558,0.4192468114797922,0.08730582393725206
7,29141,2023-08-12,2023,,Y.S.C.C.横浜,福島ユナイテッドFC,D,A,0.3753322532012512,0.33895013879544733,0.28571760800330137
7,29142,2023-08-12,2023,,テゲバジャーロ宮崎,ギラヴァンツ北九州,H,D,0.25704586214420067,0.4904536452193881,0.25250049263641133
7,29143,2023-08-12,2023,,いわてグルージャ盛岡,ヴァンラーレ八戸,A,H,0.2827593072273656,0.3514761513432295,0.365764541429405
7,29144,2023-08-12,2023,,FC琉球,FC大阪,A,H,0.2873815149610414,0.15367751155761944,0.5589409734813391
7,29145,2023-08-12,2023,,松本山雅FC,富山,A,D,0.1225211484166712,0.46683614879534807,0.4106427027879807
7,29146,2023-08-12,2023,,FC今治,FC岐阜,A,A,0.5132164447378588,0.17840863898858716,0.30837491627355407
7,28368,2023-08-13,2023,,名古屋,鹿島,H,A,0.43951494939394026,0.2521156039727806,0.3083694466332792
7,28369,2023-08-13,2023,,広島,浦和,H,A,0.44963678718627287,0.2743046503771566,0.2760585624365706
7,28794,2023-08-13,2023,,秋田,東京V,A,H,0.14557761404764907,0.2877620491966351,0.5666603367557158
7,28795,2023-08-13,2023,,いわきFC,甲府,D,H,0.28457184499469007,0.2517155688872607,0.4637125861180492
7,28796,2023-08-13,2023,,栃木SC,徳島,D,D,0.3176042407886246,0.4250056353684861,0.2573901238428894
7,28797,2023-08-13,2023,,仙台,ザスパクサツ群馬,A,A,0.5621754661010164,0.15635891973284605,0.2814656141661375
7,28798,2023-08-13,2023,,大宮,岡山,D,A,0.5264065362700361,0.15092460945728822,0.32266885427267566
7,29147,2023-08-13,2023,,奈良クラブ,カマタマーレ讃岐,D,D,0.3144144681940674,0.3539452287156389,0.33164030309029374
7,29148,2023-08-13,2023,,愛媛FC,ガイナーレ鳥取,H,H,0.17588000584439228,0.22187079746643826,0.6022491966891694
7,29149,2023-08-13,2023,,鹿児島ユナイテッドFC,AC長野パルセイロ,A,H,0.14898861879100272,0.2878445131463252,0.563166868062672
7,29150,2023-08-13,2023,,アスルクラロ沼津,SC相模原,H,H,0.2654788363171509,0.2557040025239879,0.47881716115886114
7,28370,2023-08-18,2023,,福岡,新潟,A,D,0.36331018797280284,0.3731028495763565,0.2635869624508407
7,28372,2023-08-18,2023,,浦和,名古屋,H,A,0.41497183428728357,0.27118921145731245,0.313838954255404
7,28371,2023-08-19,2023,,鹿島,鳥栖,H,H,0.24868215807593413,0.2756874603855653,0.4756303815385006
7,28373,2023-08-19,2023,,京都,札幌,H,D,0.12836196093153834,0.4407156853083044,0.4309223537601572
7,28374,2023-08-19,2023,,G大阪,湘南,H,D,0.20778831334259737,0.49212403742388877,0.3000876492335139
7,28375,2023-08-19,2023,,神戸,柏,D,A,0.4247286162805986,0.3598708176951669,0.21540056602423455
7,28376,2023-08-19,2023,,広島,川崎F,H,H,0.401918477917739,0.15524330129461947,0.4428382207876417
7,28377,2023-08-19,2023,,横浜FM,FC東京,H,H,0.3205876412089357,0.23000032197215325,0.4494120368189111
7,28799,2023-08-19,2023,,いわきFC,東京V,D,D,0.2219846815669604,0.4603400016505102,0.3176753167825294
7,28800,2023-08-19,2023,,水戸,秋田,D,D,0.3673026819677669,0.39714739231305274,0.2355499257191804
7,28801,2023-08-19,2023,,甲府,磐田,A,D,0.2032219977420211,0.4745900061179996,0.3221879961399793
7,28802,2023-08-19,2023,,清水,町田,H,H,0.12948565804118148,0.24610690074231434,0.6244074412165042
7,28803,2023-08-19,2023,,仙台,大宮,H,H,0.4108655657832278,0.17041010971425724,0.418724324502515
7,28804,2023-08-19,2023,,山形,熊本,H,H,0.3469118456965379,0.24039010472087108,0.41269804958259115
7,28805,2023-08-19,2023,,千葉,藤枝MYFC,H,A,0.5385515095495459,0.17876067840662296,0.2826878120438312
7,28806,2023-08-19,2023,,岡山,大分,H,A,0.46174245894312393,0.2741643461271409,0.26409319492973526
7,28807,2023-08-19,2023,,V・ファーレン長崎,栃木SC,A,A,0.466823213261238,0.1600346323565454,0.3731421543822166
7,29151,2023-08-19,2023,,いわてグルージャ盛岡,愛媛FC,D,H,0.2325389695602241,0.34674409538304324,0.42071693505673274
7,29152,2023-08-19,2023,,SC相模原,Y.S.C.C.横浜,H,D,0.27373151040268917,0.4803209859299792,0.2459475036673317
7,29153,2023-08-19,2023,,AC長野パルセイロ,FC岐阜,A,D,0.3206974009298316,0.38904415935976694,0.29025843971040144
7,29154,2023-08-19,2023,,ギラヴァンツ北九州,FC琉球,A,H,0.24152313459048527,0.08072495037489019,0.6777519150346245
7,29155,2023-08-19,2023,,ヴァンラーレ八戸,アスルクラロ沼津,A,A,0.4841028146122457,0.32625428434638154,0.18964290104137288
7,29156,2023-08-19,2023,,福島ユナイテッドFC,富山,H,A,0.39920771316653725,0.2274985294930804,0.37329375734038234
7,29157,2023-08-19,2023,,ガイナーレ鳥取,テゲバジャーロ宮崎,H,A,0.3887527582491098,0.24802207223045122,0.3632251695204389
7,29158,2023-08-19,2023,,カマタマーレ讃岐,FC今治,H,D,0.2490703367349016,0.39153010328076815,0.35939955998433015
7,29159,2023-08-19,2023,,鹿児島ユナイテッドFC,松本山雅FC,A,H,0.2845374667141341,0.29005045948766495,0.425412073798201
7,28378,2023-08-20,2023,,横浜FC,C大阪,A,H,0.2501587027509559,0.2920971049448352,0.457744192304209
7,28809,2023-08-20,2023,,徳島,レノファ山口FC,H,D,0.1980623168682366,0.4649773403334446,0.3369603427983189
7,29160,2023-08-20,2023,,FC大阪,奈良クラブ,A,H,0.2985347669362963,0.2986612525021121,0.40280398056159167
7,29135,2023-08-23,2023,,ヴァンラーレ八戸,FC琉球,D,H,0.38112687246585764,0.10767479672946105,0.5111983308046814
7,28379,2023-08-25,2023,,湘南,浦和,A,H,0.27407645834736577,0.33235911007552066,0.39356443157711357
7,28380,2023-08-26,2023,,鹿島,新潟,H,H,0.2659061919455132,0.30371393030114496,0.4303798777533418
7,28381,2023-08-26,2023,,横浜FC,横浜FM,H,A,0.43564929893571613,0.22606564666308013,0.3382850544012037
7,28382,2023-08-26,2023,,柏,広島,D,H,0.20352314170827793,0.3279203851473411,0.468556473144381
7,28383,2023-08-26,2023,,FC東京,神戸,D,H,0.14206056987370366,0.35647801614416036,0.5014614139821361
7,28384,2023-08-26,2023,,川崎F,札幌,D,D,0.06443785364003711,0.6359686656834412,0.29959348067652164
7,28385,2023-08-26,2023,,京都,福岡,H,A,0.3698567279866675,0.3094170149847919,0.32072625702854063
7,28386,2023-08-26,2023,,C大阪,名古屋,H,H,0.3172894740282348,0.2885983003324426,0.39411222563932263
7,28387,2023-08-26,2023,,鳥栖,G大阪,D,D,0.37518108152366586,0.37717316859197164,0.24764574988436258
7,28810,2023-08-26,2023,,栃木SC,水戸,D,D,0.3041430021226321,0.4320259244521831,0.2638310734251848
7,28811,2023-08-26,2023,,東京V,岡山,A,H,0.15766477412005747,0.33524547002210425,0.5070897558578382
7,28812,2023-08-26,2023,,町田,山形,H,D,0.3637362630705669,0.37153500156969127,0.26472873535974195
7,28813,2023-08-26,2023,,大宮,V・ファーレン長崎,A,D,0.3680234445376948,0.4181287027490085,0.2138478527132968
7,28814,2023-08-26,2023,,ツエーゲン金沢,徳島,A,A,0.43931407405167644,0.24233467772726744,0.31835124822105615
7,28815,2023-08-26,2023,,磐田,千葉,A,A,0.45152448166608994,0.2913140090119702,0.2571615093219399
7,28817,2023-08-26,2023,,レノファ山口FC,甲府,H,A,0.48663284597785644,0.3310911057533895,0.18227604826875404
7,28818,2023-08-26,2023,,大分,仙台,A,A,0.38931218309268373,0.3069767383781714,0.30371107852914486
7,29161,2023-08-26,2023,,奈良クラブ,AC長野パルセイロ,H,D,0.30008516473996655,0.38929468569661335,0.3106201495634202
7,29162,2023-08-26,2023,,ギラヴァンツ北九州,鹿児島ユナイテッドFC,D,H,0.21738071653976065,0.34286461087898,0.4397546725812594
7,29163,2023-08-26,2023,,テゲバジャーロ宮崎,福島ユナイテッドFC,A,D,0.3367355739100978,0.48206347017086404,0.18120095591903818
7,29164,2023-08-26,2023,,富山,いわてグルージャ盛岡,A,A,0.39033255062437633,0.2967003832618054,0.31296706611381836
7,29165,2023-08-26,2023,,松本山雅FC,FC今治,D,D,0.1764337007569933,0.4457623400543755,0.37780395918863124
7,29166,2023-08-26,2023,,FC岐阜,ガイナーレ鳥取,H,A,0.45046939412826015,0.2531477213056688,0.296382884566071
7,29167,2023-08-26,2023,,愛媛FC,カマタマーレ讃岐,H,A,0.4133084488652462,0.30805518085183786,0.27863637028291605
7,29168,2023-08-26,2023,,FC琉球,SC相模原,A,H,0.30730983954915225,0.2674801993030688,0.4252099611477789
7,28819,2023-08-27,2023,,秋田,清水,D,H,0.3191497295703556,0.2970029576677003,0.38384731276194417
7,28820,2023-08-27,2023,,熊本,いわきFC,A,H,0.19782748581218515,0.3987925338508612,0.40337998033695366
7,29169,2023-08-27,2023,,Y.S.C.C.横浜,ヴァンラーレ八戸,A,A,0.43380909582738264,0.34595352864624135,0.22023737552637587
7,29170,2023-08-27,2023,,アスルクラロ沼津,FC大阪,A,H,0.1908218906371436,0.2587747312269095,0.5504033781359469
7,28388,2023-09-02,2023,,札幌,G大阪,H,H,0.3491606032349342,0.2870513958849406,0.3637880008801253
7,28389,2023-09-02,2023,,柏,横浜FM,H,D,0.2342972820907553,0.4166617586146671,0.3490409592945776
7,28391,2023-09-02,2023,,湘南,鹿島,D,D,0.20745608764883833,0.45367073294025506,0.33887317941090667
7,28392,2023-09-02,2023,,新潟,浦和,D,A,0.41475323443522344,0.19569176427526033,0.3895550012895163
7,28393,2023-09-02,2023,,名古屋,横浜FC,D,H,0.15266398821371766,0.259953633687679,0.5873823780986034
7,28394,2023-09-02,2023,,C大阪,川崎F,H,H,0.19908529384974188,0.17607930141471867,0.6248354047355394
7,28396,2023-09-02,2023,,鳥栖,広島,A,H,0.14864136750865323,0.3341201721918788,0.517238460299468
7,28821,2023-09-02,2023,,秋田,磐田,D,D,0.27895328842287453,0.4690100086940927,0.2520367028830328
7,28822,2023-09-02,2023,,ツエーゲン金沢,東京V,A,H,0.3718991055440609,0.24196989928058038,0.3861309951753587
7,29171,2023-09-02,2023,,ヴァンラーレ八戸,ガイナーレ鳥取,H,D,0.3564209060910388,0.393633138594488,0.24994595531447314
7,29172,2023-09-02,2023,,いわてグルージャ盛岡,福島ユナイテッドFC,A,A,0.4700129181161181,0.29135059330652474,0.23863648857735711
7,29173,2023-09-02,2023,,Y.S.C.C.横浜,FC琉球,H,H,0.14935436940831362,0.21310397382356647,0.6375416567681199
7,29174,2023-09-02,2023,,AC長野パルセイロ,愛媛FC,D,A,0.36906643569464936,0.31492512625281055,0.31600843805254003
7,29175,2023-09-02,2023,,富山,SC相模原,A,H,0.2939815985599926,0.18464537535535386,0.5213730260846535
7,29176,2023-09-02,2023,,FC今治,ギラヴァンツ北九州,H,A,0.45797604874292963,0.350331747961292,0.19169220329577843
7,29177,2023-09-02,2023,,テゲバジャーロ宮崎,カマタマーレ讃岐,A,D,0.20863839149813218,0.4695016301219605,0.3218599783799074
7,29178,2023-09-02,2023,,鹿児島ユナイテッドFC,FC岐阜,H,H,0.18514489654007524,0.2446903330234333,0.5701647704364915
7,28390,2023-09-03,2023,,FC東京,福岡,A,H,0.3320684598256999,0.3073864782288319,0.36054506194546826
7,28395,2023-09-03,2023,,神戸,京都,H,H,0.3639709461465559,0.22379749225669346,0.41223156159675073
7,28823,2023-09-03,2023,,仙台,甲府,D,H,0.30363699247430415,0.29774128503027375,0.3986217224954221
7,28824,2023-09-03,2023,,山形,大宮,D,A,0.4013179520149166,0.2783048163113037,0.32037723167377974
7,28825,2023-09-03,2023,,いわきFC,岡山,A,H,0.29947141922215814,0.16048270192448774,0.5400458788533541
7,28826,2023-09-03,2023,,栃木SC,藤枝MYFC,H,H,0.21799371770838888,0.38012679645808095,0.40187948583353017
7,28827,2023-09-03,2023,,ザスパクサツ群馬,町田,D,H,0.2929559767286408,0.15337567882337905,0.5536683444479802
7,28828,2023-09-03,2023,,千葉,熊本,H,A,0.35277749303790507,0.2998933983836748,0.3473291085784202
7,28829,2023-09-03,2023,,清水,徳島,D,H,0.2728785645503223,0.257877719250151,0.46924371619952665
7,28830,2023-09-03,2023,,レノファ山口FC,水戸,A,A,0.4639179427047197,0.1852372488137981,0.3508448084814822
7,28831,2023-09-03,2023,,V・ファーレン長崎,大分,D,H,0.22385684370638817,0.3054054602646561,0.47073769602895577
7,29179,2023-09-03,2023,,アスルクラロ沼津,奈良クラブ,A,H,0.11707548883750933,0.27662282845533265,0.606301682707158
7,29180,2023-09-03,2023,,FC大阪,松本山雅FC,H,A,0.42683886890608563,0.3441535197558982,0.22900761133801625
7,28832,2023-09-09,2023,,水戸,ツエーゲン金沢,H,A,0.4564686503927802,0.23396090130906028,0.30957044829815955
7,28833,2023-09-09,2023,,千葉,秋田,H,H,0.38090032971431154,0.23122179994304826,0.3878778703426404
7,28834,2023-09-09,2023,,東京V,レノファ山口FC,H,H,0.17787137913576917,0.3215591961539334,0.5005694247102974
7,28835,2023-09-09,2023,,町田,栃木SC,A,H,0.3794547223173426,0.1701265944150842,0.45041868326757317
7,28836,2023-09-09,2023,,甲府,大分,H,H,0.2956021413024666,0.345656324951933,0.3587415337456005
7,28837,2023-09-09,2023,,岡山,仙台,H,H,0.3441509499649714,0.24795090007508647,0.40789814995994217
7,28838,2023-09-09,2023,,V・ファーレン長崎,ザスパクサツ群馬,H,A,0.5659041789932754,0.160677585890959,0.2734182351157656
7,28841,2023-09-09,2023,,清水,山形,H,D,0.2198355246420511,0.474768726144972,0.3053957492129768
7,28842,2023-09-09,2023,,磐田,大宮,H,D,0.3043756639888054,0.35601072662318495,0.3396136093880096
7,29181,2023-09-09,2023,,いわてグルージャ盛岡,FC大阪,A,H,0.3423681557211641,0.19854067640810247,0.45909116787073356
7,29182,2023-09-09,2023,,福島ユナイテッドFC,AC長野パルセイロ,A,D,0.184806003831766,0.519427413732295,0.295766582435939
7,29183,2023-09-09,2023,,SC相模原,鹿児島ユナイテッドFC,A,D,0.27827530218224733,0.42757917581979193,0.29414552199796085
7,29184,2023-09-09,2023,,松本山雅FC,FC琉球,H,H,0.2283118978308976,0.32266629132329777,0.44902181084580456
7,29185,2023-09-09,2023,,FC岐阜,テゲバジャーロ宮崎,D,A,0.3753483544268919,0.3676746200088201,0.25697702556428803
7,29186,2023-09-09,2023,,奈良クラブ,FC今治,D,H,0.21429269021242997,0.3213664099312063,0.4643408998563637
7,29187,2023-09-09,2023,,ガイナーレ鳥取,Y.S.C.C.横浜,H,A,0.4440286121805172,0.1800187775873555,0.37595261023212734
7,29188,2023-09-09,2023,,愛媛FC,アスルクラロ沼津,H,A,0.49147971257879064,0.19238183697734076,0.3161384504438685
7,29189,2023-09-09,2023,,ギラヴァンツ北九州,ヴァンラーレ八戸,H,A,0.5218663062417843,0.30198131962300945,0.17615237413520637
7,28839,2023-09-10,2023,,徳島,いわきFC,H,A,0.34516225124458155,0.3250927913926181,0.3297449573628003
7,28840,2023-09-10,2023,,熊本,藤枝MYFC,A,H,0.22140568513843073,0.3513520453528913,0.4272422695086779
7,29190,2023-09-10,2023,,カマタマーレ讃岐,富山,H,H,0.21191716225884866,0.30076059448765785,0.48732224325349344
7,28402,2023-09-15,2023,,浦和,京都,D,A,0.425633410730938,0.22903641804601602,0.34533017122304593
7,28403,2023-09-15,2023,,川崎F,FC東京,H,A,0.39805103770420186,0.29623647636280387,0.3057124859329942
7,28404,2023-09-15,2023,,横浜FM,鳥栖,D,D,0.10749402976773391,0.5303696038848009,0.36213636634746516
7,28843,2023-09-15,2023,,甲府,東京V,D,D,0.3299322867353479,0.3390773896598396,0.3309903236048125
7,28397,2023-09-16,2023,,札幌,湘南,A,A,0.48274816935186066,0.10726349181295423,0.40998833883518526
7,28398,2023-09-16,2023,,鹿島,C大阪,H,A,0.49808037725126586,0.28766157808280246,0.2142580446659316
7,28401,2023-09-16,2023,,福岡,名古屋,H,D,0.2550454094601384,0.4122785905018837,0.33267600003797787
7,28405,2023-09-16,2023,,広島,神戸,H,D,0.22121187166754605,0.48067326328483073,0.29811486504762325
7,28844,2023-09-16,2023,,秋田,V・ファーレン長崎,D,H,0.30268521008898025,0.23592875629398202,0.46138603361703767
7,28845,2023-09-16,2023,,栃木SC,千葉,A,H,0.2534514941753445,0.26790124496114914,0.4786472608635064
7,28846,2023-09-16,2023,,大宮,熊本,A,A,0.7213108113481888,0.12439807349233616,0.1542911151594752
7,28847,2023-09-16,2023,,磐田,レノファ山口FC,D,D,0.2938610063857843,0.37732552668962227,0.32881346692459346
7,28848,2023-09-16,2023,,大分,徳島,D,H,0.21426576697150013,0.13193420073712755,0.6538000322913724
7,28849,2023-09-16,2023,,仙台,水戸,A,A,0.5303953223126275,0.20317108722368787,0.2664335904636846
7,28850,2023-09-16,2023,,山形,岡山,H,H,0.35856210545017264,0.08192151437481564,0.5595163801750117
7,29191,2023-09-16,2023,,ヴァンラーレ八戸,奈良クラブ,D,D,0.2471148564659665,0.42218225671356413,0.3307028868204694
7,29192,2023-09-16,2023,,SC相模原,FC岐阜,D,D,0.19603262474716568,0.4163308627990027,0.3876365124538317
7,29193,2023-09-16,2023,,ガイナーレ鳥取,福島ユナイテッドFC,D,D,0.28971864615510645,0.4030552164498714,0.30722613739502225
7,29194,2023-09-16,2023,,FC今治,AC長野パルセイロ,H,H,0.18472706732482072,0.2695763487409567,0.5456965839342226
7,29195,2023-09-16,2023,,ギラヴァンツ北九州,アスルクラロ沼津,A,H,0.3128954397352237,0.2898213534477123,0.397283206817064
7,29197,2023-09-16,2023,,鹿児島ユナイテッドFC,カマタマーレ讃岐,D,H,0.1745688475861214,0.3588837583030353,0.4665473941108433
7,28399,2023-09-17,2023,,横浜FC,柏,A,A,0.48004669905879727,0.17986901997218688,0.340084280969016
7,28400,2023-09-17,2023,,G大阪,新潟,D,H,0.24630208818637006,0.17044752667884136,0.5832503851347886
7,28851,2023-09-17,2023,,ザスパクサツ群馬,いわきFC,H,H,0.23602341029937335,0.18286014114831378,0.5811164485523128
7,28852,2023-09-17,2023,,ツエーゲン金沢,清水,A,H,0.35157728172807706,0.2788304748048165,0.36959224346710645
7,28853,2023-09-17,2023,,藤枝MYFC,町田,D,H,0.19051412638977885,0.3093154155054817,0.5001704581047395
7,29196,2023-09-17,2023,,テゲバジャーロ宮崎,松本山雅FC,A,H,0.32713635254964046,0.2422992607445015,0.4305643867058581
7,29198,2023-09-17,2023,,富山,FC大阪,H,H,0.32460232687240614,0.2142511838558665,0.46114648927172724
7,29199,2023-09-17,2023,,FC琉球,愛媛FC,A,A,0.5293891245346038,0.22887592713009217,0.24173494833530398
7,29200,2023-09-18,2023,,Y.S.C.C.横浜,いわてグルージャ盛岡,H,H,0.35907467719091213,0.2708363050473431,0.37008901776174485
7,28406,2023-09-23,2023,,FC東京,鳥栖,H,H,0.12117504873829073,0.4137403141690412,0.4650846370926681
7,28408,2023-09-23,2023,,柏,福岡,A,H,0.258692379884996,0.35866431095490475,0.38264330916009925
7,28410,2023-09-23,2023,,新潟,横浜FC,H,D,0.29751875385929816,0.3608033277312407,0.34167791840946127
7,28411,2023-09-23,2023,,名古屋,札幌,D,A,0.4423022695378511,0.23036666508992962,0.32733106537221934
7,28412,2023-09-23,2023,,京都,広島,H,D,0.30143250447816666,0.3550696081291658,0.34349788739266757
7,28414,2023-09-23,2023,,神戸,C大阪,H,H,0.1916473204780813,0.27250077732736405,0.5358519021945546
7,28854,2023-09-23,2023,,秋田,山形,D,H,0.2536241155310831,0.1826822354814186,0.5636936489874983
7,28855,2023-09-23,2023,,いわきFC,ツエーゲン金沢,H,H,0.3188164228694885,0.2884290513428733,0.3927545257876382
7,28856,2023-09-23,2023,,水戸,大分,A,H,0.21346209162091948,0.19139419526974982,0.5951437131093307
7,28857,2023-09-23,2023,,千葉,仙台,H,D,0.2634795927188832,0.5833749172337037,0.15314549004741307
7,28858,2023-09-23,2023,,レノファ山口FC,ザスパクサツ群馬,H,H,0.30995718356766555,0.23480040723705853,0.455242409195276
7,28859,2023-09-23,2023,,V・ファーレン長崎,町田,A,H,0.23338346494310067,0.2755786704250891,0.49103786463181015
7,29201,2023-09-23,2023,,いわてグルージャ盛岡,テゲバジャーロ宮崎,H,H,0.30676203805078295,0.3352847263704311,0.35795323557878606
7,29202,2023-09-23,2023,,AC長野パルセイロ,富山,H,H,0.3016737509903887,0.18783303193561518,0.5104932170739962
7,29203,2023-09-23,2023,,奈良クラブ,FC琉球,A,H,0.08752997250912846,0.449016848953012,0.4634531785378596
7,29204,2023-09-23,2023,,愛媛FC,鹿児島ユナイテッドFC,A,D,0.2858321870341807,0.3614698690206625,0.35269794394515674
7,29205,2023-09-23,2023,,FC今治,ヴァンラーレ八戸,H,A,0.3984216463888862,0.24822336815676563,0.35335498545434824
7,28407,2023-09-24,2023,,鹿島,横浜FM,A,H,0.25182084565028595,0.257882741307797,0.490296413041917
7,28409,2023-09-24,2023,,湘南,川崎F,A,H,0.09138236238354105,0.32665919958214856,0.5819584380343105
7,28413,2023-09-24,2023,,G大阪,浦和,A,A,0.4963926825392453,0.33906914987085524,0.16453816758989956
7,28860,2023-09-24,2023,,清水,甲府,D,D,0.32258337200838966,0.34186037794112406,0.3355562500504863
7,28861,2023-09-24,2023,,東京V,藤枝MYFC,D,H,0.25995763115411014,0.19272596381855664,0.5473164050273333
7,28862,2023-09-24,2023,,岡山,磐田,H,H,0.3553531459137733,0.17931294900810682,0.46533390507811995
7,28863,2023-09-24,2023,,徳島,大宮,A,D,0.1622453475108557,0.5263935178516875,0.3113611346374569
7,28864,2023-09-24,2023,,熊本,栃木SC,H,D,0.19589487217263613,0.4860136926962113,0.3180914351311525
7,29206,2023-09-24,2023,,福島ユナイテッドFC,SC相模原,D,H,0.25499605261175357,0.27940273959470024,0.46560120779354613
7,29207,2023-09-24,2023,,松本山雅FC,FC岐阜,D,H,0.14138913326886735,0.4288760375205579,0.4297348292105747
7,29208,2023-09-24,2023,,アスルクラロ沼津,ガイナーレ鳥取,A,H,0.37413252337958697,0.24982829105540363,0.3760391855650095
7,29209,2023-09-24,2023,,FC大阪,ギラヴァンツ北九州,D,H,0.2712301856002529,0.25481448457603934,0.4739553298237078
7,29210,2023-09-24,2023,,カマタマーレ讃岐,Y.S.C.C.横浜,A,H,0.2862890342466739,0.13451720373640852,0.5791937620169175
8,28808,2023-09-27,2023,,ザスパクサツ群馬,ツエーゲン金沢,D,H,0.25351395683670186,0.3642905811685158,0.3821954619947823
8,28886,2023-09-27,2023,,徳島,熊本,A,A,0.5487687205751419,0.16637405612209227,0.2848572233027659
8,28420,2023-09-29,2023,,浦和,横浜FC,D,D,0.3289242040517566,0.4325598981976609,0.23851589775058255
8,28421,2023-09-29,2023,,川崎F,新潟,A,H,0.310919962715711,0.12539554693505287,0.5636844903492362
8,28422,2023-09-29,2023,,横浜FM,神戸,A,D,0.17987667296071935,0.47944290784281596,0.3406804191964648
8,28415,2023-09-30,2023,,札幌,柏,A,H,0.351997250866757,0.22935497291830656,0.41864777621493654
8,28417,2023-09-30,2023,,C大阪,湘南,A,A,0.4856272536430488,0.21601756904864644,0.29835517730830474
8,28418,2023-09-30,2023,,福岡,鹿島,D,H,0.17323316008096434,0.2435882443389375,0.5831785955800981
8,28419,2023-09-30,2023,,鳥栖,京都,H,H,0.18925800310152796,0.3931202393125688,0.4176217575859032
8,28423,2023-09-30,2023,,広島,名古屋,H,A,0.435713762956224,0.28201104640416075,0.2822751906396152
8,28865,2023-09-30,2023,,甲府,水戸,H,H,0.329527358642802,0.19729465333421245,0.47317798802298555
8,28866,2023-09-30,2023,,藤枝MYFC,清水,H,H,0.3310515022483288,0.3146402852040516,0.3543082125476196
8,28867,2023-09-30,2023,,大分,大宮,A,A,0.5552023658942757,0.14706708928439655,0.2977305448213277
8,28868,2023-09-30,2023,,仙台,熊本,H,D,0.31193030917242187,0.365922000950784,0.3221476898767941
8,29211,2023-09-30,2023,,ヴァンラーレ八戸,松本山雅FC,A,A,0.5521968588542502,0.17312434358342935,0.27467879756232044
8,29212,2023-09-30,2023,,SC相模原,ギラヴァンツ北九州,H,D,0.25434679560896595,0.40499890598664695,0.3406542984043872
8,29213,2023-09-30,2023,,FC琉球,AC長野パルセイロ,D,H,0.15409966763506702,0.39810471484537907,0.4477956175195539
8,28416,2023-10-01,2023,,FC東京,G大阪,H,H,0.31807123680346794,0.3037609379710375,0.37816782522549464
8,28869,2023-10-01,2023,,山形,徳島,A,H,0.3161302247630099,0.24161307828674125,0.4422566969502488
8,28870,2023-10-01,2023,,栃木SC,秋田,A,H,0.23394740472428935,0.21451611467731058,0.5515364805984001
8,28871,2023-10-01,2023,,ザスパクサツ群馬,東京V,D,H,0.17397643333488017,0.24804891372331822,0.5779746529418016
8,28872,2023-10-01,2023,,町田,いわきFC,A,A,0.458067942023008,0.40442079586263535,0.13751126211435677
8,28873,2023-10-01,2023,,磐田,V・ファーレン長崎,H,A,0.35053975602586884,0.31607089302688024,0.33338935094725086
8,28874,2023-10-01,2023,,岡山,千葉,A,H,0.22134192737476627,0.1531698273021564,0.6254882453230773
8,28875,2023-10-01,2023,,レノファ山口FC,ツエーゲン金沢,H,D,0.2364579078839957,0.446501914726438,0.31704017738956625
8,29214,2023-10-01,2023,,富山,愛媛FC,H,A,0.4842771066778933,0.3193841456239824,0.19633874769812434
8,29215,2023-10-01,2023,,アスルクラロ沼津,いわてグルージャ盛岡,A,H,0.3459266933707788,0.29699938562159167,0.3570739210076295
8,29216,2023-10-01,2023,,FC岐阜,福島ユナイテッドFC,A,A,0.49343518968987765,0.2655328891884293,0.24103192112169297
8,29217,2023-10-01,2023,,ガイナーレ鳥取,FC今治,H,H,0.29133955971914277,0.2646746369653196,0.4439858033155377
8,29218,2023-10-01,2023,,カマタマーレ讃岐,FC大阪,D,H,0.271060278225765,0.3351197599027224,0.3938199618715125
8,29219,2023-10-01,2023,,テゲバジャーロ宮崎,奈良クラブ,A,H,0.28125606267480874,0.312161798238557,0.4065821390866344
8,29220,2023-10-01,2023,,鹿児島ユナイテッドFC,Y.S.C.C.横浜,H,A,0.4768448719591198,0.20896209972990418,0.3141930283109761
8,29230,2023-10-05,2023,,FC大阪,鹿児島ユナイテッドFC,A,H,0.32083134276445135,0.23987404496173248,0.4392946122738162
8,28876,2023-10-07,2023,,大宮,レノファ山口FC,H,A,0.4765288580938524,0.2113377007462056,0.31213344115994207
8,28877,2023-10-07,2023,,東京V,大分,H,A,0.3500432943992254,0.3333451924127712,0.3166115131880034
8,28878,2023-10-07,2023,,清水,磐田,H,H,0.37048472320835935,0.24021004369815607,0.3893052330934847
8,28879,2023-10-07,2023,,V・ファーレン長崎,藤枝MYFC,H,A,0.4951863478397706,0.2078498459150947,0.29696380624513474
8,29221,2023-10-07,2023,,FC琉球,カマタマーレ讃岐,H,A,0.42499120545383956,0.22549483891922106,0.3495139556269394
8,28880,2023-10-08,2023,,山形,栃木SC,H,D,0.17243726651036625,0.44271538983516234,0.3848473436544714
8,28881,2023-10-08,2023,,いわきFC,仙台,D,A,0.3757199543143031,0.31618313225139133,0.3080969134343056
8,28882,2023-10-08,2023,,ザスパクサツ群馬,岡山,D,H,0.3671614425294434,0.21812456949941028,0.4147139879711463
8,28883,2023-10-08,2023,,千葉,水戸,D,H,0.2411078236965667,0.17135620787543632,0.587535968427997
8,28884,2023-10-08,2023,,町田,甲府,D,D,0.253760460364883,0.4828224667699468,0.2634170728651702
8,28885,2023-10-08,2023,,ツエーゲン金沢,秋田,A,A,0.5203777302518389,0.26865733299250877,0.2109649367556523
8,29222,2023-10-08,2023,,福島ユナイテッドFC,FC今治,A,D,0.252958906865397,0.5134738702216555,0.23356722291294763
8,29223,2023-10-08,2023,,Y.S.C.C.横浜,奈良クラブ,H,H,0.3518528935911822,0.17724231661873907,0.4709047897900787
8,29224,2023-10-08,2023,,松本山雅FC,いわてグルージャ盛岡,A,A,0.36707957126305696,0.32765344554432396,0.3052669831926191
8,29225,2023-10-08,2023,,AC長野パルセイロ,ヴァンラーレ八戸,D,D,0.3539980377006256,0.41470443046000144,0.23129753183937296
8,29226,2023-10-08,2023,,FC岐阜,アスルクラロ沼津,H,A,0.3729554136096072,0.27944359442960987,0.3476009919607829
8,29227,2023-10-08,2023,,ガイナーレ鳥取,SC相模原,D,H,0.2910169271491372,0.329194663918333,0.3797884089325298
8,29228,2023-10-08,2023,,愛媛FC,テゲバジャーロ宮崎,D,A,0.42302306886182883,0.3240628238515266,0.2529141072866446
8,29229,2023-10-08,2023,,ギラヴァンツ北九州,富山,A,H,0.21854858429938326,0.28948134581220886,0.4919700698884079
8,28745,2023-10-14,2023,,秋田,町田,A,A,0.4780025462164753,0.14821342940687077,0.3737840243766539
8,28816,2023-10-14,2023,,藤枝MYFC,ザスパクサツ群馬,H,H,0.3443579573151925,0.28749330631143966,0.3681487363733679
8,29231,2023-10-14,2023,,いわてグルージャ盛岡,FC琉球,D,H,0.33700282863543685,0.22049698051635994,0.4425001908482033
8,29232,2023-10-14,2023,,奈良クラブ,福島ユナイテッドFC,D,D,0.10983319589732086,0.6895599378847391,0.20060686621794005
8,29233,2023-10-15,2023,,ヴァンラーレ八戸,鹿児島ユナイテッドFC,H,A,0.48625939671943436,0.280726731383276,0.23301387189728967
8,29234,2023-10-15,2023,,松本山雅FC,AC長野パルセイロ,H,D,0.15906122509383464,0.5456649549829415,0.2952738199232239
8,29235,2023-10-15,2023,,富山,アスルクラロ沼津,A,H,0.33392964854751755,0.28302105108067754,0.3830493003718049
8,29236,2023-10-15,2023,,FC大阪,FC岐阜,D,A,0.4793549638807251,0.2567101215434023,0.2639349145758726
8,29237,2023-10-15,2023,,カマタマーレ讃岐,ガイナーレ鳥取,A,H,0.11324360383195636,0.14310916428189943,0.7436472318861442
8,29238,2023-10-15,2023,,愛媛FC,ギラヴァンツ北九州,H,A,0.4950216350738573,0.23581377560177316,0.2691645893243696
8,29239,2023-10-15,2023,,FC今治,Y.S.C.C.横浜,A,A,0.49760416104273664,0.24322479889773094,0.25917104005953234
8,29240,2023-10-15,2023,,テゲバジャーロ宮崎,SC相模原,D,A,0.4371078132891232,0.23089384028347423,0.3319983464274026
8,28429,2023-10-20,2023,,浦和,柏,H,A,0.4850516547285138,0.19621669366257,0.3187316516089162
8,28430,2023-10-20,2023,,川崎F,福岡,H,A,0.44718835046089,0.2719497601217393,0.28086188941737067
8,28887,2023-10-20,2023,,甲府,V・ファーレン長崎,D,H,0.22398332616281474,0.3573451910744794,0.4186714827627059
8,28424,2023-10-21,2023,,横浜FC,FC東京,H,D,0.21799916522986937,0.5874858800530639,0.19451495471706678
8,28425,2023-10-21,2023,,新潟,鳥栖,D,A,0.40057006998878397,0.22838702432593658,0.3710429056852794
8,28426,2023-10-21,2023,,京都,湘南,A,A,0.4608275859264485,0.12399009388150913,0.4151823201920425
8,28427,2023-10-21,2023,,G大阪,名古屋,A,A,0.523716003678075,0.24715662982226427,0.22912736649966067
8,28428,2023-10-21,2023,,神戸,鹿島,H,A,0.3814915172665006,0.3217455598055581,0.2967629229279413
8,28431,2023-10-21,2023,,横浜FM,札幌,H,H,0.32842976632858506,0.191564163732246,0.4800060699391689
8,28432,2023-10-21,2023,,広島,C大阪,D,H,0.2142297020112019,0.3476085655075906,0.43816173248120743
8,28888,2023-10-21,2023,,いわきFC,清水,A,A,0.38955407436880013,0.29368575339417524,0.31676017223702474
8,29241,2023-10-21,2023,,SC相模原,愛媛FC,A,A,0.46807532090369336,0.2960323379722086,0.23589234112409802
8,29242,2023-10-21,2023,,FC琉球,FC今治,A,H,0.2693012594395181,0.34983066106851957,0.38086807949196233
8,28889,2023-10-22,2023,,秋田,仙台,A,H,0.26381745683180174,0.3215213610688524,0.4146611820993458
8,28890,2023-10-22,2023,,水戸,ザスパクサツ群馬,A,D,0.3109901252569361,0.4650107054430524,0.22399916930001149
8,28891,2023-10-22,2023,,栃木SC,大分,D,A,0.5152863561234148,0.32308829428468877,0.16162534959189642
8,28892,2023-10-22,2023,,東京V,千葉,H,D,0.21020375792162185,0.46290476446038037,0.32689147761799786
8,28893,2023-10-22,2023,,ツエーゲン金沢,山形,A,H,0.34630090451192885,0.22338829376034483,0.43031080172772634
8,28894,2023-10-22,2023,,藤枝MYFC,大宮,A,D,0.22675614006848122,0.4371598479886796,0.33608401194283916
8,28895,2023-10-22,2023,,レノファ山口FC,岡山,D,H,0.26082937303389686,0.34538756013889843,0.39378306682720465
8,28896,2023-10-22,2023,,徳島,磐田,A,D,0.29316785867618156,0.38497747272399996,0.3218546685998184
8,28897,2023-10-22,2023,,熊本,町田,A,H,0.26106105194847656,0.2691451711806898,0.46979377687083357
8,29243,2023-10-22,2023,,福島ユナイテッドFC,ヴァンラーレ八戸,A,H,0.11569809356551279,0.3354693437444703,0.5488325626900169
8,29244,2023-10-22,2023,,Y.S.C.C.横浜,テゲバジャーロ宮崎,H,D,0.29419875448783767,0.43998579620431605,0.2658154493078463
8,29245,2023-10-22,2023,,AC長野パルセイロ,FC大阪,A,A,0.5402833166990476,0.17178896876897673,0.28792771453197574
8,29246,2023-10-22,2023,,アスルクラロ沼津,松本山雅FC,H,H,0.3867334544644714,0.17270975322047852,0.4405567923150502
8,29247,2023-10-22,2023,,FC岐阜,奈良クラブ,A,H,0.22751118223575162,0.12564395256848657,0.6468448651957618
8,29248,2023-10-22,2023,,ガイナーレ鳥取,富山,A,A,0.3768596428767606,0.2749089753322683,0.348231381790971
8,29249,2023-10-22,2023,,カマタマーレ讃岐,ギラヴァンツ北九州,H,A,0.5754111005892971,0.2747580996869752,0.14983079972372768
8,29250,2023-10-22,2023,,鹿児島ユナイテッドFC,いわてグルージャ盛岡,H,H,0.3327137275531552,0.2638924345826162,0.4033938378642286
8,28438,2023-10-27,2023,,名古屋,鳥栖,D,H,0.2295663092727953,0.3588372293078027,0.4115964614194021
8,28433,2023-10-28,2023,,札幌,横浜FC,H,D,0.22122828304155248,0.5911888939422812,0.18758282301616633
8,28434,2023-10-28,2023,,鹿島,浦和,D,A,0.3974144827546321,0.28661799428213064,0.3159675229632372
8,28436,2023-10-28,2023,,FC東京,広島,A,A,0.45198854394601495,0.22808589004480484,0.31992556600918026
8,28437,2023-10-28,2023,,湘南,神戸,D,A,0.3440426561594808,0.3276143186450912,0.32834302519542796
8,28439,2023-10-28,2023,,京都,新潟,A,A,0.3893659386891146,0.3493877230638695,0.2612463382470158
8,28440,2023-10-28,2023,,C大阪,G大阪,H,A,0.4796540948260811,0.2711043135937041,0.2492415915802148
8,28441,2023-10-28,2023,,福岡,横浜FM,A,H,0.3701699341480467,0.20316294661722056,0.42666711923473266
8,28898,2023-10-28,2023,,清水,熊本,A,H,0.30201981683888396,0.1998155577768942,0.49816462538422185
8,28899,2023-10-28,2023,,磐田,東京V,D,H,0.30484799622360526,0.2530896804600058,0.442062323316389
8,28900,2023-10-28,2023,,藤枝MYFC,水戸,H,D,0.2049453320713123,0.48096746214467445,0.3140872057840133
8,28901,2023-10-28,2023,,V・ファーレン長崎,徳島,A,H,0.3478890040896229,0.2793282344528425,0.3727827614575346
8,28902,2023-10-28,2023,,仙台,レノファ山口FC,D,H,0.27795582012820547,0.24019543324213807,0.48184874662965654
8,29251,2023-10-28,2023,,SC相模原,松本山雅FC,A,A,0.4871401601729537,0.3177373964139564,0.19512244341309
8,29252,2023-10-28,2023,,FC大阪,ガイナーレ鳥取,D,H,0.22700900594632378,0.3139699040778171,0.4590210899758591
8,29253,2023-10-28,2023,,奈良クラブ,愛媛FC,A,D,0.15008425716554705,0.6570115830423057,0.19290415979214742
8,28435,2023-10-29,2023,,柏,川崎F,D,A,0.3945011839403371,0.26197377752399253,0.3435250385356704
8,28903,2023-10-29,2023,,山形,ザスパクサツ群馬,H,A,0.5142123919113987,0.16671227572597214,0.31907533236262925
8,28904,2023-10-29,2023,,大宮,甲府,A,H,0.18613154179362887,0.2776230322714519,0.5362454259349193
8,28905,2023-10-29,2023,,千葉,いわきFC,H,H,0.21112583733158535,0.2326246105533334,0.5562495521150812
8,28906,2023-10-29,2023,,町田,ツエーゲン金沢,H,D,0.3917080890502597,0.4058041074043134,0.20248780354542698
8,28907,2023-10-29,2023,,岡山,栃木SC,D,D,0.3053708124344568,0.3513226875055406,0.34330650006000263
8,28908,2023-10-29,2023,,大分,秋田,H,A,0.5373716328488679,0.23152449224841082,0.23110387490272127
8,29254,2023-10-29,2023,,ヴァンラーレ八戸,カマタマーレ讃岐,D,H,0.27362538056090874,0.2812330555435714,0.4451415638955199
8,29255,2023-10-29,2023,,福島ユナイテッドFC,鹿児島ユナイテッドFC,A,H,0.272230029717736,0.17275508066504505,0.555014889617219
8,29256,2023-10-29,2023,,AC長野パルセイロ,アスルクラロ沼津,H,A,0.5217002257282064,0.14753470065651086,0.3307650736152827
8,29257,2023-10-29,2023,,富山,FC岐阜,D,H,0.1625259699371183,0.3748706652834273,0.46260336477945435
8,29258,2023-10-29,2023,,FC今治,いわてグルージャ盛岡,A,A,0.37971476079060884,0.28951158180871417,0.33077365740067705
8,29259,2023-10-29,2023,,ギラヴァンツ北九州,Y.S.C.C.横浜,A,D,0.2464127210580213,0.4190067721341507,0.334580506807828
8,29260,2023-10-29,2023,,テゲバジャーロ宮崎,FC琉球,A,H,0.35896126588435073,0.16199759479230472,0.4790411393233445
8,28909,2023-11-03,2023,,甲府,熊本,H,D,0.24644450763776873,0.38832158198796096,0.36523391037427033
8,28910,2023-11-04,2023,,いわきFC,山形,A,A,0.4878113120043841,0.2391153542253701,0.2730733337702459
8,28911,2023-11-04,2023,,ツエーゲン金沢,大分,D,D,0.20727649733717313,0.6095669705229023,0.18315653213992453
8,28912,2023-11-04,2023,,徳島,藤枝MYFC,D,H,0.33884710939238116,0.2600472293917552,0.4011056612158637
8,28913,2023-11-04,2023,,V・ファーレン長崎,仙台,H,A,0.4781942061364973,0.2470092013871239,0.2747965924763788
8,28918,2023-11-04,2023,,清水,大宮,H,H,0.3412690843130349,0.28597898108824743,0.37275193459871775
8,28919,2023-11-04,2023,,磐田,水戸,H,H,0.4058976564119424,0.14477464330405415,0.4493277002840035
8,29261,2023-11-04,2023,,いわてグルージャ盛岡,ガイナーレ鳥取,D,H,0.23236614155470364,0.13070533907621112,0.6369285193690852
8,29262,2023-11-04,2023,,FC岐阜,ヴァンラーレ八戸,H,D,0.10555628645136186,0.5324996147970787,0.3619440987515594
8,29264,2023-11-04,2023,,FC琉球,富山,A,A,0.5090628463509324,0.09710747550387269,0.393829678145195
8,28914,2023-11-05,2023,,ザスパクサツ群馬,千葉,A,H,0.20001889604867854,0.3435510392483461,0.45643006470297537
8,28915,2023-11-05,2023,,東京V,栃木SC,H,D,0.3150332982064059,0.39830294924639775,0.2866637525471964
8,28916,2023-11-05,2023,,岡山,秋田,A,D,0.36099600426053435,0.4119101800077894,0.22709381573167636
8,28917,2023-11-05,2023,,レノファ山口FC,町田,A,H,0.2663734025326002,0.190615670364575,0.5430109271028247
8,29263,2023-11-05,2023,,FC大阪,福島ユナイテッドFC,H,A,0.3902277474966199,0.27970762619677997,0.33006462630660016
8,29265,2023-11-05,2023,,松本山雅FC,ギラヴァンツ北九州,H,H,0.29975335337920245,0.12494208148496404,0.5753045651358335
8,29266,2023-11-05,2023,,アスルクラロ沼津,テゲバジャーロ宮崎,A,H,0.12059172502181896,0.2916506815705185,0.5877575934076625
8,29267,2023-11-05,2023,,カマタマーレ讃岐,AC長野パルセイロ,A,A,0.4339628547147155,0.31563010756601917,0.25040703771926526
8,29268,2023-11-05,2023,,愛媛FC,Y.S.C.C.横浜,H,D,0.22993853095592603,0.39146135574838675,0.37860011329568716
8,29269,2023-11-05,2023,,FC今治,SC相模原,A,H,0.3449680975576872,0.15638705689952667,0.4986448455427861
8,29270,2023-11-05,2023,,鹿児島ユナイテッドFC,奈良クラブ,D,H,0.21557699771763433,0.20166973052132356,0.5827532717610421
8,28442,2023-11-11,2023,,札幌,広島,D,H,0.4053978535406002,0.12499683325149638,0.46960531320790344
8,28443,2023-11-11,2023,,鹿島,柏,D,D,0.35279085254976345,0.35736469301908325,0.2898444544311533
8,28447,2023-11-11,2023,,湘南,名古屋,H,A,0.5184765272428781,0.3095269238096006,0.17199654894752126
8,28448,2023-11-11,2023,,新潟,FC東京,D,A,0.3788840445107824,0.35433150427157223,0.26678445121764544
8,28449,2023-11-11,2023,,G大阪,福岡,A,A,0.4213544826401764,0.17267390659573456,0.40597161076408905
8,28450,2023-11-11,2023,,鳥栖,横浜FC,A,D,0.33415371789591747,0.45964939942421656,0.20619688267986605
8,29271,2023-11-11,2023,,Y.S.C.C.横浜,アスルクラロ沼津,A,D,0.29891368633104354,0.37581793144057135,0.3252683822283852
8,29272,2023-11-11,2023,,愛媛FC,FC今治,H,H,0.24172147186373372,0.3471199111651529,0.41115861697111344
8,29273,2023-11-11,2023,,ギラヴァンツ北九州,いわてグルージャ盛岡,H,D,0.3973515533675919,0.4209626111523881,0.18168583548002
8,29274,2023-11-11,2023,,FC琉球,鹿児島ユナイテッドFC,H,D,0.3244615507256232,0.36543453250267527,0.31010391677170157
8,28444,2023-11-12,2023,,浦和,神戸,A,A,0.5676706550319518,0.2934496521414148,0.13887969282663346
8,28445,2023-11-12,2023,,川崎F,京都,D,H,0.19045707989094082,0.18335684285146714,0.6261860772575921
8,28446,2023-11-12,2023,,横浜FM,C大阪,H,H,0.25253470420170593,0.27467506146558296,0.47279023433271106
8,28920,2023-11-12,2023,,仙台,町田,A,H,0.34018145412039646,0.19365230871043004,0.4661662371691735
8,28921,2023-11-12,2023,,秋田,徳島,D,D,0.36019065411085965,0.38867441777880585,0.25113492811033455
8,28922,2023-11-12,2023,,山形,甲府,H,H,0.33578657966242986,0.20573137181076745,0.45848204852680263
8,28923,2023-11-12,2023,,水戸,清水,D,D,0.3314967507341328,0.4228198813250651,0.24568336794080217
8,28924,2023-11-12,2023,,栃木SC,磐田,A,D,0.16537118507133958,0.5181268982741899,0.3165019166544706
8,28925,2023-11-12,2023,,大宮,東京V,A,D,0.31067628363580996,0.37608792136786484,0.3132357949963253
8,28926,2023-11-12,2023,,千葉,V・ファーレン長崎,A,H,0.2217767822364737,0.3811507270293303,0.3970724907341961
8,28927,2023-11-12,2023,,ツエーゲン金沢,岡山,D,A,0.4113248440023929,0.2440804406562536,0.34459471534135344
8,28928,2023-11-12,2023,,藤枝MYFC,いわきFC,A,A,0.6538481722972975,0.06837946108795748,0.2777723666147451
8,28929,2023-11-12,2023,,熊本,レノファ山口FC,H,D,0.2368982326352736,0.567862122444899,0.19523964491982748
8,28930,2023-11-12,2023,,大分,ザスパクサツ群馬,H,A,0.6211259313350225,0.0793579563001242,0.29951611236485326
8,29275,2023-11-12,2023,,福島ユナイテッドFC,松本山雅FC,D,A,0.3944642065691569,0.2956424546486569,0.30989333878218617
8,29276,2023-11-12,2023,,SC相模原,FC大阪,H,D,0.33186138511751856,0.36428825529796993,0.30385035958451156
8,29277,2023-11-12,2023,,富山,奈良クラブ,A,H,0.2520959272431628,0.2739403575090882,0.47396371524774905
8,29278,2023-11-12,2023,,FC岐阜,カマタマーレ讃岐,H,H,0.3360302795458998,0.2447231416803281,0.4192465787737721
8,29279,2023-11-12,2023,,ガイナーレ鳥取,AC長野パルセイロ,A,A,0.4469062075101072,0.34425100001495673,0.20884279247493603
8,29280,2023-11-12,2023,,テゲバジャーロ宮崎,ヴァンラーレ八戸,A,H,0.10518469471196634,0.14355317653010732,0.7512621287579264
8,29281,2023-11-18,2023,,松本山雅FC,Y.S.C.C.横浜,A,A,0.4352117667417159,0.2063139844074896,0.35847424885079443
8,29282,2023-11-18,2023,,FC大阪,テゲバジャーロ宮崎,D,H,0.4423629503795914,0.11439204767890232,0.4432450019415064
8,29283,2023-11-18,2023,,奈良クラブ,SC相模原,H,H,0.34416527669193087,0.2829286438598489,0.3729060794482203
8,29284,2023-11-19,2023,,ヴァンラーレ八戸,富山,H,H,0.23056673175264072,0.20652515511914335,0.5629081131282159
8,29285,2023-11-19,2023,,いわてグルージャ盛岡,FC岐阜,H,H,0.2387469109243955,0.1920927064722372,0.5691603826033673
8,29286,2023-11-19,2023,,福島ユナイテッドFC,愛媛FC,H,A,0.46275291070235613,0.35755030825082457,0.17969678104681933
8,29287,2023-11-19,2023,,AC長野パルセイロ,ギラヴァンツ北九州,D,A,0.35195315893507834,0.31330343982798875,0.33474340123693286
8,29288,2023-11-19,2023,,アスルクラロ沼津,カマタマーレ讃岐,A,H,0.2215592246117417,0.3469715785557552,0.431469196832503
8,29289,2023-11-19,2023,,ガイナーレ鳥取,FC琉球,H,A,0.485191699718998,0.3880476639482102,0.12676063633279175
8,29290,2023-11-19,2023,,FC今治,鹿児島ユナイテッドFC,H,H,0.33185550717137474,0.1442454334595058,0.5238990593691195
8,28457,2023-11-24,2023,,川崎F,鹿島,H,H,0.2779193931963738,0.34403344626271204,0.37804716054091425
8,28458,2023-11-24,2023,,横浜FM,新潟,D,H,0.28645181965971317,0.2733032822161147,0.4402448981241721
8,28451,2023-11-25,2023,,柏,鳥栖,D,H,0.19366919513732075,0.4023992784972192,0.4039315263654601
8,28452,2023-11-25,2023,,FC東京,札幌,A,H,0.3265930356104857,0.25548571245065665,0.4179212519388577
8,28453,2023-11-25,2023,,横浜FC,湘南,A,A,0.3766607461623542,0.2715654225364694,0.3517738313011765
8,28454,2023-11-25,2023,,C大阪,京都,A,A,0.45931972737584575,0.23807652656210704,0.30260374606204726
8,28455,2023-11-25,2023,,神戸,名古屋,H,H,0.2172861785637766,0.2960058409038432,0.4867079805323803
8,28456,2023-11-25,2023,,浦和,福岡,A,A,0.37148285475333503,0.2982873352788094,0.3302298099678555
8,28459,2023-11-25,2023,,広島,G大阪,H,D,0.3158920371613075,0.5397163168871296,0.144391645951563
8,29291,2023-11-25,2023,,FC今治,FC大阪,H,A,0.5075155488885457,0.24819913895524093,0.24428531215621352
8,29292,2023-11-25,2023,,FC琉球,FC岐阜,A,H,0.3537095415634992,0.25389438049343654,0.39239607794306425
8,29293,2023-11-26,2023,,Y.S.C.C.横浜,AC長野パルセイロ,D,H,0.1940030230145586,0.3327448316438631,0.4732521453415784
8,29294,2023-11-26,2023,,SC相模原,いわてグルージャ盛岡,D,D,0.3224082609231659,0.39469256879660175,0.2828991702802324
8,29295,2023-11-26,2023,,奈良クラブ,ガイナーレ鳥取,A,H,0.2790152056966879,0.23233237376511195,0.4886524205382002
8,29296,2023-11-26,2023,,カマタマーレ讃岐,松本山雅FC,D,A,0.3953857274453319,0.2334402157823473,0.37117405677232074
8,29297,2023-11-26,2023,,愛媛FC,ヴァンラーレ八戸,A,D,0.3142779156823989,0.3850975100369895,0.3006245742806116
8,29298,2023-11-26,2023,,ギラヴァンツ北九州,福島ユナイテッドFC,A,A,0.6597276363959266,0.20893830423996157,0.13133405936411188
8,29299,2023-11-26,2023,,テゲバジャーロ宮崎,富山,A,H,0.308687940567431,0.17858829331260104,0.512723766119968
8,29300,2023-11-26,2023,,鹿児島ユナイテッドFC,アスルクラロ沼津,H,A,0.4721310535099017,0.2927224344943606,0.23514651199573763
8,29301,2023-12-02,2023,,ヴァンラーレ八戸,SC相模原,D,H,0.3382248598591361,0.1646237935167442,0.49715134662411986
8,29302,2023-12-02,2023,,いわてグルージャ盛岡,カマタマーレ讃岐,H,H,0.3145369738516315,0.16235335009155152,0.523109676056817
8,29303,2023-12-02,2023,,福島ユナイテッドFC,FC琉球,D,A,0.4311352061506892,0.2591579233265401,0.30970687052277074
8,29304,2023-12-02,2023,,松本山雅FC,奈良クラブ,A,H,0.11044101693741339,0.21082124808573008,0.6787377349768565
8,29305,2023-12-02,2023,,AC長野パルセイロ,テゲバジャーロ宮崎,D,D,0.18507011667425607,0.5275895562231132,0.28734032710263085
8,29306,2023-12-02,2023,,富山,Y.S.C.C.横浜,H,H,0.34797231806575357,0.20589546371675266,0.44613221821749377
8,29307,2023-12-02,2023,,アスルクラロ沼津,FC今治,A,H,0.2760037103501886,0.27206646180735916,0.4519298278424523
8,29308,2023-12-02,2023,,FC岐阜,ギラヴァンツ北九州,A,H,0.34151277997748086,0.28560100256543497,0.37288621745708417
8,29309,2023-12-02,2023,,FC大阪,愛媛FC,A,D,0.26254389895149804,0.5237883983590254,0.2136677026894766
8,29310,2023-12-02,2023,,ガイナーレ鳥取,鹿児島ユナイテッドFC,D,H,0.31034016920039526,0.29969934676048693,0.3899604840391179
8,28460,2023-12-03,2023,,札幌,浦和,A,A,0.5821837168493355,0.2303471968114468,0.18746908633921772
8,28461,2023-12-03,2023,,鹿島,横浜FC,H,D,0.33658375482774266,0.47564446686073486,0.18777177831152259
8,28462,2023-12-03,2023,,湘南,FC東京,A,D,0.26863419681156125,0.41876141254744587,0.312604390640993
8,28463,2023-12-03,2023,,新潟,C大阪,H,A,0.3631460933572141,0.3209176211458098,0.3159362854969762
8,28464,2023-12-03,2023,,名古屋,柏,D,H,0.3710113925392586,0.2456253675175634,0.38336323994317806
8,28465,2023-12-03,2023,,京都,横浜FM,H,H,0.3868203255664624,0.21389448919016787,0.3992851852433697
8,28466,2023-12-03,2023,,G大阪,神戸,A,H,0.15937509054386748,0.2836529146250909,0.5569719948310417
8,28467,2023-12-03,2023,,福岡,広島,A,D,0.1822853051027688,0.42185288325656883,0.3958618116406624
8,28468,2023-12-03,2023,,鳥栖,川崎F,A,H,0.24708667911213322,0.33586228414681696,0.41705103674104976
9,30430,2024-02-23,2024,,広島,浦和,H,A,0.42039635772550826,0.2638179703678482,0.3157856719066436
9,30431,2024-02-23,2024,,名古屋,鹿島,A,D,0.4161930616158325,0.47538186114504616,0.10842507723912133
9,29669,2024-02-24,2024,,大宮,ヴァンラーレ八戸,H,A,0.5510338982444571,0.17430516854692704,0.2746609332086158
9,29670,2024-02-24,2024,,奈良クラブ,FC琉球,A,D,0.3149782950551583,0.47071523131844056,0.21430647362640107
9,29671,2024-02-24,2024,,ギラヴァンツ北九州,SC相模原,A,A,0.4360997737427682,0.20401202674522279,0.359888199512009
9,29672,2024-02-24,2024,,FC岐阜,福島ユナイテッドFC,H,A,0.4790573191822123,0.3417792324351449,0.17916344838264275
9,30049,2024-02-24,2024,,水戸,いわきFC,H,H,0.263126176156875,0.16835065904986404,0.5685231647932609
9,30050,2024-02-24,2024,,横浜FC,レノファ山口FC,D,A,0.5801051132815974,0.14401459608657605,0.2758802906318265
9,30051,2024-02-24,2024,,藤枝MYFC,V・ファーレン長崎,D,A,0.5506318953903104,0.06367091263378577,0.38569719197590374
9,30432,2024-02-24,2024,,磐田,神戸,A,A,0.5829026002622201,0.2057148979211497,0.2113825018166303
9,30433,2024-02-24,2024,,福岡,札幌,D,A,0.5366631387802434,0.28833022514642676,0.17500663607332972
9,30434,2024-02-24,2024,,鳥栖,新潟,A,H,0.30716807427321524,0.25922366898135973,0.4336082567454251
9,30435,2024-02-24,2024,,町田,G大阪,D,A,0.46585348678126365,0.4049690658553745,0.1291774473633619
9,30436,2024-02-24,2024,,湘南,川崎F,A,H,0.3752171537407155,0.09546313482357344,0.5293197114357111
9,30437,2024-02-24,2024,,C大阪,FC東京,D,A,0.5991391177565272,0.10537953137121434,0.29548135087225846
9,29673,2024-02-25,2024,,FC今治,ガイナーレ鳥取,H,A,0.45144105424995956,0.3944380760800482,0.15412086966999225
9,29674,2024-02-25,2024,,Y.S.C.C.横浜,富山,D,D,0.26572502136668785,0.501202755100517,0.23307222353279508
9,29675,2024-02-25,2024,,アスルクラロ沼津,ツエーゲン金沢,H,A,0.6381180993142563,0.2075765717178434,0.15430532896790022
9,29676,2024-02-25,2024,,カマタマーレ讃岐,いわてグルージャ盛岡,D,D,0.22915095850861505,0.4564420005053745,0.3144070409860105
9,29677,2024-02-25,2024,,テゲバジャーロ宮崎,松本山雅FC,A,D,0.29172420823871176,0.37326881275895313,0.33500697900233506
9,29678,2024-02-25,2024,,FC大阪,AC長野パルセイロ,H,D,0.25099620981478116,0.5855381379982705,0.1634656521869484
9,30052,2024-02-25,2024,,愛媛FC,秋田,H,A,0.4238361355870527,0.289266818728993,0.28689704568395424
9,30053,2024-02-25,2024,,岡山,栃木SC,H,A,0.4870372801600106,0.3469695641696382,0.16599315567035122
9,30054,2024-02-25,2024,,熊本,清水,A,H,0.3478816105745277,0.27372777087517236,0.3783906185503
9,30055,2024-02-25,2024,,群馬,鹿児島ユナイテッドFC,D,H,0.36862826499031043,0.13904059865785565,0.49233113635183384
9,30056,2024-02-25,2024,,千葉,山形,A,A,0.44557314522001246,0.35706744125369794,0.19735941352628958
9,30057,2024-02-25,2024,,徳島,甲府,A,H,0.39407361879302344,0.12657213456958796,0.47935424663738857
9,30058,2024-02-25,2024,,大分,仙台,D,H,0.33703120687439025,0.22658860298636466,0.4363801901392451
9,30438,2024-02-25,2024,,柏,京都,D,D,0.38588783795869797,0.3917651371683834,0.22234702487291866
9,30439,2024-02-25,2024,,東京V,横浜FM,A,A,0.4184462996996367,0.3345669815072425,0.24698671879312076
9,30440,2024-03-01,2024,,川崎F,磐田,A,H,0.317617812040367,0.2264707490560054,0.4559114389036277
9,30441,2024-03-01,2024,,横浜FM,福岡,A,H,0.3260847495779763,0.27681510908885026,0.39710014133317345
9,29679,2024-03-02,2024,,大宮,FC岐阜,H,H,0.23088454536900566,0.3552878740961407,0.4138275805348537
9,29680,2024-03-02,2024,,SC相模原,ヴァンラーレ八戸,H,D,0.14458809243008347,0.6158690565573095,0.23954285101260706
9,29681,2024-03-02,2024,,アスルクラロ沼津,ガイナーレ鳥取,H,A,0.4158001879978824,0.25575106296909533,0.3284487490330223
9,29682,2024-03-02,2024,,カマタマーレ讃岐,富山,D,H,0.3210008333994739,0.23071386874590608,0.44828529785462007
9,29683,2024-03-02,2024,,ギラヴァンツ北九州,いわてグルージャ盛岡,D,A,0.5013053420667251,0.09603048771525838,0.4026641702180166
9,29684,2024-03-02,2024,,テゲバジャーロ宮崎,福島ユナイテッドFC,A,H,0.272107041200253,0.2762687888141096,0.4516241699856373
9,29685,2024-03-02,2024,,FC琉球,松本山雅FC,D,H,0.2473684641702665,0.3118893772130588,0.4407421586166747
9,30059,2024-03-02,2024,,V・ファーレン長崎,仙台,A,A,0.4449981027103845,0.31979553587539167,0.23520636141422388
9,30060,2024-03-02,2024,,水戸,甲府,A,D,0.2804579989503478,0.38713940208666114,0.3324025989629911
9,30061,2024-03-02,2024,,千葉,藤枝MYFC,H,A,0.47823497439312374,0.2960840069467883,0.225681018660088
9,30062,2024-03-02,2024,,清水,愛媛FC,H,H,0.31651454197510265,0.25664284999763326,0.42684260802726404
9,30063,2024-03-02,2024,,大分,横浜FC,D,D,0.38379317606251123,0.4754045502943332,0.14080227364315553
9,30064,2024-03-02,2024,,鹿児島ユナイテッドFC,徳島,H,A,0.41924103978610217,0.2787829409822262,0.3019760192316717
9,30442,2024-03-02,2024,,神戸,柏,A,H,0.27053211376827624,0.3553988489928968,0.37406903723882695
9,30443,2024-03-02,2024,,名古屋,町田,A,H,0.3310034390044698,0.17605781527723158,0.49293874571829854
9,30444,2024-03-02,2024,,京都,湘南,A,H,0.18236349784885886,0.3447418363199479,0.4728946658311933
9,30445,2024-03-02,2024,,鳥栖,札幌,H,H,0.3453240603737452,0.09199327688249875,0.5626826627437561
9,30446,2024-03-02,2024,,鹿島,C大阪,D,A,0.4704672923147706,0.2606788299222764,0.2688538777629531
9,30447,2024-03-02,2024,,FC東京,広島,D,H,0.26594897080270946,0.16722224717927303,0.5668287820180175
9,30448,2024-03-02,2024,,G大阪,新潟,H,H,0.34437564374317514,0.2340348880000599,0.42158946825676497
9,29686,2024-03-03,2024,,Y.S.C.C.横浜,FC大阪,A,H,0.2741270509068449,0.3195826938555452,0.40629025523760987
9,29687,2024-03-03,2024,,ツエーゲン金沢,FC今治,A,H,0.273020629270046,0.22697058659207758,0.5000087841378765
9,29688,2024-03-03,2024,,奈良クラブ,AC長野パルセイロ,D,A,0.4319335800038456,0.33816393489952057,0.2299024850966338
9,30065,2024-03-03,2024,,いわきFC,岡山,D,D,0.25735530758721303,0.42267939584370295,0.3199652965690839
9,30066,2024-03-03,2024,,レノファ山口FC,秋田,H,D,0.3438353465805496,0.390781153346091,0.26538350007335954
9,30067,2024-03-03,2024,,熊本,群馬,D,H,0.22067807530452477,0.3249057796714851,0.45441614502399014
9,30068,2024-03-03,2024,,栃木SC,山形,A,H,0.3235353060013164,0.19906379344511818,0.47740090055356543
9,30449,2024-03-03,2024,,浦和,東京V,D,H,0.3046735779266908,0.2615285076198614,0.4337979144534479
9,29689,2024-03-09,2024,,松本山雅FC,Y.S.C.C.横浜,D,A,0.46794924996094184,0.1150333782246063,0.4170173718144518
9,29690,2024-03-09,2024,,AC長野パルセイロ,SC相模原,D,H,0.27260501082695443,0.29229977665194856,0.4350952125210971
9,29691,2024-03-09,2024,,富山,奈良クラブ,D,A,0.4674741337236402,0.2512451333859138,0.2812807328904459
9,29692,2024-03-09,2024,,ツエーゲン金沢,FC大阪,A,A,0.4402433767398822,0.2757902419555266,0.2839663813045911
9,30069,2024-03-09,2024,,いわきFC,鹿児島ユナイテッドFC,H,H,0.44247859444969967,0.0853860474477761,0.4721353581025242
9,30070,2024-03-09,2024,,横浜FC,山形,H,A,0.5047649401621163,0.2214800274860454,0.27375503235183835
9,30071,2024-03-09,2024,,甲府,栃木SC,A,D,0.3065174410001747,0.4719827978533078,0.2214997611465176
9,30072,2024-03-09,2024,,徳島,秋田,A,A,0.4414417221773511,0.18389289263217226,0.37466538519047654
9,30450,2024-03-09,2024,,町田,鹿島,H,H,0.3295502194643264,0.06513453973399584,0.6053152408016779
9,30452,2024-03-09,2024,,新潟,名古屋,H,D,0.34728737208202426,0.5139381850689194,0.13877444284905635
9,30453,2024-03-09,2024,,磐田,柏,A,H,0.378667920998193,0.21737725904686783,0.40395481995493915
9,30454,2024-03-09,2024,,FC東京,神戸,A,H,0.3137563117510793,0.21999939763878765,0.466244290610133
9,30455,2024-03-09,2024,,広島,鳥栖,H,D,0.33695882279956113,0.42705477883393056,0.2359863983665083
9,30456,2024-03-09,2024,,福岡,湘南,D,D,0.22300511671537238,0.4299723491630896,0.347022534121538
9,30457,2024-03-09,2024,,川崎F,京都,A,A,0.405421877047423,0.22710928522536455,0.36746883772721234
9,30458,2024-03-09,2024,,C大阪,東京V,H,H,0.23045894344455284,0.2892402904456674,0.4803007661097798
9,29693,2024-03-10,2024,,ガイナーレ鳥取,テゲバジャーロ宮崎,D,D,0.34062087789760725,0.44721805470871806,0.2121610673936747
9,29694,2024-03-10,2024,,FC今治,アスルクラロ沼津,H,D,0.3278645102513208,0.42952763604407346,0.24260785370460566
9,29695,2024-03-10,2024,,FC岐阜,カマタマーレ讃岐,H,A,0.4248513632483016,0.34546064647652097,0.22968799027517744
9,30073,2024-03-10,2024,,仙台,水戸,H,H,0.3630947966860062,0.26346829499045504,0.3734369083235387
9,30074,2024-03-10,2024,,藤枝MYFC,大分,A,A,0.5088719175498893,0.2022589109449391,0.28886917150517166
9,30075,2024-03-10,2024,,岡山,レノファ山口FC,H,H,0.2939805096812177,0.2243948698139086,0.4816246205048738
9,30076,2024-03-10,2024,,V・ファーレン長崎,清水,H,A,0.49797821515427,0.15968432082764125,0.34233746401808884
9,30077,2024-03-10,2024,,愛媛FC,熊本,A,H,0.31190893534687886,0.2289549311262008,0.4591361335269204
9,30078,2024-03-10,2024,,群馬,千葉,A,D,0.18488304384213822,0.45213951827869564,0.3629774378791661
9,30459,2024-03-10,2024,,札幌,浦和,A,D,0.26338591190138305,0.4867708753739799,0.24984321272463708
9,29699,2024-03-16,2024,,FC大阪,FC岐阜,D,H,0.2938591970429238,0.26778645681790214,0.43835434613917396
9,29700,2024-03-16,2024,,大宮,奈良クラブ,H,A,0.44745404260993593,0.3627428646434856,0.18980309274657853
9,29701,2024-03-16,2024,,Y.S.C.C.横浜,FC今治,A,A,0.3836738765688961,0.34211153386297255,0.27421458956813133
9,29702,2024-03-16,2024,,アスルクラロ沼津,ギラヴァンツ北九州,H,H,0.3658464523666824,0.17268876472538827,0.46146478290792936
9,29703,2024-03-16,2024,,カマタマーレ讃岐,AC長野パルセイロ,D,D,0.22667905796969423,0.46634472716549075,0.306976214864815
9,29704,2024-03-16,2024,,テゲバジャーロ宮崎,ツエーゲン金沢,A,H,0.22144641500274587,0.294465576668462,0.48408800832879206
9,30079,2024-03-16,2024,,秋田,仙台,D,A,0.4549285787233846,0.2919353170015699,0.25313610427504557
9,30080,2024-03-16,2024,,山形,甲府,A,H,0.19670654138015847,0.21008444037129997,0.5932090182485416
9,30081,2024-03-16,2024,,水戸,徳島,A,D,0.33046424553708653,0.4018795551823846,0.2676561992805289
9,30082,2024-03-16,2024,,栃木SC,横浜FC,H,D,0.15044213031058942,0.5492537273899287,0.3003041422994818
9,30083,2024-03-16,2024,,群馬,愛媛FC,A,H,0.15742060872667055,0.4109556746163185,0.43162371665701094
9,30084,2024-03-16,2024,,清水,大分,H,D,0.2921761175263585,0.5371112868834602,0.17071259559018123
9,30085,2024-03-16,2024,,藤枝MYFC,岡山,A,D,0.16560615797761585,0.5529182674397846,0.2814755745825996
9,30086,2024-03-16,2024,,鹿児島ユナイテッドFC,千葉,H,H,0.27452027793930023,0.25758119991159145,0.4678985221491084
9,30460,2024-03-16,2024,,福岡,FC東京,A,D,0.26230311020905,0.3761972583716661,0.361499631419284
9,30461,2024-03-16,2024,,札幌,町田,A,D,0.3162747289490412,0.3996113301928769,0.28411394085808195
9,30462,2024-03-16,2024,,神戸,広島,D,H,0.096072348442564,0.329088899931004,0.574838751626432
9,30463,2024-03-16,2024,,柏,名古屋,A,D,0.25263375361988394,0.4293569258508431,0.3180093205292729
9,30464,2024-03-16,2024,,G大阪,磐田,H,A,0.4824311452519713,0.23525448498428625,0.2823143697637426
9,30465,2024-03-16,2024,,鳥栖,C大阪,A,H,0.27871053253215994,0.3561114951321821,0.36517797233565796
9,30466,2024-03-16,2024,,東京V,新潟,D,H,0.3482085451837248,0.22996881392848492,0.4218226408877903
9,29705,2024-03-17,2024,,ヴァンラーレ八戸,富山,H,H,0.3551958748409795,0.17160486315530157,0.4731992620037189
9,29706,2024-03-17,2024,,いわてグルージャ盛岡,ガイナーレ鳥取,A,H,0.2977927277686109,0.3291413802566672,0.373065891974722
9,29707,2024-03-17,2024,,福島ユナイテッドFC,松本山雅FC,H,D,0.28984906696507157,0.37256441080894975,0.3375865222259786
9,29708,2024-03-17,2024,,SC相模原,FC琉球,D,D,0.3227325528308733,0.4291455240076774,0.24812192316144918
9,30087,2024-03-17,2024,,熊本,いわきFC,A,H,0.1738023015608162,0.29386788667138775,0.532329811767796
9,30088,2024-03-17,2024,,レノファ山口FC,V・ファーレン長崎,A,D,0.17355176005143566,0.47826513206161475,0.34818310788694967
9,30467,2024-03-17,2024,,京都,横浜FM,A,H,0.3850028402903749,0.21804949274275284,0.39694766696687234
9,30468,2024-03-17,2024,,鹿島,川崎F,H,H,0.2984780979234206,0.2998686322067194,0.40165326986986
9,30469,2024-03-17,2024,,湘南,浦和,D,D,0.21322062266472144,0.39975791629548385,0.38702146103979473
9,29709,2024-03-20,2024,,ガイナーレ鳥取,カマタマーレ讃岐,D,H,0.32775186080469565,0.20424243309655496,0.4680057060987494
9,29710,2024-03-20,2024,,FC今治,FC岐阜,A,D,0.20282377815132355,0.41696584338973974,0.3802103784589366
9,29711,2024-03-20,2024,,松本山雅FC,いわてグルージャ盛岡,H,H,0.3105500546991072,0.25946470870185867,0.42998523659903415
9,29712,2024-03-20,2024,,AC長野パルセイロ,福島ユナイテッドFC,H,A,0.4827254306136894,0.361056851374068,0.15621771801224268
9,29713,2024-03-20,2024,,富山,ツエーゲン金沢,H,H,0.34878616977600446,0.2611986334989919,0.3900151967250037
9,29714,2024-03-20,2024,,奈良クラブ,ヴァンラーレ八戸,H,A,0.43337450235219205,0.3513088223447984,0.21531667530300957
9,29715,2024-03-20,2024,,ギラヴァンツ北九州,FC大阪,D,A,0.5088444711772181,0.24757926605597713,0.24357626276680472
9,29716,2024-03-20,2024,,テゲバジャーロ宮崎,アスルクラロ沼津,D,A,0.5977935150531055,0.13877373288776307,0.2634327520591314
9,29717,2024-03-20,2024,,FC琉球,Y.S.C.C.横浜,H,A,0.5178388951027376,0.2265566095275455,0.2556044953697169
9,29718,2024-03-20,2024,,SC相模原,大宮,D,A,0.47596750847826275,0.18903490552079452,0.3349975860009428
9,30089,2024-03-20,2024,,仙台,熊本,D,D,0.2925466112858708,0.44694456378443553,0.2605088249296936
9,30090,2024-03-20,2024,,秋田,栃木SC,H,A,0.3775269358724407,0.29006809454573546,0.3324049695818239
9,30091,2024-03-20,2024,,山形,藤枝MYFC,A,H,0.1800232937129171,0.315778357115072,0.5041983491720109
9,30092,2024-03-20,2024,,千葉,清水,A,A,0.38258622741841947,0.30838092782535104,0.30903284475622955
9,30093,2024-03-20,2024,,横浜FC,群馬,H,D,0.33511492074465365,0.34214604565888773,0.32273903359645856
9,30094,2024-03-20,2024,,甲府,いわきFC,D,D,0.31398148693042705,0.38908811982313896,0.296930393246434
9,30095,2024-03-20,2024,,岡山,水戸,H,A,0.38168704109088664,0.2467434308749305,0.37156952803418286
9,30096,2024-03-20,2024,,大分,鹿児島ユナイテッドFC,H,A,0.4214276378484466,0.2172361809787834,0.3613361811727701
9,30097,2024-03-20,2024,,愛媛FC,V・ファーレン長崎,A,H,0.19029161827254384,0.3467852748591408,0.46292310686831545
9,30098,2024-03-20,2024,,徳島,レノファ山口FC,A,H,0.3392212261809308,0.1951500291335119,0.46562874468555726
9,29719,2024-03-23,2024,,FC大阪,松本山雅FC,D,D,0.3544007449997395,0.3971519320306024,0.24844732296965813
9,29720,2024-03-23,2024,,大宮,テゲバジャーロ宮崎,H,D,0.2659734696834024,0.378161780193338,0.35586475012325963
10,29721,2024-03-24,2024,,ヴァンラーレ八戸,AC長野パルセイロ,D,D,0.30147892653875225,0.4776748768713513,0.2208461965898964
10,29722,2024-03-24,2024,,FC今治,ギラヴァンツ北九州,A,H,0.17822977722634667,0.40213969730837223,0.4196305254652812
10,29723,2024-03-24,2024,,福島ユナイテッドFC,富山,D,A,0.41592666715740145,0.3238443881368759,0.2602289447057226
10,29724,2024-03-24,2024,,Y.S.C.C.横浜,ガイナーレ鳥取,D,A,0.5351587902129822,0.2883770377341127,0.17646417205290507
10,29725,2024-03-24,2024,,ツエーゲン金沢,SC相模原,H,A,0.34405458640214215,0.3151644592437483,0.34078095435410954
10,29726,2024-03-24,2024,,アスルクラロ沼津,FC琉球,H,H,0.23067059432359935,0.34472893461857984,0.4246004710578208
10,29727,2024-03-24,2024,,カマタマーレ讃岐,奈良クラブ,D,H,0.3238596359403537,0.23940329195457102,0.43673707210507523
10,29728,2024-03-24,2024,,FC岐阜,いわてグルージャ盛岡,H,H,0.3659621540340878,0.22862158773115374,0.4054162582347585
10,30099,2024-03-24,2024,,仙台,徳島,D,D,0.2546747136036394,0.41591353948155074,0.3294117469148099
10,30100,2024-03-24,2024,,いわきFC,山形,D,H,0.37913930914116556,0.24137959254892158,0.3794810983099128
10,30101,2024-03-24,2024,,水戸,千葉,D,A,0.41024410267939354,0.22905151589528855,0.36070438142531797
10,30102,2024-03-24,2024,,栃木SC,大分,H,D,0.1546210739682437,0.5603928808341505,0.2849860451976058
10,30103,2024-03-24,2024,,清水,秋田,H,A,0.42740273681819885,0.2839843002337167,0.2886129629480844
10,30104,2024-03-24,2024,,藤枝MYFC,熊本,H,D,0.27501598248904435,0.38485897606103264,0.34012504144992306
10,30105,2024-03-24,2024,,レノファ山口FC,愛媛FC,D,A,0.4275473735529457,0.23729372356353184,0.33515890288352235
10,30106,2024-03-24,2024,,V・ファーレン長崎,甲府,D,D,0.22381036499967255,0.5223218852271657,0.25386774977316173
10,30107,2024-03-24,2024,,鹿児島ユナイテッドFC,横浜FC,A,D,0.20059883966602526,0.41311970387931124,0.38628145645466355
10,30108,2024-03-24,2024,,群馬,岡山,A,D,0.3141404530900034,0.5075095807355041,0.1783499661744926
10,30470,2024-03-29,2024,,東京V,京都,D,H,0.2863085642750133,0.24725185162186378,0.46643958410312286
10,29729,2024-03-30,2024,,SC相模原,カマタマーレ讃岐,H,H,0.3649138760806286,0.26831570826941004,0.36677041564996143
10,29730,2024-03-30,2024,,FC大阪,FC今治,D,D,0.32271224240031765,0.4803638168320423,0.19692394076764
10,29731,2024-03-30,2024,,AC長野パルセイロ,アスルクラロ沼津,H,A,0.3613756180875589,0.34918799309203497,0.28943638882040623
10,29732,2024-03-30,2024,,FC琉球,富山,H,D,0.21675708386067102,0.45176810565248543,0.33147481048684363
10,30109,2024-03-30,2024,,甲府,レノファ山口FC,A,H,0.3186380276097502,0.31449260563193615,0.3668693667583136
10,30110,2024-03-30,2024,,秋田,いわきFC,H,A,0.3776836729669303,0.3109176324171895,0.31139869461588027
10,30111,2024-03-30,2024,,山形,清水,H,D,0.21017225963823283,0.54371826538187,0.24610947497989719
10,30112,2024-03-30,2024,,水戸,鹿児島ユナイテッドFC,D,H,0.3952360252160719,0.15814188047108144,0.4466220943128467
10,30113,2024-03-30,2024,,横浜FC,仙台,A,H,0.2674439849669456,0.2754891057626856,0.4570669092703688
10,30114,2024-03-30,2024,,徳島,群馬,A,H,0.2709795759917182,0.17819897263310644,0.5508214513751754
10,30115,2024-03-30,2024,,大分,岡山,D,H,0.22567371346274642,0.3850867843678311,0.3892395021694226
10,30116,2024-03-30,2024,,熊本,千葉,H,A,0.5086129351493528,0.295253009924744,0.19613405492590316
10,30117,2024-03-30,2024,,愛媛FC,藤枝MYFC,H,H,0.3066461329371242,0.19965480155618248,0.49369906550669335
10,30118,2024-03-30,2024,,栃木SC,V・ファーレン長崎,D,D,0.2981771796891672,0.3625898325243456,0.3392329877864872
10,30471,2024-03-30,2024,,広島,G大阪,D,H,0.3450596901290147,0.2852329937241778,0.36970731614680746
10,30472,2024-03-30,2024,,新潟,柏,D,A,0.5439008395784394,0.24105490048080727,0.21504425994075335
10,30473,2024-03-30,2024,,神戸,札幌,H,D,0.31054461745963907,0.37837349038750695,0.311081892152854
10,30474,2024-03-30,2024,,鹿島,磐田,H,D,0.3144309722858577,0.3754387427673858,0.31013028494675643
10,30475,2024-03-30,2024,,浦和,福岡,H,H,0.3357014300060529,0.2718566291913182,0.39244194080262895
10,30476,2024-03-30,2024,,町田,鳥栖,H,H,0.3552941513698446,0.23978127381162526,0.4049245748185301
10,30477,2024-03-30,2024,,川崎F,FC東京,H,A,0.4356400699768214,0.2089499663703802,0.35540996365279837
10,30478,2024-03-30,2024,,名古屋,横浜FM,H,H,0.31578319313467706,0.13618913617328418,0.5480276706920388
10,30479,2024-03-30,2024,,C大阪,湘南,H,D,0.2827085878884196,0.5697885663620014,0.1475028457495791
10,29733,2024-03-31,2024,,ガイナーレ鳥取,ヴァンラーレ八戸,D,D,0.27776371087670054,0.40440933522802813,0.3178269538952713
10,29734,2024-03-31,2024,,いわてグルージャ盛岡,テゲバジャーロ宮崎,H,H,0.27652573222322585,0.20219912335513585,0.5212751444216384
10,29735,2024-03-31,2024,,福島ユナイテッドFC,Y.S.C.C.横浜,A,H,0.19454129380387064,0.2970583019151524,0.5084004042809769
10,29736,2024-03-31,2024,,松本山雅FC,FC岐阜,A,H,0.32163367711369295,0.29975740560837966,0.3786089172779275
10,29737,2024-03-31,2024,,奈良クラブ,ツエーゲン金沢,D,D,0.31866771387730924,0.356547678743395,0.3247846073792957
10,29738,2024-03-31,2024,,ギラヴァンツ北九州,大宮,D,H,0.3363124782050415,0.20271938602808176,0.46096813576687684
10,30119,2024-04-03,2024,,仙台,愛媛FC,A,D,0.35428162126498725,0.37577097046996233,0.2699474082650504
10,30120,2024-04-03,2024,,秋田,水戸,D,H,0.3418449824811916,0.2537208306507907,0.4044341868680177
10,30121,2024-04-03,2024,,いわきFC,藤枝MYFC,H,H,0.3570054119133646,0.18521996326489934,0.457774624821736
10,30122,2024-04-03,2024,,群馬,大分,A,H,0.28212751201897923,0.2784460391914019,0.4394264487896189
10,30123,2024-04-03,2024,,千葉,栃木SC,H,A,0.4634301203165234,0.26722834883084556,0.26934153085263113
10,30124,2024-04-03,2024,,清水,徳島,D,H,0.22087641897545568,0.1347269629341384,0.6443966180904059
10,30125,2024-04-03,2024,,岡山,横浜FC,A,H,0.3087585803273373,0.3452133496915227,0.34602806998114005
10,30126,2024-04-03,2024,,レノファ山口FC,熊本,A,D,0.2882058539145674,0.36995032742914663,0.34184381865628605
10,30127,2024-04-03,2024,,V・ファーレン長崎,山形,H,H,0.3932087831371393,0.21286987759511913,0.39392133926774153
10,30128,2024-04-03,2024,,鹿児島ユナイテッドFC,甲府,A,H,0.14328744706800475,0.3371052541725854,0.5196072987594099
10,30480,2024-04-03,2024,,柏,C大阪,D,A,0.49855143619536774,0.19438686924746867,0.3070616945571637
10,30481,2024-04-03,2024,,町田,広島,A,H,0.2316488309033618,0.32137316063315063,0.44697800846348756
10,30482,2024-04-03,2024,,横浜FM,川崎F,D,D,0.22714573125266163,0.3931399490015003,0.3797143197458381
10,30483,2024-04-03,2024,,湘南,東京V,A,H,0.23320849668624805,0.261461092343241,0.505330410970511
10,30484,2024-04-03,2024,,磐田,新潟,H,H,0.2584756377983513,0.3687204334318666,0.372803928769782
10,30485,2024-04-03,2024,,G大阪,京都,D,H,0.343887058418461,0.3095397562744645,0.3465731853070745
10,30486,2024-04-03,2024,,福岡,鹿島,H,H,0.3271534216190837,0.31583430704896726,0.357012271331949
10,30487,2024-04-03,2024,,鳥栖,神戸,D,H,0.24262975516769267,0.32439584395955534,0.43297440087275196
10,30488,2024-04-03,2024,,札幌,名古屋,A,D,0.2965551937033289,0.3801888472903214,0.32325595900634974
10,30489,2024-04-03,2024,,FC東京,浦和,H,D,0.2691118088040387,0.43786061949606986,0.2930275716998915
10,29739,2024-04-06,2024,,ガイナーレ鳥取,福島ユナイテッドFC,H,H,0.3704064661029608,0.2547871730820935,0.37480636081494567
10,29740,2024-04-06,2024,,FC今治,AC長野パルセイロ,D,H,0.2152052389392008,0.3151528915189655,0.46964186954183373
10,29741,2024-04-06,2024,,大宮,FC大阪,H,A,0.38034112464610975,0.2847166939873528,0.33494218136653736
10,29742,2024-04-06,2024,,SC相模原,FC岐阜,D,H,0.19460765060078117,0.33304162666471077,0.4723507227345081
10,29743,2024-04-06,2024,,富山,ギラヴァンツ北九州,H,A,0.3877512651732188,0.32381845521226343,0.28843027961451784
10,29744,2024-04-06,2024,,ツエーゲン金沢,松本山雅FC,H,D,0.1861289033710488,0.4395309119719189,0.37434018465703245
10,29745,2024-04-06,2024,,アスルクラロ沼津,いわてグルージャ盛岡,H,H,0.23958723552433817,0.28884993220877136,0.4715628322668905
10,29746,2024-04-06,2024,,テゲバジャーロ宮崎,奈良クラブ,H,A,0.4472353443870755,0.22624035297461179,0.3265243026383126
10,30490,2024-04-06,2024,,札幌,G大阪,H,A,0.4532203672293948,0.16311323630270974,0.38366639646789547
10,29747,2024-04-07,2024,,ヴァンラーレ八戸,FC琉球,D,D,0.20661945483823033,0.40459491525548325,0.3887856299062865
10,29748,2024-04-07,2024,,カマタマーレ讃岐,Y.S.C.C.横浜,A,A,0.5603551030696033,0.22159566532082672,0.21804923160957007
10,30129,2024-04-07,2024,,熊本,V・ファーレン長崎,A,D,0.27814763179925955,0.40490097640854067,0.3169513917921998
10,30130,2024-04-07,2024,,山形,鹿児島ユナイテッドFC,H,A,0.38903591509361246,0.29028413182864454,0.32067995307774294
10,30131,2024-04-07,2024,,栃木SC,レノファ山口FC,D,D,0.31507632869095875,0.3433507874541377,0.3415728838549035
10,30132,2024-04-07,2024,,群馬,水戸,D,A,0.4837187475304081,0.19422629864994778,0.3220549538196441
10,30133,2024-04-07,2024,,横浜FC,いわきFC,D,H,0.2371260244992498,0.2587410575010523,0.5041329179996978
10,30134,2024-04-07,2024,,甲府,清水,A,A,0.4194170956662333,0.27605810234648726,0.30452480198727955
10,30135,2024-04-07,2024,,藤枝MYFC,仙台,D,D,0.2908739026078903,0.42663006372676954,0.2824960336653401
10,30136,2024-04-07,2024,,徳島,千葉,A,H,0.3153285899591845,0.23308739925377514,0.4515840107870403
10,30137,2024-04-07,2024,,大分,秋田,A,A,0.4585986463662704,0.279889331814472,0.26151202181925753
10,30138,2024-04-07,2024,,愛媛FC,岡山,D,H,0.28964373912446145,0.24778562393006895,0.46257063694546957
10,30491,2024-04-07,2024,,東京V,柏,D,H,0.2608687838511192,0.24022167373485406,0.49890954241402685
10,30492,2024-04-07,2024,,新潟,C大阪,A,A,0.42361148853485403,0.2303469187699483,0.34604159269519774
10,30493,2024-04-07,2024,,京都,磐田,A,H,0.3076507170036508,0.17913583860132237,0.5132134443950268
10,30494,2024-04-07,2024,,神戸,横浜FM,A,H,0.3297270145765563,0.2055255172702274,0.4647474681532163
10,30495,2024-04-07,2024,,広島,湘南,H,D,0.3449660111129441,0.4150304579755775,0.24000353091147847
10,30496,2024-04-07,2024,,浦和,鳥栖,H,A,0.41338362317016997,0.286537065446363,0.30007931138346716
10,30497,2024-04-07,2024,,川崎F,町田,A,A,0.5432091439011749,0.16094499365148557,0.29584586244733957
10,30498,2024-04-07,2024,,名古屋,福岡,D,A,0.40554333066161746,0.24818436758365717,0.3462723017547254
10,30499,2024-04-07,2024,,FC東京,鹿島,H,D,0.27373976928215504,0.39411177603387965,0.33214845468396537
10,29749,2024-04-10,2024,,いわてグルージャ盛岡,奈良クラブ,H,A,0.39470459364627286,0.2864664284599481,0.31882897789377906
10,29750,2024-04-10,2024,,福島ユナイテッドFC,ツエーゲン金沢,D,H,0.35557403298392426,0.25550882683747517,0.38891714017860063
10,29751,2024-04-10,2024,,Y.S.C.C.横浜,大宮,A,H,0.31860274609767436,0.30144639522633987,0.37995085867598577
10,29752,2024-04-10,2024,,AC長野パルセイロ,ガイナーレ鳥取,A,D,0.29097942430326706,0.4173260607095934,0.2916945149871396
10,29753,2024-04-10,2024,,アスルクラロ沼津,SC相模原,H,H,0.3451470040991516,0.1373069444706674,0.5175460514301811
10,29754,2024-04-10,2024,,FC岐阜,富山,D,D,0.24834238077398815,0.3871850190448036,0.3644726001812083
10,29755,2024-04-10,2024,,FC大阪,ヴァンラーレ八戸,H,D,0.2491447162980681,0.42048295790307755,0.3303723257988544
10,29756,2024-04-10,2024,,ギラヴァンツ北九州,FC琉球,H,D,0.21683423996274978,0.40689699150425895,0.3762687685329913
10,29757,2024-04-10,2024,,テゲバジャーロ宮崎,FC今治,A,D,0.1456232085863816,0.5522056228190324,0.3021711685945859
10,30451,2024-04-10,2024,,横浜FM,G大阪,H,A,0.367020709850543,0.30432471566716607,0.328654574482291
10,30500,2024-04-12,2024,,柏,浦和,H,A,0.5954138943787916,0.23362620470874704,0.17095990091246147
10,29759,2024-04-13,2024,,SC相模原,福島ユナイテッドFC,H,A,0.5583030614191452,0.12841660961166576,0.31328032896918895
10,29760,2024-04-13,2024,,奈良クラブ,松本山雅FC,D,D,0.3717150395232375,0.48014995690149037,0.14813500357527215
10,30139,2024-04-13,2024,,仙台,山形,H,H,0.2995429893025345,0.27067146748095405,0.4297855432165114
10,30140,2024-04-13,2024,,水戸,栃木SC,D,H,0.21121563250370234,0.33315091642136907,0.4556334510749286
10,30141,2024-04-13,2024,,千葉,大分,D,A,0.47442676521663774,0.2290207490643922,0.2965524857189701
10,30142,2024-04-13,2024,,V・ファーレン長崎,徳島,H,H,0.30401417741389997,0.2544910514444983,0.4414947711416017
10,30143,2024-04-13,2024,,いわきFC,清水,A,H,0.32495291693546596,0.22451026922919412,0.45053681383534006
10,30144,2024-04-13,2024,,愛媛FC,鹿児島ユナイテッドFC,D,D,0.11780048406770544,0.451746454851606,0.43045306108068854
10,30501,2024-04-13,2024,,新潟,札幌,D,A,0.3531317690475354,0.30260903238727394,0.3442591985651907
10,30502,2024-04-13,2024,,磐田,名古屋,A,H,0.16364495695920026,0.34827304488145494,0.4880819981593449
10,30503,2024-04-13,2024,,福岡,広島,D,H,0.10320826769820789,0.3973506183496704,0.4994411139521218
10,30504,2024-04-13,2024,,鹿島,京都,H,H,0.32034788822895927,0.2735976820535832,0.40605442971745753
10,30505,2024-04-13,2024,,町田,神戸,A,A,0.437491286462519,0.36837833536557335,0.1941303781719077
10,30506,2024-04-13,2024,,横浜FM,湘南,D,D,0.18015082113513933,0.5361702475297965,0.2836789313350642
10,30507,2024-04-13,2024,,C大阪,川崎F,H,H,0.21267440661149214,0.2834941871256434,0.5038314062628645
10,30508,2024-04-13,2024,,東京V,FC東京,D,D,0.24200983390061973,0.40763146164262704,0.3503587044567532
10,29761,2024-04-14,2024,,ヴァンラーレ八戸,FC今治,A,D,0.25732324757610137,0.45408853952686234,0.2885882128970362
10,29762,2024-04-14,2024,,いわてグルージャ盛岡,FC大阪,A,H,0.32072838981010776,0.28155990252301544,0.3977117076668768
10,29763,2024-04-14,2024,,大宮,アスルクラロ沼津,D,H,0.3043348974816755,0.3105593910365296,0.38510571148179484
10,29764,2024-04-14,2024,,富山,ガイナーレ鳥取,H,D,0.36914644069028013,0.4154724363921746,0.21538112291754516
10,29765,2024-04-14,2024,,ツエーゲン金沢,Y.S.C.C.横浜,H,H,0.26922937361015403,0.3539398139617393,0.3768308124281066
10,29766,2024-04-14,2024,,ギラヴァンツ北九州,カマタマーレ讃岐,D,H,0.28657549966681645,0.32468069825328677,0.38874380207989684
10,29767,2024-04-14,2024,,FC岐阜,テゲバジャーロ宮崎,A,A,0.37952497161335275,0.2763617700068236,0.3441132583798236
10,29768,2024-04-14,2024,,FC琉球,AC長野パルセイロ,H,D,0.3664509247688087,0.5075995184799637,0.1259495567512276
10,30145,2024-04-14,2024,,秋田,岡山,D,H,0.23085113228130555,0.27243254779828235,0.4967163199204121
10,30146,2024-04-14,2024,,横浜FC,藤枝MYFC,H,H,0.24794482292914172,0.21861321195579878,0.5334419651150595
10,30147,2024-04-14,2024,,レノファ山口FC,群馬,H,D,0.2364081187999789,0.5159219631342161,0.247669918065805
10,30148,2024-04-14,2024,,熊本,甲府,D,H,0.32510533675752806,0.2842536242813495,0.3906410389611225
10,30509,2024-04-14,2024,,G大阪,鳥栖,H,D,0.3044531577779373,0.4059500359207316,0.28959680630133106
10,29696,2024-04-20,2024,,いわてグルージャ盛岡,FC琉球,D,H,0.2974364968973813,0.2657999581388329,0.43676354496378583
10,29758,2024-04-20,2024,,松本山雅FC,カマタマーレ讃岐,H,H,0.21746152908173286,0.2278259480064033,0.5547125229118639
10,30149,2024-04-20,2024,,山形,愛媛FC,H,D,0.1568764866568652,0.5407234033451261,0.3024001099980087
10,30150,2024-04-20,2024,,甲府,群馬,H,H,0.4103105889632129,0.11131614606534188,0.4783732649714452
10,30151,2024-04-20,2024,,清水,仙台,H,D,0.2016094166168457,0.48844042643385455,0.30995015694929967
10,30152,2024-04-20,2024,,藤枝MYFC,徳島,A,H,0.3667238495528324,0.2557596699483484,0.3775164804988192
10,30153,2024-04-20,2024,,岡山,熊本,H,D,0.35996172513200736,0.4752202872689496,0.1648179875990431
10,30510,2024-04-20,2024,,札幌,広島,D,D,0.2613766063190262,0.426746157052988,0.31187723662798594
10,30512,2024-04-20,2024,,京都,新潟,A,D,0.2874406896241066,0.37235972446920074,0.3401995859066926
10,30513,2024-04-20,2024,,鳥栖,鹿島,H,A,0.4693928072198032,0.20465224739963075,0.325954945380566
10,30514,2024-04-20,2024,,湘南,神戸,A,A,0.4106555285992131,0.2700045222969575,0.31933994910382935
10,30515,2024-04-20,2024,,福岡,磐田,D,A,0.501711513891001,0.1671284213972212,0.3311600647117779
10,30516,2024-04-20,2024,,浦和,G大阪,A,H,0.29761797488871805,0.22431501781234686,0.478067007298935
10,30517,2024-04-20,2024,,川崎F,東京V,D,A,0.3694382430002211,0.29291701861665775,0.3376447383831211
10,29697,2024-04-21,2024,,ヴァンラーレ八戸,ギラヴァンツ北九州,D,H,0.20029886473173536,0.36814071574414686,0.4315604195241178
10,29698,2024-04-21,2024,,福島ユナイテッドFC,大宮,A,D,0.294790908193986,0.37302697170732824,0.3321821200986857
10,30154,2024-04-21,2024,,千葉,秋田,A,A,0.3492192752417336,0.3138375406709381,0.33694318408732843
10,30155,2024-04-21,2024,,レノファ山口FC,水戸,A,H,0.29467969678140377,0.2195405818887819,0.48577972132981434
10,30156,2024-04-21,2024,,V・ファーレン長崎,横浜FC,H,H,0.24368195885239877,0.3684598201519098,0.3878582209956915
10,30157,2024-04-21,2024,,大分,いわきFC,A,A,0.564353508696927,0.20165819370946608,0.23398829759360695
10,30158,2024-04-21,2024,,鹿児島ユナイテッドFC,栃木SC,H,H,0.3462596111221299,0.2565880882931754,0.3971523005846948
10,30518,2024-04-21,2024,,FC東京,町田,A,D,0.3676077417546226,0.428100800951354,0.20429145729402343
10,30519,2024-04-21,2024,,名古屋,C大阪,H,A,0.3935675559549868,0.3577440699546934,0.2486883740903199
10,29769,2024-04-27,2024,,AC長野パルセイロ,ギラヴァンツ北九州,H,A,0.4921681150425815,0.21349416568222312,0.2943377192751954
10,29770,2024-04-27,2024,,FC今治,大宮,A,A,0.42646004371735285,0.3286067141670148,0.24493324211563242
10,29771,2024-04-27,2024,,Y.S.C.C.横浜,奈良クラブ,D,A,0.5506212868539311,0.10973506316680681,0.33964364997926205
10,29772,2024-04-27,2024,,テゲバジャーロ宮崎,SC相模原,D,D,0.1810807034142332,0.49514542358050306,0.3237738730052637
10,30159,2024-04-27,2024,,仙台,千葉,A,H,0.2598583367856117,0.21838551259438324,0.5217561506200051
10,30160,2024-04-27,2024,,水戸,藤枝MYFC,A,D,0.2915632816775746,0.4066504156579022,0.30178630266452316
10,30161,2024-04-27,2024,,群馬,V・ファーレン長崎,A,D,0.31039395364963795,0.47984999042557874,0.20975605592478325
10,30162,2024-04-27,2024,,愛媛FC,甲府,H,A,0.6237187917383233,0.14807962557378748,0.22820158268788912
10,30520,2024-04-27,2024,,札幌,湘南,D,A,0.3471453253227109,0.33924352982523126,0.3136111448520578
10,30521,2024-04-27,2024,,新潟,FC東京,A,H,0.2621206234980496,0.33520056882941834,0.402678807672532
10,30522,2024-04-27,2024,,磐田,町田,H,D,0.23457049721235051,0.5201111358363656,0.24531836695128398
10,30523,2024-04-27,2024,,神戸,京都,A,H,0.28561670101913506,0.33394151980081416,0.38044177918005084
10,30524,2024-04-27,2024,,C大阪,横浜FM,D,A,0.3664721906438273,0.3218097706721434,0.3117180386840293
10,29773,2024-04-28,2024,,ガイナーレ鳥取,FC琉球,H,H,0.08924602965846738,0.3834863990333566,0.5272675713081761
10,29774,2024-04-28,2024,,福島ユナイテッドFC,いわてグルージャ盛岡,H,H,0.26874401540816806,0.324248336563975,0.40700764802785694
10,29775,2024-04-28,2024,,松本山雅FC,富山,H,A,0.3658478868566543,0.3020103270376786,0.33214178610566714
10,29776,2024-04-28,2024,,ツエーゲン金沢,FC岐阜,D,H,0.1889610987906884,0.3632411315273564,0.44779776968195534
10,29777,2024-04-28,2024,,カマタマーレ讃岐,ヴァンラーレ八戸,D,D,0.3436307673730039,0.3801532424394728,0.2762159901875233
10,29778,2024-04-28,2024,,FC大阪,アスルクラロ沼津,D,H,0.3227131788104829,0.2863413076210702,0.390945513568447
10,30163,2024-04-28,2024,,岡山,清水,A,A,0.4472297973981449,0.26979400236043083,0.28297620024142434
10,30164,2024-04-28,2024,,熊本,大分,A,H,0.27179257715439936,0.19270073657126152,0.5355066862743392
10,30165,2024-04-28,2024,,秋田,横浜FC,A,A,0.4162082976940576,0.33598834228236385,0.24780336002357853
10,30166,2024-04-28,2024,,栃木SC,いわきFC,A,H,0.24328758194669414,0.3466976825461517,0.4100147355071541
10,30167,2024-04-28,2024,,徳島,山形,H,A,0.43778108512897024,0.3501727743289953,0.21204614054203444
10,30168,2024-04-28,2024,,鹿児島ユナイテッドFC,レノファ山口FC,A,H,0.3863449450212289,0.1956669159627107,0.4179881390160604
10,30525,2024-04-28,2024,,東京V,福岡,D,H,0.3383039774001249,0.25229062032317456,0.4094054022767005
10,30526,2024-04-28,2024,,広島,川崎F,D,D,0.32412707042931616,0.4606120650570103,0.2152608645136735
10,30527,2024-04-28,2024,,浦和,名古屋,H,H,0.3045759629751671,0.21880898026217951,0.4766150567626534
10,30528,2024-04-28,2024,,柏,鳥栖,D,A,0.42625044684195823,0.33083888029375297,0.24291067286428877
10,30529,2024-04-28,2024,,G大阪,鹿島,A,A,0.3545657749346614,0.30893954584919686,0.3364946792161418
10,29779,2024-05-03,2024,,ガイナーレ鳥取,大宮,A,D,0.3033782867233173,0.4185461436752037,0.27807556960147906
10,29780,2024-05-03,2024,,いわてグルージャ盛岡,ツエーゲン金沢,A,D,0.3353332756978082,0.3549757486556697,0.30969097564652204
10,29781,2024-05-03,2024,,SC相模原,FC大阪,D,D,0.30848757454880527,0.4043766125481862,0.2871358129030086
10,29782,2024-05-03,2024,,松本山雅FC,ヴァンラーレ八戸,A,D,0.24136223798165932,0.4677910389604587,0.29084672305788195
10,29783,2024-05-03,2024,,富山,テゲバジャーロ宮崎,D,A,0.4090637843410083,0.1931887650652587,0.39774745059373295
10,29784,2024-05-03,2024,,アスルクラロ沼津,福島ユナイテッドFC,A,H,0.31968395586274484,0.3151904635744749,0.3651255805627804
10,29785,2024-05-03,2024,,奈良クラブ,FC今治,H,A,0.3902251187147407,0.26262449172862673,0.3471503895566326
10,29786,2024-05-03,2024,,ギラヴァンツ北九州,Y.S.C.C.横浜,A,A,0.39852236049288814,0.2933960809536656,0.30808155855344627
10,29787,2024-05-03,2024,,FC琉球,カマタマーレ讃岐,D,H,0.26603448486622133,0.365720144896457,0.36824537023732173
10,29788,2024-05-03,2024,,AC長野パルセイロ,FC岐阜,H,H,0.21348518646100315,0.2544588924681978,0.532055921070799
10,30169,2024-05-03,2024,,徳島,愛媛FC,D,H,0.33606247695504404,0.2762897773077247,0.3876477457372313
10,30170,2024-05-03,2024,,仙台,レノファ山口FC,H,D,0.27297377571399767,0.423991928494823,0.30303429579117946
10,30171,2024-05-03,2024,,山形,岡山,D,H,0.2843768075049986,0.31129474768772986,0.4043284448072716
10,30172,2024-05-03,2024,,横浜FC,水戸,H,H,0.20341641069477034,0.2134030421157939,0.5831805471894358
10,30173,2024-05-03,2024,,甲府,大分,A,A,0.45456340294917646,0.3623721098525849,0.18306448719823865
10,30174,2024-05-03,2024,,清水,栃木SC,H,D,0.24648375835127756,0.40848684813575664,0.3450293935129659
10,30175,2024-05-03,2024,,藤枝MYFC,群馬,H,A,0.5022849393845596,0.10071946342771647,0.3969955971877239
10,30176,2024-05-03,2024,,V・ファーレン長崎,秋田,D,H,0.2677869274732899,0.09805101262009312,0.634162059906617
10,30177,2024-05-03,2024,,熊本,鹿児島ユナイテッドFC,D,H,0.33527352544318373,0.19695621862054108,0.4677702559362753
10,30178,2024-05-03,2024,,いわきFC,千葉,H,H,0.35090438497668336,0.27111084181490297,0.3779847732084137
10,30530,2024-05-03,2024,,横浜FM,磐田,D,A,0.5490784527763102,0.2404078328545229,0.21051371436916702
10,30531,2024-05-03,2024,,新潟,広島,D,H,0.3229005080917573,0.33598659825871674,0.3411128936495259
10,30532,2024-05-03,2024,,鹿島,湘南,H,H,0.25758185841462755,0.2687299310825507,0.47368821050282167
10,30533,2024-05-03,2024,,FC東京,京都,H,A,0.4389599175270008,0.204390670239797,0.3566494122332022
10,30534,2024-05-03,2024,,町田,柏,H,A,0.46152746541507067,0.2824784382680414,0.25599409631688785
10,30535,2024-05-03,2024,,C大阪,札幌,D,D,0.29993580723879015,0.39076701669655456,0.30929717606465534
10,30536,2024-05-03,2024,,鳥栖,東京V,A,A,0.3930325610647358,0.2217973205380372,0.385170118397227
10,30537,2024-05-03,2024,,川崎F,浦和,H,H,0.1988878118240197,0.3596184076973985,0.44149378047858173
10,30538,2024-05-03,2024,,福岡,G大阪,H,H,0.3451923031131535,0.2938033526375142,0.36100434424933225
10,30539,2024-05-03,2024,,名古屋,神戸,A,H,0.2930351580270547,0.28258116832385943,0.42438367364908597
10,29789,2024-05-06,2024,,ヴァンラーレ八戸,いわてグルージャ盛岡,H,D,0.20048306063732582,0.432496248882373,0.36702069048030117
10,29790,2024-05-06,2024,,FC大阪,FC琉球,A,H,0.2906897442703477,0.19813896061759484,0.5111712951120575
10,29791,2024-05-06,2024,,FC今治,富山,A,A,0.43929877438748133,0.15591408955532082,0.4047871360571979
10,29792,2024-05-06,2024,,福島ユナイテッドFC,奈良クラブ,H,A,0.3712516616108479,0.2822680195538443,0.3464803188353078
10,29793,2024-05-06,2024,,大宮,松本山雅FC,A,D,0.2403455355893256,0.39023147876331693,0.3694229856473575
10,29794,2024-05-06,2024,,Y.S.C.C.横浜,SC相模原,D,H,0.3703583565817611,0.19542638345406904,0.43421525996416993
10,29795,2024-05-06,2024,,ツエーゲン金沢,ガイナーレ鳥取,D,A,0.38949282839875843,0.23419808473736567,0.37630908686387593
10,29796,2024-05-06,2024,,カマタマーレ讃岐,アスルクラロ沼津,H,A,0.39836166600854983,0.28121932051277504,0.32041901347867513
10,29797,2024-05-06,2024,,テゲバジャーロ宮崎,AC長野パルセイロ,A,D,0.24757161650807422,0.382086437612446,0.3703419458794798
10,29798,2024-05-06,2024,,FC岐阜,ギラヴァンツ北九州,A,D,0.2840322033395801,0.358315204579217,0.35765259208120287
10,30179,2024-05-06,2024,,秋田,甲府,A,H,0.3032617467902912,0.2749564411984148,0.4217818120112941
10,30180,2024-05-06,2024,,水戸,熊本,H,H,0.2735171004652995,0.32720532962277227,0.39927756991192836
10,30181,2024-05-06,2024,,栃木SC,藤枝MYFC,A,A,0.34996517134487926,0.3281159931422678,0.321918835512853
10,30182,2024-05-06,2024,,群馬,清水,A,H,0.25589504516496253,0.22398142091996498,0.5201235339150725
10,30183,2024-05-06,2024,,岡山,徳島,A,D,0.32484480122895976,0.3649734379863371,0.31018176078470316
10,30184,2024-05-06,2024,,レノファ山口FC,山形,H,H,0.3343168865344548,0.31104917789959907,0.35463393556594613
10,30185,2024-05-06,2024,,大分,V・ファーレン長崎,D,A,0.4242331964321155,0.3315675650695962,0.24419923849828823
10,30186,2024-05-06,2024,,鹿児島ユナイテッドFC,仙台,A,A,0.4341808252128912,0.15820693907241282,0.407612235714696
10,30187,2024-05-06,2024,,愛媛FC,いわきFC,D,A,0.643331855839784,0.17094142093771889,0.18572672322249714
10,30188,2024-05-06,2024,,千葉,横浜FC,H,D,0.3939960425117199,0.41638210511783497,0.1896218523704452
10,30540,2024-05-06,2024,,東京V,磐田,H,A,0.37791170404547975,0.27341990163349617,0.3486683943210242
10,30541,2024-05-06,2024,,神戸,新潟,H,A,0.5089080233564732,0.2913337424609611,0.19975823418256564
10,30542,2024-05-06,2024,,G大阪,C大阪,H,D,0.3815944482578904,0.4124231181686575,0.2059824335734521
10,30543,2024-05-06,2024,,札幌,FC東京,A,H,0.31142751171073835,0.26102373284660824,0.4275487554426535
10,30544,2024-05-06,2024,,京都,町田,A,A,0.43936892391157895,0.3858340301181344,0.17479704597028667
10,30545,2024-05-06,2024,,福岡,川崎F,D,A,0.398700991250025,0.26219953377689026,0.3390994749730846
10,30546,2024-05-06,2024,,広島,名古屋,A,H,0.061870164181356546,0.41741361183895176,0.5207162239796918
10,30547,2024-05-06,2024,,柏,鹿島,A,D,0.36610374972154636,0.3939452362074047,0.23995101407104902
10,30548,2024-05-06,2024,,湘南,鳥栖,H,D,0.33551180276124143,0.4576559229821155,0.20683227425664316
10,30549,2024-05-06,2024,,浦和,横浜FM,H,H,0.3018721014867285,0.3052297167313445,0.39289818178192704
10,30189,2024-05-11,2024,,仙台,群馬,H,H,0.38150768175700717,0.21770052166972728,0.4007917965732656
10,30190,2024-05-11,2024,,清水,鹿児島ユナイテッドFC,H,A,0.38111430480191566,0.26780613955295274,0.35107955564513155
10,30551,2024-05-11,2024,,新潟,浦和,A,A,0.4953189224047043,0.266392089150131,0.23828898844516475
10,30552,2024-05-11,2024,,磐田,鳥栖,A,H,0.303517954701643,0.30143474139861537,0.3950473038997417
10,30553,2024-05-11,2024,,京都,福岡,A,D,0.36730919024686265,0.41608739670182576,0.21660341305131153
10,30554,2024-05-11,2024,,FC東京,柏,D,H,0.29720998517864283,0.18028212814077363,0.5225078866805836
10,30555,2024-05-11,2024,,川崎F,札幌,H,H,0.337341567834717,0.27312989344251426,0.38952853872276877
10,30556,2024-05-11,2024,,湘南,町田,D,D,0.26592384774492983,0.3819198940448189,0.35215625821025126
10,30557,2024-05-11,2024,,名古屋,G大阪,A,H,0.3870533544530789,0.13589173784905514,0.47705490769786596
10,30558,2024-05-11,2024,,C大阪,神戸,A,H,0.18275564662492588,0.322260961903064,0.49498339147201015
10,30191,2024-05-12,2024,,いわきFC,レノファ山口FC,A,A,0.39680172619880383,0.26503598565208214,0.33816228814911414
10,30192,2024-05-12,2024,,熊本,横浜FC,D,A,0.510430083112656,0.2692619396814649,0.2203079772058791
10,30193,2024-05-12,2024,,山形,水戸,A,A,0.4550493609956814,0.20261171796729993,0.3423389210370187
10,30194,2024-05-12,2024,,藤枝MYFC,秋田,H,D,0.2371737407378281,0.4703387978001504,0.29248746146202154
10,30195,2024-05-12,2024,,徳島,栃木SC,H,A,0.3727322717357803,0.369147633199211,0.25812009506500877
10,30196,2024-05-12,2024,,V・ファーレン長崎,岡山,D,H,0.22466350005209537,0.36674855156367697,0.4085879483842276
10,30197,2024-05-12,2024,,大分,愛媛FC,D,D,0.3264957171736612,0.4420778616211602,0.2314264212051786
10,30198,2024-05-12,2024,,甲府,千葉,D,A,0.4868796882631402,0.2797208723341722,0.2333994394026876
10,30559,2024-05-12,2024,,鹿島,東京V,D,H,0.2905476937249023,0.2756608728569273,0.43379143341817045
10,30560,2024-05-15,2024,,札幌,磐田,H,H,0.34528262205173454,0.30663304750727616,0.3480843304409893
10,30561,2024-05-15,2024,,柏,湘南,H,H,0.30077729942910686,0.2525991416477621,0.4466235589231311
10,30562,2024-05-15,2024,,東京V,G大阪,D,H,0.29889467140271747,0.2873315869271037,0.41377374167017894
10,30563,2024-05-15,2024,,町田,C大阪,H,H,0.3444591797679313,0.18340510683863212,0.4721357133934367
10,30564,2024-05-15,2024,,新潟,横浜FM,H,D,0.2672820506445526,0.46478220167433376,0.26793574768111356
10,30565,2024-05-15,2024,,名古屋,FC東京,H,A,0.3760523399838295,0.31812219861104396,0.30582546140512645
10,30566,2024-05-15,2024,,神戸,福岡,H,H,0.3316075481385952,0.26629008498918416,0.40210236687222073
10,30567,2024-05-15,2024,,広島,鹿島,A,D,0.19257519365063827,0.5248702103505104,0.28255459599885135
10,30568,2024-05-15,2024,,鳥栖,川崎F,H,H,0.26604660534785624,0.33963665826150874,0.3943167363906351
10,30569,2024-05-15,2024,,浦和,京都,H,A,0.3504488516086305,0.2995400934957087,0.3500110548956608
10,29799,2024-05-18,2024,,FC今治,福島ユナイテッドFC,A,H,0.32613402502639743,0.24966577078876406,0.42420020418483845
10,29800,2024-05-18,2024,,いわてグルージャ盛岡,Y.S.C.C.横浜,A,H,0.3690638046418354,0.24440634793716803,0.38652984742099655
10,29801,2024-05-18,2024,,松本山雅FC,ギラヴァンツ北九州,D,A,0.45636549197926785,0.21132235297710247,0.33231215504362976
10,29802,2024-05-18,2024,,AC長野パルセイロ,ツエーゲン金沢,A,D,0.3281170826725733,0.4896139308780612,0.1822689864493655
10,29803,2024-05-18,2024,,富山,FC大阪,H,A,0.4435135780600692,0.16823718252330358,0.38824923941662726
10,29804,2024-05-18,2024,,奈良クラブ,FC岐阜,H,H,0.17525879131832264,0.35274681515122963,0.4719943935304477
10,29805,2024-05-18,2024,,カマタマーレ讃岐,大宮,A,A,0.3468261141711185,0.3219632614977387,0.3312106243311428
10,29806,2024-05-18,2024,,FC琉球,テゲバジャーロ宮崎,H,A,0.41430228859161977,0.2935664323099808,0.2921312790983995
10,30199,2024-05-18,2024,,山形,秋田,A,H,0.32201672715888285,0.24295790383040258,0.4350253690107146
10,30200,2024-05-18,2024,,水戸,大分,D,A,0.408302185692242,0.35387448366532565,0.23782333064243236
10,30201,2024-05-18,2024,,群馬,いわきFC,A,D,0.3543879045127808,0.5046332239037362,0.14097887158348296
10,30202,2024-05-18,2024,,千葉,愛媛FC,H,A,0.48597544156563116,0.30601136431680764,0.2080131941175611
10,30203,2024-05-18,2024,,横浜FC,清水,H,A,0.37001154951352405,0.30216299892077636,0.3278254515656996
10,30204,2024-05-18,2024,,徳島,熊本,A,D,0.257680645484932,0.496425962287353,0.24589339222771503
10,30205,2024-05-18,2024,,鹿児島ユナイテッドFC,V・ファーレン長崎,A,A,0.39222057965783486,0.26875247332295993,0.3390269470192052
10,30570,2024-05-18,2024,,福岡,C大阪,A,A,0.5322318975925818,0.20582668709067836,0.2619414153167399
10,30571,2024-05-18,2024,,鳥栖,名古屋,A,H,0.2995890662959958,0.3340871936439441,0.3663237400600601
10,29807,2024-05-19,2024,,ガイナーレ鳥取,SC相模原,A,D,0.32672925161930333,0.41100296515150625,0.2622677832291905
10,29808,2024-05-19,2024,,アスルクラロ沼津,ヴァンラーレ八戸,D,H,0.2508244759313708,0.33920961649532355,0.4099659075733056
10,30206,2024-05-19,2024,,岡山,甲府,H,D,0.29740204219569566,0.39273887255950996,0.3098590852447944
10,30207,2024-05-19,2024,,レノファ山口FC,藤枝MYFC,H,A,0.5318714623671054,0.30410898566923944,0.16401955196365522
10,30208,2024-05-19,2024,,栃木SC,仙台,A,H,0.33065163304177236,0.2712143759175342,0.3981339910406935
10,30572,2024-05-19,2024,,町田,東京V,H,A,0.48978576635102494,0.18899548044521058,0.3212187532037646
10,30573,2024-05-19,2024,,磐田,浦和,D,A,0.5396302240207989,0.24740654184094915,0.21296323413825202
10,30574,2024-05-19,2024,,京都,広島,A,D,0.14886886716451925,0.4585556951239053,0.39257543771157544
10,30575,2024-05-19,2024,,鹿島,神戸,H,H,0.29679305970365577,0.22539631361650211,0.4778106266798421
10,30576,2024-05-19,2024,,FC東京,横浜FM,D,H,0.4292122800871929,0.12733551445115834,0.44345220546164876
10,30577,2024-05-19,2024,,G大阪,川崎F,H,H,0.3690731532548472,0.25839610463507057,0.37253074211008225
10,30578,2024-05-19,2024,,柏,札幌,H,H,0.22031522559853062,0.2717091221197398,0.5079756522817296
10,30579,2024-05-19,2024,,湘南,新潟,H,H,0.328401290255154,0.24463589561215215,0.4269628141326939
10,30209,2024-05-25,2024,,愛媛FC,栃木SC,D,D,0.2764435936064022,0.36602470704539386,0.35753169934820395
10,30210,2024-05-25,2024,,藤枝MYFC,鹿児島ユナイテッドFC,D,A,0.44795012535039297,0.27808774474262676,0.2739621299069803
10,30212,2024-05-25,2024,,V・ファーレン長崎,千葉,H,H,0.3291848086664801,0.16178275033881023,0.5090324409947098
10,30213,2024-05-25,2024,,甲府,横浜FC,A,D,0.30722684991282867,0.3506756688407369,0.34209748124643446
10,30580,2024-05-25,2024,,札幌,鹿島,A,D,0.3849990050915463,0.43081738358307803,0.18418361132537553
10,30581,2024-05-25,2024,,磐田,湘南,H,D,0.25307694437838485,0.43610588609636036,0.31081716952525484
10,30582,2024-05-25,2024,,川崎F,柏,D,A,0.44712017498148354,0.2177009232268902,0.3351789017916262
10,30584,2024-05-25,2024,,新潟,福岡,A,H,0.26869789993115273,0.30208353355351003,0.42921856651533724
10,30214,2024-05-26,2024,,仙台,岡山,A,H,0.27940114373461944,0.3084232381144027,0.4121756181509779
10,30215,2024-05-26,2024,,秋田,群馬,D,H,0.2535049171030608,0.27462274602928977,0.47187233686764957
10,30216,2024-05-26,2024,,いわきFC,徳島,D,H,0.25126535206406425,0.3172935374952359,0.4314411104406999
10,30217,2024-05-26,2024,,清水,水戸,H,H,0.33977100200351956,0.2984387094471886,0.36179028854929185
10,30218,2024-05-26,2024,,熊本,山形,A,A,0.3826086073990572,0.3124990650431633,0.3048923275577795
10,30219,2024-05-26,2024,,大分,レノファ山口FC,D,H,0.3106466900831243,0.2928032407231126,0.3965500691937632
10,30585,2024-05-26,2024,,神戸,東京V,A,H,0.2590501904927273,0.22410251790376215,0.5168472916035105
10,30586,2024-05-26,2024,,FC東京,G大阪,A,H,0.36831354485121054,0.12431394494065529,0.5073725102081341
10,30587,2024-05-26,2024,,名古屋,京都,D,A,0.375831240597783,0.29887450088144113,0.3252942585207758
10,30588,2024-05-26,2024,,C大阪,広島,D,D,0.24893336508747058,0.5574757793266645,0.19359085558586503
10,30589,2024-05-26,2024,,浦和,町田,A,H,0.3530002908094139,0.243668528304336,0.40333118088625014
10,30511,2024-05-29,2024,,横浜FM,柏,H,A,0.5503956655099874,0.09888204465184613,0.3507222898381664
10,30590,2024-05-31,2024,,鳥栖,FC東京,A,A,0.5795633047548302,0.19860211794520688,0.22183457729996295
10,29809,2024-06-01,2024,,大宮,AC長野パルセイロ,H,D,0.2278409536540831,0.4010253772972228,0.37113366904869416
10,29810,2024-06-01,2024,,松本山雅FC,FC今治,A,H,0.34912121052427425,0.210858536407661,0.44002025306806475
10,30220,2024-06-01,2024,,藤枝MYFC,甲府,H,D,0.24936191964422721,0.38066367925116573,0.36997440110460705
10,30221,2024-06-01,2024,,大分,徳島,A,A,0.3624121754334772,0.3274082484597484,0.3101795761067744
10,30222,2024-06-01,2024,,千葉,岡山,H,H,0.3283612866418438,0.23492074321121784,0.4367179701469384
10,30223,2024-06-01,2024,,横浜FC,愛媛FC,H,H,0.26313854135624215,0.2972292698799286,0.4396321887638292
10,30591,2024-06-01,2024,,広島,磐田,H,A,0.42969229455157887,0.24179252248751232,0.32851518296090876
10,30592,2024-06-01,2024,,鹿島,横浜FM,H,H,0.2765893401536973,0.3296800979119466,0.3937305619343561
10,30593,2024-06-01,2024,,町田,新潟,A,H,0.3651198842739562,0.16631866833963085,0.4685614473864129
10,30594,2024-06-01,2024,,湘南,G大阪,A,A,0.3901072957721839,0.3751623529361634,0.2347303512916527
10,30595,2024-06-01,2024,,浦和,神戸,D,H,0.3686549909998171,0.21136860912327826,0.4199763998769046
10,30596,2024-06-01,2024,,京都,C大阪,D,H,0.26666755477844606,0.23872174381918898,0.494610701402365
10,29811,2024-06-02,2024,,ヴァンラーレ八戸,ツエーゲン金沢,D,D,0.23392866163904757,0.5230413725415378,0.24302996581941472
10,29812,2024-06-02,2024,,福島ユナイテッドFC,カマタマーレ讃岐,A,H,0.3177357066514459,0.25170349915177576,0.4305607941967784
10,29813,2024-06-02,2024,,Y.S.C.C.横浜,テゲバジャーロ宮崎,A,H,0.3646664650652799,0.2520788240111026,0.38325471092361746
10,29814,2024-06-02,2024,,SC相模原,いわてグルージャ盛岡,H,A,0.3843246118070521,0.2828860783253335,0.33278930986761446
10,29815,2024-06-02,2024,,アスルクラロ沼津,富山,H,A,0.4194132871071756,0.20473177543618679,0.3758549374566375
10,29816,2024-06-02,2024,,ギラヴァンツ北九州,ガイナーレ鳥取,H,D,0.27782326606295327,0.39774630840446534,0.3244304255325815
10,29817,2024-06-02,2024,,FC大阪,奈良クラブ,D,A,0.4617603940550802,0.34308227336209873,0.19515733258282117
10,29818,2024-06-02,2024,,FC岐阜,FC琉球,D,D,0.3231605563059419,0.37657814870181144,0.3002612949922467
10,30224,2024-06-02,2024,,いわきFC,仙台,A,A,0.42957536127960133,0.2480245099974994,0.32240012872289936
10,30225,2024-06-02,2024,,水戸,V・ファーレン長崎,A,H,0.2881200405547164,0.3225579841208039,0.38932197532447965
10,30226,2024-06-02,2024,,群馬,山形,D,H,0.34655275924862994,0.2870741444661145,0.3663730962852556
10,30227,2024-06-02,2024,,レノファ山口FC,清水,H,D,0.31568683459531627,0.4517341125281718,0.232579052876512
10,30228,2024-06-02,2024,,鹿児島ユナイテッドFC,秋田,D,A,0.36777803031852857,0.36773381834335034,0.26448815133812115
10,30229,2024-06-02,2024,,栃木SC,熊本,A,A,0.3988214121103592,0.3500434357005735,0.2511351521890673
10,30597,2024-06-02,2024,,東京V,札幌,H,H,0.286429883358948,0.23337304074100915,0.48019707590004296
10,30598,2024-06-02,2024,,川崎F,名古屋,H,D,0.3130662019852567,0.43199710289798776,0.25493669511675554
10,30599,2024-06-02,2024,,柏,福岡,A,A,0.545040544425234,0.16332892005289967,0.2916305355218663
10,29819,2024-06-08,2024,,AC長野パルセイロ,Y.S.C.C.横浜,H,H,0.21681679284755928,0.33459661033606053,0.4485865968163802
10,29820,2024-06-08,2024,,奈良クラブ,SC相模原,H,A,0.40489815224736203,0.2281140951235994,0.36698775262903854
10,29821,2024-06-08,2024,,FC琉球,FC今治,H,H,0.3968519856086524,0.1552210286940434,0.4479269856973041
10,29822,2024-06-08,2024,,FC岐阜,アスルクラロ沼津,A,D,0.3906335833794121,0.459808791564686,0.14955762505590192
10,29823,2024-06-08,2024,,ガイナーレ鳥取,松本山雅FC,A,H,0.3947269182822889,0.20635427697220265,0.39891880474550856
10,30230,2024-06-08,2024,,秋田,熊本,D,H,0.2208171708722851,0.34057873067790007,0.43860409844981485
10,30231,2024-06-08,2024,,甲府,仙台,D,A,0.5145423147213418,0.2178004908115217,0.2676571944671365
10,30232,2024-06-08,2024,,清水,藤枝MYFC,H,H,0.28916398327223675,0.355341934102206,0.3554940826255573
10,30233,2024-06-08,2024,,徳島,横浜FC,A,D,0.32950029242541495,0.41675771686182383,0.25374199071276116
10,30234,2024-06-08,2024,,愛媛FC,水戸,H,H,0.36871067683615893,0.2323283343665398,0.3989609887973012
10,30235,2024-06-08,2024,,栃木SC,群馬,D,H,0.2659812014311718,0.19847065201138084,0.5355481465574474
10,30236,2024-06-08,2024,,レノファ山口FC,千葉,A,H,0.3450978200492648,0.3083468833324546,0.3465552966182806
10,29824,2024-06-09,2024,,福島ユナイテッドFC,ヴァンラーレ八戸,H,H,0.1761958983594911,0.14497676995515033,0.6788273316853587
10,29826,2024-06-09,2024,,ツエーゲン金沢,大宮,A,H,0.25316200643207337,0.27729508234332734,0.4695429112245993
10,29827,2024-06-09,2024,,カマタマーレ讃岐,FC大阪,A,A,0.4628189933430997,0.1396164470777993,0.3975645595791011
10,29828,2024-06-09,2024,,テゲバジャーロ宮崎,ギラヴァンツ北九州,D,A,0.446428555402979,0.2920745424784556,0.2614969021185655
10,30237,2024-06-09,2024,,山形,大分,D,H,0.32612566929883363,0.22954334488918263,0.44433098581198366
10,30239,2024-06-09,2024,,岡山,鹿児島ユナイテッドFC,D,D,0.3119416990855084,0.4267708822110284,0.2612874187034632
10,29829,2024-06-15,2024,,Y.S.C.C.横浜,FC岐阜,A,A,0.5663098818635567,0.2770650072655778,0.1566251108708655
10,29838,2024-06-15,2024,,FC大阪,ガイナーレ鳥取,H,H,0.2171663780544839,0.3680394531820469,0.41479416876346925
10,30240,2024-06-15,2024,,藤枝MYFC,横浜FC,A,D,0.35000742162226167,0.4050659922536332,0.24492658612410512
10,30241,2024-06-15,2024,,鹿児島ユナイテッドFC,山形,H,H,0.37874001593247897,0.22562466696323258,0.3956353171042884
10,30600,2024-06-15,2024,,横浜FM,町田,A,H,0.26557700859931904,0.2490557777657719,0.4853672136349091
10,30601,2024-06-15,2024,,広島,東京V,H,A,0.4216832294233039,0.3189125324840449,0.2594042380926513
10,30602,2024-06-15,2024,,京都,札幌,H,H,0.37810008480798984,0.15542672727563392,0.46647318791637626
10,30603,2024-06-15,2024,,C大阪,浦和,H,H,0.29576090190975735,0.2937011742465973,0.4105379238436454
10,29830,2024-06-16,2024,,ヴァンラーレ八戸,テゲバジャーロ宮崎,D,D,0.33534182672286683,0.4116581205299055,0.2530000527472277
10,29831,2024-06-16,2024,,松本山雅FC,アスルクラロ沼津,H,H,0.219463253517835,0.21784514612360137,0.5626916003585636
10,29832,2024-06-16,2024,,カマタマーレ讃岐,ツエーゲン金沢,A,A,0.3554519903673434,0.3136695169638794,0.33087849266877734
10,29833,2024-06-16,2024,,ギラヴァンツ北九州,奈良クラブ,H,A,0.3865063858714906,0.24749578157732446,0.3659978325511849
10,29834,2024-06-16,2024,,富山,大宮,D,A,0.40070662086059766,0.3447743817029613,0.25451899743644113
10,29835,2024-06-16,2024,,いわてグルージャ盛岡,AC長野パルセイロ,H,H,0.1565703526736036,0.3741951944611179,0.4692344528652786
10,29836,2024-06-16,2024,,FC今治,SC相模原,H,H,0.23961392237625923,0.3717991161045983,0.3885869615191425
10,29837,2024-06-16,2024,,FC琉球,福島ユナイテッドFC,A,D,0.272753409793094,0.3648425408864844,0.36240404932042164
10,30242,2024-06-16,2024,,いわきFC,甲府,D,H,0.2790947181419377,0.2925539270498828,0.42835135480817954
10,30243,2024-06-16,2024,,水戸,秋田,H,A,0.344982977478304,0.3420608544685662,0.31295616805312987
10,30244,2024-06-16,2024,,仙台,V・ファーレン長崎,D,A,0.4507112224115912,0.2914130535755902,0.25787572401281866
10,30245,2024-06-16,2024,,愛媛FC,清水,H,A,0.4733602657952355,0.32475418108533516,0.2018855531194293
10,30246,2024-06-16,2024,,熊本,岡山,A,D,0.22815632203093802,0.4105945489571812,0.3612491290118808
10,30247,2024-06-16,2024,,大分,栃木SC,A,D,0.31116374449379514,0.4003395950985402,0.28849666040766464
10,30248,2024-06-16,2024,,群馬,レノファ山口FC,A,A,0.502588809228949,0.2856383087337621,0.2117728820372888
10,30249,2024-06-16,2024,,千葉,徳島,H,H,0.28766782612761876,0.23763435039131975,0.47469782348106143
10,30604,2024-06-16,2024,,神戸,川崎F,H,D,0.26012665861124906,0.4133972861837045,0.3264760552050464
10,30605,2024-06-16,2024,,福岡,鳥栖,H,H,0.3231895022948527,0.33602930341857595,0.3407811942865712
10,30606,2024-06-16,2024,,鹿島,新潟,D,D,0.32993022894613855,0.3685400884560075,0.3015296825978539
10,30607,2024-06-16,2024,,FC東京,磐田,D,H,0.2629531109153778,0.2642169687852925,0.47282992029932974
10,30608,2024-06-16,2024,,名古屋,湘南,D,A,0.5256202064116856,0.32033679866606646,0.15404299492224796
10,30609,2024-06-16,2024,,G大阪,柏,H,D,0.15482572292314484,0.5558897379685711,0.2892845391082842
10,30550,2024-06-19,2024,,横浜FM,広島,H,D,0.13772959925665157,0.5636332662141984,0.29863713452915003
11,29839,2024-06-22,2024,,いわてグルージャ盛岡,FC今治,D,H,0.2460737002969565,0.3312935625473044,0.42263273715573924
11,29840,2024-06-22,2024,,SC相模原,松本山雅FC,H,H,0.24797837395517938,0.3357025731189438,0.4163190529258768
11,29841,2024-06-22,2024,,AC長野パルセイロ,富山,A,D,0.28298109482623296,0.4303122689905902,0.2867066361831769
11,29842,2024-06-22,2024,,大宮,FC琉球,H,D,0.3132937561078607,0.421229694714907,0.26547654917723235
11,29843,2024-06-22,2024,,ガイナーレ鳥取,FC岐阜,A,A,0.5972180487227502,0.22972980074525198,0.17305215053199785
11,29844,2024-06-22,2024,,テゲバジャーロ宮崎,カマタマーレ讃岐,D,D,0.24740092824711124,0.4078040296442307,0.34479504210865797
11,30250,2024-06-22,2024,,山形,仙台,D,A,0.4870749545391458,0.26562453754793597,0.24730050791291827
11,30251,2024-06-22,2024,,横浜FC,熊本,H,A,0.3814380669142794,0.30133393544377407,0.3172279976419465
11,30252,2024-06-22,2024,,甲府,愛媛FC,A,A,0.44326615219316334,0.26138023184851666,0.29535361595832
11,30253,2024-06-22,2024,,栃木SC,千葉,H,H,0.33445422357620774,0.2901334446910601,0.3754123317327322
11,30254,2024-06-22,2024,,岡山,群馬,H,H,0.2218899756855351,0.38744458695416534,0.3906654373602996
11,30255,2024-06-22,2024,,レノファ山口FC,いわきFC,A,A,0.3743811885821046,0.3142048810482819,0.31141393036961346
11,30256,2024-06-22,2024,,V・ファーレン長崎,藤枝MYFC,H,D,0.17119725152037713,0.42696813515939247,0.40183461332023046
11,30257,2024-06-22,2024,,鹿児島ユナイテッドFC,大分,H,A,0.42436753355076595,0.2593387889207166,0.31629367752851745
11,30610,2024-06-22,2024,,町田,福岡,D,D,0.31931624142179643,0.34916967137695903,0.33151408720124464
11,30611,2024-06-22,2024,,東京V,名古屋,H,H,0.3805005265306708,0.2149823480327895,0.4045171254365397
11,30612,2024-06-22,2024,,新潟,川崎F,D,D,0.32764236629978294,0.3471807379498537,0.3251768957503634
11,30613,2024-06-22,2024,,浦和,鹿島,D,H,0.2634807833791428,0.3466023547669817,0.3899168618538756
11,30614,2024-06-22,2024,,柏,広島,A,D,0.1848857697240041,0.4892959955462051,0.32581823472979077
11,30615,2024-06-22,2024,,湘南,FC東京,A,A,0.45794114651321477,0.33519795886541837,0.20686089462136686
11,30616,2024-06-22,2024,,磐田,C大阪,D,D,0.23224887074793357,0.5758957852221627,0.19185534402990365
11,30617,2024-06-22,2024,,G大阪,神戸,H,D,0.28868933987672896,0.3644967171062627,0.3468139430170083
11,30618,2024-06-22,2024,,鳥栖,京都,H,H,0.23844795543836006,0.21447328959210177,0.5470787549695382
11,29845,2024-06-23,2024,,ヴァンラーレ八戸,Y.S.C.C.横浜,H,H,0.1715799561273818,0.38944595789242203,0.4389740859801961
11,29846,2024-06-23,2024,,福島ユナイテッドFC,FC大阪,H,H,0.1318327126323372,0.3575436229116547,0.5106236644560082
11,29847,2024-06-23,2024,,ツエーゲン金沢,ギラヴァンツ北九州,D,D,0.33477096314466204,0.3893128695660816,0.27591616728925644
11,29848,2024-06-23,2024,,アスルクラロ沼津,奈良クラブ,H,A,0.6127386411267374,0.16848491605356639,0.2187764428196962
11,30258,2024-06-23,2024,,秋田,清水,H,D,0.3282915267841107,0.3462186450166914,0.3254898281991979
11,30259,2024-06-23,2024,,徳島,水戸,H,H,0.3278027140288636,0.24025200997780488,0.4319452759933316
11,30619,2024-06-23,2024,,札幌,横浜FM,A,A,0.5221082809372278,0.28733997486383445,0.19055174419893783
11,29825,2024-06-26,2024,,富山,いわてグルージャ盛岡,H,D,0.2998961396188256,0.3616337667400877,0.33847009364108677
11,30238,2024-06-26,2024,,V・ファーレン長崎,いわきFC,H,D,0.23870775417699203,0.39858358091519525,0.3627086649078127
11,30620,2024-06-26,2024,,鹿島,G大阪,D,H,0.23666596388346134,0.27207274219127037,0.49126129392526835
11,30621,2024-06-26,2024,,FC東京,札幌,H,A,0.3404882124109607,0.3373478941308861,0.32216389345815316
11,30622,2024-06-26,2024,,川崎F,湘南,D,H,0.38547010970392775,0.22210666833053355,0.39242322196553875
11,30623,2024-06-26,2024,,磐田,東京V,H,A,0.46374004470638364,0.24080518775796791,0.2954547675356485
11,30624,2024-06-26,2024,,名古屋,浦和,A,A,0.3751836696471574,0.3622016834533041,0.2626146468995385
11,30625,2024-06-26,2024,,京都,柏,D,D,0.2093146960817808,0.4533250084877434,0.3373602954304758
11,30626,2024-06-26,2024,,C大阪,鳥栖,H,H,0.28204105791199546,0.2831757781990441,0.4347831638889604
11,30627,2024-06-26,2024,,神戸,町田,D,A,0.4177779309339179,0.3173996789369835,0.26482239012909864
11,30628,2024-06-26,2024,,広島,新潟,D,D,0.3147737354782114,0.4271199669641501,0.2581062975576386
11,30629,2024-06-26,2024,,福岡,横浜FM,H,A,0.358052139014277,0.3337399247830725,0.3082079362026506
11,29849,2024-06-29,2024,,松本山雅FC,AC長野パルセイロ,D,H,0.1467827940373222,0.27984506651163293,0.5733721394510448
11,29850,2024-06-29,2024,,FC大阪,テゲバジャーロ宮崎,H,H,0.4161344646378559,0.15727926301551978,0.4265862723466242
11,29851,2024-06-29,2024,,Y.S.C.C.横浜,アスルクラロ沼津,H,H,0.2059423454937,0.3710725109492433,0.4229851435570566
11,29852,2024-06-29,2024,,富山,SC相模原,D,H,0.33976829344415727,0.30190588497368254,0.35832582158216025
11,29853,2024-06-29,2024,,奈良クラブ,ガイナーレ鳥取,D,D,0.29392599841810324,0.41439717370863366,0.2916768278732631
11,29854,2024-06-29,2024,,ギラヴァンツ北九州,福島ユナイテッドFC,H,D,0.2956296395819665,0.4081457741246327,0.29622458629340087
11,29855,2024-06-29,2024,,大宮,いわてグルージャ盛岡,H,A,0.46319030536725353,0.12321317394077802,0.41359652069196845
11,29856,2024-06-29,2024,,FC岐阜,ヴァンラーレ八戸,A,H,0.35561631945803723,0.2850216851072644,0.3593619954346983
11,30260,2024-06-29,2024,,いわきFC,横浜FC,A,H,0.3305311633405783,0.2930721133670644,0.3763967232923573
11,30261,2024-06-29,2024,,水戸,レノファ山口FC,D,D,0.3458417698958189,0.5294022890364407,0.12475594106774038
11,30262,2024-06-29,2024,,熊本,愛媛FC,H,A,0.44594149990874066,0.16995881214175323,0.3840996879495061
11,30263,2024-06-29,2024,,仙台,栃木SC,H,A,0.36285675119392613,0.3185981033316801,0.31854514547439383
11,30264,2024-06-29,2024,,群馬,藤枝MYFC,A,H,0.34683577688987155,0.28987798934523495,0.36328623376489355
11,30265,2024-06-29,2024,,徳島,V・ファーレン長崎,D,A,0.4698302387858799,0.25706605793392107,0.27310370328019895
11,30266,2024-06-29,2024,,大分,甲府,D,D,0.3712789428276528,0.37426363165966997,0.2544574255126772
11,30630,2024-06-29,2024,,札幌,新潟,A,A,0.3398361236104572,0.33286578290597657,0.32729809348356625
11,30631,2024-06-29,2024,,川崎F,広島,D,H,0.22854927334793324,0.3697324082760942,0.40171831837597266
11,30632,2024-06-29,2024,,横浜FM,東京V,A,D,0.2493075330128636,0.42032470027261726,0.33036776671451923
11,29857,2024-06-30,2024,,FC今治,カマタマーレ讃岐,H,H,0.25881227864418144,0.3196662892991581,0.42152143205666054
11,29858,2024-06-30,2024,,FC琉球,ツエーゲン金沢,A,D,0.3371599942894733,0.37773550979371295,0.2851044959168138
11,30267,2024-06-30,2024,,秋田,山形,A,A,0.4582187673878097,0.38461232343222407,0.1571689091799663
11,30268,2024-06-30,2024,,清水,岡山,H,D,0.37682320062485186,0.38034803717729965,0.24282876219784855
11,30269,2024-06-30,2024,,千葉,鹿児島ユナイテッドFC,H,D,0.27212686841399375,0.47650810809128674,0.2513650234947195
11,30633,2024-06-30,2024,,G大阪,町田,A,H,0.31025255593246764,0.20314371945525758,0.48660372461227475
11,30634,2024-06-30,2024,,C大阪,名古屋,H,D,0.29278087566626415,0.3891347005296991,0.3180844238040368
11,30635,2024-06-30,2024,,浦和,磐田,H,D,0.17884909846554808,0.4972475222612571,0.3239033792731948
11,30636,2024-06-30,2024,,FC東京,福岡,A,A,0.5056146756655299,0.21844946478834965,0.2759358595461205
11,30637,2024-06-30,2024,,湘南,京都,A,A,0.40399942051734794,0.3618400916607249,0.23416048782192717
11,30638,2024-06-30,2024,,神戸,鹿島,H,A,0.39490556748133504,0.3893232298979476,0.21577120262071736
11,30639,2024-06-30,2024,,鳥栖,柏,A,H,0.3256902079745376,0.2883902238209152,0.3859195682045472
11,30583,2024-07-03,2024,,横浜FM,鳥栖,A,A,0.3912795242315578,0.3219373726100528,0.28678310315838934
11,30640,2024-07-05,2024,,広島,神戸,A,A,0.5010905228976025,0.2566915215443792,0.24221795555801842
11,29859,2024-07-06,2024,,ヴァンラーレ八戸,松本山雅FC,H,A,0.5598696514780838,0.1752110434540059,0.26491930506791045
11,29860,2024-07-06,2024,,いわてグルージャ盛岡,SC相模原,A,A,0.45330012713178763,0.40564099833535816,0.14105887453285426
11,29861,2024-07-06,2024,,ツエーゲン金沢,AC長野パルセイロ,H,H,0.232784120151781,0.3428830116631856,0.4243328681850336
11,29862,2024-07-06,2024,,アスルクラロ沼津,大宮,H,A,0.4679477431055776,0.24626259378664986,0.28578966310777254
11,29863,2024-07-06,2024,,FC大阪,富山,D,H,0.25723182518561194,0.26035094453067587,0.4824172302837122
11,29864,2024-07-06,2024,,ガイナーレ鳥取,ギラヴァンツ北九州,A,A,0.37321920083940874,0.32811620114108125,0.2986645980195101
11,29865,2024-07-06,2024,,テゲバジャーロ宮崎,FC岐阜,A,A,0.40797532739298226,0.28803647703729585,0.30398819556972184
11,30270,2024-07-06,2024,,いわきFC,大分,A,H,0.20030441216649886,0.30165518013304066,0.4980404077004605
11,30271,2024-07-06,2024,,横浜FC,秋田,H,A,0.42834221089786223,0.25775370136501613,0.31390408773712164
11,30272,2024-07-06,2024,,甲府,徳島,A,H,0.2484484828753599,0.3402366818061488,0.4113148353184914
11,30273,2024-07-06,2024,,藤枝MYFC,水戸,H,D,0.3049656212459819,0.5286748813138087,0.1663594974402094
11,30274,2024-07-06,2024,,清水,千葉,H,D,0.3481793627801635,0.4282818102592474,0.22353882696058924
11,30275,2024-07-06,2024,,山形,栃木SC,H,A,0.4153333346855721,0.19934351267055064,0.3853231526438771
11,30276,2024-07-06,2024,,岡山,仙台,H,A,0.4842160894144813,0.23048689934165908,0.2852970112438596
11,30277,2024-07-06,2024,,レノファ山口FC,鹿児島ユナイテッドFC,H,A,0.43910747443940645,0.3081849376122254,0.2527075879483683
11,30278,2024-07-06,2024,,V・ファーレン長崎,熊本,H,H,0.2206289313977977,0.24938354439899255,0.5299875242032097
11,30641,2024-07-06,2024,,鹿島,札幌,H,D,0.23777886943235663,0.4803806920571819,0.28184043851046137
11,30642,2024-07-06,2024,,東京V,C大阪,D,H,0.4181869211766059,0.14668151395102008,0.435131564872374
11,30643,2024-07-06,2024,,町田,名古屋,H,A,0.4544846769833109,0.2788447184638378,0.2666706045528512
11,30644,2024-07-06,2024,,浦和,湘南,A,D,0.21694803915605426,0.44050336021238473,0.342548600631561
11,30645,2024-07-06,2024,,新潟,鳥栖,A,D,0.286443305937412,0.37294968801179645,0.34060700605079164
11,30646,2024-07-06,2024,,柏,FC東京,H,D,0.12227678080985804,0.6175246389489663,0.26019858024117576
11,30647,2024-07-06,2024,,磐田,川崎F,D,D,0.21082369077318447,0.47280716022483343,0.3163691490019821
11,30648,2024-07-06,2024,,G大阪,横浜FM,H,H,0.3197925923952087,0.3326910339554342,0.34751637364935706
11,29866,2024-07-07,2024,,福島ユナイテッドFC,FC今治,A,H,0.27139546282196214,0.34048641944063707,0.38811811773740085
11,29867,2024-07-07,2024,,奈良クラブ,Y.S.C.C.横浜,D,D,0.3289900167330682,0.36998311327965233,0.30102686998727946
11,29868,2024-07-07,2024,,カマタマーレ讃岐,FC琉球,A,A,0.4454854204427629,0.284285437210496,0.2702291423467412
11,30279,2024-07-07,2024,,愛媛FC,群馬,A,D,0.28098080506331147,0.4199610433704642,0.29905815156622423
11,30649,2024-07-07,2024,,福岡,京都,A,A,0.6126653222591243,0.19488602272289812,0.19244865501797767
11,29869,2024-07-13,2024,,ヴァンラーレ八戸,ガイナーレ鳥取,H,A,0.4114692291620436,0.2899690592133244,0.29856171162463196
11,29870,2024-07-13,2024,,Y.S.C.C.横浜,福島ユナイテッドFC,H,D,0.33421558870640095,0.3367994947438181,0.3289849165497809
11,29871,2024-07-13,2024,,SC相模原,アスルクラロ沼津,H,D,0.2663470058753038,0.4088388678761459,0.32481412624855033
11,29872,2024-07-13,2024,,AC長野パルセイロ,いわてグルージャ盛岡,D,H,0.3471484456406353,0.2561831211791254,0.3966684331802393
11,29873,2024-07-13,2024,,富山,FC琉球,H,A,0.39691711914047945,0.38855807038398416,0.21452481047553645
11,29874,2024-07-13,2024,,大宮,カマタマーレ讃岐,H,A,0.4283077604217839,0.2288796135941574,0.34281262598405865
11,29875,2024-07-13,2024,,FC岐阜,奈良クラブ,D,A,0.5943219225840067,0.1884835689511265,0.21719450846486688
11,30280,2024-07-13,2024,,藤枝MYFC,愛媛FC,A,H,0.1820789401455278,0.316622376512975,0.5012986833414973
11,30281,2024-07-13,2024,,鹿児島ユナイテッドFC,群馬,D,D,0.23600106694088338,0.5790637416393868,0.1849351914197298
11,30650,2024-07-13,2024,,札幌,神戸,D,A,0.3598295728941865,0.3074414550820858,0.3327289720237277
11,30651,2024-07-13,2024,,FC東京,新潟,H,H,0.14975741836410023,0.3597233987820899,0.49051918285380985
11,29876,2024-07-14,2024,,松本山雅FC,FC大阪,H,D,0.2623278700626894,0.5228554368910252,0.2148166930462855
11,29877,2024-07-14,2024,,ギラヴァンツ北九州,テゲバジャーロ宮崎,H,H,0.2972587792879831,0.34441085735307914,0.35833036335893775
11,29878,2024-07-14,2024,,FC今治,ツエーゲン金沢,H,A,0.4555042215579176,0.3329215933088733,0.21157418513320925
11,30282,2024-07-14,2024,,秋田,レノファ山口FC,H,A,0.47022679521008354,0.3900159633279541,0.13975724146196244
11,30283,2024-07-14,2024,,水戸,横浜FC,D,A,0.6103228301397857,0.15749410662812222,0.2321830632320922
11,30284,2024-07-14,2024,,甲府,V・ファーレン長崎,D,A,0.39400167852559775,0.2629514226881821,0.34304689878622024
11,30285,2024-07-14,2024,,山形,いわきFC,A,H,0.27668509858956253,0.29845095020305523,0.42486395120738235
11,30286,2024-07-14,2024,,栃木SC,岡山,D,A,0.3558920416784813,0.3119888097500146,0.33211914857150404
11,30287,2024-07-14,2024,,千葉,熊本,A,H,0.15104582174218997,0.31227820777048015,0.53667597048733
11,30288,2024-07-14,2024,,徳島,仙台,H,H,0.27975803886749023,0.17574889511532193,0.5444930660171878
11,30289,2024-07-14,2024,,大分,清水,A,A,0.6157076998005326,0.1920029830625815,0.19228931713688588
11,30652,2024-07-14,2024,,東京V,町田,A,A,0.3716841985754598,0.3191133218490279,0.3092024795755123
11,30653,2024-07-14,2024,,名古屋,柏,H,H,0.2609042566550987,0.3242707444359041,0.4148249989089972
11,30654,2024-07-14,2024,,広島,福岡,H,A,0.5268736361523185,0.1113744605580653,0.36175190328961626
11,30655,2024-07-14,2024,,川崎F,C大阪,D,H,0.2500391096160577,0.2271553429332765,0.5228055474506658
11,30656,2024-07-14,2024,,湘南,磐田,H,D,0.22078079713798654,0.39995814782455164,0.3792610550374618
11,30657,2024-07-14,2024,,京都,浦和,D,D,0.32257831639886475,0.3668935954070741,0.31052808819406125
11,30658,2024-07-14,2024,,鳥栖,G大阪,A,H,0.2818219767038527,0.16116602069311894,0.5570120026030284
11,30659,2024-07-14,2024,,横浜FM,鹿島,H,A,0.42881271299399815,0.23312830961833983,0.3380589773876621
11,29879,2024-07-20,2024,,福島ユナイテッドFC,テゲバジャーロ宮崎,H,D,0.30229768060067413,0.42036224621496227,0.2773400731843636
11,29880,2024-07-20,2024,,AC長野パルセイロ,FC今治,A,D,0.35930398225942634,0.46616197943324106,0.1745340383073326
11,29881,2024-07-20,2024,,ツエーゲン金沢,ヴァンラーレ八戸,H,D,0.35412829351294023,0.4940349231854507,0.15183678330160905
11,29882,2024-07-20,2024,,アスルクラロ沼津,FC岐阜,H,A,0.5319794980582258,0.21774010489251133,0.25028039704926286
11,29883,2024-07-20,2024,,FC大阪,大宮,D,A,0.5015105002308685,0.29425368848893374,0.20423581128019772
11,29884,2024-07-20,2024,,ギラヴァンツ北九州,松本山雅FC,D,D,0.24868070535479708,0.3840260655623388,0.3672932290828641
11,29885,2024-07-20,2024,,ガイナーレ鳥取,Y.S.C.C.横浜,D,H,0.2920018019286288,0.24775374622146593,0.4602444518499053
11,30660,2024-07-20,2024,,鹿島,FC東京,H,H,0.2928085888674705,0.19016084795735266,0.5170305631751768
11,30661,2024-07-20,2024,,町田,横浜FM,A,H,0.400178995388133,0.17312399559702546,0.4266970090148416
11,30662,2024-07-20,2024,,浦和,札幌,A,H,0.14684167745476795,0.20929604621869932,0.6438622763265327
11,30663,2024-07-20,2024,,柏,川崎F,A,A,0.3951483246649379,0.29774953440859975,0.3071021409264624
11,30664,2024-07-20,2024,,磐田,京都,A,D,0.3810056777984222,0.4967532400403035,0.12224108216127437
11,30665,2024-07-20,2024,,G大阪,湘南,A,D,0.26500565507169893,0.44613756907376506,0.2888567758545361
11,30666,2024-07-20,2024,,C大阪,新潟,A,H,0.21062839219261953,0.3541458287404184,0.43522577906696214
11,30667,2024-07-20,2024,,神戸,名古屋,D,D,0.2307235262849463,0.4061848510709559,0.36309162264409783
11,30668,2024-07-20,2024,,福岡,東京V,A,D,0.34543682953208216,0.45616955522166713,0.19839361524625063
11,29886,2024-07-21,2024,,いわてグルージャ盛岡,富山,A,D,0.22272608149002643,0.42004669694980906,0.3572272215601645
11,29887,2024-07-21,2024,,カマタマーレ讃岐,SC相模原,D,A,0.431764273134922,0.232780830740565,0.335454896124513
11,29888,2024-07-21,2024,,FC琉球,奈良クラブ,A,A,0.5786433359634432,0.17924850088020217,0.2421081631563547
11,30669,2024-07-21,2024,,鳥栖,広島,A,D,0.34074367542112555,0.41222445538990055,0.24703186918897388
11,29889,2024-07-27,2024,,Y.S.C.C.横浜,ヴァンラーレ八戸,D,D,0.3571371330534456,0.40882958309031125,0.23403328385624322
11,29890,2024-07-27,2024,,SC相模原,ツエーゲン金沢,A,H,0.3192723092930314,0.21107078106940994,0.4696569096375587
11,29891,2024-07-27,2024,,富山,AC長野パルセイロ,H,H,0.24975175603676616,0.2664115688432847,0.48383667511994916
11,29892,2024-07-27,2024,,FC大阪,カマタマーレ讃岐,A,D,0.32857055652927697,0.3367036477253664,0.33472579574535666
11,29893,2024-07-27,2024,,奈良クラブ,アスルクラロ沼津,A,H,0.3463740418147519,0.2857158364606165,0.3679101217246317
11,29894,2024-07-27,2024,,松本山雅FC,福島ユナイテッドFC,D,H,0.17346801526588454,0.2670979130770963,0.5594340716570192
11,29895,2024-07-27,2024,,FC今治,いわてグルージャ盛岡,H,H,0.20982022938874026,0.31501017458334046,0.4751695960279193
11,29896,2024-07-27,2024,,テゲバジャーロ宮崎,大宮,A,A,0.4929125374078315,0.18830427143663728,0.31878319115553116
11,29897,2024-07-27,2024,,FC琉球,ギラヴァンツ北九州,A,D,0.1851979390314307,0.6190935734968164,0.19570848747175296
11,29898,2024-07-28,2024,,FC岐阜,ガイナーレ鳥取,A,D,0.30746917745624053,0.395058229919146,0.2974725926246135
11,30290,2024-08-03,2024,,横浜FC,千葉,H,H,0.35747475376391197,0.22506160882940104,0.41746363740668696
11,30291,2024-08-03,2024,,仙台,清水,H,A,0.5019940905329603,0.041365743764194655,0.456640165702845
11,30292,2024-08-03,2024,,群馬,甲府,A,A,0.4353413440302935,0.3722120591886603,0.1924465967810462
11,30293,2024-08-03,2024,,岡山,山形,D,H,0.2902076114503843,0.3147300050912058,0.39506238345840994
11,30294,2024-08-03,2024,,レノファ山口FC,大分,H,H,0.27199859083642386,0.32717053967159615,0.40083086949198
11,30295,2024-08-03,2024,,愛媛FC,徳島,A,A,0.5441478876351352,0.13944962384446338,0.3164024885204014
11,30296,2024-08-03,2024,,V・ファーレン長崎,水戸,A,H,0.339375207739144,0.21963227365148766,0.44099251860936833
11,30297,2024-08-03,2024,,熊本,栃木SC,A,H,0.30412527679785867,0.3444816016723257,0.35139312152981567
11,30298,2024-08-03,2024,,鹿児島ユナイテッドFC,藤枝MYFC,A,D,0.2499111250596908,0.50789130807735,0.24219756686295926
11,30299,2024-08-04,2024,,いわきFC,秋田,H,H,0.24608466372766308,0.29147841125750906,0.46243692501482786
11,30670,2024-08-07,2024,,鹿島,鳥栖,H,A,0.35153820693392623,0.3250640227718487,0.323397770294225
11,30671,2024-08-07,2024,,東京V,広島,A,H,0.23168416145715015,0.3242300644829141,0.4440857740599358
11,30672,2024-08-07,2024,,川崎F,神戸,H,H,0.3209257941601917,0.17812599427328876,0.5009482115665196
11,30673,2024-08-07,2024,,湘南,福岡,D,A,0.48722530907212813,0.3362962863144298,0.17647840461344208
11,30674,2024-08-07,2024,,新潟,磐田,D,H,0.21028634991676315,0.2379943595677331,0.5517192905155037
11,30675,2024-08-07,2024,,京都,名古屋,H,D,0.37568079471913196,0.39057091199163013,0.233748293289238
11,30676,2024-08-07,2024,,G大阪,FC東京,D,D,0.3011170780126286,0.43222004587877955,0.2666628761085919
11,30677,2024-08-07,2024,,C大阪,町田,D,D,0.37026187408743677,0.415132092492028,0.21460603342053533
11,30679,2024-08-07,2024,,横浜FM,札幌,H,H,0.13562535636353396,0.3703283120611511,0.4940463315753151
11,30300,2024-08-10,2024,,いわきFC,愛媛FC,H,H,0.20950644117622227,0.31997677245699935,0.4705167863667784
11,30301,2024-08-10,2024,,水戸,仙台,A,A,0.3363057186665935,0.32754177736688367,0.3361525039665229
11,30302,2024-08-10,2024,,横浜FC,V・ファーレン長崎,D,H,0.34760974270385825,0.20435241435389498,0.4480378429422468
11,30303,2024-08-10,2024,,甲府,藤枝MYFC,H,A,0.43087495783871804,0.30663263132371626,0.26249241083756575
11,30304,2024-08-10,2024,,清水,群馬,H,A,0.37350591499785313,0.25827343991391244,0.3682206450882344
11,30305,2024-08-10,2024,,岡山,千葉,D,A,0.43692924913025505,0.25091731585682153,0.3121534350129234
11,30306,2024-08-10,2024,,レノファ山口FC,栃木SC,H,H,0.34278500203656603,0.2979455412980877,0.35926945666534627
11,30680,2024-08-10,2024,,札幌,福岡,D,A,0.4363575416371732,0.20896574809763846,0.3546767102651883
11,30307,2024-08-11,2024,,秋田,鹿児島ユナイテッドFC,H,H,0.2765912823043555,0.16756736610624548,0.5558413515893991
11,30308,2024-08-11,2024,,山形,徳島,H,H,0.30271088376410826,0.30772773945275805,0.3895613767831338
11,30309,2024-08-11,2024,,大分,熊本,H,D,0.31356646042735237,0.3589825793981835,0.3274509601744642
11,30681,2024-08-11,2024,,町田,湘南,A,H,0.3292289122270907,0.33409036685953086,0.33668072091337836
11,30682,2024-08-11,2024,,広島,C大阪,H,A,0.44516030165125337,0.21463131818064302,0.3402083801681036
11,30683,2024-08-11,2024,,柏,G大阪,D,H,0.26836254624826716,0.3064089654327352,0.4252284883189977
11,30684,2024-08-11,2024,,FC東京,川崎F,A,H,0.33469466553607,0.326167843460914,0.33913749100301593
11,30685,2024-08-11,2024,,磐田,鹿島,H,A,0.568778997095996,0.24763085646910651,0.18359014643489746
11,30686,2024-08-11,2024,,名古屋,東京V,H,H,0.2546021337848008,0.3718793347176932,0.373518531497506
11,30687,2024-08-11,2024,,鳥栖,浦和,D,A,0.4714642035802481,0.3055359446385967,0.2229998517811553
11,30688,2024-08-11,2024,,横浜FM,神戸,A,A,0.6535655902107067,0.09224730615730176,0.2541871036319916
11,30689,2024-08-12,2024,,新潟,京都,H,A,0.38924325225790607,0.23653512349832678,0.37422162424376715
11,30690,2024-08-16,2024,,札幌,鳥栖,H,A,0.3667307079465535,0.33444188984522666,0.2988274022082198
11,29899,2024-08-17,2024,,ヴァンラーレ八戸,FC岐阜,H,D,0.30108588582358314,0.4455665170006829,0.2533475971757339
11,29900,2024-08-17,2024,,いわてグルージャ盛岡,アスルクラロ沼津,A,H,0.19629892243966673,0.3568156106175346,0.44688546694279874
11,29901,2024-08-17,2024,,福島ユナイテッドFC,FC琉球,A,H,0.2709113980100674,0.31036100205146677,0.4187275999384658
11,29902,2024-08-17,2024,,Y.S.C.C.横浜,カマタマーレ讃岐,A,D,0.36059370148059533,0.39530281755740276,0.24410348096200196
11,29903,2024-08-17,2024,,AC長野パルセイロ,テゲバジャーロ宮崎,H,D,0.30562453449216853,0.35703495309901645,0.337340512408815
11,29904,2024-08-17,2024,,ギラヴァンツ北九州,富山,H,D,0.3315280371162189,0.397589389993894,0.2708825728898871
11,29905,2024-08-17,2024,,大宮,ツエーゲン金沢,H,H,0.3311396530830104,0.21066614626802424,0.4581942006489654
11,29906,2024-08-17,2024,,松本山雅FC,SC相模原,H,D,0.28523788266953287,0.4613778169833154,0.2533843003471517
11,29907,2024-08-17,2024,,ガイナーレ鳥取,奈良クラブ,H,A,0.4734360634404805,0.2500293395576731,0.27653459700184646
11,29908,2024-08-17,2024,,FC今治,FC大阪,D,H,0.23461914192078226,0.22900510633982404,0.5363757517393937
11,30310,2024-08-17,2024,,清水,甲府,H,H,0.24597254905547583,0.30558674895849414,0.44844070198603003
11,30311,2024-08-17,2024,,仙台,鹿児島ユナイテッドFC,H,H,0.32109155848136095,0.33904608312065454,0.3398623583979845
11,30312,2024-08-17,2024,,山形,V・ファーレン長崎,H,H,0.21635524375172796,0.38908735049301557,0.3945574057552565
11,30313,2024-08-17,2024,,栃木SC,秋田,D,H,0.29873464211062034,0.1575828892012188,0.5436824686881608
11,30314,2024-08-17,2024,,群馬,横浜FC,A,H,0.3823467966767478,0.2271070756001347,0.3905461277231175
11,30315,2024-08-17,2024,,千葉,いわきFC,A,A,0.3888007315703253,0.26048816575302997,0.35071110267664474
11,30316,2024-08-17,2024,,藤枝MYFC,レノファ山口FC,H,A,0.40208246093266853,0.34421629590563874,0.2537012431616928
11,30317,2024-08-17,2024,,徳島,岡山,D,A,0.4827091416855029,0.2969753978354156,0.2203154604790816
11,30318,2024-08-17,2024,,熊本,水戸,A,A,0.4360062946684519,0.3451670268218186,0.2188266785097295
11,30691,2024-08-17,2024,,鹿島,浦和,D,D,0.2562657691073526,0.411604638113302,0.33212959277934534
11,30692,2024-08-17,2024,,町田,磐田,H,D,0.34581500603804044,0.3849131999977961,0.26927179396416345
11,30693,2024-08-17,2024,,FC東京,東京V,D,D,0.337879701949103,0.35882614238541005,0.30329415566548684
11,30694,2024-08-17,2024,,川崎F,横浜FM,A,D,0.33101327637019645,0.39923914724155424,0.2697475763882492
11,30695,2024-08-17,2024,,湘南,柏,A,H,0.33693786436325246,0.2233083627119977,0.4397537729247498
11,30696,2024-08-17,2024,,名古屋,広島,A,D,0.267105664344282,0.38569862560776563,0.34719571004795247
11,30697,2024-08-17,2024,,C大阪,京都,A,H,0.2836383200410712,0.2847117612019172,0.43164991875701164
11,30698,2024-08-17,2024,,神戸,G大阪,D,H,0.2787344683881598,0.26794384276714994,0.4533216888446902
11,30699,2024-08-17,2024,,福岡,新潟,A,D,0.21754957749792314,0.44089681437511247,0.34155360812696445
11,30319,2024-08-18,2024,,愛媛FC,大分,H,D,0.29061400468590887,0.40032335793162355,0.30906263738246764
11,29909,2024-08-24,2024,,ヴァンラーレ八戸,SC相模原,H,H,0.33180135672915056,0.3047766095708043,0.3634220337000451
11,29911,2024-08-24,2024,,富山,松本山雅FC,H,H,0.25004225475254976,0.3377566264657803,0.41220111878167004
11,29912,2024-08-24,2024,,ツエーゲン金沢,FC琉球,A,A,0.38140909001107604,0.2683357013383844,0.3502552086505396
11,29913,2024-08-24,2024,,アスルクラロ沼津,FC今治,A,A,0.3776423840531995,0.2677412499194538,0.3546163660273468
11,29914,2024-08-24,2024,,奈良クラブ,ギラヴァンツ北九州,A,H,0.27842250587319634,0.3495030109916418,0.3720744831351619
11,29915,2024-08-24,2024,,ガイナーレ鳥取,FC大阪,H,D,0.23487773910974608,0.4478074662648436,0.3173147946254103
11,29916,2024-08-24,2024,,テゲバジャーロ宮崎,いわてグルージャ盛岡,H,H,0.2907367782871518,0.3361178270599679,0.37314539465288027
11,30320,2024-08-24,2024,,横浜FC,徳島,H,D,0.28598082146258724,0.3710722737610812,0.34294690477633155
11,30321,2024-08-24,2024,,藤枝MYFC,山形,A,H,0.36048707080022874,0.2515567556347546,0.38795617356501666
11,30322,2024-08-24,2024,,岡山,大分,D,A,0.6230462314282809,0.1317518815762274,0.24520188699549186
11,30323,2024-08-24,2024,,V・ファーレン長崎,レノファ山口FC,A,H,0.27373109864492856,0.22915979984646695,0.49710910150860443
11,30324,2024-08-24,2024,,鹿児島ユナイテッドFC,清水,A,D,0.31347074816480985,0.39719152575717664,0.2893377260780136
11,30701,2024-08-24,2024,,横浜FM,C大阪,H,A,0.5563831246844794,0.1878060453490031,0.25581082996651755
11,30702,2024-08-24,2024,,湘南,名古屋,A,H,0.25334617385052044,0.2755309592856141,0.4711228668638654
11,30703,2024-08-24,2024,,京都,FC東京,H,A,0.4074505311557161,0.20986033038401436,0.38268913846026953
11,30704,2024-08-24,2024,,G大阪,福岡,D,H,0.3046542036447463,0.33902009598382293,0.3563257003714308
11,29917,2024-08-25,2024,,FC岐阜,Y.S.C.C.横浜,H,A,0.487214408427102,0.2690017866675376,0.24378380490536042
11,30325,2024-08-25,2024,,秋田,愛媛FC,D,A,0.4053017143908718,0.3534087185238908,0.2412895670852374
11,30326,2024-08-25,2024,,いわきFC,熊本,A,A,0.4814746068323954,0.25670646555119875,0.2618189276164058
11,30327,2024-08-25,2024,,水戸,群馬,H,D,0.3125066181746944,0.3733667116990011,0.31412667012630446
11,30328,2024-08-25,2024,,栃木SC,甲府,A,H,0.23378500214477568,0.2939431793871097,0.4722718184681147
11,30329,2024-08-25,2024,,千葉,仙台,H,A,0.40359447370028995,0.30937523641389747,0.2870302898858126
11,30705,2024-08-25,2024,,東京V,鹿島,H,A,0.5187226337463166,0.2306858444141646,0.25059152183951894
11,30706,2024-08-25,2024,,広島,柏,H,H,0.25189996620307625,0.33821110801473137,0.40988892578219244
11,30707,2024-08-25,2024,,新潟,町田,D,A,0.41380383045573693,0.38020494186862847,0.2059912276756346
11,30708,2024-08-25,2024,,磐田,札幌,A,D,0.2772000886326095,0.37114198917012087,0.3516579221972697
11,30709,2024-08-25,2024,,神戸,鳥栖,H,A,0.6097999942975609,0.08846972039850183,0.3017302853039372
11,29928,2024-08-30,2024,,FC大阪,ツエーゲン金沢,D,D,0.2687428962868064,0.48273322596970897,0.24852387774348467
11,29919,2024-08-31,2024,,福島ユナイテッドFC,ギラヴァンツ北九州,H,D,0.29658520207201894,0.35239334397266686,0.35102145395531414
11,29920,2024-08-31,2024,,SC相模原,AC長野パルセイロ,D,H,0.18084656496383417,0.39297532630450027,0.4261781087316656
11,29921,2024-08-31,2024,,FC琉球,ガイナーレ鳥取,H,A,0.38186057290077,0.31809589475755096,0.30004353234167896
11,29922,2024-08-31,2024,,富山,アスルクラロ沼津,H,H,0.25016747257456423,0.2831837215207892,0.4666488059046465
11,29923,2024-08-31,2024,,大宮,Y.S.C.C.横浜,H,H,0.3447806509747126,0.18396053374403426,0.4712588152812532
11,29924,2024-08-31,2024,,FC岐阜,松本山雅FC,A,A,0.4879619468301088,0.08826257757681621,0.4237754755930751
11,29925,2024-08-31,2024,,FC今治,奈良クラブ,H,H,0.3014644835677438,0.32808191461057634,0.3704536018216798
11,29926,2024-08-31,2024,,テゲバジャーロ宮崎,ヴァンラーレ八戸,H,H,0.26478486029019016,0.3503951058290148,0.38482003388079516
11,30330,2024-08-31,2024,,水戸,愛媛FC,H,H,0.3086302407821678,0.31487382137636355,0.37649593784146873
11,30331,2024-08-31,2024,,甲府,鹿児島ユナイテッドFC,H,D,0.2778147616938674,0.4088067519883925,0.3133784863177402
11,30332,2024-08-31,2024,,仙台,いわきFC,H,D,0.29211506311675306,0.43606624945002015,0.27181868743322685
11,30333,2024-08-31,2024,,山形,横浜FC,A,H,0.40824099947533654,0.16430177170842059,0.4274572288162429
11,30334,2024-08-31,2024,,レノファ山口FC,岡山,A,H,0.34153310457951375,0.2948081247493219,0.3636587706711644
11,30336,2024-08-31,2024,,V・ファーレン長崎,栃木SC,D,H,0.31261334041982547,0.13971280005281492,0.5476738595273596
11,30710,2024-08-31,2024,,町田,浦和,D,H,0.32154228998368284,0.29546283318980937,0.38299487682650785
11,30711,2024-08-31,2024,,柏,東京V,A,A,0.41272922455701777,0.3111342909136684,0.27613648452931383
11,30716,2024-08-31,2024,,広島,FC東京,H,D,0.16957233878858533,0.5047336064717519,0.32569405473966273
11,30717,2024-08-31,2024,,鳥栖,湘南,A,H,0.3248256200053797,0.31229498440371656,0.3628793955909038
11,29927,2024-09-01,2024,,いわてグルージャ盛岡,カマタマーレ讃岐,A,A,0.4514545490149814,0.2449881655074946,0.30355728547752414
11,30337,2024-09-01,2024,,群馬,秋田,H,A,0.6521724560403911,0.1723458323334322,0.17548171162617673
11,30338,2024-09-01,2024,,熊本,藤枝MYFC,A,D,0.29113751463083865,0.45509207491502174,0.2537704104541397
11,30339,2024-09-01,2024,,大分,千葉,A,D,0.22092991193656333,0.4063070919870272,0.3727629960764095
11,30718,2024-09-01,2024,,札幌,川崎F,H,H,0.31956959515111555,0.31009986276148116,0.3703305420874033
11,30719,2024-09-01,2024,,福岡,神戸,A,A,0.41276992887730884,0.40481684711528504,0.18241322400740617
11,29929,2024-09-06,2024,,ヴァンラーレ八戸,福島ユナイテッドFC,A,D,0.21922431827127326,0.4744798773873787,0.3062958043413481
11,29930,2024-09-07,2024,,Y.S.C.C.横浜,ツエーゲン金沢,D,H,0.3381767874485409,0.2855166106813053,0.37630660187015375
11,29931,2024-09-07,2024,,SC相模原,テゲバジャーロ宮崎,A,A,0.39567610028756944,0.2794391269697311,0.3248847727426995
11,29932,2024-09-07,2024,,松本山雅FC,大宮,A,A,0.49608023855295874,0.1637673603632754,0.340152401083766
11,29933,2024-09-07,2024,,AC長野パルセイロ,FC大阪,A,H,0.2938877613836348,0.3198683031386633,0.3862439354777019
11,29934,2024-09-07,2024,,ガイナーレ鳥取,アスルクラロ沼津,H,A,0.3844911719771138,0.28853491302514245,0.3269739149977438
11,29935,2024-09-07,2024,,ギラヴァンツ北九州,FC今治,A,A,0.3975455341577473,0.3625018851063014,0.23995258073595133
11,29936,2024-09-07,2024,,FC琉球,いわてグルージャ盛岡,A,A,0.37881206814377716,0.2829072455761282,0.33828068628009456
11,30340,2024-09-07,2024,,群馬,仙台,D,D,0.3393617624116797,0.41106320109098454,0.24957503649733584
11,30341,2024-09-07,2024,,千葉,水戸,H,D,0.3046919184455226,0.3697432455286268,0.3255648360258506
11,30342,2024-09-07,2024,,清水,V・ファーレン長崎,D,D,0.3932824308550839,0.41717723198150797,0.18954033716340818
11,30343,2024-09-07,2024,,藤枝MYFC,栃木SC,H,D,0.30487700088464914,0.5122193921562324,0.1829036069591186
11,30344,2024-09-07,2024,,レノファ山口FC,徳島,A,A,0.4062823259736116,0.3035611304762836,0.29015654355010495
11,30345,2024-09-07,2024,,愛媛FC,横浜FC,A,A,0.4083404225652784,0.24162906136857112,0.3500305160661504
11,30346,2024-09-07,2024,,大分,山形,A,A,0.5522697550954558,0.16231939397069015,0.2854108509338541
11,30347,2024-09-07,2024,,鹿児島ユナイテッドFC,いわきFC,A,A,0.5288018013539904,0.23580085729590405,0.23539734135010545
11,29937,2024-09-08,2024,,奈良クラブ,富山,D,D,0.33027716620066466,0.3475540880109695,0.3221687457883659
11,29938,2024-09-08,2024,,カマタマーレ讃岐,FC岐阜,H,H,0.31150487789098336,0.24465970391158712,0.4438354181974296
11,30348,2024-09-08,2024,,岡山,秋田,A,H,0.2917610997156313,0.259983061279362,0.4482558390050066
11,29910,2024-09-11,2024,,AC長野パルセイロ,大宮,D,H,0.27597556762905606,0.23307973082979294,0.49094470154115105
11,30727,2024-09-13,2024,,川崎F,鳥栖,H,H,0.3203059895852457,0.29526938356240434,0.38442462685235
11,30728,2024-09-13,2024,,横浜FM,京都,A,A,0.4457661899180163,0.17825813538309698,0.3759756746988867
11,30729,2024-09-13,2024,,神戸,C大阪,H,H,0.18425542822569901,0.36976782188174323,0.4459767498925577
11,29939,2024-09-14,2024,,いわてグルージャ盛岡,ヴァンラーレ八戸,A,H,0.3889449714640511,0.1347923277215557,0.47626270081439315
11,29940,2024-09-14,2024,,大宮,ギラヴァンツ北九州,H,H,0.25222254709314035,0.35212773163043437,0.39564972127642534
11,29941,2024-09-14,2024,,AC長野パルセイロ,奈良クラブ,D,D,0.25820110571993915,0.4711609799787374,0.27063791430132345
11,29942,2024-09-14,2024,,富山,Y.S.C.C.横浜,H,D,0.2871260821407477,0.36490396485826465,0.3479699530009877
11,29943,2024-09-14,2024,,ツエーゲン金沢,カマタマーレ讃岐,A,A,0.4938081874723113,0.15124544688166955,0.35494636564601906
11,29944,2024-09-14,2024,,FC岐阜,SC相模原,A,D,0.33762922253257216,0.4042526221547124,0.25811815531271554
11,29945,2024-09-14,2024,,FC今治,松本山雅FC,D,D,0.2887092902902283,0.397891954686386,0.3133987550233857
11,30350,2024-09-14,2024,,秋田,千葉,H,H,0.28437610097845917,0.2674179174967496,0.4482059815247913
11,30351,2024-09-14,2024,,山形,群馬,H,H,0.31293357534863386,0.23721819211862807,0.4498482325327381
11,30352,2024-09-14,2024,,清水,レノファ山口FC,H,H,0.1980938625396536,0.34336191280410633,0.45854422465624006
11,30353,2024-09-14,2024,,岡山,愛媛FC,H,A,0.4492156373941857,0.23715095651575746,0.31363340609005685
11,30354,2024-09-14,2024,,徳島,大分,H,D,0.2899270429261058,0.4801627478994691,0.22991020917442506
11,30355,2024-09-14,2024,,仙台,藤枝MYFC,A,A,0.5114245765456814,0.27920779955107766,0.20936762390324096
11,30720,2024-09-14,2024,,札幌,東京V,A,A,0.348752907687093,0.32975435819663557,0.32149273411627144
11,30721,2024-09-14,2024,,鹿島,広島,D,A,0.366877993030338,0.31020434842626676,0.32291765854339527
11,30722,2024-09-14,2024,,柏,磐田,A,A,0.3672225851054858,0.3450508912758935,0.28772652361862083
11,30723,2024-09-14,2024,,FC東京,名古屋,H,D,0.3812917794215125,0.4030904362640087,0.21561778431447898
11,30724,2024-09-14,2024,,新潟,湘南,H,D,0.3155725414622368,0.39752278163756916,0.2869046769001941
11,30725,2024-09-14,2024,,G大阪,浦和,A,H,0.29626905981099105,0.2937709833367595,0.4099599568522495
11,30726,2024-09-14,2024,,福岡,町田,A,A,0.4846418266223993,0.2587099483351157,0.25664822504248513
11,29946,2024-09-15,2024,,福島ユナイテッドFC,ガイナーレ鳥取,A,D,0.1930502092931034,0.40657236441541683,0.4003774262914798
11,29947,2024-09-15,2024,,アスルクラロ沼津,FC大阪,A,A,0.49225658672456385,0.2054233435653067,0.3023200697101294
11,29948,2024-09-15,2024,,テゲバジャーロ宮崎,FC琉球,H,H,0.3000496951723556,0.34898062217166914,0.35096968265597533
11,30356,2024-09-15,2024,,横浜FC,甲府,H,D,0.21391758329219052,0.43158647035020736,0.3544959463576021
11,30357,2024-09-15,2024,,いわきFC,V・ファーレン長崎,A,H,0.32738195894462807,0.26784512593878396,0.40477291511658803
11,30358,2024-09-15,2024,,栃木SC,水戸,A,A,0.4486750081954985,0.13618201208327302,0.41514297972122854
11,30359,2024-09-15,2024,,鹿児島ユナイテッドFC,熊本,A,D,0.30289620250813626,0.3492726536051554,0.3478311438867084
11,30335,2024-09-18,2024,,徳島,清水,A,A,0.3560046311024974,0.28902859936769815,0.3549667695298045
11,30713,2024-09-18,2024,,名古屋,新潟,H,A,0.36787669865259254,0.30490999226152893,0.3272133090858786
12,29949,2024-09-21,2024,,ヴァンラーレ八戸,大宮,A,D,0.2800977083714792,0.3735570399071916,0.3463452517213293
12,29950,2024-09-21,2024,,SC相模原,FC今治,H,H,0.27644033975919224,0.33061892705124807,0.3929407331895598
12,29951,2024-09-21,2024,,ガイナーレ鳥取,AC長野パルセイロ,H,H,0.3691363166185646,0.24716873813992987,0.38369494524150555
12,29952,2024-09-21,2024,,ギラヴァンツ北九州,FC岐阜,H,H,0.30254464674646026,0.29401718162704255,0.40343817162649714
12,29953,2024-09-21,2024,,FC琉球,アスルクラロ沼津,D,D,0.2649040052672157,0.38954110404927134,0.3455548906835129
12,30360,2024-09-21,2024,,千葉,レノファ山口FC,H,H,0.3180247061850894,0.2739370289029328,0.40803826491197787
12,30361,2024-09-21,2024,,横浜FC,大分,D,H,0.28383427446305537,0.23737036705073863,0.478795358486206
12,30362,2024-09-21,2024,,愛媛FC,山形,A,A,0.5430424758968151,0.3412413154750564,0.11571620862812856
12,30363,2024-09-21,2024,,熊本,秋田,H,H,0.2726910886845979,0.2980091013998368,0.4292998099155654
12,30364,2024-09-21,2024,,仙台,甲府,D,A,0.3921779082935279,0.30133915700789776,0.3064829346985744
12,30730,2024-09-21,2024,,浦和,FC東京,A,H,0.30789646611679583,0.33983573267801803,0.35226780120518625
12,30731,2024-09-21,2024,,鹿島,柏,D,H,0.2957206225409175,0.2770511733989336,0.4272282040601489
12,30733,2024-09-21,2024,,町田,札幌,D,H,0.2546647108132994,0.28000789057927866,0.46532739860742206
12,30736,2024-09-21,2024,,磐田,福岡,D,D,0.3068921542663412,0.4955222863474306,0.19758555938622815
12,29954,2024-09-22,2024,,Y.S.C.C.横浜,いわてグルージャ盛岡,D,A,0.40672950302384087,0.28303180459869415,0.31023869237746493
12,29955,2024-09-22,2024,,ツエーゲン金沢,富山,A,D,0.2777325231250059,0.3805389942881256,0.34172848258686844
12,29956,2024-09-22,2024,,奈良クラブ,テゲバジャーロ宮崎,D,H,0.27299772201827144,0.2831752018678629,0.4438270761138657
12,29957,2024-09-22,2024,,カマタマーレ讃岐,松本山雅FC,A,D,0.2342104122669903,0.4598313726862178,0.3059582150467919
12,30365,2024-09-22,2024,,水戸,岡山,D,H,0.3278425422414823,0.2650986602455704,0.4070587975129474
12,30366,2024-09-22,2024,,栃木SC,鹿児島ユナイテッドFC,H,H,0.3320012007540268,0.31828428890900906,0.34971451033696416
12,30367,2024-09-22,2024,,藤枝MYFC,清水,A,D,0.30042315439047745,0.3775036966853926,0.3220731489241301
12,30368,2024-09-22,2024,,徳島,いわきFC,A,A,0.39623685106740886,0.32622325623230564,0.27753989270028556
12,30369,2024-09-22,2024,,V・ファーレン長崎,群馬,H,H,0.29883400285909845,0.24159079881068748,0.4595751983302141
12,30732,2024-09-22,2024,,東京V,鳥栖,H,H,0.23306449905392226,0.2765134643029249,0.4904220366431529
12,30734,2024-09-22,2024,,湘南,C大阪,A,A,0.41516912576945375,0.26319684199858623,0.32163403223196013
12,30735,2024-09-22,2024,,新潟,神戸,A,H,0.2757088696538676,0.35648569591612994,0.3678054344300024
12,30737,2024-09-22,2024,,名古屋,川崎F,H,D,0.2931429409798395,0.4253275945561879,0.28152946446397253
12,30738,2024-09-22,2024,,京都,G大阪,D,H,0.26542697657160075,0.26336302172935655,0.47121000169904276
12,30739,2024-09-22,2024,,広島,横浜FM,H,A,0.4251260251192203,0.17253836698513758,0.402335607895642
12,29958,2024-09-23,2024,,FC大阪,福島ユナイテッドFC,A,H,0.2341555069857199,0.3344963479024494,0.4313481451118306
12,30349,2024-09-25,2024,,甲府,熊本,A,A,0.5688583938062998,0.24371715968149246,0.1874244465122078
12,30747,2024-09-27,2024,,川崎F,新潟,H,A,0.4997579823723902,0.23203355417952665,0.2682084634480831
12,29959,2024-09-28,2024,,大宮,SC相模原,H,A,0.36129605026585504,0.3494044142956526,0.2892995354384923
12,29960,2024-09-28,2024,,FC岐阜,ツエーゲン金沢,H,D,0.274688703345766,0.4495661530739219,0.27574514358031216
12,29961,2024-09-28,2024,,FC今治,ヴァンラーレ八戸,H,D,0.21947207595483423,0.4753839595912327,0.3051439644539331
12,29962,2024-09-28,2024,,FC琉球,FC大阪,D,H,0.34365804966806296,0.2953822840105847,0.3609596663213523
12,30370,2024-09-28,2024,,甲府,山形,A,H,0.3393066793650421,0.2535473299764558,0.40714599065850204
12,30371,2024-09-28,2024,,清水,横浜FC,D,H,0.27278565010076833,0.26965762110865493,0.45755672879057674
12,30372,2024-09-28,2024,,大分,藤枝MYFC,H,D,0.33532648203615306,0.3791513935860146,0.2855221243778324
12,30373,2024-09-28,2024,,鹿児島ユナイテッドFC,水戸,H,H,0.26908011279688465,0.22736710114360592,0.5035527860595095
12,30740,2024-09-28,2024,,札幌,京都,H,H,0.3752660151090151,0.24558492999203152,0.37914905489895345
12,30741,2024-09-28,2024,,湘南,鹿島,H,H,0.32206970776140104,0.30284592500029917,0.37508436723829985
12,30742,2024-09-28,2024,,名古屋,磐田,H,H,0.29823396895604926,0.3106370217771715,0.3911290092667793
12,30743,2024-09-28,2024,,G大阪,東京V,D,H,0.27998285625003394,0.2529915602880685,0.46702558346189765
12,30744,2024-09-28,2024,,C大阪,柏,D,H,0.31965753114294604,0.3107953076326034,0.36954716122445064
12,30745,2024-09-28,2024,,広島,町田,H,H,0.30608912495284746,0.20256934866455684,0.4913415263825957
12,30746,2024-09-28,2024,,鳥栖,福岡,D,D,0.3058730777375197,0.4153981311863484,0.27872879107613197
12,30748,2024-09-28,2024,,横浜FM,FC東京,A,A,0.37891902645087355,0.26580295224025213,0.35527802130887437
12,30749,2024-09-28,2024,,神戸,浦和,H,H,0.2315904224351646,0.3016797150373324,0.46672986252750304
12,29963,2024-09-29,2024,,いわてグルージャ盛岡,ギラヴァンツ北九州,H,H,0.2995133568320792,0.29420807633013074,0.4062785668377902
12,29964,2024-09-29,2024,,福島ユナイテッドFC,AC長野パルセイロ,D,H,0.21964616233623796,0.3459968518176991,0.43435698584606297
12,29965,2024-09-29,2024,,松本山雅FC,奈良クラブ,D,A,0.44037365204679724,0.23588113473915906,0.32374521321404376
12,29966,2024-09-29,2024,,富山,カマタマーレ讃岐,D,H,0.1696793390242083,0.3205823301633641,0.5097383308124276
12,29967,2024-09-29,2024,,アスルクラロ沼津,Y.S.C.C.横浜,H,D,0.31821318460755077,0.34488723907349667,0.3368995763189526
12,29968,2024-09-29,2024,,テゲバジャーロ宮崎,ガイナーレ鳥取,H,D,0.26869739298747164,0.3720990676501073,0.35920353936242105
12,30374,2024-09-29,2024,,秋田,徳島,H,A,0.3469429786417208,0.34001160147398046,0.31304541988429874
12,30375,2024-09-29,2024,,いわきFC,栃木SC,D,H,0.32397175395386396,0.2823575633550102,0.3936706826911259
12,30376,2024-09-29,2024,,群馬,熊本,A,A,0.45470909496228523,0.2720530096077315,0.2732378954299833
12,30377,2024-09-29,2024,,岡山,V・ファーレン長崎,H,H,0.36324893047573636,0.24544242517754783,0.39130864434671575
12,30378,2024-09-29,2024,,レノファ山口FC,仙台,A,D,0.32769924847199783,0.4693026187630277,0.20299813276497453
12,30379,2024-09-29,2024,,愛媛FC,千葉,A,A,0.4463701432338778,0.33320947663198197,0.22042038013414014
12,29918,2024-10-02,2024,,カマタマーレ讃岐,福島ユナイテッドFC,H,A,0.37457143138617893,0.33146358938237713,0.29396497923144393
12,30715,2024-10-02,2024,,C大阪,G大阪,H,H,0.3803585512302102,0.23041252778626914,0.38922892098352074
12,29978,2024-10-04,2024,,FC大阪,いわてグルージャ盛岡,H,H,0.1796508282983953,0.2953213184661251,0.5250278532354797
12,30750,2024-10-04,2024,,福岡,名古屋,H,D,0.3158089434194394,0.36565583143432673,0.31853522514623384
12,29969,2024-10-05,2024,,Y.S.C.C.横浜,FC琉球,H,A,0.5001486311796696,0.1740834736235264,0.325767895196804
12,29970,2024-10-05,2024,,AC長野パルセイロ,松本山雅FC,D,H,0.37940775271420346,0.2199029293237311,0.4006893179620655
12,29971,2024-10-05,2024,,奈良クラブ,大宮,D,D,0.2699417789367125,0.41035787876574137,0.3197003422975461
12,30380,2024-10-05,2024,,千葉,群馬,H,D,0.26828750742657415,0.39016838484183936,0.34154410773158644
12,30381,2024-10-05,2024,,甲府,岡山,H,A,0.39249174652361557,0.23782732935536868,0.36968092412101566
12,30382,2024-10-05,2024,,藤枝MYFC,いわきFC,D,A,0.4146315322545263,0.2575215801415094,0.3278468876039643
12,30751,2024-10-05,2024,,浦和,C大阪,A,D,0.3190075703578272,0.42836347660970747,0.25262895303246535
12,30752,2024-10-05,2024,,柏,横浜FM,H,D,0.3418770400448351,0.364411361349361,0.2937115986058039
12,30753,2024-10-05,2024,,FC東京,鳥栖,D,D,0.3165108280618093,0.3978297171490262,0.2856594547891645
12,30755,2024-10-05,2024,,町田,川崎F,A,A,0.42575795319902665,0.309222102297005,0.26501994450396843
12,30756,2024-10-05,2024,,新潟,鹿島,A,D,0.3367221203891174,0.4216417196027678,0.2416361600081149
12,30759,2024-10-05,2024,,G大阪,札幌,H,D,0.3770761546787322,0.4267240513117716,0.19619979400949622
12,29972,2024-10-06,2024,,福島ユナイテッドFC,FC岐阜,H,A,0.4163412903714226,0.27738945800602033,0.30626925162255714
12,29973,2024-10-06,2024,,ヴァンラーレ八戸,アスルクラロ沼津,H,D,0.13442420267580127,0.49266822498372664,0.37290757234047217
12,29974,2024-10-06,2024,,SC相模原,ギラヴァンツ北九州,A,H,0.3421137535420194,0.30048057377405485,0.3574056726839258
12,29975,2024-10-06,2024,,富山,FC今治,D,D,0.33558814559754707,0.3862951843322432,0.27811667007020974
12,29976,2024-10-06,2024,,ツエーゲン金沢,テゲバジャーロ宮崎,D,A,0.41398898797375144,0.2455876202092983,0.3404233918169503
12,29977,2024-10-06,2024,,カマタマーレ讃岐,ガイナーレ鳥取,A,H,0.28975814465232214,0.35293501860944365,0.35730683673823427
12,30383,2024-10-06,2024,,仙台,秋田,A,H,0.37050241496056047,0.16131594045650896,0.46818164458293055
12,30384,2024-10-06,2024,,山形,レノファ山口FC,H,H,0.2403465618124779,0.3649536907522483,0.39469974743527375
12,30385,2024-10-06,2024,,水戸,清水,D,A,0.4058605750065005,0.2060231254093284,0.3881162995841711
12,30386,2024-10-06,2024,,栃木SC,愛媛FC,D,A,0.3731399293215493,0.2788412370407618,0.34801883363768893
12,30387,2024-10-06,2024,,横浜FC,鹿児島ユナイテッドFC,H,H,0.28206066296051163,0.1719995134561629,0.5459398235833255
12,30388,2024-10-06,2024,,V・ファーレン長崎,大分,H,D,0.1470529937197546,0.462775141531929,0.39017186474831644
12,30389,2024-10-06,2024,,熊本,徳島,A,D,0.1633039532944719,0.4602413311638439,0.37645471554168414
12,30754,2024-10-06,2024,,東京V,湘南,A,A,0.5131607068086799,0.16949705596562767,0.3173422372256925
12,30757,2024-10-06,2024,,磐田,広島,A,A,0.45824781285128935,0.2446020705771342,0.2971501165715764
12,30758,2024-10-06,2024,,京都,神戸,A,D,0.2917263039814243,0.36129691222815014,0.34697678379042557
12,29979,2024-10-11,2024,,FC岐阜,AC長野パルセイロ,H,D,0.3407326613914983,0.37599194895155413,0.28327538965694754
12,29980,2024-10-12,2024,,FC今治,Y.S.C.C.横浜,H,H,0.3107972228636721,0.19267684163024182,0.496525935506086
12,29981,2024-10-12,2024,,ギラヴァンツ北九州,ヴァンラーレ八戸,A,D,0.32919170261785613,0.36261236824301174,0.30819592913913224
12,29982,2024-10-12,2024,,テゲバジャーロ宮崎,富山,D,D,0.26565628566707267,0.3855095791004907,0.34883413523243667
12,29983,2024-10-12,2024,,FC琉球,SC相模原,H,A,0.3792831766051509,0.2549205954768786,0.3657962279179705
12,29984,2024-10-13,2024,,大宮,福島ユナイテッドFC,H,A,0.7029021307197928,0.11072697783647242,0.18637089144373475
12,29985,2024-10-13,2024,,松本山雅FC,ツエーゲン金沢,D,A,0.5276558779301526,0.09131210952018025,0.3810320125496672
12,29986,2024-10-13,2024,,アスルクラロ沼津,カマタマーレ讃岐,A,H,0.38297304284835587,0.21151746162226648,0.40550949552937765
12,29987,2024-10-13,2024,,奈良クラブ,FC大阪,A,H,0.3353358372811958,0.29703910587272486,0.3676250568460794
12,29988,2024-10-13,2024,,ガイナーレ鳥取,いわてグルージャ盛岡,H,H,0.2657333625935705,0.35524553918129514,0.3790210982251343
12,30767,2024-10-18,2024,,川崎F,G大阪,D,A,0.43637183639376365,0.22229550917406893,0.3413326544321674
12,30768,2024-10-18,2024,,横浜FM,新潟,D,A,0.3977187216150348,0.3690654860838915,0.2332157923010738
12,30769,2024-10-18,2024,,神戸,FC東京,A,D,0.18066776747518526,0.5244367322904268,0.29489550023438804
12,29989,2024-10-19,2024,,大宮,FC今治,D,A,0.3779925768641219,0.3179683094675847,0.3040391136682934
12,29990,2024-10-19,2024,,AC長野パルセイロ,FC琉球,D,D,0.28149792962109066,0.412418607720422,0.30608346265848735
12,29991,2024-10-19,2024,,FC大阪,ギラヴァンツ北九州,H,D,0.1323306158621842,0.44572783216962186,0.421941551968194
12,30390,2024-10-19,2024,,千葉,甲府,H,A,0.5729010952038269,0.18925007265854024,0.23784883213763286
12,30391,2024-10-19,2024,,鹿児島ユナイテッドFC,愛媛FC,H,D,0.27632465670474143,0.36478280925448175,0.3588925340407769
12,30392,2024-10-19,2024,,仙台,横浜FC,H,A,0.5933140855253912,0.23636544412981608,0.1703204703447927
12,30760,2024-10-19,2024,,鹿島,福岡,D,H,0.27651761528381774,0.3140879188082847,0.4093944659078977
12,30761,2024-10-19,2024,,柏,町田,D,H,0.3417054431763515,0.2430213005138171,0.41527325630983136
12,30762,2024-10-19,2024,,東京V,浦和,H,H,0.31629081866563763,0.2658665982208893,0.41784258311347305
12,30763,2024-10-19,2024,,湘南,広島,H,H,0.24225239490677897,0.22298735474306067,0.5347602503501604
12,30764,2024-10-19,2024,,名古屋,札幌,A,H,0.4130673676697804,0.16064657322147338,0.4262860591087461
12,30765,2024-10-19,2024,,京都,鳥栖,H,A,0.45714409546625756,0.20390599539790263,0.3389499091358399
12,30766,2024-10-19,2024,,C大阪,磐田,A,H,0.2700441146469977,0.3289340713532902,0.4010218139997121
12,29992,2024-10-20,2024,,ヴァンラーレ八戸,奈良クラブ,D,H,0.32825653780902914,0.3236597606212488,0.34808370156972207
12,29993,2024-10-20,2024,,いわてグルージャ盛岡,FC岐阜,A,H,0.36494014922850826,0.15899976975646296,0.47606008101502884
12,29994,2024-10-20,2024,,SC相模原,Y.S.C.C.横浜,H,A,0.5310926154054169,0.251030123222761,0.21787726137182217
12,29995,2024-10-20,2024,,松本山雅FC,ガイナーレ鳥取,A,A,0.3523185511514873,0.31163754372141084,0.33604390512710197
12,29996,2024-10-20,2024,,富山,福島ユナイテッドFC,A,A,0.48941293237635225,0.1406559443796822,0.36993112324396543
12,29997,2024-10-20,2024,,ツエーゲン金沢,アスルクラロ沼津,A,A,0.4594289391587353,0.34661188488721717,0.19395917595404755
12,29998,2024-10-20,2024,,カマタマーレ讃岐,テゲバジャーロ宮崎,A,A,0.41890984540558324,0.26046181222600134,0.3206283423684155
12,30393,2024-10-20,2024,,秋田,V・ファーレン長崎,A,A,0.36291286791838334,0.29110372505928184,0.3459834070223348
12,30394,2024-10-20,2024,,群馬,栃木SC,D,H,0.3215126375673069,0.1520673195322433,0.5264200429004497
12,30395,2024-10-20,2024,,清水,山形,A,A,0.3905894089146197,0.23528956413238836,0.3741210269529919
12,30396,2024-10-20,2024,,岡山,いわきFC,H,H,0.31913329748180674,0.174119301945823,0.5067474005723702
12,30397,2024-10-20,2024,,徳島,藤枝MYFC,H,D,0.24054269307238038,0.4352136004260815,0.3242437065015382
12,30398,2024-10-20,2024,,熊本,レノファ山口FC,D,H,0.3372647394366722,0.2850287958400649,0.377706464723263
12,30399,2024-10-20,2024,,大分,水戸,D,A,0.4651726246043145,0.1530565222932286,0.3817708531024568
12,30678,2024-10-23,2024,,浦和,柏,H,D,0.22562135578242765,0.472286780367917,0.3020918638496554
12,30772,2024-10-23,2024,,新潟,東京V,A,H,0.3028048498912382,0.30777843287403167,0.3894167172347301
12,30773,2024-10-23,2024,,G大阪,名古屋,H,D,0.32196655707535204,0.3743042602306985,0.3037291826939495
12,29999,2024-10-26,2024,,Y.S.C.C.横浜,松本山雅FC,A,A,0.4128461501394511,0.21049718675289353,0.3766566631076554
12,30000,2024-10-26,2024,,FC岐阜,FC今治,H,H,0.3274034076302051,0.27143300062911596,0.40116359174067895
12,30001,2024-10-26,2024,,奈良クラブ,カマタマーレ讃岐,D,H,0.22652222194601468,0.2574503876322902,0.5160273904216951
12,30002,2024-10-26,2024,,ギラヴァンツ北九州,ツエーゲン金沢,A,D,0.3109203674301975,0.4111997509290781,0.27787988164072436
12,30003,2024-10-26,2024,,FC琉球,ヴァンラーレ八戸,D,H,0.40775763912071283,0.16957641015133632,0.42266595072795093
12,30400,2024-10-26,2024,,いわきFC,水戸,A,A,0.40724333684032443,0.19348061168561895,0.39927605147405676
12,30401,2024-10-26,2024,,藤枝MYFC,千葉,A,A,0.3795032324621249,0.3200802286553014,0.3004165388825737
12,30004,2024-10-27,2024,,いわてグルージャ盛岡,大宮,A,A,0.5126920377962741,0.3325935068247069,0.15471445537901904
12,30005,2024-10-27,2024,,福島ユナイテッドFC,SC相模原,A,H,0.3384431490274672,0.277783186672227,0.3837736643003059
12,30006,2024-10-27,2024,,アスルクラロ沼津,AC長野パルセイロ,D,H,0.3740740035209258,0.2338359170475098,0.3920900794315643
12,30007,2024-10-27,2024,,ガイナーレ鳥取,富山,D,H,0.32973470287940576,0.25922401247002635,0.41104128465056794
12,30008,2024-10-27,2024,,テゲバジャーロ宮崎,FC大阪,H,H,0.2789918491340344,0.36021000039308104,0.3607981504728845
12,30402,2024-10-27,2024,,秋田,大分,A,H,0.1965377068089949,0.24197428889026643,0.5614880043007386
12,30403,2024-10-27,2024,,山形,熊本,H,A,0.5150762594140781,0.21161572943784085,0.273308011148081
12,30404,2024-10-27,2024,,栃木SC,清水,A,D,0.17624841273724823,0.4815790357247228,0.3421725515380289
12,30405,2024-10-27,2024,,群馬,徳島,A,D,0.33473712291087615,0.3731760050177326,0.2920868720713912
12,30406,2024-10-27,2024,,横浜FC,岡山,A,A,0.4157936906437446,0.2474278140356416,0.3367784953206138
12,30407,2024-10-27,2024,,レノファ山口FC,甲府,H,D,0.28283575400057115,0.4218972978904798,0.2952669481089491
12,30408,2024-10-27,2024,,愛媛FC,仙台,A,H,0.35639991452757874,0.269101549460725,0.3744985360116963
12,30409,2024-10-27,2024,,V・ファーレン長崎,鹿児島ユナイテッドFC,H,H,0.21844138506345914,0.17482212386729834,0.6067364910692425
12,30776,2024-10-30,2024,,横浜FM,浦和,D,H,0.3721476591027859,0.2364226821003658,0.3914296587968484
12,30777,2024-11-01,2024,,川崎F,鹿島,A,A,0.4676308552824448,0.24221509524906948,0.2901540494684858
12,30778,2024-11-01,2024,,神戸,磐田,H,D,0.2795042460520649,0.44769790412000604,0.27279784982792904
12,30009,2024-11-02,2024,,大宮,ガイナーレ鳥取,H,D,0.32881407223670284,0.36977085706859925,0.301415070694698
12,30010,2024-11-02,2024,,Y.S.C.C.横浜,AC長野パルセイロ,D,D,0.23806490330844315,0.5880948748059032,0.17384022188565373
12,30011,2024-11-02,2024,,SC相模原,富山,D,A,0.4017001847625046,0.24049309989711284,0.35780671534038266
12,30012,2024-11-02,2024,,松本山雅FC,テゲバジャーロ宮崎,H,H,0.2263585078316868,0.2992615250219058,0.47437996714640746
12,30013,2024-11-02,2024,,FC岐阜,FC大阪,H,H,0.30667516775759446,0.23829071220061743,0.45503412004178806
12,30014,2024-11-02,2024,,奈良クラブ,福島ユナイテッドFC,D,A,0.3642212616344842,0.3546530340225367,0.28112570434297923
12,30015,2024-11-02,2024,,ギラヴァンツ北九州,アスルクラロ沼津,D,H,0.21988607574797314,0.21470597712923498,0.565407947122792
12,30016,2024-11-03,2024,,ヴァンラーレ八戸,カマタマーレ讃岐,D,H,0.35591571188946225,0.19989811465154317,0.4441861734589945
12,30017,2024-11-03,2024,,ツエーゲン金沢,いわてグルージャ盛岡,D,H,0.2277950692772986,0.2732688375856594,0.4989360931370421
12,30018,2024-11-03,2024,,FC今治,FC琉球,H,A,0.39176633928225,0.25557456586724764,0.35265909485050234
12,30410,2024-11-03,2024,,水戸,山形,A,D,0.33920014859718167,0.3886230201339372,0.27217683126888126
12,30411,2024-11-03,2024,,千葉,V・ファーレン長崎,A,H,0.28413073716977677,0.3331724183755494,0.38269684445467383
12,30412,2024-11-03,2024,,横浜FC,栃木SC,D,A,0.4134734607380757,0.23415657885384616,0.35236996040807805
12,30413,2024-11-03,2024,,甲府,秋田,A,A,0.6040590002755327,0.2933150016285949,0.10262599809587232
12,30414,2024-11-03,2024,,清水,いわきFC,H,D,0.25861609279544523,0.4181662885994728,0.323217618605082
12,30415,2024-11-03,2024,,岡山,藤枝MYFC,H,A,0.46375854390211946,0.1551689360683683,0.38107252002951225
12,30416,2024-11-03,2024,,徳島,鹿児島ユナイテッドFC,H,A,0.3738759702622134,0.323766089796247,0.30235793994153953
12,30417,2024-11-03,2024,,愛媛FC,レノファ山口FC,D,A,0.3799237252078665,0.2711131346368093,0.3489631401553243
12,30418,2024-11-03,2024,,大分,群馬,H,D,0.3279083207288114,0.3894357185416705,0.2826559607295182
12,30770,2024-11-03,2024,,札幌,C大阪,D,D,0.33467300947778533,0.34654277308777853,0.31878421743443625
12,30771,2024-11-03,2024,,FC東京,湘南,A,H,0.2558546156129099,0.34697876269093214,0.39716662169615796
12,30774,2024-11-03,2024,,福岡,柏,H,H,0.3397527034505155,0.28651928463188797,0.3737280119175966
12,30775,2024-11-03,2024,,鳥栖,町田,H,A,0.49708624560821835,0.21661201417653947,0.28630174021524224
12,30779,2024-11-03,2024,,広島,京都,A,H,0.3747139065836401,0.24894331748960985,0.37634277592675003
12,30419,2024-11-04,2024,,熊本,仙台,H,H,0.33630846144670196,0.3253398954671878,0.3383516430861104
12,30019,2024-11-09,2024,,いわてグルージャ盛岡,松本山雅FC,A,H,0.3616836954398469,0.21312591009707393,0.4251903944630792
12,30020,2024-11-09,2024,,AC長野パルセイロ,ヴァンラーレ八戸,A,D,0.2878075203331172,0.39010481870148556,0.32208766096539726
12,30021,2024-11-09,2024,,FC大阪,Y.S.C.C.横浜,H,A,0.4717364411442892,0.24224745663697358,0.2860161022187372
12,30780,2024-11-09,2024,,鹿島,名古屋,D,H,0.20977220247449593,0.34504432477005464,0.4451834727554494
12,30781,2024-11-09,2024,,柏,新潟,D,H,0.26883681051371044,0.35152876929144417,0.37963442019484545
12,30782,2024-11-09,2024,,町田,FC東京,H,H,0.28332711145214656,0.23536101844781854,0.48131187010003496
12,30783,2024-11-09,2024,,湘南,札幌,D,A,0.4159178768625473,0.2938600153643424,0.29022210777311036
12,30784,2024-11-09,2024,,磐田,G大阪,A,H,0.3179451931066525,0.30984926509798094,0.3722055417953666
12,30785,2024-11-09,2024,,C大阪,福岡,H,H,0.3069949185129172,0.331274694165172,0.3617303873219108
12,30788,2024-11-09,2024,,京都,川崎F,D,D,0.3079485545108887,0.40384053451707025,0.28821091097204116
12,30789,2024-11-09,2024,,鳥栖,横浜FM,A,H,0.24876402181411988,0.23119659993247413,0.520039378253406
12,30022,2024-11-10,2024,,SC相模原,奈良クラブ,A,D,0.32274024873958806,0.34130546910190107,0.3359542821585109
12,30023,2024-11-10,2024,,富山,FC岐阜,D,D,0.3205561435819266,0.3707542128220529,0.3086896435960204
12,30024,2024-11-10,2024,,ツエーゲン金沢,福島ユナイテッドFC,A,A,0.4168866816633026,0.21587058369511553,0.36724273464158197
12,30025,2024-11-10,2024,,アスルクラロ沼津,テゲバジャーロ宮崎,A,A,0.41521936659119113,0.21471396668827683,0.37006666672053207
12,30026,2024-11-10,2024,,ガイナーレ鳥取,FC今治,A,H,0.2568061404468007,0.30817159196172794,0.4350222675914714
12,30027,2024-11-10,2024,,カマタマーレ讃岐,ギラヴァンツ北九州,A,H,0.23196805393520528,0.2331127347195726,0.5349192113452221
12,30028,2024-11-10,2024,,FC琉球,大宮,D,A,0.40720322745742443,0.21798545365954755,0.374811318883028
12,30420,2024-11-10,2024,,仙台,大分,H,H,0.27776798913636863,0.20806652801976505,0.5141654828438664
12,30421,2024-11-10,2024,,秋田,藤枝MYFC,H,D,0.1544932888674232,0.5121792205257142,0.3333274906068626
12,30422,2024-11-10,2024,,山形,千葉,H,A,0.36714631678790266,0.3490031601769482,0.2838505230351492
12,30423,2024-11-10,2024,,いわきFC,群馬,H,A,0.4022633036790413,0.30049345999677496,0.2972432363241837
12,30424,2024-11-10,2024,,栃木SC,徳島,D,A,0.4136569159089477,0.2841263198950638,0.3022167641959885
12,30425,2024-11-10,2024,,甲府,水戸,H,A,0.46852048367083504,0.2807058914906241,0.2507736248385408
12,30426,2024-11-10,2024,,清水,熊本,H,A,0.5053055615391586,0.1925253652298984,0.30216907323094305
12,30427,2024-11-10,2024,,レノファ山口FC,横浜FC,D,A,0.3496724676001496,0.3312869697374744,0.319040562662376
12,30428,2024-11-10,2024,,V・ファーレン長崎,愛媛FC,H,H,0.2649283219391439,0.2807525149261497,0.45431916313470627
12,30429,2024-11-10,2024,,鹿児島ユナイテッドFC,岡山,D,A,0.36674612167056486,0.2698233881884682,0.36343049014096696
12,30786,2024-11-10,2024,,浦和,広島,H,D,0.2923104991925329,0.3869378999899949,0.3207516008174723
12,30787,2024-11-10,2024,,東京V,神戸,D,D,0.3619546329722989,0.4065530135082144,0.23149235351948672
12,30029,2024-11-15,2024,,FC大阪,SC相模原,H,H,0.2569254991586913,0.26293922820201854,0.4801352726392902
12,30030,2024-11-16,2024,,松本山雅FC,FC琉球,H,D,0.2625660563249208,0.4705517997880759,0.2668821438870034
12,30031,2024-11-16,2024,,FC岐阜,大宮,D,A,0.3913807916522041,0.2701035179672043,0.33851569038059165
12,30032,2024-11-16,2024,,カマタマーレ讃岐,FC今治,A,A,0.4194140039578222,0.2576275051729657,0.3229584908692121
12,30033,2024-11-16,2024,,ギラヴァンツ北九州,AC長野パルセイロ,D,D,0.35190343897998005,0.3775940007861365,0.27050256023388347
12,30712,2024-11-16,2024,,磐田,横浜FM,A,H,0.14933906342205072,0.3981100815993642,0.45255085497858516
12,30034,2024-11-17,2024,,福島ユナイテッドFC,アスルクラロ沼津,H,H,0.3840154770596554,0.22402815007752003,0.3919563728628246
12,30035,2024-11-17,2024,,富山,ヴァンラーレ八戸,H,D,0.201262545624141,0.45435648097049874,0.3443809734053603
12,30036,2024-11-17,2024,,奈良クラブ,いわてグルージャ盛岡,H,H,0.2522683898965126,0.23866608778367376,0.5090655223198136
12,30037,2024-11-17,2024,,ガイナーレ鳥取,ツエーゲン金沢,H,A,0.4690560351915917,0.2872447637917575,0.24369920101665085
12,30038,2024-11-17,2024,,テゲバジャーロ宮崎,Y.S.C.C.横浜,H,A,0.3827766864255927,0.3286608416124,0.2885624719620074
12,30714,2024-11-17,2024,,京都,鹿島,D,A,0.429400721108564,0.30730914025572126,0.2632901386357148
12,30700,2024-11-22,2024,,浦和,川崎F,D,D,0.3366362191206051,0.4030127506790901,0.26035103020030476
12,30039,2024-11-24,2024,,ヴァンラーレ八戸,FC大阪,D,D,0.2449236019877919,0.4248132175660074,0.3302631804462008
12,30040,2024-11-24,2024,,いわてグルージャ盛岡,福島ユナイテッドFC,A,A,0.5923022859684759,0.17189122403846166,0.23580648999306247
12,30041,2024-11-24,2024,,大宮,富山,A,D,0.28443245607566847,0.4208695598864367,0.2946979840378948
12,30042,2024-11-24,2024,,Y.S.C.C.横浜,ギラヴァンツ北九州,A,D,0.3543992426605604,0.3546427629937088,0.2909579943457309
12,30043,2024-11-24,2024,,SC相模原,ガイナーレ鳥取,H,H,0.3121493945002236,0.2880907935140747,0.3997598119857017
12,30044,2024-11-24,2024,,AC長野パルセイロ,カマタマーレ讃岐,A,D,0.30091844238421533,0.40422690473556566,0.2948546528802191
12,30045,2024-11-24,2024,,ツエーゲン金沢,奈良クラブ,H,A,0.4585442142851676,0.36152096617149543,0.17993481954333698
12,30046,2024-11-24,2024,,アスルクラロ沼津,松本山雅FC,A,A,0.39904141590065745,0.25138133562389736,0.34957724847544525
12,30047,2024-11-24,2024,,FC今治,テゲバジャーロ宮崎,H,D,0.24802279744574432,0.5423189220896766,0.20965828046457916
12,30048,2024-11-24,2024,,FC琉球,FC岐阜,A,A,0.4368279253650138,0.3236668684917195,0.23950520614326676
12,30790,2024-11-30,2024,,町田,京都,H,H,0.2804509132354923,0.10672683399191685,0.6128222527725908
12,30791,2024-11-30,2024,,新潟,G大阪,A,A,0.39701827143432533,0.2529904062875218,0.34999132227815294
12,30792,2024-11-30,2024,,磐田,FC東京,H,A,0.44710760239260666,0.17705256526555457,0.3758398323418388
12,30793,2024-11-30,2024,,名古屋,鳥栖,A,H,0.44385267080365903,0.09073425393523295,0.465413075261108
12,30794,2024-11-30,2024,,C大阪,鹿島,A,D,0.2960190019966925,0.3997626688957931,0.30421832910751445
12,30795,2024-11-30,2024,,福岡,浦和,H,D,0.300303146383217,0.5293022600862168,0.17039459353056619
12,30796,2024-11-30,2024,,柏,神戸,D,H,0.2505758869427962,0.2388985375789268,0.510525575478277
12,30797,2024-11-30,2024,,東京V,川崎F,A,H,0.2975399199790171,0.3394977937312774,0.36296228628970545
12,30798,2024-11-30,2024,,湘南,横浜FM,A,A,0.40328918796008423,0.2612075797134715,0.33550323232644413
12,30799,2024-12-01,2024,,広島,札幌,H,D,0.242747566723923,0.4267048970676098,0.3305475362084673
12,30800,2024-12-08,2024,,札幌,柏,H,A,0.5910106531099185,0.24076534732431507,0.16822399956576634
12,30801,2024-12-08,2024,,鹿島,町田,H,A,0.4605057941726493,0.20551808948646313,0.3339761163408876
12,30802,2024-12-08,2024,,浦和,新潟,D,D,0.31710842072033396,0.36641309804331124,0.31647848123635475
12,30803,2024-12-08,2024,,FC東京,C大阪,H,A,0.4534068962420696,0.27168847405759616,0.27490462970033436
12,30804,2024-12-08,2024,,川崎F,福岡,H,A,0.5521867357713767,0.05769652856622397,0.39011673566239935
12,30805,2024-12-08,2024,,横浜FM,名古屋,A,D,0.15441938525710552,0.6898120002564784,0.15576861448641613
12,30806,2024-12-08,2024,,京都,東京V,D,A,0.4338610344264587,0.24926750331206432,0.316871462261477
12,30807,2024-12-08,2024,,G大阪,広島,H,H,0.17657339272829764,0.36252673191650164,0.46089987535520066
12,30808,2024-12-08,2024,,神戸,湘南,H,D,0.27574377815745404,0.43671723305646754,0.2875389887860785
12,30809,2024-12-08,2024,,鳥栖,磐田,H,A,0.44584579239292144,0.22442634699064876,0.32972786061642984
13,31361,2025-02-14,2025,,G大阪,C大阪,A,D,0.22470147773021798,0.5647050904870794,0.2105934317827027
13,31362,2025-02-15,2025,,横浜FM,新潟,D,D,0.3896775459423577,0.47534878111228224,0.13497367294536008
13,31363,2025-02-15,2025,,横浜FC,FC東京,A,A,0.49451170650215914,0.27921772286151136,0.2262705706363296
13,31364,2025-02-15,2025,,神戸,浦和,D,D,0.20568009119689387,0.5606999554243675,0.23361995337873875
13,31365,2025-02-15,2025,,岡山,京都,H,A,0.4031001185492604,0.20806629871438248,0.38883358273635715
13,31366,2025-02-15,2025,,福岡,柏,A,A,0.4847670250396133,0.3678420507243137,0.14739092423607306
13,31367,2025-02-15,2025,,川崎F,名古屋,H,H,0.3126330434677455,0.19922109723637238,0.48814585929588217
13,31368,2025-02-15,2025,,湘南,鹿島,H,D,0.30529510920531466,0.45241032570007,0.24229456509461544
13,31431,2025-02-15,2025,,いわきFC,千葉,A,D,0.2666682600516968,0.3988978075933292,0.33443393235497404
13,31432,2025-02-15,2025,,大宮,山形,H,D,0.2922261197101867,0.3644061975343124,0.3433676827555009
13,31433,2025-02-15,2025,,甲府,レノファ山口FC,H,D,0.26631522897068965,0.4840020479458799,0.24968272308343037
13,31434,2025-02-15,2025,,磐田,水戸,H,A,0.4028648003665993,0.2673259726713094,0.3298092269620913
13,31435,2025-02-15,2025,,藤枝MYFC,徳島,A,A,0.44246913232131185,0.32362122895014384,0.23390963872854426
13,31436,2025-02-15,2025,,鳥栖,仙台,A,D,0.3876152366084033,0.3937812056306388,0.21860355776095805
13,31437,2025-02-15,2025,,V・ファーレン長崎,熊本,H,H,0.2445521187149472,0.2380731458973669,0.517374735387686
13,31501,2025-02-15,2025,,栃木シティ,SC相模原,H,H,0.25860236494632116,0.32174280148966317,0.41965483356401573
13,31502,2025-02-15,2025,,群馬,FC琉球,D,A,0.3710861207563868,0.32326730667074927,0.30564657257286404
13,31369,2025-02-16,2025,,東京V,清水,A,A,0.4633917902064633,0.22823726744575876,0.30837094234777795
13,31370,2025-02-16,2025,,町田,広島,A,D,0.309066596978753,0.44438173977858775,0.2465516632426593
13,31438,2025-02-16,2025,,愛媛FC,富山,A,A,0.5948509399013366,0.19485431441828455,0.21029474568037873
13,31439,2025-02-16,2025,,FC今治,秋田,A,A,0.5233616514303647,0.12684168147695105,0.34979666709268425
13,31440,2025-02-16,2025,,大分,札幌,H,D,0.3079635438997968,0.5031929986052895,0.1888434574949137
13,31503,2025-02-16,2025,,栃木SC,高知ユナイテッドSC,H,D,0.16824570009204684,0.5154788757923849,0.31627542411556825
13,31504,2025-02-16,2025,,アスルクラロ沼津,ガイナーレ鳥取,H,D,0.30125968111050844,0.4176766395801186,0.2810636793093731
13,31505,2025-02-16,2025,,FC大阪,FC岐阜,D,A,0.3847670301842745,0.34379345253922583,0.2714395172764997
13,31506,2025-02-16,2025,,奈良クラブ,福島ユナイテッドFC,D,A,0.4202035461902889,0.34235868142851456,0.2374377723811966
13,31507,2025-02-16,2025,,テゲバジャーロ宮崎,AC長野パルセイロ,A,D,0.12486556019956556,0.6250568669736762,0.25007757282675813
13,31508,2025-02-16,2025,,鹿児島ユナイテッドFC,カマタマーレ讃岐,D,A,0.48072642676869765,0.18812240778513892,0.3311511654461635
13,31371,2025-02-22,2025,,柏,川崎F,D,A,0.37701294878345326,0.3428779327523809,0.28010911846416586
13,31372,2025-02-22,2025,,横浜FC,岡山,H,D,0.3632332616311292,0.3751952006916589,0.2615715376772119
13,31373,2025-02-22,2025,,清水,新潟,H,H,0.24635494901600744,0.3017803844558195,0.451864666528173
13,31374,2025-02-22,2025,,名古屋,神戸,D,A,0.5953350283612662,0.15848586662802058,0.24617910501071333
13,31375,2025-02-22,2025,,京都,浦和,D,H,0.19358926235733462,0.37359026161801945,0.43282047602464585
13,31376,2025-02-22,2025,,鹿島,東京V,H,H,0.24064040896338923,0.317387971300023,0.44197161973658783
13,31377,2025-02-22,2025,,FC東京,町田,A,D,0.23513077358309384,0.3897862385939844,0.37508298782292177
13,31378,2025-02-22,2025,,G大阪,福岡,H,D,0.42286470217450356,0.47746291083689624,0.09967238698860023
13,31379,2025-02-22,2025,,C大阪,湘南,A,H,0.23077965904817427,0.16083204119960937,0.6083882997522164
13,31441,2025-02-22,2025,,大宮,甲府,H,D,0.33417255328522943,0.3832926939014312,0.28253475281333945
13,31442,2025-02-22,2025,,千葉,富山,H,D,0.3457206303057149,0.38368761898155873,0.2705917507127263
13,31443,2025-02-22,2025,,磐田,鳥栖,H,H,0.19954696256130006,0.22424739871724028,0.5762056387214597
13,31511,2025-02-22,2025,,群馬,栃木シティ,H,D,0.3843518446094477,0.38449573851332086,0.23115241687723137
13,31512,2025-02-22,2025,,SC相模原,栃木SC,H,A,0.532516072211208,0.10245886600543697,0.36502506178335503
13,31513,2025-02-22,2025,,ギラヴァンツ北九州,AC長野パルセイロ,H,D,0.30439455828949863,0.4133828370672495,0.28222260464325194
13,31514,2025-02-22,2025,,FC琉球,FC大阪,A,D,0.22759375123145895,0.5770671314805498,0.19533911728799136
13,31380,2025-02-23,2025,,広島,横浜FM,H,H,0.3663506153094212,0.24328739478155928,0.3903619899090195
13,31444,2025-02-23,2025,,レノファ山口FC,V・ファーレン長崎,D,A,0.40981070567230904,0.2238660275793968,0.36632326674829424
13,31445,2025-02-23,2025,,熊本,札幌,H,H,0.22011351198609985,0.33544715597512964,0.44443933203877045
13,31446,2025-02-23,2025,,徳島,仙台,H,H,0.30130733220945033,0.3090080441595149,0.38968462363103473
13,31447,2025-02-23,2025,,水戸,山形,H,H,0.34471005604489224,0.3038296374375498,0.351460306517558
13,31448,2025-02-23,2025,,FC今治,藤枝MYFC,D,H,0.3645246306707823,0.1722323288535173,0.4632430404757004
13,31449,2025-02-23,2025,,大分,いわきFC,D,A,0.4559950993696745,0.260784569164,0.2832203314663255
13,31450,2025-02-23,2025,,愛媛FC,秋田,A,A,0.4117202176310168,0.2992744975731079,0.28900528479587523
13,31515,2025-02-23,2025,,アスルクラロ沼津,松本山雅FC,D,D,0.3252119142824953,0.341638000320147,0.33315008539735763
13,31516,2025-02-23,2025,,FC岐阜,ヴァンラーレ八戸,A,D,0.20945064177742642,0.45156441386085544,0.33898494436171805
13,31517,2025-02-23,2025,,カマタマーレ讃岐,奈良クラブ,H,H,0.2246055084847266,0.18041319907998482,0.5949812924352886
13,31518,2025-02-23,2025,,高知ユナイテッドSC,ガイナーレ鳥取,D,D,0.21662203120881285,0.42990502359283483,0.35347294519835226
13,31519,2025-02-23,2025,,テゲバジャーロ宮崎,福島ユナイテッドFC,H,D,0.3380451030146932,0.34275123334888064,0.3192036636364261
13,31520,2025-02-23,2025,,鹿児島ユナイテッドFC,ツエーゲン金沢,A,D,0.30993606362706194,0.38996847327442286,0.30009546309851526
13,31381,2025-02-26,2025,,鹿島,新潟,H,H,0.22277368369534226,0.3080866955150875,0.46913962078957033
13,31382,2025-02-26,2025,,柏,C大阪,H,A,0.38162620871391445,0.3441859049946304,0.27418788629145513
13,31383,2025-02-26,2025,,FC東京,名古屋,H,D,0.25520682242080633,0.4805714011354785,0.26422177644371525
13,31384,2025-02-26,2025,,町田,東京V,A,A,0.38557956435207447,0.287246004592589,0.3271744310553366
13,31385,2025-02-26,2025,,横浜FM,横浜FC,D,D,0.3650419814306269,0.40028999769606527,0.23466802087330788
13,31386,2025-02-26,2025,,湘南,浦和,H,H,0.3067658187679979,0.33834613156281546,0.3548880496691867
13,31387,2025-02-26,2025,,清水,広島,D,A,0.4053331708298536,0.31169887997534407,0.28296794919480234
13,31388,2025-02-26,2025,,神戸,京都,D,D,0.3999842776889788,0.4059102024769055,0.1941055198341157
13,31389,2025-02-26,2025,,岡山,G大阪,H,A,0.3808435307250865,0.3125158635260104,0.3066406057489032
13,31390,2025-02-26,2025,,福岡,川崎F,A,A,0.4226590104544853,0.28493629497079076,0.29240469457472396
13,31391,2025-03-01,2025,,横浜FM,湘南,D,A,0.36443523922164667,0.34013856045603685,0.29542620032231653
13,31392,2025-03-01,2025,,鹿島,FC東京,H,D,0.19769110225024827,0.5408656136326541,0.2614432841170978
13,31393,2025-03-01,2025,,川崎F,京都,A,A,0.48682260770048297,0.2165271350935801,0.29665025720593696
13,31394,2025-03-01,2025,,神戸,福岡,A,A,0.5713025917597961,0.24910263286087023,0.17959477537933366
13,31451,2025-03-01,2025,,仙台,大分,H,A,0.41311132651274507,0.40473656844039085,0.18215210504686416
13,31452,2025-03-01,2025,,千葉,山形,H,A,0.5507511481123913,0.2462478392101089,0.2030010126774997
13,31453,2025-03-01,2025,,藤枝MYFC,秋田,H,D,0.310859565336395,0.5693657007842052,0.11977473387939974
13,31454,2025-03-01,2025,,鳥栖,FC今治,A,D,0.21912035605869254,0.4253383317346776,0.35554131220662993
13,31455,2025-03-01,2025,,V・ファーレン長崎,磐田,H,D,0.26154780255364773,0.38529146606127573,0.3531607313850766
13,31521,2025-03-01,2025,,栃木シティ,アスルクラロ沼津,D,D,0.1842934369375759,0.48373608358754794,0.3319704794748761
13,31522,2025-03-01,2025,,SC相模原,鹿児島ユナイテッドFC,A,A,0.4313998767200646,0.1858267154343183,0.38277340784561714
13,31523,2025-03-01,2025,,AC長野パルセイロ,群馬,H,D,0.2981235624807918,0.4418802969028511,0.2599961406163572
13,31524,2025-03-01,2025,,FC岐阜,ギラヴァンツ北九州,H,A,0.4120346607658337,0.21565066126061755,0.37231467797354867
13,31525,2025-03-01,2025,,奈良クラブ,松本山雅FC,H,A,0.3923716915987948,0.3821003889126353,0.22552791948856982
13,31526,2025-03-01,2025,,FC琉球,福島ユナイテッドFC,A,A,0.411510119435469,0.35721734077350564,0.23127253979102536
13,31395,2025-03-02,2025,,東京V,G大阪,A,H,0.4184413827823814,0.1281721201508612,0.4533864970667574
13,31396,2025-03-02,2025,,新潟,C大阪,D,A,0.4117386727214892,0.30111157371092834,0.2871497535675826
13,31397,2025-03-02,2025,,名古屋,町田,A,A,0.41565166360063505,0.2746538118561169,0.30969452454324814
13,31398,2025-03-02,2025,,岡山,清水,D,A,0.36943432877921567,0.27786498940224647,0.3527006818185379
13,31399,2025-03-02,2025,,広島,横浜FC,H,D,0.30111598659786665,0.4226307467342133,0.27625326666792016
13,31400,2025-03-02,2025,,浦和,柏,A,D,0.32601345202049653,0.47911252367054646,0.19487402430895703
13,31456,2025-03-02,2025,,熊本,大宮,A,D,0.3595418809127065,0.4366920566449441,0.2037660624423494
13,31457,2025-03-02,2025,,いわきFC,徳島,D,A,0.6639160473360782,0.149075561705529,0.18700839095839278
13,31458,2025-03-02,2025,,水戸,愛媛FC,D,H,0.2079218037986647,0.3776511914358922,0.4144270047654431
13,31459,2025-03-02,2025,,富山,甲府,H,A,0.47298541787254655,0.28920432261092616,0.23781025951652723
13,31460,2025-03-02,2025,,レノファ山口FC,札幌,H,H,0.333460680572649,0.3040844535562747,0.3624548658710764
13,31527,2025-03-02,2025,,栃木SC,テゲバジャーロ宮崎,A,A,0.42936943782802994,0.3983268413641848,0.17230372080778533
13,31528,2025-03-02,2025,,ガイナーレ鳥取,ヴァンラーレ八戸,D,D,0.17195115644390252,0.4301045955956398,0.3979442479604577
13,31529,2025-03-02,2025,,カマタマーレ讃岐,ツエーゲン金沢,D,A,0.4350049224749952,0.3156366385728624,0.24935843895214235
13,31530,2025-03-02,2025,,高知ユナイテッドSC,FC大阪,A,D,0.17677764472921445,0.5623265269514243,0.2608958283193613
13,31401,2025-03-08,2025,,浦和,岡山,H,D,0.25384991285360664,0.4279614861264598,0.31818860101993357
13,31402,2025-03-08,2025,,柏,鹿島,A,A,0.38972751223956864,0.3200887615584725,0.290183726201959
13,31403,2025-03-08,2025,,横浜FC,町田,A,A,0.38708289801143053,0.35847157193254214,0.25444553005602727
13,31404,2025-03-08,2025,,新潟,東京V,D,H,0.26240218785570796,0.24937069493967132,0.4882271172046208
13,31405,2025-03-08,2025,,FC東京,湘南,D,A,0.41581314205013,0.29055733005545614,0.2936295278944139
13,31406,2025-03-08,2025,,G大阪,清水,H,H,0.247368307638874,0.3698731314509176,0.3827585609102084
13,31407,2025-03-08,2025,,C大阪,名古屋,D,D,0.34152637003262204,0.38743099893847416,0.27104263102890386
13,31461,2025-03-08,2025,,仙台,V・ファーレン長崎,D,A,0.4556107001962554,0.31929549275421876,0.2250938070495258
13,31462,2025-03-08,2025,,大宮,レノファ山口FC,H,D,0.3667531830277612,0.39333029566083155,0.23991652131140717
13,31463,2025-03-08,2025,,愛媛FC,FC今治,A,D,0.22670156335759237,0.5271363290178794,0.24616210762452823
13,31531,2025-03-08,2025,,福島ユナイテッドFC,FC岐阜,H,H,0.2720639364062014,0.3007602644995517,0.42717579909424686
13,31532,2025-03-08,2025,,AC長野パルセイロ,栃木シティ,A,A,0.4469451653232246,0.1919028320882223,0.36115200258855307
13,31533,2025-03-08,2025,,FC大阪,ガイナーレ鳥取,H,D,0.21707278328315252,0.4589632922022163,0.32396392451463124
13,31534,2025-03-08,2025,,奈良クラブ,FC琉球,H,D,0.3230334729140357,0.5057501743973507,0.17121635268861363
13,31535,2025-03-08,2025,,ギラヴァンツ北九州,カマタマーレ讃岐,H,D,0.32803940572966955,0.3605268374332578,0.3114337568370727
13,31536,2025-03-08,2025,,鹿児島ユナイテッドFC,群馬,H,A,0.3975539814879975,0.25005708586197933,0.3523889326500232
13,31408,2025-03-09,2025,,京都,福岡,A,A,0.34535806370968175,0.3156979997971084,0.33894393649320986
13,31464,2025-03-09,2025,,札幌,千葉,A,A,0.4020997970440886,0.3778191331248716,0.2200810698310398
13,31465,2025-03-09,2025,,山形,秋田,H,D,0.43013839013096095,0.4426001250678017,0.12726148480123736
13,31466,2025-03-09,2025,,いわきFC,鳥栖,D,A,0.38809209565895786,0.29355605383112465,0.31835185050991754
13,31467,2025-03-09,2025,,甲府,藤枝MYFC,D,A,0.5249224412558272,0.2732160041350198,0.201861554609153
13,31468,2025-03-09,2025,,富山,磐田,H,H,0.3280904655870485,0.21335018465156408,0.45855934976138735
13,31469,2025-03-09,2025,,徳島,熊本,D,D,0.22091044365061016,0.5046900303725687,0.27439952597682116
13,31470,2025-03-09,2025,,大分,水戸,D,H,0.35084709388870444,0.22223128505803397,0.4269216210532616
13,31537,2025-03-09,2025,,ヴァンラーレ八戸,SC相模原,A,H,0.2521993031495533,0.34957556239133397,0.3982251344591128
13,31538,2025-03-09,2025,,ツエーゲン金沢,高知ユナイテッドSC,A,D,0.30719297384815947,0.42399400891066763,0.26881301724117285
13,31539,2025-03-09,2025,,アスルクラロ沼津,栃木SC,D,H,0.24607273384324369,0.18284987048730475,0.5710773956694516
13,31540,2025-03-09,2025,,テゲバジャーロ宮崎,松本山雅FC,D,H,0.2217495789473103,0.3493241935693947,0.42892622748329506
13,31411,2025-03-15,2025,,東京V,名古屋,H,H,0.28729119768912437,0.3259995355120281,0.38670926679884754
13,31412,2025-03-15,2025,,町田,新潟,H,A,0.428437066439366,0.23931939949935088,0.3322435340612831
13,31413,2025-03-15,2025,,横浜FC,C大阪,H,H,0.3323555352380271,0.3290267776752584,0.3386176870867146
13,31414,2025-03-15,2025,,福岡,FC東京,H,D,0.30302574030716783,0.3740031391838325,0.3229711205089996
13,31471,2025-03-15,2025,,秋田,札幌,A,D,0.27364635605788157,0.466146115788771,0.26020752815334747
13,31472,2025-03-15,2025,,磐田,甲府,H,H,0.30452630686040577,0.23066229120396772,0.46481140193562653
13,31473,2025-03-15,2025,,藤枝MYFC,いわきFC,H,A,0.35215096283666875,0.3172214585519857,0.3306275786113456
13,31474,2025-03-15,2025,,鳥栖,大宮,H,A,0.4672277545620845,0.29033085228869265,0.24244139314922292
13,31475,2025-03-15,2025,,V・ファーレン長崎,徳島,H,D,0.33081400298630104,0.3978323227040882,0.27135367430961077
13,31541,2025-03-15,2025,,SC相模原,奈良クラブ,D,A,0.5902602458974175,0.1492829325798825,0.2604568215226999
13,31542,2025-03-15,2025,,カマタマーレ讃岐,FC琉球,H,A,0.5292048611134847,0.261093826868233,0.20970131201828232
13,31543,2025-03-15,2025,,高知ユナイテッドSC,鹿児島ユナイテッドFC,D,H,0.271900386351538,0.25752421938351455,0.4705753942649474
13,31544,2025-03-15,2025,,ギラヴァンツ北九州,ヴァンラーレ八戸,H,H,0.22918804322491532,0.25003442652133806,0.5207775302537466
13,31415,2025-03-16,2025,,清水,京都,A,A,0.46968425351987686,0.28954431170343725,0.24077143477668578
13,31416,2025-03-16,2025,,鹿島,浦和,D,A,0.3744869352437999,0.3580908224147263,0.2674222423414739
13,31417,2025-03-16,2025,,横浜FM,G大阪,H,A,0.38373248261302195,0.25525637909947807,0.3610111382874999
13,31418,2025-03-16,2025,,岡山,川崎F,D,D,0.2229794310653109,0.44603777320737015,0.33098279572731887
13,31419,2025-03-16,2025,,広島,柏,D,H,0.33307423940880676,0.3102521113384957,0.35667364925269757
13,31420,2025-03-16,2025,,湘南,神戸,A,A,0.39060642024143183,0.26084444663875295,0.3485491331198153
13,31476,2025-03-16,2025,,熊本,山形,A,A,0.5394184272582798,0.23734429877153093,0.2232372739701893
13,31477,2025-03-16,2025,,水戸,仙台,D,D,0.3549906812459846,0.38459646646961426,0.2604128522844011
13,31478,2025-03-16,2025,,千葉,愛媛FC,H,D,0.1757933652232084,0.4191458851573226,0.40506074961946903
13,31479,2025-03-16,2025,,レノファ山口FC,大分,D,H,0.35311020863782455,0.22573143426496664,0.42115835709720884
13,31480,2025-03-16,2025,,FC今治,富山,D,A,0.4274835910109474,0.32093986834228216,0.2515765406467705
13,31546,2025-03-16,2025,,栃木SC,FC大阪,H,A,0.3932889213753832,0.3428077634268553,0.2639033151977615
13,31547,2025-03-16,2025,,栃木シティ,テゲバジャーロ宮崎,H,D,0.2650135580791279,0.4402846443017273,0.29470179761914483
13,31548,2025-03-16,2025,,群馬,ガイナーレ鳥取,H,A,0.425079730380045,0.2268523434125212,0.3480679262074338
13,31550,2025-03-16,2025,,FC岐阜,ツエーゲン金沢,A,D,0.3269520352051221,0.4227883849419912,0.2502595798528867
14,31481,2025-03-23,2025,,仙台,磐田,A,H,0.2505160653691412,0.35277712219394036,0.39670681243691847
14,31482,2025-03-23,2025,,レノファ山口FC,熊本,A,A,0.5562253815737214,0.2798009622161671,0.16397365621011156
14,31483,2025-03-23,2025,,山形,徳島,D,H,0.40239978705466944,0.17563934694874903,0.4219608659965815
14,31484,2025-03-23,2025,,いわきFC,FC今治,A,H,0.2800746477377119,0.3595282346376972,0.360397117624591
14,31485,2025-03-23,2025,,大宮,水戸,H,D,0.3184354465957515,0.34519006572615124,0.33637448767809724
14,31486,2025-03-23,2025,,甲府,千葉,A,H,0.33279537578355706,0.277765628765919,0.389438995450524
14,31487,2025-03-23,2025,,愛媛FC,札幌,A,D,0.32890027887707823,0.38147938393712955,0.28962033718579233
14,31488,2025-03-23,2025,,鳥栖,富山,H,H,0.3080969952418968,0.2889640681370691,0.40293893662103414
14,31489,2025-03-23,2025,,V・ファーレン長崎,秋田,H,A,0.43639264001255934,0.2568169521592766,0.3067904078281641
14,31490,2025-03-23,2025,,大分,藤枝MYFC,D,D,0.3357271333566298,0.391533719934037,0.2727391467093331
14,31551,2025-03-23,2025,,ヴァンラーレ八戸,高知ユナイテッドSC,H,H,0.2722482328861812,0.2909768778307307,0.43677488928308805
14,31552,2025-03-23,2025,,松本山雅FC,SC相模原,H,H,0.2577960212980109,0.36857563801960785,0.37362834068238127
14,31553,2025-03-23,2025,,AC長野パルセイロ,福島ユナイテッドFC,H,A,0.3971649880486545,0.29176363153034435,0.3110713804210012
14,31554,2025-03-23,2025,,アスルクラロ沼津,テゲバジャーロ宮崎,A,D,0.30410035704539934,0.37843539018825223,0.3174642527663485
14,31555,2025-03-23,2025,,FC大阪,ツエーゲン金沢,H,D,0.2800521138999686,0.46447656460955533,0.25547132149047613
14,31556,2025-03-23,2025,,奈良クラブ,群馬,H,H,0.2739140624581955,0.23852175731267075,0.4875641802291338
14,31557,2025-03-23,2025,,ガイナーレ鳥取,FC岐阜,H,H,0.26952318289829014,0.23130739326028638,0.49916942384142354
14,31558,2025-03-23,2025,,カマタマーレ讃岐,栃木シティ,A,A,0.41425761598305366,0.223725276669697,0.3620171073472494
14,31559,2025-03-23,2025,,鹿児島ユナイテッドFC,ギラヴァンツ北九州,H,A,0.5004264436010052,0.21341320119757198,0.2861603552014229
14,31560,2025-03-23,2025,,FC琉球,栃木SC,H,H,0.35710666642833966,0.20540360296360172,0.4374897306080587
14,31421,2025-03-28,2025,,C大阪,浦和,D,D,0.16013065805906776,0.5472686761447257,0.2926006657962065
14,31422,2025-03-29,2025,,岡山,横浜FM,H,H,0.2565028720679516,0.28829357983698223,0.45520354809506625
14,31423,2025-03-29,2025,,柏,東京V,D,A,0.489379325057399,0.25608045180710076,0.25454022313550034
14,31424,2025-03-29,2025,,新潟,G大阪,D,A,0.5593958019429809,0.20957722626709666,0.23102697178992243
14,31425,2025-03-29,2025,,清水,湘南,H,D,0.2588360647482356,0.4122965169621271,0.32886741828963734
14,31426,2025-03-29,2025,,名古屋,横浜FC,H,A,0.49330468481194323,0.2553531117540469,0.25134220343400987
14,31427,2025-03-29,2025,,京都,広島,H,H,0.2629415256437929,0.3055243131791209,0.43153416117708615
14,31428,2025-03-29,2025,,鹿島,神戸,H,D,0.19743527712694997,0.46614400732207867,0.3364207155509714
14,31429,2025-03-29,2025,,福岡,町田,D,H,0.16408935091009066,0.2545319096595228,0.5813787394303865
14,31430,2025-03-29,2025,,FC東京,川崎F,A,D,0.3360123071908672,0.37460469336677577,0.28938299944235707
14,31491,2025-03-29,2025,,札幌,甲府,A,H,0.2840184051066584,0.2728027910700204,0.44317880382332114
14,31562,2025-03-29,2025,,FC岐阜,松本山雅FC,D,H,0.129178461924545,0.4015638499602367,0.46925768811521834
14,31492,2025-03-30,2025,,熊本,鳥栖,H,H,0.23065982810982671,0.22199723202558605,0.5473429398645873
14,31493,2025-03-30,2025,,秋田,レノファ山口FC,H,H,0.3243515402074476,0.3043385734198475,0.3713098863727049
14,31494,2025-03-30,2025,,水戸,いわきFC,H,H,0.22283062084609334,0.3123963225950318,0.46477305655887485
14,31495,2025-03-30,2025,,富山,仙台,A,H,0.2882416854180866,0.3186127292835136,0.3931455852983999
14,31496,2025-03-30,2025,,藤枝MYFC,V・ファーレン長崎,H,A,0.40062125633800494,0.3279368445241406,0.2714418991378545
14,31497,2025-03-30,2025,,FC今治,山形,D,H,0.2541871354528613,0.346749517286717,0.39906334726042164
14,31498,2025-03-30,2025,,磐田,千葉,H,H,0.27954065309580833,0.3009403018958827,0.419519045008309
14,31499,2025-03-30,2025,,愛媛FC,大分,A,A,0.40566292632262213,0.28073168627430045,0.3136053874030775
14,31500,2025-03-30,2025,,徳島,大宮,H,H,0.1653396789323738,0.25799656120559156,0.5766637598620348
14,31561,2025-03-30,2025,,ヴァンラーレ八戸,奈良クラブ,D,D,0.22671287736177934,0.5867699942533853,0.18651712838483545
14,31563,2025-03-30,2025,,福島ユナイテッドFC,ガイナーレ鳥取,H,D,0.24364769031765418,0.40238051816513404,0.3539717915172118
14,31564,2025-03-30,2025,,栃木SC,栃木シティ,D,H,0.33401894813814365,0.3054130562843254,0.36056799557753105
14,31565,2025-03-30,2025,,群馬,ギラヴァンツ北九州,A,A,0.3720418400650643,0.33007938681789356,0.2978787731170422
14,31566,2025-03-30,2025,,SC相模原,カマタマーレ讃岐,D,D,0.3284581625308902,0.4534630121925151,0.2180788252765946
14,31567,2025-03-30,2025,,ツエーゲン金沢,AC長野パルセイロ,H,D,0.3001970615666008,0.36061532410624836,0.3391876143271508
14,31568,2025-03-30,2025,,FC大阪,アスルクラロ沼津,H,H,0.23025304912979608,0.34955491541427847,0.42019203545592543
14,31569,2025-03-30,2025,,高知ユナイテッドSC,FC琉球,D,H,0.1403812629495329,0.28822477098169696,0.5713939660687701
14,31570,2025-03-30,2025,,テゲバジャーロ宮崎,鹿児島ユナイテッドFC,D,H,0.30192364382681314,0.3391615961797792,0.3589147599934077
14,32221,2025-04-02,2025,,東京V,FC東京,D,D,0.16142736754406642,0.49131462882438875,0.3472580036315448
14,32222,2025-04-02,2025,,川崎F,湘南,H,D,0.32781818724914824,0.4025580468754529,0.26962376587539894
14,32223,2025-04-02,2025,,横浜FC,神戸,A,A,0.37098609953485356,0.3293993057907321,0.29961459467441426
14,32224,2025-04-02,2025,,新潟,福岡,A,A,0.42637670218475904,0.3829888888633449,0.19063440895189615
14,32225,2025-04-02,2025,,名古屋,横浜FM,H,H,0.1853398285672508,0.19580008664111562,0.6188600847916336
14,32226,2025-04-02,2025,,京都,柏,D,A,0.3495314558602809,0.32979498393106976,0.32067356020864946
14,32227,2025-04-02,2025,,G大阪,町田,A,D,0.3146189620904922,0.3565481251556223,0.3288329127538855
14,32228,2025-04-02,2025,,C大阪,岡山,H,D,0.23790502441972775,0.40093911519855346,0.3611558603817187
14,32229,2025-04-02,2025,,広島,鹿島,H,A,0.37979707161917203,0.3244953429167685,0.29570758546405956
14,32230,2025-04-02,2025,,浦和,清水,H,D,0.21563871554652198,0.4868168312243469,0.29754445322913115
14,31601,2025-04-05,2025,,仙台,秋田,H,A,0.40405802137163677,0.39012433156367693,0.20581764706468628
14,31602,2025-04-05,2025,,甲府,いわきFC,H,H,0.33767976492293533,0.27820978900640947,0.3841104460706551
14,31603,2025-04-05,2025,,札幌,徳島,H,H,0.3267930245175536,0.29371265995960666,0.3794943155228398
14,31604,2025-04-05,2025,,山形,磐田,D,H,0.12712057416378925,0.408874426987975,0.4640049988482357
14,31605,2025-04-05,2025,,大宮,大分,D,D,0.27207599909755503,0.3710414210491691,0.3568825798532759
14,31606,2025-04-05,2025,,千葉,水戸,H,D,0.3145354852345697,0.4758021801423889,0.20966233462304146
14,31607,2025-04-05,2025,,レノファ山口FC,愛媛FC,D,A,0.3497812293758794,0.3296901679988866,0.3205286026252339
14,31608,2025-04-05,2025,,鳥栖,藤枝MYFC,H,D,0.22930045285944683,0.44989337830157433,0.3208061688389789
14,31911,2025-04-05,2025,,群馬,テゲバジャーロ宮崎,D,H,0.16129692540153706,0.3830893738638645,0.45561370073459845
14,31912,2025-04-05,2025,,松本山雅FC,高知ユナイテッドSC,A,A,0.4685443958921094,0.37847238445526454,0.15298321965262607
14,31913,2025-04-05,2025,,奈良クラブ,FC岐阜,D,H,0.2643787811314993,0.20480716711746394,0.5308140517510368
14,31914,2025-04-05,2025,,ギラヴァンツ北九州,FC大阪,H,D,0.33157466456818036,0.3835561282237461,0.2848692072080736
14,31915,2025-04-05,2025,,FC琉球,SC相模原,H,H,0.24240208300248,0.3714835223140243,0.3861143946834957
14,32231,2025-04-05,2025,,横浜FM,東京V,D,A,0.3487614246885529,0.3184858932334552,0.3327526820779919
14,31609,2025-04-06,2025,,熊本,富山,D,H,0.2502788274897962,0.34735996360821597,0.40236120890198773
14,31610,2025-04-06,2025,,FC今治,V・ファーレン長崎,H,H,0.2031852101762885,0.3373445787961899,0.4594702110275216
14,31916,2025-04-06,2025,,AC長野パルセイロ,鹿児島ユナイテッドFC,A,H,0.31868460906587076,0.2930964072823506,0.38821898365177865
14,31917,2025-04-06,2025,,栃木SC,ヴァンラーレ八戸,A,A,0.40909095964526293,0.394273700746833,0.1966353396079041
14,31918,2025-04-06,2025,,栃木シティ,福島ユナイテッドFC,D,H,0.2557876865553492,0.2731358693465151,0.47107644409813565
14,31919,2025-04-06,2025,,アスルクラロ沼津,カマタマーレ讃岐,D,D,0.29060823486188364,0.3950247250092661,0.31436704012885036
14,31920,2025-04-06,2025,,ガイナーレ鳥取,ツエーゲン金沢,D,D,0.31350314350731745,0.43676858716043565,0.24972826933224687
14,32232,2025-04-06,2025,,岡山,FC東京,H,D,0.3366706561582643,0.35886689997528043,0.3044624438664552
14,32233,2025-04-06,2025,,町田,川崎F,D,H,0.19254027432790846,0.3054097796292204,0.5020499460428711
14,32234,2025-04-06,2025,,横浜FC,清水,H,D,0.3035767454195187,0.3803244033835287,0.3160988511969528
14,32235,2025-04-06,2025,,神戸,新潟,A,H,0.22765863531168548,0.3040484698074266,0.46829289488088793
14,32236,2025-04-06,2025,,福岡,浦和,H,A,0.4154277230646795,0.3935852372536232,0.1909870396816973
14,32237,2025-04-06,2025,,鹿島,京都,A,H,0.26627641759773557,0.3128266593110886,0.4208969230911758
14,32238,2025-04-06,2025,,柏,G大阪,H,D,0.19682217432023996,0.4159431000191373,0.3872347256606227
14,32239,2025-04-06,2025,,湘南,名古屋,H,D,0.25135838473955946,0.40114601878258754,0.347495596477853
14,32240,2025-04-06,2025,,広島,C大阪,H,H,0.3858247462550851,0.17580607947394594,0.43836917427096894
14,31409,2025-04-09,2025,,川崎F,横浜FM,D,A,0.46336603066937015,0.32066349354846796,0.2159704757821619
14,32241,2025-04-11,2025,,FC東京,柏,D,H,0.2596329991323145,0.2224195328476398,0.5179474680200457
14,31611,2025-04-12,2025,,仙台,FC今治,D,D,0.1972582585368811,0.42763911580473263,0.3751026256583863
14,31612,2025-04-12,2025,,いわきFC,山形,A,D,0.3126660705980737,0.4395765037535559,0.24775742564837044
14,31613,2025-04-12,2025,,水戸,札幌,H,H,0.23923859896539765,0.3465634847872749,0.41419791624732744
14,31921,2025-04-12,2025,,福島ユナイテッドFC,ギラヴァンツ北九州,H,H,0.35170831352737447,0.24041725449432944,0.40787443197829604
14,31922,2025-04-12,2025,,FC大阪,ヴァンラーレ八戸,H,H,0.26082831284007674,0.3446878775050848,0.39448380965483837
14,31923,2025-04-12,2025,,テゲバジャーロ宮崎,ガイナーレ鳥取,H,H,0.3347261342989612,0.292130698019251,0.37314316768178774
14,32242,2025-04-12,2025,,清水,川崎F,D,H,0.24773813247931156,0.37360967153177027,0.37865219598891814
14,32243,2025-04-12,2025,,G大阪,名古屋,H,D,0.17466173511206737,0.41489319868750446,0.41044506620042825
14,32244,2025-04-12,2025,,広島,岡山,A,H,0.2041943539857507,0.3848459986972197,0.41095964731702966
14,32245,2025-04-12,2025,,福岡,横浜FM,H,A,0.4877116104526517,0.14789340447721414,0.3643949850701341
14,32246,2025-04-12,2025,,東京V,神戸,A,H,0.17811218661902603,0.22195859666803622,0.5999292167129378
14,32247,2025-04-12,2025,,C大阪,鹿島,H,H,0.35540829620090747,0.1535707471349264,0.49102095666416623
14,32248,2025-04-12,2025,,京都,湘南,H,A,0.3860168594853686,0.3440770758717949,0.2699060646428365
14,31614,2025-04-13,2025,,秋田,大宮,A,H,0.22096150697176753,0.2572559249849674,0.5217825680432652
14,31615,2025-04-13,2025,,富山,レノファ山口FC,D,H,0.26363928075218485,0.2588377584269816,0.47752296082083356
14,31616,2025-04-13,2025,,藤枝MYFC,千葉,A,H,0.21223467462194637,0.3860886299121173,0.40167669546593626
14,31617,2025-04-13,2025,,V・ファーレン長崎,鳥栖,A,D,0.17476796941220785,0.5406601862490702,0.28457184433872196
14,31618,2025-04-13,2025,,大分,徳島,D,D,0.17820786228141913,0.44741977076818934,0.37437236695039156
14,31619,2025-04-13,2025,,磐田,熊本,D,H,0.3067929235785217,0.33045422715015255,0.36275284927132584
14,31620,2025-04-13,2025,,愛媛FC,甲府,D,D,0.3745620935400518,0.4036895856938053,0.22174832076614298
14,31924,2025-04-13,2025,,鹿児島ユナイテッドFC,アスルクラロ沼津,D,D,0.1982338781615331,0.41697046321941206,0.3847956586190549
14,31925,2025-04-13,2025,,SC相模原,群馬,D,A,0.43115498704609595,0.3265775096095447,0.24226750334435948
14,31926,2025-04-13,2025,,AC長野パルセイロ,FC琉球,D,A,0.3921744410573959,0.34079084476100374,0.26703471418160046
14,31927,2025-04-13,2025,,ツエーゲン金沢,奈良クラブ,H,H,0.30937409139533545,0.33912633709040313,0.3514995715142615
14,31928,2025-04-13,2025,,FC岐阜,栃木SC,A,D,0.24778150688153322,0.3929961813581639,0.3592223117603029
14,31929,2025-04-13,2025,,カマタマーレ讃岐,松本山雅FC,A,H,0.27416775252318065,0.3570128177169779,0.36881942975984144
14,31930,2025-04-13,2025,,高知ユナイテッドSC,栃木シティ,A,A,0.3938341235994891,0.35139156553216794,0.254774310868343
14,32249,2025-04-13,2025,,町田,浦和,A,H,0.23630624084309768,0.3013844748536183,0.46230928430328405
14,32250,2025-04-13,2025,,新潟,横浜FC,D,H,0.16815324959157302,0.3268825579508932,0.5049641924575338
14,32269,2025-04-16,2025,,横浜FM,清水,A,H,0.20338812739859488,0.26434024325352845,0.5322716293478766
14,32270,2025-04-16,2025,,神戸,川崎F,H,H,0.23434348489585702,0.27272122333180093,0.4929352917723421
14,32341,2025-04-16,2025,,浦和,京都,H,D,0.2922604843538579,0.37603580466910347,0.33170371097703855
14,31940,2025-04-18,2025,,FC大阪,群馬,H,H,0.2733132744051196,0.2749651850126218,0.45172154058225866
14,31621,2025-04-19,2025,,山形,愛媛FC,A,H,0.3472915511192705,0.19802754045665757,0.4546809084240719
14,31622,2025-04-19,2025,,甲府,V・ファーレン長崎,D,D,0.30372313806978934,0.38502987010152867,0.3112469918286821
14,31623,2025-04-19,2025,,鳥栖,レノファ山口FC,D,H,0.19560397894035872,0.3623660690147294,0.44202995204491186
14,31931,2025-04-19,2025,,奈良クラブ,アスルクラロ沼津,H,A,0.39229969726757813,0.294496984413612,0.31320331831880976
14,32251,2025-04-19,2025,,新潟,京都,A,H,0.17038703809907277,0.363707356895667,0.46590560500526024
14,31624,2025-04-20,2025,,熊本,仙台,A,D,0.2239262803691583,0.4367968655155686,0.33927685411527303
14,31625,2025-04-20,2025,,札幌,藤枝MYFC,H,H,0.25893059750113867,0.3200776879603229,0.4209917145385385
14,31626,2025-04-20,2025,,秋田,磐田,H,H,0.24828926226114842,0.3246595301770184,0.42705120756183323
14,31627,2025-04-20,2025,,千葉,大分,H,H,0.21773910300732807,0.3837185422685382,0.3985423547241338
14,31628,2025-04-20,2025,,富山,いわきFC,A,A,0.41239015255146466,0.2694678268603372,0.31814202058819824
14,31629,2025-04-20,2025,,徳島,水戸,A,D,0.15930733331421099,0.4827636361739596,0.3579290305118294
14,31630,2025-04-20,2025,,FC今治,大宮,D,H,0.21988542085495075,0.31449834264421583,0.4656162365008334
14,31932,2025-04-20,2025,,ヴァンラーレ八戸,AC長野パルセイロ,H,D,0.2862075318846524,0.3768091072499478,0.33698336086539976
14,31933,2025-04-20,2025,,福島ユナイテッドFC,高知ユナイテッドSC,A,D,0.1671772137532953,0.44120806597910966,0.39161472026759514
14,31934,2025-04-20,2025,,栃木SC,ツエーゲン金沢,A,H,0.21134077472750895,0.3005047137468815,0.4881545115256097
14,31935,2025-04-20,2025,,松本山雅FC,栃木シティ,A,A,0.37150767626608244,0.26647588759380414,0.3620164361401134
14,31936,2025-04-20,2025,,FC岐阜,カマタマーレ讃岐,H,H,0.22189585474936144,0.28666129688203235,0.49144284836860613
14,31937,2025-04-20,2025,,ガイナーレ鳥取,鹿児島ユナイテッドFC,D,D,0.3898483606075934,0.45466386645059786,0.1554877729418087
14,31938,2025-04-20,2025,,ギラヴァンツ北九州,SC相模原,D,A,0.4841296360580297,0.3047048824636862,0.21116548147828418
14,31939,2025-04-20,2025,,FC琉球,テゲバジャーロ宮崎,D,H,0.26106673838663624,0.13067131396635903,0.6082619476470047
14,32252,2025-04-20,2025,,横浜FC,G大阪,D,H,0.3108930691271503,0.23579033173285519,0.4533165991399945
14,32253,2025-04-20,2025,,清水,福岡,H,H,0.33752828281287106,0.2785245516385773,0.3839471655485516
14,32254,2025-04-20,2025,,名古屋,広島,H,D,0.24633345436123003,0.46276777968416405,0.2908987659546059
14,32255,2025-04-20,2025,,神戸,町田,H,A,0.40679011855873803,0.33688130097597807,0.2563285804652839
14,32256,2025-04-20,2025,,岡山,鹿島,A,H,0.32640141382443894,0.26597386315873695,0.4076247230168242
14,32257,2025-04-20,2025,,川崎F,東京V,D,H,0.18055431873150252,0.39555293014088533,0.4238927511276122
14,32258,2025-04-20,2025,,湘南,柏,A,D,0.31524856642772797,0.3424768439867695,0.34227458958550255
14,32259,2025-04-20,2025,,C大阪,FC東京,D,H,0.206202151450994,0.3857946423964234,0.4080032061525825
14,32260,2025-04-20,2025,,浦和,横浜FM,H,H,0.24608690214845635,0.22205414295625694,0.5318589548952867
14,31545,2025-04-23,2025,,福島ユナイテッドFC,アスルクラロ沼津,D,H,0.21977355068542234,0.3626562590243065,0.41757019029027126
14,31631,2025-04-25,2025,,仙台,愛媛FC,D,H,0.2745737939327447,0.2937394112460631,0.43168679482119204
14,31632,2025-04-25,2025,,水戸,甲府,D,D,0.2671298769553951,0.4940742285772637,0.23879589446734126
14,31633,2025-04-25,2025,,大宮,札幌,H,A,0.4835083002237854,0.25344605875950765,0.263045641016707
14,31634,2025-04-25,2025,,千葉,秋田,H,D,0.30729075923171517,0.36930011315210054,0.32340912761618423
14,31635,2025-04-25,2025,,磐田,大分,A,D,0.25820088891659587,0.3830024434014455,0.35879666768195867
14,31636,2025-04-25,2025,,藤枝MYFC,熊本,A,H,0.32318174738435007,0.31056317172345893,0.36625508089219094
14,31637,2025-04-25,2025,,鳥栖,山形,H,D,0.21329515153578668,0.42150345820462043,0.365201390259593
14,31638,2025-04-25,2025,,V・ファーレン長崎,いわきFC,A,D,0.2475146947822933,0.45148486472425053,0.30100044049345626
14,32261,2025-04-25,2025,,鹿島,名古屋,H,A,0.4556401530526162,0.37220956920284104,0.17215027774454283
14,32262,2025-04-25,2025,,東京V,C大阪,H,H,0.24027541512937792,0.2897892308066325,0.4699353540639896
14,32263,2025-04-25,2025,,町田,湘南,A,H,0.31543875302810787,0.3059623060822504,0.3785989408896418
14,32264,2025-04-25,2025,,京都,横浜FC,H,A,0.407343794959503,0.2611955594922621,0.33146064554823496
14,32265,2025-04-25,2025,,福岡,岡山,D,D,0.2000683840173092,0.4162300881127864,0.38370152786990436
14,32266,2025-04-25,2025,,浦和,広島,H,H,0.24890078962701337,0.1928606269565566,0.5582385834164301
14,32267,2025-04-25,2025,,FC東京,G大阪,H,H,0.2481215938339638,0.3488077840497208,0.40307062211631545
14,31509,2025-04-26,2025,,ギラヴァンツ北九州,松本山雅FC,A,A,0.4723329917780692,0.33706328953495746,0.19060371868697334
14,31639,2025-04-26,2025,,レノファ山口FC,FC今治,A,H,0.19321563248506632,0.3323195275875533,0.47446483992738037
14,31640,2025-04-26,2025,,徳島,富山,H,H,0.2668672488526219,0.3022128202837457,0.43091993086363245
14,32268,2025-04-26,2025,,柏,新潟,D,D,0.2769466238948991,0.4212328302412139,0.3018205458638871
14,31510,2025-04-27,2025,,ヴァンラーレ八戸,ツエーゲン金沢,H,A,0.5088748449881151,0.25893743921581747,0.2321877157960675
14,31641,2025-04-29,2025,,札幌,V・ファーレン長崎,D,D,0.2654062071548361,0.42496697293292096,0.309626819912243
14,31642,2025-04-29,2025,,秋田,徳島,A,D,0.26050645956197405,0.4264788018231419,0.31301473861488416
14,31643,2025-04-29,2025,,いわきFC,大宮,H,A,0.4077796394677963,0.3201816548772733,0.2720387056549305
14,31644,2025-04-29,2025,,水戸,FC今治,D,D,0.13774822199994968,0.46383600422954385,0.3984157737705065
14,31645,2025-04-29,2025,,甲府,仙台,A,H,0.15656335078437728,0.26860599657951034,0.5748306526361123
14,31646,2025-04-29,2025,,富山,山形,D,A,0.3806810177788301,0.24619841637999618,0.3731205658411738
14,31647,2025-04-29,2025,,熊本,千葉,D,D,0.2672590594665618,0.4199078656533527,0.31283307488008544
14,31648,2025-04-29,2025,,大分,鳥栖,H,D,0.3284688794838275,0.43496731153584345,0.2365638089803291
14,31649,2025-04-29,2025,,磐田,レノファ山口FC,A,D,0.30067653796661675,0.4687380538470145,0.2305854081863688
14,31650,2025-04-29,2025,,愛媛FC,藤枝MYFC,A,D,0.292422348465985,0.45193107876123995,0.25564657277277497
14,32271,2025-04-29,2025,,FC東京,清水,A,H,0.220316219530388,0.3507089423131273,0.42897483815648474
14,32272,2025-04-29,2025,,横浜FC,鹿島,A,A,0.3565545654286908,0.3222847900965815,0.32116064447472775
14,32273,2025-04-29,2025,,名古屋,柏,A,D,0.13792721189937227,0.5823003391444574,0.27977244895617026
14,32274,2025-04-29,2025,,岡山,東京V,A,H,0.2868888218583229,0.3277015870517893,0.38540959108988776
14,32275,2025-04-29,2025,,広島,新潟,A,D,0.21021239827449276,0.5065783429284552,0.2832092587970521
14,32276,2025-04-29,2025,,湘南,福岡,D,H,0.28676142104598473,0.3501054361504269,0.3631331428035884
14,32277,2025-04-29,2025,,G大阪,京都,H,D,0.17172993136997525,0.4906777532920886,0.33759231533793604
14,32278,2025-04-29,2025,,C大阪,町田,A,A,0.3740007227371289,0.2569329952225054,0.3690662820403657
14,31651,2025-05-03,2025,,仙台,レノファ山口FC,H,H,0.3447118126957775,0.2518862710713776,0.40340191623284494
14,31652,2025-05-03,2025,,いわきFC,秋田,D,H,0.21997981567230332,0.373751589162919,0.4062685951647777
14,31653,2025-05-03,2025,,甲府,徳島,A,A,0.518526268332211,0.2753262051987301,0.20614752646905882
14,31654,2025-05-03,2025,,山形,札幌,A,A,0.4436534282606395,0.18889912010173182,0.36744745163762865
14,31655,2025-05-03,2025,,大宮,富山,D,D,0.21057614701325233,0.3951631839271877,0.39426066905956003
14,31656,2025-05-03,2025,,藤枝MYFC,水戸,A,A,0.539781961013272,0.23988797089667926,0.2203300680900487
14,31657,2025-05-03,2025,,FC今治,磐田,D,D,0.20019615744225924,0.44028897813678086,0.3595148644209599
14,31658,2025-05-03,2025,,鳥栖,千葉,D,D,0.21617865610506853,0.4692360523750247,0.3145852915199067
14,31659,2025-05-03,2025,,大分,熊本,H,H,0.24950055253754894,0.3091134471947621,0.44138600026768904
14,31660,2025-05-03,2025,,V・ファーレン長崎,愛媛FC,D,D,0.1870803712119541,0.44694789770782206,0.36597173108022385
14,31941,2025-05-03,2025,,栃木シティ,FC大阪,H,H,0.2862682033650845,0.35341126931279715,0.36032052732211833
14,31942,2025-05-03,2025,,群馬,FC岐阜,D,H,0.28865995807460654,0.2867933557975592,0.42454668612783436
14,31943,2025-05-03,2025,,アスルクラロ沼津,ヴァンラーレ八戸,A,D,0.239957133703999,0.479559561156289,0.28048330513971204
14,31944,2025-05-03,2025,,ガイナーレ鳥取,FC琉球,H,D,0.22735204154243746,0.49828084824940844,0.27436711020815413
14,31945,2025-05-03,2025,,カマタマーレ讃岐,福島ユナイテッドFC,A,H,0.21955108239160412,0.3075684964009171,0.4728804212074788
14,31946,2025-05-03,2025,,ギラヴァンツ北九州,栃木SC,D,D,0.2453563664771217,0.5514709812620603,0.20317265226081802
14,31947,2025-05-03,2025,,テゲバジャーロ宮崎,高知ユナイテッドSC,H,H,0.18324990032129682,0.3076230096975022,0.509127089981201
14,31948,2025-05-03,2025,,鹿児島ユナイテッドFC,奈良クラブ,A,D,0.3345091527677988,0.35502829572944444,0.31046255150275676
14,31949,2025-05-03,2025,,松本山雅FC,ツエーゲン金沢,H,H,0.24256640795354564,0.279619130031072,0.47781446201538247
14,31950,2025-05-03,2025,,AC長野パルセイロ,SC相模原,D,H,0.25497947522261577,0.17511726208358958,0.5699032626937948
14,32281,2025-05-03,2025,,広島,福岡,H,H,0.16536535338873085,0.354904799673925,0.4797298469373441
14,32282,2025-05-03,2025,,新潟,FC東京,A,D,0.21597666908327864,0.4530712970207497,0.3309520338959716
14,32283,2025-05-03,2025,,清水,名古屋,A,H,0.21637090378562143,0.2908773662605546,0.49275172995382394
14,32284,2025-05-03,2025,,鹿島,町田,H,H,0.29932633964390465,0.31109254123334024,0.3895811191227551
14,32285,2025-05-03,2025,,浦和,東京V,H,H,0.15161668450480745,0.3704275704287515,0.47795574506644106
14,32286,2025-05-03,2025,,G大阪,湘南,H,H,0.19851527563960625,0.2815329125992443,0.5199518117611496
14,32287,2025-05-03,2025,,京都,C大阪,A,A,0.3742792226863117,0.32831956188456424,0.29740121542912407
14,32290,2025-05-03,2025,,神戸,岡山,H,D,0.20730809345218887,0.47847353165885886,0.31421837488895227
14,31661,2025-05-06,2025,,仙台,藤枝MYFC,H,A,0.4957235721025999,0.21297652739401932,0.29129990050338084
14,31662,2025-05-06,2025,,富山,V・ファーレン長崎,A,A,0.5409306671876659,0.1408441653796545,0.31822516743267965
14,31663,2025-05-06,2025,,札幌,磐田,A,H,0.1425887689592524,0.3663541829059679,0.49105704813477963
14,31664,2025-05-06,2025,,山形,大分,H,A,0.3847886121213578,0.28917262721348547,0.32603876066515675
14,31665,2025-05-06,2025,,レノファ山口FC,水戸,A,A,0.34582433911359217,0.3109451111867056,0.3432305496997023
14,31666,2025-05-06,2025,,秋田,甲府,A,H,0.24181308673466373,0.3663971812478248,0.3917897320175115
14,31667,2025-05-06,2025,,愛媛FC,いわきFC,D,H,0.3287431844789458,0.20523902301156544,0.4660177925094889
14,31668,2025-05-06,2025,,熊本,FC今治,A,H,0.27345305037100875,0.36072703151504054,0.36581991811395076
14,31669,2025-05-06,2025,,徳島,鳥栖,A,H,0.26664998122360123,0.359709411539065,0.37364060723733383
14,31670,2025-05-06,2025,,千葉,大宮,A,A,0.3736611441047729,0.3112086265593712,0.3151302293358559
14,31951,2025-05-06,2025,,福島ユナイテッドFC,群馬,A,H,0.31855379101471776,0.19445949458933592,0.48698671439594626
14,31952,2025-05-06,2025,,ヴァンラーレ八戸,栃木シティ,D,D,0.26537456778753266,0.5033614399942934,0.2312639922181739
14,31953,2025-05-06,2025,,栃木SC,AC長野パルセイロ,H,D,0.3116231798889754,0.4064896863979905,0.28188713371303414
14,31954,2025-05-06,2025,,SC相模原,ガイナーレ鳥取,H,D,0.30652508011379337,0.4644414968161227,0.22903342307008392
14,31955,2025-05-06,2025,,ツエーゲン金沢,ギラヴァンツ北九州,A,D,0.1889573876218758,0.4941980646827648,0.3168445476953595
14,31956,2025-05-06,2025,,奈良クラブ,テゲバジャーロ宮崎,A,H,0.27879110302571786,0.2160586500329112,0.505150246941371
14,31957,2025-05-06,2025,,高知ユナイテッドSC,カマタマーレ讃岐,A,D,0.2024863851267311,0.5235911711145878,0.2739224437586811
14,31958,2025-05-06,2025,,FC琉球,鹿児島ユナイテッドFC,A,H,0.23859000850877984,0.21711403065304344,0.5442959608381768
14,31959,2025-05-06,2025,,FC岐阜,アスルクラロ沼津,H,D,0.24621631964474375,0.6144593134120213,0.13932436694323505
14,32291,2025-05-06,2025,,浦和,G大阪,A,H,0.25617595027908596,0.3513486121003276,0.3924754376205865
14,32292,2025-05-06,2025,,名古屋,岡山,D,H,0.25190184482533284,0.31953954327426076,0.4285586119004063
14,32293,2025-05-06,2025,,福岡,鹿島,A,H,0.1944329948191274,0.29903748528226254,0.5065295198986101
14,32294,2025-05-06,2025,,柏,清水,H,D,0.2072937051172164,0.48505556847878045,0.30765072640400315
14,32295,2025-05-06,2025,,東京V,横浜FC,H,A,0.4682183141528281,0.2814113406585523,0.25037034518861956
14,32299,2025-05-06,2025,,神戸,C大阪,A,H,0.27223005732107036,0.31354498014346527,0.4142249625354643
14,31960,2025-05-07,2025,,FC大阪,松本山雅FC,H,H,0.3391362873678371,0.30922341741692105,0.3516402952152419
14,32296,2025-05-07,2025,,町田,京都,A,D,0.2703421860234648,0.4418305275486734,0.28782728642786176
14,32297,2025-05-07,2025,,湘南,広島,A,D,0.2597970912609936,0.4330765436082772,0.3071263651307292
14,31671,2025-05-10,2025,,大宮,仙台,H,D,0.2646001332775248,0.4021491807168537,0.3332506860056215
14,32301,2025-05-10,2025,,横浜FC,福岡,H,H,0.1788649501456311,0.31462552541786853,0.5065095244365004
14,32302,2025-05-10,2025,,FC東京,神戸,H,H,0.37382410804603194,0.2090967469056032,0.4170791450483649
14,32303,2025-05-10,2025,,柏,岡山,H,H,0.28460014079277196,0.32901849964891866,0.3863813595583094
14,31672,2025-05-11,2025,,いわきFC,札幌,D,D,0.22314209261320095,0.4279085445616096,0.34894936282518946
14,31673,2025-05-11,2025,,磐田,藤枝MYFC,H,H,0.20162656452062275,0.33247847527555324,0.46589496020382404
14,31674,2025-05-11,2025,,水戸,秋田,H,D,0.2795432850586605,0.48399150019665643,0.23646521474468318
14,31675,2025-05-11,2025,,徳島,レノファ山口FC,H,D,0.30967414625595663,0.4214285136626605,0.26889734008138294
14,31676,2025-05-11,2025,,FC今治,千葉,A,H,0.30123630981473737,0.28185537556559553,0.41690831461966715
14,31677,2025-05-11,2025,,鳥栖,甲府,D,D,0.3010151749567586,0.4775910392850692,0.22139378575817223
14,31678,2025-05-11,2025,,V・ファーレン長崎,山形,D,H,0.2359343311994103,0.3076115789129367,0.456454089887653
14,31679,2025-05-11,2025,,富山,大分,D,H,0.20317409749865847,0.25817805317087833,0.5386478493304633
14,31680,2025-05-11,2025,,熊本,愛媛FC,D,D,0.16413246081859256,0.6109508035347869,0.2249167356466205
14,32304,2025-05-11,2025,,鹿島,川崎F,H,A,0.36987327559943256,0.2959103852096586,0.3342163391909088
14,32305,2025-05-11,2025,,清水,町田,D,H,0.23296714203053992,0.37845416790930175,0.3885786900601584
14,32306,2025-05-11,2025,,京都,名古屋,D,A,0.368185377084609,0.31794362924989744,0.31387099366549354
14,32307,2025-05-11,2025,,新潟,浦和,D,A,0.40090161623419435,0.3165949298454337,0.28250345392037196
14,32308,2025-05-11,2025,,東京V,湘南,A,D,0.1840953363642584,0.42349981593097574,0.39240484770476597
14,32309,2025-05-11,2025,,G大阪,広島,A,D,0.2875561132138867,0.37208635610596386,0.34035753068014957
14,32310,2025-05-11,2025,,C大阪,横浜FM,H,H,0.2430904072493721,0.37185730815756296,0.385052284593065
14,31549,2025-05-14,2025,,松本山雅FC,AC長野パルセイロ,D,H,0.2586843898041301,0.31144058064095753,0.4298750295549123
14,32288,2025-05-14,2025,,川崎F,横浜FC,H,H,0.27410289116557884,0.3447328668146072,0.381164242019814
14,32289,2025-05-14,2025,,横浜FM,柏,A,D,0.25309640164734526,0.4297173959464139,0.3171862024062408
14,31681,2025-05-17,2025,,甲府,FC今治,H,H,0.20588432192390738,0.20669859105149835,0.5874170870245943
14,31682,2025-05-17,2025,,札幌,富山,H,D,0.23098894958156072,0.41490544486769,0.35410560555074927
14,31683,2025-05-17,2025,,秋田,鳥栖,A,H,0.2717783590975596,0.23837043231313848,0.48985120858930187
14,31684,2025-05-17,2025,,水戸,熊本,H,D,0.24731248260779373,0.3991441916516988,0.35354332574050756
14,31685,2025-05-17,2025,,千葉,仙台,D,D,0.2636557033026155,0.3961621740062489,0.3401821226911355
14,31686,2025-05-17,2025,,磐田,いわきFC,H,D,0.3094527864000468,0.38096008614150795,0.30958712745844524
14,31687,2025-05-17,2025,,藤枝MYFC,大宮,A,H,0.22186784872043513,0.16799523094110488,0.61013692033846
14,31961,2025-05-17,2025,,栃木シティ,FC岐阜,H,A,0.5696333054397272,0.17667045777938853,0.2536962367808842
14,31962,2025-05-17,2025,,群馬,高知ユナイテッドSC,D,D,0.1679173935867249,0.5163857784387751,0.31569682797450005
14,31963,2025-05-17,2025,,奈良クラブ,栃木SC,D,H,0.2967262698881285,0.2977548265145323,0.4055189035973393
14,31964,2025-05-17,2025,,テゲバジャーロ宮崎,ツエーゲン金沢,D,H,0.2033961001907226,0.3434800568682045,0.45312384294107294
14,31965,2025-05-17,2025,,鹿児島ユナイテッドFC,福島ユナイテッドFC,H,H,0.15376007564707267,0.32464686968686374,0.5215930546660635
14,31966,2025-05-17,2025,,FC琉球,ギラヴァンツ北九州,A,D,0.29701764402019276,0.4822637104722151,0.2207186455075921
14,32311,2025-05-17,2025,,町田,柏,H,D,0.33320090651328266,0.40729739645001134,0.25950169703670606
14,32312,2025-05-17,2025,,横浜FM,京都,A,H,0.20737720863662157,0.36802875537865976,0.4245940359847186
14,32313,2025-05-17,2025,,神戸,G大阪,H,H,0.2335410219221782,0.23921767120178844,0.5272413068760334
14,32314,2025-05-17,2025,,広島,東京V,H,H,0.23275030822575463,0.375701509688186,0.3915481820860593
14,32315,2025-05-17,2025,,福岡,名古屋,D,D,0.2673602671158002,0.4095414960966948,0.32309823678750504
14,32316,2025-05-17,2025,,鹿島,清水,H,D,0.23644881845258087,0.521468180738935,0.2420830008084842
14,32317,2025-05-17,2025,,湘南,横浜FC,A,H,0.20462120754856328,0.3490831844451105,0.4462956080063261
14,32318,2025-05-17,2025,,浦和,FC東京,H,D,0.33387474542997325,0.3846715446144912,0.2814537099555355
14,31688,2025-05-18,2025,,レノファ山口FC,山形,H,D,0.2271671293382022,0.4325612801850806,0.34027159047671723
14,31689,2025-05-18,2025,,大分,V・ファーレン長崎,A,H,0.3580728230273445,0.119731536848673,0.5221956401239826
14,31690,2025-05-18,2025,,愛媛FC,徳島,A,H,0.32067583869234334,0.25842666806482706,0.42089749324282955
14,31967,2025-05-18,2025,,松本山雅FC,ガイナーレ鳥取,H,A,0.4428240195307029,0.17650688756115507,0.38066909290814205
14,31968,2025-05-18,2025,,SC相模原,FC大阪,A,D,0.2881781650454456,0.4043258585232499,0.3074959764313045
14,31969,2025-05-18,2025,,アスルクラロ沼津,AC長野パルセイロ,D,D,0.1716634944427437,0.4619751849289249,0.3663613206283314
14,31970,2025-05-18,2025,,カマタマーレ讃岐,ヴァンラーレ八戸,H,D,0.17650072378035356,0.4616049154228684,0.361894360796778
14,32319,2025-05-18,2025,,川崎F,C大阪,H,H,0.21202365331603354,0.28360338786536865,0.5043729588185978
14,32320,2025-05-18,2025,,岡山,新潟,H,D,0.26055430249107164,0.3834365249835307,0.3560091725253976
14,32279,2025-05-21,2025,,川崎F,浦和,D,H,0.18038912344373245,0.36611730579689455,0.45349357075937313
14,32280,2025-05-21,2025,,横浜FM,神戸,A,A,0.47521888129749223,0.21916588876561868,0.30561522993688917
14,32321,2025-05-24,2025,,C大阪,福岡,H,D,0.2351303781488062,0.4336845830649451,0.33118503878624866
14,32322,2025-05-24,2025,,名古屋,浦和,H,D,0.215327153051525,0.4301233749340644,0.35454947201441067
14,31691,2025-05-25,2025,,いわきFC,仙台,A,D,0.25190302369428286,0.40724755011084895,0.3408494261948682
14,31692,2025-05-25,2025,,山形,甲府,A,H,0.20435939785435392,0.39600607791627973,0.39963452422936635
14,31693,2025-05-25,2025,,レノファ山口FC,藤枝MYFC,D,D,0.23421452384764793,0.4643360493913875,0.3014494267609646
14,31694,2025-05-25,2025,,徳島,磐田,D,D,0.1508468116985012,0.49581477423913173,0.35333841406236716
14,31695,2025-05-25,2025,,鳥栖,札幌,H,H,0.23470667342884716,0.23162956541246818,0.5336637611586846
14,31696,2025-05-25,2025,,V・ファーレン長崎,千葉,H,H,0.38050373038000224,0.19484507684937796,0.42465119277061986
14,31697,2025-05-25,2025,,熊本,秋田,A,D,0.21993611877763336,0.42255683452518034,0.35750704669718636
14,32323,2025-05-25,2025,,岡山,町田,D,H,0.20053854693312734,0.27276204673841165,0.526699406328461
14,32324,2025-05-25,2025,,横浜FM,鹿島,H,H,0.16760871000304917,0.2506501519519274,0.5817411380450234
14,32325,2025-05-25,2025,,横浜FC,柏,D,H,0.26388560097859876,0.34992733136782544,0.3861870676535758
14,32326,2025-05-25,2025,,新潟,湘南,H,H,0.241425876406136,0.3634925572886792,0.3950815663051848
14,32327,2025-05-25,2025,,清水,神戸,H,H,0.25406191276243956,0.3309283370026724,0.415009750234888
14,32328,2025-05-25,2025,,FC東京,広島,A,D,0.1775751597183979,0.46063825586350643,0.36178658441809575
14,32329,2025-05-25,2025,,東京V,京都,H,H,0.17051757397518866,0.35507626717998375,0.47440615884482756
14,32330,2025-05-25,2025,,川崎F,G大阪,D,H,0.2835113550998466,0.3400821092403355,0.37640653565981796
14,32361,2025-05-28,2025,,浦和,C大阪,D,H,0.2339337704382516,0.3499854127104941,0.4160808168512543
14,31701,2025-05-31,2025,,仙台,札幌,D,H,0.13860002491596954,0.42961662089812924,0.43178335418590125
14,31702,2025-05-31,2025,,秋田,富山,D,H,0.29648586040819874,0.28808109311906643,0.41543304647273493
14,31703,2025-05-31,2025,,水戸,V・ファーレン長崎,H,D,0.2708030688782349,0.37449985556116955,0.35469707556059554
14,31704,2025-05-31,2025,,大宮,磐田,D,H,0.323015199500654,0.30636236329375865,0.37062243720558746
14,31705,2025-05-31,2025,,千葉,レノファ山口FC,D,H,0.3455954520964085,0.2972234274532962,0.3571811204502953
14,31706,2025-05-31,2025,,藤枝MYFC,山形,H,D,0.2422812877167816,0.4242245504736634,0.3334941618095551
14,31707,2025-05-31,2025,,鳥栖,愛媛FC,D,H,0.3131935453394136,0.33609371900610285,0.3507127356544835
14,31708,2025-05-31,2025,,FC今治,徳島,A,H,0.26144184496247347,0.290239138084774,0.4483190169527526
14,31709,2025-05-31,2025,,大分,甲府,H,H,0.2276390253408841,0.3042225128232156,0.4681384618359004
14,31971,2025-05-31,2025,,群馬,アスルクラロ沼津,D,D,0.24587660504691206,0.3821506985165337,0.3719726964365543
14,31972,2025-05-31,2025,,AC長野パルセイロ,奈良クラブ,H,H,0.2942103244390597,0.2085038678030118,0.49728580775792847
14,31973,2025-05-31,2025,,FC大阪,鹿児島ユナイテッドFC,H,H,0.20268302718737463,0.26931603607013327,0.5280009367424922
14,31974,2025-05-31,2025,,ガイナーレ鳥取,栃木シティ,H,D,0.302898230358208,0.3950015497085758,0.30210021993321623
14,31975,2025-05-31,2025,,ギラヴァンツ北九州,テゲバジャーロ宮崎,D,H,0.29642950558804754,0.18594269665288024,0.5176277977590722
14,31976,2025-05-31,2025,,栃木SC,カマタマーレ讃岐,H,A,0.38562635087454933,0.37074180089063163,0.24363184823481915
14,32331,2025-05-31,2025,,町田,横浜FM,A,A,0.40361185088898277,0.26381197517352645,0.33257617393749084
14,32332,2025-05-31,2025,,名古屋,新潟,H,D,0.272796835553945,0.5377196880443663,0.18948347640168875
14,32333,2025-05-31,2025,,福岡,東京V,D,H,0.3183984371466271,0.25831835642015666,0.42328320643321626
14,32334,2025-05-31,2025,,柏,神戸,A,H,0.23460869283608732,0.3040841520488011,0.46130715511511167
14,32335,2025-05-31,2025,,広島,川崎F,A,H,0.3250555547137434,0.3136853866773708,0.36125905860888574
14,32336,2025-05-31,2025,,G大阪,鹿島,A,H,0.31721754478042863,0.2880394058463055,0.3947430493732659
14,32337,2025-05-31,2025,,京都,FC東京,H,H,0.2823224767762836,0.2931892000222733,0.4244883232014432
14,31710,2025-06-01,2025,,いわきFC,熊本,H,H,0.2695392718635323,0.298381837062452,0.4320788910740157
14,31977,2025-06-01,2025,,ヴァンラーレ八戸,松本山雅FC,H,D,0.2502986420768456,0.4191904754534681,0.3305108824696864
14,31978,2025-06-01,2025,,福島ユナイテッドFC,SC相模原,D,A,0.381378558083779,0.3403249754892656,0.2782964664269553
14,31979,2025-06-01,2025,,ツエーゲン金沢,FC琉球,A,D,0.4025495048168718,0.4172731331437185,0.18017736203940973
14,31980,2025-06-01,2025,,FC岐阜,高知ユナイテッドSC,D,D,0.16583042255152147,0.5079518261016213,0.3262177513468572
14,32338,2025-06-01,2025,,湘南,岡山,D,A,0.3648044204232586,0.32015714145389546,0.31503843812284604
14,32339,2025-06-01,2025,,C大阪,清水,H,D,0.24486261985453026,0.388187023614768,0.36695035653070185
14,32340,2025-06-01,2025,,浦和,横浜FC,H,D,0.28291088821468463,0.4921743825216218,0.22491472926369355
14,31698,2025-06-07,2025,,FC今治,大分,D,A,0.6453714565689781,0.16212265471233295,0.19250588871868898
14,31981,2025-06-07,2025,,松本山雅FC,福島ユナイテッドFC,A,A,0.38161358897291087,0.36173852387501565,0.25664788715207343
14,31982,2025-06-07,2025,,カマタマーレ讃岐,FC大阪,A,H,0.25694810827910225,0.3426099342019782,0.40044195751891953
14,31983,2025-06-07,2025,,鹿児島ユナイテッドFC,FC岐阜,H,A,0.4201345059874768,0.31580369549598364,0.2640617985165395
14,31984,2025-06-07,2025,,栃木SC,群馬,A,H,0.2601899357651078,0.36811562733162334,0.37169443690326887
14,31985,2025-06-07,2025,,テゲバジャーロ宮崎,SC相模原,H,H,0.20959831219599034,0.3203781685672661,0.47002351923674357
14,31699,2025-06-08,2025,,大宮,愛媛FC,D,H,0.3178749603305772,0.26226730107309465,0.4198577385963282
14,31700,2025-06-08,2025,,富山,水戸,A,A,0.416086930238597,0.3573266285351475,0.2265864412262555
14,31986,2025-06-08,2025,,ヴァンラーレ八戸,FC琉球,H,D,0.20242088564680355,0.41835636554268446,0.37922274881051216
14,31987,2025-06-08,2025,,栃木シティ,ギラヴァンツ北九州,H,A,0.4298957298307335,0.2892586123240987,0.2808456578451679
14,31988,2025-06-08,2025,,アスルクラロ沼津,ツエーゲン金沢,H,D,0.2760842329340138,0.3811764224339733,0.3427393446320128
14,31989,2025-06-08,2025,,ガイナーレ鳥取,AC長野パルセイロ,H,D,0.2345179549716236,0.4401511113146541,0.3253309337137223
14,31990,2025-06-08,2025,,高知ユナイテッドSC,奈良クラブ,H,D,0.15422515185344163,0.5082571562949666,0.33751769185159175
14,31711,2025-06-14,2025,,水戸,鳥栖,H,D,0.22894734703319053,0.47172882508462166,0.2993238278821878
14,31991,2025-06-14,2025,,ギラヴァンツ北九州,アスルクラロ沼津,H,A,0.6313540972720927,0.20590076907121121,0.1627451336566962
14,31992,2025-06-14,2025,,AC長野パルセイロ,FC岐阜,A,H,0.27932999213214676,0.3172012468739056,0.40346876099394774
14,31993,2025-06-14,2025,,奈良クラブ,ガイナーレ鳥取,H,H,0.2784912176672807,0.3355848153306409,0.3859239670020784
14,31994,2025-06-14,2025,,SC相模原,高知ユナイテッドSC,D,D,0.25156579192955547,0.42201595682921084,0.3264182512412337
14,31995,2025-06-14,2025,,ツエーゲン金沢,栃木シティ,A,A,0.502709613860096,0.2154869905918855,0.2818033955480184
14,31996,2025-06-14,2025,,鹿児島ユナイテッドFC,ヴァンラーレ八戸,D,H,0.20097920868834807,0.23299876447443402,0.5660220268372179
14,31997,2025-06-14,2025,,FC琉球,松本山雅FC,A,H,0.16119470566200636,0.41779950025638124,0.4210057940816125
14,31998,2025-06-14,2025,,テゲバジャーロ宮崎,FC大阪,D,H,0.28319080396594604,0.29574259344713333,0.4210666025869207
14,32342,2025-06-14,2025,,湘南,町田,A,H,0.3010275201477709,0.26185859467683154,0.4371138851753977
14,32343,2025-06-14,2025,,鹿島,広島,D,H,0.3651793421536947,0.266952041544217,0.3678686163020884
14,32344,2025-06-14,2025,,横浜FC,川崎F,A,D,0.25776548417644135,0.3791418849132319,0.36309263091032684
14,32345,2025-06-14,2025,,FC東京,C大阪,D,D,0.3079533407054114,0.35204264839701715,0.34000401089757143
14,31712,2025-06-15,2025,,札幌,FC今治,D,D,0.25185587816169674,0.3895075535634447,0.3586365682748585
14,31713,2025-06-15,2025,,富山,藤枝MYFC,A,D,0.21458898107433844,0.45748932137965115,0.32792169754601047
14,31714,2025-06-15,2025,,レノファ山口FC,いわきFC,D,D,0.27340009934045695,0.4130531184592604,0.3135467822002826
14,31715,2025-06-15,2025,,山形,仙台,A,H,0.23315500767074682,0.3115898919203558,0.45525510040889733
14,31716,2025-06-15,2025,,磐田,愛媛FC,H,D,0.33716820599910835,0.3994021839125531,0.26342961008833865
14,31717,2025-06-15,2025,,V・ファーレン長崎,大宮,D,H,0.1804286673852829,0.20520556531414896,0.6143657673005682
14,31718,2025-06-15,2025,,大分,秋田,A,H,0.31102578554600335,0.2532689595357828,0.4357052549182139
14,31719,2025-06-15,2025,,甲府,熊本,D,H,0.3735523072822783,0.2332007513209405,0.3932469413967812
14,31720,2025-06-15,2025,,徳島,千葉,D,D,0.23906278048248247,0.4728339680756194,0.28810325144189813
14,31999,2025-06-15,2025,,群馬,カマタマーレ讃岐,D,H,0.23714760595731557,0.3532994541867113,0.40955293985597313
14,32000,2025-06-15,2025,,福島ユナイテッドFC,栃木SC,D,D,0.2337432604202649,0.45129118022448855,0.3149655593552466
14,32346,2025-06-15,2025,,新潟,横浜FM,H,A,0.3762190286028913,0.34447030725440964,0.27931066414269906
14,32347,2025-06-15,2025,,東京V,柏,A,H,0.352444543899558,0.24061492873007748,0.4069405273703646
14,32348,2025-06-15,2025,,神戸,名古屋,H,H,0.1831196004188802,0.34522717498123284,0.47165322459988696
14,32349,2025-06-15,2025,,岡山,福岡,A,D,0.21169132861971396,0.43770019808838656,0.3506084732918995
14,32350,2025-06-15,2025,,清水,G大阪,D,A,0.4206575236672804,0.3545599484782385,0.22478252785448113
15,31721,2025-06-21,2025,,いわきFC,富山,H,H,0.22496295687806733,0.33950436186329,0.4355326812586427
15,31722,2025-06-21,2025,,愛媛FC,レノファ山口FC,H,H,0.25220006618886126,0.33626639178280243,0.4115335420283363
15,31723,2025-06-21,2025,,FC今治,水戸,A,A,0.47846870108390427,0.3843841289234725,0.13714716999262325
15,31724,2025-06-21,2025,,大宮,鳥栖,D,H,0.2784233864586279,0.34189159252965784,0.3796850210117142
15,31725,2025-06-21,2025,,千葉,磐田,A,H,0.26012265673009644,0.3640918381914015,0.37578550507850206
15,31726,2025-06-21,2025,,藤枝MYFC,札幌,A,D,0.1962530071013715,0.4143847272449387,0.38936226565368975
15,31727,2025-06-21,2025,,徳島,大分,H,H,0.1756923567615467,0.3586619351916964,0.4656457080467569
15,32001,2025-06-21,2025,,カマタマーレ讃岐,AC長野パルセイロ,A,H,0.35737901325263527,0.2385365549040575,0.4040844318433072
15,32002,2025-06-21,2025,,高知ユナイテッドSC,ギラヴァンツ北九州,H,H,0.34262422249282287,0.30089110996691104,0.35648466754026614
15,32003,2025-06-21,2025,,松本山雅FC,鹿児島ユナイテッドFC,D,A,0.4371439443823817,0.3206893080098817,0.24216674760773665
15,32004,2025-06-21,2025,,ツエーゲン金沢,SC相模原,D,A,0.4805394850334786,0.21406032424369298,0.30540019072282837
15,32005,2025-06-21,2025,,アスルクラロ沼津,FC琉球,A,A,0.3910065263681486,0.33620117739127714,0.2727922962405743
15,32006,2025-06-21,2025,,奈良クラブ,栃木シティ,H,A,0.476847119735645,0.27031048074912234,0.25284239951523263
15,32007,2025-06-21,2025,,FC岐阜,テゲバジャーロ宮崎,A,A,0.4141625293458093,0.23899796311608434,0.3468395075381064
15,32008,2025-06-21,2025,,ガイナーレ鳥取,栃木SC,H,D,0.22557390856762596,0.39384969116967994,0.38057640026269407
15,32351,2025-06-21,2025,,町田,鹿島,H,A,0.4047969764531926,0.26541712313359905,0.3297859004132083
15,32352,2025-06-21,2025,,福岡,新潟,H,H,0.3694412023773195,0.2607097473854863,0.3698490502371942
15,32353,2025-06-21,2025,,C大阪,東京V,H,H,0.23639121912048774,0.2677773027905028,0.49583147808900935
15,32354,2025-06-21,2025,,柏,京都,D,D,0.2412892642494573,0.40848341896745216,0.3502273167830906
15,32355,2025-06-21,2025,,川崎F,神戸,A,A,0.48795326113829807,0.2288955396435732,0.28315119921812876
15,32356,2025-06-21,2025,,横浜FM,岡山,A,D,0.20666775853290378,0.4882365061663669,0.3050957353007294
15,32357,2025-06-21,2025,,名古屋,清水,D,H,0.33739468105429826,0.31780440491680995,0.3448009140288918
15,31728,2025-06-22,2025,,熊本,V・ファーレン長崎,A,D,0.2404522843858556,0.5137744399734271,0.24577327564071738
15,31729,2025-06-22,2025,,秋田,山形,A,D,0.28550450233122193,0.38018357358426486,0.33431192408451327
15,31730,2025-06-22,2025,,仙台,甲府,D,D,0.24461160698713488,0.42637327392341706,0.32901511908944814
15,32009,2025-06-22,2025,,ヴァンラーレ八戸,群馬,H,A,0.45477003708289687,0.2750536043038345,0.2701763586132686
15,32010,2025-06-22,2025,,FC大阪,福島ユナイテッドFC,H,D,0.22663092359750475,0.5082866900726418,0.26508238632985354
15,32358,2025-06-22,2025,,横浜FC,広島,A,D,0.2880531001612317,0.3649998954940718,0.34694700434469644
15,32359,2025-06-22,2025,,G大阪,FC東京,H,D,0.2202745438108578,0.3919119897773051,0.38781346641183717
15,32298,2025-06-25,2025,,川崎F,新潟,H,H,0.17985551468914823,0.3218794965095639,0.4982649888012879
15,32300,2025-06-25,2025,,横浜FM,FC東京,A,A,0.4983676571997104,0.2521220793181946,0.24951026348209507
15,32011,2025-06-27,2025,,福島ユナイテッドFC,ヴァンラーレ八戸,A,H,0.19483097527732968,0.3523325347047703,0.4528364900179001
15,31731,2025-06-28,2025,,札幌,熊本,H,H,0.28274388955384216,0.31171123771582077,0.405544872730337
15,31732,2025-06-28,2025,,水戸,徳島,D,D,0.290969373442836,0.4281244645624992,0.28090616199466484
15,31733,2025-06-28,2025,,富山,千葉,H,A,0.38441929510267236,0.3487550933612817,0.26682561153604595
15,31734,2025-06-28,2025,,甲府,愛媛FC,D,D,0.3074171905662555,0.4041815190088831,0.2884012904248613
15,31735,2025-06-28,2025,,山形,V・ファーレン長崎,A,A,0.47937812046944844,0.25759598088615276,0.26302589864439874
15,31736,2025-06-28,2025,,藤枝MYFC,FC今治,D,A,0.4155473144038044,0.27587431382233035,0.30857837177386527
15,31737,2025-06-28,2025,,レノファ山口FC,秋田,D,H,0.336790028092316,0.2024575718055703,0.46075240010211377
15,31738,2025-06-28,2025,,鳥栖,いわきFC,H,H,0.219516491431921,0.279854840116699,0.5006286684513801
15,31739,2025-06-28,2025,,大分,大宮,D,D,0.24819388233790385,0.408422074238797,0.3433840434232991
15,31740,2025-06-28,2025,,磐田,仙台,A,A,0.3537188379368082,0.3218281106297342,0.3244530514334576
15,32012,2025-06-28,2025,,栃木シティ,鹿児島ユナイテッドFC,H,H,0.3309691213785323,0.2900394763512344,0.3789914022702333
15,32013,2025-06-28,2025,,SC相模原,アスルクラロ沼津,H,D,0.2754132312004605,0.46579154859867034,0.25879522020086915
15,32014,2025-06-28,2025,,ギラヴァンツ北九州,ガイナーレ鳥取,A,H,0.3225971639429187,0.3187372179747379,0.35866561808234343
15,32015,2025-06-28,2025,,FC琉球,FC岐阜,H,H,0.3848103131483668,0.15869224789330386,0.45649743895832934
15,32016,2025-06-28,2025,,栃木SC,松本山雅FC,H,A,0.34545039225884433,0.3270444669191324,0.32750514082202326
15,32017,2025-06-28,2025,,群馬,ツエーゲン金沢,A,A,0.4963045485984475,0.2801900268802774,0.2235054245212751
15,32018,2025-06-28,2025,,テゲバジャーロ宮崎,カマタマーレ讃岐,H,H,0.3306848772512586,0.22232795944412953,0.44698716330461186
15,32362,2025-06-28,2025,,鹿島,岡山,A,D,0.24139968834741204,0.5196460986876555,0.23895421296493244
15,32363,2025-06-28,2025,,清水,柏,A,A,0.48569032795609635,0.2196461785855407,0.294663493458363
15,32364,2025-06-28,2025,,FC東京,横浜FC,H,H,0.28561189399383674,0.3007961530021681,0.4135919530039952
15,32365,2025-06-28,2025,,湘南,横浜FM,D,D,0.3606415133944587,0.43607607781451707,0.20328240879102424
15,32366,2025-06-28,2025,,京都,G大阪,H,A,0.4358427042644803,0.3949839273496487,0.16917336838587094
15,32367,2025-06-28,2025,,広島,名古屋,A,A,0.3624560777613306,0.3512908743981837,0.2862530478404858
15,32368,2025-06-28,2025,,福岡,神戸,D,A,0.39491455266928716,0.3425059624551202,0.2625794848755927
15,32019,2025-06-29,2025,,高知ユナイテッドSC,AC長野パルセイロ,H,H,0.3423884185908299,0.26246581990785983,0.3951457615013103
15,32369,2025-06-29,2025,,東京V,川崎F,H,D,0.27092683833226083,0.4693482124141646,0.25972494925357464
15,32370,2025-06-29,2025,,新潟,町田,A,A,0.6556720544125471,0.15589215501989045,0.18843579056756257
15,32020,2025-06-30,2025,,FC大阪,奈良クラブ,D,H,0.24633638605630734,0.2894840764430958,0.46417953750059676
15,31410,2025-07-02,2025,,神戸,広島,H,D,0.26774619905867714,0.3821128527084124,0.3501409482329106
15,31741,2025-07-05,2025,,札幌,レノファ山口FC,H,A,0.44590254046159383,0.2611410979127032,0.292956361625703
15,31742,2025-07-05,2025,,秋田,水戸,A,D,0.32315745995968215,0.45520106492426693,0.22164147511605098
15,31743,2025-07-05,2025,,V・ファーレン長崎,大分,H,H,0.2504060072657382,0.3392684633934676,0.4103255293407942
15,31744,2025-07-05,2025,,仙台,富山,A,D,0.24204218432064842,0.5457977081355884,0.21216010754376322
15,31745,2025-07-05,2025,,大宮,いわきFC,A,H,0.3363595169332455,0.32696311676337186,0.3366773663033826
15,31746,2025-07-05,2025,,千葉,鳥栖,A,H,0.3001600923268492,0.21954046510044017,0.4802994425727107
15,31747,2025-07-05,2025,,徳島,藤枝MYFC,A,D,0.23849774173683283,0.48663745116251084,0.2748648071006563
15,31748,2025-07-05,2025,,FC今治,甲府,A,D,0.2398558104951028,0.435487206951609,0.3246569825532883
15,32021,2025-07-05,2025,,栃木シティ,FC琉球,H,D,0.2846437163675368,0.42008692576706674,0.2952693578653964
15,32022,2025-07-05,2025,,松本山雅FC,群馬,A,H,0.1553638242674709,0.21515855827838068,0.6294776174541484
15,32023,2025-07-05,2025,,ツエーゲン金沢,福島ユナイテッドFC,H,D,0.31423749846907834,0.4174734293856804,0.26828907214524134
15,32024,2025-07-05,2025,,アスルクラロ沼津,高知ユナイテッドSC,H,H,0.1876876389724486,0.3197179987957746,0.4925943622317767
15,32025,2025-07-05,2025,,奈良クラブ,ギラヴァンツ北九州,H,D,0.23739855693634437,0.5182532349509431,0.2443482081127125
15,32026,2025-07-05,2025,,ヴァンラーレ八戸,テゲバジャーロ宮崎,H,D,0.31611943182120794,0.3696647896919131,0.3142157784868789
15,32027,2025-07-05,2025,,ガイナーレ鳥取,カマタマーレ讃岐,H,D,0.21303725935653559,0.6008006577827771,0.1861620828606872
15,32028,2025-07-05,2025,,鹿児島ユナイテッドFC,栃木SC,H,H,0.35773641370658993,0.2759992165457724,0.36626436974763776
15,32371,2025-07-05,2025,,町田,清水,H,D,0.2620427006034906,0.3857395343760852,0.3522177650204243
15,32372,2025-07-05,2025,,岡山,広島,A,H,0.21126471766862576,0.33064504739563216,0.4580902349357422
15,32373,2025-07-05,2025,,柏,FC東京,H,D,0.19915920083682892,0.6296499863926854,0.17119081277048565
15,32374,2025-07-05,2025,,川崎F,鹿島,H,H,0.3851415167324358,0.15906771380197907,0.4557907694655851
15,32375,2025-07-05,2025,,横浜FC,横浜FM,A,D,0.24453748238985426,0.41676129324386235,0.33870122436628336
15,32376,2025-07-05,2025,,名古屋,東京V,D,H,0.3079772764081036,0.24813959092299584,0.44388313266890067
15,32377,2025-07-05,2025,,京都,新潟,H,D,0.2315613681179664,0.45293558643633414,0.31550304544569946
15,32378,2025-07-05,2025,,C大阪,G大阪,A,A,0.36288326897198153,0.2867711711249315,0.3503455599030869
15,32379,2025-07-05,2025,,神戸,湘南,H,D,0.2299369415211046,0.506152979240608,0.26391007923828746
15,31749,2025-07-06,2025,,熊本,磐田,H,D,0.2622538111488494,0.4569594965706386,0.2807866922805121
15,31750,2025-07-06,2025,,愛媛FC,山形,A,A,0.39142375248186184,0.27912569997907916,0.329450547539059
15,32029,2025-07-06,2025,,AC長野パルセイロ,FC大阪,D,A,0.36857870703518725,0.3048603762116008,0.3265609167532119
15,32030,2025-07-06,2025,,FC岐阜,SC相模原,D,A,0.5103493061698342,0.2022090331292057,0.2874416607009601
15,31751,2025-07-12,2025,,秋田,熊本,H,H,0.23381349674701177,0.23818739486855228,0.527999108384436
15,31752,2025-07-12,2025,,いわきFC,V・ファーレン長崎,D,A,0.5648626967874466,0.301452598549379,0.13368470466317442
15,31753,2025-07-12,2025,,水戸,富山,H,D,0.19801927058449606,0.40952411861377375,0.3924566108017302
15,31754,2025-07-12,2025,,FC今治,愛媛FC,H,H,0.3020412727447694,0.34096167183658105,0.3569970554186495
15,31755,2025-07-12,2025,,甲府,大宮,H,D,0.34794826574950866,0.37048233055649676,0.28156940369399464
15,31756,2025-07-12,2025,,山形,千葉,A,D,0.28491080846371625,0.37718506421061193,0.33790412732567177
15,31757,2025-07-12,2025,,藤枝MYFC,仙台,D,D,0.21705465810391772,0.42951759451932814,0.3534277473767542
15,31758,2025-07-12,2025,,レノファ山口FC,徳島,D,D,0.1927761898728632,0.5677300966085526,0.23949371351858414
15,31759,2025-07-12,2025,,鳥栖,大分,H,A,0.4956609420616646,0.12618872238210405,0.3781503355562313
15,31760,2025-07-12,2025,,磐田,札幌,H,A,0.42482083223682854,0.3934573932588978,0.1817217745042737
15,32031,2025-07-12,2025,,SC相模原,福島ユナイテッドFC,A,H,0.2561781646858519,0.2900805414207201,0.4537412938934281
15,32032,2025-07-12,2025,,松本山雅FC,奈良クラブ,H,D,0.27491759382416414,0.527143392294783,0.19793901388105295
15,32033,2025-07-12,2025,,アスルクラロ沼津,鹿児島ユナイテッドFC,D,H,0.35801942702367057,0.188965125717617,0.4530154472587125
15,32034,2025-07-12,2025,,FC大阪,テゲバジャーロ宮崎,D,H,0.3050499345310131,0.3407165544426049,0.354233511026382
15,32035,2025-07-12,2025,,カマタマーレ讃岐,栃木SC,H,H,0.2272693550545178,0.3567654435745492,0.4159652013709329
15,32036,2025-07-12,2025,,高知ユナイテッドSC,ツエーゲン金沢,D,D,0.3160013523065886,0.3972974033458934,0.2867012443475181
15,32037,2025-07-12,2025,,ギラヴァンツ北九州,栃木シティ,A,A,0.5432820728010287,0.2158668188101468,0.24085110838882437
15,32038,2025-07-12,2025,,ヴァンラーレ八戸,FC岐阜,H,A,0.4713548403141105,0.28056172088167547,0.24808343880421405
15,32039,2025-07-12,2025,,群馬,AC長野パルセイロ,D,H,0.27904029846525985,0.2771537624409301,0.4438059390938101
15,32040,2025-07-12,2025,,FC琉球,ガイナーレ鳥取,H,H,0.2770384597804818,0.3440698332191143,0.378891707000404
15,32041,2025-07-19,2025,,栃木シティ,群馬,D,H,0.2244898452342619,0.30538528446782726,0.4701248702979109
15,32042,2025-07-19,2025,,AC長野パルセイロ,松本山雅FC,H,H,0.3692805100084493,0.21706354666733058,0.41365594332422
15,32043,2025-07-19,2025,,カマタマーレ讃岐,高知ユナイテッドSC,A,H,0.32131040922677706,0.28549340220421004,0.39319618856901295
15,32044,2025-07-19,2025,,ツエーゲン金沢,ヴァンラーレ八戸,A,H,0.26942032442792596,0.2891465507616318,0.44143312481044233
15,32045,2025-07-19,2025,,ガイナーレ鳥取,アスルクラロ沼津,H,H,0.2886618742957445,0.31960866492581,0.39172946077844556
15,32381,2025-07-19,2025,,FC東京,浦和,H,D,0.3786300254102412,0.39167632587975926,0.22969364870999956
15,32382,2025-07-19,2025,,湘南,C大阪,D,A,0.5723306103628762,0.20658123329312422,0.22108815634399945
15,32046,2025-07-20,2025,,福島ユナイテッドFC,FC琉球,D,A,0.42925905053146823,0.2137663880712554,0.35697456139727635
15,32047,2025-07-20,2025,,栃木SC,SC相模原,A,H,0.2759021326773192,0.35169788786999295,0.3723999794526878
15,32383,2025-07-20,2025,,鹿島,柏,H,H,0.2678868867880082,0.2831760562368792,0.44893705697511266
15,32384,2025-07-20,2025,,東京V,町田,A,H,0.3219478597763864,0.2787046026533828,0.3993475375702308
15,32385,2025-07-20,2025,,清水,横浜FC,H,H,0.2131040859679889,0.2873805667508413,0.4995153472811698
15,32386,2025-07-20,2025,,横浜FM,名古屋,H,H,0.3367126818460178,0.27130130938521557,0.3919860087687667
15,32387,2025-07-20,2025,,新潟,広島,A,D,0.12431137616120563,0.5840248884839453,0.2916637353548492
15,32388,2025-07-20,2025,,G大阪,川崎F,H,D,0.331050576703521,0.3437194251469519,0.3252299981495271
15,32389,2025-07-20,2025,,岡山,神戸,A,H,0.3155624878676326,0.24116459168471702,0.4432729204476504
15,32048,2025-07-21,2025,,FC岐阜,奈良クラブ,D,D,0.2450098546371442,0.43320067100918996,0.32178947435366584
15,32049,2025-07-21,2025,,テゲバジャーロ宮崎,ギラヴァンツ北九州,A,D,0.1737262442992516,0.5074915956570466,0.3187821600437018
15,32050,2025-07-21,2025,,鹿児島ユナイテッドFC,FC大阪,H,D,0.32496524833469403,0.420860461490129,0.25417429017517695
15,32390,2025-07-21,2025,,福岡,京都,D,A,0.36504347653640684,0.2913494892560866,0.3436070342075066
15,32360,2025-07-23,2025,,浦和,湘南,H,A,0.3694385672288248,0.32747677460044056,0.30308465817073466
15,32051,2025-07-26,2025,,栃木シティ,栃木SC,A,A,0.39643392828165486,0.3494652874067925,0.2541007843115527
15,32052,2025-07-26,2025,,SC相模原,テゲバジャーロ宮崎,H,A,0.4645336775863753,0.27743308774972786,0.2580332346638968
15,32053,2025-07-26,2025,,松本山雅FC,FC岐阜,H,H,0.27917498308224353,0.24715091509598897,0.4736741018217675
15,32054,2025-07-26,2025,,アスルクラロ沼津,ギラヴァンツ北九州,A,D,0.31076481929161737,0.4081738289512378,0.28106135175714486
15,32055,2025-07-26,2025,,FC大阪,カマタマーレ讃岐,H,H,0.2785463182267151,0.1934861978349787,0.5279674839383062
15,32056,2025-07-26,2025,,奈良クラブ,ツエーゲン金沢,H,D,0.33702094915445296,0.33728526746767595,0.3256937833778711
15,32057,2025-07-26,2025,,高知ユナイテッドSC,福島ユナイテッドFC,H,H,0.26189882332535735,0.3484018298195861,0.38969934685505647
15,32058,2025-07-26,2025,,FC琉球,AC長野パルセイロ,H,H,0.21559681879413173,0.3390162965382146,0.44538688466765364
15,32059,2025-07-26,2025,,ヴァンラーレ八戸,ガイナーレ鳥取,H,H,0.2944554995380105,0.3346026998628878,0.37094180059910176
15,32060,2025-07-26,2025,,群馬,鹿児島ユナイテッドFC,A,H,0.3340071352430698,0.21250401168696542,0.4534888530699647
15,32380,2025-07-27,2025,,浦和,福岡,D,D,0.2170929636219725,0.45125289220447723,0.33165414417355027
15,31761,2025-08-02,2025,,札幌,鳥栖,H,H,0.32660706845041493,0.31644084902779024,0.35695208252179483
15,31762,2025-08-02,2025,,富山,大宮,A,H,0.19575049725267127,0.3375290700397432,0.4667204327075855
15,31763,2025-08-02,2025,,V・ファーレン長崎,仙台,D,D,0.23819730782547033,0.5283750545692109,0.23342763760531887
15,31764,2025-08-02,2025,,甲府,山形,A,H,0.3460142663907352,0.2818848123242961,0.3721009212849688
15,31765,2025-08-02,2025,,千葉,いわきFC,D,H,0.3336990628828,0.2613397467308334,0.40496119038636663
15,31766,2025-08-02,2025,,藤枝MYFC,レノファ山口FC,D,H,0.20793121801048672,0.3679061766881316,0.4241626053013817
15,31767,2025-08-02,2025,,徳島,愛媛FC,H,D,0.22250677380665032,0.4160217503192559,0.36147147587409373
15,31768,2025-08-02,2025,,大分,FC今治,A,H,0.33486944362469157,0.29170518462678696,0.37342537174852153
15,31769,2025-08-02,2025,,磐田,秋田,A,D,0.3245611955908745,0.3997098731858046,0.27572893122332104
15,31770,2025-08-03,2025,,熊本,水戸,H,D,0.3578747284963842,0.3736761678076433,0.26844910369597247
15,31771,2025-08-09,2025,,秋田,藤枝MYFC,D,H,0.35632434202583085,0.25802640861720766,0.3856492493569616
15,31772,2025-08-09,2025,,大宮,千葉,A,D,0.3192406849506219,0.37060389500051233,0.3101554200488658
15,31773,2025-08-09,2025,,FC今治,熊本,H,D,0.3050419157483091,0.4757099745786948,0.21924810967299624
15,31774,2025-08-09,2025,,V・ファーレン長崎,札幌,H,H,0.27366877106361354,0.30232300354522607,0.42400822539116034
15,31775,2025-08-09,2025,,大分,富山,D,D,0.18123185192211247,0.4614907391864022,0.35727740889148535
15,32391,2025-08-09,2025,,東京V,横浜FM,H,D,0.24731550282051154,0.5773160281124738,0.1753684690670147
15,32392,2025-08-09,2025,,横浜FC,浦和,A,A,0.42320886275983083,0.3530699503595626,0.2237211868806066
15,32393,2025-08-09,2025,,川崎F,福岡,A,A,0.4531371891811647,0.3123152127552621,0.23454759806357317
15,31776,2025-08-10,2025,,仙台,徳島,A,D,0.3176834656128898,0.37208057581159976,0.31023595857551056
15,31777,2025-08-10,2025,,山形,水戸,A,H,0.29646457009211674,0.3243514274184212,0.37918400248946216
15,31778,2025-08-10,2025,,いわきFC,磐田,H,H,0.28771218485556493,0.3213202794021859,0.3909675357422492
15,31779,2025-08-10,2025,,愛媛FC,鳥栖,A,A,0.600847722634703,0.2202643850138821,0.17888789235141486
15,32394,2025-08-10,2025,,広島,清水,D,H,0.2667613824549839,0.25334366134146863,0.4798949562035476
15,32395,2025-08-10,2025,,柏,湘南,H,A,0.47327690929980276,0.31291873894521394,0.21380435175498338
15,32396,2025-08-10,2025,,FC東京,鹿島,A,H,0.2480485767458771,0.33864329830292833,0.4133081249511946
15,32397,2025-08-10,2025,,町田,神戸,H,H,0.2886513676956699,0.21934564743823703,0.492002984866093
15,32398,2025-08-10,2025,,名古屋,京都,A,H,0.2851056438923363,0.24818010209574984,0.46671425401191385
15,32399,2025-08-10,2025,,G大阪,岡山,A,H,0.22637454886716848,0.24068600605768,0.5329394450751516
15,31780,2025-08-11,2025,,レノファ山口FC,甲府,A,H,0.35879888298173285,0.23895495764657407,0.40224615937169306
15,32400,2025-08-11,2025,,C大阪,新潟,H,D,0.22427769996053598,0.5024287621010018,0.2732935379384622
15,31781,2025-08-16,2025,,札幌,秋田,A,D,0.2707800223840488,0.4845352116901598,0.2446847659257915
15,31782,2025-08-16,2025,,水戸,磐田,A,D,0.18245742636626597,0.5070324282484515,0.31051014538528243
15,31783,2025-08-16,2025,,富山,FC今治,A,H,0.30299965795262385,0.17033337897225417,0.526666963075122
15,31784,2025-08-16,2025,,山形,いわきFC,H,D,0.25189729437197067,0.46565802550730556,0.2824446801207238
15,31785,2025-08-16,2025,,千葉,徳島,H,D,0.26443431470007417,0.37815446311084716,0.3574112221890788
15,31786,2025-08-16,2025,,レノファ山口FC,仙台,D,A,0.4899371905003379,0.26100838798462556,0.24905442151503643
15,31787,2025-08-16,2025,,熊本,藤枝MYFC,H,D,0.2946512435406686,0.38136068759170455,0.3239880688676268
15,32061,2025-08-16,2025,,福島ユナイテッドFC,栃木シティ,D,A,0.5404820697936615,0.20375375899282838,0.2557641712135102
15,32062,2025-08-16,2025,,AC長野パルセイロ,ヴァンラーレ八戸,A,H,0.21456676520803347,0.2506925779085484,0.5347406568834182
15,32063,2025-08-16,2025,,カマタマーレ讃岐,FC岐阜,D,A,0.6454573261954446,0.08545129788155534,0.2690913759230001
15,32064,2025-08-16,2025,,ギラヴァンツ北九州,奈良クラブ,A,A,0.39123771617567243,0.36817055358354855,0.2405917302407791
15,32065,2025-08-16,2025,,栃木SC,アスルクラロ沼津,H,D,0.22865780162485244,0.39209841141092766,0.3792437869642199
15,32066,2025-08-16,2025,,群馬,FC大阪,H,H,0.33177623670123857,0.31664761509911826,0.3515761481996433
15,32067,2025-08-16,2025,,松本山雅FC,FC琉球,D,D,0.36692266146850566,0.42476110473152584,0.20831623379996841
15,32068,2025-08-16,2025,,ツエーゲン金沢,テゲバジャーロ宮崎,A,A,0.43390959132056256,0.21724792708197999,0.3488424815974574
15,32069,2025-08-16,2025,,ガイナーレ鳥取,高知ユナイテッドSC,H,D,0.1255926668561264,0.5210282919337065,0.3533790412101672
15,32070,2025-08-16,2025,,鹿児島ユナイテッドFC,SC相模原,H,D,0.32850496991927325,0.3362185232772902,0.3352765068034367
15,32401,2025-08-16,2025,,鹿島,福岡,D,H,0.27004720135108773,0.32206740461318684,0.4078853940357255
15,32402,2025-08-16,2025,,清水,横浜FM,A,A,0.39253047542710573,0.31311252618302493,0.2943569983898693
15,32403,2025-08-16,2025,,浦和,名古屋,H,H,0.1541002326808128,0.3683678281153731,0.4775319392038141
15,32404,2025-08-16,2025,,町田,C大阪,H,H,0.2888005925047702,0.30561732969055233,0.40558207780467753
15,32405,2025-08-16,2025,,湘南,FC東京,D,D,0.2913976860924077,0.46667259335298544,0.24192972055460701
15,32406,2025-08-16,2025,,新潟,川崎F,D,D,0.2722160431347531,0.4004597243197374,0.32732423254550935
15,32407,2025-08-16,2025,,京都,東京V,H,A,0.3579147302557381,0.30137029539847415,0.3407149743457878
15,32408,2025-08-16,2025,,神戸,横浜FC,A,H,0.2721235278607577,0.055470428548663506,0.6724060435905788
15,32409,2025-08-16,2025,,広島,G大阪,H,D,0.4008988206306627,0.4156426489756316,0.1834585303937058
15,31788,2025-08-17,2025,,甲府,大分,H,A,0.42604196558165935,0.42590578076726476,0.14805225365107583
15,31789,2025-08-17,2025,,愛媛FC,大宮,A,D,0.3350578115178856,0.34573542187447004,0.3192067666076444
15,31790,2025-08-17,2025,,鳥栖,V・ファーレン長崎,A,D,0.23169565084999286,0.384926699091608,0.3833776500583992
15,32410,2025-08-17,2025,,岡山,柏,H,A,0.4387411325659634,0.24865619652498616,0.31260267090905036
15,32449,2025-08-20,2025,,町田,G大阪,H,A,0.6716799270754128,0.11305744400664434,0.2152626289179428
15,32450,2025-08-20,2025,,広島,神戸,A,A,0.4168132785755305,0.32777600518182437,0.25541071624264516
15,32411,2025-08-22,2025,,柏,浦和,H,D,0.31392639039834014,0.447845720905612,0.23822788869604777
15,31791,2025-08-23,2025,,秋田,FC今治,A,H,0.21154687836577354,0.3252415178022246,0.46321160383200194
15,31792,2025-08-23,2025,,いわきFC,大分,H,A,0.4229920600979057,0.36358240802170233,0.21342553188039204
15,31793,2025-08-23,2025,,甲府,札幌,A,H,0.27657391309461615,0.2945180666809765,0.42890802022440727
15,31794,2025-08-23,2025,,大宮,熊本,H,D,0.2097983816371048,0.4343703957056906,0.3558312226572047
15,31795,2025-08-23,2025,,藤枝MYFC,愛媛FC,H,D,0.17242771096519696,0.415048364773418,0.4125239242613852
15,31796,2025-08-23,2025,,徳島,山形,H,A,0.4580337165548902,0.16982704114411867,0.37213924230099116
15,31797,2025-08-23,2025,,鳥栖,水戸,D,H,0.23772851957492783,0.3800711863392638,0.38220029408580836
15,31798,2025-08-23,2025,,磐田,富山,H,D,0.26216015533634557,0.39129601202656883,0.3465438326370856
15,32071,2025-08-23,2025,,栃木シティ,ツエーゲン金沢,A,A,0.4145337919115481,0.2701391767879549,0.31532703130049705
15,32072,2025-08-23,2025,,SC相模原,ギラヴァンツ北九州,H,D,0.37291177682442,0.4169794842154488,0.21010873896013132
15,32073,2025-08-23,2025,,奈良クラブ,高知ユナイテッドSC,H,D,0.22747364759254976,0.39825698226765144,0.3742693701397989
15,32074,2025-08-23,2025,,FC琉球,カマタマーレ讃岐,D,H,0.3533646225531473,0.2776714281248903,0.3689639493219624
15,32075,2025-08-23,2025,,ヴァンラーレ八戸,FC大阪,D,D,0.32242979108124875,0.38722708754965396,0.29034312136909723
15,32076,2025-08-23,2025,,群馬,栃木SC,A,D,0.3538808586973499,0.3551116910896842,0.29100745021296576
15,32077,2025-08-23,2025,,ガイナーレ鳥取,松本山雅FC,D,H,0.18585812223676354,0.3328940001244452,0.48124787763879134
15,32078,2025-08-23,2025,,テゲバジャーロ宮崎,アスルクラロ沼津,H,A,0.507279478571055,0.22890970617996673,0.2638108152489783
15,32412,2025-08-23,2025,,福岡,清水,D,D,0.24301197112428968,0.4305265196072803,0.32646150926843
15,32413,2025-08-23,2025,,東京V,広島,A,A,0.37990516035570426,0.3604460707508976,0.2596487688933981
15,32414,2025-08-23,2025,,新潟,鹿島,A,H,0.2662338967466746,0.22654562186842597,0.5072204813848994
15,32415,2025-08-23,2025,,名古屋,川崎F,A,H,0.37277251567170944,0.1242303796573048,0.5029971046709858
15,32416,2025-08-23,2025,,G大阪,横浜FC,H,D,0.20813833825910388,0.40508633987049664,0.38677532187039954
15,32417,2025-08-23,2025,,C大阪,神戸,D,A,0.37581099676778734,0.3372726507143848,0.2869163525178279
15,32418,2025-08-23,2025,,岡山,湘南,H,D,0.2507092925304277,0.44627462660691536,0.3030160808626569
15,32419,2025-08-23,2025,,横浜FM,町田,D,H,0.3173447175449438,0.19848306287897516,0.484172219576081
15,31799,2025-08-24,2025,,V・ファーレン長崎,レノファ山口FC,H,H,0.19963518749563816,0.3291198042748396,0.47124500822952214
15,31800,2025-08-24,2025,,仙台,千葉,H,H,0.3392707800966109,0.3129757248800996,0.3477534950232895
15,32079,2025-08-24,2025,,FC岐阜,福島ユナイテッドFC,A,D,0.30069108032676706,0.361329221159488,0.337979698513745
15,32080,2025-08-24,2025,,鹿児島ユナイテッドFC,AC長野パルセイロ,H,H,0.24492498200338234,0.3257002389840013,0.4293747790126164
15,32420,2025-08-24,2025,,FC東京,京都,A,H,0.291042368646689,0.3374378723908502,0.3715197589624608
15,31801,2025-08-30,2025,,札幌,大宮,H,H,0.2859376608464602,0.2263926911556527,0.487669647997887
15,31802,2025-08-30,2025,,水戸,レノファ山口FC,D,D,0.3697268809345138,0.43730067260758954,0.19297244645789674
15,31803,2025-08-30,2025,,富山,熊本,A,H,0.2121353888155035,0.32625387190589683,0.46161073927859975
15,31804,2025-08-30,2025,,山形,鳥栖,H,H,0.33867330548442526,0.31579098677448614,0.34553570774108855
15,31805,2025-08-30,2025,,千葉,甲府,H,D,0.25150220264619877,0.44078167351299435,0.3077161238408068
15,31806,2025-08-30,2025,,徳島,秋田,D,D,0.2549101879836804,0.40415802411293716,0.34093178790338247
15,31807,2025-08-30,2025,,FC今治,いわきFC,A,D,0.3236833513064604,0.3899147278384785,0.2864019208550611
15,32081,2025-08-30,2025,,福島ユナイテッドFC,鹿児島ユナイテッドFC,D,H,0.3474265135711071,0.18046234146264167,0.4721111449662512
15,32082,2025-08-30,2025,,松本山雅FC,ヴァンラーレ八戸,D,H,0.21421791185622238,0.3654189146524147,0.42036317349136293
15,32083,2025-08-30,2025,,AC長野パルセイロ,ギラヴァンツ北九州,D,H,0.3708357323985828,0.18095309866121762,0.4482111689401996
15,32084,2025-08-30,2025,,アスルクラロ沼津,栃木シティ,A,D,0.1448375766737563,0.5214927153396585,0.3336697079865853
15,32085,2025-08-30,2025,,FC大阪,SC相模原,A,A,0.4769556111656703,0.29534663824984114,0.2276977505844886
15,32086,2025-08-30,2025,,高知ユナイテッドSC,テゲバジャーロ宮崎,A,D,0.30869269676377803,0.38867502477405863,0.3026322784621634
15,32087,2025-08-30,2025,,栃木SC,奈良クラブ,D,D,0.19507199013690696,0.4504073652083908,0.35452064465470234
15,32088,2025-08-30,2025,,ツエーゲン金沢,ガイナーレ鳥取,H,H,0.2655993319276964,0.31428592527988203,0.4201147427924216
15,32089,2025-08-30,2025,,FC岐阜,FC琉球,H,D,0.370464355558595,0.4168417374643197,0.2126939069770852
15,32421,2025-08-30,2025,,横浜FC,東京V,D,D,0.24190936526739396,0.531463336664126,0.22662729806848006
15,32422,2025-08-30,2025,,京都,岡山,H,D,0.25491617755398255,0.3969017682391302,0.34818205420688725
15,32423,2025-08-30,2025,,神戸,横浜FM,H,A,0.4830681078601081,0.1945027832980306,0.3224291088418613
15,31808,2025-08-31,2025,,V・ファーレン長崎,藤枝MYFC,H,H,0.2655918535142026,0.32533570636246056,0.40907244012333677
15,31809,2025-08-31,2025,,愛媛FC,仙台,D,D,0.2684066486924404,0.47745281133848916,0.25414053996907054
15,31810,2025-08-31,2025,,大分,磐田,D,A,0.5741673386277603,0.23496680133940248,0.19086586003283731
15,32090,2025-08-31,2025,,カマタマーレ讃岐,群馬,H,A,0.3942479209030239,0.28663065392372755,0.3191214251732486
15,32424,2025-08-31,2025,,清水,鹿島,D,A,0.44098454545273885,0.28792473067790547,0.2710907238693557
15,32425,2025-08-31,2025,,浦和,新潟,H,D,0.2625890097238977,0.4063113383086425,0.33109965196745983
15,32426,2025-08-31,2025,,柏,福岡,H,D,0.2924181429366222,0.38843035783814006,0.3191514992252378
15,32427,2025-08-31,2025,,川崎F,町田,H,D,0.2513850274640597,0.42369646392891863,0.3249185086070217
15,32428,2025-08-31,2025,,湘南,G大阪,A,A,0.5293654618866215,0.2162290834100868,0.2544054547032918
15,32429,2025-08-31,2025,,名古屋,FC東京,D,A,0.45764332638731137,0.2736043864841256,0.2687522871285629
15,32430,2025-08-31,2025,,C大阪,広島,D,H,0.21353453861340163,0.27452178034044294,0.5119436810461554
15,32091,2025-09-06,2025,,ヴァンラーレ八戸,アスルクラロ沼津,H,H,0.14627549315604382,0.36893911711213706,0.48478538973181906
15,32092,2025-09-06,2025,,栃木シティ,松本山雅FC,H,H,0.2910626664925897,0.15004180613926238,0.558895527368148
15,32093,2025-09-06,2025,,SC相模原,AC長野パルセイロ,H,D,0.34002666017696964,0.36953883044182484,0.2904345093812056
15,32094,2025-09-06,2025,,奈良クラブ,カマタマーレ讃岐,H,H,0.356485484355421,0.28380010642673253,0.35971440921784653
15,32095,2025-09-06,2025,,ガイナーレ鳥取,福島ユナイテッドFC,A,H,0.2840771212737725,0.3522133814397859,0.3637094972864416
15,32096,2025-09-06,2025,,ギラヴァンツ北九州,FC岐阜,A,H,0.2151512084122838,0.2738753639040665,0.5109734276836497
15,32097,2025-09-06,2025,,テゲバジャーロ宮崎,栃木SC,A,A,0.3765316090774931,0.31197506965378863,0.31149332126871837
15,32098,2025-09-06,2025,,鹿児島ユナイテッドFC,高知ユナイテッドSC,H,H,0.19923205580794479,0.35588944576805615,0.4448784984239991
15,32099,2025-09-06,2025,,FC琉球,群馬,H,A,0.4474030100166307,0.28503925136531444,0.267557738618055
15,32100,2025-09-07,2025,,ツエーゲン金沢,FC大阪,H,H,0.34665376409259246,0.28853114489012505,0.3648150910172825
15,32433,2025-09-12,2025,,町田,横浜FC,D,A,0.5062416814991968,0.21626652319119952,0.2774917953096037
15,32437,2025-09-12,2025,,神戸,柏,D,A,0.5820923551755934,0.221608152678564,0.1962994921458425
15,32439,2025-09-12,2025,,広島,京都,D,H,0.17508055342585274,0.38712822594270807,0.43779122063143916
15,31811,2025-09-13,2025,,札幌,いわきFC,A,D,0.24752641221455104,0.489143777186261,0.26332981059918803
15,31812,2025-09-13,2025,,大宮,V・ファーレン長崎,A,H,0.298315715351943,0.3283914109794601,0.37329287366859687
15,31813,2025-09-13,2025,,甲府,鳥栖,A,D,0.3582542964851553,0.4096129635649948,0.23213273994985
15,31814,2025-09-13,2025,,磐田,FC今治,H,H,0.22864122064347014,0.2479291217308257,0.5234296576257041
15,31815,2025-09-13,2025,,藤枝MYFC,大分,D,H,0.4041591262041565,0.13836610153381335,0.45747477226203026
15,31820,2025-09-13,2025,,仙台,水戸,D,H,0.30720893661476534,0.31561226371023854,0.37717879967499623
15,32101,2025-09-13,2025,,福島ユナイテッドFC,カマタマーレ讃岐,H,D,0.27826901604131776,0.3892005720746679,0.33253041188401433
15,32102,2025-09-13,2025,,SC相模原,FC岐阜,A,H,0.2709976515648242,0.317891123438853,0.4111112249963228
15,32103,2025-09-13,2025,,松本山雅FC,アスルクラロ沼津,H,H,0.2925426397504656,0.32975253713125313,0.37770482311828124
15,32104,2025-09-13,2025,,AC長野パルセイロ,ガイナーレ鳥取,D,A,0.41504131037361663,0.26828716573507566,0.31667152389130776
15,32105,2025-09-13,2025,,奈良クラブ,鹿児島ユナイテッドFC,A,H,0.17459963925330824,0.3523962728756496,0.4730040878710422
15,32106,2025-09-13,2025,,ギラヴァンツ北九州,群馬,H,D,0.28542130989810216,0.39651887629640314,0.31805981380549475
15,32431,2025-09-13,2025,,鹿島,湘南,H,A,0.4826465064043198,0.2504723556687742,0.2668811379269061
15,32434,2025-09-13,2025,,横浜FM,川崎F,A,A,0.3688572747965699,0.2875303824244793,0.34361234277895075
15,32435,2025-09-13,2025,,新潟,清水,A,H,0.18875712950962642,0.34923088586148915,0.46201198462888454
15,32436,2025-09-13,2025,,G大阪,浦和,H,H,0.24573547103385696,0.37003374561611324,0.38423078335002986
15,32438,2025-09-13,2025,,岡山,名古屋,A,D,0.335404533380629,0.40285710204045494,0.2617383645789162
15,32440,2025-09-13,2025,,福岡,C大阪,A,H,0.3469788735360731,0.21167775346103,0.44134337300289694
15,31816,2025-09-14,2025,,秋田,愛媛FC,H,H,0.30564013761757897,0.2886332348069444,0.40572662757547656
15,31817,2025-09-14,2025,,山形,富山,H,D,0.19312903819742494,0.43702647660717936,0.36984448519539576
15,31818,2025-09-14,2025,,レノファ山口FC,千葉,H,H,0.17562715675995647,0.38687346073867696,0.4374993825013666
15,32107,2025-09-14,2025,,高知ユナイテッドSC,栃木SC,A,D,0.20644969467071994,0.5042710757276235,0.2892792296016566
15,32108,2025-09-14,2025,,テゲバジャーロ宮崎,ヴァンラーレ八戸,H,D,0.3388472750590294,0.39234435531947287,0.26880836962149773
16,31819,2025-09-15,2025,,熊本,徳島,H,A,0.3847952039375249,0.2566669204096424,0.3585378756528327
16,32109,2025-09-15,2025,,FC大阪,栃木シティ,H,H,0.38915541247412305,0.21260161212528697,0.39824297540059006
16,32110,2025-09-15,2025,,FC琉球,ツエーゲン金沢,H,D,0.3150804729189903,0.42490754779615364,0.2600119792848561
16,32432,2025-09-15,2025,,FC東京,東京V,H,D,0.2620195833639353,0.5291782893750654,0.20880212726099923
16,32111,2025-09-19,2025,,FC大阪,ギラヴァンツ北九州,A,A,0.4649565836649541,0.20925015675935052,0.3257932595756953
16,31821,2025-09-20,2025,,仙台,山形,H,H,0.3085305261048775,0.3119478705064419,0.3795216033886806
16,31822,2025-09-20,2025,,いわきFC,水戸,D,A,0.453880873926191,0.2435175435285822,0.30260158254522684
16,31823,2025-09-20,2025,,大宮,FC今治,A,A,0.4787090839657808,0.30445346081205615,0.21683745522216308
16,31824,2025-09-20,2025,,甲府,秋田,D,D,0.26484064506351374,0.4913699793351825,0.24378937560130376
16,31825,2025-09-20,2025,,藤枝MYFC,磐田,H,D,0.21958463711280693,0.39254121284863575,0.38787415003855735
16,31826,2025-09-20,2025,,徳島,札幌,A,A,0.42779304211508523,0.2829929869380114,0.2892139709469035
16,31827,2025-09-20,2025,,愛媛FC,千葉,A,H,0.21718740389055868,0.3026123442771741,0.4802002518322673
16,31828,2025-09-20,2025,,鳥栖,熊本,H,H,0.21144952675614065,0.33439565620490397,0.45415481703895544
16,31829,2025-09-20,2025,,V・ファーレン長崎,富山,D,D,0.23538670234196743,0.5242802320422876,0.24033306561574497
16,31830,2025-09-20,2025,,大分,レノファ山口FC,H,D,0.3653363533875208,0.3663857854099331,0.2682778612025461
16,32112,2025-09-20,2025,,ヴァンラーレ八戸,福島ユナイテッドFC,H,H,0.2861149415932961,0.3546204990216011,0.35926455938510277
16,32113,2025-09-20,2025,,栃木SC,FC琉球,H,H,0.3779565668188289,0.21897540204958482,0.40306803113158624
16,32114,2025-09-20,2025,,栃木シティ,高知ユナイテッドSC,H,H,0.24502359597924475,0.3761359618037174,0.37884044221703783
16,32116,2025-09-20,2025,,アスルクラロ沼津,奈良クラブ,H,A,0.3565913323547527,0.3333800464199066,0.31002862122534064
16,32117,2025-09-20,2025,,FC岐阜,AC長野パルセイロ,H,H,0.2915504689712585,0.2779264857062172,0.4305230453225243
16,32118,2025-09-20,2025,,ガイナーレ鳥取,群馬,H,A,0.4502003994721998,0.3879258714082561,0.16187372911954406
16,32119,2025-09-20,2025,,鹿児島ユナイテッドFC,テゲバジャーロ宮崎,H,A,0.5158426178656839,0.2812495297550648,0.20290785237925135
16,32441,2025-09-20,2025,,浦和,鹿島,A,A,0.4064258939996233,0.3292007019960781,0.2643734040042987
16,32442,2025-09-20,2025,,東京V,岡山,H,A,0.4574249021231843,0.360391975381945,0.1821831224948706
16,32443,2025-09-20,2025,,川崎F,FC東京,A,H,0.3244979771926452,0.30631620633329165,0.3691858164740632
16,32444,2025-09-20,2025,,横浜FM,福岡,H,D,0.2837987656791422,0.43252361333524436,0.2836776209856135
16,32445,2025-09-20,2025,,横浜FC,新潟,H,H,0.2837641526184911,0.3072600641468244,0.4089757832346846
16,32446,2025-09-20,2025,,名古屋,湘南,H,H,0.31758743027900205,0.31309118861000546,0.36932138111099255
16,32447,2025-09-20,2025,,京都,清水,A,A,0.3923668640643957,0.3396513898259204,0.26798174610968384
16,32448,2025-09-20,2025,,C大阪,柏,D,H,0.332641756204056,0.29380263471312507,0.37355560908281893
16,32120,2025-09-21,2025,,カマタマーレ讃岐,SC相模原,H,A,0.45656825236196363,0.33737990589273736,0.20605184174529906
16,32451,2025-09-23,2025,,鹿島,C大阪,H,A,0.37438425380143747,0.2770858493544656,0.3485298968440969
16,32452,2025-09-23,2025,,柏,広島,D,H,0.27465202843055625,0.2641682985406484,0.4611796730287954
16,32453,2025-09-23,2025,,FC東京,福岡,H,H,0.18855905926067817,0.25699202262187626,0.5544489181174457
16,32454,2025-09-23,2025,,湘南,川崎F,A,H,0.2787347851730996,0.3295422782471361,0.3917229365797643
16,32455,2025-09-23,2025,,新潟,名古屋,D,D,0.21515571454741128,0.4459738306237144,0.3388704548288744
16,32456,2025-09-23,2025,,清水,浦和,D,H,0.24646853027010052,0.31384777340787345,0.4396836963220259
16,32457,2025-09-23,2025,,京都,町田,D,H,0.2892722531309725,0.25784340551138485,0.4528843413576428
16,32458,2025-09-23,2025,,G大阪,横浜FM,H,D,0.22481337654191602,0.4447312175787657,0.33045540587931826
16,32459,2025-09-23,2025,,神戸,東京V,H,D,0.33819622054449444,0.3654527141925928,0.29635106526291277
16,32460,2025-09-23,2025,,岡山,横浜FC,D,D,0.24416214200243294,0.4950491673552517,0.26078869064231536
16,32121,2025-09-26,2025,,ヴァンラーレ八戸,鹿児島ユナイテッドFC,H,D,0.3104375651688986,0.3494962340201088,0.34006620081099265
16,31831,2025-09-27,2025,,札幌,仙台,A,A,0.38793780885996104,0.24940103375075792,0.362661157389281
16,31832,2025-09-27,2025,,山形,レノファ山口FC,H,D,0.30917779334426343,0.40544342814842366,0.28537877850731297
16,31833,2025-09-27,2025,,いわきFC,甲府,A,H,0.24464412064480884,0.3081813298981085,0.44717454945708274
16,31834,2025-09-27,2025,,千葉,熊本,D,D,0.176185040627842,0.5063839935284764,0.31743096584368163
16,31835,2025-09-27,2025,,磐田,大宮,A,D,0.2694845677729159,0.3737161670990659,0.35679926512801824
16,31836,2025-09-27,2025,,FC今治,鳥栖,D,A,0.4304962822975817,0.2735782150849553,0.2959255026174631
16,31837,2025-09-27,2025,,大分,愛媛FC,A,H,0.33200575683493133,0.17083017048208055,0.49716407268298823
16,32122,2025-09-27,2025,,栃木シティ,ガイナーレ鳥取,H,H,0.3087180612850176,0.3000352833614563,0.3912466553535261
16,32123,2025-09-27,2025,,群馬,SC相模原,D,A,0.3875913423404604,0.2916093222223645,0.32079933543717515
16,32124,2025-09-27,2025,,ツエーゲン金沢,カマタマーレ讃岐,H,A,0.40430192328405784,0.2448650094480798,0.35083306726786234
16,32125,2025-09-27,2025,,アスルクラロ沼津,FC岐阜,A,H,0.2807806625877812,0.33969185183248124,0.37952748557973764
16,32126,2025-09-27,2025,,奈良クラブ,FC大阪,D,A,0.3478516093340065,0.31655386738734864,0.335594523278645
16,32127,2025-09-27,2025,,ギラヴァンツ北九州,高知ユナイテッドSC,A,D,0.29250106924002384,0.4990269227986187,0.20847200796135754
16,32128,2025-09-27,2025,,テゲバジャーロ宮崎,FC琉球,H,H,0.23571550312528985,0.3699843212343246,0.3943001756403855
16,32462,2025-09-27,2025,,東京V,浦和,D,D,0.2745329558827029,0.37410535800311645,0.3513616861141806
16,32463,2025-09-27,2025,,町田,岡山,H,D,0.28142588800602863,0.4284708513141238,0.29010326067984743
16,32466,2025-09-27,2025,,名古屋,鹿島,A,H,0.25564865227027844,0.36894701826922477,0.3754043294604968
16,32467,2025-09-27,2025,,G大阪,新潟,H,H,0.32538983867767823,0.3083363451083564,0.3662738162139653
16,32469,2025-09-27,2025,,神戸,清水,H,D,0.28898166377367657,0.365437472383241,0.34558086384308256
16,32470,2025-09-27,2025,,福岡,広島,A,A,0.5681612811575265,0.3077722988315218,0.12406642001095172
16,31838,2025-09-28,2025,,秋田,V・ファーレン長崎,D,A,0.5662220680457537,0.27747766828169773,0.15630026367254865
16,31839,2025-09-28,2025,,水戸,藤枝MYFC,H,D,0.22800545016923507,0.41587371134714457,0.3561208384836203
16,31840,2025-09-28,2025,,富山,徳島,A,D,0.3226859798669061,0.4239900484600239,0.25332397167306997
16,32129,2025-09-28,2025,,福島ユナイテッドFC,AC長野パルセイロ,A,H,0.3509352200666827,0.2925653449538834,0.3564994349794339
16,32130,2025-09-28,2025,,松本山雅FC,栃木SC,D,H,0.29342659656413334,0.284215132379323,0.4223582710565438
16,32461,2025-09-28,2025,,FC東京,横浜FM,A,A,0.40612659007339874,0.2596609978571466,0.3342124120694547
16,32464,2025-09-28,2025,,川崎F,柏,D,H,0.2125226178172641,0.3898775568791259,0.39759982530361
16,32465,2025-09-28,2025,,横浜FC,湘南,H,A,0.42012865296570345,0.31326688686576637,0.26660446016853023
16,32468,2025-09-28,2025,,C大阪,京都,A,A,0.5168413912936279,0.17646346565657806,0.306695143049794
16,32471,2025-10-03,2025,,湘南,東京V,A,D,0.30192179627388205,0.38813060948305356,0.30994759424306445
16,31841,2025-10-04,2025,,札幌,山形,A,H,0.1928439046955434,0.35442742230059526,0.4527286730038613
16,31842,2025-10-04,2025,,千葉,V・ファーレン長崎,A,D,0.40708463820727087,0.44310863981019855,0.14980672198253042
16,31843,2025-10-04,2025,,甲府,磐田,A,D,0.16867141894994614,0.5907685359164669,0.24056004513358695
16,31844,2025-10-04,2025,,藤枝MYFC,富山,A,H,0.2727374973401336,0.31210767623172464,0.4151548264281417
16,31850,2025-10-04,2025,,仙台,大宮,A,H,0.21175311959275178,0.3069403747080038,0.48130650569924444
16,32131,2025-10-04,2025,,SC相模原,ヴァンラーレ八戸,A,D,0.2899392873370066,0.4073919265895208,0.30266878607347264
16,32132,2025-10-04,2025,,AC長野パルセイロ,ツエーゲン金沢,A,D,0.3252332009454825,0.39496312356035385,0.2798036754941637
16,32133,2025-10-04,2025,,FC岐阜,群馬,H,D,0.3485496844752402,0.42701897780442666,0.22443133772033325
16,32134,2025-10-04,2025,,鹿児島ユナイテッドFC,栃木シティ,A,A,0.4826401271072938,0.23365915799723255,0.28370071489547377
16,32135,2025-10-04,2025,,FC琉球,奈良クラブ,A,A,0.41695780501006974,0.1955759395736151,0.38746625541631524
16,32473,2025-10-04,2025,,浦和,神戸,H,H,0.3294809495043002,0.27543106826607194,0.395087982229628
16,32474,2025-10-04,2025,,柏,横浜FM,H,A,0.3919985005856232,0.32956477069138856,0.2784367287229884
16,32475,2025-10-04,2025,,新潟,岡山,D,H,0.22256286465860203,0.32491989667885635,0.45251723866254157
16,32476,2025-10-04,2025,,清水,FC東京,D,D,0.28816008391589837,0.3710507754311666,0.340789140652935
16,32477,2025-10-04,2025,,名古屋,C大阪,H,H,0.2777650392171478,0.3191052923300546,0.4031296684527977
16,32478,2025-10-04,2025,,京都,川崎F,D,D,0.20798453003567147,0.3973097595576199,0.3947057104067088
16,32479,2025-10-04,2025,,広島,町田,H,A,0.34141481168501286,0.31757253746530995,0.34101265084967713
16,32480,2025-10-04,2025,,福岡,横浜FC,H,H,0.2246617276063126,0.29092103997365687,0.48441723242003054
16,31845,2025-10-05,2025,,秋田,大分,D,H,0.32313846381639316,0.2333667346302064,0.44349480155340043
16,31846,2025-10-05,2025,,レノファ山口FC,鳥栖,A,H,0.2957440240488213,0.2809327316070793,0.42332324434409946
16,31847,2025-10-05,2025,,徳島,FC今治,H,H,0.18169685468102956,0.35350275672352127,0.46480038859544914
16,31848,2025-10-05,2025,,愛媛FC,水戸,A,A,0.4078487348396531,0.3494143501561792,0.24273691500416766
16,31849,2025-10-05,2025,,熊本,いわきFC,A,A,0.3999292467810523,0.2613334955628838,0.33873725765606394
16,32136,2025-10-05,2025,,福島ユナイテッドFC,松本山雅FC,H,H,0.28766942030874026,0.28649770540360053,0.4258328742876592
16,32137,2025-10-05,2025,,栃木SC,ギラヴァンツ北九州,A,H,0.2550232167304523,0.26760849035988815,0.47736829290965965
16,32138,2025-10-05,2025,,ガイナーレ鳥取,FC大阪,A,A,0.4135432537863858,0.3061671593500618,0.28028958686355254
16,32139,2025-10-05,2025,,カマタマーレ讃岐,テゲバジャーロ宮崎,A,A,0.3788683553517124,0.305220673983663,0.31591097066462465
16,32140,2025-10-05,2025,,高知ユナイテッドSC,アスルクラロ沼津,A,D,0.2441809384579432,0.49312674875966295,0.262692312782394
16,32472,2025-10-05,2025,,鹿島,G大阪,D,A,0.4796008425940337,0.21703678961768091,0.30336236778828546
16,32150,2025-10-10,2025,,FC大阪,FC琉球,H,D,0.3065797301568625,0.36524006873657006,0.3281802011065674
16,32141,2025-10-11,2025,,栃木シティ,奈良クラブ,H,H,0.25595875700692544,0.28002904379456367,0.46401219919851083
16,32142,2025-10-11,2025,,ギラヴァンツ北九州,鹿児島ユナイテッドFC,D,H,0.28075239055848455,0.3341595798370264,0.38508802960448907
16,32143,2025-10-12,2025,,栃木SC,福島ユナイテッドFC,H,H,0.3013334944880365,0.2640531527863595,0.43461335272560414
16,32144,2025-10-12,2025,,群馬,ヴァンラーレ八戸,A,H,0.25966193105139007,0.18405368747861503,0.5562843814699949
16,32146,2025-10-12,2025,,ツエーゲン金沢,アスルクラロ沼津,H,H,0.332763427054866,0.31407199307099987,0.353164579874134
16,32147,2025-10-12,2025,,ガイナーレ鳥取,SC相模原,H,D,0.12235820028238054,0.5873308563850028,0.2903109433326167
16,32148,2025-10-12,2025,,高知ユナイテッドSC,FC岐阜,A,A,0.37298325802446164,0.3525968000742454,0.2744199419012931
16,32149,2025-10-13,2025,,AC長野パルセイロ,カマタマーレ讃岐,H,H,0.2911477167482551,0.29374348121033156,0.4151088020414133
16,32115,2025-10-15,2025,,ツエーゲン金沢,松本山雅FC,H,A,0.49300278993457247,0.2907200221888501,0.21627718787657746
16,32488,2025-10-17,2025,,神戸,鹿島,D,H,0.31891007520791526,0.34039434366223464,0.3406955811298501
16,32490,2025-10-17,2025,,広島,FC東京,D,H,0.33007921537644874,0.2867050288025825,0.3832157558209688
16,31851,2025-10-18,2025,,いわきFC,愛媛FC,H,H,0.13660180048395468,0.32455607972154693,0.5388421197944984
16,31852,2025-10-18,2025,,大宮,藤枝MYFC,H,D,0.3002860291678122,0.3882970579119504,0.31141691292023743
16,31853,2025-10-18,2025,,磐田,徳島,A,D,0.27426600570535925,0.46946434775816037,0.25626964653648054
16,31854,2025-10-18,2025,,鳥栖,秋田,H,H,0.3133344625529299,0.32509686270145255,0.36156867474561744
16,31855,2025-10-18,2025,,V・ファーレン長崎,甲府,H,D,0.24893798559514196,0.5172361820384441,0.23382583236641394
16,32151,2025-10-18,2025,,群馬,福島ユナイテッドFC,A,H,0.2878860087170576,0.22958984364959148,0.4825241476333509
16,32152,2025-10-18,2025,,奈良クラブ,AC長野パルセイロ,H,H,0.17435128411119238,0.32719092351596935,0.49845779237283827
16,32153,2025-10-18,2025,,鹿児島ユナイテッドFC,ガイナーレ鳥取,H,A,0.4019655145448707,0.3669086355984105,0.23112584985671875
16,32154,2025-10-18,2025,,FC琉球,高知ユナイテッドSC,H,H,0.2912405756925782,0.32469698911885947,0.3840624351885624
16,32481,2025-10-18,2025,,東京V,新潟,H,A,0.41929933292900107,0.3224774271770675,0.2582232398939316
16,32482,2025-10-18,2025,,町田,福岡,D,H,0.2962030692839738,0.2218286630157666,0.48196826770025963
16,32483,2025-10-18,2025,,川崎F,清水,H,D,0.3634584444998359,0.486480282228014,0.1500612732721501
16,32484,2025-10-18,2025,,横浜FM,浦和,H,H,0.31208492736685484,0.30321128169009,0.3847037909430552
16,32485,2025-10-18,2025,,横浜FC,名古屋,D,A,0.40012253909676526,0.2602356421442472,0.33964181875898763
16,32487,2025-10-18,2025,,G大阪,柏,A,D,0.32833899270635036,0.35865892576716824,0.3130020815264815
16,32489,2025-10-18,2025,,岡山,C大阪,A,H,0.3632187985766155,0.2534419059450538,0.3833392954783308
16,31856,2025-10-19,2025,,山形,熊本,D,A,0.58086443260307,0.20359888113464505,0.21553668626228492
16,31857,2025-10-19,2025,,水戸,千葉,A,H,0.18559865702799055,0.3973539662178523,0.41704737675415715
16,31858,2025-10-19,2025,,富山,札幌,A,H,0.2676853707594539,0.3447409620252282,0.387573667215318
16,31859,2025-10-19,2025,,FC今治,レノファ山口FC,D,D,0.24586062432635536,0.3959887476195666,0.35815062805407805
16,31860,2025-10-19,2025,,大分,仙台,D,D,0.20663677042459444,0.43195393185775777,0.3614092977176478
16,32155,2025-10-19,2025,,ヴァンラーレ八戸,栃木SC,H,D,0.24016989631550603,0.45375320794481905,0.306076895739675
16,32156,2025-10-19,2025,,SC相模原,松本山雅FC,H,H,0.25524898850823086,0.3562901560899633,0.38846085540180586
16,32157,2025-10-19,2025,,ツエーゲン金沢,FC岐阜,H,D,0.3925351769419011,0.4418018941026406,0.16566292895545828
16,32158,2025-10-19,2025,,アスルクラロ沼津,FC大阪,A,A,0.39723020497039785,0.2245573520778691,0.3782124429517331
16,32159,2025-10-19,2025,,カマタマーレ讃岐,ギラヴァンツ北九州,A,D,0.25631812783900426,0.414134622349479,0.3295472498115167
16,32160,2025-10-19,2025,,テゲバジャーロ宮崎,栃木シティ,D,H,0.16641178491156536,0.35641032192487615,0.47717789316355846
16,32486,2025-10-19,2025,,湘南,京都,D,A,0.3581006113229692,0.29286935959910093,0.3490300290779299
16,32161,2025-10-24,2025,,FC大阪,栃木SC,A,H,0.25993571391297693,0.23728286636049187,0.5027814197265312
16,31861,2025-10-25,2025,,藤枝MYFC,甲府,D,D,0.19487737387283002,0.42590702110576173,0.37921560502140833
16,31862,2025-10-25,2025,,V・ファーレン長崎,FC今治,D,H,0.255529660863837,0.3386816315624583,0.4057887075737048
16,32162,2025-10-25,2025,,栃木シティ,ヴァンラーレ八戸,H,D,0.2747898421723609,0.3984916853118487,0.3267184725157905
16,32163,2025-10-25,2025,,群馬,奈良クラブ,H,H,0.3847843742162556,0.21665363651024827,0.3985619892734962
16,32164,2025-10-25,2025,,AC長野パルセイロ,アスルクラロ沼津,H,A,0.3773581058532665,0.3211224798792799,0.3015194142674536
16,32165,2025-10-25,2025,,FC岐阜,鹿児島ユナイテッドFC,A,D,0.2990477699022856,0.41118626994691265,0.28976596015080186
16,32166,2025-10-25,2025,,ギラヴァンツ北九州,FC琉球,H,D,0.29937603730328277,0.40323419018866846,0.2973897725080488
16,32491,2025-10-25,2025,,浦和,町田,D,H,0.28741900015419347,0.3068527822717918,0.40572821757401467
16,32492,2025-10-25,2025,,柏,横浜FC,H,H,0.1551267408014522,0.2521363175593714,0.5927369416391765
16,32493,2025-10-25,2025,,FC東京,岡山,H,H,0.21801794286610715,0.23185732376077256,0.5501247333731203
16,32494,2025-10-25,2025,,横浜FM,広島,H,H,0.3392461545272535,0.28988563882364543,0.37086820664910103
16,32496,2025-10-25,2025,,清水,東京V,H,D,0.2823375317960475,0.37518413453790517,0.3424783336660474
16,32497,2025-10-25,2025,,名古屋,G大阪,A,H,0.26027126964724073,0.18287604588442397,0.5568526844683352
16,32498,2025-10-25,2025,,京都,鹿島,D,D,0.37532280329438944,0.4323194371258629,0.1923577595797476
16,32499,2025-10-25,2025,,C大阪,川崎F,H,A,0.39478008685754196,0.3221824170015469,0.2830374961409112
16,31863,2025-10-26,2025,,札幌,水戸,A,H,0.2395364706567244,0.3786723563675262,0.38179117297574944
16,31864,2025-10-26,2025,,秋田,千葉,D,H,0.22276247959324558,0.28759435307615583,0.48964316733059854
16,31865,2025-10-26,2025,,山形,大宮,D,D,0.31643047451700146,0.39221321581112245,0.2913563096718762
16,31866,2025-10-26,2025,,レノファ山口FC,富山,H,H,0.2451393007691586,0.3586866713237597,0.3961740279070817
16,31867,2025-10-26,2025,,徳島,いわきFC,A,A,0.5869415020657421,0.22234543413581254,0.19071306379844524
16,31868,2025-10-26,2025,,愛媛FC,磐田,A,A,0.4231616538524709,0.24204864680832092,0.3347896993392082
16,31869,2025-10-26,2025,,熊本,大分,A,D,0.23124670539008949,0.3885763517652771,0.3801769428446334
16,31870,2025-10-26,2025,,仙台,鳥栖,H,H,0.3064965130743295,0.22735993724881376,0.4661435496768567
16,32167,2025-10-26,2025,,福島ユナイテッドFC,ツエーゲン金沢,A,H,0.23827762665022992,0.30877968538892236,0.45294268796084775
16,32168,2025-10-26,2025,,松本山雅FC,カマタマーレ讃岐,A,H,0.12008685564253582,0.3704442954166836,0.5094688489407806
16,32169,2025-10-26,2025,,ガイナーレ鳥取,テゲバジャーロ宮崎,A,A,0.5274356894680777,0.3485471435976857,0.1240171669342366
16,32170,2025-10-26,2025,,高知ユナイテッドSC,SC相模原,A,A,0.4476104942659549,0.12337859327532016,0.429010912458725
16,32495,2025-10-26,2025,,新潟,神戸,D,H,0.22464052804893916,0.3249830754089243,0.45037639654213657
16,32500,2025-10-26,2025,,福岡,湘南,H,D,0.2717725807400156,0.37228236229215156,0.3559450569678328
16,31871,2025-11-02,2025,,いわきFC,藤枝MYFC,H,D,0.2930649103488713,0.3675636003341257,0.3393714893170031
16,31872,2025-11-02,2025,,大宮,秋田,H,D,0.22075942730454878,0.4568149632449976,0.3224256094504537
16,31873,2025-11-02,2025,,千葉,札幌,H,D,0.21903476355542947,0.45294804673911976,0.32801718970545085
16,31874,2025-11-02,2025,,甲府,水戸,A,A,0.5582760378303728,0.21785581595282622,0.223868146216801
16,31875,2025-11-02,2025,,富山,愛媛FC,D,A,0.5945044334254693,0.17936542406028527,0.2261301425142455
16,31876,2025-11-02,2025,,磐田,V・ファーレン長崎,H,D,0.2839554840691075,0.38917167285923643,0.3268728430716562
16,31877,2025-11-02,2025,,FC今治,仙台,H,D,0.26647068926102113,0.39389688939915435,0.3396324213398245
16,31878,2025-11-02,2025,,鳥栖,徳島,D,H,0.2321082020826263,0.37912765292420586,0.3887641449931679
16,31879,2025-11-02,2025,,熊本,レノファ山口FC,A,A,0.4707592092371352,0.2467902016341616,0.2824505891287033
16,31880,2025-11-02,2025,,大分,山形,A,A,0.5833702945748535,0.20952637115290265,0.20710333427224395
16,32171,2025-11-02,2025,,福島ユナイテッドFC,FC大阪,A,H,0.27510463262582,0.2829976636108526,0.4418977037633274
16,32172,2025-11-02,2025,,栃木SC,FC岐阜,A,H,0.30783609610048346,0.23294158662692396,0.45922231727259255
16,32173,2025-11-02,2025,,AC長野パルセイロ,高知ユナイテッドSC,A,A,0.3755933917744091,0.2967679993776794,0.32763860884791157
16,32174,2025-11-02,2025,,ツエーゲン金沢,群馬,A,H,0.2772374948100923,0.2913965911143153,0.4313659140755925
16,32175,2025-11-02,2025,,アスルクラロ沼津,SC相模原,D,H,0.24047943278623649,0.302960773777717,0.45655979343604647
16,32176,2025-11-02,2025,,カマタマーレ讃岐,ガイナーレ鳥取,A,A,0.3525029641670095,0.32796832688471783,0.3195287089482726
16,32177,2025-11-02,2025,,テゲバジャーロ宮崎,奈良クラブ,D,A,0.41654834511467936,0.2692374639085173,0.3142141909768033
16,32178,2025-11-02,2025,,鹿児島ユナイテッドFC,松本山雅FC,H,D,0.2849917152260163,0.4621316160708356,0.25287666870314807
16,32180,2025-11-02,2025,,ヴァンラーレ八戸,ギラヴァンツ北九州,A,H,0.31736109402151913,0.29655081982470927,0.38608808615377166
16,32179,2025-11-03,2025,,FC琉球,栃木シティ,D,H,0.19072067376739063,0.38717251020270804,0.4221068160299013
16,32145,2025-11-05,2025,,松本山雅FC,テゲバジャーロ宮崎,A,H,0.33655241567964445,0.3067465191347642,0.35670106518559147
16,31881,2025-11-08,2025,,札幌,大分,H,H,0.23722141629971732,0.3095639545350677,0.4532146291652149
16,31882,2025-11-08,2025,,愛媛FC,V・ファーレン長崎,A,A,0.4741325330939499,0.25251215442695635,0.27335531247909384
16,32181,2025-11-08,2025,,栃木シティ,カマタマーレ讃岐,H,H,0.21456781499829897,0.34898713528821756,0.4364450497134834
16,32182,2025-11-08,2025,,奈良クラブ,ヴァンラーレ八戸,D,D,0.28309017778133655,0.4109501915764185,0.3059596306422449
16,32501,2025-11-08,2025,,鹿島,横浜FC,H,D,0.2998266087752017,0.40006465181009154,0.3001087394147068
16,32502,2025-11-08,2025,,柏,名古屋,H,H,0.2848382712918029,0.33546491252807303,0.3796968161801242
16,32503,2025-11-08,2025,,東京V,福岡,D,H,0.3064496021720998,0.3181562167153978,0.37539418111250245
16,32504,2025-11-08,2025,,川崎F,岡山,D,H,0.18480682736333273,0.36626609706420166,0.4489270755724656
16,32505,2025-11-08,2025,,湘南,新潟,H,D,0.1926881931836909,0.4635752991694138,0.3437365076468953
16,31883,2025-11-09,2025,,秋田,いわきFC,H,H,0.38921690996025354,0.14467112091719508,0.4661119691225513
16,31884,2025-11-09,2025,,山形,FC今治,H,D,0.23561722230648355,0.3961176754237934,0.36826510226972314
16,31885,2025-11-09,2025,,水戸,大宮,A,H,0.20059966960986286,0.3138887022491442,0.4855116281409929
16,31886,2025-11-09,2025,,千葉,藤枝MYFC,D,D,0.28768393632336947,0.4772007939491463,0.23511526972748434
16,31887,2025-11-09,2025,,富山,鳥栖,H,H,0.24532900625203233,0.3607045110002475,0.3939664827477202
16,31888,2025-11-09,2025,,レノファ山口FC,磐田,A,A,0.3744776425233921,0.2789380786107593,0.3465842788658486
16,31889,2025-11-09,2025,,徳島,甲府,H,D,0.19149110124069418,0.4630294021042409,0.345479496655065
16,31890,2025-11-09,2025,,仙台,熊本,H,D,0.2554984710688334,0.44290929706248666,0.30159223186867984
16,32183,2025-11-09,2025,,栃木SC,鹿児島ユナイテッドFC,H,H,0.3935632416692399,0.18972324880060815,0.41671350953015196
16,32184,2025-11-09,2025,,SC相模原,ツエーゲン金沢,H,A,0.43714812655727914,0.316421375389371,0.24643049805334996
16,32185,2025-11-09,2025,,FC岐阜,ガイナーレ鳥取,A,A,0.38259650642628934,0.33537540698055845,0.28202808659315215
16,32186,2025-11-09,2025,,高知ユナイテッドSC,松本山雅FC,A,D,0.366729032948352,0.4220423124222551,0.21122865462939294
16,32187,2025-11-09,2025,,ギラヴァンツ北九州,福島ユナイテッドFC,A,H,0.2681517288448015,0.23654683381031796,0.49530143734488064
16,32188,2025-11-09,2025,,テゲバジャーロ宮崎,群馬,A,H,0.3342909461713209,0.30535615416267936,0.36035289966599976
16,32189,2025-11-09,2025,,FC琉球,アスルクラロ沼津,A,H,0.33907267423838466,0.30338261533394645,0.35754471042766883
16,32506,2025-11-09,2025,,清水,C大阪,A,H,0.32642657304082406,0.2789119917728584,0.3946614351863176
16,32507,2025-11-09,2025,,京都,横浜FM,A,D,0.2839169850061322,0.391171746282947,0.32491126871092085
16,32508,2025-11-09,2025,,G大阪,神戸,D,D,0.2804418029815151,0.40986820182801104,0.30968999519047385
16,32509,2025-11-09,2025,,広島,浦和,H,A,0.39276521658044306,0.32637153180073225,0.2808632516188247
16,32510,2025-11-09,2025,,町田,FC東京,A,A,0.4826597821758304,0.23280806100633009,0.28453215681783955
16,32190,2025-11-10,2025,,FC大阪,AC長野パルセイロ,H,D,0.2876667704948266,0.3590820547605475,0.35325117474462586
16,32192,2025-11-15,2025,,AC長野パルセイロ,テゲバジャーロ宮崎,A,A,0.4837567283213169,0.3583345568138627,0.15790871486482044
16,32193,2025-11-15,2025,,FC岐阜,栃木シティ,H,D,0.3517412787923314,0.36888439660973116,0.2793743245979374
16,32194,2025-11-15,2025,,高知ユナイテッドSC,ヴァンラーレ八戸,D,D,0.21882341942878653,0.5092675649685632,0.2719090156026502
16,32191,2025-11-16,2025,,松本山雅FC,FC大阪,D,H,0.3099127906713504,0.28102935331704954,0.4090578560116
16,32195,2025-11-16,2025,,福島ユナイテッドFC,奈良クラブ,H,D,0.1069394852880548,0.6125811301980932,0.280479384513852
16,32196,2025-11-16,2025,,SC相模原,FC琉球,H,D,0.2611004126916823,0.4098274915979872,0.3290720957103304
16,32197,2025-11-16,2025,,ツエーゲン金沢,栃木SC,H,D,0.2581707697276163,0.4182311932246725,0.3235980370477111
16,32198,2025-11-16,2025,,アスルクラロ沼津,群馬,A,H,0.1559296375663227,0.3404669215794997,0.5036034408541776
16,32199,2025-11-16,2025,,ガイナーレ鳥取,ギラヴァンツ北九州,H,A,0.47541863716625443,0.30878952045385083,0.21579184237989477
16,32200,2025-11-16,2025,,カマタマーレ讃岐,鹿児島ユナイテッドFC,D,D,0.27621185371465384,0.47168282493725655,0.2521053213480897
16,31891,2025-11-23,2025,,秋田,仙台,D,A,0.39327669753094396,0.3646724860151648,0.24205081645389132
16,31892,2025-11-23,2025,,いわきFC,レノファ山口FC,D,A,0.4020250494917038,0.23564838682430453,0.3623265636839917
16,31893,2025-11-23,2025,,大宮,徳島,A,A,0.45057004171898973,0.2085243797092309,0.34090557857177944
16,31894,2025-11-23,2025,,甲府,富山,A,H,0.30755162111963613,0.3363203086852236,0.35612807019514026
16,31895,2025-11-23,2025,,磐田,山形,D,A,0.39191625843574107,0.35680938013586794,0.2512743614283911
16,31896,2025-11-23,2025,,藤枝MYFC,鳥栖,D,A,0.47149642027022476,0.3841508771390305,0.14435270259074479
16,31897,2025-11-23,2025,,愛媛FC,熊本,D,H,0.27297420884879187,0.3497757426655773,0.3772500484856308
16,31898,2025-11-23,2025,,FC今治,札幌,D,H,0.1313450478261651,0.29994329422978433,0.5687116579440505
16,31899,2025-11-23,2025,,V・ファーレン長崎,水戸,H,D,0.22365590208408812,0.5069408702253508,0.269403227690561
16,31900,2025-11-23,2025,,大分,千葉,A,A,0.551034648867722,0.27847815200256293,0.170487199129715
16,32201,2025-11-23,2025,,ヴァンラーレ八戸,カマタマーレ讃岐,A,H,0.21171731193983334,0.3540248052370643,0.4342578828231023
16,32202,2025-11-23,2025,,栃木SC,ガイナーレ鳥取,H,A,0.4773155220554552,0.2522105400716065,0.27047393787293844
16,32203,2025-11-23,2025,,栃木シティ,AC長野パルセイロ,H,H,0.2885489898219811,0.2559556045276965,0.4554954056503225
16,32204,2025-11-23,2025,,群馬,松本山雅FC,H,A,0.4124491068421091,0.2759005219699584,0.31165037118793254
16,32205,2025-11-23,2025,,アスルクラロ沼津,福島ユナイテッドFC,A,H,0.3246294278405118,0.2879800478425193,0.38739052431696885
16,32206,2025-11-23,2025,,ギラヴァンツ北九州,ツエーゲン金沢,H,H,0.2679884039431175,0.3291536238557624,0.4028579722011201
16,32207,2025-11-23,2025,,テゲバジャーロ宮崎,FC岐阜,H,D,0.26490431917508767,0.3928873331910745,0.34220834763383795
16,32208,2025-11-23,2025,,鹿児島ユナイテッドFC,FC琉球,D,A,0.3745234574789335,0.3570857629587958,0.2683907795622708
16,32209,2025-11-24,2025,,FC大阪,高知ユナイテッドSC,H,H,0.22083651631155596,0.2661117407104144,0.5130517429780297
16,32210,2025-11-24,2025,,奈良クラブ,SC相模原,H,H,0.39259398735735146,0.21442415599498135,0.3929818566476672
16,31901,2025-11-29,2025,,札幌,愛媛FC,H,H,0.22287509669781658,0.3809891401476,0.39613576315458343
16,31902,2025-11-29,2025,,仙台,いわきFC,A,D,0.26786953575326783,0.3823309297178678,0.34979953452886436
16,31903,2025-11-29,2025,,山形,藤枝MYFC,H,D,0.3547077173259618,0.38828451745120407,0.2570077652228342
16,31904,2025-11-29,2025,,水戸,大分,H,A,0.40989128886145737,0.28565169063734347,0.3044570205011992
16,31905,2025-11-29,2025,,千葉,FC今治,H,H,0.3408486429595996,0.30180092114719326,0.3573504358932072
16,31906,2025-11-29,2025,,富山,秋田,H,H,0.15025241844600162,0.19738049426098245,0.652367087293016
16,31907,2025-11-29,2025,,レノファ山口FC,大宮,H,A,0.38429574016453716,0.2514424430036649,0.3642618168317979
16,31908,2025-11-29,2025,,徳島,V・ファーレン長崎,D,H,0.3304585799156733,0.2625864432420076,0.4069549768423191
16,31909,2025-11-29,2025,,鳥栖,磐田,A,A,0.42089129092152094,0.2631196450844404,0.3159890639940386
16,31910,2025-11-29,2025,,熊本,甲府,D,H,0.15565417707331744,0.3054336692572271,0.5389121536694556
16,32211,2025-11-29,2025,,福島ユナイテッドFC,テゲバジャーロ宮崎,H,A,0.39156482177395724,0.25206572788764287,0.3563694503383999
16,32212,2025-11-29,2025,,SC相模原,栃木シティ,A,D,0.3381116119025125,0.44432888139398663,0.2175595067035009
16,32213,2025-11-29,2025,,松本山雅FC,ギラヴァンツ北九州,H,H,0.312022535370365,0.30404039022476703,0.38393707440486796
16,32214,2025-11-29,2025,,AC長野パルセイロ,栃木SC,A,D,0.31022408429220005,0.4108588965139348,0.2789170191938651
16,32215,2025-11-29,2025,,ツエーゲン金沢,鹿児島ユナイテッドFC,H,H,0.22071118069314732,0.25373741996659627,0.5255513993402565
16,32216,2025-11-29,2025,,FC岐阜,FC大阪,A,D,0.31477722086276105,0.35461951516406554,0.3306032639731734
16,32217,2025-11-29,2025,,ガイナーレ鳥取,奈良クラブ,H,D,0.23911210658802912,0.42512386110109496,0.335764032310876
16,32218,2025-11-29,2025,,カマタマーレ讃岐,アスルクラロ沼津,H,D,0.3094388493555887,0.3638996947992066,0.32666145584520473
16,32219,2025-11-29,2025,,高知ユナイテッドSC,群馬,A,H,0.21221019064541735,0.3170367996899889,0.4707530096645939
16,32220,2025-11-29,2025,,FC琉球,ヴァンラーレ八戸,D,D,0.21663295285808754,0.45895179557207494,0.3244152515698376
16,32511,2025-11-30,2025,,東京V,鹿島,A,H,0.15130169325880125,0.3457447184893548,0.502953588251844
16,32512,2025-11-30,2025,,町田,名古屋,H,A,0.5827821730701079,0.10519063733965672,0.31202718959023534
16,32513,2025-11-30,2025,,川崎F,広島,A,H,0.3815586617909595,0.19614345218922158,0.42229788601981894
16,32514,2025-11-30,2025,,横浜FM,C大阪,H,H,0.31518111370082963,0.3327078569265626,0.35211102937260774
16,32515,2025-11-30,2025,,横浜FC,京都,A,A,0.4767145988523526,0.24879154073350007,0.2744938604141473
16,32516,2025-11-30,2025,,湘南,清水,H,D,0.27101985618747226,0.42877359603530635,0.30020654777722133
16,32517,2025-11-30,2025,,新潟,柏,A,H,0.26753127687660505,0.34271720415676815,0.38975151896662685
16,32518,2025-11-30,2025,,神戸,FC東京,D,H,0.22089215828220604,0.3484568312849453,0.4306510104328487
16,32519,2025-11-30,2025,,岡山,浦和,A,A,0.4532002487279593,0.10061229047275999,0.4461874607992807
16,32520,2025-11-30,2025,,福岡,G大阪,H,A,0.6518516409924368,0.16210853207473291,0.18603982693283044
16,32521,2025-12-06,2025,,鹿島,横浜FM,H,H,0.25975396569849923,0.28532739694718434,0.45491863735431654
16,32522,2025-12-06,2025,,浦和,川崎F,H,D,0.3371950404165203,0.37850141067766335,0.28430354890581633
16,32523,2025-12-06,2025,,柏,町田,H,H,0.3642923697767922,0.2642299191444008,0.3714777110788071
16,32524,2025-12-06,2025,,FC東京,新潟,D,D,0.16492518739675455,0.47222914002725486,0.36284567257599054
16,32525,2025-12-06,2025,,清水,岡山,A,A,0.4450617112583158,0.1797497398216742,0.37518854892001
16,32526,2025-12-06,2025,,名古屋,福岡,H,D,0.29638568721301417,0.43901309582110853,0.2646012169658774
16,32527,2025-12-06,2025,,京都,神戸,H,H,0.24302176599634862,0.37564327422188537,0.381334959781766
16,32528,2025-12-06,2025,,G大阪,東京V,H,D,0.2588085733847772,0.37626763177783235,0.36492379483739046
16,32529,2025-12-06,2025,,C大阪,横浜FC,A,H,0.20323802762424342,0.2570766806278685,0.539685291747888
16,32530,2025-12-06,2025,,広島,湘南,H,H,0.37787026049358113,0.18664282770445267,0.43548691180196614
