roundNo,snapshotDate,league,homeTeam,awayTeam,homeElo,awayElo,eloDiff,homeHomeElo,awayAwayElo,homeAwayDiff,homeFormPoints,awayFormPoints,formDiff,homeLast5Wins,awayLast5Wins,homeRank,awayRank,rankDiff,homePoints,awayPoints,pointsDiff,homeGoalsFor,awayGoalsFor,homeGoalsAgainst,awayGoalsAgainst,homeGoalDifference,awayGoalDifference,goalDifferenceDiff,homeWinRate,awayWinRate,homeHomeWinRate,awayAwayWinRate,homeAwayWinRateDiff,homeHomeGoalsPerMatch,awayAwayGoalsPerMatch,homeAwayGoalsPerMatchDiff,homeHomeGoalsAgainstPerMatch,awayAwayGoalsAgainstPerMatch,homeAwayGoalsAgainstPerMatchDiff,homeAttackRating,awayAttackRating,attackRatingDiff,homeDefenseRating,awayDefenseRating,defenseRatingDiff,absEloDiff,absRankDiff,absPointsDiff,absAttackDiff,absDefenseDiff,balanceScore,homeLast3Points,awayLast3Points,last3PointsDiff,homeLast3Wins,awayLast3Wins,last3WinsDiff,homeUnbeatenStreak,awayUnbeatenStreak,unbeatenStreakDiff,homeLosingStreak,awayLosingStreak,losingStreakDiff,h2hHomeWins,h2hDraws,h2hAwayWins,month,seasonRound,combinedGoalsPerMatch,expectedGoalGap,attackDefenseRatio,result,match_card_id,homePlayerCoreScore,homePlayerMomentum,homeTeamStability,homeCorePlayerCount,homeAvailablePlayerCount,awayPlayerCoreScore,awayPlayerMomentum,awayTeamStability,awayCorePlayerCount,awayAvailablePlayerCount,playerCoreScoreDiff,playerMomentumDiff,teamStabilityDiff,corePlayerCountDiff,availablePlayerCountDiff
1632,2025-05-31,J.League,名古屋グランパス,町田,1488,1539,-51,1495,1507,-12,9,9,0,3,2,10,13,3,36,31,5,16,15,19,13,-3,2,-5,0.3448275862068966,0.3809523809523809,0.4,0.25,0.15,0.5333333333333333,0.75,-0.2166666666666666,0.6,0.75,-0.15,0.408684546615581,0.5291005291005291,-0.120415982484948,2.060526315789474,2.180769230769231,-0.120242914979757,51,3,5,0.120415982484948,0.120242914979757,18.64813177949294,3,7,-4,1,2,-1,0,5,-5,2,0,2,0,0,1,5,1632,1.2833333333333332,0.2166666666666666,0.2211029519463212,H,31397,0.581907,0.524037,0.636364,11.0,20.0,0.595241,0.537407,0.727273,11.0,20.0,-0.013334000000000068,-0.013369999999999993,-0.0909089999999999,0.0,0.0
1632,2025-05-31,J.League,サンフレッチェ広島,川崎フロンターレ,1560,1507,53,1535,1494,41,10,10,0,3,3,2,8,6,47,37,10,19,17,11,17,8,0,8,0.56,0.3703703703703703,0.6363636363636364,0.3636363636363636,0.2727272727272727,0.8181818181818182,0.5454545454545454,0.2727272727272728,0.3636363636363636,0.6363636363636364,-0.2727272727272727,0.5629629629629629,0.4663923182441701,0.0965706447187927,3.0681818181818183,2.1441176470588235,0.9240641711229948,53,6,10,0.0965706447187927,0.9240641711229948,20.254126963168357,9,4,5,3,1,2,4,2,2,0,0,0,1,0,0,5,1632,1.3636363636363638,0.2727272727272728,0.1974820402909412,A,32335,0.593868,0.557892,0.909091,12.0,19.0,0.557875,0.491594,0.909091,10.0,20.0,0.03599299999999994,0.06629800000000008,0.0,2.0,-1.0
1632,2025-05-31,J.League,セレッソ大阪,FC東京,1550,1546,4,1509,1553,-44,10,7,3,3,2,5,4,-1,42,42,0,18,18,14,14,4,4,0,0.4615384615384615,0.4615384615384615,0.3076923076923077,0.5714285714285714,-0.2637362637362637,0.7692307692307693,0.8571428571428571,-0.0879120879120878,0.6923076923076923,0.4285714285714285,0.2637362637362637,0.5128205128205128,0.5128205128205128,0.0,2.5071428571428576,2.5071428571428576,0.0,4,1,0,0.0,0.0,1.65,9,7,2,3,2,1,3,3,0,0,0,0,0,0,0,5,1632,1.6263736263736264,0.0879120879120878,0.2045397151477656,D,32259,0.618368,0.532644,1.0,11.0,20.0,0.593403,0.515653,0.909091,11.0,20.0,0.024965000000000015,0.01699099999999998,0.09090900000000002,0.0,0.0
1632,2025-05-31,J.League,V・ファーレン長崎,水戸ホーリーホック,1461,1500,-39,1515,1477,38,4,7,-3,1,2,26,20,-6,22,26,-4,10,14,13,15,-3,-1,-2,0.3157894736842105,0.2857142857142857,0.5,0.2307692307692307,0.2692307692307692,0.75,0.5384615384615384,0.2115384615384615,0.5,0.7692307692307693,-0.2692307692307693,0.3898635477582846,0.4938271604938271,-0.1039636127355425,1.9730769230769232,1.89,0.083076923076923,39,6,4,0.1039636127355425,0.083076923076923,15.187408107162492,1,6,-5,0,2,-2,0,0,0,1,1,0,1,0,0,5,1632,1.2884615384615383,0.2115384615384615,0.2287471492629113,H,,0.0,0.0,0.0,0.0,0.0,0.0,0.0,0.0,0.0,0.0,0.0,0.0,0.0,0.0,0.0
1632,2025-05-31,J.League,京都サンガF.C.,柏レイソル,1484,1507,-23,1492,1486,6,6,9,-3,2,3,14,6,-8,30,42,-12,14,16,15,15,-1,1,-2,0.3478260869565217,0.4642857142857143,0.2857142857142857,0.3333333333333333,-0.0476190476190476,0.6428571428571429,0.5,0.1428571428571429,0.7142857142857143,0.6666666666666666,0.0476190476190476,0.4508856682769726,0.4232804232804232,0.0276052449965494,2.0700000000000003,2.5200000000000005,-0.4500000000000002,23,8,12,0.0276052449965494,0.4500000000000002,10.145521048999308,3,9,-6,1,3,-2,1,3,-2,0,0,0,0,0,0,5,1632,1.1428571428571428,0.1428571428571429,0.1904459797297217,A,32226,0.592917,0.532128,0.818182,9.0,20.0,0.598069,0.53776,0.909091,10.0,19.0,-0.005151999999999934,-0.00563199999999997,-0.09090900000000002,-1.0,1.0
1632,2025-05-31,J.League,ヴィッセル神戸,鹿島アントラーズ,1497,1617,-120,1505,1565,-60,2,10,-8,0,3,18,1,-17,27,59,-32,13,23,12,8,1,15,-14,0.3684210526315789,0.6923076923076923,0.5,0.6923076923076923,-0.1923076923076923,0.625,0.9230769230769232,-0.2980769230769231,0.5,0.3076923076923077,0.1923076923076923,0.50682261208577,0.6552706552706552,-0.1484480431848852,2.1375,4.3875,-2.25,120,17,32,0.1484480431848852,2.25,46.72968960863698,1,6,-5,0,2,-2,0,0,0,1,1,0,0,0,0,5,1632,1.5480769230769231,0.2980769230769231,0.1780958555970674,H,32488,0.650472,0.587069,0.818182,12.0,20.0,0.638417,0.570567,0.909091,11.0,20.0,0.012055000000000038,0.016501999999999906,-0.09090900000000002,1.0,0.0
1632,2025-05-31,J.League,アビスパ福岡,ジェフユナイテッド千葉,1489,1463,26,1505,1462,43,6,3,3,1,1,12,22,10,35,24,11,17,10,18,14,-1,-4,3,0.3333333333333333,0.3333333333333333,0.4285714285714285,0.1818181818181818,0.2467532467532467,0.6428571428571429,0.3636363636363636,0.2792207792207792,0.5714285714285714,0.8181818181818182,-0.2467532467532468,0.4663923182441701,0.3527336860670194,0.1136586321771507,2.0250000000000004,2.0250000000000004,0.0,26,10,11,0.1136586321771507,0.0,11.622731726435427,4,0,4,1,0,1,2,0,2,0,3,-3,0,0,0,5,1632,1.0064935064935066,0.2792207792207792,0.2022483406116365,D,,0.0,0.0,0.0,0.0,0.0,0.0,0.0,0.0,0.0,0.0,0.0,0.0,0.0,0.0,0.0
1632,2025-05-31,J.League,ファジアーノ岡山,浦和レッズ,1475,1469,6,1497,1449,48,9,10,-1,3,3,16,15,-1,28,29,-1,14,13,20,18,-6,-5,-1,0.2592592592592592,0.3076923076923077,0.4166666666666667,0.1428571428571428,0.2738095238095238,0.5,0.3571428571428571,0.1428571428571428,0.5833333333333334,0.8571428571428571,-0.2738095238095237,0.3840877914951988,0.3703703703703703,0.0137174211248284,1.8225,1.95,-0.1274999999999999,6,1,1,0.0137174211248284,0.1274999999999999,2.3782434842249653,6,4,2,2,1,1,0,1,-1,1,0,1,0,0,1,5,1632,0.8571428571428572,0.1428571428571428,0.1999836086162246,D,32519,0.634618,0.573056,0.636364,13.0,20.0,0.497465,0.422036,0.727273,8.0,18.0,0.13715300000000002,0.15102,-0.0909089999999999,5.0,2.0
1632,2025-05-31,J.League,清水エスパルス,横浜F・マリノス,1501,1529,-28,1484,1498,-14,7,4,3,2,1,9,3,-6,37,46,-9,15,16,15,13,0,3,-3,0.4230769230769231,0.5357142857142857,0.3076923076923077,0.4666666666666667,-0.1589743589743589,0.5384615384615384,0.4666666666666667,0.0717948717948717,0.6923076923076923,0.5333333333333333,0.1589743589743589,0.4273504273504273,0.4232804232804232,0.004070004070004,2.3400000000000003,2.907692307692308,-0.5676923076923073,28,6,9,0.004070004070004,0.5676923076923073,11.41435246235246,1,3,-2,0,1,-1,0,1,-1,2,0,2,0,0,0,5,1632,1.005128205128205,0.0717948717948717,0.1620930861505286,D,32402,0.672743,0.595669,0.909091,12.0,19.0,0.539097,0.460933,0.454545,10.0,18.0,0.13364599999999993,0.13473600000000002,0.454546,2.0,1.0
1632,2025-05-31,J.League,ガンバ大阪,東京ヴェルディ,1520,1506,14,1519,1469,50,7,3,4,2,1,7,11,4,41,35,6,19,15,15,14,4,1,3,0.4230769230769231,0.4166666666666667,0.5,0.2727272727272727,0.2272727272727273,0.7142857142857143,0.3636363636363636,0.3506493506493506,0.5,0.7272727272727273,-0.2272727272727273,0.5413105413105412,0.4629629629629629,0.0783475783475783,2.3400000000000003,2.3142857142857145,0.0257142857142858,14,4,6,0.0783475783475783,0.0257142857142858,5.920812372812373,3,0,3,1,0,1,1,0,1,0,4,-4,1,0,0,5,1632,1.077922077922078,0.3506493506493506,0.2157692907124319,D,32528,0.501257,0.459175,0.727273,9.0,19.0,0.555544,0.495282,0.818182,11.0,20.0,-0.054287000000000085,-0.036107,-0.09090900000000002,-2.0,-1.0
1632,2025-05-31,J.League,ベガルタ仙台,ヴァンフォーレ甲府,1509,1447,62,1506,1493,13,7,9,-2,2,3,23,37,14,23,11,12,11,5,9,11,2,-6,8,0.4,0.2142857142857142,0.4,0.3333333333333333,0.0666666666666667,0.7,0.5,0.1999999999999999,0.6,0.6666666666666666,-0.0666666666666666,0.5432098765432098,0.2645502645502645,0.2786596119929453,2.2500000000000004,1.7181818181818185,0.5318181818181822,62,14,12,0.2786596119929453,0.5318181818181822,25.362095558762224,3,6,-3,1,2,-1,0,1,-1,2,0,2,0,0,0,5,1632,1.2,0.1999999999999999,0.2035541269756825,H,,0.0,0.0,0.0,0.0,0.0,0.0,0.0,0.0,0.0,0.0,0.0,0.0,0.0,0.0,0.0
1632,2025-05-31,J.League,富山,宮崎,1497,1535,-38,1485,1509,-24,9,10,-1,2,3,31,38,7,16,10,6,8,4,9,1,-1,3,-4,0.3076923076923077,0.75,0.125,0.5,-0.375,0.625,1.0,-0.375,0.875,0.5,0.375,0.4558404558404558,0.7407407407407407,-0.2849002849002848,1.95,5.4,-3.45,38,7,6,0.2849002849002848,3.45,15.796980056980056,7,7,0,2,2,0,5,4,1,0,0,0,0,0,0,5,1632,1.625,0.375,0.1627979478620966,H,,0.0,0.0,0.0,0.0,0.0,0.0,0.0,0.0,0.0,0.0,0.0,0.0,0.0,0.0,0.0
1632,2025-05-31,J.League,ブラウブリッツ秋田,北海道コンサドーレ札幌,1526,1501,25,1505,1489,16,7,9,-2,2,3,17,19,2,27,26,1,13,10,10,10,3,0,3,0.4117647058823529,0.4444444444444444,0.3333333333333333,0.3333333333333333,0.0,0.7777777777777778,0.5555555555555556,0.2222222222222222,0.6666666666666666,0.6666666666666666,0.0,0.5664488017429193,0.411522633744856,0.1549261679980633,2.295,2.43,-0.1350000000000002,25,2,1,0.1549261679980633,0.1350000000000002,9.307985233599611,6,6,0,2,2,0,2,0,2,0,1,-1,0,0,0,5,1632,1.3333333333333337,0.2222222222222222,0.206973701188922,D,,0.0,0.0,0.0,0.0,0.0,0.0,0.0,0.0,0.0,0.0,0.0,0.0,0.0,0.0,0.0
1631,2025-05-24,J.League,アビスパ福岡,ヴィッセル神戸,1477,1510,-33,1496,1509,-13,3,2,1,0,0,12,17,5,32,27,5,16,13,18,11,-2,2,-4,0.3076923076923077,0.3888888888888889,0.3846153846153846,0.3,0.0846153846153846,0.6153846153846154,0.8,-0.1846153846153846,0.6153846153846154,0.7,-0.0846153846153845,0.4558404558404558,0.5349794238683128,-0.0791389680278569,1.95,2.209090909090909,-0.2590909090909088,33,5,5,0.0791389680278569,0.2590909090909088,12.867645975423752,2,2,0,0,0,0,1,1,0,0,0,0,0,0,0,5,1631,1.4153846153846157,0.1846153846153846,0.2382241886380099,H,32368,0.631854,0.541828,0.727273,10.0,20.0,0.565461,0.525435,0.909091,10.0,20.0,0.06639300000000004,0.01639299999999999,-0.18181800000000004,0.0,0.0
1631,2025-05-24,J.League,鹿島アントラーズ,FC東京,1634,1530,104,1560,1543,17,10,7,3,3,2,1,4,3,59,39,20,23,17,7,14,16,3,13,0.72,0.44,0.75,0.5384615384615384,0.2115384615384615,0.9166666666666666,0.8461538461538461,0.0705128205128204,0.25,0.4615384615384615,-0.2115384615384615,0.6814814814814815,0.5037037037037037,0.1777777777777778,4.821428571428571,2.4107142857142856,2.4107142857142856,104,3,20,0.1777777777777778,2.4107142857142856,37.66769841269841,9,4,5,3,1,2,4,2,2,0,0,0,1,0,0,5,1631,1.7628205128205128,0.0705128205128204,0.1638751917760405,A,31392,0.605824,0.543935,0.909091,12.0,20.0,0.600745,0.52506,0.363636,10.0,20.0,0.005079000000000056,0.018874999999999975,0.545455,2.0,0.0
1631,2025-05-24,J.League,京都サンガF.C.,V・ファーレン長崎,1473,1472,1,1483,1464,19,4,4,0,1,1,18,26,8,27,22,5,13,10,15,12,-2,-2,0,0.3181818181818182,0.3333333333333333,0.2307692307692307,0.2,0.0307692307692307,0.6153846153846154,0.4,0.2153846153846154,0.7692307692307693,0.8,-0.0307692307692307,0.4377104377104377,0.411522633744856,0.0261878039655817,1.98,2.0250000000000004,-0.0450000000000001,1,8,5,0.0261878039655817,0.0450000000000001,2.3642375607931165,3,4,-1,1,1,0,0,1,-1,2,0,2,0,0,0,5,1631,1.015384615384615,0.2153846153846154,0.2120379195164399,H,,0.0,0.0,0.0,0.0,0.0,0.0,0.0,0.0,0.0,0.0,0.0,0.0,0.0,0.0,0.0
1631,2025-05-24,J.League,ファジアーノ岡山,セレッソ大阪,1486,1539,-53,1505,1519,-14,10,10,0,3,3,15,5,-10,28,39,-11,14,17,19,14,-5,3,-8,0.2692307692307692,0.44,0.4545454545454545,0.5833333333333334,-0.1287878787878788,0.5454545454545454,0.5833333333333334,-0.0378787878787879,0.5454545454545454,0.4166666666666667,0.1287878787878787,0.3988603988603988,0.5037037037037037,-0.1048433048433048,1.847368421052632,2.4107142857142856,-0.5633458646616538,53,10,11,0.1048433048433048,0.5633458646616538,21.18363783390099,6,6,0,2,2,0,2,2,0,0,0,0,0,0,2,5,1631,1.128787878787879,0.0378787878787879,0.2119599286169161,A,32489,0.657326,0.570736,0.454545,11.0,20.0,0.557937,0.473258,0.636364,10.0,20.0,0.09938899999999995,0.09747800000000001,-0.18181900000000006,1.0,0.0
1631,2025-05-24,J.League,東京ヴェルディ,横浜F・マリノス,1519,1516,3,1548,1488,60,6,4,2,2,1,10,3,-7,35,43,-8,15,15,13,13,2,2,0,0.4347826086956521,0.5185185185185185,0.5833333333333334,0.4285714285714285,0.1547619047619048,0.9166666666666666,0.4285714285714285,0.4880952380952381,0.4166666666666667,0.5714285714285714,-0.1547619047619047,0.4830917874396135,0.411522633744856,0.0715691536947575,2.388461538461539,2.803846153846154,-0.4153846153846152,3,7,8,0.0715691536947575,0.4153846153846152,2.8973907538158743,0,0,0,0,0,0,0,0,0,3,3,0,0,0,1,5,1631,1.3452380952380951,0.4880952380952381,0.172292792515079,A,32391,0.491104,0.434872,0.818182,9.0,17.0,0.653458,0.576867,0.727273,13.0,19.0,-0.162354,-0.14199500000000004,0.09090900000000002,-4.0,-2.0
1631,2025-05-24,J.League,サンフレッチェ広島,名古屋グランパス,1550,1497,53,1527,1494,33,8,10,-2,2,3,2,9,7,44,36,8,18,16,11,18,7,-2,9,0.5416666666666666,0.3571428571428571,0.6,0.3076923076923077,0.2923076923076922,0.8,0.6153846153846154,0.1846153846153846,0.4,0.6923076923076923,-0.2923076923076922,0.5555555555555555,0.4232804232804232,0.1322751322751322,2.9454545454545458,2.1,0.8454545454545457,53,7,8,0.1322751322751322,0.8454545454545457,20.49554593554593,7,6,1,2,2,0,3,0,3,0,1,-1,0,0,1,5,1631,1.4153846153846157,0.1846153846153846,0.1939996822981123,H,32367,0.608514,0.554844,1.0,12.0,20.0,0.596104,0.514331,0.818182,11.0,20.0,0.012410000000000032,0.04051300000000002,0.18181800000000004,1.0,0.0
1631,2025-05-24,J.League,柏レイソル,ジェフユナイテッド千葉,1496,1473,23,1512,1470,42,6,3,3,2,1,6,22,16,39,24,15,15,10,15,13,0,-3,3,0.4444444444444444,0.35,0.5333333333333333,0.2,0.3333333333333333,0.6,0.4,0.1999999999999999,0.4666666666666667,0.8,-0.3333333333333333,0.411522633744856,0.3703703703703703,0.0411522633744856,2.43,2.076923076923077,0.353076923076923,23,16,15,0.0411522633744856,0.353076923076923,12.128845837290282,6,3,3,2,1,1,2,0,2,0,2,-2,0,0,1,5,1631,1.0,0.1999999999999999,0.1734832484259257,H,,0.0,0.0,0.0,0.0,0.0,0.0,0.0,0.0,0.0,0.0,0.0,0.0,0.0,0.0,0.0
1631,2025-05-24,J.League,水戸ホーリーホック,川崎フロンターレ,1514,1493,21,1526,1484,42,8,7,1,2,2,20,11,-9,26,34,-8,14,16,14,17,0,-1,1,0.3,0.3461538461538461,0.4285714285714285,0.3,0.1285714285714285,1.0,0.5,0.5,0.5714285714285714,0.7,-0.1285714285714285,0.5185185185185185,0.4558404558404558,0.0626780626780626,1.9285714285714288,2.0647058823529414,-0.1361344537815125,21,9,8,0.0626780626780626,0.1361344537815125,9.639762503291916,6,4,2,2,1,1,2,1,1,0,0,0,0,1,0,5,1631,1.5,0.5,0.2439937172211342,A,,0.0,0.0,0.0,0.0,0.0,0.0,0.0,0.0,0.0,0.0,0.0,0.0,0.0,0.0,0.0
1631,2025-05-24,J.League,清水エスパルス,ガンバ大阪,1514,1507,7,1493,1498,-5,10,5,5,3,1,8,7,-1,37,38,-1,15,18,14,15,1,3,-2,0.44,0.4,0.3333333333333333,0.2727272727272727,0.0606060606060606,0.5833333333333334,0.7272727272727273,-0.1439393939393939,0.6666666666666666,0.7272727272727273,-0.0606060606060606,0.4444444444444444,0.5333333333333333,-0.0888888888888889,2.4107142857142856,2.2500000000000004,0.1607142857142851,7,1,1,0.0888888888888889,0.1607142857142851,2.7499206349206347,4,3,1,1,1,0,0,0,0,1,2,-1,1,0,0,5,1631,1.3106060606060606,0.1439393939393939,0.2097868994211447,A,32350,0.544694,0.493989,0.818182,11.0,17.0,0.61656,0.56947,0.818182,12.0,19.0,-0.07186599999999999,-0.07548100000000002,0.0,-1.0,-2.0
1631,2025-05-24,J.League,北海道コンサドーレ札幌,ジュビロ磐田,1514,1506,8,1520,1508,12,10,10,0,3,3,19,29,10,26,15,11,10,7,9,6,1,1,0,0.4705882352941176,0.4,0.625,0.5,0.125,0.625,0.75,-0.125,0.375,0.5,-0.125,0.4357298474945533,0.5185185185185185,-0.0827886710239651,2.5500000000000003,2.2500000000000004,0.2999999999999998,8,10,11,0.0827886710239651,0.2999999999999998,5.376557734204792,9,4,5,3,1,2,3,0,3,0,1,-1,1,0,0,5,1631,1.375,0.125,0.1987976013026961,A,,0.0,0.0,0.0,0.0,0.0,0.0,0.0,0.0,0.0,0.0,0.0,0.0,0.0,0.0,0.0
1631,2025-05-24,J.League,ベガルタ仙台,横浜FC,1524,1446,78,1516,1461,55,8,7,1,2,2,23,33,10,23,14,9,11,6,8,12,3,-6,9,0.4285714285714285,0.25,0.4444444444444444,0.125,0.3194444444444444,0.7777777777777778,0.25,0.5277777777777778,0.5555555555555556,0.875,-0.3194444444444444,0.582010582010582,0.2777777777777777,0.3042328042328042,2.3625000000000003,1.8,0.5625000000000002,78,10,9,0.3042328042328042,0.5625000000000002,29.97334656084656,6,6,0,2,2,0,0,1,-1,1,0,1,1,0,0,5,1631,1.0277777777777777,0.5277777777777778,0.2065507999299379,A,,0.0,0.0,0.0,0.0,0.0,0.0,0.0,0.0,0.0,0.0,0.0,0.0,0.0,0.0,0.0
1631,2025-05-24,J.League,徳島ヴォルティス,FC今治,1511,1472,39,1517,1481,36,4,4,0,1,1,25,38,13,22,10,12,10,6,8,8,2,-2,4,0.4285714285714285,0.2,0.5,0.0,0.5,0.75,0.3333333333333333,0.4166666666666667,0.5,1.0,-0.5,0.5291005291005291,0.4444444444444444,0.0846560846560846,2.3625000000000003,1.6875,0.6750000000000003,39,13,12,0.0846560846560846,0.6750000000000003,17.051931216931216,4,1,3,1,0,1,1,0,1,0,2,-2,1,0,1,5,1631,1.0833333333333333,0.4166666666666667,0.2403755397508638,D,,0.0,0.0,0.0,0.0,0.0,0.0,0.0,0.0,0.0,0.0,0.0,0.0,0.0,0.0,0.0
1631,2025-05-24,J.League,藤枝MYFC,いわきFC,1528,1483,45,1500,1509,-9,8,5,3,2,1,27,30,3,17,15,2,9,7,6,8,3,-1,4,0.4,0.3333333333333333,0.0,0.5,-0.5,1.0,0.75,0.25,1.0,0.5,0.5,0.6666666666666666,0.4320987654320987,0.2345679012345679,2.2500000000000004,2.0250000000000004,0.2250000000000001,45,3,2,0.2345679012345679,0.2250000000000001,16.591913580246914,4,1,3,1,0,1,1,0,1,0,1,-1,2,0,0,5,1631,1.75,0.25,0.2570151416572163,D,,0.0,0.0,0.0,0.0,0.0,0.0,0.0,0.0,0.0,0.0,0.0,0.0,0.0,0.0,0.0
1630,2025-05-17,J.League,水戸ホーリーホック,東京ヴェルディ,1502,1525,-23,1518,1477,41,8,9,-1,2,3,25,11,-14,23,35,-12,13,15,14,13,-1,2,-3,0.2631578947368421,0.4347826086956521,0.3333333333333333,0.3,0.0333333333333333,1.0,0.4,0.6,0.6666666666666666,0.7,-0.0333333333333333,0.50682261208577,0.4830917874396135,0.0237308246461564,1.8321428571428573,2.388461538461539,-0.5563186813186816,23,14,12,0.0237308246461564,0.5563186813186816,11.666009901192968,4,3,1,1,1,0,1,0,1,0,2,-2,0,0,1,5,1630,1.4,0.6,0.2345377232663624,H,,0.0,0.0,0.0,0.0,0.0,0.0,0.0,0.0,0.0,0.0,0.0,0.0,0.0,0.0,0.0
1630,2025-05-17,J.League,横浜F・マリノス,柏レイソル,1531,1481,50,1538,1475,63,7,3,4,2,1,3,9,6,44,36,8,16,14,13,15,3,-1,4,0.5185185185185185,0.4230769230769231,0.6153846153846154,0.2727272727272727,0.3426573426573427,0.7692307692307693,0.4545454545454545,0.3146853146853147,0.3846153846153846,0.7272727272727273,-0.3426573426573426,0.4389574759945129,0.3988603988603988,0.0400970771341141,2.803846153846154,2.3400000000000003,0.4638461538461538,50,6,8,0.0400970771341141,0.4638461538461538,19.10078864619605,1,3,-2,0,1,-1,0,1,-1,2,0,2,1,0,2,5,1630,1.2237762237762235,0.3146853146853147,0.1628745421894572,A,32289,0.622854,0.571612,0.636364,13.0,20.0,0.597486,0.543389,0.363636,12.0,20.0,0.025368000000000057,0.028222999999999998,0.272728,1.0,0.0
1630,2025-05-17,J.League,V・ファーレン長崎,ヴィッセル神戸,1472,1510,-38,1515,1509,6,4,4,0,1,1,26,18,-8,21,27,-6,9,13,11,11,-2,2,-4,0.3529411764705882,0.3888888888888889,0.5714285714285714,0.3,0.2714285714285714,0.7142857142857143,0.8,-0.0857142857142857,0.4285714285714285,0.7,-0.2714285714285714,0.392156862745098,0.5349794238683128,-0.1428225611232147,2.0863636363636364,2.209090909090909,-0.1227272727272725,38,8,6,0.1428225611232147,0.1227272727272725,15.353109966770097,3,1,2,1,0,1,0,0,0,1,1,0,0,0,0,5,1630,1.5142857142857142,0.0857142857142857,0.2158362271512731,D,,0.0,0.0,0.0,0.0,0.0,0.0,0.0,0.0,0.0,0.0,0.0,0.0,0.0,0.0,0.0
1630,2025-05-17,J.League,ジェフユナイテッド千葉,鹿島アントラーズ,1475,1631,-156,1514,1563,-49,3,10,-7,1,3,23,1,-22,24,59,-35,10,23,13,7,-3,16,-19,0.35,0.72,0.5555555555555556,0.6923076923076923,-0.1367521367521367,0.6666666666666666,0.9230769230769232,-0.2564102564102565,0.4444444444444444,0.3076923076923077,0.1367521367521367,0.3703703703703703,0.6814814814814815,-0.3111111111111111,2.076923076923077,4.821428571428571,-2.744505494505494,156,22,35,0.3111111111111111,2.744505494505494,60.71112332112332,3,7,-4,1,2,-1,0,3,-3,1,0,1,0,0,1,5,1630,1.58974358974359,0.2564102564102565,0.1524765129147766,A,,0.0,0.0,0.0,0.0,0.0,0.0,0.0,0.0,0.0,0.0,0.0,0.0,0.0,0.0,0.0
1630,2025-05-17,J.League,京都サンガF.C.,サンフレッチェ広島,1490,1546,-56,1492,1524,-32,7,5,2,2,1,14,2,-12,30,44,-14,14,18,14,11,0,7,-7,0.3636363636363636,0.5416666666666666,0.25,0.5,-0.25,0.6666666666666666,0.7142857142857143,-0.0476190476190476,0.75,0.5,0.25,0.4713804713804713,0.5555555555555555,-0.0841750841750841,2.1214285714285714,2.9454545454545458,-0.8240259740259743,56,12,14,0.0841750841750841,0.8240259740259743,22.78164021164021,3,4,-1,1,1,0,0,2,-2,1,0,1,0,0,0,5,1630,1.380952380952381,0.0476190476190476,0.2026720838114282,A,31427,0.542801,0.5073,0.818182,10.0,18.0,0.597618,0.533569,0.818182,12.0,20.0,-0.054817000000000005,-0.026268999999999987,0.0,-2.0,-2.0
1630,2025-05-17,J.League,浦和レッズ,FC東京,1468,1525,-57,1515,1544,-29,9,9,0,3,3,17,5,-12,28,38,-10,12,16,17,14,-5,2,-7,0.32,0.44,0.5454545454545454,0.5833333333333334,-0.0378787878787879,0.6363636363636364,0.8333333333333334,-0.196969696969697,0.4545454545454545,0.4166666666666667,0.0378787878787878,0.3555555555555555,0.474074074074074,-0.1185185185185185,1.9852941176470589,2.4107142857142856,-0.4254201680672267,57,12,10,0.1185185185185185,0.4254201680672267,23.058787737317147,6,3,3,2,1,1,0,1,-1,1,0,1,0,1,0,5,1630,1.4696969696969695,0.196969696969697,0.1887191018754859,D,32318,0.632035,0.578569,0.636364,12.0,20.0,0.676569,0.596356,0.909091,15.0,20.0,-0.04453399999999996,-0.017786999999999997,-0.27272699999999994,-3.0,0.0
1630,2025-05-17,J.League,ファジアーノ岡山,清水エスパルス,1478,1523,-45,1503,1522,-19,10,10,0,3,3,16,7,-9,28,37,-9,14,15,19,14,-5,1,-6,0.2692307692307692,0.44,0.4545454545454545,0.5384615384615384,-0.0839160839160839,0.5454545454545454,0.6153846153846154,-0.06993006993007,0.5454545454545454,0.4615384615384615,0.0839160839160838,0.3988603988603988,0.4444444444444444,-0.0455840455840456,1.847368421052632,2.4107142857142856,-0.5633458646616538,45,9,9,0.0455840455840456,0.5633458646616538,18.12178598204914,6,7,-1,2,2,0,1,4,-3,0,0,0,0,1,0,5,1630,1.1608391608391608,0.06993006993007,0.1980433676471186,H,31398,0.593611,0.537806,0.818182,11.0,18.0,0.562495,0.504051,0.818182,10.0,19.0,0.031116000000000033,0.03375499999999998,0.0,1.0,-1.0
1630,2025-05-17,J.League,セレッソ大阪,名古屋グランパス,1530,1504,26,1501,1504,-3,7,13,-6,2,4,6,10,4,37,36,1,17,16,15,18,2,-2,4,0.4,0.3571428571428571,0.2307692307692307,0.3333333333333333,-0.1025641025641025,0.7692307692307693,0.6666666666666666,0.1025641025641026,0.7692307692307693,0.6666666666666666,0.1025641025641026,0.5037037037037037,0.4232804232804232,0.0804232804232804,2.2500000000000004,2.1,0.1500000000000003,26,4,1,0.0804232804232804,0.1500000000000003,10.146084656084655,4,9,-5,1,3,-2,1,5,-4,0,0,0,1,0,1,5,1630,1.435897435897436,0.1025641025641026,0.2130949005733493,H,31407,0.586361,0.526507,0.727273,9.0,19.0,0.586153,0.540056,0.818182,10.0,20.0,0.00020799999999998597,-0.013549000000000033,-0.09090900000000002,-1.0,-1.0
1630,2025-05-17,J.League,川崎フロンターレ,町田,1497,1541,-44,1508,1506,2,9,11,-2,3,3,8,13,5,36,31,5,16,15,16,13,0,2,-2,0.3846153846153846,0.3809523809523809,0.4,0.25,0.15,0.6666666666666666,0.75,-0.0833333333333333,0.6,0.75,-0.15,0.4558404558404558,0.5291005291005291,-0.0732600732600732,2.19375,2.180769230769231,0.012980769230769,44,5,5,0.0732600732600732,0.012980769230769,16.667248168498165,6,7,-1,2,2,0,0,5,-5,1,0,1,1,0,0,5,1630,1.4166666666666663,0.0833333333333333,0.2251489633688172,D,32427,0.594604,0.563497,0.818182,12.0,20.0,0.511465,0.444556,0.454545,8.0,19.0,0.08313900000000007,0.11894100000000002,0.363637,4.0,1.0
1630,2025-05-17,J.League,FC琉球,鳥取,1511,1475,36,1509,1500,9,5,0,5,1,0,43,59,16,5,0,5,3,0,2,2,1,-2,3,0.3333333333333333,0.0,0.5,0.0,0.5,1.0,0.0,1.0,0.5,0.0,0.5,0.7407407407407407,0.0,0.7407407407407407,2.0250000000000004,1.35,0.6750000000000003,36,16,5,0.7407407407407407,0.6750000000000003,16.883148148148152,5,0,5,1,0,1,3,0,3,0,2,-2,0,0,0,5,1630,1.0,1.0,0.2194722351162159,A,,0.0,0.0,0.0,0.0,0.0,0.0,0.0,0.0,0.0,0.0,0.0,0.0,0.0,0.0,0.0
1630,2025-05-17,J.League,富山,徳島ヴォルティス,1498,1518,-20,1485,1499,-14,11,6,5,3,2,29,22,-7,15,24,-9,7,10,8,7,-1,3,-4,0.3333333333333333,0.5,0.1428571428571428,0.4,-0.2571428571428572,0.5714285714285714,0.6,-0.0285714285714285,0.8571428571428571,0.6,0.2571428571428571,0.4320987654320987,0.5291005291005291,-0.0970017636684303,2.0250000000000004,2.7,-0.6749999999999998,20,7,9,0.0970017636684303,0.6749999999999998,8.904400352733687,7,3,4,2,1,1,5,0,5,0,1,-1,1,0,1,5,1630,1.1714285714285713,0.0285714285714285,0.2034241168509931,D,,0.0,0.0,0.0,0.0,0.0,0.0,0.0,0.0,0.0,0.0,0.0,0.0,0.0,0.0,0.0
1630,2025-05-17,Cup/Other,大分,宮崎,1500,1535,-35,1500,1509,-9,0,10,-10,0,3,0,38,38,0,10,-10,0,4,0,1,0,3,-3,0.0,0.75,0.0,0.5,-0.5,0.0,1.0,-1.0,0.0,0.5,-0.5,0.0,0.7407407407407407,-0.7407407407407407,0.0,5.4,-5.4,35,38,10,0.7407407407407407,5.4,22.97814814814815,0,7,-7,0,2,-2,0,4,-4,0,0,0,0,0,0,5,1630,1.0,1.0,0.137171671032155,A,,0.0,0.0,0.0,0.0,0.0,0.0,0.0,0.0,0.0,0.0,0.0,0.0,0.0,0.0,0.0
1630,2025-05-17,J.League,ジュビロ磐田,藤枝MYFC,1518,1515,3,1508,1516,-8,10,6,4,3,1,27,31,4,15,14,1,7,8,5,6,2,2,0,0.4444444444444444,0.3333333333333333,0.4,0.75,-0.35,0.8,0.75,0.05,0.6,0.25,0.35,0.5761316872427983,0.6584362139917694,-0.0823045267489711,2.43,2.0250000000000004,0.4049999999999998,3,4,1,0.0823045267489711,0.4049999999999998,2.147460905349794,7,4,3,2,1,1,4,0,4,0,1,-1,0,1,0,5,1630,1.55,0.05,0.2771133984051015,A,,0.0,0.0,0.0,0.0,0.0,0.0,0.0,0.0,0.0,0.0,0.0,0.0,0.0,0.0,0.0
1628,2025-05-10,J.League,水戸ホーリーホック,浦和レッズ,1491,1478,13,1510,1456,54,5,9,-4,1,3,26,15,-11,20,28,-8,12,12,14,16,-2,-4,2,0.2222222222222222,0.3333333333333333,0.2,0.1538461538461538,0.0461538461538461,1.0,0.3846153846153846,0.6153846153846154,0.8,0.8461538461538461,-0.0461538461538461,0.4938271604938271,0.3703703703703703,0.1234567901234567,1.7357142857142858,2.0250000000000004,-0.2892857142857146,13,11,8,0.1234567901234567,0.2892857142857146,7.382548500881835,2,9,-7,0,3,-3,0,3,-3,1,0,1,0,0,1,5,1628,1.3846153846153846,0.6153846153846154,0.2297900042942592,H,,0.0,0.0,0.0,0.0,0.0,0.0,0.0,0.0,0.0,0.0,0.0,0.0,0.0,0.0,0.0
1628,2025-05-10,J.League,横浜F・マリノス,鹿島アントラーズ,1541,1621,-80,1547,1554,-7,10,10,0,3,3,2,1,-1,44,56,-12,16,22,12,7,4,15,-11,0.5384615384615384,0.7083333333333334,0.6666666666666666,0.6666666666666666,0.0,0.8333333333333334,0.9166666666666666,-0.0833333333333332,0.3333333333333333,0.3333333333333333,0.0,0.4558404558404558,0.6790123456790123,-0.2231718898385564,2.925,4.628571428571429,-1.7035714285714292,80,1,12,0.2231718898385564,1.7035714285714292,28.635348663681995,4,4,0,1,1,0,0,2,-2,1,0,1,0,0,2,5,1628,1.75,0.0833333333333332,0.1502385710380435,A,32324,0.598326,0.528892,0.727273,12.0,20.0,0.629285,0.573311,0.727273,13.0,20.0,-0.03095899999999996,-0.044418999999999986,0.0,-1.0,0.0
1628,2025-05-10,J.League,ヴィッセル神戸,ファジアーノ岡山,1525,1463,62,1516,1455,61,7,8,-1,2,2,16,21,5,27,25,2,13,13,10,19,3,-6,9,0.4117647058823529,0.24,0.5714285714285714,0.0714285714285714,0.5,0.7142857142857143,0.5,0.2142857142857143,0.4285714285714285,0.9285714285714286,-0.5,0.5664488017429193,0.3851851851851852,0.1812636165577341,2.295,1.7763157894736843,0.5186842105263156,62,5,2,0.1812636165577341,0.5186842105263156,23.089989565416808,1,4,-3,0,1,-1,1,0,1,0,1,-1,1,0,0,5,1628,1.2142857142857144,0.2142857142857143,0.2337353972513633,A,32290,0.541417,0.4792,0.818182,11.0,20.0,0.589347,0.512325,0.545455,11.0,20.0,-0.04792999999999992,-0.033125000000000016,0.27272699999999994,0.0,0.0
1628,2025-05-10,J.League,ガンバ大阪,サンフレッチェ広島,1525,1533,-8,1535,1515,20,6,2,4,1,0,4,3,-1,41,41,0,19,17,14,11,5,6,-1,0.44,0.5217391304347826,0.5714285714285714,0.4615384615384615,0.1098901098901098,0.7857142857142857,0.6923076923076923,0.0934065934065934,0.4285714285714285,0.5384615384615384,-0.1098901098901098,0.5629629629629629,0.5475040257648952,0.0154589371980676,2.4107142857142856,2.8227272727272728,-0.4120129870129871,8,1,0,0.0154589371980676,0.4120129870129871,3.1354943848422105,4,2,2,1,0,1,0,1,-1,1,0,1,0,0,1,5,1628,1.478021978021978,0.0934065934065934,0.2121827019672186,A,32309,0.610431,0.546128,0.909091,10.0,20.0,0.586917,0.514189,0.909091,10.0,20.0,0.023513999999999924,0.03193899999999994,0.0,0.0,0.0
1628,2025-05-10,J.League,名古屋グランパス,京都サンガF.C.,1493,1502,-9,1479,1516,-37,11,10,1,3,3,12,13,1,33,30,3,15,14,18,13,-3,1,-4,0.3333333333333333,0.3809523809523809,0.3333333333333333,0.5555555555555556,-0.2222222222222222,0.4666666666666667,0.6666666666666666,-0.1999999999999999,0.6666666666666666,0.4444444444444444,0.2222222222222222,0.411522633744856,0.4938271604938271,-0.0823045267489711,2.0250000000000004,2.180769230769231,-0.1557692307692306,9,1,3,0.0823045267489711,0.1557692307692306,3.4476147515036404,7,4,3,2,1,1,5,1,4,0,0,0,0,1,0,5,1628,1.1333333333333333,0.1999999999999999,0.215258664633541,H,32398,0.57509,0.492039,0.636364,11.0,19.0,0.578884,0.521357,0.727273,10.0,20.0,-0.003793999999999964,-0.029317999999999955,-0.0909089999999999,1.0,-1.0
1628,2025-05-10,J.League,セレッソ大阪,V・ファーレン長崎,1520,1482,38,1492,1473,19,7,4,3,2,1,9,25,16,34,21,13,16,9,15,10,1,-1,2,0.375,0.375,0.1666666666666666,0.2222222222222222,-0.0555555555555555,0.75,0.4444444444444444,0.3055555555555556,0.8333333333333334,0.7777777777777778,0.0555555555555555,0.4938271604938271,0.4166666666666666,0.0771604938271604,2.16,2.16,0.0,38,16,13,0.0771604938271604,0.0,17.31543209876543,4,3,1,1,1,0,0,1,-1,1,0,1,0,0,1,5,1628,1.1944444444444444,0.3055555555555556,0.2107575813431387,H,,0.0,0.0,0.0,0.0,0.0,0.0,0.0,0.0,0.0,0.0,0.0,0.0,0.0,0.0,0.0
1628,2025-05-10,J.League,清水エスパルス,アビスパ福岡,1526,1479,47,1493,1484,9,12,3,9,4,0,6,10,4,36,34,2,14,16,13,17,1,-1,2,0.4583333333333333,0.3461538461538461,0.3636363636363636,0.25,0.1136363636363636,0.5454545454545454,0.5833333333333334,-0.0378787878787879,0.6363636363636364,0.75,-0.1136363636363636,0.4320987654320987,0.4558404558404558,-0.0237416904083571,2.492307692307693,2.0647058823529414,0.4276018099547514,47,4,2,0.0237416904083571,0.4276018099547514,17.540268700072623,9,2,7,3,0,3,3,0,3,0,1,-1,1,0,1,5,1628,1.128787878787879,0.0378787878787879,0.1948468491568545,D,32253,0.614729,0.541358,0.818182,11.0,20.0,0.570208,0.515014,1.0,11.0,20.0,0.04452099999999992,0.026344000000000034,-0.18181800000000004,0.0,0.0
1628,2025-05-10,J.League,FC東京,東京ヴェルディ,1513,1537,-24,1466,1487,-21,7,10,-3,2,3,8,7,-1,35,35,0,15,15,14,12,1,3,-2,0.4166666666666667,0.4545454545454545,0.25,0.3333333333333333,-0.0833333333333333,0.4166666666666667,0.4444444444444444,-0.0277777777777777,0.75,0.6666666666666666,0.0833333333333333,0.4629629629629629,0.505050505050505,-0.042087542087542,2.3142857142857145,2.4750000000000005,-0.160714285714286,24,1,0,0.042087542087542,0.160714285714286,8.690560365560364,3,6,-3,1,2,-1,0,0,0,2,1,1,0,1,0,5,1628,0.8611111111111112,0.0277777777777777,0.2021164144550084,H,32432,0.66025,0.587792,0.363636,11.0,20.0,0.578604,0.517542,0.818182,11.0,20.0,0.081646,0.07025000000000003,-0.45454599999999995,0.0,0.0
1628,2025-05-10,J.League,ジェフユナイテッド千葉,町田,1486,1529,-43,1524,1497,27,3,9,-6,1,2,23,14,-9,24,28,-4,10,14,12,13,-2,1,-3,0.3684210526315789,0.35,0.625,0.1818181818181818,0.4431818181818182,0.75,0.7272727272727273,0.0227272727272727,0.375,0.8181818181818182,-0.4431818181818182,0.3898635477582846,0.5185185185185185,-0.1286549707602339,2.1375,2.076923076923077,0.060576923076923,43,9,4,0.1286549707602339,0.060576923076923,17.337846378767427,3,5,-2,1,1,0,1,5,-4,0,0,0,0,0,0,5,1628,1.4772727272727273,0.0227272727272727,0.2155361471979389,A,,0.0,0.0,0.0,0.0,0.0,0.0,0.0,0.0,0.0,0.0,0.0,0.0,0.0,0.0,0.0
1628,2025-05-10,J.League,柏レイソル,川崎フロンターレ,1469,1510,-41,1503,1499,4,0,9,-9,0,3,11,5,-6,33,36,-3,13,16,15,15,-2,1,-3,0.4,0.4,0.5,0.4,0.0999999999999999,0.5714285714285714,0.6,-0.0285714285714285,0.5,0.6,-0.0999999999999999,0.3851851851851852,0.474074074074074,-0.0888888888888888,2.2500000000000004,2.2500000000000004,0.0,41,6,3,0.0888888888888888,0.0,15.867777777777777,0,6,-6,0,2,-2,0,2,-2,5,0,5,0,1,2,5,1628,1.1714285714285713,0.0285714285714285,0.1909422588963043,H,31371,0.542,0.5075,0.818182,10.0,19.0,0.53425,0.48625,0.818182,10.0,18.0,0.007750000000000035,0.021249999999999936,0.0,0.0,1.0
1628,2025-05-10,J.League,北海道コンサドーレ札幌,大宮,1510,1498,12,1511,1508,3,10,8,2,3,2,19,36,17,26,11,15,10,5,9,5,1,0,1,0.4705882352941176,0.375,0.5714285714285714,0.3333333333333333,0.238095238095238,0.5714285714285714,1.0,-0.4285714285714286,0.4285714285714285,0.6666666666666666,-0.238095238095238,0.4357298474945533,0.4629629629629629,-0.0272331154684095,2.5500000000000003,2.16,0.3900000000000001,12,17,15,0.0272331154684095,0.3900000000000001,8.533446623093681,6,4,2,2,1,1,2,1,1,0,0,0,0,0,1,5,1628,1.5714285714285714,0.4285714285714286,0.1908012166318159,H,,0.0,0.0,0.0,0.0,0.0,0.0,0.0,0.0,0.0,0.0,0.0,0.0,0.0,0.0,0.0
1628,2025-05-10,Cup/Other,大分,サガン鳥栖,1500,1516,-16,1500,1500,0,0,6,-6,0,1,0,32,32,0,14,-14,0,8,0,7,0,1,-1,0.0,0.3,0.0,0.2857142857142857,-0.2857142857142857,0.0,0.7142857142857143,-0.7142857142857143,0.0,0.7142857142857143,-0.7142857142857143,0.0,0.5925925925925926,-0.5925925925925926,0.0,1.9285714285714288,-1.9285714285714288,16,32,14,0.5925925925925926,1.9285714285714288,14.104232804232804,0,4,-4,0,1,-1,0,2,-2,0,0,0,0,0,0,5,1628,0.7142857142857143,0.7142857142857143,0.3072543014916373,A,,0.0,0.0,0.0,0.0,0.0,0.0,0.0,0.0,0.0,0.0,0.0,0.0,0.0,0.0,0.0
1628,2025-05-10,J.League,いわきFC,ヴァンフォーレ甲府,1499,1424,75,1494,1483,11,5,6,-1,1,2,28,40,12,15,8,7,7,4,7,12,0,-8,8,0.3636363636363636,0.1428571428571428,0.2857142857142857,0.2,0.0857142857142856,0.5714285714285714,0.4,0.1714285714285713,0.7142857142857143,0.8,-0.0857142857142857,0.4713804713804713,0.2116402116402116,0.2597402597402597,2.1214285714285714,1.5750000000000002,0.5464285714285713,75,12,7,0.2597402597402597,0.5464285714285713,29.411233766233767,4,3,1,1,1,0,1,0,1,0,1,-1,0,0,0,5,1628,0.9714285714285714,0.1714285714285713,0.1847735435619048,A,,0.0,0.0,0.0,0.0,0.0,0.0,0.0,0.0,0.0,0.0,0.0,0.0,0.0,0.0,0.0
1627,2025-05-06,J.League,清水エスパルス,セレッソ大阪,1508,1526,-18,1476,1523,-47,12,10,2,4,3,10,8,-2,33,34,-1,13,16,14,15,-1,1,-2,0.4166666666666667,0.375,0.2727272727272727,0.5833333333333334,-0.3106060606060606,0.4545454545454545,0.5833333333333334,-0.1287878787878788,0.7272727272727273,0.4166666666666667,0.3106060606060606,0.4012345679012345,0.4938271604938271,-0.0925925925925925,2.3142857142857145,2.16,0.1542857142857143,18,2,1,0.0925925925925925,0.1542857142857143,6.849375661375661,6,4,2,2,1,1,2,2,0,0,0,0,0,1,1,5,1627,1.0378787878787878,0.1287878787878788,0.2000412538278337,H,32506,0.622236,0.528736,0.818182,12.0,20.0,0.551986,0.481122,0.818182,12.0,19.0,0.07025000000000003,0.04761399999999999,0.0,0.0,1.0
1627,2025-05-06,J.League,アビスパ福岡,京都サンガF.C.,1487,1494,-7,1511,1507,4,6,7,-1,1,2,9,12,3,34,30,4,16,14,17,13,-1,1,-2,0.3461538461538461,0.3809523809523809,0.4615384615384615,0.5,-0.0384615384615384,0.6923076923076923,0.625,0.0673076923076922,0.5384615384615384,0.5,0.0384615384615384,0.4558404558404558,0.4938271604938271,-0.0379867046533712,2.0647058823529414,2.180769230769231,-0.1160633484162896,7,3,4,0.0379867046533712,0.1160633484162896,3.230810010613932,2,4,-2,0,1,-1,2,0,2,0,1,-1,0,0,1,5,1627,1.3173076923076923,0.0673076923076922,0.2236840925035249,A,32390,0.590542,0.508063,0.818182,12.0,20.0,0.597187,0.5305,0.818182,12.0,19.0,-0.006645000000000012,-0.02243699999999993,0.0,0.0,1.0
1627,2025-05-06,J.League,FC東京,ジェフユナイテッド千葉,1530,1472,58,1476,1453,23,8,3,5,2,1,5,24,19,36,21,15,16,9,14,12,2,-3,5,0.4166666666666667,0.3333333333333333,0.2727272727272727,0.1,0.1727272727272727,0.4545454545454545,0.3,0.1545454545454545,0.7272727272727273,0.9,-0.1727272727272727,0.4938271604938271,0.3703703703703703,0.1234567901234567,2.3142857142857145,2.0250000000000004,0.2892857142857141,58,19,15,0.1234567901234567,0.2892857142857141,25.13254850088183,6,0,6,2,0,2,0,0,0,1,4,-3,1,0,0,5,1627,0.7545454545454545,0.1545454545454545,0.1991520431150354,A,,0.0,0.0,0.0,0.0,0.0,0.0,0.0,0.0,0.0,0.0,0.0,0.0,0.0,0.0,0.0
1627,2025-05-06,J.League,サンフレッチェ広島,ヴィッセル神戸,1538,1516,22,1533,1509,24,4,7,-3,1,2,3,19,16,43,26,17,17,12,10,10,7,2,5,0.5652173913043478,0.4117647058823529,0.7,0.3333333333333333,0.3666666666666666,0.8,0.7777777777777778,0.0222222222222222,0.3,0.6666666666666666,-0.3666666666666666,0.5475040257648952,0.5228758169934641,0.0246282087714311,3.1050000000000004,2.295,0.8100000000000005,22,16,17,0.0246282087714311,0.8100000000000005,11.866925641754287,1,3,-2,0,1,-1,0,0,0,1,2,-1,1,0,0,5,1627,1.577777777777778,0.0222222222222222,0.1982148187549044,D,32450,0.622681,0.554275,0.727273,12.0,20.0,0.637153,0.584072,0.727273,11.0,20.0,-0.01447199999999993,-0.029797000000000073,0.0,1.0,0.0
1627,2025-05-06,J.League,鹿島アントラーズ,水戸ホーリーホック,1619,1499,120,1559,1484,75,8,6,2,2,1,1,25,24,56,20,36,22,12,7,13,15,-1,16,0.7083333333333334,0.2352941176470588,0.75,0.25,0.5,0.9166666666666666,0.5833333333333334,0.3333333333333332,0.25,0.75,-0.5,0.6790123456790123,0.5228758169934641,0.1561365286855481,4.628571428571429,1.7653846153846156,2.8631868131868137,120,24,36,0.1561365286855481,2.8631868131868137,48.60386466837448,4,5,-1,1,1,0,1,3,-2,0,0,0,0,1,0,5,1627,1.5,0.3333333333333332,0.1879696008934041,H,,0.0,0.0,0.0,0.0,0.0,0.0,0.0,0.0,0.0,0.0,0.0,0.0,0.0,0.0,0.0
1627,2025-05-06,J.League,V・ファーレン長崎,ファジアーノ岡山,1470,1478,-8,1506,1463,43,1,8,-7,0,2,26,15,-11,18,28,-10,8,14,10,18,-2,-4,2,0.3333333333333333,0.28,0.5,0.0769230769230769,0.4230769230769231,0.6666666666666666,0.5384615384615384,0.1282051282051282,0.5,0.9230769230769232,-0.4230769230769231,0.3950617283950617,0.4148148148148148,-0.019753086419753,2.0250000000000004,1.875,0.1500000000000001,8,11,10,0.019753086419753,0.1500000000000001,5.583950617283951,1,7,-6,0,2,-2,0,4,-4,2,0,2,0,0,1,5,1627,1.205128205128205,0.1282051282051282,0.2076553276095167,H,,0.0,0.0,0.0,0.0,0.0,0.0,0.0,0.0,0.0,0.0,0.0,0.0,0.0,0.0,0.0
1627,2025-05-06,J.League,名古屋グランパス,ガンバ大阪,1474,1533,-59,1469,1502,-33,8,6,2,2,1,13,4,-9,30,41,-11,14,19,19,14,-5,5,-10,0.2962962962962963,0.44,0.2857142857142857,0.2727272727272727,0.0129870129870129,0.4285714285714285,0.7272727272727273,-0.2987012987012987,0.7142857142857143,0.7272727272727273,-0.0129870129870129,0.3840877914951988,0.5629629629629629,-0.178875171467764,1.918421052631579,2.4107142857142856,-0.4922932330827065,59,9,11,0.178875171467764,0.4922932330827065,23.03423368091009,7,5,2,2,1,1,4,4,0,0,0,0,0,1,1,5,1627,1.155844155844156,0.2987012987012987,0.2187570507127976,H,32497,0.602062,0.519925,0.727273,11.0,20.0,0.622278,0.554393,0.545455,12.0,20.0,-0.020216000000000012,-0.034468000000000054,0.18181799999999992,-1.0,0.0
1627,2025-05-06,J.League,町田,横浜F・マリノス,1523,1560,-37,1515,1503,12,9,10,-1,2,3,14,2,-12,28,47,-19,14,17,13,11,1,6,-5,0.35,0.5769230769230769,0.5555555555555556,0.5,0.0555555555555555,0.6666666666666666,0.5,0.1666666666666666,0.4444444444444444,0.5,-0.0555555555555555,0.5185185185185185,0.4843304843304843,0.0341880341880341,2.076923076923077,3.190909090909092,-1.1139860139860145,37,12,19,0.0341880341880341,1.1139860139860145,16.17963480963481,5,7,-2,1,2,-1,5,4,1,0,0,0,0,1,0,5,1627,1.1666666666666663,0.1666666666666666,0.1903686248985415,H,32331,0.589542,0.528472,0.727273,11.0,20.0,0.571396,0.516986,1.0,11.0,20.0,0.018145999999999995,0.011486000000000107,-0.27272700000000005,0.0,0.0
1627,2025-05-06,J.League,柏レイソル,浦和レッズ,1479,1471,8,1514,1446,68,3,7,-4,1,2,11,16,5,33,28,5,13,12,15,16,-2,-4,2,0.4,0.3333333333333333,0.5384615384615384,0.0833333333333333,0.4551282051282051,0.6153846153846154,0.3333333333333333,0.2820512820512821,0.4615384615384615,0.9166666666666666,-0.455128205128205,0.3851851851851852,0.3703703703703703,0.0148148148148148,2.2500000000000004,2.0250000000000004,0.2250000000000001,8,5,5,0.0148148148148148,0.2250000000000001,4.097962962962963,0,6,-6,0,2,-2,0,2,-2,4,0,4,0,0,0,5,1627,0.9487179487179488,0.2820512820512821,0.1767340075215914,A,32411,0.676424,0.609064,0.818182,12.0,20.0,0.567058,0.507499,0.909091,10.0,19.0,0.10936600000000007,0.10156500000000002,-0.09090900000000002,2.0,1.0
1627,2025-05-06,J.League,川崎フロンターレ,東京ヴェルディ,1504,1545,-41,1499,1489,10,6,10,-4,2,3,6,7,1,36,35,1,16,15,15,12,1,3,-2,0.4,0.4545454545454545,0.3571428571428571,0.3333333333333333,0.0238095238095238,0.6428571428571429,0.4444444444444444,0.1984126984126984,0.6428571428571429,0.6666666666666666,-0.0238095238095237,0.474074074074074,0.505050505050505,-0.0309764309764309,2.2500000000000004,2.4750000000000005,-0.2250000000000001,41,1,1,0.0309764309764309,0.2250000000000001,14.651195286195286,6,9,-3,2,3,-1,1,4,-3,0,0,0,0,0,0,5,1627,1.0873015873015874,0.1984126984126984,0.2072177475872635,H,32257,0.644681,0.569282,0.909091,11.0,20.0,0.614125,0.550392,0.818182,11.0,20.0,0.030555999999999917,0.018889999999999962,0.09090900000000002,0.0,0.0
1627,2025-05-06,J.League,八戸,湘南ベルマーレ,1442,1441,1,1473,1459,14,1,8,-7,0,2,41,35,-6,7,13,-6,5,7,10,15,-5,-8,3,0.0909090909090909,0.1666666666666666,0.1428571428571428,0.1666666666666666,-0.0238095238095238,0.4285714285714285,0.3333333333333333,0.0952380952380952,0.8571428571428571,0.8333333333333334,0.0238095238095237,0.3367003367003366,0.2880658436213991,0.0486344930789375,1.485,1.62,-0.135,1,6,6,0.0486344930789375,0.135,1.8867268986157877,1,4,-3,0,1,-1,0,2,-2,2,0,2,0,0,0,5,1627,0.7619047619047619,0.0952380952380952,0.2012064604430568,A,,0.0,0.0,0.0,0.0,0.0,0.0,0.0,0.0,0.0,0.0,0.0,0.0,0.0,0.0,0.0
1627,2025-05-06,J.League,アルビレックス新潟,徳島ヴォルティス,1475,1531,-56,1485,1508,-23,10,7,3,3,2,23,22,-1,23,24,-1,9,10,13,6,-4,4,-8,0.35,0.5384615384615384,0.3333333333333333,0.5,-0.1666666666666666,0.4444444444444444,0.75,-0.3055555555555556,0.6666666666666666,0.5,0.1666666666666666,0.3333333333333333,0.5698005698005698,-0.2364672364672365,2.076923076923077,2.925,-0.8480769230769227,56,1,1,0.2364672364672365,0.8480769230769227,20.06690883190883,6,3,3,2,1,1,0,1,-1,1,0,1,0,0,1,5,1627,1.1944444444444444,0.3055555555555556,0.1805537258115676,H,,0.0,0.0,0.0,0.0,0.0,0.0,0.0,0.0,0.0,0.0,0.0,0.0,0.0,0.0,0.0
1627,2025-05-06,J.League,ヴァンフォーレ甲府,ジュビロ磐田,1435,1508,-73,1460,1500,-40,6,7,-1,2,2,40,36,-4,8,12,-4,4,6,11,5,-7,1,-8,0.1538461538461538,0.375,0.125,0.3333333333333333,-0.2083333333333333,0.25,0.6666666666666666,-0.4166666666666666,0.875,0.6666666666666666,0.2083333333333333,0.2279202279202279,0.5555555555555555,-0.3276353276353275,1.5954545454545457,2.16,-0.5645454545454545,73,4,4,0.3276353276353275,0.5645454545454545,26.728436156436157,6,7,-1,2,2,0,1,3,-2,0,0,0,0,0,1,5,1627,0.9166666666666666,0.4166666666666666,0.2086178682783468,A,,0.0,0.0,0.0,0.0,0.0,0.0,0.0,0.0,0.0,0.0,0.0,0.0,0.0,0.0,0.0
1626,2025-05-03,J.League,ファジアーノ岡山,サンフレッチェ広島,1464,1552,-88,1499,1524,-25,5,4,1,1,1,19,3,-16,25,43,-18,13,17,18,9,-5,8,-13,0.25,0.5909090909090909,0.4545454545454545,0.5,-0.0454545454545454,0.5454545454545454,0.75,-0.2045454545454545,0.5454545454545454,0.5,0.0454545454545454,0.4012345679012345,0.5723905723905723,-0.1711560044893378,1.8,3.3,-1.4999999999999998,88,16,18,0.1711560044893378,1.4999999999999998,35.134231200897865,5,1,4,1,0,1,3,1,2,0,0,0,0,1,0,5,1626,1.2954545454545454,0.2045454545454545,0.1909031470543336,H,32372,0.562873,0.4816,1.0,10.0,20.0,0.700833,0.648379,0.727273,13.0,20.0,-0.13796000000000008,-0.16677900000000007,0.27272700000000005,-3.0,0.0
1626,2025-05-03,J.League,FC東京,川崎フロンターレ,1544,1489,55,1484,1498,-14,11,6,5,3,2,5,7,2,36,33,3,16,15,13,15,3,0,3,0.4347826086956521,0.375,0.3,0.4,-0.1,0.5,0.6,-0.0999999999999999,0.7,0.6,0.0999999999999999,0.5152979066022544,0.4629629629629629,0.0523349436392914,2.388461538461539,2.16,0.2284615384615387,55,2,3,0.0523349436392914,0.2284615384615387,19.80615929642017,7,3,4,2,1,1,5,0,5,0,1,-1,2,0,0,5,1626,1.1,0.0999999999999999,0.2150703824260218,A,31430,0.501963,0.449449,0.727273,10.0,19.0,0.606639,0.528553,0.727273,12.0,18.0,-0.10467599999999999,-0.07910400000000006,0.0,-2.0,1.0
1626,2025-05-03,J.League,京都サンガF.C.,清水エスパルス,1507,1494,13,1507,1513,-6,8,9,-1,2,3,11,12,1,30,30,0,14,12,12,14,2,-2,4,0.4,0.391304347826087,0.3333333333333333,0.5,-0.1666666666666666,0.75,0.5833333333333334,0.1666666666666666,0.6666666666666666,0.5,0.1666666666666666,0.5185185185185185,0.3864734299516907,0.1320450885668277,2.2500000000000004,2.217857142857143,0.0321428571428574,13,1,0,0.1320450885668277,0.0321428571428574,4.832837589141937,7,6,1,2,2,0,3,1,2,0,0,0,0,0,2,5,1626,1.3333333333333337,0.1666666666666666,0.2025516180066781,A,32447,0.598181,0.510431,0.636364,10.0,20.0,0.582188,0.515039,1.0,10.0,20.0,0.015992999999999924,-0.0046080000000000565,-0.36363599999999996,0.0,0.0
1626,2025-05-03,J.League,ガンバ大阪,ヴィッセル神戸,1521,1527,-6,1526,1518,8,6,10,-4,1,3,4,16,12,38,26,12,18,12,14,9,4,3,1,0.4166666666666667,0.4375,0.5384615384615384,0.375,0.1634615384615384,0.7692307692307693,0.875,-0.1057692307692307,0.4615384615384615,0.625,-0.1634615384615384,0.5555555555555555,0.5555555555555555,0.0,2.3142857142857145,2.4000000000000004,-0.0857142857142858,6,12,12,0.0,0.0857142857142858,5.1171428571428565,3,6,-3,0,2,-2,3,0,3,0,1,-1,0,1,0,5,1626,1.6442307692307692,0.1057692307692307,0.2356852363064351,H,32508,0.569278,0.497239,0.818182,9.0,20.0,0.683847,0.628611,0.727273,13.0,20.0,-0.11456900000000003,-0.13137200000000004,0.09090900000000002,-4.0,0.0
1626,2025-05-03,J.League,浦和レッズ,ジェフユナイテッド千葉,1459,1484,-25,1514,1460,54,4,6,-2,1,2,20,24,4,25,21,4,11,9,16,11,-5,-2,-3,0.3043478260869565,0.3529411764705882,0.5454545454545454,0.1111111111111111,0.4343434343434343,0.6363636363636364,0.3333333333333333,0.303030303030303,0.4545454545454545,0.8888888888888888,-0.4343434343434343,0.3542673107890499,0.392156862745098,-0.0378895519560481,1.9406250000000005,2.0863636363636364,-0.1457386363636361,25,4,4,0.0378895519560481,0.1457386363636361,9.786725637663936,3,0,3,1,0,1,1,0,1,0,3,-3,0,0,1,5,1626,0.9696969696969696,0.303030303030303,0.1853508181553587,H,,0.0,0.0,0.0,0.0,0.0,0.0,0.0,0.0,0.0,0.0,0.0,0.0,0.0,0.0,0.0
1626,2025-05-03,J.League,横浜F・マリノス,水戸ホーリーホック,1563,1496,67,1549,1482,67,9,5,4,3,1,2,25,23,46,19,27,16,11,10,12,6,-1,7,0.6,0.25,0.7272727272727273,0.2727272727272727,0.4545454545454546,0.8181818181818182,0.5454545454545454,0.2727272727272728,0.2727272727272727,0.7272727272727273,-0.4545454545454546,0.474074074074074,0.5092592592592592,-0.0351851851851851,3.375,1.8,1.575,67,23,27,0.0351851851851851,1.575,29.52203703703704,9,4,5,3,1,2,3,2,1,0,0,0,0,0,0,5,1626,1.3636363636363638,0.2727272727272728,0.1900124313217779,D,,0.0,0.0,0.0,0.0,0.0,0.0,0.0,0.0,0.0,0.0,0.0,0.0,0.0,0.0,0.0
1626,2025-05-03,J.League,東京ヴェルディ,柏レイソル,1536,1488,48,1534,1476,58,8,6,2,2,2,10,9,-1,32,33,-1,14,13,12,14,2,-1,3,0.4285714285714285,0.4166666666666667,0.5,0.2727272727272727,0.2272727272727273,0.8333333333333334,0.4545454545454545,0.3787878787878788,0.5,0.7272727272727273,-0.2272727272727273,0.4938271604938271,0.4012345679012345,0.0925925925925925,2.3625000000000003,2.3142857142857145,0.0482142857142857,48,1,1,0.0925925925925925,0.0482142857142857,17.078161375661374,7,0,7,2,0,2,3,0,3,0,3,-3,1,0,0,5,1626,1.2878787878787878,0.3787878787878788,0.1913798589649226,H,32347,0.642188,0.570886,0.818182,12.0,20.0,0.547687,0.510308,0.727273,10.0,18.0,0.09450099999999995,0.06057800000000002,0.09090900000000002,2.0,2.0
1626,2025-05-03,J.League,セレッソ大阪,アビスパ福岡,1528,1485,43,1492,1478,14,10,8,2,3,2,6,8,2,33,33,0,15,15,14,16,1,-1,2,0.391304347826087,0.36,0.1818181818181818,0.25,-0.0681818181818181,0.7272727272727273,0.5,0.2272727272727273,0.8181818181818182,0.75,0.0681818181818182,0.4830917874396135,0.4444444444444444,0.038647342995169,2.217857142857143,2.109375,0.1084821428571429,43,2,0,0.038647342995169,0.1084821428571429,15.579425897170465,6,2,4,2,0,2,1,1,0,0,0,0,1,0,1,5,1626,1.2272727272727273,0.2272727272727273,0.2143436651644787,D,32321,0.639382,0.558606,0.909091,12.0,20.0,0.60791,0.551703,0.909091,13.0,19.0,0.031472000000000055,0.0069029999999999925,0.0,-1.0,1.0
1626,2025-05-03,J.League,V・ファーレン長崎,名古屋グランパス,1483,1460,23,1516,1488,28,1,5,-4,0,1,26,15,-11,18,27,-9,8,13,9,19,-1,-6,5,0.3571428571428571,0.2692307692307692,0.6,0.25,0.35,0.8,0.5833333333333334,0.2166666666666666,0.4,0.75,-0.35,0.4232804232804232,0.3703703703703703,0.0529100529100528,2.1,1.847368421052632,0.2526315789473683,23,11,9,0.0529100529100528,0.2526315789473683,10.861108326371484,1,5,-4,0,1,-1,0,3,-3,1,0,1,1,0,0,5,1626,1.3833333333333333,0.2166666666666666,0.2010531077128056,A,,0.0,0.0,0.0,0.0,0.0,0.0,0.0,0.0,0.0,0.0,0.0,0.0,0.0,0.0,0.0
1626,2025-05-03,J.League,鹿島アントラーズ,町田,1623,1519,104,1561,1496,65,10,8,2,3,2,1,14,13,55,27,28,21,13,6,12,15,1,14,0.7391304347826086,0.3684210526315789,0.8181818181818182,0.2,0.6181818181818182,0.9090909090909092,0.7,0.2090909090909091,0.1818181818181818,0.8,-0.6181818181818182,0.6763285024154588,0.50682261208577,0.1695058903296888,5.175000000000001,2.1375,3.0375000000000005,104,13,28,0.1695058903296888,3.0375000000000005,40.29140117806594,6,5,1,2,1,1,0,4,-4,1,0,1,1,0,0,5,1626,1.609090909090909,0.2090909090909091,0.1617962304106923,D,32284,0.618299,0.555796,0.909091,10.0,20.0,0.615174,0.557008,0.818182,9.0,20.0,0.0031250000000000444,-0.0012119999999999909,0.09090900000000002,1.0,0.0
1626,2025-05-03,J.League,ベガルタ仙台,ブラウブリッツ秋田,1545,1505,40,1532,1510,22,9,7,2,2,2,13,22,9,27,24,3,13,12,8,11,5,1,4,0.4666666666666667,0.3529411764705882,0.5555555555555556,0.4285714285714285,0.126984126984127,0.8888888888888888,0.7142857142857143,0.1746031746031745,0.4444444444444444,0.5714285714285714,-0.1269841269841269,0.6419753086419753,0.5228758169934641,0.1190994916485111,2.53125,2.0863636363636364,0.4448863636363636,40,9,3,0.1190994916485111,0.4448863636363636,16.362797171056975,7,3,4,2,1,1,5,1,4,0,0,0,0,2,0,5,1626,1.6031746031746033,0.1746031746031745,0.2522571162625706,A,,0.0,0.0,0.0,0.0,0.0,0.0,0.0,0.0,0.0,0.0,0.0,0.0,0.0,0.0,0.0
1626,2025-05-03,J.League,サガン鳥栖,宮崎,1516,1534,-18,1509,1509,0,6,9,-3,1,3,33,38,5,13,9,4,7,3,6,0,1,3,-2,0.3333333333333333,1.0,0.5,1.0,-0.5,1.0,1.0,0.0,0.5,0.0,0.5,0.5761316872427983,0.7407407407407407,-0.1646090534979424,2.0250000000000004,2.0,0.0250000000000003,18,5,4,0.1646090534979424,0.0250000000000003,7.587921810699588,4,9,-5,1,3,-2,1,3,-2,0,0,0,0,0,1,5,1626,2.0,0.0,0.3271651457065759,D,,0.0,0.0,0.0,0.0,0.0,0.0,0.0,0.0,0.0,0.0,0.0,0.0,0.0,0.0,0.0
1626,2025-05-03,J.League,ジュビロ磐田,いわきFC,1510,1491,19,1508,1500,8,7,7,0,2,2,36,32,-4,11,14,-3,5,6,4,7,1,-1,2,0.4285714285714285,0.3636363636363636,0.5,0.5,0.0,0.75,0.5,0.25,0.5,0.5,0.0,0.5291005291005291,0.404040404040404,0.1250601250601251,2.3625000000000003,2.1214285714285714,0.2410714285714288,19,4,3,0.1250601250601251,0.2410714285714288,7.72322631072631,6,4,2,2,1,1,2,0,2,0,1,-1,0,0,1,5,1626,1.25,0.25,0.2081032531966322,D,,0.0,0.0,0.0,0.0,0.0,0.0,0.0,0.0,0.0,0.0,0.0,0.0,0.0,0.0,0.0
1625,2025-04-29,J.League,清水エスパルス,V・ファーレン長崎,1483,1495,-12,1467,1482,-15,9,4,5,3,1,13,27,14,28,18,10,12,8,15,8,-3,0,-3,0.3478260869565217,0.3846153846153846,0.2,0.25,-0.0499999999999999,0.4,0.5,-0.0999999999999999,0.8,0.75,0.05,0.3864734299516907,0.4558404558404558,-0.069367025888765,2.0700000000000003,2.19375,-0.1237499999999998,12,14,10,0.069367025888765,0.1237499999999998,7.738623405177752,6,1,5,2,0,2,0,1,-1,1,0,1,1,0,0,4,1625,0.9,0.0999999999999999,0.1975477293507385,H,,0.0,0.0,0.0,0.0,0.0,0.0,0.0,0.0,0.0,0.0,0.0,0.0,0.0,0.0,0.0
1625,2025-04-29,J.League,ヴィッセル神戸,セレッソ大阪,1534,1514,20,1517,1514,3,13,10,3,4,3,17,11,-6,26,30,-4,12,14,9,14,3,0,3,0.4375,0.3636363636363636,0.5714285714285714,0.5454545454545454,0.0259740259740259,0.7142857142857143,0.5454545454545454,0.1688311688311689,0.4285714285714285,0.4545454545454545,-0.0259740259740259,0.5555555555555555,0.4713804713804713,0.0841750841750841,2.4000000000000004,2.1214285714285714,0.2785714285714289,20,6,4,0.0841750841750841,0.2785714285714289,8.572549302549303,7,6,1,2,2,0,5,0,5,0,1,-1,0,2,0,4,1625,1.2597402597402598,0.1688311688311689,0.227121428232304,A,32299,0.559803,0.511684,0.727273,11.0,20.0,0.572507,0.527744,0.636364,9.0,19.0,-0.012703999999999938,-0.016059999999999963,0.0909089999999999,2.0,1.0
1625,2025-04-29,J.League,アビスパ福岡,サンフレッチェ広島,1489,1553,-64,1510,1525,-15,8,6,2,2,2,6,2,-4,35,43,-8,15,17,15,9,0,8,-8,0.4,0.5909090909090909,0.5,0.5454545454545454,-0.0454545454545454,0.6666666666666666,0.7272727272727273,-0.0606060606060606,0.5,0.4545454545454545,0.0454545454545454,0.4444444444444444,0.5723905723905723,-0.1279461279461279,2.2500000000000004,3.3,-1.0499999999999994,64,4,8,0.1279461279461279,1.0499999999999994,23.635589225589225,4,3,1,1,1,0,0,0,0,1,2,-1,1,0,1,4,1625,1.393939393939394,0.0606060606060606,0.1832102154618866,D,32470,0.512833,0.466883,0.545455,7.0,20.0,0.539556,0.475144,0.363636,10.0,20.0,-0.026723000000000052,-0.008261000000000018,0.181819,-3.0,0.0
1625,2025-04-29,J.League,浦和レッズ,川崎フロンターレ,1441,1497,-56,1505,1507,-2,1,6,-5,0,2,22,8,-14,22,33,-11,10,15,17,15,-7,0,-7,0.2608695652173913,0.375,0.5,0.4444444444444444,0.0555555555555555,0.6,0.6666666666666666,-0.0666666666666666,0.5,0.5555555555555556,-0.0555555555555555,0.322061191626409,0.4629629629629629,-0.1409017713365539,1.8264705882352943,2.16,-0.3335294117647058,56,14,11,0.1409017713365539,0.3335294117647058,23.19488623662025,1,3,-2,0,1,-1,0,1,-1,2,0,2,0,1,1,4,1625,1.2666666666666666,0.0666666666666666,0.1969171590504491,H,32522,0.546382,0.480014,0.636364,10.0,20.0,0.570271,0.522606,0.818182,11.0,20.0,-0.023888999999999938,-0.04259200000000002,-0.18181799999999992,-1.0,0.0
1625,2025-04-29,J.League,柏レイソル,FC東京,1505,1527,-22,1530,1535,-5,6,9,-3,2,2,5,7,2,36,33,3,14,15,13,14,1,1,0,0.4583333333333333,0.391304347826087,0.6153846153846154,0.5,0.1153846153846154,0.6923076923076923,0.8333333333333334,-0.141025641025641,0.3846153846153846,0.5,-0.1153846153846153,0.4320987654320987,0.4830917874396135,-0.0509930220075147,2.492307692307693,2.217857142857143,0.2744505494505498,22,2,3,0.0509930220075147,0.2744505494505498,8.265088714291611,3,5,-2,1,1,0,0,5,-5,2,0,2,1,0,0,4,1625,1.5256410256410255,0.141025641025641,0.1942970480214378,A,,0.0,0.0,0.0,0.0,0.0,0.0,0.0,0.0,0.0,0.0,0.0,0.0,0.0,0.0,0.0
1625,2025-04-29,J.League,東京ヴェルディ,鹿島アントラーズ,1527,1644,-117,1531,1571,-40,8,13,-5,2,4,10,1,-9,32,58,-26,14,22,12,5,2,17,-15,0.4285714285714285,0.782608695652174,0.5,0.75,-0.25,0.8333333333333334,1.0,-0.1666666666666666,0.5,0.25,0.25,0.4938271604938271,0.7085346215780998,-0.2147074610842727,2.3625000000000003,6.210000000000001,-3.8475000000000006,117,9,26,0.2147074610842727,3.8475000000000006,44.01244149221685,4,7,-3,1,2,-1,2,5,-3,0,0,0,1,0,1,4,1625,1.8333333333333333,0.1666666666666666,0.1402563728707657,H,32511,0.604773,0.549247,0.909091,10.0,20.0,0.588625,0.517153,0.818182,10.0,20.0,0.01614800000000005,0.03209400000000007,0.09090900000000002,0.0,0.0
1625,2025-04-29,J.League,名古屋グランパス,ファジアーノ岡山,1456,1469,-13,1463,1470,-7,5,7,-2,1,2,19,16,-3,26,27,-1,12,13,19,17,-7,-4,-3,0.2692307692307692,0.2916666666666667,0.2857142857142857,0.1538461538461538,0.1318681318681318,0.3571428571428571,0.5384615384615384,-0.1813186813186812,0.7142857142857143,0.8461538461538461,-0.1318681318681318,0.3418803418803419,0.4012345679012345,-0.0593542260208926,1.847368421052632,1.9058823529411768,-0.0585139318885448,13,3,1,0.0593542260208926,0.0585139318885448,5.323573631581888,4,4,0,1,1,0,2,2,0,0,0,0,1,1,0,4,1625,0.8956043956043955,0.1813186813186812,0.1979870666313593,D,32292,0.638868,0.556833,1.0,11.0,20.0,0.651639,0.579697,0.545455,13.0,20.0,-0.012770999999999977,-0.022863999999999995,0.454545,-2.0,0.0
1625,2025-04-29,J.League,京都サンガF.C.,ガンバ大阪,1515,1516,-1,1507,1502,5,7,6,1,2,1,9,4,-5,32,37,-5,14,17,11,14,3,3,0,0.45,0.4166666666666667,0.3636363636363636,0.3,0.0636363636363636,0.7272727272727273,0.7,0.0272727272727273,0.6363636363636364,0.7,-0.0636363636363636,0.5185185185185185,0.5246913580246914,-0.0061728395061728,2.4545454545454546,2.3142857142857145,0.14025974025974,1,5,5,0.0061728395061728,0.14025974025974,1.6292865159531829,6,2,4,2,0,2,2,2,0,0,0,0,0,0,1,4,1625,1.4272727272727272,0.0272727272727273,0.2187512965927107,D,32366,0.653125,0.582604,0.818182,12.0,20.0,0.646118,0.584456,0.818182,13.0,20.0,0.0070069999999999855,-0.0018519999999999648,0.0,-1.0,0.0
1625,2025-04-29,J.League,水戸ホーリーホック,町田,1504,1525,-21,1510,1496,14,5,10,-5,1,3,24,12,-12,21,29,-8,11,13,11,11,0,2,-2,0.3125,0.4210526315789473,0.25,0.2222222222222222,0.0277777777777777,1.0,0.6666666666666666,0.3333333333333333,0.75,0.7777777777777778,-0.0277777777777777,0.5092592592592592,0.50682261208577,0.0024366471734892,1.963636363636364,2.331818181818182,-0.3681818181818181,21,12,8,0.0024366471734892,0.3681818181818181,10.424123693071062,4,7,-3,1,2,-1,1,3,-2,0,0,0,1,0,0,4,1625,1.6666666666666663,0.3333333333333333,0.2365426537116664,D,,0.0,0.0,0.0,0.0,0.0,0.0,0.0,0.0,0.0,0.0,0.0,0.0,0.0,0.0,0.0
1625,2025-04-29,J.League,ジェフユナイテッド千葉,横浜F・マリノス,1495,1547,-52,1534,1487,47,6,9,-3,2,3,25,3,-22,21,43,-22,9,15,10,11,-1,4,-5,0.375,0.56,0.7142857142857143,0.4285714285714285,0.2857142857142857,0.8571428571428571,0.4285714285714285,0.4285714285714285,0.2857142857142857,0.5714285714285714,-0.2857142857142857,0.4166666666666666,0.4444444444444444,-0.0277777777777777,2.16,3.0681818181818183,-0.9081818181818182,52,22,22,0.0277777777777777,0.9081818181818182,23.88719191919192,3,6,-3,1,2,-1,0,2,-2,2,0,2,0,0,1,4,1625,1.2857142857142856,0.4285714285714285,0.1647025047725086,A,,0.0,0.0,0.0,0.0,0.0,0.0,0.0,0.0,0.0,0.0,0.0,0.0,0.0,0.0,0.0
1625,2025-04-29,J.League,北海道コンサドーレ札幌,藤枝MYFC,1498,1527,-29,1502,1525,-23,10,9,1,3,2,20,31,11,23,14,9,9,8,9,5,0,3,-3,0.4375,0.375,0.5,1.0,-0.5,0.5,1.0,-0.5,0.5,0.0,0.5,0.4166666666666666,0.7407407407407407,-0.324074074074074,2.4000000000000004,2.16,0.2400000000000002,29,11,9,0.324074074074074,0.2400000000000002,13.012814814814814,4,5,-1,1,1,0,1,5,-4,0,0,0,0,1,0,4,1625,1.5,0.5,0.2538118478558381,H,,0.0,0.0,0.0,0.0,0.0,0.0,0.0,0.0,0.0,0.0,0.0,0.0,0.0,0.0,0.0
1625,2025-04-29,J.League,ブラウブリッツ秋田,モンテディオ山形,1492,1514,-22,1488,1501,-13,7,9,-2,2,3,23,18,-5,21,26,-5,11,10,11,8,0,2,-2,0.3125,0.5,0.2222222222222222,0.4285714285714285,-0.2063492063492063,0.6666666666666666,0.5714285714285714,0.0952380952380952,0.7777777777777778,0.5714285714285714,0.2063492063492064,0.5092592592592592,0.4629629629629629,0.0462962962962962,1.963636363636364,2.7,-0.7363636363636363,22,5,5,0.0462962962962962,0.7363636363636363,9.106531986531984,1,6,-5,0,2,-2,0,0,0,2,1,1,1,0,0,4,1625,1.238095238095238,0.0952380952380952,0.2084642326274571,H,,0.0,0.0,0.0,0.0,0.0,0.0,0.0,0.0,0.0,0.0,0.0,0.0,0.0,0.0,0.0
1625,2025-04-29,J.League,富山,アルビレックス新潟,1487,1487,0,1476,1494,-18,11,10,1,3,3,35,21,-14,12,23,-11,6,9,8,12,-2,-3,1,0.2727272727272727,0.3684210526315789,0.0,0.4,-0.4,0.5,0.5,0.0,1.0,0.6,0.4,0.404040404040404,0.3508771929824561,0.0531632110579478,1.85625,2.1375,-0.28125,0,14,11,0.0531632110579478,0.28125,3.5668826422115893,5,7,-2,1,2,-1,5,4,1,0,0,0,0,0,0,4,1625,1.0,0.0,0.1890200175326714,H,,0.0,0.0,0.0,0.0,0.0,0.0,0.0,0.0,0.0,0.0,0.0,0.0,0.0,0.0,0.0
1624,2025-04-25,J.League,ベガルタ仙台,モンテディオ山形,1525,1518,7,1516,1510,6,9,9,0,2,3,18,16,-2,24,26,-2,12,10,9,8,3,2,1,0.4,0.5,0.4444444444444444,0.5,-0.0555555555555555,0.7777777777777778,0.6666666666666666,0.1111111111111111,0.5555555555555556,0.5,0.0555555555555555,0.5925925925925926,0.4629629629629629,0.1296296296296296,2.2500000000000004,2.7,-0.4499999999999997,7,2,2,0.1296296296296296,0.4499999999999997,3.0659259259259257,5,9,-4,1,3,-2,5,3,2,0,0,0,1,0,0,4,1624,1.4444444444444444,0.1111111111111111,0.2132392387134714,H,,0.0,0.0,0.0,0.0,0.0,0.0,0.0,0.0,0.0,0.0,0.0,0.0,0.0,0.0,0.0
1624,2025-04-25,J.League,清水エスパルス,名古屋グランパス,1493,1442,51,1476,1479,-3,10,5,5,3,1,13,20,7,28,23,5,12,11,15,19,-3,-8,5,0.3478260869565217,0.24,0.2222222222222222,0.1818181818181818,0.0404040404040403,0.4444444444444444,0.5454545454545454,-0.101010101010101,0.7777777777777778,0.8181818181818182,-0.0404040404040404,0.3864734299516907,0.3259259259259259,0.0605475040257648,2.0700000000000003,1.7763157894736843,0.293684210526316,51,7,5,0.0605475040257648,0.293684210526316,19.67084634291041,6,1,5,2,0,2,2,1,1,0,0,0,0,0,1,4,1624,0.9898989898989898,0.101010101010101,0.185211218669393,A,32283,0.613007,0.529119,0.909091,10.0,20.0,0.593917,0.504944,0.545455,12.0,20.0,0.01908999999999994,0.024175000000000058,0.36363599999999996,-2.0,0.0
1624,2025-04-25,J.League,ファジアーノ岡山,アビスパ福岡,1457,1502,-45,1490,1494,-4,4,8,-4,1,2,19,6,-13,24,36,-12,12,16,17,15,-5,1,-6,0.2608695652173913,0.4,0.4,0.3076923076923077,0.0923076923076923,0.5,0.6153846153846154,-0.1153846153846154,0.6,0.6923076923076923,-0.0923076923076923,0.3864734299516907,0.474074074074074,-0.0876006441223832,1.8264705882352943,2.2500000000000004,-0.4235294117647061,45,13,12,0.0876006441223832,0.4235294117647061,19.102226011177414,1,7,-6,0,2,-2,1,4,-3,0,0,0,0,1,0,4,1624,1.1153846153846154,0.1153846153846154,0.2110959409139747,H,32349,0.557194,0.481892,0.818182,10.0,17.0,0.62225,0.5505,0.454545,12.0,19.0,-0.065056,-0.068608,0.363637,-2.0,-2.0
1624,2025-04-25,J.League,浦和レッズ,横浜F・マリノス,1457,1538,-81,1515,1477,38,1,9,-8,0,3,17,3,-14,25,40,-15,11,14,16,11,-5,3,-8,0.3043478260869565,0.5416666666666666,0.5555555555555556,0.3846153846153846,0.1709401709401709,0.6666666666666666,0.3846153846153846,0.282051282051282,0.4444444444444444,0.6153846153846154,-0.170940170940171,0.3542673107890499,0.4320987654320987,-0.0778314546430488,1.9406250000000005,2.9454545454545458,-1.0048295454545455,81,14,15,0.0778314546430488,1.0048295454545455,32.06653220001952,1,3,-2,0,1,-1,0,1,-1,1,0,1,0,0,2,4,1624,1.051282051282051,0.282051282051282,0.1609367950780031,A,32260,0.583806,0.524925,1.0,12.0,20.0,0.604146,0.565649,0.727273,12.0,20.0,-0.020339999999999914,-0.04072399999999998,0.27272700000000005,0.0,0.0
1624,2025-04-25,J.League,川崎フロンターレ,ジェフユナイテッド千葉,1486,1508,-22,1484,1469,15,3,6,-3,1,2,11,23,12,30,21,9,14,9,15,9,-1,0,-1,0.3478260869565217,0.4,0.2857142857142857,0.125,0.1607142857142857,0.5714285714285714,0.375,0.1964285714285714,0.7142857142857143,0.875,-0.1607142857142857,0.4508856682769726,0.4444444444444444,0.0064412238325282,2.0700000000000003,2.2500000000000004,-0.1800000000000001,22,12,9,0.0064412238325282,0.1800000000000001,10.737288244766503,3,6,-3,1,2,-1,0,0,0,2,1,1,0,1,0,4,1624,0.9464285714285714,0.1964285714285714,0.2072475435108949,H,,0.0,0.0,0.0,0.0,0.0,0.0,0.0,0.0,0.0,0.0,0.0,0.0,0.0,0.0,0.0
1624,2025-04-25,J.League,V・ファーレン長崎,ガンバ大阪,1495,1516,-21,1516,1502,14,3,5,-2,1,1,27,4,-23,17,36,-19,7,16,7,13,0,3,-3,0.4166666666666667,0.4347826086956521,0.75,0.3333333333333333,0.4166666666666667,0.75,0.6666666666666666,0.0833333333333333,0.25,0.6666666666666666,-0.4166666666666666,0.4320987654320987,0.5152979066022544,-0.0831991411701556,2.3142857142857145,2.388461538461539,-0.0741758241758243,21,23,19,0.0831991411701556,0.0741758241758243,13.131474993069196,0,4,-4,0,1,-1,0,1,-1,3,0,3,0,0,1,4,1624,1.4166666666666663,0.0833333333333333,0.2014517208656765,D,,0.0,0.0,0.0,0.0,0.0,0.0,0.0,0.0,0.0,0.0,0.0,0.0,0.0,0.0,0.0
1624,2025-04-25,J.League,北海道コンサドーレ札幌,いわきFC,1486,1501,-15,1492,1509,-17,7,10,-3,2,3,24,31,7,20,14,6,8,6,9,6,-1,0,-1,0.4,0.4,0.4,0.6666666666666666,-0.2666666666666666,0.4,0.6666666666666666,-0.2666666666666666,0.6,0.3333333333333333,0.2666666666666666,0.3950617283950617,0.4444444444444444,-0.0493827160493827,2.2500000000000004,2.2500000000000004,0.0,15,7,6,0.0493827160493827,0.0,7.009876543209876,4,4,0,1,1,0,0,2,-2,1,0,1,0,0,1,4,1624,1.0666666666666669,0.2666666666666666,0.1865527816802973,H,,0.0,0.0,0.0,0.0,0.0,0.0,0.0,0.0,0.0,0.0,0.0,0.0,0.0,0.0,0.0
1624,2025-04-25,J.League,藤枝MYFC,大宮,1529,1506,23,1500,1516,-16,9,7,2,2,2,32,33,1,13,13,0,7,5,4,4,3,1,2,0.4285714285714285,0.5,0.0,0.6666666666666666,-0.6666666666666666,1.0,1.0,0.0,1.0,0.3333333333333333,0.6666666666666667,0.7407407407407407,0.4629629629629629,0.2777777777777778,2.3625000000000003,2.7,-0.3374999999999999,23,1,0,0.2777777777777778,0.3374999999999999,8.423055555555555,5,4,1,1,1,0,5,0,5,0,1,-1,0,0,0,4,1624,2.0,0.0,0.2377639362587808,D,,0.0,0.0,0.0,0.0,0.0,0.0,0.0,0.0,0.0,0.0,0.0,0.0,0.0,0.0,0.0
1624,2025-04-25,J.League,相模原,湘南ベルマーレ,1510,1432,78,1509,1451,58,4,7,-3,1,2,46,34,-12,4,12,-8,2,6,1,15,1,-9,10,0.5,0.1666666666666666,1.0,0.1666666666666666,0.8333333333333334,1.0,0.25,0.75,0.0,0.8333333333333334,-0.8333333333333334,0.7407407407407407,0.2469135802469135,0.4938271604938271,2.7,1.62,1.08,78,12,8,0.4938271604938271,1.08,30.614765432098764,4,4,0,1,1,0,2,1,1,0,0,0,0,0,0,4,1624,1.25,0.75,0.2286183933213708,D,,0.0,0.0,0.0,0.0,0.0,0.0,0.0,0.0,0.0,0.0,0.0,0.0,0.0,0.0,0.0
1624,2025-04-25,J.League,FC今治,富山,1503,1473,30,1517,1501,16,5,9,-4,1,2,29,38,9,16,9,7,8,5,7,8,1,-3,4,0.3636363636363636,0.2,0.4285714285714285,0.5,-0.0714285714285714,0.8571428571428571,0.5,0.3571428571428571,0.5714285714285714,0.5,0.0714285714285714,0.5387205387205387,0.3703703703703703,0.1683501683501683,2.1214285714285714,1.6875,0.4339285714285714,30,9,7,0.1683501683501683,0.4339285714285714,12.870455747955749,4,5,-1,1,1,0,0,5,-5,1,0,1,0,1,0,4,1624,1.3571428571428572,0.3571428571428571,0.2386673903971152,A,,0.0,0.0,0.0,0.0,0.0,0.0,0.0,0.0,0.0,0.0,0.0,0.0,0.0,0.0,0.0
1624,2025-04-25,J.League,福島,ヴァンフォーレ甲府,1501,1420,81,1500,1474,26,3,3,0,1,1,52,45,-7,3,5,-2,1,3,1,11,0,-8,8,0.5,0.0833333333333333,0.0,0.0,0.0,0.0,0.25,-0.25,0.0,1.0,-1.0,0.3703703703703703,0.1851851851851851,0.1851851851851851,2.7,1.4727272727272729,1.2272727272727273,81,7,2,0.1851851851851851,1.2272727272727273,30.382491582491586,3,3,0,1,1,0,0,0,0,1,1,0,0,0,0,4,1624,0.25,0.25,0.1331364849886192,A,,0.0,0.0,0.0,0.0,0.0,0.0,0.0,0.0,0.0,0.0,0.0,0.0,0.0,0.0,0.0
1624,2025-04-25,J.League,宮崎,鹿児島,1524,1510,14,1509,1500,9,6,5,1,2,1,40,43,3,6,5,1,2,3,0,2,2,1,1,1.0,0.3333333333333333,1.0,0.0,1.0,1.0,1.0,0.0,0.0,1.0,-1.0,0.7407407407407407,0.7407407407407407,0.0,2.0,2.0250000000000004,-0.0250000000000003,14,3,1,0.0,0.0250000000000003,5.654999999999999,6,5,1,2,1,1,2,3,-1,0,0,0,0,0,0,4,1624,2.0,0.0,0.3680607889198979,H,,0.0,0.0,0.0,0.0,0.0,0.0,0.0,0.0,0.0,0.0,0.0,0.0,0.0,0.0,0.0
1624,2025-04-25,J.League,アルビレックス新潟,FC大阪,1475,1487,-12,1476,1491,-15,10,2,8,3,0,25,53,28,20,2,18,8,2,12,3,-4,-1,-3,0.3333333333333333,0.0,0.25,0.0,0.25,0.375,0.5,-0.125,0.75,1.0,-0.25,0.3292181069958847,0.4938271604938271,-0.1646090534979423,2.0250000000000004,1.35,0.6750000000000003,12,28,18,0.1646090534979423,0.6750000000000003,11.367921810699588,7,2,5,2,0,2,3,2,1,0,0,0,0,1,0,4,1624,0.875,0.125,0.2438580390180177,H,,0.0,0.0,0.0,0.0,0.0,0.0,0.0,0.0,0.0,0.0,0.0,0.0,0.0,0.0,0.0
1622,2025-04-19,J.League,横浜F・マリノス,川崎フロンターレ,1528,1496,32,1540,1515,25,6,4,2,2,1,3,11,8,37,30,7,13,14,11,14,2,0,2,0.5217391304347826,0.3636363636363636,0.7,0.5,0.1999999999999999,0.8,0.75,0.05,0.3,0.5,-0.2,0.4186795491143316,0.4713804713804713,-0.0527009222661397,2.8227272727272728,2.1214285714285714,0.7012987012987013,32,8,7,0.0527009222661397,0.7012987012987013,13.350799924712968,3,3,0,1,1,0,0,0,0,2,1,1,1,0,1,4,1622,1.55,0.05,0.1800190055995711,H,32434,0.597507,0.515872,0.727273,11.0,18.0,0.631549,0.572525,0.909091,12.0,20.0,-0.03404200000000002,-0.05665299999999995,-0.18181800000000004,-1.0,-2.0
1622,2025-04-19,J.League,セレッソ大阪,京都サンガF.C.,1523,1507,16,1501,1512,-11,13,4,9,4,1,10,8,-2,30,32,-2,14,14,14,11,0,3,-3,0.3636363636363636,0.45,0.2,0.5555555555555556,-0.3555555555555555,0.8,0.6666666666666666,0.1333333333333334,0.8,0.4444444444444444,0.3555555555555556,0.4713804713804713,0.5185185185185185,-0.0471380471380471,2.1214285714285714,2.4545454545454546,-0.3331168831168831,16,2,2,0.0471380471380471,0.3331168831168831,6.176050986050986,7,4,3,2,1,1,5,1,4,0,0,0,1,0,1,4,1622,1.4666666666666668,0.1333333333333334,0.2163205805413709,A,32468,0.626729,0.547642,0.090909,11.0,20.0,0.607174,0.526506,0.727273,9.0,20.0,0.01955499999999999,0.021135999999999933,-0.6363639999999999,2.0,0.0
1622,2025-04-19,J.League,水戸ホーリーホック,柏レイソル,1492,1517,-25,1502,1484,18,2,6,-4,0,2,24,5,-19,18,36,-18,10,14,11,12,-1,2,-3,0.2666666666666666,0.4782608695652174,0.0,0.3,-0.3,1.0,0.5,0.5,1.0,0.7,0.3,0.4938271604938271,0.4508856682769726,0.0429414922168544,1.840909090909091,2.5875000000000004,-0.7465909090909093,25,19,18,0.0429414922168544,0.7465909090909093,13.657906480261552,1,6,-5,0,2,-2,0,0,0,1,1,0,0,0,1,4,1622,1.5,0.5,0.2133252544767538,H,,0.0,0.0,0.0,0.0,0.0,0.0,0.0,0.0,0.0,0.0,0.0,0.0,0.0,0.0,0.0
1622,2025-04-19,J.League,ガンバ大阪,ファジアーノ岡山,1519,1453,66,1521,1468,53,7,4,3,2,1,6,21,15,35,23,12,15,11,12,16,3,-5,8,0.4545454545454545,0.2727272727272727,0.5384615384615384,0.1666666666666666,0.3717948717948718,0.6923076923076923,0.5,0.1923076923076923,0.4615384615384615,0.8333333333333334,-0.3717948717948718,0.505050505050505,0.3703703703703703,0.1346801346801346,2.4750000000000005,1.85625,0.6187500000000004,66,15,12,0.1346801346801346,0.6187500000000004,27.000686026936027,4,3,1,1,1,0,0,0,0,1,2,-1,1,0,1,4,1622,1.1923076923076923,0.1923076923076923,0.2021127074516894,D,32399,0.630229,0.549983,0.909091,12.0,20.0,0.73125,0.677767,0.636364,14.0,20.0,-0.10102099999999992,-0.127784,0.27272699999999994,-2.0,0.0
1622,2025-04-19,J.League,名古屋グランパス,アビスパ福岡,1440,1503,-63,1461,1495,-34,4,7,-3,1,2,23,7,-16,22,35,-13,10,15,18,14,-8,1,-9,0.25,0.4166666666666667,0.3076923076923077,0.3333333333333333,-0.0256410256410256,0.3076923076923077,0.5833333333333334,-0.2756410256410256,0.6923076923076923,0.6666666666666666,0.0256410256410256,0.3086419753086419,0.4629629629629629,-0.1543209876543209,1.8,2.3142857142857145,-0.5142857142857145,63,16,13,0.1543209876543209,0.5142857142857145,26.183721340388004,1,7,-6,0,2,-2,0,3,-3,2,0,2,1,0,1,4,1622,0.8910256410256411,0.2756410256410256,0.1875383087182337,D,32526,0.547993,0.490925,0.818182,10.0,20.0,0.620271,0.531975,0.909091,11.0,20.0,-0.07227800000000006,-0.041049999999999975,-0.09090900000000002,-1.0,0.0
1622,2025-04-19,J.League,鹿島アントラーズ,浦和レッズ,1639,1463,176,1554,1453,101,13,4,9,4,1,1,17,16,56,25,31,22,11,6,15,16,-4,20,0.7391304347826086,0.3181818181818182,0.7272727272727273,0.1538461538461538,0.5734265734265734,0.9090909090909092,0.3846153846153846,0.5244755244755244,0.2727272727272727,0.8461538461538461,-0.5734265734265734,0.7085346215780998,0.3703703703703703,0.3381642512077294,5.175000000000001,1.98,3.1950000000000003,176,16,31,0.3381642512077294,3.1950000000000003,66.30663285024154,7,1,6,2,0,2,5,1,4,0,0,0,2,0,0,4,1622,1.2937062937062938,0.5244755244755244,0.1507882478160291,H,31416,0.620162,0.546354,1.0,11.0,20.0,0.571792,0.525901,1.0,10.0,18.0,0.048370000000000024,0.020453000000000054,0.0,1.0,2.0
1622,2025-04-19,J.League,東京ヴェルディ,ジェフユナイテッド千葉,1517,1519,-2,1524,1476,48,8,6,2,2,2,13,22,9,29,22,7,13,10,12,9,1,1,0,0.4,0.4,0.4545454545454545,0.1428571428571428,0.3116883116883117,0.8181818181818182,0.4285714285714285,0.3896103896103897,0.5454545454545454,0.8571428571428571,-0.3116883116883117,0.4814814814814814,0.4938271604938271,-0.0123456790123456,2.2500000000000004,2.2500000000000004,0.0,2,9,7,0.0123456790123456,0.0,2.952469135802469,2,6,-4,0,2,-2,1,2,-1,0,0,0,0,0,1,4,1622,1.2467532467532467,0.3896103896103897,0.2167304375403454,H,,0.0,0.0,0.0,0.0,0.0,0.0,0.0,0.0,0.0,0.0,0.0,0.0,0.0,0.0,0.0
1622,2025-04-19,J.League,ベガルタ仙台,栃木シティ,1525,1506,19,1507,1518,-11,9,6,3,2,2,18,33,15,24,12,12,12,4,9,3,3,1,2,0.4,0.5714285714285714,0.375,1.0,-0.625,0.75,1.0,-0.25,0.625,0.0,0.625,0.5925925925925926,0.4232804232804232,0.1693121693121693,2.2500000000000004,3.1500000000000004,-0.8999999999999999,19,15,12,0.1693121693121693,0.8999999999999999,10.613862433862431,3,6,-3,0,2,-2,5,2,3,0,0,0,1,0,0,4,1622,1.75,0.25,0.1881211488440984,H,,0.0,0.0,0.0,0.0,0.0,0.0,0.0,0.0,0.0,0.0,0.0,0.0,0.0,0.0,0.0
1622,2025-04-19,J.League,アルビレックス新潟,FC今治,1462,1517,-55,1466,1499,-33,7,8,-1,2,2,26,29,3,17,16,1,7,8,12,6,-5,2,-7,0.2941176470588235,0.4,0.1428571428571428,0.3333333333333333,-0.1904761904761904,0.2857142857142857,0.6666666666666666,-0.3809523809523809,0.8571428571428571,0.6666666666666666,0.1904761904761904,0.3050108932461873,0.5925925925925926,-0.2875816993464052,1.9125,2.2500000000000004,-0.3375000000000003,55,3,1,0.2875816993464052,0.3375000000000003,20.12501633986928,4,4,0,1,1,0,2,2,0,0,0,0,1,0,0,4,1622,0.9523809523809524,0.3809523809523809,0.2156352966508384,H,,0.0,0.0,0.0,0.0,0.0,0.0,0.0,0.0,0.0,0.0,0.0,0.0,0.0,0.0,0.0
1622,2025-04-19,J.League,ヴァンフォーレ甲府,藤枝MYFC,1422,1518,-96,1461,1518,-57,4,7,-3,1,1,46,35,-11,5,11,-6,3,7,11,5,-8,2,-10,0.0833333333333333,0.2857142857142857,0.125,1.0,-0.875,0.25,1.0,-0.75,0.875,0.0,0.875,0.1851851851851851,0.7407407407407407,-0.5555555555555556,1.4727272727272729,1.89,-0.4172727272727272,96,11,6,0.5555555555555556,0.4172727272727272,36.54456565656565,3,5,-2,1,1,0,1,5,-4,0,0,0,0,1,0,4,1622,1.25,0.75,0.2753415060699785,A,,0.0,0.0,0.0,0.0,0.0,0.0,0.0,0.0,0.0,0.0,0.0,0.0,0.0,0.0,0.0
1622,2025-04-19,J.League,ブラウブリッツ秋田,横浜FC,1516,1437,79,1498,1451,47,10,4,6,3,1,19,27,8,24,17,7,12,7,10,13,2,-6,8,0.375,0.2777777777777778,0.25,0.1111111111111111,0.1388888888888889,0.75,0.2222222222222222,0.5277777777777778,0.75,0.8888888888888888,-0.1388888888888888,0.5555555555555555,0.2880658436213991,0.2674897119341563,2.16,1.8692307692307693,0.2907692307692306,79,8,7,0.2674897119341563,0.2907692307692306,29.761651788540675,4,4,0,1,1,0,0,0,0,1,1,0,0,0,0,4,1622,0.9722222222222222,0.5277777777777778,0.2093701032486862,A,,0.0,0.0,0.0,0.0,0.0,0.0,0.0,0.0,0.0,0.0,0.0,0.0,0.0,0.0,0.0
1622,2025-04-19,J.League,モンテディオ山形,八戸,1517,1460,57,1500,1491,9,9,2,7,3,0,16,36,20,26,10,16,10,6,8,9,2,-3,5,0.5,0.1818181818181818,0.4444444444444444,0.0,0.4444444444444444,0.5555555555555556,0.6666666666666666,-0.111111111111111,0.5555555555555556,1.0,-0.4444444444444444,0.4629629629629629,0.404040404040404,0.0589225589225589,2.7,1.65,1.0500000000000005,57,20,16,0.0589225589225589,1.0500000000000005,25.171784511784512,6,1,5,2,0,2,2,0,2,0,1,-1,1,0,0,4,1622,1.2222222222222223,0.111111111111111,0.1993065370918753,H,,0.0,0.0,0.0,0.0,0.0,0.0,0.0,0.0,0.0,0.0,0.0,0.0,0.0,0.0,0.0
1622,2025-04-19,J.League,大宮,ジュビロ磐田,1530,1485,45,1501,1491,10,10,5,5,3,1,28,39,11,16,8,8,6,4,3,5,3,-1,4,0.625,0.2857142857142857,0.5,0.0,0.5,0.5,0.5,0.0,0.5,1.0,-0.5,0.5555555555555555,0.4232804232804232,0.1322751322751322,3.6,1.89,1.71,45,11,8,0.1322751322751322,1.71,18.868455026455024,7,3,4,2,1,1,3,1,2,0,0,0,0,0,0,4,1622,1.0,0.0,0.1782911019536945,A,,0.0,0.0,0.0,0.0,0.0,0.0,0.0,0.0,0.0,0.0,0.0,0.0,0.0,0.0,0.0
1621,2025-04-12,J.League,ジェフユナイテッド千葉,水戸ホーリーホック,1508,1503,5,1526,1497,29,6,3,3,2,0,23,24,1,19,18,1,9,10,9,10,0,0,0,0.3571428571428571,0.2857142857142857,0.5714285714285714,0.3636363636363636,0.2077922077922077,0.8571428571428571,0.6363636363636364,0.2207792207792207,0.4285714285714285,0.6363636363636364,-0.2077922077922078,0.4761904761904762,0.5291005291005291,-0.0529100529100528,2.1,1.89,0.2099999999999999,5,1,1,0.0529100529100528,0.2099999999999999,2.0525820105820105,3,2,1,1,0,1,1,1,0,0,0,0,0,1,0,4,1621,1.4935064935064934,0.2207792207792207,0.2519463184609421,H,,0.0,0.0,0.0,0.0,0.0,0.0,0.0,0.0,0.0,0.0,0.0,0.0,0.0,0.0,0.0
1621,2025-04-12,J.League,サンフレッチェ広島,清水エスパルス,1574,1477,97,1550,1496,54,9,8,1,3,2,2,14,12,46,25,21,18,11,8,15,10,-4,14,0.6363636363636364,0.3181818181818182,0.7272727272727273,0.3846153846153846,0.3426573426573426,0.9090909090909092,0.5384615384615384,0.3706293706293706,0.2727272727272727,0.6153846153846154,-0.3426573426573427,0.6060606060606061,0.3703703703703703,0.2356902356902357,3.7125,1.98,1.7325000000000002,97,12,21,0.2356902356902357,1.7325000000000002,37.34363804713804,3,6,-3,1,2,-1,0,1,-1,1,0,1,2,1,0,4,1621,1.4475524475524475,0.3706293706293706,0.1715263634246172,A,32394,0.653014,0.581178,0.818182,13.0,19.0,0.648229,0.584525,0.727273,12.0,19.0,0.004784999999999928,-0.003346999999999989,0.09090900000000002,1.0,0.0
1621,2025-04-12,J.League,アビスパ福岡,V・ファーレン長崎,1491,1498,-7,1501,1490,11,4,6,-2,1,2,7,25,18,32,17,15,14,7,14,7,0,0,0,0.391304347826087,0.4166666666666667,0.4545454545454545,0.2857142857142857,0.1688311688311688,0.6363636363636364,0.5714285714285714,0.0649350649350649,0.5454545454545454,0.7142857142857143,-0.1688311688311689,0.4508856682769726,0.4320987654320987,0.0187869028448738,2.217857142857143,2.3142857142857145,-0.0964285714285715,7,18,15,0.0187869028448738,0.0964285714285715,6.973043094854688,4,3,1,1,1,0,2,0,2,0,2,-2,0,0,1,4,1621,1.207792207792208,0.0649350649350649,0.1948228419219591,H,,0.0,0.0,0.0,0.0,0.0,0.0,0.0,0.0,0.0,0.0,0.0,0.0,0.0,0.0,0.0
1621,2025-04-12,J.League,ヴィッセル神戸,名古屋グランパス,1524,1448,76,1509,1487,22,11,7,4,3,2,18,22,4,23,22,1,11,10,9,17,2,-7,9,0.4,0.2608695652173913,0.5,0.2,0.3,0.6666666666666666,0.6,0.0666666666666666,0.5,0.8,-0.3,0.5432098765432098,0.322061191626409,0.2211486849168008,2.2500000000000004,1.8264705882352943,0.4235294117647061,76,4,1,0.2211486849168008,0.4235294117647061,27.7289356193363,7,4,3,2,1,1,5,0,5,0,1,-1,1,0,0,4,1621,1.2666666666666666,0.0666666666666666,0.2122546511684925,H,32348,0.598424,0.540628,0.909091,12.0,20.0,0.613063,0.541364,0.727273,10.0,20.0,-0.014639000000000069,-0.0007359999999999589,0.18181800000000004,2.0,0.0
1621,2025-04-12,J.League,横浜F・マリノス,FC東京,1542,1518,24,1550,1525,25,9,9,0,3,2,3,6,3,37,33,4,13,15,10,14,3,1,2,0.5454545454545454,0.391304347826087,0.7777777777777778,0.4545454545454545,0.3232323232323232,0.8888888888888888,0.8181818181818182,0.0707070707070706,0.2222222222222222,0.5454545454545454,-0.3232323232323232,0.4377104377104377,0.4830917874396135,-0.0453813497291757,2.97,2.217857142857143,0.7521428571428572,24,3,4,0.0453813497291757,0.7521428571428572,9.309504841374403,6,5,1,2,1,1,0,5,-5,1,0,1,1,0,1,4,1621,1.7070707070707072,0.0707070707070706,0.1774884024278854,A,32300,0.510345,0.425489,0.545455,9.0,20.0,0.549674,0.491314,0.454545,12.0,17.0,-0.03932899999999995,-0.06582499999999997,0.09091000000000005,-3.0,3.0
1621,2025-04-12,J.League,京都サンガF.C.,ファジアーノ岡山,1497,1463,34,1499,1477,22,4,7,-3,1,2,10,21,11,29,23,6,13,11,11,15,2,-4,6,0.4210526315789473,0.2857142857142857,0.3,0.1818181818181818,0.1181818181818181,0.7,0.5454545454545454,0.1545454545454545,0.7,0.8181818181818182,-0.1181818181818182,0.50682261208577,0.3880070546737213,0.1188155574120486,2.331818181818182,1.89,0.4418181818181819,34,11,6,0.1188155574120486,0.4418181818181819,14.762126747846043,1,3,-2,0,1,-1,0,0,0,1,1,0,1,0,1,4,1621,1.2454545454545454,0.1545454545454545,0.2119486044549849,H,32422,0.578181,0.515493,0.909091,10.0,20.0,0.627611,0.544479,0.818182,9.0,20.0,-0.049430000000000085,-0.028986000000000067,0.09090900000000002,1.0,0.0
1621,2025-04-12,J.League,ガンバ大阪,セレッソ大阪,1533,1509,24,1531,1496,35,7,11,-4,2,3,5,12,7,35,27,8,15,13,11,14,4,-1,5,0.4761904761904761,0.3333333333333333,0.5833333333333334,0.4545454545454545,0.1287878787878788,0.75,0.4545454545454545,0.2954545454545454,0.4166666666666667,0.5454545454545454,-0.1287878787878787,0.5291005291005291,0.4585537918871252,0.0705467372134038,2.577272727272727,2.0250000000000004,0.5522727272727268,24,7,8,0.0705467372134038,0.5522727272727268,10.274563892897223,4,7,-3,1,2,-1,2,5,-3,0,0,0,0,1,0,4,1621,1.2045454545454546,0.2954545454545454,0.2145967698650339,A,31361,0.0,0.0,0.0,0.0,0.0,0.0,0.0,0.0,0.0,0.0,0.0,0.0,0.0,0.0,0.0
1621,2025-04-12,J.League,浦和レッズ,東京ヴェルディ,1462,1518,-56,1516,1488,28,3,7,-4,1,2,17,11,-6,24,28,-4,10,12,14,11,-4,1,-5,0.3333333333333333,0.4210526315789473,0.625,0.375,0.25,0.625,0.375,0.25,0.375,0.625,-0.25,0.3527336860670194,0.4678362573099414,-0.115102571242922,2.0250000000000004,2.331818181818182,-0.3068181818181816,56,6,4,0.115102571242922,0.3068181818181816,21.18438415061222,0,4,-4,0,1,-1,0,0,0,3,1,2,0,1,1,4,1621,1.0,0.25,0.1883372395656347,D,32285,0.576785,0.517325,0.727273,11.0,20.0,0.607632,0.547164,1.0,12.0,20.0,-0.030846999999999958,-0.02983899999999995,-0.27272700000000005,-1.0,0.0
1621,2025-04-12,J.League,川崎フロンターレ,鹿島アントラーズ,1504,1630,-126,1492,1564,-72,4,10,-6,1,3,9,1,-8,30,53,-23,14,21,13,6,1,15,-14,0.3809523809523809,0.7272727272727273,0.3076923076923077,0.7272727272727273,-0.4195804195804196,0.6153846153846154,1.0,-0.3846153846153846,0.6923076923076923,0.2727272727272727,0.4195804195804196,0.4938271604938271,0.7070707070707071,-0.21324354657688,2.180769230769231,4.950000000000001,-2.76923076923077,126,8,23,0.21324354657688,2.76923076923077,46.69649486316152,3,7,-4,1,2,-1,1,4,-3,0,0,0,0,0,1,4,1621,1.6153846153846154,0.3846153846153846,0.1684083424756604,A,32374,0.659097,0.572428,0.545455,13.0,20.0,0.623736,0.551689,0.727273,10.0,20.0,0.03536100000000009,0.020739000000000063,-0.18181799999999992,3.0,0.0
1621,2025-04-12,J.League,町田,柏レイソル,1508,1529,-21,1508,1492,16,8,9,-1,2,3,13,4,-9,26,36,-10,12,14,12,11,0,3,-3,0.3684210526315789,0.5,0.5,0.3333333333333333,0.1666666666666666,0.6,0.5555555555555556,0.0444444444444444,0.5,0.6666666666666666,-0.1666666666666666,0.4678362573099414,0.4713804713804713,-0.0035442140705299,2.1375,2.7,-0.5625,21,9,10,0.0035442140705299,0.5625,9.713208842814106,4,6,-2,1,2,-1,2,2,0,0,0,0,1,0,0,4,1621,1.1555555555555554,0.0444444444444444,0.1941493155057079,H,32311,0.577813,0.524089,1.0,10.0,20.0,0.614472,0.545703,0.454545,11.0,20.0,-0.036659,-0.021614000000000022,0.545455,-1.0,0.0
1621,2025-04-12,J.League,ブラウブリッツ秋田,湘南ベルマーレ,1533,1417,116,1509,1440,69,13,4,9,4,1,15,38,23,24,9,15,12,5,9,15,3,-10,13,0.4,0.1176470588235294,0.2857142857142857,0.0909090909090909,0.1948051948051948,0.8571428571428571,0.1818181818181818,0.6753246753246753,0.7142857142857143,0.9090909090909092,-0.1948051948051947,0.5925925925925926,0.2178649237472766,0.3747276688453159,2.2500000000000004,1.5300000000000002,0.7200000000000002,116,23,15,0.3747276688453159,0.7200000000000002,46.56894553376905,7,4,3,2,1,1,5,0,5,0,1,-1,1,0,0,4,1621,1.0389610389610389,0.6753246753246753,0.2144010783682625,A,,0.0,0.0,0.0,0.0,0.0,0.0,0.0,0.0,0.0,0.0,0.0,0.0,0.0,0.0,0.0
1621,2025-04-12,J.League,ヴァンフォーレ甲府,北海道コンサドーレ札幌,1407,1507,-100,1450,1506,-56,1,7,-6,0,2,55,20,-35,2,23,-21,2,9,11,8,-9,1,-10,0.0,0.4666666666666667,0.0,0.4444444444444444,-0.4444444444444444,0.1428571428571428,0.6666666666666666,-0.5238095238095237,1.0,0.5555555555555556,0.4444444444444444,0.1346801346801346,0.4444444444444444,-0.3097643097643097,1.35,2.53125,-1.18125,100,35,21,0.3097643097643097,1.18125,44.04820286195286,0,7,-7,0,2,-2,0,3,-3,3,0,3,0,0,2,4,1621,0.8095238095238095,0.5238095238095237,0.1492069973397346,H,,0.0,0.0,0.0,0.0,0.0,0.0,0.0,0.0,0.0,0.0,0.0,0.0,0.0,0.0,0.0
1621,2025-04-12,J.League,モンテディオ山形,横浜FC,1508,1446,62,1492,1460,32,7,4,3,2,1,19,27,8,23,17,6,9,7,8,12,1,-5,6,0.4666666666666667,0.2941176470588235,0.375,0.125,0.25,0.5,0.25,0.25,0.625,0.875,-0.25,0.4444444444444444,0.3050108932461873,0.139433551198257,2.53125,1.9125,0.6187499999999999,62,8,6,0.139433551198257,0.6187499999999999,23.851636710239653,3,4,-1,1,1,0,1,2,-1,0,0,0,1,0,0,4,1621,0.75,0.25,0.1686500079189513,H,,0.0,0.0,0.0,0.0,0.0,0.0,0.0,0.0,0.0,0.0,0.0,0.0,0.0,0.0,0.0
1620,2025-04-05,J.League,ジェフユナイテッド千葉,東京ヴェルディ,1495,1524,-29,1517,1497,20,4,8,-4,1,2,30,11,-19,16,28,-12,8,12,9,11,-1,1,-2,0.3076923076923077,0.4210526315789473,0.5,0.4285714285714285,0.0714285714285714,0.8333333333333334,0.4285714285714285,0.4047619047619048,0.5,0.5714285714285714,-0.0714285714285714,0.4558404558404558,0.4678362573099414,-0.0119958014694855,1.95,2.331818181818182,-0.3818181818181818,29,19,12,0.0119958014694855,0.3818181818181818,14.978762796657533,0,7,-7,0,2,-2,0,3,-3,3,0,3,0,0,0,4,1620,1.261904761904762,0.4047619047619048,0.2157156381624711,H,,0.0,0.0,0.0,0.0,0.0,0.0,0.0,0.0,0.0,0.0,0.0,0.0,0.0,0.0,0.0
1620,2025-04-05,J.League,名古屋グランパス,セレッソ大阪,1455,1505,-50,1470,1495,-25,8,8,0,2,2,21,12,-9,22,27,-5,10,13,17,14,-7,-1,-6,0.2608695652173913,0.3333333333333333,0.3333333333333333,0.4545454545454545,-0.1212121212121212,0.3333333333333333,0.4545454545454545,-0.1212121212121212,0.6666666666666666,0.5454545454545454,0.1212121212121212,0.322061191626409,0.4585537918871252,-0.1364926002607162,1.8264705882352943,2.0250000000000004,-0.198529411764706,50,9,5,0.1364926002607162,0.198529411764706,19.81700440240508,4,7,-3,1,2,-1,2,4,-2,0,0,0,1,0,0,4,1620,0.7878787878787878,0.1212121212121212,0.2026744585437274,A,32477,0.612486,0.547772,0.818182,11.0,20.0,0.587931,0.526094,0.909091,13.0,20.0,0.024554999999999993,0.021678000000000086,-0.09090900000000002,-2.0,0.0
1620,2025-04-05,J.League,V・ファーレン長崎,清水エスパルス,1513,1469,44,1518,1486,32,9,8,1,3,2,23,14,-9,17,25,-8,7,11,6,15,1,-4,5,0.4545454545454545,0.3181818181818182,0.75,0.3333333333333333,0.4166666666666667,0.75,0.5,0.25,0.25,0.6666666666666666,-0.4166666666666666,0.4713804713804713,0.3703703703703703,0.101010101010101,2.4750000000000005,1.98,0.4950000000000003,44,9,8,0.101010101010101,0.4950000000000003,17.76920202020202,3,4,-1,1,1,0,0,0,0,1,1,0,0,0,0,4,1620,1.25,0.25,0.1889409534580237,A,,0.0,0.0,0.0,0.0,0.0,0.0,0.0,0.0,0.0,0.0,0.0,0.0,0.0,0.0,0.0
1620,2025-04-05,J.League,ファジアーノ岡山,ヴィッセル神戸,1468,1522,-54,1491,1508,-17,8,8,0,2,2,20,18,-2,23,23,0,11,11,15,9,-4,2,-6,0.2857142857142857,0.4,0.4,0.3333333333333333,0.0666666666666667,0.5,0.7777777777777778,-0.2777777777777778,0.6,0.6666666666666666,-0.0666666666666666,0.3880070546737213,0.5432098765432098,-0.1552028218694885,1.89,2.2500000000000004,-0.3600000000000003,54,2,0,0.1552028218694885,0.3600000000000003,19.503040564373894,4,7,-3,1,2,-1,1,4,-3,0,0,0,0,0,1,4,1620,1.2777777777777777,0.2777777777777778,0.224926192897981,A,32389,0.588324,0.511277,1.0,10.0,19.0,0.607458,0.553358,0.909091,11.0,19.0,-0.019134000000000095,-0.042081000000000035,0.09090900000000002,-1.0,0.0
1620,2025-04-05,J.League,柏レイソル,横浜F・マリノス,1512,1560,-48,1521,1486,35,6,12,-6,2,4,6,3,-3,33,40,-7,13,14,12,9,1,5,-4,0.4545454545454545,0.5909090909090909,0.5833333333333334,0.4166666666666667,0.1666666666666666,0.6666666666666666,0.4166666666666667,0.2499999999999999,0.4166666666666667,0.5833333333333334,-0.1666666666666666,0.4377104377104377,0.4713804713804713,-0.0336700336700336,2.4750000000000005,3.3,-0.8249999999999993,48,3,7,0.0336700336700336,0.8249999999999993,17.721734006734003,3,6,-3,1,2,-1,1,2,-1,0,0,0,1,0,1,4,1620,1.0833333333333333,0.2499999999999999,0.1574156134250331,H,32474,0.533514,0.496361,1.0,11.0,19.0,0.64265,0.560956,0.818182,12.0,20.0,-0.10913600000000001,-0.06459500000000001,0.18181800000000004,-1.0,-1.0
1620,2025-04-05,J.League,水戸ホーリーホック,鹿島アントラーズ,1499,1639,-140,1500,1566,-66,3,12,-9,0,4,24,1,-23,17,55,-38,9,21,9,5,0,16,-16,0.3076923076923077,0.7727272727272727,0.0,0.8,-0.8,1.0,1.0,0.0,1.0,0.2,0.8,0.5128205128205128,0.7070707070707071,-0.1942501942501943,1.95,5.94,-3.99,140,23,38,0.1942501942501943,3.99,55.58685003885004,1,9,-8,0,3,-3,0,3,-3,1,0,1,0,0,0,4,1620,2.0,0.0,0.1546103623390349,D,,0.0,0.0,0.0,0.0,0.0,0.0,0.0,0.0,0.0,0.0,0.0,0.0,0.0,0.0,0.0
1620,2025-04-05,J.League,ガンバ大阪,京都サンガF.C.,1527,1508,19,1528,1521,7,7,4,3,2,1,4,8,4,35,29,6,15,13,11,10,4,3,1,0.4761904761904761,0.4444444444444444,0.5833333333333334,0.625,-0.0416666666666666,0.75,0.75,0.0,0.4166666666666667,0.375,0.0416666666666666,0.5291005291005291,0.5349794238683128,-0.0058788947677836,2.577272727272727,2.43,0.147272727272727,19,4,6,0.0058788947677836,0.147272727272727,7.680630324408101,4,1,3,1,0,1,1,1,0,0,0,0,0,0,0,4,1620,1.5,0.0,0.2125026457833496,H,32277,0.562701,0.507078,0.727273,10.0,20.0,0.602833,0.528417,0.909091,10.0,20.0,-0.040131999999999945,-0.021338999999999997,-0.18181800000000004,0.0,0.0
1620,2025-04-05,J.League,サンフレッチェ広島,アビスパ福岡,1597,1476,121,1561,1484,77,10,1,9,3,0,2,9,7,49,29,20,19,13,7,14,12,-1,13,0.6818181818181818,0.3636363636363636,0.8,0.2727272727272727,0.5272727272727273,1.0,0.5454545454545454,0.4545454545454546,0.2,0.7272727272727273,-0.5272727272727273,0.6397306397306397,0.4377104377104377,0.202020202020202,4.242857142857143,2.1214285714285714,2.1214285714285714,121,7,20,0.202020202020202,2.1214285714285714,44.56468975468975,6,1,5,2,0,2,1,1,0,0,0,0,1,0,0,4,1620,1.5454545454545454,0.4545454545454546,0.169292234287846,A,32281,0.597111,0.550422,0.818182,12.0,20.0,0.520646,0.464967,0.636364,10.0,20.0,0.0764649999999999,0.08545499999999995,0.18181799999999992,2.0,0.0
1620,2025-04-05,J.League,川崎フロンターレ,浦和レッズ,1489,1468,21,1483,1455,28,2,3,-1,0,1,13,17,4,27,24,3,13,10,14,14,-1,-4,3,0.3333333333333333,0.3333333333333333,0.25,0.1538461538461538,0.0961538461538461,0.5833333333333334,0.3846153846153846,0.1987179487179487,0.75,0.8461538461538461,-0.0961538461538461,0.4585537918871252,0.3527336860670194,0.1058201058201058,2.0250000000000004,2.0250000000000004,0.0,21,4,3,0.1058201058201058,0.0,8.37116402116402,1,3,-2,0,1,-1,0,0,0,2,2,0,0,1,0,4,1620,0.967948717948718,0.1987179487179487,0.2003129497923864,H,32279,0.611618,0.544189,0.818182,11.0,20.0,0.560715,0.500808,0.636364,10.0,20.0,0.05090300000000003,0.043381,0.18181799999999992,1.0,0.0
1620,2025-04-05,J.League,FC東京,町田,1524,1513,11,1491,1504,-13,8,7,1,2,2,5,10,5,35,28,7,15,12,13,11,2,1,1,0.4347826086956521,0.4210526315789473,0.4166666666666667,0.3333333333333333,0.0833333333333333,0.5,0.6666666666666666,-0.1666666666666666,0.5833333333333334,0.6666666666666666,-0.0833333333333332,0.4830917874396135,0.4678362573099414,0.015255530129672,2.388461538461539,2.331818181818182,0.0566433566433568,11,5,7,0.015255530129672,0.0566433566433568,5.114379777354606,5,6,-1,1,2,-1,4,1,3,0,0,0,1,0,1,4,1620,1.1666666666666663,0.1666666666666666,0.2014515994686132,D,31377,0.60875,0.56375,1.0,11.0,18.0,0.57175,0.515417,0.909091,11.0,19.0,0.03700000000000003,0.04833299999999996,0.09090900000000002,0.0,-1.0
1620,2025-04-05,J.League,八戸,モンテディオ山形,1472,1495,-23,1489,1510,-21,3,5,-2,0,1,35,22,-13,10,20,-10,6,8,8,8,-2,0,-2,0.2,0.4285714285714285,0.2857142857142857,0.5,-0.2142857142857143,0.5714285714285714,0.6666666666666666,-0.0952380952380952,0.7142857142857143,0.5,0.2142857142857143,0.4444444444444444,0.4232804232804232,0.0211640211640212,1.6875,2.3625000000000003,-0.6750000000000003,23,13,10,0.0211640211640212,0.6750000000000003,11.439232804232804,1,3,-2,0,1,-1,1,0,1,0,2,-2,0,0,0,4,1620,1.238095238095238,0.0952380952380952,0.2142477636909872,A,,0.0,0.0,0.0,0.0,0.0,0.0,0.0,0.0,0.0,0.0,0.0,0.0,0.0,0.0,0.0
1620,2025-04-05,Cup/Other,サガン鳥栖,大分,1518,1500,18,1509,1500,9,6,0,6,1,0,29,0,-29,16,0,16,8,0,7,0,1,0,1,0.3636363636363636,0.0,0.5,0.0,0.5,1.0,0.0,1.0,0.5,0.0,0.5,0.5387205387205387,0.0,0.5387205387205387,2.1214285714285714,0.0,2.1214285714285714,18,29,16,0.5387205387205387,2.1214285714285714,14.082029822029822,4,0,4,1,0,1,1,0,1,0,0,0,0,0,0,4,1620,1.0,1.0,0.2539303717025979,A,,0.0,0.0,0.0,0.0,0.0,0.0,0.0,0.0,0.0,0.0,0.0,0.0,0.0,0.0,0.0
1620,2025-04-05,J.League,ジュビロ磐田,ヴァンフォーレ甲府,1476,1416,60,1491,1483,8,5,1,4,1,0,45,57,12,5,2,3,3,2,5,10,-2,-8,6,0.1666666666666666,0.0,0.25,0.0,0.25,0.5,0.3333333333333333,0.1666666666666666,0.75,1.0,-0.25,0.3703703703703703,0.1481481481481481,0.2222222222222222,1.62,1.35,0.27,60,12,3,0.2222222222222222,0.27,24.098444444444443,1,1,0,0,0,0,0,0,0,2,2,0,0,0,0,4,1620,0.8333333333333333,0.1666666666666666,0.1745794816735189,H,,0.0,0.0,0.0,0.0,0.0,0.0,0.0,0.0,0.0,0.0,0.0,0.0,0.0,0.0,0.0
1619,2025-03-29,J.League,横浜FC,湘南ベルマーレ,1430,1414,16,1488,1449,39,1,7,-6,0,2,29,37,8,15,9,6,7,5,14,16,-7,-11,4,0.2222222222222222,0.1111111111111111,0.375,0.1,0.275,0.5,0.2,0.3,0.625,0.9,-0.275,0.2880658436213991,0.205761316872428,0.0823045267489711,1.7357142857142858,1.5187500000000005,0.2169642857142855,16,8,6,0.0823045267489711,0.2169642857142855,7.659853762492651,1,4,-3,0,1,-1,1,2,-1,0,0,0,1,0,0,3,1619,0.7,0.3,0.1517337244378461,H,32465,0.588507,0.529364,0.181818,10.0,20.0,0.608618,0.527436,0.727273,9.0,20.0,-0.02011099999999999,0.0019279999999999298,-0.5454549999999999,1.0,0.0
1619,2025-03-29,J.League,ヴァンフォーレ甲府,大宮,1425,1519,-94,1457,1517,-60,1,7,-6,0,2,55,30,-25,3,13,-10,3,5,10,3,-7,2,-9,0.0,0.5714285714285714,0.0,0.6666666666666666,-0.6666666666666666,0.1666666666666666,1.0,-0.8333333333333334,1.0,0.3333333333333333,0.6666666666666667,0.2222222222222222,0.5291005291005291,-0.3068783068783068,1.35,3.1500000000000004,-1.8000000000000005,94,25,10,0.3068783068783068,1.8000000000000005,39.57137566137566,1,4,-3,0,1,-1,0,2,-2,1,0,1,0,0,0,3,1619,1.1666666666666667,0.8333333333333334,0.1669569012516947,A,,0.0,0.0,0.0,0.0,0.0,0.0,0.0,0.0,0.0,0.0,0.0,0.0,0.0,0.0,0.0
1619,2025-03-29,J.League,ブラウブリッツ秋田,ベガルタ仙台,1532,1522,10,1509,1518,-9,13,8,5,4,2,18,19,1,23,23,0,11,11,8,8,3,3,0,0.4285714285714285,0.4285714285714285,0.3333333333333333,0.5,-0.1666666666666666,0.8333333333333334,0.8333333333333334,0.0,0.6666666666666666,0.5,0.1666666666666666,0.582010582010582,0.582010582010582,0.0,2.3625000000000003,2.3625000000000003,0.0,10,1,0,0.0,0.0,3.75,9,5,4,3,1,2,5,4,1,0,0,0,0,1,0,3,1619,1.6666666666666667,0.0,0.2463484717828541,D,,0.0,0.0,0.0,0.0,0.0,0.0,0.0,0.0,0.0,0.0,0.0,0.0,0.0,0.0,0.0
1619,2025-03-29,J.League,富山,FC今治,1454,1517,-63,1467,1500,-33,8,8,0,2,2,38,28,-10,8,15,-7,4,7,9,5,-5,2,-7,0.1818181818181818,0.4444444444444444,0.0,0.5,-0.5,0.3333333333333333,0.5,-0.1666666666666666,1.0,0.5,0.5,0.2693602693602693,0.5761316872427983,-0.3067714178825289,1.65,2.43,-0.7800000000000002,63,10,7,0.3067714178825289,0.7800000000000002,24.767354283576505,7,4,3,2,1,1,4,1,3,0,0,0,0,0,0,3,1619,0.8333333333333333,0.1666666666666666,0.2072233417325721,D,,0.0,0.0,0.0,0.0,0.0,0.0,0.0,0.0,0.0,0.0,0.0,0.0,0.0,0.0,0.0
1619,2025-03-29,J.League,いわきFC,ジュビロ磐田,1491,1486,5,1485,1500,-15,7,5,2,2,1,32,46,14,12,5,7,6,3,7,4,-1,-1,0,0.3,0.2,0.1666666666666666,0.0,0.1666666666666666,0.5,1.0,-0.5,0.8333333333333334,1.0,-0.1666666666666666,0.4444444444444444,0.4444444444444444,0.0,1.9285714285714288,1.6875,0.2410714285714288,5,14,7,0.0,0.2410714285714288,5.298214285714286,4,2,2,1,0,1,1,0,1,0,1,-1,0,0,0,3,1619,1.5,0.5,0.2458093888651858,H,,0.0,0.0,0.0,0.0,0.0,0.0,0.0,0.0,0.0,0.0,0.0,0.0,0.0,0.0,0.0
1619,2025-03-29,J.League,藤枝MYFC,北海道コンサドーレ札幌,1510,1504,6,1500,1506,-6,9,6,3,2,2,33,21,-12,10,22,-12,6,8,5,7,1,1,0,0.2857142857142857,0.5,0.0,0.5,-0.5,1.0,0.625,0.375,1.0,0.5,0.5,0.6349206349206349,0.4232804232804232,0.2116402116402116,1.89,2.7,-0.81,6,12,12,0.2116402116402116,0.81,5.304328042328042,5,6,-1,1,2,-1,5,2,3,0,0,0,0,0,0,3,1619,1.625,0.375,0.2305398701991368,D,,0.0,0.0,0.0,0.0,0.0,0.0,0.0,0.0,0.0,0.0,0.0,0.0,0.0,0.0,0.0
1619,2025-03-29,J.League,モンテディオ山形,栃木シティ,1508,1492,16,1500,1509,-9,8,6,2,2,2,22,35,13,21,9,12,9,3,8,3,1,0,1,0.4285714285714285,0.5,0.4285714285714285,1.0,-0.5714285714285714,0.5714285714285714,1.0,-0.4285714285714286,0.5714285714285714,0.0,0.5714285714285714,0.4761904761904762,0.3703703703703703,0.1058201058201058,2.3625000000000003,2.7,-0.3374999999999999,16,13,12,0.1058201058201058,0.3374999999999999,8.938664021164021,4,3,1,1,1,0,0,1,-1,1,0,1,0,0,0,3,1619,1.5714285714285714,0.4285714285714286,0.167218592533648,A,,0.0,0.0,0.0,0.0,0.0,0.0,0.0,0.0,0.0,0.0,0.0,0.0,0.0,0.0,0.0
1619,2025-03-29,J.League,徳島ヴォルティス,高知,1528,1511,17,1523,1500,23,7,7,0,2,2,14,40,26,27,7,20,11,3,7,2,4,1,3,0.5333333333333333,0.5,0.5555555555555556,0.5,0.0555555555555555,0.7777777777777778,0.5,0.2777777777777778,0.4444444444444444,0.5,-0.0555555555555555,0.5432098765432098,0.5555555555555555,-0.0123456790123456,2.892857142857143,2.7,0.1928571428571426,17,26,20,0.0123456790123456,0.1928571428571426,12.491040564373897,3,4,-1,1,1,0,0,1,-1,2,0,2,0,0,0,3,1619,1.2777777777777777,0.2777777777777778,0.1964551853400158,H,,0.0,0.0,0.0,0.0,0.0,0.0,0.0,0.0,0.0,0.0,0.0,0.0,0.0,0.0,0.0
1619,2025-03-29,J.League,鳥取,サガン鳥栖,1486,1497,-11,1500,1484,16,3,6,-3,1,1,53,31,-22,3,13,-10,1,7,2,8,-1,-1,0,0.3333333333333333,0.2727272727272727,0.5,0.2222222222222222,0.2777777777777778,0.5,0.5555555555555556,-0.0555555555555555,0.5,0.7777777777777778,-0.2777777777777778,0.2469135802469135,0.4713804713804713,-0.2244668911335578,2.0250000000000004,1.85625,0.1687500000000001,11,22,10,0.2244668911335578,0.1687500000000001,9.428643378226711,3,2,1,1,0,1,0,0,0,2,1,1,0,0,0,3,1619,1.0555555555555556,0.0555555555555555,0.1850629424368801,A,,0.0,0.0,0.0,0.0,0.0,0.0,0.0,0.0,0.0,0.0,0.0,0.0,0.0,0.0,0.0
1619,2025-03-29,Cup/Other,滋賀,宮崎,1500,1513,-13,1500,1501,-1,0,6,-6,0,2,0,42,42,0,6,-6,0,2,0,1,0,1,-1,0.0,0.6666666666666666,0.0,0.5,-0.5,0.0,0.5,-0.5,0.0,0.5,-0.5,0.0,0.4938271604938271,-0.4938271604938271,0.0,4.050000000000001,-4.050000000000001,13,42,6,0.4938271604938271,4.050000000000001,15.958765432098769,0,6,-6,0,2,-2,0,2,-2,0,0,0,0,0,0,3,1619,0.5,0.5,0.1219296216127569,H,,0.0,0.0,0.0,0.0,0.0,0.0,0.0,0.0,0.0,0.0,0.0,0.0,0.0,0.0,0.0
1619,2025-03-29,Cup/Other,山口,大分,1543,1500,43,1517,1500,17,13,0,13,4,0,27,0,-27,15,0,15,7,0,3,0,4,0,4,0.5714285714285714,0.0,0.6666666666666666,0.0,0.6666666666666666,1.0,0.0,1.0,0.3333333333333333,0.0,0.3333333333333333,0.7407407407407407,0.0,0.7407407407407407,3.1500000000000004,0.0,3.1500000000000004,43,27,15,0.7407407407407407,3.1500000000000004,22.578148148148145,9,0,9,3,0,3,5,0,5,0,0,0,0,0,0,3,1619,1.0,1.0,0.235148325685134,H,,0.0,0.0,0.0,0.0,0.0,0.0,0.0,0.0,0.0,0.0,0.0,0.0,0.0,0.0,0.0
1619,2025-03-29,J.League,FC大阪,アルビレックス新潟,1489,1453,36,1500,1494,6,1,6,-5,0,2,57,26,-31,1,16,-15,1,6,2,12,-1,-6,5,0.0,0.2941176470588235,0.0,0.4444444444444444,-0.4444444444444444,0.0,0.4444444444444444,-0.4444444444444444,0.0,0.5555555555555556,-0.5555555555555556,0.3703703703703703,0.261437908496732,0.1089324618736383,1.35,1.9125,-0.5625,36,31,15,0.1089324618736383,0.5625,20.48428649237473,1,6,-5,0,2,-2,1,1,0,0,0,0,0,0,0,3,1619,0.4444444444444444,0.4444444444444444,0.1936517743110103,D,,0.0,0.0,0.0,0.0,0.0,0.0,0.0,0.0,0.0,0.0,0.0,0.0,0.0,0.0,0.0
1619,2025-03-29,J.League,八戸,相模原,1471,1523,-52,1489,1500,-11,2,7,-5,0,2,36,39,3,9,7,2,5,3,7,1,-2,2,-4,0.2222222222222222,0.6666666666666666,0.3333333333333333,0.0,0.3333333333333333,0.5,1.0,-0.5,0.6666666666666666,1.0,-0.3333333333333333,0.411522633744856,0.7407407407407407,-0.3292181069958847,1.7357142857142858,4.050000000000001,-2.314285714285715,52,3,2,0.3292181069958847,2.314285714285715,19.47870076425632,1,7,-6,0,2,-2,0,3,-3,2,0,2,0,0,0,3,1619,1.5,0.5,0.1991531904732307,D,,0.0,0.0,0.0,0.0,0.0,0.0,0.0,0.0,0.0,0.0,0.0,0.0,0.0,0.0,0.0
1618,2025-03-22,J.League,ファジアーノ岡山,V・ファーレン長崎,1457,1520,-63,1482,1493,-11,5,10,-5,1,3,21,24,3,20,18,2,10,8,15,7,-5,1,-6,0.25,0.4166666666666667,0.3333333333333333,0.25,0.0833333333333333,0.4444444444444444,0.625,-0.1805555555555555,0.6666666666666666,0.75,-0.0833333333333333,0.3703703703703703,0.4938271604938271,-0.1234567901234567,1.8,2.3142857142857145,-0.5142857142857145,63,3,2,0.1234567901234567,0.5142857142857145,22.92754850088183,4,6,-2,1,2,-1,0,1,-1,1,0,1,0,0,0,3,1618,1.0694444444444444,0.1805555555555555,0.2100429057644217,H,,0.0,0.0,0.0,0.0,0.0,0.0,0.0,0.0,0.0,0.0,0.0,0.0,0.0,0.0,0.0
1618,2025-03-22,J.League,清水エスパルス,サンフレッチェ広島,1486,1595,-109,1491,1524,-33,8,10,-2,2,3,14,2,-12,28,49,-21,12,19,14,7,-2,12,-14,0.3636363636363636,0.6818181818181818,0.3333333333333333,0.5454545454545454,-0.2121212121212121,0.5555555555555556,0.7272727272727273,-0.1717171717171717,0.6666666666666666,0.4545454545454545,0.2121212121212121,0.404040404040404,0.6397306397306397,-0.2356902356902357,2.1214285714285714,4.242857142857143,-2.1214285714285714,109,12,21,0.2356902356902357,2.1214285714285714,41.62142376142376,5,6,-1,1,2,-1,4,0,4,0,1,-1,0,1,1,3,1618,1.2828282828282829,0.1717171717171717,0.1640018519663508,A,31387,0.555,0.507292,0.818182,10.0,19.0,0.59375,0.55,0.909091,11.0,20.0,-0.03874999999999995,-0.04270800000000008,-0.09090900000000002,-1.0,-1.0
1618,2025-03-22,J.League,京都サンガF.C.,名古屋グランパス,1512,1458,54,1499,1480,19,6,7,-1,2,2,8,17,9,29,24,5,13,10,10,16,3,-6,9,0.4444444444444444,0.3043478260869565,0.3,0.2,0.0999999999999999,0.7,0.5,0.1999999999999999,0.7,0.8,-0.1,0.5349794238683128,0.322061191626409,0.2129182322419037,2.43,1.9406250000000005,0.4893749999999999,54,9,5,0.2129182322419037,0.4893749999999999,21.29045864644838,3,6,-3,1,2,-1,0,1,-1,2,0,2,1,0,0,3,1618,1.2,0.1999999999999999,0.1960866024503307,D,32306,0.549569,0.487672,0.636364,11.0,20.0,0.627076,0.539989,0.727273,11.0,20.0,-0.07750699999999999,-0.05231700000000006,-0.0909089999999999,0.0,0.0
1618,2025-03-22,J.League,川崎フロンターレ,横浜F・マリノス,1501,1551,-50,1493,1477,16,5,9,-4,1,3,13,3,-10,28,37,-9,14,13,14,9,0,4,-4,0.3333333333333333,0.5714285714285714,0.25,0.3636363636363636,-0.1136363636363636,0.6666666666666666,0.3636363636363636,0.303030303030303,0.75,0.6363636363636364,0.1136363636363636,0.4938271604938271,0.4585537918871252,0.0352733686067018,2.0250000000000004,3.1500000000000004,-1.125,50,10,9,0.0352733686067018,1.125,20.232054673721343,1,6,-5,0,2,-2,0,1,-1,1,0,1,1,0,0,3,1618,1.0303030303030305,0.303030303030303,0.1840314104811408,A,31409,0.432132,0.379993,0.454545,8.0,14.0,0.480356,0.419625,0.545455,8.0,18.0,-0.04822399999999999,-0.039632,-0.09091000000000005,0.0,-4.0
1618,2025-03-22,J.League,柏レイソル,水戸ホーリーホック,1502,1503,-1,1513,1506,7,3,6,-3,1,1,7,25,18,30,17,13,12,9,12,9,0,0,0,0.4285714285714285,0.3076923076923077,0.5454545454545454,0.4,0.1454545454545454,0.6363636363636364,0.7,-0.0636363636363636,0.4545454545454545,0.6,-0.1454545454545454,0.4232804232804232,0.5128205128205128,-0.0895400895400895,2.3625000000000003,1.95,0.4125000000000001,1,18,13,0.0895400895400895,0.4125000000000001,4.950408017908018,3,2,1,1,0,1,0,1,-1,2,0,2,0,0,0,3,1618,1.3363636363636364,0.0636363636363636,0.2170618504152799,H,,0.0,0.0,0.0,0.0,0.0,0.0,0.0,0.0,0.0,0.0,0.0,0.0,0.0,0.0,0.0
1618,2025-03-22,J.League,アビスパ福岡,ガンバ大阪,1476,1528,-52,1501,1502,-1,0,7,-7,0,2,10,4,-6,29,35,-6,13,15,14,11,-1,4,-5,0.3636363636363636,0.4761904761904761,0.4545454545454545,0.375,0.0795454545454545,0.6363636363636364,0.625,0.0113636363636363,0.5454545454545454,0.625,-0.0795454545454545,0.4377104377104377,0.5291005291005291,-0.0913900913900913,2.1214285714285714,2.577272727272727,-0.4558441558441557,52,6,6,0.0913900913900913,0.4558441558441557,19.809446849446847,0,3,-3,0,1,-1,0,0,0,5,1,4,1,0,0,3,1618,1.2613636363636362,0.0113636363636363,0.205756937855232,D,32520,0.705465,0.6064,0.909091,12.0,20.0,0.518528,0.457619,0.818182,9.0,20.0,0.18693700000000002,0.14878100000000005,0.09090900000000002,3.0,0.0
1618,2025-03-22,J.League,鹿島アントラーズ,ジェフユナイテッド千葉,1639,1510,129,1560,1492,68,12,5,7,4,1,1,22,21,55,19,36,21,9,5,8,16,1,15,0.7727272727272727,0.3846153846153846,0.75,0.2857142857142857,0.4642857142857143,0.9166666666666666,0.5714285714285714,0.3452380952380952,0.25,0.7142857142857143,-0.4642857142857143,0.7070707070707071,0.5128205128205128,0.1942501942501943,5.94,2.19375,3.74625,129,21,36,0.1942501942501943,3.74625,51.18810003885004,6,3,3,2,1,1,2,0,2,0,2,-2,0,0,0,3,1618,1.488095238095238,0.3452380952380952,0.1499770981627667,H,,0.0,0.0,0.0,0.0,0.0,0.0,0.0,0.0,0.0,0.0,0.0,0.0,0.0,0.0,0.0
1618,2025-03-22,J.League,セレッソ大阪,ヴィッセル神戸,1512,1523,-11,1509,1509,0,7,8,-1,2,2,9,19,10,29,23,6,13,11,13,9,0,2,-2,0.3809523809523809,0.4,0.3,0.375,-0.075,0.8,0.75,0.05,0.7,0.625,0.0749999999999999,0.4585537918871252,0.5432098765432098,-0.0846560846560846,2.180769230769231,2.2500000000000004,-0.0692307692307694,11,10,6,0.0846560846560846,0.0692307692307694,6.38077737077737,7,7,0,2,2,0,3,3,0,0,0,0,0,1,0,3,1618,1.55,0.05,0.226087391944181,D,32417,0.586632,0.516181,0.636364,11.0,19.0,0.619653,0.552114,0.727273,11.0,20.0,-0.03302099999999997,-0.03593299999999999,-0.0909089999999999,0.0,-1.0
1618,2025-03-22,J.League,浦和レッズ,町田,1481,1509,-28,1526,1494,32,4,7,-3,1,2,16,12,-4,24,28,-4,10,12,13,11,-3,1,-4,0.35,0.4210526315789473,0.7142857142857143,0.25,0.4642857142857143,0.7142857142857143,0.625,0.0892857142857143,0.2857142857142857,0.75,-0.4642857142857143,0.3703703703703703,0.4678362573099414,-0.097465886939571,2.076923076923077,2.331818181818182,-0.2548951048951049,28,4,4,0.097465886939571,0.2548951048951049,10.870472198366937,3,4,-1,1,1,0,0,0,0,1,1,0,1,0,0,3,1618,1.3392857142857144,0.0892857142857143,0.1901194845739633,A,32491,0.599125,0.519917,0.636364,11.0,19.0,0.570125,0.510075,0.545455,12.0,20.0,0.029000000000000026,0.009842000000000017,0.09090900000000002,-1.0,-1.0
1618,2025-03-22,J.League,東京ヴェルディ,FC東京,1532,1525,7,1524,1526,-2,10,10,0,3,3,6,5,-1,30,34,-4,12,14,10,12,2,2,0,0.4736842105263157,0.4545454545454545,0.5,0.5,0.0,0.75,0.8,-0.05,0.5,0.5,0.0,0.4678362573099414,0.4713804713804713,-0.0035442140705299,2.5650000000000004,2.4750000000000005,0.0899999999999998,7,1,4,0.0035442140705299,0.0899999999999998,2.718708842814105,6,7,-1,2,2,0,2,3,-1,0,0,0,0,0,0,3,1618,1.55,0.05,0.1863488281364283,D,32221,0.561306,0.517867,1.0,11.0,19.0,0.573292,0.506308,0.727273,11.0,20.0,-0.011986000000000052,0.011558999999999986,0.27272700000000005,0.0,-1.0
1618,2025-03-22,J.League,北海道コンサドーレ札幌,ヴァンフォーレ甲府,1488,1442,46,1491,1492,-1,6,2,4,2,0,23,47,24,19,6,13,7,4,8,9,-1,-5,4,0.4285714285714285,0.1,0.4,0.0,0.4,0.4,0.6666666666666666,-0.2666666666666666,0.6,1.0,-0.4,0.3703703703703703,0.2962962962962963,0.074074074074074,2.3625000000000003,1.5,0.8625000000000003,46,24,13,0.074074074074074,0.8625000000000003,22.287314814814813,3,1,2,1,0,1,1,1,0,0,0,0,1,0,0,3,1618,1.0666666666666669,0.2666666666666666,0.1725953157631301,H,,0.0,0.0,0.0,0.0,0.0,0.0,0.0,0.0,0.0,0.0,0.0,0.0,0.0,0.0,0.0
1618,2025-03-22,J.League,FC今治,徳島ヴォルティス,1512,1542,-30,1515,1518,-3,5,10,-5,1,3,28,11,-17,15,28,-13,7,12,5,7,2,5,-3,0.4444444444444444,0.5333333333333333,0.4285714285714285,0.5,-0.0714285714285714,0.8571428571428571,0.8333333333333334,0.0238095238095237,0.5714285714285714,0.5,0.0714285714285714,0.5761316872427983,0.5925925925925926,-0.0164609053497942,2.43,2.892857142857143,-0.4628571428571426,30,17,13,0.0164609053497942,0.4628571428571426,14.845863609641388,4,4,0,1,1,0,0,0,0,1,1,0,0,0,1,3,1618,1.6904761904761905,0.0238095238095237,0.2195629700689395,H,,0.0,0.0,0.0,0.0,0.0,0.0,0.0,0.0,0.0,0.0,0.0,0.0,0.0,0.0,0.0
1618,2025-03-22,J.League,ブラウブリッツ秋田,八戸,1530,1481,49,1508,1500,8,10,3,7,3,0,18,37,19,23,9,14,11,5,8,6,3,-1,4,0.4285714285714285,0.25,0.3333333333333333,0.0,0.3333333333333333,0.8333333333333334,1.0,-0.1666666666666666,0.6666666666666666,1.0,-0.3333333333333333,0.582010582010582,0.4629629629629629,0.119047619047619,2.3625000000000003,1.8,0.5625000000000002,49,19,14,0.119047619047619,0.5625000000000002,22.036309523809525,9,2,7,3,0,3,4,0,4,0,1,-1,0,0,0,3,1618,1.8333333333333333,0.1666666666666666,0.2510386645302322,H,,0.0,0.0,0.0,0.0,0.0,0.0,0.0,0.0,0.0,0.0,0.0,0.0,0.0,0.0,0.0
1617,2025-03-18,J.League,セレッソ大阪,ファジアーノ岡山,1496,1461,35,1494,1487,7,7,6,1,2,1,14,22,8,26,20,6,12,10,14,15,-2,-5,3,0.3333333333333333,0.25,0.2,0.2,0.0,0.7,0.6,0.0999999999999999,0.8,0.8,0.0,0.4232804232804232,0.3703703703703703,0.0529100529100528,2.0250000000000004,1.8,0.2250000000000003,35,8,6,0.0529100529100528,0.2250000000000003,14.305582010582013,4,5,-1,1,1,0,2,3,-1,0,0,0,1,0,0,3,1617,1.2999999999999998,0.0999999999999999,0.2074849791249362,H,32228,0.589076,0.521169,1.0,9.0,19.0,0.627183,0.556752,0.727273,13.0,20.0,-0.038107,-0.03558300000000003,0.27272700000000005,-4.0,-1.0
1617,2025-03-18,J.League,アビスパ福岡,清水エスパルス,1489,1467,22,1511,1477,34,1,8,-7,0,2,11,15,4,29,25,4,13,11,13,15,0,-4,4,0.3809523809523809,0.3181818181818182,0.5,0.3076923076923077,0.1923076923076923,0.7,0.4615384615384615,0.2384615384615384,0.5,0.6923076923076923,-0.1923076923076923,0.4585537918871252,0.3703703703703703,0.0881834215167548,2.180769230769231,1.98,0.2007692307692308,22,4,4,0.0881834215167548,0.2007692307692308,8.757790530457196,0,5,-5,0,1,-1,0,3,-3,4,0,4,1,0,0,3,1617,1.1615384615384614,0.2384615384615384,0.1992189891784342,A,32412,0.603222,0.507669,0.727273,11.0,20.0,0.658556,0.566858,0.818182,13.0,19.0,-0.055333999999999994,-0.059188999999999936,-0.09090900000000002,-2.0,1.0
1617,2025-03-18,J.League,ジェフユナイテッド千葉,FC東京,1524,1507,17,1526,1510,16,8,8,0,2,2,23,10,-13,19,31,-12,9,13,7,13,2,0,2,0.4166666666666667,0.4090909090909091,0.6,0.4,0.1999999999999999,1.0,0.7,0.3,0.4,0.6,-0.1999999999999999,0.5555555555555555,0.4377104377104377,0.1178451178451177,2.3142857142857145,2.2846153846153845,0.02967032967033,17,13,12,0.1178451178451177,0.02967032967033,9.229503089503089,4,4,0,1,1,0,0,2,-2,1,0,1,0,0,0,3,1617,1.7,0.3,0.2159742891784321,A,,0.0,0.0,0.0,0.0,0.0,0.0,0.0,0.0,0.0,0.0,0.0,0.0,0.0,0.0,0.0
1617,2025-03-18,J.League,名古屋グランパス,サンフレッチェ広島,1441,1618,-177,1466,1542,-76,5,13,-8,1,4,19,1,-18,22,52,-30,10,20,17,6,-7,14,-21,0.2608695652173913,0.7272727272727273,0.3076923076923077,0.6363636363636364,-0.3286713286713286,0.3846153846153846,0.8181818181818182,-0.4335664335664336,0.6923076923076923,0.3636363636363636,0.3286713286713286,0.322061191626409,0.6734006734006733,-0.3513394817742643,1.8264705882352943,4.950000000000001,-3.1235294117647068,177,18,30,0.3513394817742643,3.1235294117647068,67.14497377870778,4,7,-3,1,2,-1,0,5,-5,1,0,1,0,0,0,3,1617,1.202797202797203,0.4335664335664336,0.1468975866281521,H,32254,0.636076,0.579818,0.636364,12.0,20.0,0.549368,0.500281,0.636364,10.0,19.0,0.08670800000000001,0.07953699999999997,0.0,2.0,1.0
1617,2025-03-18,J.League,町田,鹿島アントラーズ,1525,1625,-100,1530,1552,-22,10,12,-2,3,4,7,2,-5,31,52,-21,13,20,10,6,3,14,-11,0.4736842105263157,0.7272727272727273,0.6363636363636364,0.7,-0.0636363636363636,0.7272727272727273,0.9,-0.1727272727272727,0.3636363636363636,0.3,0.0636363636363636,0.50682261208577,0.6734006734006733,-0.1665780613149033,2.5650000000000004,4.950000000000001,-2.3850000000000007,100,5,21,0.1665780613149033,2.3850000000000007,36.76031561226298,4,6,-2,1,2,-1,2,1,1,0,0,0,0,0,0,3,1617,1.6272727272727274,0.1727272727272727,0.1570469169387557,A,32351,0.668931,0.607736,0.909091,12.0,20.0,0.599604,0.526994,0.818182,10.0,20.0,0.06932700000000003,0.08074200000000009,0.09090900000000002,2.0,0.0
1616,2025-03-15,J.League,横浜F・マリノス,ジェフユナイテッド千葉,1548,1527,21,1550,1491,59,6,11,-5,2,3,4,21,17,38,19,19,14,9,10,7,4,2,2,0.5454545454545454,0.4166666666666667,0.7777777777777778,0.2857142857142857,0.4920634920634921,0.8888888888888888,0.5714285714285714,0.3174603174603174,0.2222222222222222,0.7142857142857143,-0.4920634920634921,0.4713804713804713,0.5555555555555555,-0.0841750841750841,2.97,2.3142857142857145,0.6557142857142857,21,17,19,0.0841750841750841,0.6557142857142857,11.747977873977874,6,5,1,2,1,1,0,5,-5,1,0,1,0,0,0,3,1616,1.4603174603174602,0.3174603174603174,0.1943340404088646,H,,0.0,0.0,0.0,0.0,0.0,0.0,0.0,0.0,0.0,0.0,0.0,0.0,0.0,0.0,0.0
1616,2025-03-15,J.League,名古屋グランパス,ヴィッセル神戸,1457,1517,-60,1474,1500,-26,8,6,2,2,1,13,14,1,25,24,1,11,12,16,10,-5,2,-7,0.3043478260869565,0.375,0.3333333333333333,0.25,0.0833333333333333,0.4166666666666667,0.75,-0.3333333333333333,0.6666666666666666,0.75,-0.0833333333333333,0.3542673107890499,0.5555555555555555,-0.2012882447665056,1.9406250000000005,2.16,-0.2193749999999998,60,1,1,0.2012882447665056,0.2193749999999998,21.3341326489533,4,4,0,1,1,0,2,2,0,0,0,0,0,0,0,3,1616,1.1666666666666667,0.3333333333333333,0.2218687832870053,A,31374,0.59575,0.542917,0.636364,11.0,18.0,0.48825,0.472083,0.818182,9.0,17.0,0.10749999999999998,0.07083400000000001,-0.18181799999999992,2.0,1.0
1616,2025-03-15,J.League,水戸ホーリーホック,FC東京,1513,1512,1,1491,1510,-19,5,7,-2,1,2,22,7,-15,19,33,-14,9,13,8,12,1,1,0,0.3846153846153846,0.4545454545454545,0.0,0.4444444444444444,-0.4444444444444444,0.5,0.6666666666666666,-0.1666666666666666,1.0,0.5555555555555556,0.4444444444444444,0.5128205128205128,0.4377104377104377,0.075110075110075,2.19375,2.4750000000000005,-0.2812500000000004,1,15,14,0.075110075110075,0.2812500000000004,4.171272015022015,2,6,-4,0,2,-2,0,1,-1,1,0,1,0,0,0,3,1616,1.1666666666666663,0.1666666666666666,0.2035899526716322,D,,0.0,0.0,0.0,0.0,0.0,0.0,0.0,0.0,0.0,0.0,0.0,0.0,0.0,0.0,0.0
1616,2025-03-15,J.League,京都サンガF.C.,セレッソ大阪,1537,1482,55,1522,1486,36,6,5,1,2,1,6,19,13,35,23,12,15,11,9,14,6,-3,9,0.5263157894736842,0.3,0.4545454545454545,0.4,0.0545454545454545,0.8181818181818182,0.4,0.4181818181818182,0.5454545454545454,0.6,-0.0545454545454545,0.5847953216374269,0.4074074074074074,0.1773879142300194,2.8500000000000005,1.9285714285714288,0.9214285714285716,55,13,12,0.1773879142300194,0.9214285714285716,22.71976329713172,3,1,2,1,0,1,0,1,-1,1,0,1,1,0,0,3,1616,1.2181818181818185,0.4181818181818182,0.2076315025788351,A,32287,0.558278,0.495872,0.545455,9.0,19.0,0.56835,0.513303,0.363636,10.0,19.0,-0.01007199999999997,-0.017430999999999974,0.181819,-1.0,0.0
1616,2025-03-15,J.League,サンフレッチェ広島,ガンバ大阪,1602,1537,65,1553,1510,43,13,8,5,4,2,2,3,1,49,38,11,19,16,7,11,12,5,7,0.6818181818181818,0.5,0.7272727272727273,0.4444444444444444,0.2828282828282829,0.9090909090909092,0.6666666666666666,0.2424242424242424,0.2727272727272727,0.5555555555555556,-0.2828282828282829,0.6397306397306397,0.5387205387205387,0.101010101010101,4.242857142857143,2.7,1.5428571428571427,65,1,11,0.101010101010101,1.5428571428571427,23.32877344877345,7,6,1,2,2,0,5,1,4,0,0,0,1,0,0,3,1616,1.5757575757575757,0.2424242424242424,0.1697333217249597,H,32409,0.574819,0.512147,0.727273,11.0,19.0,0.633993,0.555197,0.727273,11.0,20.0,-0.05917400000000006,-0.04305000000000003,0.0,0.0,-1.0
1616,2025-03-15,J.League,柏レイソル,町田,1526,1520,6,1530,1493,37,3,7,-4,1,2,5,8,3,36,31,5,14,13,11,10,3,3,0,0.5,0.4736842105263157,0.6363636363636364,0.25,0.3863636363636363,0.7272727272727273,0.625,0.1022727272727272,0.3636363636363636,0.75,-0.3863636363636363,0.4713804713804713,0.50682261208577,-0.0354421407052986,2.7,2.5650000000000004,0.1349999999999998,6,3,5,0.0354421407052986,0.1349999999999998,2.88408842814106,3,4,-1,1,1,0,0,1,-1,1,0,1,0,0,0,3,1616,1.3522727272727273,0.1022727272727272,0.1857900293377602,A,32523,0.672444,0.585914,0.727273,12.0,20.0,0.66316,0.588001,0.818182,11.0,20.0,0.00928400000000007,-0.00208699999999995,-0.09090900000000002,1.0,0.0
1616,2025-03-15,J.League,清水エスパルス,ファジアーノ岡山,1462,1454,8,1484,1480,4,7,6,1,2,1,18,23,5,24,19,5,10,9,15,15,-5,-6,1,0.3181818181818182,0.25,0.3333333333333333,0.2,0.1333333333333333,0.4444444444444444,0.5,-0.0555555555555555,0.6666666666666666,0.8,-0.1333333333333334,0.3367003367003366,0.3333333333333333,0.0033670033670033,1.98,1.8,0.1800000000000001,8,5,5,0.0033670033670033,0.1800000000000001,4.086673400673401,4,4,0,1,1,0,2,2,0,0,0,0,0,0,0,3,1616,0.9444444444444444,0.0555555555555555,0.177252895434954,D,32525,0.624896,0.525558,0.545455,10.0,20.0,0.696743,0.624353,0.636364,12.0,20.0,-0.071847,-0.09879500000000008,-0.09090900000000002,-2.0,0.0
1616,2025-03-15,J.League,鹿島アントラーズ,川崎フロンターレ,1623,1510,113,1560,1510,50,12,5,7,4,1,1,10,9,52,31,21,20,15,6,14,14,1,13,0.7272727272727273,0.3636363636363636,0.75,0.4444444444444444,0.3055555555555556,0.9166666666666666,0.6666666666666666,0.25,0.25,0.5555555555555556,-0.3055555555555556,0.6734006734006733,0.505050505050505,0.1683501683501683,4.950000000000001,2.1214285714285714,2.8285714285714296,113,9,21,0.1683501683501683,2.8285714285714296,42.39938431938432,6,2,4,2,0,2,0,1,-1,1,0,1,0,0,1,3,1616,1.5833333333333333,0.25,0.1666473049706013,H,32304,0.662354,0.604242,0.727273,12.0,20.0,0.564417,0.465819,0.636364,9.0,20.0,0.09793700000000005,0.13842299999999996,0.0909089999999999,3.0,0.0
1616,2025-03-15,J.League,東京ヴェルディ,浦和レッズ,1529,1492,37,1523,1463,60,10,4,6,3,1,9,17,8,31,24,7,13,10,11,12,2,-2,4,0.45,0.3684210526315789,0.5,0.1666666666666666,0.3333333333333333,0.75,0.4166666666666667,0.3333333333333333,0.5,0.8333333333333334,-0.3333333333333333,0.4814814814814814,0.3898635477582846,0.0916179337231968,2.4545454545454546,2.1375,0.3170454545454544,37,8,7,0.0916179337231968,0.3170454545454544,15.031732677653729,4,3,1,1,1,0,1,1,0,0,0,0,0,1,0,3,1616,1.1666666666666667,0.3333333333333333,0.1897468270255421,H,32462,0.585653,0.526358,0.545455,10.0,20.0,0.62113,0.554598,0.545455,11.0,20.0,-0.03547699999999998,-0.028240000000000043,0.0,-1.0,0.0
1616,2025-03-15,J.League,V・ファーレン長崎,アビスパ福岡,1517,1500,17,1510,1495,15,10,4,6,3,1,24,11,-13,18,30,-12,8,14,7,13,1,1,0,0.4166666666666667,0.3809523809523809,0.6666666666666666,0.3,0.3666666666666666,0.6666666666666666,0.6,0.0666666666666666,0.3333333333333333,0.7,-0.3666666666666666,0.4938271604938271,0.4938271604938271,0.0,2.3142857142857145,2.180769230769231,0.1335164835164835,17,13,12,0.0,0.1335164835164835,9.226703296703295,6,0,6,2,0,2,0,0,0,1,3,-2,0,0,0,3,1616,1.2666666666666666,0.0666666666666666,0.219715300820533,H,,0.0,0.0,0.0,0.0,0.0,0.0,0.0,0.0,0.0,0.0,0.0,0.0,0.0,0.0,0.0
1616,2025-03-15,J.League,八戸,栃木シティ,1493,1478,15,1497,1500,-3,3,6,-3,0,2,37,47,10,9,6,3,5,2,5,3,0,-1,1,0.2857142857142857,0.4,0.4,0.0,0.4,0.6,0.0,0.6,0.6,0.0,0.6,0.5291005291005291,0.2962962962962963,0.2328042328042328,1.89,2.2500000000000004,-0.3600000000000003,15,10,3,0.2328042328042328,0.3600000000000003,7.868560846560847,2,0,2,0,0,0,2,0,2,0,3,-3,0,0,0,3,1616,0.6,0.6,0.1993663982504831,A,,0.0,0.0,0.0,0.0,0.0,0.0,0.0,0.0,0.0,0.0,0.0,0.0,0.0,0.0,0.0
1616,2025-03-15,Cup/Other,宮崎,大分,1514,1500,14,1509,1500,9,7,0,7,2,0,40,0,-40,7,0,7,3,0,2,0,1,0,1,0.5,0.0,1.0,0.0,1.0,1.0,0.0,1.0,0.0,0.0,0.0,0.5555555555555555,0.0,0.5555555555555555,2.7,0.0,2.7,14,40,7,0.5555555555555555,2.7,15.551111111111108,6,0,6,2,0,2,2,0,2,0,0,0,0,0,0,3,1616,1.0,1.0,0.2057536963651551,H,,0.0,0.0,0.0,0.0,0.0,0.0,0.0,0.0,0.0,0.0,0.0,0.0,0.0,0.0,0.0
1616,2025-03-15,J.League,ジュビロ磐田,北海道コンサドーレ札幌,1509,1474,35,1509,1490,19,8,4,4,2,1,39,27,-12,8,16,-8,4,6,3,8,1,-2,3,0.4,0.3846153846153846,0.5,0.375,0.125,0.75,0.5,0.25,0.5,0.625,-0.125,0.5925925925925926,0.3418803418803419,0.2507122507122507,2.2500000000000004,2.19375,0.0562500000000003,35,12,8,0.2507122507122507,0.0562500000000003,15.311392450142453,5,0,5,1,0,1,3,0,3,0,3,-3,1,0,0,3,1616,1.25,0.25,0.2102845358130752,A,,0.0,0.0,0.0,0.0,0.0,0.0,0.0,0.0,0.0,0.0,0.0,0.0,0.0,0.0,0.0
1615,2025-03-12,Unknown,ｱﾀﾗﾝﾀ,ﾊﾞｲｴﾙﾝ,1500,1500,0,1500,1500,0,0,0,0,0,0,0,0,0,0,0,0,0,0,0,0,0,0,0,0.0,0.0,0.0,0.0,0.0,0.0,0.0,0.0,0.0,0.0,0.0,0.0,0.0,0.0,0.0,0.0,0.0,0,0,0,0.0,0.0,0.0,0,0,0,0,0,0,0,0,0,0,0,0,0,0,0,3,1615,0.0,0.0,0.0,H,,0.0,0.0,0.0,0.0,0.0,0.0,0.0,0.0,0.0,0.0,0.0,0.0,0.0,0.0,0.0
1615,2025-03-12,Unknown,Aﾏﾄﾞﾘｰ,ﾄﾃﾅﾑ,1500,1500,0,1500,1500,0,0,0,0,0,0,0,0,0,0,0,0,0,0,0,0,0,0,0,0.0,0.0,0.0,0.0,0.0,0.0,0.0,0.0,0.0,0.0,0.0,0.0,0.0,0.0,0.0,0.0,0.0,0,0,0,0.0,0.0,0.0,0,0,0,0,0,0,0,0,0,0,0,0,0,0,0,3,1615,0.0,0.0,0.0,A,,0.0,0.0,0.0,0.0,0.0,0.0,0.0,0.0,0.0,0.0,0.0,0.0,0.0,0.0,0.0
1615,2025-03-12,Unknown,ｸﾞﾘﾑﾄ,ｽﾎﾟﾙﾃｨ,1500,1500,0,1500,1500,0,0,0,0,0,0,0,0,0,0,0,0,0,0,0,0,0,0,0,0.0,0.0,0.0,0.0,0.0,0.0,0.0,0.0,0.0,0.0,0.0,0.0,0.0,0.0,0.0,0.0,0.0,0,0,0,0.0,0.0,0.0,0,0,0,0,0,0,0,0,0,0,0,0,0,0,0,3,1615,0.0,0.0,0.0,H,,0.0,0.0,0.0,0.0,0.0,0.0,0.0,0.0,0.0,0.0,0.0,0.0,0.0,0.0,0.0
1615,2025-03-12,Unknown,ﾊﾟﾘSG,ﾁｪﾙｼｰ,1500,1500,0,1500,1500,0,0,0,0,0,0,0,0,0,0,0,0,0,0,0,0,0,0,0,0.0,0.0,0.0,0.0,0.0,0.0,0.0,0.0,0.0,0.0,0.0,0.0,0.0,0.0,0.0,0.0,0.0,0,0,0,0.0,0.0,0.0,0,0,0,0,0,0,0,0,0,0,0,0,0,0,0,3,1615,0.0,0.0,0.0,H,,0.0,0.0,0.0,0.0,0.0,0.0,0.0,0.0,0.0,0.0,0.0,0.0,0.0,0.0,0.0
1615,2025-03-12,Unknown,Rﾏﾄﾞﾘｰ,ﾏﾝC,1500,1500,0,1500,1500,0,0,0,0,0,0,0,0,0,0,0,0,0,0,0,0,0,0,0,0.0,0.0,0.0,0.0,0.0,0.0,0.0,0.0,0.0,0.0,0.0,0.0,0.0,0.0,0.0,0.0,0.0,0,0,0,0.0,0.0,0.0,0,0,0,0,0,0,0,0,0,0,0,0,0,0,0,3,1615,0.0,0.0,0.0,H,,0.0,0.0,0.0,0.0,0.0,0.0,0.0,0.0,0.0,0.0,0.0,0.0,0.0,0.0,0.0
1614,2025-03-08,J.League,ジェフユナイテッド千葉,柏レイソル,1515,1536,-21,1518,1502,16,9,6,3,2,2,27,5,-22,16,37,-21,8,15,7,11,1,4,-3,0.3636363636363636,0.5,0.5,0.4,0.0999999999999999,1.0,0.6,0.4,0.5,0.6,-0.0999999999999999,0.5387205387205387,0.505050505050505,0.0336700336700337,2.1214285714285714,2.7,-0.5785714285714287,21,22,21,0.0336700336700337,0.5785714285714287,12.972448292448291,5,3,2,1,1,0,5,1,4,0,0,0,0,0,0,3,1614,1.6,0.4,0.216481356131793,H,,0.0,0.0,0.0,0.0,0.0,0.0,0.0,0.0,0.0,0.0,0.0,0.0,0.0,0.0,0.0
1614,2025-03-08,J.League,鹿島アントラーズ,東京ヴェルディ,1633,1506,127,1571,1479,92,15,7,8,5,2,1,12,11,52,28,24,20,12,6,12,14,0,14,0.7272727272727273,0.4,0.8181818181818182,0.25,0.5681818181818182,1.0,0.375,0.625,0.1818181818181818,0.75,-0.5681818181818181,0.6734006734006733,0.4444444444444444,0.2289562289562289,4.950000000000001,2.2500000000000004,2.7000000000000006,127,11,24,0.2289562289562289,2.7000000000000006,47.78579124579124,9,4,5,3,1,2,5,0,5,0,1,-1,1,0,0,3,1614,1.375,0.625,0.1552541100602932,A,31376,0.5485,0.4975,0.727273,10.0,18.0,0.51425,0.47375,0.636364,9.0,17.0,0.03425,0.023749999999999993,0.0909089999999999,1.0,1.0
1614,2025-03-08,J.League,アビスパ福岡,名古屋グランパス,1509,1442,67,1514,1476,38,7,5,2,2,1,9,18,9,30,23,7,14,11,13,17,1,-6,7,0.3809523809523809,0.2608695652173913,0.4545454545454545,0.2,0.2545454545454545,0.7272727272727273,0.5,0.2272727272727273,0.5454545454545454,0.8,-0.2545454545454546,0.4938271604938271,0.3542673107890499,0.1395598497047772,2.180769230769231,1.8264705882352943,0.3542986425339367,67,9,7,0.1395598497047772,0.3542986425339367,25.79877169844774,1,2,-1,0,0,0,0,1,-1,2,0,2,1,0,0,3,1614,1.2272727272727273,0.2272727272727273,0.2116352766642971,A,32315,0.584389,0.522761,0.636364,12.0,19.0,0.594354,0.506283,0.818182,11.0,20.0,-0.009965000000000002,0.016477999999999993,-0.18181799999999992,1.0,-1.0
1614,2025-03-08,J.League,ファジアーノ岡山,京都サンガF.C.,1446,1552,-106,1465,1532,-67,3,7,-4,0,2,23,6,-17,19,36,-17,9,16,15,9,-6,7,-13,0.25,0.5263157894736842,0.2222222222222222,0.625,-0.4027777777777778,0.3333333333333333,0.875,-0.5416666666666667,0.7777777777777778,0.375,0.4027777777777778,0.3333333333333333,0.6237816764132553,-0.290448343079922,1.8,2.8500000000000005,-1.0500000000000005,106,17,17,0.290448343079922,1.0500000000000005,41.61808966861598,2,6,-4,0,2,-2,1,1,0,0,0,0,0,0,1,3,1614,1.2083333333333333,0.5416666666666667,0.205826758509836,H,31365,0.0,0.0,0.0,0.0,0.0,0.0,0.0,0.0,0.0,0.0,0.0,0.0,0.0,0.0,0.0
1614,2025-03-08,J.League,ガンバ大阪,V・ファーレン長崎,1532,1537,-5,1526,1516,10,8,10,-2,2,3,3,19,16,38,21,17,16,9,11,6,5,3,2,0.5,0.5,0.5384615384615384,0.4444444444444444,0.094017094017094,0.7692307692307693,0.7777777777777778,-0.0085470085470085,0.4615384615384615,0.5555555555555556,-0.094017094017094,0.5387205387205387,0.5555555555555555,-0.0168350168350167,2.7,2.7,0.0,5,16,17,0.0168350168350167,0.0,5.753367003367004,4,7,-3,1,2,-1,0,4,-4,1,0,1,0,0,0,3,1614,1.547008547008547,0.0085470085470085,0.2026399685702291,H,,0.0,0.0,0.0,0.0,0.0,0.0,0.0,0.0,0.0,0.0,0.0,0.0,0.0,0.0,0.0
1614,2025-03-08,J.League,FC東京,横浜F・マリノス,1493,1555,-62,1489,1495,-6,7,9,-2,2,3,10,4,-6,30,38,-8,12,14,13,10,-1,4,-5,0.4090909090909091,0.5454545454545454,0.4166666666666667,0.4166666666666667,0.0,0.5,0.5,0.0,0.5833333333333334,0.5833333333333334,0.0,0.404040404040404,0.4713804713804713,-0.0673400673400673,2.2846153846153845,2.97,-0.6853846153846157,62,6,8,0.0673400673400673,0.6853846153846157,23.35054493654493,4,6,-2,1,2,-1,0,2,-2,1,0,1,0,0,1,3,1614,1.0,0.0,0.1665972010556288,H,32461,0.656646,0.584758,0.454545,15.0,20.0,0.615292,0.544183,0.454545,11.0,20.0,0.041354,0.04057500000000003,0.0,4.0,0.0
1614,2025-03-08,J.League,浦和レッズ,水戸ホーリーホック,1479,1525,-46,1517,1522,-5,4,5,-1,1,1,21,22,1,21,19,2,9,9,12,7,-3,2,-5,0.3333333333333333,0.4166666666666667,0.6666666666666666,0.5,0.1666666666666666,0.6666666666666666,0.8,-0.1333333333333334,0.3333333333333333,0.5,-0.1666666666666666,0.3703703703703703,0.5555555555555555,-0.1851851851851851,2.0250000000000004,2.3142857142857145,-0.2892857142857141,46,1,2,0.1851851851851851,0.2892857142857141,16.444894179894177,1,5,-4,0,1,-1,0,3,-3,2,0,2,0,0,0,3,1614,1.4666666666666668,0.1333333333333334,0.2133771890518236,H,,0.0,0.0,0.0,0.0,0.0,0.0,0.0,0.0,0.0,0.0,0.0,0.0,0.0,0.0,0.0
1614,2025-03-08,J.League,セレッソ大阪,清水エスパルス,1490,1461,29,1501,1476,25,4,6,-2,1,2,14,16,2,25,24,1,11,10,13,15,-2,-5,3,0.35,0.3181818181818182,0.3,0.3076923076923077,-0.0076923076923077,0.7,0.4615384615384615,0.2384615384615384,0.7,0.6923076923076923,0.0076923076923076,0.4074074074074074,0.3367003367003366,0.0707070707070707,2.076923076923077,1.98,0.0969230769230768,29,2,1,0.0707070707070707,0.0969230769230768,10.683526029526028,3,6,-3,1,2,-1,0,1,-1,2,0,2,1,0,0,3,1614,1.1615384615384614,0.2384615384615384,0.1834122532702203,D,32339,0.633792,0.552183,0.818182,12.0,20.0,0.630556,0.561625,1.0,13.0,19.0,0.0032360000000000166,-0.009442000000000061,-0.18181800000000004,-1.0,1.0
1614,2025-03-08,J.League,ベガルタ仙台,湘南ベルマーレ,1518,1401,117,1501,1440,61,8,6,2,2,2,17,37,20,23,9,14,11,5,9,17,2,-12,14,0.4,0.1052631578947368,0.375,0.1,0.275,0.625,0.1,0.525,0.625,0.9,-0.275,0.5432098765432098,0.1949317738791423,0.3482781026640675,2.2500000000000004,1.508823529411765,0.7411764705882355,117,20,14,0.3482781026640675,0.7411764705882355,46.16789091465046,7,3,4,2,1,1,3,1,2,0,0,0,0,0,0,3,1614,0.725,0.525,0.1963704886909109,D,,0.0,0.0,0.0,0.0,0.0,0.0,0.0,0.0,0.0,0.0,0.0,0.0,0.0,0.0,0.0
1614,2025-03-08,J.League,藤枝MYFC,ジュビロ磐田,1521,1508,13,1500,1500,0,9,7,2,2,2,32,39,7,13,7,6,7,3,5,2,2,1,1,0.375,0.5,0.0,0.0,0.0,1.0,0.0,1.0,1.0,0.0,1.0,0.6481481481481481,0.5555555555555555,0.0925925925925926,2.16,2.7,-0.54,13,7,6,0.0925925925925926,0.54,6.426518518518518,5,4,1,1,1,0,5,2,3,0,0,0,0,0,0,3,1614,1.0,1.0,0.2476705630961716,D,,0.0,0.0,0.0,0.0,0.0,0.0,0.0,0.0,0.0,0.0,0.0,0.0,0.0,0.0,0.0
1614,2025-03-08,J.League,八戸,横浜FC,1497,1407,90,1499,1446,53,5,0,5,1,0,38,31,-7,8,14,-6,4,6,4,16,0,-10,10,0.3333333333333333,0.2,0.5,0.1,0.4,0.5,0.2,0.3,0.5,0.9,-0.4,0.4938271604938271,0.2222222222222222,0.2716049382716048,2.0250000000000004,1.6875,0.3375000000000003,90,7,6,0.2716049382716048,0.3375000000000003,33.371820987654324,2,0,2,0,0,0,1,0,1,0,5,-5,0,0,0,3,1614,0.7,0.3,0.1928700594505331,D,,0.0,0.0,0.0,0.0,0.0,0.0,0.0,0.0,0.0,0.0,0.0,0.0,0.0,0.0,0.0
1614,2025-03-08,J.League,モンテディオ山形,ブラウブリッツ秋田,1513,1501,12,1494,1508,-14,8,8,0,2,2,15,20,5,24,21,3,10,11,9,11,1,0,1,0.4375,0.3125,0.375,0.375,0.0,0.5,0.75,-0.25,0.625,0.625,0.0,0.4629629629629629,0.5092592592592592,-0.0462962962962962,2.4000000000000004,1.963636363636364,0.4363636363636365,12,5,3,0.0462962962962962,0.4363636363636365,5.546531986531986,5,7,-2,1,2,-1,4,3,1,0,0,0,1,0,0,3,1614,1.25,0.25,0.2227958201883799,A,,0.0,0.0,0.0,0.0,0.0,0.0,0.0,0.0,0.0,0.0,0.0,0.0,0.0,0.0,0.0
1614,2025-03-08,J.League,いわきFC,大宮,1497,1511,-14,1492,1510,-18,6,9,-3,2,3,30,34,4,15,12,3,7,4,7,3,0,1,-1,0.3636363636363636,0.5714285714285714,0.2857142857142857,0.6666666666666666,-0.3809523809523809,0.5714285714285714,0.6666666666666666,-0.0952380952380952,0.7142857142857143,0.3333333333333333,0.380952380952381,0.4713804713804713,0.4232804232804232,0.0481000481000481,2.1214285714285714,3.1500000000000004,-1.028571428571429,14,4,3,0.0481000481000481,1.028571428571429,6.115334295334295,6,6,0,2,2,0,0,1,-1,1,0,1,0,0,0,3,1614,1.238095238095238,0.0952380952380952,0.1697156493677968,D,,0.0,0.0,0.0,0.0,0.0,0.0,0.0,0.0,0.0,0.0,0.0,0.0,0.0,0.0,0.0
1613,2025-03-01,J.League,横浜F・マリノス,東京ヴェルディ,1540,1510,30,1535,1487,48,9,7,2,3,2,6,14,8,35,28,7,13,12,11,12,2,0,2,0.5,0.4,0.6666666666666666,0.2857142857142857,0.3809523809523809,0.7777777777777778,0.4285714285714285,0.3492063492063492,0.3333333333333333,0.7142857142857143,-0.380952380952381,0.4377104377104377,0.4444444444444444,-0.0067340067340067,2.7,2.2500000000000004,0.4499999999999997,30,8,7,0.0067340067340067,0.4499999999999997,12.591346801346802,3,7,-4,1,2,-1,1,3,-2,0,0,0,0,0,1,3,1613,1.2063492063492065,0.3492063492063492,0.1782095073139698,H,32231,0.556757,0.502672,0.545455,11.0,20.0,0.610771,0.563756,0.818182,12.0,19.0,-0.054014000000000006,-0.06108400000000003,-0.27272699999999994,-1.0,1.0
1613,2025-03-01,J.League,ガンバ大阪,清水エスパルス,1548,1445,103,1537,1466,71,8,3,5,2,1,3,17,14,39,22,17,17,10,11,16,6,-6,12,0.5,0.2727272727272727,0.5833333333333334,0.25,0.3333333333333333,0.8333333333333334,0.4166666666666667,0.4166666666666667,0.4166666666666667,0.75,-0.3333333333333333,0.5723905723905723,0.3367003367003366,0.2356902356902356,2.7,1.85625,0.84375,103,14,17,0.2356902356902356,0.84375,39.76588804713805,5,3,2,1,1,0,4,0,4,0,1,-1,0,1,0,3,1613,1.25,0.4166666666666667,0.1995217463739416,A,31406,0.554583,0.485724,0.727273,10.0,19.0,0.575912,0.509861,0.909091,10.0,20.0,-0.02132899999999993,-0.02413700000000002,-0.18181800000000004,0.0,-1.0
1613,2025-03-01,J.League,V・ファーレン長崎,セレッソ大阪,1527,1507,20,1501,1501,0,8,7,1,2,2,23,13,-10,18,28,-10,8,12,6,12,2,0,2,0.4545454545454545,0.4,0.5,0.5,0.0,0.5,0.5,0.0,0.5,0.5,0.0,0.5387205387205387,0.4444444444444444,0.0942760942760942,2.4750000000000005,2.2500000000000004,0.2250000000000001,20,10,10,0.0942760942760942,0.2250000000000001,9.56385521885522,7,4,3,2,1,1,3,0,3,0,1,-1,0,0,0,3,1613,1.0,0.0,0.2080728414562618,H,,0.0,0.0,0.0,0.0,0.0,0.0,0.0,0.0,0.0,0.0,0.0,0.0,0.0,0.0,0.0
1613,2025-03-01,J.League,ファジアーノ岡山,名古屋グランパス,1441,1436,5,1457,1469,-12,3,4,-1,0,1,25,18,-7,18,22,-4,8,10,15,17,-7,-7,0,0.25,0.2608695652173913,0.2222222222222222,0.2,0.0222222222222222,0.2222222222222222,0.4,-0.1777777777777778,0.7777777777777778,0.8,-0.0222222222222222,0.2962962962962963,0.322061191626409,-0.0257648953301127,1.8,1.8264705882352943,-0.0264705882352942,5,7,4,0.0257648953301127,0.0264705882352942,3.5104470967130816,2,4,-2,0,1,-1,0,0,0,1,1,0,0,0,1,3,1613,0.6222222222222222,0.1777777777777778,0.1705075009235104,D,32438,0.549674,0.460518,0.545455,9.0,20.0,0.558319,0.508539,0.909091,11.0,20.0,-0.008645000000000014,-0.04802099999999998,-0.36363599999999996,-2.0,0.0
1613,2025-03-01,J.League,川崎フロンターレ,水戸ホーリーホック,1510,1525,-15,1492,1523,-31,5,7,-2,1,2,9,24,15,33,18,15,15,8,14,6,1,2,-1,0.391304347826087,0.4545454545454545,0.3076923076923077,0.5555555555555556,-0.2478632478632478,0.6153846153846154,0.7777777777777778,-0.1623931623931623,0.6923076923076923,0.4444444444444444,0.2478632478632478,0.4830917874396135,0.5387205387205387,-0.0556287512809252,2.217857142857143,2.4750000000000005,-0.2571428571428575,15,15,15,0.0556287512809252,0.2571428571428575,9.062554321684756,4,4,0,1,1,0,0,2,-2,1,0,1,0,0,0,3,1613,1.393162393162393,0.1623931623931623,0.2177331467250641,D,,0.0,0.0,0.0,0.0,0.0,0.0,0.0,0.0,0.0,0.0,0.0,0.0,0.0,0.0,0.0
1613,2025-03-01,J.League,浦和レッズ,鹿島アントラーズ,1485,1625,-140,1526,1536,-10,4,15,-11,1,5,20,2,-18,21,50,-29,9,20,11,7,-2,13,-15,0.3529411764705882,0.6818181818181818,0.8,0.6,0.2,0.8,0.8,0.0,0.2,0.4,-0.2,0.392156862745098,0.6734006734006733,-0.2812438106555753,2.0863636363636364,4.242857142857143,-2.1564935064935065,140,18,29,0.2812438106555753,2.1564935064935065,53.98754746342981,1,9,-8,0,3,-3,0,5,-5,1,0,1,0,0,1,3,1613,1.6,0.0,0.1683525884237068,A,32441,0.655907,0.587554,0.727273,12.0,20.0,0.59559,0.515239,0.909091,11.0,20.0,0.060317000000000065,0.07231500000000002,-0.18181800000000004,1.0,0.0
1613,2025-03-01,J.League,FC東京,柏レイソル,1500,1531,-31,1491,1500,-9,8,6,2,2,2,11,4,-7,30,37,-7,12,15,13,11,-1,4,-5,0.4090909090909091,0.5,0.4166666666666667,0.4,0.0166666666666666,0.5,0.6,-0.0999999999999999,0.5833333333333334,0.6,-0.0166666666666666,0.404040404040404,0.505050505050505,-0.101010101010101,2.2846153846153845,2.7,-0.4153846153846157,31,7,7,0.101010101010101,0.4153846153846157,12.703278943278944,4,0,4,1,0,1,2,0,2,0,3,-3,0,0,1,3,1613,1.1,0.0999999999999999,0.1823756902744515,A,32241,0.639354,0.585071,0.909091,11.0,19.0,0.563028,0.501736,0.818182,9.0,20.0,0.076326,0.08333500000000005,0.09090900000000002,2.0,-1.0
1613,2025-03-01,J.League,ベガルタ仙台,八戸,1527,1495,32,1501,1500,1,10,7,3,3,2,15,41,26,25,7,18,11,3,8,3,3,0,3,0.4666666666666667,0.4,0.4285714285714285,0.0,0.4285714285714285,0.5714285714285714,1.0,-0.4285714285714286,0.5714285714285714,1.0,-0.4285714285714286,0.5432098765432098,0.4444444444444444,0.0987654320987654,2.53125,2.2500000000000004,0.2812499999999995,32,26,18,0.0987654320987654,0.2812499999999995,17.776003086419752,6,1,5,2,0,2,2,0,2,0,1,-1,0,0,0,3,1613,1.5714285714285714,0.4285714285714286,0.2065639037066214,D,,0.0,0.0,0.0,0.0,0.0,0.0,0.0,0.0,0.0,0.0,0.0,0.0,0.0,0.0,0.0
1613,2025-03-01,J.League,FC今治,アルビレックス新潟,1518,1436,82,1517,1484,33,6,6,0,1,2,27,21,-6,16,19,-3,8,7,6,14,2,-7,9,0.4,0.3,0.4285714285714285,0.4,0.0285714285714285,0.8571428571428571,0.4,0.4571428571428571,0.5714285714285714,0.6,-0.0285714285714285,0.5925925925925926,0.2592592592592592,0.3333333333333333,2.2500000000000004,1.9285714285714288,0.3214285714285716,82,6,3,0.3333333333333333,0.3214285714285716,30.33095238095238,5,3,2,1,1,0,3,0,3,0,1,-1,0,0,0,3,1613,1.2571428571428571,0.4571428571428571,0.2038571030082344,A,,0.0,0.0,0.0,0.0,0.0,0.0,0.0,0.0,0.0,0.0,0.0,0.0,0.0,0.0,0.0
1613,2025-03-01,J.League,いわきFC,藤枝MYFC,1511,1508,3,1501,1509,-8,9,6,3,3,1,28,34,6,16,10,6,8,6,7,5,1,1,0,0.3636363636363636,0.2857142857142857,0.3333333333333333,0.6666666666666666,-0.3333333333333333,0.6666666666666666,0.6666666666666666,0.0,0.6666666666666666,0.3333333333333333,0.3333333333333333,0.5387205387205387,0.6349206349206349,-0.0962000962000961,2.1214285714285714,1.89,0.2314285714285713,3,6,6,0.0962000962000961,0.2314285714285713,2.6155257335257334,6,5,1,2,1,1,2,4,-2,0,0,0,0,0,1,3,1613,1.3333333333333333,0.0,0.2925670733097186,A,,0.0,0.0,0.0,0.0,0.0,0.0,0.0,0.0,0.0,0.0,0.0,0.0,0.0,0.0,0.0
1613,2025-03-01,J.League,栃木シティ,湘南ベルマーレ,1494,1391,103,1499,1429,70,6,3,3,2,1,47,36,-11,6,9,-3,2,5,2,17,0,-12,12,0.5,0.1052631578947368,0.5,0.0,0.5,0.5,0.0,0.5,0.5,1.0,-0.5,0.3703703703703703,0.1949317738791423,0.175438596491228,2.7,1.508823529411765,1.1911764705882353,103,11,3,0.175438596491228,1.1911764705882353,39.07332301341589,3,3,0,1,1,0,0,0,0,2,2,0,0,0,0,3,1613,0.5,0.5,0.1343103860878458,A,,0.0,0.0,0.0,0.0,0.0,0.0,0.0,0.0,0.0,0.0,0.0,0.0,0.0,0.0,0.0
1613,2025-03-01,J.League,北海道コンサドーレ札幌,岐阜,1486,1525,-39,1499,1518,-19,4,6,-2,1,2,26,43,17,17,6,11,7,2,8,0,-1,2,-3,0.3846153846153846,1.0,0.4,1.0,-0.6,0.6,1.0,-0.4,0.6,0.0,0.6,0.3988603988603988,0.7407407407407407,-0.3418803418803419,2.19375,2.0,0.1937500000000001,39,17,11,0.3418803418803419,0.1937500000000001,18.007126068376067,3,6,-3,1,2,-1,0,2,-2,2,0,2,0,0,0,3,1613,1.6,0.4,0.2717314972164334,A,,0.0,0.0,0.0,0.0,0.0,0.0,0.0,0.0,0.0,0.0,0.0,0.0,0.0,0.0,0.0
1613,2025-03-01,J.League,富山,FC大阪,1472,1488,-16,1473,1491,-18,7,1,6,2,0,30,57,27,16,1,15,6,1,9,2,-3,-1,-2,0.3571428571428571,0.0,0.1666666666666666,0.0,0.1666666666666666,0.3333333333333333,0.0,0.3333333333333333,0.8333333333333334,1.0,-0.1666666666666666,0.3174603174603174,0.3703703703703703,-0.0529100529100529,2.1,1.35,0.75,16,27,15,0.0529100529100529,0.75,12.510582010582011,7,1,6,2,0,2,3,0,3,0,1,-1,0,0,0,3,1613,0.3333333333333333,0.3333333333333333,0.199365435155702,D,,0.0,0.0,0.0,0.0,0.0,0.0,0.0,0.0,0.0,0.0,0.0,0.0,0.0,0.0,0.0
1612,2025-02-27,Cup/Other,町田,2,1518,1500,18,1537,1500,37,7,0,7,2,0,7,0,-7,34,0,34,14,0,11,0,3,0,3,0.4761904761904761,0.0,0.6666666666666666,0.0,0.6666666666666666,0.75,0.0,0.75,0.3333333333333333,0.0,0.3333333333333333,0.4938271604938271,0.0,0.4938271604938271,2.577272727272727,0.0,2.577272727272727,18,7,34,0.4938271604938271,2.577272727272727,8.664219977553312,4,0,4,1,0,1,1,0,1,0,0,0,0,0,0,2,1612,0.75,0.75,0.1916009878076017,H,,0.0,0.0,0.0,0.0,0.0,0.0,0.0,0.0,0.0,0.0,0.0,0.0,0.0,0.0,0.0
1612,2025-02-27,Cup/Other,ヴィッセル神戸,2,1531,1500,31,1523,1500,23,6,0,6,1,0,10,0,-10,30,0,30,14,0,10,0,4,0,4,0.4444444444444444,0.0,0.5555555555555556,0.0,0.5555555555555556,0.7777777777777778,0.0,0.7777777777777778,0.4444444444444444,0.0,0.4444444444444444,0.5761316872427983,0.0,0.5761316872427983,2.43,0.0,2.43,31,10,30,0.5761316872427983,2.43,13.95122633744856,4,0,4,1,0,1,2,0,2,0,0,0,0,0,0,2,1612,0.7777777777777778,0.7777777777777778,0.2370814728788108,A,,0.0,0.0,0.0,0.0,0.0,0.0,0.0,0.0,0.0,0.0,0.0,0.0,0.0,0.0,0.0
1612,2025-02-27,Cup/Other,サンフレッチェ広島,1,1610,1500,110,1553,1500,53,13,0,13,4,0,1,0,-1,53,0,53,21,0,8,0,13,0,13,0.6666666666666666,0.0,0.7272727272727273,0.0,0.7272727272727273,0.9090909090909092,0.0,0.9090909090909092,0.2727272727272727,0.0,0.2727272727272727,0.6481481481481481,0.0,0.6481481481481481,4.050000000000001,0.0,4.050000000000001,110,1,53,0.6481481481481481,4.050000000000001,39.68962962962963,7,0,7,2,0,2,5,0,5,0,0,0,0,0,0,2,1612,0.9090909090909092,0.9090909090909092,0.1600326283667435,H,,0.0,0.0,0.0,0.0,0.0,0.0,0.0,0.0,0.0,0.0,0.0,0.0,0.0,0.0,0.0
1611,2025-02-26,Unknown,Aﾏﾄﾞﾘｰ,ﾌﾞﾙｯﾍ,1500,1500,0,1500,1500,0,0,0,0,0,0,0,0,0,0,0,0,0,0,0,0,0,0,0,0.0,0.0,0.0,0.0,0.0,0.0,0.0,0.0,0.0,0.0,0.0,0.0,0.0,0.0,0.0,0.0,0.0,0,0,0,0.0,0.0,0.0,0,0,0,0,0,0,0,0,0,0,0,0,0,0,0,2,1611,0.0,0.0,0.0,H,,0.0,0.0,0.0,0.0,0.0,0.0,0.0,0.0,0.0,0.0,0.0,0.0,0.0,0.0,0.0
1611,2025-02-26,Unknown,ｲﾝﾃﾙ,ｸﾞﾘﾑﾄ,1500,1500,0,1500,1500,0,0,0,0,0,0,0,0,0,0,0,0,0,0,0,0,0,0,0,0.0,0.0,0.0,0.0,0.0,0.0,0.0,0.0,0.0,0.0,0.0,0.0,0.0,0.0,0.0,0.0,0.0,0,0,0,0.0,0.0,0.0,0,0,0,0,0,0,0,0,0,0,0,0,0,0,0,2,1611,0.0,0.0,0.0,A,,0.0,0.0,0.0,0.0,0.0,0.0,0.0,0.0,0.0,0.0,0.0,0.0,0.0,0.0,0.0
1611,2025-02-26,Unknown,ｱﾀﾗﾝﾀ,ﾄﾞﾙﾄ,1500,1500,0,1500,1500,0,0,0,0,0,0,0,0,0,0,0,0,0,0,0,0,0,0,0,0.0,0.0,0.0,0.0,0.0,0.0,0.0,0.0,0.0,0.0,0.0,0.0,0.0,0.0,0.0,0.0,0.0,0,0,0,0.0,0.0,0.0,0,0,0,0,0,0,0,0,0,0,0,0,0,0,0,2,1611,0.0,0.0,0.0,H,,0.0,0.0,0.0,0.0,0.0,0.0,0.0,0.0,0.0,0.0,0.0,0.0,0.0,0.0,0.0
1611,2025-02-26,Unknown,ﾊﾟﾘSG,ﾓﾅｺ,1500,1500,0,1500,1500,0,0,0,0,0,0,0,0,0,0,0,0,0,0,0,0,0,0,0,0.0,0.0,0.0,0.0,0.0,0.0,0.0,0.0,0.0,0.0,0.0,0.0,0.0,0.0,0.0,0.0,0.0,0,0,0,0.0,0.0,0.0,0,0,0,0,0,0,0,0,0,0,0,0,0,0,0,2,1611,0.0,0.0,0.0,D,,0.0,0.0,0.0,0.0,0.0,0.0,0.0,0.0,0.0,0.0,0.0,0.0,0.0,0.0,0.0
1611,2025-02-26,Unknown,Rﾏﾄﾞﾘｰ,ﾍﾞﾝﾌｨｶ,1500,1500,0,1500,1500,0,0,0,0,0,0,0,0,0,0,0,0,0,0,0,0,0,0,0,0.0,0.0,0.0,0.0,0.0,0.0,0.0,0.0,0.0,0.0,0.0,0.0,0.0,0.0,0.0,0.0,0.0,0,0,0,0.0,0.0,0.0,0,0,0,0,0,0,0,0,0,0,0,0,0,0,0,2,1611,0.0,0.0,0.0,H,,0.0,0.0,0.0,0.0,0.0,0.0,0.0,0.0,0.0,0.0,0.0,0.0,0.0,0.0,0.0
1610,2025-02-22,J.League,横浜F・マリノス,浦和レッズ,1530,1496,34,1527,1469,58,9,7,2,3,2,9,20,11,32,21,11,12,9,11,10,1,-1,2,0.4761904761904761,0.375,0.625,0.1818181818181818,0.4431818181818182,0.75,0.4545454545454545,0.2954545454545454,0.375,0.8181818181818182,-0.4431818181818182,0.4232804232804232,0.4166666666666666,0.0066137566137565,2.577272727272727,2.16,0.417272727272727,34,11,11,0.0066137566137565,0.417272727272727,14.734777296777295,3,4,-1,1,1,0,0,1,-1,2,0,2,1,0,0,2,1610,1.2045454545454546,0.2954545454545454,0.1773023019935865,H,32484,0.625183,0.535383,0.727273,11.0,19.0,0.602694,0.542644,0.636364,12.0,19.0,0.022489000000000092,-0.007260999999999962,0.0909089999999999,-1.0,0.0
1610,2025-02-22,J.League,清水エスパルス,ヴィッセル神戸,1456,1521,-65,1492,1499,-7,3,3,0,1,0,17,12,-5,22,27,-5,10,13,15,10,-5,3,-8,0.2857142857142857,0.4117647058823529,0.3333333333333333,0.25,0.0833333333333333,0.5555555555555556,0.75,-0.1944444444444444,0.6666666666666666,0.75,-0.0833333333333333,0.3527336860670194,0.5664488017429193,-0.2137151156758999,1.89,2.295,-0.4049999999999998,65,5,5,0.2137151156758999,0.4049999999999998,24.12374302313518,3,2,1,1,0,1,1,1,0,0,0,0,0,0,1,2,1610,1.3055555555555556,0.1944444444444444,0.2196321444672621,A,32327,0.645729,0.582122,0.909091,12.0,19.0,0.633514,0.571397,1.0,13.0,20.0,0.012214999999999976,0.010724999999999985,-0.09090900000000002,-1.0,-1.0
1610,2025-02-22,J.League,鹿島アントラーズ,柏レイソル,1616,1545,71,1564,1507,57,15,9,6,5,3,2,3,1,47,40,7,19,16,7,10,12,6,6,0.6666666666666666,0.5454545454545454,0.7272727272727273,0.4444444444444444,0.2828282828282829,1.0,0.6666666666666666,0.3333333333333333,0.2727272727272727,0.5555555555555556,-0.2828282828282829,0.6701940035273368,0.5387205387205387,0.1314734648067981,4.050000000000001,2.97,1.0800000000000003,71,1,7,0.1314734648067981,1.0800000000000003,25.34229469296136,9,3,6,3,1,2,5,0,5,0,2,-2,1,0,0,2,1610,1.6666666666666663,0.3333333333333333,0.1722075956536054,H,32383,0.659118,0.584865,0.727273,12.0,20.0,0.628998,0.554046,1.0,11.0,20.0,0.030120000000000036,0.03081899999999993,-0.27272700000000005,1.0,0.0
1610,2025-02-22,J.League,ファジアーノ岡山,ガンバ大阪,1451,1539,-88,1465,1502,-37,3,6,-3,0,1,23,4,-19,18,36,-18,8,16,14,11,-6,5,-11,0.2631578947368421,0.4761904761904761,0.25,0.3333333333333333,-0.0833333333333333,0.25,0.6666666666666666,-0.4166666666666666,0.75,0.6666666666666666,0.0833333333333333,0.3118908382066276,0.564373897707231,-0.2524830595006033,1.8321428571428573,2.577272727272727,-0.7451298701298699,88,19,18,0.2524830595006033,0.7451298701298699,35.749522585926094,2,5,-3,0,1,-1,2,3,-1,0,0,0,1,0,0,2,1610,0.9166666666666666,0.4166666666666666,0.1987213151056352,A,31389,0.524625,0.45625,0.636364,9.0,18.0,0.54425,0.470208,0.636364,10.0,19.0,-0.019625000000000004,-0.013958000000000026,0.0,-1.0,-1.0
1610,2025-02-22,J.League,セレッソ大阪,サンフレッチェ広島,1511,1605,-94,1510,1541,-31,10,13,-3,3,4,11,1,-10,28,53,-25,12,21,12,8,0,13,-13,0.4,0.6666666666666666,0.3333333333333333,0.5833333333333334,-0.25,0.7777777777777778,0.8333333333333334,-0.0555555555555555,0.6666666666666666,0.4166666666666667,0.2499999999999999,0.4444444444444444,0.6481481481481481,-0.2037037037037037,2.2500000000000004,4.050000000000001,-1.8000000000000005,94,10,25,0.2037037037037037,1.8000000000000005,35.800740740740736,4,7,-3,1,2,-1,2,5,-3,0,0,0,0,1,0,2,1610,1.6111111111111112,0.0555555555555555,0.1734246428775087,A,32430,0.591966,0.523012,0.818182,12.0,19.0,0.595725,0.527616,0.636364,12.0,20.0,-0.003758999999999957,-0.0046039999999999415,0.18181799999999992,0.0,-1.0
1610,2025-02-22,J.League,川崎フロンターレ,FC東京,1525,1485,40,1501,1495,6,5,5,0,1,1,8,14,6,33,27,6,15,11,13,13,2,-2,4,0.4090909090909091,0.3809523809523809,0.3333333333333333,0.3333333333333333,0.0,0.6666666666666666,0.5555555555555556,0.111111111111111,0.6666666666666666,0.6666666666666666,0.0,0.505050505050505,0.3880070546737213,0.1170434503767836,2.2846153846153845,2.180769230769231,0.1038461538461534,40,6,6,0.1170434503767836,0.1038461538461534,15.544177920844588,4,4,0,1,1,0,2,1,1,0,0,0,0,0,1,2,1610,1.2222222222222223,0.111111111111111,0.1999911849763044,A,32443,0.623236,0.554558,0.818182,11.0,20.0,0.684275,0.616306,0.727273,13.0,20.0,-0.061038999999999954,-0.061748000000000025,0.09090900000000002,-2.0,0.0
1610,2025-02-22,J.League,名古屋グランパス,V・ファーレン長崎,1446,1516,-70,1482,1507,-25,4,8,-4,1,2,18,29,11,22,15,7,10,7,16,6,-6,1,-7,0.2727272727272727,0.4,0.3333333333333333,0.375,-0.0416666666666666,0.5,0.75,-0.25,0.6666666666666666,0.625,0.0416666666666666,0.3367003367003366,0.5185185185185185,-0.1818181818181818,1.85625,2.2500000000000004,-0.3937500000000002,70,11,7,0.1818181818181818,0.3937500000000002,27.365113636363635,4,4,0,1,1,0,2,2,0,0,0,0,0,0,0,2,1610,1.25,0.25,0.2082674041956616,A,,0.0,0.0,0.0,0.0,0.0,0.0,0.0,0.0,0.0,0.0,0.0,0.0,0.0,0.0,0.0
1610,2025-02-22,J.League,水戸ホーリーホック,ジェフユナイテッド千葉,1526,1514,12,1491,1491,0,9,11,-2,3,3,24,30,6,17,15,2,7,7,5,6,2,1,1,0.5,0.4,0.0,0.3333333333333333,-0.3333333333333333,0.0,0.5,-0.5,1.0,0.6666666666666666,0.3333333333333333,0.5185185185185185,0.5185185185185185,0.0,2.7,2.2500000000000004,0.4499999999999997,12,6,2,0.0,0.4499999999999997,5.789999999999999,3,7,-4,1,2,-1,1,5,-4,0,0,0,0,0,0,2,1610,0.5,0.5,0.2094981994377965,D,,0.0,0.0,0.0,0.0,0.0,0.0,0.0,0.0,0.0,0.0,0.0,0.0,0.0,0.0,0.0
1610,2025-02-22,J.League,京都サンガF.C.,アビスパ福岡,1541,1521,20,1513,1504,9,5,8,-3,1,2,5,7,2,33,33,0,15,15,9,13,6,2,4,0.5,0.4090909090909091,0.4,0.3636363636363636,0.0363636363636363,0.8,0.6363636363636364,0.1636363636363637,0.6,0.6363636363636364,-0.0363636363636363,0.6172839506172839,0.505050505050505,0.1122334455667789,2.7,2.2846153846153845,0.4153846153846157,20,2,0,0.1122334455667789,0.4153846153846157,7.60552361219028,3,4,-1,1,1,0,0,0,0,1,1,0,0,0,0,2,1610,1.4363636363636365,0.1636363636363637,0.2251551731783352,H,31408,0.590616,0.522502,0.909091,11.0,20.0,0.604257,0.528674,0.818182,13.0,20.0,-0.013641000000000014,-0.006171999999999955,0.09090900000000002,-2.0,0.0
1610,2025-02-22,J.League,東京ヴェルディ,町田,1505,1518,-13,1517,1484,33,7,6,1,2,2,13,6,-7,27,33,-6,11,13,12,10,-1,3,-4,0.4,0.5,0.5,0.25,0.25,0.6666666666666666,0.5,0.1666666666666666,0.5,0.75,-0.25,0.4074074074074074,0.4814814814814814,-0.074074074074074,2.2500000000000004,2.7,-0.4499999999999997,13,7,6,0.074074074074074,0.4499999999999997,6.404814814814815,6,6,0,2,2,0,2,0,2,0,1,-1,0,0,1,2,1610,1.1666666666666663,0.1666666666666666,0.179569885232397,D,32384,0.633236,0.583883,0.818182,12.0,20.0,0.6205,0.556033,1.0,10.0,19.0,0.01273599999999997,0.02785000000000004,-0.18181800000000004,2.0,1.0
1610,2025-02-22,J.League,宮崎,サガン鳥栖,1503,1507,-4,1500,1493,7,4,7,-3,1,1,51,31,-20,4,13,-9,2,7,2,7,0,0,0,0.3333333333333333,0.3,0.0,0.25,-0.25,0.0,0.625,-0.625,0.0,0.75,-0.75,0.4938271604938271,0.5185185185185185,-0.0246913580246914,2.0250000000000004,1.9285714285714288,0.0964285714285715,4,20,9,0.0246913580246914,0.0964285714285715,6.424223985890653,4,3,1,1,0,1,1,5,-4,0,0,0,0,0,0,2,1610,0.625,0.625,0.2560520511888197,H,,0.0,0.0,0.0,0.0,0.0,0.0,0.0,0.0,0.0,0.0,0.0,0.0,0.0,0.0,0.0
1610,2025-02-22,J.League,徳島ヴォルティス,富山,1550,1456,94,1527,1491,36,11,4,7,3,1,10,32,22,28,13,15,12,5,7,9,5,-4,9,0.5333333333333333,0.3076923076923077,0.5555555555555556,0.4285714285714285,0.126984126984127,0.7777777777777778,0.4285714285714285,0.3492063492063492,0.4444444444444444,0.5714285714285714,-0.1269841269841269,0.5925925925925926,0.2849002849002849,0.3076923076923076,2.892857142857143,1.95,0.9428571428571426,94,22,15,0.3076923076923076,0.9428571428571426,38.65010989010989,7,4,3,2,1,1,5,2,3,0,0,0,1,0,0,2,1610,1.2063492063492065,0.3492063492063492,0.1811894781656467,A,,0.0,0.0,0.0,0.0,0.0,0.0,0.0,0.0,0.0,0.0,0.0,0.0,0.0,0.0,0.0
1610,2025-02-22,J.League,藤枝MYFC,ヴァンフォーレ甲府,1512,1449,63,1500,1500,0,6,1,5,1,0,35,36,1,9,8,1,5,4,4,8,1,-4,5,0.3333333333333333,0.2,0.0,0.3333333333333333,-0.3333333333333333,1.0,0.6666666666666666,0.3333333333333333,1.0,0.6666666666666666,0.3333333333333333,0.6172839506172839,0.2962962962962963,0.3209876543209876,2.0250000000000004,1.6875,0.3375000000000003,63,1,1,0.3209876543209876,0.3375000000000003,22.431697530864195,5,0,5,1,0,1,3,0,3,0,3,-3,0,0,0,2,1610,1.6666666666666663,0.3333333333333333,0.2460755930920594,D,,0.0,0.0,0.0,0.0,0.0,0.0,0.0,0.0,0.0,0.0,0.0,0.0,0.0,0.0,0.0
1609,2025-02-15,J.League,清水エスパルス,京都サンガF.C.,1441,1556,-115,1481,1543,-62,0,6,-6,0,1,19,5,-14,19,33,-14,9,15,15,8,-6,7,-13,0.25,0.5294117647058824,0.25,0.7142857142857143,-0.4642857142857143,0.5,1.0,-0.5,0.75,0.2857142857142857,0.4642857142857143,0.3333333333333333,0.65359477124183,-0.3202614379084966,1.8,2.8687500000000004,-1.0687500000000003,115,14,14,0.3202614379084966,1.0687500000000003,44.0278022875817,0,4,-4,0,1,-1,0,1,-1,5,0,5,1,0,0,2,1609,1.5,0.5,0.2113856955299834,H,31415,0.511252,0.459006,0.545455,8.0,18.0,0.554843,0.501706,0.727273,11.0,19.0,-0.043590999999999935,-0.04269999999999996,-0.18181799999999992,-3.0,-1.0
1609,2025-02-15,J.League,町田,水戸ホーリーホック,1531,1512,19,1546,1513,33,7,7,0,2,2,6,30,24,33,14,19,13,6,9,5,4,1,3,0.5263157894736842,0.4444444444444444,0.7272727272727273,0.5,0.2272727272727273,0.8181818181818182,0.75,0.0681818181818182,0.2727272727272727,0.5,-0.2272727272727273,0.50682261208577,0.4938271604938271,0.0129954515919428,2.8500000000000005,2.43,0.4200000000000004,19,24,19,0.0129954515919428,0.4200000000000004,12.736599090318387,6,3,3,2,1,1,2,0,2,0,2,-2,0,0,0,2,1609,1.5681818181818183,0.0681818181818182,0.1895134131133116,A,,0.0,0.0,0.0,0.0,0.0,0.0,0.0,0.0,0.0,0.0,0.0,0.0,0.0,0.0,0.0
1609,2025-02-15,J.League,鹿島アントラーズ,横浜F・マリノス,1607,1539,68,1556,1496,60,13,12,1,4,4,2,9,7,44,32,12,18,12,7,10,11,2,9,0.65,0.5,0.7,0.4166666666666667,0.2833333333333332,1.0,0.5,0.5,0.3,0.5833333333333334,-0.2833333333333334,0.6666666666666666,0.4444444444444444,0.2222222222222222,3.8571428571428577,2.7,1.1571428571428577,68,7,12,0.2222222222222222,1.1571428571428577,25.82587301587301,9,6,3,3,2,1,5,0,5,0,1,-1,1,0,0,2,1609,1.5,0.5,0.1694479120749308,H,32521,0.614313,0.548339,0.818182,11.0,20.0,0.545951,0.492819,0.727273,11.0,19.0,0.06836200000000003,0.055520000000000014,0.09090900000000002,0.0,1.0
1609,2025-02-15,J.League,柏レイソル,東京ヴェルディ,1560,1490,70,1547,1468,79,12,7,5,4,2,3,15,12,40,24,16,16,10,9,12,7,-2,9,0.5714285714285714,0.3684210526315789,0.6666666666666666,0.1428571428571428,0.5238095238095237,0.8333333333333334,0.2857142857142857,0.5476190476190477,0.3333333333333333,0.8571428571428571,-0.5238095238095237,0.564373897707231,0.3898635477582846,0.1745103499489464,3.1500000000000004,2.1375,1.0125000000000002,70,12,16,0.1745103499489464,1.0125000000000002,27.73740206998979,6,3,3,2,1,1,0,1,-1,1,0,1,2,0,0,2,1609,1.119047619047619,0.5476190476190477,0.1804670257707685,A,31423,0.590926,0.542485,0.818182,10.0,19.0,0.484176,0.433447,0.818182,8.0,19.0,0.10674999999999996,0.10903799999999997,0.0,2.0,0.0
1609,2025-02-15,J.League,アビスパ福岡,セレッソ大阪,1535,1497,38,1525,1484,41,11,10,1,3,3,7,13,6,33,25,8,15,11,12,12,3,-1,4,0.4285714285714285,0.3684210526315789,0.5,0.4,0.0999999999999999,0.8,0.4,0.4,0.5,0.6,-0.0999999999999999,0.5291005291005291,0.428849902534113,0.100250626566416,2.3625000000000003,2.1375,0.2250000000000001,38,6,8,0.100250626566416,0.2250000000000001,14.865050125313282,7,4,3,2,1,1,5,1,4,0,0,0,1,0,0,2,1609,1.2000000000000002,0.4,0.2128731431822942,A,32440,0.497074,0.416623,0.636364,7.0,19.0,0.659433,0.58031,1.0,12.0,20.0,-0.16235900000000003,-0.16368699999999997,-0.36363599999999996,-5.0,-1.0
1609,2025-02-15,J.League,サンフレッチェ広島,ファジアーノ岡山,1611,1445,166,1562,1485,77,12,2,10,4,0,1,24,23,52,17,35,20,7,7,13,13,-6,19,0.6956521739130435,0.2777777777777778,0.8181818181818182,0.3,0.5181818181818183,0.9090909090909092,0.5,0.409090909090909,0.1818181818181818,0.7,-0.5181818181818181,0.644122383252818,0.2880658436213991,0.3560565396314188,4.435714285714286,1.8692307692307693,2.566483516483516,166,23,35,0.3560565396314188,2.566483516483516,64.43450801122299,9,2,7,3,0,3,4,1,3,0,0,0,1,0,0,2,1609,1.4090909090909092,0.409090909090909,0.1478479881984508,D,32244,0.576604,0.519796,0.909091,11.0,20.0,0.608264,0.539129,0.818182,11.0,19.0,-0.03166000000000002,-0.019332999999999934,0.09090900000000002,0.0,1.0
1609,2025-02-15,J.League,FC東京,浦和レッズ,1486,1495,-9,1491,1468,23,7,6,1,2,2,11,18,7,26,20,6,10,8,12,9,-2,-1,-1,0.4,0.4,0.4545454545454545,0.2,0.2545454545454545,0.4545454545454545,0.4,0.0545454545454545,0.5454545454545454,0.8,-0.2545454545454546,0.3703703703703703,0.3950617283950617,-0.0246913580246913,2.2500000000000004,2.2500000000000004,0.0,9,7,6,0.0246913580246913,0.0,4.904938271604939,4,3,1,1,1,0,0,0,0,1,1,0,1,0,0,2,1609,0.8545454545454545,0.0545454545454545,0.1700922421202711,D,32381,0.604535,0.517,0.636364,11.0,20.0,0.635729,0.572072,0.818182,12.0,20.0,-0.031193999999999944,-0.05507200000000001,-0.18181799999999992,-1.0,0.0
1609,2025-02-15,J.League,ジェフユナイテッド千葉,川崎フロンターレ,1514,1524,-10,1518,1518,0,10,7,3,3,2,29,8,-21,14,32,-18,6,14,5,12,1,2,-1,0.4444444444444444,0.4285714285714285,0.6666666666666666,0.5555555555555556,0.111111111111111,1.0,0.6666666666666666,0.3333333333333333,0.3333333333333333,0.4444444444444444,-0.1111111111111111,0.4938271604938271,0.4938271604938271,0.0,2.43,2.3625000000000003,0.0674999999999999,10,21,18,0.0,0.0674999999999999,8.7635,7,4,3,2,1,1,4,1,3,0,0,0,0,0,0,2,1609,1.6666666666666663,0.3333333333333333,0.206079022031393,D,,0.0,0.0,0.0,0.0,0.0,0.0,0.0,0.0,0.0,0.0,0.0,0.0,0.0,0.0,0.0
1609,2025-02-15,J.League,ガンバ大阪,名古屋グランパス,1543,1442,101,1538,1468,70,8,3,5,2,1,4,17,13,35,21,14,15,9,10,15,5,-6,11,0.5,0.2857142857142857,0.6363636363636364,0.2222222222222222,0.4141414141414141,0.8181818181818182,0.3333333333333333,0.4848484848484849,0.3636363636363636,0.7777777777777778,-0.4141414141414141,0.5555555555555555,0.3174603174603174,0.238095238095238,2.7,1.89,0.81,101,13,14,0.238095238095238,0.81,38.80961904761904,4,3,1,1,1,0,2,1,1,0,0,0,1,0,0,2,1609,1.1515151515151516,0.4848484848484849,0.1901953929142879,D,32243,0.62775,0.552458,0.818182,13.0,20.0,0.58913,0.507969,0.727273,11.0,20.0,0.03861999999999999,0.044489,0.09090900000000002,2.0,0.0
1609,2025-02-15,J.League,徳島ヴォルティス,アルビレックス新潟,1542,1444,98,1518,1493,25,11,7,4,3,2,12,20,8,25,19,6,11,7,7,13,4,-6,10,0.5,0.3157894736842105,0.5,0.4444444444444444,0.0555555555555555,0.75,0.4444444444444444,0.3055555555555556,0.5,0.5555555555555556,-0.0555555555555555,0.582010582010582,0.2729044834307992,0.3091060985797828,2.7,1.9730769230769232,0.726923076923077,98,8,6,0.3091060985797828,0.726923076923077,36.50720583510057,7,3,4,2,1,1,5,1,4,0,0,0,0,0,0,2,1609,1.1944444444444444,0.3055555555555556,0.1829408728823573,H,,0.0,0.0,0.0,0.0,0.0,0.0,0.0,0.0,0.0,0.0,0.0,0.0,0.0,0.0,0.0
1609,2025-02-15,J.League,大宮,北海道コンサドーレ札幌,1500,1496,4,1492,1499,-7,9,4,5,3,1,35,23,-12,9,17,-8,3,7,3,7,0,0,0,0.5,0.4166666666666667,0.3333333333333333,0.4285714285714285,-0.0952380952380952,0.3333333333333333,0.5714285714285714,-0.238095238095238,0.6666666666666666,0.5714285714285714,0.0952380952380952,0.3703703703703703,0.4320987654320987,-0.0617283950617283,2.7,2.3142857142857145,0.3857142857142857,4,12,8,0.0617283950617283,0.3857142857142857,4.489488536155204,3,4,-1,1,1,0,0,0,0,1,1,0,0,0,0,2,1609,0.9047619047619048,0.238095238095238,0.160033388240613,H,,0.0,0.0,0.0,0.0,0.0,0.0,0.0,0.0,0.0,0.0,0.0,0.0,0.0,0.0,0.0
1609,2025-02-15,J.League,横浜FC,ベガルタ仙台,1417,1518,-101,1482,1517,-35,1,7,-6,0,2,25,16,-9,17,22,-5,7,10,16,8,-9,2,-11,0.238095238095238,0.4285714285714285,0.3636363636363636,0.4285714285714285,-0.0649350649350649,0.4545454545454545,0.8571428571428571,-0.4025974025974025,0.6363636363636364,0.5714285714285714,0.0649350649350649,0.2469135802469135,0.5291005291005291,-0.2821869488536155,1.7718750000000003,2.3625000000000003,-0.590625,101,9,5,0.2821869488536155,0.590625,37.77456238977072,0,4,-4,0,1,-1,0,1,-1,4,0,4,0,0,0,2,1609,1.3116883116883116,0.4025974025974025,0.1876935062728502,A,,0.0,0.0,0.0,0.0,0.0,0.0,0.0,0.0,0.0,0.0,0.0,0.0,0.0,0.0,0.0
1609,2025-02-15,J.League,栃木シティ,ブラウブリッツ秋田,1508,1488,20,1508,1499,9,6,5,1,2,1,45,22,-23,6,18,-12,2,10,1,11,1,-1,2,0.6666666666666666,0.2666666666666666,0.6666666666666666,0.2857142857142857,0.3809523809523809,0.6666666666666666,0.7142857142857143,-0.0476190476190476,0.3333333333333333,0.7142857142857143,-0.380952380952381,0.4938271604938271,0.4938271604938271,0.0,4.050000000000001,1.840909090909091,2.20909090909091,20,23,12,0.0,2.20909090909091,13.19181818181818,6,4,2,2,1,1,0,2,-2,1,0,1,0,0,0,2,1609,1.380952380952381,0.0476190476190476,0.1676545233161812,A,,0.0,0.0,0.0,0.0,0.0,0.0,0.0,0.0,0.0,0.0,0.0,0.0,0.0,0.0,0.0
1608,2025-02-08,J.League,ジェフユナイテッド千葉,浦和レッズ,1503,1513,-10,1510,1476,34,7,9,-2,2,3,33,14,-19,11,23,-12,5,9,5,8,0,1,-1,0.375,0.4666666666666667,0.5,0.2222222222222222,0.2777777777777778,1.0,0.4444444444444444,0.5555555555555556,0.5,0.7777777777777778,-0.2777777777777778,0.4629629629629629,0.4444444444444444,0.0185185185185184,2.16,2.53125,-0.3712499999999998,10,19,12,0.0185185185185184,0.3712499999999998,8.327953703703702,7,6,1,2,2,0,3,1,2,0,0,0,0,0,0,2,1608,1.4444444444444444,0.5555555555555556,0.1934213834839454,H,,0.0,0.0,0.0,0.0,0.0,0.0,0.0,0.0,0.0,0.0,0.0,0.0,0.0,0.0,0.0
1608,2025-02-08,J.League,FC東京,鹿島アントラーズ,1490,1604,-114,1500,1535,-35,10,11,-1,3,3,13,2,-11,26,44,-18,10,18,12,7,-2,11,-13,0.4,0.65,0.5,0.6,-0.0999999999999999,0.5,0.8,-0.3,0.5,0.4,0.0999999999999999,0.3703703703703703,0.6666666666666666,-0.2962962962962963,2.2500000000000004,3.8571428571428577,-1.6071428571428572,114,11,18,0.2962962962962963,1.6071428571428572,43.03068783068783,4,9,-5,1,3,-2,2,5,-3,0,0,0,0,0,1,2,1608,1.3,0.3,0.169804453710916,A,32396,0.584799,0.531251,0.818182,11.0,19.0,0.609806,0.533614,0.909091,10.0,20.0,-0.025007,-0.002363000000000004,-0.09090900000000002,1.0,-1.0
1608,2025-02-08,J.League,セレッソ大阪,ガンバ大阪,1502,1537,-35,1518,1502,16,9,7,2,3,2,12,6,-6,27,34,-7,11,14,11,10,0,4,-4,0.4210526315789473,0.5,0.4444444444444444,0.375,0.0694444444444444,0.7777777777777778,0.625,0.1527777777777778,0.5555555555555556,0.625,-0.0694444444444444,0.428849902534113,0.5185185185185185,-0.0896686159844054,2.331818181818182,2.7,-0.3681818181818181,35,6,7,0.0896686159844054,0.3681818181818181,13.841570086833244,6,4,2,2,1,1,0,1,-1,1,0,1,0,0,1,2,1608,1.4027777777777777,0.1527777777777778,0.1882718253400374,D,32378,0.608986,0.548389,0.727273,11.0,20.0,0.628532,0.570243,0.636364,13.0,20.0,-0.019545999999999952,-0.02185400000000004,0.0909089999999999,-2.0,0.0
1608,2025-02-08,J.League,アビスパ福岡,ファジアーノ岡山,1538,1442,96,1525,1483,42,11,4,7,3,1,7,22,15,33,17,16,15,7,12,13,3,-6,9,0.4285714285714285,0.2777777777777778,0.5,0.3,0.2,0.8,0.5,0.3,0.5,0.7,-0.1999999999999999,0.5291005291005291,0.2880658436213991,0.2410346854791299,2.3625000000000003,1.8692307692307693,0.4932692307692308,96,15,16,0.2410346854791299,0.4932692307692308,37.49686078324967,7,1,6,2,0,2,5,0,5,0,1,-1,1,0,0,2,1608,1.3,0.3,0.1930999648340065,D,32265,0.531306,0.480347,0.818182,10.0,18.0,0.614313,0.547132,0.909091,12.0,20.0,-0.08300700000000005,-0.06678499999999993,-0.09090900000000002,-2.0,-2.0
1608,2025-02-08,J.League,名古屋グランパス,清水エスパルス,1436,1447,-11,1480,1469,11,1,3,-2,0,1,17,19,2,21,19,2,9,9,15,15,-6,-6,0,0.2857142857142857,0.25,0.3333333333333333,0.25,0.0833333333333333,0.5,0.4166666666666667,0.0833333333333333,0.6666666666666666,0.75,-0.0833333333333333,0.3174603174603174,0.3333333333333333,-0.0158730158730158,1.89,1.8,0.09,11,2,2,0.0158730158730158,0.09,4.371174603174603,0,0,0,0,0,0,0,0,0,4,4,0,0,1,0,2,1608,0.9166666666666669,0.0833333333333333,0.1763620635737922,H,32357,0.595389,0.516056,0.636364,10.0,20.0,0.593257,0.520531,0.818182,11.0,20.0,0.0021319999999999117,-0.004475000000000007,-0.18181799999999992,-1.0,0.0
1608,2025-02-08,J.League,川崎フロンターレ,柏レイソル,1517,1567,-50,1492,1517,-25,7,15,-8,2,5,9,3,-6,32,40,-8,14,16,12,9,2,7,-5,0.4285714285714285,0.5714285714285714,0.2727272727272727,0.5,-0.2272727272727273,0.6363636363636364,0.75,-0.1136363636363636,0.7272727272727273,0.5,0.2272727272727273,0.4938271604938271,0.564373897707231,-0.0705467372134039,2.3625000000000003,3.1500000000000004,-0.7875000000000001,50,6,8,0.0705467372134039,0.7875000000000001,19.17160934744268,1,9,-8,0,3,-3,0,5,-5,1,0,1,1,1,0,2,1608,1.3863636363636362,0.1136363636363636,0.1919604285094253,H,32464,0.568049,0.505447,0.909091,10.0,20.0,0.51659,0.447483,0.818182,9.0,20.0,0.05145900000000003,0.05796399999999996,0.09090900000000002,1.0,0.0
1608,2025-02-08,J.League,東京ヴェルディ,水戸ホーリーホック,1477,1525,-48,1508,1522,-14,7,8,-1,2,2,15,28,13,22,14,8,10,6,13,4,-3,2,-5,0.3157894736842105,0.5,0.4545454545454545,0.5714285714285714,-0.1168831168831168,0.6363636363636364,0.8571428571428571,-0.2207792207792207,0.5454545454545454,0.4285714285714285,0.1168831168831168,0.3898635477582846,0.5555555555555555,-0.1656920077972709,1.9730769230769232,2.7,-0.726923076923077,48,13,8,0.1656920077972709,0.726923076923077,20.228523016944067,1,6,-5,0,2,-2,0,0,0,2,1,1,0,0,0,2,1608,1.4935064935064934,0.2207792207792207,0.2023075776663202,H,,0.0,0.0,0.0,0.0,0.0,0.0,0.0,0.0,0.0,0.0,0.0,0.0,0.0,0.0,0.0
1608,2025-02-08,J.League,栃木シティ,ベガルタ仙台,1521,1505,16,1517,1507,10,6,7,-1,2,2,43,18,-25,6,19,-13,2,9,0,8,2,1,1,1.0,0.3846153846153846,1.0,0.3333333333333333,0.6666666666666667,1.0,0.8333333333333334,0.1666666666666666,0.0,0.6666666666666666,-0.6666666666666666,0.7407407407407407,0.5128205128205128,0.2279202279202279,2.0,2.19375,-0.1937500000000001,16,25,13,0.2279202279202279,0.1937500000000001,11.934334045584045,6,4,2,2,1,1,2,0,2,0,1,-1,0,0,0,2,1608,1.8333333333333333,0.1666666666666666,0.2989046469380769,A,,0.0,0.0,0.0,0.0,0.0,0.0,0.0,0.0,0.0,0.0,0.0,0.0,0.0,0.0,0.0
1608,2025-02-08,J.League,いわきFC,北海道コンサドーレ札幌,1500,1508,-8,1491,1508,-17,7,7,0,2,2,30,21,-9,13,17,-4,7,7,7,6,0,1,-1,0.3,0.4545454545454545,0.2,0.5,-0.3,0.6,0.6666666666666666,-0.0666666666666666,0.8,0.5,0.3,0.5185185185185185,0.4713804713804713,0.0471380471380471,1.9285714285714288,2.4750000000000005,-0.5464285714285717,8,9,4,0.0471380471380471,0.5464285714285717,5.168713323713323,3,4,-1,1,1,0,1,2,-1,0,0,0,0,0,0,2,1608,1.2666666666666666,0.0666666666666666,0.2247894753174438,H,,0.0,0.0,0.0,0.0,0.0,0.0,0.0,0.0,0.0,0.0,0.0,0.0,0.0,0.0,0.0
1608,2025-02-08,J.League,湘南ベルマーレ,ブラウブリッツ秋田,1407,1476,-69,1482,1490,-8,4,3,1,1,0,31,25,-6,13,16,-3,7,10,17,12,-10,-2,-8,0.15,0.2,0.2,0.1666666666666666,0.0333333333333333,0.6,0.6666666666666666,-0.0666666666666666,0.8,0.8333333333333334,-0.0333333333333333,0.2592592592592592,0.4938271604938271,-0.2345679012345678,1.5882352941176472,1.6875,-0.0992647058823528,69,6,3,0.2345679012345678,0.0992647058823528,25.71676652142338,3,2,1,1,0,1,0,1,-1,1,0,1,0,0,0,2,1608,1.2666666666666666,0.0666666666666666,0.2298914176501452,A,,0.0,0.0,0.0,0.0,0.0,0.0,0.0,0.0,0.0,0.0,0.0,0.0,0.0,0.0,0.0
1608,2025-02-08,J.League,横浜FC,モンテディオ山形,1422,1495,-73,1491,1508,-17,1,8,-7,0,2,23,16,-7,17,21,-4,7,9,16,10,-9,-1,-8,0.238095238095238,0.375,0.4,0.4285714285714285,-0.0285714285714285,0.5,0.7142857142857143,-0.2142857142857143,0.6,0.5714285714285714,0.0285714285714285,0.2469135802469135,0.4166666666666666,-0.1697530864197531,1.7718750000000003,2.16,-0.3881249999999998,73,7,4,0.1697530864197531,0.3881249999999998,27.411575617283948,0,5,-5,0,1,-1,0,3,-3,3,0,3,0,0,0,2,1608,1.2142857142857144,0.2142857142857143,0.1687651236118185,A,,0.0,0.0,0.0,0.0,0.0,0.0,0.0,0.0,0.0,0.0,0.0,0.0,0.0,0.0,0.0
1608,2025-02-08,J.League,愛媛FC,アルビレックス新潟,1431,1426,5,1481,1477,4,2,4,-2,0,1,49,26,-23,5,16,-11,3,6,9,14,-6,-8,2,0.1,0.2631578947368421,0.2,0.3333333333333333,-0.1333333333333333,0.4,0.3333333333333333,0.0666666666666667,0.8,0.6666666666666666,0.1333333333333334,0.2222222222222222,0.2339181286549707,-0.0116959064327485,1.5,1.8321428571428573,-0.3321428571428573,5,23,11,0.0116959064327485,0.3321428571428573,7.568767752715121,2,3,-1,0,1,-1,0,0,0,1,2,-1,0,0,0,2,1608,0.7333333333333334,0.0666666666666667,0.1368868868304209,A,,0.0,0.0,0.0,0.0,0.0,0.0,0.0,0.0,0.0,0.0,0.0,0.0,0.0,0.0,0.0
1608,2025-02-08,J.League,FC琉球,サガン鳥栖,1513,1506,7,1509,1492,17,5,9,-4,1,2,46,32,-14,5,12,-7,3,6,2,6,1,0,1,0.3333333333333333,0.3333333333333333,1.0,0.2857142857142857,0.7142857142857143,1.0,0.5714285714285714,0.4285714285714286,0.0,0.7142857142857143,-0.7142857142857143,0.7407407407407407,0.4938271604938271,0.2469135802469136,2.0250000000000004,2.0250000000000004,0.0,7,14,7,0.2469135802469136,0.0,5.999382716049382,5,5,0,1,1,0,3,5,-2,0,0,0,0,0,0,2,1608,1.5714285714285714,0.4285714285714286,0.3048240540318924,D,,0.0,0.0,0.0,0.0,0.0,0.0,0.0,0.0,0.0,0.0,0.0,0.0,0.0,0.0,0.0
1607,2025-02-06,Cup/Other,横浜F・マリノス,2,1550,1500,50,1535,1500,35,12,0,12,4,0,4,0,-4,38,0,38,14,0,10,0,4,0,4,0.5454545454545454,0.0,0.6666666666666666,0.0,0.6666666666666666,0.7777777777777778,0.0,0.7777777777777778,0.3333333333333333,0.0,0.3333333333333333,0.4713804713804713,0.0,0.4713804713804713,2.97,0.0,2.97,50,4,38,0.4713804713804713,2.97,19.18827609427609,6,0,6,2,0,2,0,0,0,1,0,1,0,0,0,2,1607,0.7777777777777778,0.7777777777777778,0.1587086197031989,H,,0.0,0.0,0.0,0.0,0.0,0.0,0.0,0.0,0.0,0.0,0.0,0.0,0.0,0.0,0.0
1607,2025-02-06,Cup/Other,京都サンガF.C.,1,1556,1500,56,1520,1500,20,6,0,6,1,0,5,0,-5,36,0,36,16,0,9,0,7,0,7,0.5263157894736842,0.0,0.4545454545454545,0.0,0.4545454545454545,0.8181818181818182,0.0,0.8181818181818182,0.5454545454545454,0.0,0.5454545454545454,0.6237816764132553,0.0,0.6237816764132553,2.8500000000000005,0.0,2.8500000000000005,56,5,36,0.6237816764132553,2.8500000000000005,21.54475633528265,4,0,4,1,0,1,1,0,1,0,0,0,0,0,0,2,1607,0.8181818181818182,0.8181818181818182,0.2188630842473089,H,,0.0,0.0,0.0,0.0,0.0,0.0,0.0,0.0,0.0,0.0,0.0,0.0,0.0,0.0,0.0
1607,2025-02-06,Cup/Other,V・ファーレン長崎,1,1524,1500,24,1510,1500,10,8,0,8,2,0,22,0,-22,18,0,18,8,0,6,0,2,0,2,0.4545454545454545,0.0,0.6666666666666666,0.0,0.6666666666666666,0.6666666666666666,0.0,0.6666666666666666,0.3333333333333333,0.0,0.3333333333333333,0.5387205387205387,0.0,0.5387205387205387,2.4750000000000005,0.0,2.4750000000000005,24,22,18,0.5387205387205387,2.4750000000000005,14.502744107744109,4,0,4,1,0,1,2,0,2,0,0,0,0,0,0,2,1607,0.6666666666666666,0.6666666666666666,0.2176560699448662,H,,0.0,0.0,0.0,0.0,0.0,0.0,0.0,0.0,0.0,0.0,0.0,0.0,0.0,0.0,0.0
1606,2025-02-02,Unknown,ﾌﾞﾚｰﾒﾝ,ﾒﾝﾍﾝ,1500,1500,0,1500,1500,0,0,0,0,0,0,0,0,0,0,0,0,0,0,0,0,0,0,0,0.0,0.0,0.0,0.0,0.0,0.0,0.0,0.0,0.0,0.0,0.0,0.0,0.0,0.0,0.0,0.0,0.0,0,0,0,0.0,0.0,0.0,0,0,0,0,0,0,0,0,0,0,0,0,0,0,0,2,1606,0.0,0.0,0.0,H,,0.0,0.0,0.0,0.0,0.0,0.0,0.0,0.0,0.0,0.0,0.0,0.0,0.0,0.0,0.0
1606,2025-02-02,Unknown,ﾌﾗﾝｸﾌﾙ,ﾚｳﾞｧｰ,1500,1500,0,1500,1500,0,0,0,0,0,0,0,0,0,0,0,0,0,0,0,0,0,0,0,0.0,0.0,0.0,0.0,0.0,0.0,0.0,0.0,0.0,0.0,0.0,0.0,0.0,0.0,0.0,0.0,0.0,0,0,0,0.0,0.0,0.0,0,0,0,0,0,0,0,0,0,0,0,0,0,0,0,2,1606,0.0,0.0,0.0,A,,0.0,0.0,0.0,0.0,0.0,0.0,0.0,0.0,0.0,0.0,0.0,0.0,0.0,0.0,0.0
1606,2025-02-02,Unknown,ﾎｯﾌｪﾝ,ｳﾆｵﾝ,1500,1500,0,1500,1500,0,0,0,0,0,0,0,0,0,0,0,0,0,0,0,0,0,0,0,0.0,0.0,0.0,0.0,0.0,0.0,0.0,0.0,0.0,0.0,0.0,0.0,0.0,0.0,0.0,0.0,0.0,0,0,0,0.0,0.0,0.0,0,0,0,0,0,0,0,0,0,0,0,0,0,0,0,2,1606,0.0,0.0,0.0,H,,0.0,0.0,0.0,0.0,0.0,0.0,0.0,0.0,0.0,0.0,0.0,0.0,0.0,0.0,0.0
1606,2025-02-02,Unknown,ﾊﾝﾌﾞﾙｶ,ﾊﾞｲｴﾙﾝ,1500,1500,0,1500,1500,0,0,0,0,0,0,0,0,0,0,0,0,0,0,0,0,0,0,0,0.0,0.0,0.0,0.0,0.0,0.0,0.0,0.0,0.0,0.0,0.0,0.0,0.0,0.0,0.0,0.0,0.0,0,0,0,0.0,0.0,0.0,0,0,0,0,0,0,0,0,0,0,0,0,0,0,0,2,1606,0.0,0.0,0.0,D,,0.0,0.0,0.0,0.0,0.0,0.0,0.0,0.0,0.0,0.0,0.0,0.0,0.0,0.0,0.0
1606,2025-02-02,Unknown,ｼｭﾂｯﾄ,ﾌﾗｲﾌﾞﾙ,1500,1500,0,1500,1500,0,0,0,0,0,0,0,0,0,0,0,0,0,0,0,0,0,0,0,0.0,0.0,0.0,0.0,0.0,0.0,0.0,0.0,0.0,0.0,0.0,0.0,0.0,0.0,0.0,0.0,0.0,0,0,0,0.0,0.0,0.0,0,0,0,0,0,0,0,0,0,0,0,0,0,0,0,2,1606,0.0,0.0,0.0,H,,0.0,0.0,0.0,0.0,0.0,0.0,0.0,0.0,0.0,0.0,0.0,0.0,0.0,0.0,0.0
1606,2025-02-02,Unknown,ﾗｲﾌﾟﾂｨ,ﾏｲﾝﾂ,1500,1500,0,1500,1500,0,0,0,0,0,0,0,0,0,0,0,0,0,0,0,0,0,0,0,0.0,0.0,0.0,0.0,0.0,0.0,0.0,0.0,0.0,0.0,0.0,0.0,0.0,0.0,0.0,0.0,0.0,0,0,0,0.0,0.0,0.0,0,0,0,0,0,0,0,0,0,0,0,0,0,0,0,2,1606,0.0,0.0,0.0,A,,0.0,0.0,0.0,0.0,0.0,0.0,0.0,0.0,0.0,0.0,0.0,0.0,0.0,0.0,0.0
1606,2025-02-02,Unknown,ｱｳｸﾞｽ,ﾊﾟｳﾘ,1500,1500,0,1500,1500,0,0,0,0,0,0,0,0,0,0,0,0,0,0,0,0,0,0,0,0.0,0.0,0.0,0.0,0.0,0.0,0.0,0.0,0.0,0.0,0.0,0.0,0.0,0.0,0.0,0.0,0.0,0,0,0,0.0,0.0,0.0,0,0,0,0,0,0,0,0,0,0,0,0,0,0,0,2,1606,0.0,0.0,0.0,H,,0.0,0.0,0.0,0.0,0.0,0.0,0.0,0.0,0.0,0.0,0.0,0.0,0.0,0.0,0.0
1606,2025-02-02,Unknown,ﾄﾞﾙﾄ,ﾊｲﾃﾞﾝﾊ,1500,1500,0,1500,1500,0,0,0,0,0,0,0,0,0,0,0,0,0,0,0,0,0,0,0,0.0,0.0,0.0,0.0,0.0,0.0,0.0,0.0,0.0,0.0,0.0,0.0,0.0,0.0,0.0,0.0,0.0,0,0,0,0.0,0.0,0.0,0,0,0,0,0,0,0,0,0,0,0,0,0,0,0,2,1606,0.0,0.0,0.0,H,,0.0,0.0,0.0,0.0,0.0,0.0,0.0,0.0,0.0,0.0,0.0,0.0,0.0,0.0,0.0
1606,2025-02-02,Unknown,ﾘｳﾞｧﾌﾟ,ﾆｭｶｯｽﾙ,1500,1500,0,1500,1500,0,0,0,0,0,0,0,0,0,0,0,0,0,0,0,0,0,0,0,0.0,0.0,0.0,0.0,0.0,0.0,0.0,0.0,0.0,0.0,0.0,0.0,0.0,0.0,0.0,0.0,0.0,0,0,0,0.0,0.0,0.0,0,0,0,0,0,0,0,0,0,0,0,0,0,0,0,2,1606,0.0,0.0,0.0,H,,0.0,0.0,0.0,0.0,0.0,0.0,0.0,0.0,0.0,0.0,0.0,0.0,0.0,0.0,0.0
1606,2025-02-02,Unknown,ﾉｯﾃｨﾝ,ｸﾘｽﾀﾙ,1500,1500,0,1500,1500,0,0,0,0,0,0,0,0,0,0,0,0,0,0,0,0,0,0,0,0.0,0.0,0.0,0.0,0.0,0.0,0.0,0.0,0.0,0.0,0.0,0.0,0.0,0.0,0.0,0.0,0.0,0,0,0,0.0,0.0,0.0,0,0,0,0,0,0,0,0,0,0,0,0,0,0,0,2,1606,0.0,0.0,0.0,D,,0.0,0.0,0.0,0.0,0.0,0.0,0.0,0.0,0.0,0.0,0.0,0.0,0.0,0.0,0.0
1606,2025-02-02,Unknown,ﾄﾃﾅﾑ,ﾏﾝC,1500,1500,0,1500,1500,0,0,0,0,0,0,0,0,0,0,0,0,0,0,0,0,0,0,0,0.0,0.0,0.0,0.0,0.0,0.0,0.0,0.0,0.0,0.0,0.0,0.0,0.0,0.0,0.0,0.0,0.0,0,0,0,0.0,0.0,0.0,0,0,0,0,0,0,0,0,0,0,0,0,0,0,0,2,1606,0.0,0.0,0.0,D,,0.0,0.0,0.0,0.0,0.0,0.0,0.0,0.0,0.0,0.0,0.0,0.0,0.0,0.0,0.0
1606,2025-02-02,Unknown,ﾌﾞﾗｲﾄﾝ,ｴｳﾞｧﾄﾝ,1500,1500,0,1500,1500,0,0,0,0,0,0,0,0,0,0,0,0,0,0,0,0,0,0,0,0.0,0.0,0.0,0.0,0.0,0.0,0.0,0.0,0.0,0.0,0.0,0.0,0.0,0.0,0.0,0.0,0.0,0,0,0,0.0,0.0,0.0,0,0,0,0,0,0,0,0,0,0,0,0,0,0,0,2,1606,0.0,0.0,0.0,D,,0.0,0.0,0.0,0.0,0.0,0.0,0.0,0.0,0.0,0.0,0.0,0.0,0.0,0.0,0.0
1606,2025-02-02,Unknown,ﾘｰｽﾞ,ｱｰｾﾅﾙ,1500,1500,0,1500,1500,0,0,0,0,0,0,0,0,0,0,0,0,0,0,0,0,0,0,0,0.0,0.0,0.0,0.0,0.0,0.0,0.0,0.0,0.0,0.0,0.0,0.0,0.0,0.0,0.0,0.0,0.0,0,0,0,0.0,0.0,0.0,0,0,0,0,0,0,0,0,0,0,0,0,0,0,0,2,1606,0.0,0.0,0.0,A,,0.0,0.0,0.0,0.0,0.0,0.0,0.0,0.0,0.0,0.0,0.0,0.0,0.0,0.0,0.0
1605,2025-01-29,Unknown,ﾘｳﾞｧﾌﾟ,ｶﾗﾊﾞﾌ,1500,1500,0,1500,1500,0,0,0,0,0,0,0,0,0,0,0,0,0,0,0,0,0,0,0,0.0,0.0,0.0,0.0,0.0,0.0,0.0,0.0,0.0,0.0,0.0,0.0,0.0,0.0,0.0,0.0,0.0,0,0,0,0.0,0.0,0.0,0,0,0,0,0,0,0,0,0,0,0,0,0,0,0,1,1605,0.0,0.0,0.0,H,,0.0,0.0,0.0,0.0,0.0,0.0,0.0,0.0,0.0,0.0,0.0,0.0,0.0,0.0,0.0
1605,2025-01-29,Unknown,ﾌﾗﾝｸﾌﾙ,ﾄﾃﾅﾑ,1500,1500,0,1500,1500,0,0,0,0,0,0,0,0,0,0,0,0,0,0,0,0,0,0,0,0.0,0.0,0.0,0.0,0.0,0.0,0.0,0.0,0.0,0.0,0.0,0.0,0.0,0.0,0.0,0.0,0.0,0,0,0,0.0,0.0,0.0,0,0,0,0,0,0,0,0,0,0,0,0,0,0,0,1,1605,0.0,0.0,0.0,A,,0.0,0.0,0.0,0.0,0.0,0.0,0.0,0.0,0.0,0.0,0.0,0.0,0.0,0.0,0.0
1605,2025-01-29,Unknown,ｱｲﾝﾄﾎｰ,ﾊﾞｲｴﾙﾝ,1500,1500,0,1500,1500,0,0,0,0,0,0,0,0,0,0,0,0,0,0,0,0,0,0,0,0.0,0.0,0.0,0.0,0.0,0.0,0.0,0.0,0.0,0.0,0.0,0.0,0.0,0.0,0.0,0.0,0.0,0,0,0,0.0,0.0,0.0,0,0,0,0,0,0,0,0,0,0,0,0,0,0,0,1,1605,0.0,0.0,0.0,A,,0.0,0.0,0.0,0.0,0.0,0.0,0.0,0.0,0.0,0.0,0.0,0.0,0.0,0.0,0.0
1605,2025-01-29,Unknown,ﾋﾞﾙﾊﾞｵ,ｽﾎﾟﾙﾃｨ,1500,1500,0,1500,1500,0,0,0,0,0,0,0,0,0,0,0,0,0,0,0,0,0,0,0,0.0,0.0,0.0,0.0,0.0,0.0,0.0,0.0,0.0,0.0,0.0,0.0,0.0,0.0,0.0,0.0,0.0,0,0,0,0.0,0.0,0.0,0,0,0,0,0,0,0,0,0,0,0,0,0,0,0,1,1605,0.0,0.0,0.0,A,,0.0,0.0,0.0,0.0,0.0,0.0,0.0,0.0,0.0,0.0,0.0,0.0,0.0,0.0,0.0
1605,2025-01-29,Unknown,ﾊﾟﾌｫｽ,ｽﾗｳﾞｨｱ,1500,1500,0,1500,1500,0,0,0,0,0,0,0,0,0,0,0,0,0,0,0,0,0,0,0,0.0,0.0,0.0,0.0,0.0,0.0,0.0,0.0,0.0,0.0,0.0,0.0,0.0,0.0,0.0,0.0,0.0,0,0,0,0.0,0.0,0.0,0,0,0,0,0,0,0,0,0,0,0,0,0,0,0,1,1605,0.0,0.0,0.0,H,,0.0,0.0,0.0,0.0,0.0,0.0,0.0,0.0,0.0,0.0,0.0,0.0,0.0,0.0,0.0
1605,2025-01-29,Unknown,ﾄﾞﾙﾄ,ｲﾝﾃﾙ,1500,1500,0,1500,1500,0,0,0,0,0,0,0,0,0,0,0,0,0,0,0,0,0,0,0,0.0,0.0,0.0,0.0,0.0,0.0,0.0,0.0,0.0,0.0,0.0,0.0,0.0,0.0,0.0,0.0,0.0,0,0,0,0.0,0.0,0.0,0,0,0,0,0,0,0,0,0,0,0,0,0,0,0,1,1605,0.0,0.0,0.0,A,,0.0,0.0,0.0,0.0,0.0,0.0,0.0,0.0,0.0,0.0,0.0,0.0,0.0,0.0,0.0
1605,2025-01-29,Unknown,ﾊﾞﾙｾﾛﾅ,ｺﾍﾟﾝﾊｰ,1500,1500,0,1500,1500,0,0,0,0,0,0,0,0,0,0,0,0,0,0,0,0,0,0,0,0.0,0.0,0.0,0.0,0.0,0.0,0.0,0.0,0.0,0.0,0.0,0.0,0.0,0.0,0.0,0.0,0.0,0,0,0,0.0,0.0,0.0,0,0,0,0,0,0,0,0,0,0,0,0,0,0,0,1,1605,0.0,0.0,0.0,H,,0.0,0.0,0.0,0.0,0.0,0.0,0.0,0.0,0.0,0.0,0.0,0.0,0.0,0.0,0.0
1605,2025-01-29,Unknown,ﾅﾎﾟﾘ,ﾁｪﾙｼｰ,1500,1500,0,1500,1500,0,0,0,0,0,0,0,0,0,0,0,0,0,0,0,0,0,0,0,0.0,0.0,0.0,0.0,0.0,0.0,0.0,0.0,0.0,0.0,0.0,0.0,0.0,0.0,0.0,0.0,0.0,0,0,0,0.0,0.0,0.0,0,0,0,0,0,0,0,0,0,0,0,0,0,0,0,1,1605,0.0,0.0,0.0,A,,0.0,0.0,0.0,0.0,0.0,0.0,0.0,0.0,0.0,0.0,0.0,0.0,0.0,0.0,0.0
1605,2025-01-29,Unknown,ﾓﾅｺ,ﾕｳﾞｪﾝﾄ,1500,1500,0,1500,1500,0,0,0,0,0,0,0,0,0,0,0,0,0,0,0,0,0,0,0,0.0,0.0,0.0,0.0,0.0,0.0,0.0,0.0,0.0,0.0,0.0,0.0,0.0,0.0,0.0,0.0,0.0,0,0,0,0.0,0.0,0.0,0,0,0,0,0,0,0,0,0,0,0,0,0,0,0,1,1605,0.0,0.0,0.0,D,,0.0,0.0,0.0,0.0,0.0,0.0,0.0,0.0,0.0,0.0,0.0,0.0,0.0,0.0,0.0
1605,2025-01-29,Unknown,ﾍﾞﾝﾌｨｶ,Rﾏﾄﾞﾘｰ,1500,1500,0,1500,1500,0,0,0,0,0,0,0,0,0,0,0,0,0,0,0,0,0,0,0,0.0,0.0,0.0,0.0,0.0,0.0,0.0,0.0,0.0,0.0,0.0,0.0,0.0,0.0,0.0,0.0,0.0,0,0,0,0.0,0.0,0.0,0,0,0,0,0,0,0,0,0,0,0,0,0,0,0,1,1605,0.0,0.0,0.0,H,,0.0,0.0,0.0,0.0,0.0,0.0,0.0,0.0,0.0,0.0,0.0,0.0,0.0,0.0,0.0
1605,2025-01-29,Unknown,ﾊﾟﾘSG,ﾆｭｶｯｽﾙ,1500,1500,0,1500,1500,0,0,0,0,0,0,0,0,0,0,0,0,0,0,0,0,0,0,0,0.0,0.0,0.0,0.0,0.0,0.0,0.0,0.0,0.0,0.0,0.0,0.0,0.0,0.0,0.0,0.0,0.0,0,0,0,0.0,0.0,0.0,0,0,0,0,0,0,0,0,0,0,0,0,0,0,0,1,1605,0.0,0.0,0.0,D,,0.0,0.0,0.0,0.0,0.0,0.0,0.0,0.0,0.0,0.0,0.0,0.0,0.0,0.0,0.0
1605,2025-01-29,Unknown,ｱｰｾﾅﾙ,ｶｲﾗﾄ,1500,1500,0,1500,1500,0,0,0,0,0,0,0,0,0,0,0,0,0,0,0,0,0,0,0,0.0,0.0,0.0,0.0,0.0,0.0,0.0,0.0,0.0,0.0,0.0,0.0,0.0,0.0,0.0,0.0,0.0,0,0,0,0.0,0.0,0.0,0,0,0,0,0,0,0,0,0,0,0,0,0,0,0,1,1605,0.0,0.0,0.0,H,,0.0,0.0,0.0,0.0,0.0,0.0,0.0,0.0,0.0,0.0,0.0,0.0,0.0,0.0,0.0
1605,2025-01-29,Unknown,ｻﾝｼﾞﾛﾜ,ｱﾀﾗﾝﾀ,1500,1500,0,1500,1500,0,0,0,0,0,0,0,0,0,0,0,0,0,0,0,0,0,0,0,0.0,0.0,0.0,0.0,0.0,0.0,0.0,0.0,0.0,0.0,0.0,0.0,0.0,0.0,0.0,0.0,0.0,0,0,0,0.0,0.0,0.0,0,0,0,0,0,0,0,0,0,0,0,0,0,0,0,1,1605,0.0,0.0,0.0,H,,0.0,0.0,0.0,0.0,0.0,0.0,0.0,0.0,0.0,0.0,0.0,0.0,0.0,0.0,0.0
1604,2025-01-26,Unknown,ﾊﾞｲｴﾙﾝ,ｱｳｸﾞｽ,1500,1500,0,1500,1500,0,0,0,0,0,0,0,0,0,0,0,0,0,0,0,0,0,0,0,0.0,0.0,0.0,0.0,0.0,0.0,0.0,0.0,0.0,0.0,0.0,0.0,0.0,0.0,0.0,0.0,0.0,0,0,0,0.0,0.0,0.0,0,0,0,0,0,0,0,0,0,0,0,0,0,0,0,1,1604,0.0,0.0,0.0,H,,0.0,0.0,0.0,0.0,0.0,0.0,0.0,0.0,0.0,0.0,0.0,0.0,0.0,0.0,0.0
1604,2025-01-26,Unknown,ﾌﾗﾝｸﾌﾙ,ﾎｯﾌｪﾝ,1500,1500,0,1500,1500,0,0,0,0,0,0,0,0,0,0,0,0,0,0,0,0,0,0,0,0.0,0.0,0.0,0.0,0.0,0.0,0.0,0.0,0.0,0.0,0.0,0.0,0.0,0.0,0.0,0.0,0.0,0,0,0,0.0,0.0,0.0,0,0,0,0,0,0,0,0,0,0,0,0,0,0,0,1,1604,0.0,0.0,0.0,A,,0.0,0.0,0.0,0.0,0.0,0.0,0.0,0.0,0.0,0.0,0.0,0.0,0.0,0.0,0.0
1604,2025-01-26,Unknown,ﾚｳﾞｧｰ,ﾌﾞﾚｰﾒﾝ,1500,1500,0,1500,1500,0,0,0,0,0,0,0,0,0,0,0,0,0,0,0,0,0,0,0,0.0,0.0,0.0,0.0,0.0,0.0,0.0,0.0,0.0,0.0,0.0,0.0,0.0,0.0,0.0,0.0,0.0,0,0,0,0.0,0.0,0.0,0,0,0,0,0,0,0,0,0,0,0,0,0,0,0,1,1604,0.0,0.0,0.0,H,,0.0,0.0,0.0,0.0,0.0,0.0,0.0,0.0,0.0,0.0,0.0,0.0,0.0,0.0,0.0
1604,2025-01-26,Unknown,ﾒﾝﾍﾝ,ｼｭﾂｯﾄ,1500,1500,0,1500,1500,0,0,0,0,0,0,0,0,0,0,0,0,0,0,0,0,0,0,0,0.0,0.0,0.0,0.0,0.0,0.0,0.0,0.0,0.0,0.0,0.0,0.0,0.0,0.0,0.0,0.0,0.0,0,0,0,0.0,0.0,0.0,0,0,0,0,0,0,0,0,0,0,0,0,0,0,0,1,1604,0.0,0.0,0.0,A,,0.0,0.0,0.0,0.0,0.0,0.0,0.0,0.0,0.0,0.0,0.0,0.0,0.0,0.0,0.0
1604,2025-01-26,Unknown,ﾌﾗｲﾌﾞﾙ,ｹﾙﾝ,1500,1500,0,1500,1500,0,0,0,0,0,0,0,0,0,0,0,0,0,0,0,0,0,0,0,0.0,0.0,0.0,0.0,0.0,0.0,0.0,0.0,0.0,0.0,0.0,0.0,0.0,0.0,0.0,0.0,0.0,0,0,0,0.0,0.0,0.0,0,0,0,0,0,0,0,0,0,0,0,0,0,0,0,1,1604,0.0,0.0,0.0,H,,0.0,0.0,0.0,0.0,0.0,0.0,0.0,0.0,0.0,0.0,0.0,0.0,0.0,0.0,0.0
1604,2025-01-26,Unknown,ﾏｲﾝﾂ,ｳﾞｫﾙﾌｽ,1500,1500,0,1500,1500,0,0,0,0,0,0,0,0,0,0,0,0,0,0,0,0,0,0,0,0.0,0.0,0.0,0.0,0.0,0.0,0.0,0.0,0.0,0.0,0.0,0.0,0.0,0.0,0.0,0.0,0.0,0,0,0,0.0,0.0,0.0,0,0,0,0,0,0,0,0,0,0,0,0,0,0,0,1,1604,0.0,0.0,0.0,H,,0.0,0.0,0.0,0.0,0.0,0.0,0.0,0.0,0.0,0.0,0.0,0.0,0.0,0.0,0.0
1604,2025-01-26,Unknown,ﾊｲﾃﾞﾝﾊ,ﾗｲﾌﾟﾂｨ,1500,1500,0,1500,1500,0,0,0,0,0,0,0,0,0,0,0,0,0,0,0,0,0,0,0,0.0,0.0,0.0,0.0,0.0,0.0,0.0,0.0,0.0,0.0,0.0,0.0,0.0,0.0,0.0,0.0,0.0,0,0,0,0.0,0.0,0.0,0,0,0,0,0,0,0,0,0,0,0,0,0,0,0,1,1604,0.0,0.0,0.0,A,,0.0,0.0,0.0,0.0,0.0,0.0,0.0,0.0,0.0,0.0,0.0,0.0,0.0,0.0,0.0
1604,2025-01-26,Unknown,ｳﾆｵﾝ,ﾄﾞﾙﾄ,1500,1500,0,1500,1500,0,0,0,0,0,0,0,0,0,0,0,0,0,0,0,0,0,0,0,0.0,0.0,0.0,0.0,0.0,0.0,0.0,0.0,0.0,0.0,0.0,0.0,0.0,0.0,0.0,0.0,0.0,0,0,0,0.0,0.0,0.0,0,0,0,0,0,0,0,0,0,0,0,0,0,0,0,1,1604,0.0,0.0,0.0,A,,0.0,0.0,0.0,0.0,0.0,0.0,0.0,0.0,0.0,0.0,0.0,0.0,0.0,0.0,0.0
1604,2025-01-26,Unknown,ﾌﾗﾑ,ﾌﾞﾗｲﾄﾝ,1500,1500,0,1500,1500,0,0,0,0,0,0,0,0,0,0,0,0,0,0,0,0,0,0,0,0.0,0.0,0.0,0.0,0.0,0.0,0.0,0.0,0.0,0.0,0.0,0.0,0.0,0.0,0.0,0.0,0.0,0,0,0,0.0,0.0,0.0,0,0,0,0,0,0,0,0,0,0,0,0,0,0,0,1,1604,0.0,0.0,0.0,H,,0.0,0.0,0.0,0.0,0.0,0.0,0.0,0.0,0.0,0.0,0.0,0.0,0.0,0.0,0.0
1604,2025-01-26,Unknown,ﾎﾞﾝﾏｳｽ,ﾘｳﾞｧﾌﾟ,1500,1500,0,1500,1500,0,0,0,0,0,0,0,0,0,0,0,0,0,0,0,0,0,0,0,0.0,0.0,0.0,0.0,0.0,0.0,0.0,0.0,0.0,0.0,0.0,0.0,0.0,0.0,0.0,0.0,0.0,0,0,0,0.0,0.0,0.0,0,0,0,0,0,0,0,0,0,0,0,0,0,0,0,1,1604,0.0,0.0,0.0,H,,0.0,0.0,0.0,0.0,0.0,0.0,0.0,0.0,0.0,0.0,0.0,0.0,0.0,0.0,0.0
1604,2025-01-26,Unknown,ｸﾘｽﾀﾙ,ﾁｪﾙｼｰ,1500,1500,0,1500,1500,0,0,0,0,0,0,0,0,0,0,0,0,0,0,0,0,0,0,0,0.0,0.0,0.0,0.0,0.0,0.0,0.0,0.0,0.0,0.0,0.0,0.0,0.0,0.0,0.0,0.0,0.0,0,0,0,0.0,0.0,0.0,0,0,0,0,0,0,0,0,0,0,0,0,0,0,0,1,1604,0.0,0.0,0.0,A,,0.0,0.0,0.0,0.0,0.0,0.0,0.0,0.0,0.0,0.0,0.0,0.0,0.0,0.0,0.0
1604,2025-01-26,Unknown,ﾊﾞｰﾝﾘｰ,ﾄﾃﾅﾑ,1500,1500,0,1500,1500,0,0,0,0,0,0,0,0,0,0,0,0,0,0,0,0,0,0,0,0.0,0.0,0.0,0.0,0.0,0.0,0.0,0.0,0.0,0.0,0.0,0.0,0.0,0.0,0.0,0.0,0.0,0,0,0,0.0,0.0,0.0,0,0,0,0,0,0,0,0,0,0,0,0,0,0,0,1,1604,0.0,0.0,0.0,D,,0.0,0.0,0.0,0.0,0.0,0.0,0.0,0.0,0.0,0.0,0.0,0.0,0.0,0.0,0.0
1604,2025-01-26,Unknown,ｱｰｾﾅﾙ,ﾏﾝU,1500,1500,0,1500,1500,0,0,0,0,0,0,0,0,0,0,0,0,0,0,0,0,0,0,0,0.0,0.0,0.0,0.0,0.0,0.0,0.0,0.0,0.0,0.0,0.0,0.0,0.0,0.0,0.0,0.0,0.0,0,0,0,0.0,0.0,0.0,0,0,0,0,0,0,0,0,0,0,0,0,0,0,0,1,1604,0.0,0.0,0.0,A,,0.0,0.0,0.0,0.0,0.0,0.0,0.0,0.0,0.0,0.0,0.0,0.0,0.0,0.0,0.0
1603,2025-01-18,Unknown,ﾎｯﾌｪﾝ,ﾚｳﾞｧｰ,1500,1500,0,1500,1500,0,0,0,0,0,0,0,0,0,0,0,0,0,0,0,0,0,0,0,0.0,0.0,0.0,0.0,0.0,0.0,0.0,0.0,0.0,0.0,0.0,0.0,0.0,0.0,0.0,0.0,0.0,0,0,0,0.0,0.0,0.0,0,0,0,0,0,0,0,0,0,0,0,0,0,0,0,1,1603,0.0,0.0,0.0,H,,0.0,0.0,0.0,0.0,0.0,0.0,0.0,0.0,0.0,0.0,0.0,0.0,0.0,0.0,0.0
1603,2025-01-18,Unknown,ﾊﾝﾌﾞﾙｶ,ﾒﾝﾍﾝ,1500,1500,0,1500,1500,0,0,0,0,0,0,0,0,0,0,0,0,0,0,0,0,0,0,0,0.0,0.0,0.0,0.0,0.0,0.0,0.0,0.0,0.0,0.0,0.0,0.0,0.0,0.0,0.0,0.0,0.0,0,0,0,0.0,0.0,0.0,0,0,0,0,0,0,0,0,0,0,0,0,0,0,0,1,1603,0.0,0.0,0.0,A,,0.0,0.0,0.0,0.0,0.0,0.0,0.0,0.0,0.0,0.0,0.0,0.0,0.0,0.0,0.0
1603,2025-01-18,Unknown,ﾄﾞﾙﾄ,ﾊﾟｳﾘ,1500,1500,0,1500,1500,0,0,0,0,0,0,0,0,0,0,0,0,0,0,0,0,0,0,0,0.0,0.0,0.0,0.0,0.0,0.0,0.0,0.0,0.0,0.0,0.0,0.0,0.0,0.0,0.0,0.0,0.0,0,0,0,0.0,0.0,0.0,0,0,0,0,0,0,0,0,0,0,0,0,0,0,0,1,1603,0.0,0.0,0.0,H,,0.0,0.0,0.0,0.0,0.0,0.0,0.0,0.0,0.0,0.0,0.0,0.0,0.0,0.0,0.0
1603,2025-01-18,Unknown,ｹﾙﾝ,ﾏｲﾝﾂ,1500,1500,0,1500,1500,0,0,0,0,0,0,0,0,0,0,0,0,0,0,0,0,0,0,0,0.0,0.0,0.0,0.0,0.0,0.0,0.0,0.0,0.0,0.0,0.0,0.0,0.0,0.0,0.0,0.0,0.0,0,0,0,0.0,0.0,0.0,0,0,0,0,0,0,0,0,0,0,0,0,0,0,0,1,1603,0.0,0.0,0.0,H,,0.0,0.0,0.0,0.0,0.0,0.0,0.0,0.0,0.0,0.0,0.0,0.0,0.0,0.0,0.0
1603,2025-01-18,Unknown,ﾗｲﾌﾟﾂｨ,ﾊﾞｲｴﾙﾝ,1500,1500,0,1500,1500,0,0,0,0,0,0,0,0,0,0,0,0,0,0,0,0,0,0,0,0.0,0.0,0.0,0.0,0.0,0.0,0.0,0.0,0.0,0.0,0.0,0.0,0.0,0.0,0.0,0.0,0.0,0,0,0,0.0,0.0,0.0,0,0,0,0,0,0,0,0,0,0,0,0,0,0,0,1,1603,0.0,0.0,0.0,A,,0.0,0.0,0.0,0.0,0.0,0.0,0.0,0.0,0.0,0.0,0.0,0.0,0.0,0.0,0.0
1603,2025-01-18,Unknown,ｳﾞｫﾙﾌｽ,ﾊｲﾃﾞﾝﾊ,1500,1500,0,1500,1500,0,0,0,0,0,0,0,0,0,0,0,0,0,0,0,0,0,0,0,0.0,0.0,0.0,0.0,0.0,0.0,0.0,0.0,0.0,0.0,0.0,0.0,0.0,0.0,0.0,0.0,0.0,0,0,0,0.0,0.0,0.0,0,0,0,0,0,0,0,0,0,0,0,0,0,0,0,1,1603,0.0,0.0,0.0,D,,0.0,0.0,0.0,0.0,0.0,0.0,0.0,0.0,0.0,0.0,0.0,0.0,0.0,0.0,0.0
1603,2025-01-18,Unknown,ﾘｳﾞｧﾌﾟ,ﾊﾞｰﾝﾘｰ,1500,1500,0,1500,1500,0,0,0,0,0,0,0,0,0,0,0,0,0,0,0,0,0,0,0,0.0,0.0,0.0,0.0,0.0,0.0,0.0,0.0,0.0,0.0,0.0,0.0,0.0,0.0,0.0,0.0,0.0,0,0,0,0.0,0.0,0.0,0,0,0,0,0,0,0,0,0,0,0,0,0,0,0,1,1603,0.0,0.0,0.0,D,,0.0,0.0,0.0,0.0,0.0,0.0,0.0,0.0,0.0,0.0,0.0,0.0,0.0,0.0,0.0
1603,2025-01-18,Unknown,ｻﾝﾀﾞｰ,ｸﾘｽﾀﾙ,1500,1500,0,1500,1500,0,0,0,0,0,0,0,0,0,0,0,0,0,0,0,0,0,0,0,0.0,0.0,0.0,0.0,0.0,0.0,0.0,0.0,0.0,0.0,0.0,0.0,0.0,0.0,0.0,0.0,0.0,0,0,0,0.0,0.0,0.0,0,0,0,0,0,0,0,0,0,0,0,0,0,0,0,1,1603,0.0,0.0,0.0,H,,0.0,0.0,0.0,0.0,0.0,0.0,0.0,0.0,0.0,0.0,0.0,0.0,0.0,0.0,0.0
1603,2025-01-18,Unknown,ﾄﾃﾅﾑ,ｳｪｽﾄﾊﾑ,1500,1500,0,1500,1500,0,0,0,0,0,0,0,0,0,0,0,0,0,0,0,0,0,0,0,0.0,0.0,0.0,0.0,0.0,0.0,0.0,0.0,0.0,0.0,0.0,0.0,0.0,0.0,0.0,0.0,0.0,0,0,0,0.0,0.0,0.0,0,0,0,0,0,0,0,0,0,0,0,0,0,0,0,1,1603,0.0,0.0,0.0,A,,0.0,0.0,0.0,0.0,0.0,0.0,0.0,0.0,0.0,0.0,0.0,0.0,0.0,0.0,0.0
1603,2025-01-18,Unknown,ﾘｰｽﾞ,ﾌﾗﾑ,1500,1500,0,1500,1500,0,0,0,0,0,0,0,0,0,0,0,0,0,0,0,0,0,0,0,0.0,0.0,0.0,0.0,0.0,0.0,0.0,0.0,0.0,0.0,0.0,0.0,0.0,0.0,0.0,0.0,0.0,0,0,0,0.0,0.0,0.0,0,0,0,0,0,0,0,0,0,0,0,0,0,0,0,1,1603,0.0,0.0,0.0,H,,0.0,0.0,0.0,0.0,0.0,0.0,0.0,0.0,0.0,0.0,0.0,0.0,0.0,0.0,0.0
1603,2025-01-18,Unknown,ﾉｯﾃｨﾝ,ｱｰｾﾅﾙ,1500,1500,0,1500,1500,0,0,0,0,0,0,0,0,0,0,0,0,0,0,0,0,0,0,0,0.0,0.0,0.0,0.0,0.0,0.0,0.0,0.0,0.0,0.0,0.0,0.0,0.0,0.0,0.0,0.0,0.0,0,0,0,0.0,0.0,0.0,0,0,0,0,0,0,0,0,0,0,0,0,0,0,0,1,1603,0.0,0.0,0.0,D,,0.0,0.0,0.0,0.0,0.0,0.0,0.0,0.0,0.0,0.0,0.0,0.0,0.0,0.0,0.0
1603,2025-01-18,Unknown,ﾏﾝU,ﾏﾝC,1500,1500,0,1500,1500,0,0,0,0,0,0,0,0,0,0,0,0,0,0,0,0,0,0,0,0.0,0.0,0.0,0.0,0.0,0.0,0.0,0.0,0.0,0.0,0.0,0.0,0.0,0.0,0.0,0.0,0.0,0,0,0,0.0,0.0,0.0,0,0,0,0,0,0,0,0,0,0,0,0,0,0,0,1,1603,0.0,0.0,0.0,H,,0.0,0.0,0.0,0.0,0.0,0.0,0.0,0.0,0.0,0.0,0.0,0.0,0.0,0.0,0.0
1603,2025-01-18,Unknown,ﾁｪﾙｼｰ,ﾌﾞﾚﾝﾄ,1500,1500,0,1500,1500,0,0,0,0,0,0,0,0,0,0,0,0,0,0,0,0,0,0,0,0.0,0.0,0.0,0.0,0.0,0.0,0.0,0.0,0.0,0.0,0.0,0.0,0.0,0.0,0.0,0.0,0.0,0,0,0,0.0,0.0,0.0,0,0,0,0,0,0,0,0,0,0,0,0,0,0,0,1,1603,0.0,0.0,0.0,H,,0.0,0.0,0.0,0.0,0.0,0.0,0.0,0.0,0.0,0.0,0.0,0.0,0.0,0.0,0.0
1602,2025-01-12,Unknown,ﾌﾗﾝｸﾌﾙ,ﾄﾞﾙﾄ,1500,1500,0,1500,1500,0,0,0,0,0,0,0,0,0,0,0,0,0,0,0,0,0,0,0,0.0,0.0,0.0,0.0,0.0,0.0,0.0,0.0,0.0,0.0,0.0,0.0,0.0,0.0,0.0,0.0,0.0,0,0,0,0.0,0.0,0.0,0,0,0,0,0,0,0,0,0,0,0,0,0,0,0,1,1602,0.0,0.0,0.0,H,,0.0,0.0,0.0,0.0,0.0,0.0,0.0,0.0,0.0,0.0,0.0,0.0,0.0,0.0,0.0
1602,2025-01-12,Unknown,ﾌﾞﾚｰﾒﾝ,ﾎｯﾌｪﾝ,1500,1500,0,1500,1500,0,0,0,0,0,0,0,0,0,0,0,0,0,0,0,0,0,0,0,0.0,0.0,0.0,0.0,0.0,0.0,0.0,0.0,0.0,0.0,0.0,0.0,0.0,0.0,0.0,0.0,0.0,0,0,0,0.0,0.0,0.0,0,0,0,0,0,0,0,0,0,0,0,0,0,0,0,1,1602,0.0,0.0,0.0,A,,0.0,0.0,0.0,0.0,0.0,0.0,0.0,0.0,0.0,0.0,0.0,0.0,0.0,0.0,0.0
1602,2025-01-12,Unknown,ﾊﾟｳﾘ,ﾗｲﾌﾟﾂｨ,1500,1500,0,1500,1500,0,0,0,0,0,0,0,0,0,0,0,0,0,0,0,0,0,0,0,0.0,0.0,0.0,0.0,0.0,0.0,0.0,0.0,0.0,0.0,0.0,0.0,0.0,0.0,0.0,0.0,0.0,0,0,0,0.0,0.0,0.0,0,0,0,0,0,0,0,0,0,0,0,0,0,0,0,1,1602,0.0,0.0,0.0,,,0.0,0.0,0.0,0.0,0.0,0.0,0.0,0.0,0.0,0.0,0.0,0.0,0.0,0.0,0.0
1602,2025-01-12,Unknown,ﾊﾞｲｴﾙﾝ,ｳﾞｫﾙﾌｽ,1500,1500,0,1500,1500,0,0,0,0,0,0,0,0,0,0,0,0,0,0,0,0,0,0,0,0.0,0.0,0.0,0.0,0.0,0.0,0.0,0.0,0.0,0.0,0.0,0.0,0.0,0.0,0.0,0.0,0.0,0,0,0,0.0,0.0,0.0,0,0,0,0,0,0,0,0,0,0,0,0,0,0,0,1,1602,0.0,0.0,0.0,H,,0.0,0.0,0.0,0.0,0.0,0.0,0.0,0.0,0.0,0.0,0.0,0.0,0.0,0.0,0.0
1602,2025-01-12,Unknown,ﾌﾗｲﾌﾞﾙ,ﾊﾝﾌﾞﾙｶ,1500,1500,0,1500,1500,0,0,0,0,0,0,0,0,0,0,0,0,0,0,0,0,0,0,0,0.0,0.0,0.0,0.0,0.0,0.0,0.0,0.0,0.0,0.0,0.0,0.0,0.0,0.0,0.0,0.0,0.0,0,0,0,0.0,0.0,0.0,0,0,0,0,0,0,0,0,0,0,0,0,0,0,0,1,1602,0.0,0.0,0.0,H,,0.0,0.0,0.0,0.0,0.0,0.0,0.0,0.0,0.0,0.0,0.0,0.0,0.0,0.0,0.0
1601,2025-01-08,Unknown,ﾎﾞﾝﾏｳｽ,ﾄﾃﾅﾑ,1500,1500,0,1500,1500,0,0,0,0,0,0,0,0,0,0,0,0,0,0,0,0,0,0,0,0.0,0.0,0.0,0.0,0.0,0.0,0.0,0.0,0.0,0.0,0.0,0.0,0.0,0.0,0.0,0.0,0.0,0,0,0,0.0,0.0,0.0,0,0,0,0,0,0,0,0,0,0,0,0,0,0,0,1,1601,0.0,0.0,0.0,H,,0.0,0.0,0.0,0.0,0.0,0.0,0.0,0.0,0.0,0.0,0.0,0.0,0.0,0.0,0.0
1601,2025-01-08,Unknown,ｸﾘｽﾀﾙ,ｱｽﾄﾝ,1500,1500,0,1500,1500,0,0,0,0,0,0,0,0,0,0,0,0,0,0,0,0,0,0,0,0.0,0.0,0.0,0.0,0.0,0.0,0.0,0.0,0.0,0.0,0.0,0.0,0.0,0.0,0.0,0.0,0.0,0,0,0,0.0,0.0,0.0,0,0,0,0,0,0,0,0,0,0,0,0,0,0,0,1,1601,0.0,0.0,0.0,A,,0.0,0.0,0.0,0.0,0.0,0.0,0.0,0.0,0.0,0.0,0.0,0.0,0.0,0.0,0.0
1601,2025-01-08,Unknown,ﾏﾝC,ﾌﾞﾗｲﾄﾝ,1500,1500,0,1500,1500,0,0,0,0,0,0,0,0,0,0,0,0,0,0,0,0,0,0,0,0.0,0.0,0.0,0.0,0.0,0.0,0.0,0.0,0.0,0.0,0.0,0.0,0.0,0.0,0.0,0.0,0.0,0,0,0,0.0,0.0,0.0,0,0,0,0,0,0,0,0,0,0,0,0,0,0,0,1,1601,0.0,0.0,0.0,D,,0.0,0.0,0.0,0.0,0.0,0.0,0.0,0.0,0.0,0.0,0.0,0.0,0.0,0.0,0.0
1601,2025-01-08,Unknown,ﾌﾗﾑ,ﾁｪﾙｼｰ,1500,1500,0,1500,1500,0,0,0,0,0,0,0,0,0,0,0,0,0,0,0,0,0,0,0,0.0,0.0,0.0,0.0,0.0,0.0,0.0,0.0,0.0,0.0,0.0,0.0,0.0,0.0,0.0,0.0,0.0,0,0,0,0.0,0.0,0.0,0,0,0,0,0,0,0,0,0,0,0,0,0,0,0,1,1601,0.0,0.0,0.0,H,,0.0,0.0,0.0,0.0,0.0,0.0,0.0,0.0,0.0,0.0,0.0,0.0,0.0,0.0,0.0
1601,2025-01-08,Unknown,ﾆｭｶｯｽﾙ,ﾘｰｽﾞ,1500,1500,0,1500,1500,0,0,0,0,0,0,0,0,0,0,0,0,0,0,0,0,0,0,0,0.0,0.0,0.0,0.0,0.0,0.0,0.0,0.0,0.0,0.0,0.0,0.0,0.0,0.0,0.0,0.0,0.0,0,0,0,0.0,0.0,0.0,0,0,0,0,0,0,0,0,0,0,0,0,0,0,0,1,1601,0.0,0.0,0.0,H,,0.0,0.0,0.0,0.0,0.0,0.0,0.0,0.0,0.0,0.0,0.0,0.0,0.0,0.0,0.0
1600,2025-01-05,Unknown,ﾘｰｽﾞ,ﾏﾝU,1500,1500,0,1500,1500,0,0,0,0,0,0,0,0,0,0,0,0,0,0,0,0,0,0,0,0.0,0.0,0.0,0.0,0.0,0.0,0.0,0.0,0.0,0.0,0.0,0.0,0.0,0.0,0.0,0.0,0.0,0,0,0,0.0,0.0,0.0,0,0,0,0,0,0,0,0,0,0,0,0,0,0,0,1,1600,0.0,0.0,0.0,H,,0.0,0.0,0.0,0.0,0.0,0.0,0.0,0.0,0.0,0.0,0.0,0.0,0.0,0.0,0.0
1600,2025-01-05,Unknown,ﾌﾗﾑ,ﾘｳﾞｧﾌﾟ,1500,1500,0,1500,1500,0,0,0,0,0,0,0,0,0,0,0,0,0,0,0,0,0,0,0,0.0,0.0,0.0,0.0,0.0,0.0,0.0,0.0,0.0,0.0,0.0,0.0,0.0,0.0,0.0,0.0,0.0,0,0,0,0.0,0.0,0.0,0,0,0,0,0,0,0,0,0,0,0,0,0,0,0,1,1600,0.0,0.0,0.0,A,,0.0,0.0,0.0,0.0,0.0,0.0,0.0,0.0,0.0,0.0,0.0,0.0,0.0,0.0,0.0
1600,2025-01-05,Unknown,ﾆｭｶｯｽﾙ,ｸﾘｽﾀﾙ,1500,1500,0,1500,1500,0,0,0,0,0,0,0,0,0,0,0,0,0,0,0,0,0,0,0,0.0,0.0,0.0,0.0,0.0,0.0,0.0,0.0,0.0,0.0,0.0,0.0,0.0,0.0,0.0,0.0,0.0,0,0,0,0.0,0.0,0.0,0,0,0,0,0,0,0,0,0,0,0,0,0,0,0,1,1600,0.0,0.0,0.0,H,,0.0,0.0,0.0,0.0,0.0,0.0,0.0,0.0,0.0,0.0,0.0,0.0,0.0,0.0,0.0
1600,2025-01-05,Unknown,ﾄﾃﾅﾑ,ｻﾝﾀﾞｰ,1500,1500,0,1500,1500,0,0,0,0,0,0,0,0,0,0,0,0,0,0,0,0,0,0,0,0.0,0.0,0.0,0.0,0.0,0.0,0.0,0.0,0.0,0.0,0.0,0.0,0.0,0.0,0.0,0.0,0.0,0,0,0,0.0,0.0,0.0,0,0,0,0,0,0,0,0,0,0,0,0,0,0,0,1,1600,0.0,0.0,0.0,D,,0.0,0.0,0.0,0.0,0.0,0.0,0.0,0.0,0.0,0.0,0.0,0.0,0.0,0.0,0.0
1600,2025-01-05,Unknown,ﾏﾝC,ﾁｪﾙｼｰ,1500,1500,0,1500,1500,0,0,0,0,0,0,0,0,0,0,0,0,0,0,0,0,0,0,0,0.0,0.0,0.0,0.0,0.0,0.0,0.0,0.0,0.0,0.0,0.0,0.0,0.0,0.0,0.0,0.0,0.0,0,0,0,0.0,0.0,0.0,0,0,0,0,0,0,0,0,0,0,0,0,0,0,0,1,1600,0.0,0.0,0.0,D,,0.0,0.0,0.0,0.0,0.0,0.0,0.0,0.0,0.0,0.0,0.0,0.0,0.0,0.0,0.0
1599,2025-01-02,Unknown,ｸﾘｽﾀﾙ,1,1500,1500,0,1500,1500,0,0,0,0,0,0,0,0,0,0,0,0,0,0,0,0,0,0,0,0.0,0.0,0.0,0.0,0.0,0.0,0.0,0.0,0.0,0.0,0.0,0.0,0.0,0.0,0.0,0.0,0.0,0,0,0,0.0,0.0,0.0,0,0,0,0,0,0,0,0,0,0,0,0,0,0,0,1,1599,0.0,0.0,0.0,H,,0.0,0.0,0.0,0.0,0.0,0.0,0.0,0.0,0.0,0.0,0.0,0.0,0.0,0.0,0.0
1599,2025-01-02,Unknown,ﾘｳﾞｧﾌﾟ,0,1500,1500,0,1500,1500,0,0,0,0,0,0,0,0,0,0,0,0,0,0,0,0,0,0,0,0.0,0.0,0.0,0.0,0.0,0.0,0.0,0.0,0.0,0.0,0.0,0.0,0.0,0.0,0.0,0.0,0.0,0,0,0,0.0,0.0,0.0,0,0,0,0,0,0,0,0,0,0,0,0,0,0,0,1,1599,0.0,0.0,0.0,D,,0.0,0.0,0.0,0.0,0.0,0.0,0.0,0.0,0.0,0.0,0.0,0.0,0.0,0.0,0.0
1599,2025-01-02,Unknown,ﾌﾞﾚﾝﾄ,0,1500,1500,0,1500,1500,0,0,0,0,0,0,0,0,0,0,0,0,0,0,0,0,0,0,0,0.0,0.0,0.0,0.0,0.0,0.0,0.0,0.0,0.0,0.0,0.0,0.0,0.0,0.0,0.0,0.0,0.0,0,0,0,0.0,0.0,0.0,0,0,0,0,0,0,0,0,0,0,0,0,0,0,0,1,1599,0.0,0.0,0.0,D,,0.0,0.0,0.0,0.0,0.0,0.0,0.0,0.0,0.0,0.0,0.0,0.0,0.0,0.0,0.0
1598,2024-12-31,Unknown,ﾁｪﾙｼｰ,ﾎﾞﾝﾏｳｽ,1500,1500,0,1500,1500,0,0,0,0,0,0,0,0,0,0,0,0,0,0,0,0,0,0,0,0.0,0.0,0.0,0.0,0.0,0.0,0.0,0.0,0.0,0.0,0.0,0.0,0.0,0.0,0.0,0.0,0.0,0,0,0,0.0,0.0,0.0,0,0,0,0,0,0,0,0,0,0,0,0,0,0,0,12,1598,0.0,0.0,0.0,H,,0.0,0.0,0.0,0.0,0.0,0.0,0.0,0.0,0.0,0.0,0.0,0.0,0.0,0.0,0.0
1598,2024-12-31,Unknown,ｳｪｽﾄﾊﾑ,ﾌﾞﾗｲﾄﾝ,1500,1500,0,1500,1500,0,0,0,0,0,0,0,0,0,0,0,0,0,0,0,0,0,0,0,0.0,0.0,0.0,0.0,0.0,0.0,0.0,0.0,0.0,0.0,0.0,0.0,0.0,0.0,0.0,0.0,0.0,0,0,0,0.0,0.0,0.0,0,0,0,0,0,0,0,0,0,0,0,0,0,0,0,12,1598,0.0,0.0,0.0,A,,0.0,0.0,0.0,0.0,0.0,0.0,0.0,0.0,0.0,0.0,0.0,0.0,0.0,0.0,0.0
1598,2024-12-31,Unknown,ﾊﾞｰﾝﾘｰ,ﾆｭｶｯｽﾙ,1500,1500,0,1500,1500,0,0,0,0,0,0,0,0,0,0,0,0,0,0,0,0,0,0,0,0.0,0.0,0.0,0.0,0.0,0.0,0.0,0.0,0.0,0.0,0.0,0.0,0.0,0.0,0.0,0.0,0.0,0,0,0,0.0,0.0,0.0,0,0,0,0,0,0,0,0,0,0,0,0,0,0,0,12,1598,0.0,0.0,0.0,A,,0.0,0.0,0.0,0.0,0.0,0.0,0.0,0.0,0.0,0.0,0.0,0.0,0.0,0.0,0.0
1598,2024-12-31,Unknown,ｱｰｾﾅﾙ,ｱｽﾄﾝ,1500,1500,0,1500,1500,0,0,0,0,0,0,0,0,0,0,0,0,0,0,0,0,0,0,0,0.0,0.0,0.0,0.0,0.0,0.0,0.0,0.0,0.0,0.0,0.0,0.0,0.0,0.0,0.0,0.0,0.0,0,0,0,0.0,0.0,0.0,0,0,0,0,0,0,0,0,0,0,0,0,0,0,0,12,1598,0.0,0.0,0.0,H,,0.0,0.0,0.0,0.0,0.0,0.0,0.0,0.0,0.0,0.0,0.0,0.0,0.0,0.0,0.0
1598,2024-12-31,Unknown,ﾏﾝU,ｳﾙｳﾞｧｰ,1500,1500,0,1500,1500,0,0,0,0,0,0,0,0,0,0,0,0,0,0,0,0,0,0,0,0.0,0.0,0.0,0.0,0.0,0.0,0.0,0.0,0.0,0.0,0.0,0.0,0.0,0.0,0.0,0.0,0.0,0,0,0,0.0,0.0,0.0,0,0,0,0,0,0,0,0,0,0,0,0,0,0,0,12,1598,0.0,0.0,0.0,D,,0.0,0.0,0.0,0.0,0.0,0.0,0.0,0.0,0.0,0.0,0.0,0.0,0.0,0.0,0.0
1597,2024-12-28,Unknown,ﾏﾝU,ﾆｭｶｯｽﾙ,1500,1500,0,1500,1500,0,0,0,0,0,0,0,0,0,0,0,0,0,0,0,0,0,0,0,0.0,0.0,0.0,0.0,0.0,0.0,0.0,0.0,0.0,0.0,0.0,0.0,0.0,0.0,0.0,0.0,0.0,0,0,0,0.0,0.0,0.0,0,0,0,0,0,0,0,0,0,0,0,0,0,0,0,12,1597,0.0,0.0,0.0,H,,0.0,0.0,0.0,0.0,0.0,0.0,0.0,0.0,0.0,0.0,0.0,0.0,0.0,0.0,0.0
1597,2024-12-28,Unknown,ﾉｯﾃｨﾝ,ﾏﾝC,1500,1500,0,1500,1500,0,0,0,0,0,0,0,0,0,0,0,0,0,0,0,0,0,0,0,0.0,0.0,0.0,0.0,0.0,0.0,0.0,0.0,0.0,0.0,0.0,0.0,0.0,0.0,0.0,0.0,0.0,0,0,0,0.0,0.0,0.0,0,0,0,0,0,0,0,0,0,0,0,0,0,0,0,12,1597,0.0,0.0,0.0,A,,0.0,0.0,0.0,0.0,0.0,0.0,0.0,0.0,0.0,0.0,0.0,0.0,0.0,0.0,0.0
1597,2024-12-28,Unknown,ｱｰｾﾅﾙ,ﾌﾞﾗｲﾄﾝ,1500,1500,0,1500,1500,0,0,0,0,0,0,0,0,0,0,0,0,0,0,0,0,0,0,0,0.0,0.0,0.0,0.0,0.0,0.0,0.0,0.0,0.0,0.0,0.0,0.0,0.0,0.0,0.0,0.0,0.0,0,0,0,0.0,0.0,0.0,0,0,0,0,0,0,0,0,0,0,0,0,0,0,0,12,1597,0.0,0.0,0.0,H,,0.0,0.0,0.0,0.0,0.0,0.0,0.0,0.0,0.0,0.0,0.0,0.0,0.0,0.0,0.0
1597,2024-12-28,Unknown,ﾘｳﾞｧﾌﾟ,ｳﾙｳﾞｧｰ,1500,1500,0,1500,1500,0,0,0,0,0,0,0,0,0,0,0,0,0,0,0,0,0,0,0,0.0,0.0,0.0,0.0,0.0,0.0,0.0,0.0,0.0,0.0,0.0,0.0,0.0,0.0,0.0,0.0,0.0,0,0,0,0.0,0.0,0.0,0,0,0,0,0,0,0,0,0,0,0,0,0,0,0,12,1597,0.0,0.0,0.0,H,,0.0,0.0,0.0,0.0,0.0,0.0,0.0,0.0,0.0,0.0,0.0,0.0,0.0,0.0,0.0
1597,2024-12-28,Unknown,ﾌﾞﾚﾝﾄ,ﾎﾞﾝﾏｳｽ,1500,1500,0,1500,1500,0,0,0,0,0,0,0,0,0,0,0,0,0,0,0,0,0,0,0,0.0,0.0,0.0,0.0,0.0,0.0,0.0,0.0,0.0,0.0,0.0,0.0,0.0,0.0,0.0,0.0,0.0,0,0,0,0.0,0.0,0.0,0,0,0,0,0,0,0,0,0,0,0,0,0,0,0,12,1597,0.0,0.0,0.0,H,,0.0,0.0,0.0,0.0,0.0,0.0,0.0,0.0,0.0,0.0,0.0,0.0,0.0,0.0,0.0
1596,2024-12-21,Unknown,ｼｭﾂｯﾄ,ﾎｯﾌｪﾝ,1500,1500,0,1500,1500,0,0,0,0,0,0,0,0,0,0,0,0,0,0,0,0,0,0,0,0.0,0.0,0.0,0.0,0.0,0.0,0.0,0.0,0.0,0.0,0.0,0.0,0.0,0.0,0.0,0.0,0.0,0,0,0,0.0,0.0,0.0,0,0,0,0,0,0,0,0,0,0,0,0,0,0,0,12,1596,0.0,0.0,0.0,H,,0.0,0.0,0.0,0.0,0.0,0.0,0.0,0.0,0.0,0.0,0.0,0.0,0.0,0.0,0.0
1596,2024-12-21,Unknown,ｱｳｸﾞｽ,ﾌﾞﾚｰﾒﾝ,1500,1500,0,1500,1500,0,0,0,0,0,0,0,0,0,0,0,0,0,0,0,0,0,0,0,0.0,0.0,0.0,0.0,0.0,0.0,0.0,0.0,0.0,0.0,0.0,0.0,0.0,0.0,0.0,0.0,0.0,0,0,0,0.0,0.0,0.0,0,0,0,0,0,0,0,0,0,0,0,0,0,0,0,12,1596,0.0,0.0,0.0,A,,0.0,0.0,0.0,0.0,0.0,0.0,0.0,0.0,0.0,0.0,0.0,0.0,0.0,0.0,0.0
1596,2024-12-21,Unknown,ﾊﾝﾌﾞﾙｶ,ﾌﾗﾝｸﾌﾙ,1500,1500,0,1500,1500,0,0,0,0,0,0,0,0,0,0,0,0,0,0,0,0,0,0,0,0.0,0.0,0.0,0.0,0.0,0.0,0.0,0.0,0.0,0.0,0.0,0.0,0.0,0.0,0.0,0.0,0.0,0,0,0,0.0,0.0,0.0,0,0,0,0,0,0,0,0,0,0,0,0,0,0,0,12,1596,0.0,0.0,0.0,D,,0.0,0.0,0.0,0.0,0.0,0.0,0.0,0.0,0.0,0.0,0.0,0.0,0.0,0.0,0.0
1596,2024-12-21,Unknown,ｳﾞｫﾙﾌｽ,ﾌﾗｲﾌﾞﾙ,1500,1500,0,1500,1500,0,0,0,0,0,0,0,0,0,0,0,0,0,0,0,0,0,0,0,0.0,0.0,0.0,0.0,0.0,0.0,0.0,0.0,0.0,0.0,0.0,0.0,0.0,0.0,0.0,0.0,0.0,0,0,0,0.0,0.0,0.0,0,0,0,0,0,0,0,0,0,0,0,0,0,0,0,12,1596,0.0,0.0,0.0,A,,0.0,0.0,0.0,0.0,0.0,0.0,0.0,0.0,0.0,0.0,0.0,0.0,0.0,0.0,0.0
1596,2024-12-21,Unknown,ﾗｲﾌﾟﾂｨ,ﾚｳﾞｧｰ,1500,1500,0,1500,1500,0,0,0,0,0,0,0,0,0,0,0,0,0,0,0,0,0,0,0,0.0,0.0,0.0,0.0,0.0,0.0,0.0,0.0,0.0,0.0,0.0,0.0,0.0,0.0,0.0,0.0,0.0,0,0,0,0.0,0.0,0.0,0,0,0,0,0,0,0,0,0,0,0,0,0,0,0,12,1596,0.0,0.0,0.0,A,,0.0,0.0,0.0,0.0,0.0,0.0,0.0,0.0,0.0,0.0,0.0,0.0,0.0,0.0,0.0
1596,2024-12-21,Unknown,ｹﾙﾝ,ｳﾆｵﾝ,1500,1500,0,1500,1500,0,0,0,0,0,0,0,0,0,0,0,0,0,0,0,0,0,0,0,0.0,0.0,0.0,0.0,0.0,0.0,0.0,0.0,0.0,0.0,0.0,0.0,0.0,0.0,0.0,0.0,0.0,0,0,0,0.0,0.0,0.0,0,0,0,0,0,0,0,0,0,0,0,0,0,0,0,12,1596,0.0,0.0,0.0,A,,0.0,0.0,0.0,0.0,0.0,0.0,0.0,0.0,0.0,0.0,0.0,0.0,0.0,0.0,0.0
1596,2024-12-21,Unknown,ﾌﾞﾗｲﾄﾝ,ｻﾝﾀﾞｰ,1500,1500,0,1500,1500,0,0,0,0,0,0,0,0,0,0,0,0,0,0,0,0,0,0,0,0.0,0.0,0.0,0.0,0.0,0.0,0.0,0.0,0.0,0.0,0.0,0.0,0.0,0.0,0.0,0.0,0.0,0,0,0,0.0,0.0,0.0,0,0,0,0,0,0,0,0,0,0,0,0,0,0,0,12,1596,0.0,0.0,0.0,D,,0.0,0.0,0.0,0.0,0.0,0.0,0.0,0.0,0.0,0.0,0.0,0.0,0.0,0.0,0.0
1596,2024-12-21,Unknown,ﾄﾃﾅﾑ,ﾘｳﾞｧﾌﾟ,1500,1500,0,1500,1500,0,0,0,0,0,0,0,0,0,0,0,0,0,0,0,0,0,0,0,0.0,0.0,0.0,0.0,0.0,0.0,0.0,0.0,0.0,0.0,0.0,0.0,0.0,0.0,0.0,0.0,0.0,0,0,0,0.0,0.0,0.0,0,0,0,0,0,0,0,0,0,0,0,0,0,0,0,12,1596,0.0,0.0,0.0,A,,0.0,0.0,0.0,0.0,0.0,0.0,0.0,0.0,0.0,0.0,0.0,0.0,0.0,0.0,0.0
1596,2024-12-21,Unknown,ﾘｰｽﾞ,ｸﾘｽﾀﾙ,1500,1500,0,1500,1500,0,0,0,0,0,0,0,0,0,0,0,0,0,0,0,0,0,0,0,0.0,0.0,0.0,0.0,0.0,0.0,0.0,0.0,0.0,0.0,0.0,0.0,0.0,0.0,0.0,0.0,0.0,0,0,0,0.0,0.0,0.0,0,0,0,0,0,0,0,0,0,0,0,0,0,0,0,12,1596,0.0,0.0,0.0,H,,0.0,0.0,0.0,0.0,0.0,0.0,0.0,0.0,0.0,0.0,0.0,0.0,0.0,0.0,0.0
1596,2024-12-21,Unknown,ﾎﾞﾝﾏｳｽ,ﾊﾞｰﾝﾘｰ,1500,1500,0,1500,1500,0,0,0,0,0,0,0,0,0,0,0,0,0,0,0,0,0,0,0,0.0,0.0,0.0,0.0,0.0,0.0,0.0,0.0,0.0,0.0,0.0,0.0,0.0,0.0,0.0,0.0,0.0,0,0,0,0.0,0.0,0.0,0,0,0,0,0,0,0,0,0,0,0,0,0,0,0,12,1596,0.0,0.0,0.0,D,,0.0,0.0,0.0,0.0,0.0,0.0,0.0,0.0,0.0,0.0,0.0,0.0,0.0,0.0,0.0
1596,2024-12-21,Unknown,ｴｳﾞｧﾄﾝ,ｱｰｾﾅﾙ,1500,1500,0,1500,1500,0,0,0,0,0,0,0,0,0,0,0,0,0,0,0,0,0,0,0,0.0,0.0,0.0,0.0,0.0,0.0,0.0,0.0,0.0,0.0,0.0,0.0,0.0,0.0,0.0,0.0,0.0,0,0,0,0.0,0.0,0.0,0,0,0,0,0,0,0,0,0,0,0,0,0,0,0,12,1596,0.0,0.0,0.0,A,,0.0,0.0,0.0,0.0,0.0,0.0,0.0,0.0,0.0,0.0,0.0,0.0,0.0,0.0,0.0
1596,2024-12-21,Unknown,ﾏﾝC,ｳｪｽﾄﾊﾑ,1500,1500,0,1500,1500,0,0,0,0,0,0,0,0,0,0,0,0,0,0,0,0,0,0,0,0.0,0.0,0.0,0.0,0.0,0.0,0.0,0.0,0.0,0.0,0.0,0.0,0.0,0.0,0.0,0.0,0.0,0,0,0,0.0,0.0,0.0,0,0,0,0,0,0,0,0,0,0,0,0,0,0,0,12,1596,0.0,0.0,0.0,H,,0.0,0.0,0.0,0.0,0.0,0.0,0.0,0.0,0.0,0.0,0.0,0.0,0.0,0.0,0.0
1596,2024-12-21,Unknown,ﾆｭｶｯｽﾙ,ﾁｪﾙｼｰ,1500,1500,0,1500,1500,0,0,0,0,0,0,0,0,0,0,0,0,0,0,0,0,0,0,0,0.0,0.0,0.0,0.0,0.0,0.0,0.0,0.0,0.0,0.0,0.0,0.0,0.0,0.0,0.0,0.0,0.0,0,0,0,0.0,0.0,0.0,0,0,0,0,0,0,0,0,0,0,0,0,0,0,0,12,1596,0.0,0.0,0.0,D,,0.0,0.0,0.0,0.0,0.0,0.0,0.0,0.0,0.0,0.0,0.0,0.0,0.0,0.0,0.0
1595,2024-12-15,Unknown,ﾌﾗﾝｸﾌﾙ,ｱｳｸﾞｽ,1500,1500,0,1500,1500,0,0,0,0,0,0,0,0,0,0,0,0,0,0,0,0,0,0,0,0.0,0.0,0.0,0.0,0.0,0.0,0.0,0.0,0.0,0.0,0.0,0.0,0.0,0.0,0.0,0.0,0.0,0,0,0,0.0,0.0,0.0,0,0,0,0,0,0,0,0,0,0,0,0,0,0,0,12,1595,0.0,0.0,0.0,H,,0.0,0.0,0.0,0.0,0.0,0.0,0.0,0.0,0.0,0.0,0.0,0.0,0.0,0.0,0.0
1595,2024-12-15,Unknown,ﾎｯﾌｪﾝ,ﾊﾝﾌﾞﾙｶ,1500,1500,0,1500,1500,0,0,0,0,0,0,0,0,0,0,0,0,0,0,0,0,0,0,0,0.0,0.0,0.0,0.0,0.0,0.0,0.0,0.0,0.0,0.0,0.0,0.0,0.0,0.0,0.0,0.0,0.0,0,0,0,0.0,0.0,0.0,0,0,0,0,0,0,0,0,0,0,0,0,0,0,0,12,1595,0.0,0.0,0.0,A,,0.0,0.0,0.0,0.0,0.0,0.0,0.0,0.0,0.0,0.0,0.0,0.0,0.0,0.0,0.0
1595,2024-12-15,Unknown,ﾌﾗｲﾌﾞﾙ,ﾄﾞﾙﾄ,1500,1500,0,1500,1500,0,0,0,0,0,0,0,0,0,0,0,0,0,0,0,0,0,0,0,0.0,0.0,0.0,0.0,0.0,0.0,0.0,0.0,0.0,0.0,0.0,0.0,0.0,0.0,0.0,0.0,0.0,0,0,0,0.0,0.0,0.0,0,0,0,0,0,0,0,0,0,0,0,0,0,0,0,12,1595,0.0,0.0,0.0,D,,0.0,0.0,0.0,0.0,0.0,0.0,0.0,0.0,0.0,0.0,0.0,0.0,0.0,0.0,0.0
1595,2024-12-15,Unknown,ﾊﾞｲｴﾙﾝ,ﾏｲﾝﾂ,1500,1500,0,1500,1500,0,0,0,0,0,0,0,0,0,0,0,0,0,0,0,0,0,0,0,0.0,0.0,0.0,0.0,0.0,0.0,0.0,0.0,0.0,0.0,0.0,0.0,0.0,0.0,0.0,0.0,0.0,0,0,0,0.0,0.0,0.0,0,0,0,0,0,0,0,0,0,0,0,0,0,0,0,12,1595,0.0,0.0,0.0,D,,0.0,0.0,0.0,0.0,0.0,0.0,0.0,0.0,0.0,0.0,0.0,0.0,0.0,0.0,0.0
1595,2024-12-15,Unknown,ﾌﾞﾚｰﾒﾝ,ｼｭﾂｯﾄ,1500,1500,0,1500,1500,0,0,0,0,0,0,0,0,0,0,0,0,0,0,0,0,0,0,0,0.0,0.0,0.0,0.0,0.0,0.0,0.0,0.0,0.0,0.0,0.0,0.0,0.0,0.0,0.0,0.0,0.0,0,0,0,0.0,0.0,0.0,0,0,0,0,0,0,0,0,0,0,0,0,0,0,0,12,1595,0.0,0.0,0.0,A,,0.0,0.0,0.0,0.0,0.0,0.0,0.0,0.0,0.0,0.0,0.0,0.0,0.0,0.0,0.0
1595,2024-12-15,Unknown,ﾒﾝﾍﾝ,ｳﾞｫﾙﾌｽ,1500,1500,0,1500,1500,0,0,0,0,0,0,0,0,0,0,0,0,0,0,0,0,0,0,0,0.0,0.0,0.0,0.0,0.0,0.0,0.0,0.0,0.0,0.0,0.0,0.0,0.0,0.0,0.0,0.0,0.0,0,0,0,0.0,0.0,0.0,0,0,0,0,0,0,0,0,0,0,0,0,0,0,0,12,1595,0.0,0.0,0.0,A,,0.0,0.0,0.0,0.0,0.0,0.0,0.0,0.0,0.0,0.0,0.0,0.0,0.0,0.0,0.0
1595,2024-12-15,Unknown,ﾊﾟｳﾘ,ﾊｲﾃﾞﾝﾊ,1500,1500,0,1500,1500,0,0,0,0,0,0,0,0,0,0,0,0,0,0,0,0,0,0,0,0.0,0.0,0.0,0.0,0.0,0.0,0.0,0.0,0.0,0.0,0.0,0.0,0.0,0.0,0.0,0.0,0.0,0,0,0,0.0,0.0,0.0,0,0,0,0,0,0,0,0,0,0,0,0,0,0,0,12,1595,0.0,0.0,0.0,H,,0.0,0.0,0.0,0.0,0.0,0.0,0.0,0.0,0.0,0.0,0.0,0.0,0.0,0.0,0.0
1595,2024-12-15,Unknown,ﾚｳﾞｧｰ,ｹﾙﾝ,1500,1500,0,1500,1500,0,0,0,0,0,0,0,0,0,0,0,0,0,0,0,0,0,0,0,0.0,0.0,0.0,0.0,0.0,0.0,0.0,0.0,0.0,0.0,0.0,0.0,0.0,0.0,0.0,0.0,0.0,0,0,0,0.0,0.0,0.0,0,0,0,0,0,0,0,0,0,0,0,0,0,0,0,12,1595,0.0,0.0,0.0,H,,0.0,0.0,0.0,0.0,0.0,0.0,0.0,0.0,0.0,0.0,0.0,0.0,0.0,0.0,0.0
1595,2024-12-15,Unknown,ﾘｳﾞｧﾌﾟ,ﾌﾞﾗｲﾄﾝ,1500,1500,0,1500,1500,0,0,0,0,0,0,0,0,0,0,0,0,0,0,0,0,0,0,0,0.0,0.0,0.0,0.0,0.0,0.0,0.0,0.0,0.0,0.0,0.0,0.0,0.0,0.0,0.0,0.0,0.0,0,0,0,0.0,0.0,0.0,0,0,0,0,0,0,0,0,0,0,0,0,0,0,0,12,1595,0.0,0.0,0.0,H,,0.0,0.0,0.0,0.0,0.0,0.0,0.0,0.0,0.0,0.0,0.0,0.0,0.0,0.0,0.0
1595,2024-12-15,Unknown,ｸﾘｽﾀﾙ,ﾏﾝC,1500,1500,0,1500,1500,0,0,0,0,0,0,0,0,0,0,0,0,0,0,0,0,0,0,0,0.0,0.0,0.0,0.0,0.0,0.0,0.0,0.0,0.0,0.0,0.0,0.0,0.0,0.0,0.0,0.0,0.0,0,0,0,0.0,0.0,0.0,0,0,0,0,0,0,0,0,0,0,0,0,0,0,0,12,1595,0.0,0.0,0.0,A,,0.0,0.0,0.0,0.0,0.0,0.0,0.0,0.0,0.0,0.0,0.0,0.0,0.0,0.0,0.0
1595,2024-12-15,Unknown,ﾉｯﾃｨﾝ,ﾄﾃﾅﾑ,1500,1500,0,1500,1500,0,0,0,0,0,0,0,0,0,0,0,0,0,0,0,0,0,0,0,0.0,0.0,0.0,0.0,0.0,0.0,0.0,0.0,0.0,0.0,0.0,0.0,0.0,0.0,0.0,0.0,0.0,0,0,0,0.0,0.0,0.0,0,0,0,0,0,0,0,0,0,0,0,0,0,0,0,12,1595,0.0,0.0,0.0,H,,0.0,0.0,0.0,0.0,0.0,0.0,0.0,0.0,0.0,0.0,0.0,0.0,0.0,0.0,0.0
1595,2024-12-15,Unknown,ﾌﾞﾚﾝﾄ,ﾘｰｽﾞ,1500,1500,0,1500,1500,0,0,0,0,0,0,0,0,0,0,0,0,0,0,0,0,0,0,0,0.0,0.0,0.0,0.0,0.0,0.0,0.0,0.0,0.0,0.0,0.0,0.0,0.0,0.0,0.0,0.0,0.0,0,0,0,0.0,0.0,0.0,0,0,0,0,0,0,0,0,0,0,0,0,0,0,0,12,1595,0.0,0.0,0.0,D,,0.0,0.0,0.0,0.0,0.0,0.0,0.0,0.0,0.0,0.0,0.0,0.0,0.0,0.0,0.0
1595,2024-12-15,Unknown,ｱｰｾﾅﾙ,ｳﾙｳﾞｧｰ,1500,1500,0,1500,1500,0,0,0,0,0,0,0,0,0,0,0,0,0,0,0,0,0,0,0,0.0,0.0,0.0,0.0,0.0,0.0,0.0,0.0,0.0,0.0,0.0,0.0,0.0,0.0,0.0,0.0,0.0,0,0,0,0.0,0.0,0.0,0,0,0,0,0,0,0,0,0,0,0,0,0,0,0,12,1595,0.0,0.0,0.0,H,,0.0,0.0,0.0,0.0,0.0,0.0,0.0,0.0,0.0,0.0,0.0,0.0,0.0,0.0,0.0
1593,2024-12-07,Unknown,ｼｭﾂｯﾄ,ﾊﾞｲｴﾙﾝ,1500,1500,0,1500,1500,0,0,0,0,0,0,0,0,0,0,0,0,0,0,0,0,0,0,0,0.0,0.0,0.0,0.0,0.0,0.0,0.0,0.0,0.0,0.0,0.0,0.0,0.0,0.0,0.0,0.0,0.0,0,0,0,0.0,0.0,0.0,0,0,0,0,0,0,0,0,0,0,0,0,0,0,0,12,1593,0.0,0.0,0.0,H,,0.0,0.0,0.0,0.0,0.0,0.0,0.0,0.0,0.0,0.0,0.0,0.0,0.0,0.0,0.0
1593,2024-12-07,Unknown,ﾊｲﾃﾞﾝﾊ,ﾌﾗｲﾌﾞﾙ,1500,1500,0,1500,1500,0,0,0,0,0,0,0,0,0,0,0,0,0,0,0,0,0,0,0,0.0,0.0,0.0,0.0,0.0,0.0,0.0,0.0,0.0,0.0,0.0,0.0,0.0,0.0,0.0,0.0,0.0,0,0,0,0.0,0.0,0.0,0,0,0,0,0,0,0,0,0,0,0,0,0,0,0,12,1593,0.0,0.0,0.0,A,,0.0,0.0,0.0,0.0,0.0,0.0,0.0,0.0,0.0,0.0,0.0,0.0,0.0,0.0,0.0
1593,2024-12-07,Unknown,ｱｳｸﾞｽ,ﾚｳﾞｧｰ,1500,1500,0,1500,1500,0,0,0,0,0,0,0,0,0,0,0,0,0,0,0,0,0,0,0,0.0,0.0,0.0,0.0,0.0,0.0,0.0,0.0,0.0,0.0,0.0,0.0,0.0,0.0,0.0,0.0,0.0,0,0,0,0.0,0.0,0.0,0,0,0,0,0,0,0,0,0,0,0,0,0,0,0,12,1593,0.0,0.0,0.0,H,,0.0,0.0,0.0,0.0,0.0,0.0,0.0,0.0,0.0,0.0,0.0,0.0,0.0,0.0,0.0
1593,2024-12-07,Unknown,ｹﾙﾝ,ﾊﾟｳﾘ,1500,1500,0,1500,1500,0,0,0,0,0,0,0,0,0,0,0,0,0,0,0,0,0,0,0,0.0,0.0,0.0,0.0,0.0,0.0,0.0,0.0,0.0,0.0,0.0,0.0,0.0,0.0,0.0,0.0,0.0,0,0,0,0.0,0.0,0.0,0,0,0,0,0,0,0,0,0,0,0,0,0,0,0,12,1593,0.0,0.0,0.0,D,,0.0,0.0,0.0,0.0,0.0,0.0,0.0,0.0,0.0,0.0,0.0,0.0,0.0,0.0,0.0
1593,2024-12-07,Unknown,ﾗｲﾌﾟﾂｨ,ﾌﾗﾝｸﾌﾙ,1500,1500,0,1500,1500,0,0,0,0,0,0,0,0,0,0,0,0,0,0,0,0,0,0,0,0.0,0.0,0.0,0.0,0.0,0.0,0.0,0.0,0.0,0.0,0.0,0.0,0.0,0.0,0.0,0.0,0.0,0,0,0,0.0,0.0,0.0,0,0,0,0,0,0,0,0,0,0,0,0,0,0,0,12,1593,0.0,0.0,0.0,H,,0.0,0.0,0.0,0.0,0.0,0.0,0.0,0.0,0.0,0.0,0.0,0.0,0.0,0.0,0.0
1593,2024-12-07,Unknown,ｳﾞｫﾙﾌｽ,ｳﾆｵﾝ,1500,1500,0,1500,1500,0,0,0,0,0,0,0,0,0,0,0,0,0,0,0,0,0,0,0,0.0,0.0,0.0,0.0,0.0,0.0,0.0,0.0,0.0,0.0,0.0,0.0,0.0,0.0,0.0,0.0,0.0,0,0,0,0.0,0.0,0.0,0,0,0,0,0,0,0,0,0,0,0,0,0,0,0,12,1593,0.0,0.0,0.0,H,,0.0,0.0,0.0,0.0,0.0,0.0,0.0,0.0,0.0,0.0,0.0,0.0,0.0,0.0,0.0
1593,2024-12-07,Unknown,ｱｽﾄﾝ,ｱｰｾﾅﾙ,1500,1500,0,1500,1500,0,0,0,0,0,0,0,0,0,0,0,0,0,0,0,0,0,0,0,0.0,0.0,0.0,0.0,0.0,0.0,0.0,0.0,0.0,0.0,0.0,0.0,0.0,0.0,0.0,0.0,0.0,0,0,0,0.0,0.0,0.0,0,0,0,0,0,0,0,0,0,0,0,0,0,0,0,12,1593,0.0,0.0,0.0,H,,0.0,0.0,0.0,0.0,0.0,0.0,0.0,0.0,0.0,0.0,0.0,0.0,0.0,0.0,0.0
1593,2024-12-07,Unknown,ﾄﾃﾅﾑ,ﾌﾞﾚﾝﾄ,1500,1500,0,1500,1500,0,0,0,0,0,0,0,0,0,0,0,0,0,0,0,0,0,0,0,0.0,0.0,0.0,0.0,0.0,0.0,0.0,0.0,0.0,0.0,0.0,0.0,0.0,0.0,0.0,0.0,0.0,0,0,0,0.0,0.0,0.0,0,0,0,0,0,0,0,0,0,0,0,0,0,0,0,12,1593,0.0,0.0,0.0,H,,0.0,0.0,0.0,0.0,0.0,0.0,0.0,0.0,0.0,0.0,0.0,0.0,0.0,0.0,0.0
1593,2024-12-07,Unknown,ﾘｰｽﾞ,ﾘｳﾞｧﾌﾟ,1500,1500,0,1500,1500,0,0,0,0,0,0,0,0,0,0,0,0,0,0,0,0,0,0,0,0.0,0.0,0.0,0.0,0.0,0.0,0.0,0.0,0.0,0.0,0.0,0.0,0.0,0.0,0.0,0.0,0.0,0,0,0,0.0,0.0,0.0,0,0,0,0,0,0,0,0,0,0,0,0,0,0,0,12,1593,0.0,0.0,0.0,D,,0.0,0.0,0.0,0.0,0.0,0.0,0.0,0.0,0.0,0.0,0.0,0.0,0.0,0.0,0.0
1593,2024-12-07,Unknown,ﾎﾞﾝﾏｳｽ,ﾁｪﾙｼｰ,1500,1500,0,1500,1500,0,0,0,0,0,0,0,0,0,0,0,0,0,0,0,0,0,0,0,0.0,0.0,0.0,0.0,0.0,0.0,0.0,0.0,0.0,0.0,0.0,0.0,0.0,0.0,0.0,0.0,0.0,0,0,0,0.0,0.0,0.0,0,0,0,0,0,0,0,0,0,0,0,0,0,0,0,12,1593,0.0,0.0,0.0,D,,0.0,0.0,0.0,0.0,0.0,0.0,0.0,0.0,0.0,0.0,0.0,0.0,0.0,0.0,0.0
1593,2024-12-07,Unknown,ﾏﾝC,ｻﾝﾀﾞｰ,1500,1500,0,1500,1500,0,0,0,0,0,0,0,0,0,0,0,0,0,0,0,0,0,0,0,0.0,0.0,0.0,0.0,0.0,0.0,0.0,0.0,0.0,0.0,0.0,0.0,0.0,0.0,0.0,0.0,0.0,0,0,0,0.0,0.0,0.0,0,0,0,0,0,0,0,0,0,0,0,0,0,0,0,12,1593,0.0,0.0,0.0,H,,0.0,0.0,0.0,0.0,0.0,0.0,0.0,0.0,0.0,0.0,0.0,0.0,0.0,0.0,0.0
1593,2024-12-07,Unknown,ﾆｭｶｯｽﾙ,ﾊﾞｰﾝﾘｰ,1500,1500,0,1500,1500,0,0,0,0,0,0,0,0,0,0,0,0,0,0,0,0,0,0,0,0.0,0.0,0.0,0.0,0.0,0.0,0.0,0.0,0.0,0.0,0.0,0.0,0.0,0.0,0.0,0.0,0.0,0,0,0,0.0,0.0,0.0,0,0,0,0,0,0,0,0,0,0,0,0,0,0,0,12,1593,0.0,0.0,0.0,H,,0.0,0.0,0.0,0.0,0.0,0.0,0.0,0.0,0.0,0.0,0.0,0.0,0.0,0.0,0.0
1593,2024-12-07,Unknown,ｴｳﾞｧﾄﾝ,ﾉｯﾃｨﾝ,1500,1500,0,1500,1500,0,0,0,0,0,0,0,0,0,0,0,0,0,0,0,0,0,0,0,0.0,0.0,0.0,0.0,0.0,0.0,0.0,0.0,0.0,0.0,0.0,0.0,0.0,0.0,0.0,0.0,0.0,0,0,0,0.0,0.0,0.0,0,0,0,0,0,0,0,0,0,0,0,0,0,0,0,12,1593,0.0,0.0,0.0,H,,0.0,0.0,0.0,0.0,0.0,0.0,0.0,0.0,0.0,0.0,0.0,0.0,0.0,0.0,0.0
1592,2024-12-06,J.League,FC東京,アルビレックス新潟,1487,1439,48,1502,1493,9,7,4,3,2,1,13,19,6,36,31,5,14,13,16,19,-2,-6,4,0.4074074074074074,0.3214285714285714,0.5384615384615384,0.4166666666666667,0.1217948717948717,0.5384615384615384,0.5,0.0384615384615384,0.4615384615384615,0.5833333333333334,-0.1217948717948718,0.3840877914951988,0.3439153439153439,0.0401724475798549,2.278125,1.9894736842105265,0.2886513157894739,48,6,5,0.0401724475798549,0.2886513157894739,18.36576475267386,4,4,0,1,1,0,1,0,1,0,1,-1,1,0,0,12,1592,1.0384615384615383,0.0384615384615384,0.1705844740407709,H,32524,0.611437,0.557067,0.909091,11.0,20.0,0.545653,0.492572,0.545455,9.0,20.0,0.06578399999999995,0.06449499999999997,0.36363599999999996,2.0,0.0
1592,2024-12-06,J.League,名古屋グランパス,アビスパ福岡,1451,1504,-53,1501,1470,31,4,11,-7,1,3,15,14,-1,35,36,-1,15,18,20,21,-5,-3,-2,0.3333333333333333,0.3,0.4666666666666667,0.2,0.2666666666666666,0.6,0.4666666666666667,0.1333333333333333,0.5333333333333333,0.8,-0.2666666666666667,0.3703703703703703,0.4444444444444444,-0.074074074074074,2.0250000000000004,1.9285714285714288,0.0964285714285715,53,1,1,0.074074074074074,0.0964285714285715,18.834100529100528,0,7,-7,0,2,-2,0,5,-5,3,0,3,0,1,0,12,1592,1.0666666666666669,0.1333333333333333,0.2060906753470988,A,32526,0.547993,0.490925,0.818182,10.0,20.0,0.620271,0.531975,0.909091,11.0,20.0,-0.07227800000000006,-0.041049999999999975,-0.09090900000000002,-1.0,0.0
1592,2024-12-06,J.League,ガンバ大阪,東京ヴェルディ,1529,1504,25,1536,1486,50,5,8,-3,1,2,7,11,4,46,41,5,20,17,17,17,3,0,3,0.4333333333333333,0.4137931034482758,0.6,0.3076923076923077,0.2923076923076922,0.7333333333333333,0.5384615384615384,0.1948717948717948,0.4,0.6923076923076923,-0.2923076923076922,0.4938271604938271,0.4342273307790548,0.0595998297147722,2.382352941176471,2.3029411764705885,0.0794117647058825,25,4,5,0.0595998297147722,0.0794117647058825,9.777802318884133,4,4,0,1,1,0,0,0,0,1,1,0,0,0,0,12,1592,1.2717948717948715,0.1948717948717948,0.1980739438284304,H,32528,0.501257,0.459175,0.727273,9.0,19.0,0.555544,0.495282,0.818182,11.0,20.0,-0.054287000000000085,-0.036107,-0.09090900000000002,-2.0,-1.0
1592,2024-12-06,J.League,鹿島アントラーズ,横浜F・マリノス,1610,1541,69,1553,1486,67,11,12,-1,3,4,1,9,8,62,44,18,24,16,11,15,13,1,12,0.6333333333333333,0.4827586206896552,0.6428571428571429,0.375,0.2678571428571429,0.8571428571428571,0.4375,0.4196428571428571,0.3571428571428571,0.625,-0.2678571428571428,0.5925925925925926,0.408684546615581,0.1839080459770115,3.681818181818182,2.61,1.0718181818181822,69,8,18,0.1839080459770115,1.0718181818181822,26.40114524555904,7,9,-2,2,3,-1,5,4,1,0,0,0,0,0,1,12,1592,1.2946428571428572,0.4196428571428571,0.1591370247155429,H,32521,0.614313,0.548339,0.818182,11.0,20.0,0.545951,0.492819,0.727273,11.0,19.0,0.06836200000000003,0.055520000000000014,0.09090900000000002,0.0,1.0
1592,2024-12-06,J.League,サンフレッチェ広島,湘南ベルマーレ,1599,1391,208,1538,1423,115,9,4,5,3,1,3,29,26,61,21,40,23,11,13,24,10,-13,23,0.59375,0.1724137931034483,0.625,0.1333333333333333,0.4916666666666667,0.6875,0.2,0.4875,0.375,0.8666666666666667,-0.4916666666666667,0.5324074074074073,0.2809706257982119,0.2514367816091953,3.3230769230769237,1.63125,1.6918269230769232,208,26,40,0.2514367816091953,1.6918269230769232,79.68865274093723,9,3,6,3,1,2,3,1,2,0,0,0,1,0,0,12,1592,0.8875,0.4875,0.1641719710138493,H,32530,0.583493,0.500842,1.0,9.0,20.0,0.531674,0.450653,0.818182,7.0,20.0,0.05181900000000006,0.050188999999999984,0.18181800000000004,2.0,0.0
1591,2024-11-30,J.League,北海道コンサドーレ札幌,愛媛FC,1518,1430,88,1507,1471,36,4,2,2,1,0,20,42,22,28,7,21,12,5,9,11,3,-6,9,0.4705882352941176,0.0833333333333333,0.4444444444444444,0.0,0.4444444444444444,0.6666666666666666,0.5,0.1666666666666666,0.5555555555555556,1.0,-0.4444444444444444,0.5228758169934641,0.3086419753086419,0.2142338416848221,2.5500000000000003,1.4727272727272729,1.0772727272727274,88,22,21,0.2142338416848221,1.0772727272727274,36.55830131379151,1,2,-1,0,0,0,1,2,-1,0,0,0,0,0,0,11,1591,1.1666666666666663,0.1666666666666666,0.2066998496155613,H,,0.0,0.0,0.0,0.0,0.0,0.0,0.0,0.0,0.0,0.0,0.0,0.0,0.0,0.0,0.0
1591,2024-11-30,J.League,アルビレックス新潟,柏レイソル,1443,1589,-146,1460,1532,-72,4,12,-8,1,4,18,2,-16,31,59,-28,13,23,19,11,-6,12,-18,0.3214285714285714,0.6206896551724138,0.25,0.5833333333333334,-0.3333333333333333,0.4375,0.75,-0.3125,0.75,0.4166666666666667,0.3333333333333333,0.3439153439153439,0.5874840357598978,-0.2435686918445539,1.9894736842105265,3.559090909090909,-1.5696172248803832,146,16,28,0.2435686918445539,1.5696172248803832,55.46263718334498,4,9,-5,1,3,-2,2,4,-2,0,0,0,0,1,0,11,1591,1.1875,0.3125,0.1678600975088066,A,32517,0.628174,0.555531,0.636364,11.0,20.0,0.682241,0.617045,0.727273,12.0,20.0,-0.054066999999999976,-0.06151399999999996,-0.0909089999999999,-1.0,0.0
1591,2024-11-30,J.League,ファジアーノ岡山,浦和レッズ,1448,1526,-78,1474,1467,7,4,7,-3,1,2,21,10,-11,28,42,-14,12,16,18,12,-6,4,-10,0.3076923076923077,0.52,0.3333333333333333,0.2307692307692307,0.1025641025641025,0.4166666666666667,0.4615384615384615,-0.0448717948717948,0.6666666666666666,0.7692307692307693,-0.1025641025641026,0.3418803418803419,0.474074074074074,-0.1321937321937321,1.95,2.8125000000000004,-0.8625000000000003,78,11,14,0.1321937321937321,0.8625000000000003,30.248938746438743,1,3,-2,0,1,-1,1,0,1,0,1,-1,0,0,0,11,1591,0.8782051282051282,0.0448717948717948,0.1713254138400066,A,32519,0.634618,0.573056,0.636364,13.0,20.0,0.497465,0.422036,0.727273,8.0,18.0,0.13715300000000002,0.15102,-0.0909089999999999,5.0,2.0
1591,2024-11-30,J.League,東京ヴェルディ,鹿島アントラーズ,1519,1596,-77,1530,1535,-5,11,11,0,3,3,8,3,-5,44,59,-15,18,23,16,12,2,11,-9,0.4482758620689655,0.6,0.5625,0.5625,0.0,0.6875,0.6875,0.0,0.4375,0.4375,0.0,0.4597701149425287,0.5679012345679012,-0.1081311196253724,2.4468750000000004,3.375,-0.9281249999999996,77,5,15,0.1081311196253724,0.9281249999999996,28.407251223925076,7,5,2,2,1,1,5,5,0,0,0,0,0,0,0,11,1591,1.375,0.0,0.1765159330829194,A,32511,0.604773,0.549247,0.909091,10.0,20.0,0.588625,0.517153,0.818182,10.0,20.0,0.01614800000000005,0.03209400000000007,0.09090900000000002,0.0,0.0
1591,2024-11-30,J.League,湘南ベルマーレ,清水エスパルス,1377,1446,-69,1464,1446,18,1,3,-2,0,1,30,19,-11,18,29,-11,10,13,24,21,-14,-8,-6,0.1428571428571428,0.2758620689655172,0.1538461538461538,0.1875,-0.0336538461538461,0.5384615384615384,0.3125,0.2259615384615384,0.8461538461538461,0.8125,0.0336538461538461,0.2645502645502645,0.3320561941251596,-0.0675059295748951,1.5750000000000002,1.8642857142857143,-0.2892857142857141,69,11,11,0.0675059295748951,0.2892857142857141,26.97135832877212,1,0,1,0,0,0,0,0,0,2,3,-1,0,0,1,11,1591,0.8509615384615384,0.2259615384615384,0.1734630856310706,H,32516,0.593292,0.507469,0.909091,9.0,20.0,0.606681,0.526761,0.636364,10.0,20.0,-0.013388999999999984,-0.019292000000000087,0.27272699999999994,-1.0,0.0
1591,2024-11-30,J.League,横浜F・マリノス,セレッソ大阪,1531,1518,13,1526,1488,38,12,9,3,4,3,12,9,-3,41,43,-2,15,17,15,15,0,2,-2,0.4642857142857143,0.4642857142857143,0.5833333333333334,0.4285714285714285,0.1547619047619048,0.6666666666666666,0.4285714285714285,0.238095238095238,0.4166666666666667,0.5714285714285714,-0.1547619047619047,0.3968253968253968,0.4497354497354496,-0.0529100529100528,2.5200000000000005,2.5200000000000005,0.0,13,3,2,0.0529100529100528,0.0,5.31058201058201,9,9,0,3,3,0,3,3,0,0,0,0,0,0,1,11,1591,1.0952380952380951,0.238095238095238,0.1679650892960152,H,32514,0.601833,0.525022,0.636364,10.0,20.0,0.626812,0.548775,0.909091,11.0,20.0,-0.024979000000000084,-0.023753000000000024,-0.27272699999999994,-1.0,0.0
1591,2024-11-30,J.League,横浜FC,京都サンガF.C.,1432,1536,-104,1491,1528,-37,1,6,-5,0,1,17,6,-11,32,46,-14,14,20,22,16,-8,4,-12,0.2903225806451613,0.4482758620689655,0.375,0.5384615384615384,-0.1634615384615384,0.5625,0.6923076923076923,-0.1298076923076923,0.625,0.4615384615384615,0.1634615384615384,0.3345280764635603,0.5108556832694764,-0.176327606805916,1.9022727272727276,2.4468750000000004,-0.544602272727273,104,11,14,0.176327606805916,0.544602272727273,39.29418597590664,1,2,-1,0,0,0,0,0,0,2,1,1,1,1,0,11,1591,1.2548076923076923,0.1298076923076923,0.1943747086264846,A,32515,0.566514,0.483778,0.636364,9.0,20.0,0.646451,0.576661,0.727273,11.0,20.0,-0.07993700000000004,-0.092883,-0.0909089999999999,-2.0,0.0
1591,2024-11-30,J.League,町田,名古屋グランパス,1536,1459,77,1536,1462,74,4,4,0,1,1,4,15,11,52,35,17,22,15,16,19,6,-4,10,0.4838709677419355,0.3448275862068966,0.6,0.2142857142857142,0.3857142857142857,0.7333333333333333,0.4285714285714285,0.3047619047619047,0.4,0.7857142857142857,-0.3857142857142857,0.5256869772998806,0.3831417624521073,0.1425452148477732,2.615625,2.060526315789474,0.5550986842105261,77,11,17,0.1425452148477732,0.5550986842105261,29.83952877981166,3,1,2,1,0,1,1,0,1,0,2,-2,0,0,0,11,1591,1.1619047619047618,0.3047619047619047,0.1943498495650364,H,32512,0.683796,0.606165,0.636364,12.0,20.0,0.543424,0.489806,0.818182,10.0,20.0,0.14037199999999994,0.11635899999999993,-0.18181799999999992,2.0,0.0
1591,2024-11-30,J.League,川崎フロンターレ,サンフレッチェ広島,1552,1592,-40,1519,1535,-16,8,9,-1,2,3,5,1,-4,50,61,-11,22,23,15,13,7,10,-3,0.4827586206896552,0.59375,0.4,0.5333333333333333,-0.1333333333333333,0.8,0.7333333333333333,0.0666666666666667,0.6,0.4666666666666667,0.1333333333333333,0.5619412515964239,0.5324074074074073,0.0295338441890166,2.61,3.3230769230769237,-0.7130769230769234,40,4,11,0.0295338441890166,0.7130769230769234,15.148522153453188,4,6,-2,1,2,-1,1,2,-1,0,0,0,1,0,0,11,1591,1.5333333333333332,0.0666666666666667,0.1844456474485689,A,32513,0.584389,0.523211,0.818182,11.0,19.0,0.595972,0.515494,0.818182,11.0,20.0,-0.011582999999999899,0.007716999999999974,0.0,0.0,-1.0
1591,2024-11-30,J.League,ヴィッセル神戸,FC東京,1524,1480,44,1509,1475,34,5,6,-1,1,2,11,14,3,41,35,6,17,13,14,16,3,-3,6,0.4615384615384615,0.4074074074074074,0.5,0.2857142857142857,0.2142857142857143,0.5833333333333334,0.4285714285714285,0.1547619047619048,0.5,0.7142857142857143,-0.2142857142857143,0.4843304843304843,0.3566529492455418,0.1276775350849425,2.5071428571428576,2.278125,0.2290178571428573,44,3,6,0.1276775350849425,0.2290178571428573,16.22133907844556,2,6,-4,0,2,-2,0,0,0,1,1,0,0,0,1,11,1591,1.011904761904762,0.1547619047619048,0.1757406031640255,D,32518,0.693799,0.625064,0.818182,13.0,20.0,0.567021,0.513742,0.636364,11.0,20.0,0.12677800000000006,0.11132199999999992,0.18181799999999992,2.0,0.0
1591,2024-11-30,J.League,アビスパ福岡,ガンバ大阪,1496,1537,-41,1509,1499,10,8,8,0,2,2,13,7,-6,36,46,-10,18,20,21,17,-3,3,-6,0.3,0.4333333333333333,0.3571428571428571,0.2857142857142857,0.0714285714285714,0.7142857142857143,0.6428571428571429,0.0714285714285714,0.6428571428571429,0.7142857142857143,-0.0714285714285714,0.4444444444444444,0.4938271604938271,-0.0493827160493826,1.9285714285714288,2.382352941176471,-0.4537815126050422,41,6,10,0.0493827160493826,0.4537815126050422,15.950632845730883,5,4,1,1,1,0,4,2,2,0,0,0,0,0,0,11,1591,1.3571428571428572,0.0714285714285714,0.2176446998357237,H,32520,0.705465,0.6064,0.909091,12.0,20.0,0.518528,0.457619,0.818182,9.0,20.0,0.18693700000000002,0.14878100000000005,0.09090900000000002,3.0,0.0
1591,2024-11-30,J.League,ベガルタ仙台,いわきFC,1529,1472,57,1518,1497,21,8,4,4,2,1,22,35,13,26,14,12,12,8,8,10,4,-2,6,0.4666666666666667,0.2307692307692307,0.5,0.3333333333333333,0.1666666666666666,0.75,0.6666666666666666,0.0833333333333333,0.5,0.6666666666666666,-0.1666666666666666,0.5925925925925926,0.4558404558404558,0.1367521367521367,2.53125,1.755,0.7762499999999999,57,13,12,0.1367521367521367,0.7762499999999999,23.382600427350425,4,3,1,1,1,0,2,0,2,0,2,-2,0,0,0,11,1591,1.4166666666666663,0.0833333333333333,0.244598095916817,A,,0.0,0.0,0.0,0.0,0.0,0.0,0.0,0.0,0.0,0.0,0.0,0.0,0.0,0.0,0.0
1591,2024-11-30,J.League,徳島ヴォルティス,V・ファーレン長崎,1552,1515,37,1519,1513,6,13,7,6,4,2,16,25,9,33,24,9,13,12,8,11,5,1,4,0.5555555555555556,0.3529411764705882,0.5555555555555556,0.4444444444444444,0.1111111111111111,0.6666666666666666,0.7777777777777778,-0.1111111111111111,0.4444444444444444,0.5555555555555556,-0.1111111111111111,0.5349794238683128,0.5228758169934641,0.0121036068748486,3.0375000000000005,2.0863636363636364,0.951136363636364,37,9,9,0.0121036068748486,0.951136363636364,15.39264799410224,7,4,3,2,1,1,5,1,4,0,0,0,0,0,0,11,1591,1.4444444444444444,0.1111111111111111,0.2064525269762673,D,,0.0,0.0,0.0,0.0,0.0,0.0,0.0,0.0,0.0,0.0,0.0,0.0,0.0,0.0,0.0
1589,2024-11-23,Cup/Other,大分,ジェフユナイテッド千葉,1500,1493,7,1500,1489,11,0,7,-7,0,2,0,33,33,0,15,-15,0,7,0,8,0,-1,1,0.0,0.3333333333333333,0.0,0.3333333333333333,-0.3333333333333333,0.0,0.5555555555555556,-0.5555555555555556,0.0,0.6666666666666666,-0.6666666666666666,0.0,0.4320987654320987,-0.4320987654320987,0.0,2.0250000000000004,-2.0250000000000004,7,33,15,0.4320987654320987,2.0250000000000004,11.191419753086418,0,7,-7,0,2,-2,0,3,-3,0,0,0,0,0,0,11,1589,0.5555555555555556,0.5555555555555556,0.213371569518591,H,,0.0,0.0,0.0,0.0,0.0,0.0,0.0,0.0,0.0,0.0,0.0,0.0,0.0,0.0,0.0
1589,2024-11-23,J.League,いわきFC,山口,1485,1481,4,1493,1484,9,5,11,-6,1,3,35,29,-6,14,18,-4,8,12,9,15,-1,-3,2,0.25,0.1666666666666666,0.1666666666666666,0.125,0.0416666666666666,0.6666666666666666,0.625,0.0416666666666666,0.8333333333333334,0.875,-0.0416666666666666,0.4938271604938271,0.4938271604938271,0.0,1.8,1.62,0.1799999999999999,4,6,4,0.0,0.1799999999999999,2.936,4,7,-3,1,2,-1,0,5,-5,1,0,1,0,1,0,11,1589,1.2916666666666663,0.0416666666666666,0.2887793693130768,A,,0.0,0.0,0.0,0.0,0.0,0.0,0.0,0.0,0.0,0.0,0.0,0.0,0.0,0.0,0.0
1589,2024-11-23,J.League,藤枝MYFC,サガン鳥栖,1493,1532,-39,1491,1506,-15,8,8,0,2,2,36,24,-12,12,24,-12,6,10,7,7,-1,3,-4,0.3,0.5,0.0,0.5,-0.5,0.6666666666666666,0.6,0.0666666666666666,1.0,0.5,0.5,0.4444444444444444,0.5291005291005291,-0.0846560846560846,1.9285714285714288,2.7,-0.7714285714285714,39,12,12,0.0846560846560846,0.7714285714285714,16.821216931216927,4,5,-1,1,1,0,2,4,-2,0,0,0,0,0,1,11,1589,1.2666666666666666,0.0666666666666666,0.2103292464303183,D,,0.0,0.0,0.0,0.0,0.0,0.0,0.0,0.0,0.0,0.0,0.0,0.0,0.0,0.0,0.0
1589,2024-11-23,J.League,大宮,徳島ヴォルティス,1532,1539,-7,1501,1517,-16,9,10,-1,3,3,32,20,-12,15,30,-15,5,12,2,8,3,4,-1,0.7142857142857143,0.5294117647058824,0.5,0.5,0.0,0.5,0.75,-0.25,0.5,0.5,0.0,0.5291005291005291,0.5228758169934641,0.0062247121070649,4.7250000000000005,2.8687500000000004,1.85625,7,12,15,0.0062247121070649,1.85625,5.822494942421412,6,7,-1,2,2,0,1,4,-3,0,0,0,0,0,0,11,1589,1.25,0.25,0.1385300402423004,A,,0.0,0.0,0.0,0.0,0.0,0.0,0.0,0.0,0.0,0.0,0.0,0.0,0.0,0.0,0.0
1589,2024-11-23,J.League,愛媛FC,熊本,1430,1435,-5,1473,1474,-1,1,4,-3,0,1,45,38,-7,6,8,-2,4,4,10,10,-6,-6,0,0.0909090909090909,0.1666666666666666,0.2,0.1666666666666666,0.0333333333333333,0.2,0.3333333333333333,-0.1333333333333333,0.8,0.8333333333333334,-0.0333333333333333,0.2693602693602693,0.2469135802469135,0.0224466891133558,1.485,1.62,-0.135,5,7,2,0.0224466891133558,0.135,3.5314893378226717,1,1,0,0,0,0,1,0,1,0,2,-2,0,0,0,11,1589,0.5333333333333333,0.1333333333333333,0.166266416414023,D,,0.0,0.0,0.0,0.0,0.0,0.0,0.0,0.0,0.0,0.0,0.0,0.0,0.0,0.0,0.0
1589,2024-11-23,J.League,V・ファーレン長崎,水戸ホーリーホック,1502,1554,-52,1484,1546,-62,4,11,-7,1,3,27,26,-1,21,21,0,11,9,11,4,0,5,-5,0.3125,0.6,0.1428571428571428,0.75,-0.6071428571428572,0.5714285714285714,1.0,-0.4285714285714286,0.8571428571428571,0.25,0.6071428571428571,0.5092592592592592,0.6666666666666666,-0.1574074074074074,1.963636363636364,3.375,-1.4113636363636362,52,1,0,0.1574074074074074,1.4113636363636362,18.763754208754207,4,7,-3,1,2,-1,0,5,-5,1,0,1,0,0,0,11,1589,1.5714285714285714,0.4285714285714286,0.2202629697048703,H,,0.0,0.0,0.0,0.0,0.0,0.0,0.0,0.0,0.0,0.0,0.0,0.0,0.0,0.0,0.0
1589,2024-11-23,J.League,ブラウブリッツ秋田,ベガルタ仙台,1458,1530,-72,1479,1514,-35,3,10,-7,0,3,28,22,-6,21,25,-4,11,11,15,7,-4,4,-8,0.25,0.5,0.2857142857142857,0.5,-0.2142857142857143,0.5,0.8333333333333334,-0.3333333333333333,0.7142857142857143,0.5,0.2142857142857143,0.4074074074074074,0.582010582010582,-0.1746031746031745,1.8,2.7,-0.9000000000000001,72,6,4,0.1746031746031745,0.9000000000000001,26.914920634920637,1,6,-5,0,2,-2,0,1,-1,1,0,1,0,0,0,11,1589,1.3333333333333337,0.3333333333333333,0.2198657784089219,D,,0.0,0.0,0.0,0.0,0.0,0.0,0.0,0.0,0.0,0.0,0.0,0.0,0.0,0.0,0.0
1589,2024-11-23,J.League,ヴァンフォーレ甲府,富山,1473,1419,54,1461,1466,-5,1,1,0,0,0,31,37,6,17,12,5,7,6,9,14,-2,-8,6,0.3571428571428571,0.1764705882352941,0.125,0.2222222222222222,-0.0972222222222222,0.25,0.3333333333333333,-0.0833333333333333,0.875,0.7777777777777778,0.0972222222222222,0.3703703703703703,0.261437908496732,0.1089324618736383,2.1,1.6392857142857145,0.4607142857142856,54,6,5,0.1089324618736383,0.4607142857142856,20.513929349517586,1,1,0,0,0,0,0,1,-1,2,0,2,0,0,0,11,1589,0.5833333333333333,0.0833333333333333,0.1689604462180463,A,,0.0,0.0,0.0,0.0,0.0,0.0,0.0,0.0,0.0,0.0,0.0,0.0,0.0,0.0,0.0
1589,2024-11-23,J.League,FC今治,北海道コンサドーレ札幌,1517,1510,7,1503,1515,-12,8,6,2,2,2,25,21,-4,22,27,-5,10,11,8,9,2,2,0,0.4285714285714285,0.4705882352941176,0.3333333333333333,0.5714285714285714,-0.238095238095238,0.6666666666666666,0.7142857142857143,-0.0476190476190476,0.6666666666666666,0.4285714285714285,0.238095238095238,0.5291005291005291,0.4793028322440087,0.0497976968565203,2.3625000000000003,2.5500000000000003,-0.1875,7,4,5,0.0497976968565203,0.1875,3.497459539371304,4,3,1,1,1,0,2,0,2,0,2,-2,0,1,0,11,1589,1.380952380952381,0.0476190476190476,0.2052687703750636,D,,0.0,0.0,0.0,0.0,0.0,0.0,0.0,0.0,0.0,0.0,0.0,0.0,0.0,0.0,0.0
1589,2024-11-23,J.League,ジュビロ磐田,モンテディオ山形,1510,1482,28,1509,1515,-6,9,10,-1,3,3,34,23,-11,14,25,-11,6,11,5,14,1,-3,4,0.4444444444444444,0.3333333333333333,0.6,0.5,0.0999999999999999,0.6,0.75,-0.15,0.4,0.5,-0.0999999999999999,0.4938271604938271,0.3880070546737213,0.1058201058201057,2.43,2.0250000000000004,0.4049999999999998,28,11,11,0.1058201058201057,0.4049999999999998,12.65216402116402,6,4,2,2,1,1,1,2,-1,0,0,0,0,1,0,11,1589,1.35,0.15,0.1979381417179296,D,,0.0,0.0,0.0,0.0,0.0,0.0,0.0,0.0,0.0,0.0,0.0,0.0,0.0,0.0,0.0
1589,2024-11-23,J.League,群馬,松本,1501,1479,22,1500,1483,17,3,0,3,1,0,52,58,6,3,0,3,1,0,1,2,0,-2,2,0.5,0.0,0.0,0.0,0.0,0.0,0.0,0.0,0.0,1.0,-1.0,0.3703703703703703,0.0,0.3703703703703703,2.7,1.35,1.35,22,6,3,0.3703703703703703,1.35,9.544074074074071,3,0,3,1,0,1,1,0,1,0,2,-2,0,0,0,11,1589,0.0,0.0,0.0914472162095677,H,,0.0,0.0,0.0,0.0,0.0,0.0,0.0,0.0,0.0,0.0,0.0,0.0,0.0,0.0,0.0
1589,2024-11-23,J.League,鹿児島,FC琉球,1512,1512,0,1509,1500,9,4,4,0,1,1,48,47,-1,4,4,0,2,2,1,1,1,1,0,0.5,0.5,1.0,0.0,1.0,1.0,1.0,0.0,0.0,1.0,-1.0,0.7407407407407407,0.7407407407407407,0.0,2.7,2.7,0.0,0,1,0,0.0,0.0,0.25,4,4,0,1,1,0,2,2,0,0,0,0,0,0,0,11,1589,2.0,0.0,0.2743433420643101,D,,0.0,0.0,0.0,0.0,0.0,0.0,0.0,0.0,0.0,0.0,0.0,0.0,0.0,0.0,0.0
1589,2024-11-23,J.League,八戸,讃岐,1509,1487,22,1508,1491,17,7,3,4,2,1,41,53,12,7,3,4,3,1,2,2,1,-1,2,0.5,0.3333333333333333,0.6666666666666666,0.0,0.6666666666666666,0.6666666666666666,0.0,0.6666666666666666,0.3333333333333333,1.0,-0.6666666666666667,0.5555555555555555,0.2469135802469135,0.3086419753086419,2.7,2.0250000000000004,0.6749999999999998,22,12,4,0.3086419753086419,0.6749999999999998,10.896728395061729,4,3,1,1,1,0,1,0,1,0,2,-2,0,0,0,11,1589,0.6666666666666666,0.6666666666666666,0.1698311434260584,A,,0.0,0.0,0.0,0.0,0.0,0.0,0.0,0.0,0.0,0.0,0.0,0.0,0.0,0.0,0.0
1588,2024-11-19,Unknown,ﾄﾞｲﾂ,ｽﾛﾊﾞｷｱ,1500,1500,0,1500,1500,0,0,0,0,0,0,0,0,0,0,0,0,0,0,0,0,0,0,0,0.0,0.0,0.0,0.0,0.0,0.0,0.0,0.0,0.0,0.0,0.0,0.0,0.0,0.0,0.0,0.0,0.0,0,0,0,0.0,0.0,0.0,0,0,0,0,0,0,0,0,0,0,0,0,0,0,0,11,1588,0.0,0.0,0.0,H,,0.0,0.0,0.0,0.0,0.0,0.0,0.0,0.0,0.0,0.0,0.0,0.0,0.0,0.0,0.0
1588,2024-11-19,Unknown,ｽﾍﾟｲﾝ,ﾄﾙｺ,1500,1500,0,1500,1500,0,0,0,0,0,0,0,0,0,0,0,0,0,0,0,0,0,0,0,0.0,0.0,0.0,0.0,0.0,0.0,0.0,0.0,0.0,0.0,0.0,0.0,0.0,0.0,0.0,0.0,0.0,0,0,0,0.0,0.0,0.0,0,0,0,0,0,0,0,0,0,0,0,0,0,0,0,11,1588,0.0,0.0,0.0,A,,0.0,0.0,0.0,0.0,0.0,0.0,0.0,0.0,0.0,0.0,0.0,0.0,0.0,0.0,0.0
1588,2024-11-19,Unknown,ｽｺｯﾄﾗﾝ,ﾃﾞﾝﾏｰｸ,1500,1500,0,1500,1500,0,0,0,0,0,0,0,0,0,0,0,0,0,0,0,0,0,0,0,0.0,0.0,0.0,0.0,0.0,0.0,0.0,0.0,0.0,0.0,0.0,0.0,0.0,0.0,0.0,0.0,0.0,0,0,0,0.0,0.0,0.0,0,0,0,0,0,0,0,0,0,0,0,0,0,0,0,11,1588,0.0,0.0,0.0,H,,0.0,0.0,0.0,0.0,0.0,0.0,0.0,0.0,0.0,0.0,0.0,0.0,0.0,0.0,0.0
1588,2024-11-19,Unknown,ｳｪｰﾙｽﾞ,北マケ,1500,1500,0,1500,1500,0,0,0,0,0,0,0,0,0,0,0,0,0,0,0,0,0,0,0,0.0,0.0,0.0,0.0,0.0,0.0,0.0,0.0,0.0,0.0,0.0,0.0,0.0,0.0,0.0,0.0,0.0,0,0,0,0.0,0.0,0.0,0,0,0,0,0,0,0,0,0,0,0,0,0,0,0,11,1588,0.0,0.0,0.0,H,,0.0,0.0,0.0,0.0,0.0,0.0,0.0,0.0,0.0,0.0,0.0,0.0,0.0,0.0,0.0
1588,2024-11-19,Unknown,ｺｿﾎﾞ,ｽｲｽ,1500,1500,0,1500,1500,0,0,0,0,0,0,0,0,0,0,0,0,0,0,0,0,0,0,0,0.0,0.0,0.0,0.0,0.0,0.0,0.0,0.0,0.0,0.0,0.0,0.0,0.0,0.0,0.0,0.0,0.0,0,0,0,0.0,0.0,0.0,0,0,0,0,0,0,0,0,0,0,0,0,0,0,0,11,1588,0.0,0.0,0.0,D,,0.0,0.0,0.0,0.0,0.0,0.0,0.0,0.0,0.0,0.0,0.0,0.0,0.0,0.0,0.0
1588,2024-11-19,Unknown,ｵﾗﾝﾀﾞ,ﾘﾄｱﾆｱ,1500,1500,0,1500,1500,0,0,0,0,0,0,0,0,0,0,0,0,0,0,0,0,0,0,0,0.0,0.0,0.0,0.0,0.0,0.0,0.0,0.0,0.0,0.0,0.0,0.0,0.0,0.0,0.0,0.0,0.0,0,0,0,0.0,0.0,0.0,0,0,0,0,0,0,0,0,0,0,0,0,0,0,0,11,1588,0.0,0.0,0.0,H,,0.0,0.0,0.0,0.0,0.0,0.0,0.0,0.0,0.0,0.0,0.0,0.0,0.0,0.0,0.0
1588,2024-11-19,Unknown,ﾓﾝﾃﾈｸﾞ,ｸﾛｱﾁｱ,1500,1500,0,1500,1500,0,0,0,0,0,0,0,0,0,0,0,0,0,0,0,0,0,0,0,0.0,0.0,0.0,0.0,0.0,0.0,0.0,0.0,0.0,0.0,0.0,0.0,0.0,0.0,0.0,0.0,0.0,0,0,0,0.0,0.0,0.0,0,0,0,0,0,0,0,0,0,0,0,0,0,0,0,11,1588,0.0,0.0,0.0,A,,0.0,0.0,0.0,0.0,0.0,0.0,0.0,0.0,0.0,0.0,0.0,0.0,0.0,0.0,0.0
1588,2024-11-19,Unknown,ｵｰｽﾄﾘｱ,ﾎﾞｽﾆｱ,1500,1500,0,1500,1500,0,0,0,0,0,0,0,0,0,0,0,0,0,0,0,0,0,0,0,0.0,0.0,0.0,0.0,0.0,0.0,0.0,0.0,0.0,0.0,0.0,0.0,0.0,0.0,0.0,0.0,0.0,0,0,0,0.0,0.0,0.0,0,0,0,0,0,0,0,0,0,0,0,0,0,0,0,11,1588,0.0,0.0,0.0,D,,0.0,0.0,0.0,0.0,0.0,0.0,0.0,0.0,0.0,0.0,0.0,0.0,0.0,0.0,0.0
1588,2024-11-19,Unknown,ｽｳｪﾃﾞﾝ,ｽﾛﾍﾞﾆｱ,1500,1500,0,1500,1500,0,0,0,0,0,0,0,0,0,0,0,0,0,0,0,0,0,0,0,0.0,0.0,0.0,0.0,0.0,0.0,0.0,0.0,0.0,0.0,0.0,0.0,0.0,0.0,0.0,0.0,0.0,0,0,0,0.0,0.0,0.0,0,0,0,0,0,0,0,0,0,0,0,0,0,0,0,11,1588,0.0,0.0,0.0,D,,0.0,0.0,0.0,0.0,0.0,0.0,0.0,0.0,0.0,0.0,0.0,0.0,0.0,0.0,0.0
1588,2024-11-19,Unknown,ﾌﾞﾙｶﾞﾘ,ｼﾞｮｼﾞｱ,1500,1500,0,1500,1500,0,0,0,0,0,0,0,0,0,0,0,0,0,0,0,0,0,0,0,0.0,0.0,0.0,0.0,0.0,0.0,0.0,0.0,0.0,0.0,0.0,0.0,0.0,0.0,0.0,0.0,0.0,0,0,0,0.0,0.0,0.0,0,0,0,0,0,0,0,0,0,0,0,0,0,0,0,11,1588,0.0,0.0,0.0,H,,0.0,0.0,0.0,0.0,0.0,0.0,0.0,0.0,0.0,0.0,0.0,0.0,0.0,0.0,0.0
1588,2024-11-19,Unknown,北アイ,ﾙｸｾﾝﾌﾞ,1500,1500,0,1500,1500,0,0,0,0,0,0,0,0,0,0,0,0,0,0,0,0,0,0,0,0.0,0.0,0.0,0.0,0.0,0.0,0.0,0.0,0.0,0.0,0.0,0.0,0.0,0.0,0.0,0.0,0.0,0,0,0,0.0,0.0,0.0,0,0,0,0,0,0,0,0,0,0,0,0,0,0,0,11,1588,0.0,0.0,0.0,H,,0.0,0.0,0.0,0.0,0.0,0.0,0.0,0.0,0.0,0.0,0.0,0.0,0.0,0.0,0.0
1588,2024-11-19,Unknown,ﾏﾙﾀ,ﾎﾟｰﾗﾝ,1500,1500,0,1500,1500,0,0,0,0,0,0,0,0,0,0,0,0,0,0,0,0,0,0,0,0.0,0.0,0.0,0.0,0.0,0.0,0.0,0.0,0.0,0.0,0.0,0.0,0.0,0.0,0.0,0.0,0.0,0,0,0,0.0,0.0,0.0,0,0,0,0,0,0,0,0,0,0,0,0,0,0,0,11,1588,0.0,0.0,0.0,A,,0.0,0.0,0.0,0.0,0.0,0.0,0.0,0.0,0.0,0.0,0.0,0.0,0.0,0.0,0.0
1588,2024-11-19,Unknown,ﾙｰﾏﾆｱ,ｻﾝﾏﾘﾉ,1500,1500,0,1500,1500,0,0,0,0,0,0,0,0,0,0,0,0,0,0,0,0,0,0,0,0.0,0.0,0.0,0.0,0.0,0.0,0.0,0.0,0.0,0.0,0.0,0.0,0.0,0.0,0.0,0.0,0.0,0,0,0,0.0,0.0,0.0,0,0,0,0,0,0,0,0,0,0,0,0,0,0,0,11,1588,0.0,0.0,0.0,H,,0.0,0.0,0.0,0.0,0.0,0.0,0.0,0.0,0.0,0.0,0.0,0.0,0.0,0.0,0.0
1587,2024-11-16,J.League,町田,FC東京,1526,1485,41,1528,1483,45,4,6,-2,1,2,5,15,10,50,35,15,22,13,17,16,5,-3,8,0.4516129032258064,0.4074074074074074,0.5714285714285714,0.3076923076923077,0.2637362637362637,0.7142857142857143,0.4615384615384615,0.2527472527472527,0.4285714285714285,0.6923076923076923,-0.2637362637362637,0.5256869772998806,0.3566529492455418,0.1690340280543387,2.461764705882353,2.278125,0.1836397058823529,41,10,15,0.1690340280543387,0.1836397058823529,16.92053474678734,1,6,-5,0,2,-2,0,2,-2,2,0,2,0,0,1,11,1587,1.175824175824176,0.2527472527472527,0.1861480680961044,H,32510,0.599431,0.531081,0.727273,10.0,20.0,0.57703,0.500353,0.909091,9.0,20.0,0.022401000000000004,0.030727999999999978,-0.18181800000000004,1.0,0.0
1587,2024-11-16,J.League,ヴィッセル神戸,サンフレッチェ広島,1531,1576,-45,1517,1520,-3,8,9,-1,2,3,11,3,-8,41,58,-17,17,22,14,14,3,8,-5,0.4615384615384615,0.5625,0.5454545454545454,0.4666666666666667,0.0787878787878787,0.6363636363636364,0.6666666666666666,-0.0303030303030302,0.4545454545454545,0.5333333333333333,-0.0787878787878788,0.4843304843304843,0.5092592592592592,-0.0249287749287748,2.5071428571428576,3.085714285714286,-0.5785714285714283,45,8,17,0.0249287749287748,0.5785714285714283,17.87070004070004,2,3,-1,0,1,-1,2,1,1,0,0,0,0,0,0,11,1587,1.303030303030303,0.0303030303030302,0.177650162197054,A,31410,0.496449,0.469995,0.363636,10.0,14.0,0.521125,0.47659,0.818182,9.0,17.0,-0.024675999999999976,-0.0065950000000000175,-0.45454599999999995,1.0,-3.0
1587,2024-11-16,J.League,高知,八戸,1511,1508,3,1509,1500,9,6,6,0,2,2,43,44,1,6,6,0,2,2,1,1,1,1,0,0.6666666666666666,0.6666666666666666,1.0,0.0,1.0,1.0,0.0,1.0,0.0,0.0,0.0,0.4938271604938271,0.4938271604938271,0.0,4.050000000000001,4.050000000000001,0.0,3,1,0,0.0,0.0,1.2999999999999998,6,6,0,2,2,0,0,0,0,1,1,0,0,0,0,11,1587,1.0,1.0,0.1219311268981437,D,,0.0,0.0,0.0,0.0,0.0,0.0,0.0,0.0,0.0,0.0,0.0,0.0,0.0,0.0,0.0
1587,2024-11-16,J.League,長野,宮崎,1500,1490,10,1509,1491,18,3,1,2,1,0,53,56,3,3,1,2,1,1,1,2,0,-1,1,0.5,0.0,1.0,0.0,1.0,1.0,0.5,0.5,0.0,1.0,-1.0,0.3703703703703703,0.3703703703703703,0.0,2.7,1.35,1.35,10,3,2,0.0,1.35,4.52,3,1,2,1,0,1,0,0,0,1,1,0,0,0,0,11,1587,1.5,0.5,0.1828944324191354,A,,0.0,0.0,0.0,0.0,0.0,0.0,0.0,0.0,0.0,0.0,0.0,0.0,0.0,0.0,0.0
1587,2024-11-16,J.League,沼津,群馬,1479,1488,-9,1500,1491,9,0,1,-1,0,0,59,57,-2,0,1,-1,0,1,2,2,-2,-1,-1,0.0,0.0,0.0,0.0,0.0,0.0,0.0,0.0,0.0,1.0,-1.0,0.0,0.3703703703703703,-0.3703703703703703,1.35,1.35,0.0,9,2,1,0.3703703703703703,0.0,3.724074074074074,0,1,-1,0,0,0,0,0,0,2,1,1,0,0,0,11,1587,0.0,0.0,0.1371691309101034,A,,0.0,0.0,0.0,0.0,0.0,0.0,0.0,0.0,0.0,0.0,0.0,0.0,0.0,0.0,0.0
1586,2024-11-15,Unknown,ｲﾝｸﾞﾗﾝ,ｾﾙﾋﾞｱ,1500,1500,0,1500,1500,0,0,0,0,0,0,0,0,0,0,0,0,0,0,0,0,0,0,0,0.0,0.0,0.0,0.0,0.0,0.0,0.0,0.0,0.0,0.0,0.0,0.0,0.0,0.0,0.0,0.0,0.0,0,0,0,0.0,0.0,0.0,0,0,0,0,0,0,0,0,0,0,0,0,0,0,0,11,1586,0.0,0.0,0.0,H,,0.0,0.0,0.0,0.0,0.0,0.0,0.0,0.0,0.0,0.0,0.0,0.0,0.0,0.0,0.0
1586,2024-11-15,Unknown,ｱｲﾙﾗﾝ,ﾎﾟﾙﾄｶﾞ,1500,1500,0,1500,1500,0,0,0,0,0,0,0,0,0,0,0,0,0,0,0,0,0,0,0,0.0,0.0,0.0,0.0,0.0,0.0,0.0,0.0,0.0,0.0,0.0,0.0,0.0,0.0,0.0,0.0,0.0,0,0,0,0.0,0.0,0.0,0,0,0,0,0,0,0,0,0,0,0,0,0,0,0,11,1586,0.0,0.0,0.0,A,,0.0,0.0,0.0,0.0,0.0,0.0,0.0,0.0,0.0,0.0,0.0,0.0,0.0,0.0,0.0
1586,2024-11-15,Unknown,ﾎﾟｰﾗﾝ,ｵﾗﾝﾀﾞ,1500,1500,0,1500,1500,0,0,0,0,0,0,0,0,0,0,0,0,0,0,0,0,0,0,0,0.0,0.0,0.0,0.0,0.0,0.0,0.0,0.0,0.0,0.0,0.0,0.0,0.0,0.0,0.0,0.0,0.0,0,0,0,0.0,0.0,0.0,0,0,0,0,0,0,0,0,0,0,0,0,0,0,0,11,1586,0.0,0.0,0.0,D,,0.0,0.0,0.0,0.0,0.0,0.0,0.0,0.0,0.0,0.0,0.0,0.0,0.0,0.0,0.0
1586,2024-11-15,Unknown,ﾙｸｾﾝﾌﾞ,ﾄﾞｲﾂ,1500,1500,0,1500,1500,0,0,0,0,0,0,0,0,0,0,0,0,0,0,0,0,0,0,0,0.0,0.0,0.0,0.0,0.0,0.0,0.0,0.0,0.0,0.0,0.0,0.0,0.0,0.0,0.0,0.0,0.0,0,0,0,0.0,0.0,0.0,0,0,0,0,0,0,0,0,0,0,0,0,0,0,0,11,1586,0.0,0.0,0.0,A,,0.0,0.0,0.0,0.0,0.0,0.0,0.0,0.0,0.0,0.0,0.0,0.0,0.0,0.0,0.0
1586,2024-11-15,Unknown,ｸﾛｱﾁｱ,ﾌｪﾛｰ,1500,1500,0,1500,1500,0,0,0,0,0,0,0,0,0,0,0,0,0,0,0,0,0,0,0,0.0,0.0,0.0,0.0,0.0,0.0,0.0,0.0,0.0,0.0,0.0,0.0,0.0,0.0,0.0,0.0,0.0,0,0,0,0.0,0.0,0.0,0,0,0,0,0,0,0,0,0,0,0,0,0,0,0,11,1586,0.0,0.0,0.0,H,,0.0,0.0,0.0,0.0,0.0,0.0,0.0,0.0,0.0,0.0,0.0,0.0,0.0,0.0,0.0
1586,2024-11-15,Unknown,ｱｾﾞﾙﾊﾞ,ｱｲｽﾗﾝ,1500,1500,0,1500,1500,0,0,0,0,0,0,0,0,0,0,0,0,0,0,0,0,0,0,0,0.0,0.0,0.0,0.0,0.0,0.0,0.0,0.0,0.0,0.0,0.0,0.0,0.0,0.0,0.0,0.0,0.0,0,0,0,0.0,0.0,0.0,0,0,0,0,0,0,0,0,0,0,0,0,0,0,0,11,1586,0.0,0.0,0.0,A,,0.0,0.0,0.0,0.0,0.0,0.0,0.0,0.0,0.0,0.0,0.0,0.0,0.0,0.0,0.0
1586,2024-11-15,Unknown,ﾉﾙｳｪｰ,ｴｽﾄﾆｱ,1500,1500,0,1500,1500,0,0,0,0,0,0,0,0,0,0,0,0,0,0,0,0,0,0,0,0.0,0.0,0.0,0.0,0.0,0.0,0.0,0.0,0.0,0.0,0.0,0.0,0.0,0.0,0.0,0.0,0.0,0,0,0,0.0,0.0,0.0,0,0,0,0,0,0,0,0,0,0,0,0,0,0,0,11,1586,0.0,0.0,0.0,H,,0.0,0.0,0.0,0.0,0.0,0.0,0.0,0.0,0.0,0.0,0.0,0.0,0.0,0.0,0.0
1586,2024-11-15,Unknown,ｱﾙﾒﾆｱ,ﾊﾝｶﾞﾘｰ,1500,1500,0,1500,1500,0,0,0,0,0,0,0,0,0,0,0,0,0,0,0,0,0,0,0,0.0,0.0,0.0,0.0,0.0,0.0,0.0,0.0,0.0,0.0,0.0,0.0,0.0,0.0,0.0,0.0,0.0,0,0,0,0.0,0.0,0.0,0,0,0,0,0,0,0,0,0,0,0,0,0,0,0,11,1586,0.0,0.0,0.0,A,,0.0,0.0,0.0,0.0,0.0,0.0,0.0,0.0,0.0,0.0,0.0,0.0,0.0,0.0,0.0
1586,2024-11-15,Unknown,ｽﾛﾊﾞｷｱ,北アイ,1500,1500,0,1500,1500,0,0,0,0,0,0,0,0,0,0,0,0,0,0,0,0,0,0,0,0.0,0.0,0.0,0.0,0.0,0.0,0.0,0.0,0.0,0.0,0.0,0.0,0.0,0.0,0.0,0.0,0.0,0,0,0,0.0,0.0,0.0,0,0,0,0,0,0,0,0,0,0,0,0,0,0,0,11,1586,0.0,0.0,0.0,H,,0.0,0.0,0.0,0.0,0.0,0.0,0.0,0.0,0.0,0.0,0.0,0.0,0.0,0.0,0.0
1586,2024-11-15,Unknown,ﾌｨﾝﾗﾝ,ﾏﾙﾀ,1500,1500,0,1500,1500,0,0,0,0,0,0,0,0,0,0,0,0,0,0,0,0,0,0,0,0.0,0.0,0.0,0.0,0.0,0.0,0.0,0.0,0.0,0.0,0.0,0.0,0.0,0.0,0.0,0.0,0.0,0,0,0,0.0,0.0,0.0,0,0,0,0,0,0,0,0,0,0,0,0,0,0,0,11,1586,0.0,0.0,0.0,A,,0.0,0.0,0.0,0.0,0.0,0.0,0.0,0.0,0.0,0.0,0.0,0.0,0.0,0.0,0.0
1586,2024-11-15,Unknown,ｱﾝﾄﾞﾗ,ｱﾙﾊﾞﾆｱ,1500,1500,0,1500,1500,0,0,0,0,0,0,0,0,0,0,0,0,0,0,0,0,0,0,0,0.0,0.0,0.0,0.0,0.0,0.0,0.0,0.0,0.0,0.0,0.0,0.0,0.0,0.0,0.0,0.0,0.0,0,0,0,0.0,0.0,0.0,0,0,0,0,0,0,0,0,0,0,0,0,0,0,0,11,1586,0.0,0.0,0.0,A,,0.0,0.0,0.0,0.0,0.0,0.0,0.0,0.0,0.0,0.0,0.0,0.0,0.0,0.0,0.0
1586,2024-11-15,Unknown,ｼﾞﾌﾞﾗﾙ,ﾓﾝﾃﾈｸﾞ,1500,1500,0,1500,1500,0,0,0,0,0,0,0,0,0,0,0,0,0,0,0,0,0,0,0,0.0,0.0,0.0,0.0,0.0,0.0,0.0,0.0,0.0,0.0,0.0,0.0,0.0,0.0,0.0,0.0,0.0,0,0,0,0.0,0.0,0.0,0,0,0,0,0,0,0,0,0,0,0,0,0,0,0,11,1586,0.0,0.0,0.0,A,,0.0,0.0,0.0,0.0,0.0,0.0,0.0,0.0,0.0,0.0,0.0,0.0,0.0,0.0,0.0
1586,2024-11-15,Unknown,ﾓﾙﾄﾞﾊﾞ,ｲﾀﾘｱ,1500,1500,0,1500,1500,0,0,0,0,0,0,0,0,0,0,0,0,0,0,0,0,0,0,0,0.0,0.0,0.0,0.0,0.0,0.0,0.0,0.0,0.0,0.0,0.0,0.0,0.0,0.0,0.0,0.0,0.0,0,0,0,0.0,0.0,0.0,0,0,0,0,0,0,0,0,0,0,0,0,0,0,0,11,1586,0.0,0.0,0.0,A,,0.0,0.0,0.0,0.0,0.0,0.0,0.0,0.0,0.0,0.0,0.0,0.0,0.0,0.0,0.0
1585,2024-11-09,J.League,鹿島アントラーズ,横浜FC,1601,1445,156,1554,1453,101,11,4,7,3,1,1,15,14,63,38,25,25,16,13,22,12,-6,18,0.59375,0.3333333333333333,0.6,0.25,0.35,0.8666666666666667,0.375,0.4916666666666667,0.4,0.75,-0.35,0.5787037037037037,0.3591470258136924,0.2195566778900112,3.3230769230769237,2.0250000000000004,1.298076923076923,156,14,25,0.2195566778900112,1.298076923076923,58.40352672019338,5,1,4,1,0,1,5,0,5,0,1,-1,1,0,0,11,1585,1.2416666666666667,0.4916666666666667,0.1753589574553248,H,32501,0.631299,0.551331,0.636364,12.0,20.0,0.645722,0.571222,0.818182,13.0,20.0,-0.014422999999999964,-0.019890999999999992,-0.18181799999999992,-1.0,0.0
1585,2024-11-09,J.League,湘南ベルマーレ,アルビレックス新潟,1387,1435,-48,1466,1485,-19,1,4,-3,0,1,30,18,-12,21,32,-11,11,14,25,21,-14,-7,-7,0.1666666666666666,0.3,0.1538461538461538,0.3846153846153846,-0.2307692307692307,0.5384615384615384,0.4615384615384615,0.0769230769230768,0.8461538461538461,0.6153846153846154,0.2307692307692307,0.2716049382716049,0.345679012345679,-0.074074074074074,1.62,1.9285714285714288,-0.3085714285714287,48,12,11,0.074074074074074,0.3085714285714287,19.876529100529098,1,1,0,0,0,0,0,1,-1,1,0,1,0,0,1,11,1585,1.0,0.0769230769230768,0.1739479022056941,A,32505,0.619979,0.5446,0.636364,11.0,20.0,0.621972,0.540111,0.727273,11.0,20.0,-0.0019930000000000225,0.004488999999999965,-0.0909089999999999,0.0,0.0
1585,2024-11-09,J.League,サンフレッチェ広島,浦和レッズ,1569,1539,30,1537,1475,62,9,7,2,3,2,3,9,6,56,43,13,22,17,15,12,7,5,2,0.53125,0.52,0.5882352941176471,0.2307692307692307,0.3574660633484163,0.7058823529411765,0.5384615384615384,0.167420814479638,0.4117647058823529,0.7692307692307693,-0.3574660633484163,0.5092592592592592,0.5037037037037037,0.0055555555555555,2.8800000000000003,2.8125000000000004,0.0674999999999999,30,6,13,0.0055555555555555,0.0674999999999999,12.014611111111112,3,6,-3,1,2,-1,0,1,-1,2,0,2,0,0,1,11,1585,1.244343891402715,0.167420814479638,0.1779438152975727,H,32509,0.612083,0.531978,0.454545,12.0,20.0,0.606674,0.526764,0.909091,11.0,20.0,0.005408999999999997,0.005213999999999941,-0.454546,1.0,0.0
1585,2024-11-09,J.League,町田,FC東京,1540,1473,67,1533,1473,60,5,6,-1,1,2,6,16,10,50,35,15,22,13,17,17,5,-4,9,0.4516129032258064,0.3928571428571428,0.5714285714285714,0.2857142857142857,0.2857142857142857,0.7142857142857143,0.4285714285714285,0.2857142857142857,0.4285714285714285,0.7142857142857143,-0.2857142857142857,0.5256869772998806,0.3439153439153439,0.1817716333845366,2.461764705882353,2.2235294117647064,0.2382352941176466,67,10,15,0.1817716333845366,0.2382352941176466,26.034001385500435,1,3,-2,0,1,-1,0,1,-1,1,0,1,0,0,0,11,1585,1.1428571428571428,0.2857142857142857,0.1855985429144489,A,32510,0.599431,0.531081,0.727273,10.0,20.0,0.57703,0.500353,0.909091,9.0,20.0,0.022401000000000004,0.030727999999999978,-0.18181800000000004,1.0,0.0
1585,2024-11-09,J.League,ガンバ大阪,ヴィッセル神戸,1542,1537,5,1531,1515,16,10,10,0,3,3,8,10,2,49,43,6,21,17,18,13,3,4,-1,0.4375,0.5,0.6,0.4666666666666667,0.1333333333333333,0.6666666666666666,0.6666666666666666,0.0,0.4,0.5333333333333333,-0.1333333333333333,0.4861111111111111,0.4843304843304843,0.0017806267806267,2.4000000000000004,2.7,-0.2999999999999998,5,2,6,0.0017806267806267,0.2999999999999998,2.3103561253561256,4,4,0,1,1,0,1,1,0,0,0,0,0,0,1,11,1585,1.3333333333333333,0.0,0.1902789348133557,D,32508,0.569278,0.497239,0.818182,9.0,20.0,0.683847,0.628611,0.727273,13.0,20.0,-0.11456900000000003,-0.13137200000000004,0.09090900000000002,-4.0,0.0
1585,2024-11-09,J.League,東京ヴェルディ,アビスパ福岡,1532,1504,28,1538,1482,56,10,10,0,3,3,7,12,5,50,42,8,20,20,16,21,4,-1,5,0.4838709677419355,0.34375,0.625,0.3125,0.3125,0.6875,0.5,0.1875,0.375,0.6875,-0.3125,0.4778972520908004,0.4629629629629629,0.0149342891278375,2.615625,2.0571428571428574,0.5584821428571427,28,5,8,0.0149342891278375,0.5584821428571427,11.164683286396995,7,7,0,2,2,0,4,3,1,0,0,0,0,1,0,11,1585,1.1875,0.1875,0.2013453501826682,D,32503,0.529701,0.469825,0.818182,9.0,20.0,0.678181,0.601111,0.909091,13.0,20.0,-0.14848000000000006,-0.13128599999999996,-0.09090900000000002,-4.0,0.0
1585,2024-11-09,J.League,川崎フロンターレ,ファジアーノ岡山,1565,1445,120,1520,1471,49,8,3,5,2,1,5,21,16,53,31,22,23,13,15,19,8,-6,14,0.5,0.3214285714285714,0.4285714285714285,0.2857142857142857,0.1428571428571428,0.7857142857142857,0.4285714285714285,0.3571428571428571,0.5714285714285714,0.7142857142857143,-0.1428571428571429,0.5679012345679012,0.3439153439153439,0.2239858906525573,2.7,1.9894736842105265,0.7105263157894739,120,16,22,0.2239858906525573,0.7105263157894739,46.1869024412884,6,3,3,2,1,1,0,0,0,1,2,-1,0,1,0,11,1585,1.2142857142857142,0.3571428571428571,0.194434854825561,D,32504,0.629035,0.563575,0.818182,11.0,20.0,0.620972,0.533897,0.454545,12.0,20.0,0.008063000000000042,0.029678000000000093,0.363637,-1.0,0.0
1585,2024-11-09,J.League,京都サンガF.C.,横浜F・マリノス,1566,1520,46,1522,1470,52,7,9,-2,1,3,4,13,9,55,41,14,23,15,15,16,8,-1,9,0.5161290322580645,0.4482758620689655,0.4375,0.3125,0.125,0.75,0.375,0.375,0.5625,0.6875,-0.125,0.5495818399044206,0.3831417624521073,0.1664400774523132,2.79,2.4468750000000004,0.3431249999999997,46,9,14,0.1664400774523132,0.3431249999999997,18.45191301549046,3,6,-3,0,2,-2,5,2,3,0,0,0,1,0,0,11,1585,1.125,0.375,0.1781035048585353,A,32507,0.652484,0.587973,0.727273,11.0,20.0,0.602431,0.528756,1.0,12.0,20.0,0.0500529999999999,0.059216999999999964,-0.27272700000000005,-1.0,0.0
1585,2024-11-09,J.League,清水エスパルス,セレッソ大阪,1456,1511,-55,1506,1478,28,6,7,-1,2,2,19,11,-8,32,43,-11,14,17,22,16,-8,1,-9,0.2903225806451613,0.4482758620689655,0.4285714285714285,0.4,0.0285714285714285,0.6428571428571429,0.4,0.2428571428571428,0.5714285714285714,0.6,-0.0285714285714285,0.3345280764635603,0.4342273307790548,-0.0996992543154945,1.9022727272727276,2.4468750000000004,-0.544602272727273,55,8,11,0.0996992543154945,0.544602272727273,21.378860305408555,3,6,-3,1,2,-1,0,2,-2,2,0,2,0,0,1,11,1585,1.042857142857143,0.2428571428571428,0.1767559484878266,A,32506,0.622236,0.528736,0.818182,12.0,20.0,0.551986,0.481122,0.818182,12.0,19.0,0.07025000000000003,0.04761399999999999,0.0,0.0,1.0
1585,2024-11-09,J.League,柏レイソル,名古屋グランパス,1584,1470,114,1544,1464,80,12,4,8,4,1,2,14,12,60,39,21,24,17,13,20,11,-3,14,0.5806451612903226,0.3548387096774194,0.5882352941176471,0.2,0.388235294117647,0.7647058823529411,0.4666666666666667,0.2980392156862744,0.4117647058823529,0.8,-0.3882352941176471,0.5734767025089605,0.4062126642771803,0.1672640382317802,3.2192307692307693,2.0925,1.126730769230769,114,12,21,0.1672640382317802,1.126730769230769,43.15879896149251,9,4,5,3,1,2,3,0,3,0,1,-1,1,0,0,11,1585,1.231372549019608,0.2980392156862744,0.1844353499477194,H,32502,0.595975,0.51676,0.818182,9.0,20.0,0.555243,0.479636,0.636364,10.0,20.0,0.04073199999999999,0.03712399999999999,0.18181799999999992,-1.0,0.0
1585,2024-11-09,Cup/Other,北海道コンサドーレ札幌,大分,1519,1500,19,1500,1500,0,6,0,6,2,0,20,0,-20,31,0,31,13,0,10,0,3,0,3,0.4736842105263157,0.0,0.4,0.0,0.4,0.6,0.0,0.6,0.6,0.0,0.6,0.50682261208577,0.0,0.50682261208577,2.5650000000000004,0.0,2.5650000000000004,19,20,31,0.50682261208577,2.5650000000000004,12.264364522417152,3,0,3,1,0,1,0,0,0,2,0,2,0,0,0,11,1585,0.6,0.6,0.1975839585535728,H,,0.0,0.0,0.0,0.0,0.0,0.0,0.0,0.0,0.0,0.0,0.0,0.0,0.0,0.0,0.0
1585,2024-11-09,J.League,ベガルタ仙台,熊本,1530,1438,92,1518,1482,36,8,4,4,2,1,26,38,12,25,11,14,11,5,7,11,4,-6,10,0.5,0.2142857142857142,0.5,0.2857142857142857,0.2142857142857143,0.75,0.4285714285714285,0.3214285714285714,0.5,0.7142857142857143,-0.2142857142857143,0.582010582010582,0.2645502645502645,0.3174603174603174,2.7,1.7181818181818185,0.981818181818182,92,12,14,0.3174603174603174,0.981818181818182,35.459855699855694,4,1,3,1,0,1,0,0,0,1,1,0,0,0,0,11,1585,1.1785714285714286,0.3214285714285714,0.1916040853431159,H,,0.0,0.0,0.0,0.0,0.0,0.0,0.0,0.0,0.0,0.0,0.0,0.0,0.0,0.0,0.0
1585,2024-11-09,J.League,徳島ヴォルティス,ヴァンフォーレ甲府,1531,1478,53,1510,1525,-15,8,1,7,2,0,23,32,9,28,20,8,12,8,9,10,3,-2,5,0.4705882352941176,0.375,0.5,0.6666666666666666,-0.1666666666666666,0.625,0.8333333333333334,-0.2083333333333333,0.5,0.3333333333333333,0.1666666666666666,0.5228758169934641,0.3703703703703703,0.1525054466230937,2.5500000000000003,2.16,0.3900000000000001,53,9,8,0.1525054466230937,0.3900000000000001,20.908501089324616,7,1,6,2,0,2,3,0,3,0,1,-1,0,0,0,11,1585,1.4583333333333337,0.2083333333333333,0.1896448456219261,H,,0.0,0.0,0.0,0.0,0.0,0.0,0.0,0.0,0.0,0.0,0.0,0.0,0.0,0.0,0.0
1583,2024-11-02,J.League,柏レイソル,サンフレッチェ広島,1568,1580,-12,1529,1530,-1,10,10,0,3,3,2,3,1,57,56,1,23,22,14,14,9,8,1,0.5483870967741935,0.5483870967741935,0.5294117647058824,0.5,0.0294117647058823,0.7058823529411765,0.7142857142857143,-0.0084033613445377,0.4705882352941176,0.5,-0.0294117647058823,0.5495818399044206,0.5256869772998806,0.0238948626045399,2.9892857142857148,2.9892857142857148,0.0,12,1,1,0.0238948626045399,0.0,4.454778972520908,6,6,0,2,2,0,2,0,2,0,1,-1,0,2,0,11,1583,1.4201680672268908,0.0084033613445377,0.1798507962932545,H,32452,0.572646,0.487931,0.727273,8.0,20.0,0.594174,0.524556,0.818182,11.0,20.0,-0.02152799999999999,-0.03662500000000002,-0.09090900000000002,-3.0,0.0
1583,2024-11-02,J.League,いわきFC,藤枝MYFC,1494,1471,23,1494,1483,11,6,6,0,1,1,33,41,8,15,9,6,9,5,10,8,-1,-3,2,0.2307692307692307,0.2,0.1666666666666666,0.2857142857142857,-0.119047619047619,0.6666666666666666,0.4285714285714285,0.238095238095238,0.8333333333333334,0.7142857142857143,0.119047619047619,0.5128205128205128,0.3703703703703703,0.1424501424501424,1.755,1.6875,0.0675000000000001,23,8,6,0.1424501424501424,0.0675000000000001,10.091990028490027,4,2,2,1,0,1,2,1,1,0,0,0,0,0,0,11,1583,1.0952380952380951,0.238095238095238,0.2565476335301467,A,,0.0,0.0,0.0,0.0,0.0,0.0,0.0,0.0,0.0,0.0,0.0,0.0,0.0,0.0,0.0
1583,2024-11-02,J.League,ヴァンフォーレ甲府,水戸ホーリーホック,1488,1559,-71,1469,1546,-77,2,8,-6,0,2,31,26,-5,20,24,-4,8,10,9,4,-1,6,-7,0.4,0.6363636363636364,0.2222222222222222,0.75,-0.5277777777777778,0.3333333333333333,1.0,-0.6666666666666667,0.7777777777777778,0.25,0.5277777777777778,0.3950617283950617,0.6734006734006733,-0.2783389450056116,2.2500000000000004,3.7125,-1.4625,71,5,4,0.2783389450056116,1.4625,26.44816778900112,1,5,-4,0,1,-1,1,4,-3,0,0,0,0,0,0,11,1583,1.3333333333333333,0.6666666666666667,0.179194043168372,A,,0.0,0.0,0.0,0.0,0.0,0.0,0.0,0.0,0.0,0.0,0.0,0.0,0.0,0.0,0.0
1583,2024-11-02,J.League,ジュビロ磐田,V・ファーレン長崎,1501,1522,-21,1507,1523,-16,9,5,4,3,1,32,25,-7,17,25,-8,7,13,7,11,0,2,-2,0.4166666666666667,0.3529411764705882,0.6,0.4444444444444444,0.1555555555555555,0.6,0.8888888888888888,-0.2888888888888888,0.4,0.5555555555555556,-0.1555555555555555,0.4320987654320987,0.5664488017429193,-0.1343500363108206,2.3142857142857145,2.0863636363636364,0.227922077922078,21,7,8,0.1343500363108206,0.227922077922078,9.17245442284658,3,4,-1,1,1,0,0,2,-2,1,0,1,0,0,0,11,1583,1.488888888888889,0.2888888888888888,0.2269039855741109,H,,0.0,0.0,0.0,0.0,0.0,0.0,0.0,0.0,0.0,0.0,0.0,0.0,0.0,0.0,0.0
1583,2024-11-02,Cup/Other,大分,モンテディオ山形,1500,1500,0,1500,1529,-29,0,10,-10,0,3,0,17,17,0,35,-35,0,15,0,15,0,0,0,0.0,0.4,0.0,0.6,-0.6,0.0,0.8,-0.8,0.0,0.4,-0.4,0.0,0.4444444444444444,-0.4444444444444444,0.0,2.2500000000000004,-2.2500000000000004,0,17,35,0.4444444444444444,2.2500000000000004,4.788888888888889,0,4,-4,0,1,-1,0,2,-2,0,0,0,0,0,0,11,1583,0.8,0.8,0.1975220854381779,A,,0.0,0.0,0.0,0.0,0.0,0.0,0.0,0.0,0.0,0.0,0.0,0.0,0.0,0.0,0.0
1583,2024-11-02,J.League,大宮,ブラウブリッツ秋田,1512,1464,48,1483,1491,-8,9,6,3,3,1,36,27,-9,13,24,-11,5,12,4,16,1,-4,5,0.5,0.2727272727272727,0.0,0.25,-0.25,0.3333333333333333,0.625,-0.2916666666666667,1.0,0.75,0.25,0.4629629629629629,0.404040404040404,0.0589225589225589,2.7,1.85625,0.84375,48,9,11,0.0589225589225589,0.84375,19.23053451178451,6,2,4,2,0,2,0,1,-1,1,0,1,1,0,0,11,1583,0.9583333333333331,0.2916666666666667,0.1902846284862591,H,,0.0,0.0,0.0,0.0,0.0,0.0,0.0,0.0,0.0,0.0,0.0,0.0,0.0,0.0,0.0
1583,2024-11-02,J.League,富山,愛媛FC,1414,1412,2,1467,1472,-5,0,0,0,0,0,35,46,11,15,5,10,7,3,16,11,-9,-8,-1,0.2,0.0833333333333333,0.2222222222222222,0.0,0.2222222222222222,0.3333333333333333,0.4,-0.0666666666666667,0.7777777777777778,1.0,-0.2222222222222222,0.2592592592592592,0.1851851851851851,0.074074074074074,1.6875,1.4727272727272729,0.2147727272727271,2,11,10,0.074074074074074,0.2147727272727271,3.5077693602693603,0,0,0,0,0,0,0,0,0,5,5,0,0,0,0,11,1583,0.7333333333333334,0.0666666666666667,0.140632411168259,D,,0.0,0.0,0.0,0.0,0.0,0.0,0.0,0.0,0.0,0.0,0.0,0.0,0.0,0.0,0.0
1583,2024-11-02,J.League,FC今治,ベガルタ仙台,1511,1543,-32,1493,1524,-31,8,8,0,2,2,28,24,-4,23,25,-2,11,11,9,6,2,5,-3,0.4,0.5384615384615384,0.2222222222222222,0.6,-0.3777777777777777,0.6666666666666666,1.0,-0.3333333333333333,0.7777777777777778,0.4,0.3777777777777777,0.5432098765432098,0.6267806267806267,-0.0835707502374168,2.2500000000000004,2.925,-0.6749999999999994,32,4,2,0.0835707502374168,0.6749999999999994,12.351714150047483,2,7,-5,0,2,-2,1,4,-3,0,0,0,0,0,0,11,1583,1.6666666666666663,0.3333333333333333,0.2260807527050369,H,,0.0,0.0,0.0,0.0,0.0,0.0,0.0,0.0,0.0,0.0,0.0,0.0,0.0,0.0,0.0
1583,2024-11-02,J.League,サガン鳥栖,徳島ヴォルティス,1540,1529,11,1525,1517,8,10,10,0,3,3,23,22,-1,27,28,-1,11,12,7,9,4,3,1,0.5333333333333333,0.4705882352941176,0.75,0.5,0.25,1.0,0.75,0.25,0.25,0.5,-0.25,0.5432098765432098,0.5228758169934641,0.0203340595497457,2.892857142857143,2.5500000000000003,0.3428571428571425,11,1,1,0.0203340595497457,0.3428571428571425,4.172638240481377,7,6,1,2,2,0,3,2,1,0,0,0,1,0,0,11,1583,1.75,0.25,0.1958651640194725,D,,0.0,0.0,0.0,0.0,0.0,0.0,0.0,0.0,0.0,0.0,0.0,0.0,0.0,0.0,0.0
1583,2024-11-02,J.League,熊本,山口,1452,1462,-10,1475,1475,0,4,9,-5,1,2,37,34,-3,12,15,-3,6,11,11,16,-5,-5,0,0.2142857142857142,0.1111111111111111,0.1666666666666666,0.0,0.1666666666666666,0.3333333333333333,0.5714285714285714,-0.238095238095238,0.8333333333333334,1.0,-0.1666666666666666,0.3174603174603174,0.4526748971193415,-0.1352145796590241,1.7181818181818185,1.5187500000000005,0.199431818181818,10,3,3,0.1352145796590241,0.199431818181818,4.316929279568169,4,7,-3,1,2,-1,1,5,-4,0,0,0,1,0,0,11,1583,0.9047619047619048,0.238095238095238,0.237914008213929,A,,0.0,0.0,0.0,0.0,0.0,0.0,0.0,0.0,0.0,0.0,0.0,0.0,0.0,0.0,0.0
1583,2024-11-02,J.League,ジェフユナイテッド千葉,北海道コンサドーレ札幌,1505,1525,-20,1491,1532,-41,5,9,-4,1,3,30,20,-10,21,31,-10,9,13,8,10,1,3,-2,0.4285714285714285,0.4736842105263157,0.0,0.625,-0.625,0.5,0.875,-0.375,1.0,0.375,0.625,0.4761904761904762,0.50682261208577,-0.0306321358952937,2.3625000000000003,2.5650000000000004,-0.2025000000000001,20,10,10,0.0306321358952937,0.2025000000000001,9.546626427179058,4,3,1,1,1,0,2,0,2,0,1,-1,1,0,0,11,1583,1.375,0.375,0.1994912509692845,H,,0.0,0.0,0.0,0.0,0.0,0.0,0.0,0.0,0.0,0.0,0.0,0.0,0.0,0.0,0.0
1583,2024-11-02,J.League,栃木SC,岐阜,1489,1490,-1,1509,1500,9,3,3,0,1,1,54,52,-2,3,3,0,1,1,2,2,-1,-1,0,0.3333333333333333,0.3333333333333333,1.0,0.5,0.5,1.0,0.5,0.5,0.0,0.5,-0.5,0.2469135802469135,0.2469135802469135,0.0,2.0250000000000004,2.0250000000000004,0.0,1,2,0,0.0,0.0,0.85,3,3,0,1,1,0,1,1,0,0,0,0,0,0,0,11,1583,1.5,0.5,0.1219296216127569,A,,0.0,0.0,0.0,0.0,0.0,0.0,0.0,0.0,0.0,0.0,0.0,0.0,0.0,0.0,0.0
1583,2024-11-02,J.League,八戸,北九州,1533,1496,37,1526,1500,26,9,5,4,3,1,39,45,6,9,5,4,3,3,0,3,3,0,3,1.0,0.25,1.0,0.0,1.0,1.0,1.0,0.0,0.0,1.0,-1.0,0.7407407407407407,0.5555555555555555,0.1851851851851852,2.0,1.8,0.1999999999999999,37,6,4,0.1851851851851852,0.1999999999999999,14.527037037037037,9,2,7,3,0,3,3,1,2,0,0,0,0,0,0,11,1583,2.0,0.0,0.3411216274035673,A,,0.0,0.0,0.0,0.0,0.0,0.0,0.0,0.0,0.0,0.0,0.0,0.0,0.0,0.0,0.0
1582,2024-10-26,J.League,浦和レッズ,町田,1527,1561,-34,1555,1524,31,4,5,-1,1,1,10,5,-5,43,56,-13,17,24,13,16,4,8,-4,0.5,0.5,0.7692307692307693,0.4444444444444444,0.3247863247863248,0.7692307692307693,0.7777777777777778,-0.0085470085470085,0.2307692307692307,0.5555555555555556,-0.3247863247863248,0.4843304843304843,0.5555555555555555,-0.0712250712250711,2.7,2.7,0.0,34,5,13,0.0712250712250711,0.0,13.164245014245012,4,4,0,1,1,0,0,1,-1,1,0,1,1,0,0,10,1582,1.547008547008547,0.0085470085470085,0.1925679227951408,H,32491,0.599125,0.519917,0.636364,11.0,19.0,0.570125,0.510075,0.545455,12.0,20.0,0.029000000000000026,0.009842000000000017,0.09090900000000002,-1.0,-1.0
1582,2024-10-26,J.League,清水エスパルス,東京ヴェルディ,1472,1512,-40,1517,1477,40,9,7,2,3,2,16,8,-8,36,47,-11,16,19,22,18,-6,1,-7,0.3125,0.4375,0.4615384615384615,0.2666666666666666,0.1948717948717949,0.6923076923076923,0.5333333333333333,0.1589743589743589,0.5384615384615384,0.7333333333333333,-0.1948717948717948,0.3703703703703703,0.4398148148148147,-0.0694444444444444,1.963636363636364,2.4000000000000004,-0.4363636363636365,40,8,11,0.0694444444444444,0.4363636363636365,16.101161616161615,3,7,-4,1,2,-1,0,3,-3,1,0,1,0,0,0,10,1582,1.2256410256410255,0.1589743589743589,0.1856631834903166,A,32496,0.646861,0.572006,0.727273,12.0,20.0,0.618444,0.557997,1.0,12.0,20.0,0.028417000000000026,0.01400900000000005,-0.27272700000000005,0.0,0.0
1582,2024-10-26,J.League,柏レイソル,横浜FC,1565,1445,120,1522,1453,69,8,4,4,2,1,3,15,12,57,38,19,23,16,14,23,9,-7,16,0.5483870967741935,0.3235294117647059,0.5,0.25,0.25,0.6875,0.375,0.3125,0.5,0.75,-0.25,0.5495818399044206,0.3485838779956426,0.2009979619087779,2.9892857142857148,1.9956521739130435,0.9936335403726712,120,12,19,0.2009979619087779,0.9936335403726712,45.238926300456285,6,1,5,2,0,2,1,1,0,0,0,0,1,0,0,10,1582,1.0625,0.3125,0.1801722951848209,H,32492,0.662792,0.603833,1.0,13.0,20.0,0.608597,0.515164,0.909091,10.0,20.0,0.05419499999999999,0.088669,0.09090900000000002,3.0,0.0
1582,2024-10-26,J.League,名古屋グランパス,ガンバ大阪,1476,1531,-55,1511,1495,16,7,10,-3,2,3,14,7,-7,40,49,-9,18,21,21,19,-3,2,-5,0.34375,0.4242424242424242,0.5,0.2941176470588235,0.2058823529411764,0.625,0.6470588235294118,-0.0220588235294117,0.5,0.7058823529411765,-0.2058823529411765,0.4166666666666666,0.4713804713804713,-0.0547138047138047,2.0571428571428574,2.344736842105263,-0.2875939849624056,55,7,9,0.0547138047138047,0.2875939849624056,21.068461557935244,4,4,0,1,1,0,2,0,2,0,1,-1,0,0,1,10,1582,1.2720588235294117,0.0220588235294117,0.2017381266430694,A,32497,0.602062,0.519925,0.727273,11.0,20.0,0.622278,0.554393,0.545455,12.0,20.0,-0.020216000000000012,-0.034468000000000054,0.18181799999999992,-1.0,0.0
1582,2024-10-26,J.League,セレッソ大阪,川崎フロンターレ,1497,1575,-78,1523,1549,-26,4,8,-4,1,2,12,6,-6,42,53,-11,18,23,18,15,0,8,-8,0.4,0.5,0.4285714285714285,0.6,-0.1714285714285714,0.7857142857142857,0.8,-0.0142857142857143,0.5714285714285714,0.4,0.1714285714285713,0.4444444444444444,0.5679012345679012,-0.1234567901234567,2.2500000000000004,2.7,-0.4499999999999997,78,6,11,0.1234567901234567,0.4499999999999997,28.914691358024687,3,7,-4,1,2,-1,1,4,-3,0,0,0,0,0,1,10,1582,1.585714285714286,0.0142857142857143,0.20451014707023,H,32499,0.608812,0.539842,0.909091,10.0,20.0,0.634139,0.572486,1.0,11.0,20.0,-0.02532699999999999,-0.032644000000000006,-0.09090900000000002,-1.0,0.0
1582,2024-10-26,J.League,FC東京,ファジアーノ岡山,1458,1452,6,1487,1473,14,6,3,3,2,1,19,20,1,33,32,1,13,14,19,20,-6,-6,0,0.3448275862068966,0.3103448275862069,0.4285714285714285,0.2857142857142857,0.1428571428571428,0.5,0.4285714285714285,0.0714285714285714,0.5714285714285714,0.7142857142857143,-0.1428571428571429,0.3320561941251596,0.3575989782886334,-0.0255427841634738,2.060526315789474,1.9575,0.1030263157894739,6,1,1,0.0255427841634738,0.1030263157894739,2.3757138199905894,0,3,-3,0,1,-1,0,0,0,3,1,2,0,0,1,10,1582,0.9285714285714286,0.0714285714285714,0.1716360109695285,H,32493,0.593674,0.515322,0.818182,10.0,20.0,0.5685,0.475661,0.454545,12.0,20.0,0.02517400000000003,0.039660999999999946,0.363637,-2.0,0.0
1582,2024-10-26,J.League,横浜F・マリノス,サンフレッチェ広島,1509,1599,-90,1531,1538,-7,9,13,-4,3,4,13,2,-11,41,59,-18,15,23,16,13,-1,10,-11,0.4482758620689655,0.5806451612903226,0.6153846153846154,0.5384615384615384,0.0769230769230769,0.6923076923076923,0.7692307692307693,-0.0769230769230769,0.3846153846153846,0.4615384615384615,-0.0769230769230769,0.3831417624521073,0.5495818399044206,-0.1664400774523132,2.4468750000000004,3.2192307692307693,-0.772355769230769,90,11,18,0.1664400774523132,0.772355769230769,34.437759169336616,6,9,-3,2,3,-1,1,5,-4,0,0,0,0,0,0,10,1582,1.4615384615384617,0.0769230769230769,0.1646116714330253,H,32494,0.594284,0.521792,0.909091,11.0,19.0,0.655979,0.593142,0.727273,11.0,20.0,-0.061694999999999944,-0.07134999999999991,0.18181800000000004,0.0,-1.0
1582,2024-10-26,J.League,京都サンガF.C.,鹿島アントラーズ,1565,1610,-45,1515,1548,-33,6,11,-5,1,3,4,1,-3,57,68,-11,23,26,15,12,8,14,-6,0.53125,0.6363636363636364,0.4375,0.6470588235294118,-0.2095588235294118,0.6875,0.7058823529411765,-0.0183823529411765,0.5625,0.3529411764705882,0.2095588235294117,0.5324074074074073,0.5836139169472502,-0.0512065095398428,2.8800000000000003,3.7125,-0.8325,45,3,11,0.0512065095398428,0.8325,16.676741301907967,5,7,-2,1,2,-1,4,5,-1,0,0,0,1,0,0,10,1582,1.3933823529411766,0.0183823529411765,0.1692839432628488,D,32498,0.562507,0.497147,0.727273,11.0,20.0,0.62891,0.554478,0.909091,11.0,20.0,-0.06640299999999999,-0.05733100000000002,-0.18181800000000004,0.0,0.0
1582,2024-10-26,J.League,アルビレックス新潟,ヴィッセル神戸,1435,1534,-99,1465,1516,-51,6,10,-4,2,3,18,11,-7,35,42,-7,15,16,21,13,-6,3,-9,0.3225806451612903,0.5,0.2777777777777778,0.5,-0.2222222222222222,0.5,0.6428571428571429,-0.1428571428571429,0.7222222222222222,0.5,0.2222222222222222,0.3584229390681003,0.4558404558404558,-0.0974175167723555,1.992857142857143,2.7,-0.7071428571428571,99,7,7,0.0974175167723555,0.7071428571428571,36.56091207478304,0,6,-6,0,2,-2,0,0,0,3,1,2,1,0,0,10,1582,1.1428571428571428,0.1428571428571429,0.1735075284350072,D,32495,0.608965,0.528414,0.818182,12.0,20.0,0.639646,0.577086,0.909091,12.0,20.0,-0.03068100000000007,-0.04867199999999994,-0.09090900000000002,0.0,0.0
1582,2024-10-26,J.League,アビスパ福岡,湘南ベルマーレ,1505,1391,114,1508,1424,84,7,1,6,2,0,9,28,19,45,22,23,21,12,21,26,0,-14,14,0.3636363636363636,0.1612903225806451,0.3333333333333333,0.1666666666666666,0.1666666666666666,0.7333333333333333,0.2777777777777778,0.4555555555555555,0.6666666666666666,0.8333333333333334,-0.1666666666666667,0.4713804713804713,0.2867383512544803,0.184642120125991,2.1214285714285714,1.609615384615385,0.5118131868131868,114,19,23,0.184642120125991,0.5118131868131868,44.78929106138784,4,1,3,1,0,1,2,1,1,0,0,0,0,1,0,10,1582,1.011111111111111,0.4555555555555555,0.2031866986549527,H,32500,0.682285,0.629003,0.545455,14.0,20.0,0.616924,0.532289,0.909091,12.0,20.0,0.065361,0.09671399999999997,-0.36363599999999996,2.0,0.0
1582,2024-10-26,J.League,北海道コンサドーレ札幌,水戸ホーリーホック,1537,1547,-10,1501,1538,-37,12,8,4,4,2,21,29,8,31,21,10,13,9,9,4,4,5,-1,0.5,0.6,0.4,0.7142857142857143,-0.3142857142857143,0.6,1.0,-0.4,0.6,0.2857142857142857,0.3142857142857143,0.5349794238683128,0.6666666666666666,-0.1316872427983538,2.7,3.375,-0.6749999999999998,10,8,10,0.1316872427983538,0.6749999999999998,5.661337448559671,6,5,1,2,1,1,1,3,-2,0,0,0,0,0,0,10,1582,1.6,0.4,0.1977985696589322,A,,0.0,0.0,0.0,0.0,0.0,0.0,0.0,0.0,0.0,0.0,0.0,0.0,0.0,0.0,0.0
1582,2024-10-26,J.League,山口,富山,1452,1424,28,1481,1467,14,7,0,7,1,0,36,35,-1,12,15,-3,10,7,16,15,-6,-8,2,0.0588235294117647,0.2105263157894736,0.1,0.2,-0.1,0.6,0.4,0.1999999999999999,0.9,0.8,0.0999999999999999,0.4357298474945533,0.2729044834307992,0.1628253640637541,1.4343750000000002,1.7100000000000002,-0.275625,28,1,3,0.1628253640637541,0.275625,10.13769007281275,5,0,5,1,0,1,5,0,5,0,5,-5,0,1,0,10,1582,1.0,0.1999999999999999,0.2253585514037645,H,,0.0,0.0,0.0,0.0,0.0,0.0,0.0,0.0,0.0,0.0,0.0,0.0,0.0,0.0,0.0
1582,2024-10-26,J.League,ブラウブリッツ秋田,ジェフユナイテッド千葉,1463,1506,-43,1479,1510,-31,6,7,-1,1,2,27,30,3,23,20,3,11,8,15,7,-4,1,-5,0.2857142857142857,0.4615384615384615,0.3076923076923077,0.5454545454545454,-0.2377622377622377,0.4615384615384615,0.6363636363636364,-0.1748251748251748,0.6923076923076923,0.4545454545454545,0.2377622377622377,0.3880070546737213,0.4558404558404558,-0.0678334011667345,1.89,2.5071428571428576,-0.6171428571428574,43,3,3,0.0678334011667345,0.6171428571428574,15.936995251661916,2,3,-1,0,1,-1,0,1,-1,1,0,1,0,0,0,10,1582,1.097902097902098,0.1748251748251748,0.1919037765092814,D,,0.0,0.0,0.0,0.0,0.0,0.0,0.0,0.0,0.0,0.0,0.0,0.0,0.0,0.0,0.0
1580,2024-10-19,J.League,東京ヴェルディ,アルビレックス新潟,1502,1440,62,1524,1485,39,4,6,-2,1,2,8,18,10,44,35,9,18,15,18,21,0,-6,6,0.4193548387096774,0.3225806451612903,0.5625,0.3846153846153846,0.1778846153846153,0.625,0.4615384615384615,0.1634615384615384,0.4375,0.6153846153846154,-0.1778846153846154,0.4301075268817204,0.3584229390681003,0.07168458781362,2.325,1.992857142857143,0.3321428571428571,62,10,9,0.07168458781362,0.3321428571428571,24.280765488991293,4,3,1,1,1,0,2,0,2,0,2,-2,1,0,1,10,1580,1.0865384615384617,0.1634615384615384,0.1826165568257723,H,32481,0.625042,0.562236,0.909091,14.0,19.0,0.606632,0.525489,0.636364,12.0,20.0,0.018410000000000037,0.036746999999999974,0.27272699999999994,2.0,-1.0
1580,2024-10-19,J.League,ガンバ大阪,柏レイソル,1548,1552,-4,1534,1536,-2,13,6,7,4,1,7,5,-2,52,54,-2,22,22,18,14,4,8,-4,0.4545454545454545,0.5333333333333333,0.6,0.5714285714285714,0.0285714285714285,0.6666666666666666,0.7857142857142857,-0.119047619047619,0.4,0.4285714285714285,-0.0285714285714285,0.4938271604938271,0.5432098765432098,-0.0493827160493827,2.4750000000000005,2.892857142857143,-0.4178571428571422,4,2,2,0.0493827160493827,0.4178571428571422,1.993447971781305,7,4,3,2,1,1,5,0,5,0,1,-1,0,0,1,10,1580,1.4523809523809523,0.119047619047619,0.1931902601750402,A,32487,0.616866,0.543354,0.727273,11.0,20.0,0.599285,0.544603,0.636364,12.0,20.0,0.01758100000000007,-0.0012489999999999446,0.0909089999999999,-1.0,0.0
1580,2024-10-19,J.League,ファジアーノ岡山,セレッソ大阪,1460,1485,-25,1485,1468,17,3,2,1,1,0,20,12,-8,32,39,-7,14,17,20,18,-6,-1,-5,0.3103448275862069,0.3793103448275862,0.3333333333333333,0.3333333333333333,0.0,0.5333333333333333,0.4,0.1333333333333333,0.6666666666666666,0.6666666666666666,0.0,0.3575989782886334,0.4342273307790548,-0.0766283524904213,1.9575,2.1750000000000003,-0.2175000000000002,25,8,7,0.0766283524904213,0.2175000000000002,10.808825670498084,3,1,2,1,0,1,1,0,1,0,2,-2,0,0,0,10,1580,0.9333333333333332,0.1333333333333333,0.1916048756394735,A,32489,0.657326,0.570736,0.454545,11.0,20.0,0.557937,0.473258,0.636364,10.0,20.0,0.09938899999999995,0.09747800000000001,-0.18181900000000006,1.0,0.0
1580,2024-10-19,J.League,川崎フロンターレ,清水エスパルス,1571,1481,90,1507,1454,53,8,10,-2,2,3,6,16,10,53,36,17,23,16,15,21,8,-5,13,0.5,0.3225806451612903,0.3571428571428571,0.2222222222222222,0.1349206349206349,0.7142857142857143,0.3888888888888889,0.3253968253968254,0.6428571428571429,0.7777777777777778,-0.1349206349206348,0.5679012345679012,0.3823178016726403,0.1855834328952608,2.7,1.992857142857143,0.7071428571428571,90,10,17,0.1855834328952608,0.7071428571428571,34.178545258007624,5,6,-1,1,2,-1,3,1,2,0,0,0,0,0,1,10,1580,1.1031746031746033,0.3253968253968254,0.2024776718208072,H,32483,0.553757,0.505911,0.636364,9.0,20.0,0.602229,0.530897,0.818182,12.0,20.0,-0.04847199999999996,-0.024985999999999953,-0.18181799999999992,-3.0,0.0
1580,2024-10-19,J.League,横浜FC,名古屋グランパス,1445,1473,-28,1493,1457,36,3,9,-6,1,3,15,13,-2,37,39,-2,15,17,22,21,-7,-4,-3,0.3333333333333333,0.34375,0.4117647058823529,0.1875,0.2242647058823529,0.5294117647058824,0.4375,0.0919117647058823,0.5882352941176471,0.8125,-0.2242647058823529,0.3367003367003366,0.3935185185185185,-0.0568181818181818,2.0250000000000004,2.0571428571428574,-0.032142857142857,28,2,2,0.0568181818181818,0.032142857142857,10.317792207792207,3,3,0,1,1,0,0,1,-1,2,0,2,0,0,1,10,1580,0.9669117647058824,0.0919117647058823,0.1788768774354429,D,32485,0.660653,0.593639,0.727273,14.0,20.0,0.645951,0.563653,0.909091,14.0,20.0,0.014701999999999993,0.029986000000000068,-0.18181800000000004,0.0,0.0
1580,2024-10-19,J.League,町田,アビスパ福岡,1564,1498,66,1535,1493,42,5,9,-4,1,3,4,9,5,55,44,11,23,20,15,21,8,-1,9,0.5161290322580645,0.3636363636363636,0.6153846153846154,0.4117647058823529,0.2036199095022625,0.6923076923076923,0.5294117647058824,0.1628959276018099,0.3846153846153846,0.5882352941176471,-0.2036199095022624,0.5495818399044206,0.4489337822671156,0.1006480576373049,2.79,2.1214285714285714,0.6685714285714286,66,5,11,0.1006480576373049,0.6685714285714286,24.503843897241747,4,6,-2,1,2,-1,0,1,-1,1,0,1,0,1,0,10,1580,1.2217194570135748,0.1628959276018099,0.2033003794338321,D,32482,0.572944,0.526506,0.636364,11.0,19.0,0.675056,0.617344,1.0,12.0,19.0,-0.10211199999999998,-0.09083799999999997,-0.36363599999999996,-1.0,0.0
1580,2024-10-19,J.League,横浜F・マリノス,浦和レッズ,1497,1535,-38,1523,1476,47,6,5,1,2,1,14,10,-4,38,43,-5,14,17,16,13,-2,4,-6,0.4285714285714285,0.5,0.5833333333333334,0.2307692307692307,0.3525641025641026,0.6666666666666666,0.5384615384615384,0.1282051282051282,0.4166666666666667,0.7692307692307693,-0.3525641025641026,0.3703703703703703,0.4843304843304843,-0.1139601139601139,2.3625000000000003,2.7,-0.3374999999999999,38,4,5,0.1139601139601139,0.3374999999999999,14.390292022792025,3,4,-1,1,1,0,0,2,-2,1,0,1,0,0,1,10,1580,1.205128205128205,0.1282051282051282,0.1688264636157023,H,32484,0.625183,0.535383,0.727273,11.0,19.0,0.602694,0.542644,0.636364,12.0,19.0,0.022489000000000092,-0.007260999999999962,0.0909089999999999,-1.0,0.0
1580,2024-10-19,J.League,湘南ベルマーレ,京都サンガF.C.,1390,1570,-180,1471,1550,-79,0,8,-8,0,2,27,3,-24,24,56,-32,12,22,25,14,-13,8,-21,0.1935483870967742,0.5483870967741935,0.2307692307692307,0.6666666666666666,-0.4358974358974358,0.5384615384615384,0.7333333333333333,-0.1948717948717948,0.7692307692307693,0.3333333333333333,0.4358974358974359,0.2867383512544803,0.5256869772998806,-0.2389486260454003,1.6740000000000002,2.9892857142857148,-1.3152857142857146,180,24,32,0.2389486260454003,1.3152857142857146,69.31084686806624,0,5,-5,0,1,-1,0,3,-3,5,0,5,0,0,1,10,1580,1.2717948717948715,0.1948717948717948,0.1742136246773657,D,32486,0.610236,0.528764,0.454545,11.0,20.0,0.608,0.549417,0.727273,11.0,20.0,0.0022360000000000158,-0.020653000000000032,-0.27272799999999997,0.0,0.0
1580,2024-10-19,Cup/Other,大分,ベガルタ仙台,1500,1543,-43,1500,1524,-24,0,8,-8,0,2,0,23,23,0,25,-25,0,11,0,6,0,5,-5,0.0,0.5384615384615384,0.0,0.6,-0.6,0.0,1.0,-1.0,0.0,0.4,-0.4,0.0,0.6267806267806267,-0.6267806267806267,0.0,2.925,-2.925,43,23,25,0.6267806267806267,2.925,21.51035612535612,0,7,-7,0,2,-2,0,4,-4,0,0,0,0,0,0,10,1580,1.0,1.0,0.2142766492703247,D,,0.0,0.0,0.0,0.0,0.0,0.0,0.0,0.0,0.0,0.0,0.0,0.0,0.0,0.0,0.0
1580,2024-10-19,J.League,モンテディオ山形,熊本,1502,1440,62,1474,1482,-8,9,3,6,3,1,19,37,18,34,11,23,14,5,14,11,0,-6,6,0.4166666666666667,0.2142857142857142,0.2857142857142857,0.2857142857142857,0.0,0.4285714285714285,0.4285714285714285,0.0,0.7142857142857143,0.7142857142857143,0.0,0.4320987654320987,0.2645502645502645,0.1675485008818342,2.3142857142857145,1.7181818181818185,0.5961038961038962,62,18,23,0.1675485008818342,0.5961038961038962,26.352730479397145,6,3,3,2,1,1,1,0,1,0,1,-1,1,0,0,10,1580,0.8571428571428571,0.0,0.1727557007721289,D,,0.0,0.0,0.0,0.0,0.0,0.0,0.0,0.0,0.0,0.0,0.0,0.0,0.0,0.0,0.0
1580,2024-10-19,J.League,富山,北海道コンサドーレ札幌,1434,1528,-94,1474,1525,-51,0,9,-9,0,3,35,22,-13,15,28,-13,7,12,14,9,-7,3,-10,0.2222222222222222,0.4705882352941176,0.25,0.5714285714285714,-0.3214285714285714,0.375,0.8571428571428571,-0.4821428571428571,0.75,0.4285714285714285,0.3214285714285714,0.2880658436213991,0.5228758169934641,-0.2348099733720649,1.7357142857142858,2.5500000000000003,-0.8142857142857145,94,13,13,0.2348099733720649,0.8142857142857145,36.35981913753155,0,6,-6,0,2,-2,0,0,0,5,1,4,0,0,1,10,1580,1.2321428571428572,0.4821428571428571,0.189215305786333,A,,0.0,0.0,0.0,0.0,0.0,0.0,0.0,0.0,0.0,0.0,0.0,0.0,0.0,0.0,0.0
1580,2024-10-19,J.League,FC今治,山口,1522,1449,73,1493,1474,19,10,7,3,3,1,24,36,12,25,11,14,11,9,8,15,3,-6,9,0.4666666666666667,0.0625,0.25,0.0,0.25,0.625,0.5,0.125,0.75,1.0,-0.25,0.5432098765432098,0.4166666666666666,0.1265432098765432,2.53125,1.4400000000000002,1.0912499999999998,73,12,14,0.1265432098765432,1.0912499999999998,28.793558641975302,4,5,-1,1,1,0,0,5,-5,1,0,1,1,0,0,10,1580,1.125,0.125,0.2417003143036691,D,,0.0,0.0,0.0,0.0,0.0,0.0,0.0,0.0,0.0,0.0,0.0,0.0,0.0,0.0,0.0
1580,2024-10-19,J.League,サガン鳥栖,ブラウブリッツ秋田,1523,1473,50,1509,1500,9,7,6,1,2,1,26,28,2,24,23,1,10,11,8,14,2,-3,5,0.4666666666666667,0.3,0.5,0.2857142857142857,0.2142857142857143,0.75,0.7142857142857143,0.0357142857142857,0.5,0.7142857142857143,-0.2142857142857143,0.4938271604938271,0.4074074074074074,0.0864197530864196,2.53125,1.9285714285714288,0.6026785714285712,50,2,1,0.0864197530864196,0.6026785714285712,18.137819664903,4,5,-1,1,1,0,2,4,-2,0,0,0,1,0,0,10,1580,1.4642857142857144,0.0357142857142857,0.2020740908410828,H,,0.0,0.0,0.0,0.0,0.0,0.0,0.0,0.0,0.0,0.0,0.0,0.0,0.0,0.0,0.0
1579,2024-10-17,Cup/Other,ヴィッセル神戸,0,1531,1500,31,1510,1500,10,10,0,10,3,0,11,0,-11,42,0,42,16,0,14,0,2,0,2,0.4814814814814814,0.0,0.5,0.0,0.5,0.5833333333333334,0.0,0.5833333333333334,0.5,0.0,0.5,0.4389574759945129,0.0,0.4389574759945129,2.603571428571429,0.0,2.603571428571429,31,11,42,0.4389574759945129,2.603571428571429,14.208505780913187,6,0,6,2,0,2,0,0,0,1,0,1,0,0,0,10,1579,0.5833333333333334,0.5833333333333334,0.168591732112434,H,,0.0,0.0,0.0,0.0,0.0,0.0,0.0,0.0,0.0,0.0,0.0,0.0,0.0,0.0,0.0
1579,2024-10-17,Cup/Other,サンフレッチェ広島,0,1602,1500,102,1550,1500,50,13,0,13,4,0,2,0,-2,62,0,62,24,0,13,0,11,0,11,0.59375,0.0,0.631578947368421,0.0,0.631578947368421,0.7368421052631579,0.0,0.7368421052631579,0.3684210526315789,0.0,0.3684210526315789,0.5555555555555555,0.0,0.5555555555555555,3.3230769230769237,0.0,3.3230769230769237,102,2,62,0.5555555555555555,3.3230769230769237,36.9757264957265,9,0,9,3,0,3,5,0,5,0,0,0,0,0,0,10,1579,0.7368421052631579,0.7368421052631579,0.1671760391984088,D,,0.0,0.0,0.0,0.0,0.0,0.0,0.0,0.0,0.0,0.0,0.0,0.0,0.0,0.0,0.0
1578,2024-10-14,Unknown,ｵﾗﾝﾀﾞ,ﾌｨﾝﾗﾝ,1500,1500,0,1500,1500,0,0,0,0,0,0,0,0,0,0,0,0,0,0,0,0,0,0,0,0.0,0.0,0.0,0.0,0.0,0.0,0.0,0.0,0.0,0.0,0.0,0.0,0.0,0.0,0.0,0.0,0.0,0,0,0,0.0,0.0,0.0,0,0,0,0,0,0,0,0,0,0,0,0,0,0,0,10,1578,0.0,0.0,0.0,H,,0.0,0.0,0.0,0.0,0.0,0.0,0.0,0.0,0.0,0.0,0.0,0.0,0.0,0.0,0.0
1578,2024-10-14,Unknown,ﾙｰﾏﾆｱ,ｵｰｽﾄﾘｱ,1500,1500,0,1500,1500,0,0,0,0,0,0,0,0,0,0,0,0,0,0,0,0,0,0,0,0.0,0.0,0.0,0.0,0.0,0.0,0.0,0.0,0.0,0.0,0.0,0.0,0.0,0.0,0.0,0.0,0.0,0,0,0,0.0,0.0,0.0,0,0,0,0,0,0,0,0,0,0,0,0,0,0,0,10,1578,0.0,0.0,0.0,A,,0.0,0.0,0.0,0.0,0.0,0.0,0.0,0.0,0.0,0.0,0.0,0.0,0.0,0.0,0.0
1578,2024-10-14,Unknown,ﾃﾞﾝﾏｰｸ,ｷﾞﾘｼｬ,1500,1500,0,1500,1500,0,0,0,0,0,0,0,0,0,0,0,0,0,0,0,0,0,0,0,0.0,0.0,0.0,0.0,0.0,0.0,0.0,0.0,0.0,0.0,0.0,0.0,0.0,0.0,0.0,0.0,0.0,0,0,0,0.0,0.0,0.0,0,0,0,0,0,0,0,0,0,0,0,0,0,0,0,10,1578,0.0,0.0,0.0,H,,0.0,0.0,0.0,0.0,0.0,0.0,0.0,0.0,0.0,0.0,0.0,0.0,0.0,0.0,0.0
1578,2024-10-14,Unknown,ｳｪｰﾙｽﾞ,ﾍﾞﾙｷﾞｰ,1500,1500,0,1500,1500,0,0,0,0,0,0,0,0,0,0,0,0,0,0,0,0,0,0,0,0.0,0.0,0.0,0.0,0.0,0.0,0.0,0.0,0.0,0.0,0.0,0.0,0.0,0.0,0.0,0.0,0.0,0,0,0,0.0,0.0,0.0,0,0,0,0,0,0,0,0,0,0,0,0,0,0,0,10,1578,0.0,0.0,0.0,A,,0.0,0.0,0.0,0.0,0.0,0.0,0.0,0.0,0.0,0.0,0.0,0.0,0.0,0.0,0.0
1578,2024-10-14,Unknown,ｽﾛﾍﾞﾆｱ,ｽｲｽ,1500,1500,0,1500,1500,0,0,0,0,0,0,0,0,0,0,0,0,0,0,0,0,0,0,0,0.0,0.0,0.0,0.0,0.0,0.0,0.0,0.0,0.0,0.0,0.0,0.0,0.0,0.0,0.0,0.0,0.0,0,0,0,0.0,0.0,0.0,0,0,0,0,0,0,0,0,0,0,0,0,0,0,0,10,1578,0.0,0.0,0.0,D,,0.0,0.0,0.0,0.0,0.0,0.0,0.0,0.0,0.0,0.0,0.0,0.0,0.0,0.0,0.0
1578,2024-10-14,Unknown,ｱｲｽﾗﾝ,ﾌﾗﾝｽ,1500,1500,0,1500,1500,0,0,0,0,0,0,0,0,0,0,0,0,0,0,0,0,0,0,0,0.0,0.0,0.0,0.0,0.0,0.0,0.0,0.0,0.0,0.0,0.0,0.0,0.0,0.0,0.0,0.0,0.0,0,0,0,0.0,0.0,0.0,0,0,0,0,0,0,0,0,0,0,0,0,0,0,0,10,1578,0.0,0.0,0.0,D,,0.0,0.0,0.0,0.0,0.0,0.0,0.0,0.0,0.0,0.0,0.0,0.0,0.0,0.0,0.0
1578,2024-10-14,Unknown,ｽｳｪﾃﾞﾝ,ｺｿﾎﾞ,1500,1500,0,1500,1500,0,0,0,0,0,0,0,0,0,0,0,0,0,0,0,0,0,0,0,0.0,0.0,0.0,0.0,0.0,0.0,0.0,0.0,0.0,0.0,0.0,0.0,0.0,0.0,0.0,0.0,0.0,0,0,0,0.0,0.0,0.0,0,0,0,0,0,0,0,0,0,0,0,0,0,0,0,10,1578,0.0,0.0,0.0,A,,0.0,0.0,0.0,0.0,0.0,0.0,0.0,0.0,0.0,0.0,0.0,0.0,0.0,0.0,0.0
1578,2024-10-14,Unknown,北アイ,ﾄﾞｲﾂ,1500,1500,0,1500,1500,0,0,0,0,0,0,0,0,0,0,0,0,0,0,0,0,0,0,0,0.0,0.0,0.0,0.0,0.0,0.0,0.0,0.0,0.0,0.0,0.0,0.0,0.0,0.0,0.0,0.0,0.0,0,0,0,0.0,0.0,0.0,0,0,0,0,0,0,0,0,0,0,0,0,0,0,0,10,1578,0.0,0.0,0.0,A,,0.0,0.0,0.0,0.0,0.0,0.0,0.0,0.0,0.0,0.0,0.0,0.0,0.0,0.0,0.0
1578,2024-10-14,Unknown,ｽﾛﾊﾞｷｱ,ﾙｸｾﾝﾌﾞ,1500,1500,0,1500,1500,0,0,0,0,0,0,0,0,0,0,0,0,0,0,0,0,0,0,0,0.0,0.0,0.0,0.0,0.0,0.0,0.0,0.0,0.0,0.0,0.0,0.0,0.0,0.0,0.0,0.0,0.0,0,0,0,0.0,0.0,0.0,0,0,0,0,0,0,0,0,0,0,0,0,0,0,0,10,1578,0.0,0.0,0.0,H,,0.0,0.0,0.0,0.0,0.0,0.0,0.0,0.0,0.0,0.0,0.0,0.0,0.0,0.0,0.0
1578,2024-10-14,Unknown,ﾌｪﾛｰ,ﾁｪｺ,1500,1500,0,1500,1500,0,0,0,0,0,0,0,0,0,0,0,0,0,0,0,0,0,0,0,0.0,0.0,0.0,0.0,0.0,0.0,0.0,0.0,0.0,0.0,0.0,0.0,0.0,0.0,0.0,0.0,0.0,0,0,0,0.0,0.0,0.0,0,0,0,0,0,0,0,0,0,0,0,0,0,0,0,10,1578,0.0,0.0,0.0,H,,0.0,0.0,0.0,0.0,0.0,0.0,0.0,0.0,0.0,0.0,0.0,0.0,0.0,0.0,0.0
1578,2024-10-14,Unknown,ﾘﾄｱﾆｱ,ﾎﾟｰﾗﾝ,1500,1500,0,1500,1500,0,0,0,0,0,0,0,0,0,0,0,0,0,0,0,0,0,0,0,0.0,0.0,0.0,0.0,0.0,0.0,0.0,0.0,0.0,0.0,0.0,0.0,0.0,0.0,0.0,0.0,0.0,0,0,0,0.0,0.0,0.0,0,0,0,0,0,0,0,0,0,0,0,0,0,0,0,10,1578,0.0,0.0,0.0,A,,0.0,0.0,0.0,0.0,0.0,0.0,0.0,0.0,0.0,0.0,0.0,0.0,0.0,0.0,0.0
1578,2024-10-14,Unknown,北マケ,ｶｻﾞﾌ,1500,1500,0,1500,1500,0,0,0,0,0,0,0,0,0,0,0,0,0,0,0,0,0,0,0,0.0,0.0,0.0,0.0,0.0,0.0,0.0,0.0,0.0,0.0,0.0,0.0,0.0,0.0,0.0,0.0,0.0,0,0,0,0.0,0.0,0.0,0,0,0,0,0,0,0,0,0,0,0,0,0,0,0,10,1578,0.0,0.0,0.0,D,,0.0,0.0,0.0,0.0,0.0,0.0,0.0,0.0,0.0,0.0,0.0,0.0,0.0,0.0,0.0
1578,2024-10-14,Unknown,ｸﾛｱﾁｱ,ｼﾞﾌﾞﾗﾙ,1500,1500,0,1500,1500,0,0,0,0,0,0,0,0,0,0,0,0,0,0,0,0,0,0,0,0.0,0.0,0.0,0.0,0.0,0.0,0.0,0.0,0.0,0.0,0.0,0.0,0.0,0.0,0.0,0.0,0.0,0,0,0,0.0,0.0,0.0,0,0,0,0,0,0,0,0,0,0,0,0,0,0,0,10,1578,0.0,0.0,0.0,H,,0.0,0.0,0.0,0.0,0.0,0.0,0.0,0.0,0.0,0.0,0.0,0.0,0.0,0.0,0.0
1577,2024-10-12,J.League,サンフレッチェ広島,横浜FC,1599,1451,148,1543,1461,82,11,6,5,3,2,2,14,12,62,40,22,24,16,13,22,11,-6,17,0.59375,0.3529411764705882,0.6111111111111112,0.2666666666666666,0.3444444444444445,0.7222222222222222,0.4,0.3222222222222222,0.3888888888888889,0.7333333333333333,-0.3444444444444444,0.5555555555555555,0.3485838779956426,0.2069716775599128,3.3230769230769237,2.0863636363636364,1.2367132867132868,148,12,22,0.2069716775599128,1.2367132867132868,55.08873699285464,7,3,4,2,1,1,5,0,5,0,1,-1,2,0,0,10,1577,1.1222222222222222,0.3222222222222222,0.1671379341029845,H,31399,0.591667,0.549157,0.727273,11.0,18.0,0.521972,0.463389,0.636364,9.0,18.0,0.06969500000000006,0.08576800000000001,0.0909089999999999,2.0,0.0
1577,2024-10-12,J.League,柏レイソル,川崎フロンターレ,1570,1561,9,1530,1548,-18,6,6,0,1,1,3,7,4,58,54,4,24,24,14,16,10,8,2,0.5483870967741935,0.4838709677419355,0.5,0.5625,-0.0625,0.75,0.8125,-0.0625,0.5,0.4375,0.0625,0.5734767025089605,0.5734767025089605,0.0,2.9892857142857148,2.615625,0.3736607142857147,9,4,4,0.0,0.3736607142857147,4.224732142857143,5,2,3,1,0,1,4,2,2,0,0,0,0,2,0,10,1577,1.5625,0.0625,0.2046300111603061,A,31371,0.542,0.5075,0.818182,10.0,19.0,0.53425,0.48625,0.818182,10.0,18.0,0.007750000000000035,0.021249999999999936,0.0,0.0,1.0
1577,2024-10-12,J.League,北九州,鹿児島,1495,1500,-5,1499,1500,-1,4,3,1,1,1,48,50,2,4,3,1,2,1,2,1,0,0,0,0.3333333333333333,0.5,0.5,0.0,0.5,0.5,0.0,0.5,0.5,0.0,0.5,0.4938271604938271,0.3703703703703703,0.1234567901234567,2.0250000000000004,2.7,-0.6749999999999998,5,2,1,0.1234567901234567,0.6749999999999998,2.4096913580246917,4,3,1,1,1,0,0,1,-1,1,0,1,0,0,0,10,1577,0.5,0.5,0.1828950775357553,D,,0.0,0.0,0.0,0.0,0.0,0.0,0.0,0.0,0.0,0.0,0.0,0.0,0.0,0.0,0.0
1577,2024-10-12,J.League,栃木SC,福島,1477,1501,-24,1500,1509,-9,0,7,-7,0,2,58,42,-16,0,8,-8,0,4,2,4,-2,0,-2,0.0,0.3333333333333333,0.0,0.6666666666666666,-0.6666666666666666,0.0,0.6666666666666666,-0.6666666666666666,0.0,0.3333333333333333,-0.3333333333333333,0.0,0.4938271604938271,-0.4938271604938271,1.35,2.0250000000000004,-0.6750000000000003,24,16,8,0.4938271604938271,0.6750000000000003,12.633765432098764,0,4,-4,0,1,-1,0,1,-1,2,0,2,0,0,0,10,1577,0.6666666666666666,0.6666666666666666,0.1463148234108106,H,,0.0,0.0,0.0,0.0,0.0,0.0,0.0,0.0,0.0,0.0,0.0,0.0,0.0,0.0,0.0
1577,2024-10-12,J.League,松本,宮崎,1478,1488,-10,1500,1491,9,1,2,-1,0,0,57,55,-2,1,2,-1,1,2,3,3,-2,-1,-1,0.0,0.0,0.0,0.0,0.0,1.0,0.5,0.5,1.0,1.0,0.0,0.2469135802469135,0.4938271604938271,-0.2469135802469135,1.35,1.35,0.0,10,2,1,0.2469135802469135,0.0,4.049382716049383,1,2,-1,0,0,0,0,0,0,2,1,1,0,0,0,10,1577,1.5,0.5,0.2743382618202068,,,0.0,0.0,0.0,0.0,0.0,0.0,0.0,0.0,0.0,0.0,0.0,0.0,0.0,0.0,0.0
1576,2024-10-11,Unknown,ﾁｪｺ,ｸﾛｱﾁｱ,1500,1500,0,1500,1500,0,0,0,0,0,0,0,0,0,0,0,0,0,0,0,0,0,0,0,0.0,0.0,0.0,0.0,0.0,0.0,0.0,0.0,0.0,0.0,0.0,0.0,0.0,0.0,0.0,0.0,0.0,0,0,0,0.0,0.0,0.0,0,0,0,0,0,0,0,0,0,0,0,0,0,0,0,10,1576,0.0,0.0,0.0,H,,0.0,0.0,0.0,0.0,0.0,0.0,0.0,0.0,0.0,0.0,0.0,0.0,0.0,0.0,0.0
1576,2024-10-11,Unknown,ｽｺｯﾄﾗﾝ,ｷﾞﾘｼｬ,1500,1500,0,1500,1500,0,0,0,0,0,0,0,0,0,0,0,0,0,0,0,0,0,0,0,0.0,0.0,0.0,0.0,0.0,0.0,0.0,0.0,0.0,0.0,0.0,0.0,0.0,0.0,0.0,0.0,0.0,0,0,0,0.0,0.0,0.0,0,0,0,0,0,0,0,0,0,0,0,0,0,0,0,10,1576,0.0,0.0,0.0,A,,0.0,0.0,0.0,0.0,0.0,0.0,0.0,0.0,0.0,0.0,0.0,0.0,0.0,0.0,0.0
1576,2024-10-11,Unknown,ｷﾌﾟﾛｽ,ﾎﾞｽﾆｱ,1500,1500,0,1500,1500,0,0,0,0,0,0,0,0,0,0,0,0,0,0,0,0,0,0,0,0.0,0.0,0.0,0.0,0.0,0.0,0.0,0.0,0.0,0.0,0.0,0.0,0.0,0.0,0.0,0.0,0.0,0,0,0,0.0,0.0,0.0,0,0,0,0,0,0,0,0,0,0,0,0,0,0,0,10,1576,0.0,0.0,0.0,D,,0.0,0.0,0.0,0.0,0.0,0.0,0.0,0.0,0.0,0.0,0.0,0.0,0.0,0.0,0.0
1576,2024-10-11,Unknown,ｽｳｪﾃﾞﾝ,ｽｲｽ,1500,1500,0,1500,1500,0,0,0,0,0,0,0,0,0,0,0,0,0,0,0,0,0,0,0,0.0,0.0,0.0,0.0,0.0,0.0,0.0,0.0,0.0,0.0,0.0,0.0,0.0,0.0,0.0,0.0,0.0,0,0,0,0.0,0.0,0.0,0,0,0,0,0,0,0,0,0,0,0,0,0,0,0,10,1576,0.0,0.0,0.0,A,,0.0,0.0,0.0,0.0,0.0,0.0,0.0,0.0,0.0,0.0,0.0,0.0,0.0,0.0,0.0
1576,2024-10-11,Unknown,ﾌﾗﾝｽ,ｱｾﾞﾙﾊﾞ,1500,1500,0,1500,1500,0,0,0,0,0,0,0,0,0,0,0,0,0,0,0,0,0,0,0,0.0,0.0,0.0,0.0,0.0,0.0,0.0,0.0,0.0,0.0,0.0,0.0,0.0,0.0,0.0,0.0,0.0,0,0,0,0.0,0.0,0.0,0,0,0,0,0,0,0,0,0,0,0,0,0,0,0,10,1576,0.0,0.0,0.0,H,,0.0,0.0,0.0,0.0,0.0,0.0,0.0,0.0,0.0,0.0,0.0,0.0,0.0,0.0,0.0
1576,2024-10-11,Unknown,ﾌｨﾝﾗﾝ,ﾘﾄｱﾆｱ,1500,1500,0,1500,1500,0,0,0,0,0,0,0,0,0,0,0,0,0,0,0,0,0,0,0,0.0,0.0,0.0,0.0,0.0,0.0,0.0,0.0,0.0,0.0,0.0,0.0,0.0,0.0,0.0,0.0,0.0,0,0,0,0.0,0.0,0.0,0,0,0,0,0,0,0,0,0,0,0,0,0,0,0,10,1576,0.0,0.0,0.0,H,,0.0,0.0,0.0,0.0,0.0,0.0,0.0,0.0,0.0,0.0,0.0,0.0,0.0,0.0,0.0
1576,2024-10-11,Unknown,ﾄﾞｲﾂ,ﾙｸｾﾝﾌﾞ,1500,1500,0,1500,1500,0,0,0,0,0,0,0,0,0,0,0,0,0,0,0,0,0,0,0,0.0,0.0,0.0,0.0,0.0,0.0,0.0,0.0,0.0,0.0,0.0,0.0,0.0,0.0,0.0,0.0,0.0,0,0,0,0.0,0.0,0.0,0,0,0,0,0,0,0,0,0,0,0,0,0,0,0,10,1576,0.0,0.0,0.0,H,,0.0,0.0,0.0,0.0,0.0,0.0,0.0,0.0,0.0,0.0,0.0,0.0,0.0,0.0,0.0
1576,2024-10-11,Unknown,北アイ,ｽﾛﾊﾞｷｱ,1500,1500,0,1500,1500,0,0,0,0,0,0,0,0,0,0,0,0,0,0,0,0,0,0,0,0.0,0.0,0.0,0.0,0.0,0.0,0.0,0.0,0.0,0.0,0.0,0.0,0.0,0.0,0.0,0.0,0.0,0,0,0,0.0,0.0,0.0,0,0,0,0,0,0,0,0,0,0,0,0,0,0,0,10,1576,0.0,0.0,0.0,H,,0.0,0.0,0.0,0.0,0.0,0.0,0.0,0.0,0.0,0.0,0.0,0.0,0.0,0.0,0.0
1576,2024-10-11,Unknown,ﾍﾞﾙｷﾞｰ,北マケ,1500,1500,0,1500,1500,0,0,0,0,0,0,0,0,0,0,0,0,0,0,0,0,0,0,0,0.0,0.0,0.0,0.0,0.0,0.0,0.0,0.0,0.0,0.0,0.0,0.0,0.0,0.0,0.0,0.0,0.0,0,0,0,0.0,0.0,0.0,0,0,0,0,0,0,0,0,0,0,0,0,0,0,0,10,1576,0.0,0.0,0.0,D,,0.0,0.0,0.0,0.0,0.0,0.0,0.0,0.0,0.0,0.0,0.0,0.0,0.0,0.0,0.0
1576,2024-10-11,Unknown,ﾌｪﾛｰ,ﾓﾝﾃﾈｸﾞ,1500,1500,0,1500,1500,0,0,0,0,0,0,0,0,0,0,0,0,0,0,0,0,0,0,0,0.0,0.0,0.0,0.0,0.0,0.0,0.0,0.0,0.0,0.0,0.0,0.0,0.0,0.0,0.0,0.0,0.0,0,0,0,0.0,0.0,0.0,0,0,0,0,0,0,0,0,0,0,0,0,0,0,0,10,1576,0.0,0.0,0.0,H,,0.0,0.0,0.0,0.0,0.0,0.0,0.0,0.0,0.0,0.0,0.0,0.0,0.0,0.0,0.0
1576,2024-10-11,Unknown,ﾏﾙﾀ,ｵﾗﾝﾀﾞ,1500,1500,0,1500,1500,0,0,0,0,0,0,0,0,0,0,0,0,0,0,0,0,0,0,0,0.0,0.0,0.0,0.0,0.0,0.0,0.0,0.0,0.0,0.0,0.0,0.0,0.0,0.0,0.0,0.0,0.0,0,0,0,0.0,0.0,0.0,0,0,0,0,0,0,0,0,0,0,0,0,0,0,0,10,1576,0.0,0.0,0.0,A,,0.0,0.0,0.0,0.0,0.0,0.0,0.0,0.0,0.0,0.0,0.0,0.0,0.0,0.0,0.0
1576,2024-10-11,Unknown,ｵｰｽﾄﾘｱ,ｻﾝﾏﾘﾉ,1500,1500,0,1500,1500,0,0,0,0,0,0,0,0,0,0,0,0,0,0,0,0,0,0,0,0.0,0.0,0.0,0.0,0.0,0.0,0.0,0.0,0.0,0.0,0.0,0.0,0.0,0.0,0.0,0.0,0.0,0,0,0,0.0,0.0,0.0,0,0,0,0,0,0,0,0,0,0,0,0,0,0,0,10,1576,0.0,0.0,0.0,H,,0.0,0.0,0.0,0.0,0.0,0.0,0.0,0.0,0.0,0.0,0.0,0.0,0.0,0.0,0.0
1576,2024-10-11,Unknown,ｺｿﾎﾞ,ｽﾛﾍﾞﾆｱ,1500,1500,0,1500,1500,0,0,0,0,0,0,0,0,0,0,0,0,0,0,0,0,0,0,0,0.0,0.0,0.0,0.0,0.0,0.0,0.0,0.0,0.0,0.0,0.0,0.0,0.0,0.0,0.0,0.0,0.0,0,0,0,0.0,0.0,0.0,0,0,0,0,0,0,0,0,0,0,0,0,0,0,0,10,1576,0.0,0.0,0.0,D,,0.0,0.0,0.0,0.0,0.0,0.0,0.0,0.0,0.0,0.0,0.0,0.0,0.0,0.0,0.0
1575,2024-10-08,Cup/Other,川崎フロンターレ,3,1561,1500,61,1513,1500,13,6,0,6,1,0,7,0,-7,54,0,54,24,0,16,0,8,0,8,0.4838709677419355,0.0,0.4,0.0,0.4,0.7333333333333333,0.0,0.7333333333333333,0.6,0.0,0.6,0.5734767025089605,0.0,0.5734767025089605,2.615625,0.0,2.615625,61,7,54,0.5734767025089605,2.615625,23.73782034050179,2,0,2,0,0,0,2,0,2,0,0,0,0,0,0,10,1575,0.7333333333333333,0.7333333333333333,0.2192419702028923,H,,0.0,0.0,0.0,0.0,0.0,0.0,0.0,0.0,0.0,0.0,0.0,0.0,0.0,0.0,0.0
1575,2024-10-08,Cup/Other,横浜FC,0,1451,1500,-49,1494,1500,-6,6,0,6,2,0,14,0,-14,40,0,40,16,0,22,0,-6,0,-6,0.3529411764705882,0.0,0.4210526315789473,0.0,0.4210526315789473,0.5263157894736842,0.0,0.5263157894736842,0.5789473684210527,0.0,0.5789473684210527,0.3485838779956426,0.0,0.3485838779956426,2.0863636363636364,0.0,2.0863636363636364,49,14,40,0.3485838779956426,2.0863636363636364,21.136989502871856,3,0,3,1,0,1,0,0,0,1,0,1,0,0,0,10,1575,0.5263157894736842,0.5263157894736842,0.1670692323222882,D,,0.0,0.0,0.0,0.0,0.0,0.0,0.0,0.0,0.0,0.0,0.0,0.0,0.0,0.0,0.0
1574,2024-10-05,J.League,清水エスパルス,FC東京,1478,1473,5,1515,1480,35,7,6,1,2,2,15,16,1,39,39,0,17,15,21,19,-4,-4,0,0.34375,0.3870967741935484,0.4615384615384615,0.3333333333333333,0.1282051282051282,0.6923076923076923,0.4666666666666667,0.2256410256410256,0.5384615384615384,0.6666666666666666,-0.1282051282051282,0.3935185185185185,0.3584229390681003,0.0350955794504181,2.0571428571428574,2.2026315789473685,-0.1454887218045111,5,1,0,0.0350955794504181,0.1454887218045111,2.036116860250986,6,3,3,2,1,1,0,0,0,1,2,-1,0,0,1,10,1574,1.1589743589743589,0.2256410256410256,0.1765172821095547,H,32476,0.654463,0.591815,1.0,11.0,20.0,0.575931,0.472778,0.636364,8.0,20.0,0.07853200000000005,0.119037,0.36363599999999996,3.0,0.0
1574,2024-10-05,J.League,アルビレックス新潟,ファジアーノ岡山,1450,1447,3,1474,1458,16,6,3,3,2,1,18,19,1,36,32,4,16,14,22,21,-6,-7,1,0.3125,0.3,0.2941176470588235,0.2142857142857142,0.0798319327731092,0.5294117647058824,0.3571428571428571,0.1722689075630252,0.7058823529411765,0.7857142857142857,-0.0798319327731091,0.3703703703703703,0.345679012345679,0.0246913580246913,1.963636363636364,1.9285714285714288,0.035064935064935,3,1,4,0.0246913580246913,0.035064935064935,1.311951258617925,6,0,6,2,0,2,0,0,0,1,4,-3,0,0,1,10,1574,0.8865546218487395,0.1722689075630252,0.1839652517073662,A,32475,0.615236,0.523106,0.818182,10.0,20.0,0.594174,0.517631,0.545455,12.0,20.0,0.021062000000000025,0.005475000000000008,0.27272699999999994,-2.0,0.0
1574,2024-10-05,J.League,サンフレッチェ広島,町田,1589,1575,14,1534,1539,-5,11,8,3,3,2,2,3,1,59,58,1,23,24,13,15,10,9,1,0.5806451612903226,0.53125,0.5882352941176471,0.5,0.088235294117647,0.7058823529411765,0.8333333333333334,-0.1274509803921568,0.4117647058823529,0.5,-0.088235294117647,0.5495818399044206,0.5555555555555555,-0.0059737156511349,3.2192307692307693,2.8800000000000003,0.339230769230769,14,1,1,0.0059737156511349,0.339230769230769,5.21904089697638,7,4,3,2,1,1,5,2,3,0,0,0,1,0,0,10,1574,1.53921568627451,0.1274509803921568,0.1811899431713149,H,32479,0.599938,0.538925,0.454545,10.0,20.0,0.589382,0.535286,0.636364,12.0,20.0,0.01055600000000001,0.003638999999999948,-0.18181900000000006,-2.0,0.0
1574,2024-10-05,J.League,柏レイソル,横浜F・マリノス,1561,1502,59,1522,1471,51,6,9,-3,1,3,4,14,10,55,39,16,23,15,14,17,9,-2,11,0.5333333333333333,0.4137931034482758,0.4666666666666667,0.3125,0.1541666666666666,0.7333333333333333,0.375,0.3583333333333333,0.5333333333333333,0.6875,-0.1541666666666666,0.5679012345679012,0.3831417624521073,0.1847594721157939,2.892857142857143,2.3029411764705885,0.5899159663865543,59,10,16,0.1847594721157939,0.5899159663865543,23.304935087700468,3,6,-3,0,2,-2,3,1,2,0,0,0,0,0,1,10,1574,1.1083333333333334,0.3583333333333333,0.1830372610415245,H,32474,0.533514,0.496361,1.0,11.0,19.0,0.64265,0.560956,0.818182,12.0,20.0,-0.10913600000000001,-0.06459500000000001,0.18181800000000004,-1.0,-1.0
1574,2024-10-05,J.League,京都サンガF.C.,川崎フロンターレ,1563,1560,3,1508,1549,-41,10,8,2,3,2,5,7,2,55,53,2,21,23,15,15,6,8,-2,0.53125,0.5,0.4375,0.6,-0.1624999999999999,0.625,0.8,-0.175,0.5625,0.4,0.1624999999999999,0.4861111111111111,0.5679012345679012,-0.0817901234567901,2.8800000000000003,2.7,0.1800000000000001,3,2,2,0.0817901234567901,0.1800000000000001,1.6023580246913578,4,4,0,1,1,0,2,1,1,0,0,0,1,0,0,10,1574,1.425,0.175,0.1888877162916457,D,32478,0.581028,0.517511,0.818182,11.0,19.0,0.504715,0.464547,0.727273,9.0,20.0,0.07631299999999996,0.05296400000000007,0.09090900000000002,2.0,-1.0
1574,2024-10-05,J.League,名古屋グランパス,セレッソ大阪,1461,1492,-31,1509,1476,33,6,3,3,2,0,17,13,-4,39,39,0,17,17,22,18,-5,-1,-4,0.3333333333333333,0.3793103448275862,0.5,0.3571428571428571,0.1428571428571428,0.625,0.4285714285714285,0.1964285714285714,0.5,0.6428571428571429,-0.1428571428571429,0.3815937149270482,0.4342273307790548,-0.0526336158520066,2.0250000000000004,2.1750000000000003,-0.1499999999999999,31,4,0,0.0526336158520066,0.1499999999999999,11.8905267231704,3,1,2,1,0,1,0,0,0,2,1,1,0,1,0,10,1574,1.0535714285714286,0.1964285714285714,0.1942384813947532,H,32477,0.612486,0.547772,0.818182,11.0,20.0,0.587931,0.526094,0.909091,13.0,20.0,0.024554999999999993,0.021678000000000086,-0.09090900000000002,-2.0,0.0
1574,2024-10-05,J.League,アビスパ福岡,横浜FC,1481,1462,19,1486,1469,17,6,6,0,2,2,11,12,1,41,40,1,19,16,23,21,-4,-5,1,0.3235294117647059,0.3636363636363636,0.25,0.2857142857142857,-0.0357142857142857,0.625,0.4285714285714285,0.1964285714285714,0.75,0.7142857142857143,0.0357142857142857,0.4139433551198257,0.3591470258136924,0.0547963293061332,1.9956521739130435,2.1214285714285714,-0.1257763975155279,19,1,1,0.0547963293061332,0.1257763975155279,6.936114545364332,3,3,0,1,1,0,0,1,-1,1,0,1,0,0,1,10,1574,1.0535714285714286,0.1964285714285714,0.1877717857804109,H,32480,0.615542,0.552063,0.818182,10.0,20.0,0.584243,0.513669,0.636364,11.0,20.0,0.03129900000000008,0.03839399999999993,0.18181799999999992,-1.0,0.0
1574,2024-10-05,J.League,浦和レッズ,ヴィッセル神戸,1524,1546,-22,1545,1518,27,5,10,-5,1,3,10,8,-2,43,45,-2,17,17,14,13,3,4,-1,0.4814814814814814,0.5185185185185185,0.75,0.5,0.25,0.75,0.6428571428571429,0.1071428571428571,0.25,0.5,-0.25,0.4663923182441701,0.4663923182441701,0.0,2.603571428571429,2.803846153846154,-0.200274725274725,22,2,2,0.0,0.200274725274725,8.240054945054943,1,9,-8,0,3,-3,1,4,-3,0,0,0,0,0,1,10,1574,1.3928571428571428,0.1071428571428571,0.1724977537791588,H,32473,0.578375,0.499942,0.454545,12.0,19.0,0.570764,0.497822,0.818182,9.0,20.0,0.007610999999999923,0.0021200000000000108,-0.363637,3.0,-1.0
1574,2024-10-05,J.League,鹿島アントラーズ,ガンバ大阪,1617,1548,69,1575,1500,75,13,15,-2,4,5,1,6,5,73,54,19,27,22,12,17,15,5,10,0.6571428571428571,0.4848484848484848,0.7058823529411765,0.3529411764705882,0.3529411764705882,0.8823529411764706,0.6470588235294118,0.2352941176470587,0.2941176470588235,0.6470588235294118,-0.3529411764705882,0.5714285714285714,0.4938271604938271,0.0776014109347443,3.9375,2.620588235294118,1.3169117647058823,69,5,19,0.0776014109347443,1.3169117647058823,25.67890263512812,9,9,0,3,3,0,5,5,0,0,0,0,1,0,0,10,1574,1.5294117647058822,0.2352941176470587,0.1624314053978392,D,32472,0.644271,0.584658,0.818182,11.0,20.0,0.573389,0.498522,0.727273,10.0,20.0,0.070882,0.08613599999999999,0.09090900000000002,1.0,0.0
1574,2024-10-05,Cup/Other,ブラウブリッツ秋田,大分,1474,1500,-26,1479,1500,-21,6,0,6,1,0,29,0,-29,23,0,23,11,0,14,0,-3,0,-3,0.3,0.0,0.3076923076923077,0.0,0.3076923076923077,0.4615384615384615,0.0,0.4615384615384615,0.6923076923076923,0.0,0.6923076923076923,0.4074074074074074,0.0,0.4074074074074074,1.9285714285714288,0.0,1.9285714285714288,26,29,23,0.4074074074074074,1.9285714285714288,16.81719576719577,5,0,5,1,0,1,4,0,4,0,0,0,0,0,0,10,1574,0.4615384615384615,0.4615384615384615,0.2112373322755006,D,,0.0,0.0,0.0,0.0,0.0,0.0,0.0,0.0,0.0,0.0,0.0,0.0,0.0,0.0,0.0
1574,2024-10-05,J.League,徳島ヴォルティス,FC今治,1523,1534,-11,1507,1541,-34,10,10,0,3,3,23,25,2,28,25,3,12,11,9,7,3,4,-1,0.4705882352941176,0.5,0.4444444444444444,0.8333333333333334,-0.3888888888888889,0.6666666666666666,1.0,-0.3333333333333333,0.5555555555555556,0.1666666666666666,0.3888888888888889,0.5228758169934641,0.582010582010582,-0.0591347650171178,2.5500000000000003,2.7,-0.1499999999999999,11,2,3,0.0591347650171178,0.1499999999999999,4.391826953003424,4,7,-3,1,2,-1,1,4,-3,0,0,0,1,0,0,10,1574,1.6666666666666663,0.3333333333333333,0.2104505436094638,H,,0.0,0.0,0.0,0.0,0.0,0.0,0.0,0.0,0.0,0.0,0.0,0.0,0.0,0.0,0.0
1574,2024-10-05,J.League,熊本,いわきFC,1453,1474,-21,1484,1489,-5,3,6,-3,1,1,35,36,1,14,12,2,6,8,11,11,-5,-3,-2,0.2666666666666666,0.1538461538461538,0.2857142857142857,0.1666666666666666,0.119047619047619,0.4285714285714285,0.6666666666666666,-0.238095238095238,0.7142857142857143,0.8333333333333334,-0.119047619047619,0.2962962962962963,0.4558404558404558,-0.1595441595441595,1.840909090909091,1.5954545454545457,0.2454545454545453,21,1,2,0.1595441595441595,0.2454545454545453,7.680999740999741,3,2,1,1,0,1,1,1,0,0,0,0,0,0,0,10,1574,1.0952380952380951,0.238095238095238,0.2188694052158342,A,,0.0,0.0,0.0,0.0,0.0,0.0,0.0,0.0,0.0,0.0,0.0,0.0,0.0,0.0,0.0
1574,2024-10-05,J.League,北海道コンサドーレ札幌,モンテディオ山形,1537,1487,50,1510,1521,-11,10,9,1,3,3,24,20,-4,28,31,-3,12,13,9,14,3,-1,4,0.4705882352941176,0.391304347826087,0.4444444444444444,0.5555555555555556,-0.1111111111111111,0.6666666666666666,0.7777777777777778,-0.1111111111111111,0.5555555555555556,0.4444444444444444,0.1111111111111111,0.5228758169934641,0.4186795491143316,0.1041962678791324,2.5500000000000003,2.217857142857143,0.3321428571428573,50,4,3,0.1041962678791324,0.3321428571428573,18.5872678250044,9,6,3,3,2,1,3,0,3,0,1,-1,1,0,0,10,1574,1.4444444444444444,0.1111111111111111,0.1974756353501071,A,,0.0,0.0,0.0,0.0,0.0,0.0,0.0,0.0,0.0,0.0,0.0,0.0,0.0,0.0,0.0
1572,2024-09-28,J.League,町田,ファジアーノ岡山,1568,1454,114,1520,1465,55,8,6,2,2,2,3,19,16,55,32,23,23,14,15,20,8,-6,14,0.5161290322580645,0.3103448275862069,0.5384615384615384,0.2307692307692307,0.3076923076923076,0.6153846153846154,0.3846153846153846,0.2307692307692307,0.4615384615384615,0.7692307692307693,-0.3076923076923077,0.5495818399044206,0.3575989782886334,0.1919828616157871,2.79,1.9575,0.8325,114,16,23,0.1919828616157871,0.8325,44.10489657232316,2,0,2,0,0,0,1,0,1,0,3,-3,0,1,0,9,1572,1.0,0.2307692307692307,0.191081982094754,H,32463,0.526521,0.449675,0.545455,9.0,19.0,0.558889,0.491061,0.636364,11.0,20.0,-0.03236799999999995,-0.041386000000000034,-0.09090900000000002,-2.0,-1.0
1572,2024-09-28,J.League,名古屋グランパス,鹿島アントラーズ,1469,1609,-140,1517,1534,-17,6,13,-7,2,4,15,1,-14,39,70,-31,17,26,21,12,-4,14,-18,0.34375,0.6470588235294118,0.5333333333333333,0.5882352941176471,-0.0549019607843137,0.6666666666666666,0.6470588235294118,0.0196078431372548,0.4666666666666667,0.4117647058823529,0.0549019607843137,0.3935185185185185,0.5664488017429193,-0.1729302832244008,2.0571428571428574,3.825,-1.7678571428571428,140,14,31,0.1729302832244008,1.7678571428571428,52.88815748521631,6,7,-1,2,2,0,0,5,-5,1,0,1,0,0,1,9,1572,1.3137254901960784,0.0196078431372548,0.1631974985690605,A,32466,0.622049,0.548594,0.454545,11.0,20.0,0.537292,0.4663,0.545455,10.0,19.0,0.08475699999999997,0.08229400000000003,-0.09091000000000005,1.0,1.0
1572,2024-09-28,J.League,東京ヴェルディ,浦和レッズ,1494,1524,-30,1519,1475,44,6,7,-1,2,2,8,10,2,43,42,1,17,16,19,13,-2,3,-5,0.40625,0.5,0.5625,0.2857142857142857,0.2767857142857143,0.5625,0.5,0.0625,0.4375,0.7142857142857143,-0.2767857142857143,0.3935185185185185,0.4558404558404558,-0.0623219373219373,2.273684210526316,2.7,-0.4263157894736844,30,2,1,0.0623219373219373,0.4263157894736844,11.097727545359124,3,1,2,1,0,1,1,0,1,0,2,-2,0,0,1,9,1572,1.0625,0.0625,0.1707671540235753,D,32462,0.585653,0.526358,0.545455,10.0,20.0,0.62113,0.554598,0.545455,11.0,20.0,-0.03547699999999998,-0.028240000000000043,0.0,-1.0,0.0
1572,2024-09-28,J.League,アビスパ福岡,サンフレッチェ広島,1491,1579,-88,1494,1537,-43,9,11,-2,3,3,11,2,-9,41,56,-15,19,22,22,13,-3,9,-12,0.3333333333333333,0.5666666666666667,0.2666666666666666,0.5384615384615384,-0.2717948717948718,0.6666666666666666,0.7692307692307693,-0.1025641025641026,0.7333333333333333,0.4615384615384615,0.2717948717948717,0.4264870931537598,0.5432098765432098,-0.11672278338945,2.0250000000000004,3.1153846153846154,-1.090384615384615,88,9,15,0.11672278338945,1.090384615384615,33.29142147975481,6,5,1,2,1,1,1,5,-4,0,0,0,0,0,2,9,1572,1.435897435897436,0.1025641025641026,0.188639212496586,A,32470,0.512833,0.466883,0.545455,7.0,20.0,0.539556,0.475144,0.363636,10.0,20.0,-0.026723000000000052,-0.008261000000000018,0.181819,-3.0,0.0
1572,2024-09-28,J.League,ヴィッセル神戸,清水エスパルス,1537,1488,49,1509,1468,41,7,7,0,2,2,9,13,4,42,39,3,16,17,13,20,3,-3,6,0.5,0.3548387096774194,0.5,0.2777777777777778,0.2222222222222222,0.5833333333333334,0.4444444444444444,0.1388888888888889,0.5,0.7222222222222222,-0.2222222222222222,0.4558404558404558,0.4062126642771803,0.0496277915632755,2.7,2.0925,0.6074999999999999,49,4,3,0.0496277915632755,0.6074999999999999,18.28142555831265,7,7,0,2,2,0,3,3,0,0,0,0,0,0,1,9,1572,1.0277777777777777,0.1388888888888889,0.1798717022321153,H,32469,0.608799,0.549068,0.909091,10.0,20.0,0.609951,0.541419,0.636364,9.0,20.0,-0.0011520000000000419,0.007649000000000017,0.27272699999999994,1.0,0.0
1572,2024-09-28,J.League,ガンバ大阪,アルビレックス新潟,1540,1458,82,1532,1487,45,12,6,6,4,2,7,18,11,51,36,15,21,16,17,21,4,-5,9,0.46875,0.3225806451612903,0.6,0.3571428571428571,0.2428571428571428,0.6666666666666666,0.5,0.1666666666666666,0.4,0.6428571428571429,-0.2428571428571428,0.4861111111111111,0.3823178016726403,0.1037933094384707,2.541176470588236,1.992857142857143,0.5483193277310925,82,11,15,0.1037933094384707,0.5483193277310925,31.58042252743391,9,6,3,3,2,1,4,2,2,0,0,0,0,1,0,9,1572,1.1666666666666663,0.1666666666666666,0.1915313898577094,H,32467,0.626181,0.548983,0.818182,11.0,20.0,0.6315,0.548,0.909091,10.0,20.0,-0.005318999999999963,0.0009829999999999561,-0.09090900000000002,1.0,0.0
1572,2024-09-28,J.League,横浜FC,湘南ベルマーレ,1452,1408,44,1486,1439,47,6,0,6,2,0,16,21,5,37,30,7,15,14,21,24,-6,-10,4,0.34375,0.25,0.3888888888888889,0.2222222222222222,0.1666666666666666,0.5,0.3333333333333333,0.1666666666666666,0.6111111111111112,0.7777777777777778,-0.1666666666666666,0.3472222222222222,0.324074074074074,0.0231481481481481,2.0571428571428574,1.8,0.2571428571428573,44,5,7,0.0231481481481481,0.2571428571428573,16.706058201058198,3,0,3,1,0,1,0,0,0,2,5,-3,1,0,0,9,1572,0.8333333333333333,0.1666666666666666,0.1740352684957824,H,32465,0.588507,0.529364,0.181818,10.0,20.0,0.608618,0.527436,0.727273,9.0,20.0,-0.02011099999999999,0.0019279999999999298,-0.5454549999999999,1.0,0.0
1572,2024-09-28,J.League,FC東京,横浜F・マリノス,1485,1490,-5,1497,1461,36,7,6,1,2,2,14,17,3,39,36,3,15,14,18,17,-3,-3,0,0.4,0.3928571428571428,0.4666666666666667,0.2666666666666666,0.2,0.5333333333333333,0.3333333333333333,0.2,0.5333333333333333,0.7333333333333333,-0.1999999999999999,0.3703703703703703,0.3703703703703703,0.0,2.2500000000000004,2.2235294117647064,0.026470588235294,5,3,3,0.0,0.026470588235294,2.505294117647059,6,3,3,2,1,1,0,0,0,1,1,0,0,0,0,9,1572,0.8666666666666667,0.2,0.165579370251981,A,32461,0.656646,0.584758,0.454545,15.0,20.0,0.615292,0.544183,0.454545,11.0,20.0,0.041354,0.04057500000000003,0.0,4.0,0.0
1572,2024-09-28,J.League,川崎フロンターレ,柏レイソル,1561,1560,1,1512,1544,-32,10,5,5,3,1,5,4,-1,52,54,-2,22,22,14,13,8,9,-1,0.5172413793103449,0.5517241379310345,0.4285714285714285,0.6428571428571429,-0.2142857142857143,0.7142857142857143,0.7857142857142857,-0.0714285714285714,0.5714285714285714,0.3571428571428571,0.2142857142857142,0.5619412515964239,0.5619412515964239,0.0,2.796428571428572,3.011538461538461,-0.2151098901098898,1,1,2,0.0,0.2151098901098898,0.6430219780219779,4,2,2,1,0,1,0,2,-2,1,0,1,0,1,0,9,1572,1.5,0.0714285714285714,0.1935037073115039,D,32464,0.568049,0.505447,0.909091,10.0,20.0,0.51659,0.447483,0.818182,9.0,20.0,0.05145900000000003,0.05796399999999996,0.09090900000000002,1.0,0.0
1572,2024-09-28,J.League,セレッソ大阪,京都サンガF.C.,1503,1552,-49,1525,1535,-10,3,10,-7,0,3,12,6,-6,39,52,-13,17,20,17,15,0,5,-5,0.3928571428571428,0.5161290322580645,0.4285714285714285,0.6,-0.1714285714285714,0.7857142857142857,0.6666666666666666,0.119047619047619,0.5714285714285714,0.4,0.1714285714285713,0.4497354497354496,0.4778972520908004,-0.0281618023553507,2.2235294117647064,2.79,-0.5664705882352936,49,6,13,0.0281618023553507,0.5664705882352936,18.768926478118125,2,4,-2,0,1,-1,1,1,0,0,0,0,2,0,0,9,1572,1.4523809523809523,0.119047619047619,0.185022191638161,A,32468,0.626729,0.547642,0.090909,11.0,20.0,0.607174,0.526506,0.727273,9.0,20.0,0.01955499999999999,0.021135999999999933,-0.6363639999999999,2.0,0.0
1572,2024-09-28,J.League,ブラウブリッツ秋田,V・ファーレン長崎,1472,1529,-57,1478,1524,-46,8,7,1,2,2,29,23,-6,22,27,-5,10,13,13,10,-3,3,-6,0.3157894736842105,0.4117647058823529,0.3333333333333333,0.5,-0.1666666666666666,0.4166666666666667,0.875,-0.4583333333333333,0.6666666666666666,0.5,0.1666666666666666,0.3898635477582846,0.5664488017429193,-0.1765852539846347,1.9730769230769232,2.295,-0.3219230769230767,57,6,5,0.1765852539846347,0.3219230769230767,21.54970166618154,5,3,2,1,1,0,3,1,2,0,0,0,0,0,1,9,1572,1.2916666666666667,0.4583333333333333,0.2240563984896389,D,,0.0,0.0,0.0,0.0,0.0,0.0,0.0,0.0,0.0,0.0,0.0,0.0,0.0,0.0,0.0
1572,2024-09-28,J.League,富山,徳島ヴォルティス,1452,1512,-60,1483,1508,-25,3,10,-7,1,3,33,25,-8,18,25,-7,8,11,13,9,-5,2,-7,0.2777777777777778,0.4375,0.2857142857142857,0.4285714285714285,-0.1428571428571428,0.4285714285714285,0.7142857142857143,-0.2857142857142857,0.7142857142857143,0.5714285714285714,0.1428571428571429,0.3292181069958847,0.5092592592592592,-0.1800411522633744,1.8692307692307693,2.4000000000000004,-0.5307692307692309,60,8,7,0.1800411522633744,0.5307692307692309,23.14216207660652,0,4,-4,0,1,-1,0,0,0,4,1,3,0,0,1,9,1572,1.1428571428571428,0.2857142857142857,0.1963955035524729,A,,0.0,0.0,0.0,0.0,0.0,0.0,0.0,0.0,0.0,0.0,0.0,0.0,0.0,0.0,0.0
1572,2024-09-28,J.League,FC今治,サガン鳥栖,1535,1522,13,1493,1506,-13,10,6,4,3,2,26,27,1,24,23,1,10,9,6,7,4,2,2,0.5384615384615384,0.5,0.2857142857142857,0.5,-0.2142857142857143,0.5714285714285714,0.6,-0.0285714285714285,0.7142857142857143,0.5,0.2142857142857143,0.5698005698005698,0.4761904761904762,0.0936100936100935,2.925,2.7,0.2249999999999996,13,1,1,0.0936100936100935,0.2249999999999996,4.863722018722019,9,6,3,3,2,1,3,1,2,0,0,0,1,0,0,9,1572,1.1714285714285713,0.0285714285714285,0.1859506579422669,D,,0.0,0.0,0.0,0.0,0.0,0.0,0.0,0.0,0.0,0.0,0.0,0.0,0.0,0.0,0.0
1571,2024-09-23,J.League,アルビレックス新潟,名古屋グランパス,1446,1481,-35,1465,1460,5,3,6,-3,1,2,18,14,-4,33,39,-6,15,17,21,20,-6,-3,-3,0.3,0.3548387096774194,0.25,0.1875,0.0625,0.5,0.4375,0.0625,0.75,0.8125,-0.0625,0.3703703703703703,0.4062126642771803,-0.0358422939068099,1.9285714285714288,2.0925,-0.1639285714285714,35,4,6,0.0358422939068099,0.1639285714285714,13.289954173067075,3,6,-3,1,2,-1,1,2,-1,0,0,0,0,0,1,9,1571,0.9375,0.0625,0.1931235831254877,H,32455,0.59875,0.525881,0.727273,12.0,20.0,0.559451,0.477306,0.636364,11.0,20.0,0.03929899999999997,0.048575000000000035,0.0909089999999999,1.0,0.0
1571,2024-09-23,J.League,FC東京,アビスパ福岡,1499,1477,22,1507,1479,28,7,6,1,2,2,12,15,3,39,38,1,15,18,17,22,-2,-4,2,0.4137931034482758,0.3125,0.5,0.3529411764705882,0.1470588235294117,0.5714285714285714,0.4705882352941176,0.1008403361344537,0.5,0.6470588235294118,-0.1470588235294118,0.3831417624521073,0.4166666666666666,-0.0335249042145593,2.3029411764705885,1.963636363636364,0.3393048128342246,22,3,1,0.0335249042145593,0.3393048128342246,8.524565943409756,6,3,3,2,1,1,2,0,2,0,1,-1,0,0,1,9,1571,1.042016806722689,0.1008403361344537,0.1874546228536232,A,32453,0.654438,0.568367,0.272727,12.0,20.0,0.550514,0.480561,0.636364,8.0,20.0,0.10392400000000002,0.08780599999999994,-0.36363700000000004,4.0,0.0
1571,2024-09-23,J.League,ガンバ大阪,横浜F・マリノス,1530,1500,30,1524,1468,56,9,7,2,3,2,7,17,10,48,36,12,20,14,17,16,3,-2,5,0.4516129032258064,0.4074074074074074,0.5714285714285714,0.2857142857142857,0.2857142857142857,0.6428571428571429,0.3571428571428571,0.2857142857142857,0.4285714285714285,0.7142857142857143,-0.2857142857142857,0.4778972520908004,0.3840877914951988,0.0938094605956015,2.461764705882353,2.278125,0.1836397058823529,30,10,12,0.0938094605956015,0.1836397058823529,13.05548983329559,9,6,3,3,2,1,3,1,2,0,0,0,0,0,1,9,1571,1.0,0.2857142857142857,0.1818537796645995,H,32458,0.6225,0.553797,0.727273,12.0,20.0,0.610222,0.544981,0.181818,12.0,20.0,0.012278000000000011,0.008815999999999935,0.5454549999999999,0.0,0.0
1571,2024-09-23,J.League,柏レイソル,サンフレッチェ広島,1560,1578,-18,1522,1537,-15,7,11,-4,2,3,4,2,-2,53,55,-2,21,21,12,12,9,9,0,0.5714285714285714,0.5862068965517241,0.5,0.5833333333333334,-0.0833333333333333,0.7142857142857143,0.75,-0.0357142857142857,0.5,0.4166666666666667,0.0833333333333333,0.5555555555555555,0.5363984674329502,0.0191570881226053,3.1500000000000004,3.2625,-0.1124999999999998,18,2,2,0.0191570881226053,0.1124999999999998,6.82633141762452,4,7,-3,1,2,-1,1,5,-4,0,0,0,0,1,0,9,1571,1.4642857142857144,0.0357142857142857,0.1702825722777821,D,32452,0.572646,0.487931,0.727273,8.0,20.0,0.594174,0.524556,0.818182,11.0,20.0,-0.02152799999999999,-0.03662500000000002,-0.09090900000000002,-3.0,0.0
1571,2024-09-23,J.League,京都サンガF.C.,町田,1553,1568,-15,1507,1540,-33,12,7,5,4,2,6,3,-3,51,54,-3,19,22,14,14,5,8,-3,0.5333333333333333,0.5333333333333333,0.4666666666666667,0.5294117647058824,-0.0627450980392156,0.6,0.8235294117647058,-0.2235294117647058,0.5333333333333333,0.4705882352941176,0.0627450980392156,0.4691358024691358,0.5432098765432098,-0.074074074074074,2.892857142857143,2.892857142857143,0.0,15,3,3,0.074074074074074,0.0,6.014814814814815,6,4,2,2,1,1,0,0,0,1,1,0,1,0,0,9,1571,1.4235294117647057,0.2235294117647058,0.1749703030586241,D,32457,0.652813,0.578639,0.454545,11.0,20.0,0.610535,0.533392,0.818182,11.0,20.0,0.04227799999999993,0.04524700000000004,-0.363637,0.0,0.0
1570,2024-09-20,J.League,名古屋グランパス,湘南ベルマーレ,1472,1417,55,1510,1446,64,3,1,2,1,0,16,21,5,36,30,6,16,14,20,23,-4,-9,5,0.3333333333333333,0.2580645161290322,0.5,0.2352941176470588,0.2647058823529412,0.6428571428571429,0.3529411764705882,0.2899159663865546,0.5,0.7647058823529411,-0.2647058823529411,0.3950617283950617,0.3345280764635603,0.0605336519315014,2.0250000000000004,1.8195652173913044,0.2054347826086959,55,5,6,0.0605336519315014,0.2054347826086959,20.55319368690804,3,0,3,1,0,1,1,0,1,0,4,-4,0,0,1,9,1570,0.9957983193277312,0.2899159663865546,0.1897667972645133,H,32446,0.576303,0.522712,0.909091,10.0,19.0,0.622431,0.5411,0.818182,9.0,20.0,-0.04612799999999995,-0.01838800000000007,0.09090900000000002,1.0,-1.0
1570,2024-09-20,J.League,横浜FC,アルビレックス新潟,1466,1432,34,1495,1477,18,9,0,9,3,0,13,20,7,37,30,7,15,14,20,21,-5,-7,2,0.3548387096774194,0.2758620689655172,0.4117647058823529,0.3076923076923077,0.1040723981900452,0.5294117647058824,0.4615384615384615,0.0678733031674208,0.5882352941176471,0.6923076923076923,-0.1040723981900452,0.3584229390681003,0.3575989782886334,0.0008239607794668,2.0925,1.8642857142857143,0.2282142857142859,34,7,7,0.0008239607794668,0.2282142857142859,13.695807649298748,3,0,3,1,0,1,0,0,0,1,5,-4,0,1,0,9,1570,0.990950226244344,0.0678733031674208,0.1809559257098705,A,32445,0.639882,0.579635,0.818182,11.0,20.0,0.622618,0.563343,0.727273,12.0,20.0,0.017263999999999946,0.016291999999999973,0.09090900000000002,-1.0,0.0
1570,2024-09-20,J.League,セレッソ大阪,柏レイソル,1502,1561,-59,1525,1545,-20,2,6,-4,0,2,11,5,-6,38,52,-14,16,20,16,11,0,9,-9,0.4074074074074074,0.5925925925925926,0.4615384615384615,0.6923076923076923,-0.2307692307692307,0.7692307692307693,0.7692307692307693,0.0,0.5384615384615384,0.3076923076923077,0.2307692307692307,0.4389574759945129,0.5486968449931412,-0.1097393689986282,2.278125,3.313636363636364,-1.0355113636363638,59,6,14,0.1097393689986282,1.0355113636363638,22.379050146527,2,3,-1,0,1,-1,0,0,0,1,1,0,0,0,0,9,1570,1.5384615384615383,0.0,0.1766235349485465,D,32448,0.594542,0.524654,0.727273,11.0,20.0,0.554312,0.473178,0.636364,8.0,20.0,0.04022999999999999,0.051475999999999966,0.0909089999999999,3.0,0.0
1570,2024-09-20,J.League,川崎フロンターレ,FC東京,1577,1483,94,1522,1470,52,13,7,6,4,2,4,14,10,52,36,16,22,14,13,17,9,-3,12,0.5357142857142857,0.3928571428571428,0.4615384615384615,0.2857142857142857,0.1758241758241758,0.7692307692307693,0.4285714285714285,0.3406593406593407,0.5384615384615384,0.7142857142857143,-0.1758241758241758,0.582010582010582,0.3703703703703703,0.2116402116402116,2.907692307692308,2.2235294117647064,0.6841628959276012,94,10,16,0.2116402116402116,0.6841628959276012,35.579160621513566,7,4,3,2,1,1,5,1,4,0,0,0,1,0,0,9,1570,1.1978021978021978,0.3406593406593407,0.1856014891386953,A,32443,0.623236,0.554558,0.818182,11.0,20.0,0.684275,0.616306,0.727273,13.0,20.0,-0.061038999999999954,-0.061748000000000025,0.09090900000000002,-2.0,0.0
1570,2024-09-20,J.League,浦和レッズ,鹿島アントラーズ,1534,1598,-64,1555,1524,31,7,13,-6,2,4,8,1,-7,42,67,-25,16,25,12,12,4,13,-9,0.52,0.6363636363636364,0.8181818181818182,0.5625,0.2556818181818182,0.8181818181818182,0.625,0.1931818181818182,0.1818181818181818,0.4375,-0.2556818181818182,0.474074074074074,0.5611672278338945,-0.0870931537598204,2.8125000000000004,3.7125,-0.8999999999999999,64,7,25,0.0870931537598204,0.8999999999999999,24.347418630751964,4,7,-3,1,2,-1,0,5,-5,1,0,1,0,1,0,9,1570,1.4431818181818183,0.1931818181818182,0.158655239292573,A,32441,0.655907,0.587554,0.727273,12.0,20.0,0.59559,0.515239,0.909091,11.0,20.0,0.060317000000000065,0.07231500000000002,-0.18181800000000004,1.0,0.0
1570,2024-09-20,J.League,東京ヴェルディ,ファジアーノ岡山,1483,1465,18,1511,1473,38,3,9,-6,1,3,10,18,8,40,32,8,16,14,19,19,-3,-5,2,0.3870967741935484,0.3214285714285714,0.5333333333333333,0.25,0.2833333333333333,0.5333333333333333,0.4166666666666667,0.1166666666666666,0.4666666666666667,0.75,-0.2833333333333333,0.3823178016726403,0.3703703703703703,0.0119474313022699,2.2026315789473685,1.9894736842105265,0.2131578947368422,18,8,8,0.0119474313022699,0.2131578947368422,8.345021065207822,0,3,-3,0,1,-1,0,0,0,3,2,1,1,0,0,9,1570,0.95,0.1166666666666666,0.1795446846693827,H,32442,0.591292,0.512557,0.727273,10.0,20.0,0.519819,0.445744,0.818182,8.0,20.0,0.07147300000000001,0.06681300000000007,-0.09090900000000002,2.0,0.0
1570,2024-09-20,J.League,横浜F・マリノス,アビスパ福岡,1489,1488,1,1514,1487,27,7,9,-2,2,3,17,12,-5,33,38,-5,13,18,16,21,-3,-3,0,0.3846153846153846,0.3225806451612903,0.5,0.375,0.125,0.6666666666666666,0.5,0.1666666666666666,0.5,0.625,-0.125,0.3703703703703703,0.4301075268817204,-0.05973715651135,2.19375,1.992857142857143,0.2008928571428569,1,5,5,0.05973715651135,0.2008928571428569,1.6521260027308415,3,6,-3,1,2,-1,0,1,-1,1,0,1,0,0,1,9,1570,1.1666666666666663,0.1666666666666666,0.1911951015293176,H,32444,0.545053,0.47169,0.818182,10.0,19.0,0.532896,0.457642,0.545455,9.0,20.0,0.012156999999999973,0.014048000000000005,0.27272699999999994,1.0,-1.0
1570,2024-09-20,J.League,京都サンガF.C.,清水エスパルス,1569,1472,97,1517,1457,60,15,5,10,5,1,6,15,9,51,36,15,19,16,13,20,6,-4,10,0.5517241379310345,0.3333333333333333,0.5,0.2352941176470588,0.2647058823529412,0.6428571428571429,0.4117647058823529,0.2310924369747899,0.5,0.7647058823529411,-0.2647058823529411,0.4853128991060025,0.3950617283950617,0.0902511707109408,3.011538461538461,2.0250000000000004,0.9865384615384613,97,9,15,0.0902511707109408,0.9865384615384613,36.41535792644987,9,4,5,3,1,2,5,2,3,0,0,0,1,0,0,9,1570,1.0546218487394958,0.2310924369747899,0.1747940882046455,A,32447,0.598181,0.510431,0.636364,10.0,20.0,0.582188,0.515039,1.0,10.0,20.0,0.015992999999999924,-0.0046080000000000565,-0.36363599999999996,0.0,0.0
1570,2024-09-20,J.League,徳島ヴォルティス,北海道コンサドーレ札幌,1525,1524,1,1517,1508,9,10,10,0,3,3,23,24,1,25,25,0,11,11,8,9,3,2,1,0.4666666666666667,0.4375,0.5,0.4285714285714285,0.0714285714285714,0.75,0.7142857142857143,0.0357142857142857,0.5,0.5714285714285714,-0.0714285714285714,0.5432098765432098,0.5092592592592592,0.0339506172839506,2.53125,2.4000000000000004,0.1312499999999996,1,1,0,0.0339506172839506,0.1312499999999996,0.63304012345679,7,6,1,2,2,0,4,2,2,0,0,0,0,0,1,9,1570,1.4642857142857144,0.0357142857142857,0.213424140611084,A,,0.0,0.0,0.0,0.0,0.0,0.0,0.0,0.0,0.0,0.0,0.0,0.0,0.0,0.0,0.0
1570,2024-09-20,J.League,いわきFC,水戸ホーリーホック,1473,1541,-68,1486,1532,-46,6,10,-4,1,3,36,29,-7,11,20,-9,7,8,10,4,-3,4,-7,0.1666666666666666,0.6,0.1666666666666666,0.7142857142857143,-0.5476190476190477,0.5,0.8571428571428571,-0.3571428571428571,0.8333333333333334,0.2857142857142857,0.5476190476190477,0.4320987654320987,0.5925925925925926,-0.1604938271604938,1.62,3.375,-1.755,68,7,9,0.1604938271604938,1.755,25.933098765432096,2,4,-2,0,1,-1,0,2,-2,1,0,1,0,0,0,9,1570,1.3571428571428572,0.3571428571428571,0.2051393081269026,D,,0.0,0.0,0.0,0.0,0.0,0.0,0.0,0.0,0.0,0.0,0.0,0.0,0.0,0.0,0.0
1570,2024-09-20,J.League,愛媛FC,ジェフユナイテッド千葉,1414,1504,-90,1458,1509,-51,0,4,-4,0,1,45,30,-15,5,20,-15,3,8,11,7,-8,1,-9,0.0833333333333333,0.4615384615384615,0.1428571428571428,0.5454545454545454,-0.4025974025974025,0.1428571428571428,0.6363636363636364,-0.4935064935064935,0.8571428571428571,0.4545454545454545,0.4025974025974025,0.1851851851851851,0.4558404558404558,-0.2706552706552707,1.4727272727272729,2.5071428571428576,-1.034415584415585,90,15,15,0.2706552706552707,1.034415584415585,35.511014171014175,0,1,-1,0,0,0,0,0,0,5,2,3,0,0,0,9,1570,0.7792207792207793,0.4935064935064935,0.1610629276372378,A,,0.0,0.0,0.0,0.0,0.0,0.0,0.0,0.0,0.0,0.0,0.0,0.0,0.0,0.0,0.0
1570,2024-09-20,J.League,ベガルタ仙台,モンテディオ山形,1526,1497,29,1508,1531,-23,8,9,-1,2,3,27,19,-8,22,31,-9,10,13,7,13,3,0,3,0.4615384615384615,0.4090909090909091,0.4285714285714285,0.625,-0.1964285714285714,0.7142857142857143,0.875,-0.1607142857142857,0.5714285714285714,0.375,0.1964285714285714,0.5698005698005698,0.4377104377104377,0.1320901320901321,2.5071428571428576,2.2846153846153845,0.222527472527473,29,8,9,0.1320901320901321,0.222527472527473,12.22092352092352,5,6,-1,1,2,-1,3,2,1,0,0,0,1,0,0,9,1570,1.5892857142857144,0.1607142857142857,0.2102547606127281,H,,0.0,0.0,0.0,0.0,0.0,0.0,0.0,0.0,0.0,0.0,0.0,0.0,0.0,0.0,0.0
1570,2024-09-20,J.League,ヴァンフォーレ甲府,ブラウブリッツ秋田,1490,1471,19,1469,1501,-32,4,10,-6,1,3,32,28,-4,19,21,-2,7,9,8,12,-1,-3,2,0.4285714285714285,0.3333333333333333,0.25,0.3333333333333333,-0.0833333333333333,0.25,0.6666666666666666,-0.4166666666666666,0.75,0.6666666666666666,0.0833333333333333,0.3703703703703703,0.3703703703703703,0.0,2.3625000000000003,2.0250000000000004,0.3374999999999999,19,4,2,0.0,0.3374999999999999,7.717499999999999,0,4,-4,0,1,-1,0,2,-2,3,0,3,1,0,0,9,1570,0.9166666666666666,0.4166666666666666,0.1688259505745146,D,,0.0,0.0,0.0,0.0,0.0,0.0,0.0,0.0,0.0,0.0,0.0,0.0,0.0,0.0,0.0
1568,2024-09-14,J.League,アビスパ福岡,セレッソ大阪,1476,1514,-38,1485,1485,0,7,5,2,2,1,14,11,-3,35,38,-3,17,16,21,15,-4,1,-5,0.3,0.4230769230769231,0.2142857142857142,0.3846153846153846,-0.1703296703296703,0.6428571428571429,0.4615384615384615,0.1813186813186813,0.7857142857142857,0.6153846153846154,0.1703296703296702,0.419753086419753,0.4558404558404558,-0.0360873694207027,1.9285714285714288,2.3400000000000003,-0.4114285714285715,38,3,3,0.0360873694207027,0.4114285714285715,14.139503188169853,3,2,1,1,0,1,0,2,-2,1,0,1,0,0,1,9,1568,1.1043956043956045,0.1813186813186813,0.2051208571359259,H,32440,0.497074,0.416623,0.636364,7.0,19.0,0.659433,0.58031,1.0,12.0,20.0,-0.16235900000000003,-0.16368699999999997,-0.36363599999999996,-5.0,-1.0
1568,2024-09-14,J.League,ファジアーノ岡山,名古屋グランパス,1478,1458,20,1501,1450,51,9,0,9,3,0,18,17,-1,32,33,-1,14,15,18,20,-4,-5,1,0.3333333333333333,0.3103448275862069,0.4,0.1333333333333333,0.2666666666666667,0.6,0.4,0.1999999999999999,0.6,0.8666666666666667,-0.2666666666666667,0.3840877914951988,0.3831417624521073,0.0009460290430915,2.0250000000000004,1.9575,0.0675000000000003,20,1,1,0.0009460290430915,0.0675000000000003,7.2636892058086175,6,0,6,2,0,2,0,0,0,1,5,-4,0,0,1,9,1568,1.0,0.1999999999999999,0.1926453959592492,A,32438,0.549674,0.460518,0.545455,9.0,20.0,0.558319,0.508539,0.909091,11.0,20.0,-0.008645000000000014,-0.04802099999999998,-0.36363599999999996,-2.0,0.0
1568,2024-09-14,J.League,鹿島アントラーズ,湘南ベルマーレ,1593,1423,170,1569,1452,117,11,1,10,3,0,1,20,19,64,30,34,24,14,12,22,12,-8,20,0.625,0.2666666666666666,0.6875,0.25,0.4375,0.875,0.375,0.5,0.3125,0.75,-0.4375,0.5555555555555555,0.345679012345679,0.2098765432098764,3.6,1.840909090909091,1.759090909090909,170,19,34,0.2098765432098764,1.759090909090909,64.64379349046017,7,0,7,2,0,2,5,0,5,0,3,-3,0,0,1,9,1568,1.25,0.5,0.1656373942486199,H,32431,0.646097,0.562333,0.818182,13.0,20.0,0.582431,0.516719,0.545455,9.0,18.0,0.063666,0.04561399999999993,0.27272699999999994,4.0,2.0
1568,2024-09-14,J.League,ガンバ大阪,浦和レッズ,1518,1547,-29,1516,1484,32,9,10,-1,3,3,7,8,1,45,42,3,19,16,17,11,2,5,-3,0.4333333333333333,0.5416666666666666,0.5384615384615384,0.3076923076923077,0.2307692307692307,0.6153846153846154,0.5384615384615384,0.0769230769230769,0.4615384615384615,0.6923076923076923,-0.2307692307692307,0.4691358024691358,0.4938271604938271,-0.0246913580246913,2.382352941176471,2.9454545454545458,-0.5631016042780748,29,1,3,0.0246913580246913,0.5631016042780748,10.517558592460553,6,7,-1,2,2,0,2,3,-1,0,0,0,1,0,0,9,1568,1.1538461538461535,0.0769230769230769,0.1807394301382419,H,32436,0.648861,0.576053,0.727273,12.0,20.0,0.587069,0.535625,0.818182,11.0,19.0,0.06179200000000007,0.04042800000000002,-0.09090900000000002,1.0,1.0
1568,2024-09-14,J.League,アルビレックス新潟,清水エスパルス,1444,1459,-15,1475,1448,27,0,2,-2,0,0,19,16,-3,30,33,-3,14,15,20,20,-6,-5,-1,0.2857142857142857,0.3103448275862069,0.2666666666666666,0.1875,0.0791666666666666,0.5333333333333333,0.375,0.1583333333333333,0.7333333333333333,0.8125,-0.0791666666666667,0.3703703703703703,0.3831417624521073,-0.0127713920817369,1.89,1.9575,-0.0674999999999999,15,3,3,0.0127713920817369,0.0674999999999999,6.016054278416347,0,1,-1,0,0,0,0,1,-1,5,0,5,0,0,1,9,1568,0.9083333333333332,0.1583333333333333,0.1958395188747472,A,32435,0.663278,0.588399,0.909091,12.0,20.0,0.566104,0.497821,0.727273,10.0,20.0,0.09717399999999998,0.09057799999999999,0.18181800000000004,2.0,0.0
1568,2024-09-14,J.League,横浜F・マリノス,川崎フロンターレ,1499,1566,-67,1523,1540,-17,7,10,-3,2,3,15,6,-9,33,49,-16,13,21,15,13,-2,8,-10,0.4,0.5185185185185185,0.5454545454545454,0.5714285714285714,-0.0259740259740259,0.7272727272727273,0.7857142857142857,-0.0584415584415584,0.4545454545454545,0.4285714285714285,0.0259740259740259,0.3851851851851852,0.5761316872427983,-0.1909465020576131,2.2500000000000004,2.803846153846154,-0.5538461538461537,67,9,16,0.1909465020576131,0.5538461538461537,25.84895853118076,4,7,-3,1,2,-1,1,4,-3,0,0,0,0,0,1,9,1568,1.512987012987013,0.0584415584415584,0.1902111425734922,A,32434,0.597507,0.515872,0.727273,11.0,18.0,0.631549,0.572525,0.909091,12.0,20.0,-0.03404200000000002,-0.05665299999999995,-0.18181800000000004,-1.0,-2.0
1568,2024-09-14,J.League,ベガルタ仙台,水戸ホーリーホック,1527,1541,-14,1508,1532,-24,8,12,-4,2,4,26,30,4,21,19,2,9,7,6,3,3,4,-1,0.5,0.6666666666666666,0.5,0.8333333333333334,-0.3333333333333333,0.6666666666666666,0.8333333333333334,-0.1666666666666667,0.5,0.1666666666666666,0.3333333333333333,0.5555555555555555,0.5761316872427983,-0.0205761316872428,2.7,4.050000000000001,-1.3500000000000003,14,4,2,0.0205761316872428,1.3500000000000003,6.174115226337449,4,6,-2,1,2,-1,2,1,1,0,0,0,0,0,0,9,1568,1.5,0.1666666666666667,0.1676548855273779,D,,0.0,0.0,0.0,0.0,0.0,0.0,0.0,0.0,0.0,0.0,0.0,0.0,0.0,0.0,0.0
1568,2024-09-14,J.League,ブラウブリッツ秋田,愛媛FC,1461,1424,37,1468,1482,-14,7,3,4,2,1,32,45,13,18,5,13,8,3,12,10,-4,-7,3,0.2941176470588235,0.0909090909090909,0.2727272727272727,0.0,0.2727272727272727,0.3636363636363636,0.5,-0.1363636363636363,0.7272727272727273,1.0,-0.2727272727272727,0.3485838779956426,0.202020202020202,0.1465636759754406,1.9125,1.485,0.4275,37,13,13,0.1465636759754406,0.4275,16.314812735195087,4,0,4,1,0,1,1,0,1,0,4,-4,1,0,0,9,1568,0.8636363636363636,0.1363636363636363,0.1620567694890053,H,,0.0,0.0,0.0,0.0,0.0,0.0,0.0,0.0,0.0,0.0,0.0,0.0,0.0,0.0,0.0
1568,2024-09-14,J.League,山口,ジェフユナイテッド千葉,1434,1518,-84,1470,1520,-50,4,4,0,0,1,42,27,-15,8,20,-12,8,8,15,6,-7,2,-9,0.0,0.5,0.0,0.6,-0.6,0.5555555555555556,0.7,-0.1444444444444443,1.0,0.4,0.6,0.3950617283950617,0.4938271604938271,-0.0987654320987653,1.35,2.7,-1.35,84,15,12,0.0987654320987653,1.35,33.43975308641976,3,4,-1,0,1,-1,4,0,4,0,1,-1,0,0,0,9,1568,1.2555555555555555,0.1444444444444443,0.2194733189029625,H,,0.0,0.0,0.0,0.0,0.0,0.0,0.0,0.0,0.0,0.0,0.0,0.0,0.0,0.0,0.0
1568,2024-09-14,Cup/Other,藤枝MYFC,大分,1470,1500,-30,1491,1500,-9,6,0,6,1,0,40,0,-40,9,0,9,5,0,8,0,-3,0,-3,0.2,0.0,0.0,0.0,0.0,0.6666666666666666,0.0,0.6666666666666666,1.0,0.0,1.0,0.3703703703703703,0.0,0.3703703703703703,1.6875,0.0,1.6875,30,40,9,0.3703703703703703,1.6875,20.91157407407407,2,0,2,0,0,0,1,0,1,0,0,0,0,0,0,9,1568,0.6666666666666666,0.6666666666666666,0.2194657326205086,D,,0.0,0.0,0.0,0.0,0.0,0.0,0.0,0.0,0.0,0.0,0.0,0.0,0.0,0.0,0.0
1568,2024-09-14,J.League,モンテディオ山形,富山,1487,1462,25,1464,1484,-20,6,6,0,2,2,21,33,12,28,18,10,12,8,13,12,-1,-4,3,0.3809523809523809,0.2941176470588235,0.2307692307692307,0.3,-0.0692307692307692,0.3846153846153846,0.5,-0.1153846153846153,0.7692307692307693,0.7,0.0692307692307693,0.4232804232804232,0.3485838779956426,0.0746965452847805,2.180769230769231,1.9125,0.2682692307692309,25,12,10,0.0746965452847805,0.2682692307692309,11.818593155210802,6,0,6,2,0,2,1,0,1,0,3,-3,0,0,0,9,1568,0.8846153846153846,0.1153846153846153,0.1885645437196527,H,,0.0,0.0,0.0,0.0,0.0,0.0,0.0,0.0,0.0,0.0,0.0,0.0,0.0,0.0,0.0
1568,2024-09-14,J.League,ヴァンフォーレ甲府,サガン鳥栖,1503,1509,-6,1477,1498,-21,7,6,1,2,2,31,28,-3,19,20,-1,7,8,7,7,0,1,-1,0.4615384615384615,0.4615384615384615,0.2857142857142857,0.4444444444444444,-0.1587301587301587,0.2857142857142857,0.5555555555555556,-0.2698412698412699,0.7142857142857143,0.5555555555555556,0.1587301587301587,0.3988603988603988,0.4558404558404558,-0.056980056980057,2.5071428571428576,2.5071428571428576,0.0,6,3,1,0.056980056980057,0.0,2.861396011396011,1,3,-2,0,1,-1,0,0,0,2,1,1,0,0,0,9,1568,0.8412698412698413,0.2698412698412699,0.170449762623138,A,,0.0,0.0,0.0,0.0,0.0,0.0,0.0,0.0,0.0,0.0,0.0,0.0,0.0,0.0,0.0
1568,2024-09-14,J.League,大宮,V・ファーレン長崎,1535,1515,20,1491,1516,-25,12,7,5,4,2,34,25,-9,16,24,-8,6,12,3,10,3,2,1,0.625,0.375,0.0,0.4285714285714285,-0.4285714285714285,0.5,0.8571428571428571,-0.3571428571428571,1.0,0.5714285714285714,0.4285714285714286,0.5555555555555555,0.5555555555555555,0.0,3.6,2.16,1.44,20,9,8,0.0,1.44,9.538,6,1,5,2,0,2,2,0,2,0,2,-2,0,0,0,9,1568,1.3571428571428572,0.3571428571428571,0.1928978856462754,A,,0.0,0.0,0.0,0.0,0.0,0.0,0.0,0.0,0.0,0.0,0.0,0.0,0.0,0.0,0.0
1567,2024-09-10,Unknown,ｽｲｽ,ｽﾛﾍﾞﾆｱ,1500,1500,0,1500,1500,0,0,0,0,0,0,0,0,0,0,0,0,0,0,0,0,0,0,0,0.0,0.0,0.0,0.0,0.0,0.0,0.0,0.0,0.0,0.0,0.0,0.0,0.0,0.0,0.0,0.0,0.0,0,0,0,0.0,0.0,0.0,0,0,0,0,0,0,0,0,0,0,0,0,0,0,0,9,1567,0.0,0.0,0.0,H,,0.0,0.0,0.0,0.0,0.0,0.0,0.0,0.0,0.0,0.0,0.0,0.0,0.0,0.0,0.0
1567,2024-09-10,Unknown,ｷﾞﾘｼｬ,ﾃﾞﾝﾏｰｸ,1500,1500,0,1500,1500,0,0,0,0,0,0,0,0,0,0,0,0,0,0,0,0,0,0,0,0.0,0.0,0.0,0.0,0.0,0.0,0.0,0.0,0.0,0.0,0.0,0.0,0.0,0.0,0.0,0.0,0.0,0,0,0,0.0,0.0,0.0,0,0,0,0,0,0,0,0,0,0,0,0,0,0,0,9,1567,0.0,0.0,0.0,A,,0.0,0.0,0.0,0.0,0.0,0.0,0.0,0.0,0.0,0.0,0.0,0.0,0.0,0.0,0.0
1567,2024-09-10,Unknown,ｾﾙﾋﾞｱ,ｲﾝｸﾞﾗﾝ,1500,1500,0,1500,1500,0,0,0,0,0,0,0,0,0,0,0,0,0,0,0,0,0,0,0,0.0,0.0,0.0,0.0,0.0,0.0,0.0,0.0,0.0,0.0,0.0,0.0,0.0,0.0,0.0,0.0,0.0,0,0,0,0.0,0.0,0.0,0,0,0,0,0,0,0,0,0,0,0,0,0,0,0,9,1567,0.0,0.0,0.0,A,,0.0,0.0,0.0,0.0,0.0,0.0,0.0,0.0,0.0,0.0,0.0,0.0,0.0,0.0,0.0
1567,2024-09-10,Unknown,ﾎﾞｽﾆｱ,ｵｰｽﾄﾘｱ,1500,1500,0,1500,1500,0,0,0,0,0,0,0,0,0,0,0,0,0,0,0,0,0,0,0,0.0,0.0,0.0,0.0,0.0,0.0,0.0,0.0,0.0,0.0,0.0,0.0,0.0,0.0,0.0,0.0,0.0,0,0,0,0.0,0.0,0.0,0,0,0,0,0,0,0,0,0,0,0,0,0,0,0,9,1567,0.0,0.0,0.0,A,,0.0,0.0,0.0,0.0,0.0,0.0,0.0,0.0,0.0,0.0,0.0,0.0,0.0,0.0,0.0
1567,2024-09-10,Unknown,ﾊﾝｶﾞﾘｰ,ﾎﾟﾙﾄｶﾞ,1500,1500,0,1500,1500,0,0,0,0,0,0,0,0,0,0,0,0,0,0,0,0,0,0,0,0.0,0.0,0.0,0.0,0.0,0.0,0.0,0.0,0.0,0.0,0.0,0.0,0.0,0.0,0.0,0.0,0.0,0,0,0,0.0,0.0,0.0,0,0,0,0,0,0,0,0,0,0,0,0,0,0,0,9,1567,0.0,0.0,0.0,A,,0.0,0.0,0.0,0.0,0.0,0.0,0.0,0.0,0.0,0.0,0.0,0.0,0.0,0.0,0.0
1567,2024-09-10,Unknown,ｴｸｱﾄﾞﾙ,ｱﾙｾﾞﾝﾁ,1500,1500,0,1500,1500,0,0,0,0,0,0,0,0,0,0,0,0,0,0,0,0,0,0,0,0.0,0.0,0.0,0.0,0.0,0.0,0.0,0.0,0.0,0.0,0.0,0.0,0.0,0.0,0.0,0.0,0.0,0,0,0,0.0,0.0,0.0,0,0,0,0,0,0,0,0,0,0,0,0,0,0,0,9,1567,0.0,0.0,0.0,H,,0.0,0.0,0.0,0.0,0.0,0.0,0.0,0.0,0.0,0.0,0.0,0.0,0.0,0.0,0.0
1567,2024-09-10,Unknown,ﾍﾟﾙｰ,ﾊﾟﾗｸﾞｱ,1500,1500,0,1500,1500,0,0,0,0,0,0,0,0,0,0,0,0,0,0,0,0,0,0,0,0.0,0.0,0.0,0.0,0.0,0.0,0.0,0.0,0.0,0.0,0.0,0.0,0.0,0.0,0.0,0.0,0.0,0,0,0,0.0,0.0,0.0,0,0,0,0,0,0,0,0,0,0,0,0,0,0,0,9,1567,0.0,0.0,0.0,A,,0.0,0.0,0.0,0.0,0.0,0.0,0.0,0.0,0.0,0.0,0.0,0.0,0.0,0.0,0.0
1567,2024-09-10,Unknown,ﾎﾞﾘﾋﾞｱ,ﾌﾞﾗｼﾞﾙ,1500,1500,0,1500,1500,0,0,0,0,0,0,0,0,0,0,0,0,0,0,0,0,0,0,0,0.0,0.0,0.0,0.0,0.0,0.0,0.0,0.0,0.0,0.0,0.0,0.0,0.0,0.0,0.0,0.0,0.0,0,0,0,0.0,0.0,0.0,0,0,0,0,0,0,0,0,0,0,0,0,0,0,0,9,1567,0.0,0.0,0.0,H,,0.0,0.0,0.0,0.0,0.0,0.0,0.0,0.0,0.0,0.0,0.0,0.0,0.0,0.0,0.0
1567,2024-09-10,Unknown,ﾁﾘ,ｳﾙｸﾞｱｲ,1500,1500,0,1500,1500,0,0,0,0,0,0,0,0,0,0,0,0,0,0,0,0,0,0,0,0.0,0.0,0.0,0.0,0.0,0.0,0.0,0.0,0.0,0.0,0.0,0.0,0.0,0.0,0.0,0.0,0.0,0,0,0,0.0,0.0,0.0,0,0,0,0,0,0,0,0,0,0,0,0,0,0,0,9,1567,0.0,0.0,0.0,D,,0.0,0.0,0.0,0.0,0.0,0.0,0.0,0.0,0.0,0.0,0.0,0.0,0.0,0.0,0.0
1567,2024-09-10,Unknown,ﾍﾞﾈｽﾞｴ,ｺﾛﾝﾋﾞｱ,1500,1500,0,1500,1500,0,0,0,0,0,0,0,0,0,0,0,0,0,0,0,0,0,0,0,0.0,0.0,0.0,0.0,0.0,0.0,0.0,0.0,0.0,0.0,0.0,0.0,0.0,0.0,0.0,0.0,0.0,0,0,0,0.0,0.0,0.0,0,0,0,0,0,0,0,0,0,0,0,0,0,0,0,9,1567,0.0,0.0,0.0,A,,0.0,0.0,0.0,0.0,0.0,0.0,0.0,0.0,0.0,0.0,0.0,0.0,0.0,0.0,0.0
1567,2024-09-10,Unknown,ｸﾛｱﾁｱ,ﾓﾝﾃﾈｸﾞ,1500,1500,0,1500,1500,0,0,0,0,0,0,0,0,0,0,0,0,0,0,0,0,0,0,0,0.0,0.0,0.0,0.0,0.0,0.0,0.0,0.0,0.0,0.0,0.0,0.0,0.0,0.0,0.0,0.0,0.0,0,0,0,0.0,0.0,0.0,0,0,0,0,0,0,0,0,0,0,0,0,0,0,0,9,1567,0.0,0.0,0.0,H,,0.0,0.0,0.0,0.0,0.0,0.0,0.0,0.0,0.0,0.0,0.0,0.0,0.0,0.0,0.0
1567,2024-09-10,Unknown,ﾌﾗﾝｽ,ｱｲｽﾗﾝ,1500,1500,0,1500,1500,0,0,0,0,0,0,0,0,0,0,0,0,0,0,0,0,0,0,0,0.0,0.0,0.0,0.0,0.0,0.0,0.0,0.0,0.0,0.0,0.0,0.0,0.0,0.0,0.0,0.0,0.0,0,0,0,0.0,0.0,0.0,0,0,0,0,0,0,0,0,0,0,0,0,0,0,0,9,1567,0.0,0.0,0.0,H,,0.0,0.0,0.0,0.0,0.0,0.0,0.0,0.0,0.0,0.0,0.0,0.0,0.0,0.0,0.0
1567,2024-09-10,Unknown,ｺｿﾎﾞ,ｽｳｪﾃﾞﾝ,1500,1500,0,1500,1500,0,0,0,0,0,0,0,0,0,0,0,0,0,0,0,0,0,0,0,0.0,0.0,0.0,0.0,0.0,0.0,0.0,0.0,0.0,0.0,0.0,0.0,0.0,0.0,0.0,0.0,0.0,0,0,0,0.0,0.0,0.0,0,0,0,0,0,0,0,0,0,0,0,0,0,0,0,9,1567,0.0,0.0,0.0,H,,0.0,0.0,0.0,0.0,0.0,0.0,0.0,0.0,0.0,0.0,0.0,0.0,0.0,0.0,0.0
1566,2024-09-07,J.League,サンフレッチェ広島,湘南ベルマーレ,1572,1430,142,1526,1459,67,11,1,10,3,0,4,20,16,52,30,22,20,14,12,21,8,-7,15,0.5714285714285714,0.2758620689655172,0.5625,0.2666666666666666,0.2958333333333333,0.6875,0.4,0.2875,0.4375,0.7333333333333333,-0.2958333333333333,0.5291005291005291,0.3575989782886334,0.1715015508118956,3.1500000000000004,1.8642857142857143,1.285714285714286,142,16,22,0.1715015508118956,1.285714285714286,53.99144316730524,7,1,6,2,0,2,5,0,5,0,2,-2,0,0,0,9,1566,1.0875,0.2875,0.1768311330464674,H,32530,0.583493,0.500842,1.0,9.0,20.0,0.531674,0.450653,0.818182,7.0,20.0,0.05181900000000006,0.050188999999999984,0.18181800000000004,2.0,0.0
1566,2024-09-07,J.League,柏レイソル,横浜F・マリノス,1577,1483,94,1533,1458,75,9,7,2,3,2,3,18,15,52,30,22,20,12,10,15,10,-3,13,0.6153846153846154,0.375,0.5384615384615384,0.2307692307692307,0.3076923076923076,0.7692307692307693,0.3076923076923077,0.4615384615384615,0.4615384615384615,0.7692307692307693,-0.3076923076923077,0.5698005698005698,0.3703703703703703,0.1994301994301994,3.51,2.16,1.35,94,15,22,0.1994301994301994,1.35,36.95988603988605,6,4,2,2,1,1,1,0,1,0,1,-1,0,0,0,9,1566,1.076923076923077,0.4615384615384615,0.1658120562549055,A,32474,0.533514,0.496361,1.0,11.0,19.0,0.64265,0.560956,0.818182,12.0,20.0,-0.10913600000000001,-0.06459500000000001,0.18181800000000004,-1.0,-1.0
1566,2024-09-07,J.League,ヴィッセル神戸,横浜FC,1527,1476,51,1500,1478,22,7,9,-2,2,3,10,12,2,39,37,2,15,15,13,19,2,-4,6,0.48,0.3666666666666666,0.4545454545454545,0.3076923076923077,0.1468531468531468,0.5454545454545454,0.4615384615384615,0.0839160839160838,0.5454545454545454,0.6923076923076923,-0.1468531468531468,0.4444444444444444,0.3703703703703703,0.074074074074074,2.5961538461538463,2.131578947368421,0.464574898785425,51,2,2,0.074074074074074,0.464574898785425,18.4577297945719,4,6,-2,1,2,-1,2,1,1,0,0,0,1,0,1,9,1566,1.006993006993007,0.0839160839160838,0.1723442537839355,H,32408,0.695951,0.64075,0.727273,13.0,20.0,0.534931,0.466539,0.636364,10.0,20.0,0.16101999999999994,0.17421100000000006,0.0909089999999999,3.0,0.0
1566,2024-09-07,J.League,川崎フロンターレ,浦和レッズ,1568,1545,23,1523,1483,40,9,9,0,3,3,6,8,2,48,41,7,20,15,12,10,8,5,3,0.5384615384615384,0.5652173913043478,0.5,0.3333333333333333,0.1666666666666666,0.75,0.5,0.25,0.5,0.6666666666666666,-0.1666666666666666,0.5698005698005698,0.4830917874396135,0.0867087823609563,2.925,3.1050000000000004,-0.1800000000000006,23,2,7,0.0867087823609563,0.1800000000000006,8.60334175647219,9,6,3,3,2,1,3,2,1,0,0,0,1,0,0,9,1566,1.25,0.25,0.1746061188438306,D,32279,0.611618,0.544189,0.818182,11.0,20.0,0.560715,0.500808,0.636364,10.0,20.0,0.05090300000000003,0.043381,0.18181799999999992,1.0,0.0
1566,2024-09-07,J.League,金沢,FC大阪,1477,1497,-20,1491,1500,-9,0,4,-4,0,1,57,48,-9,0,4,-4,0,2,2,2,-2,0,-2,0.0,0.3333333333333333,0.0,0.0,0.0,0.0,0.0,0.0,1.0,0.0,1.0,0.0,0.4938271604938271,-0.4938271604938271,1.35,2.0250000000000004,-0.6750000000000003,20,9,4,0.4938271604938271,0.6750000000000003,9.483765432098766,0,4,-4,0,1,-1,0,1,-1,2,0,2,0,0,1,9,1566,0.0,0.0,0.1463148234108106,H,,0.0,0.0,0.0,0.0,0.0,0.0,0.0,0.0,0.0,0.0,0.0,0.0,0.0,0.0,0.0
1566,2024-09-07,J.League,栃木シティ,松本,1512,1488,24,1500,1491,9,6,1,5,2,0,42,53,11,6,1,5,2,1,1,2,1,-1,2,0.6666666666666666,0.0,0.5,0.0,0.5,0.5,0.0,0.5,0.5,1.0,-0.5,0.4938271604938271,0.3703703703703703,0.1234567901234567,4.050000000000001,1.35,2.7000000000000006,24,11,5,0.1234567901234567,2.7000000000000006,11.714691358024693,6,1,5,2,0,2,2,0,2,0,1,-1,0,0,0,9,1566,0.5,0.5,0.1600336162041809,H,,0.0,0.0,0.0,0.0,0.0,0.0,0.0,0.0,0.0,0.0,0.0,0.0,0.0,0.0,0.0
1566,2024-09-07,J.League,奈良,讃岐,1487,1473,14,1491,1500,-9,0,3,-3,0,1,55,49,-6,0,3,-3,0,1,1,3,-1,-2,1,0.0,0.25,0.0,0.0,0.0,0.0,0.0,0.0,1.0,0.0,1.0,0.0,0.1851851851851851,-0.1851851851851851,1.35,1.8,-0.4499999999999999,14,6,3,0.1851851851851851,0.4499999999999999,6.5270370370370365,0,3,-3,0,1,-1,0,0,0,1,1,0,0,0,0,9,1566,0.0,0.0,0.0587870814212835,H,,0.0,0.0,0.0,0.0,0.0,0.0,0.0,0.0,0.0,0.0,0.0,0.0,0.0,0.0,0.0
1566,2024-09-07,J.League,八戸,沼津,1522,1477,45,1518,1491,27,6,0,6,2,0,40,58,18,6,0,6,2,0,0,2,2,-2,4,1.0,0.0,1.0,0.0,1.0,1.0,0.0,1.0,0.0,1.0,-1.0,0.7407407407407407,0.0,0.7407407407407407,2.0,1.35,0.6499999999999999,45,18,6,0.7407407407407407,0.6499999999999999,20.528148148148148,6,0,6,2,0,2,2,0,2,0,2,-2,0,0,0,9,1566,1.0,1.0,0.2211100387274232,H,,0.0,0.0,0.0,0.0,0.0,0.0,0.0,0.0,0.0,0.0,0.0,0.0,0.0,0.0,0.0
1566,2024-09-07,J.League,鳥取,福島,1498,1488,10,1510,1500,10,6,5,1,2,1,43,44,1,6,5,1,2,3,2,4,0,-1,1,0.5,0.2,0.6666666666666666,0.5,0.1666666666666666,0.6666666666666666,0.5,0.1666666666666666,0.3333333333333333,0.5,-0.1666666666666666,0.3703703703703703,0.4444444444444444,-0.074074074074074,2.7,1.6875,1.0125000000000002,10,1,1,0.074074074074074,1.0125000000000002,3.967314814814815,6,4,2,2,1,1,0,0,0,1,1,0,0,0,0,9,1566,1.1666666666666663,0.1666666666666666,0.1857085456319661,A,,0.0,0.0,0.0,0.0,0.0,0.0,0.0,0.0,0.0,0.0,0.0,0.0,0.0,0.0,0.0
1566,2024-09-07,J.League,相模原,長野,1512,1509,3,1509,1500,9,7,4,3,2,1,39,46,7,7,4,3,3,2,2,1,1,1,0,0.5,0.5,0.6666666666666666,0.0,0.6666666666666666,0.6666666666666666,0.0,0.6666666666666666,0.3333333333333333,0.0,0.3333333333333333,0.5555555555555555,0.7407407407407407,-0.1851851851851852,2.7,2.7,0.0,3,7,3,0.1851851851851852,0.0,2.837037037037037,4,4,0,1,1,0,2,2,0,0,0,0,0,0,0,9,1566,0.6666666666666666,0.6666666666666666,0.2400504243062714,H,,0.0,0.0,0.0,0.0,0.0,0.0,0.0,0.0,0.0,0.0,0.0,0.0,0.0,0.0,0.0
1566,2024-09-07,J.League,鹿児島,高知,1488,1511,-23,1491,1509,-18,0,6,-6,0,2,54,41,-13,0,6,-6,0,2,1,1,-1,1,-2,0.0,0.6666666666666666,0.0,1.0,-1.0,0.0,1.0,-1.0,1.0,0.0,1.0,0.0,0.4938271604938271,-0.4938271604938271,1.35,4.050000000000001,-2.7000000000000006,23,13,6,0.4938271604938271,2.7000000000000006,11.938765432098766,0,6,-6,0,2,-2,0,2,-2,1,0,1,0,0,0,9,1566,1.0,1.0,0.0914477806881033,H,,0.0,0.0,0.0,0.0,0.0,0.0,0.0,0.0,0.0,0.0,0.0,0.0,0.0,0.0,0.0
1566,2024-09-07,J.League,FC琉球,群馬,1489,1500,-11,1491,1500,-9,1,1,0,0,0,52,51,-1,1,1,0,1,1,2,1,-1,0,-1,0.0,0.0,0.0,0.0,0.0,0.0,0.0,0.0,1.0,0.0,1.0,0.3703703703703703,0.7407407407407407,-0.3703703703703703,1.35,1.35,0.0,11,1,0,0.3703703703703703,0.0,4.174074074074074,1,1,0,0,0,0,1,1,0,0,0,0,0,0,0,9,1566,0.0,0.0,0.4115073927303103,H,,0.0,0.0,0.0,0.0,0.0,0.0,0.0,0.0,0.0,0.0,0.0,0.0,0.0,0.0,0.0
1566,2024-09-07,J.League,北九州,岐阜,1509,1476,33,1509,1491,18,4,0,4,1,0,47,56,9,4,0,4,2,0,1,2,1,-2,3,0.5,0.0,1.0,0.0,1.0,1.0,0.0,1.0,0.0,1.0,-1.0,0.7407407407407407,0.0,0.7407407407407407,2.7,1.35,1.35,33,9,4,0.7407407407407407,1.35,14.218148148148147,4,0,4,1,0,1,2,0,2,0,2,-2,0,0,0,9,1566,1.0,1.0,0.1828944324191354,A,,0.0,0.0,0.0,0.0,0.0,0.0,0.0,0.0,0.0,0.0,0.0,0.0,0.0,0.0,0.0
1565,2024-09-03,Cup/Other,横浜F・マリノス,1,1483,1500,-17,1523,1500,23,7,0,7,2,0,18,0,-18,30,0,30,12,0,15,0,-3,0,-3,0.375,0.0,0.5454545454545454,0.0,0.5454545454545454,0.7272727272727273,0.0,0.7272727272727273,0.4545454545454545,0.0,0.4545454545454545,0.3703703703703703,0.0,0.3703703703703703,2.16,0.0,2.16,17,18,30,0.3703703703703703,2.16,10.956074074074074,4,0,4,1,0,1,0,0,0,1,0,1,0,0,0,9,1565,0.7272727272727273,0.7272727272727273,0.1714598261054443,H,,0.0,0.0,0.0,0.0,0.0,0.0,0.0,0.0,0.0,0.0,0.0,0.0,0.0,0.0,0.0
1565,2024-09-03,Cup/Other,横浜FC,2,1476,1500,-24,1495,1500,-5,9,0,9,3,0,12,0,-12,37,0,37,15,0,19,0,-4,0,-4,0.3666666666666666,0.0,0.4117647058823529,0.0,0.4117647058823529,0.5294117647058824,0.0,0.5294117647058824,0.5882352941176471,0.0,0.5882352941176471,0.3703703703703703,0.0,0.3703703703703703,2.131578947368421,0.0,2.131578947368421,24,12,37,0.3703703703703703,2.131578947368421,11.900389863547757,6,0,6,2,0,2,1,0,1,0,0,0,0,0,0,9,1565,0.5294117647058824,0.5294117647058824,0.173745849874624,A,,0.0,0.0,0.0,0.0,0.0,0.0,0.0,0.0,0.0,0.0,0.0,0.0,0.0,0.0,0.0
1565,2024-09-03,Cup/Other,浦和レッズ,1,1545,1500,45,1555,1500,55,9,0,9,3,0,8,0,-8,41,0,41,15,0,10,0,5,0,5,0.5652173913043478,0.0,0.8181818181818182,0.0,0.8181818181818182,0.8181818181818182,0.0,0.8181818181818182,0.1818181818181818,0.0,0.1818181818181818,0.4830917874396135,0.0,0.4830917874396135,3.1050000000000004,0.0,3.1050000000000004,45,8,41,0.4830917874396135,3.1050000000000004,18.46761835748792,6,0,6,2,0,2,2,0,2,0,0,0,0,0,0,9,1565,0.8181818181818182,0.8181818181818182,0.1555801060962975,H,,0.0,0.0,0.0,0.0,0.0,0.0,0.0,0.0,0.0,0.0,0.0,0.0,0.0,0.0,0.0
1564,2024-08-31,J.League,横浜FC,東京ヴェルディ,1463,1496,-33,1487,1479,8,7,6,1,2,2,13,8,-5,34,40,-6,14,16,19,18,-5,-2,-3,0.3448275862068966,0.4,0.375,0.2666666666666666,0.1083333333333333,0.5,0.5333333333333333,-0.0333333333333333,0.625,0.7333333333333333,-0.1083333333333332,0.3575989782886334,0.3950617283950617,-0.0374627501064282,2.060526315789474,2.2500000000000004,-0.1894736842105264,33,5,6,0.0374627501064282,0.1894736842105264,12.84538728686339,6,3,3,2,1,1,0,0,0,1,2,-1,0,0,1,8,1564,1.0333333333333332,0.0333333333333333,0.1746058812675922,H,32421,0.660898,0.57438,0.818182,10.0,20.0,0.571903,0.516981,0.818182,11.0,20.0,0.08899499999999994,0.05739899999999998,0.0,-1.0,0.0
1564,2024-08-31,J.League,名古屋グランパス,FC東京,1471,1470,1,1520,1459,61,3,7,-4,1,2,14,15,1,33,33,0,15,13,19,17,-4,-4,0,0.3214285714285714,0.3703703703703703,0.5384615384615384,0.2307692307692307,0.3076923076923076,0.6923076923076923,0.3846153846153846,0.3076923076923076,0.4615384615384615,0.7692307692307693,-0.3076923076923077,0.3968253968253968,0.3566529492455418,0.040172447579855,1.9894736842105265,2.1441176470588235,-0.1546439628482971,1,1,0,0.040172447579855,0.1546439628482971,0.6389632820856304,0,1,-1,0,0,0,0,0,0,4,1,3,0,0,1,8,1564,1.0769230769230769,0.3076923076923076,0.1822773607625814,A,32429,0.502769,0.439631,0.636364,9.0,19.0,0.591243,0.489272,0.545455,9.0,20.0,-0.08847399999999994,-0.04964099999999999,0.09090900000000002,0.0,-1.0
1564,2024-08-31,J.League,セレッソ大阪,サンフレッチェ広島,1513,1573,-60,1524,1538,-14,7,13,-6,2,4,10,3,-7,37,51,-14,15,19,14,11,1,8,-7,0.44,0.5925925925925926,0.5,0.6363636363636364,-0.1363636363636363,0.75,0.7272727272727273,0.0227272727272727,0.5,0.3636363636363636,0.1363636363636363,0.4444444444444444,0.5212620027434842,-0.0768175582990398,2.4107142857142856,3.313636363636364,-0.9029220779220783,60,7,14,0.0768175582990398,0.9029220779220783,22.945947927244223,1,7,-6,0,2,-2,1,5,-4,0,0,0,0,0,1,8,1564,1.4772727272727273,0.0227272727272727,0.168698536565683,D,32430,0.591966,0.523012,0.818182,12.0,19.0,0.595725,0.527616,0.636364,12.0,20.0,-0.003758999999999957,-0.0046039999999999415,0.18181799999999992,0.0,-1.0
1564,2024-08-31,J.League,浦和レッズ,アルビレックス新潟,1536,1453,83,1548,1485,63,9,0,9,3,0,9,19,10,38,30,8,14,14,10,19,4,-5,9,0.5454545454545454,0.2962962962962963,0.8,0.3333333333333333,0.4666666666666667,0.8,0.5,0.3,0.2,0.6666666666666666,-0.4666666666666666,0.4713804713804713,0.3840877914951988,0.0872926798852725,2.97,1.918421052631579,1.0515789473684212,83,10,8,0.0872926798852725,1.0515789473684212,31.777774325450736,6,0,6,2,0,2,1,0,1,0,5,-5,0,1,0,8,1564,1.3,0.3,0.1749953111923607,H,32425,0.604375,0.550344,0.727273,11.0,20.0,0.65619,0.581382,0.818182,12.0,20.0,-0.051815000000000055,-0.0310379999999999,-0.09090900000000002,-1.0,0.0
1564,2024-08-31,J.League,川崎フロンターレ,町田,1556,1580,-24,1514,1550,-36,7,10,-3,2,3,6,2,-4,45,54,-9,19,22,12,13,7,9,-2,0.52,0.5517241379310345,0.4545454545454545,0.5625,-0.1079545454545454,0.7272727272727273,0.875,-0.1477272727272727,0.5454545454545454,0.4375,0.1079545454545454,0.5629629629629629,0.5619412515964239,0.0010217113665389,2.8125000000000004,3.011538461538461,-0.199038461538461,24,4,9,0.0010217113665389,0.199038461538461,9.440012034581,6,7,-1,2,2,0,2,3,-1,0,0,0,0,1,0,8,1564,1.6022727272727273,0.1477272727272727,0.1931451702235527,H,32427,0.594604,0.563497,0.818182,12.0,20.0,0.511465,0.444556,0.454545,8.0,19.0,0.08313900000000007,0.11894100000000002,0.363637,4.0,1.0
1564,2024-08-31,J.League,京都サンガF.C.,ファジアーノ岡山,1560,1487,73,1509,1481,28,13,9,4,4,3,5,16,11,48,32,16,18,14,13,17,5,-3,8,0.5357142857142857,0.3461538461538461,0.4615384615384615,0.2727272727272727,0.1888111888111888,0.6153846153846154,0.4545454545454545,0.1608391608391609,0.5384615384615384,0.7272727272727273,-0.1888111888111888,0.4761904761904762,0.3988603988603988,0.0773300773300774,2.907692307692308,2.0647058823529414,0.8429864253393662,73,11,16,0.0773300773300774,0.8429864253393662,28.484063300533883,9,9,0,3,3,0,5,3,2,0,0,0,0,0,1,8,1564,1.06993006993007,0.1608391608391609,0.1759781183636614,H,32422,0.578181,0.515493,0.909091,10.0,20.0,0.627611,0.544479,0.818182,9.0,20.0,-0.049430000000000085,-0.028986000000000067,0.09090900000000002,1.0,0.0
1564,2024-08-31,J.League,ヴィッセル神戸,横浜F・マリノス,1517,1493,24,1492,1466,26,5,10,-5,1,3,11,18,7,36,30,6,14,12,13,14,1,-2,3,0.4583333333333333,0.391304347826087,0.4,0.25,0.15,0.5,0.3333333333333333,0.1666666666666666,0.6,0.75,-0.15,0.4320987654320987,0.3864734299516907,0.0456253354804079,2.492307692307693,2.217857142857143,0.2744505494505498,24,7,6,0.0456253354804079,0.2744505494505498,10.214015176986187,1,4,-3,0,1,-1,1,2,-1,0,0,0,1,0,0,8,1564,0.8333333333333333,0.1666666666666666,0.173784749696594,H,32423,0.576549,0.501714,0.727273,10.0,19.0,0.614819,0.544439,0.909091,12.0,20.0,-0.038270000000000026,-0.04272500000000001,-0.18181800000000004,-2.0,-1.0
1564,2024-08-31,J.League,清水エスパルス,鹿島アントラーズ,1456,1596,-140,1515,1524,-9,4,13,-9,1,4,17,1,-16,32,63,-31,14,23,19,11,-5,12,-17,0.3214285714285714,0.6451612903225806,0.5,0.6,-0.0999999999999999,0.6666666666666666,0.6,0.0666666666666666,0.5,0.4,0.0999999999999999,0.3703703703703703,0.5495818399044206,-0.1792114695340502,1.9894736842105265,3.804545454545455,-1.8150717703349284,140,16,31,0.1792114695340502,1.8150717703349284,53.398856647973794,1,9,-8,0,3,-3,0,5,-5,2,0,2,0,0,1,8,1564,1.2666666666666666,0.0666666666666666,0.1587734370391818,D,32424,0.531593,0.443248,0.636364,10.0,20.0,0.655236,0.575625,0.636364,13.0,20.0,-0.12364300000000006,-0.13237700000000008,0.0,-3.0,0.0
1564,2024-08-31,J.League,柏レイソル,アビスパ福岡,1569,1484,85,1525,1495,30,9,8,1,3,2,4,12,8,49,35,14,19,17,10,20,9,-3,12,0.6,0.3103448275862069,0.5,0.4,0.0999999999999999,0.75,0.5333333333333333,0.2166666666666666,0.5,0.6,-0.0999999999999999,0.5629629629629629,0.4342273307790548,0.128735632183908,3.375,1.9575,1.4175,85,8,14,0.128735632183908,1.4175,32.05924712643677,3,6,-3,1,2,-1,0,1,-1,1,0,1,1,0,0,8,1564,1.2833333333333332,0.2166666666666666,0.1869988924243367,H,32426,0.648625,0.591086,0.727273,11.0,19.0,0.62791,0.546786,0.909091,11.0,20.0,0.02071500000000004,0.044300000000000006,-0.18181800000000004,0.0,-1.0
1564,2024-08-31,J.League,湘南ベルマーレ,ガンバ大阪,1440,1507,-67,1486,1491,-5,1,7,-6,0,2,20,7,-13,30,42,-12,14,18,20,17,-6,1,-7,0.2857142857142857,0.4137931034482758,0.3076923076923077,0.3125,-0.0048076923076922,0.6153846153846154,0.625,-0.0096153846153845,0.6923076923076923,0.6875,0.0048076923076922,0.3703703703703703,0.4597701149425287,-0.0893997445721583,1.89,2.3029411764705885,-0.4129411764705883,67,13,12,0.0893997445721583,0.4129411764705883,26.800468184208547,1,3,-2,0,1,-1,0,1,-1,1,0,1,0,0,1,8,1564,1.2403846153846154,0.0096153846153845,0.1979805230559777,A,32428,0.537958,0.463481,0.727273,11.0,20.0,0.641632,0.576239,0.636364,13.0,20.0,-0.10367399999999993,-0.11275799999999997,0.0909089999999999,-2.0,0.0
1564,2024-08-31,J.League,徳島ヴォルティス,ブラウブリッツ秋田,1529,1458,71,1517,1501,16,10,7,3,3,2,24,33,9,24,17,7,10,7,7,11,3,-4,7,0.5,0.3125,0.5714285714285714,0.4,0.1714285714285713,0.7142857142857143,0.6,0.1142857142857143,0.4285714285714285,0.6,-0.1714285714285714,0.5291005291005291,0.324074074074074,0.205026455026455,2.7,1.963636363636364,0.7363636363636363,71,9,7,0.205026455026455,0.7363636363636363,27.288278018278017,9,6,3,3,2,1,3,0,3,0,1,-1,1,0,0,8,1564,1.3142857142857145,0.1142857142857143,0.1829380000608297,D,,0.0,0.0,0.0,0.0,0.0,0.0,0.0,0.0,0.0,0.0,0.0,0.0,0.0,0.0,0.0
1564,2024-08-31,J.League,モンテディオ山形,サガン鳥栖,1474,1522,-48,1453,1508,-55,6,9,-3,2,3,22,27,5,25,20,5,11,8,13,6,-2,2,-4,0.35,0.5,0.1666666666666666,0.5,-0.3333333333333333,0.3333333333333333,0.625,-0.2916666666666667,0.8333333333333334,0.5,0.3333333333333333,0.4074074074074074,0.4938271604938271,-0.0864197530864196,2.076923076923077,2.7,-0.6230769230769231,48,5,5,0.0864197530864196,0.6230769230769231,18.191899335232662,3,3,0,1,1,0,0,1,-1,1,0,1,0,0,0,8,1564,0.9583333333333331,0.2916666666666667,0.1886602918572726,H,,0.0,0.0,0.0,0.0,0.0,0.0,0.0,0.0,0.0,0.0,0.0,0.0,0.0,0.0,0.0
1564,2024-08-31,J.League,富山,熊本,1477,1439,38,1493,1466,27,9,0,9,3,0,32,36,4,18,11,7,8,5,11,11,-3,-6,3,0.3125,0.2142857142857142,0.3333333333333333,0.1428571428571428,0.1904761904761904,0.5,0.2857142857142857,0.2142857142857143,0.6666666666666666,0.8571428571428571,-0.1904761904761904,0.3703703703703703,0.2645502645502645,0.1058201058201058,1.963636363636364,1.7181818181818185,0.2454545454545456,38,4,7,0.1058201058201058,0.2454545454545456,14.370254930254928,3,0,3,1,0,1,0,0,0,2,5,-3,0,0,0,8,1564,0.7857142857142857,0.2142857142857143,0.1724428962207689,A,,0.0,0.0,0.0,0.0,0.0,0.0,0.0,0.0,0.0,0.0,0.0,0.0,0.0,0.0,0.0
1563,2024-08-27,Cup/Other,町田,3,1579,1500,79,1520,1500,20,10,0,10,3,0,2,0,-2,54,0,54,22,0,13,0,9,0,9,0.5517241379310345,0.0,0.5384615384615384,0.0,0.5384615384615384,0.6153846153846154,0.0,0.6153846153846154,0.4615384615384615,0.0,0.4615384615384615,0.5619412515964239,0.0,0.5619412515964239,3.011538461538461,0.0,3.011538461538461,79,2,54,0.5619412515964239,3.011538461538461,28.864695942626977,7,0,7,2,0,2,3,0,3,0,0,0,0,0,0,8,1563,0.6153846153846154,0.6153846153846154,0.186589877494579,H,,0.0,0.0,0.0,0.0,0.0,0.0,0.0,0.0,0.0,0.0,0.0,0.0,0.0,0.0,0.0
1563,2024-08-27,Cup/Other,名古屋グランパス,2,1476,1500,-24,1521,1500,21,3,0,3,1,0,12,0,-12,36,0,36,16,0,19,0,-3,0,-3,0.3448275862068966,0.0,0.5384615384615384,0.0,0.5384615384615384,0.6923076923076923,0.0,0.6923076923076923,0.4615384615384615,0.0,0.4615384615384615,0.408684546615581,0.0,0.408684546615581,2.060526315789474,0.0,2.060526315789474,24,12,36,0.408684546615581,2.060526315789474,11.893842172481008,0,0,0,0,0,0,0,0,0,4,0,4,0,0,0,8,1563,0.6923076923076923,0.6923076923076923,0.1983302569146334,A,,0.0,0.0,0.0,0.0,0.0,0.0,0.0,0.0,0.0,0.0,0.0,0.0,0.0,0.0,0.0
1563,2024-08-27,Cup/Other,FC東京,2,1474,1500,-26,1513,1500,13,7,0,7,2,0,13,0,-13,36,0,36,14,0,17,0,-3,0,-3,0.3928571428571428,0.0,0.5333333333333333,0.0,0.5333333333333333,0.6,0.0,0.6,0.4666666666666667,0.0,0.4666666666666667,0.3703703703703703,0.0,0.3703703703703703,2.2235294117647064,0.0,2.2235294117647064,26,13,36,0.3703703703703703,2.2235294117647064,12.868779956427016,1,0,1,0,0,0,0,0,0,1,0,1,0,0,0,8,1563,0.6,0.6,0.1665611942398435,A,,0.0,0.0,0.0,0.0,0.0,0.0,0.0,0.0,0.0,0.0,0.0,0.0,0.0,0.0,0.0
1562,2024-08-24,J.League,アビスパ福岡,清水エスパルス,1473,1466,7,1477,1456,21,6,7,-1,1,2,15,16,1,32,32,0,16,14,20,18,-4,-4,0,0.2857142857142857,0.3333333333333333,0.1538461538461538,0.2,-0.0461538461538461,0.6153846153846154,0.4,0.2153846153846154,0.8461538461538461,0.8,0.0461538461538461,0.4232804232804232,0.3840877914951988,0.0391926317852243,1.89,2.0250000000000004,-0.1350000000000002,7,1,0,0.0391926317852243,0.1350000000000002,2.734838526357045,4,1,3,1,0,1,0,0,0,1,1,0,0,0,1,8,1562,1.015384615384615,0.2153846153846154,0.2062190530958652,H,32412,0.603222,0.507669,0.727273,11.0,20.0,0.658556,0.566858,0.818182,13.0,19.0,-0.055333999999999994,-0.059188999999999936,-0.09090900000000002,-2.0,1.0
1562,2024-08-24,J.League,名古屋グランパス,川崎フロンターレ,1487,1546,-59,1530,1531,-1,4,7,-3,1,2,12,7,-5,36,42,-6,16,18,18,12,-2,6,-8,0.3571428571428571,0.5,0.5833333333333334,0.5384615384615384,0.0448717948717949,0.75,0.7692307692307693,-0.0192307692307692,0.4166666666666667,0.4615384615384615,-0.0448717948717948,0.4232804232804232,0.5555555555555555,-0.1322751322751322,2.1,2.7,-0.6000000000000001,59,5,6,0.1322751322751322,0.6000000000000001,22.046455026455025,0,3,-3,0,1,-1,0,1,-1,3,0,3,0,0,1,8,1562,1.5192307692307692,0.0192307692307692,0.2039199139259554,A,32415,0.628799,0.573264,0.727273,12.0,19.0,0.478058,0.418736,0.727273,9.0,18.0,0.150741,0.154528,0.0,3.0,1.0
1562,2024-08-24,J.League,ファジアーノ岡山,湘南ベルマーレ,1477,1446,31,1493,1462,31,6,1,5,2,0,20,18,-2,29,30,-1,13,14,17,20,-4,-6,2,0.32,0.2857142857142857,0.3571428571428571,0.2666666666666666,0.0904761904761904,0.5714285714285714,0.4,0.1714285714285713,0.6428571428571429,0.7333333333333333,-0.0904761904761903,0.3851851851851852,0.3703703703703703,0.0148148148148148,1.9852941176470589,1.89,0.0952941176470587,31,2,1,0.0148148148148148,0.0952941176470587,11.372021786492374,6,1,5,2,0,2,2,1,1,0,0,0,0,1,0,8,1562,0.9714285714285714,0.1714285714285713,0.1949622496754704,H,32418,0.638581,0.557684,0.818182,12.0,20.0,0.56637,0.509628,0.818182,11.0,20.0,0.07221099999999991,0.04805599999999999,0.0,1.0,0.0
1562,2024-08-24,J.League,セレッソ大阪,ヴィッセル神戸,1509,1521,-12,1525,1518,7,6,7,-1,2,2,11,10,-1,36,38,-2,14,14,14,12,0,2,-2,0.44,0.5,0.5454545454545454,0.5384615384615384,0.0069930069930069,0.7272727272727273,0.6153846153846154,0.1118881118881118,0.4545454545454545,0.4615384615384615,-0.006993006993007,0.4148148148148148,0.4320987654320987,-0.0172839506172839,2.4107142857142856,2.7,-0.2892857142857146,12,1,2,0.0172839506172839,0.2892857142857146,4.511313932980599,3,3,0,1,1,0,0,0,0,2,2,0,0,0,0,8,1562,1.3426573426573427,0.1118881118881118,0.1657101066290357,D,32417,0.586632,0.516181,0.636364,11.0,19.0,0.619653,0.552114,0.727273,11.0,20.0,-0.03302099999999997,-0.03593299999999999,-0.0909089999999999,0.0,-1.0
1562,2024-08-24,J.League,横浜F・マリノス,町田,1485,1582,-97,1515,1551,-36,10,12,-2,3,4,19,2,-17,29,53,-24,11,21,14,12,-3,9,-12,0.391304347826087,0.5714285714285714,0.5454545454545454,0.6,-0.0545454545454545,0.6363636363636364,0.8666666666666667,-0.2303030303030303,0.4545454545454545,0.4,0.0545454545454545,0.3542673107890499,0.5555555555555555,-0.2012882447665056,2.217857142857143,3.1500000000000004,-0.9321428571428574,97,17,24,0.2012882447665056,0.9321428571428574,38.42668622038187,6,6,0,2,2,0,1,2,-1,0,0,0,1,0,0,8,1562,1.503030303030303,0.2303030303030303,0.1694914549672324,D,32419,0.614019,0.553123,0.727273,13.0,18.0,0.614292,0.552683,0.636364,10.0,20.0,-0.0002729999999999677,0.00043999999999999595,0.0909089999999999,3.0,-2.0
1562,2024-08-24,J.League,東京ヴェルディ,サンフレッチェ広島,1511,1562,-51,1520,1529,-9,7,13,-6,2,4,6,4,-2,43,48,-5,17,18,17,11,0,7,-7,0.4333333333333333,0.5769230769230769,0.5714285714285714,0.6,-0.0285714285714285,0.5714285714285714,0.7,-0.1285714285714285,0.4285714285714285,0.4,0.0285714285714285,0.419753086419753,0.5128205128205128,-0.0930674264007597,2.382352941176471,3.190909090909092,-0.8085561497326204,51,2,5,0.0930674264007597,0.8085561497326204,18.530324715226676,3,7,-4,1,2,-1,0,5,-5,1,0,1,1,0,0,8,1562,1.2714285714285714,0.1285714285714285,0.1673269372905415,A,32413,0.513854,0.462078,0.818182,10.0,19.0,0.594174,0.533997,0.545455,12.0,19.0,-0.08031999999999995,-0.07191900000000007,0.27272699999999994,-2.0,0.0
1562,2024-08-24,J.League,アルビレックス新潟,鹿島アントラーズ,1461,1588,-127,1483,1516,-33,3,13,-10,1,4,17,1,-16,30,60,-30,14,22,18,11,-4,11,-15,0.3076923076923077,0.6333333333333333,0.2857142857142857,0.5714285714285714,-0.2857142857142857,0.5714285714285714,0.5714285714285714,0.0,0.7142857142857143,0.4285714285714285,0.2857142857142857,0.3988603988603988,0.5432098765432098,-0.144349477682811,1.95,3.681818181818182,-1.731818181818182,127,16,30,0.144349477682811,1.731818181818182,48.82523353190019,0,7,-7,0,2,-2,0,5,-5,4,0,4,0,0,1,8,1562,1.1428571428571428,0.0,0.1672734306483612,A,32414,0.641694,0.563386,0.909091,13.0,20.0,0.603493,0.527586,0.636364,10.0,20.0,0.03820100000000004,0.035800000000000054,0.27272699999999994,3.0,0.0
1562,2024-08-24,J.League,ガンバ大阪,横浜FC,1497,1474,23,1508,1486,22,7,7,0,2,2,8,14,6,39,34,5,17,14,17,18,0,-4,4,0.3928571428571428,0.3571428571428571,0.5,0.3333333333333333,0.1666666666666666,0.5833333333333334,0.5,0.0833333333333333,0.5,0.6666666666666666,-0.1666666666666666,0.4497354497354496,0.3703703703703703,0.0793650793650793,2.2235294117647064,2.1,0.1235294117647063,23,6,5,0.0793650793650793,0.1235294117647063,9.590578898225957,3,6,-3,1,2,-1,0,2,-2,2,0,2,0,1,0,8,1562,1.0833333333333337,0.0833333333333333,0.1896799521888465,H,32416,0.584498,0.504343,0.636364,10.0,19.0,0.604549,0.538256,0.727273,11.0,19.0,-0.02005100000000004,-0.03391299999999997,-0.0909089999999999,-1.0,0.0
1562,2024-08-24,J.League,FC東京,京都サンガF.C.,1485,1544,-59,1522,1526,-4,7,13,-6,2,4,13,5,-8,36,45,-9,14,17,16,14,-2,3,-5,0.4074074074074074,0.5,0.5714285714285714,0.5714285714285714,0.0,0.6428571428571429,0.6428571428571429,0.0,0.4285714285714285,0.4285714285714285,0.0,0.3840877914951988,0.4497354497354496,-0.0656476582402508,2.278125,2.7,-0.421875,59,8,9,0.0656476582402508,0.421875,22.74750453164805,4,9,-5,1,3,-2,1,5,-4,0,0,0,0,0,1,8,1562,1.2857142857142858,0.0,0.1674940849862448,A,32420,0.545306,0.470658,0.909091,9.0,18.0,0.569123,0.506084,0.636364,10.0,19.0,-0.023817000000000088,-0.03542599999999996,0.27272699999999994,-1.0,-1.0
1562,2024-08-24,J.League,ベガルタ仙台,ジェフユナイテッド千葉,1515,1529,-14,1498,1529,-31,5,7,-2,1,2,31,27,-4,18,20,-2,8,8,6,5,2,3,-1,0.4545454545454545,0.5454545454545454,0.4,0.6666666666666666,-0.2666666666666666,0.6,0.7777777777777778,-0.1777777777777778,0.6,0.3333333333333333,0.2666666666666666,0.5387205387205387,0.5387205387205387,0.0,2.4750000000000005,2.97,-0.4949999999999996,14,4,2,0.0,0.4949999999999996,5.999,4,4,0,1,1,0,1,2,-1,0,0,0,0,0,0,8,1562,1.3777777777777778,0.1777777777777778,0.1978735151679634,H,,0.0,0.0,0.0,0.0,0.0,0.0,0.0,0.0,0.0,0.0,0.0,0.0,0.0,0.0,0.0
1562,2024-08-24,J.League,徳島ヴォルティス,モンテディオ山形,1519,1484,35,1507,1540,-33,7,7,0,2,2,26,21,-5,21,25,-4,9,11,7,12,2,-1,3,0.4615384615384615,0.3684210526315789,0.5,0.7142857142857143,-0.2142857142857143,0.6666666666666666,1.0,-0.3333333333333333,0.5,0.2857142857142857,0.2142857142857143,0.5128205128205128,0.428849902534113,0.0839706102863997,2.5071428571428576,2.1375,0.3696428571428574,35,5,4,0.0839706102863997,0.3696428571428574,13.590722693485851,6,3,3,2,1,1,2,1,1,0,0,0,0,1,0,8,1562,1.6666666666666663,0.3333333333333333,0.2027389770149472,H,,0.0,0.0,0.0,0.0,0.0,0.0,0.0,0.0,0.0,0.0,0.0,0.0,0.0,0.0,0.0
1562,2024-08-24,J.League,ブラウブリッツ秋田,FC今治,1469,1524,-55,1476,1533,-57,7,7,0,2,2,33,25,-8,17,21,-4,7,9,10,6,-3,3,-6,0.3333333333333333,0.5,0.3,0.8,-0.5,0.4,1.0,-0.6,0.7,0.2,0.4999999999999999,0.345679012345679,0.5555555555555555,-0.2098765432098764,2.0250000000000004,2.7,-0.6749999999999998,55,8,4,0.2098765432098764,0.6749999999999998,21.42697530864198,6,6,0,2,2,0,2,2,0,0,0,0,0,0,0,8,1562,1.4,0.6,0.1907334380015733,A,,0.0,0.0,0.0,0.0,0.0,0.0,0.0,0.0,0.0,0.0,0.0,0.0,0.0,0.0,0.0
1562,2024-08-24,J.League,ヴァンフォーレ甲府,北海道コンサドーレ札幌,1516,1511,5,1486,1499,-13,10,8,2,3,2,30,24,-6,19,22,-3,7,10,6,9,1,1,0,0.5,0.4,0.3333333333333333,0.3333333333333333,0.0,0.3333333333333333,0.6666666666666666,-0.3333333333333333,0.6666666666666666,0.6666666666666666,0.0,0.4320987654320987,0.4938271604938271,-0.0617283950617283,2.7,2.2500000000000004,0.4499999999999997,5,6,3,0.0617283950617283,0.4499999999999997,3.3523456790123456,4,4,0,1,1,0,0,1,-1,1,0,1,1,0,0,8,1562,1.0,0.3333333333333333,0.1870519637837469,A,,0.0,0.0,0.0,0.0,0.0,0.0,0.0,0.0,0.0,0.0,0.0,0.0,0.0,0.0,0.0
1561,2024-08-20,Cup/Other,町田,3,1586,1500,86,1526,1500,26,12,0,12,4,0,2,0,-2,56,0,56,22,0,12,0,10,0,10,0.5862068965517241,0.0,0.5714285714285714,0.0,0.5714285714285714,0.6428571428571429,0.0,0.6428571428571429,0.4285714285714285,0.0,0.4285714285714285,0.5619412515964239,0.0,0.5619412515964239,3.2625,0.0,3.2625,86,2,56,0.5619412515964239,3.2625,31.36488825031928,6,0,6,2,0,2,2,0,2,0,0,0,0,0,0,8,1561,0.6428571428571429,0.6428571428571429,0.1722372499222779,H,,0.0,0.0,0.0,0.0,0.0,0.0,0.0,0.0,0.0,0.0,0.0,0.0,0.0,0.0,0.0
1561,2024-08-20,Cup/Other,サンフレッチェ広島,0,1563,1500,63,1526,1500,26,13,0,13,4,0,4,0,-4,48,0,48,18,0,11,0,7,0,7,0.5769230769230769,0.0,0.5625,0.0,0.5625,0.6875,0.0,0.6875,0.4375,0.0,0.4375,0.5128205128205128,0.0,0.5128205128205128,3.190909090909092,0.0,3.190909090909092,63,4,48,0.5128205128205128,3.190909090909092,23.79074592074592,7,0,7,2,0,2,5,0,5,0,0,0,0,0,0,8,1561,0.6875,0.6875,0.1607079447944833,D,,0.0,0.0,0.0,0.0,0.0,0.0,0.0,0.0,0.0,0.0,0.0,0.0,0.0,0.0,0.0
1560,2024-08-17,J.League,鹿島アントラーズ,アビスパ福岡,1585,1486,99,1562,1502,60,10,6,4,3,1,1,14,13,60,35,25,22,17,11,19,11,-2,13,0.6333333333333333,0.3214285714285714,0.6666666666666666,0.4285714285714285,0.238095238095238,0.8666666666666667,0.5714285714285714,0.2952380952380953,0.3333333333333333,0.5714285714285714,-0.238095238095238,0.5432098765432098,0.4497354497354496,0.0934744268077601,3.681818181818182,1.9894736842105265,1.6923444976076558,99,13,25,0.0934744268077601,1.6923444976076558,38.25716378488308,7,5,2,2,1,1,4,4,0,0,0,0,1,1,0,8,1560,1.438095238095238,0.2952380952380953,0.1750796541191839,H,32401,0.557743,0.495094,0.727273,10.0,19.0,0.65809,0.572361,0.909091,12.0,20.0,-0.10034699999999996,-0.07726700000000003,-0.18181800000000004,-2.0,-1.0
1560,2024-08-17,J.League,アルビレックス新潟,川崎フロンターレ,1472,1531,-59,1491,1517,-26,6,4,2,2,1,17,7,-10,30,39,-9,14,17,17,13,-3,4,-7,0.32,0.4583333333333333,0.3076923076923077,0.4615384615384615,-0.1538461538461538,0.6153846153846154,0.6923076923076923,-0.0769230769230768,0.6923076923076923,0.5384615384615384,0.1538461538461538,0.4148148148148148,0.5246913580246914,-0.1098765432098765,1.9852941176470589,2.492307692307693,-0.5070135746606339,59,10,9,0.1098765432098765,0.5070135746606339,23.2733780235741,0,1,-1,0,0,0,0,0,0,3,2,1,0,0,0,8,1560,1.3076923076923077,0.0769230769230768,0.2098188340167743,A,32406,0.593715,0.527361,0.454545,12.0,19.0,0.531215,0.470819,0.818182,11.0,19.0,0.0625,0.05654199999999998,-0.363637,1.0,0.0
1560,2024-08-17,J.League,京都サンガF.C.,東京ヴェルディ,1530,1525,5,1494,1494,0,13,10,3,4,3,6,4,-2,42,46,-4,16,18,15,16,1,2,-1,0.4642857142857143,0.4666666666666667,0.3846153846153846,0.3333333333333333,0.0512820512820513,0.5384615384615384,0.6,-0.0615384615384615,0.6153846153846154,0.6666666666666666,-0.0512820512820512,0.4232804232804232,0.4444444444444444,-0.0211640211640212,2.5200000000000005,2.53125,-0.0112499999999995,5,2,4,0.0211640211640212,0.0112499999999995,2.2564828042328045,7,6,1,2,2,0,5,1,4,0,0,0,0,0,2,8,1560,1.1384615384615384,0.0615384615384615,0.1717807848842126,H,32407,0.565278,0.489069,0.818182,9.0,20.0,0.523875,0.470583,1.0,10.0,19.0,0.04140299999999997,0.018486000000000002,-0.18181800000000004,-1.0,1.0
1560,2024-08-17,J.League,湘南ベルマーレ,FC東京,1446,1490,-44,1487,1465,22,1,9,-8,0,3,18,10,-8,29,38,-9,13,14,19,15,-6,-1,-5,0.2962962962962963,0.4444444444444444,0.3333333333333333,0.3076923076923077,0.0256410256410256,0.5833333333333334,0.3846153846153846,0.1987179487179487,0.6666666666666666,0.6923076923076923,-0.0256410256410256,0.3566529492455418,0.3840877914951988,-0.027434842249657,1.918421052631579,2.43,-0.5115789473684211,44,8,9,0.027434842249657,0.5115789473684211,17.507802757923617,0,6,-6,0,2,-2,0,0,0,4,1,3,0,1,0,8,1560,0.967948717948718,0.1987179487179487,0.1703431423638777,D,32405,0.558759,0.493037,0.727273,10.0,20.0,0.562486,0.464144,0.545455,9.0,20.0,-0.003727000000000036,0.028893000000000002,0.18181799999999992,1.0,0.0
1560,2024-08-17,J.League,サンフレッチェ広島,ガンバ大阪,1553,1506,47,1518,1500,18,13,7,6,4,2,5,8,3,45,39,6,17,17,11,16,6,1,5,0.56,0.4074074074074074,0.5333333333333333,0.3333333333333333,0.2,0.6666666666666666,0.6666666666666666,0.0,0.4666666666666667,0.6666666666666666,-0.1999999999999999,0.5037037037037037,0.4663923182441701,0.0373113854595335,3.0681818181818183,2.278125,0.7900568181818182,47,3,6,0.0373113854595335,0.7900568181818182,17.36547364072827,7,4,3,2,1,1,5,0,5,0,1,-1,1,0,0,8,1560,1.3333333333333333,0.0,0.1814482240013639,H,32409,0.574819,0.512147,0.727273,11.0,19.0,0.633993,0.555197,0.727273,11.0,20.0,-0.05917400000000006,-0.04305000000000003,0.0,0.0,-1.0
1560,2024-08-17,J.League,町田,セレッソ大阪,1577,1515,62,1518,1487,31,12,9,3,4,3,2,11,9,53,36,17,21,14,12,14,9,0,9,0.5714285714285714,0.44,0.5384615384615384,0.3846153846153846,0.1538461538461538,0.6153846153846154,0.4615384615384615,0.1538461538461538,0.4615384615384615,0.6153846153846154,-0.1538461538461538,0.5555555555555555,0.4148148148148148,0.1407407407407406,3.1500000000000004,2.4107142857142856,0.7392857142857148,62,9,17,0.1407407407407406,0.7392857142857148,24.12600529100529,6,6,0,2,2,0,1,0,1,0,1,-1,1,0,0,8,1560,1.076923076923077,0.1538461538461538,0.1745014885433683,H,32404,0.533618,0.474667,0.909091,9.0,19.0,0.613799,0.554618,0.818182,13.0,19.0,-0.08018099999999995,-0.07995100000000005,0.09090900000000002,-4.0,0.0
1560,2024-08-17,J.League,清水エスパルス,横浜F・マリノス,1480,1472,8,1525,1455,70,7,7,0,2,2,15,19,4,32,26,6,14,10,17,14,-3,-4,1,0.3461538461538461,0.3636363636363636,0.5454545454545454,0.1818181818181818,0.3636363636363636,0.7272727272727273,0.2727272727272727,0.4545454545454546,0.4545454545454545,0.8181818181818182,-0.3636363636363637,0.3988603988603988,0.3367003367003366,0.0621600621600621,2.0647058823529414,2.1214285714285714,-0.05672268907563,8,4,6,0.0621600621600621,0.05672268907563,3.823776550247138,4,6,-2,1,2,-1,1,0,1,0,1,-1,0,0,1,8,1560,1.0,0.4545454545454546,0.1757093979522069,A,32402,0.672743,0.595669,0.909091,12.0,19.0,0.539097,0.460933,0.454545,10.0,18.0,0.13364599999999993,0.13473600000000002,0.454546,2.0,1.0
1560,2024-08-17,J.League,浦和レッズ,名古屋グランパス,1522,1497,25,1541,1463,78,6,7,-1,2,2,13,12,-1,35,36,-1,13,16,11,17,2,-1,3,0.5,0.3703703703703703,0.7777777777777778,0.2,0.5777777777777777,0.7777777777777778,0.4666666666666667,0.3111111111111111,0.2222222222222222,0.8,-0.5777777777777778,0.4377104377104377,0.4389574759945129,-0.0012470382840752,2.7,2.1441176470588235,0.5558823529411767,25,1,1,0.0012470382840752,0.5558823529411767,9.11142587824505,3,3,0,1,1,0,0,0,0,1,2,-1,0,0,1,8,1560,1.2444444444444445,0.3111111111111111,0.1809720325504411,H,32403,0.604646,0.518783,1.0,11.0,20.0,0.581694,0.519308,0.909091,12.0,20.0,0.022951999999999972,-0.0005249999999999977,0.09090900000000002,-1.0,0.0
1560,2024-08-17,J.League,ヴィッセル神戸,横浜FC,1538,1458,80,1509,1476,33,8,4,4,2,1,9,16,7,38,31,7,14,13,11,18,3,-5,8,0.5217391304347826,0.3333333333333333,0.5,0.2727272727272727,0.2272727272727273,0.6,0.4545454545454545,0.1454545454545454,0.5,0.7272727272727273,-0.2272727272727273,0.4508856682769726,0.3566529492455418,0.0942327190314308,2.8227272727272728,2.0250000000000004,0.7977272727272724,80,7,7,0.0942327190314308,0.7977272727272724,29.928391998351746,4,4,0,1,1,0,0,1,-1,1,0,1,1,0,0,8,1560,1.0545454545454545,0.1454545454545454,0.1665774319282238,A,32408,0.695951,0.64075,0.727273,13.0,20.0,0.534931,0.466539,0.636364,10.0,20.0,0.16101999999999994,0.17421100000000006,0.0909089999999999,3.0,0.0
1560,2024-08-17,J.League,ファジアーノ岡山,柏レイソル,1462,1586,-124,1482,1556,-74,6,10,-4,2,3,20,3,-17,26,49,-23,12,19,17,9,-5,10,-15,0.2916666666666667,0.625,0.3076923076923077,0.75,-0.4423076923076923,0.5384615384615384,0.8333333333333334,-0.2948717948717949,0.6923076923076923,0.25,0.4423076923076923,0.3703703703703703,0.5864197530864197,-0.2160493827160493,1.9058823529411768,3.6,-1.6941176470588235,124,17,23,0.2160493827160493,1.6941176470588235,48.03203340595497,3,6,-3,1,2,-1,1,1,0,0,0,0,0,0,1,8,1560,1.3717948717948718,0.2948717948717949,0.1737728278307491,H,32410,0.711681,0.638378,1.0,15.0,20.0,0.651576,0.591494,0.727273,12.0,20.0,0.060104999999999964,0.04688400000000004,0.27272700000000005,3.0,0.0
1560,2024-08-17,J.League,愛媛FC,大宮,1434,1525,-91,1465,1525,-60,4,10,-6,1,3,45,34,-11,5,13,-8,3,5,9,3,-6,2,-8,0.1,0.5714285714285714,0.1666666666666666,0.8,-0.6333333333333334,0.1666666666666666,0.8,-0.6333333333333334,0.8333333333333334,0.2,0.6333333333333333,0.2222222222222222,0.5291005291005291,-0.3068783068783068,1.5,3.1500000000000004,-1.6500000000000004,91,11,8,0.3068783068783068,1.6500000000000004,34.991375661375656,0,6,-6,0,2,-2,0,1,-1,3,0,3,0,0,0,8,1560,0.9666666666666668,0.6333333333333334,0.1615713105788588,A,,0.0,0.0,0.0,0.0,0.0,0.0,0.0,0.0,0.0,0.0,0.0,0.0,0.0,0.0,0.0
1560,2024-08-17,J.League,モンテディオ山形,いわきFC,1472,1484,-12,1442,1499,-57,4,6,-2,1,1,24,35,11,22,11,11,10,7,12,9,-2,-2,0,0.3333333333333333,0.1818181818181818,0.0909090909090909,0.2,-0.1090909090909091,0.2727272727272727,0.8,-0.5272727272727273,0.9090909090909092,0.8,0.109090909090909,0.411522633744856,0.4713804713804713,-0.0598578376356153,2.0250000000000004,1.65,0.3750000000000004,12,11,11,0.0598578376356153,0.3750000000000004,7.0369715675271225,3,5,-2,1,1,0,0,4,-4,2,0,2,1,0,0,8,1560,1.0727272727272728,0.5272727272727273,0.24023920577,H,,0.0,0.0,0.0,0.0,0.0,0.0,0.0,0.0,0.0,0.0,0.0,0.0,0.0,0.0,0.0
1560,2024-08-17,J.League,山口,ベガルタ仙台,1433,1517,-84,1469,1517,-48,4,7,-3,0,2,39,32,-7,7,17,-10,7,7,14,5,-7,2,-9,0.0,0.5,0.0,0.6,-0.6,0.5,0.8,-0.3,1.0,0.4,0.6,0.3703703703703703,0.5185185185185185,-0.1481481481481481,1.35,2.7,-1.35,84,7,10,0.1481481481481481,1.35,31.449629629629623,3,4,-1,0,1,-1,3,0,3,0,1,-1,0,0,1,8,1560,1.3,0.3,0.2194733189029625,D,,0.0,0.0,0.0,0.0,0.0,0.0,0.0,0.0,0.0,0.0,0.0,0.0,0.0,0.0,0.0
1559,2024-08-11,Cup/Other,セレッソ大阪,3,1514,1500,14,1518,1500,18,9,0,9,3,0,11,0,-11,36,0,36,14,0,14,0,0,0,0,0.44,0.0,0.5,0.0,0.5,0.6666666666666666,0.0,0.6666666666666666,0.5,0.0,0.5,0.4148148148148148,0.0,0.4148148148148148,2.4107142857142856,0.0,2.4107142857142856,14,11,36,0.4148148148148148,2.4107142857142856,8.21510582010582,6,0,6,2,0,2,0,0,0,1,0,1,0,0,0,8,1559,0.6666666666666666,0.6666666666666666,0.1720641931122088,H,,0.0,0.0,0.0,0.0,0.0,0.0,0.0,0.0,0.0,0.0,0.0,0.0,0.0,0.0,0.0
1559,2024-08-11,Cup/Other,山口,0,1433,1500,-67,1469,1500,-31,4,0,4,0,0,39,0,-39,7,0,7,7,0,14,0,-7,0,-7,0.0,0.0,0.0,0.0,0.0,0.5,0.0,0.5,1.0,0.0,1.0,0.3703703703703703,0.0,0.3703703703703703,1.35,0.0,1.35,67,39,7,0.3703703703703703,1.35,33.54407407407408,3,0,3,0,0,0,3,0,3,0,0,0,0,0,0,8,1559,0.5,0.5,0.2743281018964301,D,,0.0,0.0,0.0,0.0,0.0,0.0,0.0,0.0,0.0,0.0,0.0,0.0,0.0,0.0,0.0
1558,2024-08-10,J.League,横浜FC,浦和レッズ,1443,1536,-93,1477,1486,-9,1,6,-5,0,2,18,13,-5,28,35,-7,12,13,18,10,-6,3,-9,0.3076923076923077,0.5238095238095238,0.3333333333333333,0.3333333333333333,0.0,0.4666666666666667,0.5,-0.0333333333333333,0.6666666666666666,0.6666666666666666,0.0,0.3418803418803419,0.4585537918871252,-0.1166734500067833,1.95,2.8350000000000004,-0.8850000000000002,93,5,7,0.1166734500067833,0.8850000000000002,34.00033469000135,1,6,-5,0,2,-2,0,1,-1,1,0,1,0,0,1,8,1558,0.9666666666666668,0.0333333333333333,0.1672763649176541,H,32392,0.550125,0.491406,0.636364,11.0,17.0,0.584023,0.520824,0.909091,11.0,19.0,-0.033897999999999984,-0.029417999999999944,-0.27272699999999994,0.0,-2.0
1558,2024-08-10,J.League,川崎フロンターレ,アビスパ福岡,1546,1470,76,1523,1493,30,4,6,-2,1,1,6,14,8,39,32,7,17,16,12,19,5,-3,8,0.4782608695652174,0.2962962962962963,0.5,0.3846153846153846,0.1153846153846153,0.8,0.5384615384615384,0.2615384615384616,0.5,0.6153846153846154,-0.1153846153846154,0.5475040257648952,0.4389574759945129,0.1085465497703822,2.5875000000000004,1.918421052631579,0.6690789473684213,76,8,7,0.1085465497703822,0.6690789473684213,28.75552509942776,4,3,1,1,0,1,0,3,-3,1,0,1,1,0,0,8,1558,1.3384615384615386,0.2615384615384616,0.2189207485356289,A,32393,0.529257,0.463547,0.727273,9.0,18.0,0.6545,0.583067,0.909091,12.0,20.0,-0.125243,-0.11952000000000002,-0.18181800000000004,-3.0,-2.0
1558,2024-08-10,J.League,名古屋グランパス,京都サンガF.C.,1510,1512,-2,1539,1510,29,8,11,-3,2,3,11,8,-3,36,39,-3,16,15,16,16,0,-1,1,0.3846153846153846,0.4285714285714285,0.6363636363636364,0.5,0.1363636363636363,0.8181818181818182,0.5714285714285714,0.2467532467532468,0.3636363636363636,0.5,-0.1363636363636363,0.4558404558404558,0.3968253968253968,0.059015059015059,2.19375,2.3625000000000003,-0.1687500000000001,2,3,3,0.059015059015059,0.1687500000000001,1.4955530118030118,4,7,-3,1,2,-1,0,5,-5,1,0,1,0,1,0,8,1558,1.3896103896103895,0.2467532467532468,0.1871379179970486,A,32398,0.57509,0.492039,0.636364,11.0,19.0,0.578884,0.521357,0.727273,10.0,20.0,-0.003793999999999964,-0.029317999999999955,-0.0909089999999999,1.0,-1.0
1558,2024-08-10,J.League,ガンバ大阪,ファジアーノ岡山,1521,1446,75,1518,1471,47,10,3,7,3,1,7,22,15,39,23,16,17,11,15,17,2,-6,8,0.4230769230769231,0.2608695652173913,0.5454545454545454,0.2,0.3454545454545454,0.6363636363636364,0.4,0.2363636363636363,0.4545454545454545,0.8,-0.3454545454545455,0.4843304843304843,0.3542673107890499,0.1300631735414344,2.3400000000000003,1.8264705882352943,0.513529411764706,75,15,16,0.1300631735414344,0.513529411764706,30.12871851706123,7,0,7,2,0,2,3,0,3,0,3,-3,1,0,0,8,1558,1.0363636363636364,0.2363636363636363,0.2012681118345611,A,32399,0.630229,0.549983,0.909091,12.0,20.0,0.73125,0.677767,0.636364,14.0,20.0,-0.10102099999999992,-0.127784,0.27272699999999994,-2.0,0.0
1558,2024-08-10,J.League,柏レイソル,湘南ベルマーレ,1579,1453,126,1517,1470,47,10,4,6,3,1,3,17,14,46,29,17,18,13,9,18,9,-5,14,0.6086956521739131,0.3076923076923077,0.4545454545454545,0.2857142857142857,0.1688311688311688,0.7272727272727273,0.4285714285714285,0.2987012987012987,0.5454545454545454,0.7142857142857143,-0.1688311688311689,0.5797101449275363,0.3703703703703703,0.2093397745571659,3.45,1.95,1.5,126,14,17,0.2093397745571659,1.5,47.94186795491142,6,0,6,2,0,2,0,0,0,1,3,-2,1,0,0,8,1558,1.155844155844156,0.2987012987012987,0.1759375780629815,H,32395,0.566868,0.502696,0.727273,10.0,19.0,0.551368,0.474436,0.636364,9.0,19.0,0.01550000000000007,0.028260000000000007,0.0909089999999999,1.0,0.0
1558,2024-08-10,J.League,東京ヴェルディ,横浜F・マリノス,1515,1477,38,1518,1456,62,7,7,0,2,2,5,19,14,43,26,17,17,10,16,14,1,-4,5,0.4482758620689655,0.3636363636363636,0.5714285714285714,0.1818181818181818,0.3896103896103896,0.5714285714285714,0.2727272727272727,0.2987012987012987,0.4285714285714285,0.8181818181818182,-0.3896103896103897,0.4342273307790548,0.3367003367003366,0.0975269940787181,2.4468750000000004,2.1214285714285714,0.3254464285714289,38,14,17,0.0975269940787181,0.3254464285714289,16.884594684530025,4,7,-3,1,2,-1,0,3,-3,1,0,1,0,0,1,8,1558,0.8441558441558441,0.2987012987012987,0.1687520936856104,H,32391,0.491104,0.434872,0.818182,9.0,17.0,0.653458,0.576867,0.727273,13.0,19.0,-0.162354,-0.14199500000000004,0.09090900000000002,-4.0,-2.0
1558,2024-08-10,J.League,サンフレッチェ広島,清水エスパルス,1556,1476,80,1520,1455,65,12,6,6,4,2,4,15,11,44,31,13,16,13,10,16,6,-3,9,0.5833333333333334,0.36,0.5714285714285714,0.2142857142857142,0.3571428571428571,0.6428571428571429,0.3571428571428571,0.2857142857142857,0.4285714285714285,0.7857142857142857,-0.3571428571428571,0.4938271604938271,0.3851851851851852,0.1086419753086418,3.24,2.109375,1.1306250000000002,80,11,13,0.1086419753086418,1.1306250000000002,30.99785339506173,9,6,3,3,2,1,4,0,4,0,1,-1,1,0,0,8,1558,1.0,0.2857142857142857,0.1643174976383686,D,32394,0.653014,0.581178,0.818182,13.0,19.0,0.648229,0.584525,0.727273,12.0,19.0,0.004784999999999928,-0.003346999999999989,0.09090900000000002,1.0,0.0
1558,2024-08-10,J.League,FC東京,鹿島アントラーズ,1500,1579,-79,1531,1519,12,9,10,-1,3,3,10,1,-9,38,60,-22,14,22,14,11,0,11,-11,0.4615384615384615,0.6333333333333333,0.6153846153846154,0.6,0.0153846153846154,0.6923076923076923,0.6,0.0923076923076923,0.3846153846153846,0.4,-0.0153846153846153,0.3988603988603988,0.5432098765432098,-0.144349477682811,2.5071428571428576,3.681818181818182,-1.1746753246753243,79,9,22,0.144349477682811,1.1746753246753243,30.163804960471627,6,7,-1,2,2,0,2,3,-1,0,0,0,0,0,1,8,1558,1.2923076923076922,0.0923076923076923,0.1522153795984785,A,32396,0.584799,0.531251,0.818182,11.0,19.0,0.609806,0.533614,0.909091,10.0,20.0,-0.025007,-0.002363000000000004,-0.09090900000000002,1.0,-1.0
1558,2024-08-10,J.League,町田,ヴィッセル神戸,1566,1548,18,1508,1528,-20,12,11,1,4,3,2,9,7,50,38,12,20,14,12,10,8,4,4,0.5555555555555556,0.5454545454545454,0.5,0.5833333333333334,-0.0833333333333333,0.5833333333333334,0.6666666666666666,-0.0833333333333332,0.5,0.4166666666666667,0.0833333333333333,0.5486968449931412,0.4713804713804713,0.0773163736126698,3.0375000000000005,2.97,0.0675000000000003,18,7,12,0.0773163736126698,0.0675000000000003,8.078963274722534,6,7,-1,2,2,0,0,5,-5,1,0,1,1,0,0,8,1558,1.25,0.0833333333333332,0.1697978088377409,H,32397,0.581618,0.506767,0.818182,10.0,20.0,0.599313,0.529997,0.818182,10.0,20.0,-0.017695000000000016,-0.023230000000000084,0.0,0.0,0.0
1558,2024-08-10,J.League,モンテディオ山形,水戸ホーリーホック,1483,1529,-46,1449,1525,-76,4,10,-6,1,3,24,33,9,22,16,6,10,6,11,3,-1,3,-4,0.3529411764705882,0.625,0.1,0.8,-0.7000000000000001,0.3,0.8,-0.5,0.9,0.2,0.7,0.4357298474945533,0.5555555555555555,-0.1198257080610021,2.0863636363636364,3.6,-1.5136363636363637,46,9,6,0.1198257080610021,1.5136363636363637,18.67669241433947,4,6,-2,1,2,-1,0,0,0,1,1,0,0,0,0,8,1558,1.1,0.5,0.1743237038765297,A,,0.0,0.0,0.0,0.0,0.0,0.0,0.0,0.0,0.0,0.0,0.0,0.0,0.0,0.0,0.0
1558,2024-08-10,J.League,FC今治,熊本,1524,1449,75,1484,1474,10,4,1,3,1,0,25,36,11,21,11,10,9,5,6,10,3,-5,8,0.5,0.2307692307692307,0.1666666666666666,0.1666666666666666,0.0,0.5,0.3333333333333333,0.1666666666666666,0.8333333333333334,0.8333333333333334,0.0,0.5555555555555555,0.2849002849002849,0.2706552706552705,2.7,1.755,0.945,75,11,10,0.2706552706552705,0.945,29.24313105413105,4,0,4,1,0,1,1,0,1,0,4,-4,1,0,0,8,1558,0.8333333333333333,0.1666666666666666,0.1886502750680883,H,,0.0,0.0,0.0,0.0,0.0,0.0,0.0,0.0,0.0,0.0,0.0,0.0,0.0,0.0,0.0
1558,2024-08-10,J.League,ベガルタ仙台,徳島ヴォルティス,1530,1505,25,1507,1499,8,10,7,3,3,2,31,29,-2,17,18,-1,7,8,4,7,3,1,2,0.5555555555555556,0.4166666666666667,0.5,0.3333333333333333,0.1666666666666666,0.75,0.6666666666666666,0.0833333333333333,0.5,0.6666666666666666,-0.1666666666666666,0.5761316872427983,0.4938271604938271,0.0823045267489712,3.0375000000000005,2.3142857142857145,0.723214285714286,25,2,1,0.0823045267489712,0.723214285714286,9.411103762492653,4,4,0,1,1,0,2,1,1,0,0,0,0,0,1,8,1558,1.4166666666666663,0.0833333333333333,0.1999218415446725,A,,0.0,0.0,0.0,0.0,0.0,0.0,0.0,0.0,0.0,0.0,0.0,0.0,0.0,0.0,0.0
1558,2024-08-10,J.League,愛媛FC,サガン鳥栖,1445,1519,-74,1474,1500,-26,4,7,-3,1,2,45,27,-18,5,20,-15,3,8,8,6,-5,2,-7,0.1111111111111111,0.5,0.2,0.4285714285714285,-0.2285714285714285,0.2,0.5714285714285714,-0.3714285714285714,0.8,0.5714285714285714,0.2285714285714286,0.2469135802469135,0.4938271604938271,-0.2469135802469135,1.5187500000000005,2.7,-1.18125,74,18,15,0.2469135802469135,1.18125,30.68563271604938,3,3,0,1,1,0,0,0,0,2,2,0,0,0,0,8,1558,0.7714285714285714,0.3714285714285714,0.1755788285292771,A,,0.0,0.0,0.0,0.0,0.0,0.0,0.0,0.0,0.0,0.0,0.0,0.0,0.0,0.0,0.0
1557,2024-08-06,J.League,サンフレッチェ広島,清水エスパルス,1543,1487,56,1512,1463,49,12,7,5,4,2,6,15,9,41,31,10,15,13,11,15,4,-2,6,0.5416666666666666,0.375,0.5384615384615384,0.2307692307692307,0.3076923076923076,0.6153846153846154,0.3846153846153846,0.2307692307692307,0.4615384615384615,0.7692307692307693,-0.3076923076923077,0.4629629629629629,0.4012345679012345,0.0617283950617283,2.9454545454545458,2.16,0.7854545454545456,56,9,10,0.0617283950617283,0.7854545454545456,22.01943658810325,9,6,3,3,2,1,3,2,1,0,0,0,0,0,0,8,1557,1.0,0.2307692307692307,0.1692661439947966,H,32394,0.653014,0.581178,0.818182,13.0,19.0,0.648229,0.584525,0.727273,12.0,19.0,0.004784999999999928,-0.003346999999999989,0.09090900000000002,1.0,0.0
1557,2024-08-06,J.League,町田,京都サンガF.C.,1587,1497,90,1525,1502,23,15,11,4,5,3,2,11,9,53,37,16,21,15,11,17,10,-2,12,0.5925925925925926,0.3928571428571428,0.5833333333333334,0.4615384615384615,0.1217948717948718,0.6666666666666666,0.5384615384615384,0.1282051282051282,0.4166666666666667,0.5384615384615384,-0.1217948717948717,0.5761316872427983,0.3968253968253968,0.1793062904174014,3.313636363636364,2.2235294117647064,1.0901069518716575,90,9,16,0.1793062904174014,1.0901069518716575,34.00388264845781,9,7,2,3,2,1,5,5,0,0,0,0,1,0,0,8,1557,1.205128205128205,0.1282051282051282,0.1757107430874081,A,32296,0.611403,0.543139,0.545455,9.0,20.0,0.531535,0.460286,0.545455,8.0,20.0,0.07986800000000005,0.08285300000000007,0.0,1.0,0.0
1557,2024-08-06,J.League,FC東京,セレッソ大阪,1485,1532,-47,1523,1495,28,6,12,-6,2,4,13,9,-4,35,39,-4,13,15,15,13,-2,2,-4,0.4230769230769231,0.48,0.5833333333333334,0.4166666666666667,0.1666666666666666,0.6666666666666666,0.5,0.1666666666666666,0.4166666666666667,0.5833333333333334,-0.1666666666666666,0.3703703703703703,0.4444444444444444,-0.074074074074074,2.3400000000000003,2.5961538461538463,-0.2561538461538459,47,4,4,0.074074074074074,0.2561538461538459,17.516045584045585,6,6,0,2,2,0,1,2,-1,0,0,0,1,1,1,8,1557,1.1666666666666663,0.1666666666666666,0.1650674459235295,H,32345,0.629986,0.557756,0.636364,12.0,20.0,0.606981,0.541219,0.727273,12.0,19.0,0.023005000000000053,0.016537000000000024,-0.0909089999999999,0.0,1.0
1557,2024-08-06,J.League,鹿島アントラーズ,アビスパ福岡,1584,1462,122,1563,1484,79,9,5,4,3,1,1,17,16,60,31,29,22,15,11,19,11,-4,15,0.6333333333333333,0.2962962962962963,0.6666666666666666,0.3846153846153846,0.282051282051282,0.8666666666666667,0.4615384615384615,0.4051282051282051,0.3333333333333333,0.6153846153846154,-0.2820512820512821,0.5432098765432098,0.411522633744856,0.1316872427983538,3.681818181818182,1.918421052631579,1.763397129186603,122,16,29,0.1316872427983538,1.763397129186603,47.07901687439699,6,2,4,2,0,2,2,2,0,0,0,0,1,0,0,8,1557,1.3282051282051284,0.4051282051282051,0.1704776211439393,D,32401,0.557743,0.495094,0.727273,10.0,19.0,0.65809,0.572361,0.909091,12.0,20.0,-0.10034699999999996,-0.07726700000000003,-0.18181800000000004,-2.0,-1.0
1557,2024-08-06,J.League,モンテディオ山形,浦和レッズ,1501,1530,-29,1465,1477,-12,7,6,1,2,2,20,12,-8,25,35,-10,11,13,10,10,1,3,-2,0.4117647058823529,0.5238095238095238,0.2,0.2727272727272727,-0.0727272727272727,0.4,0.4545454545454545,-0.0545454545454545,0.8,0.7272727272727273,0.0727272727272727,0.4793028322440087,0.4585537918871252,0.0207490403568835,2.295,2.8350000000000004,-0.5400000000000005,29,8,10,0.0207490403568835,0.5400000000000005,12.262149808071376,4,3,1,1,1,0,2,0,2,0,1,-1,0,0,0,8,1557,0.8545454545454545,0.0545454545454545,0.1828144917508691,A,,0.0,0.0,0.0,0.0,0.0,0.0,0.0,0.0,0.0,0.0,0.0,0.0,0.0,0.0,0.0
1556,2024-08-02,J.League,栃木シティ,栃木SC,1501,1488,13,1492,1490,2,3,0,3,1,0,48,55,7,3,0,3,1,0,1,1,0,-1,1,0.5,0.0,0.0,0.0,0.0,0.0,0.0,0.0,1.0,1.0,0.0,0.3703703703703703,0.0,0.3703703703703703,2.7,1.35,1.35,13,7,3,0.3703703703703703,1.35,6.644074074074075,3,0,3,1,0,1,1,0,1,0,1,-1,0,0,0,8,1556,0.0,0.0,0.0914472162095677,H,,0.0,0.0,0.0,0.0,0.0,0.0,0.0,0.0,0.0,0.0,0.0,0.0,0.0,0.0,0.0
1556,2024-08-02,J.League,V・ファーレン長崎,ベガルタ仙台,1537,1517,20,1509,1508,1,10,10,0,3,3,20,33,13,27,14,13,13,6,9,4,4,2,2,0.4375,0.5,0.375,0.5,-0.125,0.75,0.75,0.0,0.625,0.5,0.125,0.6018518518518519,0.5555555555555555,0.0462962962962963,2.4000000000000004,2.7,-0.2999999999999998,20,13,13,0.0462962962962963,0.2999999999999998,10.31925925925926,4,4,0,1,1,0,0,1,-1,1,0,1,0,0,0,8,1556,1.5,0.0,0.2269381791351948,A,,0.0,0.0,0.0,0.0,0.0,0.0,0.0,0.0,0.0,0.0,0.0,0.0,0.0,0.0,0.0
1556,2024-08-02,J.League,ヴァンフォーレ甲府,モンテディオ山形,1521,1494,27,1485,1540,-55,13,4,9,4,1,27,22,-5,19,25,-6,7,11,6,10,1,1,0,0.5,0.4117647058823529,0.3333333333333333,0.7142857142857143,-0.380952380952381,0.3333333333333333,1.0,-0.6666666666666667,0.6666666666666666,0.2857142857142857,0.3809523809523809,0.4320987654320987,0.4793028322440087,-0.0472040668119099,2.7,2.295,0.4050000000000002,27,5,6,0.0472040668119099,0.4050000000000002,10.79044081336238,7,1,6,2,0,2,5,1,4,0,0,0,1,0,0,8,1556,1.3333333333333333,0.6666666666666667,0.1824591294821139,A,,0.0,0.0,0.0,0.0,0.0,0.0,0.0,0.0,0.0,0.0,0.0,0.0,0.0,0.0,0.0
1556,2024-08-02,J.League,徳島ヴォルティス,愛媛FC,1503,1454,49,1506,1490,16,4,5,-1,1,1,29,41,12,18,5,13,8,3,7,7,1,-4,5,0.4166666666666667,0.125,0.5,0.0,0.5,0.6666666666666666,0.6666666666666666,0.0,0.5,1.0,-0.5,0.4938271604938271,0.2777777777777777,0.2160493827160493,2.3142857142857145,1.542857142857143,0.7714285714285716,49,12,13,0.2160493827160493,0.7714285714285716,20.34749559082892,1,4,-3,0,1,-1,0,0,0,1,1,0,0,0,0,8,1556,1.3333333333333333,0.0,0.2000405385008993,H,,0.0,0.0,0.0,0.0,0.0,0.0,0.0,0.0,0.0,0.0,0.0,0.0,0.0,0.0,0.0
1556,2024-08-02,J.League,ジュビロ磐田,ブラウブリッツ秋田,1507,1462,45,1517,1499,18,10,5,5,3,1,24,31,7,23,17,6,9,7,9,10,0,-3,3,0.4375,0.3333333333333333,0.625,0.4,0.2249999999999999,0.625,0.6,0.025,0.375,0.6,-0.2249999999999999,0.4166666666666666,0.345679012345679,0.0709876543209876,2.4000000000000004,2.0250000000000004,0.375,45,7,6,0.0709876543209876,0.375,17.589197530864197,6,4,2,2,1,1,1,1,0,0,0,0,0,0,1,8,1556,1.225,0.025,0.1722776161018611,A,,0.0,0.0,0.0,0.0,0.0,0.0,0.0,0.0,0.0,0.0,0.0,0.0,0.0,0.0,0.0
1556,2024-08-02,J.League,北海道コンサドーレ札幌,サガン鳥栖,1491,1531,-40,1501,1510,-9,5,10,-5,1,3,26,23,-3,20,23,-3,10,9,11,6,-1,3,-4,0.3125,0.5384615384615384,0.3333333333333333,0.5,-0.1666666666666666,0.6666666666666666,0.6666666666666666,0.0,0.6666666666666666,0.5,0.1666666666666666,0.4629629629629629,0.5128205128205128,-0.0498575498575498,1.963636363636364,2.925,-0.961363636363636,40,3,3,0.0498575498575498,0.961363636363636,14.952244237244235,4,6,-2,1,2,-1,0,0,0,1,1,0,0,0,0,8,1556,1.3333333333333333,0.0,0.1995983017291739,H,,0.0,0.0,0.0,0.0,0.0,0.0,0.0,0.0,0.0,0.0,0.0,0.0,0.0,0.0,0.0
1556,2024-08-02,J.League,富山,大宮,1488,1513,-25,1501,1516,-15,9,7,2,3,2,30,34,4,18,11,7,8,5,10,4,-2,1,-3,0.3333333333333333,0.4285714285714285,0.4,0.6,-0.1999999999999999,0.6,0.8,-0.2,0.6,0.4,0.1999999999999999,0.3950617283950617,0.5291005291005291,-0.1340388007054673,2.0250000000000004,2.3625000000000003,-0.3374999999999999,25,4,7,0.1340388007054673,0.3374999999999999,9.844307760141094,6,6,0,2,2,0,0,0,0,1,1,0,0,0,0,8,1556,1.4,0.2,0.2106304716691563,A,,0.0,0.0,0.0,0.0,0.0,0.0,0.0,0.0,0.0,0.0,0.0,0.0,0.0,0.0,0.0
1556,2024-08-02,J.League,ジェフユナイテッド千葉,いわきFC,1516,1474,42,1483,1491,-8,6,6,0,2,1,28,36,8,19,10,9,7,6,6,9,1,-3,4,0.5,0.1818181818181818,0.0,0.2,-0.2,0.0,0.6,-0.6,1.0,0.8,0.1999999999999999,0.4320987654320987,0.404040404040404,0.0280583613916947,2.7,1.65,1.0500000000000005,42,8,9,0.0280583613916947,1.0500000000000005,16.915611672278338,3,5,-2,1,1,0,1,3,-2,0,0,0,1,0,0,8,1556,0.6,0.6,0.1922114823733943,D,,0.0,0.0,0.0,0.0,0.0,0.0,0.0,0.0,0.0,0.0,0.0,0.0,0.0,0.0,0.0
1556,2024-08-02,J.League,藤枝MYFC,山口,1464,1430,34,1492,1474,18,5,4,1,1,0,37,38,1,8,7,1,4,7,8,14,-4,-7,3,0.2,0.0,0.0,0.0,0.0,0.5,0.4,0.0999999999999999,1.0,1.0,0.0,0.2962962962962963,0.3703703703703703,-0.074074074074074,1.6875,1.35,0.3374999999999999,34,1,1,0.074074074074074,0.3374999999999999,12.232314814814814,4,2,2,1,0,1,0,2,-2,1,0,1,0,1,0,8,1556,0.9,0.0999999999999999,0.2194715125976648,D,,0.0,0.0,0.0,0.0,0.0,0.0,0.0,0.0,0.0,0.0,0.0,0.0,0.0,0.0,0.0
1556,2024-08-02,Cup/Other,大分,FC今治,1500,1522,-22,1500,1541,-41,0,4,-4,0,1,0,25,25,0,21,-21,0,9,0,6,0,3,-3,0.0,0.5,0.0,0.8333333333333334,-0.8333333333333334,0.0,1.0,-1.0,0.0,0.1666666666666666,-0.1666666666666666,0.0,0.5555555555555555,-0.5555555555555555,0.0,2.7,-2.7,22,25,21,0.5555555555555555,2.7,14.60111111111111,0,4,-4,0,1,-1,0,1,-1,0,0,0,0,0,0,8,1556,1.0,1.0,0.2057536963651551,A,,0.0,0.0,0.0,0.0,0.0,0.0,0.0,0.0,0.0,0.0,0.0,0.0,0.0,0.0,0.0
1556,2024-08-02,J.League,高知,福島,1500,1499,1,1491,1509,-18,3,5,-2,1,1,47,40,-7,3,5,-2,1,3,1,3,0,0,0,0.5,0.25,0.0,1.0,-1.0,0.0,1.0,-1.0,1.0,0.0,1.0,0.3703703703703703,0.5555555555555555,-0.1851851851851851,2.7,1.8,0.9000000000000001,1,7,2,0.1851851851851851,0.9000000000000001,2.317037037037037,3,4,-1,1,1,0,1,2,-1,0,0,0,0,0,0,8,1556,1.0,1.0,0.2057567445003279,H,,0.0,0.0,0.0,0.0,0.0,0.0,0.0,0.0,0.0,0.0,0.0,0.0,0.0,0.0,0.0
1556,2024-08-02,J.League,八戸,鳥取,1511,1508,3,1509,1500,9,3,6,-3,1,2,46,39,-7,3,6,-3,1,2,0,1,1,1,0,1.0,0.6666666666666666,1.0,0.0,1.0,1.0,0.0,1.0,0.0,0.0,0.0,0.7407407407407407,0.4938271604938271,0.2469135802469136,2.0,4.050000000000001,-2.0500000000000007,3,7,3,0.2469135802469136,2.0500000000000007,3.259382716049383,3,6,-3,1,2,-1,1,2,-1,0,0,0,0,0,0,8,1556,1.0,1.0,0.2040574372712133,H,,0.0,0.0,0.0,0.0,0.0,0.0,0.0,0.0,0.0,0.0,0.0,0.0,0.0,0.0,0.0
1556,2024-08-02,J.League,相模原,宮崎,1502,1500,2,1500,1500,0,4,2,2,1,0,45,50,5,4,2,2,2,2,2,2,0,0,0,0.3333333333333333,0.0,0.5,0.0,0.5,0.5,1.0,-0.5,0.5,1.0,-0.5,0.4938271604938271,0.7407407407407407,-0.2469135802469136,2.0250000000000004,1.35,0.6750000000000003,2,5,2,0.2469135802469136,0.6750000000000003,2.134382716049383,4,2,2,1,0,1,1,2,-1,0,0,0,0,0,0,8,1556,1.5,0.5,0.3657870585270266,H,,0.0,0.0,0.0,0.0,0.0,0.0,0.0,0.0,0.0,0.0,0.0,0.0,0.0,0.0,0.0
1555,2024-07-21,Cup/Other,アビスパ福岡,2,1466,1500,-34,1489,1500,-11,5,0,5,1,0,16,0,-16,34,0,34,16,0,19,0,-3,0,-3,0.3214285714285714,0.0,0.2666666666666666,0.0,0.2666666666666666,0.6666666666666666,0.0,0.6666666666666666,0.7333333333333333,0.0,0.7333333333333333,0.4232804232804232,0.0,0.4232804232804232,1.9894736842105265,0.0,1.9894736842105265,34,16,34,0.4232804232804232,1.9894736842105265,16.38255082149819,2,0,2,0,0,0,2,0,2,0,0,0,0,0,0,7,1555,0.6666666666666666,0.6666666666666666,0.2127493073715353,H,,0.0,0.0,0.0,0.0,0.0,0.0,0.0,0.0,0.0,0.0,0.0,0.0,0.0,0.0,0.0
1555,2024-07-21,Cup/Other,岐阜,1,1475,1500,-25,1491,1500,-9,1,0,1,0,0,54,0,-54,1,0,1,1,0,3,0,-2,0,-2,0.0,0.0,0.0,0.0,0.0,0.5,0.0,0.5,1.0,0.0,1.0,0.2469135802469135,0.0,0.2469135802469135,1.35,0.0,1.35,25,54,1,0.2469135802469135,1.35,22.569382716049383,1,0,1,0,0,0,0,0,0,2,0,2,0,0,0,7,1555,0.5,0.5,0.1828854012642867,H,,0.0,0.0,0.0,0.0,0.0,0.0,0.0,0.0,0.0,0.0,0.0,0.0,0.0,0.0,0.0
1555,2024-07-21,Cup/Other,鹿児島,2,1468,1500,-32,1492,1500,-8,0,0,0,0,0,59,0,-59,0,0,0,0,0,3,0,-3,0,-3,0.0,0.0,0.0,0.0,0.0,0.0,0.0,0.0,1.0,0.0,1.0,0.0,0.0,0.0,1.35,0.0,1.35,32,59,0,0.0,1.35,26.22,0,0,0,0,0,0,0,0,0,3,0,3,0,0,0,7,1555,0.0,0.0,0.0,A,,0.0,0.0,0.0,0.0,0.0,0.0,0.0,0.0,0.0,0.0,0.0,0.0,0.0,0.0,0.0
1554,2024-07-20,J.League,FC東京,浦和レッズ,1465,1539,-74,1507,1480,27,3,7,-4,1,2,17,14,-3,32,35,-3,12,13,16,10,-4,3,-7,0.3846153846153846,0.5238095238095238,0.5,0.2727272727272727,0.2272727272727273,0.5833333333333334,0.4545454545454545,0.1287878787878788,0.5,0.7272727272727273,-0.2272727272727273,0.3418803418803419,0.4585537918871252,-0.1166734500067833,2.19375,2.8350000000000004,-0.6412500000000003,74,3,3,0.1166734500067833,0.6412500000000003,26.80158469000136,3,3,0,1,1,0,0,1,-1,1,0,1,0,0,1,7,1554,1.0378787878787878,0.1287878787878788,0.1591684249415804,H,32381,0.604535,0.517,0.636364,11.0,20.0,0.635729,0.572072,0.818182,12.0,20.0,-0.031193999999999944,-0.05507200000000001,-0.18181799999999992,-1.0,0.0
1554,2024-07-20,J.League,湘南ベルマーレ,セレッソ大阪,1480,1517,-37,1509,1485,24,7,9,-2,2,3,10,11,1,38,37,1,16,15,17,15,-1,0,-1,0.3928571428571428,0.4230769230769231,0.4615384615384615,0.3333333333333333,0.1282051282051282,0.6923076923076923,0.5,0.1923076923076923,0.5384615384615384,0.6666666666666666,-0.1282051282051282,0.4232804232804232,0.4273504273504273,-0.004070004070004,2.2235294117647064,2.3400000000000003,-0.1164705882352938,37,1,1,0.004070004070004,0.1164705882352938,13.22410811846106,1,6,-5,0,2,-2,0,1,-1,2,0,2,1,0,0,7,1554,1.1923076923076923,0.1923076923076923,0.1863934982183228,A,32382,0.622701,0.511115,0.636364,11.0,20.0,0.569639,0.504817,0.818182,11.0,20.0,0.05306199999999994,0.006298000000000026,-0.18181799999999992,0.0,0.0
1554,2024-07-20,J.League,鹿島アントラーズ,柏レイソル,1570,1586,-16,1548,1560,-12,7,13,-6,2,4,1,3,2,57,48,9,21,20,12,11,9,9,0,0.6,0.56,0.6,0.75,-0.15,0.8,0.8333333333333334,-0.0333333333333333,0.4,0.25,0.15,0.5185185185185185,0.5925925925925926,-0.074074074074074,3.375,3.0681818181818183,0.3068181818181816,16,2,9,0.074074074074074,0.3068181818181816,6.176178451178451,6,7,-1,2,2,0,1,5,-4,0,0,0,1,0,0,7,1554,1.6333333333333333,0.0333333333333333,0.1724449034614238,H,32383,0.659118,0.584865,0.727273,12.0,20.0,0.628998,0.554046,1.0,11.0,20.0,0.030120000000000036,0.03081899999999993,-0.27272700000000005,1.0,0.0
1554,2024-07-20,J.League,アルビレックス新潟,サンフレッチェ広島,1481,1522,-41,1499,1507,-8,6,10,-4,2,3,19,9,-10,31,38,-7,15,14,18,13,-3,1,-4,0.3076923076923077,0.48,0.3333333333333333,0.4545454545454545,-0.1212121212121212,0.6666666666666666,0.5454545454545454,0.1212121212121212,0.6666666666666666,0.5454545454545454,0.1212121212121212,0.4273504273504273,0.4148148148148148,0.0125356125356124,1.95,2.5961538461538463,-0.6461538461538461,41,10,7,0.0125356125356124,0.6461538461538461,16.981737891737893,3,6,-3,1,2,-1,0,2,-2,2,0,2,1,0,0,7,1554,1.212121212121212,0.1212121212121212,0.185243778870315,A,32387,0.423063,0.367419,0.545455,6.0,16.0,0.694188,0.616914,0.727273,13.0,20.0,-0.271125,-0.24949499999999997,-0.18181799999999992,-7.0,-4.0
1554,2024-07-20,J.League,ファジアーノ岡山,ヴィッセル神戸,1472,1535,-63,1503,1521,-18,4,11,-7,1,3,16,13,-3,32,36,-4,14,14,16,12,-2,2,-4,0.36,0.4782608695652174,0.4285714285714285,0.5,-0.0714285714285714,0.6428571428571429,0.6666666666666666,-0.0238095238095237,0.5714285714285714,0.5,0.0714285714285714,0.4148148148148148,0.4508856682769726,-0.0360708534621578,2.109375,2.5875000000000004,-0.4781250000000003,63,3,4,0.0360708534621578,0.4781250000000003,22.90283917069243,3,5,-2,1,1,0,0,5,-5,2,0,2,0,0,0,7,1554,1.3095238095238095,0.0238095238095237,0.1843102173402641,A,32389,0.588324,0.511277,1.0,10.0,19.0,0.607458,0.553358,0.909091,11.0,19.0,-0.019134000000000095,-0.042081000000000035,0.09090900000000002,-1.0,0.0
1554,2024-07-20,J.League,東京ヴェルディ,町田,1531,1572,-41,1533,1537,-4,7,12,-5,2,4,4,2,-2,47,51,-4,19,21,16,13,3,8,-5,0.4666666666666667,0.5357142857142857,0.6,0.5,0.0999999999999999,0.6666666666666666,0.8125,-0.1458333333333333,0.4,0.5,-0.0999999999999999,0.4691358024691358,0.5555555555555555,-0.0864197530864196,2.53125,2.907692307692308,-0.3764423076923076,41,2,4,0.0864197530864196,0.3764423076923076,14.942572412155744,7,9,-2,2,3,-1,3,4,-1,0,0,0,0,0,0,7,1554,1.4791666666666663,0.1458333333333333,0.1883955483441441,A,32384,0.633236,0.583883,0.818182,12.0,20.0,0.6205,0.556033,1.0,10.0,19.0,0.01273599999999997,0.02785000000000004,-0.18181800000000004,2.0,1.0
1554,2024-07-20,J.League,清水エスパルス,横浜FC,1482,1446,36,1524,1479,45,5,1,4,1,0,18,21,3,31,29,2,13,13,15,20,-2,-7,5,0.375,0.2857142857142857,0.5454545454545454,0.25,0.2954545454545454,0.7272727272727273,0.5,0.2272727272727273,0.4545454545454545,0.75,-0.2954545454545454,0.4012345679012345,0.3439153439153439,0.0573192239858906,2.16,1.89,0.27,36,3,2,0.0573192239858906,0.27,13.41546384479718,3,1,2,1,0,1,1,1,0,0,0,0,0,0,1,7,1554,1.2272727272727273,0.2272727272727273,0.1839830897549636,H,32385,0.651472,0.599361,0.818182,12.0,20.0,0.603903,0.535225,0.818182,12.0,19.0,0.04756900000000008,0.06413600000000008,0.0,0.0,1.0
1554,2024-07-20,J.League,横浜F・マリノス,名古屋グランパス,1478,1532,-54,1515,1471,44,7,8,-1,2,2,20,6,-14,29,43,-14,11,19,14,16,-3,3,-6,0.391304347826087,0.4285714285714285,0.5454545454545454,0.2,0.3454545454545454,0.6363636363636364,0.5333333333333333,0.103030303030303,0.4545454545454545,0.8,-0.3454545454545455,0.3542673107890499,0.5026455026455027,-0.1483781918564528,2.217857142857143,2.3625000000000003,-0.1446428571428573,54,14,14,0.1483781918564528,0.1446428571428573,22.458604209799866,4,7,-3,1,2,-1,2,4,-2,0,0,0,0,0,1,7,1554,1.1696969696969697,0.103030303030303,0.1870801945545631,H,32386,0.599028,0.5428,0.545455,11.0,19.0,0.640785,0.564086,0.909091,12.0,20.0,-0.041757000000000044,-0.021286000000000027,-0.36363599999999996,-1.0,-1.0
1554,2024-07-20,J.League,ガンバ大阪,川崎フロンターレ,1512,1561,-49,1509,1527,-18,8,7,1,2,2,8,7,-1,39,40,-1,17,18,16,12,1,6,-5,0.4074074074074074,0.4782608695652174,0.5,0.4615384615384615,0.0384615384615384,0.6,0.7692307692307693,-0.1692307692307693,0.5,0.5384615384615384,-0.0384615384615384,0.4663923182441701,0.5797101449275363,-0.1133178266833661,2.278125,2.5875000000000004,-0.3093750000000002,49,1,1,0.1133178266833661,0.3093750000000002,17.484538565336674,4,4,0,1,1,0,2,2,0,0,0,0,0,1,0,7,1554,1.3692307692307693,0.1692307692307693,0.2149941608232496,H,32388,0.608514,0.543083,0.727273,11.0,19.0,0.578549,0.484156,0.727273,12.0,19.0,0.02996500000000002,0.05892700000000001,0.0,-1.0,0.0
1554,2024-07-20,J.League,讃岐,高知,1473,1488,-15,1483,1500,-17,3,0,3,1,0,47,54,7,3,0,3,1,0,3,1,-2,-1,-1,0.25,0.0,0.25,0.0,0.25,0.25,0.0,0.25,0.75,0.0,0.75,0.1851851851851851,0.0,0.1851851851851851,1.8,1.35,0.4499999999999999,15,7,3,0.1851851851851851,0.4499999999999999,7.127037037037037,3,0,3,1,0,1,1,0,1,0,1,-1,0,0,0,7,1554,0.25,0.25,0.0587870814212835,A,,0.0,0.0,0.0,0.0,0.0,0.0,0.0,0.0,0.0,0.0,0.0,0.0,0.0,0.0,0.0
1554,2024-07-20,J.League,長野,松本,1499,1499,0,1500,1500,0,1,1,0,0,0,50,49,-1,1,1,0,1,1,1,1,0,0,0,0.0,0.0,0.0,0.0,0.0,1.0,0.0,1.0,1.0,0.0,1.0,0.7407407407407407,0.7407407407407407,0.0,1.35,1.35,0.0,0,1,0,0.0,0.0,0.25,1,1,0,0,0,0,1,1,0,0,0,0,0,0,0,7,1554,1.0,1.0,0.5486765236404137,H,,0.0,0.0,0.0,0.0,0.0,0.0,0.0,0.0,0.0,0.0,0.0,0.0,0.0,0.0,0.0
1554,2024-07-20,J.League,福島,FC琉球,1500,1487,13,1491,1500,-9,4,1,3,1,0,44,51,7,4,1,3,2,1,2,2,0,-1,1,0.3333333333333333,0.0,0.0,0.0,0.0,0.5,0.0,0.5,1.0,0.0,1.0,0.4938271604938271,0.3703703703703703,0.1234567901234567,2.0250000000000004,1.35,0.6750000000000003,13,7,3,0.1234567901234567,0.6750000000000003,6.459691358024691,4,1,3,1,0,1,1,0,1,0,1,-1,0,0,0,7,1554,0.5,0.5,0.2560509409689186,D,,0.0,0.0,0.0,0.0,0.0,0.0,0.0,0.0,0.0,0.0,0.0,0.0,0.0,0.0,0.0
1554,2024-07-20,J.League,鳥取,沼津,1498,1487,11,1501,1500,1,3,0,3,1,0,45,55,10,3,0,3,1,0,1,1,0,-1,1,0.5,0.0,0.5,0.0,0.5,0.5,0.0,0.5,0.5,0.0,0.5,0.3703703703703703,0.0,0.3703703703703703,2.7,1.35,1.35,11,10,3,0.3703703703703703,1.35,6.694074074074074,3,0,3,1,0,1,1,0,1,0,1,-1,0,0,0,7,1554,0.5,0.5,0.0914472162095677,H,,0.0,0.0,0.0,0.0,0.0,0.0,0.0,0.0,0.0,0.0,0.0,0.0,0.0,0.0,0.0
1553,2024-07-16,J.League,セレッソ大阪,徳島ヴォルティス,1505,1530,-25,1510,1516,-6,9,7,2,3,2,15,24,9,34,24,10,14,10,15,6,-1,4,-5,0.4,0.5384615384615384,0.4615384615384615,0.5,-0.0384615384615384,0.6153846153846154,0.8333333333333334,-0.2179487179487179,0.5384615384615384,0.5,0.0384615384615384,0.4148148148148148,0.5698005698005698,-0.154985754985755,2.2500000000000004,2.925,-0.6749999999999994,25,9,10,0.154985754985755,0.6749999999999994,11.165997150997152,6,4,2,2,1,1,0,1,-1,1,0,1,0,0,0,7,1553,1.448717948717949,0.2179487179487179,0.1902601659128103,H,,0.0,0.0,0.0,0.0,0.0,0.0,0.0,0.0,0.0,0.0,0.0,0.0,0.0,0.0,0.0
1553,2024-07-16,J.League,湘南ベルマーレ,清水エスパルス,1494,1468,26,1520,1452,68,8,2,6,2,0,9,20,11,38,28,10,16,12,16,15,0,-3,3,0.4074074074074074,0.3478260869565217,0.5,0.1666666666666666,0.3333333333333333,0.75,0.3333333333333333,0.4166666666666667,0.5,0.8333333333333334,-0.3333333333333333,0.4389574759945129,0.3864734299516907,0.0524840460428222,2.278125,2.0700000000000003,0.2081249999999999,26,11,10,0.0524840460428222,0.2081249999999999,11.902121809208564,4,1,3,1,0,1,0,0,0,1,2,-1,0,0,1,7,1553,1.0833333333333333,0.4166666666666667,0.1898316913099491,A,32516,0.593292,0.507469,0.909091,9.0,20.0,0.606681,0.526761,0.636364,10.0,20.0,-0.013388999999999984,-0.019292000000000087,0.27272699999999994,-1.0,0.0
1553,2024-07-16,J.League,京都サンガF.C.,横浜FC,1514,1443,71,1493,1479,14,10,3,7,3,1,4,21,17,45,28,17,17,12,16,19,1,-7,8,0.4666666666666667,0.2962962962962963,0.4,0.2727272727272727,0.1272727272727273,0.5333333333333333,0.4545454545454545,0.0787878787878788,0.6,0.7272727272727273,-0.1272727272727273,0.419753086419753,0.3292181069958847,0.0905349794238683,2.53125,1.918421052631579,0.612828947368421,71,17,17,0.0905349794238683,0.612828947368421,29.240672785358456,7,0,7,2,0,2,4,0,4,0,4,-4,0,0,1,7,1553,0.9878787878787878,0.0787878787878788,0.1683167930567346,D,32264,0.59616,0.525725,0.727273,10.0,20.0,0.612005,0.538579,1.0,12.0,20.0,-0.015844999999999998,-0.012854000000000032,-0.27272700000000005,-2.0,0.0
1553,2024-07-16,J.League,ヴィッセル神戸,ヴァンフォーレ甲府,1536,1512,24,1501,1518,-17,13,12,1,4,4,13,32,19,35,18,17,13,6,11,6,2,0,2,0.5,0.5,0.5,0.6666666666666666,-0.1666666666666666,0.5,0.6666666666666666,-0.1666666666666666,0.5,0.3333333333333333,0.1666666666666666,0.4377104377104377,0.3703703703703703,0.0673400673400673,2.7,2.7,0.0,24,19,17,0.0673400673400673,0.0,13.163468013468012,7,9,-2,2,3,-1,5,4,1,0,0,0,0,0,0,7,1553,1.1666666666666663,0.1666666666666666,0.1496418229441692,D,,0.0,0.0,0.0,0.0,0.0,0.0,0.0,0.0,0.0,0.0,0.0,0.0,0.0,0.0,0.0
1553,2024-07-16,J.League,東京ヴェルディ,サガン鳥栖,1519,1536,-17,1524,1511,13,4,13,-9,1,4,5,25,20,44,23,21,18,9,16,6,2,3,-1,0.4482758620689655,0.5384615384615384,0.5714285714285714,0.5,0.0714285714285714,0.6428571428571429,0.6666666666666666,-0.0238095238095237,0.4285714285714285,0.5,-0.0714285714285714,0.4597701149425287,0.5128205128205128,-0.053050397877984,2.4468750000000004,2.925,-0.4781249999999994,17,20,21,0.053050397877984,0.4781249999999994,11.056235079575597,4,7,-3,1,2,-1,2,5,-3,0,0,0,0,0,0,7,1553,1.3095238095238095,0.0238095238095237,0.1810489862225795,H,,0.0,0.0,0.0,0.0,0.0,0.0,0.0,0.0,0.0,0.0,0.0,0.0,0.0,0.0,0.0
1553,2024-07-16,J.League,ガンバ大阪,モンテディオ山形,1513,1500,13,1508,1541,-33,7,3,4,2,1,8,22,14,38,27,11,16,11,15,9,1,2,-1,0.4230769230769231,0.4705882352941176,0.5555555555555556,0.8333333333333334,-0.2777777777777778,0.5555555555555556,1.0,-0.4444444444444444,0.4444444444444444,0.1666666666666666,0.2777777777777778,0.4558404558404558,0.4793028322440087,-0.0234623764035528,2.3400000000000003,2.5500000000000003,-0.2099999999999999,13,14,11,0.0234623764035528,0.2099999999999999,8.096692475280712,6,3,3,2,1,1,1,0,1,0,2,-2,0,0,0,7,1553,1.5555555555555556,0.4444444444444444,0.191231935560513,D,,0.0,0.0,0.0,0.0,0.0,0.0,0.0,0.0,0.0,0.0,0.0,0.0,0.0,0.0,0.0
1553,2024-07-16,J.League,鹿島アントラーズ,V・ファーレン長崎,1558,1560,-2,1539,1540,-1,7,11,-4,2,3,1,16,15,54,33,21,20,15,12,8,8,7,1,0.5862068965517241,0.5294117647058824,0.5714285714285714,0.625,-0.0535714285714286,0.7857142857142857,1.0,-0.2142857142857143,0.4285714285714285,0.375,0.0535714285714285,0.5108556832694764,0.65359477124183,-0.1427390879723535,3.2625,2.8687500000000004,0.3937499999999998,2,15,21,0.1427390879723535,0.3937499999999998,4.557297817594471,3,7,-4,1,2,-1,0,5,-5,1,0,1,0,0,0,7,1553,1.7857142857142856,0.2142857142857143,0.1899174658943473,H,,0.0,0.0,0.0,0.0,0.0,0.0,0.0,0.0,0.0,0.0,0.0,0.0,0.0,0.0,0.0
1553,2024-07-16,J.League,サンフレッチェ広島,藤枝MYFC,1513,1457,56,1497,1477,20,10,8,2,3,2,14,38,24,35,8,27,13,4,13,9,0,-5,5,0.4583333333333333,0.1818181818181818,0.4615384615384615,0.25,0.2115384615384615,0.5384615384615384,0.375,0.1634615384615384,0.5384615384615384,0.75,-0.2115384615384615,0.4012345679012345,0.2693602693602693,0.1318742985409651,2.492307692307693,1.65,0.8423076923076929,56,24,27,0.1318742985409651,0.8423076923076929,25.79483639816973,6,5,1,2,1,1,1,3,-2,0,0,0,0,0,0,7,1553,0.9134615384615384,0.1634615384615384,0.1618852819597586,H,,0.0,0.0,0.0,0.0,0.0,0.0,0.0,0.0,0.0,0.0,0.0,0.0,0.0,0.0,0.0
1553,2024-07-16,Cup/Other,FC東京,大分,1465,1500,-35,1507,1500,7,3,0,3,1,0,19,0,-19,32,0,32,12,0,16,0,-4,0,-4,0.3846153846153846,0.0,0.5,0.0,0.5,0.5833333333333334,0.0,0.5833333333333334,0.5,0.0,0.5,0.3418803418803419,0.0,0.3418803418803419,2.19375,0.0,2.19375,35,19,32,0.3418803418803419,2.19375,17.507126068376067,3,0,3,1,0,1,0,0,0,1,0,1,0,0,0,7,1553,0.5833333333333334,0.5833333333333334,0.1558357872599958,H,,0.0,0.0,0.0,0.0,0.0,0.0,0.0,0.0,0.0,0.0,0.0,0.0,0.0,0.0,0.0
1553,2024-07-16,J.League,町田,富山,1563,1499,64,1516,1492,24,9,10,-1,3,3,3,31,28,48,19,29,20,9,13,10,7,-1,8,0.5185185185185185,0.3333333333333333,0.5454545454545454,0.3,0.2454545454545454,0.6363636363636364,0.6,0.0363636363636363,0.4545454545454545,0.7,-0.2454545454545454,0.5486968449931412,0.4444444444444444,0.1042524005486967,2.803846153846154,2.0250000000000004,0.7788461538461537,64,28,29,0.1042524005486967,0.7788461538461537,29.57661971087897,9,9,0,3,3,0,3,3,0,0,0,0,0,0,0,7,1553,1.2363636363636363,0.0363636363636363,0.2056641879608803,H,,0.0,0.0,0.0,0.0,0.0,0.0,0.0,0.0,0.0,0.0,0.0,0.0,0.0,0.0,0.0
1553,2024-07-16,J.League,川崎フロンターレ,相模原,1554,1488,66,1518,1491,27,9,3,6,3,1,7,49,42,39,3,36,17,1,13,2,4,-1,5,0.4583333333333333,0.3333333333333333,0.5,0.0,0.5,0.7,0.0,0.7,0.5,1.0,-0.5,0.5246913580246914,0.2469135802469135,0.2777777777777778,2.492307692307693,2.0250000000000004,0.4673076923076924,66,42,36,0.2777777777777778,0.4673076923076924,33.74901709401709,3,3,0,1,1,0,1,0,1,0,1,-1,0,0,0,7,1553,0.7,0.7,0.1708070182785372,D,,0.0,0.0,0.0,0.0,0.0,0.0,0.0,0.0,0.0,0.0,0.0,0.0,0.0,0.0,0.0
1553,2024-07-16,J.League,アビスパ福岡,北九州,1471,1499,-28,1489,1500,-11,5,3,2,1,1,11,48,37,36,3,33,16,1,18,1,-2,0,-2,0.3571428571428571,0.5,0.2857142857142857,0.0,0.2857142857142857,0.6428571428571429,0.0,0.6428571428571429,0.7142857142857143,0.0,0.7142857142857143,0.4232804232804232,0.3703703703703703,0.0529100529100528,2.1,2.7,-0.6000000000000001,28,37,33,0.0529100529100528,0.6000000000000001,19.180582010582008,4,3,1,1,1,0,1,1,0,0,0,0,0,0,0,7,1553,0.6428571428571429,0.6428571428571429,0.1653404707507746,D,,0.0,0.0,0.0,0.0,0.0,0.0,0.0,0.0,0.0,0.0,0.0,0.0,0.0,0.0,0.0
1553,2024-07-16,J.League,名古屋グランパス,熊本,1524,1453,71,1538,1475,63,8,4,4,2,1,6,35,29,43,12,31,19,6,17,11,2,-5,7,0.4137931034482758,0.2142857142857142,0.6153846153846154,0.1666666666666666,0.4487179487179488,0.7692307692307693,0.3333333333333333,0.4358974358974359,0.3846153846153846,0.8333333333333334,-0.4487179487179487,0.4853128991060025,0.3174603174603174,0.167852581645685,2.3029411764705885,1.7181818181818185,0.5847593582887702,71,29,31,0.167852581645685,0.5847593582887702,32.250522387986884,5,0,5,1,0,1,3,0,3,0,3,-3,0,0,0,7,1553,1.1025641025641026,0.4358974358974359,0.1996340958046549,H,,0.0,0.0,0.0,0.0,0.0,0.0,0.0,0.0,0.0,0.0,0.0,0.0,0.0,0.0,0.0
1552,2024-07-12,J.League,ブラウブリッツ秋田,熊本,1452,1457,-5,1459,1484,-25,2,4,-2,0,1,31,35,4,17,12,5,7,6,11,11,-4,-5,1,0.3125,0.2142857142857142,0.2,0.2,0.0,0.3,0.4,-0.1,0.8,0.8,0.0,0.324074074074074,0.3174603174603174,0.0066137566137566,1.963636363636364,1.7181818181818185,0.2454545454545456,5,4,5,0.0066137566137566,0.2454545454545456,2.8004136604136605,1,1,0,0,0,0,0,0,0,1,2,-1,0,0,0,7,1552,0.7,0.1,0.1742391763897352,H,,0.0,0.0,0.0,0.0,0.0,0.0,0.0,0.0,0.0,0.0,0.0,0.0,0.0,0.0,0.0
1552,2024-07-12,J.League,水戸ホーリーホック,富山,1543,1483,60,1500,1483,17,13,7,6,4,2,27,32,5,19,16,3,7,8,3,10,4,-2,6,0.6666666666666666,0.2857142857142857,0.3333333333333333,0.2222222222222222,0.1111111111111111,0.6666666666666666,0.5555555555555556,0.111111111111111,0.6666666666666666,0.7777777777777778,-0.1111111111111111,0.5761316872427983,0.4232804232804232,0.152851263962375,4.050000000000001,1.89,2.1600000000000006,60,5,3,0.152851263962375,2.1600000000000006,22.712570252792474,9,6,3,3,2,1,5,2,3,0,0,0,0,0,0,7,1552,1.2222222222222223,0.111111111111111,0.1682483645937309,A,,0.0,0.0,0.0,0.0,0.0,0.0,0.0,0.0,0.0,0.0,0.0,0.0,0.0,0.0,0.0
1552,2024-07-12,J.League,ヴァンフォーレ甲府,大宮,1500,1533,-33,1475,1526,-51,9,10,-1,3,3,33,34,1,15,14,1,5,6,6,3,-1,3,-4,0.4545454545454545,0.5714285714285714,0.2,0.75,-0.55,0.2,1.0,-0.8,0.8,0.25,0.55,0.3367003367003366,0.6349206349206349,-0.2982202982202982,2.4750000000000005,3.1500000000000004,-0.6749999999999998,33,1,1,0.2982202982202982,0.6749999999999998,11.994644059644058,9,7,2,3,2,1,3,3,0,0,0,0,0,0,0,7,1552,1.2,0.8,0.1727295464295695,H,,0.0,0.0,0.0,0.0,0.0,0.0,0.0,0.0,0.0,0.0,0.0,0.0,0.0,0.0,0.0
1552,2024-07-12,J.League,山口,徳島ヴォルティス,1427,1541,-114,1475,1526,-51,3,9,-6,0,3,36,23,-13,10,26,-16,8,10,15,5,-7,5,-12,0.0625,0.6153846153846154,0.1111111111111111,0.6666666666666666,-0.5555555555555556,0.5555555555555556,0.8333333333333334,-0.2777777777777778,0.8888888888888888,0.3333333333333333,0.5555555555555556,0.3703703703703703,0.5698005698005698,-0.1994301994301994,1.4400000000000002,3.51,-2.0700000000000003,114,13,16,0.1994301994301994,2.0700000000000003,43.60388603988604,2,3,-1,0,1,-1,1,0,1,0,1,-1,0,0,0,7,1552,1.3888888888888888,0.2777777777777778,0.1899296863034969,D,,0.0,0.0,0.0,0.0,0.0,0.0,0.0,0.0,0.0,0.0,0.0,0.0,0.0,0.0,0.0
1552,2024-07-12,J.League,ジュビロ磐田,北海道コンサドーレ札幌,1496,1490,6,1500,1485,15,7,8,-1,2,2,25,26,1,23,20,3,9,10,10,12,-1,-2,1,0.4117647058823529,0.2941176470588235,0.5,0.25,0.25,0.5,0.5,0.0,0.5,0.75,-0.25,0.392156862745098,0.4357298474945533,-0.0435729847494553,2.295,1.9125,0.3824999999999998,6,1,3,0.0435729847494553,0.3824999999999998,2.4352145969498906,6,5,1,2,1,1,0,3,-3,1,0,1,1,0,0,7,1552,1.0,0.0,0.1967598417719487,H,,0.0,0.0,0.0,0.0,0.0,0.0,0.0,0.0,0.0,0.0,0.0,0.0,0.0,0.0,0.0
1552,2024-07-12,J.League,いわきFC,V・ファーレン長崎,1457,1563,-106,1476,1541,-65,8,13,-5,2,4,37,16,-21,9,32,-23,5,14,10,7,-5,7,-12,0.1666666666666666,0.5625,0.1666666666666666,0.7142857142857143,-0.5476190476190477,0.3333333333333333,1.0,-0.6666666666666667,0.8333333333333334,0.2857142857142857,0.5476190476190477,0.3086419753086419,0.6481481481481481,-0.3395061728395062,1.62,3.085714285714286,-1.4657142857142855,106,21,23,0.3395061728395062,1.4657142857142855,42.71104409171075,4,9,-5,1,3,-2,2,5,-3,0,0,0,1,0,0,7,1552,1.3333333333333333,0.6666666666666667,0.20332084212532,D,,0.0,0.0,0.0,0.0,0.0,0.0,0.0,0.0,0.0,0.0,0.0,0.0,0.0,0.0,0.0
1552,2024-07-12,J.League,FC今治,愛媛FC,1512,1453,59,1475,1500,-25,4,5,-1,1,1,30,41,11,18,5,13,8,3,6,7,2,-4,6,0.4545454545454545,0.125,0.0,0.0,0.0,0.4,1.0,-0.6,1.0,1.0,0.0,0.5387205387205387,0.2777777777777777,0.260942760942761,2.4750000000000005,1.542857142857143,0.9321428571428576,59,11,13,0.260942760942761,0.9321428571428576,23.638617123617124,1,4,-3,0,1,-1,0,2,-2,1,0,1,0,0,0,7,1552,1.4,0.6,0.2032123010445327,H,,0.0,0.0,0.0,0.0,0.0,0.0,0.0,0.0,0.0,0.0,0.0,0.0,0.0,0.0,0.0
1552,2024-07-12,J.League,モンテディオ山形,ジェフユナイテッド千葉,1519,1511,8,1488,1522,-34,4,4,0,1,1,20,29,9,30,19,11,12,7,8,6,4,1,3,0.5294117647058824,0.5,0.3636363636363636,0.6,-0.2363636363636363,0.5454545454545454,0.7,-0.1545454545454545,0.6363636363636364,0.4,0.2363636363636363,0.5228758169934641,0.4320987654320987,0.0907770515613653,2.8687500000000004,2.7,0.1687500000000001,8,9,11,0.0907770515613653,0.1687500000000001,5.101905410312273,3,3,0,1,1,0,0,0,0,1,2,-1,1,0,0,7,1552,1.2454545454545454,0.1545454545454545,0.1714850610854238,A,,0.0,0.0,0.0,0.0,0.0,0.0,0.0,0.0,0.0,0.0,0.0,0.0,0.0,0.0,0.0
1552,2024-07-12,J.League,藤枝MYFC,ベガルタ仙台,1456,1527,-71,1483,1518,-35,7,10,-3,2,3,39,28,-11,7,19,-12,3,7,8,4,-5,3,-8,0.2,0.6,0.0,0.75,-0.75,0.0,0.75,-0.75,1.0,0.25,0.75,0.2222222222222222,0.5185185185185185,-0.2962962962962963,1.6875,3.375,-1.6875,71,11,12,0.2962962962962963,1.6875,27.996759259259257,4,6,-2,1,2,-1,2,0,2,0,1,-1,0,0,0,7,1552,0.75,0.75,0.146316268466942,D,,0.0,0.0,0.0,0.0,0.0,0.0,0.0,0.0,0.0,0.0,0.0,0.0,0.0,0.0,0.0
1552,2024-07-12,Cup/Other,サガン鳥栖,大分,1543,1500,43,1516,1500,16,13,0,13,4,0,24,0,-24,26,0,26,10,0,6,0,4,0,4,0.5714285714285714,0.0,0.5714285714285714,0.0,0.5714285714285714,0.7142857142857143,0.0,0.7142857142857143,0.4285714285714285,0.0,0.4285714285714285,0.5291005291005291,0.0,0.5291005291005291,3.1500000000000004,0.0,3.1500000000000004,43,24,26,0.5291005291005291,3.1500000000000004,21.7858201058201,7,0,7,2,0,2,5,0,5,0,0,0,0,0,0,7,1552,0.7142857142857143,0.7142857142857143,0.1679630897750957,H,,0.0,0.0,0.0,0.0,0.0,0.0,0.0,0.0,0.0,0.0,0.0,0.0,0.0,0.0,0.0
1552,2024-07-12,J.League,相模原,福島,1502,1475,27,1510,1491,19,3,1,2,1,0,44,53,9,3,1,2,1,1,1,3,0,-2,2,0.5,0.0,1.0,0.0,1.0,1.0,0.0,1.0,0.0,1.0,-1.0,0.3703703703703703,0.2469135802469135,0.1234567901234568,2.7,1.35,1.35,27,9,2,0.1234567901234568,1.35,11.99469135802469,3,1,2,1,0,1,1,0,1,0,1,-1,0,0,0,7,1552,1.0,1.0,0.1524120270159462,A,,0.0,0.0,0.0,0.0,0.0,0.0,0.0,0.0,0.0,0.0,0.0,0.0,0.0,0.0,0.0
1552,2024-07-12,J.League,讃岐,栃木SC,1461,1500,-39,1474,1500,-26,0,0,0,0,0,57,0,-57,0,0,0,0,0,3,0,-3,0,-3,0.0,0.0,0.0,0.0,0.0,0.0,0.0,0.0,1.0,0.0,1.0,0.0,0.0,0.0,1.35,0.0,1.35,39,57,0,0.0,1.35,28.17,0,0,0,0,0,0,0,0,0,3,0,3,0,0,0,7,1552,0.0,0.0,0.0,H,,0.0,0.0,0.0,0.0,0.0,0.0,0.0,0.0,0.0,0.0,0.0,0.0,0.0,0.0,0.0
1552,2024-07-12,J.League,FC大阪,宮崎,1509,1498,11,1499,1500,-1,6,2,4,2,0,40,48,8,6,2,4,2,2,1,2,1,0,1,0.6666666666666666,0.0,0.5,0.0,0.5,0.5,0.0,0.5,0.5,0.0,0.5,0.4938271604938271,0.7407407407407407,-0.2469135802469136,4.050000000000001,1.35,2.7000000000000006,11,8,4,0.2469135802469136,2.7000000000000006,6.439382716049383,6,2,4,2,0,2,0,2,-2,1,0,1,0,0,0,7,1552,0.5,0.5,0.2286194517202584,D,,0.0,0.0,0.0,0.0,0.0,0.0,0.0,0.0,0.0,0.0,0.0,0.0,0.0,0.0,0.0
1551,2024-07-05,J.League,町田,清水エスパルス,1546,1477,69,1501,1460,41,7,5,2,2,1,4,20,16,45,29,16,19,13,15,15,4,-2,6,0.4642857142857143,0.3478260869565217,0.4545454545454545,0.1818181818181818,0.2727272727272727,0.5454545454545454,0.3636363636363636,0.1818181818181817,0.5454545454545454,0.8181818181818182,-0.2727272727272728,0.5026455026455027,0.4186795491143316,0.083965953531171,2.5200000000000005,2.0700000000000003,0.4500000000000002,69,16,16,0.083965953531171,0.4500000000000002,28.256793190706237,6,2,4,2,0,2,2,0,2,0,1,-1,0,1,0,7,1551,0.9090909090909092,0.1818181818181817,0.2007200391625093,H,32371,0.65559,0.583444,1.0,12.0,20.0,0.576146,0.504161,0.818182,11.0,20.0,0.07944399999999996,0.07928299999999999,0.18181800000000004,1.0,0.0
1551,2024-07-05,J.League,ファジアーノ岡山,サンフレッチェ広島,1489,1510,-21,1518,1504,14,5,7,-2,1,2,16,11,-5,35,38,-3,15,14,15,13,0,1,-1,0.4,0.48,0.5,0.4545454545454545,0.0454545454545454,0.7142857142857143,0.5454545454545454,0.1688311688311689,0.5,0.5454545454545454,-0.0454545454545454,0.4444444444444444,0.4148148148148148,0.0296296296296296,2.2500000000000004,2.5961538461538463,-0.3461538461538458,21,5,3,0.0296296296296296,0.3461538461538458,8.675156695156694,3,4,-1,1,1,0,0,0,0,1,1,0,1,0,0,7,1551,1.2597402597402598,0.1688311688311689,0.177303807546358,A,32372,0.562873,0.4816,1.0,10.0,20.0,0.700833,0.648379,0.727273,13.0,20.0,-0.13796000000000008,-0.16677900000000007,0.27272700000000005,-3.0,0.0
1551,2024-07-05,J.League,セレッソ大阪,ガンバ大阪,1522,1498,24,1519,1490,29,12,5,7,4,1,10,12,2,38,38,0,16,16,15,16,1,0,1,0.4230769230769231,0.4074074074074074,0.4615384615384615,0.3125,0.1490384615384615,0.6923076923076923,0.625,0.0673076923076922,0.5384615384615384,0.6875,-0.1490384615384615,0.4558404558404558,0.4389574759945129,0.0168829798459428,2.3400000000000003,2.278125,0.0618750000000001,24,2,0,0.0168829798459428,0.0618750000000001,8.915751595969187,6,4,2,2,1,1,2,0,2,0,1,-1,0,0,0,7,1551,1.3173076923076923,0.0673076923076922,0.1937536460079291,A,32378,0.608986,0.548389,0.727273,11.0,20.0,0.628532,0.570243,0.636364,13.0,20.0,-0.019545999999999952,-0.02185400000000004,0.0909089999999999,-2.0,0.0
1551,2024-07-05,J.League,川崎フロンターレ,鹿島アントラーズ,1547,1563,-16,1508,1518,-10,7,7,0,2,2,9,1,-8,39,54,-15,17,20,13,13,4,7,-3,0.4583333333333333,0.5666666666666667,0.4444444444444444,0.5625,-0.1180555555555555,0.6666666666666666,0.5625,0.1041666666666666,0.5555555555555556,0.4375,0.1180555555555555,0.5246913580246914,0.4938271604938271,0.0308641975308642,2.492307692307693,3.1153846153846154,-0.6230769230769226,16,8,15,0.0308641975308642,0.6230769230769226,7.730788224121556,3,4,-1,1,1,0,0,1,-1,2,0,2,1,0,0,7,1551,1.2291666666666663,0.1041666666666666,0.1816255778805143,H,32374,0.659097,0.572428,0.545455,13.0,20.0,0.623736,0.551689,0.727273,10.0,20.0,0.03536100000000009,0.020739000000000063,-0.18181799999999992,3.0,0.0
1551,2024-07-05,J.League,京都サンガF.C.,アルビレックス新潟,1495,1506,-11,1478,1496,-18,7,9,-2,2,3,7,8,1,42,40,2,16,18,18,17,-2,1,-3,0.4193548387096774,0.3928571428571428,0.3333333333333333,0.3571428571428571,-0.0238095238095238,0.4666666666666667,0.5714285714285714,-0.1047619047619047,0.6666666666666666,0.6428571428571429,0.0238095238095237,0.3823178016726403,0.4761904761904762,-0.0938726745178358,2.325,2.2235294117647064,0.1014705882352937,11,1,2,0.0938726745178358,0.1014705882352937,4.139068652550626,7,6,1,2,2,0,3,0,3,0,1,-1,0,0,1,7,1551,1.038095238095238,0.1047619047619047,0.1887399917967918,H,32377,0.56459,0.489669,0.818182,11.0,20.0,0.46925,0.376403,0.454545,6.0,19.0,0.09534000000000004,0.11326600000000003,0.363637,5.0,1.0
1551,2024-07-05,J.League,柏レイソル,FC東京,1584,1468,116,1516,1467,49,10,3,7,3,1,2,19,17,49,32,17,21,12,12,16,9,-4,13,0.5384615384615384,0.3846153846153846,0.3846153846153846,0.3076923076923077,0.0769230769230769,0.7692307692307693,0.3846153846153846,0.3846153846153846,0.6153846153846154,0.6923076923076923,-0.0769230769230768,0.5982905982905983,0.3418803418803419,0.2564102564102564,2.925,2.19375,0.7312499999999997,116,17,17,0.2564102564102564,0.7312499999999997,45.04753205128205,7,3,4,2,1,1,4,1,3,0,0,0,0,0,0,7,1551,1.153846153846154,0.3846153846153846,0.1836683903945105,H,,0.0,0.0,0.0,0.0,0.0,0.0,0.0,0.0,0.0,0.0,0.0,0.0,0.0,0.0,0.0
1551,2024-07-05,J.League,横浜FC,横浜F・マリノス,1457,1462,-5,1480,1454,26,3,7,-4,1,2,22,21,-1,29,29,0,13,11,19,16,-6,-5,-1,0.2962962962962963,0.36,0.3333333333333333,0.2307692307692307,0.1025641025641025,0.4666666666666667,0.3076923076923077,0.1589743589743589,0.6666666666666666,0.7692307692307693,-0.1025641025641026,0.3566529492455418,0.3259259259259259,0.0307270233196159,1.918421052631579,2.109375,-0.1909539473684209,5,1,0,0.0307270233196159,0.1909539473684209,2.044336194137608,0,1,-1,0,0,0,0,1,-1,3,0,3,0,0,0,7,1551,0.7743589743589744,0.1589743589743589,0.1694628824210874,A,32375,0.599382,0.518558,0.818182,11.0,20.0,0.5605,0.507267,0.909091,9.0,20.0,0.03888199999999997,0.01129099999999994,-0.09090900000000002,2.0,0.0
1551,2024-07-05,J.League,名古屋グランパス,東京ヴェルディ,1530,1519,11,1545,1500,45,10,4,6,3,1,5,3,-2,45,46,-1,19,18,16,16,3,2,1,0.4482758620689655,0.4666666666666667,0.6923076923076923,0.4,0.2923076923076922,0.7692307692307693,0.6,0.1692307692307693,0.3076923076923077,0.6,-0.2923076923076922,0.4853128991060025,0.4444444444444444,0.040868454661558,2.4468750000000004,2.53125,-0.0843749999999996,11,2,1,0.040868454661558,0.0843749999999996,4.375048690932311,4,3,1,1,1,0,2,1,1,0,0,0,0,0,1,7,1551,1.3692307692307693,0.1692307692307693,0.186764829542748,D,32376,0.669667,0.608278,0.909091,14.0,20.0,0.613007,0.550103,1.0,12.0,20.0,0.056660000000000044,0.05817499999999998,-0.09090900000000002,2.0,0.0
1551,2024-07-05,J.League,ヴィッセル神戸,湘南ベルマーレ,1532,1513,19,1492,1490,2,10,8,2,3,2,14,6,-8,35,44,-9,13,18,11,15,2,3,-1,0.5,0.4642857142857143,0.4444444444444444,0.4,0.0444444444444444,0.4444444444444444,0.5333333333333333,-0.0888888888888889,0.5555555555555556,0.6,-0.0444444444444444,0.4377104377104377,0.4761904761904762,-0.0384800384800385,2.7,2.5200000000000005,0.1799999999999997,19,8,9,0.0384800384800385,0.1799999999999997,8.693696007696007,7,7,0,2,2,0,4,4,0,0,0,0,2,0,0,7,1551,0.9777777777777776,0.0888888888888889,0.1750734495317932,H,32379,0.608299,0.556469,0.818182,11.0,20.0,0.572778,0.517456,0.636364,10.0,18.0,0.035521000000000025,0.039012999999999964,0.18181799999999992,1.0,2.0
1551,2024-07-05,J.League,ブラウブリッツ秋田,水戸ホーリーホック,1468,1533,-65,1474,1525,-51,2,13,-11,0,4,28,31,3,20,16,4,8,6,10,3,-2,3,-5,0.375,0.625,0.3,0.8,-0.5,0.4,0.8,-0.4,0.7,0.2,0.4999999999999999,0.3703703703703703,0.5555555555555555,-0.1851851851851851,2.16,3.6,-1.44,65,3,4,0.1851851851851851,1.44,23.82503703703704,2,7,-5,0,2,-2,1,5,-4,0,0,0,0,0,0,7,1551,1.2000000000000002,0.4,0.1607482380385628,A,,0.0,0.0,0.0,0.0,0.0,0.0,0.0,0.0,0.0,0.0,0.0,0.0,0.0,0.0,0.0
1551,2024-07-05,J.League,徳島ヴォルティス,藤枝MYFC,1551,1439,112,1524,1467,57,9,4,5,3,1,24,43,19,26,4,22,10,2,5,8,5,-6,11,0.6153846153846154,0.1111111111111111,0.6666666666666666,0.1428571428571428,0.5238095238095237,0.8333333333333334,0.2857142857142857,0.5476190476190477,0.3333333333333333,0.8571428571428571,-0.5238095238095237,0.5698005698005698,0.1646090534979423,0.4051915163026274,3.51,1.5187500000000005,1.99125,112,19,22,0.4051915163026274,1.99125,44.42928830326052,6,4,2,2,1,1,1,1,0,0,0,0,1,0,0,7,1551,1.119047619047619,0.5476190476190477,0.1460392780254953,A,,0.0,0.0,0.0,0.0,0.0,0.0,0.0,0.0,0.0,0.0,0.0,0.0,0.0,0.0,0.0
1551,2024-07-05,J.League,ベガルタ仙台,富山,1542,1468,74,1517,1473,44,13,4,9,4,1,29,33,4,19,13,6,7,7,3,10,4,-3,7,0.6666666666666666,0.2307692307692307,0.6,0.125,0.475,0.8,0.5,0.3,0.4,0.875,-0.475,0.5761316872427983,0.3988603988603988,0.1772712883823994,4.050000000000001,1.755,2.295000000000001,74,4,6,0.1772712883823994,2.295000000000001,27.39445425767648,9,4,5,3,1,2,5,1,4,0,0,0,0,0,0,7,1551,1.3,0.3,0.1679543997697192,A,,0.0,0.0,0.0,0.0,0.0,0.0,0.0,0.0,0.0,0.0,0.0,0.0,0.0,0.0,0.0
1551,2024-07-05,J.League,FC今治,ヴァンフォーレ甲府,1527,1477,50,1483,1510,-27,5,9,-4,1,3,30,34,4,18,12,6,8,4,5,7,3,-3,6,0.5,0.3636363636363636,0.0,0.6,-0.6,0.5,0.6,-0.0999999999999999,1.0,0.4,0.6,0.5925925925925926,0.2693602693602693,0.3232323232323232,2.7,2.1214285714285714,0.5785714285714287,50,4,6,0.3232323232323232,0.5785714285714287,18.68036075036075,1,6,-5,0,2,-2,1,2,-1,0,0,0,0,0,0,7,1551,1.1,0.0999999999999999,0.1787717005475452,A,,0.0,0.0,0.0,0.0,0.0,0.0,0.0,0.0,0.0,0.0,0.0,0.0,0.0,0.0,0.0
1550,2024-06-29,J.League,鹿島アントラーズ,ファジアーノ岡山,1554,1498,56,1532,1487,45,7,8,-1,2,2,1,15,14,51,35,16,19,15,13,14,6,1,5,0.5517241379310345,0.4166666666666667,0.5384615384615384,0.3,0.2384615384615384,0.7692307692307693,0.5,0.2692307692307693,0.4615384615384615,0.7,-0.2384615384615384,0.4853128991060025,0.4629629629629629,0.0223499361430395,3.011538461538461,2.3142857142857145,0.697252747252747,56,14,16,0.0223499361430395,0.697252747252747,23.243920536679155,4,4,0,1,1,0,0,1,-1,1,0,1,1,0,0,6,1550,1.2692307692307692,0.2692307692307693,0.1780490729427671,H,32362,0.612542,0.540228,0.727273,10.0,20.0,0.579729,0.493275,0.909091,9.0,20.0,0.03281299999999998,0.04695300000000002,-0.18181800000000004,1.0,0.0
1550,2024-06-29,J.League,清水エスパルス,柏レイソル,1487,1574,-87,1533,1551,-18,5,10,-5,1,3,19,2,-17,29,46,-17,13,20,14,12,-1,8,-9,0.3636363636363636,0.52,0.5454545454545454,0.6666666666666666,-0.1212121212121212,0.8181818181818182,0.8333333333333334,-0.0151515151515151,0.4545454545454545,0.3333333333333333,0.1212121212121212,0.4377104377104377,0.5925925925925926,-0.1548821548821548,2.1214285714285714,2.8125000000000004,-0.691071428571429,87,17,17,0.1548821548821548,0.691071428571429,34.86919071669072,2,7,-5,0,2,-2,2,3,-1,0,0,0,0,0,1,6,1550,1.6515151515151516,0.0151515151515151,0.2088157811386005,A,32363,0.515444,0.445044,0.818182,10.0,19.0,0.593919,0.501113,0.909091,11.0,20.0,-0.07847499999999996,-0.056069000000000035,-0.09090900000000002,-1.0,-1.0
1550,2024-06-29,J.League,京都サンガF.C.,ガンバ大阪,1483,1511,-28,1468,1500,-32,7,5,2,2,1,9,11,2,39,38,1,15,16,18,15,-3,1,-4,0.4,0.4230769230769231,0.2857142857142857,0.3333333333333333,-0.0476190476190476,0.4285714285714285,0.6666666666666666,-0.238095238095238,0.7142857142857143,0.6666666666666666,0.0476190476190476,0.3703703703703703,0.4558404558404558,-0.0854700854700855,2.2500000000000004,2.3400000000000003,-0.0899999999999998,28,2,1,0.0854700854700855,0.0899999999999998,10.335094017094017,4,4,0,1,1,0,2,2,0,0,0,0,0,0,1,6,1550,1.0952380952380951,0.238095238095238,0.1799984371170183,H,32366,0.653125,0.582604,0.818182,12.0,20.0,0.646118,0.584456,0.818182,13.0,20.0,0.0070069999999999855,-0.0018519999999999648,0.0,-1.0,0.0
1550,2024-06-29,J.League,サンフレッチェ広島,名古屋グランパス,1523,1517,6,1513,1467,46,10,8,2,3,2,10,6,-4,38,42,-4,14,18,12,16,2,2,0,0.5,0.4285714285714285,0.5384615384615384,0.2,0.3384615384615384,0.6153846153846154,0.5333333333333333,0.082051282051282,0.4615384615384615,0.8,-0.3384615384615385,0.4320987654320987,0.4761904761904762,-0.0440917107583774,2.7,2.3625000000000003,0.3374999999999999,6,4,4,0.0440917107583774,0.3374999999999999,3.176318342151675,7,4,3,2,1,1,3,1,2,0,0,0,0,0,1,6,1550,1.1487179487179486,0.082051282051282,0.1794116149058932,A,32367,0.608514,0.554844,1.0,12.0,20.0,0.596104,0.514331,0.818182,11.0,20.0,0.012410000000000032,0.04051300000000002,0.18181800000000004,1.0,0.0
1550,2024-06-29,J.League,FC東京,横浜FC,1456,1468,-12,1493,1488,5,0,3,-3,0,1,21,20,-1,29,29,0,11,13,16,18,-5,-5,0,0.36,0.3076923076923077,0.4166666666666667,0.2727272727272727,0.1439393939393939,0.5,0.5454545454545454,-0.0454545454545454,0.5833333333333334,0.7272727272727273,-0.1439393939393939,0.3259259259259259,0.3703703703703703,-0.0444444444444444,2.109375,1.95,0.1593749999999998,12,1,0,0.0444444444444444,0.1593749999999998,4.490763888888888,0,3,-3,0,1,-1,0,0,0,5,2,3,1,0,0,6,1550,1.0454545454545454,0.0454545454545454,0.1715237306046462,H,32364,0.566771,0.473464,0.727273,11.0,19.0,0.634021,0.573071,0.545455,13.0,20.0,-0.06724999999999992,-0.099607,0.18181799999999992,-2.0,-1.0
1550,2024-06-29,J.League,湘南ベルマーレ,横浜F・マリノス,1516,1459,57,1528,1452,76,7,6,1,2,2,3,22,19,43,28,15,17,10,14,15,3,-5,8,0.4814814814814814,0.375,0.5833333333333334,0.25,0.3333333333333333,0.75,0.25,0.5,0.4166666666666667,0.75,-0.3333333333333333,0.4663923182441701,0.3086419753086419,0.1577503429355281,2.603571428571429,2.16,0.4435714285714289,57,19,15,0.1577503429355281,0.4435714285714289,24.82026435430139,7,3,4,2,1,1,3,0,3,0,2,-2,0,0,1,6,1550,1.0,0.5,0.1626968411180357,D,32365,0.574576,0.504997,0.545455,10.0,19.0,0.514507,0.452631,0.636364,8.0,20.0,0.06006899999999993,0.052366000000000024,-0.09090900000000002,2.0,-1.0
1550,2024-06-29,J.League,アビスパ福岡,ヴィッセル神戸,1471,1534,-63,1488,1528,-40,4,12,-8,1,4,13,16,3,36,34,2,16,12,18,10,-2,2,-4,0.3571428571428571,0.5238095238095238,0.3076923076923077,0.5833333333333334,-0.2756410256410256,0.6153846153846154,0.6666666666666666,-0.0512820512820512,0.6923076923076923,0.4166666666666667,0.2756410256410256,0.4232804232804232,0.4232804232804232,0.0,2.1,2.8350000000000004,-0.7350000000000003,63,3,2,0.0,0.7350000000000003,22.947,3,9,-6,1,3,-2,0,3,-3,1,0,1,1,0,0,6,1550,1.282051282051282,0.0512820512820512,0.1715387421857401,D,32368,0.631854,0.541828,0.727273,10.0,20.0,0.565461,0.525435,0.909091,10.0,20.0,0.06639300000000004,0.01639299999999999,-0.18181800000000004,0.0,0.0
1550,2024-06-29,J.League,東京ヴェルディ,川崎フロンターレ,1506,1560,-54,1509,1536,-27,4,10,-6,1,3,4,8,4,43,39,4,17,17,16,12,1,5,-4,0.4482758620689655,0.4782608695652174,0.5,0.5,0.0,0.5714285714285714,0.7857142857142857,-0.2142857142857143,0.5,0.5,0.0,0.4342273307790548,0.5475040257648952,-0.1132766949858403,2.4468750000000004,2.5875000000000004,-0.140625,54,4,4,0.1132766949858403,0.140625,19.950780338997166,0,6,-6,0,2,-2,0,0,0,3,1,2,1,1,0,6,1550,1.3571428571428572,0.2142857142857143,0.1950017343504436,H,32369,0.616069,0.553486,0.909091,12.0,20.0,0.697574,0.629293,0.636364,13.0,20.0,-0.08150500000000005,-0.07580699999999996,0.27272699999999994,-1.0,0.0
1550,2024-06-29,J.League,アルビレックス新潟,町田,1519,1533,-14,1522,1523,-1,9,5,4,3,1,7,5,-2,40,42,-2,18,18,16,15,2,3,-1,0.4074074074074074,0.4444444444444444,0.4615384615384615,0.4375,0.0240384615384615,0.7692307692307693,0.75,0.0192307692307692,0.5384615384615384,0.5625,-0.0240384615384615,0.4938271604938271,0.4938271604938271,0.0,2.278125,2.43,-0.1518749999999999,14,2,2,0.0,0.1518749999999999,5.430375,6,3,3,2,1,1,2,1,1,0,0,0,1,0,0,6,1550,1.5192307692307692,0.0192307692307692,0.2097721160283661,A,32370,0.552458,0.473136,0.454545,9.0,20.0,0.663993,0.588311,1.0,13.0,20.0,-0.11153500000000005,-0.11517500000000003,-0.545455,-4.0,0.0
1550,2024-06-29,J.League,富山,ジェフユナイテッド千葉,1454,1534,-80,1491,1539,-48,1,7,-6,0,2,35,27,-8,10,22,-12,6,8,10,5,-4,3,-7,0.1666666666666666,0.5833333333333334,0.25,0.7,-0.4499999999999999,0.5,0.8,-0.3,0.75,0.3,0.45,0.3703703703703703,0.4938271604938271,-0.1234567901234567,1.62,3.24,-1.62,80,8,12,0.1234567901234567,1.62,30.34869135802469,1,3,-2,0,1,-1,0,0,0,1,1,0,0,0,1,6,1550,1.3,0.3,0.1778147632485334,H,,0.0,0.0,0.0,0.0,0.0,0.0,0.0,0.0,0.0,0.0,0.0,0.0,0.0,0.0,0.0
1550,2024-06-29,Cup/Other,大分,大宮,1500,1534,-34,1500,1527,-27,0,10,-10,0,3,0,32,32,0,14,-14,0,6,0,3,0,3,-3,0.0,0.5714285714285714,0.0,0.75,-0.75,0.0,1.0,-1.0,0.0,0.25,-0.25,0.0,0.6349206349206349,-0.6349206349206349,0.0,3.1500000000000004,-3.1500000000000004,34,32,14,0.6349206349206349,3.1500000000000004,20.656984126984124,0,7,-7,0,2,-2,0,3,-3,0,0,0,0,0,0,6,1550,1.0,1.0,0.2015557077301148,D,,0.0,0.0,0.0,0.0,0.0,0.0,0.0,0.0,0.0,0.0,0.0,0.0,0.0,0.0,0.0
1550,2024-06-29,J.League,モンテディオ山形,V・ファーレン長崎,1538,1546,-8,1496,1526,-30,4,11,-7,1,3,17,18,1,33,29,4,13,13,7,8,6,5,1,0.5882352941176471,0.5,0.4,0.5714285714285714,-0.1714285714285713,0.6,0.8571428571428571,-0.2571428571428571,0.6,0.4285714285714285,0.1714285714285714,0.5664488017429193,0.6018518518518519,-0.0354030501089325,3.278571428571429,2.7,0.5785714285714287,8,1,4,0.0354030501089325,0.5785714285714287,3.172794895736072,3,7,-4,1,2,-1,1,5,-4,0,0,0,0,1,0,6,1550,1.457142857142857,0.2571428571428571,0.1954114166588228,A,,0.0,0.0,0.0,0.0,0.0,0.0,0.0,0.0,0.0,0.0,0.0,0.0,0.0,0.0,0.0
1550,2024-06-29,J.League,山口,ブラウブリッツ秋田,1426,1468,-42,1474,1508,-34,2,1,1,0,0,37,29,-8,9,19,-10,7,7,14,9,-7,-2,-5,0.0666666666666666,0.4,0.125,0.6,-0.475,0.5,0.6,-0.0999999999999999,0.875,0.4,0.475,0.345679012345679,0.345679012345679,0.0,1.4464285714285714,2.2500000000000004,-0.803571428571429,42,8,10,0.0,0.803571428571429,16.860714285714284,2,1,1,0,0,0,0,0,0,1,1,0,0,0,1,6,1550,1.1,0.0999999999999999,0.1870289952673552,D,,0.0,0.0,0.0,0.0,0.0,0.0,0.0,0.0,0.0,0.0,0.0,0.0,0.0,0.0,0.0
1549,2024-06-25,Cup/Other,川崎フロンターレ,3,1556,1500,56,1509,1500,9,10,0,10,3,0,10,0,-10,39,0,39,17,0,13,0,4,0,4,0.4583333333333333,0.0,0.4444444444444444,0.0,0.4444444444444444,0.6666666666666666,0.0,0.6666666666666666,0.5555555555555556,0.0,0.5555555555555556,0.5246913580246914,0.0,0.5246913580246914,2.492307692307693,0.0,2.492307692307693,56,10,39,0.5246913580246914,2.492307692307693,22.703399810066472,6,0,6,2,0,2,0,0,0,1,0,1,0,0,0,6,1549,0.6666666666666666,0.6666666666666666,0.2105158636943883,H,,0.0,0.0,0.0,0.0,0.0,0.0,0.0,0.0,0.0,0.0,0.0,0.0,0.0,0.0,0.0
1549,2024-06-25,Cup/Other,横浜F・マリノス,0,1459,1500,-41,1509,1500,9,6,0,6,2,0,22,0,-22,28,0,28,10,0,15,0,-5,0,-5,0.375,0.0,0.5,0.0,0.5,0.5833333333333334,0.0,0.5833333333333334,0.5,0.0,0.5,0.3086419753086419,0.0,0.3086419753086419,2.16,0.0,2.16,41,22,28,0.3086419753086419,2.16,20.343728395061728,3,0,3,1,0,1,0,0,0,2,0,2,0,0,0,6,1549,0.5833333333333334,0.5833333333333334,0.1428831884212036,D,,0.0,0.0,0.0,0.0,0.0,0.0,0.0,0.0,0.0,0.0,0.0,0.0,0.0,0.0,0.0
1548,2024-06-22,J.League,町田,鹿島アントラーズ,1526,1566,-40,1491,1527,-36,5,7,-2,1,2,5,1,-4,43,54,-11,19,20,16,13,3,7,-4,0.4285714285714285,0.5666666666666667,0.3636363636363636,0.6,-0.2363636363636363,0.5454545454545454,0.6,-0.0545454545454545,0.6363636363636364,0.4,0.2363636363636363,0.5026455026455027,0.4938271604938271,0.0088183421516755,2.3625000000000003,3.1153846153846154,-0.7528846153846152,40,4,11,0.0088183421516755,0.7528846153846152,15.152340591507258,1,4,-3,0,1,-1,0,2,-2,2,0,2,0,0,1,6,1548,1.1454545454545455,0.0545454545454545,0.1819049765749235,H,32351,0.668931,0.607736,0.909091,12.0,20.0,0.599604,0.526994,0.818182,10.0,20.0,0.06932700000000003,0.08074200000000009,0.09090900000000002,2.0,0.0
1548,2024-06-22,J.League,アビスパ福岡,アルビレックス新潟,1480,1506,-26,1490,1487,3,5,6,-1,1,2,13,7,-6,37,40,-3,17,18,19,17,-2,1,-3,0.3448275862068966,0.3928571428571428,0.3076923076923077,0.3076923076923077,0.0,0.6153846153846154,0.5384615384615384,0.0769230769230769,0.6923076923076923,0.6923076923076923,0.0,0.4342273307790548,0.4761904761904762,-0.0419631454114213,2.060526315789474,2.2235294117647064,-0.1630030959752324,26,6,3,0.0419631454114213,0.1630030959752324,10.64099324827733,4,6,-2,1,2,-1,1,1,0,0,0,0,1,0,0,6,1548,1.1538461538461535,0.0769230769230769,0.2125081030817914,A,32352,0.612965,0.542497,0.909091,14.0,20.0,0.626694,0.568203,1.0,12.0,20.0,-0.013728999999999991,-0.025706000000000007,-0.09090900000000002,2.0,0.0
1548,2024-06-22,J.League,セレッソ大阪,東京ヴェルディ,1518,1517,1,1510,1502,8,12,7,5,4,2,12,2,-10,38,46,-8,16,18,15,16,1,2,-1,0.4230769230769231,0.4666666666666667,0.4166666666666667,0.4,0.0166666666666666,0.6666666666666666,0.6,0.0666666666666666,0.5833333333333334,0.6,-0.0166666666666666,0.4558404558404558,0.4444444444444444,0.0113960113960114,2.3400000000000003,2.53125,-0.1912499999999997,1,10,8,0.0113960113960114,0.1912499999999997,2.890529202279202,6,1,5,2,0,2,1,0,1,0,2,-2,0,0,1,6,1548,1.2666666666666666,0.0666666666666666,0.1848121979091833,H,32353,0.583403,0.537797,1.0,10.0,19.0,0.626229,0.552094,0.727273,13.0,20.0,-0.04282600000000003,-0.014297000000000004,0.27272700000000005,-3.0,-1.0
1548,2024-06-22,J.League,名古屋グランパス,清水エスパルス,1520,1496,24,1555,1465,90,8,5,3,2,1,4,18,14,44,34,10,18,14,16,13,2,1,1,0.4482758620689655,0.4347826086956521,0.7692307692307693,0.2727272727272727,0.4965034965034965,0.7692307692307693,0.3636363636363636,0.4055944055944056,0.2307692307692307,0.7272727272727273,-0.4965034965034965,0.4597701149425287,0.4508856682769726,0.0088844466655561,2.4468750000000004,2.388461538461539,0.0584134615384615,24,14,10,0.0088844466655561,0.0584134615384615,11.913459581640804,6,4,2,2,1,1,0,1,-1,1,0,1,1,0,0,6,1548,1.132867132867133,0.4055944055944056,0.1883295905087483,D,32357,0.595389,0.516056,0.636364,10.0,20.0,0.593257,0.520531,0.818182,11.0,20.0,0.0021319999999999117,-0.004475000000000007,-0.18181799999999992,-1.0,0.0
1548,2024-06-22,J.League,川崎フロンターレ,ヴィッセル神戸,1571,1525,46,1517,1527,-10,13,12,1,4,4,8,17,9,39,34,5,17,12,12,10,5,2,3,0.4782608695652174,0.5238095238095238,0.5,0.5833333333333334,-0.0833333333333333,0.75,0.6666666666666666,0.0833333333333333,0.5,0.4166666666666667,0.0833333333333333,0.5475040257648952,0.4232804232804232,0.124223602484472,2.5875000000000004,2.8350000000000004,-0.2475,46,9,5,0.124223602484472,0.2475,18.42434472049689,7,6,1,2,2,0,5,2,3,0,0,0,1,0,0,6,1548,1.4166666666666663,0.0833333333333333,0.1790256425045768,A,32355,0.635319,0.553076,0.727273,12.0,20.0,0.591729,0.542492,1.0,11.0,20.0,0.04359000000000002,0.010584000000000038,-0.27272700000000005,1.0,0.0
1548,2024-06-22,J.League,柏レイソル,京都サンガF.C.,1569,1480,89,1510,1509,1,9,7,2,3,2,3,9,6,45,39,6,19,15,13,18,6,-3,9,0.5,0.4,0.3846153846153846,0.5333333333333333,-0.1487179487179487,0.6923076923076923,0.5333333333333333,0.1589743589743589,0.6153846153846154,0.4666666666666667,0.1487179487179487,0.5413105413105412,0.3703703703703703,0.1709401709401709,2.7,2.2500000000000004,0.4499999999999997,89,6,6,0.1709401709401709,0.4499999999999997,32.77418803418804,6,3,3,2,1,1,2,1,1,0,0,0,0,0,0,6,1548,1.2256410256410255,0.1589743589743589,0.1841742412639969,D,32354,0.621868,0.553528,1.0,13.0,20.0,0.635968,0.56943,0.545455,12.0,19.0,-0.014100000000000001,-0.01590199999999997,0.454545,1.0,1.0
1548,2024-06-22,J.League,横浜F・マリノス,ファジアーノ岡山,1472,1491,-19,1519,1476,43,6,5,1,2,1,22,15,-7,28,35,-7,10,15,14,14,-4,1,-5,0.391304347826087,0.4166666666666667,0.5454545454545454,0.2222222222222222,0.3232323232323232,0.6363636363636364,0.4444444444444444,0.1919191919191919,0.4545454545454545,0.7777777777777778,-0.3232323232323232,0.322061191626409,0.4629629629629629,-0.1409017713365539,2.217857142857143,2.3142857142857145,-0.0964285714285715,19,7,7,0.1409017713365539,0.0964285714285715,8.447466068553025,6,2,4,2,0,2,0,0,0,1,1,0,0,0,1,6,1548,1.0808080808080809,0.1919191919191919,0.1732087576357843,A,32356,0.546424,0.496453,0.909091,9.0,20.0,0.565507,0.481694,0.818182,9.0,19.0,-0.01908299999999996,0.014758999999999967,0.09090900000000002,0.0,1.0
1548,2024-06-22,J.League,横浜FC,サンフレッチェ広島,1486,1518,-32,1496,1502,-6,4,7,-3,1,2,20,10,-10,32,38,-6,14,14,17,12,-3,2,-5,0.3461538461538461,0.5,0.4,0.4545454545454545,-0.0545454545454545,0.5333333333333333,0.5454545454545454,-0.012121212121212,0.6,0.5454545454545454,0.0545454545454545,0.3988603988603988,0.4320987654320987,-0.0332383665716999,2.0647058823529414,2.7,-0.6352941176470588,32,10,6,0.0332383665716999,0.6352941176470588,13.833706496843751,3,4,-1,1,1,0,0,2,-2,1,0,1,0,0,1,6,1548,1.0787878787878786,0.012121212121212,0.1743951768045912,A,32358,0.556961,0.491899,0.909091,10.0,19.0,0.606493,0.554021,0.818182,13.0,20.0,-0.04953199999999991,-0.06212200000000001,0.09090900000000002,-3.0,-1.0
1548,2024-06-22,J.League,ガンバ大阪,FC東京,1497,1478,19,1493,1482,11,2,3,-1,0,1,14,16,2,36,35,1,16,13,17,15,-1,-2,1,0.3703703703703703,0.4230769230769231,0.4545454545454545,0.3846153846153846,0.0699300699300699,0.4545454545454545,0.4615384615384615,-0.006993006993007,0.5454545454545454,0.6153846153846154,-0.06993006993007,0.4389574759945129,0.3703703703703703,0.0685871056241426,2.1441176470588235,2.3400000000000003,-0.1958823529411768,19,2,1,0.0685871056241426,0.1958823529411768,7.202893891713063,2,0,2,0,0,0,1,0,1,0,4,-4,0,0,1,6,1548,0.916083916083916,0.006993006993007,0.1804836228000033,H,32359,0.671764,0.612956,0.909091,13.0,20.0,0.672854,0.587242,0.909091,13.0,20.0,-0.0010899999999999244,0.025713999999999904,0.0,0.0,0.0
1548,2024-06-22,J.League,いわきFC,富山,1447,1466,-19,1460,1482,-22,5,2,3,1,0,36,35,-1,9,10,-1,5,6,11,9,-6,-3,-3,0.1538461538461538,0.1818181818181818,0.0,0.1428571428571428,-0.1428571428571428,0.1666666666666666,0.5714285714285714,-0.4047619047619047,1.0,0.8571428571428571,0.1428571428571429,0.2849002849002849,0.404040404040404,-0.119140119140119,1.5954545454545457,1.65,-0.0545454545454542,19,1,1,0.119140119140119,0.0545454545454542,6.934737114737114,2,1,1,0,0,0,1,1,0,0,0,0,0,0,0,6,1548,0.738095238095238,0.4047619047619047,0.2122721030541797,H,,0.0,0.0,0.0,0.0,0.0,0.0,0.0,0.0,0.0,0.0,0.0,0.0,0.0,0.0,0.0
1548,2024-06-22,J.League,ブラウブリッツ秋田,モンテディオ山形,1478,1534,-56,1481,1548,-67,4,4,0,1,1,29,19,-10,19,33,-14,7,13,8,7,-1,6,-7,0.4285714285714285,0.5882352941176471,0.3333333333333333,0.8571428571428571,-0.5238095238095237,0.4444444444444444,1.0,-0.5555555555555556,0.6666666666666666,0.1428571428571428,0.5238095238095237,0.3703703703703703,0.5664488017429193,-0.196078431372549,2.3625000000000003,3.278571428571429,-0.9160714285714286,56,10,14,0.196078431372549,0.9160714285714286,22.322429971988797,1,1,0,0,0,0,1,0,1,0,2,-2,0,0,1,6,1548,1.4444444444444444,0.5555555555555556,0.1660681977095189,A,,0.0,0.0,0.0,0.0,0.0,0.0,0.0,0.0,0.0,0.0,0.0,0.0,0.0,0.0,0.0
1548,2024-06-22,J.League,愛媛FC,山口,1414,1430,-16,1440,1467,-27,2,2,0,0,0,49,37,-12,2,9,-7,2,7,10,14,-8,-7,-1,0.0,0.0666666666666666,0.0,0.0,0.0,0.0,0.4285714285714285,-0.4285714285714285,1.0,1.0,0.0,0.1481481481481481,0.345679012345679,-0.1975308641975308,1.35,1.4464285714285714,-0.0964285714285713,16,12,7,0.1975308641975308,0.0964285714285713,8.65879188712522,2,2,0,0,0,0,1,2,-1,0,0,0,0,0,0,6,1548,0.4285714285714285,0.4285714285714285,0.1765857733545563,H,,0.0,0.0,0.0,0.0,0.0,0.0,0.0,0.0,0.0,0.0,0.0,0.0,0.0,0.0,0.0
1548,2024-06-22,J.League,熊本,V・ファーレン長崎,1468,1542,-74,1485,1526,-41,7,9,-2,2,2,34,21,-13,12,29,-17,6,13,10,8,-4,5,-9,0.2307692307692307,0.5,0.25,0.5714285714285714,-0.3214285714285714,0.5,0.8571428571428571,-0.3571428571428571,0.75,0.4285714285714285,0.3214285714285714,0.3418803418803419,0.6018518518518519,-0.25997150997151,1.755,2.7,-0.945,74,13,17,0.25997150997151,0.945,29.3909943019943,4,7,-3,1,2,-1,0,5,-5,1,0,1,0,0,1,6,1548,1.3571428571428572,0.3571428571428571,0.2118318766654382,A,,0.0,0.0,0.0,0.0,0.0,0.0,0.0,0.0,0.0,0.0,0.0,0.0,0.0,0.0,0.0
1547,2024-06-15,J.League,湘南ベルマーレ,町田,1497,1543,-46,1513,1539,-26,7,6,1,2,1,6,3,-3,40,46,-6,16,20,16,15,0,5,-5,0.4285714285714285,0.4642857142857143,0.5,0.5,0.0,0.6666666666666666,0.8125,-0.1458333333333333,0.5,0.5,0.0,0.4232804232804232,0.5291005291005291,-0.1058201058201058,2.3625000000000003,2.5200000000000005,-0.1575000000000002,46,3,6,0.1058201058201058,0.1575000000000002,16.90266402116402,4,2,2,1,0,1,2,0,2,0,1,-1,0,0,1,6,1547,1.4791666666666663,0.1458333333333333,0.1950561078894344,H,32342,0.632062,0.550097,0.454545,12.0,20.0,0.64625,0.575922,0.727273,12.0,20.0,-0.014187999999999978,-0.025825000000000098,-0.27272799999999997,0.0,0.0
1547,2024-06-15,J.League,FC東京,セレッソ大阪,1491,1506,-15,1510,1489,21,6,9,-3,2,3,17,14,-3,35,35,0,13,15,14,15,-1,0,-1,0.44,0.4,0.5,0.3846153846153846,0.1153846153846153,0.5833333333333334,0.5384615384615384,0.0448717948717949,0.5,0.6153846153846154,-0.1153846153846154,0.3851851851851852,0.4444444444444444,-0.0592592592592592,2.4107142857142856,2.2500000000000004,0.1607142857142851,15,3,0,0.0592592592592592,0.1607142857142851,6.04399470899471,0,6,-6,0,2,-2,0,0,0,3,1,2,1,1,0,6,1547,1.1217948717948718,0.0448717948717949,0.1780010055694562,A,32345,0.629986,0.557756,0.636364,12.0,20.0,0.606981,0.541219,0.727273,12.0,19.0,0.023005000000000053,0.016537000000000024,-0.0909089999999999,0.0,1.0
1547,2024-06-15,J.League,アルビレックス新潟,横浜F・マリノス,1492,1489,3,1514,1466,48,4,6,-2,1,2,11,21,10,37,31,6,17,11,18,13,-1,-2,1,0.3571428571428571,0.4347826086956521,0.4285714285714285,0.3333333333333333,0.0952380952380952,0.7142857142857143,0.3333333333333333,0.380952380952381,0.5714285714285714,0.6666666666666666,-0.0952380952380952,0.4497354497354496,0.3542673107890499,0.0954681389463997,2.1,2.388461538461539,-0.2884615384615387,3,10,6,0.0954681389463997,0.2884615384615387,3.626785935481588,3,6,-3,1,2,-1,0,2,-2,1,0,1,0,1,0,6,1547,1.0476190476190477,0.380952380952381,0.1791225883025483,H,32346,0.572167,0.492864,0.636364,11.0,20.0,0.546111,0.475836,0.818182,9.0,19.0,0.026055999999999968,0.017028000000000043,-0.18181799999999992,2.0,1.0
1547,2024-06-15,J.League,ファジアーノ岡山,アビスパ福岡,1500,1466,34,1529,1481,48,5,2,3,1,0,13,18,5,35,34,1,15,16,14,19,1,-3,4,0.4166666666666667,0.3214285714285714,0.5333333333333333,0.3333333333333333,0.2,0.7333333333333333,0.5333333333333333,0.1999999999999999,0.4666666666666667,0.6666666666666666,-0.1999999999999999,0.4629629629629629,0.4232804232804232,0.0396825396825397,2.3142857142857145,1.9894736842105265,0.3248120300751882,34,5,1,0.0396825396825397,0.3248120300751882,13.222898913951544,5,1,4,1,0,1,3,0,3,0,1,-1,0,1,0,6,1547,1.2666666666666666,0.1999999999999999,0.205918294299539,A,32349,0.557194,0.481892,0.818182,10.0,17.0,0.62225,0.5505,0.454545,12.0,19.0,-0.065056,-0.068608,0.363637,-2.0,-2.0
1547,2024-06-15,J.League,清水エスパルス,ガンバ大阪,1503,1497,6,1548,1499,49,4,4,0,1,1,12,15,3,36,35,1,14,15,12,16,2,-1,3,0.4782608695652174,0.3846153846153846,0.6666666666666666,0.3333333333333333,0.3333333333333333,0.8333333333333334,0.6666666666666666,0.1666666666666667,0.3333333333333333,0.6666666666666666,-0.3333333333333333,0.4508856682769726,0.4273504273504273,0.0235352409265453,2.5875000000000004,2.19375,0.3937500000000002,6,3,1,0.0235352409265453,0.3937500000000002,2.9334570481853084,3,1,2,1,0,1,0,0,0,1,1,0,1,0,0,6,1547,1.5,0.1666666666666667,0.1836795247424681,D,32350,0.544694,0.493989,0.818182,11.0,17.0,0.61656,0.56947,0.818182,12.0,19.0,-0.07186599999999999,-0.07548100000000002,0.0,-1.0,-2.0
1547,2024-06-15,J.League,鹿島アントラーズ,サンフレッチェ広島,1569,1510,59,1533,1501,32,9,9,0,3,3,1,10,9,53,37,16,19,13,12,12,7,1,6,0.5862068965517241,0.5,0.5714285714285714,0.5,0.0714285714285714,0.7142857142857143,0.5,0.2142857142857143,0.4285714285714285,0.5,-0.0714285714285714,0.4853128991060025,0.4012345679012345,0.0840783312047679,3.2625,2.7,0.5625,59,9,16,0.0840783312047679,0.5625,23.029315666240954,6,6,0,2,2,0,1,1,0,0,0,0,0,0,2,6,1547,1.2142857142857144,0.2142857142857143,0.1486847125427224,D,32343,0.579007,0.514469,0.727273,10.0,18.0,0.558257,0.516997,0.727273,10.0,20.0,0.020750000000000046,-0.0025280000000000857,0.0,0.0,-2.0
1547,2024-06-15,J.League,横浜FC,川崎フロンターレ,1502,1561,-59,1504,1522,-18,7,13,-6,2,4,16,9,-7,35,37,-2,15,17,16,13,-1,4,-5,0.3846153846153846,0.4347826086956521,0.4285714285714285,0.4,0.0285714285714285,0.5714285714285714,0.7333333333333333,-0.1619047619047618,0.5714285714285714,0.6,-0.0285714285714285,0.4273504273504273,0.5475040257648952,-0.1201535984144679,2.19375,2.388461538461539,-0.1947115384615387,59,7,2,0.1201535984144679,0.1947115384615387,22.4629730273752,3,7,-4,1,2,-1,1,5,-4,0,0,0,0,0,0,6,1547,1.3047619047619046,0.1619047619047618,0.2127429453307356,A,32344,0.587354,0.530875,0.818182,11.0,20.0,0.659882,0.600614,0.727273,12.0,20.0,-0.07252799999999993,-0.069739,0.09090900000000002,-1.0,0.0
1547,2024-06-15,J.League,東京ヴェルディ,柏レイソル,1530,1557,-27,1524,1536,-12,10,9,1,3,3,4,5,1,46,42,4,18,18,15,13,3,5,-2,0.4827586206896552,0.48,0.5714285714285714,0.5833333333333334,-0.0119047619047619,0.6428571428571429,0.75,-0.1071428571428571,0.4285714285714285,0.4166666666666667,0.0119047619047618,0.4597701149425287,0.5333333333333333,-0.0735632183908046,2.61,2.5961538461538463,0.0138461538461536,27,1,4,0.0735632183908046,0.0138461538461536,9.71748187444739,4,6,-2,1,2,-1,0,1,-1,1,0,1,1,0,1,6,1547,1.3928571428571428,0.1071428571428571,0.1907520220147397,A,32347,0.642188,0.570886,0.818182,12.0,20.0,0.547687,0.510308,0.727273,10.0,18.0,0.09450099999999995,0.06057800000000002,0.09090900000000002,2.0,2.0
1547,2024-06-15,J.League,ヴィッセル神戸,名古屋グランパス,1514,1537,-23,1483,1476,7,9,11,-2,3,3,20,2,-18,31,47,-16,11,19,10,15,1,4,-3,0.5,0.4827586206896552,0.375,0.25,0.125,0.375,0.5625,-0.1875,0.625,0.75,-0.125,0.4074074074074074,0.4853128991060025,-0.077905491698595,2.7,2.61,0.0900000000000003,23,18,16,0.077905491698595,0.0900000000000003,12.58358109833972,6,7,-1,2,2,0,1,5,-4,0,0,0,0,0,1,6,1547,0.9375,0.1875,0.1681174189776859,H,32348,0.598424,0.540628,0.909091,12.0,20.0,0.613063,0.541364,0.727273,10.0,20.0,-0.014639000000000069,-0.0007359999999999589,0.18181800000000004,2.0,0.0
1547,2024-06-15,Cup/Other,大分,ブラウブリッツ秋田,1500,1486,14,1500,1515,-15,0,4,-4,0,1,0,28,28,0,22,-22,0,8,0,8,0,0,0,0.0,0.4666666666666667,0.0,0.6666666666666666,-0.6666666666666666,0.0,0.6666666666666666,-0.6666666666666666,0.0,0.3333333333333333,-0.3333333333333333,0.0,0.3950617283950617,-0.3950617283950617,0.0,2.53125,-2.53125,14,28,22,0.3950617283950617,2.53125,12.485262345679011,0,1,-1,0,0,0,0,1,-1,0,0,0,0,0,0,6,1547,0.6666666666666666,0.6666666666666666,0.1560676036087706,A,,0.0,0.0,0.0,0.0,0.0,0.0,0.0,0.0,0.0,0.0,0.0,0.0,0.0,0.0,0.0
1547,2024-06-15,J.League,北海道コンサドーレ札幌,FC今治,1495,1527,-32,1508,1542,-34,8,7,1,2,2,26,30,4,26,17,9,12,7,13,4,-1,3,-4,0.35,0.5555555555555556,0.4545454545454545,1.0,-0.5454545454545454,0.6363636363636364,1.0,-0.3636363636363636,0.5454545454545454,0.0,0.5454545454545454,0.4444444444444444,0.5761316872427983,-0.1316872427983538,2.076923076923077,3.0375000000000005,-0.9605769230769234,32,4,9,0.1316872427983538,0.9605769230769234,12.418452833175056,4,3,1,1,1,0,2,0,2,0,2,-2,0,0,0,6,1547,1.6363636363636362,0.3636363636363636,0.1995447310213773,D,,0.0,0.0,0.0,0.0,0.0,0.0,0.0,0.0,0.0,0.0,0.0,0.0,0.0,0.0,0.0
1547,2024-06-15,J.League,山口,いわきFC,1423,1455,-32,1466,1500,-34,2,5,-3,0,1,37,35,-2,8,11,-3,6,5,14,10,-8,-5,-3,0.0666666666666666,0.2307692307692307,0.125,0.4285714285714285,-0.3035714285714285,0.375,0.5714285714285714,-0.1964285714285714,0.875,0.5714285714285714,0.3035714285714286,0.2962962962962963,0.2849002849002849,0.0113960113960113,1.4464285714285714,1.755,-0.3085714285714287,32,2,3,0.0113960113960113,0.3085714285714287,11.763993487993488,1,4,-3,0,1,-1,1,0,1,0,1,-1,0,0,0,6,1547,0.9464285714285714,0.1964285714285714,0.1815372151863202,D,,0.0,0.0,0.0,0.0,0.0,0.0,0.0,0.0,0.0,0.0,0.0,0.0,0.0,0.0,0.0
1547,2024-06-15,J.League,モンテディオ山形,ベガルタ仙台,1547,1517,30,1505,1508,-3,4,10,-6,1,3,19,29,10,33,18,15,13,8,6,6,7,2,5,0.625,0.4545454545454545,0.4444444444444444,0.5,-0.0555555555555555,0.6666666666666666,0.75,-0.0833333333333333,0.5555555555555556,0.5,0.0555555555555555,0.6018518518518519,0.5387205387205387,0.0631313131313131,3.6,2.4750000000000005,1.1249999999999996,30,10,15,0.0631313131313131,1.1249999999999996,13.237626262626264,1,7,-6,0,2,-2,0,4,-4,1,0,1,0,0,0,6,1547,1.4166666666666663,0.0833333333333333,0.1877454511979046,A,,0.0,0.0,0.0,0.0,0.0,0.0,0.0,0.0,0.0,0.0,0.0,0.0,0.0,0.0,0.0
1546,2024-06-11,National Team,日本,ｲﾝﾄﾞﾈｼ,1500,1500,0,1500,1500,0,0,0,0,0,0,0,0,0,0,0,0,0,0,0,0,0,0,0,0.0,0.0,0.0,0.0,0.0,0.0,0.0,0.0,0.0,0.0,0.0,0.0,0.0,0.0,0.0,0.0,0.0,0,0,0,0.0,0.0,0.0,0,0,0,0,0,0,0,0,0,0,0,0,0,0,0,6,1546,0.0,0.0,0.0,H,,0.0,0.0,0.0,0.0,0.0,0.0,0.0,0.0,0.0,0.0,0.0,0.0,0.0,0.0,0.0
1546,2024-06-11,National Team,中国,ﾊﾞｰﾚｰﾝ,1500,1500,0,1500,1500,0,0,0,0,0,0,0,0,0,0,0,0,0,0,0,0,0,0,0,0.0,0.0,0.0,0.0,0.0,0.0,0.0,0.0,0.0,0.0,0.0,0.0,0.0,0.0,0.0,0.0,0.0,0,0,0,0.0,0.0,0.0,0,0,0,0,0,0,0,0,0,0,0,0,0,0,0,6,1546,0.0,0.0,0.0,A,,0.0,0.0,0.0,0.0,0.0,0.0,0.0,0.0,0.0,0.0,0.0,0.0,0.0,0.0,0.0
1546,2024-06-11,Unknown,ｻｳｼﾞ,ｵｰｽﾄﾗﾘ,1500,1500,0,1500,1500,0,0,0,0,0,0,0,0,0,0,0,0,0,0,0,0,0,0,0,0.0,0.0,0.0,0.0,0.0,0.0,0.0,0.0,0.0,0.0,0.0,0.0,0.0,0.0,0.0,0.0,0.0,0,0,0,0.0,0.0,0.0,0,0,0,0,0,0,0,0,0,0,0,0,0,0,0,6,1546,0.0,0.0,0.0,A,,0.0,0.0,0.0,0.0,0.0,0.0,0.0,0.0,0.0,0.0,0.0,0.0,0.0,0.0,0.0
1546,2024-06-11,National Team,韓国,ｸｳｪｰﾄ,1500,1500,0,1500,1500,0,0,0,0,0,0,0,0,0,0,0,0,0,0,0,0,0,0,0,0.0,0.0,0.0,0.0,0.0,0.0,0.0,0.0,0.0,0.0,0.0,0.0,0.0,0.0,0.0,0.0,0.0,0,0,0,0.0,0.0,0.0,0,0,0,0,0,0,0,0,0,0,0,0,0,0,0,6,1546,0.0,0.0,0.0,H,,0.0,0.0,0.0,0.0,0.0,0.0,0.0,0.0,0.0,0.0,0.0,0.0,0.0,0.0,0.0
1546,2024-06-11,Unknown,ｳｽﾞﾍﾞｷ,ｶﾀｰﾙ,1500,1500,0,1500,1500,0,0,0,0,0,0,0,0,0,0,0,0,0,0,0,0,0,0,0,0.0,0.0,0.0,0.0,0.0,0.0,0.0,0.0,0.0,0.0,0.0,0.0,0.0,0.0,0.0,0.0,0.0,0,0,0,0.0,0.0,0.0,0,0,0,0,0,0,0,0,0,0,0,0,0,0,0,6,1546,0.0,0.0,0.0,H,,0.0,0.0,0.0,0.0,0.0,0.0,0.0,0.0,0.0,0.0,0.0,0.0,0.0,0.0,0.0
1546,2024-06-11,Unknown,ﾖﾙﾀﾞﾝ,ｲﾗｸ,1500,1500,0,1500,1500,0,0,0,0,0,0,0,0,0,0,0,0,0,0,0,0,0,0,0,0.0,0.0,0.0,0.0,0.0,0.0,0.0,0.0,0.0,0.0,0.0,0.0,0.0,0.0,0.0,0.0,0.0,0,0,0,0.0,0.0,0.0,0,0,0,0,0,0,0,0,0,0,0,0,0,0,0,6,1546,0.0,0.0,0.0,A,,0.0,0.0,0.0,0.0,0.0,0.0,0.0,0.0,0.0,0.0,0.0,0.0,0.0,0.0,0.0
1546,2024-06-11,National Team,ｷﾙｷﾞｽ,UAE,1500,1500,0,1500,1500,0,0,0,0,0,0,0,0,0,0,0,0,0,0,0,0,0,0,0,0.0,0.0,0.0,0.0,0.0,0.0,0.0,0.0,0.0,0.0,0.0,0.0,0.0,0.0,0.0,0.0,0.0,0,0,0,0.0,0.0,0.0,0,0,0,0,0,0,0,0,0,0,0,0,0,0,0,6,1546,0.0,0.0,0.0,D,,0.0,0.0,0.0,0.0,0.0,0.0,0.0,0.0,0.0,0.0,0.0,0.0,0.0,0.0,0.0
1546,2024-06-11,Unknown,ﾍﾞﾙｷﾞｰ,ｳｪｰﾙｽﾞ,1500,1500,0,1500,1500,0,0,0,0,0,0,0,0,0,0,0,0,0,0,0,0,0,0,0,0.0,0.0,0.0,0.0,0.0,0.0,0.0,0.0,0.0,0.0,0.0,0.0,0.0,0.0,0.0,0.0,0.0,0,0,0,0.0,0.0,0.0,0,0,0,0,0,0,0,0,0,0,0,0,0,0,0,6,1546,0.0,0.0,0.0,H,,0.0,0.0,0.0,0.0,0.0,0.0,0.0,0.0,0.0,0.0,0.0,0.0,0.0,0.0,0.0
1546,2024-06-11,Unknown,ﾌｪﾛｰ,ｼﾞﾌﾞﾗﾙ,1500,1500,0,1500,1500,0,0,0,0,0,0,0,0,0,0,0,0,0,0,0,0,0,0,0,0.0,0.0,0.0,0.0,0.0,0.0,0.0,0.0,0.0,0.0,0.0,0.0,0.0,0.0,0.0,0.0,0.0,0,0,0,0.0,0.0,0.0,0,0,0,0,0,0,0,0,0,0,0,0,0,0,0,6,1546,0.0,0.0,0.0,H,,0.0,0.0,0.0,0.0,0.0,0.0,0.0,0.0,0.0,0.0,0.0,0.0,0.0,0.0,0.0
1546,2024-06-11,Unknown,ｸﾛｱﾁｱ,ﾁｪｺ,1500,1500,0,1500,1500,0,0,0,0,0,0,0,0,0,0,0,0,0,0,0,0,0,0,0,0.0,0.0,0.0,0.0,0.0,0.0,0.0,0.0,0.0,0.0,0.0,0.0,0.0,0.0,0.0,0.0,0.0,0,0,0,0.0,0.0,0.0,0,0,0,0,0,0,0,0,0,0,0,0,0,0,0,6,1546,0.0,0.0,0.0,H,,0.0,0.0,0.0,0.0,0.0,0.0,0.0,0.0,0.0,0.0,0.0,0.0,0.0,0.0,0.0
1546,2024-06-11,Unknown,ﾌｨﾝﾗﾝ,ﾎﾟｰﾗﾝ,1500,1500,0,1500,1500,0,0,0,0,0,0,0,0,0,0,0,0,0,0,0,0,0,0,0,0.0,0.0,0.0,0.0,0.0,0.0,0.0,0.0,0.0,0.0,0.0,0.0,0.0,0.0,0.0,0.0,0.0,0,0,0,0.0,0.0,0.0,0,0,0,0,0,0,0,0,0,0,0,0,0,0,0,6,1546,0.0,0.0,0.0,H,,0.0,0.0,0.0,0.0,0.0,0.0,0.0,0.0,0.0,0.0,0.0,0.0,0.0,0.0,0.0
1546,2024-06-11,Unknown,ﾗﾄﾋﾞｱ,ｱﾙﾊﾞﾆｱ,1500,1500,0,1500,1500,0,0,0,0,0,0,0,0,0,0,0,0,0,0,0,0,0,0,0,0.0,0.0,0.0,0.0,0.0,0.0,0.0,0.0,0.0,0.0,0.0,0.0,0.0,0.0,0.0,0.0,0.0,0,0,0,0.0,0.0,0.0,0,0,0,0,0,0,0,0,0,0,0,0,0,0,0,6,1546,0.0,0.0,0.0,D,,0.0,0.0,0.0,0.0,0.0,0.0,0.0,0.0,0.0,0.0,0.0,0.0,0.0,0.0,0.0
1546,2024-06-11,Unknown,ｴｽﾄﾆｱ,ﾉﾙｳｪｰ,1500,1500,0,1500,1500,0,0,0,0,0,0,0,0,0,0,0,0,0,0,0,0,0,0,0,0.0,0.0,0.0,0.0,0.0,0.0,0.0,0.0,0.0,0.0,0.0,0.0,0.0,0.0,0.0,0.0,0.0,0,0,0,0.0,0.0,0.0,0,0,0,0,0,0,0,0,0,0,0,0,0,0,0,6,1546,0.0,0.0,0.0,A,,0.0,0.0,0.0,0.0,0.0,0.0,0.0,0.0,0.0,0.0,0.0,0.0,0.0,0.0,0.0
1545,2024-06-08,Cup/Other,FC今治,大分,1526,1500,26,1484,1500,-16,7,0,7,2,0,30,0,-30,17,0,17,7,0,4,0,3,0,3,0.5555555555555556,0.0,0.0,0.0,0.0,0.5,0.0,0.5,1.0,0.0,1.0,0.5761316872427983,0.0,0.5761316872427983,3.0375000000000005,0.0,3.0375000000000005,26,30,17,0.5761316872427983,3.0375000000000005,17.322726337448564,3,0,3,1,0,1,0,0,0,2,0,2,0,0,0,6,1545,0.5,0.5,0.1896667392819325,H,,0.0,0.0,0.0,0.0,0.0,0.0,0.0,0.0,0.0,0.0,0.0,0.0,0.0,0.0,0.0
1545,2024-06-08,J.League,ジュビロ磐田,湘南ベルマーレ,1510,1488,22,1511,1482,29,8,4,4,2,1,26,5,-21,27,40,-13,11,16,11,16,0,0,0,0.4210526315789473,0.4285714285714285,0.5,0.375,0.125,0.625,0.5,0.125,0.5,0.625,-0.125,0.428849902534113,0.4232804232804232,0.0055694792536898,2.331818181818182,2.3625000000000003,-0.0306818181818182,22,21,13,0.0055694792536898,0.0306818181818182,12.9572502594871,7,1,6,2,0,2,3,1,2,0,0,0,0,0,0,6,1545,1.125,0.125,0.1815199014682795,A,,0.0,0.0,0.0,0.0,0.0,0.0,0.0,0.0,0.0,0.0,0.0,0.0,0.0,0.0,0.0
1545,2024-06-08,J.League,サンフレッチェ広島,アビスパ福岡,1493,1471,22,1492,1490,2,9,2,7,3,0,17,18,1,34,34,0,12,16,13,19,-1,-3,2,0.4583333333333333,0.3214285714285714,0.4285714285714285,0.3571428571428571,0.0714285714285714,0.5,0.5714285714285714,-0.0714285714285714,0.5714285714285714,0.6428571428571429,-0.0714285714285715,0.3703703703703703,0.4232804232804232,-0.0529100529100528,2.492307692307693,1.9894736842105265,0.5028340080971665,22,1,0,0.0529100529100528,0.5028340080971665,8.061148812201443,3,2,1,1,0,1,0,1,-1,1,0,1,1,0,0,6,1545,1.0714285714285714,0.0714285714285714,0.177079830316113,H,32281,0.597111,0.550422,0.818182,12.0,20.0,0.520646,0.464967,0.636364,10.0,20.0,0.0764649999999999,0.08545499999999995,0.18181799999999992,2.0,0.0
1545,2024-06-08,J.League,横浜FC,セレッソ大阪,1490,1518,-28,1496,1498,-2,7,12,-5,2,4,20,13,-7,32,35,-3,14,15,16,14,-2,1,-3,0.36,0.4166666666666667,0.3846153846153846,0.4166666666666667,-0.032051282051282,0.5384615384615384,0.5833333333333334,-0.0448717948717949,0.6153846153846154,0.5833333333333334,0.032051282051282,0.4148148148148148,0.4629629629629629,-0.0481481481481481,2.109375,2.3142857142857145,-0.2049107142857145,28,7,3,0.0481481481481481,0.2049107142857145,11.60061177248677,1,9,-8,0,3,-3,0,3,-3,2,0,2,1,0,0,6,1545,1.1217948717948718,0.0448717948717949,0.1984234307572643,H,31413,0.597097,0.535231,0.727273,12.0,19.0,0.594382,0.5366,0.909091,12.0,19.0,0.002715000000000023,-0.0013689999999999536,-0.18181800000000004,0.0,0.0
1545,2024-06-08,J.League,柏レイソル,東京ヴェルディ,1541,1545,-4,1494,1517,-23,9,10,-1,3,3,6,3,-3,39,49,-10,17,19,14,14,3,5,-2,0.44,0.5172413793103449,0.3076923076923077,0.4666666666666667,-0.1589743589743589,0.6153846153846154,0.6666666666666666,-0.0512820512820512,0.6923076923076923,0.5333333333333333,0.1589743589743589,0.5037037037037037,0.4853128991060025,0.0183908045977011,2.4107142857142856,2.796428571428572,-0.3857142857142861,4,3,10,0.0183908045977011,0.3857142857142861,2.230821018062397,3,7,-4,1,2,-1,0,4,-4,1,0,1,0,0,2,6,1545,1.282051282051282,0.0512820512820512,0.189930953854602,H,31423,0.590926,0.542485,0.818182,10.0,19.0,0.484176,0.433447,0.818182,8.0,19.0,0.10674999999999996,0.10903799999999997,0.0,2.0,0.0
1544,2024-06-07,National Team,ｵｰｽﾄﾗﾘ,日本,1500,1500,0,1500,1500,0,0,0,0,0,0,0,0,0,0,0,0,0,0,0,0,0,0,0,0.0,0.0,0.0,0.0,0.0,0.0,0.0,0.0,0.0,0.0,0.0,0.0,0.0,0.0,0.0,0.0,0.0,0,0,0,0.0,0.0,0.0,0,0,0,0,0,0,0,0,0,0,0,0,0,0,0,6,1544,0.0,0.0,0.0,H,,0.0,0.0,0.0,0.0,0.0,0.0,0.0,0.0,0.0,0.0,0.0,0.0,0.0,0.0,0.0
1544,2024-06-07,National Team,ｲﾗｸ,韓国,1500,1500,0,1500,1500,0,0,0,0,0,0,0,0,0,0,0,0,0,0,0,0,0,0,0,0.0,0.0,0.0,0.0,0.0,0.0,0.0,0.0,0.0,0.0,0.0,0.0,0.0,0.0,0.0,0.0,0.0,0,0,0,0.0,0.0,0.0,0,0,0,0,0,0,0,0,0,0,0,0,0,0,0,6,1544,0.0,0.0,0.0,A,,0.0,0.0,0.0,0.0,0.0,0.0,0.0,0.0,0.0,0.0,0.0,0.0,0.0,0.0,0.0
1544,2024-06-07,Unknown,ｶﾀｰﾙ,ｲﾗﾝ,1500,1500,0,1500,1500,0,0,0,0,0,0,0,0,0,0,0,0,0,0,0,0,0,0,0,0.0,0.0,0.0,0.0,0.0,0.0,0.0,0.0,0.0,0.0,0.0,0.0,0.0,0.0,0.0,0.0,0.0,0,0,0,0.0,0.0,0.0,0,0,0,0,0,0,0,0,0,0,0,0,0,0,0,6,1544,0.0,0.0,0.0,H,,0.0,0.0,0.0,0.0,0.0,0.0,0.0,0.0,0.0,0.0,0.0,0.0,0.0,0.0,0.0
1544,2024-06-07,National Team,ｲﾝﾄﾞﾈｼ,中国,1500,1500,0,1500,1500,0,0,0,0,0,0,0,0,0,0,0,0,0,0,0,0,0,0,0,0.0,0.0,0.0,0.0,0.0,0.0,0.0,0.0,0.0,0.0,0.0,0.0,0.0,0.0,0.0,0.0,0.0,0,0,0,0.0,0.0,0.0,0,0,0,0,0,0,0,0,0,0,0,0,0,0,0,6,1544,0.0,0.0,0.0,H,,0.0,0.0,0.0,0.0,0.0,0.0,0.0,0.0,0.0,0.0,0.0,0.0,0.0,0.0,0.0
1544,2024-06-07,National Team,UAE,ｳｽﾞﾍﾞｷ,1500,1500,0,1500,1500,0,0,0,0,0,0,0,0,0,0,0,0,0,0,0,0,0,0,0,0.0,0.0,0.0,0.0,0.0,0.0,0.0,0.0,0.0,0.0,0.0,0.0,0.0,0.0,0.0,0.0,0.0,0,0,0,0.0,0.0,0.0,0,0,0,0,0,0,0,0,0,0,0,0,0,0,0,6,1544,0.0,0.0,0.0,D,,0.0,0.0,0.0,0.0,0.0,0.0,0.0,0.0,0.0,0.0,0.0,0.0,0.0,0.0,0.0
1544,2024-06-07,Unknown,ｵﾏｰﾝ,ﾖﾙﾀﾞﾝ,1500,1500,0,1500,1500,0,0,0,0,0,0,0,0,0,0,0,0,0,0,0,0,0,0,0,0.0,0.0,0.0,0.0,0.0,0.0,0.0,0.0,0.0,0.0,0.0,0.0,0.0,0.0,0.0,0.0,0.0,0,0,0,0.0,0.0,0.0,0,0,0,0,0,0,0,0,0,0,0,0,0,0,0,6,1544,0.0,0.0,0.0,A,,0.0,0.0,0.0,0.0,0.0,0.0,0.0,0.0,0.0,0.0,0.0,0.0,0.0,0.0,0.0
1544,2024-06-07,Unknown,ﾊﾞｰﾚｰﾝ,ｻｳｼﾞ,1500,1500,0,1500,1500,0,0,0,0,0,0,0,0,0,0,0,0,0,0,0,0,0,0,0,0.0,0.0,0.0,0.0,0.0,0.0,0.0,0.0,0.0,0.0,0.0,0.0,0.0,0.0,0.0,0.0,0.0,0,0,0,0.0,0.0,0.0,0,0,0,0,0,0,0,0,0,0,0,0,0,0,0,6,1544,0.0,0.0,0.0,A,,0.0,0.0,0.0,0.0,0.0,0.0,0.0,0.0,0.0,0.0,0.0,0.0,0.0,0.0,0.0
1544,2024-06-07,Unknown,ｸｳｪｰﾄ,ﾊﾟﾚｽﾁﾅ,1500,1500,0,1500,1500,0,0,0,0,0,0,0,0,0,0,0,0,0,0,0,0,0,0,0,0.0,0.0,0.0,0.0,0.0,0.0,0.0,0.0,0.0,0.0,0.0,0.0,0.0,0.0,0.0,0.0,0.0,0,0,0,0.0,0.0,0.0,0,0,0,0,0,0,0,0,0,0,0,0,0,0,0,6,1544,0.0,0.0,0.0,A,,0.0,0.0,0.0,0.0,0.0,0.0,0.0,0.0,0.0,0.0,0.0,0.0,0.0,0.0,0.0
1544,2024-06-07,Unknown,ﾉﾙｳｪｰ,ｲﾀﾘｱ,1500,1500,0,1500,1500,0,0,0,0,0,0,0,0,0,0,0,0,0,0,0,0,0,0,0,0.0,0.0,0.0,0.0,0.0,0.0,0.0,0.0,0.0,0.0,0.0,0.0,0.0,0.0,0.0,0.0,0.0,0,0,0,0.0,0.0,0.0,0,0,0,0,0,0,0,0,0,0,0,0,0,0,0,6,1544,0.0,0.0,0.0,H,,0.0,0.0,0.0,0.0,0.0,0.0,0.0,0.0,0.0,0.0,0.0,0.0,0.0,0.0,0.0
1544,2024-06-07,Unknown,ﾁｪｺ,ﾓﾝﾃﾈｸﾞ,1500,1500,0,1500,1500,0,0,0,0,0,0,0,0,0,0,0,0,0,0,0,0,0,0,0,0.0,0.0,0.0,0.0,0.0,0.0,0.0,0.0,0.0,0.0,0.0,0.0,0.0,0.0,0.0,0.0,0.0,0,0,0,0.0,0.0,0.0,0,0,0,0,0,0,0,0,0,0,0,0,0,0,0,6,1544,0.0,0.0,0.0,H,,0.0,0.0,0.0,0.0,0.0,0.0,0.0,0.0,0.0,0.0,0.0,0.0,0.0,0.0,0.0
1544,2024-06-07,Unknown,ｴｽﾄﾆｱ,ｲｽﾗｴﾙ,1500,1500,0,1500,1500,0,0,0,0,0,0,0,0,0,0,0,0,0,0,0,0,0,0,0,0.0,0.0,0.0,0.0,0.0,0.0,0.0,0.0,0.0,0.0,0.0,0.0,0.0,0.0,0.0,0.0,0.0,0,0,0,0.0,0.0,0.0,0,0,0,0,0,0,0,0,0,0,0,0,0,0,0,6,1544,0.0,0.0,0.0,A,,0.0,0.0,0.0,0.0,0.0,0.0,0.0,0.0,0.0,0.0,0.0,0.0,0.0,0.0,0.0
1544,2024-06-07,Unknown,北マケ,ﾍﾞﾙｷﾞｰ,1500,1500,0,1500,1500,0,0,0,0,0,0,0,0,0,0,0,0,0,0,0,0,0,0,0,0.0,0.0,0.0,0.0,0.0,0.0,0.0,0.0,0.0,0.0,0.0,0.0,0.0,0.0,0.0,0.0,0.0,0,0,0,0.0,0.0,0.0,0,0,0,0,0,0,0,0,0,0,0,0,0,0,0,6,1544,0.0,0.0,0.0,D,,0.0,0.0,0.0,0.0,0.0,0.0,0.0,0.0,0.0,0.0,0.0,0.0,0.0,0.0,0.0
1544,2024-06-07,Unknown,ｳｪｰﾙｽﾞ,ﾘﾋﾃﾝｼｭ,1500,1500,0,1500,1500,0,0,0,0,0,0,0,0,0,0,0,0,0,0,0,0,0,0,0,0.0,0.0,0.0,0.0,0.0,0.0,0.0,0.0,0.0,0.0,0.0,0.0,0.0,0.0,0.0,0.0,0.0,0,0,0,0.0,0.0,0.0,0,0,0,0,0,0,0,0,0,0,0,0,0,0,0,6,1544,0.0,0.0,0.0,H,,0.0,0.0,0.0,0.0,0.0,0.0,0.0,0.0,0.0,0.0,0.0,0.0,0.0,0.0,0.0
1543,2024-06-04,Cup/Other,東京ヴェルディ,0,1549,1500,49,1532,1500,32,10,0,10,3,0,2,0,-2,52,0,52,20,0,14,0,6,0,6,0.5333333333333333,0.0,0.6,0.0,0.6,0.6666666666666666,0.0,0.6666666666666666,0.4,0.0,0.4,0.4938271604938271,0.0,0.4938271604938271,2.892857142857143,0.0,2.892857142857143,49,2,52,0.4938271604938271,2.892857142857143,18.327336860670197,7,0,7,2,0,2,4,0,4,0,0,0,0,0,0,6,1543,0.6666666666666666,0.6666666666666666,0.1706997843756902,H,,0.0,0.0,0.0,0.0,0.0,0.0,0.0,0.0,0.0,0.0,0.0,0.0,0.0,0.0,0.0
1543,2024-06-04,Cup/Other,セレッソ大阪,3,1524,1500,24,1511,1500,11,12,0,12,4,0,10,0,-10,38,0,38,16,0,14,0,2,0,2,0.44,0.0,0.4166666666666667,0.0,0.4166666666666667,0.6666666666666666,0.0,0.6666666666666666,0.5833333333333334,0.0,0.5833333333333334,0.474074074074074,0.0,0.474074074074074,2.4107142857142856,0.0,2.4107142857142856,24,10,38,0.474074074074074,2.4107142857142856,11.47695767195767,9,0,9,3,0,3,3,0,3,0,0,0,0,0,0,6,1543,0.6666666666666666,0.6666666666666666,0.1966447921282387,,,0.0,0.0,0.0,0.0,0.0,0.0,0.0,0.0,0.0,0.0,0.0,0.0,0.0,0.0,0.0
1543,2024-06-04,Cup/Other,アビスパ福岡,1,1468,1500,-32,1484,1500,-16,2,0,2,0,0,18,0,-18,34,0,34,16,0,20,0,-4,0,-4,0.3103448275862069,0.0,0.2857142857142857,0.0,0.2857142857142857,0.5714285714285714,0.0,0.5714285714285714,0.7142857142857143,0.0,0.7142857142857143,0.408684546615581,0.0,0.408684546615581,1.9575,0.0,1.9575,32,18,34,0.408684546615581,1.9575,16.173236909323116,2,0,2,0,0,0,1,0,1,0,0,0,0,0,0,6,1543,0.5714285714285714,0.5714285714285714,0.2087681582629654,H,,0.0,0.0,0.0,0.0,0.0,0.0,0.0,0.0,0.0,0.0,0.0,0.0,0.0,0.0,0.0
1542,2024-06-01,J.League,名古屋グランパス,アルビレックス新潟,1528,1508,20,1541,1494,47,11,4,7,3,1,4,9,5,47,41,6,19,19,16,18,3,1,2,0.4666666666666667,0.3793103448275862,0.6923076923076923,0.3571428571428571,0.3351648351648351,0.6923076923076923,0.5714285714285714,0.1208791208791209,0.3076923076923077,0.6428571428571429,-0.3351648351648352,0.4691358024691358,0.4853128991060025,-0.0161770966368667,2.53125,2.1750000000000003,0.3562499999999997,20,5,6,0.0161770966368667,0.3562499999999997,8.324485419327372,5,3,2,1,1,0,5,1,4,0,0,0,1,0,0,6,1542,1.2637362637362637,0.1208791208791209,0.2028001958152577,H,32332,0.606194,0.518958,0.909091,11.0,20.0,0.657632,0.596431,0.909091,14.0,20.0,-0.051437999999999984,-0.07747300000000001,0.0,-3.0,0.0
1542,2024-06-01,J.League,町田,横浜F・マリノス,1566,1473,93,1522,1461,61,6,3,3,1,1,2,22,20,53,31,22,23,11,15,14,8,-3,11,0.5,0.4166666666666667,0.5384615384615384,0.3333333333333333,0.2051282051282051,0.6923076923076923,0.3333333333333333,0.358974358974359,0.4615384615384615,0.6666666666666666,-0.205128205128205,0.5679012345679012,0.3395061728395061,0.228395061728395,2.7,2.3142857142857145,0.3857142857142857,93,20,22,0.228395061728395,0.3857142857142857,37.67282186948854,5,3,2,1,1,0,4,1,3,0,0,0,0,0,0,6,1542,1.0256410256410255,0.358974358974359,0.1809608313182316,A,32331,0.589542,0.528472,0.727273,11.0,20.0,0.571396,0.516986,1.0,11.0,20.0,0.018145999999999995,0.011486000000000107,-0.27272700000000005,0.0,0.0
1542,2024-06-01,J.League,柏レイソル,ヴィッセル神戸,1551,1518,33,1496,1532,-36,12,6,6,4,2,6,12,6,42,38,4,18,14,15,11,3,3,0,0.4444444444444444,0.5217391304347826,0.3076923076923077,0.6153846153846154,-0.3076923076923077,0.6153846153846154,0.6923076923076923,-0.0769230769230768,0.6923076923076923,0.3846153846153846,0.3076923076923076,0.4938271604938271,0.4508856682769726,0.0429414922168544,2.43,2.8227272727272728,-0.3927272727272726,33,6,4,0.0429414922168544,0.3927272727272726,13.137133752988824,6,6,0,2,2,0,1,0,1,0,1,-1,0,0,1,6,1542,1.3076923076923077,0.0769230769230768,0.1798484472687227,A,32334,0.556632,0.494131,0.818182,11.0,20.0,0.634875,0.578969,0.818182,12.0,20.0,-0.07824299999999995,-0.08483799999999997,0.0,-1.0,0.0
1542,2024-06-01,J.League,ガンバ大阪,鹿島アントラーズ,1509,1563,-54,1502,1517,-15,7,9,-2,2,3,10,1,-9,39,56,-17,17,20,17,13,0,7,-7,0.3928571428571428,0.5806451612903226,0.5,0.5625,-0.0625,0.5,0.5625,-0.0625,0.5,0.4375,0.0625,0.4497354497354496,0.4778972520908004,-0.0281618023553507,2.2235294117647064,3.2192307692307693,-0.9957013574660628,54,9,17,0.0281618023553507,0.9957013574660628,21.35477263196428,1,3,-2,0,1,-1,1,0,1,0,1,-1,0,0,0,6,1542,1.0625,0.0625,0.1704311099273158,A,32336,0.579347,0.512836,0.909091,11.0,19.0,0.619812,0.549258,0.909091,12.0,20.0,-0.040465000000000084,-0.036422000000000065,0.0,-1.0,-1.0
1542,2024-06-01,J.League,京都サンガF.C.,FC東京,1478,1505,-27,1466,1492,-26,4,9,-5,1,3,8,11,3,42,39,3,16,15,18,15,-2,0,-2,0.4193548387096774,0.4444444444444444,0.2666666666666666,0.4285714285714285,-0.1619047619047618,0.4666666666666667,0.5,-0.0333333333333333,0.7333333333333333,0.5714285714285714,0.1619047619047618,0.3823178016726403,0.411522633744856,-0.0292048320722156,2.325,2.43,-0.1049999999999999,27,3,3,0.0292048320722156,0.1049999999999999,10.226840966414445,3,3,0,1,1,0,0,0,0,2,2,0,1,0,0,6,1542,0.9666666666666668,0.0333333333333333,0.1669450559225876,H,32337,0.572194,0.500542,0.545455,11.0,20.0,0.600313,0.523142,0.636364,11.0,20.0,-0.028119000000000005,-0.022599999999999953,-0.09090900000000002,0.0,0.0
1542,2024-06-01,J.League,アビスパ福岡,東京ヴェルディ,1461,1552,-91,1477,1518,-41,1,12,-11,0,4,19,3,-16,33,52,-19,15,20,20,14,-5,6,-11,0.3103448275862069,0.5333333333333333,0.2857142857142857,0.4666666666666667,-0.1809523809523809,0.5,0.6666666666666666,-0.1666666666666666,0.7142857142857143,0.5333333333333333,0.1809523809523809,0.3831417624521073,0.4938271604938271,-0.1106853980417197,1.9575,2.892857142857143,-0.9353571428571428,91,16,19,0.1106853980417197,0.9353571428571428,36.059208508179765,1,9,-8,0,3,-3,0,3,-3,1,0,1,0,0,0,6,1542,1.1666666666666663,0.1666666666666666,0.1808012929744925,D,32333,0.633194,0.553139,0.818182,11.0,20.0,0.616903,0.548392,1.0,12.0,20.0,0.016291000000000055,0.004747000000000057,-0.18181800000000004,-1.0,0.0
1542,2024-06-01,J.League,サンフレッチェ広島,川崎フロンターレ,1520,1541,-21,1514,1508,6,9,11,-2,3,3,5,18,13,43,34,9,15,16,12,15,3,1,2,0.5384615384615384,0.375,0.5333333333333333,0.3333333333333333,0.2,0.6,0.6666666666666666,-0.0666666666666666,0.4666666666666667,0.6666666666666666,-0.1999999999999999,0.4273504273504273,0.4938271604938271,-0.0664767331433998,2.925,2.16,0.7649999999999997,21,13,9,0.0664767331433998,0.7649999999999997,10.76629534662868,6,7,-1,2,2,0,1,5,-4,0,0,0,0,0,0,6,1542,1.2666666666666666,0.0666666666666666,0.1811523053320985,A,32335,0.593868,0.557892,0.909091,12.0,19.0,0.557875,0.491594,0.909091,10.0,20.0,0.03599299999999994,0.06629800000000008,0.0,2.0,-1.0
1542,2024-06-01,J.League,セレッソ大阪,清水エスパルス,1507,1515,-8,1496,1473,23,12,4,8,4,1,16,14,-2,35,36,-1,15,14,15,11,0,3,-3,0.4,0.5,0.3333333333333333,0.3,0.0333333333333333,0.5833333333333334,0.4,0.1833333333333333,0.6666666666666666,0.7,-0.0333333333333333,0.4444444444444444,0.4713804713804713,-0.0269360269360269,2.2500000000000004,2.7,-0.4499999999999997,8,2,1,0.0269360269360269,0.4499999999999997,3.395387205387205,6,4,2,2,1,1,2,1,1,0,0,0,0,0,0,6,1542,0.9833333333333334,0.1833333333333333,0.185011396906106,H,32339,0.633792,0.552183,0.818182,12.0,20.0,0.630556,0.561625,1.0,13.0,19.0,0.0032360000000000166,-0.009442000000000061,-0.18181800000000004,-1.0,1.0
1542,2024-06-01,J.League,浦和レッズ,横浜FC,1516,1502,14,1528,1503,25,4,7,-3,1,2,17,21,4,35,32,3,13,14,14,15,-1,-1,0,0.44,0.375,0.6363636363636364,0.3636363636363636,0.2727272727272727,0.6363636363636364,0.6363636363636364,0.0,0.3636363636363636,0.6363636363636364,-0.2727272727272727,0.3851851851851852,0.4320987654320987,-0.0469135802469135,2.4107142857142856,2.16,0.2507142857142854,14,4,3,0.0469135802469135,0.2507142857142854,5.95952557319224,3,4,-1,1,1,0,0,0,0,2,1,1,0,0,0,6,1542,1.2727272727272727,0.0,0.178804891104773,H,32340,0.694708,0.6258,0.545455,13.0,20.0,0.642694,0.573683,0.909091,13.0,20.0,0.052014000000000005,0.05211699999999997,-0.36363599999999996,0.0,0.0
1542,2024-06-01,J.League,湘南ベルマーレ,ファジアーノ岡山,1486,1500,-14,1501,1475,26,4,4,0,1,1,7,15,8,42,35,7,16,15,17,14,-1,1,-2,0.4333333333333333,0.4166666666666667,0.4615384615384615,0.2222222222222222,0.2393162393162393,0.5384615384615384,0.4444444444444444,0.094017094017094,0.5384615384615384,0.7777777777777778,-0.2393162393162393,0.3950617283950617,0.4629629629629629,-0.0679012345679012,2.382352941176471,2.3142857142857145,0.0680672268907565,14,8,7,0.0679012345679012,0.0680672268907565,6.927193692291731,3,4,-1,1,1,0,0,2,-2,2,0,2,0,0,0,6,1542,0.9829059829059827,0.094017094017094,0.1826852108026415,D,32338,0.59659,0.502847,0.909091,9.0,20.0,0.651396,0.569806,1.0,12.0,20.0,-0.05480600000000002,-0.06695899999999999,-0.09090900000000002,-3.0,0.0
1542,2024-06-01,J.League,ブラウブリッツ秋田,富山,1478,1462,16,1480,1481,-1,3,1,2,1,0,29,37,8,22,9,13,8,5,9,8,-1,-3,2,0.4375,0.2,0.3333333333333333,0.1666666666666666,0.1666666666666666,0.4444444444444444,0.5,-0.0555555555555555,0.6666666666666666,0.8333333333333334,-0.1666666666666667,0.3703703703703703,0.3703703703703703,0.0,2.4000000000000004,1.6875,0.7125000000000004,16,8,13,0.0,0.7125000000000004,7.7425,0,0,0,0,0,0,0,0,0,3,3,0,0,0,0,6,1542,0.9444444444444444,0.0555555555555555,0.1812165428957678,D,,0.0,0.0,0.0,0.0,0.0,0.0,0.0,0.0,0.0,0.0,0.0,0.0,0.0,0.0,0.0
1542,2024-06-01,J.League,FC今治,徳島ヴォルティス,1539,1537,2,1492,1518,-26,10,7,3,3,2,30,25,-5,17,27,-10,7,11,3,7,4,4,0,0.625,0.5333333333333333,0.0,0.5714285714285714,-0.5714285714285714,0.6666666666666666,0.7142857142857143,-0.0476190476190476,1.0,0.4285714285714285,0.5714285714285714,0.6481481481481481,0.5432098765432098,0.1049382716049383,3.6,2.892857142857143,0.7071428571428573,2,5,10,0.1049382716049383,0.7071428571428573,2.112416225749559,4,6,-2,1,2,-1,0,0,0,1,1,0,0,0,0,6,1542,1.380952380952381,0.0476190476190476,0.1834846586045871,A,,0.0,0.0,0.0,0.0,0.0,0.0,0.0,0.0,0.0,0.0,0.0,0.0,0.0,0.0,0.0
1542,2024-06-01,Cup/Other,大分,ヴァンフォーレ甲府,1500,1471,29,1500,1503,-3,0,9,-9,0,3,0,31,31,0,17,-17,0,7,0,11,0,-4,4,0.0,0.3125,0.0,0.4285714285714285,-0.4285714285714285,0.0,0.5714285714285714,-0.5714285714285714,0.0,0.5714285714285714,-0.5714285714285714,0.0,0.324074074074074,-0.324074074074074,0.0,1.963636363636364,-1.963636363636364,29,31,17,0.324074074074074,1.963636363636364,18.35754208754209,0,6,-6,0,2,-2,0,2,-2,0,0,0,0,0,0,6,1542,0.5714285714285714,0.5714285714285714,0.1650293186372367,H,,0.0,0.0,0.0,0.0,0.0,0.0,0.0,0.0,0.0,0.0,0.0,0.0,0.0,0.0,0.0
1541,2024-05-25,J.League,セレッソ大阪,アビスパ福岡,1492,1467,25,1486,1487,-1,9,2,7,3,0,21,19,-2,32,33,-1,14,15,16,20,-2,-5,3,0.36,0.3103448275862069,0.2727272727272727,0.3333333333333333,-0.0606060606060606,0.5454545454545454,0.5333333333333333,0.012121212121212,0.7272727272727273,0.6666666666666666,0.0606060606060606,0.4148148148148148,0.3831417624521073,0.0316730523627075,2.109375,1.9575,0.1518749999999999,25,2,1,0.0316730523627075,0.1518749999999999,9.28670961047254,6,1,5,2,0,2,1,1,0,0,0,0,1,0,0,5,1541,1.0787878787878786,0.012121212121212,0.1962039543559826,H,32321,0.639382,0.558606,0.909091,12.0,20.0,0.60791,0.551703,0.909091,13.0,19.0,0.031472000000000055,0.0069029999999999925,0.0,-1.0,1.0
1541,2024-05-25,J.League,横浜FC,柏レイソル,1514,1539,-25,1504,1527,-23,7,10,-3,2,3,20,9,-11,32,40,-8,14,18,14,16,0,2,-2,0.391304347826087,0.4074074074074074,0.4166666666666667,0.5384615384615384,-0.1217948717948717,0.5833333333333334,0.6923076923076923,-0.1089743589743589,0.5833333333333334,0.4615384615384615,0.1217948717948718,0.4508856682769726,0.4938271604938271,-0.0429414922168544,2.217857142857143,2.278125,-0.0602678571428572,25,11,8,0.0429414922168544,0.0602678571428572,11.520641869871945,7,6,1,2,2,0,3,0,3,0,1,-1,0,0,0,5,1541,1.2756410256410255,0.1089743589743589,0.2101191212157123,A,32325,0.611743,0.562757,0.818182,13.0,19.0,0.573417,0.50376,0.454545,10.0,19.0,0.03832600000000008,0.058996999999999966,0.363637,3.0,0.0
1541,2024-05-25,J.League,清水エスパルス,ヴィッセル神戸,1508,1535,-27,1546,1547,-1,1,6,-5,0,2,14,8,-6,36,41,-5,14,15,11,10,3,5,-2,0.5,0.5652173913043478,0.6666666666666666,0.6923076923076923,-0.0256410256410256,0.8333333333333334,0.7692307692307693,0.0641025641025641,0.3333333333333333,0.3076923076923077,0.0256410256410256,0.4713804713804713,0.4830917874396135,-0.0117113160591421,2.7,3.1050000000000004,-0.4050000000000002,27,6,5,0.0117113160591421,0.4050000000000002,11.033342263211829,1,6,-5,0,2,-2,0,2,-2,1,0,1,0,0,0,5,1541,1.6025641025641026,0.0641025641025641,0.1644196066941284,H,32327,0.645729,0.582122,0.909091,12.0,19.0,0.633514,0.571397,1.0,13.0,20.0,0.012214999999999976,0.010724999999999985,-0.09090900000000002,-1.0,-1.0
1541,2024-05-25,J.League,横浜F・マリノス,鹿島アントラーズ,1453,1574,-121,1497,1520,-23,3,12,-9,1,4,25,1,-24,28,56,-28,10,20,15,13,-5,7,-12,0.375,0.5806451612903226,0.4166666666666667,0.5625,-0.1458333333333333,0.5,0.5625,-0.0625,0.5833333333333334,0.4375,0.1458333333333333,0.3086419753086419,0.4778972520908004,-0.1692552767821584,2.16,3.2192307692307693,-1.0592307692307692,121,24,28,0.1692552767821584,1.0592307692307692,48.59569720920258,0,6,-6,0,2,-2,0,1,-1,4,0,4,0,0,0,5,1541,1.0625,0.0625,0.1462150704504671,H,32324,0.598326,0.528892,0.727273,12.0,20.0,0.629285,0.573311,0.727273,13.0,20.0,-0.03095899999999996,-0.044418999999999986,0.0,-1.0,0.0
1541,2024-05-25,J.League,アルビレックス新潟,湘南ベルマーレ,1497,1501,-4,1506,1502,4,4,4,0,1,1,12,5,-7,38,45,-7,18,17,18,16,0,1,-1,0.3571428571428571,0.4666666666666667,0.3571428571428571,0.4705882352941176,-0.1134453781512604,0.7142857142857143,0.5882352941176471,0.1260504201680672,0.6428571428571429,0.5294117647058824,0.1134453781512605,0.4761904761904762,0.419753086419753,0.0564373897707231,2.1,2.53125,-0.4312499999999999,4,7,7,0.0564373897707231,0.4312499999999999,3.2475374779541446,1,3,-2,0,1,-1,0,0,0,2,1,1,1,0,0,5,1541,1.3025210084033614,0.1260504201680672,0.193451922789301,H,32326,0.606056,0.548967,0.818182,13.0,20.0,0.588201,0.511353,0.636364,9.0,19.0,0.017855000000000065,0.037614000000000036,0.18181799999999992,4.0,1.0
1541,2024-05-25,J.League,名古屋グランパス,浦和レッズ,1520,1526,-6,1541,1480,61,8,7,1,2,2,4,16,12,47,36,11,19,14,16,14,3,0,3,0.4666666666666667,0.44,0.6923076923076923,0.2857142857142857,0.4065934065934066,0.6923076923076923,0.5,0.1923076923076923,0.3076923076923077,0.7142857142857143,-0.4065934065934066,0.4691358024691358,0.4148148148148148,0.0543209876543209,2.53125,2.4107142857142856,0.1205357142857144,6,12,11,0.0543209876543209,0.1205357142857144,5.134971340388007,5,4,1,1,1,0,4,0,4,0,1,-1,0,0,0,5,1541,1.1923076923076923,0.1923076923076923,0.1788626303059495,H,32322,0.632764,0.562206,0.909091,12.0,20.0,0.598507,0.516831,0.636364,11.0,20.0,0.03425699999999998,0.04537499999999994,0.27272699999999994,1.0,0.0
1541,2024-05-25,J.League,ファジアーノ岡山,町田,1498,1564,-66,1529,1539,-10,4,8,-4,1,2,17,2,-15,35,52,-17,15,22,14,15,1,7,-6,0.4166666666666667,0.5,0.5333333333333333,0.5,0.0333333333333333,0.7333333333333333,0.8125,-0.0791666666666667,0.4666666666666667,0.5,-0.0333333333333333,0.4629629629629629,0.5432098765432098,-0.0802469135802469,2.3142857142857145,2.7,-0.3857142857142857,66,15,17,0.0802469135802469,0.3857142857142857,26.943192239858902,3,5,-2,1,1,0,1,3,-2,0,0,0,0,0,0,5,1541,1.5458333333333334,0.0791666666666667,0.2006572483324609,D,32323,0.623479,0.558336,1.0,12.0,20.0,0.580618,0.520858,0.909091,11.0,19.0,0.04286100000000004,0.03747800000000001,0.09090900000000002,1.0,1.0
1541,2024-05-25,J.League,FC東京,サンフレッチェ広島,1513,1511,2,1514,1499,15,12,6,6,4,2,11,6,-5,39,43,-4,15,15,15,12,0,3,-3,0.4444444444444444,0.5384615384615384,0.4615384615384615,0.5,-0.0384615384615384,0.6153846153846154,0.5,0.1153846153846154,0.5384615384615384,0.5,0.0384615384615384,0.411522633744856,0.4273504273504273,-0.0158277936055712,2.43,2.925,-0.4949999999999996,2,5,4,0.0158277936055712,0.4949999999999996,2.0521655587211143,6,6,0,2,2,0,0,0,0,1,1,0,1,0,0,5,1541,1.1153846153846154,0.1153846153846154,0.1566493736989567,A,32328,0.597729,0.511794,0.727273,10.0,20.0,0.617257,0.570531,1.0,13.0,20.0,-0.01952799999999999,-0.05873700000000004,-0.27272700000000005,-3.0,0.0
1541,2024-05-25,J.League,川崎フロンターレ,ガンバ大阪,1548,1507,41,1511,1498,13,13,9,4,4,3,15,10,-5,36,39,-3,16,17,14,17,2,0,2,0.4166666666666667,0.3928571428571428,0.5,0.3125,0.1875,0.625,0.6875,-0.0625,0.5,0.6875,-0.1875,0.4938271604938271,0.4497354497354496,0.0440917107583774,2.3142857142857145,2.2235294117647064,0.090756302521008,41,5,3,0.0440917107583774,0.090756302521008,15.626969602655876,9,3,6,3,1,2,5,0,5,0,2,-2,0,0,0,5,1541,1.3125,0.0625,0.207928659752283,D,32330,0.593743,0.517825,0.909091,10.0,20.0,0.638931,0.577367,0.909091,12.0,20.0,-0.045188000000000006,-0.059541999999999984,0.0,-2.0,0.0
1541,2024-05-25,J.League,東京ヴェルディ,京都サンガF.C.,1540,1488,52,1523,1526,-3,9,4,5,3,1,3,7,4,49,42,7,19,16,15,17,4,-1,5,0.5,0.4333333333333333,0.5714285714285714,0.6,-0.0285714285714285,0.6428571428571429,0.6,0.0428571428571429,0.4285714285714285,0.4,0.0285714285714285,0.4691358024691358,0.3950617283950617,0.074074074074074,2.7,2.382352941176471,0.3176470588235291,52,4,7,0.074074074074074,0.3176470588235291,19.27834422657952,6,4,2,2,1,1,2,0,2,0,1,-1,1,0,0,5,1541,1.2428571428571429,0.0428571428571429,0.1700355204202157,H,32329,0.562826,0.484567,0.818182,10.0,20.0,0.568368,0.502324,0.909091,11.0,20.0,-0.005541999999999936,-0.017756999999999967,-0.09090900000000002,-1.0,0.0
1541,2024-05-25,J.League,V・ファーレン長崎,ジェフユナイテッド千葉,1517,1561,-44,1506,1549,-43,6,10,-4,1,3,27,23,-4,26,29,-3,12,11,10,5,2,6,-4,0.4117647058823529,0.6428571428571429,0.375,0.7,-0.3249999999999999,0.75,0.9,-0.15,0.625,0.3,0.325,0.5228758169934641,0.582010582010582,-0.0591347650171178,2.295,3.78,-1.4850000000000003,44,4,3,0.0591347650171178,1.4850000000000003,16.708826953003424,5,4,1,1,1,0,4,1,3,0,0,0,1,0,0,5,1541,1.65,0.15,0.1818713105963763,H,,0.0,0.0,0.0,0.0,0.0,0.0,0.0,0.0,0.0,0.0,0.0,0.0,0.0,0.0,0.0
1541,2024-05-25,J.League,モンテディオ山形,ヴァンフォーレ甲府,1570,1455,115,1522,1493,29,5,9,-4,1,3,13,34,21,36,14,22,14,6,5,11,9,-5,14,0.6875,0.2666666666666666,0.5555555555555556,0.3333333333333333,0.2222222222222222,0.7777777777777778,0.5,0.2777777777777778,0.4444444444444444,0.6666666666666666,-0.2222222222222222,0.6481481481481481,0.2962962962962963,0.3518518518518518,4.32,1.840909090909091,2.479090909090909,115,21,22,0.3518518518518518,2.479090909090909,46.06618855218855,4,3,1,1,1,0,1,1,0,0,0,0,1,0,0,5,1541,1.2777777777777777,0.2777777777777778,0.1532937917325953,A,,0.0,0.0,0.0,0.0,0.0,0.0,0.0,0.0,0.0,0.0,0.0,0.0,0.0,0.0,0.0
1541,2024-05-25,J.League,山口,藤枝MYFC,1417,1445,-28,1466,1474,-8,2,3,-1,0,1,39,37,-2,7,9,-2,5,3,14,8,-9,-5,-4,0.0666666666666666,0.2727272727272727,0.1428571428571428,0.2857142857142857,-0.1428571428571428,0.2857142857142857,0.2857142857142857,0.0,0.8571428571428571,0.7142857142857143,0.1428571428571428,0.2469135802469135,0.202020202020202,0.0448933782267115,1.4464285714285714,1.85625,-0.4098214285714288,28,2,2,0.0448933782267115,0.4098214285714288,10.390942961359627,0,3,-3,0,1,-1,0,0,0,3,1,2,0,0,1,5,1541,0.5714285714285714,0.0,0.1359260914887598,D,,0.0,0.0,0.0,0.0,0.0,0.0,0.0,0.0,0.0,0.0,0.0,0.0,0.0,0.0,0.0
1540,2024-05-21,J.League,川崎フロンターレ,浦和レッズ,1541,1538,3,1510,1489,21,10,10,0,3,3,14,16,2,36,36,0,16,14,14,13,2,1,1,0.4166666666666667,0.4583333333333333,0.5,0.3076923076923077,0.1923076923076923,0.625,0.5384615384615384,0.0865384615384615,0.5,0.6923076923076923,-0.1923076923076923,0.4938271604938271,0.4320987654320987,0.0617283950617283,2.3142857142857145,2.492307692307693,-0.1780219780219782,3,2,0,0.0617283950617283,0.1780219780219782,1.5979500746167412,7,4,3,2,1,1,4,2,2,0,0,0,0,0,0,5,1540,1.1634615384615383,0.0865384615384615,0.1926326161464387,H,32279,0.611618,0.544189,0.818182,11.0,20.0,0.560715,0.500808,0.636364,10.0,20.0,0.05090300000000003,0.043381,0.18181799999999992,1.0,0.0
1540,2024-05-21,J.League,横浜F・マリノス,ヴィッセル神戸,1468,1519,-51,1511,1532,-21,3,6,-3,1,2,22,12,-10,31,38,-7,11,14,14,11,-3,3,-6,0.4166666666666667,0.5217391304347826,0.5,0.6153846153846154,-0.1153846153846154,0.5833333333333334,0.6923076923076923,-0.1089743589743589,0.5,0.3846153846153846,0.1153846153846153,0.3395061728395061,0.4508856682769726,-0.1113794954374665,2.3142857142857145,2.8227272727272728,-0.5084415584415583,51,10,7,0.1113794954374665,0.5084415584415583,20.4739642107758,0,3,-3,0,1,-1,0,1,-1,3,0,3,0,0,1,5,1540,1.2756410256410255,0.1089743589743589,0.1538591506775594,A,32280,0.565743,0.511443,0.454545,10.0,20.0,0.641493,0.559683,0.818182,13.0,20.0,-0.07574999999999998,-0.04824000000000006,-0.363637,-3.0,0.0
1540,2024-05-21,J.League,横浜FC,町田,1512,1566,-54,1502,1539,-37,9,10,-1,3,3,20,2,-18,31,52,-21,13,22,13,15,0,7,-7,0.4090909090909091,0.5,0.4545454545454545,0.5,-0.0454545454545454,0.5454545454545454,0.8125,-0.2670454545454546,0.5454545454545454,0.5,0.0454545454545454,0.4377104377104377,0.5432098765432098,-0.1054994388327721,2.2846153846153845,2.7,-0.4153846153846157,54,18,21,0.1054994388327721,0.4153846153846157,23.504176810843475,6,4,2,2,1,1,2,2,0,0,0,0,0,0,1,5,1540,1.3579545454545454,0.2670454545454546,0.196785621357865,D,31403,0.59159,0.541653,0.818182,12.0,19.0,0.596799,0.531833,1.0,11.0,20.0,-0.005209000000000019,0.009820000000000051,-0.18181800000000004,1.0,-1.0
1540,2024-05-21,J.League,アルビレックス新潟,東京ヴェルディ,1509,1523,-14,1515,1503,12,5,9,-4,1,3,10,5,-5,39,46,-7,19,18,18,16,1,2,-1,0.3571428571428571,0.4666666666666667,0.3571428571428571,0.4,-0.0428571428571428,0.7857142857142857,0.6,0.1857142857142857,0.6428571428571429,0.6,0.0428571428571429,0.5026455026455027,0.4444444444444444,0.0582010582010582,2.1,2.53125,-0.4312499999999999,14,5,7,0.0582010582010582,0.4312499999999999,6.247890211640211,1,6,-5,0,2,-2,0,1,-1,1,0,1,1,0,0,5,1540,1.3857142857142857,0.1857142857142857,0.204495438066643,A,31404,0.612465,0.552391,0.909091,12.0,20.0,0.529785,0.466484,0.727273,9.0,19.0,0.08268000000000009,0.08590699999999996,0.18181800000000004,3.0,1.0
1540,2024-05-21,J.League,京都サンガF.C.,セレッソ大阪,1505,1479,26,1480,1490,-10,4,6,-2,1,2,7,23,16,45,30,15,17,14,16,17,1,-3,4,0.4666666666666667,0.32,0.3333333333333333,0.3846153846153846,-0.0512820512820513,0.5333333333333333,0.5384615384615384,-0.0051282051282051,0.6666666666666666,0.6153846153846154,0.0512820512820512,0.419753086419753,0.4148148148148148,0.0049382716049382,2.53125,1.9852941176470589,0.5459558823529411,26,16,15,0.0049382716049382,0.5459558823529411,13.210178830791577,4,6,-2,1,2,-1,2,0,2,0,1,-1,1,0,1,5,1540,1.0717948717948718,0.0051282051282051,0.184776103561893,A,32287,0.558278,0.495872,0.545455,9.0,19.0,0.56835,0.513303,0.363636,10.0,19.0,-0.01007199999999997,-0.017430999999999974,0.181819,-1.0,0.0
1539,2024-05-18,J.League,ヴィッセル神戸,ガンバ大阪,1508,1513,-5,1481,1508,-27,3,9,-6,1,3,14,11,-3,35,39,-4,13,17,11,17,2,0,2,0.5,0.3928571428571428,0.3333333333333333,0.3333333333333333,0.0,0.4444444444444444,0.7333333333333333,-0.2888888888888888,0.6666666666666666,0.6666666666666666,0.0,0.4377104377104377,0.4497354497354496,-0.0120250120250119,2.7,2.2235294117647064,0.4764705882352937,5,3,4,0.0120250120250119,0.4764705882352937,2.597699120052061,0,6,-6,0,2,-2,0,0,0,3,1,2,0,1,0,5,1539,1.1777777777777776,0.2888888888888888,0.180242218337024,H,32313,0.607139,0.54145,0.818182,12.0,20.0,0.561431,0.513894,0.909091,11.0,19.0,0.04570799999999997,0.027556000000000025,-0.09090900000000002,1.0,1.0
1539,2024-05-18,J.League,サンフレッチェ広島,東京ヴェルディ,1530,1509,21,1529,1493,36,6,9,-3,2,3,3,6,3,46,43,3,16,17,11,16,5,1,4,0.5769230769230769,0.4482758620689655,0.6,0.3571428571428571,0.2428571428571428,0.6666666666666666,0.5714285714285714,0.0952380952380952,0.4,0.6428571428571429,-0.2428571428571428,0.4558404558404558,0.4342273307790548,0.021613125061401,3.190909090909092,2.4468750000000004,0.744034090909091,21,3,3,0.021613125061401,0.744034090909091,8.253129443194098,6,3,3,2,1,1,2,0,2,0,1,-1,1,0,0,5,1539,1.238095238095238,0.0952380952380952,0.1578726650401906,A,32314,0.571257,0.498222,0.909091,11.0,20.0,0.586292,0.532336,0.909091,10.0,20.0,-0.01503500000000002,-0.03411400000000003,0.0,1.0,0.0
1539,2024-05-18,J.League,町田,柏レイソル,1555,1550,5,1506,1537,-31,10,13,-3,3,4,2,9,7,49,40,9,21,18,15,15,6,3,3,0.4827586206896552,0.4230769230769231,0.4615384615384615,0.5833333333333334,-0.1217948717948718,0.6153846153846154,0.75,-0.1346153846153845,0.5384615384615384,0.4166666666666667,0.1217948717948717,0.5363984674329502,0.5128205128205128,0.0235779546124373,2.61,2.3400000000000003,0.2699999999999996,5,7,9,0.0235779546124373,0.2699999999999996,3.5587155909224872,4,9,-5,1,3,-2,1,5,-4,0,0,0,0,1,0,5,1539,1.3653846153846154,0.1346153846153845,0.2119591483512379,H,32311,0.577813,0.524089,1.0,10.0,20.0,0.614472,0.545703,0.454545,11.0,20.0,-0.036659,-0.021614000000000022,0.545455,-1.0,0.0
1539,2024-05-18,J.League,湘南ベルマーレ,横浜FC,1513,1499,14,1509,1494,15,4,7,-3,1,2,4,23,19,46,28,18,18,12,16,13,2,-1,3,0.4666666666666667,0.3809523809523809,0.4615384615384615,0.3,0.1615384615384615,0.6153846153846154,0.6,0.0153846153846154,0.5384615384615384,0.7,-0.1615384615384615,0.4444444444444444,0.4232804232804232,0.0211640211640212,2.53125,2.180769230769231,0.350480769230769,14,19,18,0.0211640211640212,0.350480769230769,9.724328958078956,4,3,1,1,1,0,1,1,0,0,0,0,0,0,0,5,1539,1.2153846153846155,0.0153846153846154,0.1841474770117851,A,32317,0.59416,0.528169,1.0,11.0,20.0,0.581215,0.501075,0.636364,12.0,20.0,0.012944999999999984,0.02709399999999995,0.36363599999999996,-1.0,0.0
1539,2024-05-18,J.League,浦和レッズ,FC東京,1526,1528,-2,1520,1507,13,10,13,-3,3,4,16,7,-9,33,42,-9,13,16,13,14,0,2,-2,0.4347826086956521,0.4814814814814814,0.6,0.5,0.0999999999999999,0.6,0.5714285714285714,0.0285714285714285,0.4,0.5,-0.0999999999999999,0.4186795491143316,0.4389574759945129,-0.0202779268801813,2.388461538461539,2.603571428571429,-0.2151098901098902,2,9,9,0.0202779268801813,0.2151098901098902,2.9970775633980145,4,9,-5,1,3,-2,1,5,-4,0,0,0,0,0,1,5,1539,1.1714285714285713,0.0285714285714285,0.1717977126756249,H,32318,0.632035,0.578569,0.636364,12.0,20.0,0.676569,0.596356,0.909091,15.0,20.0,-0.04453399999999996,-0.017786999999999997,-0.27272699999999994,-3.0,0.0
1539,2024-05-18,J.League,アビスパ福岡,名古屋グランパス,1467,1518,-51,1477,1475,2,2,7,-5,0,2,17,5,-12,33,46,-13,15,18,20,16,-5,2,-7,0.3103448275862069,0.4666666666666667,0.3076923076923077,0.2941176470588235,0.0135746606334841,0.4615384615384615,0.5294117647058824,-0.0678733031674208,0.6923076923076923,0.7058823529411765,-0.0135746606334842,0.3831417624521073,0.4444444444444444,-0.0613026819923371,1.9575,2.53125,-0.57375,51,12,13,0.0613026819923371,0.57375,20.977010536398467,0,7,-7,0,2,-2,0,3,-3,3,0,3,0,0,0,5,1539,0.990950226244344,0.0678733031674208,0.1843648611329297,D,32315,0.584389,0.522761,0.636364,12.0,19.0,0.594354,0.506283,0.818182,11.0,20.0,-0.009965000000000002,0.016477999999999993,-0.18181799999999992,1.0,-1.0
1539,2024-05-18,J.League,鹿島アントラーズ,清水エスパルス,1569,1513,56,1539,1474,65,12,4,8,4,1,1,13,12,56,36,20,20,14,13,11,7,3,4,0.5806451612903226,0.5,0.6,0.3,0.3,0.7333333333333333,0.4,0.3333333333333332,0.4,0.7,-0.2999999999999999,0.4778972520908004,0.4713804713804713,0.006516780710329,3.2192307692307693,2.7,0.5192307692307692,56,12,20,0.006516780710329,0.5192307692307692,22.705149509988217,6,1,5,2,0,2,0,1,-1,1,0,1,0,0,0,5,1539,1.1333333333333333,0.3333333333333332,0.1603690958453792,H,32316,0.578979,0.516042,0.727273,12.0,20.0,0.623542,0.546489,0.818182,11.0,20.0,-0.04456300000000002,-0.030447000000000002,-0.09090900000000002,1.0,0.0
1539,2024-05-18,J.League,川崎フロンターレ,セレッソ大阪,1532,1489,43,1501,1499,2,10,7,3,3,2,15,21,6,33,30,3,15,14,14,16,1,-2,3,0.391304347826087,0.3333333333333333,0.4285714285714285,0.4166666666666667,0.0119047619047618,0.5714285714285714,0.5833333333333334,-0.0119047619047619,0.5714285714285714,0.5833333333333334,-0.0119047619047619,0.4830917874396135,0.4320987654320987,0.0509930220075147,2.217857142857143,2.0250000000000004,0.1928571428571426,43,6,3,0.0509930220075147,0.1928571428571426,16.59877003297293,7,6,1,2,2,0,3,2,1,0,0,0,0,0,0,5,1539,1.1547619047619049,0.0119047619047619,0.2156963933544322,H,32319,0.608625,0.527689,0.727273,11.0,20.0,0.641292,0.552911,1.0,13.0,20.0,-0.032667,-0.025222000000000078,-0.27272700000000005,-2.0,0.0
1539,2024-05-18,J.League,ファジアーノ岡山,アルビレックス新潟,1486,1521,-35,1520,1503,17,1,8,-7,0,2,18,10,-8,32,39,-7,14,19,14,17,0,2,-2,0.391304347826087,0.3703703703703703,0.5,0.3846153846153846,0.1153846153846153,0.7142857142857143,0.6153846153846154,0.0989010989010988,0.5,0.6153846153846154,-0.1153846153846154,0.4508856682769726,0.5212620027434842,-0.0703763344665115,2.217857142857143,2.1441176470588235,0.0737394957983195,35,8,7,0.0703763344665115,0.0737394957983195,14.278823166052966,0,4,-4,0,1,-1,0,1,-1,3,0,3,0,0,0,5,1539,1.3296703296703298,0.0989010989010988,0.2228635953853475,H,32320,0.664306,0.580839,0.636364,13.0,20.0,0.5795,0.513683,0.909091,12.0,20.0,0.08480599999999994,0.067156,-0.27272699999999994,1.0,0.0
1539,2024-05-18,J.League,横浜F・マリノス,京都サンガF.C.,1480,1493,-13,1520,1517,3,3,1,2,1,0,20,8,-12,31,42,-11,11,16,13,16,-2,0,-2,0.4347826086956521,0.4482758620689655,0.5454545454545454,0.5714285714285714,-0.0259740259740259,0.6363636363636364,0.5714285714285714,0.0649350649350649,0.4545454545454545,0.4285714285714285,0.0259740259740259,0.3542673107890499,0.408684546615581,-0.0544172358265311,2.388461538461539,2.4468750000000004,-0.0584134615384615,13,12,11,0.0544172358265311,0.0584134615384615,7.572566139472999,3,1,2,1,0,1,0,1,-1,2,0,2,0,0,0,5,1539,1.207792207792208,0.0649350649350649,0.1577834496091587,A,32312,0.657618,0.579003,0.545455,14.0,20.0,0.586944,0.514056,0.545455,12.0,20.0,0.07067400000000001,0.06494700000000009,0.0,2.0,0.0
1539,2024-05-18,J.League,北海道コンサドーレ札幌,富山,1492,1472,20,1513,1490,23,8,1,7,2,0,19,36,17,32,9,23,14,5,15,7,-1,-2,1,0.375,0.2222222222222222,0.5,0.2,0.3,0.6666666666666666,0.6,0.0666666666666666,0.5,0.8,-0.3,0.4320987654320987,0.411522633744856,0.0205761316872427,2.16,1.7357142857142858,0.4242857142857144,20,17,23,0.0205761316872427,0.4242857142857144,11.338972369194591,4,1,3,1,0,1,1,0,1,0,2,-2,0,0,0,5,1539,1.2666666666666666,0.0666666666666666,0.2165455890108681,H,,0.0,0.0,0.0,0.0,0.0,0.0,0.0,0.0,0.0,0.0,0.0,0.0,0.0,0.0,0.0
1539,2024-05-18,J.League,ブラウブリッツ秋田,サガン鳥栖,1491,1504,-13,1496,1488,8,6,10,-4,2,3,28,29,1,25,25,0,9,11,9,12,0,-1,1,0.4705882352941176,0.3684210526315789,0.4444444444444444,0.3333333333333333,0.1111111111111111,0.5555555555555556,0.4444444444444444,0.1111111111111111,0.5555555555555556,0.6666666666666666,-0.111111111111111,0.392156862745098,0.428849902534113,-0.036693039789015,2.5500000000000003,2.1375,0.4125000000000001,13,1,0,0.036693039789015,0.4125000000000001,4.8898386079578025,3,7,-4,1,2,-1,0,4,-4,2,0,2,0,0,0,5,1539,1.0,0.1111111111111111,0.17514437351293,A,,0.0,0.0,0.0,0.0,0.0,0.0,0.0,0.0,0.0,0.0,0.0,0.0,0.0,0.0,0.0
1539,2024-05-18,J.League,ジュビロ磐田,いわきFC,1493,1463,30,1501,1502,-1,8,5,3,2,1,24,32,8,28,17,11,12,7,14,11,-2,-4,2,0.3636363636363636,0.3125,0.4444444444444444,0.4285714285714285,0.0158730158730158,0.5555555555555556,0.5714285714285714,-0.0158730158730158,0.5555555555555556,0.5714285714285714,-0.0158730158730158,0.404040404040404,0.324074074074074,0.0799663299663299,2.1214285714285714,1.963636363636364,0.1577922077922076,30,8,11,0.0799663299663299,0.1577922077922076,12.547551707551708,4,4,0,1,1,0,2,2,0,0,0,0,0,0,0,5,1539,1.126984126984127,0.0158730158730158,0.1782338019855016,H,,0.0,0.0,0.0,0.0,0.0,0.0,0.0,0.0,0.0,0.0,0.0,0.0,0.0,0.0,0.0
1538,2024-05-14,Cup/Other,川崎フロンターレ,2,1539,1500,39,1501,1500,1,10,0,10,3,0,14,0,-14,36,0,36,16,0,14,0,2,0,2,0.4166666666666667,0.0,0.4285714285714285,0.0,0.4285714285714285,0.5714285714285714,0.0,0.5714285714285714,0.5714285714285714,0.0,0.5714285714285714,0.4938271604938271,0.0,0.4938271604938271,2.3142857142857145,0.0,2.3142857142857145,39,14,36,0.4938271604938271,2.3142857142857145,17.711622574955907,7,0,7,2,0,2,3,0,3,0,0,0,0,0,0,5,1538,0.5714285714285714,0.5714285714285714,0.2133728865701351,H,,0.0,0.0,0.0,0.0,0.0,0.0,0.0,0.0,0.0,0.0,0.0,0.0,0.0,0.0,0.0
1538,2024-05-14,Cup/Other,横浜F・マリノス,0,1486,1500,-14,1521,1500,21,3,0,3,1,0,17,0,-17,34,0,34,12,0,13,0,-1,0,-1,0.4583333333333333,0.0,0.5454545454545454,0.0,0.5454545454545454,0.6363636363636364,0.0,0.6363636363636364,0.4545454545454545,0.0,0.4545454545454545,0.3703703703703703,0.0,0.3703703703703703,2.492307692307693,0.0,2.492307692307693,14,17,34,0.3703703703703703,2.492307692307693,9.722535612535612,3,0,3,1,0,1,0,0,0,2,0,2,0,0,0,5,1538,0.6363636363636364,0.6363636363636364,0.1485994331960388,D,,0.0,0.0,0.0,0.0,0.0,0.0,0.0,0.0,0.0,0.0,0.0,0.0,0.0,0.0,0.0
1538,2024-05-14,Cup/Other,松本,2,1496,1500,-4,1499,1500,-1,3,0,3,0,0,46,0,-46,3,0,3,3,0,3,0,0,0,0,0.0,0.0,0.0,0.0,0.0,1.0,0.0,1.0,1.0,0.0,1.0,0.7407407407407407,0.0,0.7407407407407407,1.35,0.0,1.35,4,46,3,0.7407407407407407,1.35,13.318148148148149,3,0,3,0,0,0,3,0,3,0,0,0,0,0,0,5,1538,1.0,1.0,0.5486562037928603,A,,0.0,0.0,0.0,0.0,0.0,0.0,0.0,0.0,0.0,0.0,0.0,0.0,0.0,0.0,0.0
1537,2024-05-11,J.League,横浜FC,アビスパ福岡,1488,1468,20,1493,1490,3,5,2,3,1,0,28,19,-9,25,33,-8,11,15,13,21,-2,-6,4,0.35,0.3,0.4,0.3125,0.0875,0.5,0.5625,-0.0625,0.6,0.6875,-0.0875,0.4074074074074074,0.3703703703703703,0.037037037037037,2.076923076923077,1.9285714285714288,0.1483516483516482,20,9,8,0.037037037037037,0.1483516483516482,9.287077737077738,3,1,2,1,0,1,0,0,0,2,2,0,0,0,0,5,1537,1.0625,0.0625,0.1941728691486105,H,32301,0.620944,0.546658,0.636364,11.0,20.0,0.587507,0.512101,0.636364,13.0,20.0,0.03343700000000005,0.03455699999999995,0.0,-2.0,0.0
1537,2024-05-11,J.League,鹿島アントラーズ,川崎フロンターレ,1583,1523,60,1555,1510,45,15,8,7,5,2,1,17,16,59,34,25,21,16,13,15,8,1,7,0.59375,0.375,0.6666666666666666,0.375,0.2916666666666666,0.8,0.6875,0.1125,0.3333333333333333,0.625,-0.2916666666666667,0.4861111111111111,0.4938271604938271,-0.0077160493827159,3.3230769230769237,2.16,1.1630769230769231,60,16,25,0.0077160493827159,1.1630769230769231,25.23415859449193,9,4,5,3,1,2,5,2,3,0,0,0,0,0,0,5,1537,1.4875,0.1125,0.1787172446471121,A,32304,0.662354,0.604242,0.727273,12.0,20.0,0.564417,0.465819,0.636364,9.0,20.0,0.09793700000000005,0.13842299999999996,0.0909089999999999,3.0,0.0
1537,2024-05-11,J.League,京都サンガF.C.,名古屋グランパス,1497,1524,-27,1481,1476,5,0,9,-9,0,3,7,5,-2,45,49,-4,17,19,16,16,1,3,-2,0.4666666666666667,0.4838709677419355,0.3333333333333333,0.2941176470588235,0.0392156862745097,0.5333333333333333,0.5294117647058824,0.0039215686274509,0.6666666666666666,0.7058823529411765,-0.0392156862745098,0.419753086419753,0.4540023894862604,-0.0342493030665073,2.53125,2.615625,-0.084375,27,2,4,0.0342493030665073,0.084375,9.973724860613302,0,6,-6,0,2,-2,0,2,-2,5,0,5,1,0,0,5,1537,1.0627450980392157,0.0039215686274509,0.1697609714261315,D,32306,0.549569,0.487672,0.636364,11.0,20.0,0.627076,0.539989,0.727273,11.0,20.0,-0.07750699999999999,-0.05231700000000006,-0.0909089999999999,0.0,0.0
1537,2024-05-11,J.League,アルビレックス新潟,浦和レッズ,1522,1520,2,1516,1487,29,8,12,-4,2,4,10,18,8,41,33,8,19,13,17,14,2,-1,3,0.3928571428571428,0.4166666666666667,0.3846153846153846,0.3076923076923077,0.0769230769230769,0.7692307692307693,0.5384615384615384,0.2307692307692308,0.6153846153846154,0.6923076923076923,-0.0769230769230768,0.5026455026455027,0.4012345679012345,0.1014109347442681,2.2235294117647064,2.3142857142857145,-0.090756302521008,2,8,8,0.1014109347442681,0.090756302521008,2.738433447453056,4,6,-2,1,2,-1,0,0,0,1,1,0,0,0,0,5,1537,1.3076923076923077,0.2307692307692308,0.199183996491673,D,32307,0.557444,0.4692,0.454545,10.0,20.0,0.545653,0.493646,0.909091,10.0,19.0,0.011790999999999996,-0.024445999999999968,-0.454546,0.0,1.0
1537,2024-05-11,J.League,セレッソ大阪,横浜F・マリノス,1473,1503,-30,1470,1478,-8,7,6,1,2,2,23,12,-11,28,37,-9,14,13,18,12,-4,1,-5,0.28,0.5,0.1666666666666666,0.4166666666666667,-0.25,0.5,0.4166666666666667,0.0833333333333333,0.8333333333333334,0.5833333333333334,0.25,0.4148148148148148,0.4012345679012345,0.0135802469135802,1.875,2.7,-0.825,30,11,9,0.0135802469135802,0.825,13.417716049382715,3,3,0,1,1,0,1,0,1,0,1,-1,1,0,0,5,1537,0.9166666666666669,0.0833333333333333,0.178367551029715,H,32310,0.596854,0.536428,0.818182,11.0,20.0,0.662472,0.579344,0.454545,12.0,20.0,-0.06561799999999995,-0.042915999999999954,0.363637,-1.0,0.0
1537,2024-05-11,J.League,FC東京,ヴィッセル神戸,1517,1514,3,1511,1536,-25,10,6,4,3,2,9,14,5,42,36,6,16,14,15,12,1,2,-1,0.4642857142857143,0.4782608695652174,0.4615384615384615,0.6153846153846154,-0.1538461538461538,0.6153846153846154,0.6923076923076923,-0.0769230769230768,0.5384615384615384,0.3846153846153846,0.1538461538461538,0.4232804232804232,0.4508856682769726,-0.0276052449965494,2.5200000000000005,2.5875000000000004,-0.0674999999999999,3,5,6,0.0276052449965494,0.0674999999999999,2.3190210489993097,9,3,6,3,1,2,4,0,4,0,2,-2,0,0,0,5,1537,1.3076923076923077,0.0769230769230768,0.1711500688302521,H,32302,0.617007,0.542208,0.272727,14.0,20.0,0.627896,0.557751,0.818182,12.0,20.0,-0.010889000000000038,-0.015542999999999974,-0.545455,2.0,0.0
1537,2024-05-11,J.League,柏レイソル,ファジアーノ岡山,1531,1497,34,1481,1484,-3,13,4,9,4,1,13,20,7,37,32,5,17,14,17,13,0,1,-1,0.3703703703703703,0.4090909090909091,0.2142857142857142,0.25,-0.0357142857142857,0.5714285714285714,0.5,0.0714285714285714,0.7857142857142857,0.75,0.0357142857142857,0.4663923182441701,0.4713804713804713,-0.0049881531363012,2.1441176470588235,2.2846153846153845,-0.140497737556561,34,7,5,0.0049881531363012,0.140497737556561,13.679097178138573,7,1,6,2,0,2,5,0,5,0,2,-2,0,0,0,5,1537,1.0714285714285714,0.0714285714285714,0.2117426380533791,H,32303,0.590472,0.523315,0.727273,10.0,20.0,0.681889,0.609661,0.818182,13.0,20.0,-0.09141699999999997,-0.08634600000000003,-0.09090900000000002,-3.0,0.0
1537,2024-05-11,J.League,清水エスパルス,町田,1512,1555,-43,1546,1545,1,3,9,-6,1,3,16,2,-14,35,51,-16,13,21,10,15,3,6,-3,0.5238095238095238,0.5,0.7272727272727273,0.5625,0.1647727272727273,0.8181818181818182,0.8125,0.0056818181818182,0.2727272727272727,0.4375,-0.1647727272727273,0.4585537918871252,0.5185185185185185,-0.0599647266313932,2.8350000000000004,2.7,0.1350000000000002,43,14,16,0.0599647266313932,0.1350000000000002,18.588992945326275,0,6,-6,0,2,-2,0,0,0,3,1,2,0,0,0,5,1537,1.6306818181818183,0.0056818181818182,0.1765229734613004,D,32305,0.613715,0.538247,0.636364,11.0,20.0,0.539931,0.484761,0.818182,9.0,19.0,0.07378399999999996,0.053486000000000034,-0.18181799999999992,2.0,1.0
1537,2024-05-11,J.League,ガンバ大阪,サンフレッチェ広島,1527,1526,1,1498,1503,-5,10,3,7,3,1,8,3,-5,42,49,-7,18,17,17,11,1,6,-5,0.4137931034482758,0.5925925925925926,0.4615384615384615,0.5454545454545454,-0.0839160839160838,0.4615384615384615,0.5454545454545454,-0.0839160839160838,0.5384615384615384,0.4545454545454545,0.0839160839160839,0.4597701149425287,0.4663923182441701,-0.0066222033016413,2.3029411764705885,3.313636363636364,-1.0106951871657754,1,5,7,0.0066222033016413,1.0106951871657754,1.8034634780934835,9,3,6,3,1,2,3,1,2,0,0,0,0,0,0,5,1537,1.006993006993007,0.0839160839160838,0.1648950694735918,A,32309,0.610431,0.546128,0.909091,10.0,20.0,0.586917,0.514189,0.909091,10.0,20.0,0.023513999999999924,0.03193899999999994,0.0,0.0,0.0
1537,2024-05-11,J.League,東京ヴェルディ,湘南ベルマーレ,1523,1507,16,1520,1497,23,10,1,9,3,0,6,4,-2,46,49,-3,18,19,16,16,2,3,-1,0.4666666666666667,0.4838709677419355,0.5333333333333333,0.4705882352941176,0.0627450980392156,0.6,0.5882352941176471,0.0117647058823529,0.4666666666666667,0.5294117647058824,-0.0627450980392156,0.4444444444444444,0.4540023894862604,-0.009557945041816,2.53125,2.615625,-0.084375,16,2,3,0.009557945041816,0.084375,6.118786589008363,6,1,5,2,0,2,1,0,1,0,1,-1,0,0,1,5,1537,1.188235294117647,0.0117647058823529,0.1745582276833878,A,32308,0.573076,0.514261,0.727273,10.0,20.0,0.576417,0.500675,0.545455,11.0,20.0,-0.0033409999999999274,0.013585999999999987,0.18181799999999992,-1.0,0.0
1537,2024-05-11,J.League,V・ファーレン長崎,モンテディオ山形,1517,1571,-54,1505,1549,-44,5,7,-2,1,2,27,15,-12,25,35,-10,11,13,9,4,2,9,-7,0.4375,0.7333333333333333,0.4285714285714285,1.0,-0.5714285714285714,0.7142857142857143,1.0,-0.2857142857142857,0.5714285714285714,0.0,0.5714285714285714,0.5092592592592592,0.6419753086419753,-0.132716049382716,2.4000000000000004,5.0625,-2.6625,54,12,10,0.132716049382716,2.6625,22.45904320987654,5,3,2,1,1,0,3,0,3,0,1,-1,0,0,1,5,1537,1.7142857142857144,0.2857142857142857,0.1542672215985359,D,,0.0,0.0,0.0,0.0,0.0,0.0,0.0,0.0,0.0,0.0,0.0,0.0,0.0,0.0,0.0
1537,2024-05-11,J.League,いわきFC,北海道コンサドーレ札幌,1463,1503,-40,1466,1485,-19,4,10,-6,1,3,33,11,-22,16,37,-21,6,15,10,14,-4,1,-5,0.3333333333333333,0.44,0.25,0.3333333333333333,-0.0833333333333333,0.25,0.5,-0.25,0.75,0.6666666666666666,0.0833333333333333,0.2962962962962963,0.4444444444444444,-0.1481481481481481,2.0250000000000004,2.4107142857142856,-0.3857142857142852,40,22,21,0.1481481481481481,0.3857142857142852,19.606772486772485,4,4,0,1,1,0,1,0,1,0,1,-1,0,0,0,5,1537,0.75,0.25,0.1669909272636425,D,,0.0,0.0,0.0,0.0,0.0,0.0,0.0,0.0,0.0,0.0,0.0,0.0,0.0,0.0,0.0
1537,2024-05-11,J.League,FC今治,ジェフユナイテッド千葉,1551,1549,2,1499,1541,-42,11,10,1,3,3,30,26,-4,17,26,-9,7,10,2,5,5,5,0,0.7142857142857143,0.6153846153846154,0.0,0.6666666666666666,-0.6666666666666666,1.0,0.8888888888888888,0.1111111111111111,1.0,0.3333333333333333,0.6666666666666667,0.7407407407407407,0.5698005698005698,0.1709401709401709,4.7250000000000005,3.51,1.2150000000000003,2,4,9,0.1709401709401709,1.2150000000000003,1.9771880341880343,7,4,3,2,1,1,5,0,5,0,1,-1,0,0,0,5,1537,1.8888888888888888,0.1111111111111111,0.1591409103157594,A,,0.0,0.0,0.0,0.0,0.0,0.0,0.0,0.0,0.0,0.0,0.0,0.0,0.0,0.0,0.0
1536,2024-05-07,Cup/Other,町田,1,1555,1500,55,1501,1500,1,9,0,9,3,0,3,0,-3,51,0,51,21,0,15,0,6,0,6,0.5,0.0,0.4285714285714285,0.0,0.4285714285714285,0.5714285714285714,0.0,0.5714285714285714,0.5714285714285714,0.0,0.5714285714285714,0.5185185185185185,0.0,0.5185185185185185,2.7,0.0,2.7,55,3,51,0.5185185185185185,2.7,20.643703703703704,6,0,6,2,0,2,0,0,0,1,0,1,0,0,0,5,1536,0.5714285714285714,0.5714285714285714,0.1920367832741448,H,,0.0,0.0,0.0,0.0,0.0,0.0,0.0,0.0,0.0,0.0,0.0,0.0,0.0,0.0,0.0
1536,2024-05-07,Cup/Other,湘南ベルマーレ,0,1511,1500,11,1521,1500,21,1,0,1,0,0,2,0,-2,52,0,52,20,0,16,0,4,0,4,0.5,0.0,0.5333333333333333,0.0,0.5333333333333333,0.6666666666666666,0.0,0.6666666666666666,0.4666666666666667,0.0,0.4666666666666667,0.4629629629629629,0.0,0.4629629629629629,2.7,0.0,2.7,11,2,52,0.4629629629629629,2.7,4.982592592592592,1,0,1,0,0,0,0,0,0,1,0,1,0,0,0,5,1536,0.6666666666666666,0.6666666666666666,0.1714614136376293,D,,0.0,0.0,0.0,0.0,0.0,0.0,0.0,0.0,0.0,0.0,0.0,0.0,0.0,0.0,0.0
1536,2024-05-07,Cup/Other,FC大阪,1,1508,1500,8,1499,1500,-1,6,0,6,2,0,43,0,-43,6,0,6,2,0,1,0,1,0,1,0.6666666666666666,0.0,0.5,0.0,0.5,0.5,0.0,0.5,0.5,0.0,0.5,0.4938271604938271,0.0,0.4938271604938271,4.050000000000001,0.0,4.050000000000001,8,43,6,0.4938271604938271,4.050000000000001,14.458765432098769,6,0,6,2,0,2,0,0,0,1,0,1,0,0,0,5,1536,0.5,0.5,0.1219296216127569,H,,0.0,0.0,0.0,0.0,0.0,0.0,0.0,0.0,0.0,0.0,0.0,0.0,0.0,0.0,0.0
1535,2024-05-06,J.League,名古屋グランパス,ファジアーノ岡山,1510,1513,-3,1539,1491,48,6,7,-1,2,2,7,17,10,46,35,11,18,15,17,12,1,3,-2,0.4516129032258064,0.4545454545454545,0.6923076923076923,0.2857142857142857,0.4065934065934066,0.6923076923076923,0.5714285714285714,0.1208791208791209,0.3076923076923077,0.7142857142857143,-0.4065934065934066,0.4301075268817204,0.505050505050505,-0.0749429781687845,2.461764705882353,2.4750000000000005,-0.0132352941176474,3,10,11,0.0749429781687845,0.0132352941176474,3.5676356544572863,3,1,2,1,0,1,1,0,1,0,1,-1,0,0,0,5,1535,1.2637362637362637,0.1208791208791209,0.1894234676550827,H,32292,0.638868,0.556833,1.0,11.0,20.0,0.651639,0.579697,0.545455,13.0,20.0,-0.012770999999999977,-0.022863999999999995,0.454545,-2.0,0.0
1535,2024-05-06,J.League,アビスパ福岡,鹿島アントラーズ,1469,1580,-111,1466,1506,-40,5,12,-7,1,4,20,1,-19,33,62,-29,15,22,22,13,-7,9,-16,0.2903225806451613,0.6060606060606061,0.2666666666666666,0.5,-0.2333333333333333,0.4,0.5,-0.0999999999999999,0.7333333333333333,0.5,0.2333333333333332,0.3584229390681003,0.4938271604938271,-0.1354042214257267,1.9022727272727276,3.426923076923077,-1.5246503496503498,111,19,29,0.1354042214257267,1.5246503496503498,43.93201091421521,2,9,-7,0,3,-3,0,4,-4,1,0,1,1,0,0,5,1535,0.9,0.0999999999999999,0.1599179574327518,A,32293,0.605,0.543661,0.545455,11.0,20.0,0.603063,0.539278,0.545455,11.0,20.0,0.0019369999999999665,0.004382999999999915,0.0,0.0,0.0
1535,2024-05-06,J.League,浦和レッズ,ガンバ大阪,1530,1517,13,1515,1505,10,15,8,7,5,2,19,9,-10,33,42,-9,13,18,14,17,-1,1,-2,0.4166666666666667,0.4137931034482758,0.5454545454545454,0.3333333333333333,0.2121212121212121,0.5454545454545454,0.7333333333333333,-0.1878787878787878,0.4545454545454545,0.6666666666666666,-0.2121212121212121,0.4012345679012345,0.4597701149425287,-0.0585355470412942,2.3142857142857145,2.3029411764705885,0.011344537815126,13,10,9,0.0585355470412942,0.011344537815126,7.063976016971284,9,6,3,3,2,1,5,2,3,0,0,0,1,0,0,5,1535,1.2787878787878788,0.1878787878787878,0.1864725420605283,A,32291,0.57894,0.531824,1.0,11.0,20.0,0.619507,0.552751,0.818182,11.0,20.0,-0.04056700000000002,-0.02092700000000003,0.18181800000000004,0.0,0.0
1535,2024-05-06,J.League,柏レイソル,清水エスパルス,1523,1518,5,1478,1476,2,13,6,7,4,2,15,18,3,37,35,2,17,13,17,10,0,3,-3,0.3703703703703703,0.5238095238095238,0.2142857142857142,0.3,-0.0857142857142857,0.5714285714285714,0.4,0.1714285714285713,0.7857142857142857,0.7,0.0857142857142857,0.4663923182441701,0.4585537918871252,0.0078385263570449,2.1441176470588235,2.8350000000000004,-0.690882352941177,5,3,2,0.0078385263570449,0.690882352941177,2.6397441758596445,7,3,4,2,1,1,5,0,5,0,2,-2,0,0,0,5,1535,0.9714285714285714,0.1714285714285713,0.1857613335455726,H,32294,0.576097,0.506944,0.636364,10.0,20.0,0.639826,0.569628,0.545455,11.0,20.0,-0.06372900000000004,-0.06268400000000007,0.09090900000000002,-1.0,0.0
1535,2024-05-06,J.League,東京ヴェルディ,横浜FC,1513,1493,20,1518,1495,23,7,8,-1,2,2,6,28,22,46,25,21,18,11,17,13,1,-2,3,0.4516129032258064,0.35,0.5333333333333333,0.3,0.2333333333333333,0.6,0.6,0.0,0.4666666666666667,0.7,-0.2333333333333332,0.4301075268817204,0.4074074074074074,0.0227001194743129,2.461764705882353,2.076923076923077,0.384841628959276,20,22,21,0.0227001194743129,0.384841628959276,12.581508349686718,6,4,2,2,1,1,0,0,0,1,1,0,0,0,0,5,1535,1.2,0.0,0.1845239245293506,H,32295,0.492535,0.427411,0.454545,9.0,20.0,0.654701,0.583772,0.636364,13.0,20.0,-0.16216599999999998,-0.15636099999999997,-0.18181900000000006,-4.0,0.0
1535,2024-05-06,J.League,富山,V・ファーレン長崎,1484,1513,-29,1499,1511,-12,2,3,-1,0,0,37,27,-10,9,25,-16,5,11,6,9,-1,2,-3,0.25,0.4375,0.3333333333333333,0.4444444444444444,-0.1111111111111111,0.6666666666666666,0.6666666666666666,0.0,0.6666666666666666,0.5555555555555556,0.111111111111111,0.4629629629629629,0.5092592592592592,-0.0462962962962962,1.8,2.4000000000000004,-0.6000000000000003,29,10,16,0.0462962962962962,0.6000000000000003,12.779259259259256,1,2,-1,0,0,0,0,2,-2,1,0,1,0,0,0,5,1535,1.3333333333333333,0.0,0.2314759701488588,A,,0.0,0.0,0.0,0.0,0.0,0.0,0.0,0.0,0.0,0.0,0.0,0.0,0.0,0.0,0.0
1535,2024-05-06,J.League,ブラウブリッツ秋田,ヴァンフォーレ甲府,1513,1432,81,1513,1476,37,9,6,3,3,2,23,35,12,28,12,16,10,6,8,13,2,-7,9,0.5294117647058824,0.1875,0.5555555555555556,0.1428571428571428,0.4126984126984127,0.6666666666666666,0.4285714285714285,0.238095238095238,0.4444444444444444,0.8571428571428571,-0.4126984126984127,0.4357298474945533,0.2777777777777777,0.1579520697167756,2.8687500000000004,1.6615384615384616,1.2072115384615387,81,12,16,0.1579520697167756,1.2072115384615387,31.62303272163566,3,3,0,1,1,0,0,0,0,1,2,-1,1,0,0,5,1535,1.0952380952380951,0.238095238095238,0.1574936964743268,A,,0.0,0.0,0.0,0.0,0.0,0.0,0.0,0.0,0.0,0.0,0.0,0.0,0.0,0.0,0.0
1535,2024-05-06,J.League,熊本,FC今治,1487,1540,-53,1492,1534,-42,7,11,-4,2,3,31,32,1,15,14,1,7,6,9,2,-2,4,-6,0.3076923076923077,0.6666666666666666,0.2857142857142857,1.0,-0.7142857142857143,0.5714285714285714,1.0,-0.4285714285714286,0.7142857142857143,0.0,0.7142857142857143,0.3988603988603988,0.7407407407407407,-0.3418803418803419,1.95,4.050000000000001,-2.1000000000000005,53,1,1,0.3418803418803419,2.1000000000000005,19.288376068376067,4,7,-3,1,2,-1,2,5,-3,0,0,0,0,0,0,5,1535,1.5714285714285714,0.4285714285714286,0.1899303577608938,A,,0.0,0.0,0.0,0.0,0.0,0.0,0.0,0.0,0.0,0.0,0.0,0.0,0.0,0.0,0.0
1535,2024-05-06,J.League,徳島ヴォルティス,サガン鳥栖,1553,1487,66,1532,1486,46,8,8,0,2,2,21,24,3,30,28,2,12,12,7,14,5,-2,7,0.5625,0.3636363636363636,0.625,0.3333333333333333,0.2916666666666667,0.875,0.4444444444444444,0.4305555555555556,0.375,0.6666666666666666,-0.2916666666666666,0.5555555555555555,0.404040404040404,0.1515151515151515,3.085714285714286,2.1214285714285714,0.9642857142857144,66,3,2,0.1515151515151515,0.9642857142857144,24.07316017316017,6,7,-1,2,2,0,2,3,-1,0,0,0,0,0,0,5,1535,1.3194444444444444,0.4305555555555556,0.1842810074202063,A,,0.0,0.0,0.0,0.0,0.0,0.0,0.0,0.0,0.0,0.0,0.0,0.0,0.0,0.0,0.0
1535,2024-05-06,J.League,ジェフユナイテッド千葉,大宮,1563,1531,32,1508,1527,-19,13,8,5,4,2,25,33,8,27,14,13,11,6,5,3,6,3,3,0.6153846153846154,0.5714285714285714,0.6666666666666666,0.75,-0.0833333333333333,0.6666666666666666,1.0,-0.3333333333333333,0.3333333333333333,0.25,0.0833333333333333,0.6267806267806267,0.6349206349206349,-0.0081400081400081,3.51,3.1500000000000004,0.3599999999999999,32,8,13,0.0081400081400081,0.3599999999999999,13.273628001628,7,4,3,2,1,1,5,2,3,0,0,0,0,0,0,5,1535,1.6666666666666663,0.3333333333333333,0.1894417894177657,A,,0.0,0.0,0.0,0.0,0.0,0.0,0.0,0.0,0.0,0.0,0.0,0.0,0.0,0.0,0.0
1535,2024-05-06,J.League,北海道コンサドーレ札幌,ジュビロ磐田,1518,1462,56,1537,1471,66,10,5,5,3,1,11,29,18,40,25,15,16,11,14,17,2,-6,8,0.4615384615384615,0.2916666666666667,0.6153846153846154,0.2307692307692307,0.3846153846153846,0.7692307692307693,0.4615384615384615,0.3076923076923077,0.3846153846153846,0.7692307692307693,-0.3846153846153846,0.4558404558404558,0.3395061728395061,0.1163342830009497,2.5071428571428576,1.9058823529411768,0.601260504201681,56,18,15,0.1163342830009497,0.601260504201681,24.243518957440525,7,2,5,2,0,2,4,1,3,0,0,0,1,0,0,5,1535,1.2307692307692308,0.3076923076923077,0.1802229918295967,A,,0.0,0.0,0.0,0.0,0.0,0.0,0.0,0.0,0.0,0.0,0.0,0.0,0.0,0.0,0.0
1535,2024-05-06,J.League,山口,水戸ホーリーホック,1419,1514,-95,1473,1509,-36,2,10,-8,0,3,42,34,-8,7,14,-7,5,6,14,5,-9,1,-10,0.0666666666666666,0.4444444444444444,0.1666666666666666,0.5,-0.3333333333333333,0.3333333333333333,0.6666666666666666,-0.3333333333333333,0.8333333333333334,0.5,0.3333333333333333,0.2469135802469135,0.4938271604938271,-0.2469135802469135,1.4464285714285714,2.43,-0.9835714285714288,95,8,7,0.2469135802469135,0.9835714285714288,35.496097001763665,1,7,-6,0,2,-2,0,4,-4,2,0,2,0,0,0,5,1535,1.0,0.3333333333333333,0.1910835241097588,A,,0.0,0.0,0.0,0.0,0.0,0.0,0.0,0.0,0.0,0.0,0.0,0.0,0.0,0.0,0.0
1535,2024-05-06,Cup/Other,モンテディオ山形,大分,1565,1500,65,1521,1500,21,7,0,7,2,0,16,0,-16,35,0,35,13,0,5,0,8,0,8,0.6875,0.0,0.5555555555555556,0.0,0.5555555555555556,0.7777777777777778,0.0,0.7777777777777778,0.4444444444444444,0.0,0.4444444444444444,0.6018518518518519,0.0,0.6018518518518519,4.32,0.0,4.32,65,16,35,0.6018518518518519,4.32,27.73437037037037,3,0,3,1,0,1,0,0,0,1,0,1,0,0,0,5,1535,0.7777777777777778,0.7777777777777778,0.1393143334302103,H,,0.0,0.0,0.0,0.0,0.0,0.0,0.0,0.0,0.0,0.0,0.0,0.0,0.0,0.0,0.0
1534,2024-05-03,J.League,サンフレッチェ広島,アビスパ福岡,1511,1484,27,1521,1505,16,3,5,-2,1,1,6,17,11,47,36,11,17,16,13,21,4,-5,9,0.5357142857142857,0.3225806451612903,0.5625,0.375,0.1875,0.625,0.625,0.0,0.4375,0.625,-0.1875,0.4497354497354496,0.3823178016726403,0.0674176480628093,2.907692307692308,1.992857142857143,0.9148351648351644,27,11,11,0.0674176480628093,0.9148351648351644,12.396450562579597,0,2,-2,0,0,0,0,2,-2,4,0,4,1,0,0,5,1534,1.25,0.0,0.1697842826351927,H,32281,0.597111,0.550422,0.818182,12.0,20.0,0.520646,0.464967,0.636364,10.0,20.0,0.0764649999999999,0.08545499999999995,0.18181799999999992,2.0,0.0
1534,2024-05-03,J.League,アルビレックス新潟,FC東京,1524,1495,29,1513,1485,28,11,7,4,3,2,9,12,3,41,40,1,19,16,19,18,0,-2,2,0.3666666666666666,0.4,0.3571428571428571,0.4,-0.0428571428571428,0.7142857142857143,0.4666666666666667,0.2476190476190476,0.6428571428571429,0.6,0.0428571428571429,0.4691358024691358,0.3950617283950617,0.074074074074074,2.131578947368421,2.2500000000000004,-0.1184210526315792,29,3,1,0.074074074074074,0.1184210526315792,10.938499025341129,7,7,0,2,2,0,5,3,2,0,0,0,0,0,1,5,1534,1.180952380952381,0.2476190476190476,0.19722976996825,A,32282,0.608896,0.540961,0.636364,11.0,20.0,0.627361,0.561817,0.545455,14.0,20.0,-0.018464999999999954,-0.020855999999999986,0.09090900000000002,-3.0,0.0
1534,2024-05-03,J.League,清水エスパルス,名古屋グランパス,1532,1492,40,1558,1453,105,6,3,3,2,1,18,7,-11,35,43,-8,13,17,9,18,4,-1,5,0.55,0.4193548387096774,0.8,0.2222222222222222,0.5777777777777778,0.9,0.4444444444444444,0.4555555555555556,0.2,0.7777777777777778,-0.5777777777777777,0.4814814814814814,0.4062126642771803,0.0752688172043011,3.0,2.325,0.6749999999999998,40,11,8,0.0752688172043011,0.6749999999999998,16.900053763440862,3,3,0,1,1,0,0,0,0,1,2,-1,0,0,0,5,1534,1.3444444444444446,0.4555555555555556,0.1666999954477215,A,32283,0.613007,0.529119,0.909091,10.0,20.0,0.593917,0.504944,0.545455,12.0,20.0,0.01908999999999994,0.024175000000000058,0.36363599999999996,-2.0,0.0
1534,2024-05-03,J.League,浦和レッズ,東京ヴェルディ,1524,1529,-5,1513,1509,4,15,7,8,5,2,20,5,-15,33,49,-16,13,19,14,16,-1,3,-4,0.4166666666666667,0.4838709677419355,0.5454545454545454,0.4375,0.1079545454545454,0.5454545454545454,0.625,-0.0795454545454545,0.4545454545454545,0.5625,-0.1079545454545454,0.4012345679012345,0.4540023894862604,-0.0527678215850259,2.3142857142857145,2.615625,-0.3013392857142856,5,15,16,0.0527678215850259,0.3013392857142856,5.570821421459862,9,7,2,3,2,1,5,3,2,0,0,0,0,0,1,5,1534,1.1704545454545454,0.0795454545454545,0.1734756792534488,H,32285,0.576785,0.517325,0.727273,11.0,20.0,0.607632,0.547164,1.0,12.0,20.0,-0.030846999999999958,-0.02983899999999995,-0.27272700000000005,-1.0,0.0
1534,2024-05-03,J.League,ガンバ大阪,湘南ベルマーレ,1501,1524,-23,1489,1513,-24,8,2,6,2,0,13,3,-10,39,55,-16,17,21,18,16,-1,5,-6,0.3793103448275862,0.5151515151515151,0.4285714285714285,0.5294117647058824,-0.1008403361344538,0.4285714285714285,0.6470588235294118,-0.2184873949579832,0.5714285714285714,0.4705882352941176,0.1008403361344537,0.4342273307790548,0.4713804713804713,-0.0371531406014165,2.1750000000000003,2.7843750000000003,-0.609375,23,10,16,0.0371531406014165,0.609375,10.679305628120282,4,1,3,1,0,1,1,1,0,0,0,0,0,0,2,5,1534,1.0756302521008403,0.2184873949579832,0.1826015459619266,H,32286,0.612095,0.556406,0.818182,12.0,20.0,0.620111,0.538711,0.636364,11.0,20.0,-0.008016000000000023,0.017694999999999905,0.18181799999999992,1.0,0.0
1534,2024-05-03,J.League,鹿島アントラーズ,町田,1566,1574,-8,1558,1560,-2,12,12,0,4,4,1,2,1,59,57,2,21,23,14,14,7,9,-2,0.5757575757575758,0.5483870967741935,0.6875,0.625,0.0625,0.8125,0.875,-0.0625,0.3125,0.375,-0.0625,0.4713804713804713,0.5495818399044206,-0.0782013685239492,3.1821428571428574,2.9892857142857148,0.1928571428571426,8,1,2,0.0782013685239492,0.1928571428571426,3.1042117022762183,9,9,0,3,3,0,3,3,0,0,0,0,0,0,0,5,1534,1.6875,0.0625,0.1654310272517399,H,32284,0.618299,0.555796,0.909091,10.0,20.0,0.615174,0.557008,0.818182,9.0,20.0,0.0031250000000000444,-0.0012119999999999909,0.09090900000000002,1.0,0.0
1534,2024-05-03,J.League,京都サンガF.C.,セレッソ大阪,1525,1457,68,1496,1484,12,3,4,-1,1,1,4,22,18,54,29,25,20,15,15,20,5,-5,10,0.53125,0.2592592592592592,0.4,0.3076923076923077,0.0923076923076923,0.6,0.5384615384615384,0.0615384615384615,0.6,0.6923076923076923,-0.0923076923076923,0.4629629629629629,0.411522633744856,0.0514403292181069,2.8800000000000003,1.8225,1.0575,68,18,25,0.0514403292181069,1.0575,28.52178806584362,0,1,-1,0,0,0,0,0,0,4,2,2,1,0,0,5,1534,1.1384615384615384,0.0615384615384615,0.1859578949321266,A,32287,0.558278,0.495872,0.545455,9.0,19.0,0.56835,0.513303,0.363636,10.0,19.0,-0.01007199999999997,-0.017430999999999974,0.181819,-1.0,0.0
1534,2024-05-03,J.League,ベガルタ仙台,山口,1515,1426,89,1522,1461,61,10,2,8,3,0,28,42,14,24,7,17,10,5,8,13,2,-8,10,0.4666666666666667,0.0714285714285714,0.5555555555555556,0.0,0.5555555555555556,0.7777777777777778,0.375,0.4027777777777778,0.4444444444444444,1.0,-0.5555555555555556,0.4938271604938271,0.2645502645502645,0.2292768959435625,2.53125,1.4538461538461538,1.0774038461538462,89,14,17,0.2292768959435625,1.0774038461538462,34.91133614841949,7,2,5,2,0,2,3,0,3,0,1,-1,0,0,0,5,1534,1.1527777777777777,0.4027777777777778,0.1902986442241177,H,,0.0,0.0,0.0,0.0,0.0,0.0,0.0,0.0,0.0,0.0,0.0,0.0,0.0,0.0,0.0
1534,2024-05-03,J.League,V・ファーレン長崎,愛媛FC,1517,1398,119,1506,1491,15,3,1,2,0,0,27,39,12,24,8,16,10,4,8,14,2,-10,12,0.4666666666666667,0.125,0.5,0.2857142857142857,0.2142857142857143,0.6666666666666666,0.5714285714285714,0.0952380952380952,0.5,0.7142857142857143,-0.2142857142857143,0.4938271604938271,0.1851851851851851,0.3086419753086419,2.53125,1.542857142857143,0.9883928571428572,119,12,16,0.3086419753086419,0.9883928571428572,44.909406966490295,1,1,0,0,0,0,1,0,1,0,1,-1,0,0,0,5,1534,1.238095238095238,0.0952380952380952,0.1666612231215218,D,,0.0,0.0,0.0,0.0,0.0,0.0,0.0,0.0,0.0,0.0,0.0,0.0,0.0,0.0,0.0
1534,2024-05-03,J.League,FC今治,ジュビロ磐田,1543,1453,90,1500,1463,37,13,7,6,4,2,33,29,-4,13,24,-11,5,10,1,17,4,-7,11,0.8,0.2916666666666667,0.0,0.2307692307692307,-0.2307692307692307,1.0,0.3846153846153846,0.6153846153846154,1.0,0.7692307692307693,0.2307692307692307,0.7407407407407407,0.3086419753086419,0.4320987654320987,6.75,1.9058823529411768,4.844117647058823,90,4,11,0.4320987654320987,4.844117647058823,33.55524328249818,7,4,3,2,1,1,5,0,5,0,1,-1,0,0,0,5,1534,1.3846153846153846,0.6153846153846154,0.1212320766449827,D,,0.0,0.0,0.0,0.0,0.0,0.0,0.0,0.0,0.0,0.0,0.0,0.0,0.0,0.0,0.0
1534,2024-05-03,J.League,藤枝MYFC,水戸ホーリーホック,1439,1503,-64,1482,1500,-18,3,7,-4,1,2,38,36,-2,9,11,-2,3,5,9,5,-6,0,-6,0.25,0.375,0.25,0.4,-0.15,0.25,0.6,-0.35,0.75,0.6,0.15,0.1851851851851851,0.4629629629629629,-0.2777777777777777,1.8,2.16,-0.3600000000000001,64,2,2,0.2777777777777777,0.3600000000000001,23.027555555555555,3,7,-4,1,2,-1,1,3,-2,0,0,0,0,0,0,5,1534,0.85,0.35,0.1636696417131254,A,,0.0,0.0,0.0,0.0,0.0,0.0,0.0,0.0,0.0,0.0,0.0,0.0,0.0,0.0,0.0
1534,2024-05-03,J.League,モンテディオ山形,北海道コンサドーレ札幌,1588,1507,81,1532,1468,64,8,8,0,2,2,14,10,-4,38,40,-2,14,16,4,14,10,2,8,0.75,0.4615384615384615,0.625,0.25,0.375,0.875,0.4166666666666667,0.4583333333333333,0.375,0.75,-0.375,0.6481481481481481,0.4558404558404558,0.1923076923076923,5.4,2.5071428571428576,2.892857142857143,81,4,2,0.1923076923076923,2.892857142857143,29.967032967032967,4,7,-3,1,2,-1,1,3,-2,0,0,0,0,0,1,5,1534,1.2916666666666667,0.4583333333333333,0.1396173892637351,A,,0.0,0.0,0.0,0.0,0.0,0.0,0.0,0.0,0.0,0.0,0.0,0.0,0.0,0.0,0.0
1534,2024-05-03,Cup/Other,大分,熊本,1500,1487,13,1500,1493,7,0,7,-7,0,2,0,31,31,0,15,-15,0,7,0,9,0,-2,2,0.0,0.3076923076923077,0.0,0.3333333333333333,-0.3333333333333333,0.0,0.5,-0.5,0.0,0.6666666666666666,-0.6666666666666666,0.0,0.3988603988603988,-0.3988603988603988,0.0,1.95,-1.95,13,31,15,0.3988603988603988,1.95,12.76977207977208,0,4,-4,0,1,-1,0,2,-2,0,0,0,0,0,0,5,1534,0.5,0.5,0.2045333053999276,H,,0.0,0.0,0.0,0.0,0.0,0.0,0.0,0.0,0.0,0.0,0.0,0.0,0.0,0.0,0.0
1533,2024-04-29,J.League,FC東京,清水エスパルス,1486,1546,-60,1502,1484,18,4,9,-5,1,3,10,19,9,40,35,5,16,13,18,8,-2,5,-7,0.4,0.5789473684210527,0.4,0.3333333333333333,0.0666666666666667,0.6,0.4444444444444444,0.1555555555555555,0.6,0.6666666666666666,-0.0666666666666666,0.3950617283950617,0.50682261208577,-0.1117608836907082,2.2500000000000004,3.2062500000000003,-0.9562499999999998,60,9,5,0.1117608836907082,0.9562499999999998,23.463602176738146,4,6,-2,1,2,-1,2,1,1,0,0,0,0,0,0,4,1533,1.0444444444444445,0.1555555555555555,0.1652907787221918,H,32271,0.607944,0.534078,0.636364,11.0,20.0,0.581688,0.518992,0.545455,11.0,20.0,0.026256000000000057,0.015086000000000044,0.09090900000000002,0.0,0.0
1533,2024-04-29,J.League,サンフレッチェ広島,アルビレックス新潟,1525,1510,15,1531,1488,43,6,8,-2,2,2,5,13,8,47,38,9,17,18,12,19,5,-1,6,0.5555555555555556,0.3448275862068966,0.6,0.3333333333333333,0.2666666666666666,0.6666666666666666,0.5333333333333333,0.1333333333333333,0.4,0.6666666666666666,-0.2666666666666666,0.4663923182441701,0.4597701149425287,0.0066222033016413,3.0375000000000005,2.060526315789474,0.9769736842105264,15,8,9,0.0066222033016413,0.9769736842105264,7.446719177502433,0,5,-5,0,1,-1,0,4,-4,3,0,3,0,0,0,4,1533,1.2,0.1333333333333333,0.1816672196446504,A,32275,0.528451,0.490453,1.0,11.0,18.0,0.616431,0.535647,0.545455,10.0,20.0,-0.08797999999999995,-0.04519400000000001,0.454545,1.0,-2.0
1533,2024-04-29,J.League,横浜FC,鹿島アントラーズ,1511,1555,-44,1502,1490,12,8,9,-1,2,3,23,1,-22,28,56,-28,12,20,12,14,0,6,-6,0.4,0.5625,0.4444444444444444,0.4375,0.0069444444444444,0.5555555555555556,0.4375,0.1180555555555555,0.5555555555555556,0.5625,-0.0069444444444444,0.4444444444444444,0.4629629629629629,-0.0185185185185184,2.2500000000000004,3.085714285714286,-0.8357142857142854,44,22,28,0.0185185185185184,0.8357142857142854,21.07084656084656,5,6,-1,1,2,-1,4,2,2,0,0,0,0,0,0,4,1533,0.9930555555555556,0.1180555555555555,0.1700597807230346,A,32272,0.58291,0.511544,0.818182,10.0,20.0,0.543012,0.476665,0.818182,10.0,19.0,0.03989799999999999,0.03487899999999999,0.0,0.0,1.0
1533,2024-04-29,J.League,名古屋グランパス,柏レイソル,1500,1515,-15,1542,1527,15,6,10,-4,2,3,8,16,8,43,37,6,17,17,18,17,-1,0,-1,0.4193548387096774,0.3703703703703703,0.6923076923076923,0.5384615384615384,0.1538461538461538,0.6923076923076923,0.6923076923076923,0.0,0.3076923076923077,0.4615384615384615,-0.1538461538461538,0.4062126642771803,0.4663923182441701,-0.0601796539669897,2.325,2.1441176470588235,0.1808823529411767,15,8,6,0.0601796539669897,0.1808823529411767,7.298212401381633,3,7,-4,1,2,-1,0,4,-4,1,0,1,1,0,0,4,1533,1.3846153846153846,0.0,0.1952478154863657,A,32273,0.660035,0.578031,0.909091,12.0,20.0,0.546826,0.485867,0.363636,10.0,20.0,0.113209,0.09216399999999997,0.545455,2.0,0.0
1533,2024-04-29,J.League,ガンバ大阪,京都サンガF.C.,1488,1538,-50,1478,1547,-69,5,6,-1,1,2,18,3,-15,36,54,-18,16,20,18,14,-2,6,-8,0.3571428571428571,0.5483870967741935,0.3846153846153846,0.6875,-0.3028846153846153,0.3846153846153846,0.6875,-0.3028846153846153,0.6153846153846154,0.3125,0.3028846153846154,0.4232804232804232,0.4778972520908004,-0.0546168288103772,2.1,2.9892857142857148,-0.8892857142857147,50,15,18,0.0546168288103772,0.8892857142857147,21.438780508619217,2,0,2,0,0,0,0,0,0,1,3,-2,0,1,0,4,1533,1.0721153846153846,0.3028846153846153,0.1770700288723748,H,32277,0.562701,0.507078,0.727273,10.0,20.0,0.602833,0.528417,0.909091,10.0,20.0,-0.040131999999999945,-0.021338999999999997,-0.18181800000000004,0.0,0.0
1533,2024-04-29,J.League,ファジアーノ岡山,東京ヴェルディ,1526,1516,10,1537,1499,38,10,7,3,3,2,20,6,-14,35,46,-11,15,18,11,16,4,2,2,0.4761904761904761,0.4666666666666667,0.5714285714285714,0.4,0.1714285714285713,0.7857142857142857,0.6,0.1857142857142857,0.4285714285714285,0.6,-0.1714285714285714,0.5291005291005291,0.4444444444444444,0.0846560846560846,2.577272727272727,2.53125,0.0460227272727271,10,14,11,0.0846560846560846,0.0460227272727271,7.026135762385762,4,4,0,1,1,0,1,2,-1,0,0,0,0,0,0,4,1533,1.3857142857142857,0.1857142857142857,0.1905689704482654,A,32274,0.623868,0.550883,0.818182,12.0,20.0,0.610132,0.551406,0.818182,13.0,20.0,0.01373599999999997,-0.0005229999999999402,0.0,-1.0,0.0
1533,2024-04-29,J.League,湘南ベルマーレ,アビスパ福岡,1523,1486,37,1515,1504,11,4,7,-3,1,2,4,15,11,54,38,16,20,16,16,20,4,-4,8,0.5151515151515151,0.3548387096774194,0.5333333333333333,0.4,0.1333333333333333,0.6,0.6,0.0,0.4666666666666667,0.6,-0.1333333333333333,0.4489337822671156,0.3823178016726403,0.0666159805944752,2.7843750000000003,2.0925,0.691875,37,11,16,0.0666159805944752,0.691875,15.851698196118894,0,4,-4,0,1,-1,0,1,-1,3,0,3,0,1,0,4,1533,1.2,0.0,0.1704440937137787,D,32276,0.593167,0.519828,0.727273,10.0,20.0,0.554368,0.512475,0.727273,10.0,19.0,0.03879900000000003,0.007352999999999943,0.0,0.0,1.0
1533,2024-04-29,J.League,セレッソ大阪,町田,1467,1565,-98,1484,1553,-69,7,10,-3,2,3,21,2,-19,29,55,-26,15,23,19,15,-4,8,-12,0.2692307692307692,0.5161290322580645,0.2307692307692307,0.5625,-0.3317307692307692,0.6153846153846154,0.875,-0.2596153846153846,0.7692307692307693,0.4375,0.3317307692307693,0.4273504273504273,0.5495818399044206,-0.1222314125539932,1.847368421052632,2.79,-0.9426315789473684,98,19,26,0.1222314125539932,0.9426315789473684,39.26297259830027,4,6,-2,1,2,-1,0,2,-2,1,0,1,0,1,0,4,1533,1.4903846153846154,0.2596153846153846,0.210660683492719,A,32278,0.584678,0.519974,0.636364,10.0,19.0,0.611437,0.541825,0.818182,11.0,20.0,-0.026758999999999977,-0.021850999999999954,-0.18181799999999992,-1.0,-1.0
1533,2024-04-29,J.League,北海道コンサドーレ札幌,V・ファーレン長崎,1503,1517,-14,1544,1510,34,10,5,5,3,1,11,28,17,39,23,16,15,9,14,7,1,2,-1,0.4615384615384615,0.5,0.6923076923076923,0.5,0.1923076923076923,0.7692307692307693,0.625,0.1442307692307692,0.3076923076923077,0.5,-0.1923076923076923,0.4273504273504273,0.4761904761904762,-0.0488400488400489,2.5071428571428576,2.7,-0.1928571428571426,14,17,16,0.0488400488400489,0.1928571428571426,9.198339438339437,6,1,5,2,0,2,2,0,2,0,2,-2,0,0,0,4,1533,1.3942307692307692,0.1442307692307692,0.1735161828109288,D,,0.0,0.0,0.0,0.0,0.0,0.0,0.0,0.0,0.0,0.0,0.0,0.0,0.0,0.0,0.0
1533,2024-04-29,J.League,愛媛FC,藤枝MYFC,1410,1427,-17,1432,1459,-27,1,0,1,0,0,38,43,5,8,6,2,4,2,13,9,-9,-7,-2,0.1333333333333333,0.1818181818181818,0.0,0.1428571428571428,-0.1428571428571428,0.0,0.1428571428571428,-0.1428571428571428,1.0,0.8571428571428571,0.1428571428571429,0.1975308641975308,0.1346801346801346,0.0628507295173961,1.5576923076923077,1.65,-0.0923076923076922,17,5,2,0.0628507295173961,0.0923076923076922,7.231031684365017,1,0,1,0,0,0,1,0,1,0,5,-5,1,0,0,4,1533,0.1428571428571428,0.1428571428571428,0.1035637494612794,A,,0.0,0.0,0.0,0.0,0.0,0.0,0.0,0.0,0.0,0.0,0.0,0.0,0.0,0.0,0.0
1533,2024-04-29,J.League,ブラウブリッツ秋田,徳島ヴォルティス,1517,1540,-23,1515,1503,12,9,8,1,3,2,22,25,3,28,27,1,10,11,8,7,2,4,-2,0.5294117647058824,0.5333333333333333,0.5555555555555556,0.4285714285714285,0.126984126984127,0.6666666666666666,0.5714285714285714,0.0952380952380952,0.4444444444444444,0.5714285714285714,-0.1269841269841269,0.4357298474945533,0.5432098765432098,-0.1074800290486565,2.8687500000000004,2.892857142857143,-0.0241071428571424,23,3,1,0.1074800290486565,0.0241071428571424,8.826317434381158,6,4,2,2,1,1,1,1,0,0,0,0,1,0,0,4,1533,1.238095238095238,0.0952380952380952,0.1699044570933055,A,,0.0,0.0,0.0,0.0,0.0,0.0,0.0,0.0,0.0,0.0,0.0,0.0,0.0,0.0,0.0
1533,2024-04-29,J.League,熊本,ジェフユナイテッド千葉,1485,1565,-80,1491,1543,-52,7,12,-5,2,4,32,26,-6,14,26,-12,6,10,8,4,-2,6,-8,0.3333333333333333,0.6666666666666666,0.3333333333333333,0.6666666666666666,-0.3333333333333333,0.5,0.8888888888888888,-0.3888888888888888,0.6666666666666666,0.3333333333333333,0.3333333333333333,0.3703703703703703,0.6172839506172839,-0.2469135802469135,2.0250000000000004,4.050000000000001,-2.0250000000000004,80,6,12,0.2469135802469135,2.0250000000000004,29.954382716049384,6,9,-3,2,3,-1,1,4,-3,0,0,0,0,0,0,4,1533,1.3888888888888888,0.3888888888888888,0.162574166842958,D,,0.0,0.0,0.0,0.0,0.0,0.0,0.0,0.0,0.0,0.0,0.0,0.0,0.0,0.0,0.0
1533,2024-04-29,J.League,ヴァンフォーレ甲府,ベガルタ仙台,1444,1504,-60,1476,1483,-7,6,10,-4,2,3,34,29,-5,12,21,-9,6,9,12,8,-6,1,-7,0.2,0.4285714285714285,0.25,0.2,0.0499999999999999,0.375,0.4,-0.025,0.75,0.8,-0.05,0.2962962962962963,0.4761904761904762,-0.1798941798941799,1.6875,2.3625000000000003,-0.6750000000000003,60,5,9,0.1798941798941799,0.6750000000000003,22.42097883597884,6,4,2,2,1,1,0,2,-2,1,0,1,0,1,0,4,1533,0.775,0.025,0.1907327652370984,A,,0.0,0.0,0.0,0.0,0.0,0.0,0.0,0.0,0.0,0.0,0.0,0.0,0.0,0.0,0.0
1532,2024-04-26,J.League,町田,湘南ベルマーレ,1558,1529,29,1503,1517,-14,10,4,6,3,1,1,4,3,55,54,1,23,20,15,16,8,4,4,0.5161290322580645,0.5151515151515151,0.4666666666666667,0.5294117647058824,-0.0627450980392156,0.6,0.6470588235294118,-0.0470588235294118,0.5333333333333333,0.4705882352941176,0.0627450980392156,0.5495818399044206,0.4489337822671156,0.1006480576373049,2.79,2.7843750000000003,0.0056249999999997,29,3,1,0.1006480576373049,0.0056249999999997,10.92125461152746,6,1,5,2,0,2,1,0,1,0,2,-2,0,0,1,4,1532,1.2470588235294118,0.0470588235294118,0.1791228092639282,H,32263,0.614285,0.556853,0.636364,11.0,20.0,0.596382,0.531864,0.636364,11.0,20.0,0.017903000000000002,0.02498900000000004,0.0,0.0,0.0
1532,2024-04-26,J.League,京都サンガF.C.,横浜FC,1549,1496,53,1505,1493,12,9,5,4,3,1,2,25,23,54,25,29,20,11,14,12,6,-1,7,0.5483870967741935,0.3684210526315789,0.4285714285714285,0.3,0.1285714285714285,0.6428571428571429,0.6,0.0428571428571429,0.5714285714285714,0.7,-0.1285714285714285,0.4778972520908004,0.428849902534113,0.0490473495566873,2.9892857142857148,2.1375,0.8517857142857146,53,23,29,0.0490473495566873,0.8517857142857146,24.48016661276848,3,5,-2,1,1,0,0,3,-3,2,0,2,0,0,0,4,1532,1.2428571428571429,0.0428571428571429,0.1768611990117753,A,32264,0.59616,0.525725,0.727273,10.0,20.0,0.612005,0.538579,1.0,12.0,20.0,-0.015844999999999998,-0.012854000000000032,-0.27272700000000005,-2.0,0.0
1532,2024-04-26,J.League,アビスパ福岡,ファジアーノ岡山,1482,1533,-51,1473,1492,-19,7,9,-2,2,3,16,15,-1,37,37,0,15,15,20,10,-5,5,-10,0.3548387096774194,0.5238095238095238,0.3333333333333333,0.3333333333333333,0.0,0.4,0.5,-0.0999999999999999,0.6666666666666666,0.6666666666666666,0.0,0.3584229390681003,0.5291005291005291,-0.1706775900324287,2.0925,2.8350000000000004,-0.7425000000000002,51,1,0,0.1706775900324287,0.7425000000000002,18.282635518006483,3,6,-3,1,2,-1,0,0,0,1,1,0,0,0,0,4,1532,0.9,0.0999999999999999,0.1801127259048278,D,32265,0.531306,0.480347,0.818182,10.0,18.0,0.614313,0.547132,0.909091,12.0,20.0,-0.08300700000000005,-0.06678499999999993,-0.09090900000000002,-2.0,-2.0
1532,2024-04-26,J.League,鹿島アントラーズ,名古屋グランパス,1546,1507,39,1552,1454,98,6,7,-1,2,2,3,8,5,54,43,11,20,17,15,18,5,-1,6,0.53125,0.4193548387096774,0.6666666666666666,0.2222222222222222,0.4444444444444444,0.8,0.4444444444444444,0.3555555555555556,0.3333333333333333,0.7777777777777778,-0.4444444444444445,0.4629629629629629,0.4062126642771803,0.0567502986857825,2.8800000000000003,2.325,0.5550000000000002,39,5,11,0.0567502986857825,0.5550000000000002,15.022350059737157,6,3,3,2,1,1,1,1,0,0,0,0,0,1,0,4,1532,1.2444444444444445,0.3555555555555556,0.1669853849570888,H,32261,0.499986,0.430189,0.909091,7.0,20.0,0.672653,0.600544,1.0,14.0,20.0,-0.17266699999999996,-0.17035499999999998,-0.09090900000000002,-7.0,0.0
1532,2024-04-26,J.League,東京ヴェルディ,セレッソ大阪,1509,1477,32,1516,1493,23,7,7,0,2,2,7,23,16,46,30,16,18,16,16,19,2,-3,5,0.4666666666666667,0.2692307692307692,0.5333333333333333,0.3076923076923077,0.2256410256410256,0.6,0.6153846153846154,-0.0153846153846154,0.4666666666666667,0.6923076923076923,-0.2256410256410256,0.4444444444444444,0.4558404558404558,-0.0113960113960114,2.53125,1.847368421052632,0.6838815789473682,32,16,16,0.0113960113960114,0.6838815789473682,15.339055518068676,1,4,-3,0,1,-1,1,2,-1,0,0,0,1,0,0,4,1532,1.2153846153846155,0.0153846153846154,0.2056046572797147,H,32262,0.620861,0.565831,0.818182,12.0,20.0,0.605451,0.523983,0.818182,11.0,20.0,0.015410000000000035,0.041847999999999996,0.0,1.0,0.0
1532,2024-04-26,J.League,浦和レッズ,サンフレッチェ広島,1517,1542,-25,1504,1520,-16,13,6,7,4,2,20,5,-15,34,50,-16,14,18,15,11,-1,7,-8,0.4,0.5925925925925926,0.4545454545454545,0.5833333333333334,-0.1287878787878788,0.5454545454545454,0.6666666666666666,-0.1212121212121212,0.5454545454545454,0.4166666666666667,0.1287878787878787,0.4148148148148148,0.4938271604938271,-0.0790123456790122,2.2500000000000004,3.313636363636364,-1.0636363636363635,25,15,16,0.0790123456790122,1.0636363636363635,12.728529741863076,9,3,6,3,1,2,5,0,5,0,2,-2,1,0,0,4,1532,1.212121212121212,0.1212121212121212,0.1633150666964329,H,32266,0.587187,0.531076,1.0,12.0,20.0,0.523285,0.487364,0.818182,11.0,20.0,0.06390200000000001,0.04371199999999997,0.18181800000000004,1.0,0.0
1532,2024-04-26,J.League,FC東京,ガンバ大阪,1478,1495,-17,1492,1514,-22,4,5,-1,1,1,11,18,7,40,36,4,16,16,18,18,-2,-2,0,0.4,0.3571428571428571,0.3571428571428571,0.3571428571428571,0.0,0.5714285714285714,0.7857142857142857,-0.2142857142857143,0.6428571428571429,0.6428571428571429,0.0,0.3950617283950617,0.4232804232804232,-0.0282186948853614,2.2500000000000004,2.1,0.1500000000000003,17,7,4,0.0282186948853614,0.1500000000000003,7.735643738977072,1,5,-4,0,1,-1,1,3,-2,0,0,0,1,0,0,4,1532,1.3571428571428572,0.2142857142857143,0.1881203079642962,H,32267,0.587271,0.518042,0.545455,10.0,19.0,0.594604,0.532989,0.909091,11.0,20.0,-0.007333000000000034,-0.014947000000000044,-0.36363599999999996,-1.0,-1.0
1532,2024-04-26,J.League,柏レイソル,アルビレックス新潟,1512,1509,3,1471,1488,-17,12,8,4,4,2,17,14,-3,36,38,-2,16,18,17,19,-1,-1,0,0.3703703703703703,0.3448275862068966,0.2142857142857142,0.3571428571428571,-0.1428571428571428,0.5,0.5,0.0,0.7857142857142857,0.6428571428571429,0.1428571428571428,0.4389574759945129,0.4597701149425287,-0.0208126389480157,2.1441176470588235,2.060526315789474,0.0835913312693494,3,3,2,0.0208126389480157,0.0835913312693494,1.8208807940434728,9,7,2,3,2,1,3,3,0,0,0,0,0,1,0,4,1532,1.0,0.0,0.2137413357098306,D,32268,0.533542,0.480694,0.818182,8.0,19.0,0.622822,0.560035,0.818182,11.0,20.0,-0.08928000000000003,-0.07934099999999994,0.0,-3.0,-1.0
1532,2024-04-26,J.League,山口,FC今治,1436,1534,-98,1481,1526,-45,2,10,-8,0,3,40,36,-4,7,10,-3,5,4,12,1,-7,3,-10,0.0769230769230769,0.75,0.2,1.0,-0.8,0.4,1.0,-0.6,0.8,0.0,0.8,0.2849002849002849,0.7407407407407407,-0.4558404558404558,1.4625,5.4,-3.9375,98,4,3,0.4558404558404558,3.9375,36.17866809116809,2,7,-5,0,2,-2,2,4,-2,0,0,0,0,0,0,4,1532,1.4,0.6,0.1494537093289752,A,,0.0,0.0,0.0,0.0,0.0,0.0,0.0,0.0,0.0,0.0,0.0,0.0,0.0,0.0,0.0
1532,2024-04-26,J.League,ベガルタ仙台,愛媛FC,1509,1406,103,1522,1491,31,9,0,9,3,0,29,41,12,21,7,14,9,3,8,12,1,-9,10,0.4285714285714285,0.1428571428571428,0.625,0.3333333333333333,0.2916666666666667,0.75,0.5,0.25,0.375,0.6666666666666666,-0.2916666666666666,0.4761904761904762,0.1587301587301587,0.3174603174603175,2.3625000000000003,1.5750000000000002,0.7875000000000001,103,12,14,0.3174603174603175,0.7875000000000001,39.27099206349206,6,0,6,2,0,2,1,0,1,0,5,-5,1,0,0,4,1532,1.25,0.25,0.1612455899331153,D,,0.0,0.0,0.0,0.0,0.0,0.0,0.0,0.0,0.0,0.0,0.0,0.0,0.0,0.0,0.0
1532,2024-04-26,Cup/Other,ジュビロ磐田,大分,1452,1500,-48,1487,1500,-13,7,0,7,2,0,26,0,-26,25,0,25,11,0,18,0,-7,0,-7,0.28,0.0,0.3333333333333333,0.0,0.3333333333333333,0.5,0.0,0.5,0.6666666666666666,0.0,0.6666666666666666,0.3259259259259259,0.0,0.3259259259259259,1.875,0.0,1.875,48,26,25,0.3259259259259259,1.875,23.740185185185183,4,0,4,1,0,1,0,0,0,1,0,1,0,0,0,4,1532,0.5,0.5,0.1738178902063494,A,,0.0,0.0,0.0,0.0,0.0,0.0,0.0,0.0,0.0,0.0,0.0,0.0,0.0,0.0,0.0
1532,2024-04-26,J.League,徳島ヴォルティス,富山,1531,1493,38,1524,1498,26,8,5,3,2,1,27,37,10,24,9,15,10,5,7,5,3,0,3,0.5,0.2857142857142857,0.5714285714285714,0.25,0.3214285714285714,0.8571428571428571,0.75,0.1071428571428571,0.4285714285714285,0.75,-0.3214285714285714,0.5291005291005291,0.5291005291005291,0.0,2.7,1.89,0.81,38,10,15,0.0,0.81,15.962,2,1,1,0,0,0,0,1,-1,1,0,1,0,0,0,4,1532,1.6071428571428572,0.1071428571428571,0.2305398701991368,H,,0.0,0.0,0.0,0.0,0.0,0.0,0.0,0.0,0.0,0.0,0.0,0.0,0.0,0.0,0.0
1532,2024-04-26,J.League,V・ファーレン長崎,いわきFC,1533,1448,85,1515,1501,14,8,1,7,2,0,28,30,2,23,16,7,9,6,6,11,3,-5,8,0.5384615384615384,0.3125,0.6,0.4285714285714285,0.1714285714285714,0.8,0.5714285714285714,0.2285714285714286,0.4,0.5714285714285714,-0.1714285714285713,0.5128205128205128,0.2777777777777777,0.235042735042735,2.925,1.963636363636364,0.961363636363636,85,2,7,0.235042735042735,0.961363636363636,30.48928127428127,2,1,1,0,0,0,0,0,0,1,1,0,1,0,0,4,1532,1.3714285714285714,0.2285714285714286,0.1617183320579438,A,,0.0,0.0,0.0,0.0,0.0,0.0,0.0,0.0,0.0,0.0,0.0,0.0,0.0,0.0,0.0
1531,2024-04-20,J.League,アルビレックス新潟,京都サンガF.C.,1495,1566,-71,1502,1551,-49,5,12,-7,1,4,16,1,-15,36,57,-21,18,21,20,13,-2,8,-10,0.3103448275862069,0.5806451612903226,0.2857142857142857,0.6875,-0.4017857142857143,0.7142857142857143,0.6875,0.0267857142857143,0.7142857142857143,0.3125,0.4017857142857143,0.4597701149425287,0.5017921146953405,-0.0420219997528117,1.9575,3.2192307692307693,-1.261730769230769,71,15,21,0.0420219997528117,1.261730769230769,28.86075055379672,4,6,-2,1,2,-1,2,0,2,0,1,-1,0,0,0,4,1531,1.4017857142857144,0.0267857142857143,0.185743415711607,H,32251,0.613069,0.53759,0.818182,11.0,20.0,0.607873,0.543411,0.636364,10.0,20.0,0.005195999999999978,-0.005820999999999965,0.18181799999999992,1.0,0.0
1531,2024-04-20,J.League,ヴィッセル神戸,町田,1546,1541,5,1509,1539,-30,6,8,-2,2,2,6,3,-3,49,52,-3,19,22,12,16,7,6,1,0.5555555555555556,0.4838709677419355,0.4615384615384615,0.5,-0.0384615384615384,0.6923076923076923,0.8125,-0.1201923076923077,0.5384615384615384,0.5,0.0384615384615384,0.5212620027434842,0.5256869772998806,-0.0044249745563963,3.0375000000000005,2.615625,0.4218750000000004,5,3,3,0.0044249745563963,0.4218750000000004,2.58525999491128,3,4,-1,1,1,0,0,0,0,1,1,0,0,1,0,4,1531,1.5048076923076923,0.1201923076923077,0.1851949957844176,A,32255,0.570993,0.481389,0.727273,12.0,20.0,0.543646,0.488744,0.909091,9.0,20.0,0.02734700000000001,-0.007355,-0.18181800000000004,3.0,0.0
1531,2024-04-20,J.League,横浜FC,ガンバ大阪,1498,1499,-1,1502,1515,-13,7,5,2,2,1,28,15,-13,24,38,-14,10,16,11,17,-1,-1,0,0.3888888888888889,0.3928571428571428,0.5,0.3846153846153846,0.1153846153846153,0.5,0.7692307692307693,-0.2692307692307693,0.5,0.6153846153846154,-0.1153846153846154,0.411522633744856,0.4232804232804232,-0.0117577895355672,2.209090909090909,2.2235294117647064,-0.0144385026737974,1,13,14,0.0117577895355672,0.0144385026737974,3.605239258441873,4,4,0,1,1,0,2,2,0,0,0,0,0,0,0,4,1531,1.2692307692307692,0.2692307692307693,0.1883274821327196,D,32252,0.604667,0.545857,0.818182,11.0,19.0,0.553819,0.496228,0.909091,10.0,19.0,0.050848000000000004,0.049629000000000034,-0.09090900000000002,1.0,0.0
1531,2024-04-20,J.League,ファジアーノ岡山,鹿島アントラーズ,1552,1532,20,1554,1480,74,10,6,4,3,2,11,4,-7,40,52,-12,16,20,9,16,7,4,3,0.5714285714285714,0.5,0.6428571428571429,0.375,0.2678571428571429,0.8571428571428571,0.4375,0.4196428571428571,0.3571428571428571,0.625,-0.2678571428571428,0.564373897707231,0.4629629629629629,0.1014109347442681,3.1500000000000004,2.7,0.4500000000000002,20,7,12,0.1014109347442681,0.4500000000000002,8.860282186948853,9,3,6,3,1,2,3,0,3,0,1,-1,0,0,0,4,1531,1.2946428571428572,0.4196428571428571,0.1756101366934229,A,32256,0.540338,0.483631,0.818182,9.0,18.0,0.487021,0.407014,0.727273,7.0,19.0,0.053317,0.07661699999999999,0.09090900000000002,2.0,-1.0
1531,2024-04-20,J.League,浦和レッズ,横浜F・マリノス,1502,1508,-6,1495,1480,15,13,6,7,4,2,21,8,-13,31,44,-13,13,16,16,15,-3,1,-4,0.36,0.4827586206896552,0.4,0.4285714285714285,-0.0285714285714285,0.5,0.4285714285714285,0.0714285714285714,0.6,0.5714285714285714,0.0285714285714285,0.3851851851851852,0.408684546615581,-0.0234993614303958,2.109375,2.61,-0.5006249999999999,6,13,13,0.0234993614303958,0.5006249999999999,5.454824872286079,9,3,6,3,1,2,5,1,4,0,0,0,0,0,0,4,1531,0.9285714285714286,0.0714285714285714,0.1682114497482805,H,32260,0.583806,0.524925,1.0,12.0,20.0,0.604146,0.565649,0.727273,12.0,20.0,-0.020339999999999914,-0.04072399999999998,0.27272700000000005,0.0,0.0
1531,2024-04-20,J.League,湘南ベルマーレ,柏レイソル,1544,1493,51,1517,1512,5,7,10,-3,2,3,2,18,16,55,33,22,21,15,16,18,5,-3,8,0.5151515151515151,0.3333333333333333,0.5333333333333333,0.4615384615384615,0.0717948717948717,0.6,0.6153846153846154,-0.0153846153846154,0.4666666666666667,0.5384615384615384,-0.0717948717948717,0.4713804713804713,0.411522633744856,0.0598578376356153,2.7843750000000003,2.0250000000000004,0.7593749999999999,51,16,22,0.0598578376356153,0.7593749999999999,22.01384656752712,4,6,-2,1,2,-1,0,2,-2,1,0,1,0,0,1,4,1531,1.2153846153846155,0.0153846153846154,0.183575775968339,A,32258,0.60316,0.533994,0.818182,11.0,20.0,0.57009,0.515329,0.909091,10.0,20.0,0.033070000000000044,0.01866499999999993,-0.09090900000000002,1.0,0.0
1531,2024-04-20,J.League,清水エスパルス,アビスパ福岡,1525,1495,30,1550,1507,43,6,10,-4,2,3,19,13,-6,32,40,-8,12,16,10,19,2,-3,5,0.5,0.3870967741935484,0.7777777777777778,0.4,0.3777777777777777,0.8888888888888888,0.6,0.2888888888888888,0.2222222222222222,0.6,-0.3777777777777777,0.4444444444444444,0.3823178016726403,0.062126642771804,2.7,2.2026315789473685,0.4973684210526317,30,6,8,0.062126642771804,0.4973684210526317,12.111899012764887,3,6,-3,1,2,-1,0,1,-1,1,0,1,0,0,0,4,1531,1.488888888888889,0.2888888888888888,0.1686329820027783,H,32253,0.614729,0.541358,0.818182,11.0,20.0,0.570208,0.515014,1.0,11.0,20.0,0.04452099999999992,0.026344000000000034,-0.18181800000000004,0.0,0.0
1531,2024-04-20,J.League,名古屋グランパス,サンフレッチェ広島,1494,1550,-56,1534,1529,5,4,7,-3,1,2,10,5,-5,41,50,-9,17,18,19,11,-2,7,-9,0.3870967741935484,0.5925925925925926,0.6153846153846154,0.6363636363636364,-0.0209790209790209,0.6923076923076923,0.7272727272727273,-0.034965034965035,0.3846153846153846,0.3636363636363636,0.0209790209790209,0.4062126642771803,0.4938271604938271,-0.0876144962166467,2.2026315789473685,3.313636363636364,-1.1110047846889954,56,5,9,0.0876144962166467,1.1110047846889954,21.089723856181124,3,6,-3,1,2,-1,0,0,0,2,1,1,1,0,1,4,1531,1.4195804195804196,0.034965034965035,0.1631580478566574,H,32254,0.636076,0.579818,0.636364,12.0,20.0,0.549368,0.500281,0.636364,10.0,19.0,0.08670800000000001,0.07953699999999997,0.0,2.0,1.0
1531,2024-04-20,J.League,川崎フロンターレ,東京ヴェルディ,1531,1512,19,1508,1505,3,10,7,3,3,2,9,7,-2,41,48,-7,19,18,17,15,2,3,-1,0.3928571428571428,0.5,0.4444444444444444,0.4666666666666667,-0.0222222222222222,0.6666666666666666,0.6,0.0666666666666666,0.5555555555555556,0.5333333333333333,0.0222222222222222,0.5026455026455027,0.4444444444444444,0.0582010582010582,2.2235294117647064,2.7,-0.4764705882352937,19,2,7,0.0582010582010582,0.4764705882352937,7.256934329287271,6,3,3,2,1,1,1,0,1,0,2,-2,0,0,1,4,1531,1.2666666666666666,0.0666666666666666,0.1923560584854202,D,32257,0.644681,0.569282,0.909091,11.0,20.0,0.614125,0.550392,0.818182,11.0,20.0,0.030555999999999917,0.018889999999999962,0.09090900000000002,0.0,0.0
1531,2024-04-20,J.League,セレッソ大阪,FC東京,1483,1477,6,1489,1492,-3,7,3,4,2,1,20,12,-8,32,40,-8,16,16,18,18,-2,-2,0,0.3076923076923077,0.4,0.3076923076923077,0.4666666666666667,-0.1589743589743589,0.6153846153846154,0.4666666666666667,0.1487179487179487,0.6923076923076923,0.5333333333333333,0.1589743589743589,0.4558404558404558,0.3950617283950617,0.0607787274453941,1.95,2.2500000000000004,-0.3000000000000002,6,8,8,0.0607787274453941,0.3000000000000002,4.172155745489079,6,0,6,2,0,2,1,0,1,0,3,-3,0,0,1,4,1531,1.0820512820512822,0.1487179487179487,0.2025909345576337,D,32259,0.618368,0.532644,1.0,11.0,20.0,0.593403,0.515653,0.909091,11.0,20.0,0.024965000000000015,0.01699099999999998,0.09090900000000002,0.0,0.0
1531,2024-04-20,J.League,サガン鳥栖,山口,1484,1433,51,1503,1460,43,10,2,8,3,0,22,43,21,30,6,24,12,4,15,11,-3,-7,4,0.375,0.0833333333333333,0.4285714285714285,0.0,0.4285714285714285,0.5714285714285714,0.2857142857142857,0.2857142857142857,0.5714285714285714,1.0,-0.4285714285714286,0.3703703703703703,0.2469135802469135,0.1234567901234568,2.16,1.4727272727272729,0.6872727272727273,51,21,24,0.1234567901234568,0.6872727272727273,23.262145903479237,6,1,5,2,0,2,2,1,1,0,0,0,0,0,0,4,1531,0.8571428571428571,0.2857142857142857,0.1699183319976207,D,,0.0,0.0,0.0,0.0,0.0,0.0,0.0,0.0,0.0,0.0,0.0,0.0,0.0,0.0,0.0
1531,2024-04-20,J.League,北海道コンサドーレ札幌,藤枝MYFC,1485,1436,49,1531,1466,65,7,0,7,2,0,17,42,25,36,6,30,14,2,16,8,-2,-6,4,0.4074074074074074,0.2,0.6153846153846154,0.1666666666666666,0.4487179487179488,0.6923076923076923,0.1666666666666666,0.5256410256410257,0.3846153846153846,0.8333333333333334,-0.4487179487179487,0.3840877914951988,0.1481481481481481,0.2359396433470507,2.278125,1.6875,0.5906250000000002,49,25,30,0.2359396433470507,0.5906250000000002,23.565312928669407,4,0,4,1,0,1,1,0,1,0,5,-5,0,0,0,4,1531,0.8589743589743589,0.5256410256410257,0.1342089881782894,H,,0.0,0.0,0.0,0.0,0.0,0.0,0.0,0.0,0.0,0.0,0.0,0.0,0.0,0.0,0.0
1531,2024-04-20,J.League,ブラウブリッツ秋田,ジュビロ磐田,1515,1462,53,1514,1471,43,6,7,-1,2,2,23,25,2,28,26,2,10,12,8,18,2,-6,8,0.5294117647058824,0.28,0.5555555555555556,0.2307692307692307,0.3247863247863248,0.6666666666666666,0.4615384615384615,0.205128205128205,0.4444444444444444,0.7692307692307693,-0.3247863247863248,0.4357298474945533,0.3555555555555555,0.0801742919389978,2.8687500000000004,1.875,0.99375,53,2,2,0.0801742919389978,0.99375,19.2647848583878,6,4,2,2,1,1,0,2,-2,1,0,1,0,0,0,4,1531,1.1282051282051282,0.205128205128205,0.1668023658104933,H,,0.0,0.0,0.0,0.0,0.0,0.0,0.0,0.0,0.0,0.0,0.0,0.0,0.0,0.0,0.0
1530,2024-04-16,J.League,横浜F・マリノス,清水エスパルス,1495,1538,-43,1518,1479,39,6,6,0,2,2,8,18,10,41,32,9,15,12,15,9,0,3,-3,0.4642857142857143,0.5263157894736842,0.5,0.3,0.2,0.6428571428571429,0.4,0.2428571428571428,0.5,0.7,-0.1999999999999999,0.3968253968253968,0.4678362573099414,-0.0710108604845446,2.5200000000000005,2.8500000000000005,-0.33,43,10,9,0.0710108604845446,0.33,17.630202172096904,3,6,-3,1,2,-1,0,1,-1,2,0,2,0,0,0,4,1530,1.042857142857143,0.2428571428571428,0.1610140694093849,H,32269,0.531903,0.486169,0.818182,11.0,19.0,0.545958,0.471406,0.636364,10.0,19.0,-0.01405500000000004,0.014763000000000026,0.18181799999999992,1.0,0.0
1530,2024-04-16,J.League,ヴィッセル神戸,川崎フロンターレ,1561,1517,44,1519,1503,16,9,8,1,3,2,6,14,8,49,38,11,19,18,11,17,8,1,7,0.5769230769230769,0.3703703703703703,0.5,0.3333333333333333,0.1666666666666666,0.75,0.6666666666666666,0.0833333333333333,0.5,0.6666666666666666,-0.1666666666666666,0.5413105413105412,0.4938271604938271,0.0474833808167141,3.190909090909092,2.1441176470588235,1.046791443850268,44,8,11,0.0474833808167141,1.046791443850268,17.618854964933398,6,4,2,2,1,1,1,0,1,0,1,-1,1,0,1,4,1530,1.4166666666666663,0.0833333333333333,0.1940230762350436,A,32270,0.627771,0.5819,0.727273,14.0,20.0,0.620234,0.543548,0.818182,11.0,20.0,0.007537000000000016,0.03835199999999994,-0.09090900000000002,3.0,0.0
1530,2024-04-16,J.League,浦和レッズ,京都サンガF.C.,1487,1580,-93,1484,1562,-78,10,15,-5,3,5,23,1,-22,28,57,-29,12,21,16,12,-4,9,-13,0.3333333333333333,0.6,0.3333333333333333,0.7333333333333333,-0.3999999999999999,0.4444444444444444,0.7333333333333333,-0.2888888888888888,0.6666666666666666,0.2666666666666666,0.3999999999999999,0.3703703703703703,0.5185185185185185,-0.1481481481481481,2.0250000000000004,3.375,-1.3499999999999996,93,22,29,0.1481481481481481,1.3499999999999996,38.34962962962963,7,9,-2,2,3,-1,4,5,-1,0,0,0,1,1,0,4,1530,1.1777777777777776,0.2888888888888888,0.1646060052385861,H,32341,0.641292,0.552158,0.909091,11.0,20.0,0.636458,0.553517,0.454545,14.0,20.0,0.004834000000000005,-0.001358999999999999,0.454546,-3.0,0.0
1530,2024-04-16,J.League,水戸ホーリーホック,ガンバ大阪,1504,1497,7,1501,1515,-14,9,7,2,3,2,36,15,-21,10,37,-27,4,15,4,16,0,-1,1,0.4285714285714285,0.4074074074074074,0.5,0.4166666666666667,0.0833333333333333,0.5,0.75,-0.25,0.5,0.5833333333333334,-0.0833333333333333,0.4232804232804232,0.411522633744856,0.0117577895355672,2.3625000000000003,2.278125,0.084375,7,21,27,0.0117577895355672,0.084375,7.719226557907112,6,3,3,2,1,1,2,1,1,0,0,0,0,0,0,4,1530,1.25,0.25,0.1798863447037433,D,,0.0,0.0,0.0,0.0,0.0,0.0,0.0,0.0,0.0,0.0,0.0,0.0,0.0,0.0,0.0
1530,2024-04-16,J.League,福島,柏レイソル,1489,1480,9,1499,1503,-4,2,7,-5,0,2,53,21,-32,2,30,-28,2,14,3,18,-1,-4,3,0.0,0.3076923076923077,0.0,0.4166666666666667,-0.4166666666666667,1.0,0.5833333333333334,0.4166666666666666,1.0,0.5833333333333334,0.4166666666666666,0.4938271604938271,0.3988603988603988,0.0949667616334282,1.35,1.95,-0.6000000000000001,9,32,28,0.0949667616334282,0.6000000000000001,11.288993352326685,2,6,-4,0,2,-2,1,1,0,0,0,0,0,0,0,4,1530,1.5833333333333337,0.4166666666666666,0.2705031845562939,A,,0.0,0.0,0.0,0.0,0.0,0.0,0.0,0.0,0.0,0.0,0.0,0.0,0.0,0.0,0.0
1529,2024-04-13,J.League,清水エスパルス,川崎フロンターレ,1533,1528,5,1549,1511,38,6,8,-2,2,2,18,13,-5,32,38,-6,12,18,9,16,3,2,1,0.5263157894736842,0.3846153846153846,0.7777777777777778,0.3529411764705882,0.4248366013071895,0.8888888888888888,0.7058823529411765,0.1830065359477123,0.2222222222222222,0.6470588235294118,-0.4248366013071896,0.4678362573099414,0.5128205128205128,-0.0449842555105713,2.8500000000000005,2.19375,0.6562500000000004,5,5,6,0.0449842555105713,0.6562500000000004,3.1402468511021144,3,7,-4,1,2,-1,0,4,-4,1,0,1,0,0,0,4,1529,1.5947712418300657,0.1830065359477123,0.1944262359369239,H,32242,0.608715,0.542944,0.909091,11.0,20.0,0.650847,0.571311,0.818182,12.0,20.0,-0.04213199999999995,-0.02836700000000003,0.09090900000000002,-1.0,0.0
1529,2024-04-13,J.League,サンフレッチェ広島,ファジアーノ岡山,1569,1539,30,1540,1489,51,10,7,3,3,2,3,12,9,53,38,15,19,16,10,10,9,6,3,0.6296296296296297,0.5238095238095238,0.625,0.3333333333333333,0.2916666666666667,0.6875,0.5,0.1875,0.375,0.6666666666666666,-0.2916666666666666,0.5212620027434842,0.564373897707231,-0.0431118949637467,3.645000000000001,2.8350000000000004,0.81,30,9,15,0.0431118949637467,0.81,12.92062237899275,6,6,0,2,2,0,2,2,0,0,0,0,0,0,0,4,1529,1.1875,0.1875,0.1675338189921012,A,32244,0.576604,0.519796,0.909091,11.0,20.0,0.608264,0.539129,0.818182,11.0,19.0,-0.03166000000000002,-0.019332999999999934,0.09090900000000002,0.0,1.0
1529,2024-04-13,J.League,ガンバ大阪,名古屋グランパス,1486,1510,-24,1468,1464,4,4,5,-1,1,1,17,8,-9,34,44,-10,14,18,16,18,-2,0,-2,0.3846153846153846,0.4193548387096774,0.3571428571428571,0.2352941176470588,0.1218487394957983,0.3571428571428571,0.4705882352941176,-0.1134453781512604,0.6428571428571429,0.7647058823529411,-0.1218487394957982,0.3988603988603988,0.4301075268817204,-0.0312471280213216,2.19375,2.325,-0.1312500000000001,24,9,10,0.0312471280213216,0.1312500000000001,10.682499425604265,1,4,-3,0,1,-1,0,0,0,2,1,1,0,0,0,4,1529,0.8277310924369747,0.1134453781512604,0.1834466569463733,H,32243,0.62775,0.552458,0.818182,13.0,20.0,0.58913,0.507969,0.727273,11.0,20.0,0.03861999999999999,0.044489,0.09090900000000002,2.0,0.0
1529,2024-04-13,J.League,セレッソ大阪,鹿島アントラーズ,1470,1546,-76,1480,1489,-9,5,9,-4,1,3,20,5,-15,30,52,-22,16,20,19,15,-3,5,-8,0.2692307692307692,0.5161290322580645,0.25,0.4,-0.15,0.5833333333333334,0.4666666666666667,0.1166666666666667,0.75,0.6,0.15,0.4558404558404558,0.4778972520908004,-0.0220567962503445,1.847368421052632,2.79,-0.9426315789473684,76,15,22,0.0220567962503445,0.9426315789473684,30.54293767503954,3,3,0,1,1,0,0,1,-1,1,0,1,0,0,1,4,1529,1.05,0.1166666666666667,0.2013464293778011,H,32247,0.605576,0.553367,0.909091,12.0,20.0,0.538694,0.470106,0.818182,9.0,19.0,0.066882,0.08326100000000003,0.09090900000000002,3.0,1.0
1529,2024-04-13,J.League,東京ヴェルディ,ヴィッセル神戸,1524,1549,-25,1523,1535,-12,10,6,4,3,2,6,7,1,48,46,2,18,18,14,11,4,7,-3,0.5172413793103449,0.56,0.5714285714285714,0.6153846153846154,-0.043956043956044,0.6428571428571429,0.6923076923076923,-0.0494505494505493,0.4285714285714285,0.3846153846153846,0.0439560439560439,0.4597701149425287,0.5333333333333333,-0.0735632183908046,2.796428571428572,3.0681818181818183,-0.2717532467532466,25,1,2,0.0735632183908046,0.2717532467532466,9.06906329302881,6,3,3,2,1,1,0,0,0,1,1,0,0,1,0,4,1529,1.3351648351648353,0.0494505494505493,0.1693354628448817,A,32246,0.620667,0.565339,1.0,13.0,20.0,0.636701,0.562293,0.727273,13.0,20.0,-0.016033999999999993,0.003045999999999993,0.27272700000000005,0.0,0.0
1529,2024-04-13,J.League,アビスパ福岡,横浜F・マリノス,1484,1508,-24,1468,1490,-22,10,9,1,3,3,14,9,-5,37,41,-4,15,15,19,14,-4,1,-5,0.3666666666666666,0.4814814814814814,0.3333333333333333,0.4615384615384615,-0.1282051282051282,0.4,0.4615384615384615,-0.0615384615384615,0.6666666666666666,0.5384615384615384,0.1282051282051282,0.3703703703703703,0.411522633744856,-0.0411522633744856,2.131578947368421,2.603571428571429,-0.4719924812030078,24,5,4,0.0411522633744856,0.4719924812030078,9.7526289489155,4,3,1,1,1,0,0,0,0,1,1,0,1,0,0,4,1529,0.8615384615384616,0.0615384615384615,0.1651217870311739,H,32245,0.596604,0.517594,0.818182,10.0,20.0,0.576678,0.520791,0.545455,9.0,20.0,0.019926,-0.0031970000000000054,0.27272699999999994,1.0,0.0
1529,2024-04-13,J.League,京都サンガF.C.,湘南ベルマーレ,1571,1555,16,1501,1528,-27,15,7,8,5,2,2,1,-1,54,55,-1,20,21,12,15,8,6,2,0.5862068965517241,0.53125,0.4285714285714285,0.5294117647058824,-0.1008403361344538,0.6428571428571429,0.7058823529411765,-0.0630252100840336,0.5714285714285714,0.4705882352941176,0.1008403361344537,0.5108556832694764,0.4861111111111111,0.0247445721583652,3.2625,2.8800000000000003,0.3824999999999998,16,1,1,0.0247445721583652,0.3824999999999998,5.931448914431673,9,4,5,3,1,2,5,2,3,0,0,0,1,0,0,4,1529,1.3487394957983194,0.0630252100840336,0.1623037141244078,H,32248,0.646465,0.579979,0.818182,12.0,20.0,0.603213,0.54434,1.0,11.0,20.0,0.04325199999999996,0.035638999999999976,-0.18181800000000004,1.0,0.0
1529,2024-04-13,J.League,町田,浦和レッズ,1557,1472,85,1513,1481,32,8,7,1,2,2,4,27,23,53,25,28,23,11,16,16,7,-5,12,0.4838709677419355,0.3043478260869565,0.4666666666666667,0.2857142857142857,0.1809523809523809,0.6666666666666666,0.5,0.1666666666666666,0.5333333333333333,0.7142857142857143,-0.1809523809523809,0.5495818399044206,0.3542673107890499,0.1953145291153706,2.615625,1.9406250000000005,0.6749999999999998,85,23,28,0.1953145291153706,0.6749999999999998,35.67406290582307,7,7,0,2,2,0,4,3,1,0,0,0,1,0,0,4,1529,1.1666666666666663,0.1666666666666666,0.1983713171054617,A,32249,0.578549,0.523986,0.909091,10.0,20.0,0.583833,0.529769,0.818182,11.0,20.0,-0.005284000000000066,-0.005783000000000094,0.09090900000000002,-1.0,0.0
1529,2024-04-13,J.League,アルビレックス新潟,横浜FC,1497,1504,-7,1503,1500,3,7,9,-2,2,3,16,24,8,36,26,10,18,10,20,10,-2,0,-2,0.3103448275862069,0.4444444444444444,0.3076923076923077,0.4,-0.0923076923076923,0.6923076923076923,0.6,0.0923076923076923,0.6923076923076923,0.6,0.0923076923076923,0.4597701149425287,0.411522633744856,0.0482474811976727,1.9575,2.43,-0.4725000000000001,7,8,10,0.0482474811976727,0.4725000000000001,4.554149496239534,4,3,1,1,1,0,1,1,0,0,0,0,0,0,0,4,1529,1.2923076923076922,0.0923076923076923,0.1985807158098698,D,32250,0.622352,0.558618,1.0,12.0,20.0,0.614537,0.531475,0.909091,12.0,20.0,0.007815000000000016,0.027142999999999917,0.09090900000000002,0.0,0.0
1529,2024-04-13,J.League,いわきFC,モンテディオ山形,1457,1578,-121,1466,1542,-76,1,8,-7,0,2,30,15,-15,16,36,-20,6,14,10,5,-4,9,-13,0.3333333333333333,0.6875,0.25,0.8571428571428571,-0.6071428571428571,0.25,0.8571428571428571,-0.6071428571428571,0.75,0.1428571428571428,0.6071428571428572,0.2962962962962963,0.6481481481481481,-0.3518518518518518,2.0250000000000004,4.32,-2.295,121,15,20,0.3518518518518518,2.295,46.62937037037037,1,4,-3,0,1,-1,1,0,1,0,1,-1,0,0,0,4,1529,1.1071428571428572,0.6071428571428571,0.1488462663227442,A,,0.0,0.0,0.0,0.0,0.0,0.0,0.0,0.0,0.0,0.0,0.0,0.0,0.0,0.0,0.0
1529,2024-04-13,J.League,V・ファーレン長崎,サガン鳥栖,1548,1467,81,1526,1469,57,11,7,4,3,2,26,23,-3,25,27,-2,11,11,7,15,4,-4,8,0.5,0.3478260869565217,0.6,0.2222222222222222,0.3777777777777777,1.0,0.3333333333333333,0.6666666666666667,0.4,0.7777777777777778,-0.3777777777777777,0.582010582010582,0.3542673107890499,0.2277432712215321,2.7,2.0700000000000003,0.6299999999999999,81,3,2,0.2277432712215321,0.6299999999999999,29.271548654244302,5,4,1,1,1,0,5,1,4,0,0,0,0,0,0,4,1529,1.3333333333333333,0.6666666666666667,0.196280558646492,A,,0.0,0.0,0.0,0.0,0.0,0.0,0.0,0.0,0.0,0.0,0.0,0.0,0.0,0.0,0.0
1529,2024-04-13,J.League,ブラウブリッツ秋田,大宮,1534,1517,17,1531,1518,13,9,8,1,3,2,19,34,15,31,11,20,11,5,7,3,4,2,2,0.5882352941176471,0.5,0.6666666666666666,0.6666666666666666,0.0,0.7777777777777778,1.0,-0.2222222222222222,0.3333333333333333,0.3333333333333333,0.0,0.4793028322440087,0.6172839506172839,-0.1379811183732752,3.278571428571429,2.7,0.5785714285714287,17,15,20,0.1379811183732752,0.5785714285714287,9.84331050938894,6,4,2,2,1,1,2,1,1,0,0,0,0,0,0,4,1529,1.7777777777777777,0.2222222222222222,0.1834164656751033,A,,0.0,0.0,0.0,0.0,0.0,0.0,0.0,0.0,0.0,0.0,0.0,0.0,0.0,0.0,0.0
1529,2024-04-13,J.League,富山,山口,1487,1421,66,1492,1459,33,7,4,3,2,1,38,43,5,8,5,3,4,3,5,11,-1,-8,7,0.2857142857142857,0.0833333333333333,0.3333333333333333,0.0,0.3333333333333333,0.3333333333333333,0.1666666666666666,0.1666666666666666,0.6666666666666666,1.0,-0.3333333333333333,0.4232804232804232,0.1851851851851851,0.238095238095238,1.89,1.4727272727272729,0.4172727272727272,66,5,3,0.238095238095238,0.4172727272727272,24.481073593073592,1,0,1,0,0,0,0,0,0,2,3,-1,0,0,0,4,1529,0.5,0.1666666666666666,0.180938703988843,D,,0.0,0.0,0.0,0.0,0.0,0.0,0.0,0.0,0.0,0.0,0.0,0.0,0.0,0.0,0.0
1527,2024-04-09,J.League,川崎フロンターレ,横浜F・マリノス,1517,1519,-2,1499,1499,0,8,9,-1,2,3,16,9,-7,35,41,-6,17,15,16,13,1,2,-1,0.36,0.5,0.375,0.5,-0.125,0.625,0.5,0.125,0.625,0.5,0.125,0.5037037037037037,0.4273504273504273,0.0763532763532763,2.109375,2.7,-0.5906250000000002,2,7,6,0.0763532763532763,0.5906250000000002,2.5833956552706554,5,6,-1,1,2,-1,3,1,2,0,0,0,0,0,1,4,1527,1.125,0.125,0.1935874770227791,H,31409,0.432132,0.379993,0.454545,8.0,14.0,0.480356,0.419625,0.545455,8.0,18.0,-0.04822399999999999,-0.039632,-0.09091000000000005,0.0,-4.0
1527,2024-04-09,J.League,山口,鹿島アントラーズ,1430,1536,-106,1482,1480,2,5,7,-2,1,2,43,5,-38,5,49,-44,3,19,10,15,-7,4,-11,0.0909090909090909,0.5,0.2,0.3571428571428571,-0.1571428571428571,0.4,0.4285714285714285,-0.0285714285714285,0.8,0.6428571428571429,0.1571428571428571,0.202020202020202,0.4691358024691358,-0.2671156004489338,1.485,2.7,-1.215,106,38,44,0.2671156004489338,1.215,46.896423120089786,1,3,-2,0,1,-1,0,0,0,2,2,0,0,0,0,4,1527,0.8285714285714285,0.0285714285714285,0.1603679731641628,A,,0.0,0.0,0.0,0.0,0.0,0.0,0.0,0.0,0.0,0.0,0.0,0.0,0.0,0.0,0.0
1527,2024-04-09,J.League,V・ファーレン長崎,湘南ベルマーレ,1549,1554,-5,1526,1528,-2,13,7,6,4,2,27,1,-26,24,54,-30,10,20,6,14,4,6,-2,0.5384615384615384,0.5483870967741935,0.75,0.5625,0.1875,1.0,0.6875,0.3125,0.25,0.4375,-0.1875,0.5698005698005698,0.4778972520908004,0.0919033177097694,2.925,2.9892857142857148,-0.0642857142857149,5,26,30,0.0919033177097694,0.0642857142857149,8.281237806399098,7,6,1,2,2,0,5,1,4,0,0,0,0,0,0,4,1527,1.6875,0.3125,0.1771439795278725,D,,0.0,0.0,0.0,0.0,0.0,0.0,0.0,0.0,0.0,0.0,0.0,0.0,0.0,0.0,0.0
1527,2024-04-09,J.League,モンテディオ山形,京都サンガF.C.,1592,1557,35,1541,1554,-13,11,12,-1,3,4,14,3,-11,36,51,-15,14,19,4,12,10,7,3,0.7333333333333333,0.5714285714285714,0.625,0.7142857142857143,-0.0892857142857143,1.0,0.7142857142857143,0.2857142857142857,0.375,0.2857142857142857,0.0892857142857143,0.691358024691358,0.5026455026455027,0.1887125220458553,5.0625,3.1500000000000004,1.9125,35,11,15,0.1887125220458553,1.9125,15.420242504409172,5,9,-4,1,3,-2,5,4,1,0,0,0,0,0,0,4,1527,1.7142857142857144,0.2857142857142857,0.1453867870512213,A,,0.0,0.0,0.0,0.0,0.0,0.0,0.0,0.0,0.0,0.0,0.0,0.0,0.0,0.0,0.0
1527,2024-04-09,J.League,ヴァンフォーレ甲府,町田,1453,1548,-95,1483,1532,-49,6,8,-2,2,2,33,4,-29,12,50,-38,6,22,11,16,-5,6,-11,0.2142857142857142,0.4666666666666667,0.2857142857142857,0.4666666666666667,-0.1809523809523809,0.4285714285714285,0.8,-0.3714285714285715,0.7142857142857143,0.5333333333333333,0.1809523809523809,0.3174603174603174,0.5432098765432098,-0.2257495590828924,1.7181818181818185,2.53125,-0.8130681818181817,95,29,38,0.2257495590828924,0.8130681818181817,40.70776354818022,6,5,1,2,1,1,2,3,-1,0,0,0,0,0,0,4,1527,1.2285714285714286,0.3714285714285715,0.202532944999049,A,,0.0,0.0,0.0,0.0,0.0,0.0,0.0,0.0,0.0,0.0,0.0,0.0,0.0,0.0,0.0
1526,2024-04-06,J.League,横浜F・マリノス,東京ヴェルディ,1508,1537,-29,1509,1514,-5,7,10,-3,2,3,10,6,-4,38,48,-10,14,18,13,13,1,5,-4,0.48,0.5357142857142857,0.4615384615384615,0.5,-0.0384615384615384,0.6153846153846154,0.6428571428571429,-0.0274725274725274,0.5384615384615384,0.5,0.0384615384615384,0.4148148148148148,0.4761904761904762,-0.0613756613756614,2.5961538461538463,2.907692307692308,-0.3115384615384613,29,4,10,0.0613756613756614,0.3115384615384613,11.224582824582823,6,7,-1,2,2,0,0,4,-4,1,0,1,0,0,1,4,1526,1.2582417582417582,0.0274725274725274,0.161884812478163,H,32231,0.556757,0.502672,0.545455,11.0,20.0,0.610771,0.563756,0.818182,12.0,19.0,-0.054014000000000006,-0.06108400000000003,-0.27272699999999994,-1.0,1.0
1526,2024-04-06,J.League,アビスパ福岡,浦和レッズ,1498,1458,40,1477,1471,6,13,7,6,4,2,12,29,17,37,22,15,15,10,18,16,-3,-6,3,0.3793103448275862,0.2727272727272727,0.3571428571428571,0.2307692307692307,0.1263736263736263,0.4285714285714285,0.4615384615384615,-0.032967032967033,0.6428571428571429,0.7692307692307693,-0.1263736263736263,0.3831417624521073,0.3367003367003366,0.0464414257517706,2.1750000000000003,1.85625,0.3187500000000001,40,17,15,0.0464414257517706,0.3187500000000001,18.323038285150357,7,4,3,2,1,1,5,2,3,0,0,0,1,0,0,4,1526,0.8901098901098901,0.032967032967033,0.1785610525388378,A,32236,0.633424,0.562758,0.636364,12.0,20.0,0.569715,0.519189,0.818182,11.0,20.0,0.06370900000000002,0.04356899999999997,-0.18181799999999992,1.0,0.0
1526,2024-04-06,J.League,町田,川崎フロンターレ,1555,1516,39,1513,1512,1,10,8,2,3,2,1,16,15,52,34,18,22,16,15,15,7,1,6,0.5,0.375,0.5,0.375,0.125,0.6428571428571429,0.6875,-0.044642857142857,0.5,0.625,-0.125,0.5432098765432098,0.4938271604938271,0.0493827160493827,2.7,2.16,0.54,39,15,18,0.0493827160493827,0.54,17.517876543209876,4,4,0,1,1,0,2,2,0,0,0,0,0,0,1,4,1526,1.3303571428571428,0.044642857142857,0.2133777158982401,D,32233,0.563278,0.506058,0.909091,10.0,20.0,0.574139,0.480294,0.727273,9.0,20.0,-0.01086100000000001,0.02576400000000001,0.18181800000000004,1.0,0.0
1526,2024-04-06,J.League,ヴィッセル神戸,アルビレックス新潟,1565,1486,79,1529,1479,50,6,7,-1,2,2,7,13,6,46,36,10,18,18,10,20,8,-2,10,0.5833333333333334,0.3103448275862069,0.5454545454545454,0.2666666666666666,0.2787878787878787,0.8181818181818182,0.5333333333333333,0.2848484848484849,0.4545454545454545,0.7333333333333333,-0.2787878787878787,0.5555555555555555,0.4597701149425287,0.0957854406130267,3.24,1.9575,1.2825000000000002,79,6,10,0.0957854406130267,1.2825000000000002,29.4256570881226,6,1,5,2,0,2,1,0,1,0,1,-1,1,0,0,4,1526,1.3515151515151516,0.2848484848484849,0.195345095909282,A,32235,0.655414,0.58873,0.909091,15.0,20.0,0.669292,0.617038,0.636364,13.0,20.0,-0.013877999999999946,-0.028308,0.27272699999999994,2.0,0.0
1526,2024-04-06,J.League,サンフレッチェ広島,セレッソ大阪,1557,1474,83,1532,1501,31,10,5,5,3,1,3,20,17,50,30,20,18,16,11,19,7,-3,10,0.5925925925925926,0.2692307692307692,0.6,0.3076923076923077,0.2923076923076922,0.6666666666666666,0.6923076923076923,-0.0256410256410256,0.4,0.6923076923076923,-0.2923076923076922,0.4938271604938271,0.4558404558404558,0.0379867046533712,3.313636363636364,1.847368421052632,1.4662679425837322,83,17,20,0.0379867046533712,1.4662679425837322,33.60085092944742,4,4,0,1,1,0,1,1,0,0,0,0,1,0,0,4,1526,1.358974358974359,0.0256410256410256,0.1840047152601086,H,32240,0.614718,0.551669,0.909091,13.0,20.0,0.528264,0.465203,0.818182,9.0,18.0,0.08645400000000003,0.08646599999999999,0.09090900000000002,4.0,2.0
1526,2024-04-06,J.League,鹿島アントラーズ,京都サンガF.C.,1550,1544,6,1560,1544,16,10,12,-2,3,4,4,5,1,49,48,1,19,18,14,12,5,6,-1,0.5172413793103449,0.5555555555555556,0.6666666666666666,0.6923076923076923,-0.0256410256410256,0.8666666666666667,0.6923076923076923,0.1743589743589744,0.3333333333333333,0.3076923076923077,0.0256410256410256,0.4853128991060025,0.4938271604938271,-0.0085142613878245,2.796428571428572,3.0375000000000005,-0.2410714285714288,6,1,1,0.0085142613878245,0.2410714285714288,2.3999171379918502,6,9,-3,2,3,-1,0,3,-3,1,0,1,1,0,0,4,1526,1.558974358974359,0.1743589743589744,0.1678325787424227,A,32237,0.586354,0.525675,0.727273,10.0,20.0,0.628648,0.572605,0.727273,11.0,20.0,-0.04229399999999994,-0.04693000000000003,0.0,-1.0,0.0
1526,2024-04-06,J.League,ファジアーノ岡山,FC東京,1529,1487,42,1546,1493,53,5,4,1,1,1,15,9,-6,35,43,-8,15,17,10,18,5,-1,6,0.5,0.4193548387096774,0.5714285714285714,0.4666666666666667,0.1047619047619047,0.8571428571428571,0.4666666666666667,0.3904761904761904,0.4285714285714285,0.5333333333333333,-0.1047619047619047,0.5555555555555555,0.4062126642771803,0.1493428912783751,2.7,2.325,0.375,42,6,8,0.1493428912783751,0.375,16.304868578255675,4,3,1,1,1,0,1,0,1,0,2,-2,0,0,0,4,1526,1.3238095238095238,0.3904761904761904,0.1913928518502588,H,32232,0.557667,0.483978,0.545455,12.0,20.0,0.592183,0.525614,0.818182,11.0,20.0,-0.03451599999999999,-0.041636000000000006,-0.27272699999999994,1.0,0.0
1526,2024-04-06,J.League,横浜FC,清水エスパルス,1491,1546,-55,1493,1488,5,6,7,-1,2,2,27,18,-9,23,32,-9,9,12,10,8,-1,4,-5,0.4117647058823529,0.5555555555555556,0.4285714285714285,0.3333333333333333,0.0952380952380952,0.4285714285714285,0.4444444444444444,-0.0158730158730158,0.5714285714285714,0.6666666666666666,-0.0952380952380952,0.392156862745098,0.4938271604938271,-0.101670297748729,2.295,3.0375000000000005,-0.7425000000000006,55,9,9,0.101670297748729,0.7425000000000006,21.668834059549745,3,3,0,1,1,0,0,1,-1,2,0,2,0,1,0,4,1526,0.873015873015873,0.0158730158730158,0.1661448492740736,H,32234,0.627086,0.539103,0.909091,13.0,20.0,0.607514,0.549131,0.727273,12.0,20.0,0.019572000000000034,-0.010028000000000037,0.18181800000000004,1.0,0.0
1526,2024-04-06,J.League,柏レイソル,ガンバ大阪,1463,1499,-36,1460,1526,-66,7,4,3,2,1,22,17,-5,28,34,-6,14,14,20,15,-6,-1,-5,0.2592592592592592,0.4,0.1428571428571428,0.4545454545454545,-0.3116883116883117,0.5,0.8181818181818182,-0.3181818181818182,0.8571428571428571,0.5454545454545454,0.3116883116883117,0.3840877914951988,0.4148148148148148,-0.0307270233196159,1.8225,2.2500000000000004,-0.4275000000000002,36,5,6,0.0307270233196159,0.4275000000000002,13.941645404663925,4,4,0,1,1,0,0,0,0,1,1,0,0,1,1,4,1526,1.3181818181818183,0.3181818181818182,0.1961652522491807,H,32238,0.601146,0.538472,0.818182,10.0,20.0,0.65809,0.583772,0.818182,14.0,20.0,-0.056943999999999995,-0.04530000000000001,0.0,-4.0,0.0
1526,2024-04-06,J.League,湘南ベルマーレ,名古屋グランパス,1544,1521,23,1509,1472,37,4,5,-1,1,1,2,8,6,51,45,6,19,19,14,18,5,1,4,0.5333333333333333,0.4193548387096774,0.5,0.2352941176470588,0.2647058823529412,0.5714285714285714,0.5294117647058824,0.042016806722689,0.5,0.7647058823529411,-0.2647058823529411,0.4691358024691358,0.4540023894862604,0.0151334129828753,2.892857142857143,2.325,0.5678571428571426,23,6,6,0.0151334129828753,0.5678571428571426,9.666598111168003,3,4,-1,1,1,0,0,2,-2,1,0,1,0,1,1,4,1526,1.100840336134454,0.042016806722689,0.1769156332031357,H,32239,0.582625,0.510083,0.727273,11.0,20.0,0.596174,0.5295,0.727273,11.0,19.0,-0.013549000000000033,-0.019417000000000018,0.0,0.0,1.0
1526,2024-04-06,J.League,サガン鳥栖,藤枝MYFC,1457,1439,18,1494,1467,27,7,0,7,2,0,26,42,16,24,6,18,10,2,15,8,-5,-6,1,0.3181818181818182,0.2,0.3846153846153846,0.1666666666666666,0.2179487179487179,0.5384615384615384,0.1666666666666666,0.3717948717948718,0.6153846153846154,0.8333333333333334,-0.2179487179487179,0.3367003367003366,0.1481481481481481,0.1885521885521885,1.98,1.6875,0.2925000000000002,18,16,18,0.1885521885521885,0.2925000000000002,10.39621043771044,4,0,4,1,0,1,0,0,0,1,5,-4,0,0,0,4,1526,0.7051282051282051,0.3717948717948718,0.1321977546211377,H,,0.0,0.0,0.0,0.0,0.0,0.0,0.0,0.0,0.0,0.0,0.0,0.0,0.0,0.0,0.0
1526,2024-04-06,J.League,北海道コンサドーレ札幌,徳島ヴォルティス,1477,1535,-58,1522,1511,11,4,11,-7,1,3,11,25,14,37,24,13,15,10,17,7,-2,3,-5,0.3928571428571428,0.5,0.5384615384615384,0.5,0.0384615384615384,0.6923076923076923,0.6666666666666666,0.0256410256410256,0.4615384615384615,0.5,-0.0384615384615384,0.3968253968253968,0.5291005291005291,-0.1322751322751322,2.2235294117647064,2.7,-0.4764705882352937,58,14,13,0.1322751322751322,0.4764705882352937,23.92174914410208,4,5,-1,1,1,0,0,5,-5,1,0,1,0,0,0,4,1526,1.358974358974359,0.0256410256410256,0.1880575990779248,H,,0.0,0.0,0.0,0.0,0.0,0.0,0.0,0.0,0.0,0.0,0.0,0.0,0.0,0.0,0.0
1526,2024-04-06,J.League,モンテディオ山形,ジュビロ磐田,1597,1456,141,1542,1469,73,13,9,4,4,3,14,23,9,35,25,10,13,11,3,17,10,-6,16,0.7857142857142857,0.2916666666666667,0.7142857142857143,0.25,0.4642857142857143,1.0,0.4166666666666667,0.5833333333333333,0.2857142857142857,0.75,-0.4642857142857143,0.6878306878306878,0.3395061728395061,0.3483245149911816,6.300000000000001,1.9058823529411768,4.394117647058824,141,9,10,0.3483245149911816,4.394117647058824,52.54848843241,7,6,1,2,2,0,5,1,4,0,0,0,0,0,0,4,1526,1.4166666666666667,0.5833333333333333,0.1251936473275472,D,,0.0,0.0,0.0,0.0,0.0,0.0,0.0,0.0,0.0,0.0,0.0,0.0,0.0,0.0,0.0
1525,2024-04-02,J.League,東京ヴェルディ,FC東京,1530,1497,33,1521,1502,19,7,4,3,2,1,6,9,3,48,43,5,18,17,13,17,5,0,5,0.5357142857142857,0.4333333333333333,0.5714285714285714,0.5,0.0714285714285714,0.6428571428571429,0.5,0.1428571428571429,0.4285714285714285,0.5,-0.0714285714285714,0.4761904761904762,0.419753086419753,0.0564373897707231,2.907692307692308,2.382352941176471,0.5253393665158366,33,3,5,0.0564373897707231,0.5253393665158366,12.41635535125731,7,3,4,2,1,1,3,0,3,0,1,-1,0,1,0,4,1525,1.1428571428571428,0.1428571428571429,0.1693608625966959,H,32221,0.561306,0.517867,1.0,11.0,19.0,0.573292,0.506308,0.727273,11.0,20.0,-0.011986000000000052,0.011558999999999986,0.27272700000000005,0.0,-1.0
1525,2024-04-02,J.League,ガンバ大阪,町田,1516,1540,-24,1476,1531,-55,7,10,-3,2,3,13,4,-9,37,49,-12,15,21,14,16,1,5,-4,0.44,0.4666666666666667,0.3846153846153846,0.4666666666666667,-0.082051282051282,0.3846153846153846,0.8,-0.4153846153846154,0.6153846153846154,0.5333333333333333,0.082051282051282,0.4444444444444444,0.5185185185185185,-0.074074074074074,2.4107142857142856,2.53125,-0.1205357142857144,24,9,12,0.074074074074074,0.1205357142857144,10.688921957671957,4,4,0,1,1,0,2,1,1,0,0,0,0,0,1,4,1525,1.1846153846153846,0.4153846153846154,0.1948503514506153,A,32227,0.623137,0.535781,0.636364,12.0,20.0,0.616299,0.562003,0.818182,11.0,20.0,0.006838000000000011,-0.02622200000000008,-0.18181799999999992,1.0,0.0
1525,2024-04-02,J.League,サンフレッチェ広島,鹿島アントラーズ,1548,1557,-9,1530,1488,42,10,13,-3,3,4,2,5,3,50,49,1,18,19,11,14,7,5,2,0.5925925925925926,0.5172413793103449,0.6,0.3846153846153846,0.2153846153846153,0.6666666666666666,0.4615384615384615,0.205128205128205,0.4,0.6153846153846154,-0.2153846153846154,0.4938271604938271,0.4853128991060025,0.0085142613878245,3.313636363636364,2.796428571428572,0.5172077922077922,9,3,1,0.0085142613878245,0.5172077922077922,4.005144410719123,4,7,-3,1,2,-1,0,5,-5,1,0,1,1,0,0,4,1525,1.1282051282051282,0.205128205128205,0.1602477298085283,H,32229,0.6395,0.583608,0.727273,13.0,20.0,0.598396,0.538954,1.0,10.0,20.0,0.04110399999999992,0.04465399999999997,-0.27272700000000005,3.0,0.0
1525,2024-04-02,J.League,横浜FC,ヴィッセル神戸,1502,1555,-53,1501,1526,-25,6,6,0,2,2,28,8,-20,23,44,-21,9,18,9,11,0,7,-7,0.4375,0.5416666666666666,0.5,0.5384615384615384,-0.0384615384615384,0.5,0.6923076923076923,-0.1923076923076923,0.5,0.4615384615384615,0.0384615384615384,0.4166666666666666,0.5555555555555555,-0.1388888888888888,2.4000000000000004,2.9454545454545458,-0.5454545454545454,53,20,21,0.1388888888888888,0.5454545454545454,23.686868686868685,6,3,3,2,1,1,0,0,0,1,1,0,0,0,0,4,1525,1.1923076923076923,0.1923076923076923,0.1818749044566248,A,32223,0.609373,0.525394,0.636364,12.0,18.0,0.637792,0.567439,0.727273,13.0,20.0,-0.028418999999999972,-0.042045,-0.0909089999999999,-1.0,-2.0
1525,2024-04-02,J.League,アルビレックス新潟,アビスパ福岡,1503,1490,13,1519,1503,16,8,13,-5,2,4,11,14,3,39,37,2,19,15,19,18,0,-3,3,0.3448275862068966,0.3793103448275862,0.3846153846153846,0.4,-0.0153846153846153,0.7692307692307693,0.6,0.1692307692307693,0.6153846153846154,0.6,0.0153846153846154,0.4853128991060025,0.3831417624521073,0.1021711366538952,2.060526315789474,2.1750000000000003,-0.1144736842105262,13,3,2,0.1021711366538952,0.1144736842105262,5.343328964172884,4,7,-3,1,2,-1,1,5,-4,0,0,0,1,0,0,4,1525,1.3692307692307693,0.1692307692307693,0.2050357129760724,A,32224,0.550581,0.502004,0.636364,10.0,20.0,0.61638,0.535031,0.727273,11.0,19.0,-0.06579900000000005,-0.03302700000000003,-0.0909089999999999,-1.0,1.0
1524,2024-03-30,J.League,ファジアーノ岡山,横浜F・マリノス,1524,1525,-1,1538,1514,24,2,7,-5,0,2,16,10,-6,35,41,-6,15,15,10,12,5,3,2,0.5,0.52,0.5384615384615384,0.5833333333333334,-0.0448717948717949,0.8461538461538461,0.5833333333333334,0.2628205128205128,0.4615384615384615,0.4166666666666667,0.0448717948717948,0.5555555555555555,0.4444444444444444,0.111111111111111,2.7,2.8125000000000004,-0.1125000000000002,1,6,6,0.111111111111111,0.1125000000000002,1.8947222222222224,1,6,-5,0,2,-2,0,2,-2,1,0,1,0,0,0,3,1524,1.4294871794871795,0.2628205128205128,0.1814026049414069,H,31422,0.601157,0.541436,1.0,12.0,18.0,0.568236,0.514531,0.909091,11.0,19.0,0.03292100000000009,0.026905000000000068,0.09090900000000002,1.0,-1.0
1524,2024-03-30,J.League,柏レイソル,東京ヴェルディ,1475,1524,-49,1463,1513,-50,8,4,4,2,1,19,4,-15,31,48,-17,15,18,20,13,-5,5,-10,0.2857142857142857,0.5357142857142857,0.1428571428571428,0.5,-0.3571428571428571,0.5,0.6428571428571429,-0.1428571428571429,0.8571428571428571,0.5,0.3571428571428571,0.3968253968253968,0.4761904761904762,-0.0793650793650794,1.89,2.907692307692308,-1.0176923076923077,49,15,17,0.0793650793650794,1.0176923076923077,21.119411477411475,4,4,0,1,1,0,2,2,0,0,0,0,0,0,1,3,1524,1.1428571428571428,0.1428571428571429,0.1819619977330334,A,31423,0.590926,0.542485,0.818182,10.0,19.0,0.484176,0.433447,0.818182,8.0,19.0,0.10674999999999996,0.10903799999999997,0.0,2.0,0.0
1524,2024-03-30,J.League,名古屋グランパス,横浜FC,1505,1514,-9,1532,1508,24,2,9,-7,0,3,9,28,19,43,23,20,19,9,20,8,-1,1,-2,0.375,0.4666666666666667,0.5714285714285714,0.4444444444444444,0.1269841269841269,0.7142857142857143,0.6666666666666666,0.0476190476190476,0.4285714285714285,0.5555555555555556,-0.126984126984127,0.4398148148148147,0.4444444444444444,-0.0046296296296296,2.16,2.53125,-0.3712499999999998,9,19,20,0.0046296296296296,0.3712499999999998,7.975175925925926,2,6,-4,0,2,-2,1,2,-1,0,0,0,0,0,0,3,1524,1.380952380952381,0.0476190476190476,0.1884871645175182,H,31426,0.500556,0.44549,0.818182,8.0,17.0,0.658861,0.585508,1.0,13.0,19.0,-0.15830500000000003,-0.14001800000000003,-0.18181800000000004,-5.0,-2.0
1524,2024-03-30,J.League,鹿島アントラーズ,ヴィッセル神戸,1540,1561,-21,1546,1535,11,13,9,4,4,3,6,7,1,46,44,2,18,18,15,11,3,7,-4,0.4827586206896552,0.5416666666666666,0.6,0.5833333333333334,0.0166666666666666,0.8,0.75,0.05,0.4,0.4166666666666667,-0.0166666666666666,0.4597701149425287,0.5555555555555555,-0.0957854406130267,2.61,2.9454545454545458,-0.3354545454545459,21,1,2,0.0957854406130267,0.3354545454545459,7.686247997213514,7,3,4,2,1,1,5,1,4,0,0,0,0,0,1,3,1524,1.55,0.05,0.1827586539185013,H,31428,0.582394,0.532963,0.818182,11.0,19.0,0.65834,0.610456,0.909091,13.0,20.0,-0.07594600000000007,-0.07749300000000003,-0.09090900000000002,-2.0,-1.0
1524,2024-03-30,J.League,アビスパ福岡,町田,1494,1545,-51,1477,1538,-61,12,9,3,4,3,13,2,-11,39,51,-12,15,21,17,15,-2,6,-8,0.4137931034482758,0.5,0.3846153846153846,0.5333333333333333,-0.1487179487179487,0.3846153846153846,0.8,-0.4153846153846154,0.6153846153846154,0.4666666666666667,0.1487179487179487,0.3831417624521073,0.5185185185185185,-0.1353767560664112,2.3029411764705885,2.7,-0.3970588235294117,51,11,12,0.1353767560664112,0.3970588235294117,20.70648711591916,9,6,3,3,2,1,4,0,4,0,1,-1,0,0,2,3,1524,1.1846153846153846,0.4153846153846154,0.1802224385462093,D,31429,0.596715,0.511885,1.0,11.0,19.0,0.567021,0.499211,0.818182,10.0,18.0,0.029693999999999998,0.012674000000000019,0.18181800000000004,1.0,1.0
1524,2024-03-30,J.League,清水エスパルス,湘南ベルマーレ,1529,1548,-19,1540,1531,9,7,7,0,2,2,22,3,-19,29,51,-22,11,19,9,15,2,4,-2,0.5,0.5161290322580645,0.75,0.5625,0.1875,0.875,0.6875,0.1875,0.25,0.4375,-0.1875,0.4526748971193415,0.4540023894862604,-0.0013274923669188,2.7,2.79,-0.0899999999999998,19,19,22,0.0013274923669188,0.0899999999999998,11.418265498473383,3,4,-1,1,1,0,0,1,-1,2,0,2,0,0,0,3,1524,1.5625,0.1875,0.165147681573305,H,31425,0.502361,0.467711,0.818182,10.0,18.0,0.533472,0.502139,0.727273,10.0,16.0,-0.031111,-0.034428000000000014,0.09090900000000002,0.0,2.0
1524,2024-03-30,J.League,アルビレックス新潟,ガンバ大阪,1499,1522,-23,1512,1540,-28,7,9,-2,2,3,14,12,-2,38,39,-1,18,15,19,13,-1,2,-3,0.3448275862068966,0.48,0.3846153846153846,0.5833333333333334,-0.1987179487179487,0.6923076923076923,0.8333333333333334,-0.141025641025641,0.6153846153846154,0.4166666666666667,0.1987179487179487,0.4597701149425287,0.4444444444444444,0.0153256704980843,2.060526315789474,2.5961538461538463,-0.5356275303643723,23,2,1,0.0153256704980843,0.5356275303643723,8.66019064017249,6,3,3,2,1,1,0,1,-1,1,0,1,0,0,0,3,1524,1.5256410256410255,0.141025641025641,0.194171622439148,D,31424,0.463829,0.403445,0.545455,8.0,16.0,0.621984,0.544761,0.818182,13.0,20.0,-0.158155,-0.14131600000000005,-0.27272699999999994,-5.0,-4.0
1524,2024-03-30,J.League,京都サンガF.C.,サンフレッチェ広島,1531,1561,-30,1491,1532,-41,9,10,-1,3,3,5,1,-4,47,51,-4,19,19,14,11,5,8,-3,0.5,0.5925925925925926,0.3571428571428571,0.5833333333333334,-0.2261904761904762,0.6428571428571429,0.75,-0.1071428571428571,0.6428571428571429,0.4166666666666667,0.2261904761904762,0.5026455026455027,0.5212620027434842,-0.0186165000979815,2.7,3.313636363636364,-0.6136363636363638,30,4,4,0.0186165000979815,0.6136363636363638,11.626450572746869,6,7,-1,2,2,0,2,4,-2,0,0,0,1,0,0,3,1524,1.3928571428571428,0.1071428571428571,0.1702614553541643,H,31427,0.542801,0.5073,0.818182,10.0,18.0,0.597618,0.533569,0.818182,12.0,20.0,-0.054817000000000005,-0.026268999999999987,0.0,-2.0,-2.0
1524,2024-03-30,J.League,FC東京,川崎フロンターレ,1505,1502,3,1501,1502,-1,7,8,-1,2,2,8,17,9,43,34,9,17,16,17,16,0,0,0,0.4333333333333333,0.36,0.375,0.3333333333333333,0.0416666666666666,0.625,0.6666666666666666,-0.0416666666666666,0.625,0.6666666666666666,-0.0416666666666666,0.419753086419753,0.474074074074074,-0.0543209876543209,2.382352941176471,2.109375,0.272977941176471,3,9,9,0.0543209876543209,0.272977941176471,3.3654597857661583,4,4,0,1,1,0,1,1,0,0,0,0,0,0,1,3,1524,1.2916666666666663,0.0416666666666666,0.198989625648867,A,31430,0.501963,0.449449,0.727273,10.0,19.0,0.606639,0.528553,0.727273,12.0,18.0,-0.10467599999999999,-0.07910400000000006,0.0,-2.0,1.0
1524,2024-03-30,J.League,北海道コンサドーレ札幌,ヴァンフォーレ甲府,1492,1438,54,1541,1466,75,4,3,1,1,1,11,38,27,40,9,31,16,5,17,11,-1,-6,5,0.4137931034482758,0.1538461538461538,0.6153846153846154,0.0,0.6153846153846154,0.7692307692307693,0.3333333333333333,0.4358974358974359,0.3846153846153846,1.0,-0.6153846153846154,0.408684546615581,0.2849002849002849,0.1237842617152961,2.3029411764705885,1.5954545454545457,0.7074866310160428,54,27,31,0.1237842617152961,0.7074866310160428,25.816254178546263,4,3,1,1,1,0,2,1,1,0,0,0,0,0,0,3,1524,1.1025641025641026,0.4358974358974359,0.1779108869134178,A,,0.0,0.0,0.0,0.0,0.0,0.0,0.0,0.0,0.0,0.0,0.0,0.0,0.0,0.0,0.0
1524,2024-03-30,J.League,ブラウブリッツ秋田,山口,1526,1446,80,1523,1467,56,6,5,1,2,1,20,39,19,30,8,22,12,4,9,9,3,-5,8,0.5,0.1818181818181818,0.5555555555555556,0.0,0.5555555555555556,0.7777777777777778,0.2,0.5777777777777777,0.4444444444444444,1.0,-0.5555555555555556,0.4938271604938271,0.2693602693602693,0.2244668911335577,2.7,1.65,1.0500000000000005,80,19,22,0.2244668911335577,1.0500000000000005,33.00489337822671,3,4,-1,1,1,0,1,0,1,0,1,-1,1,0,0,3,1524,0.977777777777778,0.5777777777777777,0.1754413530388029,H,,0.0,0.0,0.0,0.0,0.0,0.0,0.0,0.0,0.0,0.0,0.0,0.0,0.0,0.0,0.0
1524,2024-03-30,Cup/Other,愛媛FC,大分,1421,1500,-79,1447,1500,-53,0,0,0,0,0,31,0,-31,13,0,13,5,0,12,0,-7,0,-7,0.25,0.0,0.2,0.0,0.2,0.2,0.0,0.2,0.8,0.0,0.8,0.2314814814814814,0.0,0.2314814814814814,1.8,0.0,1.8,79,31,13,0.2314814814814814,1.8,35.806296296296296,0,0,0,0,0,0,0,0,0,5,0,5,0,0,0,3,1524,0.2,0.2,0.1285936789519923,A,,0.0,0.0,0.0,0.0,0.0,0.0,0.0,0.0,0.0,0.0,0.0,0.0,0.0,0.0,0.0
1524,2024-03-30,J.League,熊本,サガン鳥栖,1457,1470,-13,1474,1478,-4,4,7,-3,1,2,34,27,-7,11,24,-13,5,10,10,14,-5,-4,-1,0.2307692307692307,0.3333333333333333,0.1666666666666666,0.25,-0.0833333333333333,0.3333333333333333,0.375,-0.0416666666666666,0.8333333333333334,0.75,0.0833333333333333,0.2849002849002849,0.3527336860670194,-0.0678334011667344,1.755,2.0250000000000004,-0.2700000000000002,13,7,13,0.0678334011667344,0.2700000000000002,6.367566680233347,3,4,-1,1,1,0,0,2,-2,1,0,1,0,0,0,3,1524,0.7083333333333333,0.0416666666666666,0.1686817732248628,H,,0.0,0.0,0.0,0.0,0.0,0.0,0.0,0.0,0.0,0.0,0.0,0.0,0.0,0.0,0.0
1523,2024-03-26,J.League,相模原,清水エスパルス,1500,1542,-42,1509,1489,20,4,10,-6,1,3,43,20,-23,4,29,-25,2,11,2,8,0,3,-3,0.3333333333333333,0.5294117647058824,1.0,0.3333333333333333,0.6666666666666667,1.0,0.4444444444444444,0.5555555555555556,0.0,0.6666666666666666,-0.6666666666666666,0.4938271604938271,0.4793028322440087,0.0145243282498183,2.0250000000000004,2.8687500000000004,-0.84375,42,23,25,0.0145243282498183,0.84375,20.62165486564996,4,4,0,1,1,0,0,0,0,1,1,0,0,0,0,3,1523,1.4444444444444444,0.5555555555555556,0.1988475316443772,H,,0.0,0.0,0.0,0.0,0.0,0.0,0.0,0.0,0.0,0.0,0.0,0.0,0.0,0.0,0.0
1523,2024-03-26,J.League,富山,ジェフユナイテッド千葉,1497,1556,-59,1499,1535,-36,8,9,-1,2,3,36,22,-14,10,26,-16,6,10,6,5,0,5,-5,0.25,0.6153846153846154,0.3333333333333333,0.6,-0.2666666666666666,0.6666666666666666,0.8,-0.1333333333333334,0.6666666666666666,0.4,0.2666666666666666,0.5555555555555555,0.5698005698005698,-0.0142450142450143,1.8,3.51,-1.7100000000000002,59,14,16,0.0142450142450143,1.7100000000000002,24.494849002849,4,9,-5,1,3,-2,0,3,-3,1,0,1,0,0,0,3,1523,1.4666666666666668,0.1333333333333334,0.2119274826003512,A,,0.0,0.0,0.0,0.0,0.0,0.0,0.0,0.0,0.0,0.0,0.0,0.0,0.0,0.0,0.0
1523,2024-03-26,Cup/Other,大分,山口,1500,1446,54,1500,1467,33,0,5,-5,0,1,0,37,37,0,8,-8,0,4,0,9,0,-5,5,0.0,0.1818181818181818,0.0,0.0,0.0,0.0,0.2,-0.2,0.0,1.0,-1.0,0.0,0.2693602693602693,-0.2693602693602693,0.0,1.65,-1.65,54,37,8,0.2693602693602693,1.65,28.53387205387205,0,4,-4,0,1,-1,0,0,0,0,1,-1,0,0,0,3,1523,0.2,0.2,0.1632387548392639,A,,0.0,0.0,0.0,0.0,0.0,0.0,0.0,0.0,0.0,0.0,0.0,0.0,0.0,0.0,0.0
1523,2024-03-26,J.League,大宮,いわきFC,1520,1445,75,1499,1501,-2,10,0,10,3,0,35,30,-5,10,16,-6,4,6,2,11,2,-5,7,0.6,0.3125,0.5,0.5,0.0,0.5,0.5,0.0,0.5,0.5,0.0,0.5925925925925926,0.2777777777777777,0.3148148148148148,3.375,1.963636363636364,1.4113636363636362,75,5,6,0.3148148148148148,1.4113636363636362,27.84523569023569,4,0,4,1,0,1,0,0,0,1,5,-4,0,0,0,3,1523,1.0,0.0,0.1630292846634473,D,,0.0,0.0,0.0,0.0,0.0,0.0,0.0,0.0,0.0,0.0,0.0,0.0,0.0,0.0,0.0
1523,2024-03-26,J.League,FC今治,徳島ヴォルティス,1533,1536,-3,1500,1511,-11,10,11,-1,3,3,34,24,-10,10,25,-15,4,11,1,8,3,3,0,0.75,0.4666666666666667,0.0,0.4285714285714285,-0.4285714285714285,1.0,0.7142857142857143,0.2857142857142857,1.0,0.5714285714285714,0.4285714285714286,0.7407407407407407,0.5432098765432098,0.1975308641975308,5.4,2.53125,2.8687500000000004,3,10,15,0.1975308641975308,2.8687500000000004,4.163256172839506,7,5,2,2,1,1,4,5,-1,0,0,0,0,0,0,3,1523,1.7142857142857144,0.2857142857142857,0.1618829855300737,,,0.0,0.0,0.0,0.0,0.0,0.0,0.0,0.0,0.0,0.0,0.0,0.0,0.0,0.0,0.0
1523,2024-03-26,J.League,水戸ホーリーホック,熊本,1485,1467,18,1492,1494,-2,6,7,-1,2,2,39,33,-6,7,11,-4,3,5,5,9,-2,-4,2,0.2857142857142857,0.25,0.0,0.3333333333333333,-0.3333333333333333,0.0,0.5,-0.5,1.0,0.6666666666666666,0.3333333333333333,0.3174603174603174,0.3086419753086419,0.0088183421516754,1.89,1.8,0.09,18,6,4,0.0088183421516754,0.09,7.819763668430335,3,4,-1,1,1,0,1,1,0,0,0,0,0,0,0,3,1523,0.5,0.5,0.1696708199693665,H,,0.0,0.0,0.0,0.0,0.0,0.0,0.0,0.0,0.0,0.0,0.0,0.0,0.0,0.0,0.0
1523,2024-03-26,J.League,ヴァンフォーレ甲府,藤枝MYFC,1426,1450,-24,1474,1475,-1,0,3,-3,0,1,42,41,-1,6,6,0,4,2,11,7,-7,-5,-2,0.0833333333333333,0.2222222222222222,0.1666666666666666,0.2,-0.0333333333333333,0.3333333333333333,0.2,0.1333333333333333,0.8333333333333334,0.8,0.0333333333333333,0.2469135802469135,0.1646090534979423,0.0823045267489711,1.4727272727272729,1.7357142857142858,-0.2629870129870129,24,1,0,0.0823045267489711,0.2629870129870129,8.719058307947195,0,0,0,0,0,0,0,0,0,5,4,1,0,0,0,3,1523,0.5333333333333333,0.1333333333333333,0.1282584707878115,H,,0.0,0.0,0.0,0.0,0.0,0.0,0.0,0.0,0.0,0.0,0.0,0.0,0.0,0.0,0.0
1523,2024-03-26,J.League,愛媛FC,ブラウブリッツ秋田,1431,1516,-85,1455,1493,-38,0,6,-6,0,2,31,21,-10,13,27,-14,5,11,11,9,-6,2,-8,0.2666666666666666,0.4705882352941176,0.2222222222222222,0.375,-0.1527777777777778,0.2222222222222222,0.5,-0.2777777777777778,0.7777777777777778,0.625,0.1527777777777778,0.2469135802469135,0.4793028322440087,-0.2323892519970951,1.840909090909091,2.5500000000000003,-0.7090909090909092,85,10,14,0.2323892519970951,0.7090909090909092,32.4382960322176,0,3,-3,0,1,-1,0,0,0,5,2,3,0,1,0,3,1523,0.7222222222222222,0.2777777777777778,0.165387134814738,A,,0.0,0.0,0.0,0.0,0.0,0.0,0.0,0.0,0.0,0.0,0.0,0.0,0.0,0.0,0.0
1523,2024-03-26,J.League,福島,北海道コンサドーレ札幌,1490,1492,-2,1500,1453,47,1,4,-3,0,1,55,13,-42,1,39,-38,1,15,2,16,-1,-1,0,0.0,0.4285714285714285,0.0,0.2666666666666666,-0.2666666666666666,0.0,0.3333333333333333,-0.3333333333333333,0.0,0.7333333333333333,-0.7333333333333333,0.3703703703703703,0.3968253968253968,-0.0264550264550264,1.35,2.3625000000000003,-1.0125000000000002,2,42,38,0.0264550264550264,1.0125000000000002,11.407791005291005,1,3,-2,0,1,-1,0,1,-1,1,0,1,0,0,0,3,1523,0.3333333333333333,0.3333333333333333,0.2066464922684283,D,,0.0,0.0,0.0,0.0,0.0,0.0,0.0,0.0,0.0,0.0,0.0,0.0,0.0,0.0,0.0
1523,2024-03-26,J.League,FC大阪,ジュビロ磐田,1523,1440,83,1509,1451,58,6,6,0,2,2,40,26,-14,6,25,-19,2,11,0,18,2,-7,9,1.0,0.28,1.0,0.1666666666666666,0.8333333333333334,1.0,0.3333333333333333,0.6666666666666667,0.0,0.8333333333333334,-0.8333333333333334,0.7407407407407407,0.3259259259259259,0.4148148148148148,2.0,1.875,0.1249999999999997,83,14,19,0.4148148148148148,0.1249999999999997,32.65796296296296,6,3,3,2,1,1,2,0,2,0,1,-1,0,0,0,3,1523,1.3333333333333333,0.6666666666666667,0.2752617136762061,A,,0.0,0.0,0.0,0.0,0.0,0.0,0.0,0.0,0.0,0.0,0.0,0.0,0.0,0.0,0.0
1523,2024-03-26,J.League,群馬,V・ファーレン長崎,1500,1550,-50,1507,1503,4,7,15,-8,2,5,32,23,-9,11,26,-15,5,10,5,6,0,4,-4,0.375,0.5714285714285714,0.5,0.4444444444444444,0.0555555555555555,0.75,0.5555555555555556,0.1944444444444444,0.5,0.5555555555555556,-0.0555555555555555,0.4629629629629629,0.5291005291005291,-0.0661375661375661,2.16,3.1500000000000004,-0.9900000000000002,50,9,15,0.0661375661375661,0.9900000000000002,19.961227513227517,4,9,-5,1,3,-2,0,5,-5,1,0,1,0,0,0,3,1523,1.3055555555555556,0.1944444444444444,0.1868257644985013,D,,0.0,0.0,0.0,0.0,0.0,0.0,0.0,0.0,0.0,0.0,0.0,0.0,0.0,0.0,0.0
1523,2024-03-26,J.League,松本,サガン鳥栖,1498,1468,30,1500,1477,23,2,9,-7,0,3,51,27,-24,2,24,-22,2,10,2,14,0,-4,4,0.0,0.3333333333333333,0.0,0.2857142857142857,-0.2857142857142857,1.0,0.2857142857142857,0.7142857142857143,1.0,0.7142857142857143,0.2857142857142857,0.7407407407407407,0.3527336860670194,0.3880070546737213,1.35,2.0250000000000004,-0.6750000000000003,30,24,22,0.3880070546737213,0.6750000000000003,16.712601410934745,2,6,-4,0,2,-2,2,1,1,0,0,0,0,0,0,3,1523,1.2857142857142856,0.7142857142857143,0.323982823266795,D,,0.0,0.0,0.0,0.0,0.0,0.0,0.0,0.0,0.0,0.0,0.0,0.0,0.0,0.0,0.0
1523,2024-03-26,J.League,鹿児島,モンテディオ山形,1437,1590,-153,1491,1534,-43,0,13,-13,0,4,53,18,-35,2,32,-30,2,12,8,3,-6,9,-15,0.0,0.7692307692307693,0.0,0.8333333333333334,-0.8333333333333334,0.5,0.8333333333333334,-0.3333333333333333,1.0,0.1666666666666666,0.8333333333333334,0.1851851851851851,0.6837606837606838,-0.4985754985754986,1.35,5.85,-4.5,153,35,30,0.4985754985754986,4.5,63.29971509971509,0,7,-7,0,2,-2,0,5,-5,5,0,5,0,0,0,3,1523,1.3333333333333337,0.3333333333333333,0.1206852500584532,A,,0.0,0.0,0.0,0.0,0.0,0.0,0.0,0.0,0.0,0.0,0.0,0.0,0.0,0.0,0.0
1522,2024-03-23,J.League,ベガルタ仙台,ジュビロ磐田,1499,1450,49,1506,1459,47,7,6,1,2,2,28,22,-6,22,26,-4,10,12,10,18,0,-6,6,0.375,0.28,0.4444444444444444,0.1818181818181818,0.2626262626262626,0.6666666666666666,0.3636363636363636,0.303030303030303,0.5555555555555556,0.8181818181818182,-0.2626262626262626,0.4629629629629629,0.3555555555555555,0.1074074074074074,2.16,1.875,0.2849999999999999,49,6,4,0.1074074074074074,0.2849999999999999,18.72848148148148,6,6,0,2,2,0,0,1,-1,1,0,1,0,0,0,3,1522,1.0303030303030305,0.303030303030303,0.2028496241774723,H,,0.0,0.0,0.0,0.0,0.0,0.0,0.0,0.0,0.0,0.0,0.0,0.0,0.0,0.0,0.0
1522,2024-03-23,J.League,大宮,水戸ホーリーホック,1535,1470,65,1509,1482,27,10,4,6,3,1,34,45,11,10,4,6,4,2,1,5,3,-3,6,0.75,0.1666666666666666,1.0,0.2,0.8,1.0,0.4,0.6,0.0,0.8,-0.8,0.7407407407407407,0.2469135802469135,0.4938271604938271,5.4,1.62,3.78,65,11,6,0.4938271604938271,3.78,26.35476543209877,7,3,4,2,1,1,4,0,4,0,2,-2,0,0,0,3,1522,1.4,0.6,0.1406894945923354,A,,0.0,0.0,0.0,0.0,0.0,0.0,0.0,0.0,0.0,0.0,0.0,0.0,0.0,0.0,0.0
1522,2024-03-23,J.League,V・ファーレン長崎,ブラウブリッツ秋田,1539,1521,18,1525,1495,30,12,9,3,4,3,26,21,-5,23,27,-4,9,11,6,9,3,2,1,0.5384615384615384,0.4705882352941176,0.75,0.375,0.375,1.0,0.5,0.5,0.25,0.625,-0.375,0.5128205128205128,0.4793028322440087,0.033517680576504,2.925,2.5500000000000003,0.3749999999999995,18,5,4,0.033517680576504,0.3749999999999995,7.6317035361153,9,3,6,3,1,2,4,0,4,0,1,-1,1,0,0,3,1522,1.5,0.5,0.1812064336842289,H,,0.0,0.0,0.0,0.0,0.0,0.0,0.0,0.0,0.0,0.0,0.0,0.0,0.0,0.0,0.0
1522,2024-03-23,J.League,愛媛FC,北海道コンサドーレ札幌,1442,1476,-34,1464,1438,26,0,1,-1,0,0,31,16,-15,13,36,-23,5,14,10,17,-5,-3,-2,0.2857142857142857,0.3928571428571428,0.25,0.2,0.0499999999999999,0.25,0.2666666666666666,-0.0166666666666666,0.75,0.8,-0.05,0.2645502645502645,0.3703703703703703,-0.1058201058201058,1.89,2.2235294117647064,-0.3335294117647063,34,15,23,0.1058201058201058,0.3335294117647063,15.73786990351696,0,0,0,0,0,0,0,0,0,5,3,2,0,0,0,3,1522,0.5166666666666666,0.0166666666666666,0.1543456085530709,A,,0.0,0.0,0.0,0.0,0.0,0.0,0.0,0.0,0.0,0.0,0.0,0.0,0.0,0.0,0.0
1522,2024-03-23,Cup/Other,大分,藤枝MYFC,1500,1443,57,1500,1468,32,0,3,-3,0,1,0,39,39,0,6,-6,0,2,0,8,0,-6,6,0.0,0.2,0.0,0.1666666666666666,-0.1666666666666666,0.0,0.1666666666666666,-0.1666666666666666,0.0,0.8333333333333334,-0.8333333333333334,0.0,0.1481481481481481,-0.1481481481481481,0.0,1.6875,-1.6875,57,39,6,0.1481481481481481,1.6875,30.067129629629623,0,0,0,0,0,0,0,0,0,0,4,-4,0,0,0,3,1522,0.1666666666666666,0.1666666666666666,0.0877862930482034,D,,0.0,0.0,0.0,0.0,0.0,0.0,0.0,0.0,0.0,0.0,0.0,0.0,0.0,0.0,0.0
1522,2024-03-23,J.League,山口,熊本,1466,1455,11,1507,1485,22,5,4,1,1,1,33,36,3,11,8,3,5,4,8,9,-3,-5,2,0.2727272727272727,0.1818181818181818,0.5,0.2,0.3,0.6666666666666666,0.4,0.2666666666666666,0.5,0.8,-0.3,0.3367003367003366,0.2693602693602693,0.0673400673400673,1.85625,1.65,0.2062500000000002,11,3,3,0.0673400673400673,0.2062500000000002,4.654718013468013,5,1,4,1,0,1,3,0,3,0,1,-1,0,1,0,3,1522,1.0666666666666669,0.2666666666666666,0.1728465800791723,A,,0.0,0.0,0.0,0.0,0.0,0.0,0.0,0.0,0.0,0.0,0.0,0.0,0.0,0.0,0.0
1522,2024-03-23,J.League,モンテディオ山形,徳島ヴォルティス,1599,1532,67,1551,1511,40,15,13,2,5,4,17,23,6,34,24,10,12,10,2,7,10,3,7,0.8461538461538461,0.5,0.8571428571428571,0.5,0.3571428571428571,1.0,0.6666666666666666,0.3333333333333333,0.1428571428571428,0.5,-0.3571428571428571,0.6837606837606838,0.5291005291005291,0.1546601546601547,8.775,2.7,6.075,67,6,10,0.1546601546601547,6.075,26.19593203093203,9,7,2,3,2,1,5,5,0,0,0,0,0,0,0,3,1522,1.6666666666666663,0.3333333333333333,0.1056950451726967,D,,0.0,0.0,0.0,0.0,0.0,0.0,0.0,0.0,0.0,0.0,0.0,0.0,0.0,0.0,0.0
1522,2024-03-23,J.League,いわきFC,FC今治,1456,1522,-66,1466,1517,-51,3,7,-4,1,2,30,37,7,16,7,9,6,3,10,1,-4,2,-6,0.3333333333333333,0.6666666666666666,0.2222222222222222,1.0,-0.7777777777777778,0.3333333333333333,1.0,-0.6666666666666667,0.7777777777777778,0.0,0.7777777777777778,0.2962962962962963,0.7407407407407407,-0.4444444444444444,2.0250000000000004,4.050000000000001,-2.0250000000000004,66,7,9,0.4444444444444444,2.0250000000000004,25.343888888888888,0,7,-7,0,2,-2,0,3,-3,4,0,4,0,0,0,3,1522,1.3333333333333333,0.6666666666666667,0.1707028751851059,A,,0.0,0.0,0.0,0.0,0.0,0.0,0.0,0.0,0.0,0.0,0.0,0.0,0.0,0.0,0.0
1522,2024-03-23,J.League,ヴァンフォーレ甲府,ジェフユナイテッド千葉,1428,1547,-119,1481,1528,-47,1,9,-8,0,3,40,25,-15,6,23,-17,4,9,11,5,-7,4,-11,0.0833333333333333,0.5833333333333334,0.2,0.5555555555555556,-0.3555555555555555,0.4,0.7777777777777778,-0.3777777777777777,0.8,0.4444444444444444,0.3555555555555556,0.2469135802469135,0.5555555555555555,-0.3086419753086419,1.4727272727272729,3.24,-1.767272727272727,119,15,17,0.3086419753086419,1.767272727272727,45.81518294051627,0,6,-6,0,2,-2,0,2,-2,4,0,4,0,0,0,3,1522,1.1777777777777778,0.3777777777777777,0.1702734026443721,A,,0.0,0.0,0.0,0.0,0.0,0.0,0.0,0.0,0.0,0.0,0.0,0.0,0.0,0.0,0.0
1522,2024-03-23,J.League,サガン鳥栖,富山,1448,1510,-62,1479,1508,-29,6,8,-2,2,2,29,35,6,21,10,11,9,6,15,5,-6,1,-7,0.2857142857142857,0.2857142857142857,0.2857142857142857,0.25,0.0357142857142857,0.5,1.0,-0.5,0.7142857142857143,0.75,-0.0357142857142857,0.3174603174603174,0.6349206349206349,-0.3174603174603174,1.89,1.89,0.0,62,6,11,0.3174603174603174,0.0,23.263492063492063,3,7,-4,1,2,-1,0,4,-4,1,0,1,0,0,0,3,1522,1.5,0.5,0.2519459676677739,H,,0.0,0.0,0.0,0.0,0.0,0.0,0.0,0.0,0.0,0.0,0.0,0.0,0.0,0.0,0.0
1522,2024-03-23,J.League,FC大阪,金沢,1512,1489,23,1500,1491,9,3,4,-1,1,1,46,44,-2,3,4,-1,1,2,0,3,1,-1,2,1.0,0.25,0.0,0.0,0.0,0.0,0.5,-0.5,0.0,1.0,-1.0,0.7407407407407407,0.3703703703703703,0.3703703703703703,2.0,1.8,0.1999999999999999,23,2,1,0.3703703703703703,0.1999999999999999,8.664074074074072,3,1,2,1,0,1,1,0,1,0,1,-1,0,0,0,3,1522,0.5,0.5,0.2923899663459149,H,,0.0,0.0,0.0,0.0,0.0,0.0,0.0,0.0,0.0,0.0,0.0,0.0,0.0,0.0,0.0
1522,2024-03-23,J.League,讃岐,栃木シティ,1473,1488,-15,1482,1500,-18,1,0,1,0,0,54,57,3,1,0,1,1,0,3,1,-2,-1,-1,0.0,0.0,0.0,0.0,0.0,0.3333333333333333,0.0,0.3333333333333333,1.0,0.0,1.0,0.2469135802469135,0.0,0.2469135802469135,1.35,1.35,0.0,15,3,1,0.2469135802469135,0.0,6.049382716049383,1,0,1,0,0,0,0,0,0,2,1,1,0,0,0,3,1522,0.3333333333333333,0.3333333333333333,0.0914460872734022,A,,0.0,0.0,0.0,0.0,0.0,0.0,0.0,0.0,0.0,0.0,0.0,0.0,0.0,0.0,0.0
1522,2024-03-23,J.League,鳥取,岐阜,1488,1498,-10,1492,1500,-8,0,4,-4,0,1,56,41,-15,0,4,-4,0,2,1,2,-1,0,-1,0.0,0.3333333333333333,0.0,0.0,0.0,0.0,0.0,0.0,1.0,0.0,1.0,0.0,0.4938271604938271,-0.4938271604938271,1.35,2.0250000000000004,-0.6750000000000003,10,15,4,0.4938271604938271,0.6750000000000003,7.483765432098766,0,4,-4,0,1,-1,0,0,0,1,1,0,0,0,0,3,1522,0.0,0.0,0.1463148234108106,H,,0.0,0.0,0.0,0.0,0.0,0.0,0.0,0.0,0.0,0.0,0.0,0.0,0.0,0.0,0.0
1521,2024-03-20,J.League,八戸,アルビレックス新潟,1503,1503,0,1500,1488,12,4,7,-3,1,2,44,14,-30,4,38,-34,2,18,2,20,0,-2,2,0.3333333333333333,0.3333333333333333,0.0,0.3125,-0.3125,0.0,0.5625,-0.5625,0.0,0.6875,-0.6875,0.4938271604938271,0.4444444444444444,0.0493827160493826,2.0250000000000004,2.0250000000000004,0.0,0,30,34,0.0493827160493826,0.0,7.509876543209876,4,7,-3,1,2,-1,2,3,-1,0,0,0,0,0,0,3,1521,0.5625,0.5625,0.2316662810642382,H,,0.0,0.0,0.0,0.0,0.0,0.0,0.0,0.0,0.0,0.0,0.0,0.0,0.0,0.0,0.0
1521,2024-03-20,J.League,岐阜,横浜FC,1511,1501,10,1509,1499,10,4,6,-2,1,2,40,29,-11,4,20,-16,2,8,1,8,1,0,1,0.5,0.4285714285714285,0.5,0.375,0.125,1.0,0.625,0.375,0.5,0.625,-0.125,0.7407407407407407,0.4232804232804232,0.3174603174603175,2.7,2.3625000000000003,0.3374999999999999,10,11,16,0.3174603174603175,0.3374999999999999,6.380992063492063,4,3,1,1,1,0,2,1,1,0,0,0,0,0,0,3,1521,1.625,0.375,0.229925564733766,A,,0.0,0.0,0.0,0.0,0.0,0.0,0.0,0.0,0.0,0.0,0.0,0.0,0.0,0.0,0.0
1521,2024-03-20,J.League,鳥取,京都サンガF.C.,1500,1514,-14,1500,1537,-37,0,6,-6,0,2,0,9,9,0,44,-44,0,18,0,15,0,3,-3,0.0,0.4642857142857143,0.0,0.6153846153846154,-0.6153846153846154,0.0,0.6923076923076923,-0.6923076923076923,0.0,0.3846153846153846,-0.3846153846153846,0.0,0.4761904761904762,-0.4761904761904762,0.0,2.5200000000000005,-2.5200000000000005,14,9,44,0.4761904761904762,2.5200000000000005,7.749238095238095,0,6,-6,0,2,-2,0,1,-1,0,0,0,0,0,0,3,1521,0.6923076923076923,0.6923076923076923,0.1889569763860466,A,,0.0,0.0,0.0,0.0,0.0,0.0,0.0,0.0,0.0,0.0,0.0,0.0,0.0,0.0,0.0
1521,2024-03-20,J.League,讃岐,セレッソ大阪,1486,1465,21,1491,1499,-8,1,2,-1,0,0,51,16,-35,1,35,-34,1,19,2,22,-1,-3,2,0.0,0.2666666666666666,0.0,0.3125,-0.3125,0.5,0.6875,-0.1875,1.0,0.6875,0.3125,0.3703703703703703,0.4691358024691358,-0.0987654320987654,1.35,1.840909090909091,-0.4909090909090909,21,35,34,0.0987654320987654,0.4909090909090909,16.217934904601574,1,2,-1,0,0,0,0,0,0,1,1,0,0,0,0,3,1521,1.1875,0.1875,0.2630848577746727,A,,0.0,0.0,0.0,0.0,0.0,0.0,0.0,0.0,0.0,0.0,0.0,0.0,0.0,0.0,0.0
1521,2024-03-20,J.League,宮崎,名古屋グランパス,1486,1510,-24,1491,1472,19,1,4,-3,0,1,50,8,-42,1,45,-44,1,19,2,19,-1,0,-1,0.0,0.40625,0.0,0.2777777777777778,-0.2777777777777778,0.5,0.5,0.0,1.0,0.7222222222222222,0.2777777777777778,0.3703703703703703,0.4398148148148147,-0.0694444444444444,1.35,2.273684210526316,-0.9236842105263156,24,42,44,0.0694444444444444,0.9236842105263156,19.09862573099415,1,1,0,0,0,0,1,0,1,0,1,-1,0,0,0,3,1521,1.0,0.0,0.2235743460749596,D,,0.0,0.0,0.0,0.0,0.0,0.0,0.0,0.0,0.0,0.0,0.0,0.0,0.0,0.0,0.0
1521,2024-03-20,J.League,栃木シティ,鹿島アントラーズ,1500,1532,-32,1500,1472,28,0,13,-13,0,4,0,6,6,0,46,-46,0,18,0,15,0,3,-3,0.0,0.4827586206896552,0.0,0.3076923076923077,-0.3076923076923077,0.0,0.3846153846153846,-0.3846153846153846,0.0,0.6923076923076923,-0.6923076923076923,0.0,0.4597701149425287,-0.4597701149425287,0.0,2.61,-2.61,32,6,46,0.4597701149425287,2.61,13.313954022988506,0,7,-7,0,2,-2,0,5,-5,0,0,0,0,0,0,3,1521,0.3846153846153846,0.3846153846153846,0.1761503831050644,A,,0.0,0.0,0.0,0.0,0.0,0.0,0.0,0.0,0.0,0.0,0.0,0.0,0.0,0.0,0.0
1521,2024-03-20,J.League,金沢,湘南ベルマーレ,1500,1538,-38,1509,1517,-8,4,7,-3,1,2,42,3,-39,4,51,-47,2,19,2,16,0,3,-3,0.3333333333333333,0.5,1.0,0.5,0.5,1.0,0.625,0.375,0.0,0.5,-0.5,0.4938271604938271,0.4398148148148147,0.0540123456790123,2.0250000000000004,2.7,-0.6749999999999998,38,39,47,0.0540123456790123,0.6749999999999998,23.195802469135803,4,1,3,1,0,1,1,0,1,0,1,-1,0,0,0,3,1521,1.625,0.375,0.1975920034091642,A,,0.0,0.0,0.0,0.0,0.0,0.0,0.0,0.0,0.0,0.0,0.0,0.0,0.0,0.0,0.0
1521,2024-03-20,J.League,奈良,FC東京,1475,1494,-19,1482,1494,-12,0,4,-4,0,1,55,10,-45,0,42,-42,0,18,2,19,-2,-1,-1,0.0,0.3870967741935484,0.0,0.4285714285714285,-0.4285714285714285,0.0,0.5,-0.5,1.0,0.5714285714285714,0.4285714285714286,0.0,0.4301075268817204,-0.4301075268817204,1.35,2.2026315789473685,-0.8526315789473684,19,45,42,0.4301075268817204,0.8526315789473684,18.156547821165816,0,1,-1,0,0,0,0,0,0,2,1,1,0,0,0,3,1521,0.5,0.5,0.1210638961385188,A,,0.0,0.0,0.0,0.0,0.0,0.0,0.0,0.0,0.0,0.0,0.0,0.0,0.0,0.0,0.0
1521,2024-03-20,J.League,高知,ガンバ大阪,1500,1515,-15,1500,1532,-32,0,9,-9,0,3,0,11,11,0,39,-39,0,15,0,13,0,2,-2,0.0,0.48,0.0,0.5454545454545454,-0.5454545454545454,0.0,0.8181818181818182,-0.8181818181818182,0.0,0.4545454545454545,-0.4545454545454545,0.0,0.4444444444444444,-0.4444444444444444,0.0,2.5961538461538463,-2.5961538461538463,15,11,39,0.4444444444444444,2.5961538461538463,8.608119658119659,0,3,-3,0,1,-1,0,0,0,0,2,-2,0,0,0,3,1521,0.8181818181818182,0.8181818181818182,0.1711868217750954,A,,0.0,0.0,0.0,0.0,0.0,0.0,0.0,0.0,0.0,0.0,0.0,0.0,0.0,0.0,0.0
1521,2024-03-20,J.League,FC琉球,アビスパ福岡,1498,1477,21,1500,1501,-1,4,9,-5,1,3,41,12,-29,4,39,-35,2,15,2,19,0,-4,4,0.3333333333333333,0.3870967741935484,0.3333333333333333,0.4117647058823529,-0.0784313725490196,0.6666666666666666,0.5882352941176471,0.0784313725490195,0.6666666666666666,0.5882352941176471,0.0784313725490195,0.4938271604938271,0.3584229390681003,0.1354042214257267,2.0250000000000004,2.2026315789473685,-0.1776315789473681,21,29,35,0.1354042214257267,0.1776315789473681,14.662607160074618,4,9,-5,1,3,-2,2,3,-1,0,0,0,0,0,0,3,1521,1.2549019607843137,0.0784313725490195,0.2015856692051681,A,,0.0,0.0,0.0,0.0,0.0,0.0,0.0,0.0,0.0,0.0,0.0,0.0,0.0,0.0,0.0
1521,2024-03-20,J.League,長野,東京ヴェルディ,1489,1525,-36,1500,1507,-7,0,3,-3,0,1,53,4,-49,0,50,-50,0,18,1,13,-1,5,-6,0.0,0.5517241379310345,0.0,0.5,-0.5,0.0,0.5714285714285714,-0.5714285714285714,0.0,0.5,-0.5,0.0,0.4597701149425287,-0.4597701149425287,1.35,3.011538461538461,-1.6615384615384614,36,49,50,0.4597701149425287,1.6615384615384614,25.2742617152962,0,3,-3,0,1,-1,0,1,-1,1,0,1,0,0,0,3,1521,0.5714285714285714,0.5714285714285714,0.1054122479423377,D,,0.0,0.0,0.0,0.0,0.0,0.0,0.0,0.0,0.0,0.0,0.0,0.0,0.0,0.0,0.0
1521,2024-03-20,J.League,沼津,柏レイソル,1513,1464,49,1500,1494,6,3,8,-5,1,2,47,19,-28,3,34,-31,1,16,0,21,1,-5,6,1.0,0.3,0.0,0.3846153846153846,-0.3846153846153846,0.0,0.5384615384615384,-0.5384615384615384,0.0,0.6153846153846154,-0.6153846153846154,0.7407407407407407,0.3950617283950617,0.345679012345679,2.0,1.9285714285714288,0.0714285714285711,49,28,31,0.345679012345679,0.0714285714285711,24.23342151675485,3,4,-1,1,1,0,1,1,0,0,0,0,0,0,0,3,1521,0.5384615384615384,0.5384615384615384,0.2891059967182877,A,,0.0,0.0,0.0,0.0,0.0,0.0,0.0,0.0,0.0,0.0,0.0,0.0,0.0,0.0,0.0
1521,2024-03-20,J.League,北九州,ファジアーノ岡山,1487,1542,-55,1491,1506,-15,0,2,-2,0,0,54,13,-41,0,38,-38,0,16,1,9,-1,7,-8,0.0,0.55,0.0,0.5,-0.5,0.0,0.6666666666666666,-0.6666666666666666,1.0,0.5,0.5,0.0,0.5925925925925926,-0.5925925925925926,1.35,3.0,-1.65,55,41,38,0.5925925925925926,1.65,29.948518518518515,0,2,-2,0,0,0,0,1,-1,1,0,1,0,0,0,3,1521,0.6666666666666666,0.6666666666666666,0.1362250505948352,H,,0.0,0.0,0.0,0.0,0.0,0.0,0.0,0.0,0.0,0.0,0.0,0.0,0.0,0.0,0.0
1520,2024-03-16,J.League,東京ヴェルディ,名古屋グランパス,1515,1517,-2,1519,1480,39,3,4,-1,1,1,5,7,2,48,45,3,18,19,14,19,4,0,4,0.5172413793103449,0.40625,0.5714285714285714,0.2941176470588235,0.2773109243697478,0.6428571428571429,0.5294117647058824,0.1134453781512605,0.4285714285714285,0.7058823529411765,-0.2773109243697479,0.4597701149425287,0.4398148148148147,0.0199553001277139,2.796428571428572,2.273684210526316,0.522744360902256,2,2,3,0.0199553001277139,0.522744360902256,1.308539932205994,0,1,-1,0,0,0,0,1,-1,4,0,4,1,0,1,3,1520,1.1722689075630253,0.1134453781512605,0.1774254786621591,H,31411,0.572544,0.511896,1.0,9.0,20.0,0.522593,0.459563,0.545455,9.0,19.0,0.04995100000000008,0.05233300000000002,0.454545,0.0,1.0
1520,2024-03-16,J.League,町田,アルビレックス新潟,1568,1491,77,1528,1478,50,12,5,7,4,1,1,13,12,58,38,20,24,18,15,20,9,-2,11,0.53125,0.3333333333333333,0.5625,0.2666666666666666,0.2958333333333333,0.6875,0.5333333333333333,0.1541666666666666,0.4375,0.7333333333333333,-0.2958333333333333,0.5555555555555555,0.4444444444444444,0.111111111111111,2.8800000000000003,2.0250000000000004,0.855,77,12,20,0.111111111111111,0.855,30.14322222222222,9,4,5,3,1,2,3,2,1,0,0,0,1,1,1,3,1520,1.2208333333333332,0.1541666666666666,0.2038694420093371,A,31412,0.63841,0.563033,1.0,12.0,20.0,0.596514,0.531293,0.818182,13.0,20.0,0.041896000000000044,0.03173999999999999,0.18181800000000004,-1.0,0.0
1520,2024-03-16,J.League,清水エスパルス,京都サンガF.C.,1556,1495,61,1550,1527,23,13,3,10,4,1,20,11,-9,29,41,-12,11,17,7,16,4,1,3,0.5625,0.4285714285714285,0.8571428571428571,0.5833333333333334,0.2738095238095237,1.0,0.6666666666666666,0.3333333333333333,0.1428571428571428,0.4166666666666667,-0.2738095238095238,0.5092592592592592,0.4497354497354496,0.0595238095238095,3.085714285714286,2.3625000000000003,0.7232142857142856,61,9,12,0.0595238095238095,0.7232142857142856,23.756547619047616,7,3,4,2,1,1,5,0,5,0,1,-1,0,0,1,3,1520,1.6666666666666663,0.3333333333333333,0.1760167748599294,A,31415,0.511252,0.459006,0.545455,8.0,18.0,0.554843,0.501706,0.727273,11.0,19.0,-0.043590999999999935,-0.04269999999999996,-0.18181799999999992,-3.0,-1.0
1520,2024-03-16,J.League,ファジアーノ岡山,川崎フロンターレ,1545,1495,50,1545,1489,56,4,7,-3,1,2,14,15,1,37,36,1,15,16,8,17,7,-1,8,0.5789473684210527,0.3703703703703703,0.6153846153846154,0.3125,0.3028846153846154,0.8461538461538461,0.5625,0.2836538461538461,0.3846153846153846,0.6875,-0.3028846153846153,0.5847953216374269,0.4389574759945129,0.1458378456429139,3.2062500000000003,2.1441176470588235,1.0621323529411768,50,1,1,0.1458378456429139,1.0621323529411768,17.991594039716816,1,4,-3,0,1,-1,0,0,0,1,1,0,0,0,0,3,1520,1.4086538461538465,0.2836538461538461,0.1913389380449205,D,31418,0.616201,0.551171,0.636364,11.0,20.0,0.703838,0.629884,0.363636,13.0,20.0,-0.08763699999999996,-0.07871300000000003,0.272728,-2.0,0.0
1520,2024-03-16,J.League,横浜F・マリノス,ガンバ大阪,1520,1532,-12,1499,1549,-50,4,12,-8,1,4,10,9,-1,42,42,0,16,16,13,12,3,4,-1,0.5,0.52,0.4166666666666667,0.6363636363636364,-0.2196969696969696,0.5833333333333334,0.9090909090909092,-0.3257575757575757,0.5833333333333334,0.3636363636363636,0.2196969696969697,0.4558404558404558,0.474074074074074,-0.0182336182336181,2.7,2.8125000000000004,-0.1125000000000002,12,1,0,0.0182336182336181,0.1125000000000002,4.476146723646723,4,6,-2,1,2,-1,1,0,1,0,1,-1,1,0,1,3,1520,1.4924242424242424,0.3257575757575757,0.1686889180993596,H,31417,0.523065,0.457082,0.727273,10.0,19.0,0.639641,0.584346,0.909091,13.0,19.0,-0.11657600000000001,-0.12726400000000004,-0.18181800000000004,-3.0,0.0
1520,2024-03-16,J.League,アビスパ福岡,FC東京,1469,1506,-37,1460,1503,-43,6,7,-1,2,2,12,8,-4,39,43,-4,15,19,19,19,-4,0,-4,0.3870967741935484,0.3870967741935484,0.3076923076923077,0.4615384615384615,-0.1538461538461538,0.3076923076923077,0.5384615384615384,-0.2307692307692307,0.6923076923076923,0.5384615384615384,0.1538461538461538,0.3584229390681003,0.4540023894862604,-0.09557945041816,2.2026315789473685,2.2026315789473685,0.0,37,4,4,0.09557945041816,0.0,13.969115890083632,6,4,2,2,1,1,2,1,1,0,0,0,1,0,0,3,1520,0.8461538461538461,0.2307692307692307,0.1844173339259067,H,31414,0.599639,0.51774,0.909091,9.0,20.0,0.613639,0.559049,0.909091,13.0,20.0,-0.014000000000000012,-0.04130900000000004,0.0,-4.0,0.0
1520,2024-03-16,J.League,鹿島アントラーズ,浦和レッズ,1535,1443,92,1554,1462,92,12,6,6,4,2,6,28,22,46,23,23,18,11,15,19,3,-8,11,0.4827586206896552,0.24,0.625,0.2142857142857142,0.4107142857142857,0.8125,0.4285714285714285,0.3839285714285714,0.375,0.7857142857142857,-0.4107142857142857,0.4597701149425287,0.3259259259259259,0.1338441890166028,2.61,1.7763157894736843,0.8336842105263156,92,22,23,0.1338441890166028,0.8336842105263156,37.89350567990858,9,3,6,3,1,2,4,1,3,0,0,0,1,1,0,3,1520,1.2410714285714286,0.3839285714285714,0.1791202837528378,D,31416,0.620162,0.546354,1.0,11.0,20.0,0.571792,0.525901,1.0,10.0,18.0,0.048370000000000024,0.020453000000000054,0.0,1.0,2.0
1520,2024-03-16,J.League,サンフレッチェ広島,柏レイソル,1566,1460,106,1533,1492,41,9,8,1,3,2,2,18,16,53,34,19,19,16,11,21,8,-5,13,0.6071428571428571,0.3,0.6428571428571429,0.3846153846153846,0.2582417582417582,0.6428571428571429,0.5384615384615384,0.1043956043956044,0.3571428571428571,0.6153846153846154,-0.2582417582417582,0.5026455026455027,0.3950617283950617,0.1075837742504409,3.4363636363636365,1.9285714285714288,1.5077922077922077,106,16,19,0.1075837742504409,1.5077922077922077,41.423075196408526,9,4,5,3,1,2,3,0,3,0,1,-1,2,0,0,3,1520,1.1813186813186811,0.1043956043956044,0.1673255104906625,D,31419,0.550431,0.511042,0.909091,12.0,20.0,0.576486,0.535272,0.818182,9.0,19.0,-0.02605500000000005,-0.024229999999999974,0.09090900000000002,3.0,1.0
1520,2024-03-16,J.League,湘南ベルマーレ,ヴィッセル神戸,1550,1554,-4,1517,1526,-9,10,7,3,3,2,3,4,1,52,48,4,20,20,16,13,4,7,-3,0.5,0.5185185185185185,0.5,0.5,0.0,0.625,0.7142857142857143,-0.0892857142857143,0.5,0.5,0.0,0.4629629629629629,0.5486968449931412,-0.0857338820301782,2.7,2.803846153846154,-0.1038461538461539,4,1,4,0.0857338820301782,0.1038461538461539,1.6879160071752664,4,3,1,1,1,0,1,0,1,0,2,-2,0,0,1,3,1520,1.3392857142857144,0.0892857142857143,0.1838062691164151,A,31420,0.566167,0.510003,0.909091,10.0,20.0,0.679995,0.63466,0.818182,12.0,20.0,-0.11382800000000004,-0.12465700000000002,0.09090900000000002,-2.0,0.0
1520,2024-03-16,J.League,横浜FC,セレッソ大阪,1492,1470,22,1492,1508,-16,4,2,2,1,0,29,17,-12,18,35,-17,8,19,9,22,-1,-3,2,0.3571428571428571,0.2666666666666666,0.4,0.3333333333333333,0.0666666666666667,0.4,0.7333333333333333,-0.3333333333333332,0.6,0.6666666666666666,-0.0666666666666666,0.4232804232804232,0.4691358024691358,-0.0458553791887125,2.1,1.840909090909091,0.259090909090909,22,12,17,0.0458553791887125,0.259090909090909,10.760989257655924,3,2,1,1,0,1,0,2,-2,2,0,2,0,0,0,3,1520,1.1333333333333333,0.3333333333333332,0.2264435846667131,H,31413,0.597097,0.535231,0.727273,12.0,19.0,0.594382,0.5366,0.909091,12.0,19.0,0.002715000000000023,-0.0013689999999999536,-0.18181800000000004,0.0,0.0
1520,2024-03-16,J.League,FC今治,富山,1524,1508,16,1500,1508,-8,6,8,-2,2,2,37,35,-2,6,9,-3,2,5,0,4,2,1,1,1.0,0.3333333333333333,0.0,0.3333333333333333,-0.3333333333333333,0.0,1.0,-1.0,0.0,0.6666666666666666,-0.6666666666666666,0.7407407407407407,0.6172839506172839,0.1234567901234567,2.0,2.0250000000000004,-0.0250000000000003,16,2,3,0.1234567901234567,0.0250000000000003,6.129691358024691,6,7,-1,2,2,0,2,3,-1,0,0,0,0,0,0,3,1520,1.0,1.0,0.3373890565099064,D,,0.0,0.0,0.0,0.0,0.0,0.0,0.0,0.0,0.0,0.0,0.0,0.0,0.0,0.0,0.0
1520,2024-03-16,J.League,ジュビロ磐田,ヴァンフォーレ甲府,1432,1439,-7,1478,1467,11,6,1,5,2,0,27,38,11,23,6,17,11,4,19,10,-8,-6,-2,0.24,0.0909090909090909,0.2857142857142857,0.0,0.2857142857142857,0.5,0.3333333333333333,0.1666666666666666,0.7142857142857143,1.0,-0.2857142857142857,0.3259259259259259,0.2693602693602693,0.0565656565656565,1.7763157894736843,1.485,0.2913157894736842,7,11,17,0.0565656565656565,0.2913157894736842,5.269576289207867,3,0,3,1,0,1,0,0,0,1,3,-2,0,0,0,3,1520,0.8333333333333333,0.1666666666666666,0.182523858873652,H,,0.0,0.0,0.0,0.0,0.0,0.0,0.0,0.0,0.0,0.0,0.0,0.0,0.0,0.0,0.0
1520,2024-03-16,J.League,熊本,モンテディオ山形,1462,1591,-129,1481,1527,-46,4,15,-11,1,5,36,19,-17,9,31,-22,5,11,9,2,-4,9,-13,0.1818181818181818,0.8333333333333334,0.1666666666666666,0.8,-0.6333333333333334,0.5,0.8,-0.3,0.8333333333333334,0.2,0.6333333333333333,0.3367003367003366,0.6790123456790123,-0.3423120089786756,1.65,8.100000000000001,-6.450000000000001,129,17,22,0.3423120089786756,6.450000000000001,50.75846240179573,4,9,-5,1,3,-2,1,5,-4,0,0,0,0,0,1,3,1520,1.3,0.3,0.1041745912738688,A,,0.0,0.0,0.0,0.0,0.0,0.0,0.0,0.0,0.0,0.0,0.0,0.0,0.0,0.0,0.0
1519,2024-03-09,J.League,アルビレックス新潟,東京ヴェルディ,1476,1532,-56,1502,1515,-13,3,6,-3,0,2,17,5,-12,35,51,-16,17,19,21,13,-4,6,-10,0.3,0.5517241379310345,0.3571428571428571,0.5,-0.1428571428571428,0.6428571428571429,0.6428571428571429,0.0,0.6428571428571429,0.5,0.1428571428571429,0.419753086419753,0.4853128991060025,-0.0655598126862494,1.9285714285714288,3.011538461538461,-1.082967032967033,56,12,16,0.0655598126862494,1.082967032967033,22.829705369130654,1,0,1,0,0,0,1,0,1,0,3,-3,0,0,0,3,1519,1.2857142857142858,0.0,0.1832039540137075,H,31404,0.612465,0.552391,0.909091,12.0,20.0,0.529785,0.466484,0.727273,9.0,19.0,0.08268000000000009,0.08590699999999996,0.18181800000000004,3.0,1.0
1519,2024-03-09,J.League,ガンバ大阪,清水エスパルス,1540,1543,-3,1485,1480,5,12,11,1,4,3,9,22,13,42,26,16,16,10,12,7,4,3,1,0.52,0.5333333333333333,0.4285714285714285,0.25,0.1785714285714285,0.4285714285714285,0.375,0.0535714285714285,0.5714285714285714,0.75,-0.1785714285714286,0.474074074074074,0.4938271604938271,-0.019753086419753,2.8125000000000004,2.892857142857143,-0.0803571428571423,3,13,16,0.019753086419753,0.0803571428571423,4.320022045855379,9,7,2,3,2,1,4,5,-1,0,0,0,0,0,0,3,1519,0.8035714285714286,0.0535714285714285,0.169644817292099,A,31406,0.554583,0.485724,0.727273,10.0,19.0,0.575912,0.509861,0.909091,10.0,20.0,-0.02132899999999993,-0.02413700000000002,-0.18181800000000004,0.0,-1.0
1519,2024-03-09,J.League,柏レイソル,鹿島アントラーズ,1467,1530,-63,1471,1469,2,8,12,-4,2,4,18,7,-11,34,46,-12,16,18,21,15,-5,3,-8,0.3,0.4827586206896552,0.2352941176470588,0.3076923076923077,-0.0723981900452488,0.5294117647058824,0.3846153846153846,0.1447963800904977,0.7647058823529411,0.6923076923076923,0.0723981900452488,0.3950617283950617,0.4597701149425287,-0.064708386547467,1.9285714285714288,2.61,-0.681428571428571,63,11,12,0.064708386547467,0.681428571428571,24.949227391595205,7,9,-2,2,3,-1,4,3,1,0,0,0,0,0,2,3,1519,0.914027149321267,0.1447963800904977,0.1883440686973574,A,31402,0.530493,0.497507,0.909091,10.0,20.0,0.625194,0.550472,0.909091,11.0,20.0,-0.09470100000000004,-0.052964999999999984,0.0,-1.0,0.0
1519,2024-03-09,J.League,FC東京,湘南ベルマーレ,1510,1555,-45,1500,1517,-17,9,9,0,3,3,8,2,-6,45,54,-9,19,20,18,15,1,5,-4,0.4193548387096774,0.53125,0.3529411764705882,0.5333333333333333,-0.180392156862745,0.6470588235294118,0.6,0.0470588235294118,0.6470588235294118,0.4666666666666667,0.1803921568627451,0.4540023894862604,0.4629629629629629,-0.0089605734767024,2.325,2.8800000000000003,-0.5550000000000002,45,6,9,0.0089605734767024,0.5550000000000002,17.362792114695342,3,6,-3,1,2,-1,0,0,0,1,1,0,1,0,1,3,1519,1.2470588235294118,0.0470588235294118,0.1761667119650388,D,31405,0.530229,0.458587,0.727273,10.0,18.0,0.621479,0.575979,0.909091,11.0,19.0,-0.09125000000000005,-0.117392,-0.18181800000000004,-1.0,-1.0
1519,2024-03-09,J.League,セレッソ大阪,名古屋グランパス,1475,1522,-47,1467,1486,-19,4,6,-2,1,2,14,6,-8,37,47,-10,19,19,21,18,-2,1,-3,0.3,0.4375,0.2142857142857142,0.3529411764705882,-0.1386554621848739,0.5,0.5294117647058824,-0.0294117647058823,0.7857142857142857,0.6470588235294118,0.1386554621848739,0.4691358024691358,0.4398148148148147,0.029320987654321,1.9285714285714288,2.4000000000000004,-0.4714285714285715,47,8,10,0.029320987654321,0.4714285714285715,18.55014991181658,1,3,-2,0,1,-1,1,0,1,0,2,-2,1,0,0,3,1519,1.0294117647058822,0.0294117647058823,0.2099837403422248,D,31407,0.586361,0.526507,0.727273,9.0,19.0,0.586153,0.540056,0.818182,10.0,20.0,0.00020799999999998597,-0.013549000000000033,-0.09090900000000002,-1.0,-1.0
1519,2024-03-09,J.League,浦和レッズ,ファジアーノ岡山,1433,1560,-127,1473,1516,-43,3,7,-4,1,2,27,12,-15,23,37,-14,11,15,19,7,-8,8,-16,0.24,0.6111111111111112,0.2727272727272727,0.6,-0.3272727272727272,0.4545454545454545,0.8,-0.3454545454545455,0.7272727272727273,0.4,0.3272727272727272,0.3259259259259259,0.6172839506172839,-0.291358024691358,1.7763157894736843,3.4714285714285715,-1.6951127819548872,127,15,14,0.291358024691358,1.6951127819548872,48.597294161329245,3,1,2,1,0,1,0,1,-1,2,0,2,0,0,0,3,1519,1.2545454545454546,0.3454545454545455,0.179732822026956,H,31401,0.583683,0.531727,0.818182,10.0,20.0,0.591935,0.529354,0.909091,13.0,19.0,-0.008252000000000037,0.0023729999999999585,-0.09090900000000002,-3.0,1.0
1519,2024-03-09,J.League,横浜FC,町田,1502,1561,-59,1501,1536,-35,4,12,-8,1,4,29,1,-28,18,58,-40,8,24,8,15,0,9,-9,0.3846153846153846,0.53125,0.5,0.5,0.0,0.5,0.8125,-0.3125,0.5,0.5,0.0,0.4558404558404558,0.5555555555555555,-0.0997150997150996,2.19375,2.8800000000000003,-0.6862500000000002,59,28,40,0.0997150997150996,0.6862500000000002,27.80719301994302,3,6,-3,1,2,-1,0,2,-2,1,0,1,0,0,0,3,1519,1.3125,0.3125,0.1993350239750901,A,31403,0.59159,0.541653,0.818182,12.0,19.0,0.596799,0.531833,1.0,11.0,20.0,-0.005209000000000019,0.009820000000000051,-0.18181800000000004,1.0,-1.0
1519,2024-03-09,J.League,京都サンガF.C.,アビスパ福岡,1505,1453,52,1482,1497,-15,3,6,-3,1,2,11,15,4,41,37,4,17,15,16,20,1,-5,6,0.4285714285714285,0.3548387096774194,0.3125,0.4117647058823529,-0.0992647058823529,0.5625,0.5882352941176471,-0.025735294117647,0.6875,0.5882352941176471,0.0992647058823529,0.4497354497354496,0.3584229390681003,0.0913125106673493,2.3625000000000003,2.0925,0.27,52,4,4,0.0913125106673493,0.27,19.27226250213347,3,3,0,1,1,0,1,1,0,0,0,0,1,0,1,3,1519,1.1507352941176472,0.025735294117647,0.1814007292324639,A,31408,0.590616,0.522502,0.909091,11.0,20.0,0.604257,0.528674,0.818182,13.0,20.0,-0.013641000000000014,-0.006171999999999955,0.09090900000000002,-2.0,0.0
1519,2024-03-09,J.League,モンテディオ山形,ブラウブリッツ秋田,1581,1523,58,1543,1503,40,15,12,3,5,4,19,20,1,28,27,1,10,11,2,9,8,2,6,0.8181818181818182,0.4705882352941176,0.8333333333333334,0.4285714285714285,0.4047619047619048,1.0,0.5714285714285714,0.4285714285714286,0.1666666666666666,0.5714285714285714,-0.4047619047619047,0.6734006734006733,0.4793028322440087,0.1940978411566646,7.425000000000001,2.5500000000000003,4.875,58,1,1,0.1940978411566646,4.875,21.56381956823133,9,6,3,3,2,1,5,1,4,0,0,0,2,0,0,3,1519,1.5714285714285714,0.4285714285714286,0.1155580902090888,H,,0.0,0.0,0.0,0.0,0.0,0.0,0.0,0.0,0.0,0.0,0.0,0.0,0.0,0.0,0.0
1519,2024-03-09,J.League,徳島ヴォルティス,熊本,1536,1459,77,1518,1483,35,15,4,11,5,1,25,36,11,23,8,15,9,4,6,8,3,-4,7,0.5384615384615384,0.2,0.5714285714285714,0.25,0.3214285714285714,0.7142857142857143,0.25,0.4642857142857143,0.4285714285714285,0.75,-0.3214285714285714,0.5128205128205128,0.2962962962962963,0.2165242165242165,2.925,1.6875,1.2374999999999998,77,11,15,0.2165242165242165,1.2374999999999998,29.99080484330484,9,3,6,3,1,2,5,0,5,0,1,-1,1,0,0,3,1519,0.9642857142857144,0.4642857142857143,0.1754144753754518,D,,0.0,0.0,0.0,0.0,0.0,0.0,0.0,0.0,0.0,0.0,0.0,0.0,0.0,0.0,0.0
1519,2024-03-09,J.League,北海道コンサドーレ札幌,ジェフユナイテッド千葉,1478,1535,-57,1544,1518,26,1,9,-8,0,3,16,28,12,36,20,16,14,8,18,5,-4,3,-7,0.3793103448275862,0.5454545454545454,0.6153846153846154,0.5,0.1153846153846154,0.7692307692307693,0.75,0.0192307692307692,0.3846153846153846,0.5,-0.1153846153846153,0.3575989782886334,0.5387205387205387,-0.1811215604319052,2.1750000000000003,2.97,-0.7949999999999999,57,12,16,0.1811215604319052,0.7949999999999999,23.14522431208638,1,3,-2,0,1,-1,0,1,-1,2,0,2,0,0,1,3,1519,1.5192307692307692,0.0192307692307692,0.174208376320999,A,,0.0,0.0,0.0,0.0,0.0,0.0,0.0,0.0,0.0,0.0,0.0,0.0,0.0,0.0,0.0
1519,2024-03-09,Cup/Other,大分,水戸ホーリーホック,1500,1469,31,1500,1482,18,0,4,-4,0,1,0,45,45,0,4,-4,0,2,0,5,0,-3,3,0.0,0.1666666666666666,0.0,0.2,-0.2,0.0,0.4,-0.4,0.0,0.8,-0.8,0.0,0.2469135802469135,-0.2469135802469135,0.0,1.62,-1.62,31,45,4,0.2469135802469135,1.62,22.473382716049382,0,3,-3,0,1,-1,0,0,0,0,2,-2,0,0,0,3,1519,0.4,0.4,0.1524063824744852,D,,0.0,0.0,0.0,0.0,0.0,0.0,0.0,0.0,0.0,0.0,0.0,0.0,0.0,0.0,0.0
1519,2024-03-09,J.League,富山,ジュビロ磐田,1498,1437,61,1490,1460,30,6,6,0,1,2,38,26,-12,6,23,-17,4,11,4,19,0,-8,8,0.2,0.24,0.0,0.1818181818181818,-0.1818181818181818,0.5,0.3636363636363636,0.1363636363636363,1.0,0.8181818181818182,0.1818181818181817,0.5925925925925926,0.3259259259259259,0.2666666666666666,1.6875,1.7763157894736843,-0.0888157894736842,61,12,17,0.2666666666666666,0.0888157894736842,24.42109649122807,4,3,1,1,1,0,2,1,1,0,0,0,0,0,0,3,1519,0.8636363636363636,0.1363636363636363,0.2651676814170128,H,,0.0,0.0,0.0,0.0,0.0,0.0,0.0,0.0,0.0,0.0,0.0,0.0,0.0,0.0,0.0
1518,2024-03-02,J.League,横浜F・マリノス,湘南ベルマーレ,1507,1564,-57,1497,1521,-24,4,12,-8,1,4,9,4,-5,42,54,-12,16,20,14,15,2,5,-3,0.4814814814814814,0.53125,0.4166666666666667,0.5333333333333333,-0.1166666666666666,0.5833333333333334,0.6,-0.0166666666666666,0.5833333333333334,0.4666666666666667,0.1166666666666667,0.4389574759945129,0.4629629629629629,-0.0240054869684499,2.603571428571429,2.8800000000000003,-0.2764285714285712,57,5,12,0.0240054869684499,0.2764285714285712,21.2600868116794,1,9,-8,0,3,-3,0,3,-3,1,0,1,0,0,0,3,1518,1.1833333333333331,0.0166666666666666,0.1644738293870459,H,31391,0.612491,0.544287,0.636364,11.0,19.0,0.526324,0.502287,0.909091,10.0,19.0,0.086167,0.041999999999999926,-0.27272699999999994,1.0,0.0
1518,2024-03-02,J.League,ヴィッセル神戸,アビスパ福岡,1581,1440,141,1546,1487,59,7,3,4,2,1,2,14,12,54,37,17,22,15,12,20,10,-5,15,0.5714285714285714,0.3548387096774194,0.6153846153846154,0.375,0.2403846153846154,0.8461538461538461,0.5625,0.2836538461538461,0.3846153846153846,0.625,-0.2403846153846153,0.582010582010582,0.3584229390681003,0.2235876429424816,3.1500000000000004,2.0925,1.0575,141,12,17,0.2235876429424816,1.0575,52.606217528588495,6,0,6,2,0,2,0,0,0,1,3,-2,2,0,0,3,1518,1.4086538461538465,0.2836538461538461,0.1793830391558925,A,31394,0.517861,0.489806,0.545455,9.0,20.0,0.584315,0.519741,0.545455,10.0,19.0,-0.06645400000000001,-0.02993499999999999,0.0,-1.0,1.0
1518,2024-03-02,J.League,アルビレックス新潟,セレッソ大阪,1478,1469,9,1501,1516,-15,2,4,-2,0,1,17,16,-1,35,36,-1,17,18,21,21,-4,-3,-1,0.3,0.3,0.3571428571428571,0.4,-0.0428571428571428,0.6428571428571429,0.7333333333333333,-0.0904761904761903,0.6428571428571429,0.6,0.0428571428571429,0.419753086419753,0.4444444444444444,-0.0246913580246913,1.9285714285714288,1.9285714285714288,0.0,9,1,1,0.0246913580246913,0.0,3.404938271604938,1,0,1,0,0,0,0,0,0,2,3,-1,1,0,0,3,1518,1.3761904761904762,0.0904761904761903,0.2240454031210073,D,31396,0.554454,0.472093,0.818182,9.0,19.0,0.567514,0.505843,0.636364,10.0,19.0,-0.01305999999999996,-0.03375000000000006,0.18181799999999992,-1.0,0.0
1518,2024-03-02,J.League,東京ヴェルディ,ガンバ大阪,1551,1522,29,1534,1534,0,7,12,-5,2,4,3,11,8,54,39,15,20,15,12,13,8,2,6,0.5862068965517241,0.48,0.6428571428571429,0.5454545454545454,0.0974025974025974,0.7142857142857143,0.8181818181818182,-0.1038961038961039,0.3571428571428571,0.4545454545454545,-0.0974025974025973,0.5108556832694764,0.4444444444444444,0.0664112388250319,3.2625,2.5961538461538463,0.6663461538461539,29,8,15,0.0664112388250319,0.6663461538461539,12.296551478534235,3,9,-6,1,3,-2,0,3,-3,2,0,2,1,0,0,3,1518,1.5324675324675323,0.1038961038961039,0.1630551739839789,A,31395,0.639481,0.570824,1.0,11.0,20.0,0.524097,0.460449,0.727273,10.0,18.0,0.11538399999999993,0.110375,0.27272700000000005,1.0,2.0
1518,2024-03-02,J.League,サンフレッチェ広島,横浜FC,1553,1513,40,1518,1508,10,6,4,2,2,1,5,30,25,51,18,33,19,8,13,7,6,1,5,0.5517241379310345,0.4166666666666667,0.5714285714285714,0.375,0.1964285714285714,0.5714285714285714,0.75,-0.1785714285714286,0.4285714285714285,0.625,-0.1964285714285714,0.4853128991060025,0.4938271604938271,-0.0085142613878245,3.011538461538461,2.3142857142857145,0.697252747252747,40,25,33,0.0085142613878245,0.697252747252747,20.391153401728115,6,4,2,2,1,1,2,1,1,0,0,0,0,0,0,3,1518,1.3214285714285714,0.1785714285714286,0.183844160614305,H,31399,0.591667,0.549157,0.727273,11.0,18.0,0.521972,0.463389,0.636364,9.0,18.0,0.06969500000000006,0.08576800000000001,0.0909089999999999,2.0,0.0
1518,2024-03-02,J.League,鹿島アントラーズ,FC東京,1522,1523,-1,1551,1518,33,12,12,0,4,4,8,6,-2,46,48,-2,18,20,15,17,3,3,0,0.4827586206896552,0.4516129032258064,0.625,0.5384615384615384,0.0865384615384615,0.8125,0.6153846153846154,0.1971153846153845,0.375,0.4615384615384615,-0.0865384615384615,0.4597701149425287,0.4778972520908004,-0.0181271371482716,2.61,2.461764705882353,0.1482352941176468,1,2,2,0.0181271371482716,0.1482352941176468,0.8832724862531837,6,6,0,2,2,0,2,1,1,0,0,0,1,0,0,3,1518,1.4278846153846154,0.1971153846153845,0.1848762578279782,H,31392,0.605824,0.543935,0.909091,12.0,20.0,0.600745,0.52506,0.363636,10.0,20.0,0.005079000000000056,0.018874999999999975,0.545455,2.0,0.0
1518,2024-03-02,J.League,名古屋グランパス,町田,1531,1552,-21,1527,1527,0,7,9,-2,2,3,7,1,-6,47,58,-11,19,24,18,15,1,9,-8,0.4375,0.53125,0.5333333333333333,0.4666666666666667,0.0666666666666666,0.6666666666666666,0.8,-0.1333333333333334,0.4666666666666667,0.5333333333333333,-0.0666666666666666,0.4398148148148147,0.5555555555555555,-0.1157407407407407,2.4000000000000004,2.8800000000000003,-0.48,21,6,11,0.1157407407407407,0.48,8.969148148148149,3,6,-3,1,2,-1,0,1,-1,1,0,1,0,0,1,3,1518,1.4666666666666668,0.1333333333333334,0.1885135452681521,A,31397,0.581907,0.524037,0.636364,11.0,20.0,0.595241,0.537407,0.727273,11.0,20.0,-0.013334000000000068,-0.013369999999999993,-0.0909089999999999,0.0,0.0
1518,2024-03-02,J.League,ファジアーノ岡山,清水エスパルス,1562,1541,21,1546,1479,67,9,13,-4,3,4,15,22,7,36,25,11,14,9,6,6,8,3,5,0.6470588235294118,0.5714285714285714,0.6666666666666666,0.2857142857142857,0.3809523809523809,0.8333333333333334,0.2857142857142857,0.5476190476190477,0.3333333333333333,0.7142857142857143,-0.380952380952381,0.6100217864923747,0.4761904761904762,0.1338313103018985,3.825,3.1500000000000004,0.6749999999999998,21,7,11,0.1338313103018985,0.6749999999999998,9.261766262060378,3,9,-6,1,3,-2,0,5,-5,2,0,2,0,0,0,3,1518,1.119047619047619,0.5476190476190477,0.1557271240101003,D,31398,0.593611,0.537806,0.818182,11.0,18.0,0.562495,0.504051,0.818182,10.0,19.0,0.031116000000000033,0.03375499999999998,0.0,1.0,-1.0
1518,2024-03-02,J.League,浦和レッズ,柏レイソル,1440,1452,-12,1483,1477,6,6,6,0,2,1,26,18,-8,23,31,-8,11,15,19,22,-8,-7,-1,0.24,0.2666666666666666,0.3,0.3076923076923077,-0.0076923076923077,0.5,0.4615384615384615,0.0384615384615384,0.7,0.6923076923076923,0.0076923076923076,0.3259259259259259,0.3703703703703703,-0.0444444444444444,1.7763157894736843,1.840909090909091,-0.0645933014354067,12,8,8,0.0444444444444444,0.0645933014354067,6.221807549175969,3,5,-2,1,1,0,0,3,-3,1,0,1,0,0,0,3,1518,0.9615384615384616,0.0384615384615384,0.192489289549966,A,31400,0.596963,0.549898,0.727273,10.0,20.0,0.5675,0.535,0.909091,11.0,20.0,0.029463000000000017,0.014897999999999967,-0.18181800000000004,-1.0,0.0
1518,2024-03-02,J.League,川崎フロンターレ,京都サンガF.C.,1512,1487,25,1522,1511,11,8,0,8,2,0,10,13,3,40,38,2,18,16,17,17,1,-1,2,0.3928571428571428,0.3928571428571428,0.5454545454545454,0.5,0.0454545454545454,0.7272727272727273,0.5833333333333334,0.1439393939393939,0.4545454545454545,0.5,-0.0454545454545454,0.4761904761904762,0.4232804232804232,0.052910052910053,2.2235294117647064,2.2235294117647064,0.0,25,3,2,0.052910052910053,0.0,9.510582010582011,7,0,7,2,0,2,3,0,3,0,5,-5,0,1,0,3,1518,1.3106060606060606,0.1439393939393939,0.2022574266320107,A,31393,0.552056,0.47313,0.090909,10.0,20.0,0.587713,0.50438,0.727273,10.0,19.0,-0.03565700000000005,-0.031250000000000056,-0.6363639999999999,0.0,1.0
1518,2024-03-02,Cup/Other,ベガルタ仙台,大分,1505,1500,5,1513,1500,13,7,0,7,2,0,23,0,-23,25,0,25,11,0,10,0,1,0,1,0.4117647058823529,0.0,0.5,0.0,0.5,0.7,0.0,0.7,0.5,0.0,0.5,0.4793028322440087,0.0,0.4793028322440087,2.295,0.0,2.295,5,23,25,0.4793028322440087,2.295,8.054860566448802,6,0,6,2,0,2,0,0,0,1,0,1,0,0,0,3,1518,0.7,0.7,0.2088374503263512,H,,0.0,0.0,0.0,0.0,0.0,0.0,0.0,0.0,0.0,0.0,0.0,0.0,0.0,0.0,0.0
1518,2024-03-02,J.League,熊本,大宮,1470,1524,-54,1490,1509,-19,4,7,-3,1,2,35,36,1,8,7,1,4,3,7,1,-3,2,-5,0.2222222222222222,0.6666666666666666,0.2,0.5,-0.3,0.6,1.0,-0.4,0.8,0.5,0.3,0.3292181069958847,0.7407407407407407,-0.411522633744856,1.7357142857142858,4.050000000000001,-2.314285714285715,54,1,1,0.411522633744856,2.314285714285715,19.69516166960611,3,7,-4,1,2,-1,1,3,-2,0,0,0,0,0,0,3,1518,1.6,0.4,0.1849279625822857,A,,0.0,0.0,0.0,0.0,0.0,0.0,0.0,0.0,0.0,0.0,0.0,0.0,0.0,0.0,0.0
1518,2024-03-02,J.League,サガン鳥栖,FC今治,1459,1513,-54,1487,1509,-22,9,3,6,3,1,21,45,24,27,3,24,11,1,16,0,-5,1,-6,0.3333333333333333,1.0,0.3333333333333333,1.0,-0.6666666666666667,0.5333333333333333,1.0,-0.4666666666666667,0.6666666666666666,0.0,0.6666666666666666,0.3395061728395061,0.7407407407407407,-0.4012345679012346,2.0250000000000004,2.0,0.0250000000000003,54,24,24,0.4012345679012346,0.0250000000000003,24.985246913580244,6,3,3,2,1,1,1,1,0,0,0,0,0,0,0,3,1518,1.5333333333333332,0.4666666666666667,0.2683776585874256,A,,0.0,0.0,0.0,0.0,0.0,0.0,0.0,0.0,0.0,0.0,0.0,0.0,0.0,0.0,0.0
1517,2024-02-26,J.League,湘南ベルマーレ,浦和レッズ,1552,1453,99,1516,1463,53,12,6,6,4,2,5,22,17,51,26,25,19,12,16,18,3,-6,9,0.5,0.28,0.5,0.2142857142857142,0.2857142857142857,0.625,0.4285714285714285,0.1964285714285714,0.5,0.7857142857142857,-0.2857142857142857,0.4398148148148147,0.3555555555555555,0.0842592592592592,2.7,1.875,0.825,99,17,25,0.0842592592592592,0.825,39.08185185185185,6,3,3,2,1,1,2,1,1,0,0,0,1,0,0,2,1517,1.0535714285714286,0.1964285714285714,0.1738476471269197,H,31386,0.55925,0.544583,1.0,11.0,20.0,0.510125,0.466458,0.818182,9.0,19.0,0.049124999999999974,0.07812500000000006,0.18181800000000004,2.0,1.0
1517,2024-02-26,J.League,ファジアーノ岡山,ガンバ大阪,1577,1501,76,1556,1524,32,12,9,3,4,3,15,16,1,36,36,0,14,14,5,14,9,0,9,0.6875,0.44,0.7272727272727273,0.5,0.2272727272727273,0.9090909090909092,0.8,0.109090909090909,0.2727272727272727,0.5,-0.2272727272727273,0.6481481481481481,0.4148148148148148,0.2333333333333333,4.32,2.4107142857142856,1.9092857142857147,76,1,0,0.2333333333333333,1.9092857142857147,27.278523809523808,6,6,0,2,2,0,0,2,-2,1,0,1,0,0,0,2,1517,1.709090909090909,0.109090909090909,0.1579248687961919,A,31389,0.524625,0.45625,0.636364,9.0,18.0,0.54425,0.470208,0.636364,10.0,19.0,-0.019625000000000004,-0.013958000000000026,0.0,-1.0,-1.0
1517,2024-02-26,J.League,アビスパ福岡,川崎フロンターレ,1451,1500,-49,1475,1479,-4,6,5,1,2,1,13,12,-1,38,38,0,16,18,20,18,-4,0,-4,0.3548387096774194,0.3571428571428571,0.3571428571428571,0.2352941176470588,0.1218487394957983,0.4285714285714285,0.5882352941176471,-0.1596638655462185,0.6428571428571429,0.7647058823529411,-0.1218487394957982,0.3823178016726403,0.4761904761904762,-0.0938726745178358,2.0925,2.1,-0.0074999999999998,49,1,0,0.0938726745178358,0.0074999999999998,17.420274534903566,3,4,-1,1,1,0,0,2,-2,2,0,2,0,1,0,2,1517,1.0168067226890756,0.1596638655462185,0.2047675136819912,A,31390,0.56025,0.501667,0.545455,10.0,19.0,0.675625,0.6025,0.818182,13.0,20.0,-0.115375,-0.10083300000000006,-0.27272699999999994,-3.0,-1.0
1517,2024-02-26,J.League,鹿島アントラーズ,アルビレックス新潟,1516,1484,32,1544,1480,64,10,5,5,3,1,8,17,9,46,35,11,18,17,15,21,3,-4,7,0.4827586206896552,0.3,0.6,0.2666666666666666,0.3333333333333333,0.8,0.5333333333333333,0.2666666666666667,0.4,0.7333333333333333,-0.3333333333333332,0.4597701149425287,0.419753086419753,0.0400170285227756,2.61,1.9285714285714288,0.681428571428571,32,9,11,0.0400170285227756,0.681428571428571,13.594289119990268,6,2,4,2,0,2,1,0,1,0,1,-1,0,1,1,2,1517,1.3333333333333337,0.2666666666666667,0.1937842858210859,H,31381,0.621625,0.564375,1.0,13.0,19.0,0.541125,0.48375,0.727273,10.0,18.0,0.08050000000000002,0.08062499999999995,0.27272700000000005,3.0,1.0
1517,2024-02-26,J.League,FC東京,名古屋グランパス,1516,1539,-23,1496,1490,6,9,10,-1,3,3,6,7,1,48,47,1,20,19,17,18,3,1,2,0.4516129032258064,0.4375,0.3529411764705882,0.3529411764705882,0.0,0.6470588235294118,0.5294117647058824,0.1176470588235294,0.6470588235294118,0.6470588235294118,0.0,0.4778972520908004,0.4398148148148147,0.0380824372759856,2.461764705882353,2.4000000000000004,0.0617647058823527,23,1,1,0.0380824372759856,0.0617647058823527,8.319969428631666,6,6,0,2,2,0,0,1,-1,1,0,1,1,0,0,2,1517,1.1764705882352942,0.1176470588235294,0.1887572202071519,H,31383,0.615083,0.548958,0.545455,11.0,19.0,0.602125,0.538542,0.909091,10.0,20.0,0.012958000000000025,0.01041599999999998,-0.36363599999999996,1.0,-1.0
1516,2024-02-23,J.League,名古屋グランパス,ヴィッセル神戸,1526,1589,-63,1517,1542,-25,10,10,0,3,3,7,3,-4,44,54,-10,18,22,18,12,0,10,-10,0.4193548387096774,0.5714285714285714,0.5,0.5714285714285714,-0.0714285714285714,0.6428571428571429,0.7857142857142857,-0.1428571428571428,0.5,0.4285714285714285,0.0714285714285714,0.4301075268817204,0.582010582010582,-0.1519030551288615,2.325,3.1500000000000004,-0.8250000000000002,63,4,10,0.1519030551288615,0.8250000000000002,23.24538061102577,4,7,-3,1,2,-1,0,3,-3,1,0,1,0,1,1,2,1516,1.4285714285714286,0.1428571428571428,0.18485837864008,H,31374,0.59575,0.542917,0.636364,11.0,18.0,0.48825,0.472083,0.818182,9.0,17.0,0.10749999999999998,0.07083400000000001,-0.18181799999999992,2.0,1.0
1516,2024-02-23,J.League,京都サンガF.C.,浦和レッズ,1508,1438,70,1492,1453,39,1,3,-2,0,1,10,24,14,42,23,19,18,11,17,18,1,-7,8,0.4137931034482758,0.25,0.3333333333333333,0.1538461538461538,0.1794871794871794,0.6,0.3846153846153846,0.2153846153846153,0.6666666666666666,0.8461538461538461,-0.1794871794871795,0.4597701149425287,0.3395061728395061,0.1202639421030226,2.3029411764705885,1.8,0.5029411764705884,70,14,19,0.1202639421030226,0.5029411764705884,28.124641023714723,0,3,-3,0,1,-1,0,0,0,4,2,2,0,1,0,2,1516,0.9846153846153848,0.2153846153846153,0.1948009423755204,A,31375,0.5735,0.518333,0.818182,10.0,19.0,0.5875,0.55,1.0,11.0,19.0,-0.014000000000000012,-0.031667,-0.18181800000000004,-1.0,0.0
1516,2024-02-23,J.League,FC東京,町田,1529,1545,-16,1505,1524,-19,9,7,2,3,2,5,1,-4,48,58,-10,20,24,16,15,4,9,-5,0.4666666666666667,0.53125,0.375,0.4666666666666667,-0.0916666666666666,0.6875,0.8,-0.1125,0.625,0.5333333333333333,0.0916666666666666,0.4938271604938271,0.5555555555555555,-0.0617283950617283,2.53125,2.8800000000000003,-0.3487500000000003,16,4,10,0.0617283950617283,0.3487500000000003,6.682095679012345,9,6,3,3,2,1,3,0,3,0,1,-1,0,0,1,2,1516,1.4875,0.1125,0.1939225361599937,A,31377,0.60875,0.56375,1.0,11.0,18.0,0.57175,0.515417,0.909091,11.0,19.0,0.03700000000000003,0.04833299999999996,0.09090900000000002,0.0,-1.0
1516,2024-02-23,J.League,セレッソ大阪,湘南ベルマーレ,1481,1538,-57,1469,1500,-31,4,12,-8,1,4,15,6,-9,37,48,-11,19,18,21,17,-2,1,-3,0.3,0.46875,0.2,0.4375,-0.2375,0.5333333333333333,0.5,0.0333333333333333,0.8,0.5625,0.2375,0.4691358024691358,0.4166666666666666,0.0524691358024691,1.9285714285714288,2.541176470588236,-0.6126050420168068,57,9,11,0.0524691358024691,0.6126050420168068,22.33301483556385,3,6,-3,1,2,-1,0,1,-1,2,0,2,1,0,0,2,1516,1.0333333333333332,0.0333333333333333,0.1981728437118261,A,31379,0.57075,0.542917,1.0,11.0,19.0,0.575,0.55,1.0,11.0,19.0,-0.004249999999999976,-0.0070830000000000615,0.0,0.0,0.0
1516,2024-02-23,J.League,鹿島アントラーズ,東京ヴェルディ,1503,1565,-62,1535,1531,4,7,10,-3,2,3,9,2,-7,43,55,-12,17,21,15,12,2,9,-7,0.4642857142857143,0.5862068965517241,0.5714285714285714,0.5714285714285714,0.0,0.7857142857142857,0.7142857142857143,0.0714285714285714,0.4285714285714285,0.4285714285714285,0.0,0.4497354497354496,0.5363984674329502,-0.0866630176975005,2.5200000000000005,3.2625,-0.7424999999999997,62,7,12,0.0866630176975005,0.7424999999999997,23.6158326035395,6,6,0,2,2,0,0,0,0,1,1,0,0,1,1,2,1516,1.5,0.0714285714285714,0.1705346932467056,H,31376,0.5485,0.4975,0.727273,10.0,18.0,0.51425,0.47375,0.636364,9.0,17.0,0.03425,0.023749999999999993,0.0909089999999999,1.0,1.0
1516,2024-02-23,J.League,横浜FC,ファジアーノ岡山,1508,1591,-83,1491,1526,-35,2,15,-13,0,5,30,13,-17,19,37,-18,9,15,8,5,1,10,-9,0.3846153846153846,0.6875,0.3333333333333333,0.75,-0.4166666666666667,0.3333333333333333,1.0,-0.6666666666666667,0.6666666666666666,0.25,0.4166666666666666,0.5128205128205128,0.6944444444444444,-0.1816239316239316,2.19375,4.32,-2.12625,83,17,18,0.1816239316239316,2.12625,33.76157478632478,1,9,-8,0,3,-3,0,5,-5,1,0,1,0,1,1,2,1516,1.3333333333333333,0.6666666666666667,0.1853381575051555,H,31372,0.6125,0.55,0.909091,11.0,20.0,0.6125,0.55,1.0,11.0,19.0,0.0,0.0,-0.09090900000000002,0.0,1.0
1516,2024-02-23,J.League,柏レイソル,川崎フロンターレ,1450,1502,-52,1472,1479,-7,8,4,4,2,1,20,14,-6,31,37,-6,15,17,22,17,-7,0,-7,0.2666666666666666,0.3703703703703703,0.2352941176470588,0.25,-0.0147058823529411,0.5294117647058824,0.5625,-0.0330882352941176,0.7647058823529411,0.75,0.0147058823529411,0.3703703703703703,0.4663923182441701,-0.0960219478737997,1.840909090909091,2.1441176470588235,-0.3032085561497324,52,6,6,0.0960219478737997,0.3032085561497324,19.779846100804708,4,4,0,1,1,0,2,1,1,0,0,0,1,0,1,2,1516,1.0919117647058822,0.0330882352941176,0.2099714121115305,D,31371,0.542,0.5075,0.818182,10.0,19.0,0.53425,0.48625,0.818182,10.0,18.0,0.007750000000000035,0.021249999999999936,0.0,0.0,1.0
1516,2024-02-23,J.League,清水エスパルス,アルビレックス新潟,1533,1494,39,1542,1488,54,13,8,5,4,2,26,16,-10,22,35,-13,8,17,6,20,2,-3,5,0.5384615384615384,0.3103448275862069,0.8333333333333334,0.2857142857142857,0.5476190476190477,1.0,0.5714285714285714,0.4285714285714286,0.1666666666666666,0.7142857142857143,-0.5476190476190477,0.4558404558404558,0.4342273307790548,0.021613125061401,2.925,1.9575,0.9674999999999998,39,10,13,0.021613125061401,0.9674999999999998,16.347822625012277,7,2,5,2,0,2,5,2,3,0,0,0,0,0,0,2,1516,1.5714285714285714,0.4285714285714286,0.1822938161265536,H,31373,0.575,0.55,1.0,11.0,19.0,0.53425,0.494583,0.909091,10.0,17.0,0.04074999999999995,0.05541700000000005,0.09090900000000002,1.0,2.0
1516,2024-02-23,J.League,ガンバ大阪,アビスパ福岡,1491,1462,29,1468,1496,-28,7,9,-2,2,3,17,12,-5,33,38,-5,13,16,14,19,-1,-3,2,0.4166666666666667,0.3666666666666666,0.3571428571428571,0.375,-0.0178571428571428,0.3571428571428571,0.625,-0.2678571428571428,0.6428571428571429,0.625,0.0178571428571429,0.4012345679012345,0.3950617283950617,0.0061728395061728,2.3142857142857145,2.131578947368421,0.1827067669172932,29,5,5,0.0061728395061728,0.1827067669172932,11.437775921284691,6,3,3,2,1,1,1,0,1,0,1,-1,1,0,1,2,1516,0.9821428571428572,0.2678571428571428,0.1791054038652731,H,31378,0.56325,0.50125,0.636364,10.0,19.0,0.5205,0.463333,0.636364,9.0,18.0,0.042750000000000066,0.03791699999999998,0.0,1.0,1.0
1516,2024-02-23,J.League,サンフレッチェ広島,横浜F・マリノス,1547,1518,29,1509,1524,-15,6,7,-1,2,2,4,8,4,52,43,9,20,17,14,14,6,3,3,0.5333333333333333,0.4814814814814814,0.5,0.5333333333333333,-0.0333333333333333,0.5714285714285714,0.6666666666666666,-0.0952380952380952,0.5,0.4666666666666667,0.0333333333333333,0.4938271604938271,0.4663923182441701,0.0274348422496569,2.892857142857143,2.603571428571429,0.2892857142857137,29,4,9,0.0274348422496569,0.2892857142857137,11.213344111307071,3,1,2,1,0,1,1,1,0,0,0,0,0,0,0,2,1516,1.238095238095238,0.0952380952380952,0.1746956222022206,H,31380,0.5875,0.55,1.0,11.0,19.0,0.5825,0.541667,0.818182,11.0,18.0,0.0050000000000000044,0.008333000000000035,0.18181800000000004,0.0,1.0
1516,2024-02-23,Cup/Other,大分,いわきFC,1500,1455,45,1500,1501,-1,0,3,-3,0,1,0,29,29,0,20,-20,0,8,0,12,0,-4,4,0.0,0.3333333333333333,0.0,0.4285714285714285,-0.4285714285714285,0.0,0.5714285714285714,-0.5714285714285714,0.0,0.5714285714285714,-0.5714285714285714,0.0,0.3292181069958847,-0.3292181069958847,0.0,2.0250000000000004,-2.0250000000000004,45,29,20,0.3292181069958847,2.0250000000000004,23.47084362139918,0,0,0,0,0,0,0,0,0,0,4,-4,0,0,0,2,1516,0.5714285714285714,0.5714285714285714,0.1625688148713074,D,,0.0,0.0,0.0,0.0,0.0,0.0,0.0,0.0,0.0,0.0,0.0,0.0,0.0,0.0,0.0
1516,2024-02-23,J.League,徳島ヴォルティス,ベガルタ仙台,1526,1516,10,1509,1500,9,12,7,5,4,2,28,22,-6,20,25,-5,8,11,6,9,2,2,0,0.5,0.4375,0.5,0.3333333333333333,0.1666666666666666,0.6666666666666666,0.6666666666666666,0.0,0.5,0.6666666666666666,-0.1666666666666666,0.4938271604938271,0.5092592592592592,-0.0154320987654321,2.7,2.4000000000000004,0.2999999999999998,10,6,5,0.0154320987654321,0.2999999999999998,5.063086419753086,9,6,3,3,2,1,4,2,2,0,0,0,1,0,0,2,1516,1.3333333333333333,0.0,0.1966797552505022,H,,0.0,0.0,0.0,0.0,0.0,0.0,0.0,0.0,0.0,0.0,0.0,0.0,0.0,0.0,0.0
1516,2024-02-23,J.League,熊本,北海道コンサドーレ札幌,1448,1500,-52,1474,1446,28,4,4,0,1,1,38,11,-27,5,42,-37,3,16,8,17,-5,-1,-4,0.1111111111111111,0.4333333333333333,0.0,0.25,-0.25,0.4,0.3125,0.0875,1.0,0.75,0.25,0.2469135802469135,0.3950617283950617,-0.1481481481481481,1.5187500000000005,2.382352941176471,-0.8636029411764707,52,27,37,0.1481481481481481,0.8636029411764707,25.15235021786492,1,1,0,0,0,0,0,0,0,2,1,1,0,0,0,2,1516,0.7125,0.0875,0.164558296074794,H,,0.0,0.0,0.0,0.0,0.0,0.0,0.0,0.0,0.0,0.0,0.0,0.0,0.0,0.0,0.0
1515,2024-02-16,J.League,ヴィッセル神戸,浦和レッズ,1588,1440,148,1533,1460,73,10,3,7,3,1,3,23,20,54,23,31,22,11,12,18,10,-7,17,0.5714285714285714,0.25,0.5384615384615384,0.1666666666666666,0.3717948717948718,0.7692307692307693,0.4166666666666667,0.3525641025641026,0.4615384615384615,0.8333333333333334,-0.3717948717948718,0.582010582010582,0.3395061728395061,0.2425044091710758,3.1500000000000004,1.8,1.3500000000000003,148,20,31,0.2425044091710758,1.3500000000000003,57.118500881834215,4,3,1,1,1,0,2,0,2,0,1,-1,0,1,0,2,1515,1.185897435897436,0.3525641025641026,0.1861612401466815,H,31364,0.0,0.0,0.0,0.0,0.0,0.0,0.0,0.0,0.0,0.0,0.0,0.0,0.0,0.0,0.0
1515,2024-02-16,J.League,アビスパ福岡,柏レイソル,1475,1437,38,1484,1467,17,10,6,4,3,1,12,21,9,39,28,11,17,14,19,22,-2,-8,6,0.3666666666666666,0.2413793103448276,0.3571428571428571,0.25,0.1071428571428571,0.5,0.4166666666666667,0.0833333333333333,0.6428571428571429,0.75,-0.1071428571428571,0.419753086419753,0.3575989782886334,0.0621541081311196,2.131578947368421,1.7795454545454548,0.3520334928229665,38,9,11,0.0621541081311196,0.3520334928229665,15.632837520190815,6,2,4,2,0,2,1,1,0,0,0,0,3,0,0,2,1515,0.9166666666666669,0.0833333333333333,0.1987490322283746,A,31366,0.0,0.0,0.0,0.0,0.0,0.0635,0.051667,0.090909,1.0,2.0,-0.0635,-0.051667,-0.090909,-1.0,-2.0
1515,2024-02-16,J.League,横浜FC,FC東京,1521,1511,10,1500,1515,-15,5,6,-1,1,2,29,8,-21,19,45,-26,9,19,7,17,2,2,0,0.4166666666666667,0.4333333333333333,0.5,0.5384615384615384,-0.0384615384615384,0.5,0.6153846153846154,-0.1153846153846154,0.5,0.4615384615384615,0.0384615384615384,0.5555555555555555,0.4691358024691358,0.0864197530864196,2.3142857142857145,2.382352941176471,-0.0680672268907565,10,21,26,0.0864197530864196,0.0680672268907565,8.780897395995435,1,6,-5,0,2,-2,1,2,-1,0,0,0,0,0,0,2,1515,1.1153846153846154,0.1153846153846154,0.2181708272894855,A,31363,0.0,0.0,0.0,0.0,0.0,0.1,0.1,0.090909,2.0,2.0,-0.1,-0.1,-0.090909,-2.0,-2.0
1515,2024-02-16,J.League,川崎フロンターレ,名古屋グランパス,1489,1543,-54,1513,1499,14,4,13,-9,1,4,16,5,-11,35,47,-12,17,19,18,17,-1,2,-3,0.3333333333333333,0.4516129032258064,0.4545454545454545,0.375,0.0795454545454545,0.7272727272727273,0.5625,0.1647727272727273,0.5454545454545454,0.625,-0.0795454545454545,0.4663923182441701,0.4540023894862604,0.0123899287579096,2.0250000000000004,2.461764705882353,-0.4367647058823527,54,11,12,0.0123899287579096,0.4367647058823527,21.73983092692805,1,7,-6,0,2,-2,0,5,-5,1,0,1,1,0,1,2,1515,1.2897727272727273,0.1647727272727273,0.2051309250586,H,31367,0.0,0.0,0.0,0.0,0.0,0.0,0.0,0.0,0.0,0.0,0.0,0.0,0.0,0.0,0.0
1515,2024-02-16,J.League,湘南ベルマーレ,鹿島アントラーズ,1524,1519,5,1502,1490,12,12,7,5,4,2,9,6,-3,45,46,-1,17,18,18,14,-1,4,-5,0.4375,0.5,0.4375,0.4285714285714285,0.0089285714285714,0.5625,0.5,0.0625,0.5625,0.5714285714285714,-0.0089285714285713,0.3935185185185185,0.4761904761904762,-0.0826719576719577,2.4000000000000004,2.7,-0.2999999999999998,5,3,1,0.0826719576719577,0.2999999999999998,2.576534391534392,6,7,-1,2,2,0,0,3,-3,1,0,1,1,0,1,2,1515,1.0625,0.0625,0.1705278317501607,H,31368,0.0,0.0,0.0,0.0,0.0,0.0,0.0,0.0,0.0,0.0,0.0,0.0,0.0,0.0,0.0
1515,2024-02-16,J.League,横浜F・マリノス,アルビレックス新潟,1521,1487,34,1498,1481,17,6,10,-4,2,3,11,17,6,42,34,8,16,16,13,20,3,-4,7,0.5,0.3103448275862069,0.4545454545454545,0.2857142857142857,0.1688311688311688,0.5454545454545454,0.5,0.0454545454545454,0.5454545454545454,0.7142857142857143,-0.1688311688311689,0.4558404558404558,0.408684546615581,0.0471559092248747,2.7,1.9575,0.7425000000000002,34,6,8,0.0471559092248747,0.7425000000000002,13.557931181844976,3,4,-1,1,1,0,0,1,-1,2,0,2,1,0,0,2,1515,1.0454545454545454,0.0454545454545454,0.1856159830075654,D,31362,0.0,0.0,0.0,0.0,0.0,0.0,0.0,0.0,0.0,0.0,0.0,0.0,0.0,0.0,0.0
1515,2024-02-16,J.League,ファジアーノ岡山,京都サンガF.C.,1587,1522,65,1554,1526,28,15,4,11,5,1,13,7,-6,37,45,-8,15,19,5,16,10,3,7,0.6875,0.4482758620689655,0.6666666666666666,0.5384615384615384,0.1282051282051282,0.9166666666666666,0.6923076923076923,0.2243589743589743,0.3333333333333333,0.4615384615384615,-0.1282051282051282,0.6944444444444444,0.4853128991060025,0.2091315453384419,4.32,2.4468750000000004,1.873125,65,6,8,0.2091315453384419,1.873125,24.66645130906769,9,0,9,3,0,3,5,0,5,0,3,-3,0,0,0,2,1515,1.608974358974359,0.2243589743589743,0.1743404318104392,H,31365,0.0,0.0,0.0,0.0,0.0,0.0,0.0,0.0,0.0,0.0,0.0,0.0,0.0,0.0,0.0
1515,2024-02-16,J.League,東京ヴェルディ,清水エスパルス,1581,1524,57,1546,1468,78,10,13,-3,3,4,2,24,22,56,22,34,22,8,12,6,10,2,8,0.5862068965517241,0.5384615384615384,0.6428571428571429,0.1666666666666666,0.4761904761904763,0.7857142857142857,0.1666666666666666,0.6190476190476191,0.3571428571428571,0.8333333333333334,-0.4761904761904762,0.5619412515964239,0.4558404558404558,0.106100795755968,3.2625,2.925,0.3375000000000003,57,22,34,0.106100795755968,0.3375000000000003,25.538720159151197,7,7,0,2,2,0,4,5,-1,0,0,0,0,0,0,2,1515,0.9523809523809524,0.6190476190476191,0.1644873145382506,A,31369,0.0,0.0,0.0,0.0,0.0,0.0,0.0,0.0,0.0,0.0,0.0,0.0,0.0,0.0,0.0
1515,2024-02-16,J.League,町田,サンフレッチェ広島,1562,1533,29,1542,1529,13,7,6,1,2,2,1,4,3,61,50,11,25,20,14,15,11,5,6,0.5625,0.5,0.625,0.5,0.125,0.75,0.75,0.0,0.375,0.5,-0.125,0.5787037037037037,0.4938271604938271,0.0848765432098766,3.085714285714286,2.7,0.3857142857142857,29,3,11,0.0848765432098766,0.3857142857142857,10.99411816578483,6,0,6,2,0,2,2,0,2,0,3,-3,0,0,1,2,1515,1.5,0.0,0.1853725009538777,A,31370,0.0,0.0,0.0,0.0,0.0,0.0,0.0,0.0,0.0,0.0,0.0,0.0,0.0,0.0,0.0
1515,2024-02-16,J.League,愛媛FC,富山,1447,1488,-41,1472,1500,-28,0,3,-3,0,0,32,47,15,14,3,11,6,3,11,4,-5,-1,-4,0.2666666666666666,0.0,0.25,0.0,0.25,0.375,1.0,-0.625,0.75,1.0,-0.25,0.2962962962962963,0.5555555555555555,-0.2592592592592592,1.840909090909091,1.35,0.4909090909090909,41,15,11,0.2592592592592592,0.4909090909090909,18.25003367003367,0,2,-2,0,0,0,0,1,-1,5,0,5,0,0,0,2,1515,1.375,0.625,0.2669537527419473,A,,0.0,0.0,0.0,0.0,0.0,0.0,0.0,0.0,0.0,0.0,0.0,0.0,0.0,0.0,0.0
1515,2024-02-16,J.League,ジュビロ磐田,水戸ホーリーホック,1413,1483,-70,1462,1492,-30,6,4,2,2,1,26,43,17,21,4,17,11,2,22,4,-11,-2,-9,0.1851851851851851,0.2,0.2142857142857142,0.25,-0.0357142857142857,0.4285714285714285,0.5,-0.0714285714285714,0.7857142857142857,0.75,0.0357142857142857,0.3017832647462277,0.2962962962962963,0.0054869684499314,1.656818181818182,1.6875,-0.030681818181818,70,17,17,0.0054869684499314,0.030681818181818,28.75723375732635,3,3,0,1,1,0,0,0,0,2,1,1,0,0,0,2,1515,0.9285714285714286,0.0714285714285714,0.1788291800032554,H,,0.0,0.0,0.0,0.0,0.0,0.0,0.0,0.0,0.0,0.0,0.0,0.0,0.0,0.0,0.0
1515,2024-02-16,J.League,いわきFC,ジェフユナイテッド千葉,1465,1518,-53,1474,1503,-29,3,9,-6,1,3,28,30,2,20,17,3,8,7,11,6,-3,1,-4,0.3529411764705882,0.4545454545454545,0.3,0.375,-0.075,0.4,0.625,-0.2249999999999999,0.7,0.625,0.0749999999999999,0.3485838779956426,0.4713804713804713,-0.1227965933848286,2.0863636363636364,2.4750000000000005,-0.3886363636363641,53,2,3,0.1227965933848286,0.3886363636363641,19.15228659140424,0,3,-3,0,1,-1,0,0,0,3,2,1,1,0,0,2,1515,1.025,0.2249999999999999,0.1797590455044782,A,,0.0,0.0,0.0,0.0,0.0,0.0,0.0,0.0,0.0,0.0,0.0,0.0,0.0,0.0,0.0
1515,2024-02-16,J.League,V・ファーレン長崎,熊本,1526,1449,77,1516,1484,32,12,4,8,4,1,25,37,12,21,5,16,9,3,7,8,2,-5,7,0.4615384615384615,0.1111111111111111,0.5,0.25,0.25,1.0,0.25,0.75,0.5,0.75,-0.25,0.5128205128205128,0.2469135802469135,0.2659069325735992,2.5071428571428576,1.5187500000000005,0.9883928571428572,77,12,16,0.2659069325735992,0.9883928571428572,30.20085995794329,9,1,8,3,0,3,3,0,3,0,1,-1,0,0,0,2,1515,1.25,0.75,0.1887072630343884,H,,0.0,0.0,0.0,0.0,0.0,0.0,0.0,0.0,0.0,0.0,0.0,0.0,0.0,0.0,0.0
1514,2024-02-09,Unknown,ﾄﾞﾙﾄ,ｼｭﾂｯﾄ,1500,1500,0,1500,1500,0,0,0,0,0,0,0,0,0,0,0,0,0,0,0,0,0,0,0,0.0,0.0,0.0,0.0,0.0,0.0,0.0,0.0,0.0,0.0,0.0,0.0,0.0,0.0,0.0,0.0,0.0,0,0,0,0.0,0.0,0.0,0,0,0,0,0,0,0,0,0,0,0,0,0,0,0,2,1514,0.0,0.0,0.0,H,,0.0,0.0,0.0,0.0,0.0,0.0,0.0,0.0,0.0,0.0,0.0,0.0,0.0,0.0,0.0
1514,2024-02-09,Unknown,ﾌﾗｲﾌﾞﾙ,ﾊｲﾃﾞﾝﾊ,1500,1500,0,1500,1500,0,0,0,0,0,0,0,0,0,0,0,0,0,0,0,0,0,0,0,0.0,0.0,0.0,0.0,0.0,0.0,0.0,0.0,0.0,0.0,0.0,0.0,0.0,0.0,0.0,0.0,0.0,0,0,0,0.0,0.0,0.0,0,0,0,0,0,0,0,0,0,0,0,0,0,0,0,2,1514,0.0,0.0,0.0,A,,0.0,0.0,0.0,0.0,0.0,0.0,0.0,0.0,0.0,0.0,0.0,0.0,0.0,0.0,0.0
1514,2024-02-09,Unknown,ﾏｲﾝﾂ,ｱｳｸﾞｽ,1500,1500,0,1500,1500,0,0,0,0,0,0,0,0,0,0,0,0,0,0,0,0,0,0,0,0.0,0.0,0.0,0.0,0.0,0.0,0.0,0.0,0.0,0.0,0.0,0.0,0.0,0.0,0.0,0.0,0.0,0,0,0,0.0,0.0,0.0,0,0,0,0,0,0,0,0,0,0,0,0,0,0,0,2,1514,0.0,0.0,0.0,D,,0.0,0.0,0.0,0.0,0.0,0.0,0.0,0.0,0.0,0.0,0.0,0.0,0.0,0.0,0.0
1514,2024-02-09,Unknown,ｳﾞｫﾙﾌｽ,ﾚｳﾞｧｰ,1500,1500,0,1500,1500,0,0,0,0,0,0,0,0,0,0,0,0,0,0,0,0,0,0,0,0.0,0.0,0.0,0.0,0.0,0.0,0.0,0.0,0.0,0.0,0.0,0.0,0.0,0.0,0.0,0.0,0.0,0,0,0,0.0,0.0,0.0,0,0,0,0,0,0,0,0,0,0,0,0,0,0,0,2,1514,0.0,0.0,0.0,D,,0.0,0.0,0.0,0.0,0.0,0.0,0.0,0.0,0.0,0.0,0.0,0.0,0.0,0.0,0.0
1514,2024-02-09,Unknown,ﾒﾝﾍﾝ,ﾌﾗﾝｸﾌﾙ,1500,1500,0,1500,1500,0,0,0,0,0,0,0,0,0,0,0,0,0,0,0,0,0,0,0,0.0,0.0,0.0,0.0,0.0,0.0,0.0,0.0,0.0,0.0,0.0,0.0,0.0,0.0,0.0,0.0,0.0,0,0,0,0.0,0.0,0.0,0,0,0,0,0,0,0,0,0,0,0,0,0,0,0,2,1514,0.0,0.0,0.0,D,,0.0,0.0,0.0,0.0,0.0,0.0,0.0,0.0,0.0,0.0,0.0,0.0,0.0,0.0,0.0
1513,2024-02-03,Unknown,ｼｭﾂｯﾄ,ﾒﾝﾍﾝ,1500,1500,0,1500,1500,0,0,0,0,0,0,0,0,0,0,0,0,0,0,0,0,0,0,0,0.0,0.0,0.0,0.0,0.0,0.0,0.0,0.0,0.0,0.0,0.0,0.0,0.0,0.0,0.0,0.0,0.0,0,0,0,0.0,0.0,0.0,0,0,0,0,0,0,0,0,0,0,0,0,0,0,0,2,1513,0.0,0.0,0.0,H,,0.0,0.0,0.0,0.0,0.0,0.0,0.0,0.0,0.0,0.0,0.0,0.0,0.0,0.0,0.0
1513,2024-02-03,Unknown,ﾊﾞｲｴﾙﾝ,ﾎﾙｽﾀｲﾝ,1500,1500,0,1500,1500,0,0,0,0,0,0,0,0,0,0,0,0,0,0,0,0,0,0,0,0.0,0.0,0.0,0.0,0.0,0.0,0.0,0.0,0.0,0.0,0.0,0.0,0.0,0.0,0.0,0.0,0.0,0,0,0,0.0,0.0,0.0,0,0,0,0,0,0,0,0,0,0,0,0,0,0,0,2,1513,0.0,0.0,0.0,A,,0.0,0.0,0.0,0.0,0.0,0.0,0.0,0.0,0.0,0.0,0.0,0.0,0.0,0.0,0.0
1513,2024-02-03,Unknown,ﾎﾞｰﾌﾑ,ﾌﾗｲﾌﾞﾙ,1500,1500,0,1500,1500,0,0,0,0,0,0,0,0,0,0,0,0,0,0,0,0,0,0,0,0.0,0.0,0.0,0.0,0.0,0.0,0.0,0.0,0.0,0.0,0.0,0.0,0.0,0.0,0.0,0.0,0.0,0,0,0,0.0,0.0,0.0,0,0,0,0,0,0,0,0,0,0,0,0,0,0,0,2,1513,0.0,0.0,0.0,A,,0.0,0.0,0.0,0.0,0.0,0.0,0.0,0.0,0.0,0.0,0.0,0.0,0.0,0.0,0.0
1513,2024-02-03,Unknown,ﾊﾟｳﾘ,ｱｳｸﾞｽ,1500,1500,0,1500,1500,0,0,0,0,0,0,0,0,0,0,0,0,0,0,0,0,0,0,0,0.0,0.0,0.0,0.0,0.0,0.0,0.0,0.0,0.0,0.0,0.0,0.0,0.0,0.0,0.0,0.0,0.0,0,0,0,0.0,0.0,0.0,0,0,0,0,0,0,0,0,0,0,0,0,0,0,0,2,1513,0.0,0.0,0.0,D,,0.0,0.0,0.0,0.0,0.0,0.0,0.0,0.0,0.0,0.0,0.0,0.0,0.0,0.0,0.0
1513,2024-02-03,Unknown,ﾚｳﾞｧｰ,ﾎｯﾌｪﾝ,1500,1500,0,1500,1500,0,0,0,0,0,0,0,0,0,0,0,0,0,0,0,0,0,0,0,0.0,0.0,0.0,0.0,0.0,0.0,0.0,0.0,0.0,0.0,0.0,0.0,0.0,0.0,0.0,0.0,0.0,0,0,0,0.0,0.0,0.0,0,0,0,0,0,0,0,0,0,0,0,0,0,0,0,2,1513,0.0,0.0,0.0,H,,0.0,0.0,0.0,0.0,0.0,0.0,0.0,0.0,0.0,0.0,0.0,0.0,0.0,0.0,0.0
1513,2024-02-03,Unknown,ﾊｲﾃﾞﾝﾊ,ﾄﾞﾙﾄ,1500,1500,0,1500,1500,0,0,0,0,0,0,0,0,0,0,0,0,0,0,0,0,0,0,0,0.0,0.0,0.0,0.0,0.0,0.0,0.0,0.0,0.0,0.0,0.0,0.0,0.0,0.0,0.0,0.0,0.0,0,0,0,0.0,0.0,0.0,0,0,0,0,0,0,0,0,0,0,0,0,0,0,0,2,1513,0.0,0.0,0.0,A,,0.0,0.0,0.0,0.0,0.0,0.0,0.0,0.0,0.0,0.0,0.0,0.0,0.0,0.0,0.0
1513,2024-02-03,Unknown,ｳﾆｵﾝ,ﾗｲﾌﾟﾂｨ,1500,1500,0,1500,1500,0,0,0,0,0,0,0,0,0,0,0,0,0,0,0,0,0,0,0,0.0,0.0,0.0,0.0,0.0,0.0,0.0,0.0,0.0,0.0,0.0,0.0,0.0,0.0,0.0,0.0,0.0,0,0,0,0.0,0.0,0.0,0,0,0,0,0,0,0,0,0,0,0,0,0,0,0,2,1513,0.0,0.0,0.0,D,,0.0,0.0,0.0,0.0,0.0,0.0,0.0,0.0,0.0,0.0,0.0,0.0,0.0,0.0,0.0
1513,2024-02-03,Unknown,ﾌﾗﾝｸﾌﾙ,ｳﾞｫﾙﾌｽ,1500,1500,0,1500,1500,0,0,0,0,0,0,0,0,0,0,0,0,0,0,0,0,0,0,0,0.0,0.0,0.0,0.0,0.0,0.0,0.0,0.0,0.0,0.0,0.0,0.0,0.0,0.0,0.0,0.0,0.0,0,0,0,0.0,0.0,0.0,0,0,0,0,0,0,0,0,0,0,0,0,0,0,0,2,1513,0.0,0.0,0.0,D,,0.0,0.0,0.0,0.0,0.0,0.0,0.0,0.0,0.0,0.0,0.0,0.0,0.0,0.0,0.0
1513,2024-02-03,Unknown,ﾎﾞﾝﾏｳｽ,ﾘｳﾞｧﾌﾟ,1500,1500,0,1500,1500,0,0,0,0,0,0,0,0,0,0,0,0,0,0,0,0,0,0,0,0.0,0.0,0.0,0.0,0.0,0.0,0.0,0.0,0.0,0.0,0.0,0.0,0.0,0.0,0.0,0.0,0.0,0,0,0,0.0,0.0,0.0,0,0,0,0,0,0,0,0,0,0,0,0,0,0,0,2,1513,0.0,0.0,0.0,A,,0.0,0.0,0.0,0.0,0.0,0.0,0.0,0.0,0.0,0.0,0.0,0.0,0.0,0.0,0.0
1513,2024-02-03,Unknown,ﾉｯﾃｨﾝ,ﾌﾞﾗｲﾄﾝ,1500,1500,0,1500,1500,0,0,0,0,0,0,0,0,0,0,0,0,0,0,0,0,0,0,0,0.0,0.0,0.0,0.0,0.0,0.0,0.0,0.0,0.0,0.0,0.0,0.0,0.0,0.0,0.0,0.0,0.0,0,0,0,0.0,0.0,0.0,0,0,0,0,0,0,0,0,0,0,0,0,0,0,0,2,1513,0.0,0.0,0.0,H,,0.0,0.0,0.0,0.0,0.0,0.0,0.0,0.0,0.0,0.0,0.0,0.0,0.0,0.0,0.0
1513,2024-02-03,Unknown,ｱｰｾﾅﾙ,ﾏﾝC,1500,1500,0,1500,1500,0,0,0,0,0,0,0,0,0,0,0,0,0,0,0,0,0,0,0,0.0,0.0,0.0,0.0,0.0,0.0,0.0,0.0,0.0,0.0,0.0,0.0,0.0,0.0,0.0,0.0,0.0,0,0,0,0.0,0.0,0.0,0,0,0,0,0,0,0,0,0,0,0,0,0,0,0,2,1513,0.0,0.0,0.0,H,,0.0,0.0,0.0,0.0,0.0,0.0,0.0,0.0,0.0,0.0,0.0,0.0,0.0,0.0,0.0
1513,2024-02-03,Unknown,ﾏﾝU,ｸﾘｽﾀﾙ,1500,1500,0,1500,1500,0,0,0,0,0,0,0,0,0,0,0,0,0,0,0,0,0,0,0,0.0,0.0,0.0,0.0,0.0,0.0,0.0,0.0,0.0,0.0,0.0,0.0,0.0,0.0,0.0,0.0,0.0,0,0,0,0.0,0.0,0.0,0,0,0,0,0,0,0,0,0,0,0,0,0,0,0,2,1513,0.0,0.0,0.0,A,,0.0,0.0,0.0,0.0,0.0,0.0,0.0,0.0,0.0,0.0,0.0,0.0,0.0,0.0,0.0
1513,2024-02-03,Unknown,ｲﾌﾟｽ,ｻｳｻﾞﾝ,1500,1500,0,1500,1500,0,0,0,0,0,0,0,0,0,0,0,0,0,0,0,0,0,0,0,0.0,0.0,0.0,0.0,0.0,0.0,0.0,0.0,0.0,0.0,0.0,0.0,0.0,0.0,0.0,0.0,0.0,0,0,0,0.0,0.0,0.0,0,0,0,0,0,0,0,0,0,0,0,0,0,0,0,2,1513,0.0,0.0,0.0,A,,0.0,0.0,0.0,0.0,0.0,0.0,0.0,0.0,0.0,0.0,0.0,0.0,0.0,0.0,0.0
1511,2024-01-27,Unknown,ﾌﾗｲﾌﾞﾙ,ﾊﾞｲｴﾙﾝ,1500,1500,0,1500,1500,0,0,0,0,0,0,0,0,0,0,0,0,0,0,0,0,0,0,0,0.0,0.0,0.0,0.0,0.0,0.0,0.0,0.0,0.0,0.0,0.0,0.0,0.0,0.0,0.0,0.0,0.0,0,0,0,0.0,0.0,0.0,0,0,0,0,0,0,0,0,0,0,0,0,0,0,0,1,1511,0.0,0.0,0.0,H,,0.0,0.0,0.0,0.0,0.0,0.0,0.0,0.0,0.0,0.0,0.0,0.0,0.0,0.0,0.0
1511,2024-01-27,Unknown,ﾏｲﾝﾂ,ｼｭﾂｯﾄ,1500,1500,0,1500,1500,0,0,0,0,0,0,0,0,0,0,0,0,0,0,0,0,0,0,0,0.0,0.0,0.0,0.0,0.0,0.0,0.0,0.0,0.0,0.0,0.0,0.0,0.0,0.0,0.0,0.0,0.0,0,0,0,0.0,0.0,0.0,0,0,0,0,0,0,0,0,0,0,0,0,0,0,0,1,1511,0.0,0.0,0.0,A,,0.0,0.0,0.0,0.0,0.0,0.0,0.0,0.0,0.0,0.0,0.0,0.0,0.0,0.0,0.0
1511,2024-01-27,Unknown,ｱｳｸﾞｽ,ﾊｲﾃﾞﾝﾊ,1500,1500,0,1500,1500,0,0,0,0,0,0,0,0,0,0,0,0,0,0,0,0,0,0,0,0.0,0.0,0.0,0.0,0.0,0.0,0.0,0.0,0.0,0.0,0.0,0.0,0.0,0.0,0.0,0.0,0.0,0,0,0,0.0,0.0,0.0,0,0,0,0,0,0,0,0,0,0,0,0,0,0,0,1,1511,0.0,0.0,0.0,H,,0.0,0.0,0.0,0.0,0.0,0.0,0.0,0.0,0.0,0.0,0.0,0.0,0.0,0.0,0.0
1511,2024-01-27,Unknown,ﾒﾝﾍﾝ,ﾎﾞｰﾌﾑ,1500,1500,0,1500,1500,0,0,0,0,0,0,0,0,0,0,0,0,0,0,0,0,0,0,0,0.0,0.0,0.0,0.0,0.0,0.0,0.0,0.0,0.0,0.0,0.0,0.0,0.0,0.0,0.0,0.0,0.0,0,0,0,0.0,0.0,0.0,0,0,0,0,0,0,0,0,0,0,0,0,0,0,0,1,1511,0.0,0.0,0.0,H,,0.0,0.0,0.0,0.0,0.0,0.0,0.0,0.0,0.0,0.0,0.0,0.0,0.0,0.0,0.0
1511,2024-01-27,Unknown,ﾎｯﾌｪﾝ,ﾌﾗﾝｸﾌﾙ,1500,1500,0,1500,1500,0,0,0,0,0,0,0,0,0,0,0,0,0,0,0,0,0,0,0,0.0,0.0,0.0,0.0,0.0,0.0,0.0,0.0,0.0,0.0,0.0,0.0,0.0,0.0,0.0,0.0,0.0,0,0,0,0.0,0.0,0.0,0,0,0,0,0,0,0,0,0,0,0,0,0,0,0,1,1511,0.0,0.0,0.0,D,,0.0,0.0,0.0,0.0,0.0,0.0,0.0,0.0,0.0,0.0,0.0,0.0,0.0,0.0,0.0
1511,2024-01-27,Unknown,ﾗｲﾌﾟﾂｨ,ﾚｳﾞｧｰ,1500,1500,0,1500,1500,0,0,0,0,0,0,0,0,0,0,0,0,0,0,0,0,0,0,0,0.0,0.0,0.0,0.0,0.0,0.0,0.0,0.0,0.0,0.0,0.0,0.0,0.0,0.0,0.0,0.0,0.0,0,0,0,0.0,0.0,0.0,0,0,0,0,0,0,0,0,0,0,0,0,0,0,0,1,1511,0.0,0.0,0.0,D,,0.0,0.0,0.0,0.0,0.0,0.0,0.0,0.0,0.0,0.0,0.0,0.0,0.0,0.0,0.0
1511,2024-01-27,Unknown,ﾄﾞﾙﾄ,ﾌﾞﾚｰﾒﾝ,1500,1500,0,1500,1500,0,0,0,0,0,0,0,0,0,0,0,0,0,0,0,0,0,0,0,0.0,0.0,0.0,0.0,0.0,0.0,0.0,0.0,0.0,0.0,0.0,0.0,0.0,0.0,0.0,0.0,0.0,0,0,0,0.0,0.0,0.0,0,0,0,0,0,0,0,0,0,0,0,0,0,0,0,1,1511,0.0,0.0,0.0,D,,0.0,0.0,0.0,0.0,0.0,0.0,0.0,0.0,0.0,0.0,0.0,0.0,0.0,0.0,0.0
1511,2024-01-27,Unknown,ﾊﾟｳﾘ,ｳﾆｵﾝ,1500,1500,0,1500,1500,0,0,0,0,0,0,0,0,0,0,0,0,0,0,0,0,0,0,0,0.0,0.0,0.0,0.0,0.0,0.0,0.0,0.0,0.0,0.0,0.0,0.0,0.0,0.0,0.0,0.0,0.0,0,0,0,0.0,0.0,0.0,0,0,0,0,0,0,0,0,0,0,0,0,0,0,0,1,1511,0.0,0.0,0.0,H,,0.0,0.0,0.0,0.0,0.0,0.0,0.0,0.0,0.0,0.0,0.0,0.0,0.0,0.0,0.0
1511,2024-01-27,Unknown,ﾘｳﾞｧﾌﾟ,ｲﾌﾟｽ,1500,1500,0,1500,1500,0,0,0,0,0,0,0,0,0,0,0,0,0,0,0,0,0,0,0,0.0,0.0,0.0,0.0,0.0,0.0,0.0,0.0,0.0,0.0,0.0,0.0,0.0,0.0,0.0,0.0,0.0,0,0,0,0.0,0.0,0.0,0,0,0,0,0,0,0,0,0,0,0,0,0,0,0,1,1511,0.0,0.0,0.0,H,,0.0,0.0,0.0,0.0,0.0,0.0,0.0,0.0,0.0,0.0,0.0,0.0,0.0,0.0,0.0
1511,2024-01-27,Unknown,ﾌﾞﾗｲﾄﾝ,ｴｳﾞｧﾄﾝ,1500,1500,0,1500,1500,0,0,0,0,0,0,0,0,0,0,0,0,0,0,0,0,0,0,0,0.0,0.0,0.0,0.0,0.0,0.0,0.0,0.0,0.0,0.0,0.0,0.0,0.0,0.0,0.0,0.0,0.0,0,0,0,0.0,0.0,0.0,0,0,0,0,0,0,0,0,0,0,0,0,0,0,0,1,1511,0.0,0.0,0.0,A,,0.0,0.0,0.0,0.0,0.0,0.0,0.0,0.0,0.0,0.0,0.0,0.0,0.0,0.0,0.0
1511,2024-01-27,Unknown,ｳﾙｳﾞｧｰ,ｱｰｾﾅﾙ,1500,1500,0,1500,1500,0,0,0,0,0,0,0,0,0,0,0,0,0,0,0,0,0,0,0,0.0,0.0,0.0,0.0,0.0,0.0,0.0,0.0,0.0,0.0,0.0,0.0,0.0,0.0,0.0,0.0,0.0,0,0,0,0.0,0.0,0.0,0,0,0,0,0,0,0,0,0,0,0,0,0,0,0,1,1511,0.0,0.0,0.0,A,,0.0,0.0,0.0,0.0,0.0,0.0,0.0,0.0,0.0,0.0,0.0,0.0,0.0,0.0,0.0
1511,2024-01-27,Unknown,ｸﾘｽﾀﾙ,ﾌﾞﾚﾝﾄ,1500,1500,0,1500,1500,0,0,0,0,0,0,0,0,0,0,0,0,0,0,0,0,0,0,0,0.0,0.0,0.0,0.0,0.0,0.0,0.0,0.0,0.0,0.0,0.0,0.0,0.0,0.0,0.0,0.0,0.0,0,0,0,0.0,0.0,0.0,0,0,0,0,0,0,0,0,0,0,0,0,0,0,0,1,1511,0.0,0.0,0.0,A,,0.0,0.0,0.0,0.0,0.0,0.0,0.0,0.0,0.0,0.0,0.0,0.0,0.0,0.0,0.0
1511,2024-01-27,Unknown,ｻｳｻﾞﾝ,ﾆｭｶｯｽﾙ,1500,1500,0,1500,1500,0,0,0,0,0,0,0,0,0,0,0,0,0,0,0,0,0,0,0,0.0,0.0,0.0,0.0,0.0,0.0,0.0,0.0,0.0,0.0,0.0,0.0,0.0,0.0,0.0,0.0,0.0,0,0,0,0.0,0.0,0.0,0,0,0,0,0,0,0,0,0,0,0,0,0,0,0,1,1511,0.0,0.0,0.0,A,,0.0,0.0,0.0,0.0,0.0,0.0,0.0,0.0,0.0,0.0,0.0,0.0,0.0,0.0,0.0
1509,2024-01-20,Unknown,ｼｭﾂｯﾄ,ﾌﾗｲﾌﾞﾙ,1500,1500,0,1500,1500,0,0,0,0,0,0,0,0,0,0,0,0,0,0,0,0,0,0,0,0.0,0.0,0.0,0.0,0.0,0.0,0.0,0.0,0.0,0.0,0.0,0.0,0.0,0.0,0.0,0.0,0.0,0,0,0,0.0,0.0,0.0,0,0,0,0,0,0,0,0,0,0,0,0,0,0,0,1,1509,0.0,0.0,0.0,H,,0.0,0.0,0.0,0.0,0.0,0.0,0.0,0.0,0.0,0.0,0.0,0.0,0.0,0.0,0.0
1509,2024-01-20,Unknown,ﾊﾞｲｴﾙﾝ,ｳﾞｫﾙﾌｽ,1500,1500,0,1500,1500,0,0,0,0,0,0,0,0,0,0,0,0,0,0,0,0,0,0,0,0.0,0.0,0.0,0.0,0.0,0.0,0.0,0.0,0.0,0.0,0.0,0.0,0.0,0.0,0.0,0.0,0.0,0,0,0,0.0,0.0,0.0,0,0,0,0,0,0,0,0,0,0,0,0,0,0,0,1,1509,0.0,0.0,0.0,A,,0.0,0.0,0.0,0.0,0.0,0.0,0.0,0.0,0.0,0.0,0.0,0.0,0.0,0.0,0.0
1509,2024-01-20,Unknown,ﾚｳﾞｧｰ,ﾒﾝﾍﾝ,1500,1500,0,1500,1500,0,0,0,0,0,0,0,0,0,0,0,0,0,0,0,0,0,0,0,0.0,0.0,0.0,0.0,0.0,0.0,0.0,0.0,0.0,0.0,0.0,0.0,0.0,0.0,0.0,0.0,0.0,0,0,0,0.0,0.0,0.0,0,0,0,0,0,0,0,0,0,0,0,0,0,0,0,1,1509,0.0,0.0,0.0,H,,0.0,0.0,0.0,0.0,0.0,0.0,0.0,0.0,0.0,0.0,0.0,0.0,0.0,0.0,0.0
1509,2024-01-20,Unknown,ｳﾆｵﾝ,ﾏｲﾝﾂ,1500,1500,0,1500,1500,0,0,0,0,0,0,0,0,0,0,0,0,0,0,0,0,0,0,0,0.0,0.0,0.0,0.0,0.0,0.0,0.0,0.0,0.0,0.0,0.0,0.0,0.0,0.0,0.0,0.0,0.0,0,0,0,0.0,0.0,0.0,0,0,0,0,0,0,0,0,0,0,0,0,0,0,0,1,1509,0.0,0.0,0.0,H,,0.0,0.0,0.0,0.0,0.0,0.0,0.0,0.0,0.0,0.0,0.0,0.0,0.0,0.0,0.0
1509,2024-01-20,Unknown,ﾌﾞﾚｰﾒﾝ,ｱｳｸﾞｽ,1500,1500,0,1500,1500,0,0,0,0,0,0,0,0,0,0,0,0,0,0,0,0,0,0,0,0.0,0.0,0.0,0.0,0.0,0.0,0.0,0.0,0.0,0.0,0.0,0.0,0.0,0.0,0.0,0.0,0.0,0,0,0,0.0,0.0,0.0,0,0,0,0,0,0,0,0,0,0,0,0,0,0,0,1,1509,0.0,0.0,0.0,A,,0.0,0.0,0.0,0.0,0.0,0.0,0.0,0.0,0.0,0.0,0.0,0.0,0.0,0.0,0.0
1509,2024-01-20,Unknown,ﾊｲﾃﾞﾝﾊ,ﾊﾟｳﾘ,1500,1500,0,1500,1500,0,0,0,0,0,0,0,0,0,0,0,0,0,0,0,0,0,0,0,0.0,0.0,0.0,0.0,0.0,0.0,0.0,0.0,0.0,0.0,0.0,0.0,0.0,0.0,0.0,0.0,0.0,0,0,0,0.0,0.0,0.0,0,0,0,0,0,0,0,0,0,0,0,0,0,0,0,1,1509,0.0,0.0,0.0,A,,0.0,0.0,0.0,0.0,0.0,0.0,0.0,0.0,0.0,0.0,0.0,0.0,0.0,0.0,0.0
1509,2024-01-20,Unknown,ﾎﾞｰﾌﾑ,ﾗｲﾌﾟﾂｨ,1500,1500,0,1500,1500,0,0,0,0,0,0,0,0,0,0,0,0,0,0,0,0,0,0,0,0.0,0.0,0.0,0.0,0.0,0.0,0.0,0.0,0.0,0.0,0.0,0.0,0.0,0.0,0.0,0.0,0.0,0,0,0,0.0,0.0,0.0,0,0,0,0,0,0,0,0,0,0,0,0,0,0,0,1,1509,0.0,0.0,0.0,D,,0.0,0.0,0.0,0.0,0.0,0.0,0.0,0.0,0.0,0.0,0.0,0.0,0.0,0.0,0.0
1509,2024-01-20,Unknown,ﾎﾙｽﾀｲﾝ,ﾎｯﾌｪﾝ,1500,1500,0,1500,1500,0,0,0,0,0,0,0,0,0,0,0,0,0,0,0,0,0,0,0,0.0,0.0,0.0,0.0,0.0,0.0,0.0,0.0,0.0,0.0,0.0,0.0,0.0,0.0,0.0,0.0,0.0,0,0,0,0.0,0.0,0.0,0,0,0,0,0,0,0,0,0,0,0,0,0,0,0,1,1509,0.0,0.0,0.0,A,,0.0,0.0,0.0,0.0,0.0,0.0,0.0,0.0,0.0,0.0,0.0,0.0,0.0,0.0,0.0
1509,2024-01-20,Unknown,ﾌﾞﾚﾝﾄ,ﾘｳﾞｧﾌﾟ,1500,1500,0,1500,1500,0,0,0,0,0,0,0,0,0,0,0,0,0,0,0,0,0,0,0,0.0,0.0,0.0,0.0,0.0,0.0,0.0,0.0,0.0,0.0,0.0,0.0,0.0,0.0,0.0,0.0,0.0,0,0,0,0.0,0.0,0.0,0,0,0,0,0,0,0,0,0,0,0,0,0,0,0,1,1509,0.0,0.0,0.0,A,,0.0,0.0,0.0,0.0,0.0,0.0,0.0,0.0,0.0,0.0,0.0,0.0,0.0,0.0,0.0
1509,2024-01-20,Unknown,ｱｰｾﾅﾙ,ｱｽﾄﾝ,1500,1500,0,1500,1500,0,0,0,0,0,0,0,0,0,0,0,0,0,0,0,0,0,0,0,0.0,0.0,0.0,0.0,0.0,0.0,0.0,0.0,0.0,0.0,0.0,0.0,0.0,0.0,0.0,0.0,0.0,0,0,0,0.0,0.0,0.0,0,0,0,0,0,0,0,0,0,0,0,0,0,0,0,1,1509,0.0,0.0,0.0,D,,0.0,0.0,0.0,0.0,0.0,0.0,0.0,0.0,0.0,0.0,0.0,0.0,0.0,0.0,0.0
1509,2024-01-20,Unknown,ﾏﾝU,ﾌﾞﾗｲﾄﾝ,1500,1500,0,1500,1500,0,0,0,0,0,0,0,0,0,0,0,0,0,0,0,0,0,0,0,0.0,0.0,0.0,0.0,0.0,0.0,0.0,0.0,0.0,0.0,0.0,0.0,0.0,0.0,0.0,0.0,0.0,0,0,0,0.0,0.0,0.0,0,0,0,0,0,0,0,0,0,0,0,0,0,0,0,1,1509,0.0,0.0,0.0,A,,0.0,0.0,0.0,0.0,0.0,0.0,0.0,0.0,0.0,0.0,0.0,0.0,0.0,0.0,0.0
1509,2024-01-20,Unknown,ｳｪｽﾄﾊﾑ,ｸﾘｽﾀﾙ,1500,1500,0,1500,1500,0,0,0,0,0,0,0,0,0,0,0,0,0,0,0,0,0,0,0,0.0,0.0,0.0,0.0,0.0,0.0,0.0,0.0,0.0,0.0,0.0,0.0,0.0,0.0,0.0,0.0,0.0,0,0,0,0.0,0.0,0.0,0,0,0,0,0,0,0,0,0,0,0,0,0,0,0,1,1509,0.0,0.0,0.0,A,,0.0,0.0,0.0,0.0,0.0,0.0,0.0,0.0,0.0,0.0,0.0,0.0,0.0,0.0,0.0
1509,2024-01-20,Unknown,ﾉｯﾃｨﾝ,ｻｳｻﾞﾝ,1500,1500,0,1500,1500,0,0,0,0,0,0,0,0,0,0,0,0,0,0,0,0,0,0,0,0.0,0.0,0.0,0.0,0.0,0.0,0.0,0.0,0.0,0.0,0.0,0.0,0.0,0.0,0.0,0.0,0.0,0,0,0,0.0,0.0,0.0,0,0,0,0,0,0,0,0,0,0,0,0,0,0,0,1,1509,0.0,0.0,0.0,H,,0.0,0.0,0.0,0.0,0.0,0.0,0.0,0.0,0.0,0.0,0.0,0.0,0.0,0.0,0.0
1508,2024-01-16,Unknown,ﾌﾗﾝｸﾌﾙ,ﾌﾗｲﾌﾞﾙ,1500,1500,0,1500,1500,0,0,0,0,0,0,0,0,0,0,0,0,0,0,0,0,0,0,0,0.0,0.0,0.0,0.0,0.0,0.0,0.0,0.0,0.0,0.0,0.0,0.0,0.0,0.0,0.0,0.0,0.0,0,0,0,0.0,0.0,0.0,0,0,0,0,0,0,0,0,0,0,0,0,0,0,0,1,1508,0.0,0.0,0.0,H,,0.0,0.0,0.0,0.0,0.0,0.0,0.0,0.0,0.0,0.0,0.0,0.0,0.0,0.0,0.0
1508,2024-01-16,Unknown,ﾚｳﾞｧｰ,ﾏｲﾝﾂ,1500,1500,0,1500,1500,0,0,0,0,0,0,0,0,0,0,0,0,0,0,0,0,0,0,0,0.0,0.0,0.0,0.0,0.0,0.0,0.0,0.0,0.0,0.0,0.0,0.0,0.0,0.0,0.0,0.0,0.0,0,0,0,0.0,0.0,0.0,0,0,0,0,0,0,0,0,0,0,0,0,0,0,0,1,1508,0.0,0.0,0.0,A,,0.0,0.0,0.0,0.0,0.0,0.0,0.0,0.0,0.0,0.0,0.0,0.0,0.0,0.0,0.0
1508,2024-01-16,Unknown,ｳﾞｫﾙﾌｽ,ﾒﾝﾍﾝ,1500,1500,0,1500,1500,0,0,0,0,0,0,0,0,0,0,0,0,0,0,0,0,0,0,0,0.0,0.0,0.0,0.0,0.0,0.0,0.0,0.0,0.0,0.0,0.0,0.0,0.0,0.0,0.0,0.0,0.0,0,0,0,0.0,0.0,0.0,0,0,0,0,0,0,0,0,0,0,0,0,0,0,0,1,1508,0.0,0.0,0.0,H,,0.0,0.0,0.0,0.0,0.0,0.0,0.0,0.0,0.0,0.0,0.0,0.0,0.0,0.0,0.0
1508,2024-01-16,Unknown,ｼｭﾂｯﾄ,ﾗｲﾌﾟﾂｨ,1500,1500,0,1500,1500,0,0,0,0,0,0,0,0,0,0,0,0,0,0,0,0,0,0,0,0.0,0.0,0.0,0.0,0.0,0.0,0.0,0.0,0.0,0.0,0.0,0.0,0.0,0.0,0.0,0.0,0.0,0,0,0,0.0,0.0,0.0,0,0,0,0,0,0,0,0,0,0,0,0,0,0,0,1,1508,0.0,0.0,0.0,H,,0.0,0.0,0.0,0.0,0.0,0.0,0.0,0.0,0.0,0.0,0.0,0.0,0.0,0.0,0.0
1508,2024-01-16,Unknown,ﾊﾞｲｴﾙﾝ,ﾎｯﾌｪﾝ,1500,1500,0,1500,1500,0,0,0,0,0,0,0,0,0,0,0,0,0,0,0,0,0,0,0,0.0,0.0,0.0,0.0,0.0,0.0,0.0,0.0,0.0,0.0,0.0,0.0,0.0,0.0,0.0,0.0,0.0,0,0,0,0.0,0.0,0.0,0,0,0,0,0,0,0,0,0,0,0,0,0,0,0,1,1508,0.0,0.0,0.0,H,,0.0,0.0,0.0,0.0,0.0,0.0,0.0,0.0,0.0,0.0,0.0,0.0,0.0,0.0,0.0
1508,2024-01-16,Unknown,ﾎﾙｽﾀｲﾝ,ﾄﾞﾙﾄ,1500,1500,0,1500,1500,0,0,0,0,0,0,0,0,0,0,0,0,0,0,0,0,0,0,0,0.0,0.0,0.0,0.0,0.0,0.0,0.0,0.0,0.0,0.0,0.0,0.0,0.0,0.0,0.0,0.0,0.0,0,0,0,0.0,0.0,0.0,0,0,0,0,0,0,0,0,0,0,0,0,0,0,0,1,1508,0.0,0.0,0.0,H,,0.0,0.0,0.0,0.0,0.0,0.0,0.0,0.0,0.0,0.0,0.0,0.0,0.0,0.0,0.0
1508,2024-01-16,Unknown,ﾎﾞｰﾌﾑ,ﾊﾟｳﾘ,1500,1500,0,1500,1500,0,0,0,0,0,0,0,0,0,0,0,0,0,0,0,0,0,0,0,0.0,0.0,0.0,0.0,0.0,0.0,0.0,0.0,0.0,0.0,0.0,0.0,0.0,0.0,0.0,0.0,0.0,0,0,0,0.0,0.0,0.0,0,0,0,0,0,0,0,0,0,0,0,0,0,0,0,1,1508,0.0,0.0,0.0,H,,0.0,0.0,0.0,0.0,0.0,0.0,0.0,0.0,0.0,0.0,0.0,0.0,0.0,0.0,0.0
1508,2024-01-16,Unknown,ｳﾆｵﾝ,ｱｳｸﾞｽ,1500,1500,0,1500,1500,0,0,0,0,0,0,0,0,0,0,0,0,0,0,0,0,0,0,0,0.0,0.0,0.0,0.0,0.0,0.0,0.0,0.0,0.0,0.0,0.0,0.0,0.0,0.0,0.0,0.0,0.0,0,0,0,0.0,0.0,0.0,0,0,0,0,0,0,0,0,0,0,0,0,0,0,0,1,1508,0.0,0.0,0.0,A,,0.0,0.0,0.0,0.0,0.0,0.0,0.0,0.0,0.0,0.0,0.0,0.0,0.0,0.0,0.0
1508,2024-01-16,Unknown,ﾉｯﾃｨﾝ,ﾘｳﾞｧﾌﾟ,1500,1500,0,1500,1500,0,0,0,0,0,0,0,0,0,0,0,0,0,0,0,0,0,0,0,0.0,0.0,0.0,0.0,0.0,0.0,0.0,0.0,0.0,0.0,0.0,0.0,0.0,0.0,0.0,0.0,0.0,0,0,0,0.0,0.0,0.0,0,0,0,0,0,0,0,0,0,0,0,0,0,0,0,1,1508,0.0,0.0,0.0,D,,0.0,0.0,0.0,0.0,0.0,0.0,0.0,0.0,0.0,0.0,0.0,0.0,0.0,0.0,0.0
1508,2024-01-16,Unknown,ﾚｽﾀｰ,ｸﾘｽﾀﾙ,1500,1500,0,1500,1500,0,0,0,0,0,0,0,0,0,0,0,0,0,0,0,0,0,0,0,0.0,0.0,0.0,0.0,0.0,0.0,0.0,0.0,0.0,0.0,0.0,0.0,0.0,0.0,0.0,0.0,0.0,0,0,0,0.0,0.0,0.0,0,0,0,0,0,0,0,0,0,0,0,0,0,0,0,1,1508,0.0,0.0,0.0,A,,0.0,0.0,0.0,0.0,0.0,0.0,0.0,0.0,0.0,0.0,0.0,0.0,0.0,0.0,0.0
1508,2024-01-16,Unknown,ｱｰｾﾅﾙ,ﾄﾃﾅﾑ,1500,1500,0,1500,1500,0,0,0,0,0,0,0,0,0,0,0,0,0,0,0,0,0,0,0,0.0,0.0,0.0,0.0,0.0,0.0,0.0,0.0,0.0,0.0,0.0,0.0,0.0,0.0,0.0,0.0,0.0,0,0,0,0.0,0.0,0.0,0,0,0,0,0,0,0,0,0,0,0,0,0,0,0,1,1508,0.0,0.0,0.0,H,,0.0,0.0,0.0,0.0,0.0,0.0,0.0,0.0,0.0,0.0,0.0,0.0,0.0,0.0,0.0
1508,2024-01-16,Unknown,ﾁｪﾙｼｰ,ﾎﾞﾝﾏｳｽ,1500,1500,0,1500,1500,0,0,0,0,0,0,0,0,0,0,0,0,0,0,0,0,0,0,0,0.0,0.0,0.0,0.0,0.0,0.0,0.0,0.0,0.0,0.0,0.0,0.0,0.0,0.0,0.0,0.0,0.0,0,0,0,0.0,0.0,0.0,0,0,0,0,0,0,0,0,0,0,0,0,0,0,0,1,1508,0.0,0.0,0.0,D,,0.0,0.0,0.0,0.0,0.0,0.0,0.0,0.0,0.0,0.0,0.0,0.0,0.0,0.0,0.0
1508,2024-01-16,Unknown,ﾌﾞﾚﾝﾄ,ﾏﾝC,1500,1500,0,1500,1500,0,0,0,0,0,0,0,0,0,0,0,0,0,0,0,0,0,0,0,0.0,0.0,0.0,0.0,0.0,0.0,0.0,0.0,0.0,0.0,0.0,0.0,0.0,0.0,0.0,0.0,0.0,0,0,0,0.0,0.0,0.0,0,0,0,0,0,0,0,0,0,0,0,0,0,0,0,1,1508,0.0,0.0,0.0,D,,0.0,0.0,0.0,0.0,0.0,0.0,0.0,0.0,0.0,0.0,0.0,0.0,0.0,0.0,0.0
1507,2024-01-12,Unknown,ﾌﾗｲﾌﾞﾙ,ﾎﾙｽﾀｲﾝ,1500,1500,0,1500,1500,0,0,0,0,0,0,0,0,0,0,0,0,0,0,0,0,0,0,0,0.0,0.0,0.0,0.0,0.0,0.0,0.0,0.0,0.0,0.0,0.0,0.0,0.0,0.0,0.0,0.0,0.0,0,0,0,0.0,0.0,0.0,0,0,0,0,0,0,0,0,0,0,0,0,0,0,0,1,1507,0.0,0.0,0.0,H,,0.0,0.0,0.0,0.0,0.0,0.0,0.0,0.0,0.0,0.0,0.0,0.0,0.0,0.0,0.0
1507,2024-01-12,Unknown,ﾏｲﾝﾂ,ﾎﾞｰﾌﾑ,1500,1500,0,1500,1500,0,0,0,0,0,0,0,0,0,0,0,0,0,0,0,0,0,0,0,0.0,0.0,0.0,0.0,0.0,0.0,0.0,0.0,0.0,0.0,0.0,0.0,0.0,0.0,0.0,0.0,0.0,0,0,0,0.0,0.0,0.0,0,0,0,0,0,0,0,0,0,0,0,0,0,0,0,1,1507,0.0,0.0,0.0,A,,0.0,0.0,0.0,0.0,0.0,0.0,0.0,0.0,0.0,0.0,0.0,0.0,0.0,0.0,0.0
1507,2024-01-12,Unknown,ﾎｯﾌｪﾝ,ｳﾞｫﾙﾌｽ,1500,1500,0,1500,1500,0,0,0,0,0,0,0,0,0,0,0,0,0,0,0,0,0,0,0,0.0,0.0,0.0,0.0,0.0,0.0,0.0,0.0,0.0,0.0,0.0,0.0,0.0,0.0,0.0,0.0,0.0,0,0,0,0.0,0.0,0.0,0,0,0,0,0,0,0,0,0,0,0,0,0,0,0,1,1507,0.0,0.0,0.0,A,,0.0,0.0,0.0,0.0,0.0,0.0,0.0,0.0,0.0,0.0,0.0,0.0,0.0,0.0,0.0
1507,2024-01-12,Unknown,ﾊﾟｳﾘ,ﾌﾗﾝｸﾌﾙ,1500,1500,0,1500,1500,0,0,0,0,0,0,0,0,0,0,0,0,0,0,0,0,0,0,0,0.0,0.0,0.0,0.0,0.0,0.0,0.0,0.0,0.0,0.0,0.0,0.0,0.0,0.0,0.0,0.0,0.0,0,0,0,0.0,0.0,0.0,0,0,0,0,0,0,0,0,0,0,0,0,0,0,0,1,1507,0.0,0.0,0.0,A,,0.0,0.0,0.0,0.0,0.0,0.0,0.0,0.0,0.0,0.0,0.0,0.0,0.0,0.0,0.0
1507,2024-01-12,Unknown,ﾒﾝﾍﾝ,ﾊﾞｲｴﾙﾝ,1500,1500,0,1500,1500,0,0,0,0,0,0,0,0,0,0,0,0,0,0,0,0,0,0,0,0.0,0.0,0.0,0.0,0.0,0.0,0.0,0.0,0.0,0.0,0.0,0.0,0.0,0.0,0.0,0.0,0.0,0,0,0,0.0,0.0,0.0,0,0,0,0,0,0,0,0,0,0,0,0,0,0,0,1,1507,0.0,0.0,0.0,A,,0.0,0.0,0.0,0.0,0.0,0.0,0.0,0.0,0.0,0.0,0.0,0.0,0.0,0.0,0.0
1506,2024-01-06,Unknown,ｸﾘｽﾀﾙ,ﾁｪﾙｼｰ,1500,1500,0,1500,1500,0,0,0,0,0,0,0,0,0,0,0,0,0,0,0,0,0,0,0,0.0,0.0,0.0,0.0,0.0,0.0,0.0,0.0,0.0,0.0,0.0,0.0,0.0,0.0,0.0,0.0,0.0,0,0,0,0.0,0.0,0.0,0,0,0,0,0,0,0,0,0,0,0,0,0,0,0,1,1506,0.0,0.0,0.0,H,,0.0,0.0,0.0,0.0,0.0,0.0,0.0,0.0,0.0,0.0,0.0,0.0,0.0,0.0,0.0
1506,2024-01-06,Unknown,ﾏﾝC,ｳｪｽﾄﾊﾑ,1500,1500,0,1500,1500,0,0,0,0,0,0,0,0,0,0,0,0,0,0,0,0,0,0,0,0.0,0.0,0.0,0.0,0.0,0.0,0.0,0.0,0.0,0.0,0.0,0.0,0.0,0.0,0.0,0.0,0.0,0,0,0,0.0,0.0,0.0,0,0,0,0,0,0,0,0,0,0,0,0,0,0,0,1,1506,0.0,0.0,0.0,A,,0.0,0.0,0.0,0.0,0.0,0.0,0.0,0.0,0.0,0.0,0.0,0.0,0.0,0.0,0.0
1506,2024-01-06,Unknown,ﾌﾞﾗｲﾄﾝ,ｱｰｾﾅﾙ,1500,1500,0,1500,1500,0,0,0,0,0,0,0,0,0,0,0,0,0,0,0,0,0,0,0,0.0,0.0,0.0,0.0,0.0,0.0,0.0,0.0,0.0,0.0,0.0,0.0,0.0,0.0,0.0,0.0,0.0,0,0,0,0.0,0.0,0.0,0,0,0,0,0,0,0,0,0,0,0,0,0,0,0,1,1506,0.0,0.0,0.0,D,,0.0,0.0,0.0,0.0,0.0,0.0,0.0,0.0,0.0,0.0,0.0,0.0,0.0,0.0,0.0
1506,2024-01-06,Unknown,ﾘｳﾞｧﾌﾟ,ﾏﾝU,1500,1500,0,1500,1500,0,0,0,0,0,0,0,0,0,0,0,0,0,0,0,0,0,0,0,0.0,0.0,0.0,0.0,0.0,0.0,0.0,0.0,0.0,0.0,0.0,0.0,0.0,0.0,0.0,0.0,0.0,0,0,0,0.0,0.0,0.0,0,0,0,0,0,0,0,0,0,0,0,0,0,0,0,1,1506,0.0,0.0,0.0,D,,0.0,0.0,0.0,0.0,0.0,0.0,0.0,0.0,0.0,0.0,0.0,0.0,0.0,0.0,0.0
1506,2024-01-06,Unknown,ｻｳｻﾞﾝ,ﾌﾞﾚﾝﾄ,1500,1500,0,1500,1500,0,0,0,0,0,0,0,0,0,0,0,0,0,0,0,0,0,0,0,0.0,0.0,0.0,0.0,0.0,0.0,0.0,0.0,0.0,0.0,0.0,0.0,0.0,0.0,0.0,0.0,0.0,0,0,0,0.0,0.0,0.0,0,0,0,0,0,0,0,0,0,0,0,0,0,0,0,1,1506,0.0,0.0,0.0,A,,0.0,0.0,0.0,0.0,0.0,0.0,0.0,0.0,0.0,0.0,0.0,0.0,0.0,0.0,0.0
