window,match_card_id,match_date,season,competition,home_team,away_team,actual,prediction,prob_away,prob_draw,prob_home
1,27328,2022-02-18,2022,,川崎F,FC東京,H,D,0.3111597955706799,0.35931678502755093,0.3295234194017692
1,26512,2022-02-19,2022,,栃木SC,秋田,H,H,0.3111092806410305,0.2582179488028889,0.4306727705560808
1,26513,2022-02-19,2022,,ザスパクサツ群馬,山形,H,A,0.40109213813798683,0.2586024535042908,0.34030540835772244
1,26514,2022-02-19,2022,,千葉,いわてグルージャ盛岡,A,H,0.39153633589288966,0.14996760630644393,0.45849605780066643
1,26515,2022-02-19,2022,,横浜FC,大宮,H,A,0.42718743293300976,0.20932433209444565,0.3634882349725447
1,26516,2022-02-19,2022,,徳島,ツエーゲン金沢,D,A,0.35704796355303486,0.29245394023259447,0.3504980962143706
1,26517,2022-02-19,2022,,V・ファーレン長崎,東京V,D,A,0.3798845188096701,0.2763885989150298,0.3437268822753001
1,27329,2022-02-19,2022,,横浜FM,C大阪,D,A,0.38643156885140767,0.3013253064257763,0.312243124722816
1,27330,2022-02-19,2022,,清水,札幌,D,D,0.3414002636116443,0.3773681798811547,0.281231556507201
1,27331,2022-02-19,2022,,京都,浦和,H,A,0.4669091226822982,0.2788332681436225,0.2542576091740793
1,27332,2022-02-19,2022,,G大阪,鹿島,A,D,0.3171864663143735,0.3781754803020742,0.3046380533835522
1,27333,2022-02-19,2022,,広島,鳥栖,D,H,0.3629034657933231,0.17667327033449917,0.46042326387217763
1,27334,2022-02-19,2022,,湘南,柏,A,H,0.34821403827357145,0.22284473947724415,0.42894122224918446
1,27335,2022-02-19,2022,,名古屋,神戸,H,H,0.3601647693578084,0.27649997023435663,0.363335260407835
1,27336,2022-02-19,2022,,福岡,磐田,D,D,0.3425466288658239,0.36463825527368515,0.29281511586049097
1,26519,2022-02-20,2022,,レノファ山口FC,熊本,D,A,0.4443784748012185,0.2937839464386039,0.26183757876017766
1,26520,2022-02-20,2022,,仙台,新潟,D,H,0.25812961645166316,0.3058195686088483,0.43605081493948844
1,26521,2022-02-20,2022,,町田,FC琉球,D,A,0.38964066451807544,0.2305236952095826,0.379835640272342
1,26522,2022-02-20,2022,,岡山,甲府,H,A,0.39115705430937353,0.3468741172384351,0.2619688284521915
1,27400,2022-02-23,2022,,横浜FM,川崎F,H,H,0.27992249908608513,0.30742387536230353,0.4126536255516113
1,27401,2022-02-23,2022,,浦和,神戸,D,H,0.2918075425841661,0.21892988841805022,0.48926256899778364
1,26523,2022-02-26,2022,,大宮,新潟,D,H,0.2785290482882438,0.31823299144393163,0.40323796026782455
1,26524,2022-02-26,2022,,FC琉球,千葉,A,H,0.2701555197941372,0.18488897295229978,0.544955507253563
1,27337,2022-02-26,2022,,磐田,清水,A,A,0.3606564865963391,0.3128170858890143,0.3265264275146465
1,27338,2022-02-26,2022,,C大阪,京都,D,A,0.38114200408135396,0.26618824184366235,0.35266975407498363
1,27339,2022-02-26,2022,,札幌,広島,D,H,0.2628819287343146,0.2968587985110085,0.44025927275467686
1,27340,2022-02-26,2022,,鹿島,川崎F,A,H,0.35563859853119684,0.17570077963188863,0.46866062183691454
1,27341,2022-02-26,2022,,浦和,G大阪,A,H,0.356055314018998,0.2838087247067321,0.36013596127426994
1,27343,2022-02-26,2022,,神戸,福岡,D,D,0.3025868502865409,0.3503975752086041,0.347015574504855
1,27344,2022-02-26,2022,,鳥栖,湘南,D,H,0.32837135991216004,0.2129368217726266,0.4586918183152133
1,26525,2022-02-27,2022,,甲府,大分,D,D,0.30198495590044605,0.3560990451149646,0.3419159989845893
1,26526,2022-02-27,2022,,熊本,山形,A,D,0.311489841185348,0.3481195244949847,0.3403906343196674
1,26527,2022-02-27,2022,,水戸,仙台,A,H,0.3144544874773281,0.30145990373284326,0.38408560878982867
1,26528,2022-02-27,2022,,ザスパクサツ群馬,ツエーゲン金沢,D,H,0.34856275190736147,0.28736444836068264,0.364072799731956
1,26529,2022-02-27,2022,,東京V,栃木SC,H,D,0.3526010703248391,0.37212803497652175,0.27527089469863925
1,26530,2022-02-27,2022,,町田,いわてグルージャ盛岡,H,H,0.28346265762353984,0.3519595889993047,0.3645777533771555
1,26531,2022-02-27,2022,,横浜FC,V・ファーレン長崎,H,D,0.32670188636733044,0.37054046153472187,0.30275765209794775
1,26532,2022-02-27,2022,,岡山,徳島,D,H,0.32072465111332044,0.30774627054843656,0.3715290783382429
1,26533,2022-02-27,2022,,レノファ山口FC,秋田,H,D,0.3056121228080388,0.3661103565538103,0.3282775206381509
1,27345,2022-02-27,2022,,柏,横浜FM,H,H,0.348959613448749,0.23699013558600088,0.4140502509652501
1,27409,2022-03-02,2022,,川崎F,浦和,H,H,0.2763797714656126,0.28577954143313994,0.4378406871012475
1,27410,2022-03-02,2022,,横浜FM,神戸,H,H,0.263171495803533,0.23210795933708572,0.5047205448593813
1,26534,2022-03-05,2022,,大宮,熊本,A,H,0.33467851466170145,0.29354767379792335,0.37177381154037537
1,26535,2022-03-05,2022,,新潟,レノファ山口FC,D,A,0.3918261470310098,0.32971313941213515,0.2784607135568549
1,26536,2022-03-05,2022,,栃木SC,岡山,A,A,0.4011957618125829,0.2512541510027837,0.34755008718463337
1,26537,2022-03-05,2022,,V・ファーレン長崎,甲府,A,A,0.372451182128019,0.3069645559712373,0.32058426190074374
1,26538,2022-03-05,2022,,FC琉球,いわてグルージャ盛岡,A,H,0.306735846842642,0.17317512622605458,0.5200890269313034
1,27346,2022-03-05,2022,,京都,磐田,A,D,0.345715880835411,0.36036115539289715,0.2939229637716918
1,26539,2022-03-06,2022,,仙台,ザスパクサツ群馬,D,A,0.49102506770236376,0.24476798961940593,0.2642069426782304
1,26540,2022-03-06,2022,,水戸,秋田,A,D,0.34152450514299976,0.4092490232876961,0.24922647156930408
1,26541,2022-03-06,2022,,千葉,山形,D,H,0.2728670464560387,0.30621414535747504,0.42091880818648625
1,26542,2022-03-06,2022,,ツエーゲン金沢,町田,A,A,0.3783918044015839,0.24918187047913884,0.37242632511927737
1,26543,2022-03-06,2022,,徳島,東京V,D,D,0.2906284938931522,0.3558607570462742,0.3535107490605737
1,26544,2022-03-06,2022,,大分,横浜FC,A,A,0.3829060340207218,0.3216269892281187,0.29546697675115946
1,27347,2022-03-06,2022,,横浜FM,清水,H,D,0.2789550539605247,0.3722252791641218,0.3488196668753535
1,27348,2022-03-06,2022,,名古屋,鳥栖,D,H,0.3420847057625511,0.2672415064768393,0.3906737877606094
1,27349,2022-03-06,2022,,鹿島,柏,H,H,0.3225220437346444,0.27041437612398533,0.4070635801413703
1,27350,2022-03-06,2022,,浦和,湘南,H,H,0.31408923268244143,0.29093831187400765,0.3949724554435509
1,27351,2022-03-06,2022,,C大阪,FC東京,A,D,0.29626779838248324,0.424212638799374,0.2795195628181429
1,27352,2022-03-06,2022,,広島,神戸,D,A,0.3579292863811879,0.29878908148117134,0.3432816321376407
1,27353,2022-03-06,2022,,G大阪,川崎F,D,D,0.3481164697979191,0.375108663057851,0.2767748671442299
1,27354,2022-03-06,2022,,福岡,札幌,D,A,0.42394119988242757,0.24266850832820114,0.3333902917893713
1,26518,2022-03-09,2022,,大分,水戸,D,A,0.397523329639058,0.2567784057904458,0.34569826457049624
1,27355,2022-03-11,2022,,神戸,鹿島,A,H,0.28164114770810217,0.3196981103962483,0.3986607418956496
1,26545,2022-03-12,2022,,仙台,いわてグルージャ盛岡,H,A,0.45133152386741243,0.23503201337623314,0.3136364627563544
1,26546,2022-03-12,2022,,甲府,山形,D,H,0.3242221506293342,0.2858895034794515,0.38988834589121446
1,26547,2022-03-12,2022,,レノファ山口FC,FC琉球,A,H,0.3340615202729068,0.30501567598553425,0.36092280374155894
1,26548,2022-03-12,2022,,徳島,熊本,D,D,0.30307334889536347,0.377624759912431,0.31930189119220564
1,26549,2022-03-12,2022,,V・ファーレン長崎,大分,H,H,0.24354532645307864,0.1967167717445565,0.5597379018023648
1,26974,2022-03-12,2022,,Y.S.C.C.横浜,FC岐阜,D,H,0.3544456327102169,0.22627496564338695,0.41927940164639615
1,26975,2022-03-12,2022,,藤枝MYFC,ガイナーレ鳥取,H,H,0.33432685628257086,0.25786818821487967,0.4078049555025495
1,26976,2022-03-12,2022,,SC相模原,アスルクラロ沼津,H,H,0.279195973204936,0.28345274736421106,0.437351279430853
1,27356,2022-03-12,2022,,札幌,横浜FM,D,A,0.3902563211806159,0.23296962891950676,0.3767740498998773
1,27357,2022-03-12,2022,,清水,C大阪,A,H,0.2932324406856413,0.330286613784896,0.3764809455294627
1,27358,2022-03-12,2022,,磐田,G大阪,D,H,0.21761328512816333,0.2568260022964718,0.525560712575365
1,27359,2022-03-12,2022,,FC東京,広島,H,H,0.2832945268754382,0.27912502007271156,0.4375804530518502
1,27360,2022-03-12,2022,,湘南,京都,D,D,0.3468076507400045,0.37112884449646616,0.28206350476352937
1,27361,2022-03-12,2022,,柏,福岡,H,A,0.3494579110574236,0.31551707608528434,0.33502501285729225
1,27362,2022-03-12,2022,,川崎F,名古屋,H,A,0.4004113699173979,0.3117879749799213,0.2878006551026808
1,26550,2022-03-13,2022,,秋田,新潟,H,A,0.4046949006998131,0.32565307219641304,0.2696520271037738
1,26551,2022-03-13,2022,,栃木SC,大宮,D,D,0.30719944565997936,0.3608208323610037,0.33197972197901704
1,26552,2022-03-13,2022,,ザスパクサツ群馬,東京V,A,H,0.24200229465755768,0.2653393159047534,0.49265838943768897
1,26553,2022-03-13,2022,,町田,岡山,H,A,0.3802233027129766,0.25723911470674077,0.3625375825802826
1,26554,2022-03-13,2022,,横浜FC,水戸,H,H,0.3049790235672232,0.28975125164710996,0.40526972478566686
1,26555,2022-03-13,2022,,ツエーゲン金沢,千葉,A,A,0.40879482524645155,0.2831951945129662,0.30800998024058207
1,26977,2022-03-13,2022,,FC今治,福島ユナイテッドFC,A,A,0.3527252027446729,0.3287655412278982,0.31850925602742886
1,26978,2022-03-13,2022,,テゲバジャーロ宮崎,ヴァンラーレ八戸,H,H,0.3118229955002518,0.3403401642692538,0.3478368402304944
1,26979,2022-03-13,2022,,鹿児島ユナイテッドFC,いわきFC,D,A,0.41801997681688646,0.26659096872415045,0.3153890544589632
1,26980,2022-03-13,2022,,カマタマーレ讃岐,松本山雅FC,A,A,0.3469659485186055,0.322936770794275,0.33009728068711963
1,26981,2022-03-13,2022,,ギラヴァンツ北九州,AC長野パルセイロ,A,H,0.2851094990198863,0.2932676625268758,0.4216228384532379
1,26982,2022-03-13,2022,,愛媛FC,富山,A,H,0.3175317968630954,0.23318578810027568,0.4492824150366287
1,27363,2022-03-13,2022,,鳥栖,浦和,H,D,0.3101781536028711,0.387932116289743,0.3018897301073859
1,27364,2022-03-18,2022,,横浜FM,鳥栖,D,D,0.20781683610625723,0.42005170246722234,0.3721314614265204
1,26556,2022-03-19,2022,,秋田,ツエーゲン金沢,A,D,0.30601303513014105,0.3563545907610334,0.33763237410882546
1,26557,2022-03-19,2022,,大宮,徳島,A,H,0.23088782437842945,0.2556147031646258,0.5134974724569449
1,26558,2022-03-19,2022,,新潟,甲府,H,D,0.33535284155344014,0.35136998960520627,0.3132771688413535
1,26559,2022-03-19,2022,,大分,レノファ山口FC,D,A,0.3872521376236247,0.30407342087861217,0.30867444149776324
1,26560,2022-03-19,2022,,FC琉球,水戸,A,H,0.32506851178077234,0.3046757574051814,0.3702557308140462
1,26983,2022-03-19,2022,,アスルクラロ沼津,福島ユナイテッドFC,A,A,0.3612269980359505,0.3318715966848071,0.30690140527924237
1,26984,2022-03-19,2022,,藤枝MYFC,AC長野パルセイロ,D,H,0.23527060296797792,0.2214264010866185,0.5433029959454035
1,26985,2022-03-19,2022,,FC岐阜,愛媛FC,H,H,0.39134761899188564,0.19989331039150246,0.4087590706166119
1,27365,2022-03-19,2022,,清水,神戸,D,H,0.32797595074350405,0.20287533836981478,0.46914871088668125
1,27366,2022-03-19,2022,,京都,FC東京,A,A,0.383754700404675,0.34316286381549616,0.2730824357798289
1,27367,2022-03-19,2022,,G大阪,福岡,A,H,0.3006330444528917,0.3336721777768012,0.3656947777703072
1,27368,2022-03-19,2022,,広島,川崎F,A,A,0.38223373069847494,0.27344974530236626,0.3443165239991589
1,27369,2022-03-19,2022,,鹿島,湘南,H,H,0.31940504085412197,0.30754302485815477,0.37305193428772326
1,27370,2022-03-19,2022,,浦和,磐田,H,A,0.35015559825977033,0.3376558764687077,0.31218852527152197
1,27371,2022-03-19,2022,,C大阪,札幌,D,H,0.25165135857110554,0.2461894659798803,0.5021591754490141
1,26561,2022-03-20,2022,,いわてグルージャ盛岡,栃木SC,D,D,0.2531518951760301,0.43084037112676793,0.31600773369720203
1,26562,2022-03-20,2022,,山形,仙台,A,H,0.2677609382556056,0.31740368000342006,0.41483538174097434
1,26563,2022-03-20,2022,,千葉,ザスパクサツ群馬,A,A,0.4130921304546193,0.22893879460256783,0.3579690749428128
1,26564,2022-03-20,2022,,東京V,町田,H,A,0.40977610637214146,0.27137054926625376,0.3188533443616049
1,26565,2022-03-20,2022,,岡山,横浜FC,D,A,0.3494075131413814,0.32897393606312697,0.3216185507954917
1,26986,2022-03-20,2022,,いわきFC,SC相模原,H,A,0.3539300185951019,0.31325203741759966,0.3328179439872982
1,26987,2022-03-20,2022,,Y.S.C.C.横浜,松本山雅FC,A,H,0.27545240488507783,0.29034580407892197,0.4342017910360002
1,26988,2022-03-20,2022,,FC今治,富山,H,H,0.3029614143957107,0.30388640054308963,0.3931521850611998
1,26989,2022-03-20,2022,,テゲバジャーロ宮崎,ギラヴァンツ北九州,D,H,0.25451592141928014,0.23371607401632122,0.5117680045643985
1,26990,2022-03-20,2022,,鹿児島ユナイテッドFC,ヴァンラーレ八戸,H,H,0.3231751499307866,0.28565838305778696,0.3911664670114265
1,26991,2022-03-20,2022,,カマタマーレ讃岐,ガイナーレ鳥取,H,H,0.31255222757673146,0.3384349679218963,0.34901280450137206
1,27372,2022-03-20,2022,,名古屋,柏,D,D,0.30479403854609693,0.35709520373108383,0.33811075772281923
1,26566,2022-03-21,2022,,熊本,V・ファーレン長崎,H,H,0.27168406142739826,0.30483549536772137,0.4234804432048804
1,26567,2022-03-23,2022,,徳島,秋田,D,A,0.3893293687497759,0.2784792055764644,0.3321914256737598
1,26568,2022-03-23,2022,,大分,FC琉球,H,D,0.29559567065368797,0.3527290510137291,0.3516752783325829
1,26569,2022-03-26,2022,,いわてグルージャ盛岡,レノファ山口FC,D,D,0.26343348158598073,0.3828428143989264,0.35372370401509273
1,26570,2022-03-26,2022,,大宮,岡山,D,D,0.3073454114176772,0.3923859506118675,0.3002686379704554
1,26571,2022-03-26,2022,,栃木SC,千葉,H,H,0.3049006770106752,0.3441584736454067,0.35094084934391817
1,26572,2022-03-26,2022,,仙台,町田,A,D,0.31497298605875257,0.3793237894208646,0.30570322452038284
1,26573,2022-03-26,2022,,山形,東京V,D,D,0.32911869744942723,0.38278757714506473,0.2880937254055081
1,26574,2022-03-26,2022,,水戸,熊本,H,A,0.39344163319103065,0.29602436183246195,0.31053400497650735
1,26575,2022-03-26,2022,,甲府,横浜FC,A,A,0.4177496946562702,0.3225162736782594,0.2597340316654703
1,26576,2022-03-26,2022,,新潟,ザスパクサツ群馬,H,D,0.3284588883393767,0.40555207727311526,0.265989034387508
1,26577,2022-03-26,2022,,V・ファーレン長崎,ツエーゲン金沢,A,A,0.3700800770383446,0.3595494122634539,0.27037051069820156
1,26992,2022-03-26,2022,,SC相模原,テゲバジャーロ宮崎,H,A,0.5110519559977198,0.22235675392605397,0.26659129007622623
1,26993,2022-03-26,2022,,松本山雅FC,鹿児島ユナイテッドFC,A,H,0.33316270559224653,0.23152727414528487,0.43531002026246857
1,26994,2022-03-27,2022,,ヴァンラーレ八戸,藤枝MYFC,H,A,0.3711586457228615,0.2664376594523435,0.36240369482479495
1,26995,2022-03-27,2022,,福島ユナイテッドFC,Y.S.C.C.横浜,H,H,0.26948659225019844,0.3511091624900361,0.37940424525976557
1,26996,2022-03-27,2022,,アスルクラロ沼津,FC岐阜,H,A,0.4091497152370026,0.30138356398098065,0.2894667207820167
1,26997,2022-03-27,2022,,ガイナーレ鳥取,FC今治,D,A,0.4192007232008641,0.27513230637534913,0.3056669704237868
1,26998,2022-03-27,2022,,AC長野パルセイロ,カマタマーレ讃岐,H,H,0.20703744722597645,0.3007425566806324,0.4922199960933911
1,26999,2022-03-27,2022,,富山,ギラヴァンツ北九州,A,H,0.2990450680372522,0.1968921329706104,0.5040627989921375
1,27000,2022-03-27,2022,,愛媛FC,いわきFC,A,D,0.32836340555636045,0.45962859523809196,0.21200799920554753
1,26578,2022-03-30,2022,,秋田,甲府,D,H,0.3371929400844824,0.3010750701480647,0.36173198976745274
1,26579,2022-03-30,2022,,仙台,大分,A,H,0.323940459394767,0.3374428496222582,0.33861669098297476
1,26580,2022-03-30,2022,,水戸,栃木SC,A,A,0.41384761830954686,0.3337359339404915,0.2524164477499615
1,26581,2022-03-30,2022,,ザスパクサツ群馬,V・ファーレン長崎,A,D,0.2993501132683445,0.3668925875031431,0.33375729922851244
1,26582,2022-03-30,2022,,千葉,新潟,H,A,0.4638367331679254,0.25481453179080543,0.2813487350412691
1,26583,2022-03-30,2022,,町田,大宮,H,A,0.3557652611826954,0.33627468066755756,0.30796005814974703
1,26584,2022-03-30,2022,,横浜FC,山形,H,H,0.2893259370639355,0.28618918801829474,0.4244848749177697
1,26585,2022-03-30,2022,,ツエーゲン金沢,熊本,D,A,0.3623601775736519,0.32379568750073023,0.31384413492561797
1,26586,2022-03-30,2022,,岡山,いわてグルージャ盛岡,A,H,0.2956780235286502,0.3369629607468804,0.3673590157244694
1,26587,2022-03-30,2022,,レノファ山口FC,徳島,D,H,0.26089812557825776,0.28901941279432897,0.4500824616274132
1,26588,2022-03-30,2022,,FC琉球,東京V,A,H,0.326175261494712,0.24192077472734994,0.43190396377793816
1,27373,2022-04-01,2022,,福岡,鳥栖,D,H,0.3586498508601135,0.2621720135191539,0.37917813562073255
1,27001,2022-04-02,2022,,Y.S.C.C.横浜,愛媛FC,A,H,0.3365128587721874,0.23506227559643902,0.42842486563137366
1,27002,2022-04-02,2022,,藤枝MYFC,カマタマーレ讃岐,H,H,0.3126462922614159,0.2699814506159126,0.41737225712267145
1,27374,2022-04-02,2022,,柏,磐田,H,A,0.46396487222492677,0.25768698344180213,0.278348144333271
1,27375,2022-04-02,2022,,川崎F,C大阪,A,H,0.2514311853391801,0.25275251679171623,0.4958162978691037
1,27376,2022-04-02,2022,,湘南,広島,A,D,0.28671469805115934,0.3651987773664889,0.3480865245823517
1,27377,2022-04-02,2022,,鹿島,清水,H,H,0.35003095647214016,0.2611505046417594,0.3888185388861005
1,27378,2022-04-02,2022,,札幌,浦和,D,A,0.3821885571201518,0.2837198323621775,0.33409161051767067
1,27379,2022-04-02,2022,,横浜FM,FC東京,H,H,0.3394346843808755,0.28689494625496376,0.37367036936416087
1,27380,2022-04-02,2022,,G大阪,名古屋,H,A,0.4781979795305292,0.27767695016155125,0.2441250703079196
1,27381,2022-04-02,2022,,神戸,京都,A,D,0.3206086800079774,0.3705523272010427,0.30883899279098
1,26589,2022-04-03,2022,,秋田,いわてグルージャ盛岡,H,H,0.30202002355222735,0.3146346189684291,0.3833453574793436
1,26590,2022-04-03,2022,,熊本,新潟,A,H,0.2848710526341406,0.2983851825112067,0.41674376485465264
1,26592,2022-04-03,2022,,栃木SC,ツエーゲン金沢,A,H,0.3009740280542284,0.3022719726412785,0.39675399930449323
1,26593,2022-04-03,2022,,ザスパクサツ群馬,水戸,H,D,0.31978443327986183,0.3953227528493488,0.28489281387078935
1,26594,2022-04-03,2022,,町田,千葉,D,H,0.2877259682017828,0.3174687695024228,0.3948052622957945
1,26595,2022-04-03,2022,,横浜FC,FC琉球,H,A,0.36957708432284797,0.27218944208652174,0.3582334735906303
1,26596,2022-04-03,2022,,甲府,仙台,A,H,0.2839521551679197,0.2962677643621186,0.4197800804699617
1,26597,2022-04-03,2022,,レノファ山口FC,大宮,H,H,0.29031181118047483,0.24212858629148803,0.46755960252803713
1,26598,2022-04-03,2022,,徳島,V・ファーレン長崎,D,A,0.4500551618701339,0.3410746906632838,0.2088701474665823
1,26599,2022-04-03,2022,,東京V,大分,H,A,0.34894085401564845,0.30706196076098613,0.3439971852233654
1,27004,2022-04-03,2022,,福島ユナイテッドFC,AC長野パルセイロ,D,D,0.3012134307868999,0.3775217044205912,0.32126486479250904
1,27005,2022-04-03,2022,,いわきFC,富山,D,H,0.31693469449387734,0.27906144654652437,0.4040038589595982
1,27006,2022-04-03,2022,,SC相模原,松本山雅FC,A,H,0.3371770542423422,0.24023591143556505,0.4225870343220928
1,27007,2022-04-03,2022,,テゲバジャーロ宮崎,鹿児島ユナイテッドFC,D,H,0.2922420877467849,0.19999058964857552,0.5077673226046396
1,27008,2022-04-03,2022,,ギラヴァンツ北九州,FC今治,H,A,0.3800393404516748,0.3482651903520133,0.27169546919631193
2,27382,2022-04-05,2022,,C大阪,柏,A,A,0.3636858264228994,0.3039813870742662,0.3323327865028345
2,27383,2022-04-06,2022,,京都,G大阪,D,H,0.29518372782733177,0.33267196022384543,0.37214431194882286
2,27384,2022-04-06,2022,,FC東京,神戸,H,H,0.26554448124062174,0.26986929836623896,0.4645862203931394
2,27385,2022-04-06,2022,,磐田,川崎F,D,H,0.22913081744515962,0.22566206271878003,0.5452071198360603
2,27386,2022-04-06,2022,,広島,横浜FM,H,A,0.5407174445572268,0.2181909100013083,0.2410916454414648
2,27387,2022-04-06,2022,,福岡,鹿島,A,H,0.3656401685346375,0.23752222035290835,0.3968376111124541
2,27388,2022-04-06,2022,,鳥栖,札幌,H,H,0.27080557592881227,0.34367756715649966,0.385516856914688
2,27389,2022-04-06,2022,,浦和,清水,D,D,0.2820609381604133,0.4501029935632961,0.26783606827629064
2,27390,2022-04-06,2022,,名古屋,湘南,H,H,0.3731598952307022,0.23256309398160685,0.3942770107876909
2,26600,2022-04-09,2022,,いわてグルージャ盛岡,ザスパクサツ群馬,A,A,0.4074673607196485,0.2924340500825502,0.3000985891978013
2,26601,2022-04-09,2022,,大宮,甲府,A,H,0.2892632325400303,0.2846206302641533,0.4261161371958164
2,26602,2022-04-09,2022,,V・ファーレン長崎,町田,H,D,0.3743666032860779,0.37709280696609937,0.24854058974782275
2,26603,2022-04-09,2022,,東京V,熊本,A,H,0.3173078566818429,0.316826511054487,0.36586563226367014
2,26604,2022-04-09,2022,,FC琉球,岡山,D,A,0.3582323059137781,0.31927605420736443,0.32249163987885743
2,27391,2022-04-09,2022,,川崎F,柏,H,H,0.3255315168818304,0.22763658307501156,0.4468319000431581
2,26605,2022-04-10,2022,,仙台,レノファ山口FC,H,A,0.40204377123737367,0.3070314793676296,0.29092474939499663
2,26606,2022-04-10,2022,,山形,秋田,H,H,0.3310881108794631,0.33369797340369817,0.3352139157168389
2,26607,2022-04-10,2022,,千葉,横浜FC,D,H,0.32574257772321735,0.33696704568752583,0.33729037658925687
2,26608,2022-04-10,2022,,新潟,栃木SC,H,A,0.3861578598319719,0.36336818476483596,0.25047395540319217
2,26609,2022-04-10,2022,,ツエーゲン金沢,水戸,D,D,0.3027576657545607,0.40730167784898974,0.28994065639644956
2,26610,2022-04-10,2022,,大分,徳島,H,D,0.31714499283434805,0.3617901170870764,0.3210648900785756
2,27010,2022-04-10,2022,,アスルクラロ沼津,ギラヴァンツ北九州,H,D,0.3281758365564452,0.3927800688695343,0.27904409457402046
2,27011,2022-04-10,2022,,ガイナーレ鳥取,Y.S.C.C.横浜,H,H,0.2881934219606636,0.2993802758252137,0.4124263022141227
2,27012,2022-04-10,2022,,FC今治,ヴァンラーレ八戸,H,H,0.24090940142958953,0.28500181244302186,0.4740887861273885
2,27013,2022-04-10,2022,,鹿児島ユナイテッドFC,藤枝MYFC,H,H,0.28622871894815755,0.26003190557168976,0.4537393754801528
2,27014,2022-04-10,2022,,AC長野パルセイロ,いわきFC,A,D,0.23833257507529015,0.39042152673582026,0.3712458981888895
2,27015,2022-04-10,2022,,富山,FC岐阜,A,A,0.38948867477684934,0.287916180355365,0.32259514486778573
2,27016,2022-04-10,2022,,カマタマーレ讃岐,福島ユナイテッドFC,D,D,0.33153314753454577,0.37076495523709296,0.2977018972283612
2,27017,2022-04-10,2022,,松本山雅FC,テゲバジャーロ宮崎,D,H,0.33464393882227017,0.3202811093618925,0.3450749518158373
2,27018,2022-04-10,2022,,愛媛FC,SC相模原,H,H,0.30451470865912356,0.3162309021822913,0.37925438915858517
2,27392,2022-04-10,2022,,清水,G大阪,D,A,0.38852796360630737,0.29098040125718805,0.3204916351365045
2,27393,2022-04-10,2022,,FC東京,浦和,D,H,0.2810174882658549,0.329579964757001,0.3894025469771442
2,27394,2022-04-10,2022,,広島,福岡,H,D,0.2788746801475566,0.45258827435001053,0.26853704550243285
2,27395,2022-04-10,2022,,鹿島,横浜FM,A,A,0.42601770072910605,0.2940346872634542,0.27994761200743984
2,27396,2022-04-10,2022,,湘南,磐田,D,H,0.350595697772828,0.2955059660384657,0.3538983361887064
2,27397,2022-04-10,2022,,名古屋,札幌,A,H,0.21034708200351215,0.30580144431108086,0.483851473685407
2,27398,2022-04-10,2022,,京都,鳥栖,H,D,0.2748278748122133,0.3979143233247213,0.3272578018630654
2,27399,2022-04-10,2022,,神戸,C大阪,A,A,0.4012230833038259,0.31051654860039973,0.28826036809577443
2,26611,2022-04-16,2022,,いわてグルージャ盛岡,大分,A,H,0.3283534096631499,0.3355061277530981,0.3361404625837521
2,26612,2022-04-16,2022,,大宮,千葉,H,H,0.32380488241905736,0.3155602835956654,0.36063483398527735
2,26613,2022-04-16,2022,,ツエーゲン金沢,甲府,A,A,0.3930072347391148,0.29189339501668654,0.31509937024419865
2,26614,2022-04-16,2022,,FC琉球,ザスパクサツ群馬,A,H,0.3019287045533958,0.33254439974867284,0.3655268956979312
2,27019,2022-04-16,2022,,Y.S.C.C.横浜,AC長野パルセイロ,A,D,0.34278742434333365,0.35165216237412866,0.30556041328253775
2,27020,2022-04-16,2022,,鹿児島ユナイテッドFC,ガイナーレ鳥取,H,H,0.33258120260212426,0.26157471636752283,0.4058440810303528
2,27402,2022-04-16,2022,,札幌,FC東京,D,H,0.28190550899043876,0.3150800818053076,0.4030144092042537
2,26615,2022-04-17,2022,,秋田,V・ファーレン長崎,A,A,0.4025176344888058,0.2705357615186356,0.32694660399255865
2,26616,2022-04-17,2022,,水戸,徳島,D,H,0.3220707538757527,0.33026526574501847,0.34766398037922885
2,26617,2022-04-17,2022,,栃木SC,熊本,D,H,0.29475367245966444,0.3216224219019641,0.38362390563837145
2,26618,2022-04-17,2022,,町田,山形,D,A,0.4265370684103124,0.2605169989864649,0.3129459326032226
2,26619,2022-04-17,2022,,横浜FC,仙台,H,A,0.42317189753749973,0.23304283446911517,0.34378526799338516
2,26620,2022-04-17,2022,,岡山,新潟,D,A,0.3809266289041061,0.2676564201660637,0.35141695092983016
2,26621,2022-04-17,2022,,レノファ山口FC,東京V,H,H,0.2537503638757248,0.2365563845948777,0.5096932515293976
2,27021,2022-04-17,2022,,ヴァンラーレ八戸,カマタマーレ讃岐,A,H,0.3652890695630692,0.2214544059463436,0.4132565244905872
2,27022,2022-04-17,2022,,福島ユナイテッドFC,SC相模原,H,H,0.31011358872466377,0.30901618339165016,0.3808702278836861
2,27023,2022-04-17,2022,,いわきFC,FC今治,A,A,0.34883112583874076,0.33403393899911893,0.3171349351621404
2,27024,2022-04-17,2022,,テゲバジャーロ宮崎,アスルクラロ沼津,H,D,0.2419776622961264,0.3947609007929502,0.36326143691092344
2,27025,2022-04-17,2022,,藤枝MYFC,富山,A,H,0.3309517571703701,0.3297678224952166,0.3392804203344133
2,27026,2022-04-17,2022,,FC岐阜,松本山雅FC,A,A,0.35297222048634547,0.3180538556413111,0.32897392387234337
2,27027,2022-04-17,2022,,ギラヴァンツ北九州,愛媛FC,D,H,0.3240985898656002,0.26270173112463285,0.413199679009767
2,27403,2022-04-17,2022,,G大阪,湘南,A,D,0.2720150292614961,0.3752453135310491,0.3527396572074548
2,27404,2022-04-17,2022,,鹿島,名古屋,D,H,0.28634439759085223,0.33233782329963213,0.38131777910951564
2,27405,2022-04-17,2022,,鳥栖,清水,D,H,0.366917085411909,0.20930867694939476,0.4237742376386962
2,27406,2022-04-17,2022,,磐田,広島,D,H,0.2642311027729397,0.2780523374483049,0.45771655977875536
2,27407,2022-04-17,2022,,柏,京都,A,A,0.3997413630558606,0.2884059219628867,0.31185271498125255
2,27408,2022-04-17,2022,,福岡,C大阪,D,A,0.40331835930129584,0.23183749450096994,0.3648441461977342
2,26622,2022-04-20,2022,,徳島,いわてグルージャ盛岡,H,A,0.37189469624128624,0.27069314448029447,0.35741215927841924
2,26623,2022-04-20,2022,,大分,ツエーゲン金沢,A,A,0.4094800926252998,0.27058131275446573,0.31993859462023455
2,27342,2022-04-20,2022,,FC東京,名古屋,D,H,0.3117800964447825,0.24938782150586306,0.4388320820493545
2,27003,2022-04-21,2022,,ヴァンラーレ八戸,アスルクラロ沼津,A,A,0.48014836273045897,0.21658295661986182,0.30326868064967927
2,26624,2022-04-22,2022,,熊本,岡山,D,H,0.31281625470041363,0.22582593932672726,0.46135780597285914
2,26625,2022-04-23,2022,,仙台,FC琉球,H,A,0.4521910915037263,0.18546353619966724,0.36234537229660646
2,26626,2022-04-23,2022,,山形,大宮,H,H,0.34457256936277636,0.265754086999401,0.3896733436378227
2,26627,2022-04-23,2022,,東京V,千葉,D,A,0.43321122609423707,0.20307394322779038,0.36371483067797256
2,26628,2022-04-23,2022,,甲府,町田,H,A,0.3759613943454092,0.3181141459877854,0.3059244596668054
2,26629,2022-04-23,2022,,新潟,V・ファーレン長崎,H,A,0.4569315321984311,0.3222842331574564,0.22078423464411248
2,26630,2022-04-23,2022,,水戸,レノファ山口FC,H,A,0.46088686056621425,0.27416515917628614,0.2649479802574996
2,26631,2022-04-23,2022,,栃木SC,横浜FC,D,H,0.36176330576844146,0.2630274116122854,0.37520928261927317
2,26632,2022-04-24,2022,,ザスパクサツ群馬,秋田,A,D,0.2625387622242424,0.3899867791581432,0.34747445861761445
2,26633,2022-04-27,2022,,秋田,岡山,A,D,0.27072422180955563,0.43685967434810596,0.2924161038423384
2,26634,2022-04-27,2022,,大宮,ザスパクサツ群馬,H,A,0.5058590772480409,0.2721552345558866,0.22198568819607245
2,26635,2022-04-27,2022,,千葉,レノファ山口FC,H,A,0.46300495451711376,0.254532638552289,0.28246240693059727
2,26636,2022-04-27,2022,,横浜FC,町田,D,A,0.3856410687255921,0.25808810505254876,0.35627082622185924
2,26637,2022-04-27,2022,,新潟,いわてグルージャ盛岡,H,A,0.35047522206509035,0.3321669287162628,0.31735784921864674
2,26638,2022-04-27,2022,,徳島,山形,A,D,0.3354667992531322,0.3584127526228937,0.3061204481239741
2,26639,2022-04-27,2022,,V・ファーレン長崎,水戸,H,A,0.4084562740377491,0.252302299693089,0.3392414262691619
2,26640,2022-04-27,2022,,熊本,仙台,A,H,0.37208744227483687,0.22739862837891425,0.4005139293462489
2,26641,2022-04-27,2022,,大分,栃木SC,D,A,0.3856585121000185,0.28206024415479863,0.3322812437451828
2,26642,2022-04-27,2022,,FC琉球,ツエーゲン金沢,D,H,0.32177280506649064,0.28442372222421164,0.39380347270929766
2,26643,2022-04-27,2022,,甲府,東京V,H,H,0.3479211569593092,0.2660736315308101,0.3860052115098807
2,27411,2022-04-28,2022,,磐田,名古屋,H,H,0.2769925029448551,0.20635063161962883,0.516656865435516
2,27028,2022-04-29,2022,,いわきFC,ヴァンラーレ八戸,H,H,0.29726386110245107,0.31962090370531776,0.3831152351922311
2,27029,2022-04-29,2022,,FC今治,テゲバジャーロ宮崎,D,H,0.3185949146400826,0.27717928134425607,0.4042258040156614
2,27030,2022-04-29,2022,,富山,ガイナーレ鳥取,H,D,0.2690410518604565,0.41785705435630544,0.31310189378323794
2,27031,2022-04-29,2022,,愛媛FC,福島ユナイテッドFC,D,A,0.5370902870528838,0.20793984919043013,0.2549698637566861
2,27032,2022-04-29,2022,,ギラヴァンツ北九州,藤枝MYFC,A,H,0.28255472757340266,0.337161448390984,0.3802838240356134
2,27034,2022-04-29,2022,,AC長野パルセイロ,鹿児島ユナイテッドFC,H,D,0.35665194731551253,0.3644093154706817,0.2789387372138058
2,27412,2022-04-29,2022,,札幌,湘南,H,D,0.28510688805661377,0.39395751316378114,0.320935598779605
2,27413,2022-04-29,2022,,清水,広島,D,H,0.2980528009907471,0.226488054308731,0.475459144700522
2,27414,2022-04-29,2022,,柏,鳥栖,A,H,0.29751272305644055,0.30828277590318803,0.39420450104037147
2,27415,2022-04-29,2022,,C大阪,鹿島,A,H,0.3087272982592524,0.29452175874057596,0.39675094300017166
2,27416,2022-04-29,2022,,FC東京,G大阪,H,H,0.27422710616625323,0.35664787698109257,0.36912501685265414
2,27417,2022-04-29,2022,,京都,福岡,A,H,0.29353013321406235,0.32243085731732724,0.38403900946861047
2,26644,2022-04-30,2022,,千葉,大分,A,A,0.4088258554340438,0.31911196517968776,0.2720621793862684
2,26645,2022-04-30,2022,,レノファ山口FC,栃木SC,H,H,0.38094066695772133,0.22760579244933085,0.3914535405929478
2,26646,2022-04-30,2022,,水戸,甲府,H,H,0.32879735672838006,0.28835195600234603,0.38285068726927396
2,26647,2022-04-30,2022,,FC琉球,新潟,D,A,0.3946411229455423,0.26500710049843224,0.3403517765560255
2,27035,2022-04-30,2022,,カマタマーレ讃岐,FC岐阜,H,A,0.43486702442895264,0.2359957891424626,0.32913718642858475
2,27036,2022-04-30,2022,,松本山雅FC,アスルクラロ沼津,H,A,0.3640112241908756,0.2724770034669779,0.3635117723421465
2,26648,2022-05-01,2022,,いわてグルージャ盛岡,熊本,A,D,0.3096274802056083,0.3967053161351518,0.29366720365923993
2,26649,2022-05-01,2022,,岡山,東京V,H,H,0.3284854837616808,0.28419876808425615,0.3873157481540631
2,26650,2022-05-01,2022,,山形,V・ファーレン長崎,H,A,0.4702238369155363,0.2652541910589726,0.2645219720254912
2,26651,2022-05-01,2022,,ザスパクサツ群馬,横浜FC,D,A,0.39924140037521283,0.2620785961677079,0.3386800034570793
2,26652,2022-05-01,2022,,町田,徳島,A,H,0.351982804618893,0.2508198413049811,0.39719735407612583
2,26653,2022-05-01,2022,,ツエーゲン金沢,大宮,A,A,0.41579757642902904,0.2977426299580913,0.28645979361287977
2,26654,2022-05-01,2022,,仙台,秋田,H,H,0.2833707571369505,0.2869520969770426,0.42967714588600686
2,27418,2022-05-03,2022,,名古屋,京都,D,H,0.3191344880238936,0.3021909688214611,0.3786745431546453
2,27419,2022-05-03,2022,,広島,柏,A,A,0.49983362897312794,0.19995371924553423,0.30021265178133794
2,27420,2022-05-03,2022,,鹿島,磐田,H,H,0.3553053329775989,0.2665839135889449,0.3781107534334563
2,27421,2022-05-03,2022,,湘南,清水,A,A,0.4799203478659539,0.20061182321203633,0.31946782892200976
2,27422,2022-05-03,2022,,鳥栖,C大阪,D,H,0.3160563789593328,0.19105686168086677,0.4928867593598005
2,27426,2022-05-03,2022,,福岡,FC東京,H,A,0.37345955090649535,0.2666963748427426,0.35984407425076215
2,26655,2022-05-04,2022,,いわてグルージャ盛岡,V・ファーレン長崎,A,H,0.3218568855594052,0.32916198144069486,0.3489811329998998
2,26656,2022-05-04,2022,,秋田,FC琉球,H,A,0.4118358747347023,0.3092860901367033,0.2788780351285944
2,26657,2022-05-04,2022,,東京V,仙台,H,D,0.2630969126298274,0.38255872129399926,0.3543443660761734
2,26658,2022-05-04,2022,,横浜FC,熊本,A,D,0.3242412117028743,0.36352477536473415,0.31223401293239156
2,26659,2022-05-04,2022,,甲府,ザスパクサツ群馬,H,A,0.4357735381091964,0.20286125469849417,0.3613652071923094
2,26660,2022-05-04,2022,,新潟,ツエーゲン金沢,H,A,0.3974438232986027,0.29557966245128414,0.30697651425011313
2,26661,2022-05-04,2022,,岡山,水戸,H,D,0.22910380954351092,0.3989000173715318,0.3719961730849573
2,26662,2022-05-04,2022,,レノファ山口FC,町田,H,H,0.28813320488838295,0.25835030362930517,0.45351649148231193
2,26663,2022-05-04,2022,,徳島,千葉,H,D,0.3122219927350467,0.37754652016578677,0.3102314870991666
2,26664,2022-05-04,2022,,大分,大宮,D,H,0.2880909233648562,0.339696634640877,0.37221244199426684
2,26665,2022-05-04,2022,,栃木SC,山形,A,A,0.4000984024019182,0.2967714028697841,0.30313019472829783
2,27037,2022-05-04,2022,,アスルクラロ沼津,AC長野パルセイロ,H,H,0.33987521316252506,0.2791965423030462,0.38092824453442875
2,27039,2022-05-04,2022,,藤枝MYFC,FC岐阜,H,D,0.3574808342805746,0.3611606204332034,0.2813585452862221
2,27040,2022-05-04,2022,,カマタマーレ讃岐,FC今治,A,D,0.33636712471904473,0.34025618946424124,0.32337668581671414
2,27041,2022-05-04,2022,,松本山雅FC,ギラヴァンツ北九州,D,A,0.420341579435209,0.3083873015819493,0.2712711189828416
2,27042,2022-05-04,2022,,福島ユナイテッドFC,いわきFC,A,H,0.2568237246062613,0.2786358982550205,0.4645403771387182
2,27423,2022-05-04,2022,,G大阪,札幌,D,A,0.37818714792231284,0.32310633615991946,0.29870651591776765
2,27043,2022-05-05,2022,,Y.S.C.C.横浜,テゲバジャーロ宮崎,A,D,0.35422646130863933,0.37354648630015935,0.2722270523912013
2,27045,2022-05-05,2022,,鹿児島ユナイテッドFC,富山,H,H,0.2118008505221454,0.3882215571542007,0.3999775923236539
2,27427,2022-05-06,2022,,C大阪,磐田,H,H,0.32211538702957104,0.25649527956553686,0.4213893334048922
2,27428,2022-05-07,2022,,清水,川崎F,A,H,0.279960713080455,0.3152897770487406,0.40474950987080444
2,27429,2022-05-07,2022,,広島,鹿島,H,A,0.4679339330838841,0.18612353393229378,0.34594253298382205
2,27430,2022-05-07,2022,,横浜FM,名古屋,H,H,0.28825756162175664,0.24491150704575337,0.46683093133249004
2,27431,2022-05-07,2022,,札幌,京都,H,D,0.3248829426153705,0.3664360356178314,0.30868102176679807
2,27432,2022-05-07,2022,,福岡,湘南,D,A,0.40460769157935034,0.3207220614660922,0.27467024695455744
2,26666,2022-05-08,2022,,秋田,横浜FC,H,H,0.3091252156950764,0.29285217250242596,0.3980226118024977
2,26668,2022-05-08,2022,,熊本,FC琉球,A,H,0.2755737480287535,0.2060253283581678,0.5184009236130787
2,26669,2022-05-08,2022,,山形,大分,D,H,0.3016773396753894,0.2967185246035269,0.4016041357210837
2,26670,2022-05-08,2022,,水戸,町田,D,A,0.4258328482330769,0.20008359592426359,0.3740835558426596
2,26671,2022-05-08,2022,,ザスパクサツ群馬,徳島,D,H,0.279898892500965,0.2024013747001873,0.5176997327988477
2,26672,2022-05-08,2022,,新潟,東京V,H,H,0.3156940081749697,0.33266567610177056,0.35164031572325977
2,26673,2022-05-08,2022,,ツエーゲン金沢,レノファ山口FC,H,A,0.374679452812026,0.2891161808364846,0.3362043663514894
2,26674,2022-05-08,2022,,V・ファーレン長崎,仙台,A,H,0.3474124199437623,0.25542209334146626,0.39716548671477153
2,26675,2022-05-08,2022,,千葉,岡山,H,H,0.30547726993036906,0.34411370378784206,0.3504090262817889
2,26676,2022-05-08,2022,,栃木SC,甲府,D,A,0.4732293257076083,0.2589618795243514,0.2678087947680402
2,27433,2022-05-08,2022,,G大阪,神戸,H,H,0.31255632466095373,0.3107569380715513,0.3766867372674949
2,27434,2022-05-08,2022,,FC東京,鳥栖,A,H,0.31752575317024473,0.29162942965746125,0.390844817172294
2,27435,2022-05-08,2022,,柏,浦和,D,H,0.29588746951054773,0.31505938328685723,0.38905314720259504
2,27436,2022-05-13,2022,,浦和,広島,D,H,0.24428531878737944,0.2390441959703574,0.5166704852422631
2,26678,2022-05-14,2022,,甲府,レノファ山口FC,D,A,0.36479798120082974,0.3348436563915843,0.300358362407586
2,26679,2022-05-14,2022,,V・ファーレン長崎,大宮,D,A,0.3859541164769643,0.23995793010851973,0.3740879534145158
2,26680,2022-05-14,2022,,大分,熊本,A,D,0.330766589867714,0.3887878039389334,0.28044560619335257
2,26681,2022-05-14,2022,,東京V,水戸,A,A,0.4005307057693778,0.310863965082897,0.2886053291477252
2,26682,2022-05-14,2022,,FC琉球,栃木SC,H,D,0.32977256966735136,0.3412993057397498,0.32892812459289894
2,27437,2022-05-14,2022,,磐田,FC東京,H,A,0.3762197279557426,0.2752660199009449,0.3485142521433125
2,27438,2022-05-14,2022,,名古屋,C大阪,H,H,0.34489393699732507,0.2798059021651743,0.3753001608375006
2,27439,2022-05-14,2022,,京都,清水,D,H,0.26994654459390893,0.29543964806845996,0.43461380733763116
2,27440,2022-05-14,2022,,鹿島,札幌,H,A,0.40175903698521837,0.288265100035039,0.30997586297974256
2,27441,2022-05-14,2022,,神戸,鳥栖,H,A,0.4165348262580747,0.28425560609692424,0.29920956764500095
2,27442,2022-05-14,2022,,川崎F,福岡,H,H,0.3062928782798031,0.21921829073108245,0.4744888309891144
2,27443,2022-05-14,2022,,湘南,横浜FM,A,A,0.37141125797261787,0.33580681496899983,0.2927819270583824
2,27444,2022-05-14,2022,,柏,G大阪,A,H,0.3384309081551085,0.2890792550379937,0.37248983680689784
2,26683,2022-05-15,2022,,仙台,ツエーゲン金沢,H,H,0.33503699520481506,0.276047428804937,0.38891557599024795
2,26684,2022-05-15,2022,,町田,新潟,H,D,0.34572844733729263,0.3771871992126604,0.27708435345004706
2,26685,2022-05-15,2022,,横浜FC,徳島,H,A,0.3737949786159127,0.3011075996489891,0.32509742173509815
2,26686,2022-05-15,2022,,岡山,ザスパクサツ群馬,A,A,0.4025964581426831,0.3550590708269439,0.24234447103037304
2,26687,2022-05-15,2022,,千葉,秋田,A,H,0.2444955870637519,0.25081830644735853,0.5046861064888897
2,27046,2022-05-15,2022,,いわきFC,藤枝MYFC,D,A,0.3847589833068757,0.26910303757772763,0.3461379791153967
2,27047,2022-05-15,2022,,アスルクラロ沼津,愛媛FC,D,A,0.38314609558809226,0.30951636200956495,0.3073375424023427
2,27048,2022-05-15,2022,,ガイナーレ鳥取,福島ユナイテッドFC,A,H,0.3054341918676672,0.29748641474458537,0.3970793933877474
2,27049,2022-05-15,2022,,FC今治,鹿児島ユナイテッドFC,A,H,0.36935779109716554,0.25788935223846454,0.37275285666436997
2,27050,2022-05-15,2022,,テゲバジャーロ宮崎,カマタマーレ讃岐,D,D,0.22737379612696806,0.4955337269832162,0.27709247688981575
2,27051,2022-05-15,2022,,ヴァンラーレ八戸,ギラヴァンツ北九州,H,D,0.3712797751340837,0.39119107834495664,0.23752914652095955
2,27052,2022-05-15,2022,,富山,Y.S.C.C.横浜,H,A,0.3594113641439591,0.2997643481166862,0.34082428773935486
2,27053,2022-05-15,2022,,FC岐阜,SC相模原,H,A,0.4225748502197265,0.3193648097828623,0.2580603399974111
2,27054,2022-05-15,2022,,AC長野パルセイロ,松本山雅FC,D,H,0.23025023901733968,0.2725935716534659,0.49715618932919436
2,26667,2022-05-18,2022,,大宮,いわてグルージャ盛岡,A,D,0.29846431517938155,0.4203851784957676,0.2811505063248509
2,27009,2022-05-18,2022,,FC岐阜,ガイナーレ鳥取,H,A,0.39000255382010457,0.3351152141296348,0.27488223205026074
2,27424,2022-05-18,2022,,神戸,川崎F,A,H,0.2987936135025968,0.34609564149833727,0.35511074499906603
2,27425,2022-05-18,2022,,浦和,横浜FM,D,D,0.303886570320527,0.39278036613204176,0.3033330635474313
2,27033,2022-05-19,2022,,SC相模原,Y.S.C.C.横浜,D,H,0.2560481945762708,0.3345019792255691,0.4094498261981601
2,26688,2022-05-21,2022,,熊本,千葉,D,H,0.27179508336369385,0.26199655330931887,0.46620836332698723
2,26689,2022-05-21,2022,,秋田,東京V,D,D,0.28036935099509536,0.3735882114430464,0.3460424375618582
2,26690,2022-05-21,2022,,大宮,仙台,A,A,0.3881212580321236,0.35022434397819113,0.26165439798968526
2,26691,2022-05-21,2022,,新潟,横浜FC,H,A,0.35371160978833127,0.3385924974187718,0.3076958927928968
2,26692,2022-05-21,2022,,ツエーゲン金沢,山形,D,A,0.34436683471101115,0.32446539829218435,0.33116776699680445
2,26693,2022-05-21,2022,,徳島,栃木SC,A,D,0.3548185288127296,0.40790586710269716,0.23727560408457313
2,26694,2022-05-21,2022,,水戸,いわてグルージャ盛岡,H,A,0.4413927286923964,0.28911649737350253,0.26949077393410126
2,26695,2022-05-21,2022,,岡山,大分,H,A,0.4336303615763613,0.24955869323921426,0.3168109451844245
2,26696,2022-05-21,2022,,FC琉球,甲府,D,H,0.2901760539835554,0.34563167945203854,0.3641922665644061
2,27445,2022-05-21,2022,,広島,京都,H,H,0.3590787359794098,0.2441420820567352,0.396779181963855
2,27446,2022-05-21,2022,,清水,名古屋,A,A,0.35799121920569443,0.32611099834009655,0.3158977824542091
2,27447,2022-05-21,2022,,C大阪,G大阪,H,A,0.36409438005278855,0.2948965284842237,0.34100909146298775
2,27448,2022-05-21,2022,,FC東京,柏,D,H,0.3009392132499446,0.2980812493609895,0.40097953738906594
2,27449,2022-05-21,2022,,湘南,神戸,H,A,0.41727503279289396,0.2880259855776347,0.2946989816294713
2,27450,2022-05-21,2022,,浦和,鹿島,D,A,0.3802657382311749,0.2951419287039218,0.3245923330649034
2,27451,2022-05-21,2022,,福岡,横浜FM,H,A,0.48582701294026004,0.25933199348783054,0.2548409935719093
2,27453,2022-05-21,2022,,鳥栖,川崎F,D,H,0.2940671932035948,0.3130127014402526,0.39292010535615257
2,26697,2022-05-22,2022,,町田,ザスパクサツ群馬,H,D,0.25161651426690734,0.38149789810736146,0.3668855876257311
2,26698,2022-05-22,2022,,レノファ山口FC,V・ファーレン長崎,A,H,0.318170705641779,0.2702502208697291,0.41157907348849193
2,27452,2022-05-22,2022,,磐田,札幌,A,H,0.2377246142744222,0.3751899812227623,0.3870854045028154
2,26699,2022-05-25,2022,,いわてグルージャ盛岡,横浜FC,A,D,0.26462305766307803,0.37901479101445057,0.3563621513224715
2,26700,2022-05-25,2022,,仙台,岡山,D,H,0.31902306610352027,0.3077125878769092,0.3732643460195706
2,26701,2022-05-25,2022,,山形,レノファ山口FC,H,H,0.3395498748967115,0.297905461931978,0.36254466317131057
2,26702,2022-05-25,2022,,水戸,新潟,A,H,0.33575596559964155,0.27914695248895455,0.38509708191140385
2,26703,2022-05-25,2022,,栃木SC,町田,H,H,0.31515286621128163,0.3384208721692021,0.3464262616195163
2,26704,2022-05-25,2022,,ザスパクサツ群馬,熊本,A,D,0.3078480368355575,0.38467012844837045,0.30748183471607216
2,26705,2022-05-25,2022,,大宮,FC琉球,H,A,0.33948617828588656,0.33554005009014026,0.32497377162397323
2,26706,2022-05-25,2022,,東京V,ツエーゲン金沢,A,H,0.29939255554739985,0.2973685163087203,0.40323892814387996
2,26707,2022-05-25,2022,,V・ファーレン長崎,千葉,A,D,0.33208352681064884,0.40627776156170886,0.2616387116276424
2,26708,2022-05-25,2022,,大分,秋田,D,H,0.2536404603458873,0.3361800774241033,0.41017946223000945
2,26709,2022-05-25,2022,,甲府,徳島,D,A,0.5149724183435688,0.22942885427968515,0.25559872737674616
2,27044,2022-05-25,2022,,ガイナーレ鳥取,愛媛FC,A,D,0.32571235687429856,0.38889854569316973,0.28538909743253166
2,27454,2022-05-25,2022,,鹿島,鳥栖,D,H,0.2917633466196675,0.327709254700072,0.38052739868026036
2,27456,2022-05-25,2022,,C大阪,浦和,H,A,0.3638934319639214,0.27416627485568373,0.3619402931803949
2,27457,2022-05-25,2022,,名古屋,福岡,H,A,0.4160514220039454,0.2168756253969959,0.3670729525990588
2,27458,2022-05-25,2022,,札幌,柏,A,H,0.32916387864170327,0.29186764990412645,0.37896847145417034
2,27459,2022-05-25,2022,,川崎F,湘南,A,H,0.27451348987633917,0.26302262902469065,0.46246388109897013
2,27460,2022-05-25,2022,,横浜FM,京都,H,H,0.33458705472666295,0.20801620293699327,0.4573967423363438
2,27461,2022-05-25,2022,,清水,FC東京,A,H,0.26088962819979405,0.3353971313747227,0.4037132404254831
2,27462,2022-05-25,2022,,神戸,磐田,D,A,0.41016480063917204,0.23172745428052047,0.3581077450803074
2,26710,2022-05-28,2022,,熊本,甲府,D,A,0.3724904152306062,0.29809097807126445,0.3294186066981292
2,26711,2022-05-28,2022,,東京V,大宮,D,H,0.31487847029243626,0.31162879675426636,0.3734927329532974
2,27055,2022-05-28,2022,,ギラヴァンツ北九州,Y.S.C.C.横浜,A,H,0.35016000450849477,0.28046499241688433,0.36937500307462084
2,27463,2022-05-28,2022,,広島,名古屋,H,H,0.3008364805211837,0.2933262974280078,0.4058372220508086
2,27464,2022-05-28,2022,,福岡,浦和,D,H,0.35628548784299635,0.27581037042778644,0.36790414172921715
2,26712,2022-05-29,2022,,仙台,栃木SC,H,H,0.357779823484349,0.24136902757512096,0.40085114894053003
2,26713,2022-05-29,2022,,町田,秋田,H,A,0.4862874134025928,0.19245199595914964,0.3212605906382575
2,26714,2022-05-29,2022,,横浜FC,レノファ山口FC,H,H,0.37601403366585207,0.23381352190993812,0.3901724444242098
2,26715,2022-05-29,2022,,新潟,山形,H,A,0.5080408156272738,0.2655475004900638,0.2264116838826624
2,26716,2022-05-29,2022,,V・ファーレン長崎,岡山,D,A,0.3590244454984751,0.3405099137405932,0.3004656407609317
2,26717,2022-05-29,2022,,千葉,水戸,H,A,0.3533777605156806,0.3060935884102904,0.34052865107402885
2,26718,2022-05-29,2022,,ザスパクサツ群馬,大分,A,A,0.46660706239681354,0.24931089980134077,0.2840820378018458
2,26719,2022-05-29,2022,,FC琉球,徳島,D,D,0.30545647885284055,0.3620606350369394,0.3324828861102201
2,26720,2022-05-29,2022,,ツエーゲン金沢,いわてグルージャ盛岡,H,H,0.275938940202649,0.2688492884515366,0.45521177134581436
2,27056,2022-05-29,2022,,松本山雅FC,FC今治,H,D,0.24994102243448857,0.4148918657091875,0.335167111856324
2,27057,2022-05-29,2022,,福島ユナイテッドFC,テゲバジャーロ宮崎,D,H,0.2902845405942516,0.2235058794886406,0.4862095799171078
2,27058,2022-05-29,2022,,いわきFC,ガイナーレ鳥取,H,A,0.4191924482262053,0.31465356597151206,0.2661539858022826
2,27059,2022-05-29,2022,,SC相模原,富山,A,H,0.3314993377859548,0.3242521175789408,0.34424854463510457
2,27060,2022-05-29,2022,,AC長野パルセイロ,FC岐阜,D,A,0.421857534078728,0.2827872819522068,0.29535518396906524
2,27061,2022-05-29,2022,,藤枝MYFC,アスルクラロ沼津,H,H,0.3058045098077497,0.3154492664346175,0.37874622375763284
2,27062,2022-05-29,2022,,カマタマーレ讃岐,鹿児島ユナイテッドFC,A,A,0.3567053654005287,0.31672401618274926,0.3265706184167219
2,27063,2022-05-29,2022,,愛媛FC,ヴァンラーレ八戸,H,A,0.381219236607564,0.29613628315990564,0.32264448023253034
2,27465,2022-05-29,2022,,京都,川崎F,H,A,0.46103972799566206,0.19459510651927428,0.3443651654850637
2,27466,2022-05-29,2022,,神戸,札幌,H,D,0.30105101485004654,0.3821619029355452,0.31678708221440827
2,27467,2022-05-29,2022,,FC東京,鹿島,H,H,0.22110787169089668,0.2662396542411515,0.5126524740679518
2,27468,2022-05-29,2022,,湘南,C大阪,A,A,0.44226024443458045,0.26664518640753226,0.29109456915788734
2,27469,2022-05-29,2022,,柏,清水,H,H,0.3043325214851877,0.22677521305454637,0.468892265460266
2,27470,2022-05-29,2022,,磐田,横浜FM,A,H,0.3261218721131828,0.2826959742005103,0.39118215368630693
2,27471,2022-05-29,2022,,鳥栖,G大阪,H,H,0.33066447249546815,0.3065238353296222,0.36281169217490955
2,26721,2022-06-04,2022,,岡山,ツエーゲン金沢,H,H,0.28615698285168123,0.28140429253905075,0.4324387246092681
2,26730,2022-06-04,2022,,徳島,新潟,D,A,0.4449076985574842,0.2982517740291978,0.256840527413318
2,27064,2022-06-04,2022,,Y.S.C.C.横浜,いわきFC,A,H,0.22445895206191308,0.3259184705939945,0.4496225773440926
2,27065,2022-06-04,2022,,SC相模原,ギラヴァンツ北九州,H,A,0.3584359971039144,0.3239483048064391,0.3176156980896465
2,26722,2022-06-05,2022,,秋田,熊本,D,A,0.36396634718227305,0.35419031339722445,0.2818433394205024
2,26723,2022-06-05,2022,,山形,FC琉球,H,A,0.39753954546408343,0.29584047942697583,0.3066199751089408
2,26724,2022-06-05,2022,,大宮,水戸,A,A,0.3816404144661483,0.24968446176130174,0.36867512377255
2,26725,2022-06-05,2022,,千葉,仙台,H,H,0.28065146434974014,0.34448277689349055,0.37486575875676936
2,26726,2022-06-05,2022,,横浜FC,東京V,D,A,0.417955424662739,0.2568052481747125,0.32523932716254855
2,26727,2022-06-05,2022,,レノファ山口FC,ザスパクサツ群馬,H,H,0.33440264634740646,0.22729386244496458,0.4383034912076289
2,26728,2022-06-05,2022,,いわてグルージャ盛岡,甲府,H,A,0.49018427316138363,0.25122123876045854,0.2585944880781579
2,26729,2022-06-05,2022,,栃木SC,V・ファーレン長崎,A,H,0.29899305740498006,0.34681273853534683,0.35419420405967317
2,26731,2022-06-05,2022,,大分,町田,H,H,0.29757988841865746,0.3014639017770914,0.4009562098042513
2,27066,2022-06-05,2022,,福島ユナイテッドFC,藤枝MYFC,A,H,0.31622596733601044,0.23849778602647642,0.44527624663751303
2,27067,2022-06-05,2022,,ガイナーレ鳥取,松本山雅FC,D,A,0.3851042564813042,0.27734716607314513,0.33754857744555067
2,27068,2022-06-05,2022,,FC今治,愛媛FC,H,A,0.3921122499087752,0.2689305036507895,0.33895724644043523
2,27069,2022-06-05,2022,,テゲバジャーロ宮崎,AC長野パルセイロ,H,H,0.22642470847426757,0.292630970763194,0.48094432076253846
2,27070,2022-06-05,2022,,鹿児島ユナイテッドFC,アスルクラロ沼津,H,H,0.28008116648504283,0.25648329291892796,0.46343554059602926
2,27071,2022-06-05,2022,,富山,カマタマーレ讃岐,H,H,0.3004970456084786,0.285404141863985,0.41409881252753633
2,27072,2022-06-05,2022,,FC岐阜,ヴァンラーレ八戸,D,H,0.31681615121073714,0.31473879845973424,0.36844505032952873
2,26732,2022-06-11,2022,,甲府,千葉,D,A,0.4110798033925192,0.2657905132695903,0.3231296833378905
2,26733,2022-06-11,2022,,ツエーゲン金沢,横浜FC,D,D,0.3026922619487825,0.36569301061559334,0.33161472743562426
2,26734,2022-06-11,2022,,FC琉球,V・ファーレン長崎,A,A,0.38694132178842616,0.2504963005597391,0.36256237765183474
2,26741,2022-06-11,2022,,徳島,仙台,D,A,0.35033749658037217,0.3463377665022959,0.3033247369173319
2,26742,2022-06-11,2022,,大分,新潟,A,H,0.3174930364235525,0.22926969206244502,0.45323727151400256
2,27073,2022-06-11,2022,,松本山雅FC,藤枝MYFC,H,H,0.2905476997770174,0.35231482065074754,0.3571374795722351
2,26735,2022-06-12,2022,,レノファ山口FC,岡山,A,H,0.25813668249566785,0.2725485111335613,0.4693148063707708
2,26736,2022-06-12,2022,,秋田,大宮,A,A,0.38517785070548305,0.2637581865610499,0.3510639627334672
2,26737,2022-06-12,2022,,水戸,山形,H,A,0.4503411599912215,0.2592958298092837,0.29036301019949495
2,26738,2022-06-12,2022,,町田,熊本,D,H,0.3387676000617746,0.3207040762010552,0.34052832373717035
2,26739,2022-06-12,2022,,ザスパクサツ群馬,栃木SC,D,A,0.44325032026817274,0.30671166035534375,0.2500380193764835
2,26740,2022-06-12,2022,,東京V,いわてグルージャ盛岡,D,H,0.2467959371918072,0.3204652058270694,0.4327388569811234
2,27074,2022-06-12,2022,,アスルクラロ沼津,Y.S.C.C.横浜,H,H,0.3701570254937698,0.2233780039867534,0.4064649705194768
2,27075,2022-06-12,2022,,ヴァンラーレ八戸,ガイナーレ鳥取,A,H,0.3702730493822433,0.2322515707863547,0.3974753798314021
2,27076,2022-06-12,2022,,FC岐阜,鹿児島ユナイテッドFC,H,D,0.30801184337338583,0.37840628142141974,0.3135818752051945
2,27077,2022-06-12,2022,,カマタマーレ讃岐,いわきFC,A,A,0.4297928070532877,0.3569012261997495,0.2133059667469627
2,27078,2022-06-12,2022,,ギラヴァンツ北九州,福島ユナイテッドFC,D,D,0.33110655733865707,0.3392782164046773,0.3296152262566657
2,27079,2022-06-12,2022,,テゲバジャーロ宮崎,富山,A,D,0.24524413458709762,0.4188825062928721,0.33587335912003036
2,27080,2022-06-12,2022,,FC今治,SC相模原,A,H,0.33778457177156307,0.24903290844804563,0.41318251978039144
2,27081,2022-06-12,2022,,AC長野パルセイロ,愛媛FC,D,H,0.24970375877688697,0.29593423931447405,0.4543620019086389
2,26677,2022-06-15,2022,,いわてグルージャ盛岡,山形,D,D,0.34791028181893874,0.3762193448222679,0.2758703733587933
2,27038,2022-06-15,2022,,ヴァンラーレ八戸,SC相模原,H,A,0.3738943667414532,0.35680985512046715,0.26929577813807976
2,26743,2022-06-18,2022,,千葉,大宮,D,A,0.4441995812462862,0.29876554310394193,0.2570348756497718
2,26744,2022-06-18,2022,,いわてグルージャ盛岡,徳島,H,H,0.29757192272966243,0.30933796514493167,0.3930901121254059
2,26745,2022-06-18,2022,,仙台,横浜FC,A,D,0.24406224912129043,0.42754946486229445,0.328388286016415
2,26746,2022-06-18,2022,,栃木SC,大分,D,H,0.3397310250606304,0.2882889818277893,0.3719799931115805
2,26747,2022-06-18,2022,,東京V,レノファ山口FC,H,H,0.2546972065428157,0.3346831161952427,0.4106196772619417
2,26748,2022-06-18,2022,,熊本,水戸,D,H,0.3038593370994912,0.26193256012692195,0.43420810277358696
2,26749,2022-06-18,2022,,山形,甲府,A,A,0.37820255069570236,0.30279679260493725,0.31900065669936045
2,26750,2022-06-18,2022,,岡山,FC琉球,H,A,0.39632781159374103,0.25234652121793616,0.35132566718832287
2,26751,2022-06-18,2022,,V・ファーレン長崎,ザスパクサツ群馬,H,H,0.28768056179349893,0.3015064821714337,0.4108129560350673
2,27082,2022-06-18,2022,,福島ユナイテッドFC,FC岐阜,A,H,0.3671817578624563,0.24901100088689773,0.38380724125064586
2,27083,2022-06-18,2022,,SC相模原,カマタマーレ讃岐,A,H,0.28412429900846303,0.29567964959600535,0.4201960513955316
2,27084,2022-06-18,2022,,愛媛FC,松本山雅FC,H,A,0.35437132786405473,0.35133187841688185,0.2942967937190635
2,27085,2022-06-18,2022,,鹿児島ユナイテッドFC,Y.S.C.C.横浜,H,H,0.29453147843907657,0.22488206620945012,0.4805864553514733
2,27472,2022-06-18,2022,,鹿島,京都,H,H,0.3141983502956509,0.336307901744007,0.34949374796034194
2,27473,2022-06-18,2022,,湘南,FC東京,H,A,0.41343326824425347,0.27982405989648607,0.3067426718592606
2,27474,2022-06-18,2022,,清水,福岡,H,H,0.3634729857194142,0.2439662580243445,0.3925607562562413
2,27475,2022-06-18,2022,,磐田,鳥栖,H,H,0.30746448030111506,0.2692300395700805,0.42330548012880453
2,27476,2022-06-18,2022,,浦和,名古屋,H,D,0.310036979381677,0.3502831462916816,0.3396798743266413
2,27477,2022-06-18,2022,,柏,神戸,H,H,0.28504461188061125,0.23348276258782386,0.48147262553156484
2,27478,2022-06-18,2022,,川崎F,札幌,H,H,0.3668252786851769,0.18821840298123566,0.4449563183335875
2,27479,2022-06-18,2022,,G大阪,横浜FM,A,A,0.4031131606053238,0.2907131749754967,0.3061736644191795
2,27480,2022-06-18,2022,,広島,C大阪,H,H,0.2576010794473668,0.2930907565874106,0.44930816396522255
2,26752,2022-06-19,2022,,新潟,秋田,H,A,0.43378756762628734,0.27500672171256035,0.2912057106611524
2,26753,2022-06-19,2022,,町田,ツエーゲン金沢,H,D,0.22283134043787284,0.3941282473047431,0.38304041225738406
2,27086,2022-06-19,2022,,いわきFC,ギラヴァンツ北九州,D,H,0.2628158215942584,0.3126107627950347,0.424573415610707
2,27087,2022-06-19,2022,,ガイナーレ鳥取,テゲバジャーロ宮崎,H,A,0.3974274076863363,0.3293725384902701,0.27320005382339374
2,27088,2022-06-19,2022,,藤枝MYFC,FC今治,A,H,0.3182987442975389,0.30610075090508704,0.375600504797374
2,27089,2022-06-19,2022,,AC長野パルセイロ,ヴァンラーレ八戸,H,A,0.41027538541955216,0.23915082442956714,0.35057379015088064
2,27090,2022-06-19,2022,,富山,アスルクラロ沼津,H,H,0.241388422317263,0.3712688743518194,0.3873427033309175
2,26754,2022-06-25,2022,,仙台,山形,D,D,0.32360167005888296,0.39967628715528686,0.2767220427858302
2,26755,2022-06-25,2022,,水戸,岡山,D,A,0.3920461954161614,0.31594022739737465,0.29201357718646404
2,26756,2022-06-25,2022,,V・ファーレン長崎,秋田,D,H,0.24885214246530454,0.26365978075925994,0.48748807677543554
2,26757,2022-06-25,2022,,熊本,大分,A,H,0.2353205603130087,0.33842686644307457,0.4262525732439167
2,27091,2022-06-25,2022,,Y.S.C.C.横浜,藤枝MYFC,A,H,0.32987511869152003,0.18176504316831354,0.4883598381401665
2,27092,2022-06-25,2022,,富山,AC長野パルセイロ,H,D,0.31423658863742554,0.36067024333846376,0.3250931680241107
2,27093,2022-06-25,2022,,ガイナーレ鳥取,SC相模原,D,H,0.305372801061638,0.3309344145828594,0.3636927843555027
2,27094,2022-06-25,2022,,愛媛FC,鹿児島ユナイテッドFC,H,A,0.4268599256860355,0.2589674175710316,0.31417265674293304
2,27481,2022-06-25,2022,,横浜FM,柏,H,H,0.3016886901234271,0.2696904573507618,0.4286208525258111
2,27482,2022-06-25,2022,,川崎F,磐田,D,A,0.46437865671787865,0.24866255369339635,0.286958789588725
2,27483,2022-06-25,2022,,福岡,広島,A,H,0.2508055506779253,0.331036480760051,0.41815796856202364
2,26758,2022-06-26,2022,,千葉,東京V,H,H,0.29066897389990437,0.3482443964852832,0.3610866296148124
2,26759,2022-06-26,2022,,栃木SC,いわてグルージャ盛岡,D,A,0.4849271605825129,0.1453738112688278,0.3696990281486594
2,26760,2022-06-26,2022,,横浜FC,新潟,H,A,0.4488038782062333,0.25602458439367665,0.2951715374000901
2,26761,2022-06-26,2022,,徳島,ザスパクサツ群馬,H,A,0.40840122894854697,0.23973613117725215,0.3518626398742008
2,26762,2022-06-26,2022,,FC琉球,町田,A,A,0.4091322364277111,0.27207762957395726,0.3187901339983315
2,26763,2022-06-26,2022,,大宮,ツエーゲン金沢,A,A,0.3842571647541844,0.24951849992066,0.36622433532515564
2,26764,2022-06-26,2022,,レノファ山口FC,甲府,H,H,0.2774508472208866,0.2834505964569706,0.4390985563221428
2,27095,2022-06-26,2022,,ヴァンラーレ八戸,福島ユナイテッドFC,H,H,0.344063645070686,0.306644437363119,0.34929191756619504
2,27096,2022-06-26,2022,,テゲバジャーロ宮崎,FC岐阜,A,H,0.31935000923095236,0.31840072405716396,0.36224926671188373
2,27097,2022-06-26,2022,,FC今治,アスルクラロ沼津,D,H,0.25266914261089796,0.2877113912927978,0.45961946609630416
2,27098,2022-06-26,2022,,松本山雅FC,いわきFC,H,D,0.30469675490694687,0.3607829184168494,0.3345203266762038
2,27099,2022-06-26,2022,,ギラヴァンツ北九州,カマタマーレ讃岐,H,A,0.4042549301987675,0.3093902549845815,0.286354814816651
2,27484,2022-06-26,2022,,札幌,G大阪,H,H,0.33683208174951673,0.23628585776555683,0.4268820604849264
2,27485,2022-06-26,2022,,名古屋,鹿島,D,D,0.3269092380518369,0.3542739782646382,0.31881678368352495
2,27486,2022-06-26,2022,,C大阪,清水,D,D,0.3249997979595766,0.3626238504976809,0.31237635154274257
2,27487,2022-06-26,2022,,神戸,浦和,A,A,0.40592489686374517,0.24764021925297164,0.34643488388328325
2,27488,2022-06-26,2022,,京都,湘南,A,H,0.32538140675585203,0.26182059241386535,0.41279800083028256
2,27489,2022-06-26,2022,,鳥栖,FC東京,H,A,0.4854754087860257,0.27541921031304634,0.23910538090092792
2,27455,2022-06-29,2022,,G大阪,広島,H,H,0.2799403089037988,0.3307596408192587,0.38930005027694253
2,26765,2022-07-02,2022,,秋田,レノファ山口FC,A,A,0.41151661808870205,0.21950731983926255,0.3689760620720353
2,26766,2022-07-02,2022,,いわてグルージャ盛岡,大宮,H,A,0.3672486582966282,0.3526012080336887,0.2801501336696831
2,26767,2022-07-02,2022,,水戸,横浜FC,A,H,0.3220720349586221,0.3207627756218649,0.35716518941951303
2,26768,2022-07-02,2022,,町田,仙台,A,H,0.25112664795274203,0.33921168433391335,0.40966166771334467
2,26769,2022-07-02,2022,,甲府,V・ファーレン長崎,A,A,0.4123318809303771,0.2769949744468966,0.3106731446227264
2,26770,2022-07-02,2022,,山形,栃木SC,A,H,0.29413323601050045,0.3061329221915106,0.39973384179798904
2,26771,2022-07-02,2022,,ツエーゲン金沢,徳島,A,A,0.34058471574079074,0.3226510568238693,0.33676422743534
2,26772,2022-07-02,2022,,岡山,熊本,A,D,0.3418782686882098,0.4256789245653134,0.23244280674647677
2,26773,2022-07-02,2022,,大分,千葉,H,H,0.3033343223139679,0.33521205790641734,0.3614536197796148
2,26774,2022-07-02,2022,,ザスパクサツ群馬,新潟,A,D,0.22381307626640926,0.42173322506829425,0.35445369866529647
2,27100,2022-07-02,2022,,アスルクラロ沼津,ガイナーレ鳥取,H,H,0.38520890844883793,0.19151526893541343,0.42327582261574864
2,27101,2022-07-02,2022,,いわきFC,テゲバジャーロ宮崎,H,A,0.3809072222683242,0.3165941973365392,0.3024985803951365
2,27102,2022-07-02,2022,,福島ユナイテッドFC,富山,D,H,0.33582459105683704,0.30881850237920716,0.3553569065639559
2,27103,2022-07-02,2022,,藤枝MYFC,愛媛FC,H,A,0.39376689923100666,0.2599267120206014,0.3463063887483919
2,27104,2022-07-02,2022,,SC相模原,AC長野パルセイロ,A,H,0.31538878884797183,0.25077878009125004,0.4338324310607782
2,27105,2022-07-02,2022,,ギラヴァンツ北九州,鹿児島ユナイテッドFC,A,H,0.33835445976258943,0.28822546739701854,0.37342007284039214
2,27106,2022-07-02,2022,,ヴァンラーレ八戸,松本山雅FC,A,H,0.28438953021943103,0.3462327076349952,0.36937776214557394
2,27490,2022-07-02,2022,,FC東京,福岡,D,H,0.3235007409444969,0.2774675051260981,0.3990317539294051
2,27491,2022-07-02,2022,,柏,鹿島,A,H,0.3209880066477687,0.21390859529282236,0.465103398059409
2,27492,2022-07-02,2022,,広島,磐田,H,D,0.3114464925867369,0.38785105193567093,0.30070245547759217
2,27493,2022-07-02,2022,,清水,横浜FM,A,A,0.40953418291817034,0.3065407860221463,0.2839250310596835
2,27494,2022-07-02,2022,,G大阪,浦和,D,H,0.29405228938221567,0.2639378875774276,0.44200982304035663
2,27495,2022-07-02,2022,,C大阪,川崎F,H,A,0.36003347707450734,0.29592675954220693,0.34403976338328573
2,27496,2022-07-02,2022,,湘南,名古屋,D,H,0.34533236132529976,0.2323096209872978,0.4223580176874025
2,27497,2022-07-02,2022,,京都,札幌,H,H,0.37618484768513694,0.23589770436184118,0.3879174479530218
2,27498,2022-07-02,2022,,鳥栖,神戸,A,A,0.35799475607609293,0.28575833177453014,0.35624691214937687
3,26775,2022-07-03,2022,,東京V,FC琉球,H,H,0.23458483601996633,0.32675535487453566,0.43865980910549796
3,27107,2022-07-03,2022,,カマタマーレ讃岐,Y.S.C.C.横浜,H,A,0.3560284543892912,0.3222007289529403,0.32177081665776847
3,27108,2022-07-03,2022,,FC岐阜,FC今治,A,H,0.2742856305999218,0.3121641530360422,0.413550216364036
3,26776,2022-07-06,2022,,いわてグルージャ盛岡,FC琉球,A,H,0.34195709886040904,0.29425689716790954,0.3637860039716814
3,26777,2022-07-06,2022,,仙台,甲府,H,A,0.36708954659727455,0.2852450568711898,0.34766539653153583
3,26778,2022-07-06,2022,,栃木SC,東京V,A,A,0.46758655215736783,0.22753030438051375,0.3048831434621185
3,26779,2022-07-06,2022,,町田,水戸,A,H,0.3127871435280845,0.25201072066309965,0.4352021358088159
3,26780,2022-07-06,2022,,横浜FC,秋田,D,H,0.30745290958356636,0.2568475254761271,0.4356995649403064
3,26781,2022-07-06,2022,,新潟,千葉,A,H,0.3793851704930054,0.23444072363734733,0.3861741058696473
3,26782,2022-07-06,2022,,ツエーゲン金沢,ザスパクサツ群馬,H,D,0.3402133026574984,0.35367839171878535,0.3061083056237162
3,26783,2022-07-06,2022,,岡山,大宮,H,A,0.3840668934774865,0.2932885058410385,0.32264460068147494
3,26784,2022-07-06,2022,,レノファ山口FC,大分,D,H,0.2616980240948785,0.23653574817540046,0.501766227729721
3,26785,2022-07-06,2022,,V・ファーレン長崎,山形,D,A,0.36648866366721566,0.27650327451813733,0.357008061814647
3,26786,2022-07-06,2022,,熊本,徳島,D,D,0.25463012310798533,0.3929132604197282,0.3524566164722865
3,27499,2022-07-06,2022,,鹿島,C大阪,D,A,0.41383105695587286,0.31139032638075764,0.2747786166633696
3,27500,2022-07-06,2022,,柏,名古屋,A,H,0.2538553380604941,0.22193057607372435,0.5242140858657816
3,27501,2022-07-06,2022,,FC東京,札幌,H,H,0.26570334389017386,0.33300306218292997,0.4012935939268962
3,27503,2022-07-06,2022,,横浜FM,広島,H,H,0.29927899174745054,0.26613402870545777,0.4345869795470916
3,27504,2022-07-06,2022,,磐田,福岡,A,H,0.32375856852898177,0.25824464344954845,0.41799678802146983
3,27505,2022-07-06,2022,,浦和,京都,D,H,0.34603186740347064,0.2825065675172656,0.37146156507926387
3,27506,2022-07-06,2022,,湘南,G大阪,H,H,0.2929087411848588,0.33432404867673304,0.37276721013840824
3,27507,2022-07-06,2022,,神戸,清水,H,H,0.3004605883762485,0.3138106259875923,0.38572878563615914
3,27109,2022-07-09,2022,,アスルクラロ沼津,カマタマーレ讃岐,H,H,0.280026099513888,0.224898762140477,0.49507513834563505
3,27110,2022-07-09,2022,,Y.S.C.C.横浜,ヴァンラーレ八戸,H,H,0.2726297480545685,0.3308507437514413,0.3965195081939901
3,27111,2022-07-09,2022,,SC相模原,藤枝MYFC,A,A,0.40878383304813276,0.21251820634316898,0.37869796060869826
3,27112,2022-07-09,2022,,松本山雅FC,富山,H,H,0.2907868442144922,0.33278253890362186,0.376430616881886
3,27113,2022-07-09,2022,,ガイナーレ鳥取,ギラヴァンツ北九州,A,A,0.3589169545181349,0.342833155295581,0.29824989018628406
3,27114,2022-07-09,2022,,鹿児島ユナイテッドFC,福島ユナイテッドFC,H,D,0.3195472342637569,0.3612068934446305,0.3192458722916127
3,27508,2022-07-09,2022,,川崎F,G大阪,H,H,0.2757445446376692,0.22334842494114754,0.5009070304211832
3,27509,2022-07-09,2022,,磐田,神戸,A,A,0.3937339971515944,0.2611193703946771,0.3451466324537286
3,26787,2022-07-10,2022,,水戸,ツエーゲン金沢,D,H,0.3434618219886681,0.29725645275203444,0.35928172525929747
3,26788,2022-07-10,2022,,千葉,栃木SC,A,H,0.27119717914133057,0.28805104472889753,0.4407517761297719
3,26789,2022-07-10,2022,,甲府,秋田,H,H,0.24159795659050376,0.36130478679712263,0.3970972566123736
3,26790,2022-07-10,2022,,徳島,横浜FC,D,H,0.2943750040433656,0.26336523560095854,0.4422597603556758
3,26791,2022-07-10,2022,,V・ファーレン長崎,いわてグルージャ盛岡,D,H,0.3295268010299407,0.3211242501387725,0.34934894883128675
3,26792,2022-07-10,2022,,山形,熊本,A,H,0.2974309342694086,0.33279432482889626,0.36977474090169515
3,26793,2022-07-10,2022,,ザスパクサツ群馬,町田,A,H,0.32854297569880087,0.3120991854880962,0.3593578388131029
3,26794,2022-07-10,2022,,大宮,東京V,D,A,0.40985592310439806,0.3199180651890003,0.2702260117066017
3,26795,2022-07-10,2022,,レノファ山口FC,新潟,A,H,0.31361033486250195,0.2829968833487357,0.4033927817887625
3,26796,2022-07-10,2022,,大分,岡山,D,A,0.38587573339322756,0.26906613223706466,0.34505813436970784
3,26797,2022-07-10,2022,,FC琉球,仙台,D,H,0.25262686040326854,0.3532388980910564,0.39413424150567494
3,27115,2022-07-10,2022,,FC岐阜,いわきFC,A,A,0.3733875423892221,0.3705077676734412,0.25610468993733665
3,27116,2022-07-10,2022,,愛媛FC,テゲバジャーロ宮崎,H,A,0.39366480268292875,0.3521234814918388,0.2542117158252325
3,27117,2022-07-10,2022,,AC長野パルセイロ,FC今治,D,A,0.3603560631164695,0.28739761583927026,0.3522463210442603
3,27510,2022-07-10,2022,,名古屋,清水,A,A,0.414164306388701,0.2853544244776078,0.3004812691336913
3,27511,2022-07-10,2022,,広島,湘南,D,A,0.3833625698910193,0.26789522495707885,0.34874220515190174
3,27512,2022-07-10,2022,,浦和,FC東京,H,D,0.3297179573776015,0.36097513084054533,0.3093069117818532
3,27513,2022-07-10,2022,,C大阪,横浜FM,D,H,0.3474388420939572,0.3045694551082561,0.3479917027977868
3,27514,2022-07-10,2022,,福岡,京都,H,A,0.40069619011288016,0.22795132063738066,0.37135248924973924
3,27515,2022-07-10,2022,,鳥栖,柏,A,D,0.3065635338578255,0.37131611566914696,0.3221203504730274
3,27516,2022-07-10,2022,,札幌,鹿島,D,A,0.43253919852254463,0.2435486874002722,0.3239121140771832
3,27118,2022-07-15,2022,,富山,ヴァンラーレ八戸,H,H,0.2679844326611375,0.2619997965057618,0.4700157708331008
3,26798,2022-07-16,2022,,いわてグルージャ盛岡,仙台,A,H,0.32806957721358493,0.2680555966666069,0.40387482611980824
3,26800,2022-07-16,2022,,甲府,水戸,D,H,0.22267921957167877,0.341621372543191,0.43569940788513023
3,26801,2022-07-16,2022,,ツエーゲン金沢,新潟,A,D,0.3333735607295282,0.40251552533362533,0.2641109139368466
3,26802,2022-07-16,2022,,大分,ザスパクサツ群馬,H,H,0.3076384364516291,0.2782526013362291,0.4141089622121417
3,27119,2022-07-16,2022,,いわきFC,アスルクラロ沼津,H,D,0.31414803400255054,0.3968997796819324,0.288952186315517
3,27120,2022-07-16,2022,,ガイナーレ鳥取,AC長野パルセイロ,A,H,0.3662774187801551,0.24917085347695864,0.3845517277428862
3,27518,2022-07-16,2022,,鹿島,神戸,D,A,0.3750231249741485,0.3095211213850835,0.31545575364076806
3,27520,2022-07-16,2022,,清水,浦和,A,H,0.32015151052213786,0.2860099253186556,0.39383856415920643
3,27522,2022-07-16,2022,,柏,札幌,H,H,0.2807623708386006,0.29361841383194937,0.42561921532944996
3,27523,2022-07-16,2022,,湘南,福岡,D,D,0.295579831113625,0.38811228669983444,0.3163078821865406
3,27524,2022-07-16,2022,,G大阪,C大阪,A,A,0.3905596350026366,0.29735085682480716,0.31208950817255615
3,27525,2022-07-16,2022,,鳥栖,横浜FM,D,H,0.36397741997211525,0.25004745742210144,0.3859751226057834
3,26803,2022-07-17,2022,,秋田,山形,A,A,0.39619814028585465,0.25654863870672323,0.3472532210074222
3,26804,2022-07-17,2022,,町田,V・ファーレン長崎,A,H,0.308839782655573,0.3125931873756367,0.3785670299687903
3,26805,2022-07-17,2022,,横浜FC,千葉,H,H,0.26275416645580496,0.32395195344559596,0.41329388009859913
3,26806,2022-07-17,2022,,岡山,栃木SC,D,D,0.35992430332569425,0.37331186698962066,0.2667638296846852
3,26807,2022-07-17,2022,,FC琉球,大宮,D,D,0.31939246223448486,0.34164436898344,0.3389631687820752
3,27121,2022-07-17,2022,,テゲバジャーロ宮崎,藤枝MYFC,A,H,0.31383879070038717,0.33202475704672857,0.35413645225288437
3,27123,2022-07-17,2022,,松本山雅FC,福島ユナイテッドFC,H,H,0.2999735304651939,0.331322453206491,0.36870401632831495
3,27124,2022-07-17,2022,,カマタマーレ讃岐,愛媛FC,A,H,0.3630111445707592,0.26789646778042425,0.3690923876488165
3,27125,2022-07-17,2022,,ギラヴァンツ北九州,FC岐阜,H,H,0.25731573250915013,0.3418464843056789,0.40083778318517094
3,27126,2022-07-17,2022,,鹿児島ユナイテッドFC,SC相模原,A,H,0.2922283182376455,0.34806334254234095,0.3597083392200136
3,27519,2022-07-17,2022,,FC東京,磐田,H,H,0.2736027489545477,0.31432535074563217,0.41207190029982005
3,27521,2022-07-17,2022,,京都,広島,D,H,0.32688017734783925,0.27869327983889625,0.3944265428132645
3,26808,2022-07-18,2022,,熊本,レノファ山口FC,H,H,0.2667483185808352,0.2920572434551471,0.4411944379640177
3,26809,2022-07-23,2022,,いわてグルージャ盛岡,町田,A,A,0.37792489336685303,0.31589094037777415,0.30618416625537287
3,26812,2022-07-23,2022,,新潟,岡山,A,H,0.3135378758077849,0.2821306989109994,0.4043314252812157
3,26813,2022-07-23,2022,,徳島,FC琉球,D,A,0.35707864144171,0.33722464128819934,0.3056967172700908
3,26814,2022-07-23,2022,,仙台,V・ファーレン長崎,A,D,0.3737400562424155,0.37377665340571925,0.25248329035186523
3,26815,2022-07-23,2022,,山形,ザスパクサツ群馬,A,H,0.3260404236966094,0.2988245609781215,0.3751350153252691
3,26816,2022-07-23,2022,,栃木SC,レノファ山口FC,H,A,0.34159501250168844,0.32068144422786427,0.33772354327044735
3,26817,2022-07-23,2022,,大宮,秋田,D,A,0.3908369441449551,0.25000889214224364,0.35915416371280123
3,27127,2022-07-23,2022,,アスルクラロ沼津,FC今治,A,H,0.34389362793094436,0.2788470452103097,0.3772593268587461
3,27129,2022-07-23,2022,,福島ユナイテッドFC,ガイナーレ鳥取,H,H,0.3711373252218303,0.2441009741779075,0.3847617006002623
3,27130,2022-07-23,2022,,藤枝MYFC,ギラヴァンツ北九州,H,A,0.35876362305070364,0.34955660225408997,0.29167977469520634
3,27131,2022-07-23,2022,,SC相模原,愛媛FC,A,H,0.36115097409821423,0.2001668811199476,0.43868214478183815
3,27132,2022-07-23,2022,,ヴァンラーレ八戸,鹿児島ユナイテッドFC,A,A,0.38422710912151276,0.2424147602661258,0.37335813061236156
3,27133,2022-07-23,2022,,FC岐阜,カマタマーレ讃岐,H,H,0.35983165675258855,0.23050349140300896,0.4096648518444025
3,26818,2022-07-24,2022,,東京V,横浜FC,A,H,0.25965674580403536,0.32371074589077165,0.4166325083051929
3,26819,2022-07-24,2022,,熊本,ツエーゲン金沢,H,D,0.2564566848922298,0.38276638298337295,0.36077693212439726
3,27134,2022-07-24,2022,,Y.S.C.C.横浜,富山,A,D,0.26472449211245086,0.4086034360045383,0.32667207188301084
3,27135,2022-07-24,2022,,AC長野パルセイロ,テゲバジャーロ宮崎,H,H,0.2967988108652658,0.3505469023418964,0.3526542867928377
3,26820,2022-07-30,2022,,水戸,大宮,H,H,0.3660497780025651,0.23893429179295592,0.39501593020447895
3,26821,2022-07-30,2022,,栃木SC,徳島,D,A,0.36229150575394686,0.2861718244989045,0.3515366697471486
3,26822,2022-07-30,2022,,横浜FC,いわてグルージャ盛岡,A,H,0.2890973419897916,0.35514350045099935,0.35575915755920906
3,26823,2022-07-30,2022,,FC琉球,熊本,H,H,0.33641811734124055,0.3093267331875171,0.35425514947124237
3,26824,2022-07-30,2022,,山形,町田,H,H,0.28981815707227265,0.3453116361006208,0.3648702068271066
3,26825,2022-07-30,2022,,ザスパクサツ群馬,甲府,D,A,0.3925735679601499,0.3499338889392352,0.25749254310061487
3,26826,2022-07-30,2022,,岡山,千葉,D,H,0.2860416927307475,0.2792132558569214,0.43474505141233105
3,26827,2022-07-30,2022,,レノファ山口FC,仙台,D,A,0.3812093147133745,0.3127549898194449,0.30603569546718074
3,26828,2022-07-30,2022,,V・ファーレン長崎,新潟,D,D,0.3104585539772661,0.3764710541796447,0.3130703918430891
3,26829,2022-07-30,2022,,大分,東京V,D,H,0.30273739183098514,0.2537665183784803,0.44349608979053456
3,27136,2022-07-30,2022,,福島ユナイテッドFC,FC今治,D,H,0.33745758366037515,0.26427932683394506,0.39826308950567985
3,27137,2022-07-30,2022,,藤枝MYFC,鹿児島ユナイテッドFC,H,H,0.2537646780785634,0.2573755967637356,0.488859725157701
3,27138,2022-07-30,2022,,富山,いわきFC,D,A,0.390918724581968,0.3275201724374718,0.28156110298056025
3,27139,2022-07-30,2022,,カマタマーレ讃岐,AC長野パルセイロ,A,H,0.24681718243848585,0.3167436667105378,0.43643915085097645
3,27140,2022-07-30,2022,,ギラヴァンツ北九州,アスルクラロ沼津,H,H,0.27855778243572205,0.32619025732790513,0.3952519602363729
3,27141,2022-07-30,2022,,ガイナーレ鳥取,FC岐阜,H,D,0.3027776567268529,0.35377927817045685,0.3434430651026902
3,27526,2022-07-30,2022,,札幌,名古屋,D,D,0.3090254431694308,0.37014621746392207,0.3208283393666472
3,27527,2022-07-30,2022,,浦和,川崎F,H,D,0.3323800375587339,0.37330540085265335,0.2943145615886127
3,27528,2022-07-30,2022,,横浜FM,鹿島,H,H,0.33373838332942485,0.2938376332185184,0.3724239834520567
3,27529,2022-07-30,2022,,G大阪,京都,D,A,0.34184279374701715,0.32644455510172427,0.3317126511512586
3,27530,2022-07-30,2022,,C大阪,福岡,H,H,0.32647259963118563,0.23583783314083256,0.4376895672279818
3,27531,2022-07-30,2022,,神戸,柏,A,A,0.409358876565479,0.27747580577663505,0.31316531765788586
3,27532,2022-07-30,2022,,広島,FC東京,A,A,0.464585813552001,0.2714849626409412,0.2639292238070578
3,27533,2022-07-30,2022,,磐田,湘南,H,H,0.34568154177706895,0.2664519137480926,0.38786654447483854
3,26830,2022-07-31,2022,,ツエーゲン金沢,秋田,A,H,0.34469743039567435,0.2910715894589065,0.3642309801454192
3,27142,2022-07-31,2022,,テゲバジャーロ宮崎,SC相模原,D,D,0.29525633662421147,0.43461822572809256,0.2701254376476961
3,27143,2022-07-31,2022,,松本山雅FC,ヴァンラーレ八戸,A,H,0.36879981558326247,0.2343152047807236,0.3968849796360139
3,27144,2022-07-31,2022,,愛媛FC,Y.S.C.C.横浜,H,A,0.3613010827324618,0.2952241298868714,0.3434747873806669
3,27534,2022-07-31,2022,,清水,鳥栖,D,H,0.26981493858908767,0.3032152285200287,0.4269698328908835
3,26831,2022-08-06,2022,,いわてグルージャ盛岡,岡山,A,A,0.3922800327045363,0.33522102096858747,0.2724989463268761
3,26832,2022-08-06,2022,,東京V,V・ファーレン長崎,H,A,0.39119316810634447,0.2753645557439056,0.3334422761497499
3,26833,2022-08-06,2022,,甲府,FC琉球,H,H,0.34376547328456775,0.27382621194642837,0.38240831476900383
3,26834,2022-08-06,2022,,新潟,徳島,D,H,0.3463430319703673,0.2897991523913609,0.36385781563827174
3,26835,2022-08-06,2022,,大宮,横浜FC,H,D,0.27022388014677595,0.40614894039299654,0.32362717946022757
3,26836,2022-08-06,2022,,町田,大分,D,D,0.25943795880709924,0.3914530535536446,0.34910898763925613
3,26837,2022-08-06,2022,,ツエーゲン金沢,仙台,A,H,0.2941571602703242,0.2738792616773514,0.4319635780523245
3,26838,2022-08-06,2022,,レノファ山口FC,山形,A,A,0.43835194327267435,0.22999566995552465,0.33165238677180103
3,27122,2022-08-06,2022,,FC今治,Y.S.C.C.横浜,H,H,0.29032933555934126,0.32376619691203534,0.38590446752862345
3,27535,2022-08-06,2022,,鹿島,広島,A,H,0.33184602810304037,0.2519756128343079,0.4161783590626519
3,27536,2022-08-06,2022,,京都,柏,A,H,0.344187340782881,0.3010433326520612,0.35476932656505794
3,27537,2022-08-06,2022,,名古屋,浦和,H,H,0.2518363539173845,0.3237719249073496,0.424391721175266
3,27538,2022-08-06,2022,,C大阪,神戸,H,A,0.4759666130776855,0.2724025593752411,0.25163082754707333
3,26839,2022-08-07,2022,,秋田,水戸,D,H,0.3231921464793972,0.31396021564139376,0.36284763787920904
3,26840,2022-08-07,2022,,ザスパクサツ群馬,千葉,A,A,0.3740906791744636,0.30437835073641817,0.3215309700891182
3,26841,2022-08-07,2022,,熊本,栃木SC,H,H,0.31187034477276554,0.2993945037169367,0.3887351515102978
3,27128,2022-08-07,2022,,いわきFC,松本山雅FC,D,D,0.31114587933208987,0.349832151440619,0.33902196922729105
3,27540,2022-08-07,2022,,FC東京,清水,A,H,0.2091917672295937,0.3304085159249953,0.4603997168454111
3,27541,2022-08-07,2022,,川崎F,横浜FM,H,A,0.36586630700638123,0.29964764145479234,0.3344860515388264
3,27542,2022-08-07,2022,,鳥栖,磐田,H,H,0.3535933905204767,0.2871540942701078,0.3592525152094154
3,27543,2022-08-07,2022,,湘南,札幌,A,H,0.3550747042001871,0.24088126183132716,0.40404403396848576
3,26842,2022-08-13,2022,,いわてグルージャ盛岡,秋田,A,H,0.39107344847173287,0.2064983494831719,0.40242820204509533
3,26845,2022-08-13,2022,,甲府,熊本,D,A,0.3655670372690254,0.31329656904978154,0.32113639368119296
3,26846,2022-08-13,2022,,仙台,大宮,A,H,0.36294141735399554,0.24654501943035725,0.3905135632156473
3,26847,2022-08-13,2022,,山形,ツエーゲン金沢,H,H,0.2507085653929428,0.28836110929308595,0.46093032531397127
3,26848,2022-08-13,2022,,岡山,レノファ山口FC,H,H,0.27415136782264776,0.3308852102793664,0.39496342189798594
3,26849,2022-08-13,2022,,V・ファーレン長崎,FC琉球,A,H,0.3081119355358046,0.3322701759459148,0.35961788851828064
3,27147,2022-08-13,2022,,カマタマーレ讃岐,テゲバジャーロ宮崎,D,A,0.3409778573815273,0.33951376553699597,0.3195083770814766
3,27148,2022-08-13,2022,,ヴァンラーレ八戸,いわきFC,A,D,0.3144366239022296,0.4127153402571557,0.27284803584061473
3,27544,2022-08-13,2022,,札幌,神戸,A,A,0.35547531493096585,0.2951671226776386,0.3493575623913954
3,27545,2022-08-13,2022,,磐田,浦和,A,H,0.28791457509955865,0.34459132778796925,0.36749409711247216
3,26850,2022-08-14,2022,,栃木SC,新潟,A,H,0.32779725072065147,0.2604777656888691,0.4117249835904795
3,26851,2022-08-14,2022,,千葉,町田,A,A,0.35357776889791576,0.293682236557387,0.35273999454469734
3,26852,2022-08-14,2022,,徳島,大分,D,D,0.29219864392422995,0.3681231916958106,0.33967816437995946
3,27149,2022-08-14,2022,,FC今治,FC岐阜,H,A,0.3465452993478651,0.3139346238925126,0.3395200767596223
3,27150,2022-08-14,2022,,Y.S.C.C.横浜,ギラヴァンツ北九州,H,H,0.31899420221843316,0.32787838840495986,0.35312740937660675
3,27151,2022-08-14,2022,,AC長野パルセイロ,富山,H,H,0.27149685263789713,0.3250136403433966,0.4034895070187063
3,27152,2022-08-14,2022,,愛媛FC,ガイナーレ鳥取,H,H,0.278815074708913,0.2947417876159716,0.4264431376751155
3,27153,2022-08-14,2022,,鹿児島ユナイテッドFC,松本山雅FC,H,D,0.3111051304852211,0.40071014723478643,0.2881847222799926
3,27549,2022-08-14,2022,,鹿島,福岡,H,H,0.3109661842544493,0.3436183605982776,0.345415455147273
3,27550,2022-08-14,2022,,柏,広島,A,H,0.26315620500281756,0.34433085301964583,0.39251294197753667
3,27551,2022-08-14,2022,,G大阪,清水,A,A,0.3643321114839067,0.2897892570365881,0.34587863147950515
3,27552,2022-08-14,2022,,鳥栖,名古屋,D,H,0.2808801715357206,0.2529982033321478,0.46612162513213157
3,26844,2022-08-16,2022,,横浜FC,ザスパクサツ群馬,H,A,0.38062386380752766,0.3255378577000306,0.2938382784924417
3,26811,2022-08-17,2022,,千葉,甲府,D,D,0.30741806059822935,0.3830724571989434,0.3095094822028273
3,27553,2022-08-19,2022,,名古屋,磐田,H,H,0.2616229394152045,0.2701778760331165,0.468199184551679
3,26853,2022-08-20,2022,,千葉,徳島,D,D,0.30845951086909024,0.4021450499531654,0.28939543917774435
3,26854,2022-08-20,2022,,横浜FC,岡山,H,H,0.2977936714213506,0.2885825716556055,0.413623756923044
3,26855,2022-08-20,2022,,新潟,熊本,H,H,0.3497442041759776,0.25337596134009027,0.3968798344839321
3,26856,2022-08-20,2022,,FC琉球,山形,D,H,0.33209100358745947,0.28834064294313083,0.37956835346940976
3,26857,2022-08-20,2022,,秋田,栃木SC,A,A,0.3630914686040605,0.2926013686199478,0.34430716277599166
3,26858,2022-08-20,2022,,ザスパクサツ群馬,仙台,H,H,0.3542487504671345,0.27966433204610336,0.36608691748676225
3,26859,2022-08-20,2022,,大宮,町田,A,D,0.283647772207342,0.3610306830812225,0.35532154471143557
3,26861,2022-08-20,2022,,レノファ山口FC,水戸,H,H,0.28314480607302805,0.27699300277991384,0.439862191147058
3,26862,2022-08-20,2022,,大分,いわてグルージャ盛岡,H,H,0.30922222596284116,0.33310987301486217,0.35766790102229656
3,27154,2022-08-20,2022,,いわきFC,福島ユナイテッドFC,H,D,0.2859715950249211,0.40551897765738143,0.3085094273176974
3,27155,2022-08-20,2022,,SC相模原,鹿児島ユナイテッドFC,A,A,0.45431608650870586,0.2633575718955483,0.28232634159574577
3,27156,2022-08-20,2022,,富山,愛媛FC,H,A,0.3853500104376342,0.3151995788227419,0.299450410739624
3,27157,2022-08-20,2022,,ヴァンラーレ八戸,AC長野パルセイロ,H,D,0.31742838819151864,0.3945569410058584,0.288014670802623
3,27554,2022-08-20,2022,,札幌,鳥栖,A,H,0.37879644132212786,0.205492546808987,0.41571101186888504
3,27555,2022-08-20,2022,,清水,柏,D,A,0.42623098878245946,0.20226091871684945,0.37150809250069117
3,27556,2022-08-20,2022,,広島,G大阪,H,H,0.2851985023279323,0.34874851430739645,0.3660529833646713
3,27561,2022-08-20,2022,,福岡,川崎F,A,H,0.38375660538121853,0.21653671753118223,0.3997066770875992
3,26863,2022-08-21,2022,,東京V,甲府,D,A,0.3878849195532668,0.2858337319529418,0.32628134849379137
3,27159,2022-08-21,2022,,テゲバジャーロ宮崎,ガイナーレ鳥取,A,H,0.2534486534493501,0.22674020458372957,0.5198111419669204
3,27160,2022-08-21,2022,,FC今治,カマタマーレ讃岐,H,D,0.318889399349775,0.4321843105879872,0.24892629006223776
3,27161,2022-08-21,2022,,Y.S.C.C.横浜,アスルクラロ沼津,H,D,0.34055432708568734,0.3422449305095742,0.31720074240473833
3,27162,2022-08-21,2022,,ギラヴァンツ北九州,松本山雅FC,A,A,0.3956660560367395,0.29086065522446464,0.3134732887387959
3,27557,2022-08-21,2022,,湘南,鹿島,D,A,0.4001102581860499,0.35024100965224353,0.2496487321617065
3,26810,2022-08-23,2022,,水戸,大分,H,D,0.27120021019869667,0.43341084034638766,0.2953889494549157
3,26799,2022-08-24,2022,,東京V,徳島,A,H,0.32152532866518696,0.3248701594154815,0.35360451191933157
3,27562,2022-08-26,2022,,鳥栖,福岡,D,H,0.3447056944219548,0.23066889816646313,0.42462540741158217
3,26864,2022-08-27,2022,,いわてグルージャ盛岡,新潟,A,D,0.31286706311920376,0.3445921756333527,0.3425407612474437
3,26865,2022-08-27,2022,,水戸,FC琉球,D,A,0.3785634954864782,0.291141995173141,0.3302945093403808
3,26866,2022-08-27,2022,,甲府,ツエーゲン金沢,D,H,0.3203248946126951,0.27340133425545926,0.4062737711318456
3,26867,2022-08-27,2022,,仙台,千葉,A,H,0.3448561362119529,0.3039797532267403,0.3511641105613068
3,26869,2022-08-27,2022,,町田,横浜FC,A,H,0.2683990829290659,0.31399745651078603,0.4176034605601479
3,26870,2022-08-27,2022,,徳島,レノファ山口FC,H,A,0.39380749435035195,0.2702535441979606,0.33593896145168745
3,27163,2022-08-27,2022,,福島ユナイテッドFC,ヴァンラーレ八戸,H,A,0.3634721135666607,0.28317238944642803,0.35335549698691127
3,27164,2022-08-27,2022,,藤枝MYFC,いわきFC,A,H,0.2746665487170489,0.3026090663864898,0.42272438489646136
3,27165,2022-08-27,2022,,松本山雅FC,カマタマーレ讃岐,H,D,0.356216370488416,0.36013261092627535,0.2836510185853087
3,27166,2022-08-27,2022,,愛媛FC,FC岐阜,D,H,0.3436524235020924,0.2636090670295685,0.3927385094683391
3,27167,2022-08-27,2022,,ガイナーレ鳥取,富山,H,H,0.3560344227901602,0.2622974395955338,0.38166813761430607
3,27171,2022-08-27,2022,,アスルクラロ沼津,SC相模原,D,H,0.27420083424139113,0.27627665934761597,0.4495225064109929
3,27563,2022-08-27,2022,,清水,京都,H,H,0.2984065366755164,0.2617706951771323,0.4398227681473512
3,27564,2022-08-27,2022,,名古屋,G大阪,A,H,0.3370474820349139,0.28306878363268817,0.3798837343323978
3,27565,2022-08-27,2022,,柏,FC東京,A,H,0.27853284534238476,0.2657786685026335,0.4556884861549818
3,27566,2022-08-27,2022,,C大阪,広島,A,H,0.30161699624897326,0.3049481413211371,0.3934348624298896
3,27568,2022-08-27,2022,,川崎F,鹿島,H,H,0.31512093821041876,0.3049633553760013,0.37991570641358
3,26872,2022-08-28,2022,,秋田,大分,A,D,0.2553478873898101,0.37410186290827485,0.3705502497019151
3,26873,2022-08-28,2022,,熊本,東京V,H,H,0.2952676960084681,0.33625380661668847,0.3684784973748435
3,26874,2022-08-28,2022,,ザスパクサツ群馬,岡山,A,H,0.32273617989098274,0.2997099100971985,0.37755391001181865
3,27168,2022-08-28,2022,,テゲバジャーロ宮崎,Y.S.C.C.横浜,H,A,0.37403502777298636,0.36364926764855227,0.2623157045784614
3,27169,2022-08-28,2022,,AC長野パルセイロ,ギラヴァンツ北九州,H,D,0.3300471741675467,0.3712115683922582,0.2987412574401952
3,27170,2022-08-28,2022,,鹿児島ユナイテッドFC,FC今治,A,A,0.3864137967185319,0.34783415407835383,0.26575204920311435
3,27146,2022-08-30,2022,,SC相模原,福島ユナイテッドFC,A,A,0.3938321858242355,0.3029632519080159,0.30320456226774856
3,26591,2022-08-31,2022,,山形,岡山,A,D,0.3415507926541675,0.3856567584821532,0.27279244886367926
3,27502,2022-08-31,2022,,川崎F,鳥栖,H,H,0.33952597138329593,0.25472215943005316,0.4057518691866508
3,27539,2022-08-31,2022,,福岡,G大阪,A,H,0.29628217528842277,0.3260045385099107,0.37771328620166666
3,27571,2022-09-02,2022,,札幌,C大阪,H,A,0.4170762382947873,0.2247777339145169,0.35814602779069576
3,26875,2022-09-03,2022,,千葉,V・ファーレン長崎,A,A,0.36900544127816326,0.2839425859741231,0.34705197274771354
3,26876,2022-09-03,2022,,新潟,大分,A,A,0.38434695204846003,0.33860313092958827,0.2770499170219518
3,26877,2022-09-03,2022,,FC琉球,秋田,A,H,0.36714037628280105,0.2588395898101152,0.3740200339070837
3,26878,2022-09-03,2022,,仙台,水戸,A,H,0.3300539638222284,0.23437363738618683,0.43557239879158477
3,26879,2022-09-03,2022,,山形,いわてグルージャ盛岡,H,H,0.28030763260747144,0.2661106091163009,0.45358175827622765
3,26880,2022-09-03,2022,,ツエーゲン金沢,東京V,H,H,0.3570066178672347,0.2251829794511253,0.41781040268164
3,26881,2022-09-03,2022,,レノファ山口FC,横浜FC,D,H,0.25596319008795476,0.34724610606755374,0.39679070384449144
3,26882,2022-09-03,2022,,徳島,甲府,H,D,0.32047192281042697,0.3783430196908182,0.301185057498755
3,27172,2022-09-03,2022,,アスルクラロ沼津,鹿児島ユナイテッドFC,A,A,0.3388864369383464,0.33666175405245113,0.32445180900920245
3,27173,2022-09-03,2022,,いわきFC,AC長野パルセイロ,H,H,0.3074884343963401,0.3031267824683517,0.3893847831353082
3,27174,2022-09-03,2022,,SC相模原,ガイナーレ鳥取,D,H,0.27028316013353715,0.3049434181867646,0.4247734216796982
3,27175,2022-09-03,2022,,松本山雅FC,愛媛FC,H,H,0.2965208070141059,0.30775333101573393,0.39572586197016024
3,27176,2022-09-03,2022,,富山,福島ユナイテッドFC,H,A,0.3680290199059389,0.2839244010033044,0.34804657909075665
3,27177,2022-09-03,2022,,ヴァンラーレ八戸,テゲバジャーロ宮崎,A,A,0.36996834838551845,0.2718502579523426,0.358181393662139
3,27178,2022-09-03,2022,,FC岐阜,Y.S.C.C.横浜,H,H,0.35236379372270826,0.23952952622710635,0.40810668005018547
3,27572,2022-09-03,2022,,鹿島,浦和,D,H,0.21144498299730094,0.3413830331000586,0.44717198390264046
3,27573,2022-09-03,2022,,FC東京,横浜FM,D,H,0.33068895660462655,0.29203230459755175,0.37727873879782176
3,27574,2022-09-03,2022,,湘南,川崎F,H,A,0.3991599883349542,0.2694184589168117,0.33142155274823415
3,27575,2022-09-03,2022,,磐田,柏,D,A,0.38707539867423546,0.24746213694210606,0.36546246438365854
3,27576,2022-09-03,2022,,京都,神戸,H,H,0.3600140914095247,0.2742729303413899,0.36571297824908555
3,27577,2022-09-03,2022,,G大阪,鳥栖,A,H,0.27293187923977175,0.32478917041939925,0.40227895034082894
3,27578,2022-09-03,2022,,広島,清水,H,H,0.26057223195066637,0.2905084212790252,0.4489193467703085
3,27579,2022-09-03,2022,,福岡,名古屋,A,H,0.37157825427180036,0.23341831508160152,0.39500343064659815
3,26883,2022-09-04,2022,,栃木SC,ザスパクサツ群馬,D,A,0.40429809079991064,0.26172637702870705,0.33397553217138226
3,26884,2022-09-04,2022,,岡山,町田,H,A,0.38341761345133185,0.30468084991846767,0.31190153663020054
3,26885,2022-09-04,2022,,熊本,大宮,H,A,0.3740068683507526,0.2733788614449112,0.3526142702043362
3,27179,2022-09-04,2022,,FC今治,ギラヴァンツ北九州,A,H,0.3375957808199044,0.29941175902991274,0.36299246015018294
3,27180,2022-09-04,2022,,カマタマーレ讃岐,藤枝MYFC,D,H,0.326595941900931,0.2713722993647647,0.40203175873430425
3,26860,2022-09-06,2022,,ツエーゲン金沢,V・ファーレン長崎,D,H,0.3682634093620724,0.2382963403565865,0.3934402502813411
3,27548,2022-09-07,2022,,横浜FM,湘南,H,H,0.2935892731881105,0.3512656645843451,0.3551450622275444
3,26886,2022-09-10,2022,,いわてグルージャ盛岡,水戸,H,A,0.40063034771415085,0.24313438077273092,0.3562352715131182
3,26887,2022-09-10,2022,,千葉,ツエーゲン金沢,H,H,0.30226689159804304,0.327880348012126,0.36985276038983095
3,26888,2022-09-10,2022,,東京V,ザスパクサツ群馬,D,H,0.31652171463703144,0.32859750675081295,0.3548807786121556
3,26889,2022-09-10,2022,,町田,レノファ山口FC,A,H,0.29397681198749626,0.3408996283665953,0.36512355964590837
3,26890,2022-09-10,2022,,横浜FC,栃木SC,D,H,0.3487746218486806,0.21761901718022963,0.4336063609710899
3,26891,2022-09-10,2022,,甲府,大宮,A,H,0.23284910266375058,0.3572144092321518,0.4099364881040976
3,26892,2022-09-10,2022,,新潟,FC琉球,H,H,0.3166349510667021,0.3190874220032806,0.3642776269300174
3,26893,2022-09-10,2022,,秋田,徳島,D,A,0.36637816132139595,0.27166671529373326,0.3619551233848708
3,26894,2022-09-10,2022,,岡山,山形,H,D,0.2908262247642298,0.40314657594339304,0.30602719929237715
3,26895,2022-09-10,2022,,V・ファーレン長崎,熊本,A,A,0.4583493955742211,0.30324635199604955,0.23840425242972924
3,26896,2022-09-10,2022,,大分,仙台,H,H,0.25684329210242657,0.27769249452814426,0.46546421336942906
3,27181,2022-09-10,2022,,福島ユナイテッドFC,松本山雅FC,A,A,0.3725668760202411,0.2574815750536562,0.3699515489261027
3,27182,2022-09-10,2022,,藤枝MYFC,ヴァンラーレ八戸,H,A,0.36170844601380137,0.315596551581849,0.32269500240434956
3,27183,2022-09-10,2022,,富山,テゲバジャーロ宮崎,H,H,0.34675892738761793,0.252469171387445,0.40077190122493717
3,27184,2022-09-10,2022,,ガイナーレ鳥取,アスルクラロ沼津,H,H,0.3011983916212743,0.29523105281275397,0.40357055556597177
3,27185,2022-09-10,2022,,FC岐阜,AC長野パルセイロ,D,H,0.31417956102842465,0.29818375099244926,0.3876366879791259
3,27186,2022-09-10,2022,,愛媛FC,FC今治,H,H,0.3130712143883887,0.28409050675559394,0.40283827885601725
3,27581,2022-09-10,2022,,浦和,柏,H,H,0.37245284725369016,0.2527963568174434,0.37475079592886645
3,27582,2022-09-10,2022,,川崎F,広島,H,H,0.23549404636521945,0.2668761307049809,0.49762982292979974
3,27583,2022-09-10,2022,,横浜FM,福岡,H,H,0.32052131985279714,0.3211612645907336,0.3583174155564694
3,27584,2022-09-10,2022,,清水,湘南,D,A,0.33586795652752177,0.3336542583945366,0.3304777850779417
3,27585,2022-09-10,2022,,京都,鹿島,D,A,0.4365944738627531,0.19468819823747674,0.36871732789977024
3,27586,2022-09-10,2022,,G大阪,FC東京,D,A,0.41957290028851113,0.2859720209845821,0.29445507872690674
3,27587,2022-09-10,2022,,C大阪,鳥栖,H,A,0.3837411318014902,0.2468040464883789,0.36945482171013094
3,27588,2022-09-10,2022,,神戸,名古屋,D,A,0.40681360916541986,0.36244758854095027,0.2307388022936299
3,27187,2022-09-11,2022,,Y.S.C.C.横浜,SC相模原,A,D,0.3085556561402636,0.39915781837500336,0.2922865254847331
3,27188,2022-09-11,2022,,ギラヴァンツ北九州,いわきFC,A,A,0.3774892370140679,0.28760905381836094,0.3349017091675712
3,27189,2022-09-11,2022,,鹿児島ユナイテッドFC,カマタマーレ讃岐,H,H,0.31946172849665394,0.33497256770503897,0.3455657037983071
3,27580,2022-09-11,2022,,札幌,磐田,H,H,0.3655689766178326,0.23048520959267124,0.40394581378949623
3,26897,2022-09-14,2022,,いわてグルージャ盛岡,千葉,A,A,0.4890576685058732,0.255989450120212,0.25495288137391486
3,26898,2022-09-14,2022,,山形,横浜FC,H,H,0.2800940111262337,0.26815314302849086,0.4517528458452753
3,26899,2022-09-14,2022,,水戸,V・ファーレン長崎,A,H,0.2984235835978229,0.30176701667235806,0.3998093997298191
3,26900,2022-09-14,2022,,ザスパクサツ群馬,FC琉球,D,H,0.2504995870865446,0.3338442287920658,0.41565618412138955
3,26901,2022-09-14,2022,,大宮,大分,D,H,0.32830773964995397,0.2940869927039389,0.3776052676461072
3,26902,2022-09-14,2022,,東京V,秋田,A,A,0.3930428586889683,0.2978470216858079,0.30911011962522383
3,26903,2022-09-14,2022,,レノファ山口FC,ツエーゲン金沢,D,H,0.34561863617762534,0.285929145122665,0.3684522186997097
3,26904,2022-09-14,2022,,徳島,岡山,H,A,0.4017889599222892,0.2523263360204927,0.3458847040572181
3,26905,2022-09-14,2022,,熊本,町田,D,H,0.33142276274346405,0.3129607745685481,0.35561646268798786
3,26906,2022-09-14,2022,,栃木SC,仙台,A,H,0.3362025405942787,0.2802057768805299,0.38359168252519144
3,26907,2022-09-14,2022,,甲府,新潟,A,A,0.3772789948192082,0.2921145579811158,0.330606447199676
3,27158,2022-09-14,2022,,FC岐阜,藤枝MYFC,A,H,0.31308386140729655,0.2578532791587372,0.4290628594339664
3,27517,2022-09-14,2022,,名古屋,川崎F,D,H,0.3272974829708981,0.2755123942976205,0.39719012273148147
3,27558,2022-09-14,2022,,浦和,C大阪,A,H,0.3129139793809588,0.2577393216935023,0.429346698925539
3,27559,2022-09-14,2022,,京都,横浜FM,A,A,0.40889973820976777,0.2230669019023343,0.3680333598878979
3,27560,2022-09-14,2022,,神戸,FC東京,H,H,0.32084763249308623,0.3167101299975778,0.3624422375093359
3,27597,2022-09-16,2022,,鳥栖,鹿島,D,H,0.3195495947102364,0.33917044328306956,0.34127996200669397
3,26908,2022-09-17,2022,,岡山,V・ファーレン長崎,H,H,0.37822929945012035,0.19691368033275222,0.4248570202171275
3,27190,2022-09-17,2022,,Y.S.C.C.横浜,カマタマーレ讃岐,D,H,0.27059832407377343,0.273652688540645,0.45574898738558167
3,27191,2022-09-17,2022,,アスルクラロ沼津,富山,H,A,0.36985893550100596,0.3311737451681458,0.29896731933084825
3,27192,2022-09-17,2022,,ヴァンラーレ八戸,FC岐阜,H,A,0.43888605679617787,0.22637399768634237,0.33473994551747965
3,27589,2022-09-17,2022,,柏,川崎F,D,H,0.35442830713520673,0.24083545553107158,0.4047362373337217
3,27592,2022-09-17,2022,,湘南,浦和,D,A,0.3524352281957156,0.3428706902083218,0.30469408159596256
3,27593,2022-09-17,2022,,磐田,C大阪,D,A,0.38712954344354883,0.34411254425619325,0.26875791230025803
3,27594,2022-09-17,2022,,名古屋,広島,D,H,0.3308974733966249,0.3252781989796324,0.3438243276237428
3,27596,2022-09-17,2022,,福岡,清水,H,H,0.337356671769814,0.2952151015696264,0.3674282266605597
3,26909,2022-09-18,2022,,仙台,徳島,D,H,0.23792430475027665,0.28073122341085316,0.48134447183887025
3,26910,2022-09-18,2022,,秋田,ザスパクサツ群馬,A,H,0.28876831706798856,0.34130520997778907,0.36992647295422243
3,26911,2022-09-18,2022,,山形,千葉,H,H,0.3676376792573479,0.2578827511204751,0.3744795696221769
3,26912,2022-09-18,2022,,町田,東京V,D,D,0.26642739402541676,0.3977340702927431,0.3358385356818402
3,26913,2022-09-18,2022,,横浜FC,甲府,H,H,0.3508976555100122,0.254146220252082,0.3949561242379059
3,26914,2022-09-18,2022,,新潟,水戸,H,A,0.45507139458550766,0.25139374372257395,0.2935348616919184
3,26915,2022-09-18,2022,,ツエーゲン金沢,大分,D,H,0.27187440443320315,0.2544942418936623,0.4736313536731345
3,26916,2022-09-18,2022,,FC琉球,レノファ山口FC,A,H,0.36634012289680984,0.2546219010045714,0.3790379760986187
3,26917,2022-09-18,2022,,大宮,栃木SC,H,H,0.34212621365662244,0.29783317828591255,0.36004060805746496
3,27193,2022-09-18,2022,,藤枝MYFC,SC相模原,H,H,0.3287443338127612,0.33500420553566107,0.3362514606515778
3,27194,2022-09-18,2022,,松本山雅FC,ガイナーレ鳥取,H,H,0.2787669230459832,0.33993929428579533,0.3812937826682214
3,27196,2022-09-18,2022,,FC今治,いわきFC,H,H,0.3229874947757419,0.2666159990994473,0.4103965061248108
3,27197,2022-09-18,2022,,AC長野パルセイロ,福島ユナイテッドFC,A,H,0.33095042256859514,0.31786842019850015,0.3511811572329049
3,27590,2022-09-18,2022,,FC東京,京都,H,H,0.320347157944906,0.29432177972055074,0.3853310623345433
3,27591,2022-09-18,2022,,横浜FM,札幌,D,D,0.3033751596388864,0.37166579010997536,0.32495905025113825
3,27595,2022-09-18,2022,,神戸,G大阪,H,H,0.300091665541106,0.2879473201410256,0.4119610143178683
3,27198,2022-09-19,2022,,鹿児島ユナイテッドFC,ギラヴァンツ北九州,H,H,0.25003746871140214,0.3023939474443514,0.4475685838442464
3,26918,2022-09-20,2022,,熊本,いわてグルージャ盛岡,H,H,0.269394004445297,0.27758808681370456,0.4530179087409985
3,26843,2022-09-21,2022,,水戸,東京V,A,H,0.36534752542958,0.23936549549817498,0.3952869790722452
3,26871,2022-09-21,2022,,V・ファーレン長崎,栃木SC,D,A,0.3831396602942597,0.30814615489886765,0.3087141848068727
3,27145,2022-09-21,2022,,アスルクラロ沼津,藤枝MYFC,D,D,0.33977432633801,0.36474940166018843,0.29547627200180154
3,26919,2022-09-24,2022,,ザスパクサツ群馬,レノファ山口FC,A,H,0.3116269422332341,0.27758308374781804,0.4107899740189478
3,26920,2022-09-24,2022,,東京V,山形,H,A,0.39367258857197107,0.26183368661917045,0.3444937248088584
3,26921,2022-09-24,2022,,V・ファーレン長崎,横浜FC,A,A,0.41889080697016523,0.2714117841111712,0.3096974089186637
3,26929,2022-09-24,2022,,大分,甲府,H,H,0.25357792444557664,0.31801365976960777,0.4284084157848156
3,27199,2022-09-24,2022,,ガイナーレ鳥取,鹿児島ユナイテッドFC,H,A,0.356931020967287,0.3110291835674969,0.33203979546521606
3,27200,2022-09-24,2022,,愛媛FC,藤枝MYFC,A,H,0.3829850265416998,0.2187953789883763,0.39821959446992394
3,26922,2022-09-25,2022,,秋田,町田,H,A,0.40744931434330794,0.3014913799116403,0.2910593057450518
3,26923,2022-09-25,2022,,千葉,熊本,A,H,0.2881353973242001,0.30620671113634396,0.40565789153945586
3,26924,2022-09-25,2022,,新潟,大宮,H,H,0.34978807640918486,0.2850408376119194,0.3651710859788957
3,26925,2022-09-25,2022,,岡山,仙台,H,A,0.41745109590323903,0.22681647650333472,0.3557324275934261
3,26926,2022-09-25,2022,,いわてグルージャ盛岡,ツエーゲン金沢,A,A,0.3912213823085136,0.2938913563704405,0.31488726132104583
3,26927,2022-09-25,2022,,栃木SC,FC琉球,D,D,0.328825618541532,0.34743637602916827,0.32373800542929965
3,26928,2022-09-25,2022,,徳島,水戸,D,H,0.2875473445384513,0.30003254631467874,0.4124201091468699
3,27201,2022-09-25,2022,,福島ユナイテッドFC,ギラヴァンツ北九州,H,H,0.2955155811724988,0.30586657463214556,0.3986178441953557
3,27202,2022-09-25,2022,,いわきFC,FC岐阜,H,H,0.21530751652877916,0.29816443578844004,0.4865280476827808
3,27203,2022-09-25,2022,,SC相模原,ヴァンラーレ八戸,A,D,0.3259319132903716,0.40194944528557913,0.27211864142404935
3,27204,2022-09-25,2022,,カマタマーレ讃岐,富山,A,A,0.36391541712118186,0.27800474141106585,0.3580798414677524
3,27205,2022-09-25,2022,,テゲバジャーロ宮崎,FC今治,A,D,0.19583386922560292,0.41620002435310544,0.3879661064212917
3,27206,2022-09-25,2022,,松本山雅FC,Y.S.C.C.横浜,A,H,0.2825548943850852,0.2831886018539688,0.43425650376094616
3,27207,2022-09-25,2022,,AC長野パルセイロ,アスルクラロ沼津,H,H,0.25048549410172694,0.3685209465485136,0.3809935593497596
4,26930,2022-10-01,2022,,山形,新潟,D,H,0.2325150626691048,0.22108893167732246,0.5463960056535727
4,26931,2022-10-01,2022,,ザスパクサツ群馬,大宮,H,A,0.4378780812478149,0.23810592240158363,0.32401599635060147
4,26932,2022-10-01,2022,,甲府,栃木SC,A,A,0.3786764708967159,0.301840599265901,0.3194829298373831
4,26933,2022-10-01,2022,,徳島,町田,H,H,0.27475307031693713,0.22440369067630883,0.500843239006754
4,26934,2022-10-01,2022,,FC琉球,横浜FC,A,A,0.34122858625757274,0.31778357586878964,0.3409878378736377
4,26935,2022-10-01,2022,,大分,V・ファーレン長崎,H,H,0.2935986032171623,0.2904779195605805,0.41592347722225714
4,27208,2022-10-01,2022,,藤枝MYFC,Y.S.C.C.横浜,H,H,0.3072427670686849,0.24870431047047326,0.4440529224608418
4,27216,2022-10-01,2022,,鹿児島ユナイテッドFC,AC長野パルセイロ,H,A,0.35984529884321625,0.28274843643189945,0.3574062647248843
4,27598,2022-10-01,2022,,札幌,川崎F,H,H,0.25501969956883197,0.3132684650567873,0.43171183537438074
4,27599,2022-10-01,2022,,鹿島,FC東京,A,A,0.3623179763460721,0.2846012499229454,0.3530807737309825
4,27601,2022-10-01,2022,,名古屋,横浜FM,A,D,0.331029755905097,0.33515385593466646,0.33381638816023645
4,27602,2022-10-01,2022,,G大阪,柏,D,H,0.30115830701660273,0.30594219357247604,0.3928994994109213
4,27603,2022-10-01,2022,,C大阪,湘南,D,A,0.37942914492320384,0.25816464315807186,0.3624062119187244
4,27604,2022-10-01,2022,,広島,浦和,H,H,0.25312176057493363,0.3085082118935033,0.4383700275315631
4,27605,2022-10-01,2022,,福岡,神戸,A,H,0.3357769074166513,0.32064833787643093,0.3435747547069177
4,27606,2022-10-01,2022,,鳥栖,京都,A,A,0.380888948983176,0.36830770408642766,0.25080334693039635
4,26936,2022-10-02,2022,,熊本,秋田,A,A,0.39048802593558807,0.28001569531701453,0.3294962787473973
4,26937,2022-10-02,2022,,仙台,東京V,A,H,0.28357159763135725,0.34303864417659036,0.37338975819205245
4,26938,2022-10-02,2022,,水戸,千葉,A,A,0.3877904491739804,0.2999806965309861,0.31222885429503355
4,26939,2022-10-02,2022,,ツエーゲン金沢,岡山,H,H,0.3229582229966086,0.3159864516967241,0.3610553253066672
4,26940,2022-10-02,2022,,レノファ山口FC,いわてグルージャ盛岡,D,H,0.2718983392480448,0.2482978796283145,0.4798037811236407
4,27209,2022-10-02,2022,,ヴァンラーレ八戸,愛媛FC,H,H,0.3042560246020796,0.24102650874077308,0.45471746665714735
4,27210,2022-10-02,2022,,いわきFC,カマタマーレ讃岐,H,H,0.30711872418781433,0.3000840499174887,0.39279722589469684
4,27211,2022-10-02,2022,,アスルクラロ沼津,松本山雅FC,D,H,0.28443304709189754,0.3187288288656068,0.39683812404249563
4,27212,2022-10-02,2022,,FC今治,ガイナーレ鳥取,H,H,0.26343554235983757,0.33159830918689903,0.40496614845326345
4,27213,2022-10-02,2022,,富山,SC相模原,H,D,0.32420447259215623,0.3740538109858328,0.301741716422011
4,27214,2022-10-02,2022,,FC岐阜,福島ユナイテッドFC,D,D,0.3170551007107215,0.34398930283125884,0.33895559645801965
4,27215,2022-10-02,2022,,ギラヴァンツ北九州,テゲバジャーロ宮崎,H,A,0.500162940395477,0.19782994749852065,0.30200711210600234
4,26868,2022-10-05,2022,,大宮,山形,D,A,0.3962333253812993,0.30674928866337947,0.2970173859553213
4,26941,2022-10-08,2022,,熊本,ザスパクサツ群馬,H,H,0.26316098396359755,0.2899850377431544,0.44685397829324813
4,26942,2022-10-08,2022,,秋田,千葉,H,H,0.34477408088728373,0.29608953814378297,0.35913638096893324
4,26943,2022-10-08,2022,,新潟,仙台,H,H,0.2880770442624337,0.3486313220129241,0.3632916337246421
4,26944,2022-10-08,2022,,V・ファーレン長崎,徳島,A,A,0.3976264180310214,0.2575932846572469,0.34478029731173176
4,26945,2022-10-08,2022,,いわてグルージャ盛岡,東京V,A,H,0.3271746452387162,0.19240653017737772,0.48041882458390617
4,27217,2022-10-08,2022,,Y.S.C.C.横浜,鹿児島ユナイテッドFC,A,A,0.3730160712613952,0.33554522649322,0.2914387022453847
4,27218,2022-10-08,2022,,SC相模原,FC今治,A,D,0.2825708561787199,0.36772836931769093,0.3497007745035893
4,27219,2022-10-08,2022,,愛媛FC,AC長野パルセイロ,D,H,0.3864827593816105,0.22119443807145903,0.3923228025469305
4,27607,2022-10-08,2022,,札幌,福岡,A,H,0.284299385493726,0.3208222708814472,0.3948783436248267
4,27608,2022-10-08,2022,,浦和,鳥栖,H,H,0.24700891889889334,0.3032873999122723,0.44970368118883425
4,27609,2022-10-08,2022,,柏,C大阪,D,H,0.3032798810679099,0.2639159897955994,0.4328041291364907
4,27610,2022-10-08,2022,,FC東京,湘南,A,H,0.28709713391997776,0.319516116288921,0.39338674979110116
4,27611,2022-10-08,2022,,川崎F,清水,H,H,0.3302624419477657,0.3338028456319707,0.3359347124202635
4,27612,2022-10-08,2022,,横浜FM,G大阪,A,H,0.22697751056526963,0.36659627047325694,0.40642621896147335
4,27613,2022-10-08,2022,,磐田,鹿島,D,A,0.3575049435005317,0.317712521021956,0.3247825354775122
4,27614,2022-10-08,2022,,京都,名古屋,D,D,0.28122921642031873,0.3685775870246565,0.3501931965550249
4,27615,2022-10-08,2022,,神戸,広島,H,D,0.35784865601554866,0.3664627711489078,0.27568857283554365
4,26946,2022-10-09,2022,,大宮,レノファ山口FC,H,H,0.3377617043696002,0.28642476967889996,0.3758135259514998
4,26947,2022-10-09,2022,,山形,水戸,D,H,0.2561101733111728,0.3023126663715634,0.44157716031726374
4,26948,2022-10-09,2022,,町田,栃木SC,A,D,0.23486490194278525,0.4327691499460378,0.3323659481111769
4,26949,2022-10-09,2022,,横浜FC,大分,A,H,0.31213821086586996,0.27646883499373814,0.41139295414039184
4,26950,2022-10-09,2022,,甲府,岡山,A,H,0.228283600494714,0.27730452738914807,0.49441187211613796
4,26951,2022-10-09,2022,,ツエーゲン金沢,FC琉球,A,H,0.30868247883098554,0.3317046469916184,0.3596128741773962
4,27220,2022-10-09,2022,,ガイナーレ鳥取,いわきFC,A,H,0.33330712788194106,0.24635116062546852,0.4203417114925904
4,27221,2022-10-09,2022,,テゲバジャーロ宮崎,福島ユナイテッドFC,H,H,0.2493699374901066,0.27670440443235855,0.4739256580775348
4,27222,2022-10-09,2022,,藤枝MYFC,松本山雅FC,H,A,0.38341132407968986,0.33443233271764267,0.2821563432026675
4,27223,2022-10-09,2022,,FC岐阜,富山,A,H,0.33689033970779575,0.32388173593229913,0.3392279243599051
4,27224,2022-10-09,2022,,カマタマーレ讃岐,アスルクラロ沼津,D,H,0.32508918387100827,0.30938573725506574,0.365525078873926
4,27225,2022-10-09,2022,,ギラヴァンツ北九州,ヴァンラーレ八戸,H,H,0.35839636603065855,0.23532546192900763,0.4062781720403339
4,27546,2022-10-12,2022,,FC東京,C大阪,H,A,0.41086537635341486,0.25945082659797103,0.32968379704861406
4,27547,2022-10-12,2022,,川崎F,京都,H,H,0.29391868042665736,0.27887097945391565,0.42721034011942705
4,27567,2022-10-12,2022,,浦和,札幌,D,A,0.49205550353802163,0.23478808356497397,0.2731564128970043
4,27569,2022-10-12,2022,,横浜FM,磐田,A,H,0.3415624605651413,0.24106346257006572,0.41737407686479305
4,27570,2022-10-12,2022,,神戸,湘南,H,H,0.28975493993469553,0.31553903914928894,0.39470602091601553
4,26952,2022-10-15,2022,,V・ファーレン長崎,レノファ山口FC,A,H,0.3473878991185027,0.26374715746537736,0.3888649434161198
4,26953,2022-10-15,2022,,東京V,新潟,H,H,0.3571656530254618,0.22119091891300205,0.42164342806153615
4,27226,2022-10-15,2022,,Y.S.C.C.横浜,FC今治,H,A,0.46377575884705335,0.2375428192149869,0.29868142193795977
4,27227,2022-10-15,2022,,松本山雅FC,FC岐阜,H,H,0.29074958942739143,0.2956653746579895,0.4135850359146191
4,26954,2022-10-16,2022,,栃木SC,水戸,A,H,0.3132460083279064,0.2676168738057026,0.419137117866391
4,26955,2022-10-16,2022,,仙台,熊本,H,D,0.31318334952950216,0.369858541134272,0.31695810933622576
4,26956,2022-10-16,2022,,千葉,FC琉球,H,H,0.28081810543092106,0.28053450676482106,0.438647387804258
4,26958,2022-10-16,2022,,横浜FC,ツエーゲン金沢,A,A,0.41657637218069604,0.23206118361391254,0.3513624442053915
4,26959,2022-10-16,2022,,岡山,秋田,A,A,0.5554994410128632,0.17189826494103103,0.2726022940461057
4,26960,2022-10-16,2022,,大分,山形,A,D,0.29684126507652825,0.3550427105325903,0.3481160243908814
4,26961,2022-10-16,2022,,ザスパクサツ群馬,いわてグルージャ盛岡,H,H,0.3249090884297777,0.2658975345799488,0.4091933769902734
4,26962,2022-10-16,2022,,徳島,大宮,H,A,0.35313041804847023,0.31370034122790397,0.33316924072362586
4,27228,2022-10-16,2022,,福島ユナイテッドFC,カマタマーレ讃岐,A,D,0.2932439769190732,0.36658018300510997,0.34017584007581675
4,27229,2022-10-16,2022,,アスルクラロ沼津,いわきFC,A,A,0.37910254934665893,0.2876578323061472,0.33323961834719373
4,27230,2022-10-16,2022,,ガイナーレ鳥取,ヴァンラーレ八戸,A,D,0.29495236887790005,0.37374502198417525,0.3313026091379248
4,27231,2022-10-16,2022,,鹿児島ユナイテッドFC,テゲバジャーロ宮崎,A,A,0.37949650221303766,0.2652935721443328,0.35520992564262965
4,27232,2022-10-16,2022,,AC長野パルセイロ,SC相模原,H,H,0.33218328496084915,0.2810512964849652,0.38676541855418567
4,27233,2022-10-16,2022,,富山,藤枝MYFC,A,H,0.29904029260320786,0.3301532256704623,0.3708064817263299
4,27234,2022-10-16,2022,,愛媛FC,ギラヴァンツ北九州,D,A,0.41408444379725384,0.2693633332970095,0.3165522229057366
4,26957,2022-10-19,2022,,町田,甲府,A,A,0.4242069514448449,0.310320361361797,0.2654726871933581
4,27235,2022-10-22,2022,,藤枝MYFC,テゲバジャーロ宮崎,D,A,0.3835424334449811,0.23695917249573417,0.37949839405928476
4,27600,2022-10-22,2022,,清水,磐田,D,H,0.3537771979560594,0.24275222476348418,0.4034705772804564
4,26963,2022-10-23,2022,,秋田,仙台,D,D,0.2812297755353559,0.3807868317836901,0.33798339268095406
4,26964,2022-10-23,2022,,山形,徳島,H,H,0.27386203775039997,0.3171750572709709,0.4089629049786292
4,26965,2022-10-23,2022,,水戸,ザスパクサツ群馬,H,A,0.3742481273666031,0.3114497709436301,0.3143021016897667
4,26966,2022-10-23,2022,,大宮,V・ファーレン長崎,D,D,0.26387634958132755,0.3752756431256653,0.36084800729300714
4,26967,2022-10-23,2022,,東京V,岡山,H,H,0.2924136285156456,0.30463024398453725,0.40295612749981713
4,26968,2022-10-23,2022,,甲府,いわてグルージャ盛岡,H,A,0.36947012431213644,0.29450577997173616,0.3360240957161274
4,26969,2022-10-23,2022,,新潟,町田,H,H,0.3579395211144693,0.28240596946462854,0.3596545094209021
4,26970,2022-10-23,2022,,ツエーゲン金沢,栃木SC,D,D,0.25463923311616066,0.4002108821151617,0.34514988476867764
4,26971,2022-10-23,2022,,レノファ山口FC,千葉,A,H,0.2354732622682178,0.278103019974612,0.48642371775717025
4,26972,2022-10-23,2022,,熊本,横浜FC,A,H,0.27230463705543617,0.3290767021888129,0.39861866075575086
4,26973,2022-10-23,2022,,FC琉球,大分,H,H,0.25093244635389234,0.34320152941625093,0.4058660242298568
4,27236,2022-10-23,2022,,ヴァンラーレ八戸,富山,H,H,0.30127072373770514,0.3461606810597377,0.35256859520255723
4,27237,2022-10-23,2022,,いわきFC,愛媛FC,H,H,0.26894915129855496,0.3323175706077751,0.39873327809367
4,27238,2022-10-23,2022,,FC今治,松本山雅FC,A,H,0.2630945674766981,0.3594652240093114,0.3774402085139906
4,27239,2022-10-23,2022,,AC長野パルセイロ,Y.S.C.C.横浜,H,H,0.3257440809582347,0.3021638474086805,0.3720920716330848
4,27240,2022-10-23,2022,,カマタマーレ讃岐,SC相模原,D,A,0.37791261215654703,0.3168811489394625,0.30520623890399046
4,27241,2022-10-23,2022,,ギラヴァンツ北九州,ガイナーレ鳥取,A,H,0.18791385718687656,0.34132842009543296,0.4707577227176904
4,27242,2022-10-23,2022,,FC岐阜,アスルクラロ沼津,H,A,0.4187631944032166,0.225615342359832,0.35562146323695143
4,27243,2022-10-23,2022,,福島ユナイテッドFC,鹿児島ユナイテッドFC,D,H,0.3310619358418809,0.2902043661672643,0.3787336979908548
4,27195,2022-10-27,2022,,テゲバジャーロ宮崎,愛媛FC,D,D,0.31105617260453977,0.4023706094332751,0.28657321796218516
4,27244,2022-10-29,2022,,Y.S.C.C.横浜,福島ユナイテッドFC,H,H,0.2920588179151104,0.24922492090040246,0.458716261184487
4,27616,2022-10-29,2022,,川崎F,神戸,H,A,0.37917641612626646,0.32333014759342077,0.29749343628031283
4,27617,2022-10-29,2022,,横浜FM,浦和,H,H,0.2912043320877517,0.2321418252859294,0.476653842626319
4,27618,2022-10-29,2022,,湘南,鳥栖,H,A,0.3681660689125139,0.30611452095299224,0.3257194101344939
4,27619,2022-10-29,2022,,清水,鹿島,A,H,0.31399201511445923,0.2410997688507841,0.44490821603475667
4,27620,2022-10-29,2022,,名古屋,FC東京,H,A,0.4944924907319268,0.19596913431909121,0.309538374948982
4,27621,2022-10-29,2022,,京都,C大阪,D,H,0.32121965690059406,0.2836870646843743,0.39509327841503167
4,27622,2022-10-29,2022,,G大阪,磐田,H,D,0.30439313495463516,0.3602673607873724,0.3353395042579924
4,27623,2022-10-29,2022,,広島,札幌,A,A,0.41615117560372494,0.25793626122721447,0.32591256316906064
4,27624,2022-10-29,2022,,福岡,柏,H,A,0.3806541281975738,0.2488194512235623,0.37052642057886387
4,27245,2022-10-30,2022,,アスルクラロ沼津,ヴァンラーレ八戸,A,D,0.2256259574874505,0.41393023507675,0.36044380743579946
4,27246,2022-10-30,2022,,ガイナーレ鳥取,藤枝MYFC,D,H,0.3294074265793559,0.19972099783147615,0.470871575589168
4,27247,2022-10-30,2022,,テゲバジャーロ宮崎,いわきFC,H,H,0.3049155166554446,0.2899180495494506,0.40516643379510486
4,27248,2022-10-30,2022,,鹿児島ユナイテッドFC,愛媛FC,A,D,0.329822084505081,0.407024810178181,0.2631531053167381
4,27249,2022-10-30,2022,,SC相模原,FC岐阜,D,H,0.3101083103887283,0.3405163525261456,0.34937533708512614
4,27250,2022-10-30,2022,,富山,FC今治,A,A,0.37544198166893866,0.325195021571348,0.2993629967597133
4,27251,2022-10-30,2022,,カマタマーレ讃岐,ギラヴァンツ北九州,D,H,0.28110800348496723,0.24618932063422175,0.472702675880811
4,27252,2022-10-30,2022,,松本山雅FC,AC長野パルセイロ,H,H,0.3192814057927095,0.21474450679383222,0.4659740874134583
4,27625,2022-11-05,2022,,札幌,清水,H,A,0.3666538011031551,0.3227882628933014,0.31055793600354353
4,27626,2022-11-05,2022,,鹿島,G大阪,D,H,0.33414823657203785,0.23798190854427032,0.42786985488369184
4,27627,2022-11-05,2022,,浦和,福岡,D,D,0.3213655213239617,0.3447684326511516,0.3338660460248866
4,27628,2022-11-05,2022,,柏,湘南,A,H,0.24991291001795543,0.29311654552567834,0.4569705444563663
4,27629,2022-11-05,2022,,FC東京,川崎F,A,H,0.3207995256115383,0.3016033467352805,0.3775971276531813
4,27630,2022-11-05,2022,,磐田,京都,D,A,0.38375216020600694,0.29653552435358954,0.3197123154404036
4,27631,2022-11-05,2022,,C大阪,名古屋,A,H,0.2769038039485473,0.3330932947242944,0.39000290132715815
4,27632,2022-11-05,2022,,神戸,横浜FM,A,H,0.3330280659674338,0.30938761930006736,0.35758431473249885
4,27633,2022-11-05,2022,,鳥栖,広島,D,A,0.3514137013641368,0.3241158384430962,0.3244704601927671
4,27253,2022-11-06,2022,,ヴァンラーレ八戸,Y.S.C.C.横浜,A,H,0.3432669719062722,0.27180781261281356,0.38492521548091424
4,27254,2022-11-06,2022,,福島ユナイテッドFC,アスルクラロ沼津,H,H,0.31017341136843934,0.23995123754193623,0.4498753510896244
4,27255,2022-11-06,2022,,いわきFC,鹿児島ユナイテッドFC,H,H,0.32502273631873485,0.3126183689744924,0.36235889470677274
4,27256,2022-11-06,2022,,FC今治,藤枝MYFC,H,A,0.3682943274603479,0.3036484942882509,0.3280571782514011
4,27257,2022-11-06,2022,,AC長野パルセイロ,ガイナーレ鳥取,A,D,0.2568820680007574,0.40909117746180035,0.33402675453744224
4,27258,2022-11-06,2022,,富山,松本山雅FC,H,A,0.37946492347673555,0.27650590754245674,0.3440291689808077
4,27259,2022-11-06,2022,,FC岐阜,テゲバジャーロ宮崎,A,H,0.25296126900000004,0.2894707972136374,0.45756793378636257
4,27260,2022-11-06,2022,,ギラヴァンツ北九州,SC相模原,H,A,0.35685967134956004,0.32754484041069437,0.31559548823974565
4,27261,2022-11-06,2022,,愛媛FC,カマタマーレ讃岐,D,A,0.4443023294659915,0.2761443561306315,0.27955331440337705
4,27262,2022-11-12,2022,,Y.S.C.C.横浜,ガイナーレ鳥取,A,D,0.23703829540993956,0.40859129515270626,0.354370409437354
4,27263,2022-11-12,2022,,愛媛FC,アスルクラロ沼津,D,H,0.332947693836662,0.29936584709277736,0.3676864590705608
4,27264,2022-11-13,2022,,FC今治,AC長野パルセイロ,D,D,0.2884259605743043,0.41936584572117114,0.29220819370452455
4,27265,2022-11-13,2022,,テゲバジャーロ宮崎,松本山雅FC,H,A,0.3543111131595197,0.3165397065792814,0.3291491802611987
4,27266,2022-11-13,2022,,鹿児島ユナイテッドFC,FC岐阜,H,D,0.2178752428910993,0.40832982696325,0.3737949301456507
4,27267,2022-11-13,2022,,SC相模原,いわきFC,A,H,0.32450688483296464,0.30110512851195353,0.3743879866550818
4,27268,2022-11-13,2022,,藤枝MYFC,福島ユナイテッドFC,H,A,0.4037141426309926,0.29045590280855516,0.30582995456045226
4,27269,2022-11-13,2022,,カマタマーレ讃岐,ヴァンラーレ八戸,A,H,0.31962926290377686,0.27799127519932115,0.402379461896902
4,27270,2022-11-13,2022,,ギラヴァンツ北九州,富山,A,H,0.3018684974857008,0.25279565851409885,0.44533584400020043
4,27271,2022-11-20,2022,,ヴァンラーレ八戸,FC今治,H,H,0.30547447446762815,0.31856233325897104,0.3759631922734008
4,27272,2022-11-20,2022,,福島ユナイテッドFC,愛媛FC,A,A,0.43444502242982164,0.262188226827407,0.3033667507427713
4,27273,2022-11-20,2022,,いわきFC,Y.S.C.C.横浜,D,H,0.30695785896904654,0.3393799343477421,0.35366220668321136
4,27274,2022-11-20,2022,,松本山雅FC,SC相模原,H,H,0.322640828866428,0.2972682215488339,0.3800909495847381
4,27275,2022-11-20,2022,,AC長野パルセイロ,藤枝MYFC,D,H,0.2323419469555915,0.2607108830272714,0.5069471700171371
4,27276,2022-11-20,2022,,富山,鹿児島ユナイテッドFC,A,A,0.46097880377464623,0.19075130711192184,0.348269889113432
4,27277,2022-11-20,2022,,アスルクラロ沼津,テゲバジャーロ宮崎,A,H,0.30399293367304575,0.33615673943958446,0.35985032688736995
4,27278,2022-11-20,2022,,FC岐阜,ギラヴァンツ北九州,A,H,0.25902559496726646,0.28514142232225526,0.45583298271047845
4,27279,2022-11-20,2022,,ガイナーレ鳥取,カマタマーレ讃岐,H,A,0.4558663498054584,0.2276297914800675,0.3165038587144741
5,28163,2023-02-17,2023,,川崎F,横浜FM,A,D,0.33383308523323557,0.38356336497734067,0.28260354978942376
5,28164,2023-02-18,2023,,FC東京,浦和,H,D,0.3563027511042454,0.371310710032994,0.27238653886276076
5,28165,2023-02-18,2023,,横浜FC,名古屋,A,D,0.2962226587971704,0.3869137316419736,0.316863609560856
5,28166,2023-02-18,2023,,京都,鹿島,A,D,0.3002177862884854,0.39476616167304396,0.3050160520384706
5,28167,2023-02-18,2023,,C大阪,新潟,D,H,0.3528849786949044,0.2567880637541712,0.39032695755092434
5,28168,2023-02-18,2023,,神戸,福岡,H,A,0.44841012949671083,0.2411668032599953,0.3104230672432939
5,28169,2023-02-18,2023,,広島,札幌,D,D,0.28795188408232775,0.3673638206197132,0.3446842952979589
5,28170,2023-02-18,2023,,柏,G大阪,D,D,0.3635945987127454,0.37742828498354364,0.25897711630371106
5,28171,2023-02-18,2023,,鳥栖,湘南,A,D,0.280935517728824,0.5024265167540761,0.21663796551709985
5,28469,2023-02-18,2023,,甲府,山形,A,A,0.39103700043286194,0.30405907147813244,0.3049039280890055
5,28470,2023-02-18,2023,,いわきFC,藤枝MYFC,A,D,0.3387749813434251,0.3878444055769119,0.273380613079663
5,28471,2023-02-18,2023,,ザスパクサツ群馬,秋田,D,D,0.3345921858331127,0.4138474388904663,0.25156037527642106
5,28472,2023-02-18,2023,,清水,水戸,D,D,0.2878551079477883,0.4382986644618058,0.2738462275904059
5,28473,2023-02-18,2023,,磐田,岡山,A,D,0.2772455644370961,0.47306024150070064,0.24969419406220325
5,28474,2023-02-18,2023,,レノファ山口FC,大宮,H,D,0.328200899558812,0.35037896703603344,0.32142013340515463
5,28475,2023-02-18,2023,,V・ファーレン長崎,千葉,A,A,0.3860258323216117,0.3643991086203836,0.2495750590580047
5,28476,2023-02-19,2023,,東京V,ツエーゲン金沢,H,H,0.3188421221870577,0.302344179558744,0.3788136982541983
5,28477,2023-02-19,2023,,町田,仙台,D,H,0.30962553179569857,0.28815855859202016,0.4022159096122813
5,28478,2023-02-19,2023,,徳島,大分,A,D,0.31536140965592135,0.45799524235384964,0.226643347990229
5,28479,2023-02-19,2023,,栃木SC,熊本,D,D,0.21801829057411892,0.4342154199705456,0.34776628945533555
5,28172,2023-02-24,2023,,湘南,横浜FC,D,A,0.3947988238809942,0.3071026658715143,0.29809851024749145
5,28173,2023-02-25,2023,,横浜FM,浦和,H,H,0.31697394716530564,0.2825221620518137,0.4005038907828808
5,28174,2023-02-25,2023,,札幌,神戸,A,A,0.3567176163709679,0.3069486624460506,0.33633372118298144
5,28175,2023-02-25,2023,,G大阪,鳥栖,D,D,0.3062919261411353,0.38419898758735144,0.3095090862715134
5,28176,2023-02-25,2023,,福岡,C大阪,H,H,0.30905879666160746,0.3447809070169602,0.3461602963214324
5,28177,2023-02-25,2023,,鹿島,川崎F,A,A,0.4408160018813795,0.19413520773610662,0.3650487903825139
5,28178,2023-02-25,2023,,名古屋,京都,H,H,0.3430666889916374,0.30890429052749946,0.34802902048086326
5,28480,2023-02-25,2023,,甲府,徳島,D,H,0.2834300586522314,0.30656391746640554,0.41000602388136315
5,28481,2023-02-25,2023,,大宮,ツエーゲン金沢,H,H,0.27834974135367324,0.26987273654888466,0.4517775220974421
5,28482,2023-02-25,2023,,千葉,山形,A,H,0.3175121999778464,0.28544968835826817,0.3970381116638855
5,28483,2023-02-25,2023,,藤枝MYFC,V・ファーレン長崎,H,D,0.33104219282597724,0.3920939249786256,0.2768638821953971
5,28179,2023-02-26,2023,,広島,新潟,A,A,0.38174782696562665,0.24008645767313264,0.3781657153612406
5,28180,2023-02-26,2023,,柏,FC東京,D,H,0.3479097993397036,0.2450540059131227,0.40703619474717356
5,28484,2023-02-26,2023,,岡山,清水,D,A,0.35771379825343613,0.31054821606383953,0.3317379856827243
5,28485,2023-02-26,2023,,熊本,秋田,A,A,0.43262428412828885,0.27967339613436704,0.2877023197373441
5,28486,2023-02-26,2023,,仙台,栃木SC,H,A,0.3732224533908059,0.28113670524395923,0.345640841365235
5,28487,2023-02-26,2023,,レノファ山口FC,磐田,D,H,0.27450263468287667,0.3170318114777403,0.40846555383938304
5,28488,2023-02-26,2023,,町田,ザスパクサツ群馬,H,H,0.3060833395905683,0.294816711117644,0.3990999492917878
5,28489,2023-02-26,2023,,水戸,いわきFC,D,D,0.3001017720174116,0.40823766229714686,0.2916605656854415
5,28490,2023-02-26,2023,,大分,東京V,H,H,0.35839133431845166,0.2819729645443223,0.3596357011372261
5,28181,2023-03-03,2023,,横浜FM,広島,D,H,0.21960039989157015,0.2655851189216516,0.5148144811867783
5,28182,2023-03-04,2023,,川崎F,湘南,D,H,0.3119725985296657,0.3220304238602573,0.365996977610077
5,28183,2023-03-04,2023,,新潟,札幌,D,D,0.341653615679536,0.34500610807135784,0.31334027624910615
5,28184,2023-03-04,2023,,京都,FC東京,H,A,0.3725661645882505,0.34946704375721477,0.2779667916545348
5,28185,2023-03-04,2023,,浦和,C大阪,H,H,0.3126769023891731,0.32990990869574227,0.3574131889150845
5,28186,2023-03-04,2023,,福岡,柏,H,A,0.37737554995394323,0.33304839065600633,0.28957605939005054
5,28187,2023-03-04,2023,,鳥栖,名古屋,H,H,0.3304646218253432,0.2989839340195681,0.37055144415508867
5,28188,2023-03-04,2023,,横浜FC,鹿島,A,A,0.42056167860428495,0.3238269528192445,0.25561136857647054
5,28189,2023-03-04,2023,,神戸,G大阪,H,A,0.40836809927632645,0.2783057398906081,0.3133261608330655
5,28491,2023-03-04,2023,,磐田,山形,H,H,0.3331327221795532,0.3169262293880422,0.3499410484324045
5,28492,2023-03-04,2023,,藤枝MYFC,秋田,A,A,0.35393548410413683,0.34537516948940494,0.3006893464064583
5,28493,2023-03-04,2023,,徳島,仙台,D,H,0.37610285734246673,0.24302243402685825,0.38087470863067496
5,28494,2023-03-04,2023,,V・ファーレン長崎,清水,D,A,0.3368472281096205,0.33539586286097567,0.3277569090294038
5,28931,2023-03-04,2023,,SC相模原,ガイナーレ鳥取,A,H,0.33473323279955053,0.27844110681679685,0.3868256603836527
5,28932,2023-03-04,2023,,鹿児島ユナイテッドFC,FC大阪,H,D,0.3000221025391946,0.47564606594320535,0.22433183151760014
5,28933,2023-03-04,2023,,FC琉球,ヴァンラーレ八戸,H,A,0.35364756246949913,0.34378961969997013,0.30256281783053085
5,28495,2023-03-05,2023,,いわきFC,レノファ山口FC,A,A,0.3723207136368748,0.28550842945502325,0.342170856908102
5,28496,2023-03-05,2023,,熊本,大宮,H,A,0.37263009708370515,0.31676904789596944,0.3106008550203255
5,28497,2023-03-05,2023,,千葉,ザスパクサツ群馬,D,H,0.28231153453909696,0.3030086202446667,0.41467984521623635
5,28498,2023-03-05,2023,,東京V,甲府,D,D,0.3225403601419294,0.4201659690950284,0.2572936707630423
5,28499,2023-03-05,2023,,ツエーゲン金沢,町田,A,H,0.3183202375135026,0.31857162761828267,0.36310813486821486
5,28500,2023-03-05,2023,,大分,栃木SC,H,D,0.32257313775045804,0.34119470160975807,0.33623216063978373
5,28501,2023-03-05,2023,,水戸,岡山,D,A,0.41227649716429543,0.33488600360940146,0.25283749922630316
5,28934,2023-03-05,2023,,Y.S.C.C.横浜,富山,A,H,0.36460639820224106,0.2211985920350137,0.4141950097627451
5,28935,2023-03-05,2023,,奈良クラブ,松本山雅FC,A,H,0.20336199728387092,0.3961896561282804,0.40044834658784884
5,28936,2023-03-05,2023,,FC今治,福島ユナイテッドFC,H,D,0.35115430569891243,0.3771320262554285,0.27171366804565916
5,28937,2023-03-05,2023,,テゲバジャーロ宮崎,AC長野パルセイロ,A,A,0.3895099470580562,0.28711206265667805,0.32337799028526576
5,28938,2023-03-05,2023,,カマタマーレ讃岐,アスルクラロ沼津,H,A,0.35019891815094917,0.33088645693431873,0.318914624914732
5,28939,2023-03-05,2023,,ギラヴァンツ北九州,FC岐阜,D,D,0.32080239926727805,0.40291540209777693,0.27628219863494513
5,28940,2023-03-05,2023,,愛媛FC,いわてグルージャ盛岡,A,D,0.2976713544652073,0.41611283399620186,0.28621581153859077
5,28190,2023-03-11,2023,,新潟,川崎F,H,H,0.312421614722961,0.3313687421595206,0.3562096431175185
5,28191,2023-03-11,2023,,神戸,浦和,A,A,0.4033545094504679,0.22433673971865617,0.372308750830876
5,28502,2023-03-11,2023,,甲府,藤枝MYFC,H,A,0.3574711007703509,0.3257908144944894,0.3167380847351598
5,28503,2023-03-11,2023,,大宮,磐田,H,A,0.39016982508021797,0.29431943964225066,0.3155107352775313
5,28504,2023-03-11,2023,,レノファ山口FC,熊本,A,H,0.27956739067320585,0.3085139759696916,0.4119186333571025
5,28941,2023-03-11,2023,,Y.S.C.C.横浜,ガイナーレ鳥取,A,D,0.24840865253846275,0.3897712509532869,0.3618200965082503
5,28942,2023-03-11,2023,,鹿児島ユナイテッドFC,FC今治,D,H,0.33684685224118854,0.2704703673689282,0.3926827803898833
5,28943,2023-03-11,2023,,FC琉球,いわてグルージャ盛岡,H,A,0.41149530557689556,0.2513461625427343,0.33715853188037015
5,28192,2023-03-12,2023,,C大阪,鳥栖,H,H,0.3609628781417368,0.27806241305369944,0.36097470880456395
5,28193,2023-03-12,2023,,札幌,横浜FM,H,H,0.31845087585499754,0.2840475398913674,0.3975015842536351
5,28194,2023-03-12,2023,,鹿島,福岡,D,A,0.42591607013596466,0.2689915938176932,0.3050923360463422
5,28195,2023-03-12,2023,,柏,名古屋,A,H,0.3348331123485461,0.30258849805391813,0.36257838959753574
5,28196,2023-03-12,2023,,FC東京,横浜FC,H,H,0.3133345443236785,0.3254504218974464,0.3612150337788751
5,28197,2023-03-12,2023,,湘南,京都,A,A,0.35957754824046567,0.31381004320138245,0.32661240855815193
5,28198,2023-03-12,2023,,G大阪,広島,A,A,0.37212944591846703,0.3325246037653936,0.29534595031613947
5,28505,2023-03-12,2023,,仙台,いわきFC,A,A,0.4636694966654683,0.2637195744931184,0.27261092884141336
5,28506,2023-03-12,2023,,秋田,千葉,H,H,0.29728880304820055,0.297841735204123,0.40486946174767635
5,28507,2023-03-12,2023,,栃木SC,V・ファーレン長崎,D,H,0.29114365244199497,0.20480650455498176,0.5040498430030232
5,28508,2023-03-12,2023,,町田,水戸,H,H,0.30388611276101596,0.2739222052478601,0.42219168199112395
5,28509,2023-03-12,2023,,清水,大分,D,D,0.34659160376051706,0.35196844181053605,0.30143995442894683
5,28510,2023-03-12,2023,,岡山,ツエーゲン金沢,H,D,0.3097398198239387,0.3864661829538858,0.30379399722217554
5,28511,2023-03-12,2023,,徳島,東京V,A,A,0.4373032628897854,0.28857966869662294,0.2741170684135917
5,28512,2023-03-12,2023,,ザスパクサツ群馬,山形,H,H,0.282256218107292,0.23813628663631126,0.47960749525639657
5,28944,2023-03-12,2023,,奈良クラブ,ヴァンラーレ八戸,D,H,0.3305353415531684,0.30162601591775723,0.3678386425290744
5,28945,2023-03-12,2023,,テゲバジャーロ宮崎,FC大阪,A,D,0.30543405020322345,0.38222634115093307,0.3123396086458435
5,28946,2023-03-12,2023,,アスルクラロ沼津,富山,H,H,0.275603665107187,0.2205786790999107,0.5038176557929024
5,28947,2023-03-12,2023,,FC岐阜,松本山雅FC,D,D,0.3115287934007129,0.3587763303019713,0.32969487629731586
5,28948,2023-03-12,2023,,ギラヴァンツ北九州,カマタマーレ讃岐,H,H,0.3340059912454372,0.2791062044778796,0.3868878042766832
5,28949,2023-03-12,2023,,SC相模原,福島ユナイテッドFC,H,H,0.3124327167830485,0.323730673842926,0.3638366093740255
5,28950,2023-03-12,2023,,愛媛FC,AC長野パルセイロ,D,D,0.3193661101754598,0.35607463425753416,0.32455925556700616
5,28199,2023-03-18,2023,,横浜FM,鹿島,H,H,0.3195075057706571,0.32074204520727706,0.3597504490220657
5,28200,2023-03-18,2023,,横浜FC,京都,A,H,0.3151425954304811,0.3183185269186977,0.36653887765082127
5,28201,2023-03-18,2023,,名古屋,FC東京,D,A,0.36148311108434206,0.2984107459735599,0.3401061429420981
5,28202,2023-03-18,2023,,浦和,新潟,H,H,0.31035150388131205,0.3126288782579276,0.37701961786076027
5,28203,2023-03-18,2023,,G大阪,札幌,D,D,0.32832985136254716,0.3653984646131143,0.3062716840243386
5,28204,2023-03-18,2023,,鳥栖,神戸,A,A,0.35309010406424984,0.31624748632486205,0.3306624096108882
5,28205,2023-03-18,2023,,川崎F,C大阪,D,H,0.29910278032011495,0.33061690654353215,0.37028031313635285
5,28513,2023-03-18,2023,,磐田,清水,D,A,0.4215621555758974,0.24861832993050337,0.32981951449359936
5,28951,2023-03-18,2023,,アスルクラロ沼津,ヴァンラーレ八戸,A,H,0.2902553701647046,0.34922494510035496,0.36051968473494056
5,28952,2023-03-18,2023,,FC大阪,いわてグルージャ盛岡,A,H,0.2976075480898773,0.30645017192106244,0.3959422799890602
5,28953,2023-03-18,2023,,FC岐阜,鹿児島ユナイテッドFC,H,H,0.28473486310822194,0.31206504637819626,0.4032000905135817
5,28206,2023-03-19,2023,,広島,柏,H,H,0.34081623734940725,0.3070829688831363,0.3521007937674565
5,28207,2023-03-19,2023,,福岡,湘南,H,D,0.2550807199483304,0.375804602892814,0.3691146771588556
5,28514,2023-03-19,2023,,秋田,水戸,D,A,0.38563010544417853,0.32104566859090355,0.29332422596491803
5,28515,2023-03-19,2023,,山形,町田,A,A,0.40704497918886123,0.2885187858579584,0.30443623495318034
5,28516,2023-03-19,2023,,いわきFC,徳島,H,H,0.24782177929154264,0.3275528699777826,0.4246253507306748
5,28517,2023-03-19,2023,,栃木SC,大宮,H,H,0.40521261099250355,0.18320694482026162,0.4115804441872349
5,28518,2023-03-19,2023,,ザスパクサツ群馬,仙台,A,H,0.31904075329958403,0.25428494607001595,0.42667430063040007
5,28519,2023-03-19,2023,,ツエーゲン金沢,レノファ山口FC,H,H,0.3751621852194199,0.24501985807818283,0.3798179567023972
5,28520,2023-03-19,2023,,藤枝MYFC,東京V,A,D,0.34562045772108024,0.3845101708547637,0.2698693714241561
5,28521,2023-03-19,2023,,岡山,甲府,A,H,0.27237932294941886,0.27806074079226517,0.4495599362583159
5,28522,2023-03-19,2023,,熊本,V・ファーレン長崎,A,H,0.31478851360178994,0.25609239421400387,0.4291190921842063
5,28523,2023-03-19,2023,,大分,千葉,H,H,0.3193726856107909,0.3107869804289517,0.36984033396025745
5,28954,2023-03-19,2023,,福島ユナイテッドFC,テゲバジャーロ宮崎,A,D,0.31824126171744704,0.37190814045655324,0.3098505978259998
5,28955,2023-03-19,2023,,Y.S.C.C.横浜,松本山雅FC,A,A,0.38650523375111584,0.25776581222544165,0.35572895402344246
5,28956,2023-03-19,2023,,ガイナーレ鳥取,愛媛FC,A,H,0.37644542428509353,0.21628084149839108,0.40727373421651536
5,28957,2023-03-19,2023,,FC今治,FC琉球,D,A,0.36081304653163015,0.32446587028471635,0.31472108318365355
5,28958,2023-03-19,2023,,AC長野パルセイロ,奈良クラブ,A,A,0.38357165355296735,0.26833917535462537,0.3480891710924072
5,28959,2023-03-19,2023,,富山,ギラヴァンツ北九州,H,A,0.44166146975376813,0.20881955856180134,0.34951897168443063
5,28960,2023-03-19,2023,,カマタマーレ讃岐,SC相模原,H,D,0.2732886551297789,0.46469909904557904,0.26201224582464216
5,28524,2023-03-25,2023,,仙台,ツエーゲン金沢,A,A,0.41902958827542147,0.25200967644927563,0.3289607352753029
5,28525,2023-03-25,2023,,大宮,大分,H,H,0.3030829290660403,0.3015284664764061,0.39538860445755364
5,28526,2023-03-25,2023,,千葉,岡山,D,H,0.3494780812534894,0.2970848568195185,0.35343706192699215
5,28527,2023-03-25,2023,,徳島,秋田,D,A,0.4230549992914568,0.2870710324345928,0.2898739682739505
5,28528,2023-03-25,2023,,V・ファーレン長崎,山形,H,A,0.3927879916445697,0.3301521079804496,0.2770599003749806
5,28529,2023-03-25,2023,,東京V,熊本,H,H,0.32754445027581514,0.25073982070873757,0.4217157290154473
5,28961,2023-03-25,2023,,いわてグルージャ盛岡,アスルクラロ沼津,D,A,0.36584846704824825,0.2972790298666049,0.3368725030851468
5,28530,2023-03-26,2023,,いわきFC,町田,A,H,0.3268326833780413,0.3295156802069408,0.343651636415018
5,28531,2023-03-26,2023,,レノファ山口FC,藤枝MYFC,A,H,0.3060952921089802,0.2573177679753906,0.43658693991562925
5,28532,2023-03-26,2023,,水戸,甲府,A,A,0.40227853606669683,0.3236985690332158,0.2740228949000874
5,28962,2023-03-26,2023,,奈良クラブ,Y.S.C.C.横浜,D,H,0.26386344437592973,0.3107987081846535,0.4253378474394168
5,28963,2023-03-26,2023,,ガイナーレ鳥取,カマタマーレ讃岐,D,A,0.49582469683967373,0.20033919192222766,0.3038361112380986
5,28964,2023-03-26,2023,,鹿児島ユナイテッドFC,SC相模原,H,A,0.4210725711390006,0.24800101868831717,0.33092641017268226
5,28965,2023-03-26,2023,,ヴァンラーレ八戸,FC岐阜,H,A,0.39012423080283126,0.29885246576581886,0.3110233034313499
5,28966,2023-03-26,2023,,松本山雅FC,テゲバジャーロ宮崎,D,D,0.33492557677461016,0.3775075488335455,0.28756687439184436
5,28967,2023-03-26,2023,,富山,AC長野パルセイロ,D,H,0.3044310909773208,0.3236527272000828,0.37191618182259634
5,28968,2023-03-26,2023,,ギラヴァンツ北九州,FC今治,A,H,0.3009708408673655,0.29456882161728515,0.40446033751534943
5,28969,2023-03-26,2023,,愛媛FC,FC大阪,H,A,0.3489843413288068,0.3296470655933465,0.3213685930778467
5,28970,2023-03-26,2023,,FC琉球,福島ユナイテッドFC,A,H,0.32270823402776727,0.30400132607758606,0.37329043989464666
5,28533,2023-03-29,2023,,清水,ザスパクサツ群馬,A,A,0.4145700836292433,0.22907662930227832,0.35635328706847846
5,28534,2023-03-29,2023,,磐田,栃木SC,H,H,0.29296247688352084,0.3431714148691278,0.36386610824735144
6,28208,2023-03-31,2023,,柏,浦和,A,A,0.41660139998832724,0.2917097378196954,0.2916888621919775
6,28209,2023-04-01,2023,,横浜FC,福岡,D,D,0.3128553262116904,0.36325750207718405,0.3238871717111257
6,28210,2023-04-01,2023,,新潟,名古屋,A,H,0.32990327391850804,0.2910377681644454,0.37905895791704663
6,28211,2023-04-01,2023,,京都,神戸,A,H,0.27233010582874206,0.2672453944476192,0.46042449972363875
6,28212,2023-04-01,2023,,鹿島,広島,A,H,0.24022423487520161,0.3053856197240576,0.4543901454007408
6,28213,2023-04-01,2023,,湘南,G大阪,H,H,0.26667347737343255,0.1973948604236674,0.5359316622029001
6,28214,2023-04-01,2023,,鳥栖,FC東京,H,A,0.39388618506947587,0.3684492804718055,0.23766453445871866
6,28215,2023-04-01,2023,,C大阪,横浜FM,H,A,0.42162868169233153,0.2689704786644784,0.30940083964319004
6,28216,2023-04-01,2023,,札幌,川崎F,A,H,0.29280442455785166,0.32572711168543017,0.38146846375671817
6,28535,2023-04-01,2023,,甲府,清水,H,H,0.26766443687877295,0.2887949691508851,0.4435405939703419
6,28536,2023-04-01,2023,,仙台,V・ファーレン長崎,A,A,0.4123812461723745,0.2795569871878879,0.30806176663973767
6,28537,2023-04-01,2023,,秋田,レノファ山口FC,A,D,0.24912861525422106,0.38310523477898895,0.3677661499667899
6,28538,2023-04-01,2023,,大分,磐田,H,A,0.4498429072664256,0.1859773626002752,0.36417973013329913
6,28539,2023-04-01,2023,,東京V,大宮,H,H,0.2847898690186005,0.3391704555478412,0.3760396754335584
6,28971,2023-04-01,2023,,FC大阪,富山,A,A,0.37662366591826363,0.26399068020344635,0.35938565387829013
6,28972,2023-04-01,2023,,FC岐阜,FC琉球,H,H,0.3512728995948764,0.2384632351022265,0.41026386530289705
6,28540,2023-04-02,2023,,熊本,徳島,D,H,0.28345202855781365,0.27243924354137866,0.4441087279008077
6,28541,2023-04-02,2023,,山形,水戸,A,D,0.3544282300442483,0.3755589985384442,0.2700127714173075
6,28542,2023-04-02,2023,,栃木SC,ザスパクサツ群馬,A,H,0.3146369800098911,0.2619918187817471,0.42337120120836175
6,28543,2023-04-02,2023,,町田,藤枝MYFC,H,H,0.28457349781752284,0.3162069186353874,0.39921958354708975
6,28544,2023-04-02,2023,,ツエーゲン金沢,千葉,H,H,0.29235639832453575,0.30046330023555134,0.4071803014399129
6,28545,2023-04-02,2023,,岡山,いわきFC,D,A,0.4196046560217022,0.2769121574550914,0.3034831865232064
6,28973,2023-04-02,2023,,FC今治,奈良クラブ,D,D,0.3082899904060478,0.3762510493154209,0.31545896027853126
6,28974,2023-04-02,2023,,AC長野パルセイロ,Y.S.C.C.横浜,H,H,0.38537209996745087,0.20214927829966375,0.4124786217328854
6,28975,2023-04-02,2023,,ヴァンラーレ八戸,ギラヴァンツ北九州,D,H,0.30464114666173453,0.2316514078966552,0.46370744544161013
6,28976,2023-04-02,2023,,福島ユナイテッドFC,いわてグルージャ盛岡,A,H,0.27166020852893674,0.2522679248801063,0.476071866590957
6,28977,2023-04-02,2023,,SC相模原,アスルクラロ沼津,D,H,0.3235855100463404,0.2545391699416283,0.42187532001203126
6,28978,2023-04-02,2023,,松本山雅FC,ガイナーレ鳥取,D,D,0.3409504352469478,0.34941302437405586,0.3096365403789964
6,28979,2023-04-02,2023,,カマタマーレ讃岐,鹿児島ユナイテッドFC,H,D,0.3284342675229258,0.34470673772070076,0.3268589947563735
6,28980,2023-04-02,2023,,テゲバジャーロ宮崎,愛媛FC,D,H,0.27871781781695765,0.2887511366155715,0.432531045567471
6,28217,2023-04-08,2023,,横浜FM,横浜FC,H,D,0.3057645227327665,0.4041365049385933,0.2900989723286402
6,28546,2023-04-08,2023,,甲府,仙台,A,H,0.31317403659774035,0.24905347210398537,0.4377724912982743
6,28547,2023-04-08,2023,,いわきFC,大分,A,A,0.3370043663500784,0.3319644747976059,0.33103115885231577
6,28548,2023-04-08,2023,,ザスパクサツ群馬,V・ファーレン長崎,H,H,0.29049378940499326,0.3134418396310907,0.39606437096391606
6,28549,2023-04-08,2023,,大宮,山形,H,H,0.2598291623243253,0.29770063457034346,0.4424702031053313
6,28550,2023-04-08,2023,,千葉,徳島,D,H,0.27930481525895595,0.3130763990208038,0.4076187857202403
6,28551,2023-04-08,2023,,町田,秋田,A,D,0.332391593623399,0.3880268378738417,0.27958156850275934
6,28552,2023-04-08,2023,,清水,東京V,H,A,0.3637587615193887,0.3521677184303434,0.28407352005026776
6,28553,2023-04-08,2023,,藤枝MYFC,岡山,D,H,0.3538325169364932,0.27039460969587653,0.37577287336763027
6,28554,2023-04-08,2023,,レノファ山口FC,栃木SC,D,H,0.3017218624151059,0.3037212157460764,0.3945569218388176
6,28555,2023-04-08,2023,,水戸,磐田,A,H,0.31026080482213775,0.32710926739945767,0.3626299277784045
6,28981,2023-04-08,2023,,Y.S.C.C.横浜,鹿児島ユナイテッドFC,D,A,0.3802669080346663,0.3084764493993039,0.3112566425660298
6,28982,2023-04-08,2023,,いわてグルージャ盛岡,SC相模原,D,H,0.25040586271182735,0.32737788798811013,0.4222162493000626
6,28983,2023-04-08,2023,,アスルクラロ沼津,福島ユナイテッドFC,D,H,0.3095388939124091,0.3243946075687271,0.36606649851886375
6,28984,2023-04-08,2023,,愛媛FC,FC岐阜,H,H,0.3273217606776776,0.2623944651264695,0.41028377419585277
6,28985,2023-04-08,2023,,FC琉球,奈良クラブ,A,D,0.31297319136177537,0.35977959850157815,0.3272472101366464
6,28218,2023-04-09,2023,,C大阪,札幌,A,H,0.3350687769289874,0.3219171524922012,0.3430140705788115
6,28219,2023-04-09,2023,,神戸,新潟,D,H,0.2837016327070588,0.29386412120669547,0.4224342460862458
6,28220,2023-04-09,2023,,広島,鳥栖,H,A,0.3366805120832574,0.33475672020360936,0.3285627677131333
6,28221,2023-04-09,2023,,FC東京,湘南,D,D,0.3246188438627273,0.33959399386863737,0.33578716226863536
6,28222,2023-04-09,2023,,名古屋,浦和,D,H,0.30787243364670425,0.2909693989289632,0.4011581674243327
6,28223,2023-04-09,2023,,G大阪,川崎F,H,A,0.3440974378715258,0.3340580615741323,0.3218445005543418
6,28224,2023-04-09,2023,,福岡,京都,H,H,0.22764076265817135,0.33618532846147253,0.4361739088803562
6,28225,2023-04-09,2023,,柏,鹿島,H,A,0.4250066853638879,0.29601025242873646,0.2789830622073756
6,28556,2023-04-09,2023,,熊本,ツエーゲン金沢,H,H,0.33061442588217604,0.2662528784405818,0.4031326956772422
6,28986,2023-04-09,2023,,FC大阪,FC今治,H,H,0.28799554611419625,0.3477045772885425,0.3642998765972612
6,28987,2023-04-09,2023,,ガイナーレ鳥取,ヴァンラーレ八戸,D,D,0.28002605977623685,0.37502088470781014,0.34495305551595307
6,28988,2023-04-09,2023,,AC長野パルセイロ,カマタマーレ讃岐,H,D,0.35364925285202853,0.3538535527878743,0.29249719436009725
6,28989,2023-04-09,2023,,富山,テゲバジャーロ宮崎,H,D,0.3260191343976843,0.34137801523245176,0.33260285036986387
6,28990,2023-04-09,2023,,ギラヴァンツ北九州,松本山雅FC,A,H,0.2715783810205825,0.2280377547957228,0.5003838641836946
6,28557,2023-04-12,2023,,栃木SC,山形,H,H,0.3230764327920791,0.3293822112746228,0.3475413559332982
6,28558,2023-04-12,2023,,大宮,ザスパクサツ群馬,A,A,0.39976602792512145,0.3041959416393334,0.2960380304355452
6,28559,2023-04-12,2023,,東京V,秋田,H,A,0.3552062869321324,0.3024780374438029,0.3423156756240646
6,28560,2023-04-12,2023,,ツエーゲン金沢,いわきFC,H,A,0.4272958968995753,0.1868496818492042,0.3858544212512205
6,28561,2023-04-12,2023,,清水,仙台,D,H,0.33687713538115005,0.2793720095435259,0.38375085507532397
6,28562,2023-04-12,2023,,磐田,町田,D,A,0.34211935320621106,0.3325180271321678,0.3253626196616212
6,28563,2023-04-12,2023,,藤枝MYFC,千葉,H,A,0.35892069218067635,0.34488097380642735,0.2961983340128963
6,28564,2023-04-12,2023,,岡山,熊本,D,H,0.300512976514299,0.2783160795814161,0.42117094390428494
6,28565,2023-04-12,2023,,徳島,水戸,A,H,0.3062580614713739,0.3074287452436722,0.3863131932849539
6,28566,2023-04-12,2023,,V・ファーレン長崎,甲府,H,A,0.3905052208655032,0.3601929172455396,0.2493018618889572
6,28567,2023-04-12,2023,,大分,レノファ山口FC,H,A,0.37537558233269686,0.25828772426801117,0.366336693399292
6,28226,2023-04-15,2023,,横浜FC,広島,A,A,0.3564260970991563,0.3260640165236672,0.3175098863771766
6,28227,2023-04-15,2023,,浦和,札幌,H,H,0.3127649015458826,0.32462450947201155,0.36261058898210585
6,28228,2023-04-15,2023,,川崎F,名古屋,A,H,0.333714291968935,0.2946809587395178,0.3716047492915471
6,28229,2023-04-15,2023,,湘南,横浜FM,D,H,0.39002004290523984,0.20029544858678852,0.40968450850797167
6,28230,2023-04-15,2023,,鳥栖,柏,D,A,0.37882308483067634,0.3223855003169287,0.298791414852395
6,28231,2023-04-15,2023,,鹿島,神戸,A,A,0.41872053155879807,0.24363300710120542,0.33764646133999643
6,28232,2023-04-15,2023,,FC東京,C大阪,A,H,0.3400446311219831,0.21552486158928053,0.44443050728873634
6,28233,2023-04-15,2023,,京都,G大阪,H,H,0.3700135423260811,0.24959638406039691,0.3803900736135221
6,28234,2023-04-15,2023,,新潟,福岡,H,D,0.33238700163242674,0.35604497104843974,0.31156802731913347
6,28991,2023-04-15,2023,,福島ユナイテッドFC,ガイナーレ鳥取,D,D,0.3398883288073053,0.3501866477435074,0.3099250234491873
6,28992,2023-04-15,2023,,SC相模原,AC長野パルセイロ,A,H,0.32964505948958367,0.3201746547205233,0.3501802857898931
6,28993,2023-04-15,2023,,FC琉球,ギラヴァンツ北九州,H,A,0.3456937344028263,0.32901136534827624,0.3252949002488974
6,28568,2023-04-16,2023,,甲府,栃木SC,H,A,0.3896172429850927,0.24452364063616844,0.36585911637873875
6,28569,2023-04-16,2023,,仙台,岡山,D,H,0.26382424949302125,0.2907034785493974,0.4454722719575814
6,28570,2023-04-16,2023,,秋田,大宮,H,A,0.38347757457921755,0.32268349803335744,0.2938389273874251
6,28571,2023-04-16,2023,,山形,ツエーゲン金沢,A,A,0.3686531949974177,0.28507854965351054,0.34626825534907163
6,28572,2023-04-16,2023,,いわきFC,ザスパクサツ群馬,H,D,0.30830651310923063,0.37899114737333983,0.31270233951742943
6,28573,2023-04-16,2023,,千葉,東京V,H,A,0.35667601816693084,0.3256439694322918,0.3176800124007774
6,28574,2023-04-16,2023,,町田,大分,H,D,0.2897684057393735,0.38743463728191,0.3227969569787165
6,28575,2023-04-16,2023,,レノファ山口FC,清水,A,A,0.36618348961991587,0.29805838430867737,0.3357581260714067
6,28576,2023-04-16,2023,,徳島,V・ファーレン長崎,A,D,0.27261902999958704,0.4579996350690929,0.2693813349313199
6,28577,2023-04-16,2023,,水戸,藤枝MYFC,A,H,0.3360135148533291,0.27158105042054975,0.3924054347261213
6,28578,2023-04-16,2023,,磐田,熊本,D,H,0.296739017509343,0.29494552965036497,0.4083154528402921
6,28994,2023-04-16,2023,,奈良クラブ,いわてグルージャ盛岡,H,H,0.334419114300447,0.2979748555154413,0.36760603018411164
6,28995,2023-04-16,2023,,FC今治,富山,H,H,0.317273685119732,0.3169967571697579,0.3657295577105102
6,28996,2023-04-16,2023,,鹿児島ユナイテッドFC,テゲバジャーロ宮崎,D,H,0.34981064894161834,0.2968815833887692,0.3533077676696124
6,28997,2023-04-16,2023,,ヴァンラーレ八戸,Y.S.C.C.横浜,D,A,0.37902737663066394,0.3271920139738695,0.2937806093954665
6,28998,2023-04-16,2023,,松本山雅FC,アスルクラロ沼津,A,H,0.33603301530182916,0.2939342259367711,0.37003275876139985
6,28999,2023-04-16,2023,,FC岐阜,FC大阪,A,A,0.34881156606709524,0.30323937115271526,0.34794906278018956
6,29000,2023-04-16,2023,,カマタマーレ讃岐,愛媛FC,D,D,0.258022789571571,0.45592696996879256,0.28605024045963645
6,28579,2023-04-21,2023,,熊本,千葉,D,D,0.3263459202479938,0.35585535215086456,0.3177987276011416
6,28235,2023-04-22,2023,,広島,FC東京,A,A,0.3837342907852288,0.26931947693687924,0.3469462322778919
6,28236,2023-04-22,2023,,神戸,横浜FM,A,H,0.33338440365389993,0.24210242102919188,0.4245131753169082
6,28580,2023-04-22,2023,,大宮,清水,A,H,0.27771636399200406,0.30755128863678355,0.41473234737121245
6,28581,2023-04-22,2023,,甲府,町田,H,H,0.27898164768640454,0.17759484843319487,0.5434235038804007
6,28582,2023-04-22,2023,,岡山,レノファ山口FC,D,H,0.24970008150780332,0.2981421516827162,0.4521577668094805
6,28583,2023-04-22,2023,,V・ファーレン長崎,秋田,H,A,0.35633513009837814,0.3068525203691214,0.33681234953250044
6,28584,2023-04-22,2023,,東京V,山形,A,D,0.3322865072054701,0.34108797442849065,0.32662551836603937
6,28237,2023-04-23,2023,,札幌,福岡,D,A,0.36065890094708186,0.2948320674169889,0.3445090316359292
6,28238,2023-04-23,2023,,新潟,鹿島,A,A,0.3620389316878162,0.34399662916147,0.2939644391507138
6,28239,2023-04-23,2023,,京都,鳥栖,A,H,0.21791321814597567,0.2737640045516455,0.5083227773023788
6,28240,2023-04-23,2023,,C大阪,柏,H,H,0.3066073266512677,0.275126667409343,0.41826600593938923
6,28241,2023-04-23,2023,,名古屋,湘南,D,H,0.27909951679473705,0.32865691261166863,0.3922435705935943
6,28242,2023-04-23,2023,,川崎F,浦和,D,H,0.3258715162436859,0.24888839004978686,0.4252400937065273
6,28243,2023-04-23,2023,,G大阪,横浜FC,D,H,0.3044395324765044,0.2602003592610126,0.435360108262483
6,28585,2023-04-23,2023,,栃木SC,いわきFC,H,A,0.44246354114229397,0.26106510157442075,0.29647135728328533
6,28586,2023-04-23,2023,,ザスパクサツ群馬,徳島,D,H,0.2960352687223189,0.3180871891082385,0.3858775421694425
6,28587,2023-04-23,2023,,ツエーゲン金沢,磐田,A,H,0.34813726585646243,0.26020541595250773,0.3916573181910299
6,28588,2023-04-23,2023,,藤枝MYFC,仙台,H,H,0.2928826078145268,0.2652883580366634,0.44182903414880986
6,28589,2023-04-23,2023,,大分,水戸,A,H,0.2902286148325781,0.29810620761095263,0.4116651775564692
6,28244,2023-04-29,2023,,横浜FC,札幌,A,H,0.3286697187299544,0.3065584406310699,0.36477184063897583
6,28245,2023-04-29,2023,,C大阪,広島,A,A,0.37875314811506716,0.24261456517965008,0.37863228670528287
6,28246,2023-04-29,2023,,神戸,湘南,H,H,0.2638709964579336,0.34465472086517,0.39147428267689627
6,28247,2023-04-29,2023,,柏,京都,D,H,0.3423023428131207,0.31163606910398906,0.3460615880828903
6,28248,2023-04-29,2023,,FC東京,新潟,H,H,0.28691015279025905,0.33021698182201226,0.38287286538772874
6,28249,2023-04-29,2023,,横浜FM,名古屋,D,H,0.37286069630595087,0.23893245703249716,0.388206846661552
6,28250,2023-04-29,2023,,福岡,川崎F,A,D,0.25118786359556006,0.38379416570536773,0.3650179706990722
6,28251,2023-04-29,2023,,鹿島,G大阪,H,D,0.3062561225379743,0.3748477057527403,0.31889617170928536
6,28590,2023-04-29,2023,,仙台,大分,H,H,0.2734728191992822,0.2848277917250682,0.4416993890756497
6,28591,2023-04-29,2023,,秋田,岡山,A,D,0.31863462804480314,0.35747638597320625,0.3238889859819906
6,28592,2023-04-29,2023,,山形,レノファ山口FC,D,A,0.35506619285192625,0.3124089431420044,0.33252486400606934
6,28593,2023-04-29,2023,,いわきFC,V・ファーレン長崎,A,D,0.2724275695479115,0.4168569025988184,0.31071552785327006
6,28594,2023-04-29,2023,,ザスパクサツ群馬,甲府,H,A,0.33949668046526965,0.3383022617743987,0.3222010577603316
6,28595,2023-04-29,2023,,町田,熊本,H,A,0.39204085033770725,0.2246421802547472,0.38331696940754556
6,28596,2023-04-29,2023,,清水,栃木SC,H,A,0.36275143428100864,0.3138247786669305,0.3234237870520607
6,28597,2023-04-29,2023,,磐田,徳島,A,H,0.3207147756010324,0.29574289208280624,0.38354233231616147
6,28598,2023-04-29,2023,,千葉,大宮,H,D,0.3017722097905274,0.3781231897377772,0.32010460047169553
6,28599,2023-04-29,2023,,水戸,東京V,A,H,0.2870524984785912,0.24449187552769663,0.46845562599371227
6,29001,2023-04-29,2023,,FC大阪,アスルクラロ沼津,A,A,0.34013837189529683,0.33106600944963993,0.3287956186550633
6,29002,2023-04-29,2023,,ガイナーレ鳥取,奈良クラブ,A,H,0.2943642921523001,0.29248887985261,0.41314682799509
6,29003,2023-04-29,2023,,いわてグルージャ盛岡,鹿児島ユナイテッドFC,A,H,0.3373611165361855,0.28974257918197993,0.3728963042818345
6,29004,2023-04-29,2023,,富山,松本山雅FC,H,H,0.3540007670658266,0.2479443269170786,0.39805490601709487
6,29005,2023-04-29,2023,,カマタマーレ讃岐,ヴァンラーレ八戸,A,A,0.36951282937092383,0.2856404801006643,0.344846690528412
6,29006,2023-04-29,2023,,ギラヴァンツ北九州,SC相模原,D,H,0.3049706986735875,0.3227237379406184,0.37230556338579407
6,29007,2023-04-29,2023,,愛媛FC,FC琉球,H,H,0.2877158388189404,0.288823676920029,0.4234604842610306
6,28600,2023-04-30,2023,,ツエーゲン金沢,藤枝MYFC,D,A,0.3645616535378914,0.27302498021172394,0.3624133662503848
6,29008,2023-04-30,2023,,Y.S.C.C.横浜,FC今治,H,H,0.29432118307371824,0.31402337610475695,0.39165544082152476
6,29009,2023-04-30,2023,,テゲバジャーロ宮崎,FC岐阜,H,H,0.31101124454245443,0.31970483974291736,0.3692839157146282
6,29010,2023-04-30,2023,,AC長野パルセイロ,福島ユナイテッドFC,A,H,0.31113820511669477,0.27621317633210407,0.4126486185512012
6,28253,2023-05-03,2023,,札幌,鹿島,A,A,0.41660656536218205,0.2442564719150671,0.3391369627227509
6,28254,2023-05-03,2023,,京都,川崎F,A,H,0.2745751321823993,0.27986505550359686,0.44555981231400393
6,28255,2023-05-03,2023,,G大阪,C大阪,A,D,0.3283994849897767,0.3471880017757349,0.3244125132344885
6,28256,2023-05-03,2023,,名古屋,神戸,D,H,0.3089572949867722,0.288581705619845,0.4024609993933829
6,28257,2023-05-03,2023,,福岡,FC東京,H,H,0.3391296034338879,0.28548408801603725,0.3753863085500748
6,28258,2023-05-03,2023,,鳥栖,横浜FM,A,H,0.29615733956708395,0.2904039141378995,0.41343874629501653
6,28259,2023-05-03,2023,,横浜FC,新潟,H,A,0.40461651756308675,0.22059313813996093,0.37479034429695224
6,28261,2023-05-03,2023,,湘南,柏,A,A,0.3726916635375615,0.2555122595955282,0.3717960768669103
6,28601,2023-05-03,2023,,熊本,ザスパクサツ群馬,H,A,0.34444008181214036,0.3226345939891174,0.3329253241987422
6,28602,2023-05-03,2023,,仙台,秋田,D,H,0.24701771611199796,0.33578812128794644,0.41719416260005565
6,28603,2023-05-03,2023,,大宮,町田,A,A,0.39574057054505585,0.2548119436693804,0.3494474857855637
6,28604,2023-05-03,2023,,甲府,いわきFC,H,H,0.31294170217534917,0.30334584281184845,0.3837124550128024
6,28605,2023-05-03,2023,,藤枝MYFC,大分,A,D,0.27064267974728573,0.41442739726903266,0.31492992298368155
6,28606,2023-05-03,2023,,岡山,山形,H,A,0.4052943418327667,0.22907261492463532,0.3656330432425981
6,28607,2023-05-03,2023,,レノファ山口FC,千葉,D,D,0.33712328076437276,0.3372582330774057,0.32561848615822164
6,28608,2023-05-03,2023,,徳島,清水,D,D,0.3342370717563844,0.34504012031267267,0.3207228079309431
6,28609,2023-05-03,2023,,V・ファーレン長崎,水戸,H,A,0.37658473075295074,0.34885271338580587,0.27456255586124345
6,28610,2023-05-03,2023,,栃木SC,ツエーゲン金沢,H,A,0.49236675882902875,0.16978105538049434,0.3378521857904769
6,28611,2023-05-03,2023,,東京V,磐田,D,H,0.258932586266558,0.2713485484648715,0.4697188652685704
6,29011,2023-05-03,2023,,奈良クラブ,テゲバジャーロ宮崎,H,A,0.38488209960999525,0.27731183110159124,0.3378060692884136
6,29012,2023-05-03,2023,,福島ユナイテッドFC,カマタマーレ讃岐,D,H,0.2559903368223227,0.2932204687877486,0.45078919438992876
6,29013,2023-05-03,2023,,いわてグルージャ盛岡,AC長野パルセイロ,A,H,0.22725270454835605,0.2840694219047195,0.48867787354692444
6,29014,2023-05-03,2023,,アスルクラロ沼津,愛媛FC,A,H,0.2111162544672937,0.38303535863580856,0.4058483868968978
6,29015,2023-05-03,2023,,FC岐阜,Y.S.C.C.横浜,A,A,0.3427302758926509,0.32377962598577814,0.33349009812157104
6,29016,2023-05-03,2023,,松本山雅FC,FC大阪,H,A,0.3342353034219731,0.3317878639563361,0.333976832621691
6,29017,2023-05-03,2023,,FC琉球,ガイナーレ鳥取,A,A,0.3853859491430715,0.28939814908366085,0.32521590177326765
6,29018,2023-05-04,2023,,ヴァンラーレ八戸,FC今治,A,H,0.2794789862520284,0.3105445254576286,0.40997648829034306
6,29019,2023-05-04,2023,,SC相模原,富山,D,D,0.305287439008396,0.3812636407010537,0.31344892029055027
6,29020,2023-05-04,2023,,鹿児島ユナイテッドFC,ギラヴァンツ北九州,H,D,0.27061676926868095,0.45702703332321126,0.2723561974081079
6,28262,2023-05-06,2023,,札幌,FC東京,H,A,0.351096787505347,0.30722466843776497,0.34167854405688813
6,28263,2023-05-06,2023,,名古屋,G大阪,H,A,0.35236625408872724,0.3332897002651292,0.3143440456461436
6,28264,2023-05-07,2023,,広島,福岡,H,H,0.3344373259228594,0.28326907319524186,0.3822936008818988
6,28265,2023-05-07,2023,,横浜FM,京都,H,H,0.33487539644774894,0.27769721912835515,0.3874273844238959
6,28266,2023-05-07,2023,,新潟,柏,D,A,0.44083883891329606,0.24505598085778202,0.31410518022892187
6,28267,2023-05-07,2023,,C大阪,鹿島,A,H,0.2558111408364344,0.31010863441128744,0.4340802247522781
6,28268,2023-05-07,2023,,神戸,横浜FC,H,H,0.27970129669493055,0.3370554417393196,0.3832432615657498
6,28269,2023-05-07,2023,,川崎F,鳥栖,H,H,0.32661757891403903,0.24315835934814514,0.43022406173781585
6,28612,2023-05-07,2023,,熊本,甲府,H,H,0.29424834269168326,0.3495908463528225,0.35616081095549423
6,28613,2023-05-07,2023,,秋田,栃木SC,H,H,0.3154003458252689,0.28641260380004085,0.3981870503746902
6,28614,2023-05-07,2023,,山形,藤枝MYFC,H,H,0.31780998023039353,0.3094306691291553,0.37275935064045124
6,28615,2023-05-07,2023,,ザスパクサツ群馬,レノファ山口FC,H,A,0.4084371501724101,0.2158281657154555,0.3757346841121344
6,28616,2023-05-07,2023,,大宮,徳島,A,H,0.3267386908313908,0.24813893252815586,0.4251223766404535
6,28617,2023-05-07,2023,,町田,岡山,D,H,0.34408611001135264,0.1998392321844289,0.4560746578042184
6,28618,2023-05-07,2023,,清水,いわきFC,H,A,0.45157326842325274,0.20228917600724766,0.3461375555694997
6,28619,2023-05-07,2023,,V・ファーレン長崎,東京V,A,A,0.38958048479334595,0.24533982971940918,0.3650796854872448
6,28620,2023-05-07,2023,,大分,ツエーゲン金沢,H,H,0.3444013712018443,0.2850409935089106,0.3705576352892451
6,28621,2023-05-07,2023,,水戸,仙台,H,H,0.36501363970132733,0.2694843056620545,0.36550205463661817
6,28622,2023-05-07,2023,,千葉,磐田,A,D,0.35314492536310926,0.3882037812809515,0.2586512933559392
6,28252,2023-05-10,2023,,浦和,鳥栖,A,H,0.34195384813960455,0.2824535711675785,0.3755925806928168
6,28271,2023-05-12,2023,,FC東京,川崎F,H,A,0.38569193362858095,0.2875623181357475,0.3267457482356715
6,28272,2023-05-13,2023,,神戸,広島,H,H,0.2902080454273495,0.29720201834567367,0.4125899362269768
6,28273,2023-05-13,2023,,湘南,札幌,A,H,0.2871101142115771,0.2940080535407582,0.4188818322476648
6,28274,2023-05-13,2023,,柏,横浜FC,A,H,0.32035117957772213,0.26763770070039333,0.4120111197218846
6,28623,2023-05-13,2023,,岡山,大宮,D,D,0.3092037627893451,0.39443571557229906,0.2963605216383558
6,28624,2023-05-13,2023,,レノファ山口FC,徳島,D,H,0.3629840304965596,0.2717993010865016,0.36521666841693873
6,28625,2023-05-13,2023,,甲府,千葉,A,H,0.3614123431682274,0.247723110377411,0.3908645464543616
6,28626,2023-05-13,2023,,ツエーゲン金沢,V・ファーレン長崎,H,D,0.2866834958239272,0.3943713237208772,0.3189451804551957
6,28627,2023-05-13,2023,,清水,藤枝MYFC,H,H,0.3131468060564006,0.2787818889669355,0.40807130497666394
6,28628,2023-05-13,2023,,磐田,ザスパクサツ群馬,H,D,0.3324202917925287,0.3557499026316617,0.31182980557580964
6,28629,2023-05-13,2023,,東京V,町田,A,A,0.3682511466181058,0.2768120466753032,0.354936806706591
6,28630,2023-05-13,2023,,水戸,栃木SC,D,H,0.284778623197636,0.35295270194806255,0.3622686748543016
6,28631,2023-05-13,2023,,大分,熊本,D,A,0.3594999680154109,0.3044170400307579,0.336082991953831
6,28632,2023-05-13,2023,,仙台,山形,H,H,0.34659316122430517,0.25913609125300563,0.3942707475226892
6,29021,2023-05-13,2023,,Y.S.C.C.横浜,SC相模原,D,H,0.2834975816725343,0.30460754022813974,0.41189487809932585
6,29022,2023-05-13,2023,,奈良クラブ,FC大阪,A,H,0.2853065335499056,0.2715757803144048,0.4431176861356895
6,29023,2023-05-13,2023,,AC長野パルセイロ,松本山雅FC,H,A,0.43519607890108364,0.2791368583433482,0.2856670627555681
6,28275,2023-05-14,2023,,鹿島,名古屋,H,H,0.34594126468190783,0.2881897064719507,0.3658690288461416
6,28276,2023-05-14,2023,,京都,C大阪,A,A,0.4398399301246942,0.1840304335274475,0.37612963634785823
6,28277,2023-05-14,2023,,福岡,鳥栖,D,H,0.281595498383303,0.3166152710239505,0.40178923059274657
6,28278,2023-05-14,2023,,新潟,横浜FM,H,H,0.3167975786104408,0.3025831215517794,0.3806192998377797
6,28279,2023-05-14,2023,,浦和,G大阪,H,A,0.3697193511882525,0.276444765120105,0.3538358836916424
6,28633,2023-05-14,2023,,いわきFC,秋田,A,D,0.335328354579281,0.35967051123743704,0.30500113418328206
6,29024,2023-05-14,2023,,ガイナーレ鳥取,アスルクラロ沼津,D,A,0.42899353929290596,0.28365420141843023,0.2873522592886638
6,29025,2023-05-14,2023,,ヴァンラーレ八戸,いわてグルージャ盛岡,A,A,0.3853782681819945,0.2731315106559163,0.34149022116208916
6,29026,2023-05-14,2023,,FC今治,愛媛FC,D,H,0.27461367668780134,0.2764378962043534,0.4489484271078453
6,29027,2023-05-14,2023,,鹿児島ユナイテッドFC,FC琉球,H,H,0.2708527704034886,0.3314089957920355,0.39773823380447604
6,29028,2023-05-14,2023,,富山,福島ユナイテッドFC,H,A,0.38729490750212475,0.28230378744128365,0.3304013050565916
6,29029,2023-05-14,2023,,カマタマーレ讃岐,FC岐阜,A,A,0.3927312836099445,0.3081035117722287,0.29916520461782675
6,29030,2023-05-14,2023,,ギラヴァンツ北九州,テゲバジャーロ宮崎,A,H,0.33629471736955485,0.2612080776801445,0.40249720495030056
6,28634,2023-05-17,2023,,山形,大分,H,H,0.24314141654931679,0.36595613789333276,0.3909024455573504
6,28635,2023-05-17,2023,,秋田,甲府,A,H,0.30913483559497745,0.33899669661325393,0.3518684677917686
6,28636,2023-05-17,2023,,いわきFC,大宮,H,D,0.3184794760779758,0.3841045316608854,0.29741599226113885
6,28637,2023-05-17,2023,,栃木SC,東京V,A,A,0.42236409201304426,0.3099038013901707,0.26773210659678515
6,28638,2023-05-17,2023,,ザスパクサツ群馬,水戸,H,H,0.34034224365165666,0.3049232641477137,0.3547344922006298
6,28639,2023-05-17,2023,,千葉,清水,H,H,0.3160959876264236,0.28771897753313125,0.39618503484044515
6,28640,2023-05-17,2023,,町田,レノファ山口FC,H,H,0.32833094860177486,0.3281533799565564,0.3435156714416688
6,28641,2023-05-17,2023,,藤枝MYFC,磐田,A,A,0.4441341674289721,0.2228824225579858,0.332983410013042
6,28642,2023-05-17,2023,,徳島,ツエーゲン金沢,H,A,0.3786113718981081,0.356904836756435,0.26448379134545696
6,28643,2023-05-17,2023,,V・ファーレン長崎,岡山,D,A,0.4015073106099293,0.30677118144195975,0.2917215079481109
6,28644,2023-05-17,2023,,熊本,仙台,A,H,0.2788950343753605,0.31063518498614406,0.4104697806384955
6,28280,2023-05-19,2023,,札幌,京都,H,H,0.27964047624239396,0.20674631432291532,0.5136132094346907
6,28281,2023-05-20,2023,,福岡,浦和,D,H,0.3026257205537477,0.2732816277982801,0.4240926516479723
6,28282,2023-05-20,2023,,鹿島,FC東京,D,H,0.3508757545085523,0.2373060290249196,0.41181821646652805
6,28283,2023-05-20,2023,,湘南,C大阪,A,A,0.3829458072357907,0.3072569227783183,0.30979726998589097
6,28284,2023-05-20,2023,,名古屋,広島,H,A,0.36176772116761885,0.29600710650571577,0.34222517232666533
6,28285,2023-05-20,2023,,柏,神戸,D,A,0.4515999057471541,0.19518241604390663,0.35321767820893923
6,28286,2023-05-20,2023,,鳥栖,新潟,H,H,0.27994378168911394,0.2691961569491666,0.45086006136171947
6,28287,2023-05-20,2023,,G大阪,横浜FM,A,A,0.37510353400914254,0.3190647853985199,0.3058316805923376
6,28288,2023-05-20,2023,,横浜FC,川崎F,H,D,0.3500461758089496,0.3860795916545384,0.2638742325365119
6,28645,2023-05-21,2023,,山形,秋田,H,H,0.34138241400486535,0.24832357403890845,0.4102940119562263
6,28646,2023-05-21,2023,,大宮,仙台,D,H,0.30825517280897924,0.21536176682131894,0.47638306036970185
6,28647,2023-05-21,2023,,千葉,栃木SC,H,H,0.2862511783548153,0.34158486910113284,0.3721639525440518
6,28648,2023-05-21,2023,,町田,清水,H,D,0.31191683515807567,0.34798441626942755,0.34009874857249667
6,28649,2023-05-21,2023,,ツエーゲン金沢,甲府,A,H,0.33556172455795436,0.32295081615652443,0.3414874592855212
6,28650,2023-05-21,2023,,藤枝MYFC,徳島,H,H,0.3234312083312414,0.2564161607429625,0.42015263092579613
6,28651,2023-05-21,2023,,レノファ山口FC,東京V,A,H,0.2731643200355102,0.3571285431575459,0.369707136806944
6,28652,2023-05-21,2023,,大分,V・ファーレン長崎,D,A,0.38906294025954313,0.22973086126795558,0.3812061984725013
6,28653,2023-05-21,2023,,水戸,熊本,A,H,0.3240570268986311,0.3340756310648323,0.34186734203653674
6,28654,2023-05-21,2023,,磐田,いわきFC,D,A,0.4472513804227273,0.28107308346153487,0.2716755361157379
6,28655,2023-05-21,2023,,岡山,ザスパクサツ群馬,H,A,0.40733515409660226,0.30842668130819395,0.28423816459520374
6,28289,2023-05-27,2023,,札幌,名古屋,A,H,0.34416789470331033,0.23959936821909184,0.4162327370775978
6,28290,2023-05-27,2023,,神戸,FC東京,H,A,0.3769006661717137,0.29123208955769375,0.3318672442705926
6,28291,2023-05-27,2023,,広島,湘南,H,A,0.39265990994931366,0.33218131481538443,0.2751587752353021
6,28292,2023-05-27,2023,,鳥栖,鹿島,D,A,0.41143074455406053,0.23135617355834664,0.3572130818875927
6,28293,2023-05-27,2023,,京都,浦和,A,D,0.35168449029995796,0.3554746815190386,0.2928408281810035
6,28656,2023-05-27,2023,,甲府,大宮,H,H,0.26291323203915706,0.3654297484309685,0.3716570195298745
6,28657,2023-05-27,2023,,V・ファーレン長崎,磐田,H,D,0.3214055487852366,0.34993295912330197,0.32866149209146156
6,29031,2023-05-27,2023,,Y.S.C.C.横浜,ギラヴァンツ北九州,H,H,0.30848792325980856,0.31422323640679456,0.377288840333397
6,29032,2023-05-27,2023,,FC大阪,ヴァンラーレ八戸,A,D,0.24879799328490848,0.4260354944286839,0.3251665122864077
6,29033,2023-05-27,2023,,カマタマーレ讃岐,奈良クラブ,D,H,0.28892812825380737,0.33724870377274535,0.3738231679734473
6,29034,2023-05-27,2023,,愛媛FC,福島ユナイテッドFC,A,H,0.24790268733171505,0.24374997165865903,0.508347341009626
6,28294,2023-05-28,2023,,横浜FM,福岡,H,A,0.38242276065893904,0.27145575502836544,0.3461214843126955
6,28295,2023-05-28,2023,,新潟,G大阪,A,A,0.3703031243659278,0.28579964835423494,0.3438972272798372
6,28296,2023-05-28,2023,,C大阪,横浜FC,H,H,0.26510928586541,0.3657763040930988,0.3691144100414911
6,28297,2023-05-28,2023,,川崎F,柏,H,H,0.307026160762543,0.23037309909943277,0.46260074013802427
6,28658,2023-05-28,2023,,仙台,千葉,H,H,0.3252368326060659,0.332292297137641,0.34247087025629297
6,28659,2023-05-28,2023,,秋田,大分,D,H,0.33414223050734926,0.23361218504486975,0.432245584447781
6,28660,2023-05-28,2023,,栃木SC,岡山,H,A,0.37250579498529196,0.31096461594845026,0.3165295890662578
6,28661,2023-05-28,2023,,ザスパクサツ群馬,藤枝MYFC,D,A,0.351858343454383,0.31921303841362636,0.3289286181319907
6,28662,2023-05-28,2023,,東京V,いわきFC,D,A,0.36782821508617397,0.29870912448871506,0.3334626604251111
6,28663,2023-05-28,2023,,清水,ツエーゲン金沢,H,A,0.41956255781769847,0.28519540065887183,0.29524204152342964
6,28664,2023-05-28,2023,,徳島,町田,H,D,0.30334914357550774,0.3655891794626565,0.33106167696183575
6,28665,2023-05-28,2023,,熊本,山形,A,H,0.27520505567980197,0.31002335113498536,0.41477159318521284
6,28666,2023-05-28,2023,,水戸,レノファ山口FC,A,A,0.396181773333059,0.2962169482072243,0.30760127845971674
6,29035,2023-05-28,2023,,松本山雅FC,鹿児島ユナイテッドFC,A,H,0.3428492702052514,0.2866785568621019,0.3704721729326468
6,29036,2023-05-28,2023,,FC今治,ガイナーレ鳥取,H,H,0.28726409297029754,0.3293595357559576,0.3833763712737448
6,29037,2023-05-28,2023,,テゲバジャーロ宮崎,いわてグルージャ盛岡,H,H,0.315224004646604,0.30971774684581965,0.37505824850757624
6,29038,2023-05-28,2023,,SC相模原,FC琉球,D,H,0.2834649615718396,0.3035878214360704,0.41294721699209
6,29039,2023-05-28,2023,,アスルクラロ沼津,AC長野パルセイロ,H,H,0.26985609774213654,0.30911553625999433,0.4210283659978691
6,29040,2023-05-28,2023,,FC岐阜,富山,H,H,0.329563949801404,0.26753502467700524,0.40290102552159074
6,28260,2023-05-31,2023,,浦和,広島,H,D,0.3188535377612499,0.38085839991373854,0.30028806232501165
6,28299,2023-06-03,2023,,FC東京,横浜FM,A,H,0.2777330689147743,0.19899320377040233,0.5232737273148234
6,28300,2023-06-03,2023,,湘南,新潟,D,H,0.28154715695157134,0.30575688576723986,0.41269595728118874
6,28301,2023-06-03,2023,,名古屋,C大阪,H,A,0.36636731029009045,0.2679984939245088,0.36563419578540074
6,28302,2023-06-03,2023,,福岡,G大阪,A,H,0.3600545865472338,0.26768940758316284,0.37225600586960333
6,28303,2023-06-03,2023,,横浜FC,鳥栖,A,H,0.3143044842574047,0.3160724322789504,0.369623083463645
6,28304,2023-06-03,2023,,柏,札幌,A,H,0.23583812618553976,0.3249554191293061,0.4392064546851541
6,28667,2023-06-03,2023,,いわきFC,熊本,A,A,0.49823783150946976,0.17310047209613377,0.3286616963943966
6,28668,2023-06-03,2023,,山形,清水,H,H,0.340040762684044,0.22139073254969033,0.4385685047662657
6,28669,2023-06-03,2023,,大宮,水戸,A,H,0.31050336338882195,0.3162863289643865,0.37321030764679153
6,28670,2023-06-03,2023,,ツエーゲン金沢,ザスパクサツ群馬,D,A,0.41150522203651163,0.2598345240664724,0.32866025389701603
6,28671,2023-06-03,2023,,藤枝MYFC,栃木SC,D,H,0.3427189957543881,0.2917693508866656,0.36551165335894625
6,28672,2023-06-03,2023,,レノファ山口FC,V・ファーレン長崎,D,A,0.398336483650694,0.31154983491122196,0.2901136814380841
6,28673,2023-06-03,2023,,磐田,秋田,H,H,0.3631285274062348,0.2722614661463558,0.36461000644740943
6,28674,2023-06-03,2023,,千葉,町田,A,A,0.36928173153327615,0.3389537369711538,0.29176453149557013
6,28675,2023-06-03,2023,,岡山,徳島,H,H,0.3091853451866516,0.33324043613054366,0.3575742186828048
6,29041,2023-06-03,2023,,松本山雅FC,SC相模原,H,D,0.24276656916168096,0.4593687440830326,0.29786468675528643
6,29042,2023-06-03,2023,,ギラヴァンツ北九州,愛媛FC,A,D,0.2710521690008236,0.36954503572180203,0.3594027952773743
6,29043,2023-06-03,2023,,奈良クラブ,鹿児島ユナイテッドFC,D,A,0.3628154248929746,0.3489564415951456,0.28822813351187976
6,29044,2023-06-03,2023,,いわてグルージャ盛岡,FC今治,H,H,0.3215952490736436,0.3106491975930442,0.3677555533333121
6,29045,2023-06-03,2023,,FC琉球,アスルクラロ沼津,H,A,0.42089950640487234,0.26545877454923306,0.31364171904589455
6,29050,2023-06-03,2023,,福島ユナイテッドFC,Y.S.C.C.横浜,A,A,0.4589818977759523,0.2141492419847977,0.32686886023925005
6,28305,2023-06-04,2023,,広島,京都,H,H,0.3083877870368454,0.3057384843319046,0.38587372863125
6,28306,2023-06-04,2023,,浦和,鹿島,D,H,0.3195985515742679,0.2584993155623758,0.42190213286335626
6,28676,2023-06-04,2023,,東京V,仙台,A,A,0.4272539634024041,0.20879981289260155,0.36394622370499424
6,28677,2023-06-04,2023,,大分,甲府,H,H,0.337587572349365,0.3142394721832722,0.34817295546736293
6,29046,2023-06-04,2023,,FC大阪,AC長野パルセイロ,H,H,0.28336876196523364,0.2847387895716698,0.4318924484630965
6,29047,2023-06-04,2023,,ガイナーレ鳥取,FC岐阜,A,A,0.3609658799392145,0.326945747968108,0.31208837209267754
6,29048,2023-06-04,2023,,ヴァンラーレ八戸,テゲバジャーロ宮崎,D,D,0.3240621614210091,0.3758110018206194,0.30012683675837154
6,29049,2023-06-04,2023,,富山,カマタマーレ讃岐,H,H,0.30852621330375213,0.297356010747841,0.39411777594840686
6,28307,2023-06-10,2023,,横浜FM,柏,H,H,0.28247753982052265,0.26283960188973915,0.4546828582897383
6,28308,2023-06-10,2023,,C大阪,神戸,H,H,0.32959956745513114,0.217787002854267,0.4526134296906019
6,28309,2023-06-10,2023,,鳥栖,札幌,D,A,0.3971755335719801,0.2490792021116318,0.35374526431638814
6,29051,2023-06-10,2023,,Y.S.C.C.横浜,愛媛FC,H,H,0.3442594852338027,0.2847649611923833,0.37097555357381395
6,29052,2023-06-10,2023,,鹿児島ユナイテッドFC,ヴァンラーレ八戸,A,H,0.2541619112261851,0.35784514195177825,0.3879929468220367
6,28310,2023-06-11,2023,,新潟,京都,A,D,0.2833447087824844,0.3826196359074356,0.33403565531008
6,28311,2023-06-11,2023,,名古屋,福岡,H,D,0.3420052010367423,0.3605454300086587,0.29744936895459917
6,28312,2023-06-11,2023,,鹿島,湘南,H,H,0.30384212517953985,0.30099510003735563,0.39516277478310446
6,28313,2023-06-11,2023,,G大阪,FC東京,H,A,0.4197540569596809,0.23744367596790106,0.34280226707241807
6,28314,2023-06-11,2023,,横浜FC,浦和,D,H,0.2927842324053548,0.32016114409168805,0.3870546235029572
6,28315,2023-06-11,2023,,川崎F,広島,H,H,0.27671972535349415,0.2830008953943366,0.44027937925216915
6,28678,2023-06-11,2023,,仙台,磐田,A,A,0.3681284946747034,0.2983731195321711,0.3334983857931255
6,28679,2023-06-11,2023,,秋田,ツエーゲン金沢,D,H,0.3503144471362553,0.24213021690088807,0.4075553359628565
6,28680,2023-06-11,2023,,山形,いわきFC,H,H,0.2985513613999418,0.2650976104053254,0.43635102819473276
6,28681,2023-06-11,2023,,町田,V・ファーレン長崎,H,A,0.368390174789914,0.3225158142677604,0.3090940109423256
6,28682,2023-06-11,2023,,水戸,千葉,H,D,0.33461980468759134,0.3602109801027029,0.30516921520970575
6,28683,2023-06-11,2023,,甲府,レノファ山口FC,H,H,0.31891201213119486,0.27782010107587235,0.4032678867929329
6,28684,2023-06-11,2023,,徳島,栃木SC,H,A,0.3644999399615737,0.275846599864289,0.35965346017413724
6,28685,2023-06-11,2023,,ザスパクサツ群馬,大分,A,H,0.35394347872050985,0.28161710162137465,0.3644394196581155
6,28686,2023-06-11,2023,,大宮,藤枝MYFC,A,H,0.29626080953486045,0.3383458247047626,0.3653933657603769
6,28687,2023-06-11,2023,,岡山,東京V,A,H,0.2633585936920377,0.3219476433719142,0.4146937629360481
6,28688,2023-06-11,2023,,熊本,清水,A,D,0.33184184719399096,0.40356555238365477,0.2645926004223542
6,29053,2023-06-11,2023,,富山,ガイナーレ鳥取,D,D,0.26865226104739603,0.3763981452783333,0.35494959367427054
6,29054,2023-06-11,2023,,アスルクラロ沼津,FC岐阜,D,H,0.3423083822268683,0.20954364988576554,0.44814796788736616
6,29055,2023-06-11,2023,,福島ユナイテッドFC,FC大阪,A,A,0.38116861976310007,0.2492698475255842,0.3695615327113158
6,29056,2023-06-11,2023,,カマタマーレ讃岐,いわてグルージャ盛岡,H,A,0.3958817959551609,0.2866731711941322,0.3174450328507069
6,29057,2023-06-11,2023,,ギラヴァンツ北九州,奈良クラブ,D,H,0.267769240298337,0.3070144112560441,0.42521634844561895
6,29058,2023-06-11,2023,,SC相模原,テゲバジャーロ宮崎,D,H,0.2970281654371164,0.3474846603061023,0.35548717425678117
6,29059,2023-06-11,2023,,AC長野パルセイロ,FC琉球,A,H,0.2827623727844086,0.3088033009783665,0.4084343262372249
6,29060,2023-06-11,2023,,FC今治,松本山雅FC,A,A,0.353126249754519,0.3005034916013478,0.3463702586441331
6,28689,2023-06-17,2023,,藤枝MYFC,熊本,A,H,0.3342147988189423,0.28286875540857537,0.38291644577248224
6,28690,2023-06-17,2023,,ツエーゲン金沢,水戸,H,H,0.31924947061022824,0.2966926864226906,0.3840578429670812
6,28691,2023-06-17,2023,,徳島,山形,D,H,0.27283045974760844,0.26173016902757595,0.46543937122481555
6,28692,2023-06-17,2023,,V・ファーレン長崎,大宮,H,H,0.334024254468819,0.3043214048741787,0.36165434065700236
6,28693,2023-06-17,2023,,大分,岡山,H,H,0.2294463868483325,0.3669973592034805,0.4035562539481871
6,29061,2023-06-17,2023,,テゲバジャーロ宮崎,FC今治,D,H,0.22802889767142373,0.3491865622209717,0.4227845401076046
6,29062,2023-06-17,2023,,いわてグルージャ盛岡,富山,A,H,0.28776164250247693,0.2599198356856105,0.4523185218119125
6,29063,2023-06-17,2023,,松本山雅FC,カマタマーレ讃岐,H,H,0.309033680568143,0.30590800283344455,0.3850583165984125
6,29064,2023-06-17,2023,,愛媛FC,奈良クラブ,H,D,0.31176664147609967,0.4000799335041624,0.28815342501973784
6,29065,2023-06-17,2023,,ガイナーレ鳥取,ギラヴァンツ北九州,A,H,0.3377886992727164,0.3070306484670066,0.35518065226027695
6,28694,2023-06-18,2023,,レノファ山口FC,仙台,H,H,0.3658984781594873,0.21052869598641405,0.42357282585409856
6,28695,2023-06-18,2023,,いわきFC,千葉,D,H,0.31834249009989896,0.33234831695168154,0.3493091929484196
6,28696,2023-06-18,2023,,栃木SC,町田,D,A,0.351059831800752,0.3103358349100814,0.3386043332891666
6,28697,2023-06-18,2023,,東京V,ザスパクサツ群馬,D,H,0.34377432464417007,0.24910431351629,0.40712136183953995
6,29066,2023-06-18,2023,,AC長野パルセイロ,鹿児島ユナイテッドFC,A,H,0.35553621267963675,0.24498867955099188,0.3994751077693713
6,29067,2023-06-18,2023,,ヴァンラーレ八戸,福島ユナイテッドFC,A,H,0.30403212662717866,0.289571277565134,0.4063965958076872
6,29068,2023-06-18,2023,,アスルクラロ沼津,Y.S.C.C.横浜,H,H,0.26821853130394135,0.28703466618205975,0.44474680251399895
6,29069,2023-06-18,2023,,FC大阪,FC琉球,H,H,0.26205981058620664,0.3320867277000345,0.40585346171375886
6,29070,2023-06-18,2023,,FC岐阜,SC相模原,H,A,0.42139355322094735,0.1922412731645622,0.3863651736144905
6,28316,2023-06-24,2023,,札幌,C大阪,A,D,0.2875664998632562,0.38372992953894625,0.32870357059779753
6,28317,2023-06-24,2023,,柏,新潟,D,H,0.2528002195824691,0.3090841584588348,0.4381156219586962
6,28318,2023-06-24,2023,,FC東京,名古屋,H,H,0.2875231839500627,0.25892586103090615,0.45355095501903114
6,28319,2023-06-24,2023,,湘南,鳥栖,A,A,0.44999842686901986,0.22311485741405107,0.3268867157169291
6,28320,2023-06-24,2023,,京都,横浜FC,H,A,0.4071731248958433,0.2064681903783956,0.38635868472576107
6,28321,2023-06-24,2023,,G大阪,鹿島,H,A,0.3504764284521995,0.3112231767005429,0.3383003948472577
6,28322,2023-06-24,2023,,広島,横浜FM,A,A,0.41475026448731145,0.33215975786650564,0.25308997764618296
6,28323,2023-06-24,2023,,浦和,川崎F,D,D,0.313944846832277,0.3668177685256637,0.3192373846420594
6,28700,2023-06-24,2023,,秋田,藤枝MYFC,A,A,0.41176460731669035,0.2741049542696717,0.314130438413638
6,28701,2023-06-24,2023,,水戸,町田,D,A,0.36745641410204183,0.2782674693634038,0.35427611653455426
6,28702,2023-06-24,2023,,栃木SC,レノファ山口FC,D,H,0.27308975712700356,0.27583122891567613,0.45107901395732036
6,28703,2023-06-24,2023,,大宮,いわきFC,A,D,0.31962528981474686,0.37933686643876885,0.3010378437464843
6,28704,2023-06-24,2023,,甲府,岡山,D,H,0.3357368350723333,0.2290023510929225,0.43526081383474424
6,28705,2023-06-24,2023,,山形,東京V,A,H,0.259128072643997,0.2980421488166508,0.44282977853935224
6,28706,2023-06-24,2023,,千葉,大分,D,H,0.33488133614591364,0.2866415371114358,0.37847712674265066
6,28707,2023-06-24,2023,,V・ファーレン長崎,ツエーゲン金沢,H,A,0.35837500529001404,0.336358358447276,0.3052666362627101
6,29071,2023-06-24,2023,,奈良クラブ,アスルクラロ沼津,A,A,0.36635798407415254,0.3006012977332833,0.3330407181925642
6,29072,2023-06-24,2023,,Y.S.C.C.横浜,FC大阪,D,A,0.4053559310857253,0.22155458636859798,0.3730894825456767
6,29073,2023-06-24,2023,,いわてグルージャ盛岡,松本山雅FC,H,H,0.28848137936772567,0.23279003045397484,0.47872859017829955
6,29074,2023-06-24,2023,,富山,ヴァンラーレ八戸,H,D,0.2532633138371539,0.3838951363931398,0.3628415497697063
6,29075,2023-06-24,2023,,愛媛FC,SC相模原,H,H,0.3202157744720959,0.3240634795533415,0.3557207459745623
6,29076,2023-06-24,2023,,FC今治,カマタマーレ讃岐,H,D,0.29720539637281534,0.37563164830606266,0.327162955321122
6,29077,2023-06-24,2023,,ギラヴァンツ北九州,AC長野パルセイロ,D,H,0.26402334359882895,0.2943542701860096,0.4416223862151615
6,29078,2023-06-24,2023,,FC琉球,テゲバジャーロ宮崎,A,D,0.3503884456344855,0.36463820303446437,0.28497335133104995
6,29079,2023-06-24,2023,,福島ユナイテッドFC,FC岐阜,A,A,0.39910288597745597,0.28636151284654854,0.3145356011759955
6,29080,2023-06-24,2023,,鹿児島ユナイテッドFC,ガイナーレ鳥取,A,H,0.33556607250776943,0.24593393516509193,0.41849999232713864
6,28324,2023-06-25,2023,,福岡,神戸,A,D,0.31989569718847244,0.3672229577858597,0.312881345025668
6,28708,2023-06-25,2023,,仙台,徳島,D,H,0.314608406792483,0.3131997788824451,0.3721918143250717
6,28709,2023-06-25,2023,,熊本,磐田,A,H,0.3010328906131118,0.23725037266884622,0.4617167367180419
6,28710,2023-06-25,2023,,ザスパクサツ群馬,清水,D,H,0.28088919480933483,0.28653432058211653,0.43257648460854864
7,28270,2023-06-28,2023,,浦和,湘南,H,D,0.28938323741747707,0.35901476886514283,0.3516019937173801
7,28698,2023-06-28,2023,,清水,秋田,A,H,0.3108953374884185,0.3366545337362203,0.3524501287753612
7,28699,2023-06-28,2023,,磐田,甲府,D,A,0.42435943108275953,0.21830313823380035,0.35733743068344015
7,28325,2023-06-30,2023,,C大阪,福岡,A,H,0.33985167818040335,0.3157975166635792,0.34435080515601757
7,28326,2023-07-01,2023,,鹿島,京都,D,H,0.2742743027666538,0.35794936309950093,0.36777633413384536
7,28327,2023-07-01,2023,,新潟,広島,H,H,0.2925806025590673,0.3404055041683033,0.36701389327262923
7,28328,2023-07-01,2023,,名古屋,川崎F,H,H,0.3591217372745756,0.24555108989235877,0.39532717283306557
7,28329,2023-07-01,2023,,横浜FC,G大阪,D,A,0.35674829156334853,0.32856262401174025,0.31468908442491134
7,28330,2023-07-01,2023,,FC東京,柏,H,D,0.3126506238872257,0.35213750120026044,0.33521187491251386
7,28331,2023-07-01,2023,,神戸,札幌,D,H,0.3433231077579789,0.2957440047821107,0.36093288745991037
7,28332,2023-07-01,2023,,鳥栖,浦和,A,H,0.2898987281148748,0.30260853125354326,0.40749274063158186
7,28711,2023-07-01,2023,,町田,大宮,H,D,0.2805396247172259,0.3660846587120997,0.3533757165706744
7,28712,2023-07-01,2023,,清水,V・ファーレン長崎,H,A,0.4676058782509321,0.2438844474718416,0.2885096742772264
7,28713,2023-07-01,2023,,千葉,甲府,H,H,0.2797148836664741,0.3143348889833338,0.4059502273501921
7,28714,2023-07-01,2023,,ツエーゲン金沢,栃木SC,A,H,0.3704090749481295,0.2403628582860168,0.38922806676585364
7,28715,2023-07-01,2023,,磐田,大分,D,H,0.3495462566226545,0.2990590268281946,0.35139471654915083
7,28716,2023-07-01,2023,,藤枝MYFC,レノファ山口FC,D,A,0.37003073245194934,0.31337258664855794,0.31659668089949267
7,28717,2023-07-01,2023,,岡山,水戸,H,H,0.3594704287616602,0.2694548124287676,0.37107475880957214
7,28718,2023-07-01,2023,,徳島,ザスパクサツ群馬,D,D,0.3225867177386698,0.34591624504271484,0.3314970372186154
7,28719,2023-07-01,2023,,山形,仙台,H,H,0.2510917261457419,0.35662737754585355,0.39228089630840457
7,29081,2023-07-01,2023,,テゲバジャーロ宮崎,Y.S.C.C.横浜,D,H,0.24936878570754953,0.2659725099719576,0.48465870432049285
7,29082,2023-07-01,2023,,SC相模原,ヴァンラーレ八戸,A,A,0.34725727545729446,0.3123812510237377,0.3403614735189679
7,29083,2023-07-01,2023,,松本山雅FC,愛媛FC,D,H,0.3046993725972196,0.26716730625906787,0.4281333211437125
7,29084,2023-07-01,2023,,AC長野パルセイロ,FC今治,A,H,0.3462339570299037,0.25598690605707713,0.39777913691301925
7,29085,2023-07-01,2023,,富山,鹿児島ユナイテッドFC,A,H,0.2891909173539913,0.34444626128137984,0.36636282136462894
7,29086,2023-07-01,2023,,福島ユナイテッドFC,奈良クラブ,A,H,0.30169196082788824,0.34450284069878845,0.3538051984733233
7,29087,2023-07-01,2023,,ガイナーレ鳥取,FC大阪,D,H,0.3158359604794763,0.26367924886241145,0.4204847906581123
7,29088,2023-07-01,2023,,アスルクラロ沼津,ギラヴァンツ北九州,H,D,0.2675276570231252,0.3713369211792094,0.3611354217976654
7,28333,2023-07-02,2023,,横浜FM,湘南,H,H,0.2415490004843134,0.3061737452052306,0.45227725431045596
7,28720,2023-07-02,2023,,秋田,いわきFC,D,H,0.3210297580834582,0.3138758339298071,0.36509440798673476
7,28721,2023-07-02,2023,,熊本,東京V,A,H,0.3522429041360854,0.27748640465058,0.37027069121333445
7,29089,2023-07-02,2023,,カマタマーレ讃岐,FC琉球,A,H,0.3177699862685892,0.31786265981017436,0.3643673539212363
7,29090,2023-07-02,2023,,FC岐阜,いわてグルージャ盛岡,D,H,0.27189254665173695,0.34079609026600066,0.38731136308226227
7,28722,2023-07-05,2023,,仙台,清水,A,A,0.379383579542699,0.24967725408493388,0.3709391663723672
7,28723,2023-07-05,2023,,いわきFC,栃木SC,H,H,0.32812331143144685,0.2748478343573744,0.3970288542111786
7,28724,2023-07-05,2023,,水戸,徳島,H,A,0.4110127859015996,0.23028855488197417,0.3586986592164262
7,28725,2023-07-05,2023,,ザスパクサツ群馬,熊本,D,A,0.34767082784182984,0.31803401405112125,0.33429515810704874
7,28726,2023-07-05,2023,,大宮,千葉,H,H,0.3820082176686272,0.23268313811266167,0.3853086442187111
7,28727,2023-07-05,2023,,東京V,V・ファーレン長崎,A,D,0.27272849028677315,0.3683507658783874,0.3589207438348394
7,28728,2023-07-05,2023,,甲府,秋田,H,D,0.2878843133512855,0.3727067802181721,0.3394089064305424
7,28729,2023-07-05,2023,,磐田,ツエーゲン金沢,H,A,0.37711916215803903,0.29244437547804303,0.3304364623639179
7,28730,2023-07-05,2023,,岡山,藤枝MYFC,A,A,0.3401429519787749,0.32749910560695267,0.33235794241427247
7,28731,2023-07-05,2023,,レノファ山口FC,山形,H,H,0.3413263553682503,0.2634946581100456,0.39517898652170413
7,28732,2023-07-05,2023,,大分,町田,A,H,0.32826044771367,0.30409171717354677,0.3676478351127833
7,28334,2023-07-07,2023,,新潟,神戸,A,D,0.28382637978038155,0.39034764644020764,0.3258259737794108
7,28335,2023-07-08,2023,,名古屋,横浜FM,D,A,0.36203843417299836,0.31401807728154735,0.3239434885454543
7,28336,2023-07-08,2023,,広島,鹿島,D,A,0.387986612669978,0.3172785734197736,0.29473481391024847
7,28337,2023-07-08,2023,,浦和,FC東京,D,H,0.33096822723053887,0.3260882252871259,0.34294354748233524
7,28338,2023-07-08,2023,,柏,湘南,D,D,0.2740356400963278,0.39071179125751365,0.3352525686461585
7,28339,2023-07-08,2023,,川崎F,横浜FC,H,H,0.25149112698536724,0.258272183467893,0.49023668954673977
7,28340,2023-07-08,2023,,G大阪,京都,H,A,0.36659660920309006,0.2991733142128889,0.33423007658402115
7,28341,2023-07-08,2023,,福岡,札幌,H,A,0.39922092232103085,0.2964682227096101,0.304310854969359
7,28342,2023-07-08,2023,,鳥栖,C大阪,H,H,0.3209470449445995,0.25694856869147653,0.422104386363924
7,29091,2023-07-08,2023,,Y.S.C.C.横浜,カマタマーレ讃岐,A,A,0.3615247211492826,0.30609350329907714,0.3323817755516402
7,29092,2023-07-08,2023,,テゲバジャーロ宮崎,ガイナーレ鳥取,A,D,0.2920148392461352,0.3718432638570761,0.33614189689678875
7,29093,2023-07-08,2023,,いわてグルージャ盛岡,ギラヴァンツ北九州,A,H,0.30756994248660896,0.27265034997067006,0.419779707542721
7,29094,2023-07-08,2023,,FC琉球,松本山雅FC,H,H,0.3103963807744709,0.30507389916307653,0.3845297200624526
7,29095,2023-07-08,2023,,ヴァンラーレ八戸,AC長野パルセイロ,H,H,0.29767020988025467,0.32820446262149255,0.37412532749825284
7,29096,2023-07-08,2023,,FC今治,アスルクラロ沼津,D,H,0.3131628281915831,0.33442689503401785,0.35241027677439896
7,28733,2023-07-09,2023,,秋田,熊本,D,A,0.40561076802397866,0.24409634943931918,0.35029288253670227
7,28734,2023-07-09,2023,,いわきFC,水戸,H,H,0.2726410202172129,0.28083001162629095,0.44652896815649606
7,28735,2023-07-09,2023,,栃木SC,仙台,D,H,0.26597547592257265,0.29753070415712723,0.4364938199203001
7,28736,2023-07-09,2023,,町田,東京V,D,H,0.3003688827256383,0.3112766857191993,0.38835443155516236
7,28737,2023-07-09,2023,,藤枝MYFC,甲府,A,H,0.3310424083585769,0.31967761349906837,0.3492799781423547
7,28738,2023-07-09,2023,,V・ファーレン長崎,レノファ山口FC,A,H,0.36655199975400493,0.23376995553853783,0.3996780447074572
7,28739,2023-07-09,2023,,山形,磐田,A,H,0.24475713663347223,0.3248334470422858,0.43040941632424196
7,28740,2023-07-09,2023,,ザスパクサツ群馬,大宮,H,H,0.22961231905799015,0.368201349856417,0.4021863310855928
7,28741,2023-07-09,2023,,千葉,ツエーゲン金沢,H,H,0.300883453530622,0.27348711000244735,0.4256294364669307
7,28742,2023-07-09,2023,,徳島,岡山,D,H,0.3243423456092204,0.23891403865910688,0.4367436157316727
7,28743,2023-07-09,2023,,大分,清水,A,H,0.2905267131506267,0.28820164565959144,0.4212716411897818
7,29097,2023-07-09,2023,,奈良クラブ,FC岐阜,H,H,0.3414536252604754,0.26039433185238187,0.3981520428871428
7,29098,2023-07-09,2023,,FC大阪,SC相模原,H,H,0.32218166381144375,0.33651216019530994,0.3413061759932464
7,29099,2023-07-09,2023,,鹿児島ユナイテッドFC,福島ユナイテッドFC,H,H,0.28615820888963617,0.2763645191846356,0.4374772719257284
7,29100,2023-07-09,2023,,愛媛FC,富山,H,H,0.3430646544882298,0.2736217386650637,0.38331360684670646
7,28343,2023-07-15,2023,,札幌,新潟,A,H,0.2813171422429579,0.2613062267677087,0.4573766309893334
7,28344,2023-07-15,2023,,横浜FM,川崎F,A,H,0.29004048626761497,0.2744431951342686,0.4355163185981164
7,28744,2023-07-15,2023,,レノファ山口FC,いわきFC,D,H,0.26937659393130203,0.27719273987549803,0.4534306661931999
7,28753,2023-07-15,2023,,東京V,徳島,D,A,0.4325299474988129,0.22899762986422767,0.3384724226369593
7,29101,2023-07-15,2023,,SC相模原,奈良クラブ,H,H,0.31784658888573614,0.3102837842414141,0.37186962687284975
7,29102,2023-07-15,2023,,富山,FC琉球,H,A,0.44879694571742834,0.23661576420359856,0.31458729007897307
7,29103,2023-07-15,2023,,FC岐阜,FC今治,D,H,0.32283022452285454,0.27750415747853563,0.3996656179986097
7,29104,2023-07-15,2023,,カマタマーレ讃岐,テゲバジャーロ宮崎,H,A,0.37622160964930035,0.35070516208365216,0.27307322826704755
7,29105,2023-07-15,2023,,ヴァンラーレ八戸,愛媛FC,A,H,0.3505186981649157,0.22332862031185188,0.4261526815232324
7,28345,2023-07-16,2023,,広島,横浜FC,D,A,0.3563259373361417,0.34392494752250075,0.2997491151413575
7,28346,2023-07-16,2023,,FC東京,鹿島,A,H,0.2766315645538358,0.2693498224243197,0.45401861302184454
7,28347,2023-07-16,2023,,湘南,福岡,A,A,0.36490791018743796,0.32310810936011836,0.3119839804524438
7,28348,2023-07-16,2023,,京都,名古屋,H,A,0.405636357095782,0.2740798495526875,0.3202837933515305
7,28349,2023-07-16,2023,,G大阪,柏,H,H,0.35814814389881755,0.2734491048948246,0.36840275120635785
7,28350,2023-07-16,2023,,C大阪,浦和,H,H,0.31344717508018854,0.23908611630643722,0.44746670861337423
7,28351,2023-07-16,2023,,神戸,鳥栖,H,D,0.30828802056686183,0.3572550173430327,0.3344569620901054
7,28746,2023-07-16,2023,,水戸,山形,H,H,0.337957699229526,0.2963859034519183,0.3656563973185557
7,28747,2023-07-16,2023,,甲府,ザスパクサツ群馬,A,A,0.4740025022070992,0.18484671191562596,0.3411507858772749
7,28748,2023-07-16,2023,,清水,千葉,D,H,0.2997590242292777,0.3303622980652809,0.36987867770544136
7,28749,2023-07-16,2023,,岡山,V・ファーレン長崎,D,H,0.32205190984175014,0.2787511819630175,0.3991969081952323
7,28750,2023-07-16,2023,,大宮,栃木SC,D,A,0.3597252110117532,0.32679639959792517,0.3134783893903217
7,28751,2023-07-16,2023,,ツエーゲン金沢,仙台,H,H,0.21804901840308466,0.27856964395887013,0.5033813376380453
7,28752,2023-07-16,2023,,磐田,藤枝MYFC,H,D,0.3148490694498812,0.34880770196963545,0.33634322858048343
7,28754,2023-07-16,2023,,熊本,大分,A,H,0.30393939719841045,0.32865654062172733,0.3674040621798622
7,29106,2023-07-16,2023,,いわてグルージャ盛岡,Y.S.C.C.横浜,H,H,0.3006514809558552,0.25999659652173696,0.4393519225224079
7,29107,2023-07-16,2023,,松本山雅FC,福島ユナイテッドFC,A,H,0.30495884942326645,0.27229234144189185,0.42274880913484175
7,29108,2023-07-16,2023,,AC長野パルセイロ,ガイナーレ鳥取,D,H,0.3451310648401952,0.3096785075446723,0.3451904276151325
7,29109,2023-07-16,2023,,ギラヴァンツ北九州,FC大阪,D,H,0.32211295595469075,0.3043058267440297,0.37358121730127974
7,29110,2023-07-16,2023,,アスルクラロ沼津,鹿児島ユナイテッドFC,H,H,0.31465153603086604,0.2922329517223909,0.3931155122467432
7,28298,2023-07-22,2023,,神戸,川崎F,D,H,0.31094704306827403,0.33155756476279347,0.3574953921689325
7,28755,2023-07-22,2023,,栃木SC,清水,D,H,0.2493145164239773,0.3406120697087889,0.41007341386723384
7,28756,2023-07-22,2023,,町田,千葉,A,A,0.5013427421085426,0.15893816477979572,0.33971909311166176
7,28757,2023-07-22,2023,,山形,V・ファーレン長崎,H,H,0.29701369582025317,0.2984972511133386,0.40448905306640826
7,28758,2023-07-22,2023,,藤枝MYFC,ツエーゲン金沢,D,A,0.46897315874144924,0.22795425899177776,0.303072582266773
7,28759,2023-07-22,2023,,レノファ山口FC,秋田,A,H,0.2885933171850386,0.2941918870650727,0.41721479574988884
7,28763,2023-07-22,2023,,大分,いわきFC,A,H,0.274631729458334,0.3164968445986677,0.4088714259429983
7,28765,2023-07-22,2023,,徳島,甲府,A,H,0.3234429368499754,0.2917991531712625,0.3847579099787621
7,29111,2023-07-22,2023,,奈良クラブ,富山,A,D,0.23766321671868915,0.39795402407752084,0.36438275920379015
7,29112,2023-07-22,2023,,SC相模原,FC今治,D,H,0.26484996091080565,0.3407474621523281,0.3944025769368663
7,29113,2023-07-22,2023,,松本山雅FC,ヴァンラーレ八戸,H,H,0.2580709592455565,0.3087910900658179,0.43313795068862554
7,29114,2023-07-22,2023,,FC岐阜,AC長野パルセイロ,D,A,0.3373516737335965,0.3312988265158392,0.3313494997505642
7,29115,2023-07-22,2023,,テゲバジャーロ宮崎,アスルクラロ沼津,H,H,0.33036925017100793,0.2719055106006533,0.39772523922833863
7,29116,2023-07-22,2023,,FC琉球,Y.S.C.C.横浜,D,H,0.37068308741769057,0.25097069650455317,0.37834621607775626
7,29117,2023-07-22,2023,,福島ユナイテッドFC,ギラヴァンツ北九州,D,H,0.33517122608577493,0.2941362170824857,0.3706925568317395
7,29118,2023-07-22,2023,,ガイナーレ鳥取,いわてグルージャ盛岡,D,A,0.39783012857541145,0.2882268976609633,0.31394297376362534
7,28760,2023-07-23,2023,,水戸,大宮,D,H,0.2941091092740963,0.29280401707311765,0.41308687365278607
7,28761,2023-07-23,2023,,仙台,東京V,A,H,0.3421277882036415,0.29169809838690874,0.3661741134094498
7,28762,2023-07-23,2023,,ザスパクサツ群馬,磐田,D,H,0.2955945554766058,0.29559945261604725,0.40880599190734696
7,29119,2023-07-23,2023,,FC大阪,カマタマーレ讃岐,D,A,0.4275574189942496,0.2540196314080587,0.3184229495976917
7,29120,2023-07-23,2023,,鹿児島ユナイテッドFC,愛媛FC,A,H,0.3282847091954621,0.23089580659486178,0.4408194842096762
7,28764,2023-07-24,2023,,熊本,岡山,A,H,0.3233330363424634,0.2560944387914814,0.4205725248660553
7,28766,2023-07-29,2023,,秋田,ザスパクサツ群馬,D,H,0.3194080002635796,0.29572353581149213,0.38486846392492824
7,28767,2023-07-29,2023,,いわきFC,磐田,A,H,0.3257878144997469,0.3311677858915648,0.3430443996086883
7,28768,2023-07-29,2023,,栃木SC,甲府,H,H,0.34145506495852246,0.2961398434143465,0.3624050916271311
7,28769,2023-07-29,2023,,東京V,水戸,D,H,0.29882688320929146,0.30831432723660124,0.3928587895541073
7,28770,2023-07-29,2023,,町田,徳島,H,H,0.2843892935222528,0.26908088611678144,0.4465298203609658
7,28771,2023-07-29,2023,,清水,岡山,H,H,0.30010225463678375,0.31742273915614944,0.3824750062070667
7,28772,2023-07-29,2023,,仙台,藤枝MYFC,D,A,0.4116489032077573,0.20479957353882364,0.383551523253419
7,28773,2023-07-29,2023,,千葉,レノファ山口FC,H,A,0.35259954924375936,0.3351894519815042,0.31221099877473646
7,28774,2023-07-29,2023,,V・ファーレン長崎,熊本,H,A,0.3705660339559105,0.2998320785429669,0.3296018875011227
7,28775,2023-07-29,2023,,大分,山形,A,A,0.3690967463099518,0.298261531566201,0.33264172212384713
7,29121,2023-07-29,2023,,いわてグルージャ盛岡,奈良クラブ,D,A,0.3569279718330493,0.2999146647582597,0.34315736340869096
7,29122,2023-07-29,2023,,AC長野パルセイロ,SC相模原,H,H,0.2936206892029563,0.34300812416534,0.36337118663170376
7,29123,2023-07-29,2023,,カマタマーレ讃岐,福島ユナイテッドFC,D,A,0.3828905647595001,0.2598702138180196,0.35723922142248016
7,29124,2023-07-29,2023,,愛媛FC,松本山雅FC,D,A,0.37794550119955994,0.31885055523855876,0.30320394356188135
7,29125,2023-07-29,2023,,ギラヴァンツ北九州,ガイナーレ鳥取,A,A,0.39258430403283384,0.2644967304344465,0.3429189655327196
7,29126,2023-07-29,2023,,ヴァンラーレ八戸,FC大阪,D,A,0.3651929948556745,0.3353249099486422,0.2994820951956833
7,29127,2023-07-29,2023,,FC今治,テゲバジャーロ宮崎,H,A,0.3546108335281696,0.3140790015774131,0.33131016489441734
7,29128,2023-07-29,2023,,鹿児島ユナイテッドFC,富山,H,H,0.28820411653492894,0.29454447839757636,0.41725140506749464
7,28776,2023-07-30,2023,,ツエーゲン金沢,大宮,A,H,0.2701441432697938,0.3547150658576124,0.3751407908725938
7,29129,2023-07-30,2023,,Y.S.C.C.横浜,FC岐阜,H,H,0.3643909756696404,0.26035103666179354,0.3752579876685661
7,29130,2023-07-30,2023,,アスルクラロ沼津,FC琉球,H,A,0.34908394818297905,0.3115659246403657,0.3393501271766553
7,28352,2023-08-05,2023,,湘南,広島,H,D,0.2879003972078769,0.41636110491039874,0.29573849788172435
7,28353,2023-08-05,2023,,名古屋,新潟,H,H,0.3467811648078402,0.28462975037314214,0.36858908481901775
7,28777,2023-08-05,2023,,藤枝MYFC,山形,A,A,0.3750361964721073,0.2820384446715358,0.34292535885635694
7,28778,2023-08-05,2023,,岡山,町田,A,H,0.3245999977996962,0.25404797722536865,0.4213520249749351
7,29131,2023-08-05,2023,,テゲバジャーロ宮崎,鹿児島ユナイテッドFC,H,A,0.3616617349712105,0.27766608424942557,0.36067218077936397
7,29132,2023-08-05,2023,,SC相模原,カマタマーレ讃岐,H,H,0.265495438286948,0.34076311099222495,0.39374145072082717
7,29133,2023-08-05,2023,,富山,FC今治,D,H,0.34159938910627136,0.2809806232719432,0.3774199876217856
7,29134,2023-08-05,2023,,FC岐阜,愛媛FC,D,H,0.3230051089281689,0.3023279804343084,0.3746669106375226
7,29136,2023-08-05,2023,,ガイナーレ鳥取,松本山雅FC,H,H,0.2900374497157228,0.33444782154314184,0.3755147287411354
7,28354,2023-08-06,2023,,横浜FC,神戸,H,H,0.3314251612702931,0.29787281246365255,0.3707020262660543
7,28355,2023-08-06,2023,,鹿島,札幌,H,D,0.2513572160853834,0.4404936679608931,0.3081491159537233
7,28356,2023-08-06,2023,,浦和,横浜FM,D,A,0.393753012999516,0.27751853336954363,0.32872845363094044
7,28357,2023-08-06,2023,,川崎F,G大阪,A,H,0.3021840102434571,0.2984704711057483,0.39934551865079465
7,28358,2023-08-06,2023,,京都,柏,A,H,0.3099561282857007,0.31559684829823564,0.37444702341606373
7,28359,2023-08-06,2023,,C大阪,FC東京,A,A,0.37135592900818815,0.31506293218777714,0.3135811388040348
7,28360,2023-08-06,2023,,鳥栖,福岡,A,H,0.32425095869519505,0.2490415623445959,0.426707478960209
7,28779,2023-08-06,2023,,東京V,清水,A,H,0.2912517580103131,0.2677664821735368,0.44098175981615
7,28780,2023-08-06,2023,,甲府,ツエーゲン金沢,A,H,0.29493724260708604,0.3052048586664664,0.39985789872644745
7,28781,2023-08-06,2023,,V・ファーレン長崎,いわきFC,D,H,0.3147608263883819,0.2634076884158031,0.421831485195815
7,28782,2023-08-06,2023,,ザスパクサツ群馬,栃木SC,H,H,0.2670117975281057,0.2509614542927545,0.48202674817913965
7,28783,2023-08-06,2023,,大宮,秋田,H,A,0.42196873340528157,0.2585163427930419,0.31951492380167656
7,28784,2023-08-06,2023,,磐田,仙台,H,A,0.38570658962242865,0.30250825781251134,0.31178515256506006
7,28785,2023-08-06,2023,,レノファ山口FC,大分,D,A,0.3949546902561684,0.26562114396066944,0.33942416578316226
7,28786,2023-08-06,2023,,徳島,千葉,D,H,0.33927964952770956,0.31599099751342313,0.3447293529588673
7,28787,2023-08-06,2023,,熊本,水戸,D,H,0.3372527704752929,0.3059770401107908,0.35677018941391636
7,29137,2023-08-06,2023,,奈良クラブ,ギラヴァンツ北九州,A,H,0.22961718077000484,0.3801896326309734,0.3901931865990219
7,29138,2023-08-06,2023,,福島ユナイテッドFC,アスルクラロ沼津,H,A,0.42417494802652567,0.22545656695533334,0.35036848501814094
7,29139,2023-08-06,2023,,AC長野パルセイロ,いわてグルージャ盛岡,A,A,0.41404101614241334,0.28240431590219267,0.303554667955394
7,29140,2023-08-06,2023,,FC大阪,Y.S.C.C.横浜,D,H,0.30176029045361225,0.29285093800795686,0.40538877153843084
7,28361,2023-08-12,2023,,札幌,鳥栖,D,H,0.31651905001565805,0.3292873697976957,0.35419358018664626
7,28362,2023-08-12,2023,,新潟,湘南,D,H,0.3174092679291326,0.26059809092829167,0.42199264114257573
7,28363,2023-08-12,2023,,柏,C大阪,D,H,0.33414020014550483,0.2580130895871181,0.40784671026737707
7,28364,2023-08-12,2023,,FC東京,京都,H,H,0.33090350549892555,0.23824495337098603,0.43085154113008844
7,28365,2023-08-12,2023,,川崎F,神戸,A,D,0.3234133516079952,0.34120945604497877,0.335377192347026
7,28366,2023-08-12,2023,,福岡,横浜FC,H,H,0.2656675730977388,0.31421534851858085,0.42011707838368034
7,28367,2023-08-12,2023,,横浜FM,G大阪,H,H,0.23428194587839252,0.2596443558476182,0.5060736982739894
7,28788,2023-08-12,2023,,水戸,V・ファーレン長崎,D,H,0.3166596241864334,0.32166901153855976,0.3616713642750069
7,28789,2023-08-12,2023,,町田,磐田,H,A,0.4464748474841571,0.21067968786547436,0.3428454646503686
7,28790,2023-08-12,2023,,清水,レノファ山口FC,H,H,0.3088935346869028,0.30942815750755626,0.38167830780554085
7,28791,2023-08-12,2023,,山形,千葉,H,A,0.4045357474329532,0.257264075885057,0.3382001766819898
7,28792,2023-08-12,2023,,ツエーゲン金沢,熊本,D,H,0.28846123938463725,0.2891727603991338,0.4223660002162289
7,28793,2023-08-12,2023,,大分,藤枝MYFC,H,A,0.387709173662355,0.35292518956894153,0.25936563676870344
7,29141,2023-08-12,2023,,Y.S.C.C.横浜,福島ユナイテッドFC,D,A,0.3970953647041926,0.29897383225030116,0.3039308030455061
7,29142,2023-08-12,2023,,テゲバジャーロ宮崎,ギラヴァンツ北九州,H,D,0.29269090627522626,0.3691418876413411,0.33816720608343276
7,29143,2023-08-12,2023,,いわてグルージャ盛岡,ヴァンラーレ八戸,A,D,0.31708309325541345,0.35261376718183596,0.3303031395627506
7,29144,2023-08-12,2023,,FC琉球,FC大阪,A,H,0.28574405502344785,0.3195075901178466,0.3947483548587055
7,29145,2023-08-12,2023,,松本山雅FC,富山,A,H,0.26745375021477824,0.3387070019463421,0.39383924783887964
7,29146,2023-08-12,2023,,FC今治,FC岐阜,A,A,0.4185695981419326,0.21458112541545601,0.36684927644261145
7,28368,2023-08-13,2023,,名古屋,鹿島,H,D,0.32884553420288437,0.34013627429837934,0.3310181914987364
7,28369,2023-08-13,2023,,広島,浦和,H,H,0.3090408404361902,0.33805329822897284,0.352905861334837
7,28794,2023-08-13,2023,,秋田,東京V,A,H,0.24879862127893243,0.31178606005089143,0.4394153186701762
7,28795,2023-08-13,2023,,いわきFC,甲府,D,H,0.3194742497614638,0.28716205998880573,0.39336369024973056
7,28796,2023-08-13,2023,,栃木SC,徳島,D,D,0.2996621583726801,0.3944841765713891,0.3058536650559308
7,28797,2023-08-13,2023,,仙台,ザスパクサツ群馬,A,H,0.3649314856444351,0.26391267279579106,0.37115584155977377
7,28798,2023-08-13,2023,,大宮,岡山,D,H,0.3384379814104644,0.23229657913186808,0.42926543945766754
7,29147,2023-08-13,2023,,奈良クラブ,カマタマーレ讃岐,D,H,0.3392665354932602,0.2890743257818549,0.371659138724885
7,29148,2023-08-13,2023,,愛媛FC,ガイナーレ鳥取,H,H,0.2936951375434723,0.28404735785256674,0.422257504603961
7,29149,2023-08-13,2023,,鹿児島ユナイテッドFC,AC長野パルセイロ,A,H,0.2807009041149448,0.3368133451556034,0.3824857507294518
7,29150,2023-08-13,2023,,アスルクラロ沼津,SC相模原,H,H,0.3372849892873714,0.27829290628393005,0.38442210442869856
7,28370,2023-08-18,2023,,福岡,新潟,A,H,0.3114675395565882,0.33089877852446725,0.35763368191894457
7,28372,2023-08-18,2023,,浦和,名古屋,H,A,0.3845275433642313,0.2780383422927736,0.33743411434299503
7,28371,2023-08-19,2023,,鹿島,鳥栖,H,H,0.3221621203660419,0.274737342868771,0.4031005367651871
7,28373,2023-08-19,2023,,京都,札幌,H,H,0.26160412244103226,0.3500810781979378,0.3883147993610299
7,28374,2023-08-19,2023,,G大阪,湘南,H,H,0.29358192604289224,0.3297263942773646,0.3766916796797432
7,28375,2023-08-19,2023,,神戸,柏,D,A,0.3680224257961299,0.3002319244200264,0.33174564978384374
7,28376,2023-08-19,2023,,広島,川崎F,H,A,0.36180033051609506,0.2981760563476782,0.3400236131362268
7,28377,2023-08-19,2023,,横浜FM,FC東京,H,A,0.3557899849314512,0.30502923331062975,0.33918078175791916
7,28799,2023-08-19,2023,,いわきFC,東京V,D,H,0.30638921734593544,0.32456494453533347,0.36904583811873115
7,28800,2023-08-19,2023,,水戸,秋田,D,A,0.3620769115311604,0.3026412565298769,0.33528183193896277
7,28801,2023-08-19,2023,,甲府,磐田,A,D,0.2822179082976124,0.3665042957197433,0.35127779598264436
7,28802,2023-08-19,2023,,清水,町田,H,H,0.2561417639537392,0.29361702262714906,0.4502412134191117
7,28803,2023-08-19,2023,,仙台,大宮,H,H,0.32814284599161253,0.2890935376371422,0.38276361637124534
7,28804,2023-08-19,2023,,山形,熊本,H,A,0.39340667231829873,0.2844499631829686,0.32214336449873265
7,28805,2023-08-19,2023,,千葉,藤枝MYFC,H,A,0.532359525073453,0.15834705563714566,0.3092934192894014
7,28806,2023-08-19,2023,,岡山,大分,H,A,0.3941522049569455,0.29448186139585336,0.3113659336472012
7,28807,2023-08-19,2023,,V・ファーレン長崎,栃木SC,A,A,0.4144568607460184,0.25003868589232536,0.3355044533616562
7,29151,2023-08-19,2023,,いわてグルージャ盛岡,愛媛FC,D,H,0.32013170064207674,0.3089240684028999,0.37094423095502344
7,29152,2023-08-19,2023,,SC相模原,Y.S.C.C.横浜,H,A,0.3729036940239465,0.2884013769546761,0.3386949290213775
7,29153,2023-08-19,2023,,AC長野パルセイロ,FC岐阜,A,H,0.3043354363374408,0.33883743373508474,0.3568271299274745
7,29154,2023-08-19,2023,,ギラヴァンツ北九州,FC琉球,A,H,0.31809120395780066,0.19926428915113562,0.48264450689106375
7,29155,2023-08-19,2023,,ヴァンラーレ八戸,アスルクラロ沼津,A,A,0.403664948793752,0.3131967351628515,0.28313831604339657
7,29156,2023-08-19,2023,,福島ユナイテッドFC,富山,H,H,0.3276031410878112,0.2878552203713909,0.38454163854079787
7,29157,2023-08-19,2023,,ガイナーレ鳥取,テゲバジャーロ宮崎,H,H,0.3375893172033245,0.2851231377708049,0.37728754502587053
7,29158,2023-08-19,2023,,カマタマーレ讃岐,FC今治,H,D,0.27577710800414174,0.3621849791073281,0.3620379128885301
7,29159,2023-08-19,2023,,鹿児島ユナイテッドFC,松本山雅FC,A,H,0.3119568407961739,0.3402069727118245,0.34783618649200176
7,28378,2023-08-20,2023,,横浜FC,C大阪,A,H,0.32669238002228423,0.2854950100489541,0.3878126099287617
7,28809,2023-08-20,2023,,徳島,レノファ山口FC,H,D,0.3009652555826003,0.35898522104415964,0.3400495233732402
7,29160,2023-08-20,2023,,FC大阪,奈良クラブ,A,H,0.3094540767810425,0.31826062767796154,0.3722852955409958
7,29135,2023-08-23,2023,,ヴァンラーレ八戸,FC琉球,D,H,0.3300258746849207,0.2654398060130561,0.40453431930202327
7,28379,2023-08-25,2023,,湘南,浦和,A,H,0.3025329080727117,0.3049532231945338,0.39251386873275446
7,28380,2023-08-26,2023,,鹿島,新潟,H,H,0.30333368321382,0.3000847953070378,0.39658152147914205
7,28381,2023-08-26,2023,,横浜FC,横浜FM,H,A,0.385947493670217,0.24555483620561477,0.36849767012416806
7,28382,2023-08-26,2023,,柏,広島,D,H,0.2805373176934506,0.2771192759395543,0.4423434063669951
7,28383,2023-08-26,2023,,FC東京,神戸,D,H,0.2497600861207141,0.27491582544927395,0.475324088430012
7,28384,2023-08-26,2023,,川崎F,札幌,D,D,0.2413267152284367,0.4046435672560772,0.3540297175154862
7,28385,2023-08-26,2023,,京都,福岡,H,H,0.3291994396948341,0.302442781535374,0.36835777876979187
7,28386,2023-08-26,2023,,C大阪,名古屋,H,H,0.33241277279190923,0.300335081641719,0.36725214556637187
7,28387,2023-08-26,2023,,鳥栖,G大阪,D,D,0.3300378318933943,0.3573092414206334,0.3126529266859723
7,28810,2023-08-26,2023,,栃木SC,水戸,D,H,0.2953792734291704,0.33034568305764767,0.3742750435131818
7,28811,2023-08-26,2023,,東京V,岡山,A,H,0.26575829551496155,0.34028018395938975,0.39396152052564865
7,28812,2023-08-26,2023,,町田,山形,H,H,0.3415353074936565,0.30999661041188437,0.34846808209445923
7,28813,2023-08-26,2023,,大宮,V・ファーレン長崎,A,D,0.2839221189167165,0.3861447082210593,0.3299331728622243
7,28814,2023-08-26,2023,,ツエーゲン金沢,徳島,A,A,0.38648475442537755,0.2931361045193824,0.3203791410552402
7,28815,2023-08-26,2023,,磐田,千葉,A,A,0.3553589393709756,0.3360539840868646,0.3085870765421597
7,28817,2023-08-26,2023,,レノファ山口FC,甲府,H,A,0.3615636028964287,0.31570331950193486,0.32273307760163644
7,28818,2023-08-26,2023,,大分,仙台,A,A,0.3680872778819461,0.26437963698661227,0.3675330851314416
7,29161,2023-08-26,2023,,奈良クラブ,AC長野パルセイロ,H,H,0.2968848769599807,0.347049618595229,0.35606550444479035
7,29162,2023-08-26,2023,,ギラヴァンツ北九州,鹿児島ユナイテッドFC,D,H,0.280198592987089,0.30606694364101733,0.41373446337189373
7,29163,2023-08-26,2023,,テゲバジャーロ宮崎,福島ユナイテッドFC,A,A,0.35191868583969993,0.32798095323256327,0.3201003609277368
7,29164,2023-08-26,2023,,富山,いわてグルージャ盛岡,A,A,0.35911346482614653,0.2916691148090889,0.34921742036476444
7,29165,2023-08-26,2023,,松本山雅FC,FC今治,D,H,0.248923601930948,0.3712274995790819,0.37984889848997005
7,29166,2023-08-26,2023,,FC岐阜,ガイナーレ鳥取,H,A,0.3623525430294889,0.30494209471837397,0.33270536225213726
7,29167,2023-08-26,2023,,愛媛FC,カマタマーレ讃岐,H,H,0.3481174042242798,0.28916178030283346,0.36272081547288687
7,29168,2023-08-26,2023,,FC琉球,SC相模原,A,H,0.3700630308541103,0.25654090128561563,0.373396067860274
7,28819,2023-08-27,2023,,秋田,清水,D,H,0.3079029648196073,0.33445330235856235,0.3576437328218302
7,28820,2023-08-27,2023,,熊本,いわきFC,A,H,0.2546588972440592,0.3564932117112601,0.3888478910446806
7,29169,2023-08-27,2023,,Y.S.C.C.横浜,ヴァンラーレ八戸,A,H,0.3472314335454071,0.30102852632730565,0.3517400401272873
7,29170,2023-08-27,2023,,アスルクラロ沼津,FC大阪,A,H,0.2735250915988614,0.3214948494874515,0.4049800589136871
7,28388,2023-09-02,2023,,札幌,G大阪,H,A,0.3752734617079905,0.2671400622144253,0.3575864760775842
7,28389,2023-09-02,2023,,柏,横浜FM,H,H,0.3159300103564507,0.3303418453699242,0.35372814427362503
7,28391,2023-09-02,2023,,湘南,鹿島,D,D,0.2892398914643038,0.3731120377628345,0.3376480707728617
7,28392,2023-09-02,2023,,新潟,浦和,D,H,0.3564853216837271,0.2300765162520117,0.4134381620642612
7,28393,2023-09-02,2023,,名古屋,横浜FC,D,H,0.2646562002490361,0.23730592804401876,0.4980378717069452
7,28394,2023-09-02,2023,,C大阪,川崎F,H,H,0.31346877311670934,0.24051787899808855,0.4460133478852022
7,28396,2023-09-02,2023,,鳥栖,広島,A,H,0.29037158419704123,0.3134047147911406,0.39622370101181814
7,28821,2023-09-02,2023,,秋田,磐田,D,H,0.2891536620999569,0.322488887205521,0.3883574506945221
7,28822,2023-09-02,2023,,ツエーゲン金沢,東京V,A,H,0.34890944615971325,0.2908403638126547,0.36025019002763203
7,29171,2023-09-02,2023,,ヴァンラーレ八戸,ガイナーレ鳥取,H,D,0.3371078380286629,0.3447747723604967,0.31811738961084035
7,29172,2023-09-02,2023,,いわてグルージャ盛岡,福島ユナイテッドFC,A,A,0.37914036840943527,0.3398861543289847,0.28097347726158
7,29173,2023-09-02,2023,,Y.S.C.C.横浜,FC琉球,H,H,0.22948697079699515,0.298985455135862,0.47152757406714285
7,29174,2023-09-02,2023,,AC長野パルセイロ,愛媛FC,D,A,0.33990342017765857,0.33344720665047056,0.32664937317187076
7,29175,2023-09-02,2023,,富山,SC相模原,A,H,0.30987937218270023,0.30060202325036206,0.3895186045669378
7,29176,2023-09-02,2023,,FC今治,ギラヴァンツ北九州,H,A,0.3957197533930714,0.322396435921409,0.28188381068551965
7,29177,2023-09-02,2023,,テゲバジャーロ宮崎,カマタマーレ讃岐,A,H,0.2872935740524645,0.2792832926990419,0.4334231332484936
7,29178,2023-09-02,2023,,鹿児島ユナイテッドFC,FC岐阜,H,H,0.31192709604640084,0.26678529378995225,0.42128761016364696
7,28390,2023-09-03,2023,,FC東京,福岡,A,H,0.33547592968543694,0.2957529220219608,0.36877114829260216
7,28395,2023-09-03,2023,,神戸,京都,H,H,0.3083845175957641,0.27427655072736223,0.4173389316768737
7,28823,2023-09-03,2023,,仙台,甲府,D,H,0.31903264076864846,0.2738611739095118,0.4071061853218397
7,28824,2023-09-03,2023,,山形,大宮,D,H,0.36250201484994765,0.26500561685432833,0.37249236829572413
7,28825,2023-09-03,2023,,いわきFC,岡山,A,H,0.3572312711263059,0.2553265196678208,0.38744220920587336
7,28826,2023-09-03,2023,,栃木SC,藤枝MYFC,H,H,0.3067866638542483,0.3187859892886021,0.37442734685714957
7,28827,2023-09-03,2023,,ザスパクサツ群馬,町田,D,H,0.3434964141084193,0.24924972465970271,0.4072538612318779
7,28828,2023-09-03,2023,,千葉,熊本,H,D,0.3338893673840742,0.35531338659667655,0.3107972460192493
7,28829,2023-09-03,2023,,清水,徳島,D,H,0.3175055787898543,0.26452744312848436,0.41796697808166133
7,28830,2023-09-03,2023,,レノファ山口FC,水戸,A,H,0.37125567363906237,0.25105846724259395,0.3776858591183437
7,28831,2023-09-03,2023,,V・ファーレン長崎,大分,D,H,0.2660552369439275,0.33836003151286365,0.3955847315432088
7,29179,2023-09-03,2023,,アスルクラロ沼津,奈良クラブ,A,H,0.22592104098216179,0.3053252933415978,0.4687536656762404
7,29180,2023-09-03,2023,,FC大阪,松本山雅FC,H,A,0.35861509108178485,0.30891096120890116,0.3324739477093139
7,28832,2023-09-09,2023,,水戸,ツエーゲン金沢,H,H,0.3594788336463212,0.2623527531114797,0.3781684132421991
7,28833,2023-09-09,2023,,千葉,秋田,H,H,0.35241012649620806,0.26224557507199875,0.3853442984317932
7,28834,2023-09-09,2023,,東京V,レノファ山口FC,H,H,0.24572936386023292,0.3299169229855356,0.42435371315423154
7,28835,2023-09-09,2023,,町田,栃木SC,A,H,0.3458877285725494,0.2594519248081205,0.39466034661933014
7,28836,2023-09-09,2023,,甲府,大分,H,H,0.30511117508364904,0.32604743270751846,0.3688413922088325
7,28837,2023-09-09,2023,,岡山,仙台,H,H,0.3364994965520359,0.2833570098604907,0.38014349358747335
7,28838,2023-09-09,2023,,V・ファーレン長崎,ザスパクサツ群馬,H,A,0.3791571714271648,0.25189332330635555,0.3689495052664797
7,28841,2023-09-09,2023,,清水,山形,H,H,0.30658308544404284,0.3238700219934224,0.3695468925625347
7,28842,2023-09-09,2023,,磐田,大宮,H,H,0.3149179610862733,0.2979354560446602,0.3871465828690665
7,29181,2023-09-09,2023,,いわてグルージャ盛岡,FC大阪,A,H,0.32237881528805223,0.33150300112942094,0.34611818358252683
7,29182,2023-09-09,2023,,福島ユナイテッドFC,AC長野パルセイロ,A,H,0.2880198812860588,0.3556778682801062,0.3563022504338349
7,29183,2023-09-09,2023,,SC相模原,鹿児島ユナイテッドFC,A,H,0.31763940379628003,0.28568857659737174,0.3966720196063484
7,29184,2023-09-09,2023,,松本山雅FC,FC琉球,H,H,0.28861809559531804,0.30275591540379315,0.4086259890008888
7,29185,2023-09-09,2023,,FC岐阜,テゲバジャーロ宮崎,D,A,0.36237732892969526,0.3301528960097618,0.3074697750605429
7,29186,2023-09-09,2023,,奈良クラブ,FC今治,D,H,0.3327238386153925,0.300818379167063,0.36645778221754455
7,29187,2023-09-09,2023,,ガイナーレ鳥取,Y.S.C.C.横浜,H,A,0.36993678594672036,0.2746070962477528,0.35545611780552694
7,29188,2023-09-09,2023,,愛媛FC,アスルクラロ沼津,H,A,0.3828737158676918,0.30435850888259286,0.31276777524971533
7,29189,2023-09-09,2023,,ギラヴァンツ北九州,ヴァンラーレ八戸,H,A,0.34781073804363727,0.3253681028514954,0.32682115910486736
7,28839,2023-09-10,2023,,徳島,いわきFC,H,A,0.3714778177578061,0.28930284198158795,0.3392193402606059
7,28840,2023-09-10,2023,,熊本,藤枝MYFC,A,H,0.312056088412909,0.28833684720916886,0.3996070643779221
7,29190,2023-09-10,2023,,カマタマーレ讃岐,富山,H,H,0.28587398030626443,0.27671069572234663,0.4374153239713889
7,28402,2023-09-15,2023,,浦和,京都,D,A,0.3904027486990898,0.27469661800778883,0.33490063329312136
7,28403,2023-09-15,2023,,川崎F,FC東京,H,A,0.37490479677818295,0.2824161685237739,0.3426790346980432
7,28404,2023-09-15,2023,,横浜FM,鳥栖,D,D,0.2706497293092496,0.3658049466449833,0.3635453240457671
7,28843,2023-09-15,2023,,甲府,東京V,D,H,0.273689073577603,0.3310531403863183,0.3952577860360788
7,28397,2023-09-16,2023,,札幌,湘南,A,A,0.4088631064202371,0.2272403105444289,0.363896583035334
7,28398,2023-09-16,2023,,鹿島,C大阪,H,A,0.380906419354036,0.2873522869985923,0.33174129364737165
7,28401,2023-09-16,2023,,福岡,名古屋,H,H,0.29194659927654804,0.31599332102538386,0.39206007969806805
7,28405,2023-09-16,2023,,広島,神戸,H,H,0.30540786694200134,0.31527429402519863,0.3793178390328
7,28844,2023-09-16,2023,,秋田,V・ファーレン長崎,D,H,0.317724137841626,0.2605983669099274,0.4216774952484466
7,28845,2023-09-16,2023,,栃木SC,千葉,A,H,0.3677016145822347,0.2427854224097791,0.3895129630079863
7,28846,2023-09-16,2023,,大宮,熊本,A,A,0.4341302008139118,0.27637789626343007,0.2894919029226582
7,28847,2023-09-16,2023,,磐田,レノファ山口FC,D,H,0.32819549288996136,0.29011978098683633,0.38168472612320226
7,28848,2023-09-16,2023,,大分,徳島,D,H,0.3086635998433538,0.24198613289865661,0.44935026725798977
7,28849,2023-09-16,2023,,仙台,水戸,A,A,0.4228476433159221,0.2524926689803098,0.3246596877037681
7,28850,2023-09-16,2023,,山形,岡山,H,H,0.3407755473132831,0.17577600892104092,0.48344844376567586
7,29191,2023-09-16,2023,,ヴァンラーレ八戸,奈良クラブ,D,H,0.29221597198175303,0.33448244111831715,0.3733015868999299
7,29192,2023-09-16,2023,,SC相模原,FC岐阜,D,H,0.27045842130987663,0.33223075427223403,0.3973108244178894
7,29193,2023-09-16,2023,,ガイナーレ鳥取,福島ユナイテッドFC,D,D,0.3219637727120569,0.3678785375452333,0.31015768974270974
7,29194,2023-09-16,2023,,FC今治,AC長野パルセイロ,H,H,0.2903309941666052,0.3075532623262267,0.4021157435071682
7,29195,2023-09-16,2023,,ギラヴァンツ北九州,アスルクラロ沼津,A,H,0.3238027850935681,0.29299239552223344,0.3832048193841984
7,29197,2023-09-16,2023,,鹿児島ユナイテッドFC,カマタマーレ讃岐,D,H,0.30542823909217465,0.2834059507167627,0.41116581019106263
7,28399,2023-09-17,2023,,横浜FC,柏,A,A,0.37561413651252307,0.2500985095559755,0.3742873539315016
7,28400,2023-09-17,2023,,G大阪,新潟,D,H,0.29874219447367634,0.2614473071126503,0.4398104984136733
7,28851,2023-09-17,2023,,ザスパクサツ群馬,いわきFC,H,H,0.2834204205776963,0.3022639829844675,0.4143155964378363
7,28852,2023-09-17,2023,,ツエーゲン金沢,清水,A,H,0.29461110377266586,0.3041200748957049,0.4012688213316293
7,28853,2023-09-17,2023,,藤枝MYFC,町田,D,H,0.2992334728530412,0.31481144686897083,0.3859550802779881
7,29196,2023-09-17,2023,,テゲバジャーロ宮崎,松本山雅FC,A,H,0.38239137537710527,0.23070697002705698,0.3869016545958377
7,29198,2023-09-17,2023,,富山,FC大阪,H,H,0.32036739951050397,0.26719532453707756,0.4124372759524184
7,29199,2023-09-17,2023,,FC琉球,愛媛FC,A,A,0.38428251343481684,0.31410175798089957,0.30161572858428365
7,29200,2023-09-18,2023,,Y.S.C.C.横浜,いわてグルージャ盛岡,H,H,0.34551962371785894,0.3007148167469527,0.3537655595351884
7,28406,2023-09-23,2023,,FC東京,鳥栖,H,D,0.26893638587050706,0.3788852753953886,0.3521783387341044
7,28408,2023-09-23,2023,,柏,福岡,A,H,0.3307407023597328,0.33436500540785746,0.33489429223240974
7,28410,2023-09-23,2023,,新潟,横浜FC,H,A,0.3592729755577011,0.30637624080213594,0.33435078364016285
7,28411,2023-09-23,2023,,名古屋,札幌,D,A,0.38065159233096896,0.27400309468375955,0.3453453129852715
7,28412,2023-09-23,2023,,京都,広島,H,H,0.3357417992007053,0.29757348093941954,0.36668471985987516
7,28414,2023-09-23,2023,,神戸,C大阪,H,H,0.22774454219838633,0.28363239857990646,0.4886230592217073
7,28854,2023-09-23,2023,,秋田,山形,D,H,0.3000501732370684,0.22428864264394976,0.4756611841189818
7,28855,2023-09-23,2023,,いわきFC,ツエーゲン金沢,H,H,0.334362512813628,0.28393291986022656,0.38170456732614544
7,28856,2023-09-23,2023,,水戸,大分,A,H,0.30137260675672967,0.2618872144386213,0.4367401788046491
7,28857,2023-09-23,2023,,千葉,仙台,H,D,0.3407603047051901,0.3764180035456275,0.28282169174918237
7,28858,2023-09-23,2023,,レノファ山口FC,ザスパクサツ群馬,H,H,0.3300470777237175,0.29403019931401936,0.37592272296226314
7,28859,2023-09-23,2023,,V・ファーレン長崎,町田,A,A,0.36220947404878695,0.2765347398865522,0.3612557860646608
7,29201,2023-09-23,2023,,いわてグルージャ盛岡,テゲバジャーロ宮崎,H,D,0.31862128630025977,0.34773808243138743,0.33364063126835286
7,29202,2023-09-23,2023,,AC長野パルセイロ,富山,H,H,0.2946164850417032,0.2458067884722787,0.4595767264860181
7,29203,2023-09-23,2023,,奈良クラブ,FC琉球,A,H,0.2235280393698169,0.354025703964617,0.4224462566655661
7,29204,2023-09-23,2023,,愛媛FC,鹿児島ユナイテッドFC,A,D,0.3096993289002367,0.35958981061901013,0.3307108604807532
7,29205,2023-09-23,2023,,FC今治,ヴァンラーレ八戸,H,H,0.34802198902537074,0.2956985094192195,0.3562795015554098
7,28407,2023-09-24,2023,,鹿島,横浜FM,A,H,0.3219308309572744,0.2886965278493192,0.3893726411934065
7,28409,2023-09-24,2023,,湘南,川崎F,A,H,0.22337188429852875,0.34319318601268495,0.4334349296887863
7,28413,2023-09-24,2023,,G大阪,浦和,A,A,0.38141468438774156,0.3071385874858045,0.31144672812645396
7,28860,2023-09-24,2023,,清水,甲府,D,H,0.3250275373231966,0.3191512951682985,0.355821167508505
7,28861,2023-09-24,2023,,東京V,藤枝MYFC,D,H,0.3282718103981782,0.2488886947580938,0.422839494843728
7,28862,2023-09-24,2023,,岡山,磐田,H,H,0.35337243891577846,0.282490432252816,0.3641371288314057
7,28863,2023-09-24,2023,,徳島,大宮,A,D,0.2585951614219619,0.386205846912728,0.35519899166531005
7,28864,2023-09-24,2023,,熊本,栃木SC,H,D,0.2377629181851859,0.3962186094419272,0.366018472372887
7,29206,2023-09-24,2023,,福島ユナイテッドFC,SC相模原,D,H,0.2723555238778581,0.3353891683132599,0.3922553078088819
7,29207,2023-09-24,2023,,松本山雅FC,FC岐阜,D,D,0.2707438017988747,0.37783495022250785,0.3514212479786174
7,29208,2023-09-24,2023,,アスルクラロ沼津,ガイナーレ鳥取,A,H,0.3441045701158373,0.28414095644996706,0.37175447343419576
7,29209,2023-09-24,2023,,FC大阪,ギラヴァンツ北九州,D,H,0.32563886866765773,0.31228746174098704,0.36207366959135523
7,29210,2023-09-24,2023,,カマタマーレ讃岐,Y.S.C.C.横浜,A,H,0.2803607880382715,0.25960703210644576,0.4600321798552826
8,28808,2023-09-27,2023,,ザスパクサツ群馬,ツエーゲン金沢,D,H,0.30616960453200387,0.30894261744815704,0.38488777801983903
8,28886,2023-09-27,2023,,徳島,熊本,A,A,0.4442247218154809,0.2689535114579757,0.2868217667265433
8,28420,2023-09-29,2023,,浦和,横浜FC,D,D,0.3090074359634908,0.3698002241872509,0.32119233984925843
8,28421,2023-09-29,2023,,川崎F,新潟,A,H,0.3624256470136132,0.23800919030701245,0.39956516267937436
8,28422,2023-09-29,2023,,横浜FM,神戸,A,H,0.29004400512993794,0.35159382371798975,0.35836217115207225
8,28415,2023-09-30,2023,,札幌,柏,A,H,0.3446821071070344,0.291673414549515,0.3636444783434506
8,28417,2023-09-30,2023,,C大阪,湘南,A,A,0.36007360251802756,0.307663022095829,0.3322633753861435
8,28418,2023-09-30,2023,,福岡,鹿島,D,H,0.2844811537313918,0.2870648071262992,0.428454039142309
8,28419,2023-09-30,2023,,鳥栖,京都,H,D,0.3125741260609423,0.34587374879347405,0.3415521251455836
8,28423,2023-09-30,2023,,広島,名古屋,H,H,0.3478508955520815,0.3000200222579847,0.3521290821899339
8,28865,2023-09-30,2023,,甲府,水戸,H,H,0.3089228995906499,0.28209208857499857,0.4089850118343516
8,28866,2023-09-30,2023,,藤枝MYFC,清水,H,H,0.3011862832106266,0.3264586050406117,0.37235511174876174
8,28867,2023-09-30,2023,,大分,大宮,A,A,0.38769884249133546,0.2890651896372478,0.3232359678714167
8,28868,2023-09-30,2023,,仙台,熊本,H,H,0.34245865381116974,0.30318774852837277,0.3543535976604574
8,29211,2023-09-30,2023,,ヴァンラーレ八戸,松本山雅FC,A,A,0.42769595969486596,0.23984860196385424,0.3324554383412798
8,29212,2023-09-30,2023,,SC相模原,ギラヴァンツ北九州,H,H,0.32255238389381197,0.31349180495558904,0.36395581115059916
8,29213,2023-09-30,2023,,FC琉球,AC長野パルセイロ,D,H,0.25971683225760456,0.36696964415395245,0.37331352358844294
8,28416,2023-10-01,2023,,FC東京,G大阪,H,H,0.3341827159606938,0.2627717452473492,0.403045538791957
8,28869,2023-10-01,2023,,山形,徳島,A,H,0.3052828182373744,0.2914573919009457,0.4032597898616798
8,28870,2023-10-01,2023,,栃木SC,秋田,A,A,0.3705982311562949,0.27977034718296967,0.3496314216607353
8,28871,2023-10-01,2023,,ザスパクサツ群馬,東京V,D,H,0.273698497872205,0.2647909188000843,0.4615105833277107
8,28872,2023-10-01,2023,,町田,いわきFC,A,A,0.3576478455463804,0.33080230357980844,0.31154985087381104
8,28873,2023-10-01,2023,,磐田,V・ファーレン長崎,H,H,0.3183909127189493,0.323465986420781,0.3581431008602696
8,28874,2023-10-01,2023,,岡山,千葉,A,H,0.33219151190261387,0.26495874729584024,0.40284974080154595
8,28875,2023-10-01,2023,,レノファ山口FC,ツエーゲン金沢,H,H,0.29651178420374097,0.2794763768175036,0.42401183897875544
8,29214,2023-10-01,2023,,富山,愛媛FC,H,A,0.41662299182784523,0.29041095993657323,0.29296604823558153
8,29215,2023-10-01,2023,,アスルクラロ沼津,いわてグルージャ盛岡,A,H,0.2933401385553369,0.299110368060686,0.40754949338397706
8,29216,2023-10-01,2023,,FC岐阜,福島ユナイテッドFC,A,A,0.4185539840337047,0.2771039979256582,0.30434201804063704
8,29217,2023-10-01,2023,,ガイナーレ鳥取,FC今治,H,H,0.3432285657497347,0.2527723573344886,0.4039990769157767
8,29218,2023-10-01,2023,,カマタマーレ讃岐,FC大阪,D,H,0.32928482080663024,0.2926196419499014,0.3780955372434684
8,29219,2023-10-01,2023,,テゲバジャーロ宮崎,奈良クラブ,A,H,0.35474736695265335,0.2717321438346909,0.37352048921265557
8,29220,2023-10-01,2023,,鹿児島ユナイテッドFC,Y.S.C.C.横浜,H,A,0.379728742742328,0.26300590057422485,0.3572653566834473
8,29230,2023-10-05,2023,,FC大阪,鹿児島ユナイテッドFC,A,H,0.33417229514294583,0.2827232721566801,0.38310443270037414
8,28876,2023-10-07,2023,,大宮,レノファ山口FC,H,H,0.33865528290639946,0.3165645192944646,0.34478019779913593
8,28877,2023-10-07,2023,,東京V,大分,H,H,0.3261399606199664,0.26855153273446253,0.40530850664557105
8,28878,2023-10-07,2023,,清水,磐田,H,H,0.3338119619227993,0.287827784461936,0.37836025361526454
8,28879,2023-10-07,2023,,V・ファーレン長崎,藤枝MYFC,H,A,0.37416324621218017,0.2969949249461077,0.3288418288417122
8,29221,2023-10-07,2023,,FC琉球,カマタマーレ讃岐,H,A,0.3843297768575986,0.2799562764077633,0.33571394673463795
8,28880,2023-10-08,2023,,山形,栃木SC,H,H,0.30151299209771476,0.34185527452738396,0.3566317333749013
8,28881,2023-10-08,2023,,いわきFC,仙台,D,A,0.35995878636664536,0.3161213899241854,0.3239198237091692
8,28882,2023-10-08,2023,,ザスパクサツ群馬,岡山,D,H,0.3203888204400342,0.2759129744451804,0.40369820511478544
8,28883,2023-10-08,2023,,千葉,水戸,D,H,0.3180920156303711,0.2480867689297249,0.4338212154399041
8,28884,2023-10-08,2023,,町田,甲府,D,D,0.32946864628780415,0.36271936998705784,0.30781198372513807
8,28885,2023-10-08,2023,,ツエーゲン金沢,秋田,A,H,0.35453808114658236,0.2869390361871548,0.3585228826662627
8,29222,2023-10-08,2023,,福島ユナイテッドFC,FC今治,A,D,0.32221637080959054,0.3764270524418804,0.30135657674852906
8,29223,2023-10-08,2023,,Y.S.C.C.横浜,奈良クラブ,H,H,0.32842360875254595,0.24550746195191042,0.4260689292955437
8,29224,2023-10-08,2023,,松本山雅FC,いわてグルージャ盛岡,A,H,0.32498519231904976,0.2877222317711583,0.387292575909792
8,29225,2023-10-08,2023,,AC長野パルセイロ,ヴァンラーレ八戸,D,D,0.30086265911589827,0.35191107031306756,0.3472262705710342
8,29226,2023-10-08,2023,,FC岐阜,アスルクラロ沼津,H,A,0.3629953385766771,0.27745158150483823,0.3595530799184846
8,29227,2023-10-08,2023,,ガイナーレ鳥取,SC相模原,D,H,0.3251362240215376,0.2828503207668391,0.3920134552116234
8,29228,2023-10-08,2023,,愛媛FC,テゲバジャーロ宮崎,D,A,0.37981841715884557,0.3052066672905694,0.314974915550585
8,29229,2023-10-08,2023,,ギラヴァンツ北九州,富山,A,H,0.3089780362643035,0.2639392623591806,0.427082701376516
8,28745,2023-10-14,2023,,秋田,町田,A,H,0.35239638359723713,0.24700387856063297,0.40059973784213
8,28816,2023-10-14,2023,,藤枝MYFC,ザスパクサツ群馬,H,A,0.3676005628756939,0.2951806441588494,0.3372187929654566
8,29231,2023-10-14,2023,,いわてグルージャ盛岡,FC琉球,D,H,0.34541121085998894,0.30024550843969006,0.3543432807003212
8,29232,2023-10-14,2023,,奈良クラブ,福島ユナイテッドFC,D,D,0.2568975024192524,0.46316014358892327,0.2799423539918243
8,29233,2023-10-15,2023,,ヴァンラーレ八戸,鹿児島ユナイテッドFC,H,D,0.31578197706021766,0.37722810197027223,0.30698992096951006
8,29234,2023-10-15,2023,,松本山雅FC,AC長野パルセイロ,H,H,0.26897190104925545,0.3522465806154452,0.3787815183352993
8,29235,2023-10-15,2023,,富山,アスルクラロ沼津,A,H,0.3398877676152218,0.30462285166739694,0.35548938071738123
8,29236,2023-10-15,2023,,FC大阪,FC岐阜,D,A,0.3954186430244543,0.2835301620742883,0.32105119490125744
8,29237,2023-10-15,2023,,カマタマーレ讃岐,ガイナーレ鳥取,A,H,0.21787431119041634,0.3032014323183408,0.478924256491243
8,29238,2023-10-15,2023,,愛媛FC,ギラヴァンツ北九州,H,A,0.3936019796671454,0.2616369683454477,0.34476105198740703
8,29239,2023-10-15,2023,,FC今治,Y.S.C.C.横浜,A,A,0.44477134926287065,0.24307627866514725,0.31215237207198204
8,29240,2023-10-15,2023,,テゲバジャーロ宮崎,SC相模原,D,H,0.3535632111825722,0.27124493899271207,0.37519184982471576
8,28429,2023-10-20,2023,,浦和,柏,H,A,0.39849843419183506,0.2396970121541996,0.3618045536539653
8,28430,2023-10-20,2023,,川崎F,福岡,H,A,0.3717157444005749,0.321459610536454,0.3068246450629712
8,28887,2023-10-20,2023,,甲府,V・ファーレン長崎,D,H,0.2686341108398844,0.34973669491084175,0.3816291942492739
8,28424,2023-10-21,2023,,横浜FC,FC東京,H,D,0.2962001287484638,0.3866462902155696,0.3171535810359666
8,28425,2023-10-21,2023,,新潟,鳥栖,D,H,0.33837520103106744,0.2972605642150748,0.3643642347538579
8,28426,2023-10-21,2023,,京都,湘南,A,A,0.43715301394475226,0.18984495335042367,0.3730020327048241
8,28427,2023-10-21,2023,,G大阪,名古屋,A,A,0.37545778092111354,0.2715185985968212,0.35302362048206526
8,28428,2023-10-21,2023,,神戸,鹿島,H,A,0.35026492324660613,0.3287395983831977,0.32099547837019615
8,28431,2023-10-21,2023,,横浜FM,札幌,H,H,0.27943675994269224,0.27957740415307875,0.4409858359042291
8,28432,2023-10-21,2023,,広島,C大阪,D,H,0.27201274182125756,0.3251514046619134,0.402835853516829
8,28888,2023-10-21,2023,,いわきFC,清水,A,A,0.3393822632527051,0.322594374240813,0.33802336250648196
8,29241,2023-10-21,2023,,SC相模原,愛媛FC,A,A,0.3791644288452225,0.3081800351532039,0.3126555360015735
8,29242,2023-10-21,2023,,FC琉球,FC今治,A,H,0.28031030087432224,0.3273911413315821,0.3922985577940957
8,28889,2023-10-22,2023,,秋田,仙台,A,H,0.3268598421348844,0.2849697240225272,0.3881704338425884
8,28890,2023-10-22,2023,,水戸,ザスパクサツ群馬,A,A,0.33420610744975443,0.3329992066057261,0.33279468594451944
8,28891,2023-10-22,2023,,栃木SC,大分,D,A,0.4078998030621383,0.3139255556610382,0.27817464127682345
8,28892,2023-10-22,2023,,東京V,千葉,H,H,0.3095359044669337,0.34363537293638635,0.34682872259668
8,28893,2023-10-22,2023,,ツエーゲン金沢,山形,A,H,0.32108397983075404,0.2856285716386886,0.3932874485305573
8,28894,2023-10-22,2023,,藤枝MYFC,大宮,A,H,0.32617102323618463,0.31569116323522195,0.35813781352859336
8,28895,2023-10-22,2023,,レノファ山口FC,岡山,D,H,0.33383979239717126,0.3046956679869278,0.36146453961590086
8,28896,2023-10-22,2023,,徳島,磐田,A,H,0.32711753941557786,0.3004003259098491,0.3724821346745731
8,28897,2023-10-22,2023,,熊本,町田,A,H,0.3088255012282418,0.290108973087159,0.40106552568459913
8,29243,2023-10-22,2023,,福島ユナイテッドFC,ヴァンラーレ八戸,A,H,0.28215366017596877,0.3164300787849108,0.4014162610391205
8,29244,2023-10-22,2023,,Y.S.C.C.横浜,テゲバジャーロ宮崎,H,H,0.29782589278841576,0.32634115252347384,0.37583295468811045
8,29245,2023-10-22,2023,,AC長野パルセイロ,FC大阪,A,A,0.37744210860524546,0.2788766439584723,0.3436812474362822
8,29246,2023-10-22,2023,,アスルクラロ沼津,松本山雅FC,H,A,0.37888420812503065,0.25733799859453643,0.3637777932804329
8,29247,2023-10-22,2023,,FC岐阜,奈良クラブ,A,H,0.26788224466926364,0.2602733783352088,0.47184437699552756
8,29248,2023-10-22,2023,,ガイナーレ鳥取,富山,A,A,0.3757377493511373,0.28103858961902817,0.34322366102983454
8,29249,2023-10-22,2023,,カマタマーレ讃岐,ギラヴァンツ北九州,H,A,0.40684733611459506,0.2968553584244037,0.2962973054610012
8,29250,2023-10-22,2023,,鹿児島ユナイテッドFC,いわてグルージャ盛岡,H,H,0.3299233197501446,0.28177941932547257,0.38829726092438277
8,28438,2023-10-27,2023,,名古屋,鳥栖,D,H,0.2766043096960926,0.33069323430055375,0.3927024560033536
8,28433,2023-10-28,2023,,札幌,横浜FC,H,H,0.2968525173710802,0.33594249688944,0.3672049857394798
8,28434,2023-10-28,2023,,鹿島,浦和,D,H,0.33540495507121126,0.30230444832636555,0.36229059660242324
8,28436,2023-10-28,2023,,FC東京,広島,A,A,0.3724556249767052,0.2729434395086144,0.3546009355146803
8,28437,2023-10-28,2023,,湘南,神戸,D,H,0.29656876172840707,0.3260911940321719,0.3773400442394211
8,28439,2023-10-28,2023,,京都,新潟,A,A,0.37230293335426157,0.3530387346990574,0.27465833194668104
8,28440,2023-10-28,2023,,C大阪,G大阪,H,A,0.39139496882192304,0.2951627044416549,0.3134423267364221
8,28441,2023-10-28,2023,,福岡,横浜FM,A,H,0.34748548545717517,0.301131653475618,0.35138286106720695
8,28898,2023-10-28,2023,,清水,熊本,A,H,0.3076842527561171,0.2988943149806922,0.3934214322631907
8,28899,2023-10-28,2023,,磐田,東京V,D,H,0.31554673090419827,0.3031828305010706,0.38127043859473103
8,28900,2023-10-28,2023,,藤枝MYFC,水戸,H,H,0.32224010073905557,0.33144068350070455,0.3463192157602399
8,28901,2023-10-28,2023,,V・ファーレン長崎,徳島,A,H,0.34266095792356455,0.3057200360313134,0.35161900604512214
8,28902,2023-10-28,2023,,仙台,レノファ山口FC,D,H,0.31759038910390724,0.3050014931968536,0.3774081176992391
8,29251,2023-10-28,2023,,SC相模原,松本山雅FC,A,A,0.3578668093611848,0.3254831177609404,0.3166500728778747
8,29252,2023-10-28,2023,,FC大阪,ガイナーレ鳥取,D,H,0.30871952353837007,0.293157509598349,0.39812296686328097
8,29253,2023-10-28,2023,,奈良クラブ,愛媛FC,A,D,0.25575764565456377,0.43980227257326504,0.30444008177217113
8,28435,2023-10-29,2023,,柏,川崎F,D,H,0.3403494771930385,0.316848016061119,0.3428025067458424
8,28903,2023-10-29,2023,,山形,ザスパクサツ群馬,H,A,0.37737580951388866,0.2628865054426771,0.3597376850434341
8,28904,2023-10-29,2023,,大宮,甲府,A,H,0.28688897423998544,0.34348352166731316,0.3696275040927015
8,28905,2023-10-29,2023,,千葉,いわきFC,H,H,0.3137493775088063,0.2470803943201172,0.4391702281710764
8,28906,2023-10-29,2023,,町田,ツエーゲン金沢,H,A,0.37387188777377106,0.34738883343610766,0.2787392787901213
8,28907,2023-10-29,2023,,岡山,栃木SC,D,H,0.30296441551363856,0.32960337220024516,0.36743221228611617
8,28908,2023-10-29,2023,,大分,秋田,H,A,0.43970688556178555,0.2812439146559223,0.2790491997822922
8,29254,2023-10-29,2023,,ヴァンラーレ八戸,カマタマーレ讃岐,D,H,0.2939710783775576,0.2713005849254094,0.43472833669703304
8,29255,2023-10-29,2023,,福島ユナイテッドFC,鹿児島ユナイテッドFC,A,H,0.29781509877826806,0.26793289821727545,0.4342520030044564
8,29256,2023-10-29,2023,,AC長野パルセイロ,アスルクラロ沼津,H,A,0.37732795702986494,0.2842183423015037,0.33845370066863134
8,29257,2023-10-29,2023,,富山,FC岐阜,D,H,0.3267951861435845,0.27965524295025757,0.393549570906158
8,29258,2023-10-29,2023,,FC今治,いわてグルージャ盛岡,A,H,0.292911153215492,0.30671667302479627,0.40037217375971185
8,29259,2023-10-29,2023,,ギラヴァンツ北九州,Y.S.C.C.横浜,A,H,0.29651403763268463,0.3336145012643176,0.3698714611029978
8,29260,2023-10-29,2023,,テゲバジャーロ宮崎,FC琉球,A,H,0.3515819765004794,0.26012422603725555,0.388293797462265
8,28909,2023-11-03,2023,,甲府,熊本,H,H,0.24054495242112056,0.33322612313096867,0.42622892444791066
8,28910,2023-11-04,2023,,いわきFC,山形,A,A,0.3976940805028011,0.25469124191456693,0.3476146775826319
8,28911,2023-11-04,2023,,ツエーゲン金沢,大分,D,D,0.30233613116467783,0.39898823951562107,0.29867562931970104
8,28912,2023-11-04,2023,,徳島,藤枝MYFC,D,H,0.3661541534427852,0.26095494819333037,0.37289089836388445
8,28913,2023-11-04,2023,,V・ファーレン長崎,仙台,H,A,0.3785614435187151,0.31064053429389415,0.31079802218739083
8,28918,2023-11-04,2023,,清水,大宮,H,A,0.3697798443925757,0.29680682469098574,0.3334133309164386
8,28919,2023-11-04,2023,,磐田,水戸,H,H,0.36158302896174654,0.24693887344995216,0.39147809758830143
8,29261,2023-11-04,2023,,いわてグルージャ盛岡,ガイナーレ鳥取,D,H,0.3041079254234875,0.23049155374324945,0.46540052083326305
8,29262,2023-11-04,2023,,FC岐阜,ヴァンラーレ八戸,H,H,0.2403315902028497,0.37303154852792925,0.3866368612692211
8,29264,2023-11-04,2023,,FC琉球,富山,A,H,0.36352681820317706,0.2553260421947629,0.38114713960206004
8,28914,2023-11-05,2023,,ザスパクサツ群馬,千葉,A,H,0.27876314156911614,0.30098507272196934,0.42025178570891447
8,28915,2023-11-05,2023,,東京V,栃木SC,H,A,0.3500714093271598,0.3054120208939949,0.3445165697788452
8,28916,2023-11-05,2023,,岡山,秋田,A,D,0.3368482706406423,0.3436425947357366,0.319509134623621
8,28917,2023-11-05,2023,,レノファ山口FC,町田,A,H,0.3238993437482855,0.24558365329140064,0.4305170029603139
8,29263,2023-11-05,2023,,FC大阪,福島ユナイテッドFC,H,A,0.38055724522512674,0.2875715661858398,0.3318711885890334
8,29265,2023-11-05,2023,,松本山雅FC,ギラヴァンツ北九州,H,H,0.29633280670877515,0.2685287051081721,0.4351384881830528
8,29266,2023-11-05,2023,,アスルクラロ沼津,テゲバジャーロ宮崎,A,H,0.2762089727154693,0.3386556730649503,0.3851353542195805
8,29267,2023-11-05,2023,,カマタマーレ讃岐,AC長野パルセイロ,A,D,0.2910240183164781,0.3588572818983646,0.35011869978515725
8,29268,2023-11-05,2023,,愛媛FC,Y.S.C.C.横浜,H,H,0.2992998128785675,0.3384215271279704,0.3622786599934621
8,29269,2023-11-05,2023,,FC今治,SC相模原,A,H,0.29139287524938784,0.27515232418760394,0.4334548005630083
8,29270,2023-11-05,2023,,鹿児島ユナイテッドFC,奈良クラブ,D,H,0.28646813049663505,0.2591862937757773,0.4543455757275876
8,28442,2023-11-11,2023,,札幌,広島,D,H,0.357453316397794,0.2678445297428534,0.3747021538593526
8,28443,2023-11-11,2023,,鹿島,柏,D,H,0.3354446854381396,0.2998494275440521,0.36470588701780843
8,28447,2023-11-11,2023,,湘南,名古屋,H,A,0.38014770823562316,0.303442824368697,0.3164094673956798
8,28448,2023-11-11,2023,,新潟,FC東京,D,A,0.36124659498840045,0.315577062509932,0.3231763425016676
8,28449,2023-11-11,2023,,G大阪,福岡,A,H,0.35734973283329907,0.2823131746449151,0.36033709252178575
8,28450,2023-11-11,2023,,鳥栖,横浜FC,A,A,0.35364462186746237,0.32856899742294043,0.31778638070959714
8,29271,2023-11-11,2023,,Y.S.C.C.横浜,アスルクラロ沼津,A,A,0.35210883313497604,0.3412921098508989,0.30659905701412515
8,29272,2023-11-11,2023,,愛媛FC,FC今治,H,H,0.272758878590645,0.3081359661682023,0.41910515524115277
8,29273,2023-11-11,2023,,ギラヴァンツ北九州,いわてグルージャ盛岡,H,A,0.3774013678668921,0.34637566827007726,0.27622296386303063
8,29274,2023-11-11,2023,,FC琉球,鹿児島ユナイテッドFC,H,A,0.345883374466691,0.32593606251260165,0.3281805630207073
8,28444,2023-11-12,2023,,浦和,神戸,A,A,0.4508602109312863,0.30331478701936415,0.24582500204934954
8,28445,2023-11-12,2023,,川崎F,京都,D,H,0.3270000624525001,0.3119009277933023,0.3610990097541976
8,28446,2023-11-12,2023,,横浜FM,C大阪,H,H,0.30120757703012896,0.2996961971211171,0.399096225848754
8,28920,2023-11-12,2023,,仙台,町田,A,H,0.32953250259270916,0.29158570566864456,0.37888179173864617
8,28921,2023-11-12,2023,,秋田,徳島,D,H,0.3150719067880249,0.30772785365611605,0.37720023955585924
8,28922,2023-11-12,2023,,山形,甲府,H,H,0.32013335052147496,0.2925531886891878,0.38731346078933726
8,28923,2023-11-12,2023,,水戸,清水,D,D,0.3207436699762211,0.34656832145059546,0.3326880085731833
8,28924,2023-11-12,2023,,栃木SC,磐田,A,H,0.24891315995321528,0.3608119461107723,0.39027489393601256
8,28925,2023-11-12,2023,,大宮,東京V,A,D,0.327798313008914,0.3412743838832685,0.3309273031078176
8,28926,2023-11-12,2023,,千葉,V・ファーレン長崎,A,H,0.2812365898868638,0.32824890807850277,0.3905145020346334
8,28927,2023-11-12,2023,,ツエーゲン金沢,岡山,D,D,0.3315993754597742,0.34800717173916745,0.32039345280105846
8,28928,2023-11-12,2023,,藤枝MYFC,いわきFC,A,A,0.48746033277031364,0.14879641036534083,0.36374325686434555
8,28929,2023-11-12,2023,,熊本,レノファ山口FC,H,D,0.2778147909613816,0.41443278807737943,0.30775242096123895
8,28930,2023-11-12,2023,,大分,ザスパクサツ群馬,H,A,0.3925506753806007,0.2311101698704709,0.3763391547489285
8,29275,2023-11-12,2023,,福島ユナイテッドFC,松本山雅FC,D,A,0.3724021205897527,0.29324600358458175,0.3343518758256657
8,29276,2023-11-12,2023,,SC相模原,FC大阪,H,A,0.35723059215993763,0.3005120659281987,0.3422573419118637
8,29277,2023-11-12,2023,,富山,奈良クラブ,A,H,0.26290697015403314,0.27322740206206314,0.4638656277839037
8,29278,2023-11-12,2023,,FC岐阜,カマタマーレ讃岐,H,H,0.32499044832573576,0.3222804757773835,0.3527290758968807
8,29279,2023-11-12,2023,,ガイナーレ鳥取,AC長野パルセイロ,A,A,0.4189128873402618,0.2891250960922535,0.2919620165674847
8,29280,2023-11-12,2023,,テゲバジャーロ宮崎,ヴァンラーレ八戸,A,H,0.2613752822620788,0.27216603299895803,0.4664586847389632
8,29281,2023-11-18,2023,,松本山雅FC,Y.S.C.C.横浜,A,H,0.30739408363546356,0.286800778942231,0.4058051374223054
8,29282,2023-11-18,2023,,FC大阪,テゲバジャーロ宮崎,D,H,0.3602433858816069,0.20229020987857335,0.43746640423981964
8,29283,2023-11-18,2023,,奈良クラブ,SC相模原,H,H,0.3146833221837917,0.3243713627908819,0.3609453150253263
8,29284,2023-11-19,2023,,ヴァンラーレ八戸,富山,H,H,0.3156571776389004,0.2671847779703411,0.4171580443907585
8,29285,2023-11-19,2023,,いわてグルージャ盛岡,FC岐阜,H,H,0.3102153490315855,0.28421814632569115,0.40556650464272337
8,29286,2023-11-19,2023,,福島ユナイテッドFC,愛媛FC,H,D,0.3274943157350372,0.37181610559643624,0.3006895786685266
8,29287,2023-11-19,2023,,AC長野パルセイロ,ギラヴァンツ北九州,D,A,0.369823473827876,0.3096072346067093,0.3205692915654145
8,29288,2023-11-19,2023,,アスルクラロ沼津,カマタマーレ讃岐,A,H,0.2571593624801777,0.340428133752096,0.4024125037677264
8,29289,2023-11-19,2023,,ガイナーレ鳥取,FC琉球,H,A,0.40154436742177324,0.3279008046492556,0.2705548279289713
8,29290,2023-11-19,2023,,FC今治,鹿児島ユナイテッドFC,H,H,0.36858972640950816,0.2451612822364722,0.3862489913540196
8,28457,2023-11-24,2023,,川崎F,鹿島,H,H,0.3038812610054044,0.297314378406629,0.3988043605879665
8,28458,2023-11-24,2023,,横浜FM,新潟,D,H,0.28626497183877564,0.2756228826918731,0.4381121454693513
8,28451,2023-11-25,2023,,柏,鳥栖,D,D,0.2634586095196987,0.3757431778443621,0.36079821263593925
8,28452,2023-11-25,2023,,FC東京,札幌,A,H,0.29538183226728126,0.30610549312796576,0.39851267460475304
8,28453,2023-11-25,2023,,横浜FC,湘南,A,H,0.3616453296035456,0.2733315673903644,0.36502310300609003
8,28454,2023-11-25,2023,,C大阪,京都,A,H,0.2779636449554863,0.3543634131790823,0.3676729418654314
8,28455,2023-11-25,2023,,神戸,名古屋,H,H,0.2808174181752127,0.31462081121015567,0.4045617706146316
8,28456,2023-11-25,2023,,浦和,福岡,A,H,0.3575852072607198,0.2709011093763029,0.37151368336297735
8,28459,2023-11-25,2023,,広島,G大阪,H,D,0.3647723593437814,0.3736356549385599,0.2615919857176588
8,29291,2023-11-25,2023,,FC今治,FC大阪,H,A,0.4183033035251229,0.3024556518023976,0.27924104467247957
8,29292,2023-11-25,2023,,FC琉球,FC岐阜,A,A,0.3524068874518404,0.29756795559442395,0.3500251569537357
8,29293,2023-11-26,2023,,Y.S.C.C.横浜,AC長野パルセイロ,D,D,0.23458527555291464,0.4254910157379788,0.33992370870910654
8,29294,2023-11-26,2023,,SC相模原,いわてグルージャ盛岡,D,A,0.35233455233678035,0.34412481364285413,0.30354063402036563
8,29295,2023-11-26,2023,,奈良クラブ,ガイナーレ鳥取,A,H,0.3300664767291977,0.2976741514589255,0.3722593718118769
8,29296,2023-11-26,2023,,カマタマーレ讃岐,松本山雅FC,D,H,0.35979292900897253,0.27491001610078725,0.3652970548902401
8,29297,2023-11-26,2023,,愛媛FC,ヴァンラーレ八戸,A,H,0.31091986942216726,0.3151343005159984,0.37394583006183435
8,29298,2023-11-26,2023,,ギラヴァンツ北九州,福島ユナイテッドFC,A,A,0.38533763677801675,0.3387704055877818,0.27589195763420155
8,29299,2023-11-26,2023,,テゲバジャーロ宮崎,富山,A,H,0.34220895735620355,0.2265674843760188,0.4312235582677777
8,29300,2023-11-26,2023,,鹿児島ユナイテッドFC,アスルクラロ沼津,H,A,0.3752385470367708,0.288866636847198,0.33589481611603117
8,29301,2023-12-02,2023,,ヴァンラーレ八戸,SC相模原,D,H,0.30103424954993097,0.30201241065153556,0.3969533397985335
8,29302,2023-12-02,2023,,いわてグルージャ盛岡,カマタマーレ讃岐,H,H,0.3009793091792657,0.2911019666768903,0.40791872414384406
8,29303,2023-12-02,2023,,福島ユナイテッドFC,FC琉球,D,A,0.40800333894099255,0.2768029691055437,0.3151936919534637
8,29304,2023-12-02,2023,,松本山雅FC,奈良クラブ,A,H,0.22443372234746098,0.27275264851799436,0.5028136291345446
8,29305,2023-12-02,2023,,AC長野パルセイロ,テゲバジャーロ宮崎,D,D,0.2757244807562812,0.4171232968932878,0.30715222235043116
8,29306,2023-12-02,2023,,富山,Y.S.C.C.横浜,H,H,0.3050668404066918,0.3300529710597556,0.36488018853355253
8,29307,2023-12-02,2023,,アスルクラロ沼津,FC今治,A,H,0.28586482899012183,0.314172299760529,0.39996287124934915
8,29308,2023-12-02,2023,,FC岐阜,ギラヴァンツ北九州,A,A,0.3607975251496655,0.3208189820186819,0.3183834928316526
8,29309,2023-12-02,2023,,FC大阪,愛媛FC,A,D,0.30419180909284194,0.4165006953305398,0.2793074955766182
8,29310,2023-12-02,2023,,ガイナーレ鳥取,鹿児島ユナイテッドFC,D,H,0.349076572427298,0.28920165817667787,0.3617217693960241
8,28460,2023-12-03,2023,,札幌,浦和,A,A,0.37480107830570514,0.312516252581144,0.3126826691131509
8,28461,2023-12-03,2023,,鹿島,横浜FC,H,H,0.3113230747934007,0.33738726577679734,0.3512896594298019
8,28462,2023-12-03,2023,,湘南,FC東京,A,H,0.3311103835536584,0.2981240955346829,0.37076552091165876
8,28463,2023-12-03,2023,,新潟,C大阪,H,D,0.27727009273150227,0.38126790227142116,0.3414620049970767
8,28464,2023-12-03,2023,,名古屋,柏,D,H,0.3526879962700208,0.27082255642233516,0.376489447307644
8,28465,2023-12-03,2023,,京都,横浜FM,H,H,0.3157218613715265,0.30849406923651557,0.375784069391958
8,28466,2023-12-03,2023,,G大阪,神戸,A,H,0.2623000916718984,0.335708743294024,0.4019911650340777
8,28467,2023-12-03,2023,,福岡,広島,A,H,0.23763334843427592,0.34345578405026794,0.4189108675154562
8,28468,2023-12-03,2023,,鳥栖,川崎F,A,H,0.2810299376906221,0.3518444606206655,0.3671256016887125
9,30430,2024-02-23,2024,,広島,浦和,H,A,0.3831082860292909,0.3240400569454581,0.29285165702525096
9,30431,2024-02-23,2024,,名古屋,鹿島,A,A,0.40766257361182795,0.3442582674383216,0.24807915894985055
9,29669,2024-02-24,2024,,大宮,ヴァンラーレ八戸,H,A,0.3937652763526958,0.2267332027365787,0.3795015209107254
9,29670,2024-02-24,2024,,奈良クラブ,FC琉球,A,D,0.3230912560325551,0.3518681263428082,0.3250406176246367
9,29671,2024-02-24,2024,,ギラヴァンツ北九州,SC相模原,A,A,0.3948071950893709,0.2669625518842274,0.3382302530264016
9,29672,2024-02-24,2024,,FC岐阜,福島ユナイテッドFC,H,A,0.4037630871821542,0.30575872436888785,0.290478188448958
9,30049,2024-02-24,2024,,水戸,いわきFC,H,A,0.4111061263294707,0.24649982575504858,0.3423940479154808
9,30050,2024-02-24,2024,,横浜FC,レノファ山口FC,D,A,0.524508276128121,0.20988785320255268,0.2656038706693264
9,30051,2024-02-24,2024,,藤枝MYFC,V・ファーレン長崎,D,H,0.3699779538759552,0.21494992151773346,0.4150721246063113
9,30432,2024-02-24,2024,,磐田,神戸,A,A,0.49877816880790815,0.22389600498935505,0.27732582620273677
9,30433,2024-02-24,2024,,福岡,札幌,D,D,0.3543547217721777,0.361535472685832,0.2841098055419903
9,30434,2024-02-24,2024,,鳥栖,新潟,A,H,0.3325562062318028,0.3218093108698267,0.3456344828983705
9,30435,2024-02-24,2024,,町田,G大阪,D,A,0.428859498794584,0.3469185243958683,0.22422197680954767
9,30436,2024-02-24,2024,,湘南,川崎F,A,H,0.3530480705793189,0.21314564191146165,0.43380628750921957
9,30437,2024-02-24,2024,,C大阪,FC東京,D,A,0.43960040433819825,0.24424644101567874,0.316153154646123
9,29673,2024-02-25,2024,,FC今治,ガイナーレ鳥取,H,D,0.33939198246925223,0.4070042230516528,0.25360379447909503
9,29674,2024-02-25,2024,,Y.S.C.C.横浜,富山,D,D,0.34643691411789956,0.35208549874194156,0.30147758714015893
9,29675,2024-02-25,2024,,アスルクラロ沼津,ツエーゲン金沢,H,A,0.4059973496029627,0.29219134976158134,0.30181130063545586
9,29676,2024-02-25,2024,,カマタマーレ讃岐,いわてグルージャ盛岡,D,D,0.2503912394793277,0.41034036169471844,0.33926839882595394
9,29677,2024-02-25,2024,,テゲバジャーロ宮崎,松本山雅FC,A,D,0.32961322683307825,0.3460812544946305,0.3243055186722911
9,29678,2024-02-25,2024,,FC大阪,AC長野パルセイロ,H,D,0.31500483286608866,0.4468937087677526,0.23810145836615884
9,30052,2024-02-25,2024,,愛媛FC,秋田,H,A,0.3812262027590843,0.31282553685195524,0.30594826038896034
9,30053,2024-02-25,2024,,岡山,栃木SC,H,A,0.43796223580284566,0.28996838505497663,0.2720693791421777
9,30054,2024-02-25,2024,,熊本,清水,A,H,0.29557639808574904,0.34287056414423095,0.3615530377700199
9,30055,2024-02-25,2024,,群馬,鹿児島ユナイテッドFC,D,H,0.3095117254365834,0.2761404377311365,0.4143478368322801
9,30056,2024-02-25,2024,,千葉,山形,A,A,0.3740470553379075,0.3270140555178552,0.29893888914423733
9,30057,2024-02-25,2024,,徳島,甲府,A,H,0.32511944641220464,0.27676042068425705,0.3981201329035383
9,30058,2024-02-25,2024,,大分,仙台,D,A,0.38390933932838994,0.26060811861184124,0.35548254205976887
9,30438,2024-02-25,2024,,柏,京都,D,D,0.3548347081241738,0.37060061970309627,0.27456467217272995
9,30439,2024-02-25,2024,,東京V,横浜FM,A,A,0.41279345490732083,0.28231065040524844,0.3048958946874306
9,30440,2024-03-01,2024,,川崎F,磐田,A,H,0.29960336798479636,0.29390038307029925,0.40649624894490455
9,30441,2024-03-01,2024,,横浜FM,福岡,A,H,0.32905872446864115,0.3209569470026747,0.3499843285286842
9,29679,2024-03-02,2024,,大宮,FC岐阜,H,D,0.3095929755679436,0.3729419135630145,0.3174651108690419
9,29680,2024-03-02,2024,,SC相模原,ヴァンラーレ八戸,H,H,0.24846983876571022,0.34576064073909885,0.405769520495191
9,29681,2024-03-02,2024,,アスルクラロ沼津,ガイナーレ鳥取,H,H,0.32212581792567185,0.30284354359940224,0.37503063847492585
9,29682,2024-03-02,2024,,カマタマーレ讃岐,富山,D,A,0.35828164380168925,0.2941498979214777,0.3475684582768331
9,29683,2024-03-02,2024,,ギラヴァンツ北九州,いわてグルージャ盛岡,D,H,0.3373744868460409,0.24213725601360409,0.4204882571403551
9,29684,2024-03-02,2024,,テゲバジャーロ宮崎,福島ユナイテッドFC,A,H,0.3196730454328803,0.31415850700017706,0.3661684475669427
9,29685,2024-03-02,2024,,FC琉球,松本山雅FC,D,D,0.30889076790783165,0.3469503753687523,0.3441588567234162
9,30059,2024-03-02,2024,,V・ファーレン長崎,仙台,A,A,0.43343032796211295,0.2568122694436922,0.3097574025941949
9,30060,2024-03-02,2024,,水戸,甲府,A,D,0.32142798222576097,0.3561733424165019,0.32239867535773714
9,30061,2024-03-02,2024,,千葉,藤枝MYFC,H,A,0.36432107131516517,0.31504335263598515,0.32063557604884985
9,30062,2024-03-02,2024,,清水,愛媛FC,H,H,0.3141012292404744,0.2946663132613927,0.3912324574981328
9,30063,2024-03-02,2024,,大分,横浜FC,D,D,0.32291979257453773,0.41004109047352655,0.2670391169519357
9,30064,2024-03-02,2024,,鹿児島ユナイテッドFC,徳島,H,A,0.3807399151427179,0.2747875697537288,0.34447251510355326
9,30442,2024-03-02,2024,,神戸,柏,A,H,0.2937917921763703,0.3173028192641821,0.38890538855944773
9,30443,2024-03-02,2024,,名古屋,町田,A,H,0.28190880076042696,0.312390655507014,0.40570054373255904
9,30444,2024-03-02,2024,,京都,湘南,A,H,0.20326734469965457,0.3420183538666475,0.4547143014336979
9,30445,2024-03-02,2024,,鳥栖,札幌,H,A,0.44274717117553275,0.16497875472271406,0.3922740741017531
9,30446,2024-03-02,2024,,鹿島,C大阪,D,A,0.40326402558407365,0.2984953627360139,0.2982406116799124
9,30447,2024-03-02,2024,,FC東京,広島,D,H,0.33560060352460647,0.26699468978308094,0.3974047066923126
9,30448,2024-03-02,2024,,G大阪,新潟,H,A,0.3672254441091797,0.27507456655328244,0.3576999893375378
9,29686,2024-03-03,2024,,Y.S.C.C.横浜,FC大阪,A,H,0.30603986295143304,0.28421500415245443,0.4097451328961125
9,29687,2024-03-03,2024,,ツエーゲン金沢,FC今治,A,H,0.33486878048566615,0.3222682540799225,0.3428629654344114
9,29688,2024-03-03,2024,,奈良クラブ,AC長野パルセイロ,D,A,0.421628088164883,0.2695744331632537,0.3087974786718634
9,30065,2024-03-03,2024,,いわきFC,岡山,D,H,0.32243182901902534,0.2909987452697594,0.3865694257112152
9,30066,2024-03-03,2024,,レノファ山口FC,秋田,H,D,0.31154794457225715,0.347137443115464,0.3413146123122789
9,30067,2024-03-03,2024,,熊本,群馬,D,H,0.31698933742071667,0.313318594342246,0.36969206823703743
9,30068,2024-03-03,2024,,栃木SC,山形,A,H,0.345756930906523,0.26941696335075377,0.3848261057427233
9,30449,2024-03-03,2024,,浦和,東京V,D,H,0.30748997205029793,0.29340931273561693,0.39910071521408497
9,29689,2024-03-09,2024,,松本山雅FC,Y.S.C.C.横浜,D,H,0.38133748334658296,0.21066463357826215,0.407997883075155
9,29690,2024-03-09,2024,,AC長野パルセイロ,SC相模原,D,A,0.37848186606339,0.2612878756010258,0.3602302583355842
9,29691,2024-03-09,2024,,富山,奈良クラブ,D,A,0.40409577047721973,0.27581064581591475,0.3200935837068654
9,29692,2024-03-09,2024,,ツエーゲン金沢,FC大阪,A,H,0.3435183755955241,0.2813204829778875,0.37516114142658846
9,30069,2024-03-09,2024,,いわきFC,鹿児島ユナイテッドFC,H,A,0.40434657674639124,0.24493893226354324,0.3507144909900655
9,30070,2024-03-09,2024,,横浜FC,山形,H,A,0.3992263796988957,0.26320521448932527,0.33756840581177916
9,30071,2024-03-09,2024,,甲府,栃木SC,A,D,0.33969429777033255,0.3803765429377058,0.27992915929196166
9,30072,2024-03-09,2024,,徳島,秋田,A,H,0.34143138410239615,0.30151573700997186,0.35705287888763193
9,30450,2024-03-09,2024,,町田,鹿島,H,H,0.3457439195249901,0.2075064683364366,0.4467496121385732
9,30452,2024-03-09,2024,,新潟,名古屋,H,D,0.3310504514118012,0.39935945796815575,0.269590090620043
9,30453,2024-03-09,2024,,磐田,柏,A,A,0.37028511551076265,0.2846053366934518,0.34510954779578545
9,30454,2024-03-09,2024,,FC東京,神戸,A,H,0.2921071794364378,0.2785053377076828,0.4293874828558793
9,30455,2024-03-09,2024,,広島,鳥栖,H,D,0.3397449912267411,0.35694424890251514,0.3033107598707438
9,30456,2024-03-09,2024,,福岡,湘南,D,H,0.29714967211979476,0.3067197242996366,0.3961306035805687
9,30457,2024-03-09,2024,,川崎F,京都,A,A,0.3643611263826433,0.28506542985909294,0.3505734437582638
9,30458,2024-03-09,2024,,C大阪,東京V,H,H,0.29640511061568686,0.3017649094246491,0.40182997995966413
9,29693,2024-03-10,2024,,ガイナーレ鳥取,テゲバジャーロ宮崎,D,D,0.3424294659474699,0.36765470975125913,0.289915824301271
9,29694,2024-03-10,2024,,FC今治,アスルクラロ沼津,H,D,0.3250009974847761,0.3648312978844208,0.3101677046308031
9,29695,2024-03-10,2024,,FC岐阜,カマタマーレ讃岐,H,A,0.3853424916856167,0.2959455957329893,0.3187119125813939
9,30073,2024-03-10,2024,,仙台,水戸,H,A,0.3708574518762565,0.29462868428312683,0.3345138638406167
9,30074,2024-03-10,2024,,藤枝MYFC,大分,A,A,0.3446765014040254,0.33917215292105374,0.31615134567492087
9,30075,2024-03-10,2024,,岡山,レノファ山口FC,H,H,0.31125675401785136,0.29720323981628477,0.391540006165864
9,30076,2024-03-10,2024,,V・ファーレン長崎,清水,H,H,0.31525951027917687,0.2896410543711533,0.39509943534966985
9,30077,2024-03-10,2024,,愛媛FC,熊本,A,H,0.3508844805051682,0.26830370433060563,0.38081181516422613
9,30078,2024-03-10,2024,,群馬,千葉,A,D,0.2882994844230431,0.35855351879610525,0.3531469967808518
9,30459,2024-03-10,2024,,札幌,浦和,A,A,0.36095799628556885,0.30227644723910185,0.3367655564753293
9,29699,2024-03-16,2024,,FC大阪,FC岐阜,D,H,0.3511761932478298,0.28426235300894886,0.36456145374322124
9,29700,2024-03-16,2024,,大宮,奈良クラブ,H,D,0.348219957901198,0.3758498819440148,0.2759301601547873
9,29701,2024-03-16,2024,,Y.S.C.C.横浜,FC今治,A,A,0.35300435541453945,0.3204728042281083,0.32652284035735235
9,29702,2024-03-16,2024,,アスルクラロ沼津,ギラヴァンツ北九州,H,H,0.31708642494407563,0.27476037547022236,0.40815319958570206
9,29703,2024-03-16,2024,,カマタマーレ讃岐,AC長野パルセイロ,D,D,0.27018934043396614,0.38971233621796614,0.34009832334806767
9,29704,2024-03-16,2024,,テゲバジャーロ宮崎,ツエーゲン金沢,A,H,0.2842983677323465,0.2752710185864517,0.4404306136812018
9,30079,2024-03-16,2024,,秋田,仙台,D,A,0.3590831099964015,0.30631767650354097,0.3345992135000575
9,30080,2024-03-16,2024,,山形,甲府,A,H,0.31094742612270154,0.27579470912366605,0.4132578647536324
9,30081,2024-03-16,2024,,水戸,徳島,A,A,0.3525790018397446,0.31198079543785395,0.33544020272240144
9,30082,2024-03-16,2024,,栃木SC,横浜FC,H,D,0.2805822278854352,0.40209840414513287,0.317319367969432
9,30083,2024-03-16,2024,,群馬,愛媛FC,A,H,0.2754737042333336,0.3611746706185752,0.3633516251480911
9,30084,2024-03-16,2024,,清水,大分,H,D,0.3120047327287672,0.3915033057224281,0.29649196154880464
9,30085,2024-03-16,2024,,藤枝MYFC,岡山,A,D,0.2640772287031984,0.37789310971660445,0.35802966158019733
9,30086,2024-03-16,2024,,鹿児島ユナイテッドFC,千葉,H,A,0.34274051091891095,0.32736021476731325,0.32989927431377575
9,30460,2024-03-16,2024,,福岡,FC東京,A,H,0.29497294762910126,0.31103842198771553,0.39398863038318327
9,30461,2024-03-16,2024,,札幌,町田,A,A,0.3381617843004718,0.3348277809330609,0.3270104347664673
9,30462,2024-03-16,2024,,神戸,広島,D,H,0.2508446834624666,0.3671056360947436,0.38204968044278975
9,30463,2024-03-16,2024,,柏,名古屋,A,H,0.2903266208068719,0.32805161138485056,0.38162176780827767
9,30464,2024-03-16,2024,,G大阪,磐田,H,A,0.3911215473466093,0.30989690212850834,0.29898155052488246
9,30465,2024-03-16,2024,,鳥栖,C大阪,A,H,0.30592877499922355,0.3173832376352346,0.3766879873655419
9,30466,2024-03-16,2024,,東京V,新潟,D,H,0.36081489844006354,0.2680749062686897,0.37111019529124667
9,29705,2024-03-17,2024,,ヴァンラーレ八戸,富山,H,H,0.3399596040981979,0.24938198756326277,0.4106584083385394
9,29706,2024-03-17,2024,,いわてグルージャ盛岡,ガイナーレ鳥取,A,H,0.37455391052421455,0.23702874668684554,0.38841734278893997
9,29707,2024-03-17,2024,,福島ユナイテッドFC,松本山雅FC,H,H,0.27835617714266603,0.34036996343678955,0.38127385942054454
9,29708,2024-03-17,2024,,SC相模原,FC琉球,D,D,0.3243555243863623,0.35716676449035173,0.3184777111232859
9,30087,2024-03-17,2024,,熊本,いわきFC,A,H,0.2573679090650771,0.32614037205378077,0.4164917188811421
9,30088,2024-03-17,2024,,レノファ山口FC,V・ファーレン長崎,A,D,0.2551133678196729,0.37760151634884737,0.3672851158314797
9,30467,2024-03-17,2024,,京都,横浜FM,A,H,0.3188633223158274,0.2627634431180435,0.41837323456612907
9,30468,2024-03-17,2024,,鹿島,川崎F,H,H,0.31056583580027514,0.302946367601991,0.38648779659773386
9,30469,2024-03-17,2024,,湘南,浦和,D,H,0.29805392091009114,0.326002383660814,0.3759436954290948
9,29709,2024-03-20,2024,,ガイナーレ鳥取,カマタマーレ讃岐,D,H,0.3602556442520818,0.25976435117145247,0.37998000457646586
9,29710,2024-03-20,2024,,FC今治,FC岐阜,A,D,0.2556506407784095,0.3788530178581664,0.3654963413634241
9,29711,2024-03-20,2024,,松本山雅FC,いわてグルージャ盛岡,H,H,0.3053121651865855,0.31334458411445315,0.3813432506989614
9,29712,2024-03-20,2024,,AC長野パルセイロ,福島ユナイテッドFC,H,A,0.3921625054199586,0.3367334168612926,0.2711040777187487
9,29713,2024-03-20,2024,,富山,ツエーゲン金沢,H,A,0.3827068639307114,0.2944576106263942,0.32283552544289446
9,29714,2024-03-20,2024,,奈良クラブ,ヴァンラーレ八戸,H,A,0.3559210296062119,0.3423930098205165,0.3016859605732715
9,29715,2024-03-20,2024,,ギラヴァンツ北九州,FC大阪,D,A,0.4100187593571111,0.29114815639911695,0.298833084243772
9,29716,2024-03-20,2024,,テゲバジャーロ宮崎,アスルクラロ沼津,D,A,0.4684183096931942,0.20942987329549373,0.3221518170113121
9,29717,2024-03-20,2024,,FC琉球,Y.S.C.C.横浜,H,A,0.38643935534708695,0.29763815132338184,0.31592249332953126
9,29718,2024-03-20,2024,,SC相模原,大宮,D,A,0.374154645673393,0.28497541833674955,0.34086993598985726
9,30089,2024-03-20,2024,,仙台,熊本,D,A,0.3381116722200707,0.3348944694963993,0.32699385828353
9,30090,2024-03-20,2024,,秋田,栃木SC,H,D,0.33213603956504084,0.3616050359470487,0.30625892448791053
9,30091,2024-03-20,2024,,山形,藤枝MYFC,A,H,0.2843544668852228,0.2935255227383538,0.42212001037642344
9,30092,2024-03-20,2024,,千葉,清水,A,A,0.35930717001758206,0.3092515760988665,0.33144125388355133
9,30093,2024-03-20,2024,,横浜FC,群馬,H,A,0.34490151162636923,0.3430061066378527,0.3120923817357781
9,30094,2024-03-20,2024,,甲府,いわきFC,D,A,0.35573967344309154,0.3278131568420444,0.3164471697148641
9,30095,2024-03-20,2024,,岡山,水戸,H,H,0.3489507091891782,0.30198848234617837,0.34906080846464355
9,30096,2024-03-20,2024,,大分,鹿児島ユナイテッドFC,H,H,0.34278923340919526,0.29767256100675366,0.359538205584051
9,30097,2024-03-20,2024,,愛媛FC,V・ファーレン長崎,A,H,0.3036779935683431,0.31852576864115867,0.37779623779049837
9,30098,2024-03-20,2024,,徳島,レノファ山口FC,A,H,0.32775416541144076,0.2797726324087027,0.3924732021798565
9,29719,2024-03-23,2024,,FC大阪,松本山雅FC,D,H,0.31970812606463034,0.3321365411527547,0.3481553327826151
9,29720,2024-03-23,2024,,大宮,テゲバジャーロ宮崎,H,H,0.3241283506373227,0.3195705302539775,0.35630111910869977
10,29721,2024-03-24,2024,,ヴァンラーレ八戸,AC長野パルセイロ,D,H,0.3091198347467284,0.3283385386611956,0.3625416265920761
10,29722,2024-03-24,2024,,FC今治,ギラヴァンツ北九州,A,H,0.2759945254806339,0.3545951902988042,0.369410284220562
10,29723,2024-03-24,2024,,福島ユナイテッドFC,富山,D,A,0.34088161901843167,0.32684668163846375,0.33227169934310447
10,29724,2024-03-24,2024,,Y.S.C.C.横浜,ガイナーレ鳥取,D,A,0.4308335547734351,0.2923397088425562,0.2768267363840088
10,29725,2024-03-24,2024,,ツエーゲン金沢,SC相模原,H,H,0.3341017737187228,0.32083203827455353,0.3450661880067236
10,29726,2024-03-24,2024,,アスルクラロ沼津,FC琉球,H,H,0.3095349166418404,0.29706481881005276,0.39340026454810695
10,29727,2024-03-24,2024,,カマタマーレ讃岐,奈良クラブ,D,H,0.31265859547049546,0.29452732527292486,0.39281407925657974
10,29728,2024-03-24,2024,,FC岐阜,いわてグルージャ盛岡,H,H,0.28897404816281924,0.27622539553896075,0.4348005562982201
10,30099,2024-03-24,2024,,仙台,徳島,D,D,0.30257309771497126,0.35467998673427303,0.3427469155507558
10,30100,2024-03-24,2024,,いわきFC,山形,D,H,0.3324431698098523,0.28875060900281857,0.37880622118732904
10,30101,2024-03-24,2024,,水戸,千葉,D,A,0.3901750738947966,0.29997005604116994,0.3098548700640335
10,30102,2024-03-24,2024,,栃木SC,大分,H,D,0.2966050342466759,0.3721815753398228,0.3312133904135014
10,30103,2024-03-24,2024,,清水,秋田,H,A,0.3559676828419841,0.31374226252755416,0.33029005463046174
10,30104,2024-03-24,2024,,藤枝MYFC,熊本,H,H,0.3094504758058177,0.31567158201009554,0.3748779421840867
10,30105,2024-03-24,2024,,レノファ山口FC,愛媛FC,D,H,0.34120197643606986,0.28270644857658994,0.37609157498734014
10,30106,2024-03-24,2024,,V・ファーレン長崎,甲府,D,D,0.3131997615846678,0.40285233995549696,0.2839478984598353
10,30107,2024-03-24,2024,,鹿児島ユナイテッドFC,横浜FC,A,D,0.28320776694097627,0.3719966584804624,0.3447955745785614
10,30108,2024-03-24,2024,,群馬,岡山,A,D,0.346029197630816,0.3744820119144932,0.2794887904546908
10,30470,2024-03-29,2024,,東京V,京都,D,H,0.30860284431529894,0.3025600029039963,0.38883715278070485
10,29729,2024-03-30,2024,,SC相模原,カマタマーレ讃岐,H,A,0.34990825146831145,0.3008773260659281,0.3492144224657605
10,29730,2024-03-30,2024,,FC大阪,FC今治,D,D,0.35007473858278076,0.3716331435606326,0.2782921178565867
10,29731,2024-03-30,2024,,AC長野パルセイロ,アスルクラロ沼津,H,H,0.3328991675666486,0.3003515301017737,0.3667493023315777
10,29732,2024-03-30,2024,,FC琉球,富山,H,H,0.2708202375635511,0.32430675566049005,0.40487300677595894
10,30109,2024-03-30,2024,,甲府,レノファ山口FC,A,A,0.3622405397490987,0.29853279648860076,0.3392266637623005
10,30110,2024-03-30,2024,,秋田,いわきFC,H,H,0.32940909225839465,0.3301756759108675,0.34041523183073785
10,30111,2024-03-30,2024,,山形,清水,H,D,0.2917765471892975,0.4162694505277371,0.2919540022829653
10,30112,2024-03-30,2024,,水戸,鹿児島ユナイテッドFC,D,H,0.32378475739700807,0.30469285872219765,0.3715223838807942
10,30113,2024-03-30,2024,,横浜FC,仙台,A,H,0.34553642321507966,0.2921480393371084,0.3623155374478121
10,30114,2024-03-30,2024,,徳島,群馬,A,H,0.301196536752953,0.3294172639633918,0.36938619928365507
10,30115,2024-03-30,2024,,大分,岡山,D,H,0.3385243921659859,0.3187476106752956,0.34272799715871843
10,30116,2024-03-30,2024,,熊本,千葉,H,A,0.3859903718496063,0.273775485058995,0.34023414309139866
10,30117,2024-03-30,2024,,愛媛FC,藤枝MYFC,H,H,0.3618581872736088,0.2642290548797501,0.373912757846641
10,30118,2024-03-30,2024,,栃木SC,V・ファーレン長崎,D,H,0.32215183931931823,0.3375990315071929,0.34024912917348904
10,30471,2024-03-30,2024,,広島,G大阪,D,H,0.3287097026026391,0.3222818966987917,0.34900840069856925
10,30472,2024-03-30,2024,,新潟,柏,D,A,0.4093491436408333,0.29035561674707644,0.30029523961209037
10,30473,2024-03-30,2024,,神戸,札幌,H,D,0.3151835506304145,0.34820796406791493,0.3366084853016704
10,30474,2024-03-30,2024,,鹿島,磐田,H,D,0.3217495900565393,0.36102824114006027,0.31722216880340043
10,30475,2024-03-30,2024,,浦和,福岡,H,A,0.3583316938575679,0.28509450694560223,0.35657379919682985
10,30476,2024-03-30,2024,,町田,鳥栖,H,H,0.32199131704047795,0.26317363887908285,0.41483504408043925
10,30477,2024-03-30,2024,,川崎F,FC東京,H,A,0.38089814070632444,0.24393848708109098,0.37516337221258456
10,30478,2024-03-30,2024,,名古屋,横浜FM,H,H,0.34187228938527925,0.2630192129328851,0.39510849768183565
10,30479,2024-03-30,2024,,C大阪,湘南,H,D,0.28981153674318444,0.4260728096691986,0.28411565358761703
10,29733,2024-03-31,2024,,ガイナーレ鳥取,ヴァンラーレ八戸,D,H,0.2946084736417485,0.3365199314976067,0.3688715948606449
10,29734,2024-03-31,2024,,いわてグルージャ盛岡,テゲバジャーロ宮崎,H,H,0.29186505132729085,0.25253721222037423,0.455597736452335
10,29735,2024-03-31,2024,,福島ユナイテッドFC,Y.S.C.C.横浜,A,H,0.2932823851635113,0.2759507187382264,0.43076689609826235
10,29736,2024-03-31,2024,,松本山雅FC,FC岐阜,A,A,0.3758678634280146,0.28161021438879535,0.34252192218319016
10,29737,2024-03-31,2024,,奈良クラブ,ツエーゲン金沢,D,H,0.30370863428082945,0.3367458914225872,0.3595454742965834
10,29738,2024-03-31,2024,,ギラヴァンツ北九州,大宮,D,H,0.297477887655444,0.30343083741607896,0.39909127492847707
10,30119,2024-04-03,2024,,仙台,愛媛FC,A,A,0.340688914654051,0.3399304797060162,0.3193806056399329
10,30120,2024-04-03,2024,,秋田,水戸,D,H,0.32699242403484063,0.29354783119598654,0.3794597447691729
10,30121,2024-04-03,2024,,いわきFC,藤枝MYFC,H,H,0.3442083648591485,0.27728363240100895,0.37850800273984253
10,30122,2024-04-03,2024,,群馬,大分,A,H,0.30170251071695814,0.2926067375634563,0.4056907517195857
10,30123,2024-04-03,2024,,千葉,栃木SC,H,A,0.3727809543172772,0.2659712848046048,0.3612477608781181
10,30124,2024-04-03,2024,,清水,徳島,D,H,0.32038363690164556,0.2915339512456045,0.38808241185275
10,30125,2024-04-03,2024,,岡山,横浜FC,A,H,0.32840037045113235,0.3343053585852903,0.33729427096357734
10,30126,2024-04-03,2024,,レノファ山口FC,熊本,A,H,0.3160836600861008,0.30719068286712126,0.37672565704677796
10,30127,2024-04-03,2024,,V・ファーレン長崎,山形,H,H,0.3583620313190016,0.2656773748880121,0.37596059379298635
10,30128,2024-04-03,2024,,鹿児島ユナイテッドFC,甲府,A,H,0.27460551733784105,0.25373452009042013,0.47165996257173887
10,30480,2024-04-03,2024,,柏,C大阪,D,A,0.3776467785127244,0.29364846989420074,0.32870475159307483
10,30481,2024-04-03,2024,,町田,広島,A,H,0.30455419907176107,0.31148681923650806,0.3839589816917308
10,30482,2024-04-03,2024,,横浜FM,川崎F,D,H,0.29452474557311886,0.30266486957686034,0.40281038485002096
10,30483,2024-04-03,2024,,湘南,東京V,A,H,0.30586589173123596,0.27986228010437436,0.4142718281643897
10,30484,2024-04-03,2024,,磐田,新潟,H,A,0.3623393942481209,0.30319269224237183,0.3344679135095074
10,30485,2024-04-03,2024,,G大阪,京都,D,H,0.33910373699727897,0.28565753345205136,0.3752387295506697
10,30486,2024-04-03,2024,,福岡,鹿島,H,H,0.3203320140860244,0.3141130403052429,0.36555494560873275
10,30487,2024-04-03,2024,,鳥栖,神戸,D,H,0.27790770224505884,0.3493225182228923,0.37276977953204893
10,30488,2024-04-03,2024,,札幌,名古屋,A,H,0.3030059838386021,0.29817095828903706,0.3988230578723607
10,30489,2024-04-03,2024,,FC東京,浦和,H,D,0.3185617227694158,0.35441290377348356,0.32702537345710064
10,29739,2024-04-06,2024,,ガイナーレ鳥取,福島ユナイテッドFC,H,A,0.3493073754194419,0.3143853215179357,0.3363073030626224
10,29740,2024-04-06,2024,,FC今治,AC長野パルセイロ,D,H,0.2952153348763846,0.3503944536925284,0.35439021143108695
10,29741,2024-04-06,2024,,大宮,FC大阪,H,A,0.3569610241553951,0.2920998628758916,0.35093911296871333
10,29742,2024-04-06,2024,,SC相模原,FC岐阜,D,H,0.2867604264153138,0.34284836318305156,0.3703912104016346
10,29743,2024-04-06,2024,,富山,ギラヴァンツ北九州,H,A,0.3804299808112361,0.3103918971545142,0.30917812203424977
10,29744,2024-04-06,2024,,ツエーゲン金沢,松本山雅FC,H,H,0.2978396935092729,0.3389189328273102,0.36324137366341686
10,29745,2024-04-06,2024,,アスルクラロ沼津,いわてグルージャ盛岡,H,H,0.299907284656131,0.3066590070048093,0.39343370833905983
10,29746,2024-04-06,2024,,テゲバジャーロ宮崎,奈良クラブ,H,A,0.37218497639232956,0.2845923845118709,0.3432226390957996
10,30490,2024-04-06,2024,,札幌,G大阪,H,A,0.390369669661235,0.21937583106566927,0.3902544992730957
10,29747,2024-04-07,2024,,ヴァンラーレ八戸,FC琉球,D,H,0.3076110632252719,0.3304204610250349,0.3619684757496932
10,29748,2024-04-07,2024,,カマタマーレ讃岐,Y.S.C.C.横浜,A,A,0.44750667097098684,0.2457589101091977,0.30673441891981545
10,30129,2024-04-07,2024,,熊本,V・ファーレン長崎,A,D,0.3212797410649085,0.3407510353127227,0.3379692236223688
10,30130,2024-04-07,2024,,山形,鹿児島ユナイテッドFC,H,H,0.34977025630768255,0.2797523592970956,0.37047738439522176
10,30131,2024-04-07,2024,,栃木SC,レノファ山口FC,D,H,0.28980098309889313,0.31914422793788627,0.39105478896322055
10,30132,2024-04-07,2024,,群馬,水戸,D,H,0.35168499542984527,0.2658006667019137,0.3825143378682411
10,30133,2024-04-07,2024,,横浜FC,いわきFC,D,H,0.29176014182988036,0.3083057061314847,0.39993415203863486
10,30134,2024-04-07,2024,,甲府,清水,A,H,0.3375701849775527,0.2978095948623655,0.3646202201600819
10,30135,2024-04-07,2024,,藤枝MYFC,仙台,D,H,0.3367969569783484,0.32588789802730617,0.3373151449943455
10,30136,2024-04-07,2024,,徳島,千葉,A,H,0.31759309985451195,0.27508456371054935,0.40732233643493887
10,30137,2024-04-07,2024,,大分,秋田,A,A,0.37792966286734686,0.2936041392924253,0.3284661978402279
10,30138,2024-04-07,2024,,愛媛FC,岡山,D,H,0.3288020750541373,0.30381641304069307,0.36738151190516954
10,30491,2024-04-07,2024,,東京V,柏,D,H,0.3249762256122888,0.27390285869161535,0.40112091569609587
10,30492,2024-04-07,2024,,新潟,C大阪,A,A,0.4494312440459107,0.20921075003466688,0.34135800591942234
10,30493,2024-04-07,2024,,京都,磐田,A,H,0.33975246144338905,0.22586327410063026,0.4343842644559808
10,30494,2024-04-07,2024,,神戸,横浜FM,A,H,0.35397218282816695,0.2711866696329668,0.37484114753886616
10,30495,2024-04-07,2024,,広島,湘南,H,A,0.3532914003029924,0.34474886093838963,0.301959738758618
10,30496,2024-04-07,2024,,浦和,鳥栖,H,A,0.360207342593375,0.31995362730393945,0.31983903010268555
10,30497,2024-04-07,2024,,川崎F,町田,A,A,0.3974981840612675,0.2617464079390481,0.34075540799968446
10,30498,2024-04-07,2024,,名古屋,福岡,D,A,0.3610554046009385,0.3179363583386515,0.32100823706041004
10,30499,2024-04-07,2024,,FC東京,鹿島,H,H,0.3027923907775054,0.33830192769506845,0.3589056815274261
10,29749,2024-04-10,2024,,いわてグルージャ盛岡,奈良クラブ,H,H,0.33240922023063946,0.32768976065264377,0.3399010191167168
10,29750,2024-04-10,2024,,福島ユナイテッドFC,ツエーゲン金沢,D,A,0.34679473885031054,0.3154326151728888,0.3377726459768008
10,29751,2024-04-10,2024,,Y.S.C.C.横浜,大宮,A,H,0.32509439479303104,0.32533620716460937,0.3495693980423595
10,29752,2024-04-10,2024,,AC長野パルセイロ,ガイナーレ鳥取,A,H,0.3014706006636852,0.32553321030699867,0.37299618902931625
10,29753,2024-04-10,2024,,アスルクラロ沼津,SC相模原,H,H,0.3559984633515018,0.2469568479927202,0.397044688655778
10,29754,2024-04-10,2024,,FC岐阜,富山,D,H,0.3311692979640803,0.2828883335752499,0.3859423684606699
10,29755,2024-04-10,2024,,FC大阪,ヴァンラーレ八戸,H,H,0.284468203215008,0.3005727384813624,0.41495905830362956
10,29756,2024-04-10,2024,,ギラヴァンツ北九州,FC琉球,H,D,0.27694402345864677,0.3828719518335963,0.34018402470775694
10,29757,2024-04-10,2024,,テゲバジャーロ宮崎,FC今治,A,D,0.2711040887192974,0.3836205214768956,0.3452753898038069
10,30451,2024-04-10,2024,,横浜FM,G大阪,H,D,0.3164408119017545,0.3841772161874713,0.2993819719107742
10,30500,2024-04-12,2024,,柏,浦和,H,A,0.4716868400579999,0.2725539363062739,0.2557592236357263
10,29759,2024-04-13,2024,,SC相模原,福島ユナイテッドFC,H,H,0.3738440888848412,0.22356505077790537,0.40259086033725355
10,29760,2024-04-13,2024,,奈良クラブ,松本山雅FC,D,D,0.33094676009675417,0.3727675359500132,0.2962857039532326
10,30139,2024-04-13,2024,,仙台,山形,H,H,0.31228423384890225,0.3119742315029945,0.3757415346481033
10,30140,2024-04-13,2024,,水戸,栃木SC,D,D,0.2833905822550756,0.3631953326638004,0.3534140850811241
10,30141,2024-04-13,2024,,千葉,大分,D,H,0.3397060722112812,0.28475228002524683,0.37554164776347204
10,30142,2024-04-13,2024,,V・ファーレン長崎,徳島,H,H,0.30662246760000583,0.2733434943685547,0.4200340380314394
10,30143,2024-04-13,2024,,いわきFC,清水,A,H,0.30221751375659706,0.2703858351519202,0.4273966510914827
10,30144,2024-04-13,2024,,愛媛FC,鹿児島ユナイテッドFC,D,D,0.2856874831997424,0.3667885763421314,0.3475239404581263
10,30501,2024-04-13,2024,,新潟,札幌,D,H,0.3315772359457902,0.32515833533396343,0.3432644287202463
10,30502,2024-04-13,2024,,磐田,名古屋,A,D,0.24995885370759624,0.3880553752602776,0.3619857710321261
10,30503,2024-04-13,2024,,福岡,広島,D,D,0.2322659352211104,0.43322631565208913,0.3345077491268005
10,30504,2024-04-13,2024,,鹿島,京都,H,H,0.3239562831365628,0.27463638082700575,0.40140733603643153
10,30505,2024-04-13,2024,,町田,神戸,A,A,0.3807580888516321,0.34448173772581986,0.274760173422548
10,30506,2024-04-13,2024,,横浜FM,湘南,D,D,0.2513956245544274,0.44852953543236584,0.3000748400132068
10,30507,2024-04-13,2024,,C大阪,川崎F,H,H,0.3037443398718166,0.3101772449704465,0.38607841515773694
10,30508,2024-04-13,2024,,東京V,FC東京,D,H,0.3243058789989012,0.32514545623584196,0.35054866476525687
10,29761,2024-04-14,2024,,ヴァンラーレ八戸,FC今治,A,H,0.31590064127517364,0.3410678216983114,0.34303153702651507
10,29762,2024-04-14,2024,,いわてグルージャ盛岡,FC大阪,A,H,0.3295191121259373,0.28756599022334034,0.3829148976507224
10,29763,2024-04-14,2024,,大宮,アスルクラロ沼津,D,H,0.33668802725481867,0.29897157659047446,0.36434039615470676
10,29764,2024-04-14,2024,,富山,ガイナーレ鳥取,H,H,0.3397750487170896,0.31527651058248896,0.34494844070042135
10,29765,2024-04-14,2024,,ツエーゲン金沢,Y.S.C.C.横浜,H,H,0.2915704807999681,0.3413573723135481,0.3670721468864839
10,29766,2024-04-14,2024,,ギラヴァンツ北九州,カマタマーレ讃岐,D,H,0.309104533817752,0.30610873685928736,0.3847867293229606
10,29767,2024-04-14,2024,,FC岐阜,テゲバジャーロ宮崎,A,A,0.3590755706249232,0.3186767167066619,0.32224771266841495
10,29768,2024-04-14,2024,,FC琉球,AC長野パルセイロ,H,D,0.31199491459909434,0.35466612054206564,0.33333896485884007
10,30145,2024-04-14,2024,,秋田,岡山,D,H,0.27292070456255346,0.33845587436906,0.3886234210683866
10,30146,2024-04-14,2024,,横浜FC,藤枝MYFC,H,H,0.3191843215650695,0.2379202216627435,0.44289545677218706
10,30147,2024-04-14,2024,,レノファ山口FC,群馬,H,D,0.310043141218353,0.35663220083688274,0.3333246579447643
10,30148,2024-04-14,2024,,熊本,甲府,D,H,0.34120963071155913,0.26876746820087605,0.390022901087565
10,30509,2024-04-14,2024,,G大阪,鳥栖,H,H,0.29516074048102364,0.3461822100660026,0.35865704945297383
10,29696,2024-04-20,2024,,いわてグルージャ盛岡,FC琉球,D,H,0.32596184472086387,0.32403819968510716,0.3499999555940288
10,29758,2024-04-20,2024,,松本山雅FC,カマタマーレ讃岐,H,H,0.3466116462864021,0.28952531184871266,0.3638630418648853
10,30149,2024-04-20,2024,,山形,愛媛FC,H,D,0.24102951228066324,0.4652061694981164,0.29376431822122034
10,30150,2024-04-20,2024,,甲府,群馬,H,H,0.31616412483833417,0.2679644489758257,0.4158714261858402
10,30151,2024-04-20,2024,,清水,仙台,H,D,0.29326130616805846,0.3677084335680749,0.3390302602638667
10,30152,2024-04-20,2024,,藤枝MYFC,徳島,A,H,0.36216454471560533,0.26619457003342645,0.3716408852509682
10,30153,2024-04-20,2024,,岡山,熊本,H,A,0.3761297842794475,0.29933613430425365,0.32453408141629886
10,30510,2024-04-20,2024,,札幌,広島,D,H,0.3146345874874628,0.3295709292388053,0.35579448327373187
10,30512,2024-04-20,2024,,京都,新潟,A,H,0.3274713923242102,0.2989747344868379,0.3735538731889518
10,30513,2024-04-20,2024,,鳥栖,鹿島,H,A,0.38530683261162335,0.24760895904700939,0.36708420834136724
10,30514,2024-04-20,2024,,湘南,神戸,A,A,0.3695074248591301,0.275588381050321,0.3549041940905488
10,30515,2024-04-20,2024,,福岡,磐田,D,A,0.36041141102391416,0.2886491293714434,0.3509394596046424
10,30516,2024-04-20,2024,,浦和,G大阪,A,H,0.3168248981506597,0.33909236141499455,0.34408274043434556
10,30517,2024-04-20,2024,,川崎F,東京V,D,A,0.36788561223151306,0.3208251681778035,0.31128921959068356
10,29697,2024-04-21,2024,,ヴァンラーレ八戸,ギラヴァンツ北九州,D,H,0.3010076230281587,0.33901570175429646,0.35997667521754484
10,29698,2024-04-21,2024,,福島ユナイテッドFC,大宮,A,H,0.2841042829007708,0.3538757029148102,0.3620200141844191
10,30154,2024-04-21,2024,,千葉,秋田,A,H,0.33236913822781317,0.29568200435566977,0.371948857416517
10,30155,2024-04-21,2024,,レノファ山口FC,水戸,A,H,0.3059416135276553,0.25552158984165874,0.43853679663068595
10,30156,2024-04-21,2024,,V・ファーレン長崎,横浜FC,H,H,0.3116336400694648,0.26544516670439394,0.42292119322614136
10,30157,2024-04-21,2024,,大分,いわきFC,A,A,0.39783143811115906,0.2531950290781373,0.34897353281070354
10,30158,2024-04-21,2024,,鹿児島ユナイテッドFC,栃木SC,H,H,0.33480961862057496,0.3086038984495171,0.3565864829299079
10,30518,2024-04-21,2024,,FC東京,町田,A,A,0.3505006027712592,0.3355771564257567,0.3139222408029841
10,30519,2024-04-21,2024,,名古屋,C大阪,H,A,0.3599973439328409,0.3207383244706248,0.31926433159653445
10,29769,2024-04-27,2024,,AC長野パルセイロ,ギラヴァンツ北九州,H,A,0.46449247737021315,0.2466070254761011,0.28890049715368565
10,29770,2024-04-27,2024,,FC今治,大宮,A,A,0.3578639110049568,0.28681092492556104,0.3553251640694823
10,29771,2024-04-27,2024,,Y.S.C.C.横浜,奈良クラブ,D,A,0.38773556705806306,0.23862005370152126,0.37364437924041577
10,29772,2024-04-27,2024,,テゲバジャーロ宮崎,SC相模原,D,D,0.28766412866179564,0.3878236012797072,0.3245122700584972
10,30159,2024-04-27,2024,,仙台,千葉,A,H,0.31008243828005216,0.265058723102372,0.42485883861757595
10,30160,2024-04-27,2024,,水戸,藤枝MYFC,A,A,0.352210598648072,0.30665335560657336,0.3411360457453546
10,30161,2024-04-27,2024,,群馬,V・ファーレン長崎,A,D,0.30188465600388165,0.40066566416163946,0.2974496798344789
10,30162,2024-04-27,2024,,愛媛FC,甲府,H,A,0.41544241208962407,0.23946251559498563,0.3450950723153904
10,30520,2024-04-27,2024,,札幌,湘南,D,H,0.33694884926387303,0.32504228662609275,0.3380088641100343
10,30521,2024-04-27,2024,,新潟,FC東京,A,H,0.31797742027292347,0.309804998260697,0.37221758146637945
10,30522,2024-04-27,2024,,磐田,町田,H,D,0.3015540563441993,0.39215184181178814,0.3062941018440126
10,30523,2024-04-27,2024,,神戸,京都,A,H,0.31602244916035793,0.315089161387143,0.36888838945249913
10,30524,2024-04-27,2024,,C大阪,横浜FM,D,A,0.39679699572885463,0.26032255766916723,0.3428804466019781
10,29773,2024-04-28,2024,,ガイナーレ鳥取,FC琉球,H,H,0.24830704867198583,0.33763476929677066,0.4140581820312434
10,29774,2024-04-28,2024,,福島ユナイテッドFC,いわてグルージャ盛岡,H,H,0.33024582414382003,0.2769105987795533,0.3928435770766265
10,29775,2024-04-28,2024,,松本山雅FC,富山,H,H,0.31710007829513553,0.3117888986017268,0.3711110231031377
10,29776,2024-04-28,2024,,ツエーゲン金沢,FC岐阜,D,H,0.2802313984895186,0.3272964450619924,0.392472156448489
10,29777,2024-04-28,2024,,カマタマーレ讃岐,ヴァンラーレ八戸,D,A,0.36153013968416253,0.30562161950123784,0.3328482408145997
10,29778,2024-04-28,2024,,FC大阪,アスルクラロ沼津,D,H,0.3174811161539119,0.3331013255840609,0.34941755826202725
10,30163,2024-04-28,2024,,岡山,清水,A,A,0.36367818848866895,0.2939162797457884,0.3424055317655427
10,30164,2024-04-28,2024,,熊本,大分,A,H,0.28981462964860094,0.28924007122528494,0.4209452991261142
10,30165,2024-04-28,2024,,秋田,横浜FC,A,A,0.34253308667289817,0.32730612693612793,0.3301607863909738
10,30166,2024-04-28,2024,,栃木SC,いわきFC,A,H,0.3002422568435839,0.3368455168917036,0.36291222626471237
10,30167,2024-04-28,2024,,徳島,山形,H,A,0.3743332376408548,0.34270341576137164,0.28296334659777356
10,30168,2024-04-28,2024,,鹿児島ユナイテッドFC,レノファ山口FC,A,H,0.34696075359421186,0.2830661555555336,0.3699730908502546
10,30525,2024-04-28,2024,,東京V,福岡,D,A,0.3795504161384974,0.3018037057626019,0.31864587809890077
10,30526,2024-04-28,2024,,広島,川崎F,D,D,0.3283473941768802,0.37720449760605157,0.2944481082170683
10,30527,2024-04-28,2024,,浦和,名古屋,H,H,0.3249682336842334,0.2774168186097542,0.3976149477060123
10,30528,2024-04-28,2024,,柏,鳥栖,D,A,0.36580468522992843,0.3346517265136342,0.29954358825643745
10,30529,2024-04-28,2024,,G大阪,鹿島,A,H,0.34655565585328335,0.2985876926119917,0.3548566515347249
10,29779,2024-05-03,2024,,ガイナーレ鳥取,大宮,A,D,0.3566641626954535,0.35828721425586973,0.28504862304867673
10,29780,2024-05-03,2024,,いわてグルージャ盛岡,ツエーゲン金沢,A,A,0.34369969625554575,0.31915541280949244,0.3371448909349618
10,29781,2024-05-03,2024,,SC相模原,FC大阪,D,D,0.31462261771580324,0.3727458583085932,0.3126315239756037
10,29782,2024-05-03,2024,,松本山雅FC,ヴァンラーレ八戸,A,H,0.2851125920980103,0.34653061472605434,0.3683567931759352
10,29783,2024-05-03,2024,,富山,テゲバジャーロ宮崎,D,A,0.36159745358656054,0.27755214316257915,0.3608504032508604
10,29784,2024-05-03,2024,,アスルクラロ沼津,福島ユナイテッドFC,A,H,0.31700847944300437,0.3197610125286253,0.3632305080283703
10,29785,2024-05-03,2024,,奈良クラブ,FC今治,H,A,0.3572941953270446,0.293087952280629,0.34961785239232657
10,29786,2024-05-03,2024,,ギラヴァンツ北九州,Y.S.C.C.横浜,A,A,0.3524521392354551,0.3171666382494018,0.33038122251514324
10,29787,2024-05-03,2024,,FC琉球,カマタマーレ讃岐,D,H,0.32854792289453083,0.32858238512330584,0.34286969198216344
10,29788,2024-05-03,2024,,AC長野パルセイロ,FC岐阜,H,A,0.3418270790503427,0.3359722546289121,0.32220066632074507
10,30169,2024-05-03,2024,,徳島,愛媛FC,D,A,0.3640632901085841,0.2808324294126111,0.3551042804788049
10,30170,2024-05-03,2024,,仙台,レノファ山口FC,H,H,0.30399305720865066,0.3352470741389244,0.36075986865242504
10,30171,2024-05-03,2024,,山形,岡山,D,A,0.34690190142252336,0.3074986698723346,0.34559942870514204
10,30172,2024-05-03,2024,,横浜FC,水戸,H,H,0.2679941044768441,0.29415282826094136,0.4378530672622146
10,30173,2024-05-03,2024,,甲府,大分,A,A,0.3780446695234934,0.3190109191647885,0.302944411311718
10,30174,2024-05-03,2024,,清水,栃木SC,H,H,0.2915146767029433,0.35315964761261515,0.35532567568444157
10,30175,2024-05-03,2024,,藤枝MYFC,群馬,H,A,0.3846992113377726,0.2542147605625447,0.3610860280996827
10,30176,2024-05-03,2024,,V・ファーレン長崎,秋田,D,H,0.28553459299227096,0.259975319744884,0.45449008726284496
10,30177,2024-05-03,2024,,熊本,鹿児島ユナイテッドFC,D,H,0.31801591569850524,0.27077351463453747,0.41121056966695735
10,30178,2024-05-03,2024,,いわきFC,千葉,H,H,0.33166403623129076,0.277871542139594,0.39046442162911515
10,30530,2024-05-03,2024,,横浜FM,磐田,D,A,0.4096938704878629,0.2836435330506439,0.3066625964614934
10,30531,2024-05-03,2024,,新潟,広島,D,A,0.37053623808345315,0.29438459417471025,0.33507916774183677
10,30532,2024-05-03,2024,,鹿島,湘南,H,H,0.2938371411120961,0.296622663047225,0.40954019584067897
10,30533,2024-05-03,2024,,FC東京,京都,H,A,0.40201567502050656,0.28593953752507456,0.31204478745441894
10,30534,2024-05-03,2024,,町田,柏,H,A,0.37019042624188037,0.31052964596425786,0.3192799277938618
10,30535,2024-05-03,2024,,C大阪,札幌,D,D,0.3032236799420008,0.35442020449961614,0.342356115558383
10,30536,2024-05-03,2024,,鳥栖,東京V,A,H,0.352262575295739,0.2802084376957958,0.36752898700846526
10,30537,2024-05-03,2024,,川崎F,浦和,H,H,0.3108427515367992,0.3190130362867559,0.3701442121764449
10,30538,2024-05-03,2024,,福岡,G大阪,H,H,0.32385234556977455,0.2962188770856442,0.37992877734458125
10,30539,2024-05-03,2024,,名古屋,神戸,A,H,0.3095369525039826,0.2848716666899098,0.4055913808061077
10,29789,2024-05-06,2024,,ヴァンラーレ八戸,いわてグルージャ盛岡,H,H,0.3098018966817198,0.3274454986332213,0.36275260468505893
10,29790,2024-05-06,2024,,FC大阪,FC琉球,A,H,0.3363578611000035,0.28043603530078703,0.3832061035992096
10,29791,2024-05-06,2024,,FC今治,富山,A,A,0.4314769787300086,0.2339654168160421,0.33455760445394933
10,29792,2024-05-06,2024,,福島ユナイテッドFC,奈良クラブ,H,H,0.33690024080778536,0.2960965630373681,0.3670031961548465
10,29793,2024-05-06,2024,,大宮,松本山雅FC,A,H,0.2960217064038062,0.3366087802749795,0.3673695133212145
10,29794,2024-05-06,2024,,Y.S.C.C.横浜,SC相模原,D,H,0.3707294956041157,0.2349937767382773,0.3942767276576071
10,29795,2024-05-06,2024,,ツエーゲン金沢,ガイナーレ鳥取,D,H,0.3346435538680337,0.29300306305428386,0.37235338307768234
10,29796,2024-05-06,2024,,カマタマーレ讃岐,アスルクラロ沼津,H,H,0.3312826345023687,0.31764707263707137,0.35107029286056
10,29797,2024-05-06,2024,,テゲバジャーロ宮崎,AC長野パルセイロ,A,D,0.29807775941527165,0.36091358084494396,0.34100865973978434
10,29798,2024-05-06,2024,,FC岐阜,ギラヴァンツ北九州,A,D,0.34130203940630244,0.3428311996887305,0.31586676090496707
10,30179,2024-05-06,2024,,秋田,甲府,A,H,0.33941403157771477,0.29273726072697004,0.3678487076953152
10,30180,2024-05-06,2024,,水戸,熊本,H,D,0.29863925610007985,0.3590669825569539,0.34229376134296624
10,30181,2024-05-06,2024,,栃木SC,藤枝MYFC,A,A,0.3759848581314654,0.3395973810216865,0.28441776084684817
10,30182,2024-05-06,2024,,群馬,清水,A,H,0.3312616449859962,0.28150784538092655,0.3872305096330773
10,30183,2024-05-06,2024,,岡山,徳島,A,H,0.3262405491526811,0.32972260969082984,0.34403684115648925
10,30184,2024-05-06,2024,,レノファ山口FC,山形,H,D,0.27740732674273233,0.3780508447728464,0.3445418284844213
10,30185,2024-05-06,2024,,大分,V・ファーレン長崎,D,A,0.40011688277995117,0.29381342342547373,0.30606969379457505
10,30186,2024-05-06,2024,,鹿児島ユナイテッドFC,仙台,A,A,0.3735842249839497,0.25928744128137154,0.3671283337346786
10,30187,2024-05-06,2024,,愛媛FC,いわきFC,D,A,0.38017836479458883,0.26948888931162474,0.3503327458937864
10,30188,2024-05-06,2024,,千葉,横浜FC,H,D,0.3598395529539064,0.36526859782559695,0.2748918492204966
10,30540,2024-05-06,2024,,東京V,磐田,H,A,0.3490986983043142,0.3183557294296873,0.3325455722659985
10,30541,2024-05-06,2024,,神戸,新潟,H,A,0.43585057104491975,0.3186853781342905,0.2454640508207897
10,30542,2024-05-06,2024,,G大阪,C大阪,H,D,0.3092626778953009,0.3840645549380803,0.3066727671666188
10,30543,2024-05-06,2024,,札幌,FC東京,A,A,0.3688589763600237,0.2765958041913149,0.3545452194486614
10,30544,2024-05-06,2024,,京都,町田,A,D,0.32572842472097663,0.38844987477979737,0.285821700499226
10,30545,2024-05-06,2024,,福岡,川崎F,D,A,0.34026581125987204,0.3392137322409188,0.32052045649920935
10,30546,2024-05-06,2024,,広島,名古屋,A,H,0.22564146146947003,0.38366079333272485,0.39069774519780504
10,30547,2024-05-06,2024,,柏,鹿島,A,A,0.37228373289500855,0.3419688502309838,0.2857474168740078
10,30548,2024-05-06,2024,,湘南,鳥栖,H,D,0.33235712770621195,0.336038756977173,0.331604115316615
10,30549,2024-05-06,2024,,浦和,横浜FM,H,H,0.3461401104967799,0.2888818086980496,0.3649780808051705
10,30189,2024-05-11,2024,,仙台,群馬,H,H,0.35726088984232046,0.28515660518377384,0.35758250497390576
10,30190,2024-05-11,2024,,清水,鹿児島ユナイテッドFC,H,H,0.3335135443770448,0.2955733454563179,0.3709131101666373
10,30551,2024-05-11,2024,,新潟,浦和,A,A,0.363906530557413,0.30666132704162596,0.3294321424009611
10,30552,2024-05-11,2024,,磐田,鳥栖,A,A,0.3724634024073423,0.2959305702359644,0.33160602735669337
10,30553,2024-05-11,2024,,京都,福岡,A,H,0.34322197039257785,0.3127524340696331,0.34402559553778883
10,30554,2024-05-11,2024,,FC東京,柏,D,H,0.35697605047857683,0.2638941670880001,0.379129782433423
10,30555,2024-05-11,2024,,川崎F,札幌,H,H,0.34533752577127075,0.30309442733110986,0.35156804689761945
10,30556,2024-05-11,2024,,湘南,町田,D,H,0.3028933979238653,0.31133585489236326,0.3857707471837714
10,30557,2024-05-11,2024,,名古屋,G大阪,A,A,0.39453519722813946,0.2198191144652254,0.38564568830663515
10,30558,2024-05-11,2024,,C大阪,神戸,A,H,0.29535225949738275,0.34208500599555164,0.36256273450706566
10,30191,2024-05-12,2024,,いわきFC,レノファ山口FC,A,A,0.3567043146065523,0.3013194021672196,0.3419762832262283
10,30192,2024-05-12,2024,,熊本,横浜FC,D,A,0.3516423466192245,0.31854090095556903,0.3298167524252065
10,30193,2024-05-12,2024,,山形,水戸,A,A,0.36767412495636376,0.2669610843581391,0.3653647906854972
10,30194,2024-05-12,2024,,藤枝MYFC,秋田,H,D,0.3156976852591951,0.3625955582260737,0.32170675651473124
10,30195,2024-05-12,2024,,徳島,栃木SC,H,D,0.3119025727814401,0.36684267930682735,0.3212547479117326
10,30196,2024-05-12,2024,,V・ファーレン長崎,岡山,D,H,0.3132474252165183,0.3372118141513988,0.34954076063208284
10,30197,2024-05-12,2024,,大分,愛媛FC,D,A,0.34750278510132865,0.3162580053715376,0.33623920952713354
10,30198,2024-05-12,2024,,甲府,千葉,D,A,0.3694928572358142,0.2864490848280854,0.3440580579361004
10,30559,2024-05-12,2024,,鹿島,東京V,D,H,0.3179890661808288,0.31357970204958246,0.3684312317695887
10,30560,2024-05-15,2024,,札幌,磐田,H,H,0.30574597581347274,0.3204053356392614,0.37384868854726594
10,30561,2024-05-15,2024,,柏,湘南,H,H,0.2964662541746776,0.27058298482784804,0.43295076099747437
10,30562,2024-05-15,2024,,東京V,G大阪,D,H,0.3289429381928692,0.2921687423276121,0.3788883194795188
10,30563,2024-05-15,2024,,町田,C大阪,H,H,0.33086609272296974,0.2677199883287848,0.4014139189482455
10,30564,2024-05-15,2024,,新潟,横浜FM,H,D,0.33532295542336255,0.35618576599905394,0.3084912785775834
10,30565,2024-05-15,2024,,名古屋,FC東京,H,H,0.3327290734675255,0.29465758518903823,0.3726133413434363
10,30566,2024-05-15,2024,,神戸,福岡,H,H,0.31248627433951337,0.34121860176230046,0.34629512389818623
10,30567,2024-05-15,2024,,広島,鹿島,A,H,0.2963249318829964,0.3333538574207082,0.3703212106962953
10,30568,2024-05-15,2024,,鳥栖,川崎F,H,H,0.296276138994433,0.32903615237089506,0.37468770863467177
10,30569,2024-05-15,2024,,浦和,京都,H,H,0.2873934400879959,0.29196203318820557,0.4206445267237987
10,29799,2024-05-18,2024,,FC今治,福島ユナイテッドFC,A,H,0.3247187319532707,0.3104543619957856,0.3648269060509437
10,29800,2024-05-18,2024,,いわてグルージャ盛岡,Y.S.C.C.横浜,A,H,0.3120590629258426,0.31111428287056747,0.37682665420359
10,29801,2024-05-18,2024,,松本山雅FC,ギラヴァンツ北九州,D,A,0.38030216402060213,0.2734519672653316,0.3462458687140662
10,29802,2024-05-18,2024,,AC長野パルセイロ,ツエーゲン金沢,A,D,0.3457088011160837,0.36357092747551933,0.29072027140839707
10,29803,2024-05-18,2024,,富山,FC大阪,H,A,0.4005196874181677,0.2088547027477792,0.390625609834053
10,29804,2024-05-18,2024,,奈良クラブ,FC岐阜,H,D,0.3117829535832285,0.3446250654088361,0.34359198100793553
10,29805,2024-05-18,2024,,カマタマーレ讃岐,大宮,A,A,0.3664352173386983,0.2820840699352333,0.3514807127260683
10,29806,2024-05-18,2024,,FC琉球,テゲバジャーロ宮崎,H,H,0.36496769835313075,0.24775004570953277,0.3872822559373364
10,30199,2024-05-18,2024,,山形,秋田,A,H,0.33261146135763375,0.2579551750438136,0.40943336359855265
10,30200,2024-05-18,2024,,水戸,大分,D,A,0.42314321745923444,0.2837722453083409,0.2930845372324248
10,30201,2024-05-18,2024,,群馬,いわきFC,A,A,0.3676928953406271,0.30306881268968905,0.32923829196968374
10,30202,2024-05-18,2024,,千葉,愛媛FC,H,A,0.38117692825260996,0.30349824564514283,0.31532482610224716
10,30203,2024-05-18,2024,,横浜FC,清水,H,H,0.3422272687038469,0.2828419890235451,0.37493074227260814
10,30204,2024-05-18,2024,,徳島,熊本,A,D,0.313252534207285,0.37712207195492087,0.30962539383779414
10,30205,2024-05-18,2024,,鹿児島ユナイテッドFC,V・ファーレン長崎,A,A,0.3783910796418731,0.2832733041794486,0.33833561617867824
10,30570,2024-05-18,2024,,福岡,C大阪,A,H,0.3454563761380359,0.2962729159944883,0.3582707078674757
10,30571,2024-05-18,2024,,鳥栖,名古屋,A,H,0.32214011631379186,0.29825925226506617,0.3796006314211421
10,29807,2024-05-19,2024,,ガイナーレ鳥取,SC相模原,A,A,0.3375391134795019,0.33455764352860723,0.32790324299189094
10,29808,2024-05-19,2024,,アスルクラロ沼津,ヴァンラーレ八戸,D,H,0.3054890452312019,0.3310587370125475,0.3634522177562506
10,30206,2024-05-19,2024,,岡山,甲府,H,A,0.35672015130588725,0.32496830469674276,0.3183115439973698
10,30207,2024-05-19,2024,,レノファ山口FC,藤枝MYFC,H,A,0.4181789517625034,0.3026474317858969,0.2791736164515997
10,30208,2024-05-19,2024,,栃木SC,仙台,A,H,0.327977456999941,0.2872259507480855,0.38479659225197355
10,30572,2024-05-19,2024,,町田,東京V,H,H,0.35059169992769534,0.2782858624678889,0.37112243760441577
10,30573,2024-05-19,2024,,磐田,浦和,D,H,0.33852780239399716,0.3207804041058174,0.34069179350018547
10,30574,2024-05-19,2024,,京都,広島,A,D,0.28868153232865645,0.36990450620124676,0.34141396147009684
10,30575,2024-05-19,2024,,鹿島,神戸,H,H,0.3239667319142094,0.2930792266243903,0.3829540414614005
10,30576,2024-05-19,2024,,FC東京,横浜FM,D,H,0.3298495241677396,0.2680267238398721,0.4021237519923883
10,30577,2024-05-19,2024,,G大阪,川崎F,H,A,0.358417035991065,0.2848449700534445,0.3567379939554905
10,30578,2024-05-19,2024,,柏,札幌,H,H,0.3157158690552535,0.2882229120478396,0.3960612188969068
10,30579,2024-05-19,2024,,湘南,新潟,H,H,0.3374360636325976,0.27489664567272587,0.38766729069467654
10,30209,2024-05-25,2024,,愛媛FC,栃木SC,D,H,0.3080769621477996,0.32690847486600055,0.36501456298619983
10,30210,2024-05-25,2024,,藤枝MYFC,鹿児島ユナイテッドFC,D,A,0.3857227609866362,0.287968280689617,0.32630895832374673
10,30212,2024-05-25,2024,,V・ファーレン長崎,千葉,H,H,0.3269095641406755,0.2569669368170656,0.41612349904225904
10,30213,2024-05-25,2024,,甲府,横浜FC,A,A,0.3654725365258634,0.3014226366509635,0.3331048268231732
10,30580,2024-05-25,2024,,札幌,鹿島,A,A,0.43554584825348863,0.3140884992707626,0.2503656524757488
10,30581,2024-05-25,2024,,磐田,湘南,H,D,0.2765382042987066,0.3879745255093732,0.3354872701919202
10,30582,2024-05-25,2024,,川崎F,柏,D,H,0.3356525275576009,0.27264724744660135,0.3917002249957978
10,30584,2024-05-25,2024,,新潟,福岡,A,H,0.3148636602574942,0.3304650675553019,0.3546712721872039
10,30214,2024-05-26,2024,,仙台,岡山,A,H,0.2934853368252058,0.34130628342270997,0.3652083797520843
10,30215,2024-05-26,2024,,秋田,群馬,D,H,0.30670951257694573,0.3143491622971876,0.3789413251258666
10,30216,2024-05-26,2024,,いわきFC,徳島,D,H,0.30448267399802903,0.26348395700230465,0.43203336899966643
10,30217,2024-05-26,2024,,清水,水戸,H,H,0.3617641270818518,0.2605941720158716,0.3776417009022767
10,30218,2024-05-26,2024,,熊本,山形,A,A,0.35923081627751613,0.28262167467546506,0.3581475090470188
10,30219,2024-05-26,2024,,大分,レノファ山口FC,D,H,0.3390402774246773,0.3077370292411779,0.35322269333414463
10,30585,2024-05-26,2024,,神戸,東京V,A,H,0.2966477251385659,0.3146812263699283,0.3886710484915059
10,30586,2024-05-26,2024,,FC東京,G大阪,A,H,0.3478552663336789,0.24530034814003437,0.40684438552628677
10,30587,2024-05-26,2024,,名古屋,京都,D,H,0.340376305909418,0.3111509869006033,0.34847270718997886
10,30588,2024-05-26,2024,,C大阪,広島,D,D,0.2711197051788687,0.41686985893396994,0.3120104358871614
10,30589,2024-05-26,2024,,浦和,町田,A,H,0.34332434057958255,0.29940951661552634,0.35726614280489116
10,30511,2024-05-29,2024,,横浜FM,柏,H,A,0.4568022183732725,0.19596780701509212,0.34722997461163524
10,30590,2024-05-31,2024,,鳥栖,FC東京,A,A,0.42508480899262213,0.27826169142093304,0.2966534995864449
10,29809,2024-06-01,2024,,大宮,AC長野パルセイロ,H,H,0.32146274071688613,0.3124995833431678,0.36603767593994607
10,29810,2024-06-01,2024,,松本山雅FC,FC今治,A,H,0.3400462668979764,0.28027884860669955,0.3796748844953241
10,30220,2024-06-01,2024,,藤枝MYFC,甲府,H,H,0.30890748835121623,0.32489457655074844,0.36619793509803544
10,30221,2024-06-01,2024,,大分,徳島,A,H,0.3351018275244687,0.31671056049322593,0.34818761198230525
10,30222,2024-06-01,2024,,千葉,岡山,H,H,0.33699331312390524,0.2689983473360881,0.3940083395400066
10,30223,2024-06-01,2024,,横浜FC,愛媛FC,H,H,0.2948279372653603,0.3450042107984251,0.3601678519362147
10,30591,2024-06-01,2024,,広島,磐田,H,A,0.3877607954039974,0.26203774671521285,0.3502014578807898
10,30592,2024-06-01,2024,,鹿島,横浜FM,H,H,0.3003988164970966,0.33306265947014424,0.36653852403275916
10,30593,2024-06-01,2024,,町田,新潟,A,H,0.33220004465410236,0.2891361123270106,0.3786638430188871
10,30594,2024-06-01,2024,,湘南,G大阪,A,A,0.3646507802230651,0.3449112486487535,0.2904379711281814
10,30595,2024-06-01,2024,,浦和,神戸,D,H,0.3828643252335926,0.23100079186992242,0.3861348828964849
10,30596,2024-06-01,2024,,京都,C大阪,D,H,0.34639892909662373,0.27742360077572326,0.3761774701276529
10,29811,2024-06-02,2024,,ヴァンラーレ八戸,ツエーゲン金沢,D,D,0.2925255828391516,0.3880715084788545,0.3194029086819939
10,29812,2024-06-02,2024,,福島ユナイテッドFC,カマタマーレ讃岐,A,H,0.32624923552549,0.312477155020483,0.361273609454027
10,29813,2024-06-02,2024,,Y.S.C.C.横浜,テゲバジャーロ宮崎,A,A,0.36818595926622055,0.2710776555405307,0.3607363851932488
10,29814,2024-06-02,2024,,SC相模原,いわてグルージャ盛岡,H,A,0.35792235469795686,0.2854682440946393,0.356609401207404
10,29815,2024-06-02,2024,,アスルクラロ沼津,富山,H,H,0.3478964629776148,0.29086654011089796,0.3612369969114873
10,29816,2024-06-02,2024,,ギラヴァンツ北九州,ガイナーレ鳥取,H,A,0.35019567797649875,0.30589972060107,0.3439046014224312
10,29817,2024-06-02,2024,,FC大阪,奈良クラブ,D,A,0.39372950959459996,0.31595080319058355,0.29031968721481655
10,29818,2024-06-02,2024,,FC岐阜,FC琉球,D,A,0.359532089803159,0.3031176282622597,0.3373502819345812
10,30224,2024-06-02,2024,,いわきFC,仙台,A,A,0.37339178861809824,0.2942251972327236,0.33238301414917815
10,30225,2024-06-02,2024,,水戸,V・ファーレン長崎,A,H,0.32800108991478,0.2915995810507915,0.38039932903442863
10,30226,2024-06-02,2024,,群馬,山形,D,H,0.3384245345313815,0.3164311756421792,0.3451442898264393
10,30227,2024-06-02,2024,,レノファ山口FC,清水,H,D,0.33802305189072235,0.3758196128768733,0.2861573352324044
10,30228,2024-06-02,2024,,鹿児島ユナイテッドFC,秋田,D,A,0.35379213285735556,0.3088886100095328,0.33731925713311167
10,30229,2024-06-02,2024,,栃木SC,熊本,A,A,0.35105037843576425,0.3347527579340419,0.3141968636301938
10,30597,2024-06-02,2024,,東京V,札幌,H,H,0.3383389938111179,0.2963923664098051,0.3652686397790769
10,30598,2024-06-02,2024,,川崎F,名古屋,H,D,0.3073792401463453,0.34675259961197646,0.34586816024167816
10,30599,2024-06-02,2024,,柏,福岡,A,A,0.42116747228538415,0.2207099082346962,0.35812261947991975
10,29819,2024-06-08,2024,,AC長野パルセイロ,Y.S.C.C.横浜,H,H,0.2963118983106474,0.3144619888262369,0.38922611286311565
10,29820,2024-06-08,2024,,奈良クラブ,SC相模原,H,A,0.37598684448574465,0.27622410724816654,0.3477890482660888
10,29821,2024-06-08,2024,,FC琉球,FC今治,H,A,0.37962727088408316,0.24879962947474132,0.3715730996411755
10,29822,2024-06-08,2024,,FC岐阜,アスルクラロ沼津,A,A,0.37968348612214525,0.3085090890185435,0.31180742485931134
10,29823,2024-06-08,2024,,ガイナーレ鳥取,松本山雅FC,A,H,0.348190852482179,0.2630666194864517,0.38874252803136916
10,30230,2024-06-08,2024,,秋田,熊本,D,H,0.28181602938883954,0.3110651465743426,0.40711882403681776
10,30231,2024-06-08,2024,,甲府,仙台,D,A,0.4081109309793941,0.23926172646444216,0.3526273425561638
10,30232,2024-06-08,2024,,清水,藤枝MYFC,H,H,0.3377821015462852,0.3205616804475032,0.3416562180062117
10,30233,2024-06-08,2024,,徳島,横浜FC,A,D,0.3381945808887014,0.3542165671271099,0.30758885198418867
10,30234,2024-06-08,2024,,愛媛FC,水戸,H,A,0.3699512780592402,0.264490065921208,0.36555865601955184
10,30235,2024-06-08,2024,,栃木SC,群馬,D,H,0.3188734831778164,0.260280846037737,0.4208456707844466
10,30236,2024-06-08,2024,,レノファ山口FC,千葉,A,H,0.3328505355348535,0.30014477425537495,0.3670046902097715
10,29824,2024-06-09,2024,,福島ユナイテッドFC,ヴァンラーレ八戸,H,H,0.28187321159018375,0.2642662709451431,0.4538605174646732
10,29826,2024-06-09,2024,,ツエーゲン金沢,大宮,A,H,0.34569312824580584,0.28629866205612126,0.368008209698073
10,29827,2024-06-09,2024,,カマタマーレ讃岐,FC大阪,A,H,0.3676371038157983,0.24977498741536555,0.38258790876883625
10,29828,2024-06-09,2024,,テゲバジャーロ宮崎,ギラヴァンツ北九州,D,A,0.34857040227117836,0.30638097863738717,0.3450486190914345
10,30237,2024-06-09,2024,,山形,大分,D,H,0.3410703900129062,0.3033526032101126,0.3555770067769811
10,30239,2024-06-09,2024,,岡山,鹿児島ユナイテッドFC,D,H,0.3186277434238999,0.3175663479156448,0.3638059086604555
10,29829,2024-06-15,2024,,Y.S.C.C.横浜,FC岐阜,A,A,0.42808697932420986,0.28637657820394663,0.28553644247184357
10,29838,2024-06-15,2024,,FC大阪,ガイナーレ鳥取,H,H,0.31021885436741226,0.33164670285784165,0.35813444277474615
10,30240,2024-06-15,2024,,藤枝MYFC,横浜FC,A,D,0.3350124422069662,0.34141423825289874,0.32357331954013496
10,30241,2024-06-15,2024,,鹿児島ユナイテッドFC,山形,H,A,0.37756624566708097,0.3012776052574904,0.32115614907542867
10,30600,2024-06-15,2024,,横浜FM,町田,A,H,0.3071718370201505,0.27631115709925436,0.4165170058805952
10,30601,2024-06-15,2024,,広島,東京V,H,H,0.3597405510677958,0.2763894968186512,0.363869952113553
10,30602,2024-06-15,2024,,京都,札幌,H,H,0.3570347409262589,0.23389434971117892,0.4090709093625621
10,30603,2024-06-15,2024,,C大阪,浦和,H,D,0.32080914499312607,0.36243449836941105,0.31675635663746293
10,29830,2024-06-16,2024,,ヴァンラーレ八戸,テゲバジャーロ宮崎,D,H,0.31116634717926467,0.32391936542578764,0.3649142873949477
10,29831,2024-06-16,2024,,松本山雅FC,アスルクラロ沼津,H,H,0.28973300589556716,0.3134229481477215,0.3968440459567114
10,29832,2024-06-16,2024,,カマタマーレ讃岐,ツエーゲン金沢,A,A,0.34294321289615415,0.3286233939827158,0.32843339312113007
10,29833,2024-06-16,2024,,ギラヴァンツ北九州,奈良クラブ,H,H,0.366517172546806,0.25819956615915024,0.37528326129404377
10,29834,2024-06-16,2024,,富山,大宮,D,H,0.3519858933879947,0.29212519807937476,0.3558889085326305
10,29835,2024-06-16,2024,,いわてグルージャ盛岡,AC長野パルセイロ,H,H,0.2753743939212775,0.3075307533794416,0.417094852699281
10,29836,2024-06-16,2024,,FC今治,SC相模原,H,H,0.27846028945457885,0.32233582615559714,0.39920388438982407
10,29837,2024-06-16,2024,,FC琉球,福島ユナイテッドFC,A,A,0.35053626367276297,0.30428073801712685,0.3451829983101101
10,30242,2024-06-16,2024,,いわきFC,甲府,D,H,0.29149699475251567,0.31780734855915166,0.39069565668833267
10,30243,2024-06-16,2024,,水戸,秋田,H,A,0.34836851679851,0.33946751131680736,0.31216397188468253
10,30244,2024-06-16,2024,,仙台,V・ファーレン長崎,D,A,0.38595300499452345,0.2787492153340637,0.33529777967141283
10,30245,2024-06-16,2024,,愛媛FC,清水,H,D,0.3463171032506864,0.3545849598249789,0.2990979369243348
10,30246,2024-06-16,2024,,熊本,岡山,A,H,0.31579126946012037,0.33518111594894956,0.3490276145909301
10,30247,2024-06-16,2024,,大分,栃木SC,A,A,0.36078370462564385,0.31691937899881856,0.3222969163755376
10,30248,2024-06-16,2024,,群馬,レノファ山口FC,A,H,0.35045045468486147,0.282327103950755,0.3672224413643836
10,30249,2024-06-16,2024,,千葉,徳島,H,H,0.31512074566314396,0.32380212519850293,0.3610771291383531
10,30604,2024-06-16,2024,,神戸,川崎F,H,H,0.30619093156921456,0.3219714306653485,0.37183763776543705
10,30605,2024-06-16,2024,,福岡,鳥栖,H,H,0.32209226312983824,0.31506099617208855,0.3628467406980731
10,30606,2024-06-16,2024,,鹿島,新潟,D,H,0.3312852295548281,0.29536093111044665,0.3733538393347252
10,30607,2024-06-16,2024,,FC東京,磐田,D,A,0.3617401018378492,0.32067600106681216,0.31758389709533846
10,30608,2024-06-16,2024,,名古屋,湘南,D,A,0.4141152492810326,0.3198423726021472,0.2660423781168202
10,30609,2024-06-16,2024,,G大阪,柏,H,H,0.26378224180416826,0.32530604908501315,0.41091170911081853
10,30550,2024-06-19,2024,,横浜FM,広島,H,H,0.298276872980308,0.3409582117005666,0.36076491531912536
11,29839,2024-06-22,2024,,いわてグルージャ盛岡,FC今治,D,H,0.2867426393592092,0.29529847239638957,0.4179588882444013
11,29840,2024-06-22,2024,,SC相模原,松本山雅FC,H,H,0.30810108390904234,0.28434314528029947,0.40755577081065825
11,29841,2024-06-22,2024,,AC長野パルセイロ,富山,A,D,0.3239262673066243,0.3519492347775351,0.32412449791584075
11,29842,2024-06-22,2024,,大宮,FC琉球,H,D,0.28759393492454854,0.3583756993120492,0.3540303657634022
11,29843,2024-06-22,2024,,ガイナーレ鳥取,FC岐阜,A,A,0.3875740325415355,0.2881155512020142,0.3243104162564502
11,29844,2024-06-22,2024,,テゲバジャーロ宮崎,カマタマーレ讃岐,D,D,0.31799379186727705,0.34714591713005066,0.3348602910026723
11,30250,2024-06-22,2024,,山形,仙台,D,A,0.36356849319760154,0.2958758336269323,0.34055567317546626
11,30251,2024-06-22,2024,,横浜FC,熊本,H,A,0.348844186991946,0.32491381338291875,0.32624199962513534
11,30252,2024-06-22,2024,,甲府,愛媛FC,A,A,0.34775613849756093,0.3078501385970932,0.344393722905346
11,30253,2024-06-22,2024,,栃木SC,千葉,H,H,0.33240124578650854,0.2991464062644518,0.3684523479490397
11,30254,2024-06-22,2024,,岡山,群馬,H,H,0.2832632964358494,0.31891953200526396,0.3978171715588866
11,30255,2024-06-22,2024,,レノファ山口FC,いわきFC,A,H,0.34068229726182586,0.2999787205598921,0.3593389821782821
11,30256,2024-06-22,2024,,V・ファーレン長崎,藤枝MYFC,H,H,0.2539731912884373,0.3314566151493766,0.4145701935621861
11,30257,2024-06-22,2024,,鹿児島ユナイテッドFC,大分,H,H,0.33196048617030993,0.31629876086107594,0.3517407529686141
11,30610,2024-06-22,2024,,町田,福岡,D,A,0.36280978499708294,0.30877029456514815,0.3284199204377689
11,30611,2024-06-22,2024,,東京V,名古屋,H,H,0.36463241800469404,0.27011432347565306,0.365253258519653
11,30612,2024-06-22,2024,,新潟,川崎F,D,A,0.3613981113864196,0.2780715016709782,0.3605303869426023
11,30613,2024-06-22,2024,,浦和,鹿島,D,D,0.3233928349846993,0.35145985850890465,0.3251473065063959
11,30614,2024-06-22,2024,,柏,広島,A,D,0.28311378254353636,0.4055013587273429,0.3113848587291208
11,30615,2024-06-22,2024,,湘南,FC東京,A,A,0.3699909131850293,0.3016425062392075,0.32836658057576323
11,30616,2024-06-22,2024,,磐田,C大阪,D,A,0.34487232780045424,0.33582378688851894,0.3193038853110269
11,30617,2024-06-22,2024,,G大阪,神戸,H,A,0.35963789907713317,0.2925606185710727,0.34780148235179426
11,30618,2024-06-22,2024,,鳥栖,京都,H,H,0.2997750699675765,0.27220295878228057,0.4280219712501429
11,29845,2024-06-23,2024,,ヴァンラーレ八戸,Y.S.C.C.横浜,H,H,0.30663247290806006,0.3192188969427442,0.37414863014919564
11,29846,2024-06-23,2024,,福島ユナイテッドFC,FC大阪,H,H,0.2592277990723887,0.33443312894072685,0.4063390719868845
11,29847,2024-06-23,2024,,ツエーゲン金沢,ギラヴァンツ北九州,D,D,0.3060099143701357,0.3671075686036423,0.3268825170262221
11,29848,2024-06-23,2024,,アスルクラロ沼津,奈良クラブ,H,A,0.4311529505283807,0.2595157529006043,0.30933129657101505
11,30258,2024-06-23,2024,,秋田,清水,H,D,0.30052349774605586,0.35968219728030554,0.33979430497363866
11,30259,2024-06-23,2024,,徳島,水戸,H,A,0.3584463639685318,0.29156209294898816,0.3499915430824801
11,30619,2024-06-23,2024,,札幌,横浜FM,A,A,0.4334656744969678,0.27480790540417416,0.291726420098858
11,29825,2024-06-26,2024,,富山,いわてグルージャ盛岡,H,A,0.37936559053750574,0.29437921237244075,0.3262551970900535
11,30238,2024-06-26,2024,,V・ファーレン長崎,いわきFC,H,D,0.2730294505610642,0.36720581001219066,0.35976473942674514
11,30620,2024-06-26,2024,,鹿島,G大阪,D,H,0.28721265732564544,0.23206767008939405,0.4807196725849606
11,30621,2024-06-26,2024,,FC東京,札幌,H,H,0.32692227604195756,0.2993791506806609,0.37369857327738143
11,30622,2024-06-26,2024,,川崎F,湘南,D,H,0.3298501787015606,0.3139838910548688,0.3561659302435707
11,30623,2024-06-26,2024,,磐田,東京V,H,A,0.361729599289688,0.2845485098465879,0.35372189086372413
11,30624,2024-06-26,2024,,名古屋,浦和,A,A,0.34516938512080614,0.3424194353417598,0.31241117953743414
11,30625,2024-06-26,2024,,京都,柏,D,D,0.2912239846532707,0.38467876251506444,0.3240972528316648
11,30626,2024-06-26,2024,,C大阪,鳥栖,H,H,0.32397741243611905,0.30708901346809403,0.368933574095787
11,30627,2024-06-26,2024,,神戸,町田,D,D,0.3294136623977607,0.3733578106562019,0.29722852694603735
11,30628,2024-06-26,2024,,広島,新潟,D,A,0.3491379120402842,0.3177178592351615,0.3331442287245543
11,30629,2024-06-26,2024,,福岡,横浜FM,H,H,0.32621288091012296,0.3129418397386982,0.3608452793511788
11,29849,2024-06-29,2024,,松本山雅FC,AC長野パルセイロ,D,H,0.27927666599148854,0.3074682672918724,0.41325506671663914
11,29850,2024-06-29,2024,,FC大阪,テゲバジャーロ宮崎,H,A,0.396307585225305,0.22889248688715924,0.3747999278875359
11,29851,2024-06-29,2024,,Y.S.C.C.横浜,アスルクラロ沼津,H,H,0.31110476963702377,0.29126317109085365,0.39763205927212264
11,29852,2024-06-29,2024,,富山,SC相模原,D,A,0.3521350022471531,0.3217147625601418,0.3261502351927052
11,29853,2024-06-29,2024,,奈良クラブ,ガイナーレ鳥取,D,H,0.3118734121482441,0.32132046655096347,0.3668061213007926
11,29854,2024-06-29,2024,,ギラヴァンツ北九州,福島ユナイテッドFC,H,H,0.30319481440357876,0.3323831600997438,0.3644220254966775
11,29855,2024-06-29,2024,,大宮,いわてグルージャ盛岡,H,A,0.478233524396533,0.14693998653674914,0.3748264890667178
11,29856,2024-06-29,2024,,FC岐阜,ヴァンラーレ八戸,A,H,0.3277029175646329,0.3186881525688456,0.35360892986652154
11,30260,2024-06-29,2024,,いわきFC,横浜FC,A,A,0.4089031263429858,0.232233089626504,0.3588637840305103
11,30261,2024-06-29,2024,,水戸,レノファ山口FC,D,D,0.3639300172159538,0.3841825091561101,0.25188747362793606
11,30262,2024-06-29,2024,,熊本,愛媛FC,H,A,0.39966437866001153,0.2462138458625962,0.3541217754773922
11,30263,2024-06-29,2024,,仙台,栃木SC,H,A,0.35195276409045007,0.3048592974695593,0.3431879384399906
11,30264,2024-06-29,2024,,群馬,藤枝MYFC,A,H,0.31227594253769714,0.32474115828231753,0.3629828991799852
11,30265,2024-06-29,2024,,徳島,V・ファーレン長崎,D,A,0.366664878050539,0.30060349365321404,0.33273162829624714
11,30266,2024-06-29,2024,,大分,甲府,D,D,0.338811725137122,0.34952270268487173,0.31166557217800633
11,30630,2024-06-29,2024,,札幌,新潟,A,D,0.34117578699638745,0.35888222934309305,0.29994198366051955
11,30631,2024-06-29,2024,,川崎F,広島,D,H,0.2804252676361923,0.35015973072020595,0.3694150016436018
11,30632,2024-06-29,2024,,横浜FM,東京V,A,H,0.3044027537800867,0.3177102995268933,0.37788694669302003
11,29857,2024-06-30,2024,,FC今治,カマタマーレ讃岐,H,H,0.2778740713919836,0.3072776626437626,0.41484826596425367
11,29858,2024-06-30,2024,,FC琉球,ツエーゲン金沢,A,A,0.3452254221133505,0.3202885094940489,0.3344860683926007
11,30267,2024-06-30,2024,,秋田,山形,A,A,0.3575066996793245,0.3515693984788898,0.2909239018417856
11,30268,2024-06-30,2024,,清水,岡山,H,H,0.3391045401915022,0.30839948212956747,0.3524959776789302
11,30269,2024-06-30,2024,,千葉,鹿児島ユナイテッドFC,H,D,0.31870545891036556,0.3851819737608041,0.2961125673288303
11,30633,2024-06-30,2024,,G大阪,町田,A,H,0.3296811349224299,0.253768772618501,0.41655009245906904
11,30634,2024-06-30,2024,,C大阪,名古屋,H,D,0.28565113231255407,0.3754090447491931,0.3389398229382528
11,30635,2024-06-30,2024,,浦和,磐田,H,D,0.2861717704111536,0.4233289053299712,0.2904993242588752
11,30636,2024-06-30,2024,,FC東京,福岡,A,A,0.3929087212222262,0.2697381691001086,0.33735310967766524
11,30637,2024-06-30,2024,,湘南,京都,A,A,0.3571135783821706,0.3359504717957576,0.3069359498220718
11,30638,2024-06-30,2024,,神戸,鹿島,H,A,0.35308598401529556,0.3274424034335707,0.3194716125511337
11,30639,2024-06-30,2024,,鳥栖,柏,A,H,0.3479412246025991,0.3004732713632466,0.35158550403415423
11,30583,2024-07-03,2024,,横浜FM,鳥栖,A,H,0.34284106477660176,0.29723182054987596,0.3599271146735223
11,30640,2024-07-05,2024,,広島,神戸,A,A,0.37345276322707605,0.34121018066671416,0.2853370561062099
11,29859,2024-07-06,2024,,ヴァンラーレ八戸,松本山雅FC,H,A,0.42229754395343594,0.2363917878261487,0.3413106682204154
11,29860,2024-07-06,2024,,いわてグルージャ盛岡,SC相模原,A,A,0.37257479781058855,0.34638232982004774,0.28104287236936376
11,29861,2024-07-06,2024,,ツエーゲン金沢,AC長野パルセイロ,H,H,0.27002140376057227,0.2926168353756035,0.4373617608638241
11,29862,2024-07-06,2024,,アスルクラロ沼津,大宮,H,A,0.3630688064778332,0.2940345856367835,0.3428966078853832
11,29863,2024-07-06,2024,,FC大阪,富山,D,H,0.2908499240765581,0.28547850004722913,0.42367157587621296
11,29864,2024-07-06,2024,,ガイナーレ鳥取,ギラヴァンツ北九州,A,D,0.3260750903856129,0.34573809773138864,0.3281868118829986
11,29865,2024-07-06,2024,,テゲバジャーロ宮崎,FC岐阜,A,A,0.39070128879874005,0.3099529409313844,0.29934577026987547
11,30270,2024-07-06,2024,,いわきFC,大分,A,H,0.29305084569492984,0.3228578723821359,0.3840912819229341
11,30271,2024-07-06,2024,,横浜FC,秋田,H,A,0.39308980386485126,0.25733907883185253,0.3495711173032962
11,30272,2024-07-06,2024,,甲府,徳島,A,H,0.2928995366114848,0.3005108766618058,0.40658958672670925
11,30273,2024-07-06,2024,,藤枝MYFC,水戸,H,A,0.36154392409295794,0.3359905543187315,0.30246552158831047
11,30274,2024-07-06,2024,,清水,千葉,H,D,0.3375000475679926,0.3602247624466509,0.30227518998535635
11,30275,2024-07-06,2024,,山形,栃木SC,H,H,0.34647518990332044,0.2875256941953466,0.365999115901333
11,30276,2024-07-06,2024,,岡山,仙台,H,A,0.3735158713711613,0.28300683981383723,0.34347728881500156
11,30277,2024-07-06,2024,,レノファ山口FC,鹿児島ユナイテッドFC,H,A,0.3806895051788707,0.27570607885172843,0.3436044159694009
11,30278,2024-07-06,2024,,V・ファーレン長崎,熊本,H,H,0.314318405210995,0.2680628747739436,0.4176187200150614
11,30641,2024-07-06,2024,,鹿島,札幌,H,D,0.27430675007203287,0.3839469083502629,0.3417463415777042
11,30642,2024-07-06,2024,,東京V,C大阪,D,A,0.4151342909716608,0.2061526977983552,0.37871301122998385
11,30643,2024-07-06,2024,,町田,名古屋,H,A,0.36839649049389606,0.295326222247133,0.3362772872589708
11,30644,2024-07-06,2024,,浦和,湘南,A,D,0.3131429208215399,0.354222819514888,0.33263425966357224
11,30645,2024-07-06,2024,,新潟,鳥栖,A,H,0.32332782221592743,0.3183976180730538,0.35827455971101885
11,30646,2024-07-06,2024,,柏,FC東京,H,D,0.24404570056884575,0.3812429108311917,0.3747113885999625
11,30647,2024-07-06,2024,,磐田,川崎F,D,H,0.2645844144854203,0.3656549226598371,0.3697606628547425
11,30648,2024-07-06,2024,,G大阪,横浜FM,H,A,0.34176556211224185,0.3222766259837367,0.33595781190402146
11,29866,2024-07-07,2024,,福島ユナイテッドFC,FC今治,A,H,0.3145409213377998,0.3167175385168773,0.36874154014532295
11,29867,2024-07-07,2024,,奈良クラブ,Y.S.C.C.横浜,D,D,0.32949268030149453,0.3495740980108422,0.32093322168766336
11,29868,2024-07-07,2024,,カマタマーレ讃岐,FC琉球,A,A,0.35851450313283223,0.3043560933008381,0.3371294035663297
11,30279,2024-07-07,2024,,愛媛FC,群馬,A,H,0.31662713187139735,0.3267918549709039,0.3565810131576987
11,30649,2024-07-07,2024,,福岡,京都,A,A,0.4613263344090556,0.24647995135377704,0.2921937142371674
11,29869,2024-07-13,2024,,ヴァンラーレ八戸,ガイナーレ鳥取,H,A,0.3666654080650928,0.2939448364777927,0.33938975545711453
11,29870,2024-07-13,2024,,Y.S.C.C.横浜,福島ユナイテッドFC,H,H,0.3375406643792042,0.3058085613181931,0.3566507743026027
11,29871,2024-07-13,2024,,SC相模原,アスルクラロ沼津,H,H,0.3251842282087212,0.3335222648839916,0.34129350690728705
11,29872,2024-07-13,2024,,AC長野パルセイロ,いわてグルージャ盛岡,D,H,0.33904719992051663,0.31282690206620933,0.34812589801327404
11,29873,2024-07-13,2024,,富山,FC琉球,H,D,0.329079571716801,0.345237017637913,0.3256834106452861
11,29874,2024-07-13,2024,,大宮,カマタマーレ讃岐,H,A,0.382614550349639,0.24549875368482704,0.3718866959655339
11,29875,2024-07-13,2024,,FC岐阜,奈良クラブ,D,A,0.4226303079733029,0.27161450255071595,0.3057551894759812
11,30280,2024-07-13,2024,,藤枝MYFC,愛媛FC,A,H,0.32255063986839216,0.28238405664576177,0.3950653034858462
11,30281,2024-07-13,2024,,鹿児島ユナイテッドFC,群馬,D,D,0.33828134446150754,0.3745066046733222,0.2872120508651703
11,30650,2024-07-13,2024,,札幌,神戸,D,H,0.34605099945251344,0.304064844508441,0.34988415603904555
11,30651,2024-07-13,2024,,FC東京,新潟,H,D,0.30148080280251294,0.35132368555751314,0.347195511639974
11,29876,2024-07-14,2024,,松本山雅FC,FC大阪,H,D,0.27000084664271123,0.37606987595797087,0.35392927739931795
11,29877,2024-07-14,2024,,ギラヴァンツ北九州,テゲバジャーロ宮崎,H,H,0.27405609449948054,0.3575572499596918,0.3683866555408278
11,29878,2024-07-14,2024,,FC今治,ツエーゲン金沢,H,A,0.36422187609634227,0.3308836205356526,0.304894503368005
11,30282,2024-07-14,2024,,秋田,レノファ山口FC,H,A,0.35370382894150865,0.3284268749826565,0.3178692960758348
11,30283,2024-07-14,2024,,水戸,横浜FC,D,A,0.4104718975411429,0.2555293249929897,0.3339987774658673
11,30284,2024-07-14,2024,,甲府,V・ファーレン長崎,D,H,0.3464539752334463,0.2733792070129309,0.38016681775362277
11,30285,2024-07-14,2024,,山形,いわきFC,A,H,0.32041580563767946,0.31247245989784367,0.36711173446447687
11,30286,2024-07-14,2024,,栃木SC,岡山,D,H,0.3301966811710077,0.32088815165362433,0.34891516717536797
11,30287,2024-07-14,2024,,千葉,熊本,A,H,0.3278370586862638,0.2908549191241417,0.38130802218959464
11,30288,2024-07-14,2024,,徳島,仙台,H,A,0.3728913845152605,0.26993542492305356,0.35717319056168595
11,30289,2024-07-14,2024,,大分,清水,A,A,0.4403371207107093,0.2173692660070953,0.3422936132821954
11,30652,2024-07-14,2024,,東京V,町田,A,H,0.32060784802485975,0.2888982026655259,0.39049394930961434
11,30653,2024-07-14,2024,,名古屋,柏,H,H,0.33511467630422354,0.32940096355496407,0.33548436014081234
11,30654,2024-07-14,2024,,広島,福岡,H,H,0.3704886422219226,0.2490905645117618,0.38042079326631567
11,30655,2024-07-14,2024,,川崎F,C大阪,D,H,0.3076659804245838,0.31617711265683074,0.37615690691858544
11,30656,2024-07-14,2024,,湘南,磐田,H,H,0.30516676931921605,0.3348724613862543,0.35996076929452964
11,30657,2024-07-14,2024,,京都,浦和,D,A,0.3667905643858913,0.3161433511340797,0.31706608448002904
11,30658,2024-07-14,2024,,鳥栖,G大阪,A,H,0.33459789346051033,0.27717086202758606,0.3882312445119036
11,30659,2024-07-14,2024,,横浜FM,鹿島,H,A,0.3851062518714019,0.26240882801362847,0.3524849201149696
11,29879,2024-07-20,2024,,福島ユナイテッドFC,テゲバジャーロ宮崎,H,H,0.31988485906002123,0.3116098911882832,0.3685052497516956
11,29880,2024-07-20,2024,,AC長野パルセイロ,FC今治,A,D,0.32689047367000484,0.3785860571794971,0.29452346915049804
11,29881,2024-07-20,2024,,ツエーゲン金沢,ヴァンラーレ八戸,H,D,0.34396796186695877,0.38834932380990445,0.26768271432313695
11,29882,2024-07-20,2024,,アスルクラロ沼津,FC岐阜,H,A,0.3692702874803561,0.3086716582704224,0.32205805424922157
11,29883,2024-07-20,2024,,FC大阪,大宮,D,A,0.36714123660292625,0.3344039033814422,0.29845486001563143
11,29884,2024-07-20,2024,,ギラヴァンツ北九州,松本山雅FC,D,D,0.28755622947171167,0.3818741493297106,0.3305696211985777
11,29885,2024-07-20,2024,,ガイナーレ鳥取,Y.S.C.C.横浜,D,H,0.3261803921525558,0.3004366891851777,0.37338291866226647
11,30660,2024-07-20,2024,,鹿島,FC東京,H,H,0.33183867575137366,0.24317432402235645,0.42498700022626995
11,30661,2024-07-20,2024,,町田,横浜FM,A,A,0.3990456761818845,0.2770365674438645,0.32391775637425096
11,30662,2024-07-20,2024,,浦和,札幌,A,H,0.2221098932787938,0.30446776774010975,0.47342233898109654
11,30663,2024-07-20,2024,,柏,川崎F,A,A,0.3576097736561779,0.3360880478097856,0.3063021785340366
11,30664,2024-07-20,2024,,磐田,京都,A,A,0.41835974373680646,0.3300583252590918,0.2515819310041017
11,30665,2024-07-20,2024,,G大阪,湘南,A,D,0.3132880973520001,0.3544083914978695,0.3323035111501302
11,30666,2024-07-20,2024,,C大阪,新潟,A,H,0.27912856389720886,0.3034682033661515,0.41740323273663965
11,30667,2024-07-20,2024,,神戸,名古屋,D,D,0.2996493764906199,0.3836151250985633,0.31673549841081683
11,30668,2024-07-20,2024,,福岡,東京V,A,D,0.2916526893229582,0.3836089245178896,0.32473838615915224
11,29886,2024-07-21,2024,,いわてグルージャ盛岡,富山,A,D,0.27543160161301766,0.42319079483106453,0.3013776035559178
11,29887,2024-07-21,2024,,カマタマーレ讃岐,SC相模原,D,A,0.3780064142267769,0.2851760075878361,0.33681757818538705
11,29888,2024-07-21,2024,,FC琉球,奈良クラブ,A,A,0.3813150732214597,0.2783246198600229,0.34036030691851743
11,30669,2024-07-21,2024,,鳥栖,広島,A,D,0.3390365048420766,0.37136908877290997,0.2895944063850134
11,29889,2024-07-27,2024,,Y.S.C.C.横浜,ヴァンラーレ八戸,D,D,0.34507286818969807,0.3506075346191508,0.30431959719115115
11,29890,2024-07-27,2024,,SC相模原,ツエーゲン金沢,A,A,0.3722083709514325,0.2615595040594808,0.3662321249890867
11,29891,2024-07-27,2024,,富山,AC長野パルセイロ,H,H,0.2730660656741292,0.27607049755350516,0.4508634367723656
11,29892,2024-07-27,2024,,FC大阪,カマタマーレ讃岐,A,H,0.3364579333851282,0.31549399001357786,0.348048076601294
11,29893,2024-07-27,2024,,奈良クラブ,アスルクラロ沼津,A,A,0.36768966526892843,0.2760277174764932,0.35628261725457844
11,29894,2024-07-27,2024,,松本山雅FC,福島ユナイテッドFC,D,H,0.2704989851325231,0.3452339849880239,0.38426702987945305
11,29895,2024-07-27,2024,,FC今治,いわてグルージャ盛岡,H,H,0.2873222021022594,0.3038417278775355,0.4088360700202051
11,29896,2024-07-27,2024,,テゲバジャーロ宮崎,大宮,A,H,0.3472398707982311,0.2603329690739954,0.3924271601277735
11,29897,2024-07-27,2024,,FC琉球,ギラヴァンツ北九州,A,D,0.31766113197321943,0.3879297429456406,0.29440912508114
11,29898,2024-07-28,2024,,FC岐阜,ガイナーレ鳥取,A,H,0.3349900679537205,0.32220646941952474,0.34280346262675476
11,30290,2024-08-03,2024,,横浜FC,千葉,H,H,0.3242342474153548,0.2793472823420435,0.3964184702426018
11,30291,2024-08-03,2024,,仙台,清水,H,A,0.491047602474903,0.1229088343754943,0.38604356314960286
11,30292,2024-08-03,2024,,群馬,甲府,A,A,0.3749337512819645,0.3096213502320059,0.3154448984860296
11,30293,2024-08-03,2024,,岡山,山形,D,H,0.3291229370723549,0.30012526162435266,0.3707518013032924
11,30294,2024-08-03,2024,,レノファ山口FC,大分,H,H,0.29950836896012417,0.3112273277634142,0.38926430327646155
11,30295,2024-08-03,2024,,愛媛FC,徳島,A,A,0.44296354764029167,0.22734203662211797,0.32969441573759045
11,30296,2024-08-03,2024,,V・ファーレン長崎,水戸,A,H,0.31120433781411094,0.26913520783837425,0.41966045434751476
11,30297,2024-08-03,2024,,熊本,栃木SC,A,H,0.2988924138051194,0.3285995826713347,0.37250800352354585
11,30298,2024-08-03,2024,,鹿児島ユナイテッドFC,藤枝MYFC,A,H,0.3231537521716608,0.3353404273612817,0.3415058204670574
11,30299,2024-08-04,2024,,いわきFC,秋田,H,H,0.29907093367437826,0.3248777970177807,0.37605126930784105
11,30670,2024-08-07,2024,,鹿島,鳥栖,H,A,0.3449175302477611,0.3269341841727129,0.328148285579526
11,30671,2024-08-07,2024,,東京V,広島,A,D,0.26702947647073344,0.3913397928597789,0.3416307306694877
11,30672,2024-08-07,2024,,川崎F,神戸,H,H,0.3207985262862493,0.2445358271355035,0.4346656465782473
11,30673,2024-08-07,2024,,湘南,福岡,D,A,0.42256678545950627,0.27290753697008674,0.3045256775704069
11,30674,2024-08-07,2024,,新潟,磐田,D,H,0.29626235872329826,0.24576342818673216,0.4579742130899696
11,30675,2024-08-07,2024,,京都,名古屋,H,A,0.36624306305924537,0.3332532141294146,0.30050372281134
11,30676,2024-08-07,2024,,G大阪,FC東京,D,D,0.33042302782591365,0.3356656968814436,0.3339112752926427
11,30677,2024-08-07,2024,,C大阪,町田,D,A,0.4119838884117733,0.3064341633103208,0.28158194827790584
11,30679,2024-08-07,2024,,横浜FM,札幌,H,H,0.26564823880370847,0.32028351986595666,0.414068241330335
11,30300,2024-08-10,2024,,いわきFC,愛媛FC,H,H,0.29486025605771793,0.2935604480300286,0.41157929591225334
11,30301,2024-08-10,2024,,水戸,仙台,A,H,0.3528574263543458,0.27777596668745475,0.36936660695819945
11,30302,2024-08-10,2024,,横浜FC,V・ファーレン長崎,D,H,0.32515399570856435,0.24169572622961846,0.43315027806181716
11,30303,2024-08-10,2024,,甲府,藤枝MYFC,H,A,0.36475252036834577,0.305883311911033,0.3293641677206214
11,30304,2024-08-10,2024,,清水,群馬,H,H,0.3416218739612576,0.28035133690472913,0.3780267891340134
11,30305,2024-08-10,2024,,岡山,千葉,D,A,0.37383896285165846,0.28383425405444646,0.342326783093895
11,30306,2024-08-10,2024,,レノファ山口FC,栃木SC,H,H,0.32217542377690145,0.31375241993818176,0.3640721562849169
11,30680,2024-08-10,2024,,札幌,福岡,D,A,0.38776714087763264,0.25733302293122834,0.35489983619113913
11,30307,2024-08-11,2024,,秋田,鹿児島ユナイテッドFC,H,H,0.345769009985383,0.27534650565199287,0.37888448436262406
11,30308,2024-08-11,2024,,山形,徳島,H,H,0.32583667318909687,0.32070816203782676,0.3534551647730765
11,30309,2024-08-11,2024,,大分,熊本,H,H,0.3264932639252297,0.32014709892465965,0.35335963715011076
11,30681,2024-08-11,2024,,町田,湘南,A,H,0.3475137980235492,0.2884089246989975,0.3640772772774534
11,30682,2024-08-11,2024,,広島,C大阪,H,A,0.37757276359235165,0.24947547893180363,0.3729517574758448
11,30683,2024-08-11,2024,,柏,G大阪,D,H,0.3215728156862983,0.3038200154885403,0.37460716882516143
11,30684,2024-08-11,2024,,FC東京,川崎F,A,H,0.3360632606958945,0.28122237218048174,0.3827143671236237
11,30685,2024-08-11,2024,,磐田,鹿島,H,A,0.4527613226042419,0.24244026684441955,0.3047984105513386
11,30686,2024-08-11,2024,,名古屋,東京V,H,H,0.3204459783662275,0.2982288343292223,0.3813251873045501
11,30687,2024-08-11,2024,,鳥栖,浦和,D,A,0.3716735927617871,0.3309987525003064,0.2973276547379066
11,30688,2024-08-11,2024,,横浜FM,神戸,A,A,0.4830197659587803,0.19134482183524473,0.3256354122059749
11,30689,2024-08-12,2024,,新潟,京都,H,H,0.37138379325853094,0.22801221535298918,0.40060399138847985
11,30690,2024-08-16,2024,,札幌,鳥栖,H,H,0.29436476903279285,0.3368814243754021,0.36875380659180507
11,29899,2024-08-17,2024,,ヴァンラーレ八戸,FC岐阜,H,D,0.31796667889064784,0.34518704020978924,0.33684628089956303
11,29900,2024-08-17,2024,,いわてグルージャ盛岡,アスルクラロ沼津,A,H,0.2834601762320733,0.3227155885864618,0.3938242351814649
11,29901,2024-08-17,2024,,福島ユナイテッドFC,FC琉球,A,H,0.2846250659284513,0.31004782107007256,0.40532711300147617
11,29902,2024-08-17,2024,,Y.S.C.C.横浜,カマタマーレ讃岐,A,H,0.30767696389563026,0.3311139735429497,0.36120906256142005
11,29903,2024-08-17,2024,,AC長野パルセイロ,テゲバジャーロ宮崎,H,A,0.34257400354656986,0.3192918676620895,0.33813412879134075
11,29904,2024-08-17,2024,,ギラヴァンツ北九州,富山,H,H,0.3286769317522981,0.33298372477988103,0.33833934346782085
11,29905,2024-08-17,2024,,大宮,ツエーゲン金沢,H,H,0.35872907442135726,0.2539869638012533,0.3872839617773893
11,29906,2024-08-17,2024,,松本山雅FC,SC相模原,H,D,0.29940784575701135,0.42130906444885874,0.2792830897941299
11,29907,2024-08-17,2024,,ガイナーレ鳥取,奈良クラブ,H,A,0.38000502627535054,0.268101459592373,0.3518935141322764
11,29908,2024-08-17,2024,,FC今治,FC大阪,D,H,0.285874408177194,0.29659023892679237,0.41753535289601357
11,30310,2024-08-17,2024,,清水,甲府,H,H,0.3199580990601745,0.31768176529088205,0.3623601356489434
11,30311,2024-08-17,2024,,仙台,鹿児島ユナイテッドFC,H,A,0.36569454936598844,0.32967782602549073,0.3046276246085209
11,30312,2024-08-17,2024,,山形,V・ファーレン長崎,H,H,0.328943467558657,0.2962842690615227,0.3747722633798202
11,30313,2024-08-17,2024,,栃木SC,秋田,D,H,0.33768864761756173,0.2663370184124883,0.39597433396995
11,30314,2024-08-17,2024,,群馬,横浜FC,A,A,0.37280702523885695,0.2682572721666697,0.3589357025944733
11,30315,2024-08-17,2024,,千葉,いわきFC,A,H,0.35380018032525984,0.290164195462689,0.35603562421205115
11,30316,2024-08-17,2024,,藤枝MYFC,レノファ山口FC,H,A,0.3637590870189544,0.32454007050032196,0.3117008424807237
11,30317,2024-08-17,2024,,徳島,岡山,D,A,0.355243360046308,0.3385777411428192,0.30617889881087285
11,30318,2024-08-17,2024,,熊本,水戸,A,A,0.3719053783847254,0.32282896965921126,0.30526565195606326
11,30691,2024-08-17,2024,,鹿島,浦和,D,H,0.30595697570624564,0.3416907963777422,0.3523522279160122
11,30692,2024-08-17,2024,,町田,磐田,H,A,0.36771730685208126,0.30717250576825317,0.32511018737966546
11,30693,2024-08-17,2024,,FC東京,東京V,D,H,0.2951437033347445,0.3238483307362232,0.38100796592903224
11,30694,2024-08-17,2024,,川崎F,横浜FM,A,D,0.33466118516583915,0.354879000866029,0.3104598139681318
11,30695,2024-08-17,2024,,湘南,柏,A,H,0.3233240564151583,0.27066149099378917,0.4060144525910526
11,30696,2024-08-17,2024,,名古屋,広島,A,H,0.3076590658016307,0.3221541772775403,0.3701867569208288
11,30697,2024-08-17,2024,,C大阪,京都,A,H,0.31564920197914476,0.29625123455428115,0.38809956346657404
11,30698,2024-08-17,2024,,神戸,G大阪,D,H,0.28740126472062644,0.30252489845069935,0.4100738368286742
11,30699,2024-08-17,2024,,福岡,新潟,A,H,0.2734417348455897,0.33450743178368614,0.39205083337072427
11,30319,2024-08-18,2024,,愛媛FC,大分,H,D,0.334857512445502,0.3545109758717504,0.3106315116827476
11,29909,2024-08-24,2024,,ヴァンラーレ八戸,SC相模原,H,H,0.3234838593895593,0.3038421946121614,0.3726739459982794
11,29911,2024-08-24,2024,,富山,松本山雅FC,H,H,0.3337460381933492,0.3230212915345968,0.3432326702720542
11,29912,2024-08-24,2024,,ツエーゲン金沢,FC琉球,A,H,0.31006779997506057,0.3140651394431069,0.3758670605818325
11,29913,2024-08-24,2024,,アスルクラロ沼津,FC今治,A,H,0.3031565341573596,0.29633473977734054,0.4005087260652999
11,29914,2024-08-24,2024,,奈良クラブ,ギラヴァンツ北九州,A,A,0.3604571946706252,0.2952023215736791,0.3443404837556958
11,29915,2024-08-24,2024,,ガイナーレ鳥取,FC大阪,H,H,0.3126419954083386,0.3406604314217552,0.3466975731699062
11,29916,2024-08-24,2024,,テゲバジャーロ宮崎,いわてグルージャ盛岡,H,A,0.3401108590420617,0.33236627843265415,0.3275228625252842
11,30320,2024-08-24,2024,,横浜FC,徳島,H,H,0.29409492412950106,0.3013330317719669,0.40457204409853204
11,30321,2024-08-24,2024,,藤枝MYFC,山形,A,H,0.3311447456764403,0.32416923095715466,0.3446860233664048
11,30322,2024-08-24,2024,,岡山,大分,D,A,0.36909787709379976,0.280165878776623,0.3507362441295773
11,30323,2024-08-24,2024,,V・ファーレン長崎,レノファ山口FC,A,H,0.29573824412801797,0.32561271273515113,0.37864904313683084
11,30324,2024-08-24,2024,,鹿児島ユナイテッドFC,清水,A,H,0.31942897064375997,0.3020312064449391,0.37853982291130095
11,30701,2024-08-24,2024,,横浜FM,C大阪,H,A,0.37720521854642536,0.28070202407075595,0.34209275738281864
11,30702,2024-08-24,2024,,湘南,名古屋,A,H,0.2854451884619525,0.2991220491611608,0.4154327623768867
11,30703,2024-08-24,2024,,京都,FC東京,H,H,0.3318953791671908,0.29540439225079157,0.37270022858201757
11,30704,2024-08-24,2024,,G大阪,福岡,D,H,0.3164249653291918,0.31021911063022495,0.3733559240405834
11,29917,2024-08-25,2024,,FC岐阜,Y.S.C.C.横浜,H,A,0.35850171645738693,0.30922671346547087,0.3322715700771421
11,30325,2024-08-25,2024,,秋田,愛媛FC,D,A,0.3699515740193253,0.29658057539080807,0.33346785058986655
11,30326,2024-08-25,2024,,いわきFC,熊本,A,A,0.382674809648154,0.29049444323542795,0.32683074711641813
11,30327,2024-08-25,2024,,水戸,群馬,H,A,0.3772668400699288,0.2906557517855651,0.3320774081445062
11,30328,2024-08-25,2024,,栃木SC,甲府,A,H,0.2703673371373239,0.3134038803022314,0.41622878256044477
11,30329,2024-08-25,2024,,千葉,仙台,H,A,0.37274887319308997,0.30765537098939977,0.3195957558175102
11,30705,2024-08-25,2024,,東京V,鹿島,H,A,0.42492281962701034,0.27217352965527614,0.3029036507177135
11,30706,2024-08-25,2024,,広島,柏,H,H,0.2930857155909888,0.34891151543810134,0.3580027689709098
11,30707,2024-08-25,2024,,新潟,町田,D,A,0.3497065446040594,0.314639074392074,0.3356543810038666
11,30708,2024-08-25,2024,,磐田,札幌,A,H,0.2895419001486918,0.35032790664550234,0.36013019320580586
11,30709,2024-08-25,2024,,神戸,鳥栖,H,A,0.5352712185661112,0.13240162587514545,0.3323271555587434
11,29928,2024-08-30,2024,,FC大阪,ツエーゲン金沢,D,D,0.3220603312912311,0.37726143696526904,0.30067823174349995
11,29919,2024-08-31,2024,,福島ユナイテッドFC,ギラヴァンツ北九州,H,A,0.3808734660126128,0.308194200338767,0.31093233364862033
11,29920,2024-08-31,2024,,SC相模原,AC長野パルセイロ,D,H,0.3205826023628302,0.30790200416757013,0.3715153934695996
11,29921,2024-08-31,2024,,FC琉球,ガイナーレ鳥取,H,A,0.3407275641903053,0.33043432897257946,0.32883810683711523
11,29922,2024-08-31,2024,,富山,アスルクラロ沼津,H,H,0.3128708425688815,0.31041365271572263,0.37671550471539594
11,29923,2024-08-31,2024,,大宮,Y.S.C.C.横浜,H,H,0.2989287612814358,0.24819087930487108,0.45288035941369303
11,29924,2024-08-31,2024,,FC岐阜,松本山雅FC,A,H,0.3912319430486415,0.21010866530872951,0.39865939164262904
11,29925,2024-08-31,2024,,FC今治,奈良クラブ,H,H,0.31483044093602225,0.339185082519886,0.34598447654409176
11,29926,2024-08-31,2024,,テゲバジャーロ宮崎,ヴァンラーレ八戸,H,H,0.26915851542832275,0.3168957057935371,0.41394577877814026
11,30330,2024-08-31,2024,,水戸,愛媛FC,H,H,0.3242478492747069,0.3177198011775617,0.35803234954773144
11,30331,2024-08-31,2024,,甲府,鹿児島ユナイテッドFC,H,D,0.29500988202183237,0.3548342001952511,0.3501559177829166
11,30332,2024-08-31,2024,,仙台,いわきFC,H,D,0.31783230725156014,0.35594139793225543,0.3262262948161842
11,30333,2024-08-31,2024,,山形,横浜FC,A,H,0.3680334668276025,0.2409066036195309,0.3910599295528665
11,30334,2024-08-31,2024,,レノファ山口FC,岡山,A,H,0.3185969678019443,0.3316190089236227,0.349784023274433
11,30336,2024-08-31,2024,,V・ファーレン長崎,栃木SC,D,A,0.3700497882927647,0.27399222260233064,0.35595798910490467
11,30710,2024-08-31,2024,,町田,浦和,D,H,0.36047222041140214,0.27104448927785035,0.36848329031074756
11,30711,2024-08-31,2024,,柏,東京V,A,A,0.35352461641827715,0.31154746362616015,0.3349279199555628
11,30716,2024-08-31,2024,,広島,FC東京,H,H,0.28415852253211754,0.3446736866713081,0.37116779079657436
11,30717,2024-08-31,2024,,鳥栖,湘南,A,H,0.3451288277559234,0.288300900443042,0.3665702718010346
11,29927,2024-09-01,2024,,いわてグルージャ盛岡,カマタマーレ讃岐,A,A,0.4049540866674227,0.28285867468617726,0.31218723864639997
11,30337,2024-09-01,2024,,群馬,秋田,H,A,0.4592296234758927,0.26497041662000653,0.27579995990410083
11,30338,2024-09-01,2024,,熊本,藤枝MYFC,A,A,0.37557849681905076,0.30517925314834277,0.3192422500326064
11,30339,2024-09-01,2024,,大分,千葉,A,H,0.25158547267317255,0.3541360843244629,0.3942784430023644
11,30718,2024-09-01,2024,,札幌,川崎F,H,H,0.32993226598715103,0.29591846880352896,0.37414926520932
11,30719,2024-09-01,2024,,福岡,神戸,A,A,0.3666624791601056,0.34410981848236377,0.2892277023575306
11,29929,2024-09-06,2024,,ヴァンラーレ八戸,福島ユナイテッドFC,A,D,0.2894703373719322,0.35975671898697104,0.3507729436410968
11,29930,2024-09-07,2024,,Y.S.C.C.横浜,ツエーゲン金沢,D,H,0.33783308896873465,0.3165068853845832,0.34566002564668213
11,29931,2024-09-07,2024,,SC相模原,テゲバジャーロ宮崎,A,H,0.31154880988471356,0.3393707940497755,0.34908039606551083
11,29932,2024-09-07,2024,,松本山雅FC,大宮,A,A,0.4086170992232667,0.2611081730329836,0.3302747277437497
11,29933,2024-09-07,2024,,AC長野パルセイロ,FC大阪,A,H,0.29978964869559654,0.3292753551374215,0.370934996166982
11,29934,2024-09-07,2024,,ガイナーレ鳥取,アスルクラロ沼津,H,A,0.37051942407022487,0.3121726612605506,0.3173079146692246
11,29935,2024-09-07,2024,,ギラヴァンツ北九州,FC今治,A,A,0.39592906360012164,0.2958029378499652,0.3082679985499131
11,29936,2024-09-07,2024,,FC琉球,いわてグルージャ盛岡,A,H,0.34823889851685397,0.290449071118754,0.361312030364392
11,30340,2024-09-07,2024,,群馬,仙台,D,H,0.3229749774881439,0.32302546945382815,0.35399955305802794
11,30341,2024-09-07,2024,,千葉,水戸,H,H,0.3297207624388169,0.3343425868183529,0.33593665074283025
11,30342,2024-09-07,2024,,清水,V・ファーレン長崎,D,A,0.38240476085127395,0.315832582300319,0.3017626568484069
11,30343,2024-09-07,2024,,藤枝MYFC,栃木SC,H,D,0.29203728155993314,0.37968664396078844,0.3282760744792783
11,30344,2024-09-07,2024,,レノファ山口FC,徳島,A,A,0.3717534704427646,0.2771730191754085,0.351073510381827
11,30345,2024-09-07,2024,,愛媛FC,横浜FC,A,A,0.3730255568319376,0.2839979689721949,0.34297647419586735
11,30346,2024-09-07,2024,,大分,山形,A,A,0.38712659032572233,0.27280789190357135,0.3400655177707063
11,30347,2024-09-07,2024,,鹿児島ユナイテッドFC,いわきFC,A,A,0.3802710812040658,0.3194757560690533,0.30025316272688096
11,29937,2024-09-08,2024,,奈良クラブ,富山,D,D,0.28686918432628494,0.3759361855094751,0.33719463016424
11,29938,2024-09-08,2024,,カマタマーレ讃岐,FC岐阜,H,H,0.3543168961544856,0.2769058125089183,0.3687772913365961
11,30348,2024-09-08,2024,,岡山,秋田,A,H,0.2735763130215917,0.31976185307110583,0.40666183390730254
11,29910,2024-09-11,2024,,AC長野パルセイロ,大宮,D,H,0.31969107396119173,0.3377486042882733,0.3425603217505348
11,30727,2024-09-13,2024,,川崎F,鳥栖,H,H,0.3245556966011361,0.2971433204787425,0.37830098292012154
11,30728,2024-09-13,2024,,横浜FM,京都,A,H,0.3358145718916678,0.2905785407836042,0.37360688732472813
11,30729,2024-09-13,2024,,神戸,C大阪,H,H,0.2976278672236617,0.27932579059631224,0.423046342180026
11,29939,2024-09-14,2024,,いわてグルージャ盛岡,ヴァンラーレ八戸,A,H,0.3375138948897917,0.22816708110790868,0.43431902400229966
11,29940,2024-09-14,2024,,大宮,ギラヴァンツ北九州,H,H,0.3055079251007584,0.299437879848214,0.39505419505102757
11,29941,2024-09-14,2024,,AC長野パルセイロ,奈良クラブ,D,D,0.31645868084843987,0.37451383725306797,0.30902748189849216
11,29942,2024-09-14,2024,,富山,Y.S.C.C.横浜,H,D,0.3260404668649285,0.34601048727728756,0.3279490458577839
11,29943,2024-09-14,2024,,ツエーゲン金沢,カマタマーレ讃岐,A,A,0.4453983802680256,0.1969599875956435,0.3576416321363308
11,29944,2024-09-14,2024,,FC岐阜,SC相模原,A,D,0.33517474931699714,0.3461007758029444,0.31872447488005856
11,29945,2024-09-14,2024,,FC今治,松本山雅FC,D,A,0.3684081474895381,0.31172952097486734,0.31986233153559457
11,30350,2024-09-14,2024,,秋田,千葉,H,H,0.3250360775000282,0.2897558240795466,0.38520809842042525
11,30351,2024-09-14,2024,,山形,群馬,H,H,0.29046831716843435,0.27221106413370916,0.4373206186978565
11,30352,2024-09-14,2024,,清水,レノファ山口FC,H,H,0.2762608153229519,0.3222059030870868,0.4015332815899614
11,30353,2024-09-14,2024,,岡山,愛媛FC,H,H,0.34624014768835915,0.3004722147774208,0.3532876375342201
11,30354,2024-09-14,2024,,徳島,大分,H,D,0.3074909130305197,0.3737796902059849,0.31872939676349554
11,30355,2024-09-14,2024,,仙台,藤枝MYFC,A,A,0.38747651415010526,0.30101568629492054,0.3115077995549743
11,30720,2024-09-14,2024,,札幌,東京V,A,H,0.3058656519812735,0.31391163038869035,0.3802227176300362
11,30721,2024-09-14,2024,,鹿島,広島,D,A,0.35881897119104333,0.29943878401054635,0.34174224479841026
11,30722,2024-09-14,2024,,柏,磐田,A,A,0.34826388069389824,0.32829157297877537,0.3234445463273264
11,30723,2024-09-14,2024,,FC東京,名古屋,H,A,0.37633499899709727,0.3365177997021749,0.2871472013007278
11,30724,2024-09-14,2024,,新潟,湘南,H,H,0.3290108922064373,0.3302825376427236,0.3407065701508392
11,30725,2024-09-14,2024,,G大阪,浦和,A,H,0.33224817392995587,0.32396770722234025,0.3437841188477038
11,30726,2024-09-14,2024,,福岡,町田,A,A,0.36667787147039493,0.2826286351112495,0.35069349341835554
11,29946,2024-09-15,2024,,福島ユナイテッドFC,ガイナーレ鳥取,A,H,0.3131070793711766,0.3379325607618211,0.3489603598670023
11,29947,2024-09-15,2024,,アスルクラロ沼津,FC大阪,A,A,0.3733807459558507,0.30012611701831576,0.32649313702583366
11,29948,2024-09-15,2024,,テゲバジャーロ宮崎,FC琉球,H,H,0.3164169103864562,0.3180651877772863,0.3655179018362574
11,30356,2024-09-15,2024,,横浜FC,甲府,H,H,0.2814858823212589,0.346219779730281,0.3722943379484602
11,30357,2024-09-15,2024,,いわきFC,V・ファーレン長崎,A,H,0.30859050735042176,0.3084076810108137,0.38300181163876457
11,30358,2024-09-15,2024,,栃木SC,水戸,A,H,0.3675023847485615,0.2592139014758475,0.37328371377559083
11,30359,2024-09-15,2024,,鹿児島ユナイテッドFC,熊本,A,H,0.3353635372784733,0.3039341168187467,0.3607023459027799
11,30335,2024-09-18,2024,,徳島,清水,A,H,0.3047145273741812,0.3128706244494466,0.3824148481763721
11,30713,2024-09-18,2024,,名古屋,新潟,H,A,0.36195722431749267,0.29054525003383175,0.3474975256486756
12,29949,2024-09-21,2024,,ヴァンラーレ八戸,大宮,A,A,0.34576450699504396,0.32175224318228074,0.33248324982267535
12,29950,2024-09-21,2024,,SC相模原,FC今治,H,D,0.3095142986997352,0.3487175872497288,0.3417681140505361
12,29951,2024-09-21,2024,,ガイナーレ鳥取,AC長野パルセイロ,H,H,0.3485812534737543,0.25894183163792184,0.3924769148883239
12,29952,2024-09-21,2024,,ギラヴァンツ北九州,FC岐阜,H,H,0.3092321309225557,0.31253321142080814,0.37823465765663605
12,29953,2024-09-21,2024,,FC琉球,アスルクラロ沼津,D,H,0.2998500905910418,0.3307398466119254,0.36941006279703287
12,30360,2024-09-21,2024,,千葉,レノファ山口FC,H,H,0.3138939174080069,0.29986876304027466,0.3862373195517184
12,30361,2024-09-21,2024,,横浜FC,大分,D,H,0.3048925701417816,0.2923037991491806,0.4028036307090379
12,30362,2024-09-21,2024,,愛媛FC,山形,A,A,0.3935836858745839,0.32687802047729736,0.27953829364811866
12,30363,2024-09-21,2024,,熊本,秋田,H,H,0.3343180759602086,0.2869053036185787,0.3787766204212127
12,30364,2024-09-21,2024,,仙台,甲府,D,A,0.36974628220716976,0.3280408961825501,0.3022128216102801
12,30730,2024-09-21,2024,,浦和,FC東京,A,H,0.32228128118979366,0.3282140765503084,0.349504642259898
12,30731,2024-09-21,2024,,鹿島,柏,D,H,0.29450888147610593,0.3072828216527222,0.39820829687117193
12,30733,2024-09-21,2024,,町田,札幌,D,H,0.31016584323211005,0.2885907564931717,0.4012434002747182
12,30736,2024-09-21,2024,,磐田,福岡,D,D,0.3103695930422519,0.35040044012486066,0.33922996683288736
12,29954,2024-09-22,2024,,Y.S.C.C.横浜,いわてグルージャ盛岡,D,H,0.3249119184510887,0.3001094422087188,0.37497863934019243
12,29955,2024-09-22,2024,,ツエーゲン金沢,富山,A,H,0.2934562161900026,0.32517072213082354,0.3813730616791739
12,29956,2024-09-22,2024,,奈良クラブ,テゲバジャーロ宮崎,D,H,0.3069355002378908,0.3333202885441874,0.3597442112179219
12,29957,2024-09-22,2024,,カマタマーレ讃岐,松本山雅FC,A,H,0.3004225815596206,0.32470544348531194,0.3748719749550676
12,30365,2024-09-22,2024,,水戸,岡山,D,H,0.3189156386907034,0.2915197581615363,0.3895646031477602
12,30366,2024-09-22,2024,,栃木SC,鹿児島ユナイテッドFC,H,D,0.331921661895959,0.3360077700767298,0.33207056802731105
12,30367,2024-09-22,2024,,藤枝MYFC,清水,A,H,0.32029876415419956,0.31741000037405503,0.3622912354717456
12,30368,2024-09-22,2024,,徳島,いわきFC,A,A,0.38007902653190473,0.3150896702314139,0.30483130323668134
12,30369,2024-09-22,2024,,V・ファーレン長崎,群馬,H,H,0.302463845929446,0.2663558648846686,0.4311802891858854
12,30732,2024-09-22,2024,,東京V,鳥栖,H,H,0.29059370626557063,0.2909818438554021,0.41842444987902727
12,30734,2024-09-22,2024,,湘南,C大阪,A,H,0.3337072716603822,0.3209917293964555,0.3453009989431622
12,30735,2024-09-22,2024,,新潟,神戸,A,A,0.3479516597957475,0.31290184053574843,0.3391464996685041
12,30737,2024-09-22,2024,,名古屋,川崎F,H,H,0.3281198770179308,0.32948023058233994,0.34239989239972923
12,30738,2024-09-22,2024,,京都,G大阪,D,H,0.31690829862207504,0.289344669104131,0.3937470322737939
12,30739,2024-09-22,2024,,広島,横浜FM,H,H,0.38102902641298614,0.21039470383661812,0.4085762697503957
12,29958,2024-09-23,2024,,FC大阪,福島ユナイテッドFC,A,H,0.26244120311431973,0.3395078538301829,0.3980509430554974
12,30349,2024-09-25,2024,,甲府,熊本,A,A,0.416985080220171,0.2907198483947076,0.29229507138512145
12,30747,2024-09-27,2024,,川崎F,新潟,H,A,0.413667740538767,0.29500176934933214,0.2913304901119008
12,29959,2024-09-28,2024,,大宮,SC相模原,H,A,0.38452408225088697,0.28810438112665154,0.3273715366224616
12,29960,2024-09-28,2024,,FC岐阜,ツエーゲン金沢,H,D,0.30197718910240196,0.36101378097061027,0.3370090299269878
12,29961,2024-09-28,2024,,FC今治,ヴァンラーレ八戸,H,H,0.30543794405123464,0.32418200609221964,0.37038004985654577
12,29962,2024-09-28,2024,,FC琉球,FC大阪,D,H,0.3274320650354399,0.332989419508404,0.339578515456156
12,30370,2024-09-28,2024,,甲府,山形,A,H,0.34898794429319824,0.28699194883638923,0.36402010687041264
12,30371,2024-09-28,2024,,清水,横浜FC,D,H,0.2863176596925738,0.3115794083657429,0.4021029319416833
12,30372,2024-09-28,2024,,大分,藤枝MYFC,H,A,0.3761114468949482,0.32392034325592983,0.29996820984912204
12,30373,2024-09-28,2024,,鹿児島ユナイテッドFC,水戸,H,H,0.3275991137977379,0.3062889288114804,0.36611195739078173
12,30740,2024-09-28,2024,,札幌,京都,H,A,0.37181612647389106,0.2745957520470961,0.35358812147901286
12,30741,2024-09-28,2024,,湘南,鹿島,H,A,0.3826634165893004,0.3096980368056473,0.3076385466050523
12,30742,2024-09-28,2024,,名古屋,磐田,H,H,0.33590140555857334,0.3077612716996174,0.3563373227418091
12,30743,2024-09-28,2024,,G大阪,東京V,D,H,0.3052479312820235,0.3060563949779523,0.38869567374002423
12,30744,2024-09-28,2024,,C大阪,柏,D,H,0.3292495238742726,0.31578001601439365,0.3549704601113337
12,30745,2024-09-28,2024,,広島,町田,H,H,0.3197849785276234,0.28582247442607195,0.39439254704630466
12,30746,2024-09-28,2024,,鳥栖,福岡,D,H,0.315773277964232,0.3390991805901444,0.3451275414456237
12,30748,2024-09-28,2024,,横浜FM,FC東京,A,A,0.3661558138005953,0.2819751039583935,0.3518690822410111
12,30749,2024-09-28,2024,,神戸,浦和,H,H,0.29503630894399835,0.2988210066326972,0.4061426844233045
12,29963,2024-09-29,2024,,いわてグルージャ盛岡,ギラヴァンツ北九州,H,H,0.2876754926915062,0.3373497258855895,0.37497478142290436
12,29964,2024-09-29,2024,,福島ユナイテッドFC,AC長野パルセイロ,D,H,0.30452090117455294,0.31113751012255564,0.3843415887028915
12,29965,2024-09-29,2024,,松本山雅FC,奈良クラブ,D,A,0.35388318918348227,0.32870569538458977,0.3174111154319279
12,29966,2024-09-29,2024,,富山,カマタマーレ讃岐,D,H,0.284204108149684,0.3172461632387734,0.39854972861154253
12,29967,2024-09-29,2024,,アスルクラロ沼津,Y.S.C.C.横浜,H,D,0.29269214991903125,0.3716574808907329,0.3356503691902357
12,29968,2024-09-29,2024,,テゲバジャーロ宮崎,ガイナーレ鳥取,H,H,0.2955170412637444,0.30855333084191094,0.39592962789434466
12,30374,2024-09-29,2024,,秋田,徳島,H,H,0.33012023985891703,0.30593185022345654,0.36394790991762654
12,30375,2024-09-29,2024,,いわきFC,栃木SC,D,H,0.33806091988416426,0.31063050004550835,0.3513085800703274
12,30376,2024-09-29,2024,,群馬,熊本,A,A,0.3763951186003935,0.2702804227060381,0.3533244586935684
12,30377,2024-09-29,2024,,岡山,V・ファーレン長崎,H,H,0.3442573930855637,0.27231809186426553,0.3834245150501707
12,30378,2024-09-29,2024,,レノファ山口FC,仙台,A,A,0.3842421966834515,0.3507236592811756,0.2650341440353729
12,30379,2024-09-29,2024,,愛媛FC,千葉,A,A,0.37169275944169977,0.3244149814097317,0.30389225914856843
12,29918,2024-10-02,2024,,カマタマーレ讃岐,福島ユナイテッドFC,H,A,0.36261586789197203,0.2892888993340188,0.3480952327740091
12,30715,2024-10-02,2024,,C大阪,G大阪,H,A,0.3592928726427044,0.2912684476697688,0.34943867968752695
12,29978,2024-10-04,2024,,FC大阪,いわてグルージャ盛岡,H,H,0.2807520098934936,0.2970067898312939,0.42224120027521256
12,30750,2024-10-04,2024,,福岡,名古屋,H,H,0.32665255774642765,0.3011314133774793,0.37221602887609306
12,29969,2024-10-05,2024,,Y.S.C.C.横浜,FC琉球,H,A,0.38827894426682413,0.25176207659958094,0.35995897913359504
12,29970,2024-10-05,2024,,AC長野パルセイロ,松本山雅FC,D,A,0.36429169885269963,0.27333725722365565,0.3623710439236448
12,29971,2024-10-05,2024,,奈良クラブ,大宮,D,D,0.32885160407745195,0.3424687524195425,0.3286796435030056
12,30380,2024-10-05,2024,,千葉,群馬,H,H,0.29608125671053526,0.26739405581551184,0.43652468747395284
12,30381,2024-10-05,2024,,甲府,岡山,H,A,0.40352258328198576,0.2596997405020098,0.3367776762160045
12,30382,2024-10-05,2024,,藤枝MYFC,いわきFC,D,A,0.3394190426998851,0.3269375870366964,0.3336433702634185
12,30751,2024-10-05,2024,,浦和,C大阪,A,D,0.33294175240200236,0.36500841830737646,0.3020498292906211
12,30752,2024-10-05,2024,,柏,横浜FM,H,A,0.38071959868226235,0.28707400401798727,0.3322063972997504
12,30753,2024-10-05,2024,,FC東京,鳥栖,D,D,0.3164603963852071,0.36710237947795826,0.31643722413683456
12,30755,2024-10-05,2024,,町田,川崎F,A,H,0.3545649149833292,0.2836784857064855,0.36175659931018517
12,30756,2024-10-05,2024,,新潟,鹿島,A,D,0.32168195759457535,0.3659439903914876,0.31237405201393686
12,30759,2024-10-05,2024,,G大阪,札幌,H,H,0.3477919053110537,0.29991880932505777,0.35228928536388837
12,29972,2024-10-06,2024,,福島ユナイテッドFC,FC岐阜,H,A,0.35310968825698,0.32812772060927103,0.31876259113374894
12,29973,2024-10-06,2024,,ヴァンラーレ八戸,アスルクラロ沼津,H,D,0.2994719669964443,0.39875962809519544,0.3017684049083602
12,29974,2024-10-06,2024,,SC相模原,ギラヴァンツ北九州,A,H,0.30759623753766185,0.31197416553911456,0.3804295969232236
12,29975,2024-10-06,2024,,富山,FC今治,D,A,0.3432196838706408,0.31637625398614483,0.3404040621432144
12,29976,2024-10-06,2024,,ツエーゲン金沢,テゲバジャーロ宮崎,D,A,0.35248210615706926,0.3068707887935717,0.34064710504935897
12,29977,2024-10-06,2024,,カマタマーレ讃岐,ガイナーレ鳥取,A,A,0.344945422667224,0.31196516778588407,0.343089409546892
12,30383,2024-10-06,2024,,仙台,秋田,A,H,0.3517147914143479,0.2825177032219265,0.3657675053637256
12,30384,2024-10-06,2024,,山形,レノファ山口FC,H,H,0.2945727901313312,0.2996193691418165,0.4058078407268522
12,30385,2024-10-06,2024,,水戸,清水,D,H,0.3575054772024116,0.28163354104712873,0.3608609817504598
12,30386,2024-10-06,2024,,栃木SC,愛媛FC,D,H,0.33905775968584945,0.2710611172054762,0.38988112310867445
12,30387,2024-10-06,2024,,横浜FC,鹿児島ユナイテッドFC,H,H,0.316632472833135,0.24139638533887467,0.4419711418279904
12,30388,2024-10-06,2024,,V・ファーレン長崎,大分,H,H,0.209440800498481,0.35762546437204346,0.4329337351294756
12,30389,2024-10-06,2024,,熊本,徳島,A,D,0.2851086913619105,0.36675088247998255,0.34814042615810703
12,30754,2024-10-06,2024,,東京V,湘南,A,A,0.42136391039621224,0.23474172709197494,0.3438943625118128
12,30757,2024-10-06,2024,,磐田,広島,A,H,0.36994427069587926,0.2570181830646052,0.37303754623951557
12,30758,2024-10-06,2024,,京都,神戸,A,A,0.3556106265776453,0.31428075419472085,0.330108619227634
12,29979,2024-10-11,2024,,FC岐阜,AC長野パルセイロ,H,D,0.3334548001574465,0.34727960516263046,0.31926559467992316
12,29980,2024-10-12,2024,,FC今治,Y.S.C.C.横浜,H,H,0.3480070990656204,0.2822241722619924,0.36976872867238725
12,29981,2024-10-12,2024,,ギラヴァンツ北九州,ヴァンラーレ八戸,A,A,0.3459946066657954,0.3261495117484959,0.32785588158570866
12,29982,2024-10-12,2024,,テゲバジャーロ宮崎,富山,D,H,0.2941921998147941,0.32887167669766976,0.37693612348753613
12,29983,2024-10-12,2024,,FC琉球,SC相模原,H,H,0.34083607963649415,0.2883933578786334,0.3707705624848725
12,29984,2024-10-13,2024,,大宮,福島ユナイテッドFC,H,A,0.45183843737264784,0.22749017824467332,0.32067138438267884
12,29985,2024-10-13,2024,,松本山雅FC,ツエーゲン金沢,D,A,0.4126688456275654,0.26283162058668125,0.32449953378575336
12,29986,2024-10-13,2024,,アスルクラロ沼津,カマタマーレ讃岐,A,H,0.33390663992359904,0.29472567508105374,0.37136768499534734
12,29987,2024-10-13,2024,,奈良クラブ,FC大阪,A,H,0.343375675910618,0.27540516372441154,0.3812191603649704
12,29988,2024-10-13,2024,,ガイナーレ鳥取,いわてグルージャ盛岡,H,D,0.32676823691371504,0.3462203886168676,0.32701137446941747
12,30767,2024-10-18,2024,,川崎F,G大阪,D,H,0.3534353292930175,0.28704795003918376,0.35951672066779866
12,30768,2024-10-18,2024,,横浜FM,新潟,D,H,0.3317750321058281,0.3100073676845512,0.3582176002096207
12,30769,2024-10-18,2024,,神戸,FC東京,A,D,0.27795265560472643,0.4051908406045996,0.316856503790674
12,29989,2024-10-19,2024,,大宮,FC今治,D,H,0.3385545296361067,0.3206996635278886,0.34074580683600486
12,29990,2024-10-19,2024,,AC長野パルセイロ,FC琉球,D,H,0.32248869932936625,0.31376641246979153,0.36374488820084233
12,29991,2024-10-19,2024,,FC大阪,ギラヴァンツ北九州,H,H,0.2574902244775079,0.3564216044552779,0.38608817106721427
12,30390,2024-10-19,2024,,千葉,甲府,H,A,0.3767812601635463,0.2517249598814488,0.37149377995500493
12,30391,2024-10-19,2024,,鹿児島ユナイテッドFC,愛媛FC,H,H,0.31131256431707943,0.32163310182212085,0.3670543338607998
12,30392,2024-10-19,2024,,仙台,横浜FC,H,A,0.3983513187821171,0.3088501988749353,0.29279848234294764
12,30760,2024-10-19,2024,,鹿島,福岡,D,H,0.31869169778973233,0.3369503403746162,0.3443579618356514
12,30761,2024-10-19,2024,,柏,町田,D,H,0.298255344371812,0.3194026426079697,0.38234201302021825
12,30762,2024-10-19,2024,,東京V,浦和,H,H,0.3445719538011103,0.2513618195903439,0.4040662266085458
12,30763,2024-10-19,2024,,湘南,広島,H,H,0.3060222048628667,0.3004791947317803,0.39349860040535306
12,30764,2024-10-19,2024,,名古屋,札幌,A,H,0.3629273946808837,0.24079739907505948,0.39627520624405677
12,30765,2024-10-19,2024,,京都,鳥栖,H,H,0.35665555925179004,0.27900079240315895,0.36434364834505106
12,30766,2024-10-19,2024,,C大阪,磐田,A,H,0.3113254804679061,0.3187082012057501,0.36996631832634397
12,29992,2024-10-20,2024,,ヴァンラーレ八戸,奈良クラブ,D,D,0.2768614547413648,0.41062601417168854,0.3125125310869467
12,29993,2024-10-20,2024,,いわてグルージャ盛岡,FC岐阜,A,H,0.3451079500867194,0.2708281010936961,0.38406394881958456
12,29994,2024-10-20,2024,,SC相模原,Y.S.C.C.横浜,H,A,0.3556000503181995,0.2942243781171097,0.35017557156469087
12,29995,2024-10-20,2024,,松本山雅FC,ガイナーレ鳥取,A,H,0.33638862656329127,0.2770328731617088,0.3865785002749999
12,29996,2024-10-20,2024,,富山,福島ユナイテッドFC,A,A,0.385042507106278,0.25441183801192085,0.3605456548818012
12,29997,2024-10-20,2024,,ツエーゲン金沢,アスルクラロ沼津,A,A,0.36079179047322146,0.3550956797848053,0.2841125297419732
12,29998,2024-10-20,2024,,カマタマーレ讃岐,テゲバジャーロ宮崎,A,A,0.38286456520850354,0.2691454329601766,0.34799000183131984
12,30393,2024-10-20,2024,,秋田,V・ファーレン長崎,A,H,0.35818346921052785,0.260483180552097,0.38133335023737513
12,30394,2024-10-20,2024,,群馬,栃木SC,D,H,0.3650473599341758,0.23190561941781246,0.40304702064801173
12,30395,2024-10-20,2024,,清水,山形,A,H,0.35938710028037235,0.2770112830089395,0.3636016167106882
12,30396,2024-10-20,2024,,岡山,いわきFC,H,H,0.3070104804614113,0.2603291495528824,0.4326603699857064
12,30397,2024-10-20,2024,,徳島,藤枝MYFC,H,D,0.29443195942975214,0.3582415507755403,0.3473264897947076
12,30398,2024-10-20,2024,,熊本,レノファ山口FC,D,H,0.3477623926591471,0.2999110686531221,0.35232653868773073
12,30399,2024-10-20,2024,,大分,水戸,D,A,0.4084222107162552,0.23454881075168457,0.3570289785320602
12,30678,2024-10-23,2024,,浦和,柏,H,D,0.2835409532683122,0.3888984659385827,0.3275605807931051
12,30772,2024-10-23,2024,,新潟,東京V,A,A,0.34240555515644744,0.31743676330276044,0.340157681540792
12,30773,2024-10-23,2024,,G大阪,名古屋,H,H,0.3105750651055719,0.3325970687348714,0.35682786615955675
12,29999,2024-10-26,2024,,Y.S.C.C.横浜,松本山雅FC,A,A,0.39043090532371655,0.24818570477971622,0.36138338989656726
12,30000,2024-10-26,2024,,FC岐阜,FC今治,H,H,0.31162180211189305,0.2648142836471166,0.4235639142409903
12,30001,2024-10-26,2024,,奈良クラブ,カマタマーレ讃岐,D,H,0.2781597650704573,0.2904089614572509,0.43143127347229177
12,30002,2024-10-26,2024,,ギラヴァンツ北九州,ツエーゲン金沢,A,A,0.33695681737908795,0.33304103406511065,0.33000214855580146
12,30003,2024-10-26,2024,,FC琉球,ヴァンラーレ八戸,D,A,0.3864039022974645,0.2526613283508484,0.36093476935168717
12,30400,2024-10-26,2024,,いわきFC,水戸,A,H,0.34106638352393087,0.22272301088415541,0.4362106055919137
12,30401,2024-10-26,2024,,藤枝MYFC,千葉,A,A,0.35666945359256985,0.3034521998102496,0.3398783465971806
12,30004,2024-10-27,2024,,いわてグルージャ盛岡,大宮,A,A,0.4951104132431095,0.26663948432087525,0.23825010243601516
12,30005,2024-10-27,2024,,福島ユナイテッドFC,SC相模原,A,H,0.29481736495917443,0.30925117939600744,0.3959314556448181
12,30006,2024-10-27,2024,,アスルクラロ沼津,AC長野パルセイロ,D,A,0.3814906718987785,0.26599424597546717,0.35251508212575433
12,30007,2024-10-27,2024,,ガイナーレ鳥取,富山,D,H,0.31715385173875466,0.3075060911725172,0.37534005708872814
12,30008,2024-10-27,2024,,テゲバジャーロ宮崎,FC大阪,H,D,0.32463297196486995,0.36425773603577255,0.31110929199935755
12,30402,2024-10-27,2024,,秋田,大分,A,H,0.3202159157791988,0.25223101665795516,0.427553067562846
12,30403,2024-10-27,2024,,山形,熊本,H,A,0.3837250049883591,0.2901164318720568,0.32615856313958397
12,30404,2024-10-27,2024,,栃木SC,清水,A,D,0.24911968513433982,0.3879263151300529,0.3629539997356072
12,30405,2024-10-27,2024,,群馬,徳島,A,A,0.36000094385754305,0.2830119348024412,0.3569871213400158
12,30406,2024-10-27,2024,,横浜FC,岡山,A,A,0.3475190739715238,0.30557213384758386,0.3469087921808923
12,30407,2024-10-27,2024,,レノファ山口FC,甲府,H,H,0.28455420974168816,0.3458390550036751,0.3696067352546368
12,30408,2024-10-27,2024,,愛媛FC,仙台,A,H,0.35415892302174273,0.2865720160772429,0.3592690609010145
12,30409,2024-10-27,2024,,V・ファーレン長崎,鹿児島ユナイテッドFC,H,H,0.2597355981520139,0.29343024910409854,0.44683415274388755
12,30776,2024-10-30,2024,,横浜FM,浦和,D,A,0.3493159318733103,0.32210437928191643,0.32857968884477323
12,30777,2024-11-01,2024,,川崎F,鹿島,A,H,0.34324901082980336,0.2915372993753635,0.36521368979483315
12,30778,2024-11-01,2024,,神戸,磐田,H,D,0.30869064590261175,0.3641345757040387,0.3271747783933497
12,30009,2024-11-02,2024,,大宮,ガイナーレ鳥取,H,A,0.3560696710219273,0.31191617384616227,0.33201415513191035
12,30010,2024-11-02,2024,,Y.S.C.C.横浜,AC長野パルセイロ,D,D,0.31398070318803123,0.39553495385869786,0.29048434295327097
12,30011,2024-11-02,2024,,SC相模原,富山,D,H,0.33811958790154245,0.27198033318809633,0.38990007891036127
12,30012,2024-11-02,2024,,松本山雅FC,テゲバジャーロ宮崎,H,H,0.30401326136552503,0.2532579229332018,0.44272881570127315
12,30013,2024-11-02,2024,,FC岐阜,FC大阪,H,H,0.32932094972989345,0.2546277969141865,0.41605125335592
12,30014,2024-11-02,2024,,奈良クラブ,福島ユナイテッドFC,D,A,0.3833744013388206,0.27823093350712524,0.3383946651540543
12,30015,2024-11-02,2024,,ギラヴァンツ北九州,アスルクラロ沼津,D,H,0.3163163674462041,0.29463841095270477,0.3890452216010911
12,30016,2024-11-03,2024,,ヴァンラーレ八戸,カマタマーレ讃岐,D,H,0.34792434048730964,0.3037563577371094,0.348319301775581
12,30017,2024-11-03,2024,,ツエーゲン金沢,いわてグルージャ盛岡,D,H,0.2573767062783509,0.3137352244198723,0.4288880693017768
12,30018,2024-11-03,2024,,FC今治,FC琉球,H,H,0.3600270661428973,0.27277655628847003,0.3671963775686327
12,30410,2024-11-03,2024,,水戸,山形,A,A,0.3386629573802587,0.3336831729117816,0.32765386970795957
12,30411,2024-11-03,2024,,千葉,V・ファーレン長崎,A,H,0.3212336265804254,0.3301684028443884,0.34859797057518616
12,30412,2024-11-03,2024,,横浜FC,栃木SC,D,A,0.4006552560028947,0.2712119783294713,0.328132765667634
12,30413,2024-11-03,2024,,甲府,秋田,A,A,0.3667705232374454,0.32384975830904456,0.30937971845351
12,30414,2024-11-03,2024,,清水,いわきFC,H,D,0.3135772184461544,0.3725777963535761,0.3138449852002695
12,30415,2024-11-03,2024,,岡山,藤枝MYFC,H,H,0.3602332143505416,0.25953583639551403,0.38023094925394435
12,30416,2024-11-03,2024,,徳島,鹿児島ユナイテッドFC,H,A,0.3596406948634707,0.3224512899802612,0.31790801515626815
12,30417,2024-11-03,2024,,愛媛FC,レノファ山口FC,D,H,0.33669405680854636,0.29790059614936604,0.3654053470420877
12,30418,2024-11-03,2024,,大分,群馬,H,H,0.3053299403961649,0.3470763534223886,0.34759370618144647
12,30770,2024-11-03,2024,,札幌,C大阪,D,H,0.3441143539542953,0.2987192758787764,0.35716637016692837
12,30771,2024-11-03,2024,,FC東京,湘南,A,H,0.34949363208255013,0.2910323724792812,0.35947399543816855
12,30774,2024-11-03,2024,,福岡,柏,H,H,0.32647068789613093,0.33022351888753126,0.34330579321633786
12,30775,2024-11-03,2024,,鳥栖,町田,H,A,0.4365330800508845,0.25104983552358623,0.3124170844255294
12,30779,2024-11-03,2024,,広島,京都,A,H,0.3027380230045613,0.26152179451345164,0.43574018248198704
12,30419,2024-11-04,2024,,熊本,仙台,H,H,0.35831633854227873,0.2804609194998827,0.3612227419578386
12,30019,2024-11-09,2024,,いわてグルージャ盛岡,松本山雅FC,A,A,0.3717222246809211,0.27615608970969524,0.3521216856093836
12,30020,2024-11-09,2024,,AC長野パルセイロ,ヴァンラーレ八戸,A,H,0.3237102059146462,0.2983845171049227,0.377905276980431
12,30021,2024-11-09,2024,,FC大阪,Y.S.C.C.横浜,H,A,0.36314282663321773,0.28247320956168254,0.3543839638050996
12,30780,2024-11-09,2024,,鹿島,名古屋,D,H,0.2596951119703399,0.29937196084720985,0.44093292718245036
12,30781,2024-11-09,2024,,柏,新潟,D,D,0.2753560004366577,0.363573245275534,0.3610707542878082
12,30782,2024-11-09,2024,,町田,FC東京,H,H,0.3260937987595472,0.2976599183200375,0.3762462829204154
12,30783,2024-11-09,2024,,湘南,札幌,D,A,0.36749891768610066,0.3008242971788491,0.33167678513505017
12,30784,2024-11-09,2024,,磐田,G大阪,A,H,0.33675519996247716,0.3008313017918934,0.3624134982456294
12,30785,2024-11-09,2024,,C大阪,福岡,H,D,0.3110986622879541,0.3456898009216318,0.34321153679041416
12,30788,2024-11-09,2024,,京都,川崎F,D,D,0.28834992297931183,0.35680708555841184,0.35484299146227616
12,30789,2024-11-09,2024,,鳥栖,横浜FM,A,H,0.32651752549182245,0.3269691205200525,0.3465133539881251
12,30022,2024-11-10,2024,,SC相模原,奈良クラブ,A,D,0.30542131882137574,0.37841495322681007,0.31616372795181413
12,30023,2024-11-10,2024,,富山,FC岐阜,D,A,0.3474393885882697,0.31904589437824904,0.33351471703348134
12,30024,2024-11-10,2024,,ツエーゲン金沢,福島ユナイテッドFC,A,A,0.38816018695814053,0.241300075575036,0.3705397374668234
12,30025,2024-11-10,2024,,アスルクラロ沼津,テゲバジャーロ宮崎,A,H,0.34755156713077834,0.29029423836891627,0.36215419450030545
12,30026,2024-11-10,2024,,ガイナーレ鳥取,FC今治,A,H,0.31766706680613455,0.2832592815959713,0.3990736515978941
12,30027,2024-11-10,2024,,カマタマーレ讃岐,ギラヴァンツ北九州,A,H,0.3022836593916204,0.2887283470604005,0.40898799354797905
12,30028,2024-11-10,2024,,FC琉球,大宮,D,A,0.36260530159963394,0.2750934739660444,0.3623012244343216
12,30420,2024-11-10,2024,,仙台,大分,H,H,0.2838510991388164,0.2921349687975671,0.4240139320636166
12,30421,2024-11-10,2024,,秋田,藤枝MYFC,H,D,0.27166710675771194,0.3920428194481071,0.3362900737941811
12,30422,2024-11-10,2024,,山形,千葉,H,H,0.32044303291852927,0.3175096457293197,0.36204732135215095
12,30423,2024-11-10,2024,,いわきFC,群馬,H,A,0.3742052552055393,0.30445725900970055,0.3213374857847602
12,30424,2024-11-10,2024,,栃木SC,徳島,D,H,0.35042867278950757,0.28845000281746924,0.36112132439302314
12,30425,2024-11-10,2024,,甲府,水戸,H,H,0.3559622375629759,0.2859442906014475,0.3580934718355766
12,30426,2024-11-10,2024,,清水,熊本,H,A,0.3747087857147376,0.28841565639772104,0.3368755578875413
12,30427,2024-11-10,2024,,レノファ山口FC,横浜FC,D,A,0.3643058617051949,0.28244635168492516,0.3532477866098799
12,30428,2024-11-10,2024,,V・ファーレン長崎,愛媛FC,H,H,0.27227681569689266,0.30005020811869915,0.4276729761844083
12,30429,2024-11-10,2024,,鹿児島ユナイテッドFC,岡山,D,A,0.40024955841339954,0.24809128252352267,0.35165915906307776
12,30786,2024-11-10,2024,,浦和,広島,H,D,0.29377813402108355,0.3880597504305678,0.3181621155483487
12,30787,2024-11-10,2024,,東京V,神戸,D,D,0.32863164103033543,0.34919831316633254,0.322170045803332
12,30029,2024-11-15,2024,,FC大阪,SC相模原,H,H,0.27935277454932866,0.29597131975545043,0.424675905695221
12,30030,2024-11-16,2024,,松本山雅FC,FC琉球,H,D,0.31817263074784385,0.3501928339058938,0.33163453534626247
12,30031,2024-11-16,2024,,FC岐阜,大宮,D,H,0.31841551025461373,0.2793440090302425,0.40224048071514384
12,30032,2024-11-16,2024,,カマタマーレ讃岐,FC今治,A,A,0.4080665398998365,0.300953354924533,0.29098010517563055
12,30033,2024-11-16,2024,,ギラヴァンツ北九州,AC長野パルセイロ,D,H,0.3308311509659807,0.333883963776015,0.3352848852580044
12,30712,2024-11-16,2024,,磐田,横浜FM,A,D,0.27491130958847415,0.3738576883812062,0.3512310020303197
12,30034,2024-11-17,2024,,福島ユナイテッドFC,アスルクラロ沼津,H,H,0.2674067863730182,0.295607001678759,0.43698621194822285
12,30035,2024-11-17,2024,,富山,ヴァンラーレ八戸,H,D,0.29642421280483555,0.3527265821390766,0.35084920505608796
12,30036,2024-11-17,2024,,奈良クラブ,いわてグルージャ盛岡,H,H,0.29846150322487597,0.24595217591702076,0.45558632085810336
12,30037,2024-11-17,2024,,ガイナーレ鳥取,ツエーゲン金沢,H,A,0.3553217302764614,0.30358874677645303,0.3410895229470856
12,30038,2024-11-17,2024,,テゲバジャーロ宮崎,Y.S.C.C.横浜,H,A,0.3636700321142819,0.304821348523505,0.33150861936221315
12,30714,2024-11-17,2024,,京都,鹿島,D,A,0.3526177469860523,0.3379366940076343,0.3094455590063133
12,30700,2024-11-22,2024,,浦和,川崎F,D,D,0.3116628941850597,0.37878988877902675,0.30954721703591354
12,30039,2024-11-24,2024,,ヴァンラーレ八戸,FC大阪,D,D,0.25774309895876696,0.42053877580514915,0.32171812523608395
12,30040,2024-11-24,2024,,いわてグルージャ盛岡,福島ユナイテッドFC,A,A,0.4210383163470425,0.2400704419502437,0.33889124170271384
12,30041,2024-11-24,2024,,大宮,富山,A,D,0.3348080331844268,0.3703709243081314,0.29482104250744184
12,30042,2024-11-24,2024,,Y.S.C.C.横浜,ギラヴァンツ北九州,A,A,0.36834290047398205,0.3145958516752418,0.3170612478507763
12,30043,2024-11-24,2024,,SC相模原,ガイナーレ鳥取,H,H,0.31361804514865727,0.2649381656148802,0.42144378923646236
12,30044,2024-11-24,2024,,AC長野パルセイロ,カマタマーレ讃岐,A,D,0.3253245405154632,0.3460320330104517,0.32864342647408507
12,30045,2024-11-24,2024,,ツエーゲン金沢,奈良クラブ,H,A,0.4002821420706009,0.28233551865203527,0.31738233927736376
12,30046,2024-11-24,2024,,アスルクラロ沼津,松本山雅FC,A,A,0.3747160592377052,0.28388833719055073,0.34139560357174403
12,30047,2024-11-24,2024,,FC今治,テゲバジャーロ宮崎,H,D,0.3093311194467004,0.39270399324178545,0.2979648873115142
12,30048,2024-11-24,2024,,FC琉球,FC岐阜,A,A,0.39180442537391585,0.2649359514393162,0.34325962318676806
12,30790,2024-11-30,2024,,町田,京都,H,H,0.3246955719380362,0.2242921587393948,0.45101226932256905
12,30791,2024-11-30,2024,,新潟,G大阪,A,H,0.3455298590120211,0.2711444394291822,0.38332570155879664
12,30792,2024-11-30,2024,,磐田,FC東京,H,H,0.3772085996016131,0.22837628448755254,0.3944151159108344
12,30793,2024-11-30,2024,,名古屋,鳥栖,A,H,0.3543008789952038,0.20085282810821073,0.44484629289658545
12,30794,2024-11-30,2024,,C大阪,鹿島,A,A,0.34148134428409754,0.32527944364252576,0.33323921207337664
12,30795,2024-11-30,2024,,福岡,浦和,H,D,0.3190903073687134,0.3927814098902354,0.2881282827410511
12,30796,2024-11-30,2024,,柏,神戸,D,H,0.31384286333403866,0.27801358392328046,0.4081435527426809
12,30797,2024-11-30,2024,,東京V,川崎F,A,H,0.3256725743451465,0.3048892472352571,0.36943817841959636
12,30798,2024-11-30,2024,,湘南,横浜FM,A,H,0.40302798834783043,0.170912220233279,0.42605979141889055
12,30799,2024-12-01,2024,,広島,札幌,H,H,0.3251396858445874,0.2889708120021298,0.38588950215328277
12,30800,2024-12-08,2024,,札幌,柏,H,A,0.3902421374252375,0.3021701204036407,0.3075877421711217
12,30801,2024-12-08,2024,,鹿島,町田,H,H,0.3229358426043107,0.2782521792494906,0.39881197814619873
12,30802,2024-12-08,2024,,浦和,新潟,D,D,0.2768797061788165,0.38318171084527103,0.33993858297591245
12,30803,2024-12-08,2024,,FC東京,C大阪,H,A,0.37901000814491925,0.28582395881630834,0.33516603303877246
12,30804,2024-12-08,2024,,川崎F,福岡,H,A,0.4184292799769021,0.1737408611735633,0.4078298588495346
12,30805,2024-12-08,2024,,横浜FM,名古屋,A,D,0.2924584199291506,0.3773063803222473,0.33023519974860205
12,30806,2024-12-08,2024,,京都,東京V,D,A,0.3731152676539344,0.3177177031981442,0.30916702914792155
12,30807,2024-12-08,2024,,G大阪,広島,H,H,0.2725586729062305,0.3388532217887449,0.3885881053050247
12,30808,2024-12-08,2024,,神戸,湘南,H,H,0.2873523657674479,0.33090316449865387,0.38174446973389814
12,30809,2024-12-08,2024,,鳥栖,磐田,H,A,0.37096845310578996,0.28526204751754014,0.34376949937666984
13,31361,2025-02-14,2025,,G大阪,C大阪,A,D,0.3536708351492718,0.35986473956512377,0.2864644252856044
13,31362,2025-02-15,2025,,横浜FM,新潟,D,D,0.35886636250336706,0.41102224104013324,0.23011139645649972
13,31363,2025-02-15,2025,,横浜FC,FC東京,A,A,0.45675771075655086,0.26889889736595374,0.2743433918774954
13,31364,2025-02-15,2025,,神戸,浦和,D,D,0.29478121731051543,0.4205967546979581,0.2846220279915264
13,31365,2025-02-15,2025,,岡山,京都,H,A,0.3726652458434451,0.31790072830680943,0.30943402584974533
13,31366,2025-02-15,2025,,福岡,柏,A,A,0.3880611430511832,0.36824652040543315,0.24369233654338354
13,31367,2025-02-15,2025,,川崎F,名古屋,H,H,0.2764429218585577,0.3452557135318129,0.37830136460962954
13,31368,2025-02-15,2025,,湘南,鹿島,H,D,0.33699845280152324,0.3610122736743698,0.30198927352410704
13,31431,2025-02-15,2025,,いわきFC,千葉,A,A,0.3682127421230638,0.27903614609691524,0.35275111178002094
13,31432,2025-02-15,2025,,大宮,山形,H,D,0.2932545852938486,0.38148269922633843,0.3252627154798129
13,31433,2025-02-15,2025,,甲府,レノファ山口FC,H,D,0.29148376058166486,0.4077844927452087,0.3007317466731263
13,31434,2025-02-15,2025,,磐田,水戸,H,A,0.35888196515648724,0.3146561381106089,0.32646189673290393
13,31435,2025-02-15,2025,,藤枝MYFC,徳島,A,A,0.3787164252802102,0.3138218532533526,0.30746172146643713
13,31436,2025-02-15,2025,,鳥栖,仙台,A,A,0.35350017296197905,0.2954619946766164,0.3510378323614046
13,31437,2025-02-15,2025,,V・ファーレン長崎,熊本,H,H,0.2572254304973459,0.3520410642341257,0.3907335052685284
13,31501,2025-02-15,2025,,栃木シティ,SC相模原,H,D,0.33369367249870374,0.34855016318534326,0.3177561643159529
13,31502,2025-02-15,2025,,群馬,FC琉球,D,A,0.3684356700939019,0.3135352942990096,0.3180290356070884
13,31369,2025-02-16,2025,,東京V,清水,A,A,0.3724003298402199,0.3026622498055193,0.3249374203542608
13,31370,2025-02-16,2025,,町田,広島,A,D,0.339084967111111,0.3969464301448309,0.2639686027440582
13,31438,2025-02-16,2025,,愛媛FC,富山,A,A,0.4762076529063555,0.23195217665837406,0.29184017043527044
13,31439,2025-02-16,2025,,FC今治,秋田,A,A,0.39180628778120097,0.2601130618206475,0.34808065039815145
13,31440,2025-02-16,2025,,大分,札幌,H,D,0.3371525867148711,0.3580132763467682,0.30483413693836076
13,31503,2025-02-16,2025,,栃木SC,高知ユナイテッドSC,H,D,0.2719295954957559,0.44069350979005856,0.28737689471418554
13,31504,2025-02-16,2025,,アスルクラロ沼津,ガイナーレ鳥取,H,A,0.37734786489112254,0.2926065146115044,0.3300456204973732
13,31505,2025-02-16,2025,,FC大阪,FC岐阜,D,A,0.36207517789825727,0.3318025819769773,0.3061222401247654
13,31506,2025-02-16,2025,,奈良クラブ,福島ユナイテッドFC,D,A,0.4290467793943662,0.277927065513688,0.29302615509194574
13,31507,2025-02-16,2025,,テゲバジャーロ宮崎,AC長野パルセイロ,A,D,0.2752497964429801,0.41876902163384166,0.30598118192317825
13,31508,2025-02-16,2025,,鹿児島ユナイテッドFC,カマタマーレ讃岐,D,A,0.4362691846598928,0.2599938938231495,0.3037369215169577
13,31371,2025-02-22,2025,,柏,川崎F,D,D,0.336464206946297,0.3374262103543942,0.32610958269930884
13,31372,2025-02-22,2025,,横浜FC,岡山,H,A,0.36532736894631956,0.31876571675397875,0.3159069142997017
13,31373,2025-02-22,2025,,清水,新潟,H,H,0.30686021359830573,0.29012392031318607,0.40301586608850826
13,31374,2025-02-22,2025,,名古屋,神戸,D,A,0.5396591541904244,0.19363840056389123,0.26670244524568437
13,31375,2025-02-22,2025,,京都,浦和,D,H,0.31123481414985205,0.3145386369342191,0.37422654891592894
13,31376,2025-02-22,2025,,鹿島,東京V,H,H,0.29561012385012625,0.3373267525020574,0.3670631236478163
13,31377,2025-02-22,2025,,FC東京,町田,A,D,0.31010348167125884,0.346141021250775,0.3437554970779662
13,31378,2025-02-22,2025,,G大阪,福岡,H,A,0.38586594411057745,0.3725879035482832,0.2415461523411394
13,31379,2025-02-22,2025,,C大阪,湘南,A,H,0.3123882042554648,0.2812997987159615,0.4063119970285736
13,31441,2025-02-22,2025,,大宮,甲府,H,D,0.3129586199531434,0.37506822410746843,0.31197315593938824
13,31442,2025-02-22,2025,,千葉,富山,H,A,0.3500577451151203,0.34631056981902136,0.30363168506585825
13,31443,2025-02-22,2025,,磐田,鳥栖,H,H,0.26237305753600176,0.3390739348655432,0.3985530075984551
13,31511,2025-02-22,2025,,群馬,栃木シティ,H,A,0.39228384007443934,0.32798185740170355,0.2797343025238572
13,31512,2025-02-22,2025,,SC相模原,栃木SC,H,A,0.41589692422766994,0.21442570286050622,0.3696773729118239
13,31513,2025-02-22,2025,,ギラヴァンツ北九州,AC長野パルセイロ,H,D,0.3468273400168217,0.3571338040718666,0.29603885591131174
13,31514,2025-02-22,2025,,FC琉球,FC大阪,A,D,0.29265622308188766,0.4367839702323151,0.27055980668579727
13,31380,2025-02-23,2025,,広島,横浜FM,H,H,0.32642039700560715,0.3131233481971678,0.360456254797225
13,31444,2025-02-23,2025,,レノファ山口FC,V・ファーレン長崎,D,A,0.37426326926061537,0.2681210876069724,0.3576156431324122
13,31445,2025-02-23,2025,,熊本,札幌,H,D,0.26823365775415703,0.3997712806486496,0.3319950615971934
13,31446,2025-02-23,2025,,徳島,仙台,H,H,0.33046071872183924,0.2904766204810421,0.37906266079711876
13,31447,2025-02-23,2025,,水戸,山形,H,H,0.325097559544469,0.3143878857601935,0.3605145546953376
13,31448,2025-02-23,2025,,FC今治,藤枝MYFC,D,H,0.35455957281169714,0.2580973349104992,0.3873430922778037
13,31449,2025-02-23,2025,,大分,いわきFC,D,A,0.39020340633224837,0.2929544972794984,0.31684209638825334
13,31450,2025-02-23,2025,,愛媛FC,秋田,A,A,0.33532950308667586,0.3308688722612384,0.33380162465208585
13,31515,2025-02-23,2025,,アスルクラロ沼津,松本山雅FC,D,H,0.3219204152635187,0.29044530079016595,0.38763428394631533
13,31516,2025-02-23,2025,,FC岐阜,ヴァンラーレ八戸,A,H,0.2856261121262636,0.3327146622218255,0.3816592256519109
13,31517,2025-02-23,2025,,カマタマーレ讃岐,奈良クラブ,H,H,0.2938231765477202,0.293466042988138,0.4127107804641417
13,31518,2025-02-23,2025,,高知ユナイテッドSC,ガイナーレ鳥取,D,D,0.28715322977856633,0.38458685598219333,0.3282599142392403
13,31519,2025-02-23,2025,,テゲバジャーロ宮崎,福島ユナイテッドFC,H,A,0.38288008794951445,0.30872472530401995,0.30839518674646543
13,31520,2025-02-23,2025,,鹿児島ユナイテッドFC,ツエーゲン金沢,A,D,0.3076270412623865,0.35981303748169186,0.3325599212559217
13,31381,2025-02-26,2025,,鹿島,新潟,H,H,0.32713254063456493,0.2738881154233625,0.39897934394207263
13,31382,2025-02-26,2025,,柏,C大阪,H,D,0.3072430282021336,0.3782339583514161,0.31452301344645034
13,31383,2025-02-26,2025,,FC東京,名古屋,H,D,0.32711947020654963,0.3855642595668177,0.2873162702266326
13,31384,2025-02-26,2025,,町田,東京V,A,A,0.3500692166057599,0.3078937232102801,0.34203706018396
13,31385,2025-02-26,2025,,横浜FM,横浜FC,D,D,0.34302299536953645,0.35636046193511345,0.30061654269535015
13,31386,2025-02-26,2025,,湘南,浦和,H,H,0.3259132724809872,0.31744837308774876,0.35663835443126396
13,31387,2025-02-26,2025,,清水,広島,D,A,0.37428206585570867,0.32021734506632576,0.3055005890779656
13,31388,2025-02-26,2025,,神戸,京都,D,A,0.3816777090509597,0.37149301513135896,0.2468292758176813
13,31389,2025-02-26,2025,,岡山,G大阪,H,A,0.3487095227488605,0.32729034446928884,0.3240001327818506
13,31390,2025-02-26,2025,,福岡,川崎F,A,A,0.38508464264776493,0.31499545968046533,0.2999198976717698
13,31391,2025-03-01,2025,,横浜FM,湘南,D,H,0.3497947179538381,0.2902746989042587,0.35993058314190324
13,31392,2025-03-01,2025,,鹿島,FC東京,H,D,0.27487263801066025,0.38717077610032546,0.33795658588901434
13,31393,2025-03-01,2025,,川崎F,京都,A,A,0.380211343624506,0.31812595194591287,0.30166270442958126
13,31394,2025-03-01,2025,,神戸,福岡,A,A,0.4340940165793378,0.2820020866274271,0.2839038967932351
13,31451,2025-03-01,2025,,仙台,大分,H,A,0.36917794481563493,0.31673916403218133,0.3140828911521837
13,31452,2025-03-01,2025,,千葉,山形,H,A,0.4227660891608934,0.296698632198173,0.2805352786409337
13,31453,2025-03-01,2025,,藤枝MYFC,秋田,H,D,0.32278934450671065,0.43044662266154154,0.24676403283174772
13,31454,2025-03-01,2025,,鳥栖,FC今治,A,H,0.2968643258182999,0.3460820586204887,0.3570536155612114
13,31455,2025-03-01,2025,,V・ファーレン長崎,磐田,H,D,0.3045844653117361,0.3545755974559708,0.34083993723229317
13,31521,2025-03-01,2025,,栃木シティ,アスルクラロ沼津,D,D,0.26319510072774244,0.39071864626462677,0.34608625300763074
13,31522,2025-03-01,2025,,SC相模原,鹿児島ユナイテッドFC,A,H,0.35567418961449093,0.27694040911069484,0.3673854012748141
13,31523,2025-03-01,2025,,AC長野パルセイロ,群馬,H,D,0.3167662043913212,0.4016554325160922,0.28157836309258666
13,31524,2025-03-01,2025,,FC岐阜,ギラヴァンツ北九州,H,A,0.3467491417311181,0.3318345924824517,0.3214162657864303
13,31525,2025-03-01,2025,,奈良クラブ,松本山雅FC,H,A,0.34922778794839876,0.32554005159895466,0.3252321604526466
13,31526,2025-03-01,2025,,FC琉球,福島ユナイテッドFC,A,A,0.3709519985817727,0.33466331003434596,0.2943846913838813
13,31395,2025-03-02,2025,,東京V,G大阪,A,A,0.4319631131104598,0.23871908042477627,0.3293178064647639
13,31396,2025-03-02,2025,,新潟,C大阪,D,A,0.36797042416805625,0.34427134660951797,0.2877582292224257
13,31397,2025-03-02,2025,,名古屋,町田,A,A,0.35801308904313517,0.30672036441604905,0.33526654654081584
13,31398,2025-03-02,2025,,岡山,清水,D,H,0.3311971370682547,0.3304893917536224,0.33831347117812294
13,31399,2025-03-02,2025,,広島,横浜FC,H,H,0.30527932993868634,0.3401943582171123,0.3545263118442012
13,31400,2025-03-02,2025,,浦和,柏,A,D,0.32821585072483345,0.3707284395192088,0.30105570975595786
13,31456,2025-03-02,2025,,熊本,大宮,A,D,0.3484690576397747,0.37874003207742124,0.2727909102828041
13,31457,2025-03-02,2025,,いわきFC,徳島,D,A,0.4719933813344665,0.24066602100275755,0.2873405976627759
13,31458,2025-03-02,2025,,水戸,愛媛FC,D,D,0.2999150490407396,0.35601103744985085,0.3440739135094096
13,31459,2025-03-02,2025,,富山,甲府,H,A,0.43349755985998173,0.2723074002551258,0.2941950398848924
13,31460,2025-03-02,2025,,レノファ山口FC,札幌,H,H,0.33876266179232756,0.2926067270530255,0.368630611154647
13,31527,2025-03-02,2025,,栃木SC,テゲバジャーロ宮崎,A,A,0.39637235241988683,0.3612913430390635,0.24233630454104962
13,31528,2025-03-02,2025,,ガイナーレ鳥取,ヴァンラーレ八戸,D,H,0.32547368538414767,0.2927250724594391,0.38180124215641337
13,31529,2025-03-02,2025,,カマタマーレ讃岐,ツエーゲン金沢,D,A,0.3506956440266992,0.3207502803327837,0.32855407564051714
13,31530,2025-03-02,2025,,高知ユナイテッドSC,FC大阪,A,D,0.2618508377577377,0.42525116320878137,0.312897999033481
13,31401,2025-03-08,2025,,浦和,岡山,H,D,0.34025963782449714,0.3553814836155312,0.30435887855997174
13,31402,2025-03-08,2025,,柏,鹿島,A,A,0.3636416776517064,0.308744250540453,0.32761407180784063
13,31403,2025-03-08,2025,,横浜FC,町田,A,A,0.36642837409120993,0.3215688679090659,0.31200275799972405
13,31404,2025-03-08,2025,,新潟,東京V,D,H,0.3803419018351632,0.2365916749030839,0.38306642326175294
13,31405,2025-03-08,2025,,FC東京,湘南,D,A,0.41719838872555004,0.30769150969236325,0.27511010158208665
13,31406,2025-03-08,2025,,G大阪,清水,H,D,0.3001747643982754,0.40016684935702257,0.29965838624470204
13,31407,2025-03-08,2025,,C大阪,名古屋,D,D,0.31359998686903,0.3973779279729927,0.2890220851579773
13,31461,2025-03-08,2025,,仙台,V・ファーレン長崎,D,A,0.35409369803749857,0.3307778883074476,0.3151284136550538
13,31462,2025-03-08,2025,,大宮,レノファ山口FC,H,D,0.33329882617078904,0.3797985440031689,0.286902629826042
13,31463,2025-03-08,2025,,愛媛FC,FC今治,A,D,0.3258617128876441,0.3552722469820043,0.31886604013035164
13,31531,2025-03-08,2025,,福島ユナイテッドFC,FC岐阜,H,D,0.316886096045017,0.36729125229191234,0.3158226516630706
13,31532,2025-03-08,2025,,AC長野パルセイロ,栃木シティ,A,A,0.34805655467593993,0.30433125250162696,0.3476121928224331
13,31533,2025-03-08,2025,,FC大阪,ガイナーレ鳥取,H,D,0.2860754587066718,0.38120986732387424,0.33271467396945403
13,31534,2025-03-08,2025,,奈良クラブ,FC琉球,H,D,0.3098465905702918,0.3768467583324762,0.3133066510972321
13,31535,2025-03-08,2025,,ギラヴァンツ北九州,カマタマーレ讃岐,H,A,0.3367133253528452,0.33392004090338523,0.3293666337437696
13,31536,2025-03-08,2025,,鹿児島ユナイテッドFC,群馬,H,A,0.3434910754590628,0.3233922797188814,0.3331166448220559
13,31408,2025-03-09,2025,,京都,福岡,A,H,0.31107496537226453,0.3262132452600199,0.3627117893677157
13,31464,2025-03-09,2025,,札幌,千葉,A,A,0.3955645562804422,0.256026142263195,0.3484093014563627
13,31465,2025-03-09,2025,,山形,秋田,H,A,0.4010469495546653,0.34201314085177775,0.256939909593557
13,31466,2025-03-09,2025,,いわきFC,鳥栖,D,D,0.3098300239886582,0.35570575603493987,0.3344642199764018
13,31467,2025-03-09,2025,,甲府,藤枝MYFC,D,A,0.40424509122417823,0.29306511641345645,0.30268979236236526
13,31468,2025-03-09,2025,,富山,磐田,H,H,0.32874782225040206,0.28110184660061155,0.39015033114898645
13,31469,2025-03-09,2025,,徳島,熊本,D,D,0.29364684388902307,0.3928193524487782,0.31353380366219874
13,31470,2025-03-09,2025,,大分,水戸,D,H,0.33104445607186683,0.2660811290672763,0.40287441486085696
13,31537,2025-03-09,2025,,ヴァンラーレ八戸,SC相模原,A,D,0.2989807920204047,0.364937009811075,0.3360821981685203
13,31538,2025-03-09,2025,,ツエーゲン金沢,高知ユナイテッドSC,A,A,0.34136976492688137,0.33707343619792274,0.32155679887519595
13,31539,2025-03-09,2025,,アスルクラロ沼津,栃木SC,D,H,0.32461059078726917,0.25932928517989856,0.41606012403283243
13,31540,2025-03-09,2025,,テゲバジャーロ宮崎,松本山雅FC,D,D,0.3226373547128733,0.3457483526428536,0.3316142926442732
13,31411,2025-03-15,2025,,東京V,名古屋,H,D,0.2781457718511582,0.4135807402205694,0.3082734879282723
13,31412,2025-03-15,2025,,町田,新潟,H,A,0.38798991134289273,0.2835959379863563,0.328414150670751
13,31413,2025-03-15,2025,,横浜FC,C大阪,H,A,0.3408918003923916,0.3292333747094604,0.329874824898148
13,31414,2025-03-15,2025,,福岡,FC東京,H,H,0.30184392750298983,0.3480844172543976,0.35007165524261263
13,31471,2025-03-15,2025,,秋田,札幌,A,D,0.2955495075364918,0.396517668311448,0.30793282415206014
13,31472,2025-03-15,2025,,磐田,甲府,H,A,0.35730743366589046,0.3244913705377709,0.31820119579633865
13,31473,2025-03-15,2025,,藤枝MYFC,いわきFC,H,H,0.34559469881774274,0.297815640685895,0.3565896604963623
13,31474,2025-03-15,2025,,鳥栖,大宮,H,A,0.38549813452686454,0.30336208237222534,0.3111397831009102
13,31475,2025-03-15,2025,,V・ファーレン長崎,徳島,H,D,0.33210167160295806,0.3416627004214871,0.3262356279755548
13,31541,2025-03-15,2025,,SC相模原,奈良クラブ,D,A,0.43205174485567627,0.27096064844950885,0.2969876066948148
13,31542,2025-03-15,2025,,カマタマーレ讃岐,FC琉球,H,A,0.40740211054775444,0.2746488121458444,0.31794907730640115
13,31543,2025-03-15,2025,,高知ユナイテッドSC,鹿児島ユナイテッドFC,D,H,0.3540093482097924,0.2849327794867058,0.3610578723035018
13,31544,2025-03-15,2025,,ギラヴァンツ北九州,ヴァンラーレ八戸,H,H,0.29993390728949554,0.3270123304592529,0.37305376225125153
13,31415,2025-03-16,2025,,清水,京都,A,A,0.3968723468708981,0.3208351297028067,0.2822925234262952
13,31416,2025-03-16,2025,,鹿島,浦和,D,A,0.36992669320328714,0.3340645438506974,0.2960087629460154
13,31417,2025-03-16,2025,,横浜FM,G大阪,H,A,0.4723819081202062,0.26118857779385457,0.2664295140859393
13,31418,2025-03-16,2025,,岡山,川崎F,D,D,0.2776917488932897,0.3746111243840603,0.34769712672265
13,31419,2025-03-16,2025,,広島,柏,D,A,0.3522465434915916,0.3225181693367067,0.32523528717170164
13,31420,2025-03-16,2025,,湘南,神戸,A,D,0.31232368065444027,0.35148444769325143,0.3361918716523082
13,31476,2025-03-16,2025,,熊本,山形,A,A,0.3885406151385235,0.3096519090091399,0.3018074758523366
13,31477,2025-03-16,2025,,水戸,仙台,D,D,0.35091985585190333,0.35102220523297845,0.29805793891511834
13,31478,2025-03-16,2025,,千葉,愛媛FC,H,D,0.30452823196360856,0.35438577029081736,0.34108599774557413
13,31479,2025-03-16,2025,,レノファ山口FC,大分,D,H,0.3572092866427997,0.26097808444320303,0.3818126289139973
13,31480,2025-03-16,2025,,FC今治,富山,D,A,0.3716939905903117,0.3028049631484442,0.32550104626124404
13,31546,2025-03-16,2025,,栃木SC,FC大阪,H,A,0.3510371235140068,0.3193127142832278,0.3296501622027653
13,31547,2025-03-16,2025,,栃木シティ,テゲバジャーロ宮崎,H,D,0.2746758441968723,0.3692039024600107,0.3561202533431169
13,31548,2025-03-16,2025,,群馬,ガイナーレ鳥取,H,A,0.34858712181740015,0.33603966892397313,0.31537320925862666
13,31550,2025-03-16,2025,,FC岐阜,ツエーゲン金沢,A,D,0.31177904437315124,0.40541764521699913,0.28280331040984963
14,31481,2025-03-23,2025,,仙台,磐田,A,D,0.3239488489992465,0.34871111367444235,0.32734003732631106
14,31482,2025-03-23,2025,,レノファ山口FC,熊本,A,A,0.44622679153599354,0.32758620982803505,0.22618699863597144
14,31483,2025-03-23,2025,,山形,徳島,D,H,0.308666393167708,0.33526738773929227,0.35606621909299974
14,31484,2025-03-23,2025,,いわきFC,FC今治,A,D,0.3252840239266321,0.36526625223432735,0.3094497238390405
14,31485,2025-03-23,2025,,大宮,水戸,H,A,0.3578155602643305,0.30341392855358057,0.3387705111820889
14,31486,2025-03-23,2025,,甲府,千葉,A,H,0.3360152193559031,0.31698247613026115,0.3470023045138357
14,31487,2025-03-23,2025,,愛媛FC,札幌,A,A,0.36401388288110403,0.32892878047813157,0.30705733664076446
14,31488,2025-03-23,2025,,鳥栖,富山,H,A,0.3967091919555609,0.29202791771316483,0.3112628903312742
14,31489,2025-03-23,2025,,V・ファーレン長崎,秋田,H,A,0.34346720278878967,0.3214205789862922,0.33511221822491805
14,31490,2025-03-23,2025,,大分,藤枝MYFC,D,A,0.34721514017727667,0.33280346315376713,0.3199813966689562
14,31551,2025-03-23,2025,,ヴァンラーレ八戸,高知ユナイテッドSC,H,H,0.3002331979219919,0.3402634732538931,0.35950332882411506
14,31552,2025-03-23,2025,,松本山雅FC,SC相模原,H,A,0.3856999675738851,0.33777295036719795,0.27652708205891696
14,31553,2025-03-23,2025,,AC長野パルセイロ,福島ユナイテッドFC,H,A,0.3752033090739536,0.3223597369563346,0.3024369539697118
14,31554,2025-03-23,2025,,アスルクラロ沼津,テゲバジャーロ宮崎,A,H,0.3357983249844795,0.3005448013981231,0.3636568736173973
14,31555,2025-03-23,2025,,FC大阪,ツエーゲン金沢,H,A,0.33636798861176376,0.33335961372262657,0.33027239766560973
14,31556,2025-03-23,2025,,奈良クラブ,群馬,H,H,0.30914786023765556,0.2965610217262913,0.39429111803605327
14,31557,2025-03-23,2025,,ガイナーレ鳥取,FC岐阜,H,H,0.3016902788399756,0.304473831713473,0.39383588944655146
14,31558,2025-03-23,2025,,カマタマーレ讃岐,栃木シティ,A,A,0.3721230930817093,0.30690814576623765,0.32096876115205303
14,31559,2025-03-23,2025,,鹿児島ユナイテッドFC,ギラヴァンツ北九州,H,A,0.43395984415130245,0.26990001102527506,0.2961401448234225
14,31560,2025-03-23,2025,,FC琉球,栃木SC,H,A,0.3879114127254835,0.2753613197670562,0.33672726750746035
14,31421,2025-03-28,2025,,C大阪,浦和,D,D,0.29320919201969164,0.36535972987494797,0.3414310781053603
14,31422,2025-03-29,2025,,岡山,横浜FM,H,H,0.3188222695481985,0.31821982624814493,0.36295790420365664
14,31423,2025-03-29,2025,,柏,東京V,D,A,0.46315898015857526,0.2810081627851546,0.25583285705627024
14,31424,2025-03-29,2025,,新潟,G大阪,D,A,0.5030463076152402,0.24547503712926813,0.2514786552554917
14,31425,2025-03-29,2025,,清水,湘南,H,D,0.33733979061608677,0.3410436077836445,0.3216166016002686
14,31426,2025-03-29,2025,,名古屋,横浜FC,H,A,0.4958455914756833,0.2537393075995475,0.25041510092476926
14,31427,2025-03-29,2025,,京都,広島,H,A,0.34636721099670864,0.31276705591056264,0.34086573309272866
14,31428,2025-03-29,2025,,鹿島,神戸,H,D,0.28233704280235694,0.37869380696507765,0.33896915023256546
14,31429,2025-03-29,2025,,福岡,町田,D,H,0.2685713313128992,0.35120575211842336,0.38022291656867746
14,31430,2025-03-29,2025,,FC東京,川崎F,A,A,0.35866274569191864,0.33538860051365665,0.3059486537944247
14,31491,2025-03-29,2025,,札幌,甲府,A,H,0.3222384075667677,0.3209107564586383,0.356850835974594
14,31562,2025-03-29,2025,,FC岐阜,松本山雅FC,D,D,0.2651938250102286,0.3802895801902603,0.35451659479951103
14,31492,2025-03-30,2025,,熊本,鳥栖,H,H,0.3247600386748305,0.2664164755629344,0.40882348576223504
14,31493,2025-03-30,2025,,秋田,レノファ山口FC,H,A,0.3641763331226415,0.28841177554609276,0.3474118913312657
14,31494,2025-03-30,2025,,水戸,いわきFC,H,H,0.2781834253723769,0.3489160625548763,0.3729005120727468
14,31495,2025-03-30,2025,,富山,仙台,A,H,0.35297550666445315,0.2917247994735731,0.35529969386197374
14,31496,2025-03-30,2025,,藤枝MYFC,V・ファーレン長崎,H,A,0.42111372305716244,0.3058605273167582,0.2730257496260794
14,31497,2025-03-30,2025,,FC今治,山形,D,H,0.2919935661154126,0.35250699374068795,0.3554994401438995
14,31498,2025-03-30,2025,,磐田,千葉,H,H,0.33481215354350163,0.3259540687391832,0.3392337777173152
14,31499,2025-03-30,2025,,愛媛FC,大分,A,A,0.3775632682076381,0.31005523768274124,0.3123814941096207
14,31500,2025-03-30,2025,,徳島,大宮,H,H,0.2773834376726956,0.33849736555121496,0.38411919677608947
14,31561,2025-03-30,2025,,ヴァンラーレ八戸,奈良クラブ,D,D,0.2818851777118486,0.4243513020666128,0.29376352022153845
14,31563,2025-03-30,2025,,福島ユナイテッドFC,ガイナーレ鳥取,H,D,0.29208401154182145,0.39606789573511214,0.3118480927230664
14,31564,2025-03-30,2025,,栃木SC,栃木シティ,D,H,0.3355529083273465,0.3045524036385456,0.35989468803410796
14,31565,2025-03-30,2025,,群馬,ギラヴァンツ北九州,A,A,0.3579121830949685,0.31305349235110536,0.32903432455392606
14,31566,2025-03-30,2025,,SC相模原,カマタマーレ讃岐,D,A,0.3472696851979755,0.3468992007669146,0.3058311140351099
14,31567,2025-03-30,2025,,ツエーゲン金沢,AC長野パルセイロ,H,D,0.3257016041623326,0.3496780288343059,0.32462036700336155
14,31568,2025-03-30,2025,,FC大阪,アスルクラロ沼津,H,H,0.3019613688371101,0.3319553578073502,0.3660832733555397
14,31569,2025-03-30,2025,,高知ユナイテッドSC,FC琉球,D,H,0.2541247611182176,0.35704547231222755,0.38882976656955487
14,31570,2025-03-30,2025,,テゲバジャーロ宮崎,鹿児島ユナイテッドFC,D,H,0.3221227512899711,0.3327056374601567,0.3451716112498724
14,32221,2025-04-02,2025,,東京V,FC東京,D,D,0.2653682394396164,0.4185958362866179,0.31603592427376553
14,32222,2025-04-02,2025,,川崎F,湘南,H,D,0.33381980936119526,0.3395735296165295,0.3266066610222753
14,32223,2025-04-02,2025,,横浜FC,神戸,A,A,0.36775548639396144,0.28327171056613476,0.3489728030399038
14,32224,2025-04-02,2025,,新潟,福岡,A,A,0.38922839185170227,0.3303543384773044,0.28041726967099334
14,32225,2025-04-02,2025,,名古屋,横浜FM,H,H,0.30814189842854584,0.31372818387558554,0.37812991769586873
14,32226,2025-04-02,2025,,京都,柏,D,A,0.349766819175964,0.33635703432637437,0.3138761464976617
14,32227,2025-04-02,2025,,G大阪,町田,A,A,0.35217251417839024,0.33683201903579635,0.3109954667858134
14,32228,2025-04-02,2025,,C大阪,岡山,H,D,0.29391690905290946,0.3683169727873951,0.3377661181596954
14,32229,2025-04-02,2025,,広島,鹿島,H,A,0.3849324788736949,0.30265058680877777,0.3124169343175274
14,32230,2025-04-02,2025,,浦和,清水,H,D,0.3257934484485292,0.3650239982235401,0.30918255332793065
14,31601,2025-04-05,2025,,仙台,秋田,H,A,0.3602857936584293,0.35237366193879877,0.287340544402772
14,31602,2025-04-05,2025,,甲府,いわきFC,H,D,0.3030121619836571,0.3563005910328319,0.34068724698351094
14,31603,2025-04-05,2025,,札幌,徳島,H,A,0.3686610040749412,0.3115872298141521,0.3197517661109066
14,31604,2025-04-05,2025,,山形,磐田,D,H,0.2817155909475112,0.34884900230741217,0.3694354067450765
14,31605,2025-04-05,2025,,大宮,大分,D,A,0.373107289522934,0.2938204509117062,0.33307225956535985
14,31606,2025-04-05,2025,,千葉,水戸,H,D,0.33937114342954017,0.3540993220667927,0.30652953450366704
14,31607,2025-04-05,2025,,レノファ山口FC,愛媛FC,D,H,0.3253102043433102,0.3283907932569925,0.3462990023996973
14,31608,2025-04-05,2025,,鳥栖,藤枝MYFC,H,D,0.3102776675452481,0.3632814088604358,0.32644092359431615
14,31911,2025-04-05,2025,,群馬,テゲバジャーロ宮崎,D,D,0.2762359209025801,0.3753658227446704,0.34839825635274957
14,31912,2025-04-05,2025,,松本山雅FC,高知ユナイテッドSC,A,D,0.3723097075123458,0.3784428581453695,0.2492474343422848
14,31913,2025-04-05,2025,,奈良クラブ,FC岐阜,D,H,0.30511537894346624,0.29217477549426063,0.4027098455622732
14,31914,2025-04-05,2025,,ギラヴァンツ北九州,FC大阪,H,A,0.3550943632278721,0.32061786693088073,0.32428776984124713
14,31915,2025-04-05,2025,,FC琉球,SC相模原,H,D,0.3056151442187857,0.3699963062942041,0.32438854948701024
14,32231,2025-04-05,2025,,横浜FM,東京V,D,A,0.3903611844141443,0.2972280090057364,0.3124108065801192
14,31609,2025-04-06,2025,,熊本,富山,D,H,0.3267993681109198,0.2985338856680985,0.37466674622098173
14,31610,2025-04-06,2025,,FC今治,V・ファーレン長崎,H,H,0.32688706212282187,0.30801589041570937,0.36509704746146865
14,31916,2025-04-06,2025,,AC長野パルセイロ,鹿児島ユナイテッドFC,A,D,0.33206027516360875,0.3358810066227548,0.3320587182136366
14,31917,2025-04-06,2025,,栃木SC,ヴァンラーレ八戸,A,D,0.3586301972109375,0.3690445738348913,0.2723252289541712
14,31918,2025-04-06,2025,,栃木シティ,福島ユナイテッドFC,D,A,0.33813330454407947,0.3240070710794251,0.3378596243764955
14,31919,2025-04-06,2025,,アスルクラロ沼津,カマタマーレ讃岐,D,H,0.3229642902716794,0.3242727228666726,0.3527629868616479
14,31920,2025-04-06,2025,,ガイナーレ鳥取,ツエーゲン金沢,D,D,0.33930833646068137,0.3666560174650223,0.2940356460742964
14,32232,2025-04-06,2025,,岡山,FC東京,H,D,0.3574323368424456,0.367694334715164,0.2748733284423904
14,32233,2025-04-06,2025,,町田,川崎F,D,H,0.3036048175066187,0.31829857129993094,0.3780966111934504
14,32234,2025-04-06,2025,,横浜FC,清水,H,H,0.2884725126590517,0.32681353901207266,0.3847139483288756
14,32235,2025-04-06,2025,,神戸,新潟,A,H,0.30441287889783414,0.3188522224673668,0.37673489863479903
14,32236,2025-04-06,2025,,福岡,浦和,H,A,0.36786027631952756,0.30604843497927525,0.3260912887011972
14,32237,2025-04-06,2025,,鹿島,京都,A,D,0.3108922174255612,0.34825988252859774,0.340847900045841
14,32238,2025-04-06,2025,,柏,G大阪,H,D,0.2871290108978935,0.35869476823293145,0.354176220869175
14,32239,2025-04-06,2025,,湘南,名古屋,H,D,0.30533568899007113,0.3790262292602162,0.31563808174971264
14,32240,2025-04-06,2025,,広島,C大阪,H,H,0.3477042780374502,0.2883281861385107,0.3639675358240391
14,31409,2025-04-09,2025,,川崎F,横浜FM,D,A,0.3880713321294175,0.3423435659940768,0.26958510187650575
14,32241,2025-04-11,2025,,FC東京,柏,D,H,0.3061948211002123,0.28917334775747233,0.4046318311423153
14,31611,2025-04-12,2025,,仙台,FC今治,D,D,0.2532743689810686,0.4252856888574976,0.32143994216143384
14,31612,2025-04-12,2025,,いわきFC,山形,A,A,0.3457499017205719,0.3413264224407044,0.3129236758387237
14,31613,2025-04-12,2025,,水戸,札幌,H,D,0.28422024897815973,0.37827746329017176,0.3375022877316686
14,31921,2025-04-12,2025,,福島ユナイテッドFC,ギラヴァンツ北九州,H,A,0.3553014692393955,0.31906040679578196,0.3256381239648226
14,31922,2025-04-12,2025,,FC大阪,ヴァンラーレ八戸,H,D,0.3149500944571384,0.34276109494696605,0.34228881059589555
14,31923,2025-04-12,2025,,テゲバジャーロ宮崎,ガイナーレ鳥取,H,A,0.35317529970816564,0.3090573859898455,0.3377673143019889
14,32242,2025-04-12,2025,,清水,川崎F,D,D,0.2933130337883953,0.365149288345094,0.34153767786651074
14,32243,2025-04-12,2025,,G大阪,名古屋,H,H,0.2867925749779574,0.32950085969851167,0.383706565323531
14,32244,2025-04-12,2025,,広島,岡山,A,D,0.300887821942801,0.3691168810790831,0.32999529697811586
14,32245,2025-04-12,2025,,福岡,横浜FM,H,H,0.3602673110235459,0.27167903515670966,0.36805365381974453
14,32246,2025-04-12,2025,,東京V,神戸,A,H,0.3079519653367107,0.2965966884007976,0.39545134626249173
14,32247,2025-04-12,2025,,C大阪,鹿島,H,H,0.3190094577850262,0.2746079631550833,0.4063825790598905
14,32248,2025-04-12,2025,,京都,湘南,H,D,0.31699577272807755,0.3418387840766272,0.34116544319529507
14,31614,2025-04-13,2025,,秋田,大宮,A,H,0.3071850957796124,0.29736921424041707,0.39544568997997054
14,31615,2025-04-13,2025,,富山,レノファ山口FC,D,H,0.3271480920815084,0.3178548303854318,0.35499707753305987
14,31616,2025-04-13,2025,,藤枝MYFC,千葉,A,H,0.3126446441299807,0.3405958558929438,0.34675949997707545
14,31617,2025-04-13,2025,,V・ファーレン長崎,鳥栖,A,D,0.28244218928133025,0.4207530473515624,0.29680476336710737
14,31618,2025-04-13,2025,,大分,徳島,D,H,0.314271233559774,0.33110147720888455,0.3546272892313415
14,31619,2025-04-13,2025,,磐田,熊本,D,H,0.3164063823291561,0.34104968169457467,0.34254393597626925
14,31620,2025-04-13,2025,,愛媛FC,甲府,D,D,0.333364666886714,0.37776259600919615,0.2888727371040899
14,31924,2025-04-13,2025,,鹿児島ユナイテッドFC,アスルクラロ沼津,D,H,0.28195018567033553,0.356390962326244,0.3616588520034205
14,31925,2025-04-13,2025,,SC相模原,群馬,D,A,0.38761488162990926,0.2945065557562872,0.3178785626138036
14,31926,2025-04-13,2025,,AC長野パルセイロ,FC琉球,D,A,0.38850252231092763,0.32488108781248826,0.28661638987658417
14,31927,2025-04-13,2025,,ツエーゲン金沢,奈良クラブ,H,D,0.3404574978922232,0.3434012583622269,0.3161412437455498
14,31928,2025-04-13,2025,,FC岐阜,栃木SC,A,H,0.31474859415364453,0.32848896907137176,0.35676243677498365
14,31929,2025-04-13,2025,,カマタマーレ讃岐,松本山雅FC,A,H,0.31084101688415017,0.3204173942335559,0.368741588882294
14,31930,2025-04-13,2025,,高知ユナイテッドSC,栃木シティ,A,A,0.38285857588629807,0.33155822541440755,0.2855831986992944
14,32249,2025-04-13,2025,,町田,浦和,A,H,0.2753279310297076,0.3465383582850146,0.3781337106852778
14,32250,2025-04-13,2025,,新潟,横浜FC,D,H,0.2573709433897134,0.36924730878493545,0.3733817478253511
14,32269,2025-04-16,2025,,横浜FM,清水,A,A,0.33541361419862364,0.3340680189749521,0.3305183668264243
14,32270,2025-04-16,2025,,神戸,川崎F,H,H,0.31433762250046227,0.3203636860247115,0.36529869147482624
14,32341,2025-04-16,2025,,浦和,京都,H,H,0.31393199766377455,0.317117668448223,0.3689503338880026
14,31940,2025-04-18,2025,,FC大阪,群馬,H,H,0.3360720392092455,0.31422580993298005,0.3497021508577744
14,31621,2025-04-19,2025,,山形,愛媛FC,A,H,0.30082275453342067,0.330688556121698,0.3684886893448813
14,31622,2025-04-19,2025,,甲府,V・ファーレン長崎,D,A,0.35259186123899616,0.3107277861250932,0.33668035263591056
14,31623,2025-04-19,2025,,鳥栖,レノファ山口FC,D,H,0.26572243088351916,0.3567067275291669,0.37757084158731397
14,31931,2025-04-19,2025,,奈良クラブ,アスルクラロ沼津,H,A,0.3838178943582608,0.31567306233475295,0.3005090433069863
14,32251,2025-04-19,2025,,新潟,京都,A,D,0.2772042916224086,0.36213551859977866,0.36066018977781267
14,31624,2025-04-20,2025,,熊本,仙台,A,H,0.31883444353673096,0.3339476309705266,0.34721792549274244
14,31625,2025-04-20,2025,,札幌,藤枝MYFC,H,D,0.29961792268367743,0.35226670973573065,0.3481153675805919
14,31626,2025-04-20,2025,,秋田,磐田,H,H,0.29995047025081295,0.3216130168613154,0.3784365128878716
14,31627,2025-04-20,2025,,千葉,大分,H,H,0.3087590058201013,0.32491015646166366,0.3663308377182351
14,31628,2025-04-20,2025,,富山,いわきFC,A,H,0.33670715856407407,0.304784952929082,0.3585078885068441
14,31629,2025-04-20,2025,,徳島,水戸,A,D,0.2800198269573398,0.37990669383605224,0.340073479206608
14,31630,2025-04-20,2025,,FC今治,大宮,D,H,0.29796182038813956,0.2923910839107281,0.40964709570113234
14,31932,2025-04-20,2025,,ヴァンラーレ八戸,AC長野パルセイロ,H,D,0.30592920771408455,0.3628810107205032,0.3311897815654123
14,31933,2025-04-20,2025,,福島ユナイテッドFC,高知ユナイテッドSC,A,H,0.2565665423413768,0.35623796717538025,0.38719549048324287
14,31934,2025-04-20,2025,,栃木SC,ツエーゲン金沢,A,H,0.28258825524928444,0.3206965492727939,0.3967151954779215
14,31935,2025-04-20,2025,,松本山雅FC,栃木シティ,A,A,0.36200644345874444,0.32099765826769894,0.31699589827355656
14,31936,2025-04-20,2025,,FC岐阜,カマタマーレ讃岐,H,H,0.2940458037044943,0.34565912634079404,0.36029506995471156
14,31937,2025-04-20,2025,,ガイナーレ鳥取,鹿児島ユナイテッドFC,D,A,0.3516951086873288,0.3254063100173827,0.32289858129528864
14,31938,2025-04-20,2025,,ギラヴァンツ北九州,SC相模原,D,A,0.36163708561087715,0.29391868214590555,0.34444423224321724
14,31939,2025-04-20,2025,,FC琉球,テゲバジャーロ宮崎,D,H,0.3667201428835723,0.23680809394541374,0.39647176317101396
14,32252,2025-04-20,2025,,横浜FC,G大阪,D,A,0.38086797186484506,0.2705526882397002,0.34857933989545464
14,32253,2025-04-20,2025,,清水,福岡,H,H,0.34681028177492645,0.2875723337989343,0.3656173844261393
14,32254,2025-04-20,2025,,名古屋,広島,H,D,0.3075706972722393,0.3467937540037893,0.34563554872397145
14,32255,2025-04-20,2025,,神戸,町田,H,A,0.37153809525147485,0.32390072776516704,0.304561176983358
14,32256,2025-04-20,2025,,岡山,鹿島,A,A,0.3722350755666416,0.2825352724007174,0.345229652032641
14,32257,2025-04-20,2025,,川崎F,東京V,D,H,0.30110955372080894,0.3343844007798119,0.36450604549937915
14,32258,2025-04-20,2025,,湘南,柏,A,A,0.3574948836771873,0.33266727477957503,0.3098378415432376
14,32259,2025-04-20,2025,,C大阪,FC東京,D,H,0.2894856118713919,0.3179266925868496,0.39258769554175854
14,32260,2025-04-20,2025,,浦和,横浜FM,H,H,0.3174150644033666,0.30120063701520694,0.38138429858142653
14,31545,2025-04-23,2025,,福島ユナイテッドFC,アスルクラロ沼津,D,H,0.27415399066262874,0.348177870326318,0.37766813901105317
14,31631,2025-04-25,2025,,仙台,愛媛FC,D,A,0.3414955219679611,0.3326211906400292,0.32588328739200967
14,31632,2025-04-25,2025,,水戸,甲府,D,D,0.3480395600284081,0.35223861813362817,0.29972182183796375
14,31633,2025-04-25,2025,,大宮,札幌,H,A,0.4248945626150498,0.2899310890815302,0.28517434830342003
14,31634,2025-04-25,2025,,千葉,秋田,H,D,0.32972196696306516,0.3636162735233496,0.3066617595135854
14,31635,2025-04-25,2025,,磐田,大分,A,H,0.30625322839505753,0.3466708441540265,0.3470759274509158
14,31636,2025-04-25,2025,,藤枝MYFC,熊本,A,A,0.3558809802423086,0.3325781130280494,0.31154090672964196
14,31637,2025-04-25,2025,,鳥栖,山形,H,D,0.3042935053493059,0.36902489821006274,0.3266815964406314
14,31638,2025-04-25,2025,,V・ファーレン長崎,いわきFC,A,A,0.36254331250723665,0.3132368747434004,0.32421981274936307
14,32261,2025-04-25,2025,,鹿島,名古屋,H,A,0.41093530686809954,0.33586991956110596,0.2531947735707946
14,32262,2025-04-25,2025,,東京V,C大阪,H,H,0.34881749339355433,0.2787997314932052,0.3723827751132405
14,32263,2025-04-25,2025,,町田,湘南,A,A,0.38055267198197307,0.2954727011807303,0.3239746268372966
14,32264,2025-04-25,2025,,京都,横浜FC,H,A,0.4036452242209743,0.2661330378443157,0.33022173793471005
14,32265,2025-04-25,2025,,福岡,岡山,D,D,0.27793847633661667,0.3718689925421999,0.35019253112118337
14,32266,2025-04-25,2025,,浦和,広島,H,H,0.33232465750218554,0.29937939376143224,0.3682959487363823
14,32267,2025-04-25,2025,,FC東京,G大阪,H,H,0.33132781646404125,0.3317174803247946,0.33695470321116416
14,31509,2025-04-26,2025,,ギラヴァンツ北九州,松本山雅FC,A,A,0.48935072126666723,0.2649839629323768,0.245665315800956
14,31639,2025-04-26,2025,,レノファ山口FC,FC今治,A,H,0.2850229146338157,0.3439251246689536,0.3710519606972307
14,31640,2025-04-26,2025,,徳島,富山,H,H,0.33648025593071323,0.29781921436074577,0.3657005297085409
14,32268,2025-04-26,2025,,柏,新潟,D,D,0.32004239032598536,0.34118383522941653,0.33877377444459816
14,31510,2025-04-27,2025,,ヴァンラーレ八戸,ツエーゲン金沢,H,A,0.4246900044947945,0.27314855043787395,0.30216144506733156
14,31641,2025-04-29,2025,,札幌,V・ファーレン長崎,D,D,0.305972177774055,0.3851480923555597,0.30887972987038537
14,31642,2025-04-29,2025,,秋田,徳島,A,H,0.3285064470340389,0.3232281435444579,0.3482654094215033
14,31643,2025-04-29,2025,,いわきFC,大宮,H,H,0.3370419954381205,0.2897959565994221,0.3731620479624574
14,31644,2025-04-29,2025,,水戸,FC今治,D,H,0.24851850867665395,0.35242527782753824,0.3990562134958079
14,31645,2025-04-29,2025,,甲府,仙台,A,H,0.24791563261460453,0.3162860352546335,0.43579833213076186
14,31646,2025-04-29,2025,,富山,山形,D,A,0.38872616575474545,0.27641853317541104,0.3348553010698435
14,31647,2025-04-29,2025,,熊本,千葉,D,H,0.27052690312086347,0.35893787634543467,0.3705352205337019
14,31648,2025-04-29,2025,,大分,鳥栖,H,D,0.3130008495490753,0.35871308776566213,0.3282860626852625
14,31649,2025-04-29,2025,,磐田,レノファ山口FC,A,D,0.2910780819993393,0.40055794293057734,0.30836397507008334
14,31650,2025-04-29,2025,,愛媛FC,藤枝MYFC,A,D,0.32514381123022695,0.3909109908769717,0.2839451978928014
14,32271,2025-04-29,2025,,FC東京,清水,A,H,0.29827623931770425,0.33896006659826167,0.3627636940840342
14,32272,2025-04-29,2025,,横浜FC,鹿島,A,D,0.30796988271968634,0.3464445750390986,0.34558554224121507
14,32273,2025-04-29,2025,,名古屋,柏,A,D,0.27562091137143574,0.3696038109167026,0.35477527771186157
14,32274,2025-04-29,2025,,岡山,東京V,A,H,0.3245535287752889,0.3209915361298995,0.3544549350948115
14,32275,2025-04-29,2025,,広島,新潟,A,D,0.3328713828813468,0.3623636886244152,0.30476492849423803
14,32276,2025-04-29,2025,,湘南,福岡,D,D,0.320894098042583,0.35596150187287656,0.32314440008454043
14,32277,2025-04-29,2025,,G大阪,京都,H,D,0.2898056939997498,0.4090903279485537,0.30110397805169653
14,32278,2025-04-29,2025,,C大阪,町田,A,A,0.368338761978467,0.3221594083922734,0.30950182962925965
14,31651,2025-05-03,2025,,仙台,レノファ山口FC,H,H,0.3196643061876546,0.32577252358236924,0.3545631702299761
14,31652,2025-05-03,2025,,いわきFC,秋田,D,D,0.24626176075762565,0.4153355004543184,0.33840273878805593
14,31653,2025-05-03,2025,,甲府,徳島,A,A,0.482281855179115,0.27857954749365726,0.2391385973272278
14,31654,2025-05-03,2025,,山形,札幌,A,A,0.4277439467598959,0.27223628375112496,0.30001976948897907
14,31655,2025-05-03,2025,,大宮,富山,D,H,0.29009980184133904,0.3232709891085306,0.3866292090501303
14,31656,2025-05-03,2025,,藤枝MYFC,水戸,A,A,0.49333375193459533,0.24689671829752097,0.2597695297678837
14,31657,2025-05-03,2025,,FC今治,磐田,D,H,0.295618815033808,0.3399516873720623,0.3644294975941298
14,31658,2025-05-03,2025,,鳥栖,千葉,D,H,0.3071388351233816,0.3292355596890327,0.3636256051875857
14,31659,2025-05-03,2025,,大分,熊本,H,H,0.31339833351189006,0.317452640590327,0.3691490258977829
14,31660,2025-05-03,2025,,V・ファーレン長崎,愛媛FC,D,D,0.2768058987128631,0.38324725597001547,0.3399468453171215
14,31941,2025-05-03,2025,,栃木シティ,FC大阪,H,H,0.3104751226921997,0.3091340043318769,0.3803908729759234
14,31942,2025-05-03,2025,,群馬,FC岐阜,D,A,0.36176023851859185,0.2791455493293424,0.3590942121520657
14,31943,2025-05-03,2025,,アスルクラロ沼津,ヴァンラーレ八戸,A,D,0.3136746412903289,0.3566993611984285,0.3296259975112426
14,31944,2025-05-03,2025,,ガイナーレ鳥取,FC琉球,H,D,0.29872052797094806,0.39606964306689446,0.3052098289621575
14,31945,2025-05-03,2025,,カマタマーレ讃岐,福島ユナイテッドFC,A,H,0.28322613540045943,0.3159293642613316,0.400844500338209
14,31946,2025-05-03,2025,,ギラヴァンツ北九州,栃木SC,D,D,0.3304700049130278,0.3449897218461106,0.32454027324086177
14,31947,2025-05-03,2025,,テゲバジャーロ宮崎,高知ユナイテッドSC,H,H,0.2789014960512308,0.350929269306586,0.3701692346421832
14,31948,2025-05-03,2025,,鹿児島ユナイテッドFC,奈良クラブ,A,D,0.32120130076097964,0.3591692891598887,0.3196294100791317
14,31949,2025-05-03,2025,,松本山雅FC,ツエーゲン金沢,H,H,0.30905931326973596,0.3427661222926133,0.34817456443765077
14,31950,2025-05-03,2025,,AC長野パルセイロ,SC相模原,D,H,0.3440790671367728,0.2700700901051722,0.38585084275805515
14,32281,2025-05-03,2025,,広島,福岡,H,H,0.29110227256817933,0.3323937570607051,0.3765039703711155
14,32282,2025-05-03,2025,,新潟,FC東京,A,D,0.27904627717844643,0.39251348711470957,0.3284402357068439
14,32283,2025-05-03,2025,,清水,名古屋,A,D,0.3044667290234057,0.34891964197620245,0.34661362900039194
14,32284,2025-05-03,2025,,鹿島,町田,H,D,0.302455589424688,0.35060681406197886,0.3469375965133332
14,32285,2025-05-03,2025,,浦和,東京V,H,D,0.269292098769777,0.3829289769333447,0.3477789242968784
14,32286,2025-05-03,2025,,G大阪,湘南,H,D,0.2755449296305666,0.36901465506509934,0.3554404153043341
14,32287,2025-05-03,2025,,京都,C大阪,A,A,0.3977611845391918,0.3151688975203587,0.2870699179404496
14,32290,2025-05-03,2025,,神戸,岡山,H,D,0.2943230954430722,0.4006386689533888,0.30503823560353893
14,31661,2025-05-06,2025,,仙台,藤枝MYFC,H,A,0.3512273621090015,0.3078927487906287,0.3408798891003697
14,31662,2025-05-06,2025,,富山,V・ファーレン長崎,A,A,0.470689652666992,0.199368454983676,0.3299418923493319
14,31663,2025-05-06,2025,,札幌,磐田,A,H,0.24926178126023865,0.352612735650668,0.39812548308909335
14,31664,2025-05-06,2025,,山形,大分,H,A,0.3686178096748167,0.2721016072022391,0.3592805831229442
14,31665,2025-05-06,2025,,レノファ山口FC,水戸,A,A,0.36813495926049394,0.30644880992035317,0.32541623081915294
14,31666,2025-05-06,2025,,秋田,甲府,A,H,0.29969505115910805,0.3497075793398261,0.35059736950106585
14,31667,2025-05-06,2025,,愛媛FC,いわきFC,D,A,0.4455734451300488,0.24279825120986678,0.3116283036600844
14,31668,2025-05-06,2025,,熊本,FC今治,A,H,0.27034322041050296,0.35371928631761174,0.37593749327188525
14,31669,2025-05-06,2025,,徳島,鳥栖,A,D,0.33839648788858556,0.3802469826522853,0.28135652945912915
14,31670,2025-05-06,2025,,千葉,大宮,A,A,0.40978551873762453,0.29843410775073875,0.2917803735116367
14,31951,2025-05-06,2025,,福島ユナイテッドFC,群馬,A,A,0.38031524775281506,0.29115446520415633,0.3285302870430286
14,31952,2025-05-06,2025,,ヴァンラーレ八戸,栃木シティ,D,D,0.2960437728162495,0.4153635972149907,0.28859262996875984
14,31953,2025-05-06,2025,,栃木SC,AC長野パルセイロ,H,A,0.3507086771251115,0.34981424778574527,0.2994770750891432
14,31954,2025-05-06,2025,,SC相模原,ガイナーレ鳥取,H,D,0.35528100490088643,0.36324477363916813,0.28147422145994544
14,31955,2025-05-06,2025,,ツエーゲン金沢,ギラヴァンツ北九州,A,D,0.2763034255122895,0.3677198483681573,0.3559767261195533
14,31956,2025-05-06,2025,,奈良クラブ,テゲバジャーロ宮崎,A,A,0.36968471037223827,0.2728865157997787,0.35742877382798305
14,31957,2025-05-06,2025,,高知ユナイテッドSC,カマタマーレ讃岐,A,D,0.30634307775221536,0.3805146897355577,0.313142232512227
14,31958,2025-05-06,2025,,FC琉球,鹿児島ユナイテッドFC,A,A,0.36881437698016517,0.3187909813822851,0.31239464163754976
14,31959,2025-05-06,2025,,FC岐阜,アスルクラロ沼津,H,D,0.33391783080707443,0.3970089879105752,0.2690731812823504
14,32291,2025-05-06,2025,,浦和,G大阪,A,H,0.29783658529957285,0.3509594519641357,0.35120396273629145
14,32292,2025-05-06,2025,,名古屋,岡山,D,D,0.2869978221163062,0.36714980705976535,0.34585237082392856
14,32293,2025-05-06,2025,,福岡,鹿島,A,H,0.31884595946348576,0.3220197211927482,0.35913431934376605
14,32294,2025-05-06,2025,,柏,清水,H,H,0.30353735765329903,0.3471052259565843,0.34935741639011675
14,32295,2025-05-06,2025,,東京V,横浜FC,H,A,0.4969447747178502,0.24639190004155678,0.25666332524059293
14,32299,2025-05-06,2025,,神戸,C大阪,A,H,0.3121590337732662,0.3192779573888205,0.3685630088379134
14,31960,2025-05-07,2025,,FC大阪,松本山雅FC,H,A,0.351375710528925,0.3424501649947274,0.3061741244763475
14,32296,2025-05-07,2025,,町田,京都,A,A,0.3714481390645193,0.31810059571384236,0.3104512652216383
14,32297,2025-05-07,2025,,湘南,広島,A,A,0.350227751907026,0.33225611809457994,0.3175161299983941
14,31671,2025-05-10,2025,,大宮,仙台,H,H,0.31819018682464656,0.34041638515699935,0.34139342801835415
14,32301,2025-05-10,2025,,横浜FC,福岡,H,H,0.27659377584049766,0.33766168383663925,0.38574454032286304
14,32302,2025-05-10,2025,,FC東京,神戸,H,A,0.4262855579283182,0.2748741174749746,0.2988403245967072
14,32303,2025-05-10,2025,,柏,岡山,H,D,0.3270049397984945,0.35849346353351513,0.31450159666799044
14,31672,2025-05-11,2025,,いわきFC,札幌,D,D,0.2880177548042446,0.3813251153720249,0.33065712982373047
14,31673,2025-05-11,2025,,磐田,藤枝MYFC,H,D,0.2778125244923243,0.3780962024985725,0.3440912730091032
14,31674,2025-05-11,2025,,水戸,秋田,H,D,0.30375076730021977,0.3909435789502914,0.3053056537494888
14,31675,2025-05-11,2025,,徳島,レノファ山口FC,H,A,0.3425220233345063,0.3384457300810391,0.31903224658445456
14,31676,2025-05-11,2025,,FC今治,千葉,A,H,0.34292386916742096,0.3062924578449754,0.35078367298760366
14,31677,2025-05-11,2025,,鳥栖,甲府,D,D,0.3506535564875127,0.35088221118096286,0.29846423233152447
14,31678,2025-05-11,2025,,V・ファーレン長崎,山形,D,H,0.2977705763714958,0.33639251250121377,0.3658369111272903
14,31679,2025-05-11,2025,,富山,大分,D,H,0.3325856114478859,0.3298854228319738,0.33752896572014035
14,31680,2025-05-11,2025,,熊本,愛媛FC,D,D,0.2733341583056893,0.3978732362181064,0.32879260547620437
14,32304,2025-05-11,2025,,鹿島,川崎F,H,A,0.4074853131509304,0.2936704672695978,0.2988442195794717
14,32305,2025-05-11,2025,,清水,町田,D,D,0.338249909291562,0.3492469128304288,0.31250317787800913
14,32306,2025-05-11,2025,,京都,名古屋,D,D,0.3171666151642725,0.34862500625990583,0.3342083785758216
14,32307,2025-05-11,2025,,新潟,浦和,D,A,0.38953789738079314,0.3039720977401187,0.30649000487908823
14,32308,2025-05-11,2025,,東京V,湘南,A,D,0.280343409457677,0.40171115040768296,0.31794544013464004
14,32309,2025-05-11,2025,,G大阪,広島,A,D,0.31691079793603216,0.3657735990963991,0.3173156029675686
14,32310,2025-05-11,2025,,C大阪,横浜FM,H,H,0.32999256822222683,0.30723217638498407,0.36277525539278904
14,31549,2025-05-14,2025,,松本山雅FC,AC長野パルセイロ,D,H,0.31580628343673706,0.3291008184433116,0.35509289811995126
14,32288,2025-05-14,2025,,川崎F,横浜FC,H,H,0.3268887244070375,0.30870021021142924,0.3644110653815333
14,32289,2025-05-14,2025,,横浜FM,柏,A,H,0.32372411798227313,0.30848997732307915,0.3677859046946476
14,31681,2025-05-17,2025,,甲府,FC今治,H,H,0.30763810248410073,0.31587476995561464,0.3764871275602846
14,31682,2025-05-17,2025,,札幌,富山,H,D,0.2921552878824773,0.37093086225179145,0.33691384986573114
14,31683,2025-05-17,2025,,秋田,鳥栖,A,A,0.3506936992416167,0.30072852966860975,0.3485777710897736
14,31684,2025-05-17,2025,,水戸,熊本,H,D,0.3159551482188334,0.34731461104067274,0.3367302407404938
14,31685,2025-05-17,2025,,千葉,仙台,D,D,0.3058594464054043,0.35657084150123497,0.33756971209336073
14,31686,2025-05-17,2025,,磐田,いわきFC,H,H,0.3209181272521086,0.32656752157636004,0.35251435117153135
14,31687,2025-05-17,2025,,藤枝MYFC,大宮,A,H,0.3439254473858594,0.29593378490761857,0.3601407677065219
14,31961,2025-05-17,2025,,栃木シティ,FC岐阜,H,A,0.39937436048325636,0.28797004062656273,0.31265559889018096
14,31962,2025-05-17,2025,,群馬,高知ユナイテッドSC,D,H,0.2914345078074457,0.34646078700368,0.3621047051888743
14,31963,2025-05-17,2025,,奈良クラブ,栃木SC,D,H,0.3174701774007567,0.3269443099799754,0.35558551261926785
14,31964,2025-05-17,2025,,テゲバジャーロ宮崎,ツエーゲン金沢,D,D,0.2669331745845891,0.40582757908217293,0.3272392463332379
14,31965,2025-05-17,2025,,鹿児島ユナイテッドFC,福島ユナイテッドFC,H,H,0.2719549274163791,0.3353894538497524,0.39265561873386845
14,31966,2025-05-17,2025,,FC琉球,ギラヴァンツ北九州,A,A,0.3538481448489655,0.3189090137352422,0.3272428414157923
14,32311,2025-05-17,2025,,町田,柏,H,A,0.36285437752553634,0.30335261381259326,0.3337930086618704
14,32312,2025-05-17,2025,,横浜FM,京都,A,H,0.2745158740984733,0.35628946356730873,0.3691946623342179
14,32313,2025-05-17,2025,,神戸,G大阪,H,H,0.31985755754534895,0.31577458906666406,0.36436785338798705
14,32314,2025-05-17,2025,,広島,東京V,H,D,0.3055249454848981,0.3737416257932089,0.32073342872189287
14,32315,2025-05-17,2025,,福岡,名古屋,D,D,0.326944753228621,0.3575494503970156,0.3155057963743633
14,32316,2025-05-17,2025,,鹿島,清水,H,D,0.3132211961299979,0.39818985757964415,0.288588946290358
14,32317,2025-05-17,2025,,湘南,横浜FC,A,D,0.28362863731938504,0.36005234213209864,0.3563190205485164
14,32318,2025-05-17,2025,,浦和,FC東京,H,D,0.3209780209011598,0.36786399239820483,0.3111579867006354
14,31688,2025-05-18,2025,,レノファ山口FC,山形,H,D,0.3084264336799827,0.37134897396678046,0.32022459235323686
14,31689,2025-05-18,2025,,大分,V・ファーレン長崎,A,H,0.3675211944848862,0.20716588584157133,0.4253129196735424
14,31690,2025-05-18,2025,,愛媛FC,徳島,A,H,0.34144059117638054,0.2970439423556766,0.36151546646794275
14,31967,2025-05-18,2025,,松本山雅FC,ガイナーレ鳥取,H,H,0.3356330755120054,0.31648852278759715,0.34787840170039735
14,31968,2025-05-18,2025,,SC相模原,FC大阪,A,D,0.34851053683094985,0.3681972045948514,0.2832922585741989
14,31969,2025-05-18,2025,,アスルクラロ沼津,AC長野パルセイロ,D,H,0.27064211140209593,0.3623039918209675,0.3670538967769365
14,31970,2025-05-18,2025,,カマタマーレ讃岐,ヴァンラーレ八戸,H,D,0.25426042424762096,0.37443031197668725,0.37130926377569184
14,32319,2025-05-18,2025,,川崎F,C大阪,H,D,0.3113831970171368,0.34469419718532823,0.34392260579753503
14,32320,2025-05-18,2025,,岡山,新潟,H,H,0.3411302094703297,0.2970845948213845,0.3617851957082858
14,32279,2025-05-21,2025,,川崎F,浦和,D,H,0.26419487487086263,0.3299133876819911,0.4058917374471463
14,32280,2025-05-21,2025,,横浜FM,神戸,A,A,0.4052682654175892,0.2669239031614961,0.32780783142091474
14,32321,2025-05-24,2025,,C大阪,福岡,H,H,0.3120533287396645,0.332672872919138,0.3552737983411976
14,32322,2025-05-24,2025,,名古屋,浦和,H,D,0.28486104667078277,0.35955487534825786,0.3555840779809595
14,31691,2025-05-25,2025,,いわきFC,仙台,A,D,0.3039033671151895,0.3700230853942914,0.3260735474905192
14,31692,2025-05-25,2025,,山形,甲府,A,D,0.3158635063352897,0.3513021669210049,0.3328343267437054
14,31693,2025-05-25,2025,,レノファ山口FC,藤枝MYFC,D,D,0.30451134473846536,0.3626946592082414,0.3327939960532933
14,31694,2025-05-25,2025,,徳島,磐田,D,H,0.2837796542442142,0.3520625780781977,0.36415776767758823
14,31695,2025-05-25,2025,,鳥栖,札幌,H,H,0.30748735415558887,0.28732639899574364,0.4051862468486676
14,31696,2025-05-25,2025,,V・ファーレン長崎,千葉,H,H,0.34554648186711096,0.2882397619508842,0.3662137561820048
14,31697,2025-05-25,2025,,熊本,秋田,A,H,0.28213331497750493,0.33716643311749733,0.3807002519049976
14,32323,2025-05-25,2025,,岡山,町田,D,H,0.295960315588701,0.28780730597448234,0.41623237843681665
14,32324,2025-05-25,2025,,横浜FM,鹿島,H,H,0.2748528879987618,0.3194523396797714,0.4056947723214668
14,32325,2025-05-25,2025,,横浜FC,柏,D,H,0.3054896290351314,0.3114075455209588,0.3831028254439099
14,32326,2025-05-25,2025,,新潟,湘南,H,H,0.3034760507006696,0.29855648439421456,0.3979674649051158
14,32327,2025-05-25,2025,,清水,神戸,H,H,0.3207324385092662,0.31057758859112466,0.3686899728996092
14,32328,2025-05-25,2025,,FC東京,広島,A,D,0.3342406108941014,0.33944840766605644,0.32631098143984216
14,32329,2025-05-25,2025,,東京V,京都,H,D,0.2860311884855391,0.3911272660890922,0.3228415454253686
14,32330,2025-05-25,2025,,川崎F,G大阪,D,H,0.29802690024377226,0.33597551120679775,0.36599758854943004
14,32361,2025-05-28,2025,,浦和,C大阪,D,H,0.3193056703582239,0.33664421344096906,0.34405011620080705
14,31701,2025-05-31,2025,,仙台,札幌,D,H,0.33694865048757333,0.3083040479222737,0.35474730159015283
14,31702,2025-05-31,2025,,秋田,富山,D,H,0.32859829460620343,0.29512999460561484,0.37627171078818167
14,31703,2025-05-31,2025,,水戸,V・ファーレン長崎,H,D,0.32920004165979166,0.3454019652787953,0.32539799306141315
14,31704,2025-05-31,2025,,大宮,磐田,D,H,0.3271771835886364,0.3298882220420647,0.3429345943692989
14,31705,2025-05-31,2025,,千葉,レノファ山口FC,D,A,0.3776471294433895,0.3202662398331738,0.30208663072343667
14,31706,2025-05-31,2025,,藤枝MYFC,山形,H,D,0.27928016785424586,0.37718488450362675,0.34353494764212744
14,31707,2025-05-31,2025,,鳥栖,愛媛FC,D,D,0.30952367429570493,0.353027219891421,0.33744910581287413
14,31708,2025-05-31,2025,,FC今治,徳島,A,A,0.37190001090193614,0.2738733165584352,0.3542266725396286
14,31709,2025-05-31,2025,,大分,甲府,H,H,0.28963583426471784,0.3162252037397529,0.3941389619955293
14,31971,2025-05-31,2025,,群馬,アスルクラロ沼津,D,H,0.33317847333118833,0.3282296512413397,0.338591875427472
14,31972,2025-05-31,2025,,AC長野パルセイロ,奈良クラブ,H,H,0.31464764235087717,0.3090294756596691,0.3763228819894538
14,31973,2025-05-31,2025,,FC大阪,鹿児島ユナイテッドFC,H,H,0.31740689636816954,0.3041633205673793,0.3784297830644513
14,31974,2025-05-31,2025,,ガイナーレ鳥取,栃木シティ,H,H,0.31515199254018783,0.3317269833839229,0.35312102407588913
14,31975,2025-05-31,2025,,ギラヴァンツ北九州,テゲバジャーロ宮崎,D,H,0.35442373100519475,0.26902028017403073,0.3765559888207745
14,31976,2025-05-31,2025,,栃木SC,カマタマーレ讃岐,H,A,0.3420255236293839,0.3405043233825956,0.31747015298802056
14,32331,2025-05-31,2025,,町田,横浜FM,A,A,0.3587541068308263,0.3025604235232461,0.3386854696459275
14,32332,2025-05-31,2025,,名古屋,新潟,H,D,0.32811668113417813,0.36470515451594465,0.30717816434987727
14,32333,2025-05-31,2025,,福岡,東京V,D,A,0.36660266743446973,0.29850734514460575,0.3348899874209246
14,32334,2025-05-31,2025,,柏,神戸,A,H,0.3178407759854626,0.3317165840416811,0.3504426399728563
14,32335,2025-05-31,2025,,広島,川崎F,A,A,0.3450530290472157,0.3355579992188679,0.31938897173391656
14,32336,2025-05-31,2025,,G大阪,鹿島,A,H,0.33210491200067166,0.31477695019882923,0.35311813780049905
14,32337,2025-05-31,2025,,京都,FC東京,H,H,0.2985954143351094,0.34240500265632134,0.35899958300856927
14,31710,2025-06-01,2025,,いわきFC,熊本,H,H,0.33871356563589866,0.310471025113314,0.3508154092507874
14,31977,2025-06-01,2025,,ヴァンラーレ八戸,松本山雅FC,H,H,0.3051749537074766,0.34290714202068373,0.3519179042718397
14,31978,2025-06-01,2025,,福島ユナイテッドFC,SC相模原,D,A,0.3433075956618019,0.33974396178927885,0.31694844254891913
14,31979,2025-06-01,2025,,ツエーゲン金沢,FC琉球,A,D,0.361098084377966,0.36884652062760714,0.27005539499442693
14,31980,2025-06-01,2025,,FC岐阜,高知ユナイテッドSC,D,D,0.2507077716737412,0.42239460668399875,0.3268976216422602
14,32338,2025-06-01,2025,,湘南,岡山,D,A,0.376945848282873,0.31685540093991765,0.30619875077720954
14,32339,2025-06-01,2025,,C大阪,清水,H,H,0.29981308939688184,0.31141159888578746,0.38877531171733076
14,32340,2025-06-01,2025,,浦和,横浜FC,H,H,0.3244716940911543,0.3212573329342865,0.3542709729745593
14,31698,2025-06-07,2025,,FC今治,大分,D,A,0.4865079397826683,0.251601220036519,0.26189084018081277
14,31981,2025-06-07,2025,,松本山雅FC,福島ユナイテッドFC,A,D,0.31636086443261935,0.36244590664603116,0.3211932289213495
14,31982,2025-06-07,2025,,カマタマーレ讃岐,FC大阪,A,D,0.31554442481012523,0.3678026814958161,0.3166528936940587
14,31983,2025-06-07,2025,,鹿児島ユナイテッドFC,FC岐阜,H,A,0.35192773090329155,0.34975242369842247,0.29831984539828604
14,31984,2025-06-07,2025,,栃木SC,群馬,A,A,0.3936740843598214,0.3346601905672596,0.271665725072919
14,31985,2025-06-07,2025,,テゲバジャーロ宮崎,SC相模原,H,D,0.3031548581638835,0.35416295354931066,0.3426821882868058
14,31699,2025-06-08,2025,,大宮,愛媛FC,D,A,0.3595217747323185,0.3030752008177217,0.3374030244499597
14,31700,2025-06-08,2025,,富山,水戸,A,A,0.4014084552705082,0.303611609423117,0.29497993530637484
14,31986,2025-06-08,2025,,ヴァンラーレ八戸,FC琉球,H,D,0.28395384313423105,0.37890982033380355,0.33713633653196534
14,31987,2025-06-08,2025,,栃木シティ,ギラヴァンツ北九州,H,D,0.29626530167945475,0.40397966279503217,0.2997550355255131
14,31988,2025-06-08,2025,,アスルクラロ沼津,ツエーゲン金沢,H,D,0.295850530661268,0.3784491434439734,0.3257003258947587
14,31989,2025-06-08,2025,,ガイナーレ鳥取,AC長野パルセイロ,H,D,0.29162680767617816,0.3736768909565278,0.3346963013672942
14,31990,2025-06-08,2025,,高知ユナイテッドSC,奈良クラブ,H,D,0.2685328737670552,0.3988228550832838,0.332644271149661
14,31711,2025-06-14,2025,,水戸,鳥栖,H,D,0.2974309196098964,0.3926350560310677,0.3099340243590359
14,31991,2025-06-14,2025,,ギラヴァンツ北九州,アスルクラロ沼津,H,A,0.5200785808826407,0.22183039609458982,0.25809102302276965
14,31992,2025-06-14,2025,,AC長野パルセイロ,FC岐阜,A,A,0.3731991950300447,0.2871153805332739,0.3396854244366815
14,31993,2025-06-14,2025,,奈良クラブ,ガイナーレ鳥取,H,A,0.35727925094221824,0.33235917208554766,0.3103615769722341
14,31994,2025-06-14,2025,,SC相模原,高知ユナイテッドSC,D,D,0.31705559289329016,0.3441950292602164,0.3387493778464934
14,31995,2025-06-14,2025,,ツエーゲン金沢,栃木シティ,A,A,0.42380299046259984,0.2762617244166497,0.2999352851207504
14,31996,2025-06-14,2025,,鹿児島ユナイテッドFC,ヴァンラーレ八戸,D,H,0.31730994946106944,0.3029301981503448,0.3797598523885858
14,31997,2025-06-14,2025,,FC琉球,松本山雅FC,A,H,0.2819032793414135,0.33788529331930395,0.38021142733928265
14,31998,2025-06-14,2025,,テゲバジャーロ宮崎,FC大阪,D,H,0.32181770676404586,0.33283229122592634,0.34535000201002786
14,32342,2025-06-14,2025,,湘南,町田,A,A,0.3786173412803164,0.26474388866947884,0.3566387700502048
14,32343,2025-06-14,2025,,鹿島,広島,D,A,0.34932441713166684,0.31950810356278053,0.33116747930555274
14,32344,2025-06-14,2025,,横浜FC,川崎F,A,H,0.3092272601010684,0.31966686893691504,0.37110587096201664
14,32345,2025-06-14,2025,,FC東京,C大阪,D,A,0.357956441201591,0.3304034850599247,0.31164007373848435
14,31712,2025-06-15,2025,,札幌,FC今治,D,H,0.3034080098863557,0.33935195671721774,0.35724003339642657
14,31713,2025-06-15,2025,,富山,藤枝MYFC,A,D,0.3099686941442192,0.3666863240576529,0.3233449817981279
14,31714,2025-06-15,2025,,レノファ山口FC,いわきFC,D,H,0.2998907783741115,0.3334226813129953,0.36668654031289327
14,31715,2025-06-15,2025,,山形,仙台,A,H,0.3508033421690913,0.28962493678682183,0.35957172104408675
14,31716,2025-06-15,2025,,磐田,愛媛FC,H,D,0.3063442355631755,0.37336955342226924,0.3202862110145553
14,31717,2025-06-15,2025,,V・ファーレン長崎,大宮,D,H,0.32175640331969635,0.27079365586212106,0.4074499408181826
14,31718,2025-06-15,2025,,大分,秋田,A,A,0.34498863064809787,0.3178264199102618,0.33718494944164024
14,31719,2025-06-15,2025,,甲府,熊本,D,A,0.36291076378839693,0.3022518037071452,0.33483743250445774
14,31720,2025-06-15,2025,,徳島,千葉,D,D,0.29222526586689906,0.3878827296339135,0.3198920044991875
14,31999,2025-06-15,2025,,群馬,カマタマーレ讃岐,D,H,0.31762217842067253,0.3394991575601819,0.34287866401914563
14,32000,2025-06-15,2025,,福島ユナイテッドFC,栃木SC,D,D,0.28052164240023925,0.4114062515637422,0.3080721060360186
14,32346,2025-06-15,2025,,新潟,横浜FM,H,A,0.35674006073944453,0.3435771072500491,0.29968283201050633
14,32347,2025-06-15,2025,,東京V,柏,A,H,0.3583341106159123,0.2551258726220145,0.38654001676207306
14,32348,2025-06-15,2025,,神戸,名古屋,H,H,0.28060988910168116,0.35705849993766225,0.3623316109606566
14,32349,2025-06-15,2025,,岡山,福岡,A,D,0.29677744812858736,0.36051032098878527,0.3427122308826274
14,32350,2025-06-15,2025,,清水,G大阪,D,A,0.36228634832465795,0.32033611420235936,0.3173775374729826
15,31721,2025-06-21,2025,,いわきFC,富山,H,H,0.2803695018080557,0.352321957104441,0.36730854108750327
15,31722,2025-06-21,2025,,愛媛FC,レノファ山口FC,H,H,0.293204526758425,0.3496569392677044,0.3571385339738706
15,31723,2025-06-21,2025,,FC今治,水戸,A,A,0.3999483005425406,0.3165856785536991,0.2834660209037602
15,31724,2025-06-21,2025,,大宮,鳥栖,D,H,0.29252681416220466,0.31416998863912615,0.39330319719866913
15,31725,2025-06-21,2025,,千葉,磐田,A,D,0.30947156520275176,0.35199042645655726,0.33853800834069103
15,31726,2025-06-21,2025,,藤枝MYFC,札幌,A,H,0.29525053406506113,0.34473662909139713,0.3600128368435416
15,31727,2025-06-21,2025,,徳島,大分,H,H,0.2607831664088665,0.3560022487576098,0.3832145848335237
15,32001,2025-06-21,2025,,カマタマーレ讃岐,AC長野パルセイロ,A,A,0.37717635742937183,0.29268109838662365,0.33014254418400446
15,32002,2025-06-21,2025,,高知ユナイテッドSC,ギラヴァンツ北九州,H,H,0.3105615059505347,0.3266073550826233,0.36283113896684205
15,32003,2025-06-21,2025,,松本山雅FC,鹿児島ユナイテッドFC,D,A,0.45737220876972334,0.2567278338144912,0.2858999574157855
15,32004,2025-06-21,2025,,ツエーゲン金沢,SC相模原,D,A,0.4280038807777345,0.2789567905831855,0.29303932863908
15,32005,2025-06-21,2025,,アスルクラロ沼津,FC琉球,A,A,0.3542981421631628,0.330366326717416,0.3153355311194213
15,32006,2025-06-21,2025,,奈良クラブ,栃木シティ,H,A,0.4798612070961679,0.24475666056443893,0.2753821323393932
15,32007,2025-06-21,2025,,FC岐阜,テゲバジャーロ宮崎,A,H,0.3295379457025837,0.2791881352939666,0.3912739190034497
15,32008,2025-06-21,2025,,ガイナーレ鳥取,栃木SC,H,H,0.28527174724966375,0.3432361948553882,0.37149205789494805
15,32351,2025-06-21,2025,,町田,鹿島,H,A,0.37350116672041533,0.29517433056707765,0.331324502712507
15,32352,2025-06-21,2025,,福岡,新潟,H,H,0.35154370890179926,0.27533209799142705,0.3731241931067737
15,32353,2025-06-21,2025,,C大阪,東京V,H,H,0.26947452271254674,0.33463795538706653,0.39588752190038673
15,32354,2025-06-21,2025,,柏,京都,D,D,0.2629244015743444,0.3706952315919225,0.36638036683373315
15,32355,2025-06-21,2025,,川崎F,神戸,A,H,0.33131547571692344,0.3260264851070607,0.3426580391760158
15,32356,2025-06-21,2025,,横浜FM,岡山,A,D,0.2669725112876849,0.38787914233869886,0.34514834637361624
15,32357,2025-06-21,2025,,名古屋,清水,D,D,0.32929003147938546,0.3475997687690287,0.3231101997515859
15,31728,2025-06-22,2025,,熊本,V・ファーレン長崎,A,D,0.28525327670299855,0.40505255390027073,0.3096941693967307
15,31729,2025-06-22,2025,,秋田,山形,A,H,0.31260242620039924,0.3370046642478681,0.35039290955173275
15,31730,2025-06-22,2025,,仙台,甲府,D,D,0.3359009083131689,0.3490998278296631,0.31499926385716787
15,32009,2025-06-22,2025,,ヴァンラーレ八戸,群馬,H,H,0.33764765040518024,0.30219074138975655,0.3601616082050634
15,32010,2025-06-22,2025,,FC大阪,福島ユナイテッドFC,H,D,0.2644715605736854,0.4164621618689416,0.319066277557373
15,32358,2025-06-22,2025,,横浜FC,広島,A,H,0.33679579651510533,0.3067526173155867,0.35645158616930794
15,32359,2025-06-22,2025,,G大阪,FC東京,H,H,0.31486379990279273,0.32716898919669585,0.3579672109005115
15,32298,2025-06-25,2025,,川崎F,新潟,H,H,0.27580278442220185,0.32776739904439856,0.3964298165333997
15,32300,2025-06-25,2025,,横浜FM,FC東京,A,A,0.4392318065212782,0.23930928562455514,0.32145890785416664
15,32011,2025-06-27,2025,,福島ユナイテッドFC,ヴァンラーレ八戸,A,D,0.31245326048864536,0.3500428522893835,0.3375038872219711
15,31731,2025-06-28,2025,,札幌,熊本,H,D,0.2951175036195866,0.35541253791567384,0.34946995846473944
15,31732,2025-06-28,2025,,水戸,徳島,D,D,0.3149350694806819,0.35230969168209747,0.3327552388372207
15,31733,2025-06-28,2025,,富山,千葉,H,A,0.34339425774170235,0.33713352266315916,0.3194722195951385
15,31734,2025-06-28,2025,,甲府,愛媛FC,D,D,0.3220108082045347,0.345212963632326,0.3327762281631393
15,31735,2025-06-28,2025,,山形,V・ファーレン長崎,A,A,0.4062243156586368,0.2548988123766834,0.3388768719646798
15,31736,2025-06-28,2025,,藤枝MYFC,FC今治,D,A,0.34950047800395295,0.3136581348478579,0.336841387148189
15,31737,2025-06-28,2025,,レノファ山口FC,秋田,D,A,0.40091818760337783,0.25585430589278507,0.34322750650383715
15,31738,2025-06-28,2025,,鳥栖,いわきFC,H,H,0.27940361454090734,0.32754992908948566,0.393046456369607
15,31739,2025-06-28,2025,,大分,大宮,D,D,0.2765119783527492,0.402861980428088,0.3206260412191628
15,31740,2025-06-28,2025,,磐田,仙台,A,A,0.35107486373920094,0.3095246024912026,0.3394005337695964
15,32012,2025-06-28,2025,,栃木シティ,鹿児島ユナイテッドFC,H,H,0.3302230716568422,0.32888004591037123,0.34089688243278654
15,32013,2025-06-28,2025,,SC相模原,アスルクラロ沼津,H,D,0.3155937159545394,0.365327521823539,0.3190787622219216
15,32014,2025-06-28,2025,,ギラヴァンツ北九州,ガイナーレ鳥取,A,H,0.3317924969940189,0.3189912013686574,0.34921630163732353
15,32015,2025-06-28,2025,,FC琉球,FC岐阜,H,A,0.35922258650590205,0.2826652902611645,0.35811212323293357
15,32016,2025-06-28,2025,,栃木SC,松本山雅FC,H,D,0.33259759117550275,0.3440063204682746,0.3233960883562225
15,32017,2025-06-28,2025,,群馬,ツエーゲン金沢,A,A,0.45874980713311597,0.2815638225771381,0.259686370289746
15,32018,2025-06-28,2025,,テゲバジャーロ宮崎,カマタマーレ讃岐,H,A,0.3974372996030616,0.25561298335451776,0.34694971704242056
15,32362,2025-06-28,2025,,鹿島,岡山,A,D,0.2946747396074325,0.38063714981467006,0.3246881105778975
15,32363,2025-06-28,2025,,清水,柏,A,A,0.45229419189413617,0.2711141049039753,0.27659170320188864
15,32364,2025-06-28,2025,,FC東京,横浜FC,H,H,0.34063924766390097,0.30161370873553806,0.3577470436005609
15,32365,2025-06-28,2025,,湘南,横浜FM,D,D,0.3468743810087468,0.3646056714367547,0.28851994755449856
15,32366,2025-06-28,2025,,京都,G大阪,H,A,0.3492167416955638,0.3347156106610959,0.3160676476433402
15,32367,2025-06-28,2025,,広島,名古屋,A,A,0.35191754960038213,0.3091694935242856,0.3389129568753323
15,32368,2025-06-28,2025,,福岡,神戸,D,A,0.361154982973648,0.31999745536827034,0.3188475616580816
15,32019,2025-06-29,2025,,高知ユナイテッドSC,AC長野パルセイロ,H,H,0.3141754424799191,0.30566580391474474,0.3801587536053362
15,32369,2025-06-29,2025,,東京V,川崎F,H,D,0.33491665485674216,0.35108402232218433,0.3139993228210735
15,32370,2025-06-29,2025,,新潟,町田,A,A,0.5230844088608015,0.2182057772603452,0.2587098138788532
15,32020,2025-06-30,2025,,FC大阪,奈良クラブ,D,H,0.27738817884391886,0.32609468785094026,0.39651713330514093
15,31410,2025-07-02,2025,,神戸,広島,H,A,0.3588518167245343,0.315385392033541,0.32576279124192475
15,31741,2025-07-05,2025,,札幌,レノファ山口FC,H,A,0.38476798831633885,0.29959948346679977,0.31563252821686133
15,31742,2025-07-05,2025,,秋田,水戸,A,D,0.2871429541116042,0.3728371364679143,0.3400199094204814
15,31743,2025-07-05,2025,,V・ファーレン長崎,大分,H,H,0.3396295057000038,0.29653597036137436,0.3638345239386219
15,31744,2025-07-05,2025,,仙台,富山,A,D,0.27172168421050935,0.39207009284486827,0.3362082229446224
15,31745,2025-07-05,2025,,大宮,いわきFC,A,A,0.3426238321541518,0.3376588161130494,0.31971735173279886
15,31746,2025-07-05,2025,,千葉,鳥栖,A,A,0.4028363208139167,0.2818313856605367,0.3153322935255466
15,31747,2025-07-05,2025,,徳島,藤枝MYFC,A,D,0.27615525985819617,0.4117374465065842,0.31210729363521966
15,31748,2025-07-05,2025,,FC今治,甲府,A,H,0.30724835164167286,0.32100615768557966,0.37174549067274754
15,32021,2025-07-05,2025,,栃木シティ,FC琉球,H,D,0.3271777724529432,0.3414107472592984,0.33141148028775846
15,32022,2025-07-05,2025,,松本山雅FC,群馬,A,H,0.27027834475260165,0.3299122390601594,0.3998094161872389
15,32023,2025-07-05,2025,,ツエーゲン金沢,福島ユナイテッドFC,H,H,0.32048715734378996,0.33847987425719483,0.3410329683990153
15,32024,2025-07-05,2025,,アスルクラロ沼津,高知ユナイテッドSC,H,H,0.26764707262621956,0.32272422507486104,0.4096287022989194
15,32025,2025-07-05,2025,,奈良クラブ,ギラヴァンツ北九州,H,D,0.31979136166166305,0.3458583777051211,0.3343502606332159
15,32026,2025-07-05,2025,,ヴァンラーレ八戸,テゲバジャーロ宮崎,H,H,0.33395095025609167,0.3311437219723578,0.33490532777155047
15,32027,2025-07-05,2025,,ガイナーレ鳥取,カマタマーレ讃岐,H,D,0.251877289594207,0.4127683730520817,0.33535433735371134
15,32028,2025-07-05,2025,,鹿児島ユナイテッドFC,栃木SC,H,A,0.35255401427013167,0.3053874332850958,0.3420585524447725
15,32371,2025-07-05,2025,,町田,清水,H,H,0.28796574560154525,0.35239392952334186,0.35964032487511277
15,32372,2025-07-05,2025,,岡山,広島,A,H,0.2963375133209706,0.3237084385017268,0.37995404817730266
15,32373,2025-07-05,2025,,柏,FC東京,H,D,0.29520977645309954,0.41242737552932845,0.292362848017572
15,32374,2025-07-05,2025,,川崎F,鹿島,H,A,0.384575320823736,0.24602508682274146,0.3693995923535225
15,32375,2025-07-05,2025,,横浜FC,横浜FM,A,D,0.3061784252519778,0.4006892327419831,0.2931323420060391
15,32376,2025-07-05,2025,,名古屋,東京V,D,A,0.35303899845385395,0.30486385681280614,0.34209714473333996
15,32377,2025-07-05,2025,,京都,新潟,H,D,0.2779585857553018,0.38109164234898135,0.3409497718957169
15,32378,2025-07-05,2025,,C大阪,G大阪,A,D,0.3209864083638407,0.3505566753548894,0.32845691628126994
15,32379,2025-07-05,2025,,神戸,湘南,H,D,0.3099502500478023,0.37934499551194845,0.31070475444024925
15,31749,2025-07-06,2025,,熊本,磐田,H,D,0.32266484858830063,0.3607096820422535,0.3166254693694458
15,31750,2025-07-06,2025,,愛媛FC,山形,A,H,0.3219170829473111,0.33288759306188603,0.345195323990803
15,32029,2025-07-06,2025,,AC長野パルセイロ,FC大阪,D,A,0.34610105814423126,0.337989896778161,0.3159090450776078
15,32030,2025-07-06,2025,,FC岐阜,SC相模原,D,A,0.379337600460582,0.2974194218447307,0.3232429776946874
15,31751,2025-07-12,2025,,秋田,熊本,H,H,0.2797616808144896,0.3190676350966631,0.4011706840888474
15,31752,2025-07-12,2025,,いわきFC,V・ファーレン長崎,D,A,0.4814879219644237,0.2638441176671125,0.25466796036846384
15,31753,2025-07-12,2025,,水戸,富山,H,H,0.27057632368688256,0.35986644185062655,0.36955723446249084
15,31754,2025-07-12,2025,,FC今治,愛媛FC,H,H,0.31852192103058347,0.3348966902773427,0.34658138869207383
15,31755,2025-07-12,2025,,甲府,大宮,H,H,0.30338872124376587,0.318561700531748,0.37804957822448615
15,31756,2025-07-12,2025,,山形,千葉,A,D,0.2944836918938521,0.37239039505919974,0.3331259130469482
15,31757,2025-07-12,2025,,藤枝MYFC,仙台,D,D,0.2849795043350196,0.37330353380135384,0.34171696186362643
15,31758,2025-07-12,2025,,レノファ山口FC,徳島,D,D,0.29719279774826807,0.4119346908880841,0.2908725113636479
15,31759,2025-07-12,2025,,鳥栖,大分,H,H,0.36337042451880214,0.21931547358905548,0.4173141018921423
15,31760,2025-07-12,2025,,磐田,札幌,H,A,0.3518312087146065,0.31413602845976996,0.33403276282562355
15,32031,2025-07-12,2025,,SC相模原,福島ユナイテッドFC,A,H,0.3216392898574056,0.312133547565051,0.3662271625775434
15,32032,2025-07-12,2025,,松本山雅FC,奈良クラブ,H,D,0.3017821197369069,0.36190971341880956,0.33630816684428355
15,32033,2025-07-12,2025,,アスルクラロ沼津,鹿児島ユナイテッドFC,D,H,0.320838331532726,0.3020629262574533,0.3770987422098207
15,32034,2025-07-12,2025,,FC大阪,テゲバジャーロ宮崎,D,H,0.3188954971058285,0.3328870783658392,0.34821742452833226
15,32035,2025-07-12,2025,,カマタマーレ讃岐,栃木SC,H,H,0.2973350927624242,0.3353540193101795,0.36731088792739625
15,32036,2025-07-12,2025,,高知ユナイテッドSC,ツエーゲン金沢,D,A,0.3475526535443405,0.31765725407166134,0.33479009238399826
15,32037,2025-07-12,2025,,ギラヴァンツ北九州,栃木シティ,A,A,0.4226516851065072,0.26762226477679407,0.30972605011669874
15,32038,2025-07-12,2025,,ヴァンラーレ八戸,FC岐阜,H,D,0.3229922663372937,0.3648350508088383,0.31217268285386796
15,32039,2025-07-12,2025,,群馬,AC長野パルセイロ,D,D,0.32788998836564814,0.34143408569938216,0.3306759259349696
15,32040,2025-07-12,2025,,FC琉球,ガイナーレ鳥取,H,H,0.3126031228506722,0.338763298377543,0.34863357877178486
15,32041,2025-07-19,2025,,栃木シティ,群馬,D,H,0.3323762348090976,0.2960306456644643,0.37159311952643814
15,32042,2025-07-19,2025,,AC長野パルセイロ,松本山雅FC,H,A,0.36670783603125007,0.29452203311285896,0.338770130855891
15,32043,2025-07-19,2025,,カマタマーレ讃岐,高知ユナイテッドSC,A,H,0.32859850982230865,0.3065035662749056,0.36489792390278564
15,32044,2025-07-19,2025,,ツエーゲン金沢,ヴァンラーレ八戸,A,H,0.2712781598436857,0.32313423718543965,0.40558760297087465
15,32045,2025-07-19,2025,,ガイナーレ鳥取,アスルクラロ沼津,H,H,0.327614627868882,0.32962408063103554,0.3427612915000825
15,32381,2025-07-19,2025,,FC東京,浦和,H,D,0.34609006445927015,0.3721423984713606,0.2817675370693692
15,32382,2025-07-19,2025,,湘南,C大阪,D,A,0.36548123288684886,0.3257668349282178,0.3087519321849334
15,32046,2025-07-20,2025,,福島ユナイテッドFC,FC琉球,D,H,0.3356670024364118,0.31111692045517747,0.35321607710841074
15,32047,2025-07-20,2025,,栃木SC,SC相模原,A,H,0.3097467217899685,0.32267623214590035,0.3675770460641311
15,32383,2025-07-20,2025,,鹿島,柏,H,H,0.31421946094350395,0.32411505768883697,0.3616654813676592
15,32384,2025-07-20,2025,,東京V,町田,A,H,0.33691597842478,0.2927419115286759,0.370342110046544
15,32385,2025-07-20,2025,,清水,横浜FC,H,H,0.29136472966221716,0.3439880930069647,0.364647177330818
15,32386,2025-07-20,2025,,横浜FM,名古屋,H,D,0.32821322479236903,0.34259053333589573,0.3291962418717353
15,32387,2025-07-20,2025,,新潟,広島,A,D,0.2913832041207986,0.4254442035732177,0.2831725923059837
15,32388,2025-07-20,2025,,G大阪,川崎F,H,D,0.3295114953356522,0.3696920517361537,0.3007964529281942
15,32389,2025-07-20,2025,,岡山,神戸,A,H,0.33356848501898206,0.2747391493330794,0.3916923656479386
15,32048,2025-07-21,2025,,FC岐阜,奈良クラブ,D,D,0.29757970551832214,0.36012161363523154,0.34229868084644627
15,32049,2025-07-21,2025,,テゲバジャーロ宮崎,ギラヴァンツ北九州,A,D,0.2433974993590887,0.39865411001256895,0.3579483906283424
15,32050,2025-07-21,2025,,鹿児島ユナイテッドFC,FC大阪,H,H,0.29611824114583923,0.33803388124887196,0.3658478776052889
15,32390,2025-07-21,2025,,福岡,京都,D,D,0.331031252836853,0.33934787421972257,0.32962087294342435
15,32360,2025-07-23,2025,,浦和,湘南,H,A,0.3831798254215758,0.2957296490159474,0.3210905255624769
15,32051,2025-07-26,2025,,栃木シティ,栃木SC,A,A,0.3658912573222664,0.30032605586326444,0.33378268681446904
15,32052,2025-07-26,2025,,SC相模原,テゲバジャーロ宮崎,H,A,0.38043978095623593,0.31913494830654976,0.30042527073721426
15,32053,2025-07-26,2025,,松本山雅FC,FC岐阜,H,H,0.3268587036497542,0.30305027746800306,0.37009101888224266
15,32054,2025-07-26,2025,,アスルクラロ沼津,ギラヴァンツ北九州,A,D,0.3236421053076656,0.3476708373141026,0.3286870573782319
15,32055,2025-07-26,2025,,FC大阪,カマタマーレ讃岐,H,H,0.32881612324427606,0.29797372881576656,0.3732101479399574
15,32056,2025-07-26,2025,,奈良クラブ,ツエーゲン金沢,H,A,0.3388822101017008,0.3303800634238571,0.33073772647444216
15,32057,2025-07-26,2025,,高知ユナイテッドSC,福島ユナイテッドFC,H,D,0.2823272009333884,0.3653997639618499,0.35227303510476154
15,32058,2025-07-26,2025,,FC琉球,AC長野パルセイロ,H,H,0.2845082295287942,0.3500575247645996,0.36543424570660626
15,32059,2025-07-26,2025,,ヴァンラーレ八戸,ガイナーレ鳥取,H,H,0.29418582506307694,0.34202718050716824,0.3637869944297548
15,32060,2025-07-26,2025,,群馬,鹿児島ユナイテッドFC,A,A,0.3421999064502265,0.32408061534603894,0.3337194782037345
15,32380,2025-07-27,2025,,浦和,福岡,D,D,0.26412462722530666,0.43059981196582303,0.30527556080887025
15,31761,2025-08-02,2025,,札幌,鳥栖,H,A,0.3640494025239908,0.3154490916269265,0.3205015058490827
15,31762,2025-08-02,2025,,富山,大宮,A,D,0.28495825168696787,0.36083133213598517,0.35421041617704707
15,31763,2025-08-02,2025,,V・ファーレン長崎,仙台,D,D,0.30187974918721294,0.3671086994315311,0.3310115513812558
15,31764,2025-08-02,2025,,甲府,山形,A,A,0.4477713565864279,0.25253411705059897,0.2996945263629732
15,31765,2025-08-02,2025,,千葉,いわきFC,D,D,0.3034796350656894,0.37209572261614826,0.3244246423181623
15,31766,2025-08-02,2025,,藤枝MYFC,レノファ山口FC,D,D,0.27877518466400625,0.3675618466612292,0.3536629686747645
15,31767,2025-08-02,2025,,徳島,愛媛FC,H,D,0.2916407380081776,0.36933822639211866,0.3390210355997038
15,31768,2025-08-02,2025,,大分,FC今治,A,H,0.31516293021972197,0.33415411730889816,0.35068295247137987
15,31769,2025-08-02,2025,,磐田,秋田,A,H,0.3280072739985778,0.30374696851247107,0.3682457574889511
15,31770,2025-08-03,2025,,熊本,水戸,H,A,0.35576929807892677,0.32263703985663544,0.3215936620644378
15,31771,2025-08-09,2025,,秋田,藤枝MYFC,D,A,0.35628125638931396,0.3449630698918511,0.29875567371883494
15,31772,2025-08-09,2025,,大宮,千葉,A,H,0.3299330829182314,0.31295395454847463,0.357112962533294
15,31773,2025-08-09,2025,,FC今治,熊本,H,D,0.33274356292405943,0.3530084015721497,0.3142480355037908
15,31774,2025-08-09,2025,,V・ファーレン長崎,札幌,H,D,0.28740591207412036,0.35907838493814176,0.3535157029877378
15,31775,2025-08-09,2025,,大分,富山,D,H,0.27871371031184633,0.3255822408639085,0.39570404882424515
15,32391,2025-08-09,2025,,東京V,横浜FM,H,A,0.3823184253296076,0.323196306397273,0.2944852682731194
15,32392,2025-08-09,2025,,横浜FC,浦和,A,A,0.3481354481322685,0.34249308895781927,0.3093714629099123
15,32393,2025-08-09,2025,,川崎F,福岡,A,A,0.39882762747953343,0.32087539262374876,0.2802969798967179
15,31776,2025-08-10,2025,,仙台,徳島,A,A,0.3875487210505679,0.3094652415591987,0.30298603739023344
15,31777,2025-08-10,2025,,山形,水戸,A,H,0.30827528262167014,0.341995233177359,0.34972948420097083
15,31778,2025-08-10,2025,,いわきFC,磐田,H,H,0.2982507506548631,0.32349693275695895,0.378252316588178
15,31779,2025-08-10,2025,,愛媛FC,鳥栖,A,A,0.5201671629984446,0.2509063186048218,0.2289265183967336
15,32394,2025-08-10,2025,,広島,清水,D,H,0.3109763189816457,0.29456346591453264,0.3944602151038217
15,32395,2025-08-10,2025,,柏,湘南,H,A,0.3744596636276542,0.3390064887178731,0.28653384765447265
15,32396,2025-08-10,2025,,FC東京,鹿島,A,D,0.30365300487614294,0.3482201957181241,0.34812679940573293
15,32397,2025-08-10,2025,,町田,神戸,H,H,0.29903349124601597,0.2987365502033799,0.40222995855060406
15,32398,2025-08-10,2025,,名古屋,京都,A,H,0.3431130862554137,0.2840838211398923,0.37280309260469413
15,32399,2025-08-10,2025,,G大阪,岡山,A,H,0.2889547758330083,0.2821778229349517,0.42886740123204015
15,31780,2025-08-11,2025,,レノファ山口FC,甲府,A,H,0.331517373866769,0.32680148599655695,0.34168114013667417
15,32400,2025-08-11,2025,,C大阪,新潟,H,D,0.29146819744064945,0.3720524755085264,0.3364793270508243
15,31781,2025-08-16,2025,,札幌,秋田,A,D,0.30849879415035397,0.37750234746355454,0.31399885838609143
15,31782,2025-08-16,2025,,水戸,磐田,A,D,0.33941380523589265,0.3585080354181028,0.3020781593460046
15,31783,2025-08-16,2025,,富山,FC今治,A,H,0.31020590112897967,0.27636047433595623,0.413433624535064
15,31784,2025-08-16,2025,,山形,いわきFC,H,D,0.312176778646975,0.372254903975853,0.31556831737717217
15,31785,2025-08-16,2025,,千葉,徳島,H,D,0.28885296434645386,0.37127034136020615,0.33987669429334
15,31786,2025-08-16,2025,,レノファ山口FC,仙台,D,A,0.3587976766041723,0.2915928299891635,0.34960949340666425
15,31787,2025-08-16,2025,,熊本,藤枝MYFC,H,D,0.3010169603262006,0.3709408621943158,0.32804217747948344
15,32061,2025-08-16,2025,,福島ユナイテッドFC,栃木シティ,D,A,0.4238460314052932,0.25364151870239454,0.32251244989231215
15,32062,2025-08-16,2025,,AC長野パルセイロ,ヴァンラーレ八戸,A,H,0.2782296732011925,0.3168880148517488,0.4048823119470587
15,32063,2025-08-16,2025,,カマタマーレ讃岐,FC岐阜,D,H,0.3926852446735438,0.21260268227003787,0.3947120730564184
15,32064,2025-08-16,2025,,ギラヴァンツ北九州,奈良クラブ,A,D,0.3389538439181158,0.36092366211925775,0.3001224939626264
15,32065,2025-08-16,2025,,栃木SC,アスルクラロ沼津,H,H,0.2948229102511614,0.29742861737977866,0.40774847236906003
15,32066,2025-08-16,2025,,群馬,FC大阪,H,H,0.30856229208863367,0.3340922842905187,0.3573454236208477
15,32067,2025-08-16,2025,,松本山雅FC,FC琉球,D,A,0.35302770676778145,0.32507004681322244,0.32190224641899606
15,32068,2025-08-16,2025,,ツエーゲン金沢,テゲバジャーロ宮崎,A,A,0.36765877729065805,0.2652711153486472,0.36707010736069484
15,32069,2025-08-16,2025,,ガイナーレ鳥取,高知ユナイテッドSC,H,D,0.2780066639046849,0.40126791660098193,0.3207254194943331
15,32070,2025-08-16,2025,,鹿児島ユナイテッドFC,SC相模原,H,H,0.3168290358308264,0.33851821396583776,0.34465275020333574
15,32401,2025-08-16,2025,,鹿島,福岡,D,A,0.3407789479947612,0.33159307438598973,0.32762797761924906
15,32402,2025-08-16,2025,,清水,横浜FM,A,H,0.3168541204139605,0.3062785574113984,0.3768673221746412
15,32403,2025-08-16,2025,,浦和,名古屋,H,H,0.2710218535070813,0.36258720865362687,0.3663909378392918
15,32404,2025-08-16,2025,,町田,C大阪,H,H,0.30428080363798615,0.3210721119372992,0.3746470844247148
15,32405,2025-08-16,2025,,湘南,FC東京,D,D,0.3395330302949193,0.3626415868975984,0.29782538280748233
15,32406,2025-08-16,2025,,新潟,川崎F,D,D,0.3023672039358069,0.3703075885397462,0.3273252075244469
15,32407,2025-08-16,2025,,京都,東京V,H,A,0.35625879185574955,0.32485073054986835,0.31889047759438216
15,32408,2025-08-16,2025,,神戸,横浜FC,A,H,0.33730188472420763,0.1804999308767607,0.48219818439903156
15,32409,2025-08-16,2025,,広島,G大阪,H,D,0.34082051581380507,0.3672411411104315,0.29193834307576344
15,31788,2025-08-17,2025,,甲府,大分,H,D,0.3502526459169534,0.3726994905681485,0.2770478635148981
15,31789,2025-08-17,2025,,愛媛FC,大宮,A,A,0.37671884813945056,0.30428507824847983,0.31899607361206966
15,31790,2025-08-17,2025,,鳥栖,V・ファーレン長崎,A,D,0.28822234231480426,0.37964773643021243,0.3321299212549833
15,32410,2025-08-17,2025,,岡山,柏,H,H,0.3342579384506155,0.28887107091232095,0.37687099063706353
15,32449,2025-08-20,2025,,町田,G大阪,H,A,0.4746540976957045,0.21101404543334942,0.31433185687094606
15,32450,2025-08-20,2025,,広島,神戸,A,A,0.36856699999863135,0.3199296538898031,0.3115033461115655
15,32411,2025-08-22,2025,,柏,浦和,H,D,0.31636588704907487,0.37432437901975973,0.3093097339311655
15,31791,2025-08-23,2025,,秋田,FC今治,A,H,0.28702270153385345,0.3456136995852834,0.3673635988808633
15,31792,2025-08-23,2025,,いわきFC,大分,H,A,0.4176874829143605,0.3195422154631452,0.2627703016224943
15,31793,2025-08-23,2025,,甲府,札幌,A,D,0.2780349482991027,0.3633801189041154,0.35858493279678194
15,31794,2025-08-23,2025,,大宮,熊本,H,D,0.25067667714886827,0.38887775098955135,0.36044557186158044
15,31795,2025-08-23,2025,,藤枝MYFC,愛媛FC,H,H,0.28242585541906035,0.35629367087675556,0.36128047370418415
15,31796,2025-08-23,2025,,徳島,山形,H,A,0.4544553946134042,0.23157825770274212,0.3139663476838537
15,31797,2025-08-23,2025,,鳥栖,水戸,D,H,0.27507423654674446,0.3535631287314525,0.371362634721803
15,31798,2025-08-23,2025,,磐田,富山,H,H,0.269389043572454,0.35554622997471136,0.37506472645283456
15,32071,2025-08-23,2025,,栃木シティ,ツエーゲン金沢,A,A,0.36993191969186084,0.2985266551606911,0.3315414251474481
15,32072,2025-08-23,2025,,SC相模原,ギラヴァンツ北九州,H,A,0.4638898330409273,0.2807232299655338,0.2553869369935389
15,32073,2025-08-23,2025,,奈良クラブ,高知ユナイテッドSC,H,D,0.26057372565456993,0.38257548762689403,0.356850786718536
15,32074,2025-08-23,2025,,FC琉球,カマタマーレ讃岐,D,A,0.3567195584633344,0.28965793808252527,0.3536225034541404
15,32075,2025-08-23,2025,,ヴァンラーレ八戸,FC大阪,D,D,0.3311937388493479,0.3512150865436552,0.31759117460699693
15,32076,2025-08-23,2025,,群馬,栃木SC,A,A,0.3446305446332681,0.32766279634268825,0.32770665902404356
15,32077,2025-08-23,2025,,ガイナーレ鳥取,松本山雅FC,D,H,0.2611346137695375,0.3686687989946775,0.3701965872357849
15,32078,2025-08-23,2025,,テゲバジャーロ宮崎,アスルクラロ沼津,H,A,0.3906971987927113,0.2778463310748649,0.33145647013242385
15,32412,2025-08-23,2025,,福岡,清水,D,D,0.2953762415802371,0.37531647859240375,0.3293072798273591
15,32413,2025-08-23,2025,,東京V,広島,A,A,0.35654642215874605,0.33034576075456495,0.313107817086689
15,32414,2025-08-23,2025,,新潟,鹿島,A,H,0.30169030858650686,0.3000779334428248,0.3982317579706684
15,32415,2025-08-23,2025,,名古屋,川崎F,A,A,0.4114775390247562,0.21361718078591244,0.37490528018933145
15,32416,2025-08-23,2025,,G大阪,横浜FC,H,H,0.30596008941179187,0.3447105537607117,0.3493293568274964
15,32417,2025-08-23,2025,,C大阪,神戸,D,H,0.3303831842641057,0.3222395874330781,0.34737722830281614
15,32418,2025-08-23,2025,,岡山,湘南,H,D,0.289294863722142,0.38753514072996104,0.32316999554789694
15,32419,2025-08-23,2025,,横浜FM,町田,D,H,0.3079886737241775,0.2900905191145172,0.40192080716130535
15,31799,2025-08-24,2025,,V・ファーレン長崎,レノファ山口FC,H,H,0.2478276548920068,0.3507450100083503,0.40142733509964285
15,31800,2025-08-24,2025,,仙台,千葉,H,H,0.30831382382785133,0.33341841680175455,0.3582677593703941
15,32079,2025-08-24,2025,,FC岐阜,福島ユナイテッドFC,A,H,0.2968434154701682,0.33004538767814573,0.3731111968516861
15,32080,2025-08-24,2025,,鹿児島ユナイテッドFC,AC長野パルセイロ,H,H,0.2756809841278731,0.34445077127823903,0.37986824459388785
15,32420,2025-08-24,2025,,FC東京,京都,A,H,0.27637506010438034,0.3396303551098965,0.38399458478572307
15,31801,2025-08-30,2025,,札幌,大宮,H,H,0.3032833421342699,0.3040706983594917,0.3926459595062385
15,31802,2025-08-30,2025,,水戸,レノファ山口FC,D,D,0.34291692816411967,0.3683990537211082,0.28868401811477223
15,31803,2025-08-30,2025,,富山,熊本,A,H,0.3030526200124341,0.32840398438871976,0.36854339559884614
15,31804,2025-08-30,2025,,山形,鳥栖,H,D,0.3335573025829317,0.34195209698739615,0.32449060042967226
15,31805,2025-08-30,2025,,千葉,甲府,H,D,0.29709308607640766,0.3852929177777902,0.3176139961458022
15,31806,2025-08-30,2025,,徳島,秋田,D,H,0.29499382672031177,0.34517596666279066,0.3598302066168976
15,31807,2025-08-30,2025,,FC今治,いわきFC,A,A,0.3547431472698169,0.31376748746901045,0.3314893652611726
15,32081,2025-08-30,2025,,福島ユナイテッドFC,鹿児島ユナイテッドFC,D,H,0.3589202639679329,0.2628505583199853,0.37822917771208187
15,32082,2025-08-30,2025,,松本山雅FC,ヴァンラーレ八戸,D,H,0.26120577772294507,0.3562179559255834,0.38257626635147146
15,32083,2025-08-30,2025,,AC長野パルセイロ,ギラヴァンツ北九州,D,H,0.3354392867580579,0.3024249244216911,0.3621357888202511
15,32084,2025-08-30,2025,,アスルクラロ沼津,栃木シティ,A,D,0.2571445011947469,0.42665455591126134,0.3162009428939917
15,32085,2025-08-30,2025,,FC大阪,SC相模原,A,A,0.36168928829787655,0.35838432869802456,0.2799263830040989
15,32086,2025-08-30,2025,,高知ユナイテッドSC,テゲバジャーロ宮崎,A,A,0.34771738281600606,0.3267843266304412,0.3254982905535528
15,32087,2025-08-30,2025,,栃木SC,奈良クラブ,D,D,0.28524742237193107,0.3812891376432074,0.3334634399848616
15,32088,2025-08-30,2025,,ツエーゲン金沢,ガイナーレ鳥取,H,H,0.31536677909742905,0.3114197652434371,0.37321345565913383
15,32089,2025-08-30,2025,,FC岐阜,FC琉球,H,A,0.3393199987505613,0.3321636575327363,0.32851634371670246
15,32421,2025-08-30,2025,,横浜FC,東京V,D,D,0.3037659196899201,0.3795522123221271,0.3166818679879528
15,32422,2025-08-30,2025,,京都,岡山,H,D,0.31009913392267924,0.3734485865729564,0.31645227950436444
15,32423,2025-08-30,2025,,神戸,横浜FM,H,A,0.4245868164159752,0.2689576767891532,0.3064555067948715
15,31808,2025-08-31,2025,,V・ファーレン長崎,藤枝MYFC,H,D,0.25727731925866254,0.40959729898921676,0.33312538175212075
15,31809,2025-08-31,2025,,愛媛FC,仙台,D,D,0.32910379255756866,0.35178129945005077,0.3191149079923806
15,31810,2025-08-31,2025,,大分,磐田,D,A,0.3629010892883355,0.3171355635359561,0.3199633471757084
15,32090,2025-08-31,2025,,カマタマーレ讃岐,群馬,H,H,0.3359193064912503,0.323767194172109,0.3403134993366409
15,32424,2025-08-31,2025,,清水,鹿島,D,A,0.4001716186716149,0.2672675260562316,0.33256085527215345
15,32425,2025-08-31,2025,,浦和,新潟,H,H,0.2670842056013467,0.3616179334917148,0.37129786090693845
15,32426,2025-08-31,2025,,柏,福岡,H,D,0.33284785285271484,0.3391601307216692,0.32799201642561604
15,32427,2025-08-31,2025,,川崎F,町田,H,D,0.2814634026633689,0.37129447006913263,0.34724212726749853
15,32428,2025-08-31,2025,,湘南,G大阪,A,A,0.39423144122111525,0.3163807392685165,0.28938781951036824
15,32429,2025-08-31,2025,,名古屋,FC東京,D,A,0.3884920912517111,0.3037073661908046,0.30780054255748446
15,32430,2025-08-31,2025,,C大阪,広島,D,H,0.28018072603096067,0.3213208514973776,0.3984984224716618
15,32091,2025-09-06,2025,,ヴァンラーレ八戸,アスルクラロ沼津,H,H,0.2632286947532094,0.3446509310342392,0.3921203742125513
15,32092,2025-09-06,2025,,栃木シティ,松本山雅FC,H,H,0.3131648672432203,0.2700443877451312,0.41679074501164864
15,32093,2025-09-06,2025,,SC相模原,AC長野パルセイロ,H,A,0.35509452561438226,0.30405720840536765,0.3408482659802501
15,32094,2025-09-06,2025,,奈良クラブ,カマタマーレ讃岐,H,A,0.358766372735872,0.3279069675983724,0.31332665966575574
15,32095,2025-09-06,2025,,ガイナーレ鳥取,福島ユナイテッドFC,A,D,0.32054863385418203,0.34637525435475186,0.3330761117910661
15,32096,2025-09-06,2025,,ギラヴァンツ北九州,FC岐阜,A,H,0.27518458263104306,0.351973084748232,0.37284233262072497
15,32097,2025-09-06,2025,,テゲバジャーロ宮崎,栃木SC,A,H,0.3342487090725163,0.31174650189443,0.35400478903305355
15,32098,2025-09-06,2025,,鹿児島ユナイテッドFC,高知ユナイテッドSC,H,D,0.25923140053253513,0.38330207439710395,0.35746652507036086
15,32099,2025-09-06,2025,,FC琉球,群馬,H,A,0.37165652689971407,0.3040058167099917,0.32433765639029427
15,32100,2025-09-07,2025,,ツエーゲン金沢,FC大阪,H,H,0.31975033868944736,0.3317421013244842,0.34850755998606847
15,32433,2025-09-12,2025,,町田,横浜FC,D,A,0.3962754447309988,0.2829218643518549,0.32080269091714625
15,32437,2025-09-12,2025,,神戸,柏,D,A,0.49359522819112767,0.2457235591649186,0.2606812126439538
15,32439,2025-09-12,2025,,広島,京都,D,H,0.2751281729653451,0.34900626743067703,0.375865559603978
15,31811,2025-09-13,2025,,札幌,いわきFC,A,D,0.29612239578948973,0.3651487306543922,0.33872887355611814
15,31812,2025-09-13,2025,,大宮,V・ファーレン長崎,A,D,0.3426375088432034,0.34732940540378743,0.3100330857530092
15,31813,2025-09-13,2025,,甲府,鳥栖,A,A,0.3822482190504882,0.33130680516885247,0.2864449757806593
15,31814,2025-09-13,2025,,磐田,FC今治,H,H,0.36467314838467935,0.2685207101788464,0.36680614143647433
15,31815,2025-09-13,2025,,藤枝MYFC,大分,D,H,0.34915953666263394,0.28472181590446705,0.36611864743289907
15,31820,2025-09-13,2025,,仙台,水戸,D,H,0.2886355682967173,0.3374803081887898,0.3738841235144928
15,32101,2025-09-13,2025,,福島ユナイテッドFC,カマタマーレ讃岐,H,D,0.31918640213970084,0.35840791800567245,0.3224056798546266
15,32102,2025-09-13,2025,,SC相模原,FC岐阜,A,H,0.30418942702481466,0.3247982342801867,0.3710123386949985
15,32103,2025-09-13,2025,,松本山雅FC,アスルクラロ沼津,H,D,0.3217683984325485,0.3416335626312958,0.3365980389361557
15,32104,2025-09-13,2025,,AC長野パルセイロ,ガイナーレ鳥取,D,A,0.3640614505473028,0.3147336151151887,0.3212049343375085
15,32105,2025-09-13,2025,,奈良クラブ,鹿児島ユナイテッドFC,A,D,0.2586294171222649,0.3768341404048857,0.3645364424728495
15,32106,2025-09-13,2025,,ギラヴァンツ北九州,群馬,H,D,0.31579243012780894,0.3545214630202569,0.32968610685193417
15,32431,2025-09-13,2025,,鹿島,湘南,H,H,0.3309016915117981,0.3165189846746455,0.3525793238135565
15,32434,2025-09-13,2025,,横浜FM,川崎F,A,H,0.3186272819616784,0.33878153977640213,0.3425911782619194
15,32435,2025-09-13,2025,,新潟,清水,A,H,0.2863802605255262,0.3355065135696573,0.37811322590481655
15,32436,2025-09-13,2025,,G大阪,浦和,H,H,0.30805353234994065,0.33888989818166165,0.3530565694683976
15,32438,2025-09-13,2025,,岡山,名古屋,A,A,0.3748398814741762,0.3406661129282703,0.2844940055975534
15,32440,2025-09-13,2025,,福岡,C大阪,A,A,0.39350325024557503,0.30666108630104244,0.29983566345338264
15,31816,2025-09-14,2025,,秋田,愛媛FC,H,H,0.30601646906347024,0.31881395109829724,0.37516957983823246
15,31817,2025-09-14,2025,,山形,富山,H,D,0.26800630039883494,0.3905935319888288,0.3414001676123364
15,31818,2025-09-14,2025,,レノファ山口FC,千葉,H,H,0.27964365129911,0.348629186841254,0.37172716185963595
15,32107,2025-09-14,2025,,高知ユナイテッドSC,栃木SC,A,D,0.28976573445890763,0.3911789488808464,0.319055316660246
15,32108,2025-09-14,2025,,テゲバジャーロ宮崎,ヴァンラーレ八戸,H,H,0.27494258651488335,0.3615461714319889,0.36351124205312774
16,31819,2025-09-15,2025,,熊本,徳島,H,A,0.3514981757055098,0.30516162387719886,0.3433402004172913
16,32109,2025-09-15,2025,,FC大阪,栃木シティ,H,A,0.3613026106470595,0.28613210254967625,0.3525652868032642
16,32110,2025-09-15,2025,,FC琉球,ツエーゲン金沢,H,D,0.3492002972344188,0.35913227444978835,0.2916674283157929
16,32432,2025-09-15,2025,,FC東京,東京V,H,D,0.29796809645514183,0.3718035923003023,0.3302283112445559
16,32111,2025-09-19,2025,,FC大阪,ギラヴァンツ北九州,A,A,0.384740393704773,0.2637851751872173,0.3514744311080097
16,31821,2025-09-20,2025,,仙台,山形,H,H,0.3340476082379422,0.3265558484410061,0.33939654332105146
16,31822,2025-09-20,2025,,いわきFC,水戸,D,A,0.35642049137049925,0.3094957249384095,0.33408378369109115
16,31823,2025-09-20,2025,,大宮,FC今治,A,A,0.4645464511641469,0.2585865135068585,0.27686703532899454
16,31824,2025-09-20,2025,,甲府,秋田,D,D,0.3327190928505258,0.3672576018469994,0.3000233053024748
16,31825,2025-09-20,2025,,藤枝MYFC,磐田,H,H,0.311788820885429,0.3251531272439067,0.36305805187066426
16,31826,2025-09-20,2025,,徳島,札幌,A,A,0.39326827165876493,0.3083280891012901,0.29840363923994495
16,31827,2025-09-20,2025,,愛媛FC,千葉,A,H,0.2691231617955463,0.34159897877655765,0.38927785942789606
16,31828,2025-09-20,2025,,鳥栖,熊本,H,H,0.2965076835438766,0.33800855333098384,0.36548376312513964
16,31829,2025-09-20,2025,,V・ファーレン長崎,富山,D,D,0.3130666461437885,0.3675533327468863,0.31938002110932534
16,31830,2025-09-20,2025,,大分,レノファ山口FC,H,A,0.3451800424747791,0.3108531082548285,0.34396684927039234
16,32112,2025-09-20,2025,,ヴァンラーレ八戸,福島ユナイテッドFC,H,H,0.3081533156732335,0.3084902614615563,0.38335642286521027
16,32113,2025-09-20,2025,,栃木SC,FC琉球,H,H,0.33884093186572034,0.2847849573593343,0.37637411077494554
16,32114,2025-09-20,2025,,栃木シティ,高知ユナイテッドSC,H,H,0.3008609522145966,0.34683954463306826,0.35229950315233516
16,32116,2025-09-20,2025,,アスルクラロ沼津,奈良クラブ,H,H,0.3128784891266944,0.3433326557807166,0.34378885509258905
16,32117,2025-09-20,2025,,FC岐阜,AC長野パルセイロ,H,H,0.3309532925655995,0.3160415283312673,0.3530051791031331
16,32118,2025-09-20,2025,,ガイナーレ鳥取,群馬,H,A,0.3959929997057594,0.3161437182453841,0.28786328204885636
16,32119,2025-09-20,2025,,鹿児島ユナイテッドFC,テゲバジャーロ宮崎,H,A,0.4795441539365352,0.2548123842867852,0.2656434617766796
16,32441,2025-09-20,2025,,浦和,鹿島,A,A,0.35605811988304875,0.3225452501409922,0.32139662997595897
16,32442,2025-09-20,2025,,東京V,岡山,H,A,0.4290694004144886,0.32093635738197984,0.24999424220353164
16,32443,2025-09-20,2025,,川崎F,FC東京,A,H,0.3113380715618523,0.32793931341730986,0.3607226150208379
16,32444,2025-09-20,2025,,横浜FM,福岡,H,D,0.31582776882465,0.37617435578036273,0.30799787539498724
16,32445,2025-09-20,2025,,横浜FC,新潟,H,H,0.312126000002328,0.30040027027509725,0.3874737297225749
16,32446,2025-09-20,2025,,名古屋,湘南,H,H,0.2837024660597687,0.3503644454153297,0.36593308852490164
16,32447,2025-09-20,2025,,京都,清水,A,A,0.36692226944721196,0.3195422789918568,0.3135354515609314
16,32448,2025-09-20,2025,,C大阪,柏,D,H,0.32014773090738535,0.33537142331908126,0.3444808457735334
16,32120,2025-09-21,2025,,カマタマーレ讃岐,SC相模原,H,D,0.32802208528567645,0.3492886358729379,0.3226892788413857
16,32451,2025-09-23,2025,,鹿島,C大阪,H,D,0.3386637372631426,0.3585271072037401,0.30280915553311727
16,32452,2025-09-23,2025,,柏,広島,D,A,0.37344006471082064,0.2820307959999226,0.3445291392892567
16,32453,2025-09-23,2025,,FC東京,福岡,H,H,0.32084972069110584,0.32175856917788076,0.35739171013101334
16,32454,2025-09-23,2025,,湘南,川崎F,A,H,0.3238325111971348,0.31994753410902343,0.35621995469384166
16,32455,2025-09-23,2025,,新潟,名古屋,D,H,0.3018785986894724,0.3470608198675411,0.35106058144298646
16,32456,2025-09-23,2025,,清水,浦和,D,D,0.32932257720051206,0.3394310029844287,0.33124641981505926
16,32457,2025-09-23,2025,,京都,町田,D,H,0.34462522692032027,0.2916828474293038,0.36369192565037606
16,32458,2025-09-23,2025,,G大阪,横浜FM,H,D,0.28335461036971915,0.38789120088149004,0.3287541887487908
16,32459,2025-09-23,2025,,神戸,東京V,H,A,0.34708454178160725,0.3287194542070103,0.3241960040113824
16,32460,2025-09-23,2025,,岡山,横浜FC,D,D,0.3319725745406073,0.3346360744481382,0.33339135101125456
16,32121,2025-09-26,2025,,ヴァンラーレ八戸,鹿児島ユナイテッドFC,H,H,0.3348068267829628,0.32242528010240473,0.3427678931146325
16,31831,2025-09-27,2025,,札幌,仙台,A,H,0.34104240456497403,0.2836031615692479,0.37535443386577805
16,31832,2025-09-27,2025,,山形,レノファ山口FC,H,D,0.2900029705338411,0.3603716409836962,0.3496253884824627
16,31833,2025-09-27,2025,,いわきFC,甲府,A,H,0.2926557573405103,0.34144541407119766,0.3658988285882921
16,31834,2025-09-27,2025,,千葉,熊本,D,D,0.26078223331849393,0.407261998089824,0.33195576859168213
16,31835,2025-09-27,2025,,磐田,大宮,A,D,0.3105119224387741,0.3557916988539223,0.3336963787073037
16,31836,2025-09-27,2025,,FC今治,鳥栖,D,A,0.3758907701953498,0.2946253505304586,0.32948387927419176
16,31837,2025-09-27,2025,,大分,愛媛FC,A,H,0.288383955331948,0.26442949975226093,0.44718654491579113
16,32122,2025-09-27,2025,,栃木シティ,ガイナーレ鳥取,H,H,0.29219409462015994,0.332398676682891,0.375407228696949
16,32123,2025-09-27,2025,,群馬,SC相模原,D,A,0.34692907502284304,0.34489427703994824,0.3081766479372087
16,32124,2025-09-27,2025,,ツエーゲン金沢,カマタマーレ讃岐,H,A,0.36539180918724395,0.27816066413411694,0.3564475266786391
16,32125,2025-09-27,2025,,アスルクラロ沼津,FC岐阜,A,H,0.29924813946268863,0.3468317576520704,0.353920102885241
16,32126,2025-09-27,2025,,奈良クラブ,FC大阪,D,H,0.31973115616506925,0.32783268101232316,0.3524361628226076
16,32127,2025-09-27,2025,,ギラヴァンツ北九州,高知ユナイテッドSC,A,D,0.2868889235926864,0.3797194109209504,0.3333916654863632
16,32128,2025-09-27,2025,,テゲバジャーロ宮崎,FC琉球,H,D,0.2769400505375461,0.36196700266969006,0.3610929467927638
16,32462,2025-09-27,2025,,東京V,浦和,D,A,0.34345797780024573,0.31849022353973394,0.3380517986600204
16,32463,2025-09-27,2025,,町田,岡山,H,A,0.33642624157931905,0.33025000292058315,0.33332375550009796
16,32466,2025-09-27,2025,,名古屋,鹿島,A,H,0.3085435965169512,0.32181753838311516,0.3696388650999336
16,32467,2025-09-27,2025,,G大阪,新潟,H,H,0.2966152516909824,0.30663152078949113,0.39675322751952646
16,32469,2025-09-27,2025,,神戸,清水,H,D,0.29326518195442114,0.3667089354398655,0.34002588260571354
16,32470,2025-09-27,2025,,福岡,広島,A,A,0.4128363860117955,0.3397872192576981,0.2473763947305065
16,31838,2025-09-28,2025,,秋田,V・ファーレン長崎,D,A,0.4755905389097927,0.28450749611326004,0.23990196497694732
16,31839,2025-09-28,2025,,水戸,藤枝MYFC,H,D,0.3174139801843242,0.34252410932645666,0.340061910489219
16,31840,2025-09-28,2025,,富山,徳島,A,A,0.37125166842174007,0.29661685703797114,0.3321314745402888
16,32129,2025-09-28,2025,,福島ユナイテッドFC,AC長野パルセイロ,A,A,0.38734564765653895,0.3097081650376262,0.3029461873058348
16,32130,2025-09-28,2025,,松本山雅FC,栃木SC,D,H,0.3112792852753303,0.2878708135216571,0.4008499012030126
16,32461,2025-09-28,2025,,FC東京,横浜FM,A,A,0.3816879819467769,0.27956370467723113,0.33874831337599187
16,32464,2025-09-28,2025,,川崎F,柏,D,D,0.2781576264841719,0.39058185993597333,0.33126051357985475
16,32465,2025-09-28,2025,,横浜FC,湘南,H,A,0.37284399249604155,0.32398528039400387,0.30317072710995463
16,32468,2025-09-28,2025,,C大阪,京都,A,A,0.4091483652964304,0.28466213399867246,0.30618950070489703
16,32471,2025-10-03,2025,,湘南,東京V,A,A,0.33506879671412554,0.3333435001035733,0.33158770318230124
16,31841,2025-10-04,2025,,札幌,山形,A,H,0.28197288335698056,0.3023209859277008,0.4157061307153186
16,31842,2025-10-04,2025,,千葉,V・ファーレン長崎,A,A,0.42906333342510944,0.31842307206852427,0.25251359450636623
16,31843,2025-10-04,2025,,甲府,磐田,A,D,0.29735983657208764,0.35562839040681665,0.3470117730210958
16,31844,2025-10-04,2025,,藤枝MYFC,富山,A,H,0.3115482839785661,0.2914506089679589,0.3970011070534751
16,31850,2025-10-04,2025,,仙台,大宮,A,H,0.2649374594056372,0.349164191767527,0.3858983488268358
16,32131,2025-10-04,2025,,SC相模原,ヴァンラーレ八戸,A,H,0.30004683354564116,0.34981824850755266,0.3501349179468061
16,32132,2025-10-04,2025,,AC長野パルセイロ,ツエーゲン金沢,A,H,0.3406718779036427,0.3180954185598448,0.34123270353651264
16,32133,2025-10-04,2025,,FC岐阜,群馬,H,D,0.3413582382728996,0.34756930708327693,0.3110724546438235
16,32134,2025-10-04,2025,,鹿児島ユナイテッドFC,栃木シティ,A,A,0.42393616754051405,0.2396624619622432,0.33640137049724284
16,32135,2025-10-04,2025,,FC琉球,奈良クラブ,A,A,0.3762373301888627,0.26265138054905995,0.36111128926207725
16,32473,2025-10-04,2025,,浦和,神戸,H,A,0.3547543867058346,0.3012472617427992,0.34399835155136615
16,32474,2025-10-04,2025,,柏,横浜FM,H,A,0.37815357615256434,0.2834035840083704,0.33844283983906526
16,32475,2025-10-04,2025,,新潟,岡山,D,H,0.2887807436340275,0.33350157025211963,0.37771768611385276
16,32476,2025-10-04,2025,,清水,FC東京,D,H,0.32752846122905677,0.3280553153723455,0.34441622339859773
16,32477,2025-10-04,2025,,名古屋,C大阪,H,D,0.3298203998205648,0.3442204955708865,0.32595910460854854
16,32478,2025-10-04,2025,,京都,川崎F,D,H,0.28523637842432414,0.3284222859712868,0.38634133560438905
16,32479,2025-10-04,2025,,広島,町田,H,A,0.3620635327150265,0.3029132995627179,0.33502316772225554
16,32480,2025-10-04,2025,,福岡,横浜FC,H,H,0.2751578845071887,0.3124135775549907,0.4124285379378205
16,31845,2025-10-05,2025,,秋田,大分,D,H,0.3170968123762639,0.3234486054073222,0.35945458221641396
16,31846,2025-10-05,2025,,レノファ山口FC,鳥栖,A,A,0.348682108067927,0.31055624433759305,0.34076164759448
16,31847,2025-10-05,2025,,徳島,FC今治,H,H,0.2798503999533918,0.33962837950923624,0.380521220537372
16,31848,2025-10-05,2025,,愛媛FC,水戸,A,D,0.3342335482102639,0.345565533458747,0.3202009183309891
16,31849,2025-10-05,2025,,熊本,いわきFC,A,H,0.3263469378088055,0.32965096551233647,0.34400209667885795
16,32136,2025-10-05,2025,,福島ユナイテッドFC,松本山雅FC,H,H,0.31656413155209717,0.3049037722849483,0.3785320961629545
16,32137,2025-10-05,2025,,栃木SC,ギラヴァンツ北九州,A,H,0.3305237838074742,0.3125846892357616,0.35689152695676424
16,32138,2025-10-05,2025,,ガイナーレ鳥取,FC大阪,A,H,0.34006253143948484,0.31601793844701354,0.3439195301135017
16,32139,2025-10-05,2025,,カマタマーレ讃岐,テゲバジャーロ宮崎,A,A,0.3425955116136419,0.33326047198205244,0.3241440164043056
16,32140,2025-10-05,2025,,高知ユナイテッドSC,アスルクラロ沼津,A,D,0.28686786009138077,0.38742529461549896,0.3257068452931203
16,32472,2025-10-05,2025,,鹿島,G大阪,D,A,0.3744418332256305,0.25337460615275337,0.37218356062161617
16,32150,2025-10-10,2025,,FC大阪,FC琉球,H,D,0.323387410184652,0.3452534570100433,0.3313591328053047
16,32141,2025-10-11,2025,,栃木シティ,奈良クラブ,H,H,0.28784351929668733,0.32427149420190676,0.3878849865014058
16,32142,2025-10-11,2025,,ギラヴァンツ北九州,鹿児島ユナイテッドFC,D,H,0.28540278323167845,0.34712464460402276,0.3674725721642987
16,32143,2025-10-12,2025,,栃木SC,福島ユナイテッドFC,H,A,0.3595510525367366,0.3265495608166697,0.3138993866465939
16,32144,2025-10-12,2025,,群馬,ヴァンラーレ八戸,A,H,0.29749374222935676,0.28248615070227057,0.4200201070683727
16,32146,2025-10-12,2025,,ツエーゲン金沢,アスルクラロ沼津,H,H,0.32301269204181865,0.3268183890238512,0.3501689189343302
16,32147,2025-10-12,2025,,ガイナーレ鳥取,SC相模原,H,D,0.263524300474713,0.39738961519607524,0.33908608432921183
16,32148,2025-10-12,2025,,高知ユナイテッドSC,FC岐阜,A,A,0.35531120637757635,0.32818869192090777,0.3165001017015159
16,32149,2025-10-13,2025,,AC長野パルセイロ,カマタマーレ讃岐,H,H,0.33147147066186317,0.3039148824483449,0.36461364688979186
16,32115,2025-10-15,2025,,ツエーゲン金沢,松本山雅FC,H,A,0.4200404871748496,0.2910275187280903,0.2889319940970601
16,32488,2025-10-17,2025,,神戸,鹿島,D,H,0.31213314793169883,0.3413225956083343,0.346544256459967
16,32490,2025-10-17,2025,,広島,FC東京,D,H,0.33482025904527896,0.3283420956697962,0.33683764528492466
16,31851,2025-10-18,2025,,いわきFC,愛媛FC,H,H,0.28050441174749263,0.3048323082325097,0.4146632800199976
16,31852,2025-10-18,2025,,大宮,藤枝MYFC,H,D,0.29797571087748265,0.39167732950052936,0.3103469596219881
16,31853,2025-10-18,2025,,磐田,徳島,A,D,0.29839050222980457,0.3555460952511788,0.3460634025190166
16,31854,2025-10-18,2025,,鳥栖,秋田,H,H,0.31694773554986516,0.3198942358393911,0.36315802861074375
16,31855,2025-10-18,2025,,V・ファーレン長崎,甲府,H,D,0.3339729181933217,0.35622996301847293,0.30979711878820543
16,32151,2025-10-18,2025,,群馬,福島ユナイテッドFC,A,H,0.31956929793614475,0.31951305002067093,0.3609176520431843
16,32152,2025-10-18,2025,,奈良クラブ,AC長野パルセイロ,H,H,0.2815685220258477,0.3427202417291139,0.3757112362450383
16,32153,2025-10-18,2025,,鹿児島ユナイテッドFC,ガイナーレ鳥取,H,A,0.43305187829427055,0.30066662764660673,0.2662814940591228
16,32154,2025-10-18,2025,,FC琉球,高知ユナイテッドSC,H,H,0.33917942693130376,0.31488600257715216,0.3459345704915442
16,32481,2025-10-18,2025,,東京V,新潟,H,A,0.35856181697208317,0.2978357796610659,0.34360240336685083
16,32482,2025-10-18,2025,,町田,福岡,D,H,0.349647581257319,0.2775219268892431,0.372830491853438
16,32483,2025-10-18,2025,,川崎F,清水,H,A,0.3886441800959071,0.3518257865872388,0.2595300333168541
16,32484,2025-10-18,2025,,横浜FM,浦和,H,H,0.30314972599476964,0.3235030306465752,0.37334724335865505
16,32485,2025-10-18,2025,,横浜FC,名古屋,D,H,0.34039140564037623,0.3048575797294232,0.35475101463020076
16,32487,2025-10-18,2025,,G大阪,柏,A,D,0.2906272185529301,0.36111265817915517,0.3482601232679147
16,32489,2025-10-18,2025,,岡山,C大阪,A,H,0.3540114507159402,0.2844170551200407,0.3615714941640192
16,31856,2025-10-19,2025,,山形,熊本,D,A,0.3939762496912493,0.29779604555833106,0.30822770475041966
16,31857,2025-10-19,2025,,水戸,千葉,A,H,0.2794169441298312,0.32758026726268236,0.39300278860748633
16,31858,2025-10-19,2025,,富山,札幌,A,H,0.29524369362065395,0.33786507897586426,0.3668912274034817
16,31859,2025-10-19,2025,,FC今治,レノファ山口FC,D,D,0.28216450381737873,0.39570760214680806,0.32212789403581327
16,31860,2025-10-19,2025,,大分,仙台,D,H,0.26192633938002213,0.3625047224623586,0.3755689381576193
16,32155,2025-10-19,2025,,ヴァンラーレ八戸,栃木SC,H,H,0.2958034741659654,0.34536623413198464,0.35883029170205
16,32156,2025-10-19,2025,,SC相模原,松本山雅FC,H,D,0.31879979804418923,0.3552911820236634,0.3259090199321474
16,32157,2025-10-19,2025,,ツエーゲン金沢,FC岐阜,H,A,0.3787457531751359,0.3290582467438626,0.2921960000810015
16,32158,2025-10-19,2025,,アスルクラロ沼津,FC大阪,A,A,0.39760541920853093,0.2952522682929259,0.3071423124985431
16,32159,2025-10-19,2025,,カマタマーレ讃岐,ギラヴァンツ北九州,A,D,0.2960810682348309,0.3657413731581794,0.3381775586069898
16,32160,2025-10-19,2025,,テゲバジャーロ宮崎,栃木シティ,D,D,0.2733900374651679,0.36983741431723727,0.35677254821759485
16,32486,2025-10-19,2025,,湘南,京都,D,A,0.369484386654014,0.2964293587912246,0.33408625455476126
16,32161,2025-10-24,2025,,FC大阪,栃木SC,A,H,0.2843489446703954,0.31355983497782536,0.4020912203517792
16,31861,2025-10-25,2025,,藤枝MYFC,甲府,D,H,0.2726373746066402,0.3562141474127786,0.3711484779805811
16,31862,2025-10-25,2025,,V・ファーレン長崎,FC今治,D,H,0.2624231360509445,0.3654281121223621,0.37214875182669327
16,32162,2025-10-25,2025,,栃木シティ,ヴァンラーレ八戸,H,D,0.2897987897007451,0.3772516586000157,0.3329495516992392
16,32163,2025-10-25,2025,,群馬,奈良クラブ,H,A,0.37205457461055,0.2833396884795882,0.3446057369098616
16,32164,2025-10-25,2025,,AC長野パルセイロ,アスルクラロ沼津,H,A,0.3489044977240801,0.336433732197109,0.314661770078811
16,32165,2025-10-25,2025,,FC岐阜,鹿児島ユナイテッドFC,A,D,0.3148215708010931,0.35674194225935757,0.3284364869395493
16,32166,2025-10-25,2025,,ギラヴァンツ北九州,FC琉球,H,H,0.3117362608686622,0.3374728517244023,0.3507908874069356
16,32491,2025-10-25,2025,,浦和,町田,D,D,0.31021593588558605,0.3455136449767806,0.3442704191376333
16,32492,2025-10-25,2025,,柏,横浜FC,H,H,0.2797338640404604,0.2913104219865407,0.4289557139729988
16,32493,2025-10-25,2025,,FC東京,岡山,H,H,0.2789043077314794,0.27655119022284635,0.44454450204567414
16,32494,2025-10-25,2025,,横浜FM,広島,H,D,0.2942998248178911,0.35443299766591596,0.35126717751619296
16,32496,2025-10-25,2025,,清水,東京V,H,D,0.3275991599943877,0.3435197031218978,0.3288811368837145
16,32497,2025-10-25,2025,,名古屋,G大阪,A,H,0.2942995882197756,0.305747216366319,0.39995319541390545
16,32498,2025-10-25,2025,,京都,鹿島,D,A,0.36972072476287987,0.3496502174049072,0.28062905783221287
16,32499,2025-10-25,2025,,C大阪,川崎F,H,D,0.3266403307098487,0.34242706496739134,0.33093260432276
16,31863,2025-10-26,2025,,札幌,水戸,A,H,0.3118087397182933,0.3398499067340446,0.34834135354766205
16,31864,2025-10-26,2025,,秋田,千葉,D,H,0.2829195898988859,0.3455538696118534,0.3715265404892607
16,31865,2025-10-26,2025,,山形,大宮,D,H,0.29958182805473743,0.33654404622578316,0.36387412571947947
16,31866,2025-10-26,2025,,レノファ山口FC,富山,H,H,0.2976841793055269,0.3297909899541555,0.3725248307403177
16,31867,2025-10-26,2025,,徳島,いわきFC,A,A,0.42034642489448376,0.3254370819538954,0.25421649315162076
16,31868,2025-10-26,2025,,愛媛FC,磐田,A,H,0.34334695641797414,0.28110244222998537,0.37555060135204055
16,31869,2025-10-26,2025,,熊本,大分,A,H,0.2873816538522432,0.3312259000545827,0.38139244609317413
16,31870,2025-10-26,2025,,仙台,鳥栖,H,A,0.3613422440315355,0.2815013039011947,0.35715645206726976
16,32167,2025-10-26,2025,,福島ユナイテッドFC,ツエーゲン金沢,A,H,0.28636939635014513,0.33513524175023035,0.3784953618996246
16,32168,2025-10-26,2025,,松本山雅FC,カマタマーレ讃岐,A,H,0.2245114739322663,0.3511044377401335,0.4243840883276002
16,32169,2025-10-26,2025,,ガイナーレ鳥取,テゲバジャーロ宮崎,A,A,0.43923460800629355,0.3335289531405941,0.22723643885311218
16,32170,2025-10-26,2025,,高知ユナイテッドSC,SC相模原,A,A,0.4172908428963097,0.20290719019463138,0.37980196690905904
16,32495,2025-10-26,2025,,新潟,神戸,D,H,0.27141330617986215,0.34823296805843085,0.380353725761707
16,32500,2025-10-26,2025,,福岡,湘南,H,A,0.36070592700046145,0.3183649049789565,0.3209291680205819
16,31871,2025-11-02,2025,,いわきFC,藤枝MYFC,H,D,0.3053814201533629,0.38318908370261373,0.3114294961440233
16,31872,2025-11-02,2025,,大宮,秋田,H,H,0.29401063352141243,0.3505882989829725,0.35540106749561495
16,31873,2025-11-02,2025,,千葉,札幌,H,D,0.29025842406591484,0.4010108040212548,0.3087307719128304
16,31874,2025-11-02,2025,,甲府,水戸,A,A,0.5064726356847022,0.23193758086167152,0.2615897834536262
16,31875,2025-11-02,2025,,富山,愛媛FC,D,A,0.47194658060080763,0.26533474067989926,0.26271867871929305
16,31876,2025-11-02,2025,,磐田,V・ファーレン長崎,H,A,0.33699692424514266,0.3264548051273579,0.33654827062749954
16,31877,2025-11-02,2025,,FC今治,仙台,H,D,0.29427686753218035,0.40864296413001133,0.29708016833780837
16,31878,2025-11-02,2025,,鳥栖,徳島,D,H,0.2780750153451885,0.32677599304185273,0.3951489916129587
16,31879,2025-11-02,2025,,熊本,レノファ山口FC,A,A,0.37363192896469277,0.32945833255593726,0.29690973847937
16,31880,2025-11-02,2025,,大分,山形,A,A,0.4482251983141805,0.2820440687936965,0.26973073289212307
16,32171,2025-11-02,2025,,福島ユナイテッドFC,FC大阪,A,H,0.31965408792770866,0.31777745924199097,0.3625684528303003
16,32172,2025-11-02,2025,,栃木SC,FC岐阜,A,H,0.3562947021889767,0.26117879675603833,0.382526501054985
16,32173,2025-11-02,2025,,AC長野パルセイロ,高知ユナイテッドSC,A,H,0.31662688240122455,0.32989797363519774,0.3534751439635778
16,32174,2025-11-02,2025,,ツエーゲン金沢,群馬,A,H,0.2890270870172537,0.3138717723703273,0.3971011406124189
16,32175,2025-11-02,2025,,アスルクラロ沼津,SC相模原,D,H,0.2976305613625186,0.31776797373412746,0.38460146490335406
16,32176,2025-11-02,2025,,カマタマーレ讃岐,ガイナーレ鳥取,A,D,0.30130112452823715,0.3773588383653383,0.32134003710642456
16,32177,2025-11-02,2025,,テゲバジャーロ宮崎,奈良クラブ,D,A,0.34949487047807104,0.30718975430398504,0.34331537521794403
16,32178,2025-11-02,2025,,鹿児島ユナイテッドFC,松本山雅FC,H,D,0.2838909630868397,0.39638642699752563,0.3197226099156347
16,32180,2025-11-02,2025,,ヴァンラーレ八戸,ギラヴァンツ北九州,A,H,0.30518736246529693,0.33713620052776955,0.3576764370069335
16,32179,2025-11-03,2025,,FC琉球,栃木シティ,D,H,0.2607267215000248,0.36892627897336666,0.3703469995266086
16,32145,2025-11-05,2025,,松本山雅FC,テゲバジャーロ宮崎,A,A,0.3703286635018245,0.31698097057849184,0.3126903659196838
16,31881,2025-11-08,2025,,札幌,大分,H,H,0.3203254268633284,0.31112511225056616,0.3685494608861055
16,31882,2025-11-08,2025,,愛媛FC,V・ファーレン長崎,A,A,0.3570528609585938,0.30024700573433544,0.3427001333070708
16,32181,2025-11-08,2025,,栃木シティ,カマタマーレ讃岐,H,H,0.30430216850548997,0.330234158652477,0.36546367284203307
16,32182,2025-11-08,2025,,奈良クラブ,ヴァンラーレ八戸,D,H,0.3123598899412035,0.3314138242025107,0.3562262858562859
16,32501,2025-11-08,2025,,鹿島,横浜FC,H,D,0.3187866627557928,0.36507021125170985,0.3161431259924973
16,32502,2025-11-08,2025,,柏,名古屋,H,D,0.30339701336856445,0.36016280608549306,0.33644018054594255
16,32503,2025-11-08,2025,,東京V,福岡,D,A,0.3659505589064556,0.27216312336260784,0.36188631773093655
16,32504,2025-11-08,2025,,川崎F,岡山,D,D,0.27649745463447395,0.3788455238558475,0.34465702150967864
16,32505,2025-11-08,2025,,湘南,新潟,H,D,0.29165521585391796,0.3657090657087486,0.3426357184373334
16,31883,2025-11-09,2025,,秋田,いわきFC,H,H,0.3360550710234905,0.2528255416160227,0.4111193873604867
16,31884,2025-11-09,2025,,山形,FC今治,H,D,0.29888233807004333,0.3649478511255276,0.3361698108044291
16,31885,2025-11-09,2025,,水戸,大宮,A,H,0.28537375151414757,0.32128043050604305,0.39334581797980944
16,31886,2025-11-09,2025,,千葉,藤枝MYFC,D,H,0.30872605881564275,0.3323799867233488,0.3588939544610086
16,31887,2025-11-09,2025,,富山,鳥栖,H,D,0.29341225686711897,0.35885734591849255,0.34773039721438853
16,31888,2025-11-09,2025,,レノファ山口FC,磐田,A,H,0.33741876111026947,0.2862518309181474,0.37632940797158304
16,31889,2025-11-09,2025,,徳島,甲府,H,H,0.3157679572040077,0.31862913582982294,0.36560290696616937
16,31890,2025-11-09,2025,,仙台,熊本,H,D,0.2643030847827036,0.38039239737838504,0.3553045178389115
16,32183,2025-11-09,2025,,栃木SC,鹿児島ユナイテッドFC,H,A,0.3901528821322313,0.25515382617994287,0.3546932916878259
16,32184,2025-11-09,2025,,SC相模原,ツエーゲン金沢,H,A,0.3804620677274016,0.31849025906726275,0.30104767320533565
16,32185,2025-11-09,2025,,FC岐阜,ガイナーレ鳥取,A,D,0.3294027635016343,0.3580204723698424,0.31257676412852325
16,32186,2025-11-09,2025,,高知ユナイテッドSC,松本山雅FC,A,A,0.33389871726558146,0.3334465770309297,0.33265470570348893
16,32187,2025-11-09,2025,,ギラヴァンツ北九州,福島ユナイテッドFC,A,H,0.29740656703474866,0.2953651450612693,0.40722828790398197
16,32188,2025-11-09,2025,,テゲバジャーロ宮崎,群馬,A,A,0.40700956005674516,0.3029146730838332,0.29007576685942166
16,32189,2025-11-09,2025,,FC琉球,アスルクラロ沼津,A,H,0.32405437955010963,0.31484047593561587,0.36110514451427456
16,32506,2025-11-09,2025,,清水,C大阪,A,H,0.3211575876898895,0.29877015384238076,0.3800722584677298
16,32507,2025-11-09,2025,,京都,横浜FM,A,D,0.31210002916234214,0.34563393832904415,0.3422660325086138
16,32508,2025-11-09,2025,,G大阪,神戸,D,H,0.2915132243524457,0.3445134472296202,0.3639733284179343
16,32509,2025-11-09,2025,,広島,浦和,H,H,0.34586791207458123,0.3069316915594756,0.3472003963659432
16,32510,2025-11-09,2025,,町田,FC東京,A,A,0.38459380790956127,0.29644158283660815,0.31896460925383063
16,32190,2025-11-10,2025,,FC大阪,AC長野パルセイロ,H,A,0.3451808758727328,0.32037924546252694,0.3344398786647403
16,32192,2025-11-15,2025,,AC長野パルセイロ,テゲバジャーロ宮崎,A,A,0.3979502236390318,0.31266462518794563,0.2893851511730226
16,32193,2025-11-15,2025,,FC岐阜,栃木シティ,H,H,0.2729810595885311,0.36005765494144815,0.36696128547002077
16,32194,2025-11-15,2025,,高知ユナイテッドSC,ヴァンラーレ八戸,D,D,0.3008943716619362,0.3554934279619811,0.34361220037608275
16,32191,2025-11-16,2025,,松本山雅FC,FC大阪,D,H,0.2949386622408881,0.348322545783502,0.35673879197560987
16,32195,2025-11-16,2025,,福島ユナイテッドFC,奈良クラブ,H,D,0.2158663754861498,0.4143936409454472,0.369739983568403
16,32196,2025-11-16,2025,,SC相模原,FC琉球,H,H,0.287446388989914,0.3491488798114979,0.3634047311985881
16,32197,2025-11-16,2025,,ツエーゲン金沢,栃木SC,H,D,0.2839929762996294,0.3672621801381056,0.34874484356226515
16,32198,2025-11-16,2025,,アスルクラロ沼津,群馬,A,H,0.2553748762925901,0.296593004127705,0.44803211957970485
16,32199,2025-11-16,2025,,ガイナーレ鳥取,ギラヴァンツ北九州,H,A,0.42182764266949097,0.3104170497139685,0.26775530761654054
16,32200,2025-11-16,2025,,カマタマーレ讃岐,鹿児島ユナイテッドFC,D,A,0.3624226259217958,0.35636599760400706,0.28121137647419714
16,31891,2025-11-23,2025,,秋田,仙台,D,A,0.3570064012445046,0.349181335923925,0.2938122628315704
16,31892,2025-11-23,2025,,いわきFC,レノファ山口FC,D,A,0.41640904312309823,0.29273566046779653,0.2908552964091051
16,31893,2025-11-23,2025,,大宮,徳島,A,H,0.36423583550395155,0.2683195806726314,0.3674445838234171
16,31894,2025-11-23,2025,,甲府,富山,A,A,0.3486216025389935,0.3185464675284635,0.332831929932543
16,31895,2025-11-23,2025,,磐田,山形,D,H,0.31192859063910056,0.33558533469426227,0.3524860746666371
16,31896,2025-11-23,2025,,藤枝MYFC,鳥栖,D,A,0.43190749047964816,0.29036621045851907,0.2777262990618327
16,31897,2025-11-23,2025,,愛媛FC,熊本,D,H,0.30795701719767876,0.28782944488603407,0.4042135379162872
16,31898,2025-11-23,2025,,FC今治,札幌,D,H,0.2689932312703996,0.3346791944556008,0.3963275742739996
16,31899,2025-11-23,2025,,V・ファーレン長崎,水戸,H,D,0.2881276136435241,0.372692258431095,0.33918012792538094
16,31900,2025-11-23,2025,,大分,千葉,A,A,0.4597909395050881,0.2919012089427142,0.24830785155219778
16,32201,2025-11-23,2025,,ヴァンラーレ八戸,カマタマーレ讃岐,A,H,0.27671687036669473,0.3238608746410245,0.3994222549922809
16,32202,2025-11-23,2025,,栃木SC,ガイナーレ鳥取,H,A,0.36025603150062196,0.30154925183006537,0.3381947166693127
16,32203,2025-11-23,2025,,栃木シティ,AC長野パルセイロ,H,H,0.33024756110375814,0.3232374508851364,0.34651498801110553
16,32204,2025-11-23,2025,,群馬,松本山雅FC,H,H,0.3390777300478625,0.3107352663573944,0.35018700359474303
16,32205,2025-11-23,2025,,アスルクラロ沼津,福島ユナイテッドFC,A,H,0.29717194271235764,0.3249496473246628,0.3778784099629795
16,32206,2025-11-23,2025,,ギラヴァンツ北九州,ツエーゲン金沢,H,H,0.3048267939490968,0.3072184593077544,0.38795474674314884
16,32207,2025-11-23,2025,,テゲバジャーロ宮崎,FC岐阜,H,H,0.3265003446660652,0.3365894472043017,0.3369102081296332
16,32208,2025-11-23,2025,,鹿児島ユナイテッドFC,FC琉球,D,A,0.3405932854044389,0.33356562287021335,0.3258410917253478
16,32209,2025-11-24,2025,,FC大阪,高知ユナイテッドSC,H,H,0.2882643564234336,0.31558829542455796,0.3961473481520083
16,32210,2025-11-24,2025,,奈良クラブ,SC相模原,H,D,0.33028418677739785,0.33543606344619864,0.33427974977640357
16,31901,2025-11-29,2025,,札幌,愛媛FC,H,H,0.28653061407425,0.34610004547659046,0.3673693404491596
16,31902,2025-11-29,2025,,仙台,いわきFC,A,D,0.30203736124461555,0.3612941200383143,0.33666851871707
16,31903,2025-11-29,2025,,山形,藤枝MYFC,H,D,0.3321515162798055,0.37052601127634693,0.29732247244384746
16,31904,2025-11-29,2025,,水戸,大分,H,H,0.3450566375946576,0.3036437913527801,0.3512995710525624
16,31905,2025-11-29,2025,,千葉,FC今治,H,A,0.38118278831296865,0.28368160342211324,0.3351356082649182
16,31906,2025-11-29,2025,,富山,秋田,H,H,0.24850928234281752,0.28965722154777107,0.46183349610941143
16,31907,2025-11-29,2025,,レノファ山口FC,大宮,H,A,0.35320648930101245,0.29393900497997516,0.35285450571901245
16,31908,2025-11-29,2025,,徳島,V・ファーレン長崎,D,H,0.33127953784807956,0.3126157601861947,0.35610470196572575
16,31909,2025-11-29,2025,,鳥栖,磐田,A,A,0.38188486222902773,0.31493779224028773,0.3031773455306846
16,31910,2025-11-29,2025,,熊本,甲府,D,D,0.29575511688417166,0.35621144285004014,0.34803344026578825
16,32211,2025-11-29,2025,,福島ユナイテッドFC,テゲバジャーロ宮崎,H,A,0.3558464568059055,0.3091064699854738,0.33504707320862076
16,32212,2025-11-29,2025,,SC相模原,栃木シティ,A,A,0.41976065689787584,0.3098262181775139,0.27041312492461034
16,32213,2025-11-29,2025,,松本山雅FC,ギラヴァンツ北九州,H,H,0.29559232906119476,0.3138466227649108,0.3905610481738944
16,32214,2025-11-29,2025,,AC長野パルセイロ,栃木SC,A,H,0.3361189787215212,0.3090814316495645,0.3547995896289144
16,32215,2025-11-29,2025,,ツエーゲン金沢,鹿児島ユナイテッドFC,H,H,0.279341875453974,0.30185144275644965,0.41880668178957636
16,32216,2025-11-29,2025,,FC岐阜,FC大阪,A,H,0.3145433814473702,0.3113819823051894,0.3740746362474404
16,32217,2025-11-29,2025,,ガイナーレ鳥取,奈良クラブ,H,D,0.30022624836260264,0.37204913358200165,0.3277246180553959
16,32218,2025-11-29,2025,,カマタマーレ讃岐,アスルクラロ沼津,H,D,0.3031484999875042,0.3497393438063585,0.34711215620613733
16,32219,2025-11-29,2025,,高知ユナイテッドSC,群馬,A,H,0.27374492724612115,0.3505019834358445,0.3757530893180344
16,32220,2025-11-29,2025,,FC琉球,ヴァンラーレ八戸,D,D,0.28234661097746144,0.3662683178397319,0.3513850711828066
16,32511,2025-11-30,2025,,東京V,鹿島,A,H,0.2672941856671355,0.3249825020266071,0.4077233123062575
16,32512,2025-11-30,2025,,町田,名古屋,H,A,0.4318632092509156,0.19461106876059486,0.37352572198848943
16,32513,2025-11-30,2025,,川崎F,広島,A,A,0.3729602916912182,0.29910437103170706,0.32793533727707486
16,32514,2025-11-30,2025,,横浜FM,C大阪,H,H,0.3339758461656806,0.3278624195784307,0.33816173425588875
16,32515,2025-11-30,2025,,横浜FC,京都,A,A,0.4301294929166374,0.29395302633034465,0.27591748075301803
16,32516,2025-11-30,2025,,湘南,清水,H,D,0.3166418971874794,0.3455193519017454,0.3378387509107752
16,32517,2025-11-30,2025,,新潟,柏,A,H,0.29015423122556244,0.354180216037822,0.35566555273661543
16,32518,2025-11-30,2025,,神戸,FC東京,D,H,0.29285208223529663,0.30028990606342126,0.40685801170128205
16,32519,2025-11-30,2025,,岡山,浦和,A,A,0.4286816362074266,0.18550459682783085,0.38581376696474246
16,32520,2025-11-30,2025,,福岡,G大阪,H,A,0.5820343458493633,0.20350883884786602,0.21445681530277072
16,32521,2025-12-06,2025,,鹿島,横浜FM,H,H,0.28679079461986645,0.2936094474212115,0.419599757958922
16,32522,2025-12-06,2025,,浦和,川崎F,H,D,0.3366501314453438,0.3497974072478585,0.3135524613067977
16,32523,2025-12-06,2025,,柏,町田,H,H,0.3258521754044291,0.31339584906458734,0.3607519755309835
16,32524,2025-12-06,2025,,FC東京,新潟,D,D,0.24319506329044988,0.40833118725164796,0.34847374945790216
16,32525,2025-12-06,2025,,清水,岡山,A,A,0.3943217353278146,0.27349993605640716,0.3321783286157781
16,32526,2025-12-06,2025,,名古屋,福岡,H,D,0.3106333235307777,0.40571443518956474,0.28365224127965755
16,32527,2025-12-06,2025,,京都,神戸,H,D,0.2802055805306164,0.3626488076664502,0.3571456118029334
16,32528,2025-12-06,2025,,G大阪,東京V,H,H,0.3310591440489184,0.3296533447814861,0.3392875111695956
16,32529,2025-12-06,2025,,C大阪,横浜FC,A,A,0.38111600170828075,0.27123247992849714,0.347651518363222
16,32530,2025-12-06,2025,,広島,湘南,H,H,0.3411127250359939,0.2872140981791656,0.37167317678484046
